Datetime,Location,air_temp,azimuth,ghi,wind_speed_10m,zenith
2026-09-30T09:15:00+05:30,Anuradhapura_NorthCentral,30.7,103.52971895540293,610.0,5.84,42.23100952414514
2026-09-30T09:30:00+05:30,Anuradhapura_NorthCentral,31.0,105.1576899288525,666.0,5.78,38.6360450737262
2026-09-30T09:45:00+05:30,Anuradhapura_NorthCentral,31.4,107.08190891672757,723.0,5.83,35.071290131688556
2026-09-30T10:00:00+05:30,Anuradhapura_NorthCentral,31.7,109.4000141702279,774.0,5.91,31.547055088320143
2026-09-30T10:15:00+05:30,Anuradhapura_NorthCentral,32.1,112.25400799966485,812.0,5.99,28.078666974913574
2026-09-30T10:30:00+05:30,Anuradhapura_NorthCentral,32.4,115.85595146930336,837.0,6.03,24.689737116365876
2026-09-30T10:45:00+05:30,Anuradhapura_NorthCentral,32.6,120.53001206129863,852.0,6.01,21.41807945154602
2026-09-30T11:00:00+05:30,Anuradhapura_NorthCentral,32.9,126.77721159585718,865.0,5.95,18.32666879540885
2026-09-30T11:15:00+05:30,Anuradhapura_NorthCentral,33.1,135.351774975081,879.0,5.88,15.523624061704169
2026-09-30T11:30:00+05:30,Anuradhapura_NorthCentral,33.3,147.24173048279215,893.0,5.83,13.194084810070976
2026-09-30T11:45:00+05:30,Anuradhapura_NorthCentral,33.5,163.1546900263785,905.0,5.77,11.626293159691443
2026-09-30T12:00:00+05:30,Anuradhapura_NorthCentral,33.7,182.0615754023991,913.0,5.76,11.146478118988767
2026-09-30T12:15:00+05:30,Anuradhapura_NorthCentral,33.8,200.54202623784226,918.0,5.71,11.887134118033146
2026-09-30T12:30:00+05:30,Anuradhapura_NorthCentral,34.0,215.572425010673,924.0,5.73,13.651025745949354
2026-09-30T12:45:00+05:30,Anuradhapura_NorthCentral,34.1,226.64913929258796,925.0,5.73,16.10537507108846
2026-09-30T13:00:00+05:30,Anuradhapura_NorthCentral,34.1,234.63408923539322,913.0,5.73,18.984226818842217
2026-09-30T13:15:00+05:30,Anuradhapura_NorthCentral,34.2,240.4810150875604,881.0,5.77,22.122443700929537
2026-09-30T13:30:00+05:30,Anuradhapura_NorthCentral,34.1,244.88359569833273,832.0,5.79,25.42412989763261
2026-09-30T13:45:00+05:30,Anuradhapura_NorthCentral,33.9,248.29740259799848,772.0,5.88,28.833146922173228
2026-09-30T14:00:00+05:30,Anuradhapura_NorthCentral,33.6,251.0173361968105,708.0,6.04,32.315506143634934
2026-09-30T14:15:00+05:30,Anuradhapura_NorthCentral,33.2,253.23718206500766,643.0,6.17,35.849799617759096
2026-09-30T14:30:00+05:30,Anuradhapura_NorthCentral,32.9,255.08744277571367,570.0,6.17,39.42201724865508
2026-09-30T14:45:00+05:30,Anuradhapura_NorthCentral,32.6,256.65836780022164,499.0,5.99,43.022666888093255
2026-09-30T15:00:00+05:30,Anuradhapura_NorthCentral,32.3,258.01399677165364,439.0,5.71,46.64511569811416
2026-09-30T15:15:00+05:30,Anuradhapura_NorthCentral,32.0,259.20087513297057,399.0,5.41,50.284600413527464
2026-09-30T15:30:00+05:30,Anuradhapura_NorthCentral,31.7,260.2535895421963,375.0,5.24,53.93761769627175
2026-09-30T15:45:00+05:30,Anuradhapura_NorthCentral,31.6,261.19836909127105,355.0,5.32,57.60153474535146
2026-09-30T16:00:00+05:30,Anuradhapura_NorthCentral,31.5,262.0554850206298,331.0,5.48,61.27433395279472
2026-09-30T16:15:00+05:30,Anuradhapura_NorthCentral,31.4,262.84088694966175,295.0,5.62,64.95444250650492
2026-09-30T16:30:00+05:30,Anuradhapura_NorthCentral,31.2,263.56734246592043,255.0,5.71,68.64061391131717
2026-09-30T16:45:00+05:30,Anuradhapura_NorthCentral,31.0,264.2452478151922,213.0,5.7,72.33184448178213
2026-09-30T17:00:00+05:30,Anuradhapura_NorthCentral,30.7,264.88321688239944,169.0,5.55,76.02731473197215
2026-09-30T17:15:00+05:30,Anuradhapura_NorthCentral,30.5,265.48851783927853,124.0,5.42,79.72634524872787
2026-09-30T17:30:00+05:30,Anuradhapura_NorthCentral,30.2,266.067404599823,80.0,5.27,83.42836362051318
2026-09-30T17:45:00+05:30,Anuradhapura_NorthCentral,29.9,266.62537540135673,40.0,5.12,87.13288060221035
2026-09-30T18:00:00+05:30,Anuradhapura_NorthCentral,29.5,267.1673807313721,9.0,4.9,90.83947025885753
2026-09-30T18:15:00+05:30,Anuradhapura_NorthCentral,29.2,267.6979975487834,0.0,4.71,94.54775393940919
2026-09-30T18:30:00+05:30,Anuradhapura_NorthCentral,28.9,268.2215829509593,0.0,4.56,98.25738838303445
2026-09-30T18:45:00+05:30,Anuradhapura_NorthCentral,28.7,268.74241771505444,0.0,4.44,101.96805404280916
2026-09-30T19:00:00+05:30,Anuradhapura_NorthCentral,28.6,269.26485001855156,0.0,4.36,105.6794443418092
2026-09-30T19:15:00+05:30,Anuradhapura_NorthCentral,28.4,269.793450060428,0.0,4.28,109.39125664181181
2026-09-30T19:30:00+05:30,Anuradhapura_NorthCentral,28.3,270.3331874852618,0.0,4.21,113.10318119804845
2026-09-30T19:45:00+05:30,Anuradhapura_NorthCentral,28.1,270.88964770566173,0.0,4.14,116.81488872213752
2026-09-30T20:00:00+05:30,Anuradhapura_NorthCentral,27.9,271.4693094178955,0.0,4.04,120.52601692534436
2026-09-30T20:15:00+05:30,Anuradhapura_NorthCentral,27.8,272.0799152418961,0.0,3.98,124.23615145257793
2026-09-30T20:30:00+05:30,Anuradhapura_NorthCentral,27.6,272.73098518355465,0.0,3.95,127.94480031956319
2026-09-30T20:45:00+05:30,Anuradhapura_NorthCentral,27.5,273.43455171364496,0.0,3.93,131.6513595869124
2026-09-30T21:00:00+05:30,Anuradhapura_NorthCentral,27.4,274.2062449402357,0.0,3.94,135.3550611330375
2026-09-30T21:15:00+05:30,Anuradhapura_NorthCentral,27.3,275.06694759847016,0.0,3.92,139.0548935323665
2026-09-30T21:30:00+05:30,Anuradhapura_NorthCentral,27.2,276.0454088598559,0.0,3.94,142.74947888575852
2026-09-30T21:45:00+05:30,Anuradhapura_NorthCentral,27.1,277.1825353345514,0.0,3.91,146.43686791502762
2026-09-30T22:00:00+05:30,Anuradhapura_NorthCentral,27.0,278.53875842955983,0.0,3.88,150.114186698357
2026-09-30T22:15:00+05:30,Anuradhapura_NorthCentral,26.9,280.20736508666016,0.0,3.86,153.77699420982302
2026-09-30T22:30:00+05:30,Anuradhapura_NorthCentral,26.8,282.3401695838523,0.0,3.86,157.41802761154696
2026-09-30T22:45:00+05:30,Anuradhapura_NorthCentral,26.8,285.20080037121625,0.0,3.86,161.02454951210757
2026-09-30T23:00:00+05:30,Anuradhapura_NorthCentral,26.7,289.28568848724444,0.0,3.82,164.57213966209645
2026-09-30T23:15:00+05:30,Anuradhapura_NorthCentral,26.6,295.62817828768,0.0,3.84,168.00818117085197
2026-09-30T23:30:00+05:30,Anuradhapura_NorthCentral,26.6,306.6277514711777,0.0,3.84,171.20080789778478
2026-09-30T23:45:00+05:30,Anuradhapura_NorthCentral,26.5,327.93144242799747,0.0,3.93,173.76402690222682
2026-10-01T00:00:00+05:30,Anuradhapura_NorthCentral,26.4,4.752848979326416,0.0,4.08,174.6906146272622
2026-10-01T00:15:00+05:30,Anuradhapura_NorthCentral,26.4,38.49264538423023,0.0,4.17,173.2670682330723
2026-10-01T00:30:00+05:30,Anuradhapura_NorthCentral,26.3,56.68012561642104,0.0,4.25,170.49660404037098
2026-10-01T00:45:00+05:30,Anuradhapura_NorthCentral,26.2,66.25705911916606,0.0,4.3,167.22762060446678
2026-10-01T01:00:00+05:30,Anuradhapura_NorthCentral,26.1,71.93558826566073,0.0,4.27,163.7585043018188
2026-10-01T01:15:00+05:30,Anuradhapura_NorthCentral,26.1,75.67333589689599,0.0,4.21,160.1942633819656
2026-10-01T01:30:00+05:30,Anuradhapura_NorthCentral,26.0,78.33379040226384,0.0,4.16,156.5784164829908
2026-10-01T01:45:00+05:30,Anuradhapura_NorthCentral,25.9,80.34222492436714,0.0,4.06,152.93177659697793
2026-10-01T02:00:00+05:30,Anuradhapura_NorthCentral,25.8,81.9291403290141,0.0,3.87,149.26544972887766
2026-10-01T02:15:00+05:30,Anuradhapura_NorthCentral,25.7,83.22946022508995,0.0,3.69,145.5858823668904
2026-10-01T02:30:00+05:30,Anuradhapura_NorthCentral,25.6,84.3271964013179,0.0,3.61,141.89707382266764
2026-10-01T02:45:00+05:30,Anuradhapura_NorthCentral,25.6,85.27737171985575,0.0,3.59,138.201642826718
2026-10-01T03:00:00+05:30,Anuradhapura_NorthCentral,25.5,86.11758093944457,0.0,3.65,134.50138488552068
2026-10-01T03:15:00+05:30,Anuradhapura_NorthCentral,25.5,86.87446352932062,0.0,3.73,130.79758230912688
2026-10-01T03:30:00+05:30,Anuradhapura_NorthCentral,25.5,87.56751561197598,0.0,3.74,127.09118467878602
2026-10-01T03:45:00+05:30,Anuradhapura_NorthCentral,25.4,88.21143370679357,0.0,3.67,123.38292071741786
2026-10-01T04:00:00+05:30,Anuradhapura_NorthCentral,25.4,88.81761159417397,0.0,3.54,119.67336998574508
2026-10-01T04:15:00+05:30,Anuradhapura_NorthCentral,25.4,89.39512974143616,0.0,3.41,115.96300918441085
2026-10-01T04:30:00+05:30,Anuradhapura_NorthCentral,25.3,89.95143024546292,0.0,3.37,112.25224527297681
2026-10-01T04:45:00+05:30,Anuradhapura_NorthCentral,25.3,90.49279220896852,0.0,3.4,108.54143939336052
2026-10-01T05:00:00+05:30,Anuradhapura_NorthCentral,25.3,91.02467812171489,0.0,3.55,104.83092347796011
2026-10-01T05:15:00+05:30,Anuradhapura_NorthCentral,25.2,91.55199554815954,0.0,3.76,101.12101470065244
2026-10-01T05:30:00+05:30,Anuradhapura_NorthCentral,25.2,92.07930389146236,0.0,3.86,97.41202774851882
2026-10-01T05:45:00+05:30,Anuradhapura_NorthCentral,25.2,92.61098683026694,0.0,3.65,93.7042844901098
2026-10-01T06:00:00+05:30,Anuradhapura_NorthCentral,25.1,93.15140494583164,0.0,3.32,89.99812486304914
2026-10-01T06:15:00+05:30,Anuradhapura_NorthCentral,25.1,93.70504059430039,14.0,3.1,86.2939182440236
2026-10-01T06:30:00+05:30,Anuradhapura_NorthCentral,25.2,94.27664566236024,45.0,3.03,82.59207455335077
2026-10-01T06:45:00+05:30,Anuradhapura_NorthCentral,25.5,94.87140207161423,84.0,3.11,78.89305892044472
2026-10-01T07:00:00+05:30,Anuradhapura_NorthCentral,25.8,95.4951066426301,128.0,3.32,75.19740944929005
2026-10-01T07:15:00+05:30,Anuradhapura_NorthCentral,26.2,96.15439448149493,175.0,3.53,71.50575795145168
2026-10-01T07:30:00+05:30,Anuradhapura_NorthCentral,26.5,96.85701859019719,221.0,3.76,67.8188584830367
2026-10-01T07:45:00+05:30,Anuradhapura_NorthCentral,26.9,97.61221086735111,268.0,3.94,64.13762481701109
2026-10-01T08:00:00+05:30,Anuradhapura_NorthCentral,27.3,98.43116034332957,315.0,4.17,60.46317920721691
2026-10-01T08:15:00+05:30,Anuradhapura_NorthCentral,27.7,99.32766007896055,361.0,4.35,56.79692110232648
2026-10-01T08:30:00+05:30,Anuradhapura_NorthCentral,28.1,100.31900084303862,403.0,4.35,53.140622998811295
2026-10-01T08:45:00+05:30,Anuradhapura_NorthCentral,28.5,101.42723132380308,443.0,4.08,49.49656548584866
2026-10-01T09:00:00+05:30,Anuradhapura_NorthCentral,28.9,102.68097094699806,482.0,3.68,45.867736025066
2026-10-01T09:15:00+05:30,Anuradhapura_NorthCentral,29.3,104.11807421884475,520.0,3.22,42.25812536247889
2026-10-01T09:30:00+05:30,Anuradhapura_NorthCentral,29.7,105.78963489535465,553.0,2.89,38.67317976215724
2026-10-01T09:45:00+05:30,Anuradhapura_NorthCentral,30.1,107.76614050263424,586.0,2.75,35.12051550543786
2026-10-01T10:00:00+05:30,Anuradhapura_NorthCentral,30.6,110.14714638807493,624.0,2.71,31.611079520805013
2026-10-01T10:15:00+05:30,Anuradhapura_NorthCentral,31.0,113.07678117525296,677.0,2.66,28.161096673528142
2026-10-01T10:30:00+05:30,Anuradhapura_NorthCentral,31.4,116.7688594558706,750.0,2.62,24.795453456504006
2026-10-01T10:45:00+05:30,Anuradhapura_NorthCentral,31.8,121.54702005971677,830.0,2.5,21.55375194883601
2026-10-01T11:00:00+05:30,Anuradhapura_NorthCentral,32.2,127.90388663955332,898.0,2.37,18.501310720367982
2026-10-01T11:15:00+05:30,Anuradhapura_NorthCentral,32.5,136.5627786225632,939.0,2.2,15.748617477103267
2026-10-01T11:30:00+05:30,Anuradhapura_NorthCentral,32.8,148.42935472956458,956.0,2.07,13.480609727318452
2026-10-01T11:45:00+05:30,Anuradhapura_NorthCentral,33.1,164.0680823251589,956.0,1.93,11.975935743346241
2026-10-01T12:00:00+05:30,Anuradhapura_NorthCentral,33.4,182.40006594091054,944.0,1.81,11.537247586036841
2026-10-01T12:15:00+05:30,Anuradhapura_NorthCentral,33.6,200.26756263042182,925.0,1.7,12.27933891564686
2026-10-01T12:30:00+05:30,Anuradhapura_NorthCentral,33.8,214.9245258491352,893.0,1.63,14.0158885225203
2026-10-01T12:45:00+05:30,Anuradhapura_NorthCentral,33.8,225.86128926710344,852.0,1.56,16.434612637039265
2026-10-01T13:00:00+05:30,Anuradhapura_NorthCentral,33.8,233.8304961772434,806.0,1.58,19.280440929440317
2026-10-01T13:15:00+05:30,Anuradhapura_NorthCentral,33.6,239.711559481775,758.0,1.57,22.39108463876549
2026-10-01T13:30:00+05:30,Anuradhapura_NorthCentral,33.5,244.16351364276875,705.0,1.52,25.670425620578925
2026-10-01T13:45:00+05:30,Anuradhapura_NorthCentral,33.4,247.62791161015983,649.0,1.26,29.061378092090365
2026-10-01T14:00:00+05:30,Anuradhapura_NorthCentral,33.2,250.39455600081152,594.0,1.05,32.52902065714618
2026-10-01T14:15:00+05:30,Anuradhapura_NorthCentral,33.0,252.6557607378422,541.0,1.2,36.05119250999953
2026-10-01T14:30:00+05:30,Anuradhapura_NorthCentral,32.8,254.54196695537883,490.0,1.46,39.613310533072585
2026-10-01T14:45:00+05:30,Anuradhapura_NorthCentral,32.8,256.1438636010958,440.0,1.71,43.205453258821144
2026-10-01T15:00:00+05:30,Anuradhapura_NorthCentral,32.9,257.52606230630215,393.0,2.26,46.820665957649865
2026-10-01T15:15:00+05:30,Anuradhapura_NorthCentral,32.8,258.7356690190726,349.0,2.81,50.453942203880125
2026-10-01T15:30:00+05:30,Anuradhapura_NorthCentral,32.3,259.8077687396382,309.0,3.16,54.10159311835332
2026-10-01T15:45:00+05:30,Anuradhapura_NorthCentral,30.9,260.7690144049385,272.0,3.18,57.76084282860034
2026-10-01T16:00:00+05:30,Anuradhapura_NorthCentral,28.9,261.6400292592782,234.0,3.3,61.42956229199592
2026-10-01T16:15:00+05:30,Anuradhapura_NorthCentral,27.0,262.4370508053006,193.0,3.7,65.10609113556092
2026-10-01T16:30:00+05:30,Anuradhapura_NorthCentral,25.6,263.17307901307214,151.0,3.89,68.78911357106031
2026-10-01T16:45:00+05:30,Anuradhapura_NorthCentral,25.1,263.85869490385073,113.0,3.41,72.47757080838299
2026-10-01T17:00:00+05:30,Anuradhapura_NorthCentral,25.2,264.50265614584305,81.0,2.44,76.17059945168948
2026-10-01T17:15:00+05:30,Anuradhapura_NorthCentral,25.4,265.11233892669907,55.0,1.5,79.86748517356642
2026-10-01T17:30:00+05:30,Anuradhapura_NorthCentral,25.6,265.6940733070649,35.0,1.0,83.5676280171502
2026-10-01T17:45:00+05:30,Anuradhapura_NorthCentral,25.6,266.25340447502833,18.0,0.78,87.27051737904485
2026-10-01T18:00:00+05:30,Anuradhapura_NorthCentral,25.7,266.79530219615464,4.0,0.5,90.97571130034865
2026-10-01T18:15:00+05:30,Anuradhapura_NorthCentral,25.7,267.32433545063634,0.0,0.16,94.68281986674731
2026-10-01T18:30:00+05:30,Anuradhapura_NorthCentral,25.8,267.8448253823354,0.0,0.21,98.39149296919591
2026-10-01T18:45:00+05:30,Anuradhapura_NorthCentral,25.8,268.3609868905997,0.0,0.45,102.10140849375034
2026-10-01T19:00:00+05:30,Anuradhapura_NorthCentral,25.8,268.8770689783098,0.0,0.67,105.81226165191407
2026-10-01T19:15:00+05:30,Anuradhapura_NorthCentral,25.8,269.3975042567671,0.0,0.84,109.52375624882727
2026-10-01T19:30:00+05:30,Anuradhapura_NorthCentral,25.8,269.92707902320814,0.0,0.95,113.23559419908808
2026-10-01T19:45:00+05:30,Anuradhapura_NorthCentral,25.8,270.47113927111235,0.0,0.93,116.94746399060452
2026-10-01T20:00:00+05:30,Anuradhapura_NorthCentral,25.8,271.03585381679454,0.0,0.87,120.65902856381757
2026-10-01T20:15:00+05:30,Anuradhapura_NorthCentral,25.8,271.62856482366635,0.0,0.81,124.36990820949805
2026-10-01T20:30:00+05:30,Anuradhapura_NorthCentral,25.8,272.2582728899918,0.0,0.75,128.07965786610342
2026-10-01T20:45:00+05:30,Anuradhapura_NorthCentral,25.7,272.93633157323586,0.0,0.76,131.78773700216254
2026-10-01T21:00:00+05:30,Anuradhapura_NorthCentral,25.7,273.67747368191647,0.0,0.84,135.49346367901626
2026-10-01T21:15:00+05:30,Anuradhapura_NorthCentral,25.7,274.50137917934717,0.0,0.87,139.19594503714583
2026-10-01T21:30:00+05:30,Anuradhapura_NorthCentral,25.6,275.43515758658,0.0,0.94,142.89396922111428
2026-10-01T21:45:00+05:30,Anuradhapura_NorthCentral,25.6,276.51743676900634,0.0,0.92,146.58582496090804
2026-10-01T22:00:00+05:30,Anuradhapura_NorthCentral,25.6,277.80541393000294,0.0,0.93,150.26898958374485
2026-10-01T22:15:00+05:30,Anuradhapura_NorthCentral,25.5,279.38768906418113,0.0,0.91,153.93955928724034
2026-10-01T22:30:00+05:30,Anuradhapura_NorthCentral,25.5,281.40918039858184,0.0,0.96,157.59112914824073
2026-10-01T22:45:00+05:30,Anuradhapura_NorthCentral,25.4,284.1234504461375,0.0,1.05,161.21240364391267
2026-10-01T23:00:00+05:30,Anuradhapura_NorthCentral,25.4,288.0136700384097,0.0,1.16,164.78152717254295
2026-10-01T23:15:00+05:30,Anuradhapura_NorthCentral,25.3,294.10599357223,0.0,1.26,168.2506601800335
2026-10-01T23:30:00+05:30,Anuradhapura_NorthCentral,25.3,304.87493145717644,0.0,1.36,171.4963107580419
2026-10-01T23:45:00+05:30,Anuradhapura_NorthCentral,25.2,326.6094107093372,0.0,1.35,174.13471407134972
2026-10-02T00:00:00+05:30,Anuradhapura_NorthCentral,25.2,6.061569945802717,0.0,1.35,175.0690058503854
2026-10-02T00:15:00+05:30,Anuradhapura_NorthCentral,25.1,41.174297880834615,0.0,1.35,173.51524624575467
2026-10-02T00:30:00+05:30,Anuradhapura_NorthCentral,25.1,58.93295589910764,0.0,1.36,170.63985870618893
2026-10-02T00:45:00+05:30,Anuradhapura_NorthCentral,25.0,68.01299796284047,0.0,1.44,167.31170721251823
2026-10-02T01:00:00+05:30,Anuradhapura_NorthCentral,25.0,73.34240880246648,0.0,1.6,163.8077256774738
2026-10-02T01:15:00+05:30,Anuradhapura_NorthCentral,25.0,76.83994536189073,0.0,1.7,160.22127483240536
2026-10-02T01:30:00+05:30,Anuradhapura_NorthCentral,25.0,79.32966436740242,0.0,1.74,156.59036857849134
2026-10-02T01:45:00+05:30,Anuradhapura_NorthCentral,24.9,81.21231644786434,0.0,1.66,152.93304109472712
2026-10-02T02:00:00+05:30,Anuradhapura_NorthCentral,24.9,82.70366241779652,0.0,1.53,149.25887850281583
2026-10-02T02:15:00+05:30,Anuradhapura_NorthCentral,24.9,83.92952230533808,0.0,1.33,145.57343617104402
2026-10-02T02:30:00+05:30,Anuradhapura_NorthCentral,24.9,84.96807156170058,0.0,1.22,141.88016035756465
2026-10-02T02:45:00+05:30,Anuradhapura_NorthCentral,24.9,85.87045372330624,0.0,1.18,138.1813103653563
2026-10-02T03:00:00+05:30,Anuradhapura_NorthCentral,24.9,86.67160079875453,0.0,1.25,134.47843925183207
2026-10-02T03:15:00+05:30,Anuradhapura_NorthCentral,24.8,87.3962731619983,0.0,1.29,130.77266083344605
2026-10-02T03:30:00+05:30,Anuradhapura_NorthCentral,24.8,88.06260930963015,0.0,1.29,127.06480482222503
2026-10-02T03:45:00+05:30,Anuradhapura_NorthCentral,24.8,88.68430552914094,0.0,1.29,123.35551317255775
2026-10-02T04:00:00+05:30,Anuradhapura_NorthCentral,24.8,89.27200698679457,0.0,1.26,119.64530194330715
2026-10-02T04:15:00+05:30,Anuradhapura_NorthCentral,24.7,89.83422715783098,0.0,1.23,115.93460118378859
2026-10-02T04:30:00+05:30,Anuradhapura_NorthCentral,24.7,90.3779754136342,0.0,1.21,112.22378378314866
2026-10-02T04:45:00+05:30,Anuradhapura_NorthCentral,24.6,90.90919975812574,0.0,1.14,108.51318650720495
2026-10-02T05:00:00+05:30,Anuradhapura_NorthCentral,24.6,91.43311039575082,0.0,1.07,104.80312464425894
2026-10-02T05:15:00+05:30,Anuradhapura_NorthCentral,24.6,91.95442535542657,0.0,1.07,101.09390513675544
2026-10-02T05:30:00+05:30,Anuradhapura_NorthCentral,24.6,92.47756594935385,0.0,1.05,97.38583799161356
2026-10-02T05:45:00+05:30,Anuradhapura_NorthCentral,24.6,93.00682137187249,0.0,1.12,93.67924544150218
2026-10-02T06:00:00+05:30,Anuradhapura_NorthCentral,24.6,93.54649612207447,0.0,1.26,89.97447261310268
2026-10-02T06:15:00+05:30,Anuradhapura_NorthCentral,24.7,94.10105176859878,16.0,1.44,86.27189892462256
2026-10-02T06:30:00+05:30,Anuradhapura_NorthCentral,24.8,94.67525337903197,52.0,1.59,82.57194946579236
2026-10-02T06:45:00+05:30,Anuradhapura_NorthCentral,25.1,95.27433033145638,98.0,1.69,78.87511018972872
2026-10-02T07:00:00+05:30,Anuradhapura_NorthCentral,25.6,95.90416310572346,151.0,1.84,75.1819465023003
2026-10-02T07:15:00+05:30,Anuradhapura_NorthCentral,26.0,96.57151034286119,208.0,1.9,71.49312517895474
2026-10-02T07:30:00+05:30,Anuradhapura_NorthCentral,26.5,97.2842941316494,269.0,1.92,67.80944453757282
2026-10-02T07:45:00+05:30,Anuradhapura_NorthCentral,27.0,98.05196910332859,331.0,1.79,64.13187416539347
2026-10-02T08:00:00+05:30,Anuradhapura_NorthCentral,27.5,98.88601179184252,392.0,1.63,60.46160676402563
2026-10-02T08:15:00+05:30,Anuradhapura_NorthCentral,28.0,99.80058250442113,450.0,1.39,56.8001311068
2026-10-02T08:30:00+05:30,Anuradhapura_NorthCentral,28.5,100.81343888327638,501.0,1.21,53.14933378414246
2026-10-02T08:45:00+05:30,Anuradhapura_NorthCentral,28.9,101.947222172816,545.0,0.99,49.51164252924101
2026-10-02T09:00:00+05:30,Anuradhapura_NorthCentral,29.2,103.23130341732502,587.0,0.78,45.89023678125585
2026-10-02T09:15:00+05:30,Anuradhapura_NorthCentral,29.6,104.70448872583853,628.0,0.6,42.28936109964726
2026-10-02T09:30:00+05:30,Anuradhapura_NorthCentral,29.9,106.41906872572349,667.0,0.59,38.71480223485145
2026-10-02T09:45:00+05:30,Anuradhapura_NorthCentral,30.3,108.44700936614913,703.0,0.64,35.17464026057019
2026-10-02T10:00:00+05:30,Anuradhapura_NorthCentral,30.6,110.88961168746602,739.0,0.78,31.680463259119534
2026-10-02T10:15:00+05:30,Anuradhapura_NorthCentral,30.9,113.89283371229845,777.0,0.87,28.249392882401644
2026-10-02T10:30:00+05:30,Anuradhapura_NorthCentral,31.2,117.6717220466818,820.0,0.94,24.90757351490494
2026-10-02T10:45:00+05:30,Anuradhapura_NorthCentral,31.5,122.54848514571574,863.0,1.01,21.696336177873803
2026-10-02T11:00:00+05:30,Anuradhapura_NorthCentral,31.8,129.00594428130955,899.0,1.0,18.683183535352967
2026-10-02T11:15:00+05:30,Anuradhapura_NorthCentral,32.1,137.73518359619783,920.0,1.03,15.980603646748818
2026-10-02T11:30:00+05:30,Anuradhapura_NorthCentral,32.4,149.5620684907908,927.0,0.96,13.772696093773774
2026-10-02T11:45:00+05:30,Anuradhapura_NorthCentral,32.6,164.9235458357266,925.0,0.86,12.328200048773226
2026-10-02T12:00:00+05:30,Anuradhapura_NorthCentral,32.8,182.7103566008944,919.0,0.87,11.927792305990408
2026-10-02T12:15:00+05:30,Anuradhapura_NorthCentral,33.0,200.00495870245504,914.0,0.92,12.670850103189863
2026-10-02T12:30:00+05:30,Anuradhapura_NorthCentral,33.2,214.30568328165666,908.0,1.03,14.381202573066432
2026-10-02T12:45:00+05:30,Anuradhapura_NorthCentral,33.3,225.1016840275289,898.0,1.01,16.765362772426357
2026-10-02T13:00:00+05:30,Anuradhapura_NorthCentral,33.4,233.0492766953904,883.0,0.94,19.578683422590572
2026-10-02T13:15:00+05:30,Anuradhapura_NorthCentral,33.5,238.9588850746061,860.0,0.78,22.661867530231262
2026-10-02T13:30:00+05:30,Anuradhapura_NorthCentral,33.5,243.45596273546,830.0,0.76,25.918760286716164
2026-10-02T13:45:00+05:30,Anuradhapura_NorthCentral,33.4,246.96790094531457,795.0,0.82,29.29144455180552
2026-10-02T14:00:00+05:30,Anuradhapura_NorthCentral,33.2,249.77908043031613,758.0,0.99,32.74412716703118
2026-10-02T14:15:00+05:30,Anuradhapura_NorthCentral,33.1,252.08007436459155,719.0,1.2,36.253924445936484
2026-10-02T14:30:00+05:30,Anuradhapura_NorthCentral,32.9,254.00107297954182,680.0,1.31,39.8056942185568
2026-10-02T14:45:00+05:30,Anuradhapura_NorthCentral,33.0,255.6330770845418,639.0,1.39,43.38909164498536
2026-10-02T15:00:00+05:30,Anuradhapura_NorthCentral,33.1,257.0411848605995,590.0,1.4,46.99684208324593
2026-10-02T15:15:00+05:30,Anuradhapura_NorthCentral,33.1,258.2730050275492,533.0,1.42,50.62369600345604
2026-10-02T15:30:00+05:30,Anuradhapura_NorthCentral,32.7,259.3640813215409,469.0,1.53,54.26577814899854
2026-10-02T15:45:00+05:30,Anuradhapura_NorthCentral,31.7,260.3414628652842,403.0,2.14,57.92016835649551
2026-10-02T16:00:00+05:30,Anuradhapura_NorthCentral,30.3,261.2261052276914,337.0,3.35,61.58462480860223
2026-10-02T16:15:00+05:30,Anuradhapura_NorthCentral,28.8,262.0345195220398,273.0,4.43,65.2573982298979
2026-10-02T16:30:00+05:30,Anuradhapura_NorthCentral,27.6,262.77992754475116,209.0,4.85,68.93710224940999
2026-10-02T16:45:00+05:30,Anuradhapura_NorthCentral,26.8,263.4730871227104,152.0,4.16,72.62262175092825
2026-10-02T17:00:00+05:30,Anuradhapura_NorthCentral,26.3,264.1228935541762,105.0,2.94,76.31304827562819
2026-10-02T17:15:00+05:30,Anuradhapura_NorthCentral,25.8,264.73682616902727,70.0,2.3,80.00763148208563
2026-10-02T17:30:00+05:30,Anuradhapura_NorthCentral,25.5,265.32128719791274,41.0,2.58,83.70574281143224
2026-10-02T17:45:00+05:30,Anuradhapura_NorthCentral,25.3,265.8818654147619,20.0,2.69,87.40684926113535
2026-10-02T18:00:00+05:30,Anuradhapura_NorthCentral,25.2,266.42354689109914,4.0,2.52,91.110491808418
2026-10-02T18:15:00+05:30,Anuradhapura_NorthCentral,25.2,266.9508898668635,0.0,2.25,94.81626821024363
2026-10-02T18:30:00+05:30,Anuradhapura_NorthCentral,25.2,267.46817681829367,0.0,2.12,98.52382039229066
2026-10-02T18:45:00+05:30,Anuradhapura_NorthCentral,25.1,267.97955393845166,0.0,2.15,102.23282247495219
2026-10-02T19:00:00+05:30,Anuradhapura_NorthCentral,25.1,268.4891679345668,0.0,2.25,105.94297014009332
2026-10-02T19:15:00+05:30,Anuradhapura_NorthCentral,25.0,269.0013102019989,0.0,2.33,109.65397215655642
2026-10-02T19:30:00+05:30,Anuradhapura_NorthCentral,25.0,269.5205792761436,0.0,2.33,113.36554040513052
2026-10-02T19:45:00+05:30,Anuradhapura_NorthCentral,24.9,270.05207614412353,0.0,2.17,117.07737916425059
2026-10-02T20:00:00+05:30,Anuradhapura_NorthCentral,24.8,270.60165242909153,0.0,1.88,120.78917424284126
2026-10-02T20:15:00+05:30,Anuradhapura_NorthCentral,24.7,271.1762399699289,0.0,1.7,124.50057771515618
2026-10-02T20:30:00+05:30,Anuradhapura_NorthCentral,24.6,271.7843062575064,0.0,1.55,128.21118791418652
2026-10-02T20:45:00+05:30,Anuradhapura_NorthCentral,24.6,272.4365063702372,0.0,1.45,131.92052329519572
2026-10-02T21:00:00+05:30,Anuradhapura_NorthCentral,24.5,273.1466470351777,0.0,1.44,135.62798246874064
2026-10-02T21:15:00+05:30,Anuradhapura_NorthCentral,24.4,273.93316172342395,0.0,1.57,139.33278385405546
2026-10-02T21:30:00+05:30,Anuradhapura_NorthCentral,24.4,274.8214514543632,0.0,1.69,143.03387205738332
2026-10-02T21:45:00+05:30,Anuradhapura_NorthCentral,24.3,275.84775234388616,0.0,1.83,146.72976105016485
2026-10-02T22:00:00+05:30,Anuradhapura_NorthCentral,24.3,277.0658327326331,0.0,1.96,150.41826225359975
2026-10-02T22:15:00+05:30,Anuradhapura_NorthCentral,24.3,278.5592505775113,0.0,2.06,154.09598613488663
2026-10-02T22:30:00+05:30,Anuradhapura_NorthCentral,24.3,280.46533438992554,0.0,2.12,157.75735622316012
2026-10-02T22:45:00+05:30,Anuradhapura_NorthCentral,24.3,283.026110586642,0.0,2.08,161.39248724172347
2026-10-02T23:00:00+05:30,Anuradhapura_NorthCentral,24.3,286.70807171830995,0.0,1.98,164.98208371594393
2026-10-02T23:15:00+05:30,Anuradhapura_NorthCentral,24.3,292.5215735402474,0.0,1.87,168.48325475462093
2026-10-02T23:30:00+05:30,Anuradhapura_NorthCentral,24.3,302.99673016810664,0.0,1.75,171.7819512231643
2026-10-02T23:45:00+05:30,Anuradhapura_NorthCentral,24.2,325.10215412184925,0.0,1.64,174.5006282137042
2026-10-03T00:00:00+05:30,Anuradhapura_NorthCentral,24.2,7.56815075731555,0.0,1.59,175.44402133685932
2026-10-03T00:15:00+05:30,Anuradhapura_NorthCentral,24.2,44.04875713740944,0.0,1.49,173.74877747047586
2026-10-03T00:30:00+05:30,Anuradhapura_NorthCentral,24.1,61.24417178217226,0.0,1.39,170.76938833116603
2026-10-03T00:45:00+05:30,Anuradhapura_NorthCentral,24.1,69.78557540621239,0.0,1.35,167.38519083116967
2026-10-03T01:00:00+05:30,Anuradhapura_NorthCentral,24.1,74.75333968142434,0.0,1.29,163.84879884443183
2026-10-03T01:15:00+05:30,Anuradhapura_NorthCentral,24.1,78.00652041331233,0.0,1.24,160.24190538833955
2026-10-03T01:30:00+05:30,Anuradhapura_NorthCentral,24.0,80.32407376866803,0.0,1.18,156.59723566244213
2026-10-03T01:45:00+05:30,Anuradhapura_NorthCentral,24.0,82.08049039354506,0.0,1.07,152.93020362892793
2026-10-03T02:00:00+05:30,Anuradhapura_NorthCentral,23.9,83.47618887165726,0.0,0.97,149.24897624633041
2026-10-03T02:15:00+05:30,Anuradhapura_NorthCentral,23.9,84.62765621794506,0.0,0.86,145.55828156756417
2026-10-03T02:30:00+05:30,Anuradhapura_NorthCentral,23.9,85.60713826427889,0.0,0.81,141.86105429024695
2026-10-03T02:45:00+05:30,Anuradhapura_NorthCentral,23.9,86.46185993686566,0.0,0.78,138.15922214444768
2026-10-03T03:00:00+05:30,Anuradhapura_NorthCentral,23.9,87.22407396133474,0.0,0.81,134.45411502511547
2026-10-03T03:15:00+05:30,Anuradhapura_NorthCentral,24.0,87.91665506308817,0.0,0.85,130.74669199524845
2026-10-03T03:30:00+05:30,Anuradhapura_NorthCentral,24.0,88.55638201773132,0.0,0.92,127.03767294906368
2026-10-03T03:45:00+05:30,Anuradhapura_NorthCentral,24.0,89.15595075676458,0.0,0.96,123.3276206050458
2026-10-03T04:00:00+05:30,Anuradhapura_NorthCentral,24.0,89.7252585276023,0.0,1.01,119.61699328955467
2026-10-03T04:15:00+05:30,Anuradhapura_NorthCentral,24.0,90.27225278586337,0.0,1.04,115.90617891747328
2026-10-03T04:30:00+05:30,Anuradhapura_NorthCentral,24.0,90.80351117327814,0.0,1.13,112.19551991767412
2026-10-03T04:45:00+05:30,Anuradhapura_NorthCentral,24.0,91.32465149711675,0.0,1.18,108.48533162843265
2026-10-03T05:00:00+05:30,Anuradhapura_NorthCentral,24.0,91.84063243345474,0.0,1.29,104.775915153949
2026-10-03T05:15:00+05:30,Anuradhapura_NorthCentral,24.0,92.35598306522144,0.0,1.33,101.06756930355124
2026-10-03T05:30:00+05:30,Anuradhapura_NorthCentral,24.0,92.87498702369794,0.0,1.39,97.36060124268329
2026-10-03T05:45:00+05:30,Anuradhapura_NorthCentral,24.0,93.40183923910007,0.0,1.46,93.65533522138477
2026-10-03T06:00:00+05:30,Anuradhapura_NorthCentral,24.0,93.94078814295358,0.0,1.46,89.95212308312931
2026-10-03T06:15:00+05:30,Anuradhapura_NorthCentral,24.1,94.49627429849613,16.0,1.47,86.25135574467699
2026-10-03T06:30:00+05:30,Anuradhapura_NorthCentral,24.2,95.0730754622528,51.0,1.49,82.55347489359963
2026-10-03T06:45:00+05:30,Anuradhapura_NorthCentral,24.5,95.67646763654875,95.0,1.5,78.85898875758467
2026-10-03T07:00:00+05:30,Anuradhapura_NorthCentral,24.8,96.31241369093829,146.0,1.59,75.16849155607447
2026-10-03T07:15:00+05:30,Anuradhapura_NorthCentral,25.1,96.98779394862459,200.0,1.61,71.48268664551352
2026-10-03T07:30:00+05:30,Anuradhapura_NorthCentral,25.5,97.71069692979682,259.0,1.7,67.80241838553489
2026-10-03T07:45:00+05:30,Anuradhapura_NorthCentral,26.0,98.4907962128733,320.0,1.79,64.12871417114903
2026-10-03T08:00:00+05:30,Anuradhapura_NorthCentral,26.5,99.33985041871546,382.0,1.91,60.462839427407395
2026-10-03T08:15:00+05:30,Anuradhapura_NorthCentral,27.1,100.27237927797398,442.0,2.0,56.806374884816236
2026-10-03T08:30:00+05:30,Anuradhapura_NorthCentral,27.6,101.30659585466424,498.0,2.09,53.16132430002517
2026-10-03T08:45:00+05:30,Anuradhapura_NorthCentral,28.0,102.46571690085966,551.0,2.19,49.53026614794639
2026-10-03T09:00:00+05:30,Anuradhapura_NorthCentral,28.3,103.77983919487104,599.0,2.28,45.916576032481146
2026-10-03T09:15:00+05:30,Anuradhapura_NorthCentral,28.6,105.28868027292071,642.0,2.36,42.32475708936788
2026-10-03T09:30:00+05:30,Anuradhapura_NorthCentral,28.9,107.04566375183572,677.0,2.44,38.76094169530653
2026-10-03T09:45:00+05:30,Anuradhapura_NorthCentral,29.2,109.12412983045243,705.0,2.44,35.23367852625021
2026-10-03T10:00:00+05:30,Anuradhapura_NorthCentral,29.5,111.62695108796498,732.0,2.33,31.75519941869512
2026-10-03T10:15:00+05:30,Anuradhapura_NorthCentral,29.7,114.70161770433236,762.0,2.2,28.343518519160398
2026-10-03T10:30:00+05:30,Anuradhapura_NorthCentral,30.0,118.56389694485512,795.0,2.14,25.02601566757569
2026-10-03T10:45:00+05:30,Anuradhapura_NorthCentral,30.4,123.53371087777572,828.0,2.11,21.845684065550586
2026-10-03T11:00:00+05:30,Anuradhapura_NorthCentral,30.7,130.08282490051965,856.0,2.17,18.872042915607736
2026-10-03T11:15:00+05:30,Anuradhapura_NorthCentral,31.1,138.8691490032652,878.0,2.2,16.219217716492608
2026-10-03T11:30:00+05:30,Anuradhapura_NorthCentral,31.4,150.6418698104428,900.0,2.22,14.06989559622501
2026-10-03T11:45:00+05:30,Anuradhapura_NorthCentral,31.6,165.72503484475908,915.0,2.15,12.68272441881011
2026-10-03T12:00:00+05:30,Anuradhapura_NorthCentral,31.9,182.9947090904392,911.0,2.04,12.31795536147962
2026-10-03T12:15:00+05:30,Anuradhapura_NorthCentral,32.1,199.75282688260452,879.0,1.99,13.061532939478539
2026-10-03T12:30:00+05:30,Anuradhapura_NorthCentral,32.1,213.71360365821153,819.0,2.0,14.746734219738158
2026-10-03T12:45:00+05:30,Anuradhapura_NorthCentral,32.2,224.36873624979194,742.0,2.18,17.097343113176535
2026-10-03T13:00:00+05:30,Anuradhapura_NorthCentral,32.1,232.2895619769358,662.0,2.48,19.878676827087446
2026-10-03T13:15:00+05:30,Anuradhapura_NorthCentral,31.9,238.22255607879487,589.0,2.72,22.93453888183396
2026-10-03T13:30:00+05:30,Anuradhapura_NorthCentral,31.3,242.76073874366872,512.0,2.82,26.168905972907034
2026-10-03T13:45:00+05:30,Anuradhapura_NorthCentral,30.1,246.317288080448,438.0,2.63,29.523140261489665
2026-10-03T14:00:00+05:30,Anuradhapura_NorthCentral,28.3,249.17089197686389,378.0,2.26,32.96063716233081
2026-10-03T14:15:00+05:30,Anuradhapura_NorthCentral,26.5,251.51014108132705,343.0,1.87,36.457820712578844
2026-10-03T14:30:00+05:30,Anuradhapura_NorthCentral,25.4,253.4647990694946,333.0,1.62,39.99900447243412
2026-10-03T14:45:00+05:30,Anuradhapura_NorthCentral,25.2,255.12605809139572,331.0,1.59,43.573426872611186
2026-10-03T15:00:00+05:30,Anuradhapura_NorthCentral,25.5,256.5594211798097,321.0,1.71,47.173495879668494
2026-10-03T15:15:00+05:30,Anuradhapura_NorthCentral,26.0,257.8129441371017,290.0,1.81,50.793719315604434
2026-10-03T15:30:00+05:30,Anuradhapura_NorthCentral,26.3,258.9225909787067,248.0,1.8,54.43003500046242
2026-10-03T15:45:00+05:30,Anuradhapura_NorthCentral,26.3,259.9157800228787,203.0,1.56,58.07937747879335
2026-10-03T16:00:00+05:30,Anuradhapura_NorthCentral,26.2,260.8137798841154,160.0,1.28,61.73939097772828
2026-10-03T16:15:00+05:30,Anuradhapura_NorthCentral,26.0,261.6333612619828,123.0,1.07,65.40823609701758
2026-10-03T16:30:00+05:30,Anuradhapura_NorthCentral,25.9,262.3879573833248,89.0,1.0,69.08445468316233
2026-10-03T16:45:00+05:30,Anuradhapura_NorthCentral,25.7,263.08849501941904,60.0,0.9,72.76687413906865
2026-10-03T17:00:00+05:30,Anuradhapura_NorthCentral,25.5,263.7440010245045,39.0,0.79,76.45453984133034
2026-10-03T17:15:00+05:30,Anuradhapura_NorthCentral,25.4,264.3620530600061,27.0,0.85,80.1466643746582
2026-10-03T17:30:00+05:30,Anuradhapura_NorthCentral,25.2,264.9491216042943,20.0,0.89,83.84258954664425
2026-10-03T17:45:00+05:30,Anuradhapura_NorthCentral,25.1,265.51083570583495,12.0,0.85,87.54175893743967
2026-10-03T18:00:00+05:30,Anuradhapura_NorthCentral,25.1,266.0521948259488,2.0,0.81,91.2436954333229
2026-10-03T18:15:00+05:30,Anuradhapura_NorthCentral,25.1,266.577743765784,0.0,0.74,94.94798340458168
2026-10-03T18:30:00+05:30,Anuradhapura_NorthCentral,25.0,267.0917236936528,0.0,0.73,98.65425569466953
2026-10-03T18:45:00+05:30,Anuradhapura_NorthCentral,25.0,267.5982093572251,0.0,0.75,102.3621814534456
2026-10-03T19:00:00+05:30,Anuradhapura_NorthCentral,24.9,268.1012421581098,0.0,0.81,106.07145550544664
2026-10-03T19:15:00+05:30,Anuradhapura_NorthCentral,24.8,268.60496878680607,0.0,0.89,109.78179008289881
2026-10-03T19:30:00+05:30,Anuradhapura_NorthCentral,24.7,269.1137957794981,0.0,0.98,113.49290530371135
2026-10-03T19:45:00+05:30,Anuradhapura_NorthCentral,24.7,269.63257376054526,0.0,1.07,117.2045192111267
2026-10-03T20:00:00+05:30,Anuradhapura_NorthCentral,24.6,270.16683014815914,0.0,1.17,120.91633805595201
2026-10-03T20:15:00+05:30,Anuradhapura_NorthCentral,24.6,270.7230769900551,0.0,1.19,124.62804274330077
2026-10-03T20:30:00+05:30,Anuradhapura_NorthCentral,24.5,271.30923551115893,0.0,1.23,128.33927134176267
2026-10-03T20:45:00+05:30,Anuradhapura_NorthCentral,24.5,271.9352434865179,0.0,1.25,132.0495966832412
2026-10-03T21:00:00+05:30,Anuradhapura_NorthCentral,24.5,272.61395381100533,0.0,1.23,135.75849201936552
2026-10-03T21:15:00+05:30,Anuradhapura_NorthCentral,24.5,273.3625111928958,0.0,1.23,139.46527933372093
2026-10-03T21:30:00+05:30,Anuradhapura_NorthCentral,24.5,274.20454135630666,0.0,1.2,143.16904945025286
2026-10-03T21:45:00+05:30,Anuradhapura_NorthCentral,24.5,275.1737785638087,0.0,1.22,146.86852773755717
2026-10-03T22:00:00+05:30,Anuradhapura_NorthCentral,24.5,276.3203715497848,0.0,1.2,150.56184072217445
2026-10-03T22:15:00+05:30,Anuradhapura_NorthCentral,24.5,277.72248557489974,0.0,1.25,154.24608690145288
2026-10-03T22:30:00+05:30,Anuradhapura_NorthCentral,24.5,279.5091667605807,0.0,1.27,157.9164825397371
2026-10-03T22:45:00+05:30,Anuradhapura_NorthCentral,24.5,281.9094121402619,0.0,1.31,161.56450823279596
2026-10-03T23:00:00+05:30,Anuradhapura_NorthCentral,24.5,285.36946372547544,0.0,1.39,165.1733963788717
2026-10-03T23:15:00+05:30,Anuradhapura_NorthCentral,24.5,290.8743735584343,0.0,1.43,168.70531561488497
2026-10-03T23:30:00+05:30,Anuradhapura_NorthCentral,24.5,300.9850676809577,0.0,1.48,172.05665668298138
2026-10-03T23:45:00+05:30,Anuradhapura_NorthCentral,24.5,323.3733078416732,0.0,1.5,174.86080704773585
2026-10-04T00:00:00+05:30,Anuradhapura_NorthCentral,24.4,9.321450525899934,0.0,1.53,175.81490951457343
2026-10-04T00:15:00+05:30,Anuradhapura_NorthCentral,24.4,47.12268322857585,0.0,1.55,173.9661277993196
2026-10-04T00:30:00+05:30,Anuradhapura_NorthCentral,24.4,63.6086288417672,0.0,1.55,170.8847563902179
2026-10-04T00:45:00+05:30,Anuradhapura_NorthCentral,24.3,71.57168947678434,0.0,1.55,167.44802052305232
2026-10-04T01:00:00+05:30,Anuradhapura_NorthCentral,24.3,76.1666829471182,0.0,1.55,163.88178787484958
2026-10-04T01:15:00+05:30,Anuradhapura_NorthCentral,24.3,79.17205521758723,0.0,1.55,160.25625510785176
2026-10-04T01:30:00+05:30,Anuradhapura_NorthCentral,24.2,81.31636666644391,0.0,1.55,156.5991285983713
2026-10-04T01:45:00+05:30,Anuradhapura_NorthCentral,24.2,82.94628954512865,0.0,1.55,152.92337711442352
2026-10-04T02:00:00+05:30,Anuradhapura_NorthCentral,24.2,84.24637735194665,0.0,1.55,149.23585475724497
2026-10-04T02:15:00+05:30,Anuradhapura_NorthCentral,24.1,85.32359155798508,0.0,1.53,145.54052813166788
2026-10-04T02:30:00+05:30,Anuradhapura_NorthCentral,24.1,86.2441734269446,0.0,1.53,141.83986267040962
2026-10-04T02:45:00+05:30,Anuradhapura_NorthCentral,24.0,87.05139968936874,0.0,1.5,138.13548269444897
2026-10-04T03:00:00+05:30,Anuradhapura_NorthCentral,24.0,87.77483267856269,0.0,1.52,134.42851433665766
2026-10-04T03:15:00+05:30,Anuradhapura_NorthCentral,23.9,88.43545810055008,0.0,1.5,130.71977568034504
2026-10-04T03:30:00+05:30,Anuradhapura_NorthCentral,23.9,89.04869486208958,0.0,1.52,127.0098868491227
2026-10-04T03:45:00+05:30,Anuradhapura_NorthCentral,23.8,89.6262396487,0.0,1.55,123.29933883909995
2026-10-04T04:00:00+05:30,Anuradhapura_NorthCentral,23.8,90.17724328898555,0.0,1.52,119.58853799253022
2026-10-04T04:15:00+05:30,Anuradhapura_NorthCentral,23.7,90.70908872891914,0.0,1.55,115.87783458378719
2026-10-04T04:30:00+05:30,Anuradhapura_NorthCentral,23.7,91.22792324075459,0.0,1.59,112.16754417222391
2026-10-04T04:45:00+05:30,Anuradhapura_NorthCentral,23.7,91.73903558678705,0.0,1.63,108.45796359329108
2026-10-04T05:00:00+05:30,Anuradhapura_NorthCentral,23.8,92.24713384064859,0.0,1.63,104.74938220757709
2026-10-04T05:15:00+05:30,Anuradhapura_NorthCentral,23.8,92.75655883953686,0.0,1.68,101.042092773407
2026-10-04T05:30:00+05:30,Anuradhapura_NorthCentral,23.9,93.27145701118081,0.0,1.73,97.33640143360334
2026-10-04T05:45:00+05:30,Anuradhapura_NorthCentral,24.1,93.79592927392389,0.0,1.78,93.6326360886073
2026-10-04T06:00:00+05:30,Anuradhapura_NorthCentral,24.3,94.33416800767861,0.0,1.86,89.9311568061258
2026-10-04T06:15:00+05:30,Anuradhapura_NorthCentral,24.5,94.89059252566301,14.0,1.98,86.23236743393997
2026-10-04T06:30:00+05:30,Anuradhapura_NorthCentral,24.8,95.4699927247695,47.0,2.06,82.53672766488324
2026-10-04T06:45:00+05:30,Anuradhapura_NorthCentral,25.1,96.07769031282771,91.0,2.18,78.84476941704509
2026-10-04T07:00:00+05:30,Anuradhapura_NorthCentral,25.4,96.71972915591112,143.0,2.28,75.15711719812226
2026-10-04T07:15:00+05:30,Anuradhapura_NorthCentral,25.7,97.40310923825041,196.0,2.44,71.47451252021736
2026-10-04T07:30:00+05:30,Anuradhapura_NorthCentral,26.0,98.13608263282862,247.0,2.53,67.79784750437426
2026-10-04T07:45:00+05:30,Anuradhapura_NorthCentral,26.3,98.92853778396636,296.0,2.62,64.12820927226707
2026-10-04T08:00:00+05:30,Anuradhapura_NorthCentral,26.6,99.7925095919822,347.0,2.71,60.46693814827553
2026-10-04T08:15:00+05:30,Anuradhapura_NorthCentral,26.9,100.74286886965365,403.0,2.76,56.81570931938064
2026-10-04T08:30:00+05:30,Anuradhapura_NorthCentral,27.3,101.79827196162734,466.0,2.82,53.176646596784366
2026-10-04T08:45:00+05:30,Anuradhapura_NorthCentral,27.6,102.98249316010515,532.0,2.8,49.552482533023635
2026-10-04T09:00:00+05:30,Anuradhapura_NorthCentral,28.0,104.32632787023329,595.0,2.79,45.94679270592658
2026-10-04T09:15:00+05:30,Anuradhapura_NorthCentral,28.4,105.87036327067932,648.0,2.78,42.36434304182699
2026-10-04T09:30:00+05:30,Anuradhapura_NorthCentral,28.8,107.6690900538535,692.0,2.7,38.811615846953096
2026-10-04T09:45:00+05:30,Anuradhapura_NorthCentral,29.2,109.79711618107007,727.0,2.62,35.29763192342982
2026-10-04T10:00:00+05:30,Anuradhapura_NorthCentral,29.6,112.35870980600498,757.0,2.55,31.83526744400291
2026-10-04T10:15:00+05:30,Anuradhapura_NorthCentral,30.0,115.50259749551907,784.0,2.48,28.443421575804265
2026-10-04T10:30:00+05:30,Anuradhapura_NorthCentral,30.3,119.44476929265574,805.0,2.4,25.150682278078293
2026-10-04T10:45:00+05:30,Anuradhapura_NorthCentral,30.5,124.50205574524864,820.0,2.33,22.001631396464305
2026-10-04T11:00:00+05:30,Anuradhapura_NorthCentral,30.7,131.134066211569,831.0,2.27,19.0676312598316
2026-10-04T11:15:00+05:30,Anuradhapura_NorthCentral,30.9,139.96496077989337,839.0,2.23,16.46409123267729
2026-10-04T11:30:00+05:30,Anuradhapura_NorthCentral,30.9,151.67077193013154,846.0,2.2,14.371773594056378
2026-10-04T11:45:00+05:30,Anuradhapura_NorthCentral,30.8,166.47619225482617,849.0,2.2,13.039167175540499
2026-10-04T12:00:00+05:30,Anuradhapura_NorthCentral,30.5,183.2551375729901,845.0,2.2,12.707582017111918
2026-10-04T12:15:00+05:30,Anuradhapura_NorthCentral,30.2,199.50996097080974,832.0,2.24,13.451253485630914
2026-10-04T12:30:00+05:30,Anuradhapura_NorthCentral,29.9,213.1462111525885,810.0,2.27,15.112260557799814
2026-10-04T12:45:00+05:30,Anuradhapura_NorthCentral,29.4,223.66095851672102,783.0,2.34,17.430283397671374
2026-10-04T13:00:00+05:30,Anuradhapura_NorthCentral,28.9,231.55051452028812,750.0,2.38,20.180152806577325
2026-10-04T13:15:00+05:30,Anuradhapura_NorthCentral,28.4,237.5021430254554,715.0,2.48,23.208851540935356
2026-10-04T13:30:00+05:30,Anuradhapura_NorthCentral,27.9,242.07763670717716,679.0,2.51,26.420639337124463
2026-10-04T13:45:00+05:30,Anuradhapura_NorthCentral,27.5,245.67598866836238,638.0,2.55,29.75626280362814
2026-10-04T14:00:00+05:30,Anuradhapura_NorthCentral,27.1,248.56997189567025,592.0,2.58,33.17836528556147
2026-10-04T14:15:00+05:30,Anuradhapura_NorthCentral,26.7,250.94597869501766,538.0,2.55,36.662709561854456
2026-10-04T14:30:00+05:30,Anuradhapura_NorthCentral,26.4,252.9331839508206,475.0,2.51,40.19308039351788
2026-10-04T14:45:00+05:30,Anuradhapura_NorthCentral,26.1,254.6228576474259,411.0,2.48,43.75830675817837
2026-10-04T15:00:00+05:30,Anuradhapura_NorthCentral,26.0,256.08082972733735,355.0,2.37,47.35048224742925
2026-10-04T15:15:00+05:30,Anuradhapura_NorthCentral,25.8,257.35554946091133,311.0,2.3,50.96387286991111
2026-10-04T15:30:00+05:30,Anuradhapura_NorthCentral,25.7,258.4833638669062,276.0,2.2,54.594229258533446
2026-10-04T15:45:00+05:30,Anuradhapura_NorthCentral,25.6,259.4920341613365,246.0,2.09,58.23833987302579
2026-10-04T16:00:00+05:30,Anuradhapura_NorthCentral,25.5,260.4031231446761,217.0,1.99,61.893733960467344
2026-10-04T16:15:00+05:30,Anuradhapura_NorthCentral,25.5,261.2336473407567,186.0,1.82,65.55848088944717
2026-10-04T16:30:00+05:30,Anuradhapura_NorthCentral,25.4,261.99724118191637,157.0,1.72,69.23104961171057
2026-10-04T16:45:00+05:30,Anuradhapura_NorthCentral,25.4,262.7049926406835,128.0,1.62,72.91020896536747
2026-10-04T17:00:00+05:30,Anuradhapura_NorthCentral,25.3,263.3660541386119,99.0,1.53,76.59495710883908
2026-10-04T17:15:00+05:30,Anuradhapura_NorthCentral,25.3,263.9880969266687,69.0,1.43,80.284468532341
2026-10-04T17:30:00+05:30,Anuradhapura_NorthCentral,25.2,264.5776558691493,41.0,1.34,83.9780544084855
2026-10-04T17:45:00+05:30,Anuradhapura_NorthCentral,25.2,265.14039703590856,18.0,1.25,87.67513390248443
2026-10-04T18:00:00+05:30,Anuradhapura_NorthCentral,25.1,265.68133042325604,3.0,1.22,91.37521079738912
2026-10-04T18:15:00+05:30,Anuradhapura_NorthCentral,25.0,266.2049847633626,0.0,1.14,95.07785502479993
2026-10-04T18:30:00+05:30,Anuradhapura_NorthCentral,25.0,266.7155573572035,0.0,1.12,98.78268923445967
2026-10-04T18:45:00+05:30,Anuradhapura_NorthCentral,24.9,267.2170488652739,0.0,1.1,102.48937639704097
2026-10-04T19:00:00+05:30,Anuradhapura_NorthCentral,24.9,267.71339249370084,0.0,1.1,106.19760913883673
2026-10-04T19:15:00+05:30,Anuradhapura_NorthCentral,24.9,268.20858689109036,0.0,1.1,109.90710163756589
2026-10-04T19:30:00+05:30,Anuradhapura_NorthCentral,24.8,268.70684255148836,0.0,1.12,113.61758049290961
2026-10-04T19:45:00+05:30,Anuradhapura_NorthCentral,24.8,269.21275463164864,0.0,1.14,117.32877544223913
2026-10-04T20:00:00+05:30,Anuradhapura_NorthCentral,24.8,269.73151966529156,0.0,1.15,121.04041069367251
2026-10-04T20:15:00+05:30,Anuradhapura_NorthCentral,24.7,270.26922088598695,0.0,1.17,124.75219294280717
2026-10-04T20:30:00+05:30,Anuradhapura_NorthCentral,24.7,270.83322069831706,0.0,1.19,128.46379621538821
2026-10-04T20:45:00+05:30,Anuradhapura_NorthCentral,24.7,271.4327215845922,0.0,1.19,132.17484293082344
2026-10-04T21:00:00+05:30,Anuradhapura_NorthCentral,24.7,272.0795960319509,0.0,1.19,135.88487480407147
2026-10-04T21:15:00+05:30,Anuradhapura_NorthCentral,24.6,272.7896594014568,0.0,1.23,139.59330926411604
2026-10-04T21:30:00+05:30,Anuradhapura_NorthCentral,24.6,273.58469778483294,0.0,1.22,143.29937246663602
2026-10-04T21:45:00+05:30,Anuradhapura_NorthCentral,24.6,274.49583710318586,0.0,1.2,147.00198628210842
2026-10-04T22:00:00+05:30,Anuradhapura_NorthCentral,24.6,275.56942101931844,0.0,1.24,150.69957155001592
2026-10-04T22:15:00+05:30,Anuradhapura_NorthCentral,24.6,276.87787866647363,0.0,1.27,154.38968529232494
2026-10-04T22:30:00+05:30,Anuradhapura_NorthCentral,24.6,278.54128831449333,0.0,1.27,158.06829447357705
2026-10-04T22:45:00+05:30,Anuradhapura_NorthCentral,24.6,280.7741162823985,0.0,1.26,161.7281879883662
2026-10-04T23:00:00+05:30,Anuradhapura_NorthCentral,24.6,283.99866612580314,0.0,1.25,165.35506391708591
2026-10-04T23:15:00+05:30,Anuradhapura_NorthCentral,24.5,289.1643621398737,0.0,1.25,168.91619006962682
2026-10-04T23:30:00+05:30,Anuradhapura_NorthCentral,24.5,298.8323391575209,0.0,1.25,172.31927092571433
2026-10-04T23:45:00+05:30,Anuradhapura_NorthCentral,24.5,321.377789201754,0.0,1.25,175.2140547986395
2026-10-05T00:00:00+05:30,Anuradhapura_NorthCentral,24.5,11.387299650754017,0.0,1.21,176.18068068959462
2026-10-05T00:15:00+05:30,Anuradhapura_NorthCentral,24.5,50.39945937965467,0.0,1.17,174.16568492230923
2026-10-05T00:30:00+05:30,Anuradhapura_NorthCentral,24.4,66.02030954239734,0.0,1.13,170.98558249758986
2026-10-05T00:45:00+05:30,Anuradhapura_NorthCentral,24.4,73.36811874398529,0.0,1.09,167.5001791741251
2026-10-05T01:00:00+05:30,Anuradhapura_NorthCentral,24.3,77.58073848256225,0.0,1.03,163.9067741974551
2026-10-05T01:15:00+05:30,Anuradhapura_NorthCentral,24.3,80.33555700976746,0.0,1.01,160.2644329746231
2026-10-05T01:30:00+05:30,Anuradhapura_NorthCentral,24.3,82.30590296135932,0.0,0.99,156.59616266795564
2026-10-05T01:45:00+05:30,Anuradhapura_NorthCentral,24.2,83.80926532342005,0.0,0.97,152.9126762603864
2026-10-05T02:00:00+05:30,Anuradhapura_NorthCentral,24.2,85.01389142502359,0.0,0.93,149.21962596932394
2026-10-05T02:15:00+05:30,Anuradhapura_NorthCentral,24.2,86.01706179900856,0.0,0.96,145.52028444931685
2026-10-05T02:30:00+05:30,Anuradhapura_NorthCentral,24.2,86.87895638545103,0.0,0.96,141.81669074097687
2026-10-05T02:45:00+05:30,Anuradhapura_NorthCentral,24.1,87.63888366977875,0.0,1.0,138.11019411827672
2026-10-05T03:00:00+05:30,Anuradhapura_NorthCentral,24.1,88.32370978497215,0.0,0.97,134.40173639756713
2026-10-05T03:15:00+05:30,Anuradhapura_NorthCentral,24.0,88.95253114470887,0.0,1.05,130.69200844530525
2026-10-05T03:30:00+05:30,Anuradhapura_NorthCentral,24.0,89.539408527781,0.0,1.07,126.98154063260554
2026-10-05T03:45:00+05:30,Anuradhapura_NorthCentral,23.9,90.09504167767301,0.0,1.14,123.27075971180945
2026-10-05T04:00:00+05:30,Anuradhapura_NorthCentral,23.9,90.62783728146456,0.0,1.17,119.56002575683495
2026-10-05T04:15:00+05:30,Anuradhapura_NorthCentral,23.8,91.14461580343635,0.0,1.25,115.8496558655509
2026-10-05T04:30:00+05:30,Anuradhapura_NorthCentral,23.8,91.65109585794073,0.0,1.33,112.13994228642596
2026-10-05T04:45:00+05:30,Anuradhapura_NorthCentral,23.8,92.152238552484,0.0,1.43,108.43116625570495
2026-10-05T05:00:00+05:30,Anuradhapura_NorthCentral,23.9,92.6525024458902,0.0,1.47,104.72360780650503
2026-10-05T05:15:00+05:30,Anuradhapura_NorthCentral,24.0,93.15604093561404,0.0,1.57,101.01755570525107
2026-10-05T05:30:00+05:30,Anuradhapura_NorthCentral,24.1,93.66686378621762,0.0,1.68,97.31331686985703
2026-10-05T05:45:00+05:30,Anuradhapura_NorthCentral,24.2,94.18897818525676,0.0,1.78,93.61122446170364
2026-10-05T06:00:00+05:30,Anuradhapura_NorthCentral,24.5,94.72652047601485,0.0,1.9,89.91164825809186
2026-10-05T06:15:00+05:30,Anuradhapura_NorthCentral,24.7,95.28388844820506,16.0,2.04,86.21500644637887
2026-10-05T06:30:00+05:30,Anuradhapura_NorthCentral,25.0,95.86588353450304,53.0,2.17,82.52177809849996
2026-10-05T06:45:00+05:30,Anuradhapura_NorthCentral,25.3,96.47787214133808,101.0,2.31,78.83252020994331
2026-10-05T07:00:00+05:30,Anuradhapura_NorthCentral,25.6,97.12597761534909,158.0,2.46,75.14788901047854
2026-10-05T07:15:00+05:30,Anuradhapura_NorthCentral,25.9,97.81731741484538,215.0,2.62,71.46866569207826
2026-10-05T07:30:00+05:30,Anuradhapura_NorthCentral,26.2,98.56030406709988,270.0,2.73,67.7957917950537
2026-10-05T07:45:00+05:30,Anuradhapura_NorthCentral,26.5,99.36503651206334,323.0,2.85,64.1304160058702
2026-10-05T08:00:00+05:30,Anuradhapura_NorthCentral,26.9,100.24381974182018,376.0,2.94,60.47395562061835
2026-10-05T08:15:00+05:30,Anuradhapura_NorthCentral,27.2,101.21186681135993,431.0,3.0,56.828182636922435
2026-10-05T08:30:00+05:30,Anuradhapura_NorthCentral,27.5,102.28826454689369,488.0,3.05,53.195343614132796
2026-10-05T08:45:00+05:30,Anuradhapura_NorthCentral,27.9,103.497325946346,544.0,3.04,49.57832824699422
2026-10-05T09:00:00+05:30,Anuradhapura_NorthCentral,28.2,104.87051680072915,597.0,2.96,45.98091550835124
2026-10-05T09:15:00+05:30,Anuradhapura_NorthCentral,28.6,106.44925069772125,644.0,2.85,42.4081377567527
2026-10-05T09:30:00+05:30,Anuradhapura_NorthCentral,29.0,108.28901774112626,684.0,2.73,38.866830679561794
2026-10-05T09:45:00+05:30,Anuradhapura_NorthCentral,29.4,110.46558536975493,719.0,2.59,35.36648943065736
2026-10-05T10:00:00+05:30,Anuradhapura_NorthCentral,29.8,113.08444048978436,748.0,2.44,31.92063309910762
2026-10-05T10:15:00+05:30,Anuradhapura_NorthCentral,30.2,116.29525352038331,773.0,2.3,28.549035303966534
2026-10-05T10:30:00+05:30,Anuradhapura_NorthCentral,30.5,120.31375595669567,793.0,2.16,25.28146019173421
2026-10-05T10:45:00+05:30,Anuradhapura_NorthCentral,30.7,125.45293684711459,808.0,2.06,22.163998789805717
2026-10-05T11:00:00+05:30,Anuradhapura_NorthCentral,30.9,132.15930280578652,820.0,1.97,19.26967927928665
2026-10-05T11:15:00+05:30,Anuradhapura_NorthCentral,31.0,141.02302030835568,831.0,1.86,16.71485394535216
2026-10-05T11:30:00+05:30,Anuradhapura_NorthCentral,31.0,152.65078678879024,845.0,1.83,14.677909446931949
2026-10-05T11:45:00+05:30,Anuradhapura_NorthCentral,30.9,167.18037667641113,855.0,1.87,13.397204921747672
2026-10-05T12:00:00+05:30,Anuradhapura_NorthCentral,30.6,183.49344542095184,857.0,2.01,13.096519885555438
2026-10-05T12:15:00+05:30,Anuradhapura_NorthCentral,30.3,199.2753112982275,847.0,2.12,13.839879039053727
2026-10-05T12:30:00+05:30,Anuradhapura_NorthCentral,29.9,212.601625888461,825.0,2.3,15.477568873328153
2026-10-05T12:45:00+05:30,Anuradhapura_NorthCentral,29.4,222.97695846612513,796.0,2.5,17.763925178714587
2026-10-05T13:00:00+05:30,Anuradhapura_NorthCentral,28.9,230.8313286729085,761.0,2.76,20.482852366425718
2026-10-05T13:15:00+05:30,Anuradhapura_NorthCentral,28.3,236.79722372508877,724.0,2.98,23.484565161544964
2026-10-05T13:30:00+05:30,Anuradhapura_NorthCentral,27.8,241.40645139462617,685.0,3.15,26.67374217615474
2026-10-05T13:45:00+05:30,Anuradhapura_NorthCentral,27.3,245.0439165407367,642.0,3.27,29.99061395863574
2026-10-05T14:00:00+05:30,Anuradhapura_NorthCentral,26.9,247.97629991856905,594.0,3.38,33.39712989819045
2026-10-05T14:15:00+05:30,Anuradhapura_NorthCentral,26.5,250.38760422814573,537.0,3.41,36.8684227593349
2026-10-05T14:30:00+05:30,Anuradhapura_NorthCentral,26.2,252.4062663055247,470.0,3.31,40.38776454805279
2026-10-05T14:45:00+05:30,Anuradhapura_NorthCentral,26.0,254.1235273609373,402.0,3.1,43.943582624421694
2026-10-05T15:00:00+05:30,Anuradhapura_NorthCentral,25.9,255.6054700541025,342.0,2.75,47.52765968494023
2026-10-05T15:15:00+05:30,Anuradhapura_NorthCentral,25.9,256.90088560202884,297.0,2.33,51.134021115001595
2026-10-05T15:30:00+05:30,Anuradhapura_NorthCentral,25.8,258.0464679548932,263.0,1.92,54.75823036550801
2026-10-05T15:45:00+05:30,Anuradhapura_NorthCentral,25.8,259.07029564177645,234.0,1.39,58.39692921921707
2026-10-05T16:00:00+05:30,Anuradhapura_NorthCentral,25.8,259.994207225355,205.0,0.87,62.047531069357504
2026-10-05T16:15:00+05:30,Anuradhapura_NorthCentral,25.9,260.83545156796816,176.0,0.3,65.70801306445489
2026-10-05T16:30:00+05:30,Anuradhapura_NorthCentral,25.9,261.60785426369387,148.0,0.25,69.37677023658738
2026-10-05T16:45:00+05:30,Anuradhapura_NorthCentral,25.9,262.32265686785956,121.0,0.67,73.05251183870712
2026-10-05T17:00:00+05:30,Anuradhapura_NorthCentral,25.9,262.9891314737532,93.0,1.1,76.73418781105352
2026-10-05T17:15:00+05:30,Anuradhapura_NorthCentral,25.9,263.6150382539533,65.0,1.46,80.4209335674214
2026-10-05T17:30:00+05:30,Anuradhapura_NorthCentral,25.9,264.2069726622607,39.0,1.68,84.11202867415456
2026-10-05T17:45:00+05:30,Anuradhapura_NorthCentral,25.9,264.77063459975,17.0,1.79,87.80686690490394
2026-10-05T18:00:00+05:30,Anuradhapura_NorthCentral,25.9,265.3110418090239,2.0,1.79,91.50493194161618
2026-10-05T18:15:00+05:30,Anuradhapura_NorthCentral,25.8,265.83270439768484,0.0,1.7,95.20577823865159
2026-10-05T18:30:00+05:30,Anuradhapura_NorthCentral,25.8,266.33977332599875,0.0,1.59,98.90901714014082
2026-10-05T18:45:00+05:30,Anuradhapura_NorthCentral,25.7,266.8361726303843,0.0,1.43,102.61430422777768
2026-10-05T19:00:00+05:30,Anuradhapura_NorthCentral,25.7,267.32572456137,0.0,1.23,106.32132858110249
2026-10-05T19:15:00+05:30,Anuradhapura_NorthCentral,25.6,267.81227655200854,0.0,1.01,110.02980478883363
2026-10-05T19:30:00+05:30,Anuradhapura_NorthCentral,25.6,268.29983922091657,0.0,0.81,113.73946415166726
2026-10-05T19:45:00+05:30,Anuradhapura_NorthCentral,25.5,268.7927474251769,0.0,0.65,117.45004599236754
2026-10-05T20:00:00+05:30,Anuradhapura_NorthCentral,25.5,269.2958604950089,0.0,0.49,121.16128993536779
2026-10-05T20:15:00+05:30,Anuradhapura_NorthCentral,25.4,269.8148243123599,0.0,0.36,124.87292535126747
2026-10-05T20:30:00+05:30,Anuradhapura_NorthCentral,25.4,270.35643056986066,0.0,0.32,128.58465832567555
2026-10-05T20:45:00+05:30,Anuradhapura_NorthCentral,25.3,270.92912939293177,0.0,0.3,132.2961559090203
2026-10-05T21:00:00+05:30,Anuradhapura_NorthCentral,25.3,271.54378760253275,0.0,0.35,136.0070218509932
2026-10-05T21:15:00+05:30,Anuradhapura_NorthCentral,25.2,272.2148525441709,0.0,0.35,139.71676051976613
2026-10-05T21:30:00+05:30,Anuradhapura_NorthCentral,25.2,272.96220919084453,0.0,0.4,143.42472190345927
2026-10-05T21:45:00+05:30,Anuradhapura_NorthCentral,25.1,273.8142729627848,0.0,0.45,147.13000846561658
2026-10-05T22:00:00+05:30,Anuradhapura_NorthCentral,25.1,274.8134036426448,0.0,0.5,150.83131281482034
2026-10-05T22:15:00+05:30,Anuradhapura_NorthCentral,25.1,276.02596090852876,0.0,0.6,154.52661778404334
2026-10-05T22:30:00+05:30,Anuradhapura_NorthCentral,25.0,277.5623834952769,0.0,0.65,158.21259269739943
2026-10-05T22:45:00+05:30,Anuradhapura_NorthCentral,25.0,279.62111422210194,0.0,0.7,161.8832637114317
2026-10-05T23:00:00+05:30,Anuradhapura_NorthCentral,25.0,282.5967605557125,0.0,0.7,165.52670069320916
2026-10-05T23:15:00+05:30,Anuradhapura_NorthCentral,24.9,287.39209565822637,0.0,0.76,169.1152288287918
2026-10-05T23:30:00+05:30,Anuradhapura_NorthCentral,24.9,296.5318032093798,0.0,0.81,172.5685574947217
2026-10-05T23:45:00+05:30,Anuradhapura_NorthCentral,24.8,319.05957247111166,0.0,0.96,175.5588660829067
2026-10-06T00:00:00+05:30,Anuradhapura_NorthCentral,24.6,13.855884879707105,0.0,1.12,176.53999429471497
2026-10-06T00:15:00+05:30,Anuradhapura_NorthCentral,24.5,53.87802416405145,0.0,1.32,174.34579251449742
2026-10-06T00:30:00+05:30,Anuradhapura_NorthCentral,24.4,68.47237600265748,0.0,1.43,171.07155247711256
2026-10-06T00:45:00+05:30,Anuradhapura_NorthCentral,24.3,75.17155628796047,0.0,1.48,167.5416846880074
2026-10-06T01:00:00+05:30,Anuradhapura_NorthCentral,24.2,78.99381663180372,0.0,1.43,163.92385647875477
2026-10-06T01:15:00+05:30,Anuradhapura_NorthCentral,24.1,81.49605158535144,0.0,1.43,160.26655664603032
2026-10-06T01:30:00+05:30,Anuradhapura_NorthCentral,24.0,83.29205737125977,0.0,1.38,156.58845735696167
2026-10-06T01:45:00+05:30,Anuradhapura_NorthCentral,24.0,84.66897974952104,0.0,1.38,152.8982174073861
2026-10-06T02:00:00+05:30,Anuradhapura_NorthCentral,23.9,85.77840205805194,0.0,1.33,149.2004018267896
2026-10-06T02:15:00+05:30,Anuradhapura_NorthCentral,23.8,86.70780554517478,0.0,1.33,145.4976580134525
2026-10-06T02:30:00+05:30,Anuradhapura_NorthCentral,23.8,87.51127000084995,0.0,1.29,141.79164185739106
2026-10-06T02:45:00+05:30,Anuradhapura_NorthCentral,23.7,88.2241249425403,0.0,1.24,138.08345602387186
2026-10-06T03:00:00+05:30,Anuradhapura_NorthCentral,23.7,88.87053965063853,0.0,1.24,134.37387743901678
2026-10-06T03:15:00+05:30,Anuradhapura_NorthCentral,23.6,89.4677239747237,0.0,1.19,130.6634834649858
2026-10-06T03:30:00+05:30,Anuradhapura_NorthCentral,23.6,90.028384131184,0.0,1.14,126.952724684349
2026-10-06T03:45:00+05:30,Anuradhapura_NorthCentral,23.6,90.56222637593453,0.0,1.09,123.24197103517432
2026-10-06T04:00:00+05:30,Anuradhapura_NorthCentral,23.5,91.07691628018136,0.0,1.09,119.53154199065679
2026-10-06T04:15:00+05:30,Anuradhapura_NorthCentral,23.5,91.57871435198149,0.0,1.04,115.82172589709253
2026-10-06T04:30:00+05:30,Anuradhapura_NorthCentral,23.6,92.07291259521378,0.0,1.0,112.11279522007366
2026-10-06T04:45:00+05:30,Anuradhapura_NorthCentral,23.6,92.56414608170229,0.0,0.95,108.40501846795742
2026-10-06T05:00:00+05:30,Anuradhapura_NorthCentral,23.7,93.05662509699499,0.0,0.95,104.69866873593058
2026-10-06T05:15:00+05:30,Anuradhapura_NorthCentral,23.8,93.55431650482916,0.0,0.92,100.9940328319397
2026-10-06T05:30:00+05:30,Anuradhapura_NorthCentral,23.9,94.06109400579908,0.0,0.87,97.29142022329226
2026-10-06T05:45:00+05:30,Anuradhapura_NorthCentral,24.1,94.58087136341004,0.0,0.83,93.59117091936334
2026-10-06T06:00:00+05:30,Anuradhapura_NorthCentral,24.3,95.11772889671948,0.0,0.81,89.89366586416885
2026-10-06T06:15:00+05:30,Anuradhapura_NorthCentral,24.5,95.67604256854099,17.0,0.76,86.1993389655658
2026-10-06T06:30:00+05:30,Anuradhapura_NorthCentral,24.8,96.26062468500288,58.0,0.75,82.50869002064027
2026-10-06T06:45:00+05:30,Anuradhapura_NorthCentral,25.1,96.87688525751969,111.0,0.71,78.82230245092428
2026-10-06T07:00:00+05:30,Anuradhapura_NorthCentral,25.4,97.5310254758399,173.0,0.67,75.14086559937816
2026-10-06T07:15:00+05:30,Anuradhapura_NorthCentral,25.7,98.2302779226207,235.0,0.64,71.46520180880002
2026-10-06T07:30:00+05:30,Anuradhapura_NorthCentral,26.1,98.98321226614996,295.0,0.63,67.79630363110385
2026-10-06T07:45:00+05:30,Anuradhapura_NorthCentral,26.4,99.80013329097244,352.0,0.65,64.13538307133445
2026-10-06T08:00:00+05:30,Anuradhapura_NorthCentral,26.8,100.69360952829459,406.0,0.67,60.48393635398605
2026-10-06T08:15:00+05:30,Anuradhapura_NorthCentral,27.2,101.67918695727485,460.0,0.66,56.84383449630269
2026-10-06T08:30:00+05:30,Anuradhapura_NorthCentral,27.6,102.77636946475349,511.0,0.7,53.21744929492043
2026-10-06T08:45:00+05:30,Anuradhapura_NorthCentral,28.0,104.00998911266305,558.0,0.76,49.60783036771907
2026-10-06T09:00:00+05:30,Anuradhapura_NorthCentral,28.4,105.41215280296325,602.0,0.76,46.018963100594874
2026-10-06T09:15:00+05:30,Anuradhapura_NorthCentral,28.7,107.02505601906665,643.0,0.84,42.45614934209408
2026-10-06T09:30:00+05:30,Anuradhapura_NorthCentral,29.1,108.90511915767468,681.0,0.85,38.926580749338704
2026-10-06T09:45:00+05:30,Anuradhapura_NorthCentral,29.4,111.12915957933319,716.0,0.87,35.44022775467069
2026-10-06T10:00:00+05:30,Anuradhapura_NorthCentral,29.7,113.80370621868252,746.0,0.96,32.011248965773994
2026-10-06T10:15:00+05:30,Anuradhapura_NorthCentral,30.0,117.07908573690474,773.0,0.99,28.66027891555445
2026-10-06T10:30:00+05:30,Anuradhapura_NorthCentral,30.2,121.17030910244193,797.0,1.01,25.41822175240533
2026-10-06T10:45:00+05:30,Anuradhapura_NorthCentral,30.4,126.3858323955526,817.0,1.04,22.33259317098768
2026-10-06T11:00:00+05:30,Anuradhapura_NorthCentral,30.5,133.15826408005807,830.0,1.04,19.477907982973576
2026-10-06T11:15:00+05:30,Anuradhapura_NorthCentral,30.6,142.04383210780884,834.0,1.07,16.97113583057451
2026-10-06T11:30:00+05:30,Anuradhapura_NorthCentral,30.7,153.58391025196784,827.0,1.03,14.987897009568414
2026-10-06T11:45:00+05:30,Anuradhapura_NorthCentral,30.7,167.8406861928911,813.0,0.99,13.756531303430748
2026-10-06T12:00:00+05:30,Anuradhapura_NorthCentral,30.6,183.71125405102265,798.0,0.96,13.484619256074652
2026-10-06T12:15:00+05:30,Anuradhapura_NorthCentral,30.5,199.04796231566783,787.0,0.88,14.22727857254634
2026-10-06T12:30:00+05:30,Anuradhapura_NorthCentral,30.4,212.07814307673854,778.0,0.85,15.842456087484095
2026-10-06T12:45:00+05:30,Anuradhapura_NorthCentral,30.3,222.31543280880214,768.0,0.75,18.098021414561856
2026-10-06T13:00:00+05:30,Anuradhapura_NorthCentral,30.1,230.13123000337413,755.0,0.72,20.786525832468698
2026-10-06T13:15:00+05:30,Anuradhapura_NorthCentral,29.9,236.10738339294366,738.0,0.63,23.761446391731837
2026-10-06T13:30:00+05:30,Anuradhapura_NorthCentral,29.6,240.74697716078984,717.0,0.54,26.92800167881795
2026-10-06T13:45:00+05:30,Anuradhapura_NorthCentral,29.4,244.4209832575284,693.0,0.46,30.225999961564156
2026-10-06T14:00:00+05:30,Anuradhapura_NorthCentral,29.1,247.38985360603954,666.0,0.4,33.616753319705815
2026-10-06T14:15:00+05:30,Anuradhapura_NorthCentral,28.8,249.8350331619617,637.0,0.4,37.074795797496954
2026-10-06T14:30:00+05:30,Anuradhapura_NorthCentral,28.5,251.88408396066325,604.0,0.42,40.58290315322675
2026-10-06T14:45:00+05:30,Anuradhapura_NorthCentral,28.2,253.62811859206957,569.0,0.47,44.1291094631622
2026-10-06T15:00:00+05:30,Anuradhapura_NorthCentral,27.8,255.13340196454746,532.0,0.54,47.704890431435444
2026-10-06T15:15:00+05:30,Anuradhapura_NorthCentral,27.5,256.44901782457816,492.0,0.62,51.30403234421197
2026-10-06T15:30:00+05:30,Anuradhapura_NorthCentral,27.2,257.6119722038221,452.0,0.71,54.92191172872231
2026-10-06T15:45:00+05:30,Anuradhapura_NorthCentral,26.9,258.65063609222744,409.0,0.8,58.555023295613736
2026-10-06T16:00:00+05:30,Anuradhapura_NorthCentral,26.6,259.58710584186497,364.0,0.9,62.2006638575891
2026-10-06T16:15:00+05:30,Anuradhapura_NorthCentral,26.3,260.43884945483956,316.0,1.0,65.8567174636482
2026-10-06T16:30:00+05:30,Anuradhapura_NorthCentral,26.1,261.2198738343237,269.0,1.05,69.52150428815698
2026-10-06T16:45:00+05:30,Anuradhapura_NorthCentral,25.8,261.94156663332865,221.0,1.11,73.19367304617103
2026-10-06T17:00:00+05:30,Anuradhapura_NorthCentral,25.6,262.61331381984286,171.0,1.17,76.87212450946394
2026-10-06T17:15:00+05:30,Anuradhapura_NorthCentral,25.4,263.24295989994334,120.0,1.22,80.55595407399264
2026-10-06T17:30:00+05:30,Anuradhapura_NorthCentral,25.3,263.8371571902402,71.0,1.23,84.24440875642719
2026-10-06T17:45:00+05:30,Anuradhapura_NorthCentral,25.1,264.40163630117587,31.0,1.24,87.9368559882157
2026-10-06T18:00:00+05:30,Anuradhapura_NorthCentral,25.0,264.94142000381316,4.0,1.24,91.63275836858173
2026-10-06T18:15:00+05:30,Anuradhapura_NorthCentral,24.9,265.4609973042168,0.0,1.2,95.33165384346518
2026-10-06T18:30:00+05:30,Anuradhapura_NorthCentral,24.8,265.9644704413484,0.0,1.15,99.033141347022
2026-10-06T18:45:00+05:30,Anuradhapura_NorthCentral,24.7,266.4556844021836,0.0,1.12,102.7368678613901
2026-10-06T19:00:00+05:30,Anuradhapura_NorthCentral,24.7,266.9383478597083,0.0,1.08,106.442517564896
2026-10-06T19:15:00+05:30,Anuradhapura_NorthCentral,24.6,267.41615403211074,0.0,1.01,110.14980390855085
2026-10-06T19:30:00+05:30,Anuradhapura_NorthCentral,24.6,267.8929100530327,0.0,0.96,113.85846109003522
2026-10-06T19:45:00+05:30,Anuradhapura_NorthCentral,24.5,268.37268594044673,0.0,0.9,117.56823587772593
2026-10-06T20:00:00+05:30,Anuradhapura_NorthCentral,24.5,268.8599978897822,0.0,0.86,121.27888072163243
2026-10-06T20:15:00+05:30,Anuradhapura_NorthCentral,24.5,269.36004641679875,0.0,0.81,124.99014447629396
2026-10-06T20:30:00+05:30,Anuradhapura_NorthCentral,24.5,269.8790413308441,0.0,0.74,128.70176128665514
2026-10-06T20:45:00+05:30,Anuradhapura_NorthCentral,24.5,270.42466434716107,0.0,0.72,132.41343772129088
2026-10-06T21:00:00+05:30,Anuradhapura_NorthCentral,24.4,271.0067528143234,0.0,0.67,136.12483290169737
2026-10-06T21:15:00+05:30,Anuradhapura_NorthCentral,24.4,271.63834953206185,0.0,0.68,139.83552926504876
2026-10-06T21:30:00+05:30,Anuradhapura_NorthCentral,24.4,272.33738010247197,0.0,0.66,143.54498855210664
2026-10-06T21:45:00+05:30,Anuradhapura_NorthCentral,24.4,273.12945231595,0.0,0.65,147.25247694989486
2026-10-06T22:00:00+05:30,Anuradhapura_NorthCentral,24.4,274.05277129477264,0.0,0.71,150.95693461091435
2026-10-06T22:15:00+05:30,Anuradhapura_NorthCentral,24.4,275.1673069467778,0.0,0.72,154.65673435142077
2026-10-06T22:30:00+05:30,Anuradhapura_NorthCentral,24.4,276.57320737080556,0.0,0.74,158.34919331778156
2026-10-06T22:45:00+05:30,Anuradhapura_NorthCentral,24.4,278.451425473696,0.0,0.76,162.02949037197294
2026-10-06T23:00:00+05:30,Anuradhapura_NorthCentral,24.3,281.1650981056242,0.0,0.85,165.6879403262679
2026-10-06T23:15:00+05:30,Anuradhapura_NorthCentral,24.3,285.5587892195316,0.0,0.87,169.30179339500467
2026-10-06T23:30:00+05:30,Anuradhapura_NorthCentral,24.3,294.0780629777801,0.0,0.9,172.80320714701384
2026-10-06T23:45:00+05:30,Anuradhapura_NorthCentral,24.2,316.34911924864605,0.0,0.93,175.89332199797775
2026-10-07T00:00:00+05:30,Anuradhapura_NorthCentral,24.2,16.852771613611367,0.0,0.93,176.89097911354258
2026-10-07T00:15:00+05:30,Anuradhapura_NorthCentral,24.1,57.55167042016865,0.0,0.96,174.50479910037083
2026-10-07T00:30:00+05:30,Anuradhapura_NorthCentral,24.1,70.95725657402193,0.0,0.96,171.14242783748423
2026-10-07T00:45:00+05:30,Anuradhapura_NorthCentral,24.0,76.97864557302847,0.0,0.96,167.57259099094128
2026-10-07T01:00:00+05:30,Anuradhapura_NorthCentral,23.9,80.4042503407801,0.0,0.99,163.93315065179837
2026-10-07T01:15:00+05:30,Anuradhapura_NorthCentral,23.9,82.65258834226074,0.0,0.96,160.26275246562213
2026-10-07T01:30:00+05:30,Anuradhapura_NorthCentral,23.8,84.27422209296151,0.0,0.96,156.57613645379564
2026-10-07T01:45:00+05:30,Anuradhapura_NorthCentral,23.7,85.52500718144483,0.0,0.96,152.8801186923119
2026-10-07T02:00:00+05:30,Anuradhapura_NorthCentral,23.6,86.53958893826302,0.0,0.96,149.17829449941482
2026-10-07T02:15:00+05:30,Anuradhapura_NorthCentral,23.5,87.39556763484597,0.0,0.92,145.47275547862233
2026-10-07T02:30:00+05:30,Anuradhapura_NorthCentral,23.5,88.14090163972912,0.0,0.92,141.7648177645931
2026-10-07T02:45:00+05:30,Anuradhapura_NorthCentral,23.4,88.80693984866559,0.0,0.92,138.0553658193357
2026-10-07T03:00:00+05:30,Anuradhapura_NorthCentral,23.4,89.41515902760545,0.0,0.85,134.34503102110148
2026-10-07T03:15:00+05:30,Anuradhapura_NorthCentral,23.3,89.98088808493253,0.0,0.81,130.6342908547651
2026-10-07T03:30:00+05:30,Anuradhapura_NorthCentral,23.3,90.515483996108,0.0,0.81,126.92352599762197
2026-10-07T03:45:00+05:30,Anuradhapura_NorthCentral,23.3,91.02766408922497,0.0,0.81,123.21305693331084
2026-10-07T04:00:00+05:30,Anuradhapura_NorthCentral,23.3,91.5243565614013,0.0,0.78,119.50316815008198
2026-10-07T04:15:00+05:30,Anuradhapura_NorthCentral,23.3,92.01126496616388,0.0,0.82,115.79412361994457
2026-10-07T04:30:00+05:30,Anuradhapura_NorthCentral,23.4,92.49325706557033,0.0,0.82,112.0861795128519
2026-10-07T04:45:00+05:30,Anuradhapura_NorthCentral,23.4,92.97464373257765,0.0,0.82,108.37959444665805
2026-10-07T05:00:00+05:30,Anuradhapura_NorthCentral,23.5,93.45938836715686,0.0,0.86,104.67463693703945
2026-10-07T05:15:00+05:30,Anuradhapura_NorthCentral,23.6,93.95127229931359,0.0,0.86,100.9715938409764
2026-10-07T05:30:00+05:30,Anuradhapura_NorthCentral,23.7,94.45403382007873,0.0,0.9,97.27077891923945
2026-10-07T05:45:00+05:30,Anuradhapura_NorthCentral,23.9,94.97149359855558,0.0,0.94,93.5725405895718
2026-10-07T06:00:00+05:30,Anuradhapura_NorthCentral,24.1,95.50767593674891,0.0,0.99,89.87727239424794
2026-10-07T06:15:00+05:30,Anuradhapura_NorthCentral,24.4,96.06693463625044,17.0,1.1,86.1854253127112
2026-10-07T06:30:00+05:30,Anuradhapura_NorthCentral,24.6,96.65409215712151,57.0,1.14,82.49752117838861
2026-10-07T06:45:00+05:30,Anuradhapura_NorthCentral,24.9,97.27460093595869,109.0,1.19,78.81417114936663
2026-10-07T07:00:00+05:30,Anuradhapura_NorthCentral,25.3,97.93473824903174,170.0,1.3,75.13609902648265
2026-10-07T07:15:00+05:30,Anuradhapura_NorthCentral,25.6,98.64184929423112,232.0,1.34,71.46416972043251
2026-10-07T07:30:00+05:30,Anuradhapura_NorthCentral,26.0,99.4046573600155,291.0,1.45,67.79942831364414
2026-10-07T07:45:00+05:30,Anuradhapura_NorthCentral,26.4,100.23366815415284,346.0,1.57,64.14315179373462
2026-10-07T08:00:00+05:30,Anuradhapura_NorthCentral,26.8,101.14170684361488,400.0,1.66,60.496917156425184
2026-10-07T08:15:00+05:30,Anuradhapura_NorthCentral,27.3,102.14464256193918,454.0,1.77,56.86269648950631
2026-10-07T08:30:00+05:30,Anuradhapura_NorthCentral,27.7,103.2623822531881,505.0,1.86,53.242989105201154
2026-10-07T08:45:00+05:30,Anuradhapura_NorthCentral,28.1,104.5202566583747,552.0,1.95,49.64100703251642
2026-10-07T09:00:00+05:30,Anuradhapura_NorthCentral,28.5,105.9509835865685,597.0,2.02,46.06094467660252
2026-09-30T09:15:00+05:30,Vavuniya_Northern,31.4,104.0337093318044,649.0,5.42,42.25490915841183
2026-09-30T09:30:00+05:30,Vavuniya_Northern,31.8,105.72710970256071,694.0,5.33,38.67287015014335
2026-09-30T09:45:00+05:30,Vavuniya_Northern,32.1,107.72612225336923,735.0,5.3,35.123342289090516
2026-09-30T10:00:00+05:30,Vavuniya_Northern,32.5,110.13051927151247,773.0,5.27,31.617354175369016
2026-09-30T10:15:00+05:30,Vavuniya_Northern,32.8,113.08461500852059,807.0,5.23,28.171240856883422
2026-09-30T10:30:00+05:30,Vavuniya_Northern,33.1,116.80225762844714,839.0,5.2,24.810037358333517
2026-09-30T10:45:00+05:30,Vavuniya_Northern,33.4,121.60663762182816,867.0,5.13,21.573538962789584
2026-09-30T11:00:00+05:30,Vavuniya_Northern,33.8,127.98859534951339,888.0,5.04,18.527283374855358
2026-09-30T11:15:00+05:30,Vavuniya_Northern,34.1,136.66634788842094,898.0,4.97,15.78188630976031
2026-09-30T11:30:00+05:30,Vavuniya_Northern,34.3,148.53389025002798,894.0,4.87,13.52191891189527
2026-09-30T11:45:00+05:30,Vavuniya_Northern,34.5,164.13871974674316,883.0,4.73,12.024326246557976
2026-09-30T12:00:00+05:30,Vavuniya_Northern,34.6,182.40209294622645,874.0,4.6,11.588572844148885
2026-09-30T12:15:00+05:30,Vavuniya_Northern,34.7,200.20496540959564,876.0,4.43,12.327787796436724
2026-09-30T12:30:00+05:30,Vavuniya_Northern,34.8,214.83370157120473,892.0,4.32,14.057818178100092
2026-09-30T12:45:00+05:30,Vavuniya_Northern,34.9,225.7733384001463,908.0,4.28,16.469308868596812
2026-09-30T13:00:00+05:30,Vavuniya_Northern,35.0,233.76064022144928,910.0,4.28,19.30857248938078
2026-09-30T13:15:00+05:30,Vavuniya_Northern,35.1,239.66519160790492,888.0,4.24,22.413596366804384
2026-09-30T13:30:00+05:30,Vavuniya_Northern,35.2,244.1417715213422,844.0,4.24,25.688153196356637
2026-09-30T13:45:00+05:30,Vavuniya_Northern,35.4,247.63039755852873,790.0,4.17,29.074977230210187
2026-09-30T14:00:00+05:30,Vavuniya_Northern,35.6,250.42044847272336,732.0,4.06,32.5389869742192
2026-09-30T14:15:00+05:30,Vavuniya_Northern,35.7,252.704232907041,679.0,4.01,36.057896754492695
2026-09-30T14:30:00+05:30,Vavuniya_Northern,35.3,254.61232987399967,627.0,4.02,39.61702942861971
2026-09-30T14:45:00+05:30,Vavuniya_Northern,34.3,256.23560403869385,574.0,4.23,43.2063928378136
2026-09-30T15:00:00+05:30,Vavuniya_Northern,32.8,257.63884259041725,519.0,4.63,46.818978399816665
2026-09-30T15:15:00+05:30,Vavuniya_Northern,31.3,258.86931526619753,462.0,5.01,50.44973780600122
2026-09-30T15:30:00+05:30,Vavuniya_Northern,30.3,259.9622576202793,401.0,5.19,54.09494876812852
2026-09-30T15:45:00+05:30,Vavuniya_Northern,30.1,260.9444621094757,342.0,4.99,57.75180798125458
2026-09-30T16:00:00+05:30,Vavuniya_Northern,30.2,261.8366838136614,291.0,4.55,61.418163158002514
2026-09-30T16:15:00+05:30,Vavuniya_Northern,30.5,262.6552879502219,252.0,4.25,65.09233354841483
2026-09-30T16:30:00+05:30,Vavuniya_Northern,30.7,263.41340155893226,223.0,4.1,68.77298486015148
2026-09-30T16:45:00+05:30,Vavuniya_Northern,30.8,264.12173545815466,195.0,4.04,72.45904088871949
2026-09-30T17:00:00+05:30,Vavuniya_Northern,30.9,264.78918320626906,161.0,4.04,76.14962126797995
2026-09-30T17:15:00+05:30,Vavuniya_Northern,31.0,265.42326644840955,120.0,4.04,79.84399457417418
2026-09-30T17:30:00+05:30,Vavuniya_Northern,30.9,266.03047402632257,77.0,4.04,83.5415431011409
2026-09-30T17:45:00+05:30,Vavuniya_Northern,30.7,266.6165274700676,38.0,4.11,87.24173730460647
2026-09-30T18:00:00+05:30,Vavuniya_Northern,30.4,267.1865953796844,7.0,4.21,90.94411452888444
2026-09-30T18:15:00+05:30,Vavuniya_Northern,30.1,267.74547398002966,0.0,4.32,94.64826176271885
2026-09-30T18:30:00+05:30,Vavuniya_Northern,29.8,268.297747356751,0.0,4.32,98.35380264198055
2026-09-30T18:45:00+05:30,Vavuniya_Northern,29.6,268.8479381714253,0.0,4.25,102.06038471394342
2026-09-30T19:00:00+05:30,Vavuniya_Northern,29.4,269.4006596463161,0.0,4.11,105.76766760449229
2026-09-30T19:15:00+05:30,Vavuniya_Northern,29.1,269.96078016292466,0.0,3.97,109.47531278814986
2026-09-30T19:30:00+05:30,Vavuniya_Northern,28.9,270.5336131783654,0.0,3.83,113.18297114202821
2026-09-30T19:45:00+05:30,Vavuniya_Northern,28.7,271.1251497254284,0.0,3.62,116.89026877797383
2026-09-30T20:00:00+05:30,Vavuniya_Northern,28.5,271.74235748943204,0.0,3.41,120.59679134556436
2026-09-30T20:15:00+05:30,Vavuniya_Northern,28.3,272.39358087860006,0.0,3.23,124.30206195755679
2026-09-30T20:30:00+05:30,Vavuniya_Northern,28.1,273.0890956414353,0.0,3.12,128.00551144677712
2026-09-30T20:45:00+05:30,Vavuniya_Northern,28.0,273.84190287851754,0.0,3.08,131.70643804886757
2026-09-30T21:00:00+05:30,Vavuniya_Northern,27.9,274.66890061102276,0.0,3.15,135.40394633298627
2026-09-30T21:15:00+05:30,Vavuniya_Northern,27.8,275.59266871499256,0.0,3.22,139.09685461643028
2026-09-30T21:30:00+05:30,Vavuniya_Northern,27.7,276.64428358647524,0.0,3.3,142.78355059560693
2026-09-30T21:45:00+05:30,Vavuniya_Northern,27.6,277.8679286629816,0.0,3.35,146.46175180682368
2026-09-30T22:00:00+05:30,Vavuniya_Northern,27.5,279.3287856294178,0.0,3.39,150.12809334285333
2026-09-30T22:15:00+05:30,Vavuniya_Northern,27.4,281.12724894179365,0.0,3.43,153.77737984084195
2026-09-30T22:30:00+05:30,Vavuniya_Northern,27.3,283.4261173180492,0.0,3.44,157.40113127273688
2026-09-30T22:45:00+05:30,Vavuniya_Northern,27.2,286.50645015434714,0.0,3.41,160.9845289794767
2026-09-30T23:00:00+05:30,Vavuniya_Northern,27.1,290.8922034172267,0.0,3.31,164.49934788418432
2026-09-30T23:15:00+05:30,Vavuniya_Northern,27.0,297.6536106468323,0.0,3.22,167.8855348928492
2026-09-30T23:30:00+05:30,Vavuniya_Northern,26.9,309.1788890235428,0.0,3.19,170.99655106133338
2026-09-30T23:45:00+05:30,Vavuniya_Northern,26.8,330.5809456386579,0.0,3.19,173.42898940870504
2026-10-01T00:00:00+05:30,Vavuniya_Northern,26.7,5.22586925017896,0.0,3.29,174.24589431173112
2026-10-01T00:15:00+05:30,Vavuniya_Northern,26.6,36.83905401694585,0.0,3.36,172.86861212511974
2026-10-01T00:30:00+05:30,Vavuniya_Northern,26.6,54.83473348604343,0.0,3.45,170.18074625089668
2026-10-01T00:45:00+05:30,Vavuniya_Northern,26.5,64.67599281617714,0.0,3.55,166.9696393865095
2026-10-01T01:00:00+05:30,Vavuniya_Northern,26.4,70.621338641987,0.0,3.62,163.53881993136537
2026-10-01T01:15:00+05:30,Vavuniya_Northern,26.4,74.5723918078071,0.0,3.68,160.0011762973109
2026-10-01T01:30:00+05:30,Vavuniya_Northern,26.3,77.39938262201866,0.0,3.7,156.40484937060347
2026-10-01T01:45:00+05:30,Vavuniya_Northern,26.3,79.53973400541406,0.0,3.72,152.7732336501472
2026-10-01T02:00:00+05:30,Vavuniya_Northern,26.3,81.23349060234546,0.0,3.68,149.11893498058635
2026-10-01T02:15:00+05:30,Vavuniya_Northern,26.3,82.62230699176104,0.0,3.66,145.44931679908177
2026-10-01T02:30:00+05:30,Vavuniya_Northern,26.2,83.79488117408556,0.0,3.6,141.7689664937776
2026-10-01T02:45:00+05:30,Vavuniya_Northern,26.2,84.80953836433383,0.0,3.43,138.0808962545379
2026-10-01T03:00:00+05:30,Vavuniya_Northern,26.1,85.70624637387078,0.0,3.26,134.38717479354247
2026-10-01T03:15:00+05:30,Vavuniya_Northern,26.1,86.51338672415727,0.0,3.2,130.68928048580082
2026-10-01T03:30:00+05:30,Vavuniya_Northern,26.0,87.2517618813805,0.0,3.13,126.98830789508338
2026-10-01T03:45:00+05:30,Vavuniya_Northern,25.9,87.93706844273845,0.0,2.93,123.28509599147947
2026-10-01T04:00:00+05:30,Vavuniya_Northern,25.7,88.58148137748299,0.0,2.73,119.58031045746466
2026-10-01T04:15:00+05:30,Vavuniya_Northern,25.6,89.1947036440065,0.0,2.76,115.8744970975646
2026-10-01T04:30:00+05:30,Vavuniya_Northern,25.5,89.78468344720659,0.0,2.84,112.16811986152767
2026-10-01T04:45:00+05:30,Vavuniya_Northern,25.4,90.35812002083651,0.0,2.79,108.46158825739776
2026-10-01T05:00:00+05:30,Vavuniya_Northern,25.4,90.92083237347015,0.0,2.76,104.75527652686696
2026-10-01T05:15:00+05:30,Vavuniya_Northern,25.4,91.47803782466826,0.0,2.84,101.04954005385963
2026-10-01T05:30:00+05:30,Vavuniya_Northern,25.4,92.03457184468425,0.0,2.93,97.34472919750716
2026-10-01T05:45:00+05:30,Vavuniya_Northern,25.4,92.59507100877187,0.0,2.93,93.64120027480512
2026-10-01T06:00:00+05:30,Vavuniya_Northern,25.4,93.16413442845146,0.0,2.83,89.93932762216271
2026-10-01T06:15:00+05:30,Vavuniya_Northern,25.5,93.74647638371954,16.0,2.79,86.2395160887284
2026-10-01T06:30:00+05:30,Vavuniya_Northern,25.6,94.34708133488078,45.0,2.8,82.54221329395386
2026-10-01T06:45:00+05:30,Vavuniya_Northern,25.8,94.97137161909563,76.0,2.91,78.84792555060218
2026-10-01T07:00:00+05:30,Vavuniya_Northern,26.0,95.62539989802491,109.0,3.14,75.15723708103012
2026-10-01T07:15:00+05:30,Vavuniya_Northern,26.3,96.31608099977745,145.0,3.33,71.47083250237638
2026-10-01T07:30:00+05:30,Vavuniya_Northern,26.7,97.05148136683647,186.0,3.44,67.78952755113681
2026-10-01T07:45:00+05:30,Vavuniya_Northern,27.1,97.84119193117624,231.0,3.49,64.11430936768342
2026-10-01T08:00:00+05:30,Vavuniya_Northern,27.5,98.69682107548226,277.0,3.47,60.44638896312403
2026-10-01T08:15:00+05:30,Vavuniya_Northern,28.0,99.63266008444197,321.0,3.43,56.787274901620464
2026-10-01T08:30:00+05:30,Vavuniya_Northern,28.4,100.66660043027878,358.0,3.33,53.13887594554281
2026-10-01T08:45:00+05:30,Vavuniya_Northern,28.8,101.82142402601471,393.0,3.16,49.50364554946979
2026-10-01T09:00:00+05:30,Vavuniya_Northern,29.3,103.12665365115697,434.0,2.96,45.88479399302514
2026-10-01T09:15:00+05:30,Vavuniya_Northern,29.7,104.62126239272197,492.0,2.76,42.28660395873623
2026-10-01T09:30:00+05:30,Vavuniya_Northern,30.1,106.35772615524093,570.0,2.52,38.71491065127509
2026-10-01T09:45:00+05:30,Vavuniya_Northern,30.5,108.40821337902901,659.0,2.36,35.17785723129061
2026-10-01T10:00:00+05:30,Vavuniya_Northern,31.0,110.87423169786126,743.0,2.15,31.687115531611937
2026-10-01T10:15:00+05:30,Vavuniya_Northern,31.4,113.90190448322079,808.0,1.97,28.259919649906053
2026-10-01T10:30:00+05:30,Vavuniya_Northern,31.8,117.70627337102923,855.0,1.84,24.922564195058186
2026-10-01T10:45:00+05:30,Vavuniya_Northern,32.2,122.60902997964723,891.0,1.72,21.716572393370228
2026-10-01T11:00:00+05:30,Vavuniya_Northern,32.7,129.09111321717387,917.0,1.61,18.709657323008827
2026-10-01T11:15:00+05:30,Vavuniya_Northern,33.1,137.83846706817576,938.0,1.48,16.01441017096532
2026-10-01T11:30:00+05:30,Vavuniya_Northern,33.4,149.66575680319153,947.0,1.37,13.81452548870024
2026-10-01T11:45:00+05:30,Vavuniya_Northern,33.7,164.99467275093173,948.0,1.22,12.377060478803045
2026-10-01T12:00:00+05:30,Vavuniya_Northern,34.0,182.71725940726824,945.0,1.0,11.979711052226861
2026-10-01T12:15:00+05:30,Vavuniya_Northern,34.2,199.9509827026848,944.0,0.82,12.720333423476092
2026-10-01T12:30:00+05:30,Vavuniya_Northern,34.4,214.22358108846234,948.0,0.68,14.424689433549162
2026-10-01T12:45:00+05:30,Vavuniya_Northern,34.6,225.02065071953024,946.0,0.72,16.802001708280656
2026-10-01T13:00:00+05:30,Vavuniya_Northern,34.8,232.98446305680838,926.0,0.86,19.60899538654826
2026-10-01T13:15:00+05:30,Vavuniya_Northern,35.0,238.91614352836476,874.0,1.0,22.68670569372634
2026-10-01T13:30:00+05:30,Vavuniya_Northern,35.0,243.4368686329972,794.0,0.9,25.938913406660802
2026-10-01T13:45:00+05:30,Vavuniya_Northern,35.1,246.97237142925331,699.0,0.32,29.307546919799293
2026-10-01T14:00:00+05:30,Vavuniya_Northern,35.2,249.80650476149378,607.0,0.65,32.7566661762872
2026-10-01T14:15:00+05:30,Vavuniya_Northern,35.0,252.12976532913524,528.0,1.39,36.26326927558547
2026-10-01T14:30:00+05:30,Vavuniya_Northern,34.4,254.07243515085148,450.0,1.46,39.81212337386806
2026-10-01T14:45:00+05:30,Vavuniya_Northern,33.1,255.72566116654366,379.0,0.64,43.392814643999635
2026-10-01T15:00:00+05:30,Vavuniya_Northern,31.3,257.15469796125143,323.0,2.09,46.99801548601525
2026-10-01T15:15:00+05:30,Vavuniya_Northern,29.4,258.4073054650464,289.0,4.07,50.622434991938896
2026-10-01T15:30:00+05:30,Vavuniya_Northern,28.0,259.5191695845907,275.0,5.02,54.26216482561729
2026-10-01T15:45:00+05:30,Vavuniya_Northern,27.2,260.51747331020294,266.0,4.33,57.91425766624039
2026-10-01T16:00:00+05:30,Vavuniya_Northern,26.9,261.4233002114394,249.0,2.7,61.57644872761355
2026-10-01T16:15:00+05:30,Vavuniya_Northern,26.7,262.25328652612296,216.0,0.85,65.24696867238548
2026-10-01T16:30:00+05:30,Vavuniya_Northern,26.4,263.0207794102507,175.0,0.55,68.9244130013636
2026-10-01T16:45:00+05:30,Vavuniya_Northern,26.0,263.7366654258647,133.0,0.71,72.60764963749693
2026-10-01T17:00:00+05:30,Vavuniya_Northern,25.6,264.4099752016033,96.0,0.8,76.29575369531128
2026-10-01T17:15:00+05:30,Vavuniya_Northern,25.2,265.0483333811608,66.0,1.19,79.98795838932078
2026-10-01T17:30:00+05:30,Vavuniya_Northern,25.0,265.6583012035501,40.0,1.62,83.68361818310521
2026-10-01T17:45:00+05:30,Vavuniya_Northern,24.9,266.2456443742325,19.0,1.92,87.38218205294872
2026-10-01T18:00:00+05:30,Vavuniya_Northern,24.9,266.81554877036007,4.0,2.27,91.08317136591793
2026-10-01T18:15:00+05:30,Vavuniya_Northern,24.9,267.3728012815112,0.0,2.51,94.78616207053321
2026-10-01T18:30:00+05:30,Vavuniya_Northern,24.9,267.92194925250715,0.0,2.5,98.49077136821997
2026-10-01T18:45:00+05:30,Vavuniya_Northern,24.8,268.4674492216021,0.0,2.08,102.19664486558777
2026-10-01T19:00:00+05:30,Vavuniya_Northern,24.7,269.0138155524143,0.0,1.44,105.9034448473325
2026-10-01T19:15:00+05:30,Vavuniya_Northern,24.7,269.5657799893048,0.0,1.2,109.61084038966851
2026-10-01T19:30:00+05:30,Vavuniya_Northern,24.6,270.12847436885124,0.0,1.31,113.31849553577675
2026-10-01T19:45:00+05:30,Vavuniya_Northern,24.6,270.70765304631334,0.0,1.07,117.02605611164122
2026-10-01T20:00:00+05:30,Vavuniya_Northern,24.7,271.3099779679497,0.0,0.6,120.73313547870539
2026-10-01T20:15:00+05:30,Vavuniya_Northern,24.7,271.94339924171277,0.0,0.36,124.43929458021377
2026-10-01T20:30:00+05:30,Vavuniya_Northern,24.7,272.6176823780937,0.0,0.6,128.14401527757101
2026-10-01T20:45:00+05:30,Vavuniya_Northern,24.7,273.3451633994502,0.0,0.68,131.84666455135425
2026-10-01T21:00:00+05:30,Vavuniya_Northern,24.7,274.1418643428208,0.0,0.67,135.54644016581352
2026-10-01T21:15:00+05:30,Vavuniya_Northern,24.6,275.0291960756402,0.0,0.64,139.2422883365503
2026-10-01T21:30:00+05:30,Vavuniya_Northern,24.6,276.03665069198394,0.0,0.61,142.9327754045811
2026-10-01T21:45:00+05:30,Vavuniya_Northern,24.6,277.2062274585619,0.0,0.6,146.6158741878343
2026-10-01T22:00:00+05:30,Vavuniya_Northern,24.6,278.60004368946545,0.0,0.63,150.28859503317577
2026-10-01T22:15:00+05:30,Vavuniya_Northern,24.7,280.31413061616877,0.0,0.67,153.94631340142647
2026-10-01T22:30:00+05:30,Vavuniya_Northern,24.7,282.50505385650536,0.0,0.75,157.58145357131838
2026-10-01T22:45:00+05:30,Vavuniya_Northern,24.7,285.4452862463569,0.0,0.8,161.18069760138678
2026-10-01T23:00:00+05:30,Vavuniya_Northern,24.7,289.6491677689464,0.0,0.8,164.718431584114
2026-10-01T23:15:00+05:30,Vavuniya_Northern,24.6,296.18958924912056,0.0,0.85,168.13925536720035
2026-10-01T23:30:00+05:30,Vavuniya_Northern,24.6,307.5551316973183,0.0,0.85,171.30385377324677
2026-10-01T23:45:00+05:30,Vavuniya_Northern,24.6,329.4899377595282,0.0,0.85,173.8059676522164
2026-10-02T00:00:00+05:30,Vavuniya_Northern,24.6,6.459079717189525,0.0,0.9,174.6234067142548
2026-10-02T00:15:00+05:30,Vavuniya_Northern,24.6,39.30592461933253,0.0,0.91,173.12627952777265
2026-10-02T00:30:00+05:30,Vavuniya_Northern,24.6,56.98676405894872,0.0,0.93,170.3363854790482
2026-10-02T00:45:00+05:30,Vavuniya_Northern,24.6,66.38681279272356,0.0,0.98,167.0648843414499
2026-10-02T01:00:00+05:30,Vavuniya_Northern,24.6,72.0056110494312,0.0,1.1,163.5975864016423
2026-10-02T01:15:00+05:30,Vavuniya_Northern,24.6,75.72651948499345,0.0,1.18,160.036390552515
2026-10-02T01:30:00+05:30,Vavuniya_Northern,24.6,78.38778235140506,0.0,1.2,156.42395934620296
2026-10-02T01:45:00+05:30,Vavuniya_Northern,24.6,80.40508033562173,0.0,1.2,152.78084494077842
2026-10-02T02:00:00+05:30,Vavuniya_Northern,24.6,82.00486748180833,0.0,1.14,149.11807345444842
2026-10-02T02:15:00+05:30,Vavuniya_Northern,24.5,83.3202185471497,0.0,1.08,145.44207259865485
2026-10-02T02:30:00+05:30,Vavuniya_Northern,24.5,84.43425442838043,0.0,1.05,141.75684495404184
2026-10-02T02:45:00+05:30,Vavuniya_Northern,24.5,85.40155847147895,0.0,1.05,138.06502072269342
2026-10-02T03:00:00+05:30,Vavuniya_Northern,24.5,86.25951293332537,0.0,1.01,134.3684099563852
2026-10-02T03:15:00+05:30,Vavuniya_Northern,24.5,87.0346657383526,0.0,0.97,130.66831071051845
2026-10-02T03:30:00+05:30,Vavuniya_Northern,24.5,87.74648966361116,0.0,1.0,126.96568892088337
2026-10-02T03:45:00+05:30,Vavuniya_Northern,24.5,88.40969883753087,0.0,1.03,123.26129021277211
2026-10-02T04:00:00+05:30,Vavuniya_Northern,24.5,89.03573125135136,0.0,1.03,119.55571177293862
2026-10-02T04:15:00+05:30,Vavuniya_Northern,24.4,89.63373068882271,0.0,1.1,115.84944893057263
2026-10-02T04:30:00+05:30,Vavuniya_Northern,24.4,90.21121799149904,0.0,1.1,112.14292862342316
2026-10-02T04:45:00+05:30,Vavuniya_Northern,24.4,90.7745650308724,0.0,1.03,108.4365337215767
2026-10-02T05:00:00+05:30,Vavuniya_Northern,24.3,91.32934115832575,0.0,0.96,104.73062009630016
2026-10-02T05:15:00+05:30,Vavuniya_Northern,24.3,91.88057600551298,0.0,0.94,101.02553160641561
2026-10-02T05:30:00+05:30,Vavuniya_Northern,24.3,92.43296822800721,0.0,0.94,97.32161299685808
2026-10-02T05:45:00+05:30,Vavuniya_Northern,24.4,92.99106075294196,0.0,1.04,93.61922032354023
2026-10-02T06:00:00+05:30,Vavuniya_Northern,24.4,93.55939708284586,0.0,1.27,89.91873276196254
2026-10-02T06:15:00+05:30,Vavuniya_Northern,24.5,94.14267085640239,17.0,1.46,86.22056510838071
2026-10-02T06:30:00+05:30,Vavuniya_Northern,24.7,94.74587953466227,55.0,1.61,82.52518030506536
2026-10-02T06:45:00+05:30,Vavuniya_Northern,25.0,95.37449236997963,102.0,1.67,78.83310589294884
2026-10-02T07:00:00+05:30,Vavuniya_Northern,25.5,96.03464470472022,157.0,1.76,75.14495406581256
2026-10-02T07:15:00+05:30,Vavuniya_Northern,25.9,96.73337335559916,214.0,1.77,71.46144536462238
2026-10-02T07:30:00+05:30,Vavuniya_Northern,26.4,97.47891153008015,271.0,1.79,67.7834410757551
2026-10-02T07:45:00+05:30,Vavuniya_Northern,26.8,98.28106947171455,329.0,1.71,64.11198582193532
2026-10-02T08:00:00+05:30,Vavuniya_Northern,27.3,99.15173804242761,386.0,1.57,60.448363177915994
2026-10-02T08:15:00+05:30,Vavuniya_Northern,27.8,100.10556835334978,442.0,1.45,56.79417368149173
2026-10-02T08:30:00+05:30,Vavuniya_Northern,28.2,101.16090766996297,494.0,1.28,53.15144347346562
2026-10-02T08:45:00+05:30,Vavuniya_Northern,28.6,102.34111366469568,542.0,1.1,49.522777186155444
2026-10-02T09:00:00+05:30,Vavuniya_Northern,29.0,103.67643480739258,590.0,0.82,45.91158196502656
2026-10-02T09:15:00+05:30,Vavuniya_Northern,29.4,105.20675492941541,640.0,0.71,42.32240009333054
2026-10-02T09:30:00+05:30,Vavuniya_Northern,29.8,106.9856809465054,695.0,0.65,38.76141380208395
2026-10-02T09:45:00+05:30,Vavuniya_Northern,30.2,109.08675100428661,748.0,0.72,35.23723668830881
2026-10-02T10:00:00+05:30,Vavuniya_Northern,30.6,111.61303474260785,794.0,0.85,31.762186595110016
2026-10-02T10:15:00+05:30,Vavuniya_Northern,30.9,114.71216865166889,825.0,0.96,28.354392584757747
2026-10-02T10:30:00+05:30,Vavuniya_Northern,31.3,118.59987870224415,836.0,1.05,25.041386649476806
2026-10-02T10:45:00+05:30,Vavuniya_Northern,31.5,123.5955063934411,837.0,1.12,21.866353483917877
2026-10-02T11:00:00+05:30,Vavuniya_Northern,31.8,130.16884684616173,839.0,1.12,18.899014550233474
2026-10-02T11:15:00+05:30,Vavuniya_Northern,32.0,138.9726534180047,854.0,1.17,16.253575471182714
2026-10-02T11:30:00+05:30,Vavuniya_Northern,32.2,150.74537450429386,881.0,1.21,14.112285124822463
2026-10-02T11:45:00+05:30,Vavuniya_Northern,32.5,165.79732109813608,911.0,1.31,12.732135377707607
2026-10-02T12:00:00+05:30,Vavuniya_Northern,32.8,183.00670418044373,933.0,1.38,12.370581449383138
2026-10-02T12:15:00+05:30,Vavuniya_Northern,33.1,199.70722287405368,937.0,1.49,13.112162418642768
2026-10-02T12:30:00+05:30,Vavuniya_Northern,33.3,213.63994165545517,926.0,1.63,14.791877294801196
2026-10-02T12:45:00+05:30,Vavuniya_Northern,33.4,224.29445953366115,906.0,1.84,17.136021471102353
2026-10-02T13:00:00+05:30,Vavuniya_Northern,33.4,232.22971116101317,883.0,2.11,19.911270120873084
2026-10-02T13:15:00+05:30,Vavuniya_Northern,33.4,238.18339422509482,862.0,2.4,22.961809408036643
2026-10-02T13:30:00+05:30,Vavuniya_Northern,33.2,242.7442540578724,845.0,2.57,26.191594360019472
2026-10-02T13:45:00+05:30,Vavuniya_Northern,33.0,246.32370283341365,824.0,2.57,29.541857994885632
2026-10-02T14:00:00+05:30,Vavuniya_Northern,32.7,249.1998032965726,791.0,2.38,32.97586233651174
2026-10-02T14:15:00+05:30,Vavuniya_Northern,32.3,251.56100102268272,737.0,2.25,36.46992019856163
2026-10-02T14:30:00+05:30,Vavuniya_Northern,31.8,253.5371062269486,665.0,2.32,40.00825807510505
2026-10-02T14:45:00+05:30,Vavuniya_Northern,31.1,255.2194277707532,586.0,2.8,43.580047295539735
2026-10-02T15:00:00+05:30,Vavuniya_Northern,30.3,256.6736058635803,513.0,3.61,47.17764388003559
2026-10-02T15:15:00+05:30,Vavuniya_Northern,29.5,257.947834801064,453.0,4.37,50.795514856973746
2026-10-02T15:30:00+05:30,Vavuniya_Northern,28.9,259.07821224428415,403.0,4.74,54.429565352601074
2026-10-02T15:45:00+05:30,Vavuniya_Northern,28.8,260.0922845992261,357.0,4.55,58.07670306250547
2026-10-02T16:00:00+05:30,Vavuniya_Northern,28.9,261.01144453831375,311.0,3.98,61.7345495460379
2026-10-02T16:15:00+05:30,Vavuniya_Northern,29.1,261.85258520364033,265.0,3.34,65.40124567367911
2026-10-02T16:30:00+05:30,Vavuniya_Northern,29.2,262.6292633916379,221.0,2.86,69.07531555258024
2026-10-02T16:45:00+05:30,Vavuniya_Northern,29.0,263.3525334747884,178.0,2.75,72.75557009025071
2026-10-02T17:00:00+05:30,Vavuniya_Northern,28.8,264.03155700921354,136.0,2.85,76.44103878984177
2026-10-02T17:15:00+05:30,Vavuniya_Northern,28.4,264.67405675728065,95.0,2.83,80.1309184527593
2026-10-02T17:30:00+05:30,Vavuniya_Northern,28.0,265.2866623607278,57.0,2.44,83.8245346949008
2026-10-02T17:45:00+05:30,Vavuniya_Northern,27.2,265.8751803080225,26.0,1.36,87.52131400504894
2026-10-02T18:00:00+05:30,Vavuniya_Northern,26.3,266.4448107446831,4.0,0.84,91.22076076149105
2026-10-02T18:15:00+05:30,Vavuniya_Northern,25.4,267.0003284166892,0.0,2.15,94.92243883278016
2026-10-02T18:30:00+05:30,Vavuniya_Northern,24.8,267.54624115477566,0.0,3.09,98.62595789335525
2026-10-02T18:45:00+05:30,Vavuniya_Northern,24.5,268.0869364703635,0.0,3.2,102.33096043531582
2026-10-02T19:00:00+05:30,Vavuniya_Northern,24.6,268.62682665121775,0.0,2.85,106.03711011075758
2026-10-02T19:15:00+05:30,Vavuniya_Northern,24.7,269.17050305147706,0.0,2.38,109.7440821483191
2026-10-02T19:30:00+05:30,Vavuniya_Northern,24.7,269.7229113083474,0.0,2.2,113.45155210063751
2026-10-02T19:45:00+05:30,Vavuniya_Northern,24.7,270.28956329252367,0.0,2.3,117.15918356817393
2026-10-02T20:00:00+05:30,Vavuniya_Northern,24.7,270.8768075993151,0.0,2.55,120.86661532404008
2026-10-02T20:15:00+05:30,Vavuniya_Northern,24.7,271.492189755461,0.0,2.77,124.57344336180819
2026-10-02T20:30:00+05:30,Vavuniya_Northern,24.6,272.1449507523281,0.0,2.88,128.2791971586238
2026-10-02T20:45:00+05:30,Vavuniya_Northern,24.6,272.8467411338708,0.0,2.72,131.98330818571577
2026-10-02T21:00:00+05:30,Vavuniya_Northern,24.6,273.61267694854905,0.0,2.46,135.68506201780295
2026-10-02T21:15:00+05:30,Vavuniya_Northern,24.5,274.46295450534245,0.0,2.16,139.38352586574482
2026-10-02T21:30:00+05:30,Vavuniya_Northern,24.5,275.425409949199,0.0,1.95,143.07743574795805
2026-10-02T21:45:00+05:30,Vavuniya_Northern,24.5,276.53974102044776,0.0,1.86,146.7650080224544
2026-10-02T22:00:00+05:30,Vavuniya_Northern,24.5,277.86479917708056,0.0,1.83,150.44361292782003
2026-10-02T22:15:00+05:30,Vavuniya_Northern,24.5,279.4918868592671,0.0,1.82,154.10917710746418
2026-10-02T22:30:00+05:30,Vavuniya_Northern,24.5,281.570628827644,0.0,1.82,157.75500621159742
2026-10-02T22:45:00+05:30,Vavuniya_Northern,24.4,284.363434586164,0.0,1.81,161.36926521195227
2026-10-02T23:00:00+05:30,Vavuniya_Northern,24.4,288.3716948328636,0.0,1.81,164.9289782126806
2026-10-02T23:15:00+05:30,Vavuniya_Northern,24.4,294.66309541402165,0.0,1.75,168.38364144038118
2026-10-02T23:30:00+05:30,Vavuniya_Northern,24.3,305.8123920713743,0.0,1.73,171.6023339738622
2026-10-02T23:45:00+05:30,Vavuniya_Northern,24.3,328.2499855908315,0.0,1.62,174.1792202059262
2026-10-03T00:00:00+05:30,Vavuniya_Northern,24.3,7.8606229582669584,0.0,1.55,174.99768565020327
2026-10-03T00:15:00+05:30,Vavuniya_Northern,24.3,41.94641719083518,0.0,1.42,173.37084475866266
2026-10-03T00:30:00+05:30,Vavuniya_Northern,24.3,59.198043693925115,0.0,1.35,170.47909702623699
2026-10-03T00:45:00+05:30,Vavuniya_Northern,24.3,68.11623737195532,0.0,1.3,167.1498692185956
2026-10-03T01:00:00+05:30,Vavuniya_Northern,24.3,73.39530286768729,0.0,1.33,163.64836261415113
2026-10-03T01:15:00+05:30,Vavuniya_Northern,24.3,76.8814248281389,0.0,1.36,160.06530243387124
2026-10-03T01:30:00+05:30,Vavuniya_Northern,24.2,79.37523323346369,0.0,1.43,156.43802542384503
2026-10-03T01:45:00+05:30,Vavuniya_Northern,24.2,81.26884897299851,0.0,1.51,152.7843762943759
2026-10-03T02:00:00+05:30,Vavuniya_Northern,24.2,82.77448073251446,0.0,1.57,149.1138925498524
2026-10-03T02:15:00+05:30,Vavuniya_Northern,24.1,84.0163650929162,0.0,1.7,145.43212572417616
2026-10-03T02:30:00+05:30,Vavuniya_Northern,24.1,85.07193676299408,0.0,1.72,141.7425330449834
2026-10-03T02:45:00+05:30,Vavuniya_Northern,24.0,85.99198905212575,0.0,1.7,138.04738953890705
2026-10-03T03:00:00+05:30,Vavuniya_Northern,24.0,86.81129695280003,0.0,1.63,134.34826532107394
2026-10-03T03:15:00+05:30,Vavuniya_Northern,24.0,87.55456511111242,0.0,1.52,130.64629154922469
2026-10-03T03:30:00+05:30,Vavuniya_Northern,24.0,88.23993256485306,0.0,1.46,126.94231539555577
2026-10-03T03:45:00+05:30,Vavuniya_Northern,24.0,88.88112958902514,0.0,1.41,123.23699655949386
2026-10-03T04:00:00+05:30,Vavuniya_Northern,24.0,89.48885705564578,0.0,1.3,119.53086943020334
2026-10-03T04:15:00+05:30,Vavuniya_Northern,24.0,90.07169997586504,0.0,1.25,115.82438333252044
2026-10-03T04:30:00+05:30,Vavuniya_Northern,24.0,90.63675242430918,0.0,1.21,112.11793177185467
2026-10-03T04:45:00+05:30,Vavuniya_Northern,23.9,91.19005952490909,0.0,1.14,108.41187390795201
2026-10-03T05:00:00+05:30,Vavuniya_Northern,23.9,91.73694151572647,0.0,1.08,104.70654968661592
2026-10-03T05:15:00+05:30,Vavuniya_Northern,23.8,92.28224076661252,0.0,1.01,101.00229352842749
2026-10-03T05:30:00+05:30,Vavuniya_Northern,23.8,92.83051939781421,0.0,1.01,97.29944639335953
2026-10-03T05:45:00+05:30,Vavuniya_Northern,23.8,93.38622679868149,0.0,1.08,93.5983657209034
2026-10-03T06:00:00+05:30,Vavuniya_Northern,23.9,93.95385077940324,0.0,1.19,89.89943704474253
2026-10-03T06:15:00+05:30,Vavuniya_Northern,23.9,94.53806402612065,16.0,1.37,86.20308655573318
2026-10-03T06:30:00+05:30,Vavuniya_Northern,24.1,95.14387641350334,52.0,1.45,82.50979393608186
2026-10-03T06:45:00+05:30,Vavuniya_Northern,24.3,95.7768031733417,96.0,1.5,78.82010939161835
2026-10-03T07:00:00+05:30,Vavuniya_Northern,24.5,96.4430609401391,147.0,1.51,75.13467458092104
2026-10-03T07:15:00+05:30,Vavuniya_Northern,24.9,97.1498065233838,202.0,1.53,71.45424756154621
2026-10-03T07:30:00+05:30,Vavuniya_Northern,25.2,97.90543706187407,259.0,1.59,67.77973691668731
2026-10-03T07:45:00+05:30,Vavuniya_Northern,25.7,98.71997809712872,317.0,1.66,64.11224669931102
2026-10-03T08:00:00+05:30,Vavuniya_Northern,26.1,99.60559725543135,376.0,1.73,60.453135259490004
2026-10-03T08:15:00+05:30,Vavuniya_Northern,26.6,100.57729725529015,434.0,1.8,56.80409764987005
2026-10-03T08:30:00+05:30,Vavuniya_Northern,27.1,101.65386917170684,492.0,1.84,53.16728032947256
2026-10-03T08:45:00+05:30,Vavuniya_Northern,27.6,102.85922866860977,547.0,1.87,49.545442510310735
2026-10-03T09:00:00+05:30,Vavuniya_Northern,28.0,104.22432305071806,597.0,1.88,45.94219209607977
2026-10-03T09:15:00+05:30,Vavuniya_Northern,28.4,105.78990542907229,642.0,1.84,42.362335280696925
2026-10-03T09:30:00+05:30,Vavuniya_Northern,28.8,107.61064821818104,676.0,1.82,38.812405751659
2026-10-03T09:45:00+05:30,Vavuniya_Northern,29.2,109.76135329665965,704.0,1.8,35.301491219242855
2026-10-03T10:00:00+05:30,Vavuniya_Northern,29.6,112.34647703203768,731.0,1.77,31.84255630377779
2026-10-03T10:15:00+05:30,Vavuniya_Northern,29.9,115.51487427687732,763.0,1.75,28.454617770204166
2026-10-03T10:30:00+05:30,Vavuniya_Northern,30.3,119.48245925764024,798.0,1.71,25.166417891529193
2026-10-03T10:45:00+05:30,Vavuniya_Northern,30.6,124.56542214635073,834.0,1.66,22.022729569589643
2026-10-03T11:00:00+05:30,Vavuniya_Northern,31.0,131.2213233275076,866.0,1.63,19.09510975255391
2026-10-03T11:15:00+05:30,Vavuniya_Northern,31.3,140.06916614363018,892.0,1.63,16.499026586728135
2026-10-03T11:30:00+05:30,Vavuniya_Northern,31.6,151.77469653130652,920.0,1.59,14.414775429593476
2026-10-03T11:45:00+05:30,Vavuniya_Northern,31.8,166.5502141788013,940.0,1.52,13.089217804418979
2026-10-03T12:00:00+05:30,Vavuniya_Northern,32.0,183.27238673323149,940.0,1.45,12.761032544767403
2026-10-03T12:15:00+05:30,Vavuniya_Northern,32.1,199.47248472570948,904.0,1.37,13.503142718315743
2026-10-03T12:30:00+05:30,Vavuniya_Northern,32.1,213.08071356515342,830.0,1.41,15.159160680470833
2026-10-03T12:45:00+05:30,Vavuniya_Northern,32.0,223.59327184587966,738.0,1.62,17.471098685761163
2026-10-03T13:00:00+05:30,Vavuniya_Northern,31.8,231.49553770250898,652.0,2.0,20.215127982319615
2026-10-03T13:15:00+05:30,Vavuniya_Northern,31.4,237.46650532344916,595.0,2.35,23.23865913221782
2026-10-03T13:30:00+05:30,Vavuniya_Northern,30.9,242.06371516968346,561.0,2.62,26.445970909550233
2026-10-03T13:45:00+05:30,Vavuniya_Northern,30.0,245.68430081143558,534.0,2.8,29.77770581692326
2026-10-03T14:00:00+05:30,Vavuniya_Northern,28.9,248.60031945864225,501.0,2.9,33.196387551444516
2026-10-03T14:15:00+05:30,Vavuniya_Northern,27.8,250.99795241035707,451.0,2.89,36.677674955965614
2026-10-03T14:30:00+05:30,Vavuniya_Northern,26.9,253.00637676770447,388.0,2.7,40.205269571485786
2026-10-03T14:45:00+05:30,Vavuniya_Northern,26.5,254.71695002941328,323.0,2.23,43.767935324611095
2026-10-03T15:00:00+05:30,Vavuniya_Northern,26.3,256.19562005431703,267.0,1.52,47.35771499009474
2026-10-03T15:15:00+05:30,Vavuniya_Northern,26.2,257.4909617724312,228.0,0.72,50.96883444246942
2026-10-03T15:30:00+05:30,Vavuniya_Northern,26.0,258.63944719394044,203.0,0.18,54.597012056179295
2026-10-03T15:45:00+05:30,Vavuniya_Northern,25.7,259.668959723997,182.0,0.57,58.2390097847686
2026-10-03T16:00:00+05:30,Vavuniya_Northern,25.3,260.6011821747132,161.0,1.1,61.892334531254164
2026-10-03T16:15:00+05:30,Vavuniya_Northern,24.9,261.4532507413131,135.0,1.59,65.55503628487199
2026-10-03T16:30:00+05:30,Vavuniya_Northern,24.6,262.2389215570663,109.0,1.86,69.22556665992536
2026-10-03T16:45:00+05:30,Vavuniya_Northern,24.5,262.96940898880536,84.0,1.88,72.90267847071738
2026-10-03T17:00:00+05:30,Vavuniya_Northern,24.4,263.6539994626206,62.0,1.75,76.58535456735721
2026-10-03T17:15:00+05:30,Vavuniya_Northern,24.4,264.30050904698913,43.0,1.55,80.27275432581187
2026-10-03T17:30:00+05:30,Vavuniya_Northern,24.4,264.9156318491465,26.0,1.43,83.96417352130631
2026-10-03T17:45:00+05:30,Vavuniya_Northern,24.4,265.50521180373,12.0,1.46,87.65901516907881
2026-10-03T18:00:00+05:30,Vavuniya_Northern,24.3,266.0744603728774,2.0,1.49,91.35676565930558
2026-10-03T18:15:00+05:30,Vavuniya_Northern,24.3,266.6281374139088,0.0,1.52,95.05697574760252
2026-10-03T18:30:00+05:30,Vavuniya_Northern,24.3,267.1707085434918,0.0,1.56,98.75924648815993
2026-10-03T18:45:00+05:30,Vavuniya_Northern,24.3,267.7064894306616,0.0,1.48,102.46321607749081
2026-10-03T19:00:00+05:30,Vavuniya_Northern,24.3,268.23978717873763,0.0,1.42,106.16854823281427
2026-10-03T19:15:00+05:30,Vavuniya_Northern,24.4,268.77504913399025,0.0,1.35,109.87492286370592
2026-10-03T19:30:00+05:30,Vavuniya_Northern,24.4,269.3170303265895,0.0,1.26,113.58202533775292
2026-10-03T19:45:00+05:30,Vavuniya_Northern,24.5,269.87099455762996,0.0,1.19,117.28953504765737
2026-10-03T20:00:00+05:30,Vavuniya_Northern,24.5,270.44296974761994,0.0,1.14,120.99711380863715
2026-10-03T20:15:00+05:30,Vavuniya_Northern,24.5,271.04008694201633,0.0,1.14,124.70438978954205
2026-10-03T20:30:00+05:30,Vavuniya_Northern,24.5,271.671048840968,0.0,1.12,128.41093653334735
2026-10-03T20:45:00+05:30,Vavuniya_Northern,24.5,272.34680079925903,0.0,1.1,132.1162455499522
2026-10-03T21:00:00+05:30,Vavuniya_Northern,24.5,273.08152381660307,0.0,1.15,135.81968455311775
2026-10-03T21:15:00+05:30,Vavuniya_Northern,24.5,273.8941553919542,0.0,1.15,139.5204344011715
2026-10-03T21:30:00+05:30,Vavuniya_Northern,24.5,274.81080585527104,0.0,1.2,143.2173911353598
2026-10-03T21:45:00+05:30,Vavuniya_Northern,24.4,275.8687564336428,0.0,1.27,146.90900179823646
2026-10-03T22:00:00+05:30,Vavuniya_Northern,24.4,277.12339406767774,0.0,1.32,150.59297927395272
2026-10-03T22:15:00+05:30,Vavuniya_Northern,24.4,278.660928863309,0.0,1.35,154.26577840303133
2026-10-03T22:30:00+05:30,Vavuniya_Northern,24.3,280.6233321851341,0.0,1.41,157.92155699699373
2026-10-03T22:45:00+05:30,Vavuniya_Northern,24.3,283.26143520018843,0.0,1.47,161.54993265776665
2026-10-03T23:00:00+05:30,Vavuniya_Northern,24.3,287.0601497402046,0.0,1.5,165.13056847825794
2026-10-03T23:15:00+05:30,Vavuniya_Northern,24.2,293.07309782902786,0.0,1.57,168.61805053111067
2026-10-03T23:30:00+05:30,Vavuniya_Northern,24.2,303.9419816196616,0.0,1.59,171.89100468691305
2026-10-03T23:45:00+05:30,Vavuniya_Northern,24.2,326.8323157340538,0.0,1.61,174.5480293932065
2026-10-04T00:00:00+05:30,Vavuniya_Northern,24.2,9.467689269884204,0.0,1.61,175.36808038567239
2026-10-04T00:15:00+05:30,Vavuniya_Northern,24.2,44.76805354098053,0.0,1.63,173.60095687505208
2026-10-04T00:30:00+05:30,Vavuniya_Northern,24.1,61.46450558526544,0.0,1.63,170.60843175047734
2026-10-04T00:45:00+05:30,Vavuniya_Northern,24.1,69.86144896229473,0.0,1.63,167.22451915028466
2026-10-04T01:00:00+05:30,Vavuniya_Northern,24.1,74.78879301911365,0.0,1.66,163.69119638713903
2026-10-04T01:15:00+05:30,Vavuniya_Northern,24.0,78.0361238655621,0.0,1.61,160.08800148090774
2026-10-04T01:30:00+05:30,Vavuniya_Northern,24.0,80.36108894056127,0.0,1.61,156.4471513731591
2026-10-04T01:45:00+05:30,Vavuniya_Northern,24.0,82.13058314390764,0.0,1.61,152.78393557747202
2026-10-04T02:00:00+05:30,Vavuniya_Northern,24.0,83.5419868079303,0.0,1.61,149.10650028476272
2026-10-04T02:15:00+05:30,Vavuniya_Northern,24.0,84.71047456490533,0.0,1.61,145.41958279135807
2026-10-04T02:30:00+05:30,Vavuniya_Northern,24.0,85.70770340419386,0.0,1.61,141.72613540832205
2026-10-04T02:45:00+05:30,Vavuniya_Northern,23.9,86.5806378503064,0.0,1.61,138.0281052091022
2026-10-04T03:00:00+05:30,Vavuniya_Northern,23.9,87.36142924118877,0.0,1.66,134.32684126849608
2026-10-04T03:15:00+05:30,Vavuniya_Northern,23.9,88.07293240762397,0.0,1.63,130.62332133775436
2026-10-04T03:30:00+05:30,Vavuniya_Northern,23.8,88.73195053253647,0.0,1.68,126.91828370797073
2026-10-04T03:45:00+05:30,Vavuniya_Northern,23.8,89.35122988409654,0.0,1.7,123.21230956695335
2026-10-04T04:00:00+05:30,Vavuniya_Northern,23.7,89.94073487943433,0.0,1.68,119.5058761929987
2026-10-04T04:15:00+05:30,Vavuniya_Northern,23.7,90.50849269865853,0.0,1.73,115.79939136106731
2026-10-04T04:30:00+05:30,Vavuniya_Northern,23.7,91.06117161238888,0.0,1.76,112.09321870894797
2026-10-04T04:45:00+05:30,Vavuniya_Northern,23.7,91.60449086328828,0.0,1.8,108.38769659290986
2026-10-04T05:00:00+05:30,Vavuniya_Northern,23.7,92.14352229069834,0.0,1.8,104.6831514608848
2026-10-04T05:15:00+05:30,Vavuniya_Northern,23.8,92.68292154093581,0.0,1.85,100.97991036731999
2026-10-04T05:30:00+05:30,Vavuniya_Northern,23.9,93.22711454686521,0.0,1.91,97.27831229756204
2026-10-04T05:45:00+05:30,Vavuniya_Northern,24.0,93.7804573035491,0.0,1.98,93.57871769964952
2026-10-04T06:00:00+05:30,Vavuniya_Northern,24.2,94.34738184781958,0.0,2.06,89.88151996442704
2026-10-04T06:15:00+05:30,Vavuniya_Northern,24.4,94.93253957629815,15.0,2.17,86.18715810015212
2026-10-04T06:30:00+05:30,Vavuniya_Northern,24.7,95.54095213453292,50.0,2.26,82.49612992463014
2026-10-04T06:45:00+05:30,Vavuniya_Northern,24.9,96.17817971277537,94.0,2.35,78.80900970951959
2026-10-04T07:00:00+05:30,Vavuniya_Northern,25.2,96.85051872715206,146.0,2.51,75.1264700334262
2026-10-04T07:15:00+05:30,Vavuniya_Northern,25.5,97.56524381804206,199.0,2.6,71.44930801923154
2026-10-04T07:30:00+05:30,Vavuniya_Northern,25.8,98.33091300225755,250.0,2.69,67.77848123145337
2026-10-04T07:45:00+05:30,Vavuniya_Northern,26.1,99.15776281534471,299.0,2.79,64.1151550237855
2026-10-04T08:00:00+05:30,Vavuniya_Northern,26.4,100.05823155103235,350.0,2.84,60.46076462982886
2026-10-04T08:15:00+05:30,Vavuniya_Northern,26.7,101.04766481212505,406.0,2.87,56.81710202026296
2026-10-04T08:30:00+05:30,Vavuniya_Northern,27.0,102.14528483365933,468.0,2.9,53.18643672189659
2026-10-04T08:45:00+05:30,Vavuniya_Northern,27.4,103.37554662467278,531.0,2.86,49.57168565849279
2026-10-04T09:00:00+05:30,Vavuniya_Northern,27.8,104.77006831721678,592.0,2.82,45.97666099617383
2026-10-04T09:15:00+05:30,Vavuniya_Northern,28.2,106.37042935390161,643.0,2.78,42.406436588842126
2026-10-04T09:30:00+05:30,Vavuniya_Northern,28.6,108.23230033305128,683.0,2.71,38.86790116161956
2026-10-04T09:45:00+05:30,Vavuniya_Northern,29.1,110.431639007836,715.0,2.64,35.37061892220801
2026-10-04T10:00:00+05:30,Vavuniya_Northern,29.5,113.07411219260644,740.0,2.53,31.928200033329432
2026-10-04T10:15:00+05:30,Vavuniya_Northern,30.0,116.30950132976642,763.0,2.42,28.560538607418636
2026-10-04T10:30:00+05:30,Vavuniya_Northern,30.3,120.35342893945983,780.0,2.31,25.297555486586745
2026-10-04T10:45:00+05:30,Vavuniya_Northern,30.6,125.51818699633384,792.0,2.2,22.185532552380664
2026-10-04T11:00:00+05:30,Vavuniya_Northern,30.9,132.24816188137515,798.0,2.09,19.297685396196982
2026-10-04T11:15:00+05:30,Vavuniya_Northern,31.0,141.12837537479544,797.0,1.98,16.750405160813514
2026-10-04T11:30:00+05:30,Vavuniya_Northern,31.0,152.75567406179835,789.0,1.84,14.721586609202262
2026-10-04T11:45:00+05:30,Vavuniya_Northern,30.9,167.25662501460602,776.0,1.73,13.44799141982162
2026-10-04T12:00:00+05:30,Vavuniya_Northern,30.6,183.51606217616865,759.0,1.7,13.15091423274977
2026-10-04T12:15:00+05:30,Vavuniya_Northern,30.2,199.24572202003833,741.0,1.71,13.893142654672573
2026-10-04T12:30:00+05:30,Vavuniya_Northern,29.8,212.54402236383174,720.0,1.76,15.526327842930044
2026-10-04T12:45:00+05:30,Vavuniya_Northern,29.3,222.91569065800033,697.0,1.91,17.806974958072217
2026-10-04T13:00:00+05:30,Vavuniya_Northern,28.7,230.7811288722675,671.0,2.11,20.52030896020638
2026-10-04T13:15:00+05:30,Vavuniya_Northern,28.1,236.76504677199742,642.0,2.34,23.51701269977214
2026-10-04T13:30:00+05:30,Vavuniya_Northern,27.6,241.3950400037965,612.0,2.53,26.701822476700656
2026-10-04T13:45:00+05:30,Vavuniya_Northern,27.1,245.0540734521093,578.0,2.73,30.01488939204068
2026-10-04T14:00:00+05:30,Vavuniya_Northern,26.6,248.00802793811766,542.0,2.85,33.418057098258636
2026-10-04T14:15:00+05:30,Vavuniya_Northern,26.2,250.44063193768113,500.0,2.97,36.88636196740353
2026-10-04T14:30:00+05:30,Vavuniya_Northern,25.8,252.48028117951256,452.0,3.02,40.402996848552796
2026-10-04T14:45:00+05:30,Vavuniya_Northern,25.6,254.2182754725207,403.0,2.98,43.9563262617781
2026-10-04T15:00:00+05:30,Vavuniya_Northern,25.4,255.72079613214117,358.0,2.84,47.53808332211386
2026-10-04T15:15:00+05:30,Vavuniya_Northern,25.2,257.0367471077371,320.0,2.68,51.14225401305103
2026-10-04T15:30:00+05:30,Vavuniya_Northern,25.1,258.20293857093833,288.0,2.47,54.76437000996151
2026-10-04T15:45:00+05:30,Vavuniya_Northern,25.0,259.2475652307671,258.0,2.24,58.40104696516184
2026-10-04T16:00:00+05:30,Vavuniya_Northern,25.0,260.1925815165627,227.0,1.92,62.049676274058086
2026-10-04T16:15:00+05:30,Vavuniya_Northern,24.9,261.05535310332687,196.0,1.69,65.70821606800637
2026-10-04T16:30:00+05:30,Vavuniya_Northern,24.9,261.8498253397395,166.0,1.43,69.37504445445192
2026-10-04T16:45:00+05:30,Vavuniya_Northern,24.8,262.5873648970651,136.0,1.25,73.04885514596032
2026-10-04T17:00:00+05:30,Vavuniya_Northern,24.8,263.2773771050101,105.0,1.06,76.72858334476263
2026-10-04T17:15:00+05:30,Vavuniya_Northern,24.8,263.9277665983948,73.0,0.97,80.41335002736683
2026-10-04T17:30:00+05:30,Vavuniya_Northern,24.7,264.5452880760751,43.0,0.9,84.10242016465868
2026-10-04T17:45:00+05:30,Vavuniya_Northern,24.7,265.13581964204366,18.0,0.88,87.79517233213576
2026-10-04T18:00:00+05:30,Vavuniya_Northern,24.6,265.70458118571275,2.0,0.9,91.4910739466002
2026-10-04T18:15:00+05:30,Vavuniya_Northern,24.6,266.2563149993117,0.0,0.87,95.1896616229257
2026-10-04T18:30:00+05:30,Vavuniya_Northern,24.5,266.79544186592403,0.0,0.93,98.89052670635434
2026-10-04T18:45:00+05:30,Vavuniya_Northern,24.5,267.3262028926841,0.0,1.01,102.59330191188114
2026-10-04T19:00:00+05:30,Vavuniya_Northern,24.5,267.85279700765307,0.0,1.05,106.29764970502417
2026-10-04T19:15:00+05:30,Vavuniya_Northern,24.5,268.3795240798196,0.0,1.1,110.00325318556305
2026-10-04T19:30:00+05:30,Vavuniya_Northern,24.5,268.9109443135511,0.0,1.16,113.70980581309779
2026-10-04T19:45:00+05:30,Vavuniya_Northern,24.5,269.45206809846775,0.0,1.23,117.41700074256775
2026-10-04T20:00:00+05:30,Vavuniya_Northern,24.4,270.00859567599116,0.0,1.29,121.12452040002587
2026-10-04T20:15:00+05:30,Vavuniya_Northern,24.4,270.5872341343401,0.0,1.3,124.83202216175113
2026-10-04T20:30:00+05:30,Vavuniya_Northern,24.4,271.19613468378753,0.0,1.36,128.539119960189
2026-10-04T20:45:00+05:30,Vavuniya_Northern,24.3,271.8455185642182,0.0,1.41,132.24536070318175
2026-10-04T21:00:00+05:30,Vavuniya_Northern,24.3,272.54860375765895,0.0,1.47,135.95018828867916
2026-10-04T21:15:00+05:30,Vavuniya_Northern,24.3,273.3230262407579,0.0,1.46,139.65288945004784
2026-10-04T21:30:00+05:30,Vavuniya_Northern,24.3,274.1931028490542,0.0,1.5,143.35250992514918
2026-10-04T21:45:00+05:30,Vavuniya_Northern,24.3,275.1935864004571,0.0,1.49,147.04771349032487
2026-10-04T22:00:00+05:30,Vavuniya_Northern,24.3,276.3762048462727,0.0,1.53,150.73653655989173
2026-10-04T22:15:00+05:30,Vavuniya_Northern,24.2,277.8217172024198,0.0,1.52,154.4159358289017
2026-10-04T22:30:00+05:30,Vavuniya_Northern,24.2,279.6637301261546,0.0,1.51,158.08088564923227
2026-10-04T22:45:00+05:30,Vavuniya_Northern,24.2,282.139957145629,0.0,1.51,161.72241286640548
2026-10-04T23:00:00+05:30,Vavuniya_Northern,24.2,285.71513742954664,0.0,1.5,165.32279203985718
2026-10-04T23:15:00+05:30,Vavuniya_Northern,24.2,291.4190109315475,0.0,1.5,168.8418311983581
2026-10-04T23:30:00+05:30,Vavuniya_Northern,24.1,301.9353165557697,0.0,1.5,172.16879323448111
2026-10-04T23:45:00+05:30,Vavuniya_Northern,24.1,325.201160165267,0.0,1.5,174.91151502947628
2026-10-05T00:00:00+05:30,Vavuniya_Northern,24.1,11.328977819827344,0.0,1.45,175.73376080252953
2026-10-05T00:15:00+05:30,Vavuniya_Northern,24.1,47.7762141029383,0.0,1.46,173.81518140670622
2026-10-05T00:30:00+05:30,Vavuniya_Northern,24.0,63.781273394481445,0.0,1.41,170.72398457488373
2026-10-05T00:45:00+05:30,Vavuniya_Northern,24.0,71.61949375861872,0.0,1.37,167.28879000857995
2026-10-05T01:00:00+05:30,Vavuniya_Northern,24.0,76.18444885132806,0.0,1.33,163.72615212993762
2026-10-05T01:15:00+05:30,Vavuniya_Northern,23.9,79.18964148650616,0.0,1.3,160.1045859713577
2026-10-05T01:30:00+05:30,Vavuniya_Northern,23.9,81.34471304256806,0.0,1.26,156.45144534794906
2026-10-05T01:45:00+05:30,Vavuniya_Northern,23.8,82.98983376006186,0.0,1.23,152.77963245675144
2026-10-05T02:00:00+05:30,Vavuniya_Northern,23.8,84.3070475761478,0.0,1.25,149.09600482615002
2026-10-05T02:15:00+05:30,Vavuniya_Northern,23.8,85.40227851647336,0.0,1.23,145.4045494376725
2026-10-05T02:30:00+05:30,Vavuniya_Northern,23.8,86.34133185634141,0.0,1.23,141.7077548857831
2026-10-05T02:45:00+05:30,Vavuniya_Northern,23.7,87.16731389776328,0.0,1.23,138.00726781416355
2026-10-05T03:00:00+05:30,Vavuniya_Northern,23.7,87.90974115726169,0.0,1.25,134.30423525814456
2026-10-05T03:15:00+05:30,Vavuniya_Northern,23.6,88.58961518586727,0.0,1.3,130.59949507840977
2026-10-05T03:30:00+05:30,Vavuniya_Northern,23.6,89.22240307869686,0.0,1.33,126.89368656058166
2026-10-05T03:45:00+05:30,Vavuniya_Northern,23.5,89.81986813839035,0.0,1.36,123.18731977448086
2026-10-05T04:00:00+05:30,Vavuniya_Northern,23.5,90.39123977164127,0.0,1.39,119.48082055108313
2026-10-05T04:15:00+05:30,Vavuniya_Northern,23.4,90.9439887902704,0.0,1.43,115.77455954641486
2026-10-05T04:30:00+05:30,Vavuniya_Northern,23.4,91.48435897820036,0.0,1.47,112.06887406762878
2026-10-05T04:45:00+05:30,Vavuniya_Northern,23.5,92.01774480410268,0.0,1.52,108.36408455631187
2026-10-05T05:00:00+05:30,Vavuniya_Northern,23.5,92.54897058700192,0.0,1.56,104.66050636786315
2026-10-05T05:15:00+05:30,Vavuniya_Northern,23.6,93.0825058954066,0.0,1.61,100.95846124111387
2026-10-05T05:30:00+05:30,Vavuniya_Northern,23.7,93.62264088719331,0.0,1.62,97.25828797689286
2026-10-05T05:45:00+05:30,Vavuniya_Northern,23.9,94.17363833671527,0.0,1.64,93.56035163477185
2026-10-05T06:00:00+05:30,Vavuniya_Northern,24.2,94.73987442659165,0.0,1.66,89.86505493982656
2026-10-05T06:15:00+05:30,Vavuniya_Northern,24.4,95.32597889919725,17.0,1.64,86.17285111646639
2026-10-05T06:30:00+05:30,Vavuniya_Northern,24.7,95.93698447347845,54.0,1.7,82.48425747974967
2026-10-05T06:45:00+05:30,Vavuniya_Northern,25.1,96.57849519046187,102.0,1.77,78.7998737385036
2026-10-05T07:00:00+05:30,Vavuniya_Northern,25.4,97.25688561658598,158.0,1.83,75.12040480462244
2026-10-05T07:15:00+05:30,Vavuniya_Northern,25.8,97.97954589821671,216.0,1.92,71.44668836307255
2026-10-05T07:30:00+05:30,Vavuniya_Northern,26.2,98.75519166106062,271.0,1.98,67.77973258036036
2026-10-05T07:45:00+05:30,Vavuniya_Northern,26.5,99.59426584801889,324.0,2.05,64.12076589794515
2026-10-05T08:00:00+05:30,Vavuniya_Northern,26.9,100.50947095292844,377.0,2.13,60.47130243415748
2026-10-05T08:15:00+05:30,Vavuniya_Northern,27.3,101.5164862570067,435.0,2.17,56.83323333124043
2026-10-05T08:30:00+05:30,Vavuniya_Northern,27.6,102.6349518738698,497.0,2.22,53.208953732811864
2026-10-05T08:45:00+05:30,Vavuniya_Northern,28.0,103.88984268789216,560.0,2.23,49.60154112778922
2026-10-05T09:00:00+05:30,Vavuniya_Northern,28.4,105.31341859177422,619.0,2.23,46.01501505190504
2026-10-05T09:15:00+05:30,Vavuniya_Northern,28.8,106.94804109406783,669.0,2.23,42.45472018574447
2026-10-05T09:30:00+05:30,Vavuniya_Northern,29.2,108.85031014715702,709.0,2.16,38.92790301292303
2026-10-05T09:45:00+05:30,Vavuniya_Northern,29.6,111.09723015334987,740.0,2.09,35.444605324253004
2026-10-05T10:00:00+05:30,Vavuniya_Northern,30.1,113.7955020295268,765.0,2.05,32.019079616061816
2026-10-05T10:15:00+05:30,Vavuniya_Northern,30.5,117.09554670765829,786.0,1.94,28.672084006657656
2026-10-05T10:30:00+05:30,Vavuniya_Northern,30.8,121.21223395736564,801.0,1.87,25.4346819185445
2026-10-05T10:45:00+05:30,Vavuniya_Northern,31.1,126.45326842792508,810.0,1.8,22.35457988491241
2026-10-05T11:00:00+05:30,Vavuniya_Northern,31.3,133.249072978514,813.0,1.66,19.50647324458113
2026-10-05T11:15:00+05:30,Vavuniya_Northern,31.4,142.150751705542,812.0,1.57,17.007351732127447
2026-10-05T11:30:00+05:30,Vavuniya_Northern,31.4,153.6902436926764,804.0,1.43,15.03232171235959
2026-10-05T11:45:00+05:30,Vavuniya_Northern,31.2,167.91957505614073,791.0,1.3,13.808155361072082
2026-10-05T12:00:00+05:30,Vavuniya_Northern,30.9,183.73931083808742,774.0,1.25,13.540078092188324
2026-10-05T12:15:00+05:30,Vavuniya_Northern,30.5,199.02602296779148,753.0,1.24,14.282031456576618
2026-10-05T12:30:00+05:30,Vavuniya_Northern,30.0,212.02816941778545,729.0,1.36,15.893175967991965
2026-10-05T12:45:00+05:30,Vavuniya_Northern,29.5,222.26040993286404,702.0,1.59,18.14340276238336
2026-10-05T13:00:00+05:30,Vavuniya_Northern,28.8,230.08570399971984,671.0,1.89,20.826561960709483
2026-10-05T13:15:00+05:30,Vavuniya_Northern,28.2,236.07859757972483,638.0,2.22,23.79663461460727
2026-10-05T13:30:00+05:30,Vavuniya_Northern,27.6,240.7380176210683,604.0,2.5,26.95893360299651
2026-10-05T13:45:00+05:30,Vavuniya_Northern,27.0,244.4329278625945,567.0,2.76,30.253211944152547
2026-10-05T14:00:00+05:30,Vavuniya_Northern,26.5,247.42290243936816,526.0,2.97,33.64069000061503
2026-10-05T14:15:00+05:30,Vavuniya_Northern,26.1,249.88905161846338,479.0,3.1,37.0958131905817
2026-10-05T14:30:00+05:30,Vavuniya_Northern,25.7,251.9588540662739,426.0,3.17,40.601282377670216
2026-10-05T14:45:00+05:30,Vavuniya_Northern,25.5,253.72345238499304,372.0,3.09,44.14507115601777
2026-10-05T15:00:00+05:30,Vavuniya_Northern,25.3,255.24919091239818,324.0,2.91,47.7186069865285
2026-10-05T15:15:00+05:30,Vavuniya_Northern,25.2,256.5852531266785,285.0,2.63,51.31563755431576
2026-10-05T15:30:00+05:30,Vavuniya_Northern,25.1,257.7687524084292,253.0,2.36,54.931508142104626
2026-10-05T15:45:00+05:30,Vavuniya_Northern,25.0,258.82816981365687,225.0,2.05,58.562687733107616
2026-10-05T16:00:00+05:30,Vavuniya_Northern,25.0,259.78571332153126,198.0,1.66,62.206451508758974
2026-10-05T16:15:00+05:30,Vavuniya_Northern,25.0,260.65896480397936,169.0,1.3,65.86066487958709
2026-10-05T16:30:00+05:30,Vavuniya_Northern,25.0,261.46204889521675,142.0,1.05,69.5236315170061
2026-10-05T16:45:00+05:30,Vavuniya_Northern,25.0,262.20647701323327,116.0,0.89,73.19398508515374
2026-10-05T17:00:00+05:30,Vavuniya_Northern,25.0,262.9017675235688,89.0,0.89,76.87061219587648
2026-10-05T17:15:00+05:30,Vavuniya_Northern,24.9,263.55590896560824,63.0,0.95,80.5525944899362
2026-10-05T17:30:00+05:30,Vavuniya_Northern,24.9,264.1757128240735,38.0,1.08,84.23916519954211
2026-10-05T17:45:00+05:30,Vavuniya_Northern,24.9,264.7670881602844,17.0,1.17,87.92967751449821
2026-10-05T18:00:00+05:30,Vavuniya_Northern,24.9,265.335260468728,2.0,1.21,91.62357890661052
2026-10-05T18:15:00+05:30,Vavuniya_Northern,24.8,265.8849518750735,0.0,1.23,95.32039083483049
2026-10-05T18:30:00+05:30,Vavuniya_Northern,24.8,266.4205357949426,0.0,1.25,99.01969384538961
2026-10-05T18:45:00+05:30,Vavuniya_Northern,24.7,266.946176157793,0.0,1.21,102.7211139835531
2026-10-05T19:00:00+05:30,Vavuniya_Northern,24.7,267.4659608532596,0.0,1.17,106.42431113731418
2026-10-05T19:15:00+05:30,Vavuniya_Northern,24.7,267.98403896362635,0.0,1.08,110.12897008754616
2026-10-05T19:30:00+05:30,Vavuniya_Northern,24.7,268.5047718531634,0.0,1.04,113.83479063522907
2026-10-05T19:45:00+05:30,Vavuniya_Northern,24.6,269.0329114231065,0.0,1.0,117.54147762648086
2026-10-05T20:00:00+05:30,Vavuniya_Northern,24.6,269.57382358015275,0.0,0.92,121.24873160649747
2026-10-05T20:15:00+05:30,Vavuniya_Northern,24.6,270.13378244651693,0.0,0.88,124.95623611060182
2026-10-05T20:30:00+05:30,Vavuniya_Northern,24.6,270.7203751776384,0.0,0.88,128.66364165800343
2026-10-05T20:45:00+05:30,Vavuniya_Northern,24.6,271.3430808506437,0.0,0.89,132.37054573583106
2026-10-05T21:00:00+05:30,Vavuniya_Northern,24.5,272.0141276980397,0.0,0.9,136.07646220527494
2026-10-05T21:15:00+05:30,Vavuniya_Northern,24.5,272.74980923695307,0.0,0.96,139.7807754926099
2026-10-05T21:30:00+05:30,Vavuniya_Northern,24.5,273.57258371901645,0.0,0.98,143.48267005896628
2026-10-05T21:45:00+05:30,Vavuniya_Northern,24.5,274.51456747446593,0.0,1.06,147.18101139820584
2026-10-05T22:00:00+05:30,Vavuniya_Northern,24.5,275.6236405776281,0.0,1.14,150.8741385071047
2026-10-05T22:15:00+05:30,Vavuniya_Northern,24.5,276.974759862625,0.0,1.18,154.559480260646
2026-10-05T22:30:00+05:30,Vavuniya_Northern,24.5,278.6924636337963,0.0,1.27,158.23278545491925
2026-10-05T22:45:00+05:30,Vavuniya_Northern,24.5,280.99979985973187,0.0,1.31,161.8864332300547
2026-10-05T23:00:00+05:30,Vavuniya_Northern,24.5,284.3375170340747,0.0,1.4,165.50525129349637
2026-10-05T23:15:00+05:30,Vavuniya_Northern,24.4,289.70077221070954,0.0,1.45,169.05432900113107
2026-10-05T23:30:00+05:30,Vavuniya_Northern,24.4,299.7842191365131,0.0,1.45,172.43454047666012
2026-10-05T23:45:00+05:30,Vavuniya_Northern,24.4,323.3117695732459,0.0,1.4,175.26858151949654
2026-10-06T00:00:00+05:30,Vavuniya_Northern,24.4,13.509117684533805,0.0,1.3,176.0936429301738
2026-10-06T00:15:00+05:30,Vavuniya_Northern,24.3,50.97324267108701,0.0,1.21,174.0120214358119
2026-10-06T00:30:00+05:30,Vavuniya_Northern,24.3,66.14268163393592,0.0,1.17,170.82540394902168
2026-10-06T00:45:00+05:30,Vavuniya_Northern,24.2,73.38731026396658,0.0,1.17,167.34266989233424
2026-10-06T01:00:00+05:30,Vavuniya_Northern,24.1,77.58063797652358,0.0,1.16,163.7533108794238
2026-10-06T01:15:00+05:30,Vavuniya_Northern,24.0,80.3410168411811,0.0,1.16,160.1151627437864
2026-10-06T01:30:00+05:30,Vavuniya_Northern,23.9,82.32548199404619,0.0,1.15,156.45101971216621
2026-10-06T01:45:00+05:30,Vavuniya_Northern,23.8,83.84616140058694,0.0,1.15,152.77157826078425
2026-10-06T02:00:00+05:30,Vavuniya_Northern,23.7,85.06933182984744,0.0,1.1,149.08251438171115
2026-10-06T02:15:00+05:30,Vavuniya_Northern,23.7,86.09151338002158,0.0,1.1,145.38713023183135
2026-10-06T02:30:00+05:30,Vavuniya_Northern,23.6,86.97260301523454,0.0,1.05,141.6874924493316
2026-10-06T02:45:00+05:30,Vavuniya_Northern,23.5,87.75182853304017,0.0,1.05,137.9849749520285
2026-10-06T03:00:00+05:30,Vavuniya_Northern,23.5,88.45606556447058,0.0,1.0,134.28054177695844
2026-10-06T03:15:00+05:30,Vavuniya_Northern,23.4,89.10446190467025,0.0,0.96,130.57490439544534
2026-10-06T03:30:00+05:30,Vavuniya_Northern,23.4,89.71115015307225,0.0,0.96,126.86861293117471
2026-10-06T03:45:00+05:30,Vavuniya_Northern,23.4,90.28691284287277,0.0,0.96,123.16211369463376
2026-10-06T04:00:00+05:30,Vavuniya_Northern,23.3,90.8402465680615,0.0,0.91,119.45578669418711
2026-10-06T04:15:00+05:30,Vavuniya_Northern,23.3,91.37806773684383,0.0,0.86,115.74996986507517
2026-10-06T04:30:00+05:30,Vavuniya_Northern,23.4,91.90619730325488,0.0,0.86,112.04497769446968
2026-10-06T04:45:00+05:30,Vavuniya_Northern,23.4,92.42970630117497,0.0,0.86,108.3411155687443
2026-10-06T05:00:00+05:30,Vavuniya_Northern,23.5,92.95317256400426,0.0,0.81,104.63869013155673
2026-10-06T05:15:00+05:30,Vavuniya_Northern,23.6,93.48088033015631,0.0,0.81,100.93801983234626
2026-10-06T05:30:00+05:30,Vavuniya_Northern,23.7,94.01698445533845,0.0,0.76,97.23944505501093
2026-10-06T05:45:00+05:30,Vavuniya_Northern,23.9,94.56565469381928,0.0,0.75,93.54333705065322
2026-10-06T06:00:00+05:30,Vavuniya_Northern,24.1,95.13121129188045,0.0,0.7,89.85010932757805
2026-10-06T06:15:00+05:30,Vavuniya_Northern,24.3,95.71826194430815,19.0,0.7,86.16023069733123
2026-10-06T06:30:00+05:30,Vavuniya_Northern,24.6,96.3318496896216,61.0,0.66,82.47423930565769
2026-10-06T06:45:00+05:30,Vavuniya_Northern,24.9,96.97762122697418,115.0,0.62,78.7927616308111
2026-10-06T07:00:00+05:30,Vavuniya_Northern,25.3,97.66202752256936,179.0,0.65,75.11653628746144
2026-10-06T07:15:00+05:30,Vavuniya_Northern,25.7,98.39257174424807,243.0,0.63,71.44644296469227
2026-10-06T07:30:00+05:30,Vavuniya_Northern,26.1,99.17812364734306,304.0,0.64,67.78354198418384
2026-10-06T07:45:00+05:30,Vavuniya_Northern,26.5,100.02932772165133,362.0,0.67,64.12912657530607
2026-10-06T08:00:00+05:30,Vavuniya_Northern,26.9,100.95914383969597,417.0,0.75,60.484791623344464
2026-10-06T08:15:00+05:30,Vavuniya_Northern,27.3,101.98357529423225,471.0,0.81,56.85252954622375
2026-10-06T08:30:00+05:30,Vavuniya_Northern,27.7,103.12266620198858,523.0,0.87,53.234863443628896
2026-10-06T08:45:00+05:30,Vavuniya_Northern,28.1,104.40189109175162,570.0,0.95,49.63503393286293
2026-10-06T09:00:00+05:30,Vavuniya_Northern,28.5,105.85412159445048,614.0,1.03,46.057270615831214
2026-10-06T09:15:00+05:30,Vavuniya_Northern,28.9,107.5224558745794,655.0,1.08,42.50719157497032
2026-10-06T09:30:00+05:30,Vavuniya_Northern,29.3,109.46435319398483,692.0,1.17,38.99240290547338
2026-10-06T09:45:00+05:30,Vavuniya_Northern,29.6,111.75775453765834,725.0,1.21,35.52342377446169
2026-10-06T10:00:00+05:30,Vavuniya_Northern,29.9,114.51021945130066,754.0,1.25,32.115143864484615
2026-10-06T10:15:00+05:30,Vavuniya_Northern,30.2,117.87252752575921,779.0,1.3,28.78916911468845
2026-10-06T10:30:00+05:30,Vavuniya_Northern,30.5,122.05835614386882,802.0,1.35,25.577665627699545
2026-10-06T10:45:00+05:30,Vavuniya_Northern,30.7,127.37019374726196,820.0,1.4,22.529676037312527
2026-10-06T11:00:00+05:30,Vavuniya_Northern,30.8,134.2238559542826,830.0,1.4,19.721196270060474
2026-10-06T11:15:00+05:30,Vavuniya_Northern,31.0,143.13685492275664,828.0,1.4,17.269507590053152
2026-10-06T11:30:00+05:30,Vavuniya_Northern,31.0,154.58031604488735,812.0,1.4,15.346597071387052
2026-10-06T11:45:00+05:30,Vavuniya_Northern,31.0,168.541855562828,788.0,1.35,14.169423331269186
2026-10-06T12:00:00+05:30,Vavuniya_Northern,31.0,183.94356132280018,764.0,1.35,13.928377821450141
2026-10-06T12:15:00+05:30,Vavuniya_Northern,30.9,198.81259139042496,747.0,1.25,14.669679745008153
2026-10-06T12:30:00+05:30,Vavuniya_Northern,30.7,211.5316132600698,735.0,1.21,16.2595107800729
2026-10-06T12:45:00+05:30,Vavuniya_Northern,30.6,221.62620853911875,725.0,1.12,18.480145111756244
2026-10-06T13:00:00+05:30,Vavuniya_Northern,30.3,229.40851456585875,712.0,1.03,21.133644802502275
2026-10-06T13:15:00+05:30,Vavuniya_Northern,30.1,235.40674573319086,694.0,0.93,24.07729623753194
2026-10-06T13:30:00+05:30,Vavuniya_Northern,29.8,240.09243787168188,673.0,0.81,27.217094201306068
2026-10-06T13:45:00+05:30,Vavuniya_Northern,29.5,243.82076967955197,649.0,0.69,30.492481172129025
2026-10-06T14:00:00+05:30,Vavuniya_Northern,29.2,246.84491501822362,623.0,0.61,33.86410927044332
2026-10-06T14:15:00+05:30,Vavuniya_Northern,28.9,249.34322227335826,594.0,0.53,37.3058643388105
2026-10-06T14:30:00+05:30,Vavuniya_Northern,28.5,251.4421294172318,563.0,0.45,40.79997230472131
2026-10-06T14:45:00+05:30,Vavuniya_Northern,28.2,253.23252897671102,530.0,0.4,44.33402474325725
2026-10-06T15:00:00+05:30,Vavuniya_Northern,27.8,254.78086159433113,495.0,0.46,47.89914784719973
2026-10-06T15:15:00+05:30,Vavuniya_Northern,27.5,256.13654291254676,457.0,0.49,51.48885290463329
2026-10-06T15:30:00+05:30,Vavuniya_Northern,27.1,257.3369558159135,419.0,0.57,55.098299350039554
2026-10-06T15:45:00+05:30,Vavuniya_Northern,26.8,258.4108435050708,379.0,0.67,58.723809317259715
2026-10-06T16:00:00+05:30,Vavuniya_Northern,26.4,259.380649909807,336.0,0.75,62.36254120858809
2026-10-06T16:15:00+05:30,Vavuniya_Northern,26.1,260.264160116077,292.0,0.87,66.01226695637578
2026-10-06T16:30:00+05:30,Vavuniya_Northern,25.8,261.07566831447355,248.0,0.96,69.67121495112238
2026-10-06T16:45:00+05:30,Vavuniya_Northern,25.6,261.8268232524041,203.0,1.05,73.33795792767557
2026-10-06T17:00:00+05:30,Vavuniya_Northern,25.3,262.527250567143,157.0,1.1,77.01133301340448
2026-10-06T17:15:00+05:30,Vavuniya_Northern,25.1,263.1850181244082,110.0,1.12,80.69038161651673
2026-10-06T17:30:00+05:30,Vavuniya_Northern,25.0,263.80699046136806,64.0,1.17,84.3743043232237
2026-10-06T17:45:00+05:30,Vavuniya_Northern,24.8,264.3991044547472,27.0,1.2,88.06242801685352
2026-10-06T18:00:00+05:30,Vavuniya_Northern,24.7,264.96658845380676,3.0,1.19,91.7541792680441
2026-10-06T18:15:00+05:30,Vavuniya_Northern,24.6,265.5141418951664,0.0,1.18,95.44906337114502
2026-10-06T18:30:00+05:30,Vavuniya_Northern,24.5,266.04608838562876,0.0,1.17,99.14664898984758
2026-10-06T18:45:00+05:30,Vavuniya_Northern,24.4,266.56651217172913,0.0,1.16,102.84655430949243
2026-10-06T19:00:00+05:30,Vavuniya_Northern,24.4,267.07938737779443,0.0,1.1,106.54843530729234
2026-10-06T19:15:00+05:30,Vavuniya_Northern,24.3,267.5887091612578,0.0,1.1,110.25197692002209
2026-10-06T19:30:00+05:30,Vavuniya_Northern,24.2,268.09863625100263,0.0,1.05,113.95688351372522
2026-10-06T19:45:00+05:30,Vavuniya_Northern,24.2,268.6136572684321,0.0,1.02,117.66286952042418
2026-10-06T20:00:00+05:30,Vavuniya_Northern,24.2,269.1387975066206,0.0,0.98,121.36965105878363
2026-10-06T20:15:00+05:30,Vavuniya_Northern,24.1,269.67988961884333,0.0,0.97,125.07693469343145
2026-10-06T20:30:00+05:30,Vavuniya_Northern,24.1,270.2439448339499,0.0,0.96,128.78440361636643
2026-10-06T20:45:00+05:30,Vavuniya_Northern,24.1,270.839682984924,0.0,0.97,132.4917009075566
2026-10-06T21:00:00+05:30,Vavuniya_Northern,24.1,271.47831719978694,0.0,0.99,136.19840391958377
2026-10-06T21:15:00+05:30,Vavuniya_Northern,24.1,272.174759603454,0.0,0.99,139.9039862008346
2026-10-06T21:30:00+05:30,Vavuniya_Northern,24.1,272.94954775942585,0.0,1.04,143.60775934405103
2026-10-06T21:45:00+05:30,Vavuniya_Northern,24.1,273.83205797047555,0.0,1.1,147.30877452406557
2026-10-06T22:00:00+05:30,Vavuniya_Northern,24.1,274.8661405321537,0.0,1.12,151.00565059502256
2026-10-06T22:15:00+05:30,Vavuniya_Northern,24.0,276.12060961332907,0.0,1.19,154.69625566605853
2026-10-06T22:30:00+05:30,Vavuniya_Northern,24.0,277.7102459589442,0.0,1.22,158.37706443564667
2026-10-06T22:45:00+05:30,Vavuniya_Northern,24.0,279.84189264502163,0.0,1.25,162.04173755948548
2026-10-06T23:00:00+05:30,Vavuniya_Northern,24.0,282.9284129876547,0.0,1.29,165.6775649166903
2026-10-06T23:15:00+05:30,Vavuniya_Northern,24.0,287.9189190957635,0.0,1.32,169.25489296479822
2026-10-06T23:30:00+05:30,Vavuniya_Northern,23.9,297.4813116800856,0.0,1.32,172.6870028680557
2026-10-06T23:45:00+05:30,Vavuniya_Northern,23.9,321.10788296595047,0.0,1.31,175.6178440355759
2026-10-07T00:00:00+05:30,Vavuniya_Northern,23.8,16.095001633676702,0.0,1.3,176.4462756628845
2026-10-07T00:15:00+05:30,Vavuniya_Northern,23.8,54.357456960427726,0.0,1.3,174.18994971769513
2026-10-07T00:30:00+05:30,Vavuniya_Northern,23.7,68.54232404961334,0.0,1.3,170.91240117466748
2026-10-07T00:45:00+05:30,Vavuniya_Northern,23.6,75.16176012044792,0.0,1.3,167.38618049325083
2026-10-07T01:00:00+05:30,Vavuniya_Northern,23.6,78.97573978228235,0.0,1.25,163.77277049050568
2026-10-07T01:15:00+05:30,Vavuniya_Northern,23.5,81.48930832602775,0.0,1.25,160.11984728330017
2026-10-07T01:30:00+05:30,Vavuniya_Northern,23.4,83.30278780942956,0.0,1.2,156.44599117661846
2026-10-07T01:45:00+05:30,Vavuniya_Northern,23.3,84.69913806282028,0.0,1.15,152.75988616806038
2026-10-07T02:00:00+05:30,Vavuniya_Northern,23.2,85.82851661329738,0.0,1.15,149.06613743090728
2026-10-07T02:15:00+05:30,Vavuniya_Northern,23.1,86.77792157336722,0.0,1.11,145.36742894058958
2026-10-07T02:30:00+05:30,Vavuniya_Northern,23.1,87.6013021482658,0.0,1.07,141.66544748818472
2026-10-07T02:45:00+05:30,Vavuniya_Northern,23.0,88.33399630087268,0.0,1.03,137.96132204152963
2026-10-07T03:00:00+05:30,Vavuniya_Northern,23.0,89.00023767483236,0.0,1.0,134.25585265601768
2026-10-07T03:15:00+05:30,Vavuniya_Northern,22.9,89.617322727069,0.0,1.0,130.5496378645383
2026-10-07T03:30:00+05:30,Vavuniya_Northern,22.9,90.19805291605911,0.0,0.97,126.84314841347377
2026-10-07T03:45:00+05:30,Vavuniya_Northern,22.9,90.75223331464656,0.0,0.94,123.13677415690228
2026-10-07T04:00:00+05:30,Vavuniya_Northern,22.9,91.28763062475485,0.0,0.92,119.43085486259673
2026-10-07T04:15:00+05:30,Vavuniya_Northern,22.9,91.81060929743592,0.0,0.92,115.72570010166753
2026-10-07T04:30:00+05:30,Vavuniya_Northern,22.9,92.32656943926582,0.0,0.9,112.02160501540087
2026-10-07T04:45:00+05:30,Vavuniya_Northern,23.0,92.84026020967121,0.0,0.89,108.31886276339722
2026-10-07T05:00:00+05:30,Vavuniya_Northern,23.1,93.35601413999757,0.0,0.89,104.61777362924416
2026-10-07T05:15:00+05:30,Vavuniya_Northern,23.2,93.8779309823883,0.0,0.88,100.91865477465436
2026-10-07T05:30:00+05:30,Vavuniya_Northern,23.3,94.41003082022638,0.0,0.92,97.22184990481709
2026-10-07T05:45:00+05:30,Vavuniya_Northern,23.5,94.95639061278501,0.0,0.96,93.52773801616387
2026-10-07T06:00:00+05:30,Vavuniya_Northern,23.7,95.52127458408034,0.0,0.99,89.83674482380474
2026-10-07T06:15:00+05:30,Vavuniya_Northern,24.0,96.10926795849463,19.0,1.07,86.1493560674381
2026-10-07T06:30:00+05:30,Vavuniya_Northern,24.3,96.72542328473082,60.0,1.11,82.46613202165591
2026-10-07T06:45:00+05:30,Vavuniya_Northern,24.6,97.37542864318641,113.0,1.15,78.78772722755474
2026-10-07T07:00:00+05:30,Vavuniya_Northern,25.0,98.0658095327172,175.0,1.26,75.11491532460381
2026-10-07T07:15:00+05:30,Vavuniya_Northern,25.3,98.80417950227485,237.0,1.3,71.44861939274026
2026-10-07T07:30:00+05:30,Vavuniya_Northern,25.7,99.59955875514311,297.0,1.42,67.78995338672607
2026-10-07T07:45:00+05:30,Vavuniya_Northern,26.1,100.46278820489306,354.0,1.53,64.14027693178713
2026-10-07T08:00:00+05:30,Vavuniya_Northern,26.6,101.40707794232719,409.0,1.61,60.501267445443915
2026-10-07T08:15:00+05:30,Vavuniya_Northern,27.0,102.4487451715849,463.0,1.68,56.875020563509224
2026-10-07T08:30:00+05:30,Vavuniya_Northern,27.4,103.60822358414117,515.0,1.77,53.26418946538814
2026-10-07T08:45:00+05:30,Vavuniya_Northern,27.8,104.91146642752642,564.0,1.88,49.672180161411646
2026-10-07T09:00:00+05:30,Vavuniya_Northern,28.3,106.39192620067831,609.0,1.92,46.10343459820153
2026-09-30T09:15:00+05:30,Hambantota_Southern,30.3,101.38538604881484,676.0,5.75,41.073106697730175
2026-09-30T09:30:00+05:30,Hambantota_Southern,30.5,102.74643278303762,699.0,5.68,37.426668760525324
2026-09-30T09:45:00+05:30,Hambantota_Southern,30.7,104.37470519477023,712.0,5.68,33.801801070319065
2026-09-30T10:00:00+05:30,Hambantota_Southern,30.8,106.36460583375145,726.0,5.73,30.20630067014673
2026-09-30T10:15:00+05:30,Hambantota_Southern,30.9,108.85822569972856,754.0,5.78,26.652085019195916
2026-09-30T10:30:00+05:30,Hambantota_Southern,31.0,112.07767833862704,794.0,5.86,23.158199657256205
2026-09-30T10:45:00+05:30,Hambantota_Southern,31.1,116.38448673653403,839.0,5.94,19.756707404358423
2026-09-30T11:00:00+05:30,Hambantota_Southern,31.3,122.38936945014899,881.0,6.05,16.504859934101347
2026-09-30T11:15:00+05:30,Hambantota_Southern,31.4,131.13860631098055,913.0,6.12,13.511169640444422
2026-09-30T11:30:00+05:30,Hambantota_Southern,31.4,144.29044985225585,939.0,6.28,10.98872049181584
2026-09-30T11:45:00+05:30,Hambantota_Southern,31.4,163.48174899565686,959.0,6.47,9.328001373478628
2026-09-30T12:00:00+05:30,Hambantota_Southern,31.4,187.06737105235007,969.0,6.74,9.018360169428135
2026-09-30T12:15:00+05:30,Hambantota_Southern,31.3,208.57701227292267,966.0,6.98,10.183793932188308
2026-09-30T12:30:00+05:30,Hambantota_Southern,31.3,224.05382662008506,949.0,7.15,12.415635450451106
2026-09-30T12:45:00+05:30,Hambantota_Southern,31.2,234.35269209473017,922.0,7.2,15.252723278519952
2026-09-30T13:00:00+05:30,Hambantota_Southern,31.2,241.30952493290428,892.0,7.14,18.417434147447125
2026-09-30T13:15:00+05:30,Hambantota_Southern,31.2,246.2099631932594,864.0,7.09,21.76732205346987
2026-09-30T13:30:00+05:30,Hambantota_Southern,31.2,249.81422343300747,837.0,7.01,25.2287147293312
2026-09-30T13:45:00+05:30,Hambantota_Southern,31.2,252.56759531591956,807.0,6.92,28.761364360930543
2026-09-30T14:00:00+05:30,Hambantota_Southern,31.3,254.7392928804901,771.0,6.77,32.34191127715137
2026-09-30T14:15:00+05:30,Hambantota_Southern,31.4,256.49876163510834,726.0,6.68,35.95603014274893
2026-09-30T14:30:00+05:30,Hambantota_Southern,31.4,257.9569123254446,671.0,6.67,39.59450834491414
2026-09-30T14:45:00+05:30,Hambantota_Southern,31.3,259.188962243433,614.0,6.87,43.25117766706179
2026-09-30T15:00:00+05:30,Hambantota_Southern,31.1,260.2475477243529,559.0,7.18,46.921763432934334
2026-09-30T15:15:00+05:30,Hambantota_Southern,30.8,261.1705355697735,512.0,7.42,50.60321402687628
2026-09-30T15:30:00+05:30,Hambantota_Southern,30.6,261.9858424117214,472.0,7.45,54.2932953627954
2026-09-30T15:45:00+05:30,Hambantota_Southern,30.3,262.7145043304813,433.0,7.1,57.99033471064164
2026-09-30T16:00:00+05:30,Hambantota_Southern,29.9,263.37268988489143,389.0,6.61,61.6930542239767
2026-09-30T16:15:00+05:30,Hambantota_Southern,29.6,263.9730557141007,340.0,6.21,65.40046112809577
2026-09-30T16:30:00+05:30,Hambantota_Southern,29.3,264.52568127822235,288.0,5.96,69.11177138991484
2026-09-30T16:45:00+05:30,Hambantota_Southern,29.0,265.0387281913139,236.0,5.82,72.82635613601322
2026-09-30T17:00:00+05:30,Hambantota_Southern,28.8,265.51891552580753,183.0,5.71,76.5437047206948
2026-09-30T17:15:00+05:30,Hambantota_Southern,28.6,265.97186946772354,132.0,5.72,80.26339660642446
2026-09-30T17:30:00+05:30,Hambantota_Southern,28.5,266.40238645493275,82.0,5.77,83.98508037498513
2026-09-30T17:45:00+05:30,Hambantota_Southern,28.3,266.81463630691474,39.0,5.77,87.70845924260497
2026-09-30T18:00:00+05:30,Hambantota_Southern,28.2,267.21232337996554,6.0,5.81,91.43327863881386
2026-09-30T18:15:00+05:30,Hambantota_Southern,28.1,267.5988192520972,0.0,5.82,95.15931631489968
2026-09-30T18:30:00+05:30,Hambantota_Southern,28.0,267.9772771893703,0.0,5.76,98.8863757528767
2026-09-30T18:45:00+05:30,Hambantota_Southern,27.9,268.3507363145177,0.0,5.6,102.61427932212145
2026-09-30T19:00:00+05:30,Hambantota_Southern,27.8,268.72222303381176,0.0,5.4,106.34286224372724
2026-09-30T19:15:00+05:30,Hambantota_Southern,27.7,269.0948573118584,0.0,5.16,110.0719684876505
2026-09-30T19:30:00+05:30,Hambantota_Southern,27.6,269.4719719784541,0.0,5.1,113.80144524417126
2026-09-30T19:45:00+05:30,Hambantota_Southern,27.5,269.85725597595217,0.0,5.21,117.53113707744356
2026-09-30T20:00:00+05:30,Hambantota_Southern,27.5,270.25493654542646,0.0,5.4,121.26088079249871
2026-09-30T20:15:00+05:30,Hambantota_Southern,27.4,270.6700218455424,0.0,5.65,124.99049735572825
2026-09-30T20:30:00+05:30,Hambantota_Southern,27.4,271.10863770941694,0.0,5.78,128.71978141811653
2026-09-30T20:45:00+05:30,Hambantota_Southern,27.4,271.57851253738977,0.0,5.77,132.44848843624354
2026-09-30T21:00:00+05:30,Hambantota_Southern,27.4,272.08969964022486,0.0,5.63,136.1763139132899
2026-09-30T21:15:00+05:30,Hambantota_Southern,27.4,272.6556924848113,0.0,5.49,139.90286198756718
2026-09-30T21:30:00+05:30,Hambantota_Southern,27.4,273.2952140916533,0.0,5.37,143.62759714281515
2026-09-30T21:45:00+05:30,Hambantota_Southern,27.3,274.0352143482772,0.0,5.26,147.3497613345446
2026-09-30T22:00:00+05:30,Hambantota_Southern,27.3,274.9161511552779,0.0,5.12,151.06822835259283
2026-09-30T22:15:00+05:30,Hambantota_Southern,27.2,276.00187738258734,0.0,4.98,154.78123257473183
2026-09-30T22:30:00+05:30,Hambantota_Southern,27.2,277.39958452773226,0.0,4.88,158.4858171493674
2026-09-30T22:45:00+05:30,Hambantota_Southern,27.1,279.3040299739706,0.0,4.79,162.17660285553836
2026-09-30T23:00:00+05:30,Hambantota_Southern,27.0,282.10858214672794,0.0,4.74,165.8426645126488
2026-09-30T23:15:00+05:30,Hambantota_Southern,26.9,286.7353414472374,0.0,4.73,169.4580428530037
2026-09-30T23:30:00+05:30,Hambantota_Southern,26.9,295.87678782778926,0.0,4.73,172.9442478783896
2026-09-30T23:45:00+05:30,Hambantota_Southern,26.8,320.0143744034146,0.0,4.83,175.95232085482087
2026-10-01T00:00:00+05:30,Hambantota_Southern,26.8,20.283822530886255,0.0,4.97,176.69340980036446
2026-10-01T00:15:00+05:30,Hambantota_Southern,26.8,57.81415577345632,0.0,5.06,174.2178845980888
2026-10-01T00:30:00+05:30,Hambantota_Southern,26.7,70.63752722154828,0.0,5.15,170.84136268818614
2026-10-01T00:45:00+05:30,Hambantota_Southern,26.7,76.51297376213427,0.0,5.14,167.26127596383873
2026-10-01T01:00:00+05:30,Hambantota_Southern,26.6,79.86789103986962,0.0,5.02,163.61056326296426
2026-10-01T01:15:00+05:30,Hambantota_Southern,26.5,82.05977092178733,0.0,4.91,159.92780801280674
2026-10-01T01:30:00+05:30,Hambantota_Southern,26.4,83.62568538403252,0.0,4.85,156.22798675041903
2026-10-01T01:45:00+05:30,Hambantota_Southern,26.4,84.81814215848783,0.0,4.85,152.518085455975
2026-10-01T02:00:00+05:30,Hambantota_Southern,26.3,85.7710198275455,0.0,4.91,148.80179831765776
2026-10-01T02:15:00+05:30,Hambantota_Southern,26.3,86.5618423276884,0.0,4.93,145.08126736080663
2026-10-01T02:30:00+05:30,Hambantota_Southern,26.2,87.23864570275987,0.0,4.89,141.35782727700862
2026-10-01T02:45:00+05:30,Hambantota_Southern,26.2,87.83285021046754,0.0,4.79,137.63235934083804
2026-10-01T03:00:00+05:30,Hambantota_Southern,26.3,88.3659517907106,0.0,4.64,133.9054759368254
2026-10-01T03:15:00+05:30,Hambantota_Southern,26.3,88.85323638623186,0.0,4.44,130.1776231441326
2026-10-01T03:30:00+05:30,Hambantota_Southern,26.3,89.30595643821817,0.0,4.21,126.44913965104445
2026-10-01T03:45:00+05:30,Hambantota_Southern,26.3,89.73266582098631,0.0,3.93,122.72029419785605
2026-10-01T04:00:00+05:30,Hambantota_Southern,26.3,90.14007222238081,0.0,3.66,118.9913099027393
2026-10-01T04:15:00+05:30,Hambantota_Southern,26.3,90.53360178067248,0.0,3.52,115.2623793432861
2026-10-01T04:30:00+05:30,Hambantota_Southern,26.2,90.91778619518857,0.0,3.43,111.53367643126698
2026-10-01T04:45:00+05:30,Hambantota_Southern,26.2,91.29653788780143,0.0,3.39,107.80536540559898
2026-10-01T05:00:00+05:30,Hambantota_Southern,26.2,91.67335355087562,0.0,3.34,104.07760658226387
2026-10-01T05:15:00+05:30,Hambantota_Southern,26.2,92.0514714725789,0.0,3.45,100.35056261751467
2026-10-01T05:30:00+05:30,Hambantota_Southern,26.2,92.43399997548948,0.0,3.6,96.62440432360653
2026-10-01T05:45:00+05:30,Hambantota_Southern,26.2,92.82402927223586,0.0,3.81,92.89931496667414
2026-10-01T06:00:00+05:30,Hambantota_Southern,26.3,93.22473571594281,0.0,4.12,89.17549641839697
2026-10-01T06:15:00+05:30,Hambantota_Southern,26.4,93.63948641922013,11.0,4.47,85.45317605354354
2026-10-01T06:30:00+05:30,Hambantota_Southern,26.5,94.071951853712,31.0,4.55,81.73261332360869
2026-10-01T06:45:00+05:30,Hambantota_Southern,26.6,94.52623409267505,58.0,4.32,78.01410954285029
2026-10-01T07:00:00+05:30,Hambantota_Southern,26.8,95.00702033732216,91.0,3.89,74.29802009089714
2026-10-01T07:15:00+05:30,Hambantota_Southern,27.1,95.51977414596456,128.0,3.46,70.5847685014589
2026-10-01T07:30:00+05:30,Hambantota_Southern,27.3,96.07098061411227,167.0,3.21,66.87486679374265
2026-10-01T07:45:00+05:30,Hambantota_Southern,27.6,96.66846914448797,209.0,3.05,63.168942510246836
2026-10-01T08:00:00+05:30,Hambantota_Southern,27.9,97.3218482936536,255.0,2.9,59.467773895345616
2026-10-01T08:15:00+05:30,Hambantota_Southern,28.2,98.04310346295154,308.0,2.75,55.77234060506597
2026-10-01T08:30:00+05:30,Hambantota_Southern,28.5,98.84743606941186,368.0,2.55,52.08389528609827
2026-10-01T08:45:00+05:30,Hambantota_Southern,28.8,99.7544677814331,433.0,2.3,48.4040653915938
2026-10-01T09:00:00+05:30,Hambantota_Southern,29.1,100.79000781672659,498.0,2.01,44.73500591403314
2026-10-01T09:15:00+05:30,Hambantota_Southern,29.4,101.98871227908421,559.0,1.77,41.07963131374273
2026-10-01T09:30:00+05:30,Hambantota_Southern,29.7,103.39819660717433,615.0,1.5,37.441976949545115
2026-10-01T09:45:00+05:30,Hambantota_Southern,30.0,105.08558595336365,668.0,1.27,33.82778637812385
2026-10-01T10:00:00+05:30,Hambantota_Southern,30.3,107.14829205635311,717.0,1.07,30.245498662288952
2026-10-01T10:15:00+05:30,Hambantota_Southern,30.5,109.73235845385301,763.0,1.04,26.707979503397382
2026-10-01T10:30:00+05:30,Hambantota_Southern,30.5,113.06473646846337,808.0,1.33,23.235710391349684
2026-10-01T10:45:00+05:30,Hambantota_Southern,30.4,117.51147488625787,848.0,1.99,19.862965506041775
2026-10-01T11:00:00+05:30,Hambantota_Southern,30.1,123.68188166496765,878.0,2.88,16.65035909507128
2026-10-01T11:15:00+05:30,Hambantota_Southern,29.8,132.59366315005036,892.0,3.78,13.710946596212693
2026-10-01T11:30:00+05:30,Hambantota_Southern,29.6,145.78499547830108,886.0,4.35,11.2607585935108
2026-10-01T11:45:00+05:30,Hambantota_Southern,29.5,164.60033018978777,870.0,4.51,9.678773638510293
2026-10-01T12:00:00+05:30,Hambantota_Southern,29.5,187.2718830640677,854.0,4.44,9.413402677034185
2026-10-01T12:15:00+05:30,Hambantota_Southern,29.5,207.9606844573534,848.0,4.43,10.564334889741204
2026-10-01T12:30:00+05:30,Hambantota_Southern,29.4,223.1040901208571,851.0,4.55,12.753728314194689
2026-10-01T12:45:00+05:30,Hambantota_Southern,29.2,233.36083118656072,855.0,4.97,15.54892624069349
2026-10-01T13:00:00+05:30,Hambantota_Southern,28.8,240.3758543803583,850.0,5.52,18.679916641910992
2026-10-01T13:15:00+05:30,Hambantota_Southern,28.5,245.35662198537247,828.0,6.0,22.00380708553527
2026-10-01T13:30:00+05:30,Hambantota_Southern,28.3,249.03823733174255,792.0,6.17,25.44509933190193
2026-10-01T13:45:00+05:30,Hambantota_Southern,28.3,251.85941677080996,749.0,5.89,28.961958027493402
2026-10-01T14:00:00+05:30,Hambantota_Southern,28.5,254.08872879073706,703.0,5.52,32.529866935492116
2026-10-01T14:15:00+05:30,Hambantota_Southern,28.7,255.89667836984682,657.0,5.32,36.13368950685219
2026-10-01T14:30:00+05:30,Hambantota_Southern,28.7,257.3955618546256,607.0,5.26,39.76364375573801
2026-10-01T14:45:00+05:30,Hambantota_Southern,28.6,258.6618830341658,557.0,5.06,43.41315641381485
2026-10-01T15:00:00+05:30,Hambantota_Southern,28.5,259.74936049647977,512.0,4.72,47.07765959897318
2026-10-01T15:15:00+05:30,Hambantota_Southern,28.3,260.6967379581991,476.0,4.35,50.753885622664015
2026-10-01T15:30:00+05:30,Hambantota_Southern,28.1,261.5326319943208,449.0,4.06,54.43943843688301
2026-10-01T15:45:00+05:30,Hambantota_Southern,28.0,262.2786341485703,422.0,3.96,58.132522016801246
2026-10-01T16:00:00+05:30,Hambantota_Southern,28.0,262.95135274120713,386.0,3.92,61.83176335089724
2026-10-01T16:15:00+05:30,Hambantota_Southern,27.9,263.56379181705665,335.0,3.95,65.53609533006805
2026-10-01T16:30:00+05:30,Hambantota_Southern,27.9,264.1263040828535,275.0,3.9,69.24467527695272
2026-10-01T16:45:00+05:30,Hambantota_Southern,27.8,264.64726413010663,214.0,3.75,72.95682769213187
2026-10-01T17:00:00+05:30,Hambantota_Southern,27.6,265.13355417373253,160.0,3.6,76.67200466280066
2026-10-01T17:15:00+05:30,Hambantota_Southern,27.5,265.5909213905664,113.0,3.4,80.38975580637143
2026-10-01T17:30:00+05:30,Hambantota_Southern,27.4,266.02424653802603,71.0,3.2,84.10970585229485
2026-10-01T17:45:00+05:30,Hambantota_Southern,27.2,266.43775075257145,34.0,3.05,87.83153911546023
2026-10-01T18:00:00+05:30,Hambantota_Southern,27.1,266.83515881025517,5.0,2.96,91.55498631098698
2026-10-01T18:15:00+05:30,Hambantota_Southern,26.9,267.21983249477137,0.0,2.81,95.27981413009395
2026-10-01T18:30:00+05:30,Hambantota_Southern,26.8,267.5948843464936,0.0,2.71,99.00581829784372
2026-10-01T18:45:00+05:30,Hambantota_Southern,26.7,267.963279624133,0.0,2.55,102.73281654151549
2026-10-01T19:00:00+05:30,Hambantota_Southern,26.7,268.32793381466126,0.0,2.42,106.46064252031064
2026-10-01T19:15:00+05:30,Hambantota_Southern,26.7,268.69181288829714,0.0,2.39,110.18914184808855
2026-10-01T19:30:00+05:30,Hambantota_Southern,26.6,269.0580438664078,0.0,2.41,113.91816687056686
2026-10-01T19:45:00+05:30,Hambantota_Southern,26.6,269.4300456564167,0.0,2.47,117.64757135791542
2026-10-01T20:00:00+05:30,Hambantota_Southern,26.5,269.811693678886,0.0,2.55,121.37720620125609
2026-10-01T20:15:00+05:30,Hambantota_Southern,26.4,270.20753752520295,0.0,2.66,125.10691258969482
2026-10-01T20:30:00+05:30,Hambantota_Southern,26.4,270.62310178415146,0.0,2.75,128.83651340019907
2026-10-01T20:45:00+05:30,Hambantota_Southern,26.3,271.06531829054467,0.0,2.86,132.56580311635378
2026-10-01T21:00:00+05:30,Hambantota_Southern,26.3,271.5431696423065,0.0,2.94,136.2945313304935
2026-10-01T21:15:00+05:30,Hambantota_Southern,26.2,272.0686832474934,0.0,3.07,140.0223779782119
2026-10-01T21:30:00+05:30,Hambantota_Southern,26.2,272.65852847161636,0.0,3.13,143.74891575212354
2026-10-01T21:45:00+05:30,Hambantota_Southern,26.1,273.33669776274166,0.0,3.2,147.47354512845772
2026-10-01T22:00:00+05:30,Hambantota_Southern,26.1,274.13924522819354,0.0,3.26,151.1953801034999
2026-10-01T22:15:00+05:30,Hambantota_Southern,26.1,275.12319535402685,0.0,3.26,154.91303517561545
2026-10-01T22:30:00+05:30,Hambantota_Southern,26.1,276.3846195914429,0.0,3.31,158.62418944674369
2026-10-01T22:45:00+05:30,Hambantota_Southern,26.0,278.0990690466557,0.0,3.35,162.32460749973762
2026-10-01T23:00:00+05:30,Hambantota_Southern,26.0,280.6244646232616,0.0,3.35,166.00562867695777
2026-10-01T23:15:00+05:30,Hambantota_Southern,26.0,284.8142151162803,0.0,3.38,169.64639654901765
2026-10-01T23:30:00+05:30,Hambantota_Southern,25.9,293.2538323364602,0.0,3.37,173.18195735924604
2026-10-01T23:45:00+05:30,Hambantota_Southern,25.9,317.13602390029433,0.0,3.34,176.29735838525883
2026-10-02T00:00:00+05:30,Hambantota_Southern,25.9,24.324424316018167,0.0,3.25,177.02188676836386
2026-10-02T00:15:00+05:30,Hambantota_Southern,25.9,61.574645608002925,0.0,3.22,174.34631021397195
2026-10-02T00:30:00+05:30,Hambantota_Southern,25.8,73.11317256308689,0.0,3.15,170.88991875127437
2026-10-02T00:45:00+05:30,Hambantota_Southern,25.8,78.30869571576778,0.0,3.13,167.27383291099278
2026-10-02T01:00:00+05:30,Hambantota_Southern,25.8,81.27066149357734,0.0,3.08,163.60345629368584
2026-10-02T01:15:00+05:30,Hambantota_Southern,25.7,83.21156873676489,0.0,3.07,159.90861261739008
2026-10-02T01:30:00+05:30,Hambantota_Southern,25.7,84.60507611771584,0.0,3.01,156.20079157730257
2026-10-02T01:45:00+05:30,Hambantota_Southern,25.6,85.67271079645423,0.0,2.97,152.48534133784267
2026-10-02T02:00:00+05:30,Hambantota_Southern,25.6,86.53165144031209,0.0,2.86,148.76509117328825
2026-10-02T02:15:00+05:30,Hambantota_Southern,25.6,87.24969122727714,0.0,2.77,145.04168552382126
2026-10-02T02:30:00+05:30,Hambantota_Southern,25.6,87.86883754993659,0.0,2.62,141.31615373449733
2026-10-02T02:45:00+05:30,Hambantota_Southern,25.6,88.41658830057668,0.0,2.4,137.5891801600011
2026-10-02T03:00:00+05:30,Hambantota_Southern,25.6,88.91178452341796,0.0,2.1,133.86124520496858
2026-10-02T03:15:00+05:30,Hambantota_Southern,25.7,89.36785631175314,0.0,1.9,130.13270384621796
2026-10-02T03:30:00+05:30,Hambantota_Southern,25.7,89.79472421349465,0.0,1.89,126.40383051387963
2026-10-02T03:45:00+05:30,Hambantota_Southern,25.7,90.19996566774773,0.0,2.04,122.67484799425314
2026-10-02T04:00:00+05:30,Hambantota_Southern,25.7,90.58956042361228,0.0,2.37,118.9459463812895
2026-10-02T04:15:00+05:30,Hambantota_Southern,25.7,90.9683852049809,0.0,2.69,115.21729467168345
2026-10-02T04:30:00+05:30,Hambantota_Southern,25.7,91.34055390036428,0.0,2.87,111.48905034168544
2026-10-02T04:45:00+05:30,Hambantota_Southern,25.6,91.70966062012155,0.0,2.93,107.76136680824538
2026-10-02T05:00:00+05:30,Hambantota_Southern,25.6,92.07896095617343,0.0,2.86,104.03439816322192
2026-10-02T05:15:00+05:30,Hambantota_Southern,25.5,92.45151372751866,0.0,2.77,100.30830478635532
2026-10-02T05:30:00+05:30,Hambantota_Southern,25.5,92.83029855995017,0.0,2.69,96.58325877560863
2026-10-02T05:45:00+05:30,Hambantota_Southern,25.5,93.21832033083194,0.0,2.61,92.85944807596218
2026-10-02T06:00:00+05:30,Hambantota_Southern,25.6,93.61870864790728,1.0,2.61,89.13708264766352
2026-10-02T06:15:00+05:30,Hambantota_Southern,25.6,94.03481983121412,22.0,2.56,85.41640154950055
2026-10-02T06:30:00+05:30,Hambantota_Southern,25.8,94.47034873506738,56.0,2.55,81.69767988426526
2026-10-02T06:45:00+05:30,Hambantota_Southern,26.0,94.9294579775542,98.0,2.45,77.98123915593966
2026-10-02T07:00:00+05:30,Hambantota_Southern,26.2,95.4169342800077,146.0,2.25,74.26746029577272
2026-10-02T07:15:00+05:30,Hambantota_Southern,26.5,95.93838456974527,198.0,2.05,70.5567988928069
2026-10-02T07:30:00+05:30,Hambantota_Southern,26.8,96.50048851445456,256.0,1.9,66.849807080036
2026-10-02T07:45:00+05:30,Hambantota_Southern,27.2,97.1113317943151,318.0,1.8,63.14716270934766
2026-10-02T08:00:00+05:30,Hambantota_Southern,27.6,97.78085560992633,378.0,1.76,59.44970746308066
2026-10-02T08:15:00+05:30,Hambantota_Southern,28.0,98.52147465310395,428.0,1.75,55.75850164391445
2026-10-02T08:30:00+05:30,Hambantota_Southern,28.3,99.34894430566192,462.0,1.8,52.07490150319892
2026-10-02T08:45:00+05:30,Hambantota_Southern,28.5,100.2836037080167,486.0,1.97,48.40066929445416
2026-10-02T09:00:00+05:30,Hambantota_Southern,28.7,101.35219694764226,512.0,2.23,44.738138022943694
2026-10-02T09:15:00+05:30,Hambantota_Southern,28.8,102.59060702217937,555.0,2.52,41.09046126829675
2026-10-02T09:30:00+05:30,Hambantota_Southern,28.9,104.04807023461376,619.0,2.76,37.462001835470616
2026-10-02T09:45:00+05:30,Hambantota_Southern,29.0,105.7938600232415,691.0,2.93,33.85896140278991
2026-10-02T10:00:00+05:30,Hambantota_Southern,29.1,107.92821812003751,756.0,3.11,30.290435058493877
2026-10-02T10:15:00+05:30,Hambantota_Southern,29.2,110.60080564565988,799.0,3.27,26.77025071305878
2026-10-02T10:30:00+05:30,Hambantota_Southern,29.3,114.04276011181935,823.0,3.48,23.320331866998615
2026-10-02T10:45:00+05:30,Hambantota_Southern,29.3,118.62335245965181,833.0,3.69,19.97713670328646
2026-10-02T11:00:00+05:30,Hambantota_Southern,29.2,124.94791817887943,834.0,3.86,16.804503873900046
2026-10-02T11:15:00+05:30,Hambantota_Southern,29.1,134.00147197801687,832.0,3.99,13.919572615018012
2026-10-02T11:30:00+05:30,Hambantota_Southern,29.0,147.20203404428622,818.0,4.05,11.540184356556097
2026-10-02T11:45:00+05:30,Hambantota_Southern,29.0,165.63289800534062,798.0,4.05,10.032729706129771
2026-10-02T12:00:00+05:30,Hambantota_Southern,29.0,187.45272793810742,782.0,3.97,9.807856720593506
2026-10-02T12:15:00+05:30,Hambantota_Southern,29.0,207.38185897342623,778.0,3.94,10.944907567518001
2026-10-02T12:30:00+05:30,Hambantota_Southern,29.0,222.2000416911548,788.0,3.99,13.093752474186047
2026-10-02T12:45:00+05:30,Hambantota_Southern,29.0,232.40395467953556,801.0,4.05,15.848022641991449
2026-10-02T13:00:00+05:30,Hambantota_Southern,29.1,239.46666012935364,806.0,4.14,18.945473530857015
2026-10-02T13:15:00+05:30,Hambantota_Southern,29.1,244.52042112959418,793.0,4.24,22.24318375283957
2026-10-02T13:30:00+05:30,Hambantota_Southern,29.2,248.27456184028608,769.0,4.29,25.66405824625666
2026-10-02T13:45:00+05:30,Hambantota_Southern,29.2,251.1603470929254,736.0,4.19,29.164774666007183
2026-10-02T14:00:00+05:30,Hambantota_Southern,29.2,253.44509668957556,695.0,4.07,32.71970062804355
2026-10-02T14:15:00+05:30,Hambantota_Southern,29.2,255.30000287848912,645.0,3.92,36.31290290662065
2026-10-02T14:30:00+05:30,Hambantota_Southern,29.1,256.8385207996023,581.0,3.8,39.934033832849146
2026-10-02T14:45:00+05:30,Hambantota_Southern,29.0,258.1383003886316,515.0,3.8,43.576114385286495
2026-10-02T15:00:00+05:30,Hambantota_Southern,28.8,259.2540534947029,458.0,3.78,47.234281147338045
2026-10-02T15:15:00+05:30,Hambantota_Southern,28.6,260.2253428047248,422.0,3.81,50.90504758378157
2026-10-02T15:30:00+05:30,Hambantota_Southern,28.5,261.08144610537306,405.0,3.76,54.58585295432937
2026-10-02T15:45:00+05:30,Hambantota_Southern,28.4,261.84448385857985,389.0,3.68,58.27477542624278
2026-10-02T16:00:00+05:30,Hambantota_Southern,28.3,262.5314855185892,360.0,3.69,61.9703445804692
2026-10-02T16:15:00+05:30,Hambantota_Southern,28.2,263.1557891659631,310.0,3.72,65.67141698882838
2026-10-02T16:30:00+05:30,Hambantota_Southern,28.0,263.7280109447183,248.0,3.66,69.37708957134447
2026-10-02T16:45:00+05:30,Hambantota_Southern,27.5,264.25673106564443,186.0,3.45,73.08663863134541
2026-10-02T17:00:00+05:30,Hambantota_Southern,26.9,264.7489892366857,132.0,3.18,76.7994775676595
2026-10-02T17:15:00+05:30,Hambantota_Southern,26.2,265.21064917430135,89.0,2.85,80.51512484074674
2026-10-02T17:30:00+05:30,Hambantota_Southern,25.8,265.6466723432284,53.0,2.55,84.23318009689069
2026-10-02T17:45:00+05:30,Hambantota_Southern,25.5,266.0613281591573,24.0,2.3,87.95330755923473
2026-10-02T18:00:00+05:30,Hambantota_Southern,25.5,266.45835915378814,3.0,2.13,91.67522205328797
2026-10-02T18:15:00+05:30,Hambantota_Southern,25.4,266.8411148612653,0.0,1.98,95.39867801507397
2026-10-02T18:30:00+05:30,Hambantota_Southern,25.4,267.21266470442004,0.0,1.86,99.1234621635832
2026-10-02T18:45:00+05:30,Hambantota_Southern,25.4,267.575897607233,0.0,1.63,102.84938624276388
2026-10-02T19:00:00+05:30,Hambantota_Southern,25.4,267.9336154330691,0.0,1.28,106.5762808695046
2026-10-02T19:15:00+05:30,Hambantota_Southern,25.4,268.28862703495156,0.0,1.01,110.30399162840452
2026-10-02T19:30:00+05:30,Hambantota_Southern,25.4,268.64384984522974,0.0,0.95,114.03237408777343
2026-10-02T19:45:00+05:30,Hambantota_Southern,25.4,269.0024279672544,0.0,1.05,117.76128893127805
2026-10-02T20:00:00+05:30,Hambantota_Southern,25.4,269.36787876871887,0.0,1.26,121.49059837150459
2026-10-02T20:15:00+05:30,Hambantota_Southern,25.3,269.7442848649001,0.0,1.54,125.2201604117919
2026-10-02T20:30:00+05:30,Hambantota_Southern,25.3,270.1365579096088,0.0,1.72,128.94982186945893
2026-10-02T20:45:00+05:30,Hambantota_Southern,25.2,270.55081642499243,0.0,1.85,132.67941075538835
2026-10-02T21:00:00+05:30,Hambantota_Southern,25.2,270.99494753910324,0.0,1.93,136.40872353774645
2026-10-02T21:15:00+05:30,Hambantota_Southern,25.1,271.47947471853195,0.0,2.02,140.1375062753214
2026-10-02T21:30:00+05:30,Hambantota_Southern,25.1,272.0189533842995,0.0,2.0,143.8654265509033
2026-10-02T21:45:00+05:30,Hambantota_Southern,25.1,272.634318087089,0.0,1.94,147.59202449935694
2026-10-02T22:00:00+05:30,Hambantota_Southern,25.1,273.35704227348896,0.0,1.82,151.316626732336
2026-10-02T22:15:00+05:30,Hambantota_Southern,25.1,274.2369888364438,0.0,1.75,155.0381859833745
2026-10-02T22:30:00+05:30,Hambantota_Southern,25.1,275.358425442952,0.0,1.71,158.75495102077696
2026-10-02T22:45:00+05:30,Hambantota_Southern,25.1,276.87612905564197,0.0,1.66,162.46372068464714
2026-10-02T23:00:00+05:30,Hambantota_Southern,25.1,279.10839790095565,0.0,1.66,166.15791245134807
2026-10-02T23:15:00+05:30,Hambantota_Southern,25.1,282.82626077072155,0.0,1.65,169.82147972795775
2026-10-02T23:30:00+05:30,Hambantota_Southern,25.1,290.4489753200439,0.0,1.65,173.40302328066173
2026-10-02T23:45:00+05:30,Hambantota_Southern,25.1,313.6687040399752,0.0,1.7,176.62979341671897
2026-10-03T00:00:00+05:30,Hambantota_Southern,25.1,29.301475075226335,0.0,1.8,177.33215708693334
2026-10-03T00:15:00+05:30,Hambantota_Southern,25.1,65.48031790075925,0.0,1.9,174.4504918153619
2026-10-03T00:30:00+05:30,Hambantota_Southern,25.1,75.60468911631534,0.0,1.95,170.9227738639592
2026-10-03T00:45:00+05:30,Hambantota_Southern,25.1,80.102438936878,0.0,1.95,167.27552549903228
2026-10-03T01:00:00+05:30,Hambantota_Southern,25.1,82.6686980813418,0.0,1.9,163.58833811066708
2026-10-03T01:15:00+05:30,Hambantota_Southern,25.1,84.35865153889415,0.0,1.86,159.88326011295345
2026-10-03T01:30:00+05:30,Hambantota_Southern,25.1,85.58029836143135,0.0,1.81,156.1687393317033
2026-10-03T01:45:00+05:30,Hambantota_Southern,25.1,86.52369127046279,0.0,1.82,152.44870543374054
2026-10-03T02:00:00+05:30,Hambantota_Southern,25.1,87.28920100262366,0.0,1.82,148.72524131532438
2026-10-03T02:15:00+05:30,Hambantota_Southern,25.1,87.93487733047402,0.0,1.82,144.9995629724368
2026-10-03T02:30:00+05:30,Hambantota_Southern,25.1,88.49670940265383,0.0,1.82,141.27243728900606
2026-10-03T02:45:00+05:30,Hambantota_Southern,25.1,88.9982867896307,0.0,1.81,137.54437966680464
2026-10-03T03:00:00+05:30,Hambantota_Southern,25.0,89.4558082523709,0.0,1.8,133.81575754058875
2026-10-03T03:15:00+05:30,Hambantota_Southern,25.0,89.88085824860241,0.0,1.75,130.08684816638575
2026-10-03T03:30:00+05:30,Hambantota_Southern,25.0,90.28203341690255,0.0,1.71,126.35787142972777
2026-10-03T03:45:00+05:30,Hambantota_Southern,24.9,90.66594093134808,0.0,1.69,122.62901140762838
2026-10-03T04:00:00+05:30,Hambantota_Southern,24.9,91.03783736352159,0.0,1.63,118.90043070425872
2026-10-03T04:15:00+05:30,Hambantota_Southern,24.8,91.40205370459455,0.0,1.59,115.17227906505977
2026-10-03T04:30:00+05:30,Hambantota_Southern,24.8,91.76228888717537,0.0,1.48,111.44470099410628
2026-10-03T04:45:00+05:30,Hambantota_Southern,24.7,92.12182092626722,0.0,1.28,107.71784192191663
2026-10-03T05:00:00+05:30,Hambantota_Southern,24.7,92.48366602877502,0.0,0.94,103.99185209151767
2026-10-03T05:15:00+05:30,Hambantota_Southern,24.7,92.85070485865532,0.0,0.67,100.26689164398384
2026-10-03T05:30:00+05:30,Hambantota_Southern,24.8,93.22578932665203,0.0,0.52,96.5431357627014
2026-10-03T05:45:00+05:30,Hambantota_Southern,24.9,93.61183966971726,0.0,0.65,92.82077870573715
2026-10-03T06:00:00+05:30,Hambantota_Southern,25.0,94.01193918319399,1.0,0.96,89.10004005026178
2026-10-03T06:15:00+05:30,Hambantota_Southern,25.2,94.42943357076751,18.0,1.32,85.3811720173231
2026-10-03T06:30:00+05:30,Hambantota_Southern,25.5,94.86804197448089,47.0,1.5,81.66446683359597
2026-10-03T06:45:00+05:30,Hambantota_Southern,25.8,95.33198715115475,86.0,1.5,77.9502677149629
2026-10-03T07:00:00+05:30,Hambantota_Southern,26.2,95.82615455499945,133.0,1.42,74.23898276092442
2026-10-03T07:15:00+05:30,Hambantota_Southern,26.5,96.3562931992351,184.0,1.31,70.53110138129932
2026-10-03T07:30:00+05:30,Hambantota_Southern,26.9,96.92927536340403,239.0,1.35,66.82721780903543
2026-10-03T07:45:00+05:30,Hambantota_Southern,27.2,97.55344008722466,297.0,1.5,63.1280624842658
2026-10-03T08:00:00+05:30,Hambantota_Southern,27.5,98.23905689849084,357.0,1.64,59.43454319931994
2026-10-03T08:15:00+05:30,Hambantota_Southern,27.7,98.99896336219427,415.0,1.81,55.74780409138031
2026-10-03T08:30:00+05:30,Hambantota_Southern,28.0,99.84945916919696,469.0,1.95,52.069308876558665
2026-10-03T08:45:00+05:30,Hambantota_Southern,28.2,100.81158614720096,521.0,2.03,48.40095934135603
2026-10-03T09:00:00+05:30,Hambantota_Southern,28.4,101.91300011466853,571.0,2.12,44.7452723546012
2026-10-03T09:15:00+05:30,Hambantota_Southern,28.6,103.19077380277201,622.0,2.18,41.10564786289643
2026-10-03T09:30:00+05:30,Hambantota_Southern,28.8,104.695702897481,673.0,2.28,37.48678504096
2026-10-03T09:45:00+05:30,Hambantota_Southern,29.0,106.4991039569569,723.0,2.37,33.8953543626082
2026-10-03T10:00:00+05:30,Hambantota_Southern,29.1,108.7038621226281,767.0,2.48,30.341118738728902
2026-10-03T10:15:00+05:30,Hambantota_Southern,29.2,111.46291220991009,805.0,2.62,26.83887837155006
2026-10-03T10:30:00+05:30,Hambantota_Southern,29.3,115.01092148534872,837.0,2.74,23.411997820969745
2026-10-03T10:45:00+05:30,Hambantota_Southern,29.4,119.71910602410406,863.0,2.96,20.099079339364238
2026-10-03T11:00:00+05:30,Hambantota_Southern,29.4,126.18643714436541,881.0,3.21,16.967027695941866
2026-10-03T11:15:00+05:30,Hambantota_Southern,29.4,135.3618083143735,889.0,3.43,14.13659149572527
2026-10-03T11:30:00+05:30,Hambantota_Southern,29.4,148.5446812693043,886.0,3.62,11.8263647011387
2026-10-03T11:45:00+05:30,Hambantota_Southern,29.3,166.58700626313066,875.0,3.67,10.389382893523972
2026-10-03T12:00:00+05:30,Hambantota_Southern,29.2,187.61219535057316,862.0,3.62,10.201589128054906
2026-10-03T12:15:00+05:30,Hambantota_Southern,29.0,206.83646708550174,852.0,3.52,11.325294010593439
2026-10-03T12:30:00+05:30,Hambantota_Southern,29.0,221.33832082503122,846.0,3.53,13.435352333895338
2026-10-03T12:45:00+05:30,Hambantota_Southern,29.0,231.48040952858884,838.0,3.58,16.149654747256108
2026-10-03T13:00:00+05:30,Hambantota_Southern,29.2,238.581227917289,825.0,3.69,19.213792427570667
2026-10-03T13:15:00+05:30,Hambantota_Southern,29.3,243.70107330198175,802.0,3.79,22.485185233335798
2026-10-03T13:30:00+05:30,Hambantota_Southern,29.4,247.52310115264586,772.0,3.86,25.885360355310723
2026-10-03T13:45:00+05:30,Hambantota_Southern,29.4,250.470378885184,737.0,3.85,29.36960960167142
2026-10-03T14:00:00+05:30,Hambantota_Southern,29.3,252.80843137514427,696.0,3.79,32.91122719254067
2026-10-03T14:15:00+05:30,Hambantota_Southern,29.2,254.70879060625373,648.0,3.77,36.49349978120307
2026-10-03T14:30:00+05:30,Hambantota_Southern,29.1,256.2858548175713,591.0,3.76,40.10551915933151
2026-10-03T14:45:00+05:30,Hambantota_Southern,29.1,257.61828497455065,533.0,3.78,43.73990084417181
2026-10-03T15:00:00+05:30,Hambantota_Southern,29.0,258.76169977122106,479.0,3.85,47.391484237763436
2026-10-03T15:15:00+05:30,Hambantota_Southern,28.9,259.75642423587254,436.0,3.86,51.05656165092384
2026-10-03T15:30:00+05:30,Hambantota_Southern,28.8,260.63235933142875,403.0,3.9,54.73240524292405
2026-10-03T15:45:00+05:30,Hambantota_Southern,28.7,261.4121282742897,371.0,3.9,58.41696509315291
2026-10-03T16:00:00+05:30,Hambantota_Southern,28.6,262.11316324031225,334.0,3.91,62.1086712984683
2026-10-03T16:15:00+05:30,Hambantota_Southern,28.5,262.7491231025544,289.0,3.89,65.80630224877439
2026-10-03T16:30:00+05:30,Hambantota_Southern,28.3,263.3308777120961,241.0,3.82,69.50889279385707
2026-10-03T16:45:00+05:30,Hambantota_Southern,28.2,263.86720559478437,193.0,3.61,73.21566953527464
2026-10-03T17:00:00+05:30,Hambantota_Southern,28.1,264.3652983442303,145.0,3.33,76.92600581361897
2026-10-03T17:15:00+05:30,Hambantota_Southern,27.9,264.83113180343906,100.0,3.07,80.63938766044046
2026-10-03T17:30:00+05:30,Hambantota_Southern,27.8,265.269744570724,57.0,2.88,84.3553884334644
2026-10-03T17:45:00+05:30,Hambantota_Southern,27.6,265.68545134748433,24.0,2.8,88.07365109710203
2026-10-03T18:00:00+05:30,Hambantota_Southern,27.5,266.0820098091804,2.0,2.72,91.79387342614338
2026-10-03T18:15:00+05:30,Hambantota_Southern,27.4,266.4627548494409,0.0,2.7,95.5157964156206
2026-10-03T18:30:00+05:30,Hambantota_Southern,27.3,266.8307104619429,0.0,2.62,99.2391965319946
2026-10-03T18:45:00+05:30,Hambantota_Southern,27.1,267.18868686680355,0.0,2.55,102.96387819185952
2026-10-03T19:00:00+05:30,Hambantota_Southern,27.0,267.5393697297488,0.0,2.47,106.68966748431501
2026-10-03T19:15:00+05:30,Hambantota_Southern,26.9,267.88540783190854,0.0,2.35,110.41640827686587
2026-10-03T19:30:00+05:30,Hambantota_Southern,26.7,268.2295054553802,0.0,2.29,114.14395739950189
2026-10-03T19:45:00+05:30,Hambantota_Southern,26.6,268.5745274222366,0.0,2.24,117.87218012727
2026-10-03T20:00:00+05:30,Hambantota_Southern,26.5,268.9236272069487,0.0,2.18,121.60094717736837
2026-10-03T20:15:00+05:30,Hambantota_Southern,26.4,269.28041257714057,0.0,2.12,125.33012988696363
2026-10-03T20:30:00+05:30,Hambantota_Southern,26.3,269.6491713114613,0.0,2.12,129.05959462211794
2026-10-03T20:45:00+05:30,Hambantota_Southern,26.3,270.0351929451341,0.0,2.12,132.78919726627663
2026-10-03T21:00:00+05:30,Hambantota_Southern,26.2,270.44524595358064,0.0,2.13,136.51877372259477
2026-10-03T21:15:00+05:30,Hambantota_Southern,26.2,270.88831435675485,0.0,2.13,140.2481261372633
2026-10-03T21:30:00+05:30,Hambantota_Southern,26.1,271.37678305811664,0.0,2.19,143.9770030938947
2026-10-03T21:45:00+05:30,Hambantota_Southern,26.1,271.92843428897305,0.0,2.25,147.70506457109073
2026-10-03T22:00:00+05:30,Hambantota_Southern,26.1,272.5699942063255,0.0,2.3,151.43182052812827
2026-10-03T22:15:00+05:30,Hambantota_Southern,26.1,273.34384911221133,0.0,2.36,155.1565169008676
2026-10-03T22:30:00+05:30,Hambantota_Southern,26.1,274.3218130765493,0.0,2.43,158.8778994225744
2026-10-03T22:45:00+05:30,Hambantota_Southern,26.1,275.63638563581594,0.0,2.49,162.59367709418865
2026-10-03T23:00:00+05:30,Hambantota_Southern,26.0,277.56217454785553,0.0,2.5,166.29912108912163
2026-10-03T23:15:00+05:30,Hambantota_Southern,26.0,280.77404193142144,0.0,2.56,169.98258104988292
2026-10-03T23:30:00+05:30,Hambantota_Southern,26.0,287.45983055685986,0.0,2.56,173.6057526452298
2026-10-03T23:45:00+05:30,Hambantota_Southern,25.9,309.45504364582575,0.0,2.56,176.94569784086784
2026-10-04T00:00:00+05:30,Hambantota_Southern,25.9,35.48699811778806,0.0,2.6,177.61749223095677
2026-10-04T00:15:00+05:30,Hambantota_Southern,25.8,69.50339664886235,0.0,2.6,174.52928084843276
2026-10-04T00:30:00+05:30,Hambantota_Southern,25.7,78.10323101028047,0.0,2.58,170.93993888155998
2026-10-04T00:45:00+05:30,Hambantota_Southern,25.7,81.89085620963567,0.0,2.57,167.2665058974137
2026-10-04T01:00:00+05:30,Hambantota_Southern,25.6,84.06040650751441,0.0,2.56,163.5653729130937
2026-10-04T01:15:00+05:30,Hambantota_Southern,25.5,85.50012057855048,0.0,2.54,159.85190641384713
2026-10-04T01:30:00+05:30,Hambantota_Southern,25.4,86.55077862880324,0.0,2.53,156.13197553857353
2026-10-04T01:45:00+05:30,Hambantota_Southern,25.4,87.37068171956918,0.0,2.52,152.40831411193935
2026-10-04T02:00:00+05:30,Hambantota_Southern,25.3,88.04336583770174,0.0,2.52,148.68237756242183
2026-10-04T02:15:00+05:30,Hambantota_Southern,25.3,88.6171594465099,0.0,2.46,144.95502235805432
2026-10-04T02:30:00+05:30,Hambantota_Southern,25.2,89.12206033588683,0.0,2.41,141.22679551439916
2026-10-04T02:45:00+05:30,Hambantota_Southern,25.2,89.57777228045472,0.0,2.3,137.49807119179573
2026-10-04T03:00:00+05:30,Hambantota_Southern,25.1,89.99786903566553,0.0,2.25,133.76912266917418
2026-10-04T03:15:00+05:30,Hambantota_Southern,25.0,90.39210234736237,0.0,2.1,130.04016271792185
2026-10-04T03:30:00+05:30,Hambantota_Southern,25.0,90.7677545760231,0.0,2.0,126.31136628012977
2026-10-04T03:45:00+05:30,Hambantota_Southern,24.9,91.1304698404677,0.0,1.85,122.5828858812593
2026-10-04T04:00:00+05:30,Hambantota_Southern,24.9,91.4847869717538,0.0,1.7,118.85486210525778
2026-10-04T04:15:00+05:30,Hambantota_Southern,24.8,91.83449535975114,0.0,1.56,115.12742972381204
2026-10-04T04:30:00+05:30,Hambantota_Southern,24.8,92.1828821394393,0.0,1.46,111.40072369304474
2026-10-04T04:45:00+05:30,Hambantota_Southern,24.8,92.53291165242342,0.0,1.36,107.67488425520308
2026-10-04T05:00:00+05:30,Hambantota_Southern,24.9,92.88736257308142,0.0,1.26,103.9500601509973
2026-10-04T05:15:00+05:30,Hambantota_Southern,24.9,93.24893881114838,0.0,1.21,100.2264132982366
2026-10-04T05:30:00+05:30,Hambantota_Southern,25.0,93.62036559240664,0.0,1.15,96.50412374157504
2026-10-04T05:45:00+05:30,Hambantota_Southern,25.2,94.0044792246714,0.0,1.15,92.78339366387823
2026-10-04T06:00:00+05:30,Hambantota_Southern,25.4,94.40431711149864,1.0,1.2,89.06445376643089
2026-10-04T06:15:00+05:30,Hambantota_Southern,25.7,94.82321447657375,22.0,1.26,85.34757088660197
2026-10-04T06:30:00+05:30,Hambantota_Southern,25.9,95.26491458468809,59.0,1.33,81.63305582815853
2026-10-04T06:45:00+05:30,Hambantota_Southern,26.2,95.733699823145,107.0,1.47,77.92127500885266
2026-10-04T07:00:00+05:30,Hambantota_Southern,26.5,96.23455344911213,161.0,1.62,74.21266528027797
2026-10-04T07:15:00+05:30,Hambantota_Southern,26.9,96.7733650853184,217.0,1.79,70.50775160182772
2026-10-04T07:30:00+05:30,Hambantota_Southern,27.2,97.35719740495642,271.0,1.95,66.8071722398985
2026-10-04T07:45:00+05:30,Hambantota_Southern,27.5,97.99463954395253,323.0,2.07,63.11171243704035
2026-10-04T08:00:00+05:30,Hambantota_Southern,27.8,98.69628457609053,375.0,2.26,59.42234868046792
2026-10-04T08:15:00+05:30,Hambantota_Southern,28.0,99.47538589182187,432.0,2.39,55.7403120124265
2026-10-04T08:30:00+05:30,Hambantota_Southern,28.3,100.34877697012399,493.0,2.48,52.06717730953831
2026-10-04T08:45:00+05:30,Hambantota_Southern,28.5,101.33818633946765,556.0,2.58,48.40499038515533
2026-10-04T09:00:00+05:30,Hambantota_Southern,28.7,102.4721567203108,616.0,2.65,44.75645746919055
2026-10-04T09:15:00+05:30,Hambantota_Southern,28.9,103.78891101386881,669.0,2.73,41.12523159476409
2026-10-04T09:30:00+05:30,Hambantota_Southern,29.0,105.34073938864805,716.0,2.82,37.51635639188701
2026-10-04T09:45:00+05:30,Hambantota_Southern,29.2,107.2008915627074,756.0,2.93,33.936980448842824
2026-10-04T10:00:00+05:30,Hambantota_Southern,29.4,109.47470319634056,791.0,3.0,30.3975440235901
2026-10-04T10:15:00+05:30,Hambantota_Southern,29.5,112.31803234018162,824.0,3.15,26.913825766864015
2026-10-04T10:30:00+05:30,Hambantota_Southern,29.6,115.96841998925618,852.0,3.24,23.51062344203028
2026-10-04T10:45:00+05:30,Hambantota_Southern,29.7,120.79778823572167,875.0,3.36,20.228631560621437
2026-10-04T11:00:00+05:30,Hambantota_Southern,29.8,127.39654114569436,895.0,3.48,17.13764535198159
2026-10-04T11:15:00+05:30,Hambantota_Southern,29.9,136.67469473299678,912.0,3.56,14.361541232923088
2026-10-04T11:30:00+05:30,Hambantota_Southern,29.9,149.8161318879496,927.0,3.7,12.118694308722567
2026-10-04T11:45:00+05:30,Hambantota_Southern,30.0,167.46942927890802,938.0,3.86,10.748287957228854
2026-10-04T12:00:00+05:30,Hambantota_Southern,30.0,187.75226300121125,942.0,4.03,10.594466994327775
2026-10-04T12:15:00+05:30,Hambantota_Southern,30.0,206.32097324834228,939.0,4.21,11.705288670117966
2026-10-04T12:30:00+05:30,Hambantota_Southern,29.9,220.5158454134274,927.0,4.38,13.778194831978084
2026-10-04T12:45:00+05:30,Hambantota_Southern,29.9,230.58860806297514,909.0,4.58,16.453480858316993
2026-10-04T13:00:00+05:30,Hambantota_Southern,29.8,237.71884592129453,886.0,4.71,19.484570424226504
2026-10-04T13:15:00+05:30,Hambantota_Southern,29.7,242.89828191802928,860.0,4.9,22.729550485200576
2026-10-04T13:30:00+05:30,Hambantota_Southern,29.6,246.78375086089432,830.0,5.01,26.10877852046007
2026-10-04T13:45:00+05:30,Hambantota_Southern,29.5,249.78949884438876,795.0,5.12,29.5762613279205
2026-10-04T14:00:00+05:30,Hambantota_Southern,29.5,252.17876416838652,755.0,5.17,33.10426431944822
2026-10-04T14:15:00+05:30,Hambantota_Southern,29.4,254.12309534923628,709.0,5.21,36.67531235425429
2026-10-04T14:30:00+05:30,Hambantota_Southern,29.3,255.7376292316743,655.0,5.17,40.27794315707088
2026-10-04T14:45:00+05:30,Hambantota_Southern,29.2,257.1019080701372,598.0,5.02,43.90436801387482
2026-10-04T15:00:00+05:30,Hambantota_Southern,29.1,258.27237367392337,543.0,4.87,47.54912814125653
2026-10-04T15:15:00+05:30,Hambantota_Southern,29.0,259.29005818175654,493.0,4.62,51.20829283962171
2026-10-04T15:30:00+05:30,Hambantota_Southern,28.9,260.1854484503539,448.0,4.41,54.87896507732611
2026-10-04T15:45:00+05:30,Hambantota_Southern,28.8,260.981644705995,403.0,4.14,58.55896479182675
2026-10-04T16:00:00+05:30,Hambantota_Southern,28.6,261.6964636756858,357.0,3.89,62.246620684065206
2026-10-04T16:15:00+05:30,Hambantota_Southern,28.5,262.34387192694714,309.0,3.59,65.94063121917264
2026-10-04T16:30:00+05:30,Hambantota_Southern,28.4,262.93498338024875,261.0,3.38,69.6399675983681
2026-10-04T16:45:00+05:30,Hambantota_Southern,28.3,263.4787676370454,214.0,3.2,73.34380528857406
2026-10-04T17:00:00+05:30,Hambantota_Southern,28.1,263.98256261870824,164.0,3.07,77.05147625067443
2026-10-04T17:15:00+05:30,Hambantota_Southern,28.0,264.45245192611003,114.0,2.96,80.76243285501108
2026-10-04T17:30:00+05:30,Hambantota_Southern,27.9,264.8935477621525,66.0,2.89,84.47622099612455
2026-10-04T17:45:00+05:30,Hambantota_Southern,27.8,265.31020716947245,28.0,2.85,88.19246123429622
2026-10-04T18:00:00+05:30,Hambantota_Southern,27.6,265.70620041302806,3.0,2.78,91.9108331488066
2026-10-04T18:15:00+05:30,Hambantota_Southern,27.5,266.08484542462253,0.0,2.77,95.63106311597654
2026-10-04T18:30:00+05:30,Hambantota_Southern,27.4,266.44911854416375,0.0,2.71,99.35291611166564
2026-10-04T18:45:00+05:30,Hambantota_Southern,27.2,266.8017490279809,0.0,2.66,103.0761878811702
2026-10-04T19:00:00+05:30,Hambantota_Southern,27.1,267.14530390924045,0.0,2.65,106.80069849216599
2026-10-04T19:15:00+05:30,Hambantota_Southern,27.0,267.48226912254506,0.0,2.6,110.52628839631271
2026-10-04T19:30:00+05:30,Hambantota_Southern,26.9,267.815132474107,0.0,2.55,114.2528137068322
2026-10-04T19:45:00+05:30,Hambantota_Southern,26.8,268.1464753395261,0.0,2.5,117.98014193458947
2026-10-04T20:00:00+05:30,Hambantota_Southern,26.7,268.47908188094704,0.0,2.45,121.70814944194215
2026-10-04T20:15:00+05:30,Hambantota_Southern,26.6,268.8160777246776,0.0,2.45,125.43671735241782
2026-10-04T20:30:00+05:30,Hambantota_Southern,26.5,269.16111664476665,0.0,2.4,129.16572709801335
2026-10-04T20:45:00+05:30,Hambantota_Southern,26.4,269.518644678566,0.0,2.4,132.89505664021786
2026-10-04T21:00:00+05:30,Hambantota_Southern,26.3,269.8942901815863,0.0,2.4,136.62457366208565
2026-10-04T21:15:00+05:30,Hambantota_Southern,26.3,270.2954648334685,0.0,2.4,140.3541260362659
2026-10-04T21:30:00+05:30,Hambantota_Southern,26.2,270.73233056719846,0.0,2.4,144.08352893124712
2026-10-04T21:45:00+05:30,Hambantota_Southern,26.2,271.2194296533785,0.0,2.4,147.81254147224553
2026-10-04T22:00:00+05:30,Hambantota_Southern,26.1,271.7785860504697,0.0,2.41,151.5408261372058
2026-10-04T22:15:00+05:30,Hambantota_Southern,26.1,272.4444159202268,0.0,2.41,155.2678740834339
2026-10-04T22:30:00+05:30,Hambantota_Southern,26.1,273.27567180119394,0.0,2.41,158.99284924401584
2026-10-04T22:45:00+05:30,Hambantota_Southern,26.0,274.38115984968056,0.0,2.41,162.7142327384908
2026-10-04T23:00:00+05:30,Hambantota_Southern,26.0,275.98791639696555,0.0,2.42,166.42888769104746
2026-10-04T23:15:00+05:30,Hambantota_Southern,26.0,278.66111367652184,0.0,2.42,170.12902275018496
2026-10-04T23:30:00+05:30,Hambantota_Southern,25.9,284.2882072991488,0.0,2.42,173.78841704218013
2026-10-04T23:45:00+05:30,Hambantota_Southern,25.9,304.3007711167738,0.0,2.37,177.23966701660257
2026-10-05T00:00:00+05:30,Hambantota_Southern,25.8,43.1891772369886,0.0,2.36,177.86837468737525
2026-10-05T00:15:00+05:30,Hambantota_Southern,25.7,73.61016985705044,0.0,2.31,174.58183473776222
2026-10-05T00:30:00+05:30,Hambantota_Southern,25.7,80.59986257832145,0.0,2.25,170.94151968580184
2026-10-05T00:45:00+05:30,Hambantota_Southern,25.6,83.67068687702931,0.0,2.2,167.24696087861906
2026-10-05T01:00:00+05:30,Hambantota_Southern,25.6,85.44424860187792,0.0,2.2,163.53474002734615
2026-10-05T01:15:00+05:30,Hambantota_Southern,25.5,86.63510960735249,0.0,2.15,159.81471457827814
2026-10-05T01:30:00+05:30,Hambantota_Southern,25.5,87.51596264847825,0.0,2.1,156.09064893492393
2026-10-05T01:45:00+05:30,Hambantota_Southern,25.4,88.21329196631785,0.0,2.06,152.36430472919403
2026-10-05T02:00:00+05:30,Hambantota_Southern,25.4,88.79385047749167,0.0,2.01,148.63662832273852
2026-10-05T02:15:00+05:30,Hambantota_Southern,25.3,89.29630080036213,0.0,1.97,144.90818496558978
2026-10-05T02:30:00+05:30,Hambantota_Southern,25.2,89.7446920184342,0.0,1.92,141.17934391360572
2026-10-05T02:45:00+05:30,Hambantota_Southern,25.1,90.15487273296628,0.0,1.88,137.45036545155347
2026-10-05T03:00:00+05:30,Hambantota_Southern,25.1,90.53781341928993,0.0,1.89,133.721447264525
2026-10-05T03:15:00+05:30,Hambantota_Southern,25.0,90.90144861644228,0.0,1.84,129.99275069311824
2026-10-05T03:30:00+05:30,Hambantota_Southern,24.9,91.25175760592492,0.0,1.81,126.2644152046936
2026-10-05T03:45:00+05:30,Hambantota_Southern,24.8,91.59342964991077,0.0,1.77,122.53656883122007
2026-10-05T04:00:00+05:30,Hambantota_Southern,24.7,91.9302919185269,0.0,1.74,118.80933553148525
2026-10-05T04:15:00+05:30,Hambantota_Southern,24.6,92.26559675893134,0.0,1.69,115.08283932322772
2026-10-05T04:30:00+05:30,Hambantota_Southern,24.5,92.60222295506406,0.0,1.66,111.3572089879167
2026-10-05T04:45:00+05:30,Hambantota_Southern,24.5,92.94282379111564,0.0,1.63,107.63258234375567
2026-10-05T05:00:00+05:30,Hambantota_Southern,24.5,93.28994239041873,0.0,1.59,103.90910894249981
2026-10-05T05:15:00+05:30,Hambantota_Southern,24.6,93.64610739032452,0.0,1.54,100.18695446514926
2026-10-05T05:30:00+05:30,Hambantota_Southern,24.7,94.0139184053603,0.0,1.48,96.4663055685241
2026-10-05T05:45:00+05:30,Hambantota_Southern,24.8,94.39612853818727,0.0,1.42,92.74737394734862
2026-10-05T06:00:00+05:30,Hambantota_Southern,25.1,94.79572970597695,1.0,1.32,89.03040291133796
2026-10-05T06:15:00+05:30,Hambantota_Southern,25.3,95.21604674621744,24.0,1.27,85.31567534474455
2026-10-05T06:30:00+05:30,Hambantota_Southern,25.6,95.6608468108405,62.0,1.2,81.60352204958542
2026-10-05T06:45:00+05:30,Hambantota_Southern,26.0,96.13447130484883,112.0,1.15,77.89433410936492
2026-10-05T07:00:00+05:30,Hambantota_Southern,26.3,96.64200021521879,169.0,1.16,74.18857867473925
2026-10-05T07:15:00+05:30,Hambantota_Southern,26.7,97.18946210511797,227.0,1.15,70.48681793845864
2026-10-05T07:30:00+05:30,Hambantota_Southern,27.1,97.7841075663631,283.0,1.13,66.78973607918573
2026-10-05T07:45:00+05:30,Hambantota_Southern,27.4,98.43477222592657,337.0,1.06,63.09817528440456
2026-10-05T08:00:00+05:30,Hambantota_Southern,27.7,99.1523674643812,391.0,1.0,59.4131832290679
2026-10-05T08:15:00+05:30,Hambantota_Southern,28.0,99.95055483317753,449.0,0.9,55.73608079995522
2026-10-05T08:30:00+05:30,Hambantota_Southern,28.3,100.84669023706573,510.0,0.75,52.06855755191501
2026-10-05T08:45:00+05:30,Hambantota_Southern,28.6,101.86317175911239,572.0,0.5,48.41280756625675
2026-10-05T09:00:00+05:30,Hambantota_Southern,28.8,103.02940257949092,631.0,0.2,44.7717315608997
2026-10-05T09:15:00+05:30,Hambantota_Southern,28.9,104.38471395103602,683.0,0.16,41.14924181060665
2026-10-05T09:30:00+05:30,Hambantota_Southern,29.1,105.9828224857435,727.0,0.56,37.55073361289431
2026-10-05T09:45:00+05:30,Hambantota_Southern,29.3,107.8987968657944,765.0,1.02,33.98384158779078
2026-10-05T10:00:00+05:30,Hambantota_Southern,29.5,110.24022521461256,799.0,1.53,30.459690549936376
2026-10-05T10:15:00+05:30,Hambantota_Southern,29.6,113.16553420356956,829.0,1.99,26.995039822905376
2026-10-05T10:30:00+05:30,Hambantota_Southern,29.7,116.91448808114933,854.0,2.45,23.616105796292118
2026-10-05T10:45:00+05:30,Hambantota_Southern,29.8,121.85852401165778,874.0,2.86,20.365612401935437
2026-10-05T11:00:00+05:30,Hambantota_Southern,30.0,128.57747818598028,890.0,3.23,17.316055179027742
2026-10-05T11:15:00+05:30,Hambantota_Southern,30.0,137.94037810841166,900.0,3.54,14.593957088255465
2026-10-05T11:30:00+05:30,Hambantota_Southern,30.1,151.01960975848533,904.0,3.81,12.416595778849043
2026-10-05T11:45:00+05:30,Hambantota_Southern,30.2,168.2862483148665,904.0,4.03,11.109035818786367
2026-10-05T12:00:00+05:30,Hambantota_Southern,30.2,187.87465337508007,899.0,4.15,10.98635806946335
2026-10-05T12:15:00+05:30,Hambantota_Southern,30.3,205.83229609932766,891.0,4.26,12.084697019883436
2026-10-05T12:30:00+05:30,Hambantota_Southern,30.3,219.7297905499717,878.0,4.33,14.121967696439441
2026-10-05T12:45:00+05:30,Hambantota_Southern,30.3,229.72703031446082,862.0,4.41,16.759174990284293
2026-10-05T13:00:00+05:30,Hambantota_Southern,30.3,236.8788082927512,842.0,4.44,19.757514468049223
2026-10-05T13:15:00+05:30,Hambantota_Southern,30.3,242.1117429777193,818.0,4.41,22.976024828194667
2026-10-05T13:30:00+05:30,Hambantota_Southern,30.2,246.05639860051397,791.0,4.4,26.334090191709087
2026-10-05T13:45:00+05:30,Hambantota_Southern,30.2,249.1176877564784,760.0,4.35,29.78453209575178
2026-10-05T14:00:00+05:30,Hambantota_Southern,30.1,251.55612257284236,724.0,4.27,33.29863311034509
2026-10-05T14:15:00+05:30,Hambantota_Southern,30.0,253.54296874285853,684.0,4.18,36.85817616486942
2026-10-05T14:30:00+05:30,Hambantota_Southern,29.9,255.19390843361077,638.0,4.03,40.45115259958951
2026-10-05T14:45:00+05:30,Hambantota_Southern,29.7,256.5892409206779,590.0,3.82,44.069371568473485
2026-10-05T15:00:00+05:30,Hambantota_Southern,29.5,257.78615018148344,542.0,3.59,47.7070757152027
2026-10-05T15:15:00+05:30,Hambantota_Southern,29.2,258.82632170220177,496.0,3.34,51.3601099055494
2026-10-05T15:30:00+05:30,Hambantota_Southern,29.0,259.7407917538951,452.0,3.08,55.025406134441845
2026-10-05T15:45:00+05:30,Hambantota_Southern,28.7,260.5531122822692,408.0,2.82,58.70065236386039
2026-10-05T16:00:00+05:30,Hambantota_Southern,28.4,261.28146666138593,361.0,2.59,62.38407414788092
2026-10-05T16:15:00+05:30,Hambantota_Southern,28.1,261.94011621874495,313.0,2.45,66.07428840659931
2026-10-05T16:30:00+05:30,Hambantota_Southern,27.8,262.5404094119414,265.0,2.41,69.77020120426076
2026-10-05T16:45:00+05:30,Hambantota_Southern,27.6,263.0914997519228,217.0,2.4,73.4709355052075
2026-10-05T17:00:00+05:30,Hambantota_Southern,27.3,263.6008659877919,166.0,2.51,77.17578062364788
2026-10-05T17:15:00+05:30,Hambantota_Southern,27.0,264.074695160052,114.0,2.55,80.88415407594104
2026-10-05T17:30:00+05:30,Hambantota_Southern,26.8,264.51816959721424,64.0,2.59,84.5955731499642
2026-10-05T17:45:00+05:30,Hambantota_Southern,26.7,264.9356857927214,25.0,2.57,88.30963487880355
2026-10-05T18:00:00+05:30,Hambantota_Southern,26.5,265.33102410921174,2.0,2.5,92.0259995176626
2026-10-05T18:15:00+05:30,Hambantota_Southern,26.4,265.70748327089154,0.0,2.37,95.7443776623603
2026-10-05T18:30:00+05:30,Hambantota_Southern,26.3,266.06798983146626,0.0,2.21,99.4645215628957
2026-10-05T18:45:00+05:30,Hambantota_Southern,26.2,266.41518993990235,0.0,2.02,103.18621695245665
2026-10-05T19:00:00+05:30,Hambantota_Southern,26.1,266.75152970993923,0.0,1.8,106.90927638164622
2026-10-05T19:15:00+05:30,Hambantota_Southern,26.0,267.0793296458488,0.0,1.52,110.6335351782144
2026-10-05T19:30:00+05:30,Hambantota_Southern,25.9,267.4008580021474,0.0,1.32,114.35884674433909
2026-10-05T19:45:00+05:30,Hambantota_Southern,25.8,267.7184088743763,0.0,1.17,118.08507844576391
2026-10-05T20:00:00+05:30,Hambantota_Southern,25.7,268.03439214091406,0.0,1.01,121.8121093910949
2026-10-05T20:15:00+05:30,Hambantota_Southern,25.6,268.35144460960373,0.0,0.89,125.53982689068843
2026-10-05T20:30:00+05:30,Hambantota_Southern,25.6,268.6725767861891,0.0,0.81,129.2681228725242
2026-10-05T20:45:00+05:30,Hambantota_Southern,25.5,269.00137794708536,0.0,0.8,132.99689145878145
2026-10-05T21:00:00+05:30,Hambantota_Southern,25.4,269.3423167098773,0.0,0.8,136.72602427019527
2026-10-05T21:15:00+05:30,Hambantota_Southern,25.3,269.7012023513632,0.0,0.8,140.45540425087964
2026-10-05T21:30:00+05:30,Hambantota_Southern,25.3,270.08592588419765,0.0,0.8,144.18489826438588
2026-10-05T21:45:00+05:30,Hambantota_Southern,25.2,270.5077094675239,0.0,0.8,147.91434308492572
2026-10-05T22:00:00+05:30,Hambantota_Southern,25.2,270.983333095203,0.0,0.8,151.64352145857413
2026-10-05T22:15:00+05:30,Hambantota_Southern,25.1,271.53937382455644,0.0,0.85,155.3721190797376
2026-10-05T22:30:00+05:30,Hambantota_Southern,25.1,272.2209644139415,0.0,0.85,159.09963370426377
2026-10-05T22:45:00+05:30,Hambantota_Southern,25.0,273.1119117861773,0.0,0.9,162.82516748316772
2026-10-05T23:00:00+05:30,Hambantota_Southern,25.0,274.3880690998201,0.0,0.91,166.54687818417466
2026-10-05T23:15:00+05:30,Hambantota_Southern,25.0,276.4920627152879,0.0,0.96,170.26017389882367
2026-10-05T23:30:00+05:30,Hambantota_Southern,24.9,280.94112175737706,0.0,0.91,173.94930231912073
2026-10-05T23:45:00+05:30,Hambantota_Southern,24.8,297.98474780845436,0.0,0.81,177.50431908685908
2026-10-06T00:00:00+05:30,Hambantota_Southern,24.7,52.66668109189163,0.0,0.68,178.07197013638944
2026-10-06T00:15:00+05:30,Hambantota_Southern,24.5,77.76241307501391,0.0,0.54,174.60767967677924
2026-10-06T00:30:00+05:30,Hambantota_Southern,24.4,83.0857505185125,0.0,0.47,170.92771638460692
2026-10-06T00:45:00+05:30,Hambantota_Southern,24.3,85.43879151476335,0.0,0.5,167.21711018358528
2026-10-06T01:00:00+05:30,Hambantota_Southern,24.3,86.8187520691996,0.0,0.57,163.49663294640936
2026-10-06T01:15:00+05:30,Hambantota_Southern,24.2,87.7627888953067,0.0,0.61,159.77185423435105
2026-10-06T01:30:00+05:30,Hambantota_Southern,24.2,88.4753176364614,0.0,0.68,156.0449110977038
2026-10-06T01:45:00+05:30,Hambantota_Southern,24.1,89.05114512545867,0.0,0.75,152.31681537142404
2026-10-06T02:00:00+05:30,Hambantota_Southern,24.1,89.54036796714837,0.0,0.79,148.58812139908906
2026-10-06T02:15:00+05:30,Hambantota_Southern,24.0,89.97207017393515,0.0,0.86,144.8591705538768
2026-10-06T02:30:00+05:30,Hambantota_Southern,24.0,90.36440975271307,0.0,0.9,141.13019578977773
2026-10-06T02:45:00+05:30,Hambantota_Southern,23.9,90.72941843583396,0.0,0.97,137.40137043789449
2026-10-06T03:00:00+05:30,Hambantota_Southern,23.9,91.07548935980446,0.0,1.01,133.67283484882927
2026-10-06T03:15:00+05:30,Hambantota_Southern,23.8,91.40875780763315,0.0,1.08,129.94471177291678
2026-10-06T03:30:00+05:30,Hambantota_Southern,23.8,91.73391266605978,0.0,1.12,126.21711451914604
2026-10-06T03:45:00+05:30,Hambantota_Southern,23.8,92.05469747534289,0.0,1.17,122.49015357349583
2026-10-06T04:00:00+05:30,Hambantota_Southern,23.8,92.37423443280858,0.0,1.17,118.76394157677802
2026-10-06T04:15:00+05:30,Hambantota_Southern,23.8,92.6952438054725,0.0,1.21,115.03859594719319
2026-10-06T04:30:00+05:30,Hambantota_Southern,23.9,93.0201997444097,0.0,1.21,111.31424261645188
2026-10-06T04:45:00+05:30,Hambantota_Southern,23.9,93.35144727556155,0.0,1.21,107.59101969846931
2026-10-06T05:00:00+05:30,Hambantota_Southern,24.0,93.69129607332059,0.0,1.14,103.86907983449566
2026-10-06T05:15:00+05:30,Hambantota_Southern,24.0,94.04210105935437,0.0,1.1,100.14859442390144
2026-10-06T05:30:00+05:30,Hambantota_Southern,24.1,94.40633734964689,0.0,1.03,96.42975845958497
2026-10-06T05:45:00+05:30,Hambantota_Southern,24.3,94.78667557483413,0.0,0.92,92.71279470969203
2026-10-06T06:00:00+05:30,Hambantota_Southern,24.4,95.18606255364114,1.0,0.81,88.9979605477042
2026-10-06T06:15:00+05:30,Hambantota_Southern,24.6,95.6078127869186,28.0,0.67,85.2855563080948
2026-10-06T06:30:00+05:30,Hambantota_Southern,24.8,96.05571700531698,72.0,0.51,81.57593418599495
2026-10-06T06:45:00+05:30,Hambantota_Southern,25.0,96.5341749144552,128.0,0.34,77.86951135875229
2026-10-06T07:00:00+05:30,Hambantota_Southern,25.2,97.04836201478577,192.0,0.14,74.16678678409573
2026-10-06T07:15:00+05:30,Hambantota_Southern,25.5,97.60444394955647,256.0,0.05,70.46836152369681
2026-10-06T07:30:00+05:30,Hambantota_Southern,25.8,98.20985650030508,317.0,0.27,66.77496748831429
2026-10-06T07:45:00+05:30,Hambantota_Southern,26.1,98.87367784344428,375.0,0.49,63.08750587678516
2026-10-06T08:00:00+05:30,Hambantota_Southern,26.3,99.6071319802935,431.0,0.72,59.40709793906532
2026-10-06T08:15:00+05:30,Hambantota_Southern,26.6,100.42428035782416,486.0,0.96,55.73515721286524
2026-10-06T08:30:00+05:30,Hambantota_Southern,26.9,101.34298913225706,538.0,1.19,52.07349125818737
2026-10-06T08:45:00+05:30,Hambantota_Southern,27.2,102.38630768689279,587.0,1.41,48.424446395571664
2026-10-06T09:00:00+05:30,Hambantota_Southern,27.5,103.58447169722513,632.0,1.66,44.791122564782675
2026-10-06T09:15:00+05:30,Hambantota_Southern,27.8,104.97787685830684,675.0,1.88,41.17769684964517
2026-10-06T09:30:00+05:30,Hambantota_Southern,28.0,106.62159535528411,714.0,2.1,37.58992252270491
2026-10-06T09:45:00+05:30,Hambantota_Southern,28.3,108.59239699595093,750.0,2.33,34.03592671751831
2026-10-06T10:00:00+05:30,Hambantota_Southern,28.5,110.99992033435632,782.0,2.51,30.527523669935015
2026-10-06T10:15:00+05:30,Hambantota_Southern,28.8,114.00480430973886,810.0,2.69,27.082451711980404
2026-10-06T10:30:00+05:30,Hambantota_Southern,29.0,117.84839642723404,835.0,2.84,23.7283248164931
2026-10-06T10:45:00+05:30,Hambantota_Southern,29.2,122.90051524189039,857.0,2.95,20.509823424156522
2026-10-06T11:00:00+05:30,Hambantota_Southern,29.3,129.72864012496768,872.0,3.06,17.501941671924982
2026-10-06T11:15:00+05:30,Hambantota_Southern,29.4,139.15930535179837,879.0,3.18,14.833374739963446
2026-10-06T11:30:00+05:30,Hambantota_Southern,29.5,152.15832642126497,877.0,3.24,12.719519713523255
2026-10-06T11:45:00+05:30,Hambantota_Southern,29.6,169.04292823239643,868.0,3.31,11.471249347655117
2026-10-06T12:00:00+05:30,Hambantota_Southern,29.6,187.98087670149056,858.0,3.31,11.377131255647342
2026-10-06T12:15:00+05:30,Hambantota_Southern,29.7,205.36774107673676,849.0,3.31,12.46333446088336
2026-10-06T12:30:00+05:30,Hambantota_Southern,29.7,218.97756683807728,840.0,3.31,14.466377787498601
2026-10-06T12:45:00+05:30,Hambantota_Southern,29.7,228.89422414459622,830.0,3.31,17.066426347431346
2026-10-06T13:00:00+05:30,Hambantota_Southern,29.6,236.06041736985435,816.0,3.27,20.032341447533113
2026-10-06T13:15:00+05:30,Hambantota_Southern,29.6,241.34114613711586,797.0,3.24,23.224360210067573
2026-10-06T13:30:00+05:30,Hambantota_Southern,29.5,245.3409241782881,775.0,3.2,26.561077689972024
2026-10-06T13:45:00+05:30,Hambantota_Southern,29.5,248.45492010589746,749.0,3.16,29.994228167346897
2026-10-06T14:00:00+05:30,Hambantota_Southern,29.4,250.94052962695548,720.0,3.05,33.49415829670728
2026-10-06T14:15:00+05:30,Hambantota_Southern,29.3,252.9684594923392,688.0,3.0,37.04193025199114
2026-10-06T14:30:00+05:30,Hambantota_Southern,29.2,254.6547550599736,653.0,2.89,40.62499776268873
2026-10-06T14:45:00+05:30,Hambantota_Southern,29.1,256.080353898291,615.0,2.78,44.23477076117274
2026-10-06T15:00:00+05:30,Hambantota_Southern,28.9,257.3031040628033,575.0,2.69,47.86519351156114
2026-10-06T15:15:00+05:30,Hambantota_Southern,28.8,258.36529215367784,532.0,2.58,51.51188543569668
2026-10-06T15:30:00+05:30,Hambantota_Southern,28.7,259.2984682245367,487.0,2.47,55.17160606791114
2026-10-06T15:45:00+05:30,Hambantota_Southern,28.5,260.12661113777403,441.0,2.36,58.841909780395014
2026-10-06T16:00:00+05:30,Hambantota_Southern,28.4,260.86825330001375,391.0,2.25,62.52091738829071
2026-10-06T16:15:00+05:30,Hambantota_Southern,28.3,261.5379380435428,339.0,2.14,66.20716276210807
2026-10-06T16:30:00+05:30,Hambantota_Southern,28.2,262.14723894889516,287.0,2.02,69.8994854310354
2026-10-06T16:45:00+05:30,Hambantota_Southern,28.1,262.7054863538582,235.0,1.91,73.59695455854381
2026-10-06T17:00:00+05:30,Hambantota_Southern,28.0,263.2202943997866,180.0,1.8,77.29881559629744
2026-10-06T17:15:00+05:30,Hambantota_Southern,27.8,263.6979493053125,124.0,1.66,81.00445005562433
2026-10-06T17:30:00+05:30,Hambantota_Southern,27.7,264.14370010038687,71.0,1.55,84.71334550344874
2026-10-06T17:45:00+05:30,Hambantota_Southern,27.6,264.56197989817673,28.0,1.44,88.42507435022526
2026-10-06T18:00:00+05:30,Hambantota_Southern,27.5,264.95657673432794,2.0,1.3,92.13927641687437
2026-10-06T18:15:00+05:30,Hambantota_Southern,27.4,265.330767959368,0.0,1.15,95.85564536702367
2026-10-06T18:30:00+05:30,Hambantota_Southern,27.2,265.68742830672886,0.0,1.01,99.57391950068119
2026-10-06T18:45:00+05:30,Hambantota_Southern,27.1,266.02911879702225,0.0,0.83,103.29387320197854
2026-10-06T19:00:00+05:30,Hambantota_Southern,26.9,266.3581624935103,0.0,0.69,107.01531000889582
2026-10-06T19:15:00+05:30,Hambantota_Southern,26.8,266.6767120871941,0.0,0.49,110.73805841089285
2026-10-06T19:30:00+05:30,Hambantota_Southern,26.6,266.9868134677294,0.0,0.32,114.46196709192972
2026-10-06T19:45:00+05:30,Hambantota_Southern,26.5,267.2904699664696,0.0,0.15,118.18690087443493
2026-10-06T20:00:00+05:30,Hambantota_Southern,26.3,267.589712678694,0.0,0.16,121.91273868311755
2026-10-06T20:15:00+05:30,Hambantota_Southern,26.1,267.8866835671208,0.0,0.27,125.63937036527517
2026-10-06T20:30:00+05:30,Hambantota_Southern,26.0,268.183741522807,0.0,0.43,129.36669370671515
2026-10-06T20:45:00+05:30,Hambantota_Southern,25.8,268.4836071235196,0.0,0.6,133.09461296614685
2026-10-06T21:00:00+05:30,Hambantota_Southern,25.7,268.78957160296324,0.0,0.78,136.82303569725582
2026-10-06T21:15:00+05:30,Hambantota_Southern,25.5,269.10581480722914,0.0,0.92,140.551869003359
2026-10-06T21:30:00+05:30,Hambantota_Southern,25.4,269.43791373785996,0.0,1.1,144.28101613585142
2026-10-06T21:45:00+05:30,Hambantota_Southern,25.2,269.79369844657344,0.0,1.24,148.01036931653988
2026-10-06T22:00:00+05:30,Hambantota_Southern,25.1,270.18477767821923,0.0,1.38,151.73979804513763
2026-10-06T22:15:00+05:30,Hambantota_Southern,24.9,270.62944798182605,0.0,1.52,155.4691294490915
2026-10-06T22:30:00+05:30,Hambantota_Southern,24.8,271.1587212599335,0.0,1.63,159.1981056838342
2026-10-06T22:45:00+05:30,Hambantota_Southern,24.7,271.83023164382905,0.0,1.74,162.92628699513529
2026-10-06T23:00:00+05:30,Hambantota_Southern,24.6,272.76538914998207,0.0,1.85,166.65279570788397
2026-10-06T23:15:00+05:30,Hambantota_Southern,24.6,274.27251482892615,0.0,1.96,170.37546367506218
2026-10-06T23:30:00+05:30,Hambantota_Southern,24.5,277.43166538101264,0.0,2.0,174.0867713764012
2026-10-06T23:45:00+05:30,Hambantota_Southern,24.4,290.29970555528394,0.0,2.04,177.72988040971526
2026-10-07T00:00:00+05:30,Hambantota_Southern,24.3,63.932200322805215,0.0,2.08,178.21285404971957
2026-10-07T00:15:00+05:30,Hambantota_Southern,24.3,81.9194128716855,0.0,2.12,174.6067520644608
2026-10-07T00:30:00+05:30,Hambantota_Southern,24.2,85.55235030762344,0.0,2.14,170.89882031288624
2026-10-07T00:45:00+05:30,Hambantota_Southern,24.2,87.19218316725943,0.0,2.15,167.1772047711762
2026-10-07T01:00:00+05:30,Hambantota_Southern,24.1,88.18251904164845,0.0,2.13,163.4512585863209
2026-10-07T01:15:00+05:30,Hambantota_Southern,24.1,88.88236873753374,0.0,2.12,159.72350130600518
2026-10-07T01:30:00+05:30,Hambantota_Southern,24.0,89.42833429595566,0.0,2.1,155.99491640386537
2026-10-07T01:45:00+05:30,Hambantota_Southern,24.0,89.8838790384458,0.0,2.08,152.26598493445977
2026-10-07T02:00:00+05:30,Hambantota_Southern,24.0,90.28264104063555,0.0,2.09,148.5369841432946
2026-10-07T02:15:00+05:30,Hambantota_Southern,23.9,90.64424294091725,0.0,2.07,144.80809756121334
2026-10-07T02:30:00+05:30,Hambantota_Southern,23.9,90.98102342293407,0.0,2.04,141.07946248069644
2026-10-07T02:45:00+05:30,Hambantota_Southern,23.9,91.30124289482796,0.0,2.01,137.35119167449824
2026-10-07T03:00:00+05:30,Hambantota_Southern,23.9,91.61074706855027,0.0,1.99,133.62338606576012
2026-10-07T03:15:00+05:30,Hambantota_Southern,24.0,91.91389222632978,0.0,1.92,129.89614241536205
2026-10-07T03:30:00+05:30,Hambantota_Southern,24.0,92.21409094386229,0.0,1.91,126.1695570168283
2026-10-07T03:45:00+05:30,Hambantota_Southern,24.0,92.51415105654871,0.0,1.85,122.44372962998004
2026-10-07T04:00:00+05:30,Hambantota_Southern,24.0,92.81649704944385,0.0,1.85,118.71876679556796
2026-10-07T04:15:00+05:30,Hambantota_Southern,24.1,93.12332245225116,0.0,1.8,114.99478341419535
2026-10-07T04:30:00+05:30,Hambantota_Southern,24.1,93.43670075675976,0.0,1.76,111.27190583517489
2026-10-07T04:45:00+05:30,Hambantota_Southern,24.2,93.7586717011186,0.0,1.73,107.55027514251111
2026-10-07T05:00:00+05:30,Hambantota_Southern,24.3,94.09131372519346,0.0,1.7,103.83004930645559
2026-10-07T05:15:00+05:30,Hambantota_Southern,24.4,94.43680966014188,0.0,1.68,100.11140736878012
2026-10-07T05:30:00+05:30,Hambantota_Southern,24.5,94.79751127096654,0.0,1.62,96.39455434877615
2026-10-07T05:45:00+05:30,Hambantota_Southern,24.6,95.17600745538948,0.0,1.57,92.679725621014
2026-10-07T06:00:00+05:30,Hambantota_Southern,24.8,95.57520030124795,1.0,1.53,88.96719405184363
2026-10-07T06:15:00+05:30,Hambantota_Southern,24.9,95.99839397649907,26.0,1.53,85.25727879985601
2026-10-07T06:30:00+05:30,Hambantota_Southern,25.1,96.4494024089646,68.0,1.52,81.55035481469179
2026-10-07T06:45:00+05:30,Hambantota_Southern,25.3,96.9326827832291,121.0,1.53,77.84686675989788
2026-10-07T07:00:00+05:30,Hambantota_Southern,25.6,97.45350475489249,182.0,1.53,74.1473468653056
2026-10-07T07:15:00+05:30,Hambantota_Southern,25.9,98.01816899763685,243.0,1.59,70.45243664781182
2026-10-07T07:30:00+05:30,Hambantota_Southern,26.1,98.63429350502673,301.0,1.68,66.7629175025493
2026-10-07T07:45:00+05:30,Hambantota_Southern,26.4,99.31119473268643,356.0,1.78,63.07975162362411
2026-10-07T08:00:00+05:30,Hambantota_Southern,26.7,100.06040318101816,410.0,1.91,59.404136118161034
2026-10-07T08:15:00+05:30,Hambantota_Southern,27.0,100.89637134787154,464.0,2.0,55.73757983315416
2026-10-07T08:30:00+05:30,Hambantota_Southern,27.3,101.83746268890309,515.0,2.16,52.08201146039915
2026-10-07T08:45:00+05:30,Hambantota_Southern,27.6,102.90735858337348,564.0,2.33,48.4399332469965
2026-10-07T09:00:00+05:30,Hambantota_Southern,27.9,104.13709781598266,610.0,2.51,44.81464867896696
2026-09-30T09:15:00+05:30,Kandy_Central,27.4,102.50912309430527,668.0,2.6,41.787795626768265
2026-09-30T09:30:00+05:30,Kandy_Central,27.8,104.00957305097478,688.0,2.96,38.167161266384085
2026-09-30T09:45:00+05:30,Kandy_Central,28.0,105.79192079614955,698.0,3.15,34.57244542057922
2026-09-30T10:00:00+05:30,Kandy_Central,28.2,107.95194038469452,710.0,3.22,31.012710666156373
2026-09-30T10:15:00+05:30,Kandy_Central,28.3,110.63106038900304,738.0,3.24,27.501590859037947
2026-09-30T10:30:00+05:30,Kandy_Central,28.5,114.04483976856471,784.0,3.27,24.060424597507478
2026-09-30T10:45:00+05:30,Kandy_Central,28.7,118.53222579735387,836.0,3.31,20.724133753867065
2026-09-30T11:00:00+05:30,Kandy_Central,28.9,124.63863550864528,878.0,3.31,17.552667020255328
2026-09-30T11:15:00+05:30,Kandy_Central,29.1,133.23538360812785,895.0,3.3,14.653480374199816
2026-09-30T11:30:00+05:30,Kandy_Central,29.2,145.57242777261132,886.0,3.35,12.221939260908925
2026-09-30T11:45:00+05:30,Kandy_Central,29.2,162.72234611411636,864.0,3.5,10.58540214326186
2026-09-30T12:00:00+05:30,Kandy_Central,29.3,183.51854511929878,841.0,3.67,10.136553564607269
2026-09-30T12:15:00+05:30,Kandy_Central,29.2,203.46191573746444,827.0,3.83,11.021473716941088
2026-09-30T12:30:00+05:30,Kandy_Central,29.0,218.95322735707936,819.0,3.9,12.969969486273925
2026-09-30T12:45:00+05:30,Kandy_Central,28.4,229.8782930974611,812.0,3.74,15.588168860548748
2026-09-30T13:00:00+05:30,Kandy_Central,27.7,237.51484903801162,797.0,3.53,18.59529283702453
2026-09-30T13:15:00+05:30,Kandy_Central,26.9,242.99773513230116,769.0,3.21,21.83119093356727
2026-09-30T13:30:00+05:30,Kandy_Central,26.4,247.07470649830927,727.0,2.95,25.207890501248258
2026-09-30T13:45:00+05:30,Kandy_Central,26.3,250.20988883651572,680.0,2.76,28.675667866245966
2026-09-30T14:00:00+05:30,Kandy_Central,26.5,252.69343714624137,637.0,2.58,32.20508713094765
2026-09-30T14:15:00+05:30,Kandy_Central,26.7,254.7117530956428,606.0,2.53,35.777880598004614
2026-09-30T14:30:00+05:30,Kandy_Central,26.8,256.3884545291063,587.0,2.5,39.38221331216433
2026-09-30T14:45:00+05:30,Kandy_Central,27.0,257.8081102683855,569.0,2.55,43.01012371871973
2026-09-30T15:00:00+05:30,Kandy_Central,27.1,259.0302576903046,539.0,2.66,46.65607723069309
2026-09-30T15:15:00+05:30,Kandy_Central,27.1,260.09791328122265,491.0,2.73,50.316114648511245
2026-09-30T15:30:00+05:30,Kandy_Central,26.8,261.0428931209338,428.0,2.7,53.98733296135675
2026-09-30T15:45:00+05:30,Kandy_Central,26.0,261.88923394811553,362.0,2.5,57.6675560047519
2026-09-30T16:00:00+05:30,Kandy_Central,24.8,262.65545245633064,300.0,2.35,61.35511969610471
2026-09-30T16:15:00+05:30,Kandy_Central,23.5,263.35607491152587,247.0,2.33,65.04872958313507
2026-09-30T16:30:00+05:30,Kandy_Central,22.7,264.00269638201735,198.0,2.28,68.74736196660427
2026-09-30T16:45:00+05:30,Kandy_Central,22.3,264.6047305840341,154.0,2.03,72.450194406803
2026-09-30T17:00:00+05:30,Kandy_Central,22.3,265.16995225452933,117.0,1.66,76.15655732742756
2026-09-30T17:15:00+05:30,Kandy_Central,22.4,265.7048975335242,87.0,1.43,79.86589747370282
2026-09-30T17:30:00+05:30,Kandy_Central,22.5,266.2151665108195,61.0,1.42,83.57775059893716
2026-09-30T17:45:00+05:30,Kandy_Central,22.5,266.705658010005,35.0,1.22,87.2917221125467
2026-09-30T18:00:00+05:30,Kandy_Central,22.5,267.1807571721153,8.0,0.83,91.00747081358209
2026-09-30T18:15:00+05:30,Kandy_Central,22.5,267.6444913737101,0.0,0.43,94.72469585107868
2026-09-30T18:30:00+05:30,Kandy_Central,22.5,268.1006664071574,0.0,0.18,98.44312743751712
2026-09-30T18:45:00+05:30,Kandy_Central,22.4,268.55299227131366,0.0,0.11,102.1625175755058
2026-09-30T19:00:00+05:30,Kandy_Central,22.4,269.00520766180705,0.0,0.18,105.88263168282234
2026-09-30T19:15:00+05:30,Kandy_Central,22.4,269.46121247585273,0.0,0.29,109.60324206911484
2026-09-30T19:30:00+05:30,Kandy_Central,22.3,269.9252185512581,0.0,0.36,113.32411972523305
2026-09-30T19:45:00+05:30,Kandy_Central,22.3,270.40193237569736,0.0,0.43,117.04502529716733
2026-09-30T20:00:00+05:30,Kandy_Central,22.3,270.89678874059217,0.0,0.46,120.76569995790969
2026-09-30T20:15:00+05:30,Kandy_Central,22.2,271.4162625326856,0.0,0.53,124.48585206996424
2026-09-30T20:30:00+05:30,Kandy_Central,22.2,271.96830112480274,0.0,0.57,128.2051394960412
2026-09-30T20:45:00+05:30,Kandy_Central,22.3,272.56294499861093,0.0,0.56,131.92314646240123
2026-09-30T21:00:00+05:30,Kandy_Central,22.3,273.2132475774803,0.0,0.62,135.6393477264156
2026-09-30T21:15:00+05:30,Kandy_Central,22.3,273.93668553883214,0.0,0.65,139.3530542535962
2026-09-30T21:30:00+05:30,Kandy_Central,22.4,274.7574015169706,0.0,0.65,143.06332884070446
2026-09-30T21:45:00+05:30,Kandy_Central,22.4,275.70991839634894,0.0,0.6,146.76884414891398
2026-09-30T22:00:00+05:30,Kandy_Central,22.3,276.84558967203895,0.0,0.57,150.4676358792278
2026-09-30T22:15:00+05:30,Kandy_Central,22.3,278.2444492043128,0.0,0.54,154.15664903254233
2026-09-30T22:30:00+05:30,Kandy_Central,22.3,280.03851198962775,0.0,0.49,157.83083627328375
2026-09-30T22:45:00+05:30,Kandy_Central,22.2,282.4616161819807,0.0,0.39,161.48120627481927
2026-09-30T23:00:00+05:30,Kandy_Central,22.2,285.9679459502607,0.0,0.22,165.09009052025863
2026-09-30T23:15:00+05:30,Kandy_Central,22.1,291.5540677573585,0.0,0.1,168.61779107039985
2026-09-30T23:30:00+05:30,Kandy_Central,22.1,301.7790886785255,0.0,0.07,171.95659572484175
2026-09-30T23:45:00+05:30,Kandy_Central,22.0,324.08962296542165,0.0,0.07,174.73386316125456
2026-10-01T00:00:00+05:30,Kandy_Central,21.9,8.791339833142274,0.0,0.1,175.67992762523852
2026-10-01T00:15:00+05:30,Kandy_Central,21.8,46.06443228523074,0.0,0.1,173.87719944434218
2026-10-01T00:30:00+05:30,Kandy_Central,21.8,62.747089391929535,0.0,0.16,170.82350456618894
2026-10-01T00:45:00+05:30,Kandy_Central,21.8,70.86724669021118,0.0,0.16,167.3976553762256
2026-10-01T01:00:00+05:30,Kandy_Central,21.8,75.55189739548013,0.0,0.16,163.8346462437285
2026-10-01T01:15:00+05:30,Kandy_Central,21.8,78.60551017500313,0.0,0.16,160.2085203083067
2026-10-01T01:30:00+05:30,Kandy_Central,21.8,80.77305125175201,0.0,0.16,156.54864803856935
2026-10-01T01:45:00+05:30,Kandy_Central,21.8,82.41025410174802,0.0,0.22,152.8688001722194
2026-10-01T02:00:00+05:30,Kandy_Central,21.7,83.70682064100492,0.0,0.29,149.17625342499707
2026-10-01T02:15:00+05:30,Kandy_Central,21.6,84.77277489482356,0.0,0.36,145.4752116394239
2026-10-01T02:30:00+05:30,Kandy_Central,21.5,85.67625556425111,0.0,0.4,141.7682785162312
2026-10-01T02:45:00+05:30,Kandy_Central,21.4,86.4617511857723,0.0,0.43,138.05715967770317
2026-10-01T03:00:00+05:30,Kandy_Central,21.4,87.15961185381263,0.0,0.5,134.34302749022208
2026-10-01T03:15:00+05:30,Kandy_Central,21.4,87.7913362164768,0.0,0.5,130.62672326181
2026-10-01T03:30:00+05:30,Kandy_Central,21.4,88.37266975881386,0.0,0.45,126.90887423122115
2026-10-01T03:45:00+05:30,Kandy_Central,21.4,88.91550344937275,0.0,0.25,123.18996643895107
2026-10-01T04:00:00+05:30,Kandy_Central,21.4,89.42908384046518,0.0,0.47,119.47039154120503
2026-10-01T04:15:00+05:30,Kandy_Central,21.4,89.92081221663454,0.0,0.9,115.75047668542034
2026-10-01T04:30:00+05:30,Kandy_Central,21.3,90.39678990372602,0.0,1.11,112.03050644089149
2026-10-01T04:45:00+05:30,Kandy_Central,21.2,90.8622030544156,0.0,0.94,108.3107388574926
2026-10-01T05:00:00+05:30,Kandy_Central,21.1,91.32160413471604,0.0,0.59,104.59141635848243
2026-10-01T05:15:00+05:30,Kandy_Central,21.0,91.77912601170073,0.0,0.36,100.87277588992237
2026-10-01T05:30:00+05:30,Kandy_Central,20.9,92.23865285172019,0.0,0.51,97.15505781196961
2026-10-01T05:45:00+05:30,Kandy_Central,20.9,92.70396469602474,0.0,0.7,93.43851276913882
2026-10-01T06:00:00+05:30,Kandy_Central,20.9,93.17886772800091,0.0,0.9,89.72341012627544
2026-10-01T06:15:00+05:30,Kandy_Central,21.0,93.66732042809349,17.0,1.05,86.01004704047219
2026-10-01T06:30:00+05:30,Kandy_Central,21.2,94.17356486435261,50.0,1.15,82.29875725514816
2026-10-01T06:45:00+05:30,Kandy_Central,21.5,94.70227196077633,89.0,1.2,78.5899232943972
2026-10-01T07:00:00+05:30,Kandy_Central,21.9,95.25871142418458,133.0,1.2,74.8839914271482
2026-10-01T07:15:00+05:30,Kandy_Central,22.3,95.84895965152958,177.0,1.15,71.18148906865228
2026-10-01T07:30:00+05:30,Kandy_Central,22.8,96.4801625940708,219.0,1.06,67.48304921586062
2026-10-01T07:45:00+05:30,Kandy_Central,23.2,97.16087795628329,259.0,0.93,63.78944271525631
2026-10-01T08:00:00+05:30,Kandy_Central,23.6,97.90153182053223,298.0,0.83,60.10162026093769
2026-10-01T08:15:00+05:30,Kandy_Central,24.0,98.7150406291234,337.0,0.68,56.42077215157782
2026-10-01T08:30:00+05:30,Kandy_Central,24.5,99.61767657314743,374.0,0.61,52.748412076720115
2026-10-01T08:45:00+05:30,Kandy_Central,25.0,100.63029740923707,410.0,0.56,49.0864956533684
2026-10-01T09:00:00+05:30,Kandy_Central,25.6,101.78013142336744,450.0,0.67,45.43759634002754
2026-10-01T09:15:00+05:30,Kandy_Central,26.2,103.10342876938057,501.0,0.83,41.805169835774265
2026-10-01T09:30:00+05:30,Kandy_Central,26.7,104.64949801039637,566.0,0.99,38.193961226000425
2026-10-01T09:45:00+05:30,Kandy_Central,27.0,106.48701231165688,638.0,1.13,34.610656240227485
2026-10-01T10:00:00+05:30,Kandy_Central,27.3,108.71413270935079,708.0,1.2,31.064955341937456
2026-10-01T10:15:00+05:30,Kandy_Central,27.6,111.47519588546828,767.0,1.27,27.57141156127709
2026-10-01T10:30:00+05:30,Kandy_Central,27.8,114.98882205228347,817.0,1.38,24.15270889784145
2026-10-01T10:45:00+05:30,Kandy_Central,28.1,119.59553759793852,860.0,1.49,20.845742267745706
2026-10-01T11:00:00+05:30,Kandy_Central,28.4,125.83519508236435,894.0,1.63,17.713243076359518
2026-10-01T11:15:00+05:30,Kandy_Central,28.7,134.54908833369313,916.0,1.78,14.86595041494374
2026-10-01T11:30:00+05:30,Kandy_Central,29.0,146.89080437310827,924.0,1.89,12.500333222903208
2026-10-01T11:45:00+05:30,Kandy_Central,29.2,163.73666300038212,921.0,1.97,10.933668920064733
2026-10-01T12:00:00+05:30,Kandy_Central,29.4,183.83475649071104,914.0,2.09,10.528873843942321
2026-10-01T12:15:00+05:30,Kandy_Central,29.6,203.06530412685353,909.0,2.16,11.410286565356174
2026-10-01T12:30:00+05:30,Kandy_Central,29.6,218.17876009565086,913.0,2.21,13.32506441750111
2026-10-01T12:45:00+05:30,Kandy_Central,29.4,228.9968606338693,909.0,2.22,15.904242041111289
2026-10-01T13:00:00+05:30,Kandy_Central,29.2,236.64806328707226,883.0,2.23,18.87741317626002
2026-10-01T13:15:00+05:30,Kandy_Central,28.9,242.18584423909965,816.0,2.16,22.086011686873846
2026-10-01T13:30:00+05:30,Kandy_Central,28.5,246.3254577375684,703.0,2.05,25.44109564584555
2026-10-01T13:45:00+05:30,Kandy_Central,28.0,249.51970852207484,577.0,1.82,28.891653285730555
2026-10-01T14:00:00+05:30,Kandy_Central,27.5,252.0554966899948,472.0,1.76,32.40717665134864
2026-10-01T14:15:00+05:30,Kandy_Central,26.9,254.11887391194165,417.0,1.96,35.968594775585885
2026-10-01T14:30:00+05:30,Kandy_Central,26.3,255.8340661870249,404.0,2.01,39.563486690650514
2026-10-01T14:45:00+05:30,Kandy_Central,25.4,257.28648606410053,405.0,1.5,43.183463533797045
2026-10-01T15:00:00+05:30,Kandy_Central,24.4,258.53649235117666,394.0,0.63,46.82267621349514
2026-10-01T15:15:00+05:30,Kandy_Central,23.5,259.62781980298604,353.0,0.28,50.47693106121716
2026-10-01T15:30:00+05:30,Kandy_Central,22.9,260.59288510224286,290.0,0.96,54.14314786902744
2026-10-01T15:45:00+05:30,Kandy_Central,22.7,261.45621664815417,224.0,1.27,57.81901479895383
2026-10-01T16:00:00+05:30,Kandy_Central,22.7,262.2367290365995,173.0,1.41,61.50276263915936
2026-10-01T16:15:00+05:30,Kandy_Central,22.9,262.94926802325244,146.0,1.45,65.19301462693755
2026-10-01T16:30:00+05:30,Kandy_Central,23.0,263.6056831176919,134.0,1.35,68.88868206774613
2026-10-01T16:45:00+05:30,Kandy_Central,23.0,264.21558833434636,124.0,1.06,72.58889087717479
2026-10-01T17:00:00+05:30,Kandy_Central,23.1,264.7869131245505,109.0,0.6,76.29293029686433
2026-10-01T17:15:00+05:30,Kandy_Central,23.1,265.3263092535728,84.0,0.25,80.00021424178125
2026-10-01T17:30:00+05:30,Kandy_Central,23.1,265.83945807751434,56.0,0.3,83.71025242864347
2026-10-01T17:45:00+05:30,Kandy_Central,23.1,266.33130853833916,29.0,0.35,87.42262989111175
2026-10-01T18:00:00+05:30,Kandy_Central,23.1,266.8062666014917,5.0,0.29,91.13698989055365
2026-10-01T18:15:00+05:30,Kandy_Central,23.1,267.2683517647775,0.0,0.16,94.85302031399286
2026-10-01T18:30:00+05:30,Kandy_Central,23.0,267.72133256652467,0.0,0.11,98.57044403404137
2026-10-01T18:45:00+05:30,Kandy_Central,22.9,268.16885035133475,0.0,0.16,102.2890094731094
2026-10-01T19:00:00+05:30,Kandy_Central,22.8,268.6145401816778,0.0,0.36,106.00848225045826
2026-10-01T19:15:00+05:30,Kandy_Central,22.6,269.06215786042833,0.0,0.63,109.72863887759532
2026-10-01T19:30:00+05:30,Kandy_Central,22.5,269.51572274284575,0.0,0.83,113.44925899189458
2026-10-01T19:45:00+05:30,Kandy_Central,22.4,269.97968924507535,0.0,0.89,117.17011706755602
2026-10-01T20:00:00+05:30,Kandy_Central,22.3,270.45916475611693,0.0,0.89,120.89097439574748
2026-10-01T20:15:00+05:30,Kandy_Central,22.2,270.96019923413303,0.0,0.87,124.61156739517804
2026-10-01T20:30:00+05:30,Kandy_Central,22.2,271.4901859671479,0.0,0.83,128.3315923427212
2026-10-01T20:45:00+05:30,Kandy_Central,22.2,272.0584364168651,0.0,0.76,132.05068582547892
2026-10-01T21:00:00+05:30,Kandy_Central,22.2,272.6770325325838,0.0,0.65,135.76839431682703
2026-10-01T21:15:00+05:30,Kandy_Central,22.2,273.362135181146,0.0,0.57,139.4841281933017
2026-10-01T21:30:00+05:30,Kandy_Central,22.2,274.13606903575,0.0,0.51,143.1970906098921
2026-10-01T21:45:00+05:30,Kandy_Central,22.2,275.0307852166493,0.0,0.55,146.90615733866508
2026-10-01T22:00:00+05:30,Kandy_Central,22.2,276.0938974130706,0.0,0.65,150.60966738428013
2026-10-01T22:15:00+05:30,Kandy_Central,22.2,277.39982740599197,0.0,0.75,154.30503687751303
2026-10-01T22:30:00+05:30,Kandy_Central,22.2,279.07187665518705,0.0,0.81,157.9879871859551
2026-10-01T22:45:00+05:30,Kandy_Central,22.2,281.32992539222397,0.0,0.81,161.65086059637122
2026-10-01T23:00:00+05:30,Kandy_Central,22.2,284.605672004967,0.0,0.86,165.2784846547027
2026-10-01T23:15:00+05:30,Kandy_Central,22.2,289.8643113234998,0.0,0.8,168.8362600813723
2026-10-01T23:30:00+05:30,Kandy_Central,22.1,299.6791341812102,0.0,0.8,172.22747618769847
2026-10-01T23:45:00+05:30,Kandy_Central,22.1,322.21819737542523,0.0,0.81,175.0934712525772
2026-10-02T00:00:00+05:30,Kandy_Central,22.0,10.806398201700574,0.0,0.76,176.0483371300873
2026-10-02T00:15:00+05:30,Kandy_Central,22.0,49.30304789699068,0.0,0.78,174.08081117644224
2026-10-02T00:30:00+05:30,Kandy_Central,21.9,65.15884713367973,0.0,0.73,170.9260655900929
2026-10-02T00:45:00+05:30,Kandy_Central,21.8,72.67007555658398,0.0,0.68,167.4496271898962
2026-10-02T01:00:00+05:30,Kandy_Central,21.7,76.97261554003546,0.0,0.67,163.8581234230719
2026-10-02T01:15:00+05:30,Kandy_Central,21.6,79.77492666326123,0.0,0.61,160.21422698739661
2026-10-02T01:30:00+05:30,Kandy_Central,21.6,81.76770087491826,0.0,0.56,156.54246053288065
2026-10-02T01:45:00+05:30,Kandy_Central,21.6,83.27766366844048,0.0,0.51,152.85425736219145
2026-10-02T02:00:00+05:30,Kandy_Central,21.6,84.47822208966659,0.0,0.41,149.15564579230673
2026-10-02T02:15:00+05:30,Kandy_Central,21.6,85.4696983203803,0.0,0.36,145.4501076747942
2026-10-02T02:30:00+05:30,Kandy_Central,21.6,86.31414664870806,0.0,0.32,141.73980244826646
2026-10-02T02:45:00+05:30,Kandy_Central,21.6,87.0520683166776,0.0,0.36,138.026148696088
2026-10-02T03:00:00+05:30,Kandy_Central,21.5,87.71110266783012,0.0,0.41,134.31012602571803
2026-10-02T03:15:00+05:30,Kandy_Central,21.5,88.31084822671852,0.0,0.51,130.59244230700978
2026-10-02T03:30:00+05:30,Kandy_Central,21.5,88.86568437033975,0.0,0.56,126.87363022915238
2026-10-02T03:45:00+05:30,Kandy_Central,21.5,89.38649929371167,0.0,0.56,123.15410771838779
2026-10-02T04:00:00+05:30,Kandy_Central,21.5,89.88179120748248,0.0,0.51,119.4342168987958
2026-10-02T04:15:00+05:30,Kandy_Central,21.5,90.35839598245764,0.0,0.46,115.71424886307773
2026-10-02T04:30:00+05:30,Kandy_Central,21.5,90.82198437600107,0.0,0.47,111.99446222140891
2026-10-02T04:45:00+05:30,Kandy_Central,21.4,91.27741383943953,0.0,0.54,108.27509688642554
2026-10-02T05:00:00+05:30,Kandy_Central,21.3,91.72898705298542,0.0,0.63,104.55638343342198
2026-10-02T05:15:00+05:30,Kandy_Central,21.2,92.18064991849934,0.0,0.69,100.83855223489266
2026-10-02T05:30:00+05:30,Kandy_Central,21.1,92.63615118321599,0.0,0.81,97.12184170730633
2026-10-02T05:45:00+05:30,Kandy_Central,21.1,93.09917925001474,0.0,0.89,93.40650482830337
2026-10-02T06:00:00+05:30,Kandy_Central,21.2,93.57348734813104,0.0,1.05,89.69281746053802
2026-10-02T06:15:00+05:30,Kandy_Central,21.3,94.0630167267413,20.0,1.12,85.98108752251989
2026-10-02T06:30:00+05:30,Kandy_Central,21.5,94.57202681410598,60.0,1.22,82.27166410086033
2026-10-02T06:45:00+05:30,Kandy_Central,21.8,95.10524105487133,110.0,1.2,78.56495018961537
2026-10-02T07:00:00+05:30,Kandy_Central,22.3,95.66801912234791,167.0,1.19,74.86141847561993
2026-10-02T07:15:00+05:30,Kandy_Central,22.9,96.26656899832477,226.0,1.13,71.16162990124053
2026-10-02T07:30:00+05:30,Kandy_Central,23.5,96.90821622380861,287.0,1.07,67.46625969416581
2026-10-02T07:45:00+05:30,Kandy_Central,24.2,97.60175522201007,349.0,0.96,63.776131830491444
2026-10-02T08:00:00+05:30,Kandy_Central,25.0,98.35791857055972,411.0,0.86,60.09226403886268
2026-10-02T08:15:00+05:30,Kandy_Central,25.7,99.19001625006877,473.0,0.75,56.41593171692729
2026-10-02T08:30:00+05:30,Kandy_Central,26.4,100.11482444644366,534.0,0.6,52.748757532896654
2026-10-02T08:45:00+05:30,Kandy_Central,26.8,101.15384696752864,591.0,0.45,49.09283820843003
2026-10-02T09:00:00+05:30,Kandy_Central,27.1,102.33514248662192,646.0,0.29,45.45093230414862
2026-10-02T09:15:00+05:30,Kandy_Central,27.4,103.6960314080244,696.0,0.21,41.826742004824645
2026-10-02T09:30:00+05:30,Kandy_Central,27.7,105.28720216893879,740.0,0.34,38.22534615844737
2026-10-02T09:45:00+05:30,Kandy_Central,28.1,107.17909545354524,779.0,0.5,34.6538907242226
2026-10-02T10:00:00+05:30,Kandy_Central,28.5,109.4720849143306,814.0,0.67,31.12272281433748
2026-10-02T10:15:00+05:30,Kandy_Central,28.8,112.31310266685614,849.0,0.81,27.647320153229302
2026-10-02T10:30:00+05:30,Kandy_Central,29.2,115.92325441079879,886.0,0.99,24.25170491266438
2026-10-02T10:45:00+05:30,Kandy_Central,29.5,120.6435788484128,919.0,1.14,20.974699179720858
2026-10-02T11:00:00+05:30,Kandy_Central,29.8,127.00649990598555,941.0,1.29,17.88166562875142
2026-10-02T11:15:00+05:30,Kandy_Central,30.0,135.8209109843587,943.0,1.48,15.086220243813628
2026-10-02T11:30:00+05:30,Kandy_Central,30.1,148.14567190192196,925.0,1.64,12.78510766970831
2026-10-02T11:45:00+05:30,Kandy_Central,30.1,164.68157129975793,895.0,1.9,11.284913823759453
2026-10-02T12:00:00+05:30,Kandy_Central,30.0,184.12169196025079,859.0,2.26,10.92086222710249
2026-10-02T12:15:00+05:30,Kandy_Central,29.9,202.68950016603816,824.0,2.51,11.798597302799422
2026-10-02T12:30:00+05:30,Kandy_Central,29.6,217.4407836243973,790.0,2.48,13.681159449485236
2026-10-02T12:45:00+05:30,Kandy_Central,29.4,228.14729329661554,752.0,2.09,16.22240853920013
2026-10-02T13:00:00+05:30,Kandy_Central,29.0,235.80507759675376,708.0,1.71,19.162033863216692
2026-10-02T13:15:00+05:30,Kandy_Central,28.6,241.39120366981481,656.0,1.77,22.343328235422902
2026-10-02T13:30:00+05:30,Kandy_Central,28.0,245.58882995756193,601.0,1.89,25.67660067889608
2026-10-02T13:45:00+05:30,Kandy_Central,27.1,248.8389593176566,540.0,1.53,29.10966778906021
2026-10-02T14:00:00+05:30,Kandy_Central,26.0,251.42476907417364,473.0,0.87,32.61100426712547
2026-10-02T14:15:00+05:30,Kandy_Central,24.8,253.53163305194457,394.0,0.6,36.16075999737011
2026-10-02T14:30:00+05:30,Kandy_Central,24.0,255.2841720276254,296.0,0.75,39.745937704735915
2026-10-02T14:45:00+05:30,Kandy_Central,23.5,256.76850496166594,202.0,0.51,43.35772426405725
2026-10-02T15:00:00+05:30,Kandy_Central,23.2,258.04572281309714,135.0,0.43,46.98995611456187
2026-10-02T15:15:00+05:30,Kandy_Central,23.0,259.1602194864878,114.0,0.97,50.6382038668626
2026-10-02T15:30:00+05:30,Kandy_Central,22.9,260.1449722905687,134.0,1.39,54.299208387858705
2026-10-02T15:45:00+05:30,Kandy_Central,22.8,261.02497366154023,163.0,1.5,57.9705203287211
2026-10-02T16:00:00+05:30,Kandy_Central,22.9,261.8195166004381,176.0,1.45,61.65026357225193
2026-10-02T16:15:00+05:30,Kandy_Central,23.0,262.5437522996104,160.0,1.39,65.33697739008721
2026-10-02T16:30:00+05:30,Kandy_Central,23.0,263.20977436757147,126.0,1.3,69.029506572481
2026-10-02T16:45:00+05:30,Kandy_Central,23.0,263.82738934080896,89.0,1.12,72.726923996181
2026-10-02T17:00:00+05:30,Kandy_Central,22.8,264.4046754033206,59.0,0.85,76.42847643497217
2026-10-02T17:15:00+05:30,Kandy_Central,22.7,264.9483952244021,39.0,0.57,80.13354376887399
2026-10-02T17:30:00+05:30,Kandy_Central,22.6,265.46430758811573,24.0,0.47,83.84160853555262
2026-10-02T17:45:00+05:30,Kandy_Central,22.5,265.9574083198829,11.0,0.65,87.55223427899155
2026-10-02T18:00:00+05:30,Kandy_Central,22.4,266.43212136503666,2.0,1.0,91.26504761764636
2026-10-02T18:15:00+05:30,Kandy_Central,22.4,266.89245571273204,0.0,1.26,94.97972404941007
2026-10-02T18:30:00+05:30,Kandy_Central,22.3,267.34214007594323,0.0,1.32,98.6959779281703
2026-10-02T18:45:00+05:30,Kandy_Central,22.3,267.78474447890204,0.0,1.04,102.41355283179556
2026-10-02T19:00:00+05:30,Kandy_Central,22.3,268.2237974222999,0.0,0.6,106.13221318913051
2026-10-02T19:15:00+05:30,Kandy_Central,22.2,268.66290722253194,0.0,0.46,109.85173814675649
2026-10-02T19:30:00+05:30,Kandy_Central,22.2,269.1058966360843,0.0,0.6,113.57191418822974
2026-10-02T19:45:00+05:30,Kandy_Central,22.2,269.5569628067634,0.0,0.49,117.29252749361488
2026-10-02T20:00:00+05:30,Kandy_Central,22.2,270.0208789191717,0.0,0.14,121.01335693211307
2026-10-02T20:15:00+05:30,Kandy_Central,22.3,270.50326082467564,0.0,0.22,124.73416387384016
2026-10-02T20:30:00+05:30,Kandy_Central,22.3,271.0109349744111,0.0,0.4,128.45467914535422
2026-10-02T20:45:00+05:30,Kandy_Central,22.3,271.5524655687691,0.0,0.4,132.1745867942622
2026-10-02T21:00:00+05:30,Kandy_Central,22.3,272.1389361813308,0.0,0.27,135.89349867386827
2026-10-02T21:15:00+05:30,Kandy_Central,22.4,272.7851508520717,0.0,0.1,139.6109162224218
2026-10-02T21:30:00+05:30,Kandy_Central,22.4,273.51155135735894,0.0,0.07,143.32617170811727
2026-10-02T21:45:00+05:30,Kandy_Central,22.3,274.3474096688911,0.0,0.07,147.03832853647305
2026-10-02T22:00:00+05:30,Kandy_Central,22.3,275.33641267684345,0.0,0.11,150.74600723065504
2026-10-02T22:15:00+05:30,Kandy_Central,22.2,276.5470234962943,0.0,0.15,154.44706374136715
2026-10-02T22:30:00+05:30,Kandy_Central,22.2,278.0931363745442,0.0,0.15,158.13794258619356
2026-10-02T22:45:00+05:30,Kandy_Central,22.1,280.1791452278544,0.0,0.15,161.81225464767112
2026-10-02T23:00:00+05:30,Kandy_Central,22.1,283.2104625815501,0.0,0.1,165.4572440757028
2026-10-02T23:15:00+05:30,Kandy_Central,22.1,288.1099950801622,0.0,0.1,169.04340712004011
2026-10-02T23:30:00+05:30,Kandy_Central,22.0,297.4306321572167,0.0,0.1,172.4858269311602
2026-10-02T23:45:00+05:30,Kandy_Central,22.0,320.0455426878095,0.0,0.15,175.44572973492697
2026-10-03T00:00:00+05:30,Kandy_Central,21.9,13.20780407925713,0.0,0.15,176.41063049989324
2026-10-03T00:15:00+05:30,Kandy_Central,21.8,52.746693516658866,0.0,0.25,174.26509094629057
2026-10-03T00:30:00+05:30,Kandy_Central,21.7,67.6140225949888,0.0,0.3,171.01351611215262
2026-10-03T00:45:00+05:30,Kandy_Central,21.6,74.48152685921809,0.0,0.4,167.49063231377184
2026-10-03T01:00:00+05:30,Kandy_Central,21.5,78.39337977825937,0.0,0.5,163.8733835791822
2026-10-03T01:15:00+05:30,Kandy_Central,21.4,80.9420911120601,0.0,0.65,160.21357653481903
2026-10-03T01:30:00+05:30,Kandy_Central,21.3,82.7595821972393,0.0,0.7,156.53124102163005
2026-10-03T01:45:00+05:30,Kandy_Central,21.2,84.14234075626712,0.0,0.7,152.8356729581392
2026-10-03T02:00:00+05:30,Kandy_Central,21.2,85.24709334283546,0.0,0.71,149.13176694819217
2026-10-03T02:15:00+05:30,Kandy_Central,21.1,86.16432949584674,0.0,0.67,145.42235180452326
2026-10-03T02:30:00+05:30,Kandy_Central,21.1,86.94997407400956,0.0,0.68,141.70918620116598
2026-10-03T02:45:00+05:30,Kandy_Central,21.0,87.64052694321964,0.0,0.74,137.99343032976603
2026-10-03T03:00:00+05:30,Kandy_Central,20.9,88.26091408625246,0.0,0.76,134.27589062491893
2026-10-03T03:15:00+05:30,Kandy_Central,20.9,88.82883542494233,0.0,0.81,130.5571553516229
2026-10-03T03:30:00+05:30,Kandy_Central,20.8,89.35730701662453,0.0,0.87,126.83767270828014
2026-10-03T03:45:00+05:30,Kandy_Central,20.8,89.85621722328835,0.0,0.87,123.11780001340799
2026-10-03T04:00:00+05:30,Kandy_Central,20.7,90.33331859661939,0.0,0.94,119.39783559185067
2026-10-03T04:15:00+05:30,Kandy_Central,20.7,90.7948838945266,0.0,0.94,115.67803896178428
2026-10-03T04:30:00+05:30,Kandy_Central,20.7,91.24615521546554,0.0,0.94,111.95864635177708
2026-10-03T04:45:00+05:30,Kandy_Central,20.6,91.69166285843369,0.0,0.94,108.23988245886355
2026-10-03T05:00:00+05:30,Kandy_Central,20.5,92.13546094697148,0.0,0.96,104.52196844965673
2026-10-03T05:15:00+05:30,Kandy_Central,20.5,92.58130936406701,0.0,0.96,100.8051302069947
2026-10-03T05:30:00+05:30,Kandy_Central,20.5,93.0328221288537,0.0,0.96,97.0896060343002
2026-10-03T05:45:00+05:30,Kandy_Central,20.5,93.49359645849103,0.0,1.01,93.37565289409149
2026-10-03T06:00:00+05:30,Kandy_Central,20.6,93.96733284653095,0.0,1.12,89.66355468006186
2026-10-03T06:15:00+05:30,Kandy_Central,20.7,94.45795528385236,18.0,1.16,85.95363154251143
2026-10-03T06:30:00+05:30,Kandy_Central,21.0,94.96974025801381,54.0,1.12,82.24624936221443
2026-10-03T06:45:00+05:30,Kandy_Central,21.4,95.50746310594877,98.0,0.96,78.54183308789743
2026-10-03T07:00:00+05:30,Kandy_Central,22.1,96.07657242757796,149.0,0.74,74.84088338418667
2026-10-03T07:15:00+05:30,Kandy_Central,22.7,96.68340620717544,205.0,0.47,71.14399640471255
2026-10-03T07:30:00+05:30,Kandy_Central,23.3,97.33546724942556,264.0,0.25,67.45189148032907
2026-10-03T07:45:00+05:30,Kandy_Central,23.7,98.04178332155027,328.0,0.07,63.76544783772415
2026-10-03T08:00:00+05:30,Kandy_Central,24.0,98.81338860063988,392.0,0.14,60.08575269260415
2026-10-03T08:15:00+05:30,Kandy_Central,24.4,99.66397944922687,456.0,0.35,56.41416942186587
2026-10-03T08:30:00+05:30,Kandy_Central,24.8,100.61082545033776,518.0,0.53,52.75243309631333
2026-10-03T08:45:00+05:30,Kandy_Central,25.3,101.67606049617615,577.0,0.67,49.10278564682374
2026-10-03T09:00:00+05:30,Kandy_Central,25.8,102.88854908718736,633.0,0.78,45.4681756664638
2026-10-03T09:15:00+05:30,Kandy_Central,26.4,104.28664318883091,684.0,0.89,41.85255769798197
2026-10-03T09:30:00+05:30,Kandy_Central,26.9,105.92234851031895,728.0,1.07,38.261351178548544
2026-10-03T09:45:00+05:30,Kandy_Central,27.3,107.86776897390666,767.0,1.32,34.70216971235958
2026-10-03T10:00:00+05:30,Kandy_Central,27.7,110.22531177717553,800.0,1.61,31.18601372332609
2026-10-03T10:15:00+05:30,Kandy_Central,28.1,113.14418789962394,828.0,1.9,27.729287627335516
2026-10-03T10:30:00+05:30,Kandy_Central,28.3,116.84741689601424,854.0,2.12,24.357338584253597
2026-10-03T10:45:00+05:30,Kandy_Central,28.5,121.6755216068575,873.0,2.39,21.11086031825762
2026-10-03T11:00:00+05:30,Kandy_Central,28.6,128.1517932736504,878.0,2.65,18.057682533841515
2026-10-03T11:15:00+05:30,Kandy_Central,28.6,137.05084911891174,863.0,2.8,15.313889674873366
2026-10-03T11:30:00+05:30,Kandy_Central,28.7,149.33939326626069,822.0,2.85,13.075741880900424
2026-10-03T11:45:00+05:30,Kandy_Central,28.8,165.56231370234104,768.0,2.62,11.638717764761381
2026-10-03T12:00:00+05:30,Kandy_Central,28.9,184.38195496262517,720.0,2.25,11.312365867604015
2026-10-03T12:15:00+05:30,Kandy_Central,28.8,202.33218700082023,697.0,1.84,12.18624899851298
2026-10-03T12:30:00+05:30,Kandy_Central,28.5,216.73646018589494,705.0,1.54,14.037973776394566
2026-10-03T12:45:00+05:30,Kandy_Central,27.8,227.32789617297135,718.0,1.52,16.542351213132974
2026-10-03T13:00:00+05:30,Kandy_Central,26.7,234.98505509244904,707.0,1.75,19.448858927971045
2026-10-03T13:15:00+05:30,Kandy_Central,25.6,240.61342931207395,647.0,2.02,22.60287868220621
2026-10-03T13:30:00+05:30,Kandy_Central,24.7,244.86466198470072,537.0,2.03,25.91417451961594
2026-10-03T13:45:00+05:30,Kandy_Central,24.0,248.1675904844106,413.0,1.66,29.329504771124434
2026-10-03T14:00:00+05:30,Kandy_Central,23.5,250.8012597588293,306.0,1.07,32.816382164459576
2026-10-03T14:15:00+05:30,Kandy_Central,23.2,252.95006543351946,242.0,0.79,36.35420285416821
2026-10-03T14:30:00+05:30,Kandy_Central,22.9,254.73882281614732,208.0,0.95,39.92940410741942
2026-10-03T14:45:00+05:30,Kandy_Central,22.7,256.25422643229365,190.0,1.1,43.53275244127882
2026-10-03T15:00:00+05:30,Kandy_Central,22.8,257.5580134202665,178.0,1.2,47.15777048438114
2026-10-03T15:15:00+05:30,Kandy_Central,22.8,258.6951794684243,166.0,1.2,50.799792316066835
2026-10-03T15:30:00+05:30,Kandy_Central,22.9,259.6992234951544,161.0,1.2,54.45537846215481
2026-10-03T15:45:00+05:30,Kandy_Central,22.9,260.59557489592214,157.0,1.11,58.121940455301704
2026-10-03T16:00:00+05:30,Kandy_Central,23.0,261.4038858990108,148.0,0.91,61.79749366216836
2026-10-03T16:15:00+05:30,Kandy_Central,23.0,262.13959927463947,129.0,0.78,65.48049185594
2026-10-03T16:30:00+05:30,Kandy_Central,23.0,262.8150425116444,106.0,0.63,69.16971188342887
2026-10-03T16:45:00+05:30,Kandy_Central,22.9,263.4402069761577,82.0,0.57,72.8641722560709
2026-10-03T17:00:00+05:30,Kandy_Central,22.8,264.0233136652275,60.0,0.56,76.56307604612815
2026-10-03T17:15:00+05:30,Kandy_Central,22.7,264.57123148237093,41.0,0.5,80.26576793441244
2026-10-03T17:30:00+05:30,Kandy_Central,22.6,265.0897928481216,25.0,0.5,83.97170216273065
2026-10-03T17:45:00+05:30,Kandy_Central,22.5,265.5840372854781,12.0,0.45,87.68041969476896
2026-10-03T18:00:00+05:30,Kandy_Central,22.5,266.05840392907,2.0,0.4,91.391529414485
2026-10-03T18:15:00+05:30,Kandy_Central,22.5,266.5168886927266,0.0,0.35,95.10469331202978
2026-10-03T18:30:00+05:30,Kandy_Central,22.5,266.9631779690969,0.0,0.3,98.8196160451289
2026-10-03T18:45:00+05:30,Kandy_Central,22.5,267.4007678903886,0.0,0.25,102.53603507822206
2026-10-03T19:00:00+05:30,Kandy_Central,22.5,267.8330775861341,0.0,0.15,106.25371225039694
2026-10-03T19:15:00+05:30,Kandy_Central,22.5,268.2635646458174,0.0,0.1,109.97242775868453
2026-10-03T19:30:00+05:30,Kandy_Central,22.5,268.6958513063116,0.0,0.05,113.69197310023091
2026-10-03T19:45:00+05:30,Kandy_Central,22.5,269.13387249559645,0.0,0.0,117.41214400344927
2026-10-03T20:00:00+05:30,Kandy_Central,22.5,269.5820607327116,0.0,0.05,121.13273431580086
2026-10-03T20:15:00+05:30,Kandy_Central,22.4,270.04558904456746,0.0,0.05,124.85352717211552
2026-10-03T20:30:00+05:30,Kandy_Central,22.4,270.5307049257419,0.0,0.1,128.57428396462208
2026-10-03T20:45:00+05:30,Kandy_Central,22.4,271.04520795992926,0.0,0.1,132.2947311273688
2026-10-03T21:00:00+05:30,Kandy_Central,22.4,271.5991577113,0.0,0.15,136.01453930384804
2026-10-03T21:15:00+05:30,Kandy_Central,22.4,272.2059622304876,0.0,0.16,139.7332922460401
2026-10-03T21:30:00+05:30,Kandy_Central,22.3,272.8841182396893,0.0,0.16,143.45043946695898
2026-10-03T21:45:00+05:30,Kandy_Central,22.3,273.6601154351237,0.0,0.16,147.16521550068012
2026-10-03T22:00:00+05:30,Kandy_Central,22.3,274.5735335466724,0.0,0.18,150.876498826162
2026-10-03T22:15:00+05:30,Kandy_Central,22.2,275.68654071680146,0.0,0.14,154.58255064423955
2026-10-03T22:30:00+05:30,Kandy_Central,22.2,277.10294497876725,0.0,0.14,158.28048664735476
2026-10-03T22:45:00+05:30,Kandy_Central,22.2,279.0101374485759,0.0,0.14,161.96510747519363
2026-10-03T23:00:00+05:30,Kandy_Central,22.2,281.7833865606684,0.0,0.14,165.62596136898242
2026-10-03T23:15:00+05:30,Kandy_Central,22.1,286.2917221798027,0.0,0.18,169.23854900352916
2026-10-03T23:30:00+05:30,Kandy_Central,22.1,295.0266646287604,0.0,0.18,172.73031923729087
2026-10-03T23:45:00+05:30,Kandy_Central,22.1,317.5051102589644,0.0,0.18,175.78889279407298
2026-10-04T00:00:00+05:30,Kandy_Central,22.1,16.11263047218938,0.0,0.22,176.7649921818413
2026-10-04T00:15:00+05:30,Kandy_Central,22.1,56.389809331547156,0.0,0.22,174.4283231973135
2026-10-04T00:30:00+05:30,Kandy_Central,22.1,70.10500196622161,0.0,0.27,171.08557748954206
2026-10-04T00:45:00+05:30,Kandy_Central,22.1,76.29815146578409,0.0,0.32,167.52070893869217
2026-10-04T01:00:00+05:30,Kandy_Central,22.0,79.81246465667641,0.0,0.32,163.88053776072042
2026-10-04T01:15:00+05:30,Kandy_Central,22.0,82.10601824716525,0.0,0.36,160.20669598490565
2026-10-04T01:30:00+05:30,Kandy_Central,22.0,83.74806664466098,0.0,0.36,156.5151173460345
2026-10-04T01:45:00+05:30,Kandy_Central,22.0,85.00384726546764,0.0,0.41,152.81317144090107
2026-10-04T02:00:00+05:30,Kandy_Central,21.9,86.01310683248653,0.0,0.41,149.1047371067687
2026-10-04T02:15:00+05:30,Kandy_Central,21.9,86.85640940865022,0.0,0.47,145.39206007109053
2026-10-04T02:30:00+05:30,Kandy_Central,21.9,87.58352367255134,0.0,0.47,141.67654202319534
2026-10-04T02:45:00+05:30,Kandy_Central,21.8,88.22694350451758,0.0,0.52,137.95911344694795
2026-10-04T03:00:00+05:30,Kandy_Central,21.7,88.80888414485463,0.0,0.54,134.24042715284145
2026-10-04T03:15:00+05:30,Kandy_Central,21.6,89.34515147449702,0.0,0.59,130.52096557993883
2026-10-04T03:30:00+05:30,Kandy_Central,21.5,89.84740286870829,0.0,0.6,126.80110243691098
2026-10-04T03:45:00+05:30,Kandy_Central,21.4,90.32453096369994,0.0,0.63,123.08114188824625
2026-10-04T04:00:00+05:30,Kandy_Central,21.2,90.78354609313453,0.0,0.67,119.36134414956925
2026-10-04T04:15:00+05:30,Kandy_Central,21.1,91.23016070775668,0.0,0.69,115.64194160716579
2026-10-04T04:30:00+05:30,Kandy_Central,21.0,91.66919049782445,0.0,0.69,111.92315165621403
2026-10-04T04:45:00+05:30,Kandy_Central,21.0,92.10484039159883,0.0,0.69,108.20518666912115
2026-10-04T05:00:00+05:30,Kandy_Central,21.0,92.54091734150455,0.0,0.72,104.4882608189072
2026-10-04T05:15:00+05:30,Kandy_Central,21.0,92.98099625915967,0.0,0.72,100.77259756328222
2026-10-04T05:30:00+05:30,Kandy_Central,21.1,93.42855718632143,0.0,0.72,97.0584369013542
2026-10-04T05:45:00+05:30,Kandy_Central,21.3,93.8871066328278,0.0,0.72,93.34604141083273
2026-10-04T06:00:00+05:30,Kandy_Central,21.5,94.36029257079832,0.0,0.72,89.63570452888186
2026-10-04T06:15:00+05:30,Kandy_Central,21.8,94.85202167370016,19.0,0.69,85.92776008351615
2026-10-04T06:30:00+05:30,Kandy_Central,22.1,95.36658712538116,59.0,0.69,82.22259218035964
2026-10-04T06:45:00+05:30,Kandy_Central,22.5,95.90881543374843,109.0,0.69,78.52064917378753
2026-10-04T07:00:00+05:30,Kandy_Central,22.9,96.48424295395415,168.0,0.67,74.82246123107416
2026-10-04T07:15:00+05:30,Kandy_Central,23.3,97.09933591165526,227.0,0.67,71.12866136155696
2026-10-04T07:30:00+05:30,Kandy_Central,23.7,97.7617718113803,283.0,0.6,67.44001481499402
2026-10-04T07:45:00+05:30,Kandy_Central,24.1,98.48080807289517,337.0,0.54,63.75745811976502
2026-10-04T08:00:00+05:30,Kandy_Central,24.4,99.2677751549333,392.0,0.49,60.08215033740447
2026-10-04T08:15:00+05:30,Kandy_Central,24.8,100.13674807946609,457.0,0.36,56.41554557873505
2026-10-04T08:30:00+05:30,Kandy_Central,25.2,101.10547846422594,534.0,0.21,52.75949456653955
2026-10-04T08:45:00+05:30,Kandy_Central,25.6,102.19671327854877,617.0,0.05,49.11638829479419
2026-10-04T09:00:00+05:30,Kandy_Central,25.9,103.44009686624645,693.0,0.29,45.48936995341484
2026-10-04T09:15:00+05:30,Kandy_Central,26.3,104.87497211441371,751.0,0.58,41.88265177728265
2026-10-04T09:30:00+05:30,Kandy_Central,26.7,106.55459677588055,790.0,0.92,38.3019997836217
2026-10-04T09:45:00+05:30,Kandy_Central,27.1,108.55263035986849,813.0,1.25,34.75550132226835
2026-10-04T10:00:00+05:30,Kandy_Central,27.5,110.97333083225186,826.0,1.66,31.254814663612677
2026-10-04T10:15:00+05:30,Kandy_Central,27.8,113.96786960897202,835.0,2.04,27.817269408351358
2026-10-04T10:30:00+05:30,Kandy_Central,28.1,117.76061671108079,838.0,2.37,24.469518764301725
2026-10-04T10:45:00+05:30,Kandy_Central,28.4,122.69059713281393,830.0,2.64,21.25406366039374
2026-10-04T11:00:00+05:30,Kandy_Central,28.5,129.27043387015726,809.0,2.86,18.24102613900709
2026-10-04T11:15:00+05:30,Kandy_Central,28.6,138.2390715967299,771.0,3.04,15.548553875511061
2026-10-04T11:30:00+05:30,Kandy_Central,28.6,150.4743740832077,708.0,3.13,13.371733625425577
2026-10-04T11:45:00+05:30,Kandy_Central,28.4,166.38367586309232,634.0,3.13,11.994690039094124
2026-10-04T12:00:00+05:30,Kandy_Central,28.1,184.61783124061512,567.0,3.0,11.703234197853803
2026-10-04T12:15:00+05:30,Kandy_Central,27.8,201.99135192363514,520.0,2.82,12.573088629251984
2026-10-04T12:30:00+05:30,Kandy_Central,27.3,216.06321298536145,491.0,2.59,14.395242232241387
2026-10-04T12:45:00+05:30,Kandy_Central,26.8,226.5370676018656,471.0,2.3,16.86376724598189
2026-10-04T13:00:00+05:30,Kandy_Central,26.2,234.18717936757764,454.0,2.02,19.73760204973955
2026-10-04T13:15:00+05:30,Kandy_Central,25.6,239.85213654109876,432.0,1.62,22.864407404902238
2026-10-04T13:30:00+05:30,Kandy_Central,25.1,244.15278817747918,410.0,1.33,26.153590483239327
2026-10-04T13:45:00+05:30,Kandy_Central,24.6,247.5055474192519,390.0,1.04,29.55096108270684
2026-10-04T14:00:00+05:30,Kandy_Central,24.1,250.18497180867152,370.0,0.82,33.023125563302244
2026-10-04T14:15:00+05:30,Kandy_Central,23.7,252.37420494739678,352.0,0.56,36.54875282589374
2026-10-04T14:30:00+05:30,Kandy_Central,23.4,254.19806937353957,336.0,0.4,40.11372654214235
2026-10-04T14:45:00+05:30,Kandy_Central,23.2,255.7437108239572,320.0,0.25,43.70839757287222
2026-10-04T15:00:00+05:30,Kandy_Central,23.0,257.07343000943985,302.0,0.21,47.32597597387228
2026-10-04T15:15:00+05:30,Kandy_Central,22.9,258.23276884495,281.0,0.1,50.96155890498169
2026-10-04T15:30:00+05:30,Kandy_Central,22.9,259.25570984719315,257.0,0.05,54.61152544019009
2026-10-04T15:45:00+05:30,Kandy_Central,22.9,260.1680928698991,232.0,0.05,58.273146606840356
2026-10-04T16:00:00+05:30,Kandy_Central,22.9,260.98991053324687,205.0,0.07,61.94432780776889
2026-10-04T16:15:00+05:30,Kandy_Central,22.9,261.73688353725936,178.0,0.11,65.6234359047644
2026-10-04T16:30:00+05:30,Kandy_Central,22.9,262.4215631684433,152.0,0.18,69.30917846268866
2026-10-04T16:45:00+05:30,Kandy_Central,22.9,263.05411802415153,125.0,0.25,73.00051837339036
2026-10-04T17:00:00+05:30,Kandy_Central,22.9,263.64290606384134,96.0,0.25,76.69661382281747
2026-10-04T17:15:00+05:30,Kandy_Central,22.9,264.1948978128877,68.0,0.32,80.39677316823874
2026-10-04T17:30:00+05:30,Kandy_Central,22.9,264.71599558988794,40.0,0.32,84.10042126956779
2026-10-04T17:45:00+05:30,Kandy_Central,22.9,265.2112794832727,18.0,0.32,87.80707544088203
2026-10-04T18:00:00+05:30,Kandy_Central,22.8,265.68520108572375,2.0,0.32,91.51632575575896
2026-10-04T18:15:00+05:30,Kandy_Central,22.8,266.1417407376674,0.0,0.28,95.22781958508301
2026-10-04T18:30:00+05:30,Kandy_Central,22.7,266.5845400997237,0.0,0.28,98.9412507199138
2026-10-04T18:45:00+05:30,Kandy_Central,22.7,267.01701894267126,0.0,0.28,102.65634924046981
2026-10-04T19:00:00+05:30,Kandy_Central,22.6,267.4424843436632,0.0,0.25,106.37287298592177
2026-10-04T19:15:00+05:30,Kandy_Central,22.6,267.8642400887832,0.0,0.18,110.09060160467081
2026-10-04T19:30:00+05:30,Kandy_Central,22.5,268.28570418661104,0.0,0.18,113.80932975263605
2026-10-04T19:45:00+05:30,Kandy_Central,22.5,268.7105446835067,0.0,0.18,117.52886050940381
2026-10-04T20:00:00+05:30,Kandy_Central,22.4,269.1428473425884,0.0,0.14,121.24900004998133
2026-10-04T20:15:00+05:30,Kandy_Central,22.4,269.587334150596,0.0,0.11,124.96955000887101
2026-10-04T20:30:00+05:30,Kandy_Central,22.3,270.04966221986837,0.0,0.11,128.69029825322716
2026-10-04T20:45:00+05:30,Kandy_Central,22.3,270.5368501398912,0.0,0.16,132.41100836800481
2026-10-04T21:00:00+05:30,Kandy_Central,22.2,271.0579092421747,0.0,0.15,136.13140295204428
2026-10-04T21:15:00+05:30,Kandy_Central,22.1,271.62481451448707,0.0,0.2,139.85113895313506
2026-10-04T21:30:00+05:30,Kandy_Central,22.1,272.25405864707153,0.0,0.25,143.56977066790898
2026-10-04T21:45:00+05:30,Kandy_Central,22.0,272.9692509206701,0.0,0.3,147.28668627244963
2026-10-04T22:00:00+05:30,Kandy_Central,22.0,273.80569159657466,0.0,0.35,151.0009969280344
2026-10-04T22:15:00+05:30,Kandy_Central,21.9,274.81893082846165,0.0,0.4,154.71133135181333
2026-10-04T22:30:00+05:30,Kandy_Central,21.8,276.1020331599459,0.0,0.45,158.41541812157055
2026-10-04T22:45:00+05:30,Kandy_Central,21.8,277.82390097435945,0.0,0.5,162.10915493846352
2026-10-04T23:00:00+05:30,Kandy_Central,21.7,280.3257987538293,0.0,0.56,165.78424739226733
2026-10-04T23:15:00+05:30,Kandy_Central,21.6,284.4108067093664,0.0,0.61,169.42101243851147
2026-10-04T23:30:00+05:30,Kandy_Central,21.6,292.4619259216102,0.0,0.61,172.95954539941573
2026-10-04T23:45:00+05:30,Kandy_Central,21.5,314.5137372531128,0.0,0.61,176.12070045627664
2026-10-05T00:00:00+05:30,Kandy_Central,21.5,19.68478211083209,0.0,0.61,177.10882897738583
2026-10-05T00:15:00+05:30,Kandy_Central,21.5,60.22016546768168,0.0,0.55,174.5688441150119
2026-10-05T00:30:00+05:30,Kandy_Central,21.4,72.62349383881269,0.0,0.55,171.14205482161825
2026-10-05T00:45:00+05:30,Kandy_Central,21.4,78.11646977368014,0.0,0.5,167.539932330907
2026-10-05T01:00:00+05:30,Kandy_Central,21.4,81.22817123126146,0.0,0.5,163.87971425906068
2026-10-05T01:15:00+05:30,Kandy_Central,21.3,83.26574607200814,0.0,0.45,160.19372082454493
2026-10-05T01:30:00+05:30,Kandy_Central,21.3,84.73254155344813,0.0,0.4,156.49422136633012
2026-10-05T01:45:00+05:30,Kandy_Central,21.3,85.86175550062518,0.0,0.35,152.7868787952334
2026-10-05T02:00:00+05:30,Kandy_Central,21.3,86.77594170268776,0.0,0.35,149.07467641314994
2026-10-05T02:15:00+05:30,Kandy_Central,21.3,87.5456832955025,0.0,0.3,145.35934738373692
2026-10-05T02:30:00+05:30,Kandy_Central,21.2,88.21458385274576,0.0,0.3,141.64198025471214
2026-10-05T02:45:00+05:30,Kandy_Central,21.2,88.81113584859702,0.0,0.3,137.92330441758685
2026-10-05T03:00:00+05:30,Kandy_Central,21.1,89.3548514524947,0.0,0.25,134.2038385055721
2026-10-05T03:15:00+05:30,Kandy_Central,21.0,89.85964999800046,0.0,0.25,130.4839728144055
2026-10-05T03:30:00+05:30,Kandy_Central,20.9,90.3358365945312,0.0,0.27,126.76401648323449
2026-10-05T03:45:00+05:30,Kandy_Central,20.8,90.79131338010217,0.0,0.29,123.04422790874062
2026-10-05T04:00:00+05:30,Kandy_Central,20.7,91.2323526386167,0.0,0.29,119.32483483360127
2026-10-05T04:15:00+05:30,Kandy_Central,20.7,91.66410980284553,0.0,0.36,115.60604691087708
2026-10-05T04:30:00+05:30,Kandy_Central,20.6,92.0909767324876,0.0,0.36,111.88806620891333
2026-10-05T04:45:00+05:30,Kandy_Central,20.6,92.5168349876692,0.0,0.36,108.17109563883395
2026-10-05T05:00:00+05:30,Kandy_Central,20.6,92.94524588391954,0.0,0.39,104.45534476630422
2026-10-05T05:15:00+05:30,Kandy_Central,20.7,93.37960050476812,0.0,0.39,100.74103666237112
2026-10-05T05:30:00+05:30,Kandy_Central,20.8,93.82324572046934,0.0,0.39,97.0284148074378
2026-10-05T05:45:00+05:30,Kandy_Central,21.0,94.27959783418947,0.0,0.43,93.31774900106957
2026-10-05T06:00:00+05:30,Kandy_Central,21.3,94.75225250406095,0.0,0.4,89.6093437137802
2026-10-05T06:15:00+05:30,Kandy_Central,21.6,95.24509899252922,20.0,0.43,85.90354787343603
2026-10-05T06:30:00+05:30,Kandy_Central,21.9,95.76244675465972,60.0,0.46,82.20076520829453
2026-10-05T06:45:00+05:30,Kandy_Central,22.2,96.30917265306942,112.0,0.5,78.50146890179876
2026-10-05T07:00:00+05:30,Kandy_Central,22.6,96.8908994954565,173.0,0.55,74.8062201097455
2026-10-05T07:15:00+05:30,Kandy_Central,23.0,97.51421981067995,235.0,0.6,71.11569029375595
2026-10-05T07:30:00+05:30,Kandy_Central,23.4,98.18698300380953,294.0,0.61,67.43069237983445
2026-10-05T07:45:00+05:30,Kandy_Central,23.8,98.91867214428197,351.0,0.62,63.75222217275691
2026-10-05T08:00:00+05:30,Kandy_Central,24.2,99.72090824129168,409.0,0.59,60.08151284066771
2026-10-05T08:15:00+05:30,Kandy_Central,24.6,100.60813670459436,472.0,0.58,56.42011184465144
2026-10-05T08:30:00+05:30,Kandy_Central,25.0,101.59857908754032,542.0,0.53,52.76998862224685
2026-10-05T08:45:00+05:30,Kandy_Central,25.5,102.71557743654614,614.0,0.51,49.133686822234985
2026-10-05T09:00:00+05:30,Kandy_Central,25.9,103.98952861477699,682.0,0.5,45.51454841658321
2026-10-05T09:15:00+05:30,Kandy_Central,26.4,105.46072399590071,738.0,0.65,41.91704809882357
2026-10-05T09:30:00+05:30,Kandy_Central,26.9,107.1836058022966,782.0,0.86,38.34730359753114
2026-10-05T09:45:00+05:30,Kandy_Central,27.4,109.23327864227065,815.0,1.13,34.813880766856784
2026-10-05T10:00:00+05:30,Kandy_Central,27.9,111.71566579999137,841.0,1.39,31.329098121521127
2026-10-05T10:15:00+05:30,Kandy_Central,28.3,114.78358087914376,863.0,1.73,27.911205484748038
2026-10-05T10:30:00+05:30,Kandy_Central,28.7,118.66219314294835,879.0,1.97,24.58813767247821
2026-10-05T10:45:00+05:30,Kandy_Central,29.0,123.68810055768006,888.0,2.21,21.404130344345702
2026-10-05T11:00:00+05:30,Kandy_Central,29.3,130.36189588189393,889.0,2.42,18.431415094042464
2026-10-05T11:15:00+05:30,Kandy_Central,29.5,139.38590328650264,883.0,2.55,15.789805638926694
2026-10-05T11:30:00+05:30,Kandy_Central,29.5,151.5530349589248,868.0,2.62,13.672599492011926
2026-10-05T11:45:00+05:30,Kandy_Central,29.4,167.15002881828786,846.0,2.58,12.352465406967923
2026-10-05T12:00:00+05:30,Kandy_Central,29.1,184.8313402842045,821.0,2.5,12.093319027039158
2026-10-05T12:15:00+05:30,Kandy_Central,28.7,201.66524229269038,796.0,2.31,12.958967034294972
2026-10-05T12:30:00+05:30,Kandy_Central,28.3,215.41870139854316,769.0,2.11,14.752714168273116
2026-10-05T12:45:00+05:30,Kandy_Central,27.8,225.77329669983516,741.0,1.87,17.186367758674606
2026-10-05T13:00:00+05:30,Kandy_Central,27.2,233.41065639113003,710.0,1.65,20.027986805812404
2026-10-05T13:15:00+05:30,Kandy_Central,26.6,239.10694167294375,676.0,1.41,23.12766556492602
2026-10-05T13:30:00+05:30,Kandy_Central,26.1,243.45303902461504,640.0,1.22,26.394626861469426
2026-10-05T13:45:00+05:30,Kandy_Central,25.6,246.8527716824865,603.0,1.12,29.773837613236232
2026-10-05T14:00:00+05:30,Kandy_Central,25.1,249.57590559531485,561.0,1.03,33.23105328072118
2026-10-05T14:15:00+05:30,Kandy_Central,24.6,251.8040839825681,514.0,1.03,36.74424282306522
2026-10-05T14:30:00+05:30,Kandy_Central,24.3,253.66196200893052,461.0,1.06,40.29874906882279
2026-10-05T14:45:00+05:30,Kandy_Central,24.0,255.23701874148617,407.0,1.07,43.88451264630406
2026-10-05T15:00:00+05:30,Kandy_Central,23.9,256.5920392640141,358.0,1.05,47.494432824442114
2026-10-05T15:15:00+05:30,Kandy_Central,23.8,257.77305801364514,318.0,1.05,51.12336985566778
2026-10-05T15:30:00+05:30,Kandy_Central,23.7,258.81450413596826,284.0,1.0,54.76752054461762
2026-10-05T15:45:00+05:30,Kandy_Central,23.7,259.7426020467832,254.0,0.97,58.42401424049268
2026-10-05T16:00:00+05:30,Kandy_Central,23.6,260.57766628604014,223.0,0.95,62.09064509284927
2026-10-05T16:15:00+05:30,Kandy_Central,23.6,261.3356820625603,192.0,0.89,65.76569176087226
2026-10-05T16:30:00+05:30,Kandy_Central,23.6,262.0294145254754,162.0,0.87,69.44779127882074
2026-10-05T16:45:00+05:30,Kandy_Central,23.6,262.66920200658126,133.0,0.86,73.13584972980877
2026-10-05T17:00:00+05:30,Kandy_Central,23.6,263.2635336542001,103.0,0.81,76.82897928336389
2026-10-05T17:15:00+05:30,Kandy_Central,23.6,263.81947706640466,72.0,0.81,80.52645088845298
2026-10-05T17:30:00+05:30,Kandy_Central,23.5,264.3430007796342,42.0,0.78,84.22765896803975
2026-10-05T17:45:00+05:30,Kandy_Central,23.5,264.8392223742668,18.0,0.75,87.93209613916979
2026-10-05T18:00:00+05:30,Kandy_Central,23.4,265.3126032339428,2.0,0.72,91.63933260460759
2026-10-05T18:15:00+05:30,Kandy_Central,23.3,265.7671057022881,0.0,0.65,95.34900001920252
2026-10-05T18:30:00+05:30,Kandy_Central,23.2,266.2063243846193,0.0,0.58,99.06078013803696
2026-10-05T18:45:00+05:30,Kandy_Central,23.1,266.6336003304863,0.0,0.51,102.77439438723468
2026-10-05T19:00:00+05:30,Kandy_Central,23.0,267.0521260208984,0.0,0.4,106.48959519093346
2026-10-05T19:15:00+05:30,Kandy_Central,22.9,267.46504853711957,0.0,0.32,110.20616003661986
2026-10-05T19:30:00+05:30,Kandy_Central,22.8,267.8755781776207,0.0,0.25,113.92388486318879
2026-10-05T19:45:00+05:30,Kandy_Central,22.7,268.2871117394589,0.0,0.21,117.64257787198491
2026-10-05T20:00:00+05:30,Kandy_Central,22.7,268.7033825376459,0.0,0.14,121.36205486616173
2026-10-05T20:15:00+05:30,Kandy_Central,22.6,269.1286538452572,0.0,0.14,125.08213265019548
2026-10-05T20:30:00+05:30,Kandy_Central,22.5,269.56798171754514,0.0,0.14,128.80262137085538
2026-10-05T20:45:00+05:30,Kandy_Central,22.4,270.02758843766935,0.0,0.18,132.523316381022
2026-10-05T21:00:00+05:30,Kandy_Central,22.3,270.5154144297554,0.0,0.25,136.2439851773973
2026-10-05T21:15:00+05:30,Kandy_Central,22.2,271.0419668593205,0.0,0.32,139.9643484391138
2026-10-05T21:30:00+05:30,Kandy_Central,22.1,271.6216789760156,0.0,0.43,143.68405223166602
2026-10-05T21:45:00+05:30,Kandy_Central,22.0,272.2751872057267,0.0,0.54,147.4026199617765
2026-10-05T22:00:00+05:30,Kandy_Central,21.9,273.0333494916492,0.0,0.65,151.11936857903802
2026-10-05T22:15:00+05:30,Kandy_Central,21.8,273.94479129083135,0.0,0.83,154.83325355698614
2026-10-05T22:30:00+05:30,Kandy_Central,21.7,275.0912053133605,0.0,0.94,158.54255195093856
2026-10-05T22:45:00+05:30,Kandy_Central,21.6,276.62156946786,0.0,1.05,162.24415217350628
2026-10-05T23:00:00+05:30,Kandy_Central,21.5,278.83934563429733,0.0,1.19,165.93173570449883
2026-10-05T23:15:00+05:30,Kandy_Central,21.4,282.46934400570103,0.0,1.3,169.59014352172773
2026-10-05T23:30:00+05:30,Kandy_Central,21.4,289.73338740872947,0.0,1.3,173.17203546216334
2026-10-05T23:45:00+05:30,Kandy_Central,21.5,310.9686689167421,0.0,1.19,176.43819866480067
2026-10-06T00:00:00+05:30,Kandy_Central,21.6,24.155151318704156,0.0,0.93,177.43833092484
2026-10-06T00:15:00+05:30,Kandy_Central,21.8,64.21802209651264,0.0,0.71,174.68511852831796
2026-10-06T00:30:00+05:30,Kandy_Central,21.8,75.16068068768504,0.0,0.57,171.1828440302744
2026-10-06T00:45:00+05:30,Kandy_Central,21.8,79.93301185574762,0.0,0.57,167.5484147459411
2026-10-06T01:00:00+05:30,Kandy_Central,21.6,82.63883940794801,0.0,0.6,163.87105806100726
2026-10-06T01:15:00+05:30,Kandy_Central,21.4,84.42034091809654,0.0,0.67,160.17479457025496
2026-10-06T01:30:00+05:30,Kandy_Central,21.3,85.71241289051767,0.0,0.74,156.4686886633392
2026-10-06T01:45:00+05:30,Kandy_Central,21.1,86.71564999421906,0.0,0.78,152.75692229627435
2026-10-06T02:00:00+05:30,Kandy_Central,20.9,87.53528522717409,0.0,0.85,149.04170478244447
2026-10-06T02:15:00+05:30,Kandy_Central,20.8,88.231901848382,0.0,0.89,145.3243273867812
2026-10-06T02:30:00+05:30,Kandy_Central,20.6,88.8429466782178,0.0,0.93,141.60560922384076
2026-10-06T02:45:00+05:30,Kandy_Central,20.5,89.39292422956237,0.0,0.97,137.8861070249669
2026-10-06T03:00:00+05:30,Kandy_Central,20.3,89.89865613123237,0.0,1.04,134.16622453127167
2026-10-06T03:15:00+05:30,Kandy_Central,20.2,90.37218547526038,0.0,1.04,130.4462734451405
2026-10-06T03:30:00+05:30,Kandy_Central,20.1,90.82247322484977,0.0,1.08,126.72650815244697
2026-10-06T03:45:00+05:30,Kandy_Central,20.1,91.25643731861175,0.0,1.12,123.0071485879071
2026-10-06T04:00:00+05:30,Kandy_Central,20.0,91.67961685417924,0.0,1.12,119.28839558909735
2026-10-06T04:15:00+05:30,Kandy_Central,20.0,92.09661399677987,0.0,1.17,115.5704404219808
2026-10-06T04:30:00+05:30,Kandy_Central,20.0,92.5113996637192,0.0,1.17,111.85347329488187
2026-10-06T04:45:00+05:30,Kandy_Central,20.0,92.92753426023262,0.0,1.17,108.13769048242344
2026-10-06T05:00:00+05:30,Kandy_Central,20.0,93.34833513963713,0.0,1.14,104.42329929825961
2026-10-06T05:15:00+05:30,Kandy_Central,20.1,93.77701079044044,0.0,1.14,100.71052443664679
2026-10-06T05:30:00+05:30,Kandy_Central,20.3,94.21677576796344,0.0,1.07,96.99961461959741
2026-10-06T05:45:00+05:30,Kandy_Central,20.5,94.67095668820366,0.0,1.01,93.29084845062134
2026-10-06T06:00:00+05:30,Kandy_Central,20.7,95.14309709400732,0.0,0.94,89.5845428947687
2026-10-06T06:15:00+05:30,Kandy_Central,21.0,95.63706870732915,23.0,0.85,85.88106337438663
2026-10-06T06:30:00+05:30,Kandy_Central,21.4,96.15719676536366,69.0,0.79,82.18083461102448
2026-10-06T06:45:00+05:30,Kandy_Central,21.8,96.70840757510251,127.0,0.67,78.48435600345067
2026-10-06T07:00:00+05:30,Kandy_Central,22.2,97.29640896349258,194.0,0.61,74.79222114093146
2026-10-06T07:15:00+05:30,Kandy_Central,22.7,97.92791764959611,262.0,0.5,71.10514148310214
2026-10-06T07:30:00+05:30,Kandy_Central,23.1,98.61095190836215,326.0,0.41,67.42397932717859
2026-10-06T07:45:00+05:30,Kandy_Central,23.6,99.35521615153368,386.0,0.36,63.749791648686326
2026-10-06T08:00:00+05:30,Kandy_Central,24.1,100.17261580758122,443.0,0.36,60.08388787238678
2026-10-06T08:15:00+05:30,Kandy_Central,24.7,101.07795787150224,499.0,0.41,56.4279112867105
2026-10-06T08:30:00+05:30,Kandy_Central,25.2,102.08992102946803,551.0,0.5,52.78395290905828
2026-10-06T08:45:00+05:30,Kandy_Central,25.7,103.23242346786787,598.0,0.61,49.154712358109016
2026-10-06T09:00:00+05:30,Kandy_Central,26.2,104.53658600067405,641.0,0.73,45.5437341756002
2026-10-06T09:15:00+05:30,Kandy_Central,26.7,106.04360442377725,681.0,0.85,41.95575969610431
2026-10-06T09:30:00+05:30,Kandy_Central,27.2,107.80903580961149,717.0,0.98,38.39726261116805
2026-10-06T09:45:00+05:30,Kandy_Central,27.7,109.90931709543855,747.0,1.12,34.87729068099248
2026-10-06T10:00:00+05:30,Kandy_Central,28.1,112.4518498137619,773.0,1.19,31.408822926506012
2026-10-06T10:15:00+05:30,Kandy_Central,28.5,115.59077367672853,795.0,1.32,28.011021066915966
2026-10-06T10:30:00+05:30,Kandy_Central,28.8,119.55152178540283,815.0,1.39,24.71307189560308
2026-10-06T10:45:00+05:30,Kandy_Central,29.1,124.66739427716078,830.0,1.46,21.560866201446757
2026-10-06T11:00:00+05:30,Kandy_Central,29.4,131.4257671615449,834.0,1.53,18.628556575037436
2026-10-06T11:15:00+05:30,Kandy_Central,29.5,140.49180864471361,819.0,1.55,16.037237831301553
2026-10-06T11:30:00+05:30,Kandy_Central,29.7,152.57778750333978,783.0,1.55,13.977875305691853
2026-10-06T11:45:00+05:30,Kandy_Central,29.7,167.86536692695495,736.0,1.55,12.711701810982063
2026-10-06T12:00:00+05:30,Kandy_Central,29.7,185.02427541986424,692.0,1.51,12.482474814357658
2026-10-06T12:15:00+05:30,Kandy_Central,29.7,201.35232722366447,664.0,1.44,13.343738944930664
2026-10-06T12:30:00+05:30,Kandy_Central,29.6,214.80079712275412,647.0,1.37,15.110152401556235
2026-10-06T12:45:00+05:30,Kandy_Central,29.4,225.03515930871922,636.0,1.3,17.509877279538273
2026-10-06T13:00:00+05:30,Kandy_Central,29.3,232.65471513605036,623.0,1.19,20.319746666916444
2026-10-06T13:15:00+05:30,Kandy_Central,29.1,238.37746258789653,605.0,1.05,23.392411321328368
2026-10-06T13:30:00+05:30,Kandy_Central,28.8,242.76524117192005,583.0,0.94,26.63706718739538
2026-10-06T13:45:00+05:30,Kandy_Central,28.6,246.20920059859895,560.0,0.81,29.997939546664078
2026-10-06T14:00:00+05:30,Kandy_Central,28.3,248.97405816099592,535.0,0.69,33.43998796162522
2026-10-06T14:15:00+05:30,Kandy_Central,28.0,251.23973266902237,508.0,0.51,36.940509387665884
2026-10-06T14:30:00+05:30,Kandy_Central,27.7,253.1305497049077,479.0,0.38,40.484319332904455
2026-10-06T14:45:00+05:30,Kandy_Central,27.3,254.7342102122956,449.0,0.25,44.06095427657639
2026-10-06T15:00:00+05:30,Kandy_Central,27.0,256.1139078771169,417.0,0.11,47.66300499523851
2026-10-06T15:15:00+05:30,Kandy_Central,26.7,257.3161178425245,385.0,0.15,51.2850952260826
2026-10-06T15:30:00+05:30,Kandy_Central,26.3,258.3756799867263,352.0,0.27,54.92323896543586
2026-10-06T15:45:00+05:30,Kandy_Central,26.0,259.3191780228742,317.0,0.4,58.5744229227791
2026-10-06T16:00:00+05:30,Kandy_Central,25.7,260.16723032114623,281.0,0.5,62.23632886018804
2026-10-06T16:15:00+05:30,Kandy_Central,25.4,260.93607341859746,244.0,0.64,65.90714605723277
2026-10-06T16:30:00+05:30,Kandy_Central,25.1,261.6386765509593,207.0,0.74,69.58543985868151
2026-10-06T16:45:00+05:30,Kandy_Central,24.8,262.28554039881703,170.0,0.85,73.27005841924986
2026-10-06T17:00:00+05:30,Kandy_Central,24.6,262.885279609028,131.0,0.96,76.96006681296302
2026-10-06T17:15:00+05:30,Kandy_Central,24.4,263.4450543724707,91.0,1.03,80.65469753728429
2026-10-06T17:30:00+05:30,Kandy_Central,24.2,263.9708958259905,53.0,1.1,84.35331355201447
2026-10-06T17:45:00+05:30,Kandy_Central,24.0,264.46795603244436,23.0,1.17,88.05538175675454
2026-10-06T18:00:00+05:30,Kandy_Central,23.9,264.94070356823073,3.0,1.17,91.760451440455
2026-10-06T18:15:00+05:30,Kandy_Central,23.7,265.3930804355518,0.0,1.2,95.46813745394486
2026-10-06T18:30:00+05:30,Kandy_Central,23.6,265.8286319560553,0.0,1.2,99.17810835632685
2026-10-06T18:45:00+05:30,Kandy_Central,23.5,266.25061821432143,0.0,1.2,102.89007565119924
2026-10-06T19:00:00+05:30,Kandy_Central,23.4,266.66211469701517,0.0,1.24,106.60378492944263
2026-10-06T19:15:00+05:30,Kandy_Central,23.3,267.06610906474873,0.0,1.21,110.31900989480147
2026-10-06T19:30:00+05:30,Kandy_Central,23.2,267.4656006644199,0.0,1.21,114.0355458748542
2026-10-06T19:45:00+05:30,Kandy_Central,23.1,267.86371099309207,0.0,1.21,117.75320393855662
2026-10-06T20:00:00+05:30,Kandy_Central,23.0,268.2638156495242,0.0,1.18,121.47180677648814
2026-10-06T20:15:00+05:30,Kandy_Central,22.9,268.66971209761465,0.0,1.18,125.19118296923526
2026-10-06T20:30:00+05:30,Kandy_Central,22.8,269.08584546621057,0.0,1.15,128.91116066039683
2026-10-06T20:45:00+05:30,Kandy_Central,22.8,269.517627567244,0.0,1.12,132.63156145355362
2026-10-06T21:00:00+05:30,Kandy_Central,22.7,269.9719069207226,0.0,1.12,136.35219048324802
2026-10-06T21:15:00+05:30,Kandy_Central,22.6,270.4576906384608,0.0,1.1,140.07282237819783
2026-10-06T21:30:00+05:30,Kandy_Central,22.6,270.987301061807,0.0,1.07,143.79318144770528
2026-10-06T21:45:00+05:30,Kandy_Central,22.5,271.5783157106855,0.0,1.05,147.5129070650358
2026-10-06T22:00:00+05:30,Kandy_Central,22.4,272.2569981858207,0.0,1.05,151.2314935618974
2026-10-06T22:15:00+05:30,Kandy_Central,22.4,273.06476181891145,0.0,1.03,154.94817955808747
2026-10-06T22:30:00+05:30,Kandy_Central,22.3,274.07133529868395,0.0,1.03,158.66172036273187
2026-10-06T22:45:00+05:30,Kandy_Central,22.2,275.4044067236939,0.0,1.03,162.36987555025587
2026-10-06T23:00:00+05:30,Kandy_Central,22.1,277.32596570221375,0.0,1.01,166.06808659869333
2026-10-06T23:15:00+05:30,Kandy_Central,22.0,280.47026720297396,0.0,1.01,169.74531775010465
2026-10-06T23:30:00+05:30,Kandy_Central,21.9,286.8410373419187,0.0,1.01,173.36628208622898
2026-10-06T23:45:00+05:30,Kandy_Central,21.8,306.7462132245051,0.0,1.01,176.73750606417465
2026-10-07T00:00:00+05:30,Kandy_Central,21.7,29.845781777956176,0.0,1.06,177.74776388494706
2026-10-07T00:15:00+05:30,Kandy_Central,21.5,68.35583408822492,0.0,1.08,174.7758265645629
2026-10-07T00:30:00+05:30,Kandy_Central,21.4,77.70739710473703,0.0,1.08,171.20793704243226
2026-10-07T00:45:00+05:30,Kandy_Central,21.2,81.74435701613191,0.0,1.08,167.5463051018408
2026-10-07T01:00:00+05:30,Kandy_Central,21.0,84.04285938169562,0.0,1.1,163.85473046703493
2026-10-07T01:15:00+05:30,Kandy_Central,20.9,85.56890198788727,0.0,1.1,160.1500686231043
2026-10-07T01:30:00+05:30,Kandy_Central,20.7,86.68710766819851,0.0,1.12,156.43865856098978
2026-10-07T01:45:00+05:30,Kandy_Central,20.5,87.56512912398699,0.0,1.14,152.72343062933703
2026-10-07T02:00:00+05:30,Kandy_Central,20.3,88.29083407083789,0.0,1.14,149.0059420832931
2026-10-07T02:15:00+05:30,Kandy_Central,20.1,88.91482229079827,0.0,1.17,145.28711268947507
2026-10-07T02:30:00+05:30,Kandy_Central,20.0,89.46840883592961,0.0,1.19,141.5675355024441
2026-10-07T02:45:00+05:30,Kandy_Central,19.8,89.97213220467069,0.0,1.22,137.84762274214356
2026-10-07T03:00:00+05:30,Kandy_Central,19.7,90.44014066313929,0.0,1.25,134.1276823218707
2026-10-07T03:15:00+05:30,Kandy_Central,19.6,90.88261405252416,0.0,1.29,130.40796073608414
2026-10-07T03:30:00+05:30,Kandy_Central,19.5,91.30717893371963,0.0,1.32,126.68866730525792
2026-10-07T03:45:00+05:30,Kandy_Central,19.4,91.71977636529795,0.0,1.32,122.96999070843046
2026-10-07T04:00:00+05:30,Kandy_Central,19.3,92.12521778246662,0.0,1.35,119.25211037475052
2026-10-07T04:15:00+05:30,Kandy_Central,19.3,92.52755627166334,0.0,1.39,115.53520346871423
2026-10-07T04:30:00+05:30,Kandy_Central,19.3,92.93034499083262,0.0,1.39,111.81945175596852
2026-10-07T04:45:00+05:30,Kandy_Central,19.4,93.33682560247695,0.0,1.39,108.10504765952584
2026-10-07T05:00:00+05:30,Kandy_Central,19.4,93.75007330471601,0.0,1.39,104.39219856116263
2026-10-07T05:15:00+05:30,Kandy_Central,19.5,94.1731153075774,0.0,1.43,100.6811327595482
2026-10-07T05:30:00+05:30,Kandy_Central,19.7,94.60903475479029,0.0,1.43,96.97210594658902
2026-10-07T05:45:00+05:30,Kandy_Central,20.0,95.06106911055906,0.0,1.43,93.26540708411086
2026-10-07T06:00:00+05:30,Kandy_Central,20.3,95.53270998960068,0.0,1.44,89.56136706689533
2026-10-07T06:15:00+05:30,Kandy_Central,20.6,96.02781140675222,22.0,1.42,85.86036917668038
2026-10-07T06:30:00+05:30,Kandy_Central,21.0,96.55071382836957,66.0,1.43,82.16286046472256
2026-10-07T06:45:00+05:30,Kandy_Central,21.5,97.10639200155583,123.0,1.45,78.46936789436083
2026-10-07T07:00:00+05:30,Kandy_Central,22.0,97.70063721040958,190.0,1.43,74.78051888849068
2026-10-07T07:15:00+05:30,Kandy_Central,22.6,98.34028807912176,257.0,1.44,71.09706639883605
2026-10-07T07:30:00+05:30,Kandy_Central,23.2,99.03352849670875,320.0,1.47,67.41992371821782
2026-10-07T07:45:00+05:30,Kandy_Central,23.8,99.79027961457138,380.0,1.5,63.75021080103738
2026-10-07T08:00:00+05:30,Kandy_Central,24.4,100.62272476209421,437.0,1.53,60.08931536913957
2026-10-07T08:15:00+05:30,Kandy_Central,25.0,101.54602321033508,495.0,1.56,56.4389788623369
2026-10-07T08:30:00+05:30,Kandy_Central,25.6,102.57929730872502,549.0,1.61,52.80141653756204
2026-10-07T08:45:00+05:30,Kandy_Central,26.2,103.74702157074728,599.0,1.65,49.17948701045679
2026-10-07T09:00:00+05:30,Kandy_Central,26.9,105.08101105074127,646.0,1.7,45.576940770635126
2026-09-30T09:15:00+05:30,Kalutara_Western,28.7,101.50345836761863,604.0,3.0,42.289438426690346
2026-09-30T09:30:00+05:30,Kalutara_Western,29.0,102.86150062760771,652.0,3.15,38.64785489101409
2026-09-30T09:45:00+05:30,Kalutara_Western,29.2,104.47373825165664,699.0,3.25,35.0278735634883
2026-09-30T10:00:00+05:30,Kalutara_Western,29.4,106.426432844278,740.0,3.25,31.436995039384215
2026-09-30T10:15:00+05:30,Kalutara_Western,29.5,108.84735123096328,771.0,3.3,27.886499973407865
2026-09-30T10:30:00+05:30,Kalutara_Western,29.6,111.93240194967291,788.0,3.36,24.394063294353415
2026-09-30T10:45:00+05:30,Kalutara_Western,29.6,115.99321101337205,797.0,3.46,20.988722595575922
2026-09-30T11:00:00+05:30,Kalutara_Western,29.5,121.54259295497366,808.0,3.57,17.72079443574988
2026-09-30T11:15:00+05:30,Kalutara_Western,29.4,129.43772541375466,828.0,3.68,14.682355089616465
2026-09-30T11:30:00+05:30,Kalutara_Western,29.4,141.0372791029248,859.0,3.79,12.04832936959248
2026-09-30T11:45:00+05:30,Kalutara_Western,29.5,157.9101758675024,891.0,3.9,10.138992643626395
2026-09-30T12:00:00+05:30,Kalutara_Western,29.7,179.69825445182823,915.0,4.06,9.406523612810872
2026-09-30T12:15:00+05:30,Kalutara_Western,29.8,201.5514763344595,919.0,4.21,10.110040588329554
2026-09-30T12:30:00+05:30,Kalutara_Western,29.9,218.54387607033644,905.0,4.32,11.999575125749473
2026-09-30T12:45:00+05:30,Kalutara_Western,29.8,230.23828742927518,881.0,4.41,14.622348072376397
2026-09-30T13:00:00+05:30,Kalutara_Western,29.7,238.19444242672557,856.0,4.51,17.654523890306763
2026-09-30T13:15:00+05:30,Kalutara_Western,29.5,243.78176118939913,839.0,4.55,20.91880895387085
2026-09-30T13:30:00+05:30,Kalutara_Western,29.4,247.86652999496698,827.0,4.65,24.321908433150284
2026-09-30T13:45:00+05:30,Kalutara_Western,29.5,250.96706952986827,813.0,4.74,27.81289378804992
2026-09-30T14:00:00+05:30,Kalutara_Western,29.6,253.3981592010675,791.0,4.83,31.362409231739726
2026-09-30T14:15:00+05:30,Kalutara_Western,29.7,255.3575338022631,756.0,4.87,34.9526050674165
2026-09-30T14:30:00+05:30,Kalutara_Western,29.7,256.9740490283916,711.0,4.87,38.57209940356946
2026-09-30T14:45:00+05:30,Kalutara_Western,29.7,258.3346367523256,659.0,4.76,42.21333145442362
2026-09-30T15:00:00+05:30,Kalutara_Western,29.6,259.4998089407436,602.0,4.61,45.871098721067696
2026-09-30T15:15:00+05:30,Kalutara_Western,29.4,260.5128769122899,542.0,4.4,49.54171093572052
2026-09-30T15:30:00+05:30,Kalutara_Western,29.3,261.40561930501696,476.0,4.25,53.222481655231334
2026-09-30T15:45:00+05:30,Kalutara_Western,29.2,262.20187696823393,410.0,4.15,56.911409560488806
2026-09-30T16:00:00+05:30,Kalutara_Western,29.1,262.91989993675514,348.0,4.1,60.60697269799634
2026-09-30T16:15:00+05:30,Kalutara_Western,28.9,263.5739208326015,293.0,4.05,64.30799323673978
2026-09-30T16:30:00+05:30,Kalutara_Western,28.8,264.1752350572595,244.0,4.01,68.01354423261219
2026-09-30T16:45:00+05:30,Kalutara_Western,28.5,264.7329594785185,198.0,3.96,71.72288452961116
2026-09-30T17:00:00+05:30,Kalutara_Western,28.2,265.2545770669268,154.0,3.9,75.43541380275057
2026-09-30T17:15:00+05:30,Kalutara_Western,27.9,265.74633589779637,113.0,3.85,79.15063873130373
2026-09-30T17:30:00+05:30,Kalutara_Western,27.6,266.21354813679415,75.0,3.7,82.86814786675349
2026-09-30T17:45:00+05:30,Kalutara_Western,27.4,266.6608197664216,41.0,3.45,86.58759407680652
2026-09-30T18:00:00+05:30,Kalutara_Western,27.3,267.09223189372466,11.0,3.1,90.30867980084655
2026-09-30T18:15:00+05:30,Kalutara_Western,27.2,267.5114891025808,0.0,2.81,94.03114535597821
2026-09-30T18:30:00+05:30,Kalutara_Western,27.1,267.9220464748278,0.0,2.56,97.7547609049361
2026-09-30T18:45:00+05:30,Kalutara_Western,27.1,268.32722415264436,0.0,2.46,101.47931842025933
2026-09-30T19:00:00+05:30,Kalutara_Western,27.0,268.7303177367358,0.0,2.51,105.20462461426018
2026-09-30T19:15:00+05:30,Kalutara_Western,27.0,269.13471267430555,0.0,2.56,108.93049588539327
2026-09-30T19:30:00+05:30,Kalutara_Western,27.0,269.54401122456807,0.0,2.55,112.65675185887322
2026-09-30T19:45:00+05:30,Kalutara_Western,27.0,269.9621832478646,0.0,2.55,116.38320856066768
2026-09-30T20:00:00+05:30,Kalutara_Western,26.9,270.3937560337443,0.0,2.51,120.10967217850168
2026-09-30T20:15:00+05:30,Kalutara_Western,26.9,270.8440646401806,0.0,2.48,123.83592965657505
2026-09-30T20:30:00+05:30,Kalutara_Western,26.9,271.31959606411317,0.0,2.45,127.56173654255997
2026-09-30T20:45:00+05:30,Kalutara_Western,26.9,271.82847999295075,0.0,2.34,131.2868018968109
2026-09-30T21:00:00+05:30,Kalutara_Western,27.0,272.3812122307501,0.0,2.18,135.01076451964164
2026-09-30T21:15:00+05:30,Kalutara_Western,27.0,272.99175866716587,0.0,2.01,138.7331573226974
2026-09-30T21:30:00+05:30,Kalutara_Western,26.9,273.67930309479135,0.0,1.85,142.45335302350213
2026-09-30T21:45:00+05:30,Kalutara_Western,26.7,274.4711292001118,0.0,1.71,146.17047261673008
2026-09-30T22:00:00+05:30,Kalutara_Western,26.4,275.40760330608555,0.0,1.54,149.8832274142306
2026-09-30T22:15:00+05:30,Kalutara_Western,26.1,276.5512872085385,0.0,1.41,153.58963133437786
2026-09-30T22:30:00+05:30,Kalutara_Western,25.9,278.0047822219792,0.0,1.3,157.286432423176
2026-09-30T22:45:00+05:30,Kalutara_Western,25.8,279.9487832787077,0.0,1.14,160.9678918857096
2026-09-30T23:00:00+05:30,Kalutara_Western,25.7,282.7326194614189,0.0,0.96,164.62284472287774
2026-09-30T23:15:00+05:30,Kalutara_Western,25.7,287.1230773855873,0.0,0.87,168.22643347047298
2026-09-30T23:30:00+05:30,Kalutara_Western,25.7,295.13213303039834,0.0,0.87,171.711238815037
2026-09-30T23:45:00+05:30,Kalutara_Western,25.7,313.3905547290001,0.0,0.85,174.83099317540592
2026-10-01T00:00:00+05:30,Kalutara_Western,25.7,359.86531787482465,0.0,0.9,176.44150503503184
2026-10-01T00:15:00+05:30,Kalutara_Western,25.7,46.54584789679427,0.0,0.87,174.8486597871245
2026-10-01T00:30:00+05:30,Kalutara_Western,25.6,64.91856194826534,0.0,0.81,171.7333175635709
2026-10-01T00:45:00+05:30,Kalutara_Western,25.6,72.96463344937564,0.0,0.65,168.2498340582179
2026-10-01T01:00:00+05:30,Kalutara_Western,25.5,77.37056774009369,0.0,0.51,164.6468622852397
2026-10-01T01:15:00+05:30,Kalutara_Western,25.5,80.16250665859707,0.0,0.56,160.99231943236327
2026-10-01T01:30:00+05:30,Kalutara_Western,25.4,82.11158079876566,0.0,0.69,157.3112078668301
2026-10-01T01:45:00+05:30,Kalutara_Western,25.3,83.56875968407974,0.0,0.71,153.6147471046648
2026-10-01T02:00:00+05:30,Kalutara_Western,25.3,84.71546388677285,0.0,0.67,149.90869970676601
2026-10-01T02:15:00+05:30,Kalutara_Western,25.2,85.654656933632,0.0,0.67,146.1963303893536
2026-10-01T02:30:00+05:30,Kalutara_Western,25.1,86.44910057277485,0.0,0.75,142.47963353954535
2026-10-01T02:45:00+05:30,Kalutara_Western,25.0,87.13928224539524,0.0,0.85,138.75990288895443
2026-10-01T03:00:00+05:30,Kalutara_Western,24.9,87.75256558669469,0.0,0.96,135.0380219550096
2026-10-01T03:15:00+05:30,Kalutara_Western,24.8,88.30819212946022,0.0,1.12,131.31462263606463
2026-10-01T03:30:00+05:30,Kalutara_Western,24.7,88.82017361715288,0.0,1.3,127.59017559571417
2026-10-01T03:45:00+05:30,Kalutara_Western,24.5,89.29904536111019,0.0,1.75,123.86504629721253
2026-10-01T04:00:00+05:30,Kalutara_Western,24.3,89.75297378546372,0.0,2.44,120.13953079234864
2026-10-01T04:15:00+05:30,Kalutara_Western,24.1,90.18848239663339,0.0,3.18,116.41387813737607
2026-10-01T04:30:00+05:30,Kalutara_Western,23.9,90.61094407418477,0.0,3.57,112.68830711373228
2026-10-01T04:45:00+05:30,Kalutara_Western,23.8,91.02492665591501,0.0,3.51,108.96301851922087
2026-10-01T05:00:00+05:30,Kalutara_Western,23.7,91.4344447137322,0.0,3.11,105.23820322614131
2026-10-01T05:15:00+05:30,Kalutara_Western,23.6,91.84315048067992,0.0,2.69,101.51405010104922
2026-10-01T05:30:00+05:30,Kalutara_Western,23.6,92.25448600172365,0.0,2.34,97.79075304139994
2026-10-01T05:45:00+05:30,Kalutara_Western,23.6,92.67181180425939,0.0,2.2,94.06851619830353
2026-10-01T06:00:00+05:30,Kalutara_Western,23.7,93.09852293808291,0.0,2.1,90.34756084576905
2026-10-01T06:15:00+05:30,Kalutara_Western,23.8,93.53816155615772,13.0,2.0,86.62813284996807
2026-10-01T06:30:00+05:30,Kalutara_Western,24.0,93.99453434022985,47.0,1.93,82.91050970902067
2026-10-01T06:45:00+05:30,Kalutara_Western,24.2,94.4718427034336,85.0,1.79,79.19501072047125
2026-10-01T07:00:00+05:30,Kalutara_Western,24.5,94.97483535236455,128.0,1.68,75.48200949060517
2026-10-01T07:15:00+05:30,Kalutara_Western,24.9,95.50899516872573,176.0,1.57,71.77194824949446
2026-10-01T07:30:00+05:30,Kalutara_Western,25.2,96.08077565571978,232.0,1.46,68.06535829769078
2026-10-01T07:45:00+05:30,Kalutara_Western,25.6,96.69790885689827,294.0,1.38,64.36288698774501
2026-10-01T08:00:00+05:30,Kalutara_Western,25.9,97.36981630755326,357.0,1.35,60.66533255851847
2026-10-01T08:15:00+05:30,Kalutara_Western,26.3,98.10816886360499,415.0,1.24,56.97369399262529
2026-10-01T08:30:00+05:30,Kalutara_Western,26.7,98.927665766892,464.0,1.14,53.28924083691126
2026-10-01T08:45:00+05:30,Kalutara_Western,27.0,99.84714227438246,507.0,1.05,49.613611614145036
2026-10-01T09:00:00+05:30,Kalutara_Western,27.4,100.89117867621155,548.0,1.0,45.948960101289536
2026-10-01T09:15:00+05:30,Kalutara_Western,27.7,102.09249403700647,592.0,1.03,42.29817503433628
2026-10-01T09:30:00+05:30,Kalutara_Western,28.1,103.49560025284615,638.0,1.14,38.665218106725504
2026-10-01T09:45:00+05:30,Kalutara_Western,28.4,105.16253568940658,683.0,1.24,35.05566534245196
2026-10-01T10:00:00+05:30,Kalutara_Western,28.7,107.18213513978367,726.0,1.36,31.477601627050284
2026-10-01T10:15:00+05:30,Kalutara_Western,29.0,109.68549127588625,768.0,1.5,27.943157222113257
2026-10-01T10:30:00+05:30,Kalutara_Western,29.2,112.87252025708779,812.0,1.74,24.471270422049315
2026-10-01T10:45:00+05:30,Kalutara_Western,29.4,117.0586051162922,852.0,2.11,21.092885737848107
2026-10-01T11:00:00+05:30,Kalutara_Western,29.5,122.75600021109034,883.0,2.55,17.86116887562467
2026-10-01T11:15:00+05:30,Kalutara_Western,29.5,130.8024569744096,897.0,2.93,14.872071402277868
2026-10-01T11:30:00+05:30,Kalutara_Western,29.6,142.47477008185217,894.0,3.22,12.303737693129122
2026-10-01T11:45:00+05:30,Kalutara_Western,29.6,159.12504195684505,879.0,3.36,10.47053850015861
2026-10-01T12:00:00+05:30,Kalutara_Western,29.6,180.18973955528173,861.0,3.45,9.794357168784614
2026-10-01T12:15:00+05:30,Kalutara_Western,29.6,201.19043002117576,846.0,3.45,10.501134371222165
2026-10-01T12:30:00+05:30,Kalutara_Western,29.4,217.71943732009828,836.0,3.46,12.355778262112523
2026-10-01T12:45:00+05:30,Kalutara_Western,29.1,229.29149175450658,823.0,3.46,14.936648271004145
2026-10-01T13:00:00+05:30,Kalutara_Western,28.8,237.27100370170248,796.0,3.42,17.93287407555077
2026-10-01T13:15:00+05:30,Kalutara_Western,28.4,242.92517404667197,745.0,3.34,21.168801224532146
2026-10-01T13:30:00+05:30,Kalutara_Western,28.0,247.0826267678081,669.0,3.16,24.549809549645587
2026-10-01T13:45:00+05:30,Kalutara_Western,27.8,250.24984568961082,585.0,2.85,28.023417610798376
2026-10-01T14:00:00+05:30,Kalutara_Western,27.6,252.7388212316498,510.0,2.49,31.55904417295669
2026-10-01T14:15:00+05:30,Kalutara_Western,27.5,254.74746422780987,459.0,2.15,35.137952568511956
2026-10-01T14:30:00+05:30,Kalutara_Western,27.4,256.4056480557796,428.0,1.85,38.74812975906004
2026-10-01T14:45:00+05:30,Kalutara_Western,27.4,257.8014400605704,404.0,1.59,42.38156331634382
2026-10-01T15:00:00+05:30,Kalutara_Western,27.4,258.9963768888477,377.0,1.32,46.032723145760144
2026-10-01T15:15:00+05:30,Kalutara_Western,27.5,260.03462986940536,339.0,1.05,49.69767755381833
2026-10-01T15:30:00+05:30,Kalutara_Western,27.5,260.94867812616235,297.0,0.87,53.37355931527097
2026-10-01T15:45:00+05:30,Kalutara_Western,27.4,261.7629255659952,254.0,0.78,57.05822970479328
2026-10-01T16:00:00+05:30,Kalutara_Western,27.4,262.4960719706197,212.0,0.85,60.750060908266846
2026-10-01T16:15:00+05:30,Kalutara_Western,27.3,263.1627077129518,172.0,0.98,64.44779256939972
2026-10-01T16:30:00+05:30,Kalutara_Western,27.1,263.774411335993,133.0,1.0,68.15043276930794
2026-10-01T16:45:00+05:30,Kalutara_Western,26.8,264.3405218907131,99.0,0.8,71.85718879683763
2026-10-01T17:00:00+05:30,Kalutara_Western,26.4,264.8686940340348,71.0,0.4,75.56741920211417
2026-10-01T17:15:00+05:30,Kalutara_Western,26.0,265.36530486471116,49.0,0.05,79.28059779382241
2026-10-01T17:30:00+05:30,Kalutara_Western,25.7,265.8357585991406,32.0,0.25,82.99628690327287
2026-10-01T17:45:00+05:30,Kalutara_Western,25.5,266.2847202111085,17.0,0.39,86.71411865872444
2026-10-01T18:00:00+05:30,Kalutara_Western,25.5,266.7162991195627,4.0,0.51,90.43377938311657
2026-10-01T18:15:00+05:30,Kalutara_Western,25.5,267.13419853788184,0.0,0.73,94.15499729953073
2026-10-01T18:30:00+05:30,Kalutara_Western,25.5,267.541842149129,0.0,0.96,97.87753409961947
2026-10-01T18:45:00+05:30,Kalutara_Western,25.4,267.9424869188429,0.0,1.15,101.60117668696275
2026-10-01T19:00:00+05:30,Kalutara_Western,25.4,268.33933016194845,0.0,1.3,105.3257300527437
2026-10-01T19:15:00+05:30,Kalutara_Western,25.3,268.7356186872013,0.0,1.46,109.0510123391745
2026-10-01T19:30:00+05:30,Kalutara_Western,25.3,269.134768083122,0.0,1.61,112.77684868728437
2026-10-01T19:45:00+05:30,Kalutara_Western,25.2,269.54050257969357,0.0,1.71,116.50306496052073
2026-10-01T20:00:00+05:30,Kalutara_Western,25.1,269.95702945171945,0.0,1.81,120.22948235414715
2026-10-01T20:15:00+05:30,Kalutara_Western,25.0,270.3892675401275,0.0,1.91,123.95590927209636
2026-10-01T20:30:00+05:30,Kalutara_Western,25.0,270.8431602410388,0.0,1.96,127.6821310690967
2026-10-01T20:45:00+05:30,Kalutara_Western,24.9,271.3261209874099,0.0,1.97,131.4078977799598
2026-10-01T21:00:00+05:30,Kalutara_Western,24.9,271.8476896496072,0.0,1.98,135.13290460279524
2026-10-01T21:15:00+05:30,Kalutara_Western,24.9,272.42053484111466,0.0,2.0,138.856762834328
2026-10-01T21:30:00+05:30,Kalutara_Western,24.8,273.06204310208136,0.0,1.96,142.5789559938294
2026-10-01T21:45:00+05:30,Kalutara_Western,24.8,273.796945182059,0.0,1.92,146.29876545222749
2026-10-01T22:00:00+05:30,Kalutara_Western,24.7,274.66187082563414,0.0,1.84,150.01514194576185
2026-10-01T22:15:00+05:30,Kalutara_Western,24.7,275.71371422067494,0.0,1.78,153.72647121129563
2026-10-01T22:30:00+05:30,Kalutara_Western,24.6,277.0461104454779,0.0,1.73,157.43010834775822
2026-10-01T22:45:00+05:30,Kalutara_Western,24.6,278.82486860723475,0.0,1.73,161.12137112630154
2026-10-01T23:00:00+05:30,Kalutara_Western,24.5,281.37336097544517,0.0,1.72,164.791091997685
2026-10-01T23:15:00+05:30,Kalutara_Western,24.5,285.4122651333355,0.0,1.72,168.4186158471703
2026-10-01T23:30:00+05:30,Kalutara_Western,24.4,292.8908253411031,0.0,1.78,171.94654863352798
2026-10-01T23:45:00+05:30,Kalutara_Western,24.4,310.7356194050484,0.0,1.84,175.15216406636802
2026-10-02T00:00:00+05:30,Kalutara_Western,24.3,1.311838284909868,0.0,1.92,176.82830868104497
2026-10-02T00:15:00+05:30,Kalutara_Western,24.2,50.43921650179385,0.0,1.99,175.04698232350734
2026-10-02T00:30:00+05:30,Kalutara_Western,24.2,67.62062153363502,0.0,2.02,171.81960529649191
2026-10-02T00:45:00+05:30,Kalutara_Western,24.1,74.90388954329848,0.0,1.98,168.28602479215513
2026-10-02T01:00:00+05:30,Kalutara_Western,24.1,78.86608860331,0.0,1.88,164.65644469909847
2026-10-02T01:15:00+05:30,Kalutara_Western,24.1,81.37785080734545,0.0,1.79,160.98585895488867
2026-10-02T01:30:00+05:30,Kalutara_Western,24.1,83.13675404300488,0.0,1.68,157.29424956494313
2026-10-02T01:45:00+05:30,Kalutara_Western,24.0,84.45763628548696,0.0,1.62,153.59054140120986
2026-10-02T02:00:00+05:30,Kalutara_Western,24.0,85.50260084933404,0.0,1.62,149.8793124514149
2026-10-02T02:15:00+05:30,Kalutara_Western,24.0,86.36347488727404,0.0,1.6,146.16315816329444
2026-10-02T02:30:00+05:30,Kalutara_Western,24.0,87.09619152637521,0.0,1.53,142.44366804098058
2026-10-02T02:45:00+05:30,Kalutara_Western,24.0,87.73683630869283,0.0,1.47,138.7218775893555
2026-10-02T03:00:00+05:30,Kalutara_Western,23.9,88.30981732103646,0.0,1.39,134.99849869707415
2026-10-02T03:15:00+05:30,Kalutara_Western,23.9,88.83232429539203,0.0,1.33,131.27404546946383
2026-10-02T03:30:00+05:30,Kalutara_Western,23.9,89.31690497974336,0.0,1.27,127.54890573348837
2026-10-02T03:45:00+05:30,Kalutara_Western,23.9,89.77302648504428,0.0,1.2,123.82338569577034
2026-10-02T04:00:00+05:30,Kalutara_Western,23.9,90.20806179671496,0.0,1.15,120.09773862541215
2026-10-02T04:15:00+05:30,Kalutara_Western,23.9,90.62793705157208,0.0,1.1,116.37218268712331
2026-10-02T04:30:00+05:30,Kalutara_Western,23.9,91.03757133089869,0.0,1.1,112.64691464759859
2026-10-02T04:45:00+05:30,Kalutara_Western,23.9,91.44118646761558,0.0,1.2,108.92212015322342
2026-10-02T05:00:00+05:30,Kalutara_Western,23.9,91.8425340429593,0.0,1.33,105.19798044005556
2026-10-02T05:15:00+05:30,Kalutara_Western,23.9,92.24506899333028,0.0,1.5,101.47467936813644
2026-10-02T05:30:00+05:30,Kalutara_Western,23.9,92.65208964356304,0.0,1.59,97.7524099018792
2026-10-02T05:45:00+05:30,Kalutara_Western,23.9,93.06685801685728,0.0,1.46,94.03137903585188
2026-10-02T06:00:00+05:30,Kalutara_Western,23.8,93.49271034681891,0.0,1.2,90.31181458133403
2026-10-02T06:15:00+05:30,Kalutara_Western,23.8,93.93316637525606,10.0,0.96,86.59397274029386
2026-10-02T06:30:00+05:30,Kalutara_Western,23.9,94.39204539981273,39.0,0.8,82.8781454462828
2026-10-02T06:45:00+05:30,Kalutara_Western,24.2,94.87359685209447,79.0,0.71,79.16467103582299
2026-10-02T07:00:00+05:30,Kalutara_Western,24.5,95.3826549923449,128.0,0.65,75.45394751055198
2026-10-02T07:15:00+05:30,Kalutara_Western,24.8,95.92482984745396,181.0,0.6,71.7464479120857
2026-10-02T07:30:00+05:30,Kalutara_Western,25.2,96.50674997105006,238.0,0.5,68.04274221967523
2026-10-02T07:45:00+05:30,Kalutara_Western,25.5,97.13637947911224,297.0,0.36,64.34352632823766
2026-10-02T08:00:00+05:30,Kalutara_Western,25.8,97.82344175596018,357.0,0.28,60.64965961518027
2026-10-02T08:15:00+05:30,Kalutara_Western,26.2,98.57999687112897,416.0,0.3,56.96221858114713
2026-10-02T08:30:00+05:30,Kalutara_Western,26.5,99.42124479142393,471.0,0.43,53.28257196673123
2026-10-02T08:45:00+05:30,Kalutara_Western,26.9,100.36666614817057,523.0,0.68,49.612486691485714
2026-10-02T09:00:00+05:30,Kalutara_Western,27.2,101.44167667362325,573.0,0.98,45.954285006620125
2026-10-02T09:15:00+05:30,Kalutara_Western,27.6,102.68008285466902,624.0,1.33,42.311080210271356
2026-10-02T09:30:00+05:30,Kalutara_Western,27.9,104.12781888509159,676.0,1.58,38.68713867947313
2026-10-02T09:45:00+05:30,Kalutara_Western,28.2,105.84878589941974,725.0,1.76,35.088458062052176
2026-10-02T10:00:00+05:30,Kalutara_Western,28.5,107.93423881782098,770.0,1.86,31.52371921653581
2026-10-02T10:15:00+05:30,Kalutara_Western,28.7,110.51831739331527,806.0,1.99,28.005913308049024
2026-10-02T10:30:00+05:30,Kalutara_Western,28.9,113.80441904283919,833.0,2.15,24.555246457003634
2026-10-02T10:45:00+05:30,Kalutara_Western,28.9,118.11066430444959,854.0,2.4,21.204548028357422
2026-10-02T11:00:00+05:30,Kalutara_Western,28.8,123.94679854268696,869.0,2.72,18.009727543127624
2026-10-02T11:15:00+05:30,Kalutara_Western,28.8,132.12795521316906,882.0,3.01,15.07027391717233
2026-10-02T11:30:00+05:30,Kalutara_Western,28.7,143.84752739974215,898.0,3.19,12.56670362462691
2026-10-02T11:45:00+05:30,Kalutara_Western,28.8,160.2580600830861,907.0,3.22,10.806355746276779
2026-10-02T12:00:00+05:30,Kalutara_Western,29.0,180.63662214159416,900.0,3.11,10.182299872377783
2026-10-02T12:15:00+05:30,Kalutara_Western,29.1,200.8494556818742,868.0,2.98,10.89163960742546
2026-10-02T12:30:00+05:30,Kalutara_Western,29.1,216.93724607060412,804.0,2.87,12.713101855844982
2026-10-02T12:45:00+05:30,Kalutara_Western,28.7,228.3811951656886,728.0,2.79,15.253340375250616
2026-10-02T13:00:00+05:30,Kalutara_Western,28.2,236.37411160119765,662.0,2.68,18.21405126333083
2026-10-02T13:15:00+05:30,Kalutara_Western,27.6,242.087382551642,626.0,2.6,21.421581644870344
2026-10-02T13:30:00+05:30,Kalutara_Western,27.3,246.3122297482819,616.0,2.6,24.780256352286287
2026-10-02T13:45:00+05:30,Kalutara_Western,27.2,249.54258025255237,615.0,2.68,28.236173994504433
2026-10-02T14:00:00+05:30,Kalutara_Western,27.3,252.08702450959038,606.0,2.83,31.757586075104214
2026-10-02T14:15:00+05:30,Kalutara_Western,27.4,254.14324697970807,579.0,2.98,35.32489259666496
2026-10-02T14:30:00+05:30,Kalutara_Western,27.5,255.84188709780818,540.0,3.01,38.92545772346913
2026-10-02T14:45:00+05:30,Kalutara_Western,27.5,257.27199034842073,495.0,2.84,42.55081911243976
2026-10-02T15:00:00+05:30,Kalutara_Western,27.6,258.49601797100905,446.0,2.65,46.1951180398306
2026-10-02T15:15:00+05:30,Kalutara_Western,27.6,259.55893615307565,394.0,2.4,49.85417931813339
2026-10-02T15:30:00+05:30,Kalutara_Western,27.4,260.49388104942966,340.0,2.1,53.52495260089053
2026-10-02T15:45:00+05:30,Kalutara_Western,26.9,261.3257899360392,285.0,1.66,57.20515946365642
2026-10-02T16:00:00+05:30,Kalutara_Western,26.1,262.0737915865536,231.0,1.12,60.89306411482967
2026-10-02T16:15:00+05:30,Kalutara_Western,25.3,262.7528192895908,180.0,0.7,64.58732176098637
2026-10-02T16:30:00+05:30,Kalutara_Western,24.8,263.37472389424715,128.0,0.67,68.28687379371141
2026-10-02T16:45:00+05:30,Kalutara_Western,24.6,263.9490585467686,83.0,0.96,71.99087440335418
2026-10-02T17:00:00+05:30,Kalutara_Western,24.6,264.4836434148311,52.0,1.35,75.69863961419033
2026-10-02T17:15:00+05:30,Kalutara_Western,24.7,264.9849797856168,34.0,1.6,79.4096090701141
2026-10-02T17:30:00+05:30,Kalutara_Western,24.7,265.4585600317635,23.0,1.75,83.12331766984276
2026-10-02T17:45:00+05:30,Kalutara_Western,24.7,265.9091048722828,14.0,1.65,86.83937563337095
2026-10-02T18:00:00+05:30,Kalutara_Western,24.7,266.34074922109755,4.0,1.35,90.55745201883808
2026-10-02T18:15:00+05:30,Kalutara_Western,24.6,266.7571923562307,0.0,1.05,94.27726179435008
2026-10-02T18:30:00+05:30,Kalutara_Western,24.6,267.16182409605267,0.0,0.91,97.998556975211
2026-10-02T18:45:00+05:30,Kalutara_Western,24.6,267.55783571638335,0.0,0.97,101.72111811126011
2026-10-02T19:00:00+05:30,Kalutara_Western,24.6,267.9483235310022,0.0,1.18,105.4447470650107
2026-10-02T19:15:00+05:30,Kalutara_Western,24.6,268.3363926111913,0.0,1.38,109.1692621437788
2026-10-02T19:30:00+05:30,Kalutara_Western,24.6,268.72526816141453,0.0,1.5,112.89449219493669
2026-10-02T19:45:00+05:30,Kalutara_Western,24.6,269.11842413878577,0.0,1.55,116.62027078942133
2026-10-02T20:00:00+05:30,Kalutara_Western,24.5,269.5197417851578,0.0,1.57,120.34643158197785
2026-10-02T20:15:00+05:30,Kalutara_Western,24.5,269.9337156656366,0.0,1.6,124.07280132042845
2026-10-02T20:30:00+05:30,Kalutara_Western,24.4,270.36573445560896,0.0,1.61,127.79919128293986
2026-10-02T20:45:00+05:30,Kalutara_Western,24.4,270.82247953006765,0.0,1.57,131.52538754213003
2026-10-02T21:00:00+05:30,Kalutara_Western,24.4,271.3125116682926,0.0,1.54,135.2511352871195
2026-10-02T21:15:00+05:30,Kalutara_Western,24.3,271.8471671302418,0.0,1.51,138.9761157114768
2026-10-02T21:30:00+05:30,Kalutara_Western,24.3,272.4419800472784,0.0,1.46,142.69991161490424
2026-10-02T21:45:00+05:30,Kalutara_Western,24.2,273.1190376699111,0.0,1.45,146.42194870540243
2026-10-02T22:00:00+05:30,Kalutara_Western,24.2,273.91107663439794,0.0,1.53,150.1413941755381
2026-10-02T22:15:00+05:30,Kalutara_Western,24.1,274.8690355583619,0.0,1.6,153.85697165003393
2026-10-02T22:30:00+05:30,Kalutara_Western,24.1,276.0770108245313,0.0,1.64,157.5665915013089
2026-10-02T22:45:00+05:30,Kalutara_Western,24.0,277.68466949044273,0.0,1.64,161.26654679213635
2026-10-02T23:00:00+05:30,Kalutara_Western,24.0,279.98629005448095,0.0,1.66,164.94953979166422
2026-10-02T23:15:00+05:30,Kalutara_Western,24.0,283.6471401285478,0.0,1.69,168.5989461890903
2026-10-02T23:30:00+05:30,Kalutara_Western,24.0,290.5196130104048,0.0,1.68,172.16748973363593
2026-10-02T23:45:00+05:30,Kalutara_Western,24.0,307.7074633379024,0.0,1.68,175.46008618351112
2026-10-03T00:00:00+05:30,Kalutara_Western,24.0,3.1291834824413627,0.0,1.66,177.21203483436676
2026-10-03T00:15:00+05:30,Kalutara_Western,23.9,54.620108675849224,0.0,1.71,175.2215098219997
2026-10-03T00:30:00+05:30,Kalutara_Western,23.9,70.36649904883325,0.0,1.7,171.88868320347842
2026-10-03T00:45:00+05:30,Kalutara_Western,23.9,76.84839148539561,0.0,1.67,168.31029336285968
2026-10-03T01:00:00+05:30,Kalutara_Western,23.9,80.35932716720015,0.0,1.65,164.65730406907807
2026-10-03T01:15:00+05:30,Kalutara_Western,23.8,82.58947301218552,0.0,1.64,160.97273873371512
2026-10-03T01:30:00+05:30,Kalutara_Western,23.8,84.15820899495947,0.0,1.63,157.27206130709192
2026-10-03T01:45:00+05:30,Kalutara_Western,23.8,85.34314300206881,0.0,1.68,153.5621555663375
2026-10-03T02:00:00+05:30,Kalutara_Western,23.8,86.28676464521163,0.0,1.77,149.84655179185353
2026-10-03T02:15:00+05:30,Kalutara_Western,23.8,87.06968342499266,0.0,1.86,146.1272553939738
2026-10-03T02:30:00+05:30,Kalutara_Western,23.8,87.74098613274663,0.0,1.88,142.40549970082736
2026-10-03T02:45:00+05:30,Kalutara_Western,23.8,88.3323578288717,0.0,1.81,138.68209347537936
2026-10-03T03:00:00+05:30,Kalutara_Western,23.8,88.86525756859305,0.0,1.69,134.9575982029186
2026-10-03T03:15:00+05:30,Kalutara_Western,23.9,89.35483037613284,0.0,1.6,131.23242502336694
2026-10-03T03:30:00+05:30,Kalutara_Western,23.9,89.81216631099454,0.0,1.56,127.50688961396494
2026-10-03T03:45:00+05:30,Kalutara_Western,23.9,90.24566951577015,0.0,1.59,123.78124684189093
2026-10-03T04:00:00+05:30,Kalutara_Western,23.8,90.6619237553038,0.0,1.67,120.05571320284372
2026-10-03T04:15:00+05:30,Kalutara_Western,23.8,91.06626115452696,0.0,1.79,116.33048064085627
2026-10-03T04:30:00+05:30,Kalutara_Western,23.7,91.46314965285075,0.0,1.84,112.60572761964582
2026-10-03T04:45:00+05:30,Kalutara_Western,23.7,91.85646716962037,0.0,1.86,108.8816276519598
2026-10-03T05:00:00+05:30,Kalutara_Western,23.7,92.24970393016912,0.0,1.88,105.1583548466686
2026-10-03T05:15:00+05:30,Kalutara_Western,23.6,92.64611883473009,0.0,1.9,101.43609019232048
2026-10-03T05:30:00+05:30,Kalutara_Western,23.6,93.04886743285437,0.0,1.92,97.71502758858756
2026-10-03T05:45:00+05:30,Kalutara_Western,23.6,93.46111391222217,0.0,2.02,93.99537855304006
2026-10-03T06:00:00+05:30,Kalutara_Western,23.6,93.8861361043156,0.0,2.17,90.27737898793357
2026-10-03T06:15:00+05:30,Kalutara_Western,23.7,94.3274315026743,13.0,2.28,86.561296916465
2026-10-03T06:30:00+05:30,Kalutara_Western,23.8,94.7888319180197,47.0,2.3,82.8474401697245
2026-10-03T06:45:00+05:30,Kalutara_Western,24.1,95.27463439327107,91.0,2.21,79.1361676164885
2026-10-03T07:00:00+05:30,Kalutara_Western,24.5,95.78975796433292,143.0,2.08,75.42790322100304
2026-10-03T07:15:00+05:30,Kalutara_Western,25.0,96.33993854633161,198.0,1.93,71.72315252843352
2026-10-03T07:30:00+05:30,Kalutara_Western,25.4,96.93197783768,256.0,1.79,68.02252607986173
2026-10-03T07:45:00+05:30,Kalutara_Western,25.8,97.5740692125139,316.0,1.7,64.32677045068472
2026-10-03T08:00:00+05:30,Kalutara_Western,26.2,98.27623377572536,375.0,1.65,60.63680863873626
2026-10-03T08:15:00+05:30,Kalutara_Western,26.6,99.05091472991,434.0,1.7,56.95379759426486
2026-10-03T08:30:00+05:30,Kalutara_Western,27.0,99.91380371138047,489.0,1.71,53.279208765413195
2026-10-03T08:45:00+05:30,Kalutara_Western,27.3,100.88501301823106,541.0,1.66,49.614941730775975
2026-10-03T09:00:00+05:30,Kalutara_Western,27.7,101.99077264584628,590.0,1.65,45.963492424208575
2026-10-03T09:15:00+05:30,Kalutara_Western,28.0,103.2659429807415,638.0,1.62,42.328205073548254
2026-10-03T09:30:00+05:30,Kalutara_Western,28.3,104.75782595982378,685.0,1.61,38.71365846183141
2026-10-03T09:45:00+05:30,Kalutara_Western,28.6,106.53209391882314,729.0,1.7,35.126280929098144
2026-10-03T10:00:00+05:30,Kalutara_Western,28.8,108.68226295331897,764.0,1.79,31.57535909321495
2026-10-03T10:15:00+05:30,Kalutara_Western,29.0,111.3452342086909,788.0,1.93,28.07475306773319
2026-10-03T10:30:00+05:30,Kalutara_Western,29.2,114.72735631002934,796.0,2.09,24.645935552192483
2026-10-03T10:45:00+05:30,Kalutara_Western,29.3,119.14848652124215,794.0,2.26,21.32358874125265
2026-10-03T11:00:00+05:30,Kalutara_Western,29.3,125.114027478879,790.0,2.44,18.166244837947943
2026-10-03T11:15:00+05:30,Kalutara_Western,29.3,133.41375535353978,790.0,2.62,15.276577531746469
2026-10-03T11:30:00+05:30,Kalutara_Western,29.3,145.15733279777857,792.0,2.8,12.836667572805553
2026-10-03T11:45:00+05:30,Kalutara_Western,29.1,161.3151655341269,794.0,3.01,11.145914473365707
2026-10-03T12:00:00+05:30,Kalutara_Western,28.7,181.0432928234839,794.0,3.25,10.570152086741984
2026-10-03T12:15:00+05:30,Kalutara_Western,28.4,200.5260977757408,792.0,3.47,11.281408116703162
2026-10-03T12:30:00+05:30,Kalutara_Western,28.2,216.19378328302847,794.0,3.54,13.071244605998828
2026-10-03T12:45:00+05:30,Kalutara_Western,28.3,227.50536916670683,792.0,3.43,15.572078628490118
2026-10-03T13:00:00+05:30,Kalutara_Western,28.6,235.50281894608815,777.0,3.23,18.49773817001514
2026-10-03T13:15:00+05:30,Kalutara_Western,28.9,241.26797606465342,740.0,3.05,21.67687481429003
2026-10-03T13:30:00+05:30,Kalutara_Western,29.0,245.55517798143052,685.0,2.86,25.013009565557184
2026-10-03T13:45:00+05:30,Kalutara_Western,28.7,248.84522998062315,619.0,2.71,28.45095140814901
2026-10-03T14:00:00+05:30,Kalutara_Western,28.3,251.44278305582182,549.0,2.69,31.957844185991178
2026-10-03T14:15:00+05:30,Kalutara_Western,27.8,253.5449247831989,478.0,2.66,35.51325003251828
2026-10-03T14:30:00+05:30,Kalutara_Western,27.4,255.28282359278876,400.0,2.62,39.10392011885113
2026-10-03T14:45:00+05:30,Kalutara_Western,27.0,256.7463526844487,325.0,2.39,42.72094495281311
2026-10-03T15:00:00+05:30,Kalutara_Western,26.7,257.99880122099114,263.0,2.12,46.358136875358426
2026-10-03T15:15:00+05:30,Kalutara_Western,26.4,259.08586685364213,224.0,1.81,50.01107563970703
2026-10-03T15:30:00+05:30,Kalutara_Western,26.2,260.0413002485425,203.0,1.56,53.67652578858687
2026-10-03T15:45:00+05:30,Kalutara_Western,26.3,260.89054287895823,190.0,1.27,57.35206715855925
2026-10-03T16:00:00+05:30,Kalutara_Western,26.6,261.65313204924576,175.0,0.88,61.03585404396918
2026-10-03T16:15:00+05:30,Kalutara_Western,26.8,262.3443293023027,155.0,0.58,64.72645543471447
2026-10-03T16:30:00+05:30,Kalutara_Western,26.9,262.97624706574095,134.0,0.35,68.422744416474
2026-10-03T16:45:00+05:30,Kalutara_Western,26.7,263.55864456477786,112.0,0.29,72.12382061015742
2026-10-03T17:00:00+05:30,Kalutara_Western,26.3,264.0995013550638,89.0,0.32,75.8289561688428
2026-10-03T17:15:00+05:30,Kalutara_Western,25.9,264.6054381215115,65.0,0.38,79.53755532055409
2026-10-03T17:30:00+05:30,Kalutara_Western,25.6,265.0820315399457,42.0,0.46,83.24912434686065
2026-10-03T17:45:00+05:30,Kalutara_Western,25.4,265.5340548733425,22.0,0.51,86.96325041594942
2026-10-03T18:00:00+05:30,Kalutara_Western,25.4,265.96566576433634,5.0,0.55,90.67958418833454
2026-10-03T18:15:00+05:30,Kalutara_Western,25.3,266.3805570514174,0.0,0.56,94.39782622665561
2026-10-03T18:30:00+05:30,Kalutara_Western,25.3,266.78208229676125,0.0,0.56,98.1177176681788
2026-10-03T18:45:00+05:30,Kalutara_Western,25.2,267.17336466644974,0.0,0.57,101.83903142220151
2026-10-03T19:00:00+05:30,Kalutara_Western,25.2,267.5573968760615,0.0,0.54,105.56156481066878
2026-10-03T19:15:00+05:30,Kalutara_Western,25.1,267.9371393117751,0.0,0.54,109.28513471338765
2026-10-03T19:30:00+05:30,Kalutara_Western,25.1,268.3156232765673,0.0,0.53,113.00957184737516
2026-10-03T19:45:00+05:30,Kalutara_Western,25.0,268.69606807109415,0.0,0.57,116.73471533258433
2026-10-03T20:00:00+05:30,Kalutara_Western,25.0,269.0820232305283,0.0,0.64,120.4604086846204
2026-10-03T20:15:00+05:30,Kalutara_Western,25.0,269.47755145300596,0.0,0.68,124.18649381005795
2026-10-03T20:30:00+05:30,Kalutara_Western,24.9,269.88747621907464,0.0,0.72,127.91280392526326
2026-10-03T20:45:00+05:30,Kalutara_Western,24.9,270.3177319535737,0.0,0.79,131.63915605642543
2026-10-03T21:00:00+05:30,Kalutara_Western,24.8,270.7758785041427,0.0,0.86,135.36533876247177
2026-10-03T21:15:00+05:30,Kalutara_Western,24.8,271.2718866516543,0.0,0.89,139.09109430770408
2026-10-03T21:30:00+05:30,Kalutara_Western,24.7,271.8193859450349,0.0,0.96,142.81609272528004
2026-10-03T21:45:00+05:30,Kalutara_Western,24.7,272.4377342816969,0.0,1.03,146.53988715729454
2026-10-03T22:00:00+05:30,Kalutara_Western,24.6,273.1556263560795,0.0,1.06,150.26183679455994
2026-10-03T22:15:00+05:30,Kalutara_Western,24.5,274.0177702727533,0.0,1.17,153.98096649273248
2026-10-03T22:30:00+05:30,Kalutara_Western,24.5,275.09817379116583,0.0,1.2,157.69568474783796
2026-10-03T22:45:00+05:30,Kalutara_Western,24.4,276.5291435089525,0.0,1.24,161.4031670150659
2026-10-03T23:00:00+05:30,Kalutara_Western,24.4,278.5727714879905,0.0,1.35,165.09782935769454
2026-10-03T23:15:00+05:30,Kalutara_Western,24.3,281.829453514264,0.0,1.35,168.76682580622156
2026-10-03T23:30:00+05:30,Kalutara_Western,24.3,288.01737799451155,0.0,1.43,172.37282079505525
2026-10-03T23:45:00+05:30,Kalutara_Western,24.2,304.24712722931747,0.0,1.48,175.75197700099977
2026-10-04T00:00:00+05:30,Kalutara_Western,24.2,5.48625275358944,0.0,1.5,177.59153751449298
2026-10-04T00:15:00+05:30,Kalutara_Western,24.1,59.07480655159611,0.0,1.54,175.36979705761954
2026-10-04T00:30:00+05:30,Kalutara_Western,24.0,73.14503556461125,0.0,1.6,171.94029385382032
2026-10-04T00:45:00+05:30,Kalutara_Western,24.0,78.79386968408267,0.0,1.66,168.32272292895584
2026-10-04T01:00:00+05:30,Kalutara_Western,23.9,81.84831799523067,0.0,1.74,164.64958106760497
2026-10-04T01:15:00+05:30,Kalutara_Western,23.8,83.79630279366631,0.0,1.81,160.95310484039325
2026-10-04T01:30:00+05:30,Kalutara_Western,23.8,85.17528249658477,0.0,1.9,157.2447837966127
2026-10-04T01:45:00+05:30,Kalutara_Western,23.7,86.22482644670345,0.0,1.95,153.5297232704825
2026-10-04T02:00:00+05:30,Kalutara_Western,23.7,87.06762066422937,0.0,2.05,149.81054484733494
2026-10-04T02:15:00+05:30,Kalutara_Western,23.6,87.77302033309189,0.0,2.11,146.08874354279664
2026-10-04T02:30:00+05:30,Kalutara_Western,23.5,88.38326893602175,0.0,2.11,142.36524518044948
2026-10-04T02:45:00+05:30,Kalutara_Western,23.5,88.92566296113148,0.0,2.11,138.6406631245809
2026-10-04T03:00:00+05:30,Kalutara_Western,23.4,89.4187246323163,0.0,2.07,134.91542954089184
2026-10-04T03:15:00+05:30,Kalutara_Western,23.3,89.87556461716753,0.0,2.02,131.18986731363447
2026-10-04T03:30:00+05:30,Kalutara_Western,23.2,90.30582355216268,0.0,1.97,127.46423055948968
2026-10-04T03:45:00+05:30,Kalutara_Western,23.1,90.71684906788812,0.0,1.87,123.73873064454503
2026-10-04T04:00:00+05:30,Kalutara_Western,23.0,91.1144407166438,0.0,1.77,120.01355324017888
2026-10-04T04:15:00+05:30,Kalutara_Western,23.0,91.50334049212358,0.0,1.66,116.28886869125564
2026-10-04T04:30:00+05:30,Kalutara_Western,22.9,91.88756820015738,0.0,1.56,112.5648408328571
2026-10-04T04:45:00+05:30,Kalutara_Western,22.9,92.27066017699576,0.0,1.46,108.84163402556365
2026-10-04T05:00:00+05:30,Kalutara_Western,22.9,92.65584708767011,0.0,1.36,105.11941773202014
2026-10-04T05:15:00+05:30,Kalutara_Western,23.0,93.04619316108881,0.0,1.25,101.39837218230866
2026-10-04T05:30:00+05:30,Kalutara_Western,23.1,93.44471217859996,0.0,1.2,97.67869405611019
2026-10-04T05:45:00+05:30,Kalutara_Western,23.2,93.85447118906222,0.0,1.15,93.96060105125848
2026-10-04T06:00:00+05:30,Kalutara_Western,23.5,94.27869003397666,0.0,1.1,90.24433869374482
2026-10-04T06:15:00+05:30,Kalutara_Western,23.7,94.72084409187875,13.0,1.1,86.53018828948177
2026-10-04T06:30:00+05:30,Kalutara_Western,24.0,95.18477752455999,49.0,1.06,82.81847501012024
2026-10-04T06:45:00+05:30,Kalutara_Western,24.3,95.67483448943392,96.0,1.02,79.10957971817561
2026-10-04T07:00:00+05:30,Kalutara_Western,24.6,96.1960178925774,152.0,1.03,75.40395387558299
2026-10-04T07:15:00+05:30,Kalutara_Western,25.0,96.75418810648,209.0,1.01,71.70213718735485
2026-10-04T07:30:00+05:30,Kalutara_Western,25.3,97.35631783654264,264.0,0.98,68.00478258833213
2026-10-04T07:45:00+05:30,Kalutara_Western,25.7,98.01082659052264,317.0,0.96,64.31268941013371
2026-10-04T08:00:00+05:30,Kalutara_Western,26.0,98.72802865036579,369.0,0.93,60.62684666946706
2026-10-04T08:15:00+05:30,Kalutara_Western,26.3,99.52074371149342,424.0,0.88,56.94849458645537
2026-10-04T08:30:00+05:30,Kalutara_Western,26.6,100.40514526278889,480.0,0.85,53.279210676094785
2026-10-04T08:45:00+05:30,Kalutara_Western,26.9,101.40196251496087,535.0,0.81,49.62103121607618
2026-10-04T09:00:00+05:30,Kalutara_Western,27.2,102.53821709400728,587.0,0.78,45.976630706419456
2026-10-04T09:15:00+05:30,Kalutara_Western,27.5,103.8497877268527,635.0,0.8,42.34959019404383
2026-10-04T09:30:00+05:30,Kalutara_Western,27.8,105.38528669217857,677.0,0.87,38.7448078427891
2026-10-04T09:45:00+05:30,Kalutara_Western,28.1,107.21206204979893,713.0,1.01,35.1691505673989
2026-10-04T10:00:00+05:30,Kalutara_Western,28.3,109.42572710091895,746.0,1.18,31.632518584098385
2026-10-04T10:15:00+05:30,Kalutara_Western,28.6,112.16565361171496,775.0,1.35,28.14964571718476
2026-10-04T10:30:00+05:30,Kalutara_Western,28.8,115.6406116280379,798.0,1.56,24.743264375070893
2026-10-04T10:45:00+05:30,Kalutara_Western,29.0,120.17122130576081,817.0,1.74,21.449868108851348
2026-10-04T11:00:00+05:30,Kalutara_Western,29.2,126.25683761113822,835.0,1.93,18.33047679456206
2026-10-04T11:15:00+05:30,Kalutara_Western,29.3,134.65959055698778,857.0,2.12,15.490587294333864
2026-10-04T11:30:00+05:30,Kalutara_Western,29.4,146.4061203934848,887.0,2.27,13.113085175677114
2026-10-04T11:45:00+05:30,Kalutara_Western,29.5,162.30184705467786,915.0,2.45,11.488723248546691
2026-10-04T12:00:00+05:30,Kalutara_Western,29.5,181.41356646782194,932.0,2.59,10.957723004853818
2026-10-04T12:15:00+05:30,Kalutara_Western,29.5,200.218250796839,929.0,2.73,11.670294774330884
2026-10-04T12:30:00+05:30,Kalutara_Western,29.4,215.48587630042368,909.0,2.87,13.429924166996173
2026-10-04T12:45:00+05:30,Kalutara_Western,29.3,226.66209899797383,876.0,3.01,15.892534404551313
2026-10-04T13:00:00+05:30,Kalutara_Western,29.2,234.65619829387003,837.0,3.18,18.78362844804016
2026-10-04T13:15:00+05:30,Kalutara_Western,29.1,240.46653987876402,795.0,3.28,21.934412066726026
2026-10-04T13:30:00+05:30,Kalutara_Western,29.0,244.81130325413943,752.0,3.38,25.24783442870809
2026-10-04T13:45:00+05:30,Kalutara_Western,28.8,248.1577459308652,704.0,3.41,28.66754177056439
2026-10-04T14:00:00+05:30,Kalutara_Western,28.7,250.80610731036626,646.0,3.44,32.1596307421854
2026-10-04T14:15:00+05:30,Kalutara_Western,28.6,252.95253855788727,574.0,3.4,35.702852594252576
2026-10-04T14:30:00+05:30,Kalutara_Western,28.4,254.72851450552292,485.0,3.29,39.283356611023116
2026-10-04T14:45:00+05:30,Kalutara_Western,28.3,256.2245926393142,395.0,3.11,42.891789884764464
2026-10-04T15:00:00+05:30,Kalutara_Western,28.2,257.5047968883769,321.0,2.86,46.52163619495943
2026-10-04T15:15:00+05:30,Kalutara_Western,28.0,258.6154948076314,272.0,2.58,50.168229153009975
2026-10-04T15:30:00+05:30,Kalutara_Western,27.9,259.5910100477688,243.0,2.26,53.8281465435202
2026-10-04T15:45:00+05:30,Kalutara_Western,27.7,260.45725966288734,222.0,1.91,57.49882466839694
2026-10-04T16:00:00+05:30,Kalutara_Western,27.6,261.2341693485189,203.0,1.5,61.178306149543985
2026-10-04T16:15:00+05:30,Kalutara_Western,27.4,261.9373144335715,180.0,1.1,64.8650721104966
2026-10-04T16:30:00+05:30,Kalutara_Western,27.3,262.57905831851156,158.0,0.78,68.55792581123521
2026-10-04T16:45:00+05:30,Kalutara_Western,27.1,263.169358374186,135.0,0.56,72.25591090934248
2026-10-04T17:00:00+05:30,Kalutara_Western,27.0,263.7163474819182,110.0,0.53,75.95825439380062
2026-10-04T17:15:00+05:30,Kalutara_Western,26.8,264.2267609844516,82.0,0.67,79.66432386838748
2026-10-04T17:30:00+05:30,Kalutara_Western,26.7,264.70625605561514,54.0,0.9,83.37359584603846
2026-10-04T17:45:00+05:30,Kalutara_Western,26.5,265.1596553507095,28.0,1.05,87.08563332293045
2026-10-04T18:00:00+05:30,Kalutara_Western,26.4,265.59113653085575,6.0,1.22,90.80006744677748
2026-10-04T18:15:00+05:30,Kalutara_Western,26.2,266.0043835567692,0.0,1.33,94.51658323335607
2026-10-04T18:30:00+05:30,Kalutara_Western,26.1,266.4027114239395,0.0,1.44,98.23490974936294
2026-10-04T18:45:00+05:30,Kalutara_Western,25.9,266.7891728690903,0.0,1.55,101.95481097743247
2026-10-04T19:00:00+05:30,Kalutara_Western,25.8,267.166654539206,0.0,1.61,105.67607827936885
2026-10-04T19:15:00+05:30,Kalutara_Western,25.7,267.5379693504518,0.0,1.66,109.3985255043703
2026-10-04T19:30:00+05:30,Kalutara_Western,25.5,267.90595139820084,0.0,1.72,113.12198338532015
2026-10-04T19:45:00+05:30,Kalutara_Western,25.4,268.2735612206114,0.0,1.77,116.84629439987599
2026-10-04T20:00:00+05:30,Kalutara_Western,25.3,268.64401134413106,0.0,1.83,120.5713092842228
2026-10-04T20:15:00+05:30,Kalutara_Western,25.1,269.0209255137436,0.0,1.83,124.29688185310033
2026-10-04T20:30:00+05:30,Kalutara_Western,25.0,269.4085522420313,0.0,1.83,128.02286318749447
2026-10-04T20:45:00+05:30,Kalutara_Western,24.9,269.8120651046216,0.0,1.83,131.7490960483482
2026-10-04T21:00:00+05:30,Kalutara_Western,24.8,270.2380026198589,0.0,1.79,135.47540553857706
2026-10-04T21:15:00+05:30,Kalutara_Western,24.8,270.69493912219446,0.0,1.74,139.2015858601898
2026-10-04T21:30:00+05:30,Kalutara_Western,24.7,271.19455073682957,0.0,1.68,142.92738174186084
2026-10-04T21:45:00+05:30,Kalutara_Western,24.6,271.75338549339136,0.0,1.61,146.6524560471323
2026-10-04T22:00:00+05:30,Kalutara_Western,24.5,272.395956229209,0.0,1.5,150.3763341018389
2026-10-04T22:15:00+05:30,Kalutara_Western,24.4,273.1604811891725,0.0,1.39,154.09830274827306
2026-10-04T22:30:00+05:30,Kalutara_Western,24.4,274.11035814927845,0.0,1.33,157.8172063084579
2026-10-04T22:45:00+05:30,Kalutara_Western,24.3,275.3593687958893,0.0,1.27,161.53099842445027
2026-10-04T23:00:00+05:30,Kalutara_Western,24.2,277.1344214631618,0.0,1.23,165.23562466428018
2026-10-04T23:15:00+05:30,Kalutara_Western,24.2,279.9616156354514,0.0,1.17,168.9216808871697
2026-10-04T23:30:00+05:30,Kalutara_Western,24.1,285.38521038055393,0.0,1.12,172.56128467188807
2026-10-04T23:45:00+05:30,Kalutara_Western,24.1,300.292219819862,0.0,1.12,176.0244575795338
2026-10-05T00:00:00+05:30,Kalutara_Western,24.0,8.669466705732816,0.0,1.12,177.96492061890595
2026-10-05T00:15:00+05:30,Kalutara_Western,23.9,63.7753066472128,0.0,1.12,175.48954079257447
2026-10-05T00:30:00+05:30,Kalutara_Western,23.9,75.94429798631342,0.0,1.12,171.9743018682463
2026-10-05T00:45:00+05:30,Kalutara_Western,23.8,80.7360757083681,0.0,1.17,168.32344213614687
2026-10-05T01:00:00+05:30,Kalutara_Western,23.8,83.3311451654202,0.0,1.17,164.6334359762135
2026-10-05T01:15:00+05:30,Kalutara_Western,23.7,84.9973027707764,0.0,1.22,160.92711263433318
2026-10-05T01:30:00+05:30,Kalutara_Western,23.7,86.18733186129947,0.0,1.27,157.21256211491044
2026-10-05T01:45:00+05:30,Kalutara_Western,23.6,87.10224594015756,0.0,1.27,153.49337987407225
2026-10-05T02:00:00+05:30,Kalutara_Western,23.6,87.84484225318897,0.0,1.32,149.77141878355556
2026-10-05T02:15:00+05:30,Kalutara_Western,23.6,88.47322835494532,0.0,1.32,146.04774302179885
2026-10-05T02:30:00+05:30,Kalutara_Western,23.5,89.02282747275581,0.0,1.32,142.32301930199372
2026-10-05T02:45:00+05:30,Kalutara_Western,23.5,89.51656951900247,0.0,1.33,138.5976966772427
2026-10-05T03:00:00+05:30,Kalutara_Western,23.4,89.97005753740245,0.0,1.33,134.87209886733427
2026-10-05T03:15:00+05:30,Kalutara_Western,23.3,90.39438130970115,0.0,1.3,131.14647504903428
2026-10-05T03:30:00+05:30,Kalutara_Western,23.3,90.79774218723196,0.0,1.31,127.4210282459257
2026-10-05T03:45:00+05:30,Kalutara_Western,23.2,91.18643891421755,0.0,1.33,123.69593406746755
2026-10-05T04:00:00+05:30,Kalutara_Western,23.2,91.56549259238625,0.0,1.35,119.97135323851934
2026-10-05T04:15:00+05:30,Kalutara_Western,23.1,91.93905946331279,0.0,1.3,116.24743907042199
2026-10-05T04:30:00+05:30,Kalutara_Western,23.1,92.31071454319664,0.0,1.32,112.52434439411206
2026-10-05T04:45:00+05:30,Kalutara_Western,23.1,92.68365514216379,0.0,1.27,108.8022273661794
2026-10-05T05:00:00+05:30,Kalutara_Western,23.2,93.06085431275568,0.0,1.25,105.08125525125203
2026-10-05T05:15:00+05:30,Kalutara_Western,23.2,93.44518307573617,0.0,1.21,101.36160960529446
2026-10-05T05:30:00+05:30,Kalutara_Western,23.4,93.83951450856932,0.0,1.17,97.64349170799998
2026-10-05T05:45:00+05:30,Kalutara_Western,23.6,94.24681924214508,0.0,1.12,93.92712707025493
2026-10-05T06:00:00+05:30,Kalutara_Western,23.8,94.67025953528139,0.0,1.05,90.21277235187019
2026-10-05T06:15:00+05:30,Kalutara_Western,24.1,95.11328875243316,13.0,0.97,86.50072357971817
2026-10-05T06:30:00+05:30,Kalutara_Western,24.5,95.57976318477625,49.0,0.9,82.79132467734453
2026-10-05T06:45:00+05:30,Kalutara_Western,24.8,96.07407351538046,95.0,0.79,79.08497993692619
2026-10-05T07:00:00+05:30,Kalutara_Western,25.2,96.60130548706758,151.0,0.68,75.38216981708402
2026-10-05T07:15:00+05:30,Kalutara_Western,25.6,97.16744232565901,208.0,0.57,71.68346979515195
2026-10-05T07:30:00+05:30,Kalutara_Western,26.0,97.7796253747473,263.0,0.46,67.98957697879698
2026-10-05T07:45:00+05:30,Kalutara_Western,26.4,98.44649684452975,317.0,0.35,64.30134546275558
2026-10-05T08:00:00+05:30,Kalutara_Western,26.7,99.17865924160714,372.0,0.22,60.619832593400716
2026-10-05T08:15:00+05:30,Kalutara_Western,27.1,99.98930156736179,430.0,0.11,56.94636455688337
2026-10-05T08:30:00+05:30,Kalutara_Western,27.4,100.89506860696179,490.0,0.21,53.282628127585774
2026-10-05T08:45:00+05:30,Kalutara_Western,27.6,101.91729072128675,552.0,0.4,49.630800088162154
2026-10-05T09:00:00+05:30,Kalutara_Western,27.9,103.08375714929724,610.0,0.66,45.9937380490804
2026-10-05T09:15:00+05:30,Kalutara_Western,28.1,104.43132749197406,663.0,0.91,42.37526525564382
2026-10-05T09:30:00+05:30,Kalutara_Western,28.3,106.00986436029046,709.0,1.18,38.780605450804146
2026-10-05T09:45:00+05:30,Kalutara_Western,28.5,107.88829261433449,749.0,1.49,35.21707078248528
2026-10-05T10:00:00+05:30,Kalutara_Western,28.7,110.16415469187808,784.0,1.81,31.69518092481561
2026-10-05T10:15:00+05:30,Kalutara_Western,28.9,112.97899900931793,817.0,2.11,28.23054488870396
2026-10-05T10:30:00+05:30,Kalutara_Western,29.0,116.54349138383856,844.0,2.43,24.84714244004026
2026-10-05T10:45:00+05:30,Kalutara_Western,29.2,121.17807552022401,867.0,2.68,21.58322818922815
2026-10-05T11:00:00+05:30,Kalutara_Western,29.3,127.37449334158481,886.0,2.89,18.502162836573802
2026-10-05T11:15:00+05:30,Kalutara_Western,29.4,135.86537952387027,904.0,3.09,15.711901078479144
2026-10-05T11:30:00+05:30,Kalutara_Western,29.5,147.5959368606545,922.0,3.25,13.395428679119135
2026-10-05T11:45:00+05:30,Kalutara_Western,29.5,163.2231717656332,935.0,3.36,11.834325395286967
2026-10-05T12:00:00+05:30,Kalutara_Western,29.5,181.75077762841488,942.0,3.46,11.344829610398591
2026-10-05T12:15:00+05:30,Kalutara_Western,29.5,199.92410390002337,938.0,3.46,12.058157525803267
2026-10-05T12:30:00+05:30,Kalutara_Western,29.5,214.81066300911436,926.0,3.5,13.788875476644904
2026-10-05T12:45:00+05:30,Kalutara_Western,29.5,225.84958096570526,906.0,3.5,16.214395555013525
2026-10-05T13:00:00+05:30,Kalutara_Western,29.4,233.83334490943543,881.0,3.49,19.071426885489018
2026-10-05T13:15:00+05:30,Kalutara_Western,29.4,239.68265727808495,852.0,3.49,22.193931988446636
2026-10-05T13:30:00+05:30,Kalutara_Western,29.3,244.08043096083117,819.0,3.43,25.48450129026851
2026-10-05T13:45:00+05:30,Kalutara_Western,29.2,247.480073592541,783.0,3.37,28.88574104185698
2026-10-05T14:00:00+05:30,Kalutara_Western,29.1,250.17700387576713,740.0,3.27,32.36276153545119
2026-10-05T14:15:00+05:30,Kalutara_Western,29.0,252.36612695504783,690.0,3.16,35.89353137815146
2026-10-05T14:30:00+05:30,Kalutara_Western,28.9,254.1790157590587,631.0,3.0,39.46361023201519
2026-10-05T14:45:00+05:30,Kalutara_Western,28.8,255.7067756599614,570.0,2.84,43.06320639188986
2026-10-05T15:00:00+05:30,Kalutara_Western,28.7,257.0140757847716,512.0,2.57,46.68547609539331
2026-10-05T15:15:00+05:30,Kalutara_Western,28.6,258.1478939313003,463.0,2.36,50.32550618913586
2026-10-05T15:30:00+05:30,Kalutara_Western,28.5,259.14308624980083,419.0,2.1,53.97968638223499
2026-10-05T15:45:00+05:30,Kalutara_Western,28.4,260.026017349457,377.0,1.85,57.645307883544994
2026-10-05T16:00:00+05:30,Kalutara_Western,28.3,260.8169815243053,335.0,1.56,61.32030005752097
2026-10-05T16:15:00+05:30,Kalutara_Western,28.1,261.53185363322666,291.0,1.3,65.00305464352206
2026-10-05T16:30:00+05:30,Kalutara_Western,28.0,262.183237579208,248.0,1.07,68.69230365286002
2026-10-05T16:45:00+05:30,Kalutara_Western,27.8,262.7812810372176,205.0,0.88,72.38703345597973
2026-10-05T17:00:00+05:30,Kalutara_Western,27.7,263.33426422120954,160.0,0.85,76.08642464322907
2026-10-05T17:15:00+05:30,Kalutara_Western,27.5,263.8490324488734,114.0,0.86,79.78980702819399
2026-10-05T17:30:00+05:30,Kalutara_Western,27.4,264.33131964008504,70.0,0.91,83.49662623702454
2026-10-05T17:45:00+05:30,Kalutara_Western,27.2,264.78599474547843,33.0,1.0,87.2064199976613
2026-10-05T18:00:00+05:30,Kalutara_Western,27.0,265.217252795261,6.0,1.07,90.91879884728996
2026-10-05T18:15:00+05:30,Kalutara_Western,26.8,265.62876650592216,0.0,1.14,94.63343113024624
2026-10-05T18:30:00+05:30,Kalutara_Western,26.6,266.0238100817465,0.0,1.24,98.35003265357581
2026-10-05T18:45:00+05:30,Kalutara_Western,26.4,266.40536361778413,0.0,1.35,102.06835719068454
2026-10-05T19:00:00+05:30,Kalutara_Western,26.2,266.77620535730046,0.0,1.44,105.78818872190858
2026-10-05T19:15:00+05:30,Kalutara_Western,26.0,267.1389981344762,0.0,1.54,109.5093364535617
2026-10-05T19:30:00+05:30,Kalutara_Western,25.8,267.49637575569403,0.0,1.66,113.23162926485338
2026-10-05T19:45:00+05:30,Kalutara_Western,25.6,267.85103618658025,0.0,1.73,116.95491077452712
2026-10-05T20:00:00+05:30,Kalutara_Western,25.5,268.20585003909736,0.0,1.8,120.6790362598062
2026-10-05T20:15:00+05:30,Kalutara_Western,25.3,268.5639955597759,0.0,1.88,124.40386814148141
2026-10-05T20:30:00+05:30,Kalutara_Western,25.2,268.92913727148755,0.0,1.92,128.12927120573443
2026-10-05T20:45:00+05:30,Kalutara_Western,25.1,269.30567507172617,0.0,1.92,131.85510860944612
2026-10-05T21:00:00+05:30,Kalutara_Western,25.0,269.69910731531576,0.0,1.9,135.5812349925111
2026-10-05T21:15:00+05:30,Kalutara_Western,24.9,270.1165832761592,0.0,1.9,139.30748707982855
2026-10-05T21:30:00+05:30,Kalutara_Western,24.8,270.56778048121726,0.0,1.86,143.03367130929055
2026-10-05T21:45:00+05:30,Kalutara_Western,24.7,271.0663625241733,0.0,1.81,146.7595418072628
2026-10-05T22:00:00+05:30,Kalutara_Western,24.6,271.6325305735518,0.0,1.71,150.484762871741
2026-10-05T22:15:00+05:30,Kalutara_Western,24.5,272.29777178840425,0.0,1.61,154.20884167524997
2026-10-05T22:30:00+05:30,Kalutara_Western,24.5,273.11438716530824,0.0,1.52,157.93099121930774
2026-10-05T22:45:00+05:30,Kalutara_Western,24.4,274.17653937131035,0.0,1.47,161.64982835138287
2026-10-05T23:00:00+05:30,Kalutara_Western,24.4,275.6731048331772,0.0,1.38,165.3626163709879
2026-10-05T23:15:00+05:30,Kalutara_Western,24.4,278.04672389036494,0.0,1.33,169.06297161235432
2026-10-05T23:30:00+05:30,Kalutara_Western,24.3,282.6268482041955,0.0,1.28,172.73163492988232
2026-10-05T23:45:00+05:30,Kalutara_Western,24.3,295.7824817795147,0.0,1.22,176.27348345178166
2026-10-06T00:00:00+05:30,Kalutara_Western,24.2,13.197959634930612,0.0,1.15,178.32875092131468
2026-10-06T00:15:00+05:30,Kalutara_Western,24.2,68.67806467560285,0.0,1.08,175.5787464646748
2026-10-06T00:30:00+05:30,Kalutara_Western,24.1,78.75187650091209,0.0,1.07,171.99070101691407
2026-10-06T00:45:00+05:30,Kalutara_Western,24.0,82.67083787968295,0.0,1.06,168.31262415658645
2026-10-06T01:00:00+05:30,Kalutara_Western,23.9,84.80595679387147,0.0,1.06,164.60904777668472
2026-10-06T01:15:00+05:30,Kalutara_Western,23.8,86.1914740864625,0.0,1.05,160.89492617930586
2026-10-06T01:30:00+05:30,Kalutara_Western,23.7,87.19373766013916,0.0,1.05,157.17554534021957
2026-10-06T01:45:00+05:30,Kalutara_Western,23.6,87.97497534260094,0.0,1.05,153.45326216472566
2026-10-06T02:00:00+05:30,Kalutara_Western,23.6,88.61811213198712,0.0,1.05,149.72930061852446
2026-10-06T02:15:00+05:30,Kalutara_Western,23.5,89.17005639540645,0.0,1.0,146.00437303737056
2026-10-06T02:30:00+05:30,Kalutara_Western,23.4,89.6594533510389,0.0,1.0,142.27893492439335
2026-10-06T02:45:00+05:30,Kalutara_Western,23.4,90.10489797245157,0.0,0.95,138.5533017313073
2026-10-06T03:00:00+05:30,Kalutara_Western,23.3,90.5190969728315,0.0,0.95,134.82770933287708
2026-10-06T03:15:00+05:30,Kalutara_Western,23.3,90.91113569015613,0.0,0.91,131.1023475473713
2026-10-06T03:30:00+05:30,Kalutara_Western,23.3,91.28778811032737,0.0,0.86,127.37737862731814
2026-10-06T03:45:00+05:30,Kalutara_Western,23.3,91.65431282848891,0.0,0.81,123.65295006293289
2026-10-06T04:00:00+05:30,Kalutara_Western,23.2,92.01495897455675,0.0,0.81,119.92920342425127
2026-10-06T04:15:00+05:30,Kalutara_Western,23.3,92.37330189033588,0.0,0.76,116.20627949024136
2026-10-06T04:30:00+05:30,Kalutara_Western,23.3,92.73247546383283,0.0,0.72,112.48432366423333
2026-10-06T04:45:00+05:30,Kalutara_Western,23.3,93.09534075080842,0.0,0.67,108.76349080276208
2026-10-06T05:00:00+05:30,Kalutara_Western,23.4,93.46461528232385,0.0,0.63,105.04394838585624
2026-10-06T05:15:00+05:30,Kalutara_Western,23.4,93.84297842592929,0.0,0.59,101.32588134851625
2026-10-06T05:30:00+05:30,Kalutara_Western,23.5,94.23316367185868,0.0,0.49,97.60949736354789
2026-10-06T05:45:00+05:30,Kalutara_Western,23.7,94.63804597427992,0.0,0.4,93.89503136229953
2026-10-06T06:00:00+05:30,Kalutara_Western,23.8,95.06073040943988,0.0,0.32,90.1827526196898
2026-10-06T06:15:00+05:30,Kalutara_Western,24.0,95.50464839455196,16.0,0.29,86.4729732948507
2026-10-06T06:30:00+05:30,Kalutara_Western,24.2,95.97366806655839,59.0,0.25,82.76605744868966
2026-10-06T06:45:00+05:30,Kalutara_Western,24.5,96.47222595361444,114.0,0.27,79.06243420382108
2026-10-06T07:00:00+05:30,Kalutara_Western,24.8,97.00548947398136,179.0,0.39,75.36261447655073
2026-10-06T07:15:00+05:30,Kalutara_Western,25.1,97.57956293101495,245.0,0.53,71.66721108222902
2026-10-06T07:30:00+05:30,Kalutara_Western,25.4,98.20175370959504,308.0,0.65,67.97696702359565
2026-10-06T07:45:00+05:30,Kalutara_Western,25.7,98.88092298971856,366.0,0.78,64.29279309259151
2026-10-06T08:00:00+05:30,Kalutara_Western,26.0,99.62795615203714,423.0,0.98,60.615817175529465
2026-10-06T08:15:00+05:30,Kalutara_Western,26.4,100.45640378495864,479.0,1.12,56.94745399558338
2026-10-06T08:30:00+05:30,Kalutara_Western,26.7,101.3833707013415,532.0,1.26,53.289502600880446
2026-10-06T08:45:00+05:30,Kalutara_Western,27.1,102.43077168795935,580.0,1.41,49.64428383558362
2026-10-06T09:00:00+05:30,Kalutara_Western,27.4,103.62713827472157,625.0,1.57,46.01484260595482
2026-10-06T09:15:00+05:30,Kalutara_Western,27.7,105.01027170529198,667.0,1.71,42.40524920559298
2026-10-06T09:30:00+05:30,Kalutara_Western,28.0,106.63122256587633,706.0,1.86,38.821058352530535
2026-10-06T09:45:00+05:30,Kalutara_Western,28.3,108.56039063663661,740.0,1.95,35.27003283552155
2026-10-06T10:00:00+05:30,Kalutara_Western,28.6,110.89707627972331,770.0,2.1,31.763315642584132
2026-10-06T10:15:00+05:30,Kalutara_Western,28.8,113.78470927553712,796.0,2.2,28.317389199026202
2026-10-06T10:30:00+05:30,Kalutara_Western,29.0,117.43533342689864,820.0,2.25,24.95746299354424
2026-10-06T10:45:00+05:30,Kalutara_Western,29.2,122.16831789937584,839.0,2.29,21.723494280907772
2026-10-06T11:00:00+05:30,Kalutara_Western,29.3,128.46637355979783,849.0,2.34,18.68102799635234
2026-10-06T11:15:00+05:30,Kalutara_Western,29.4,137.03121204128536,847.0,2.33,15.940112472887094
2026-10-06T11:30:00+05:30,Kalutara_Western,29.5,148.72890561232254,830.0,2.33,13.683188257115916
2026-10-06T11:45:00+05:30,Kalutara_Western,29.5,164.08381107650416,804.0,2.28,12.182295934301365
2026-10-06T12:00:00+05:30,Kalutara_Western,29.5,182.05785602406732,779.0,2.22,11.731296058751326
2026-10-06T12:15:00+05:30,Kalutara_Western,29.4,199.64209394070775,761.0,2.07,12.444857488518196
2026-10-06T12:30:00+05:30,Kalutara_Western,29.3,214.1655582495577,749.0,1.96,14.147849250892065
2026-10-06T12:45:00+05:30,Kalutara_Western,29.2,225.06611784044975,739.0,1.81,16.537365631911527
2026-10-06T13:00:00+05:30,Kalutara_Western,29.0,233.03337823709668,726.0,1.65,19.360849345125885
2026-10-06T13:15:00+05:30,Kalutara_Western,28.9,238.91591069438346,708.0,1.45,22.455180633203526
2026-10-06T13:30:00+05:30,Kalutara_Western,28.7,243.36238037898144,687.0,1.25,25.722785882013582
2026-10-06T13:45:00+05:30,Kalutara_Western,28.5,246.81215259494536,663.0,1.07,29.105349484635276
2026-10-06T14:00:00+05:30,Kalutara_Western,28.3,249.5554749245784,637.0,0.9,32.56705614418819
2026-10-06T14:15:00+05:30,Kalutara_Western,28.0,251.7857256164479,608.0,0.69,36.08512105665205
2026-10-06T14:30:00+05:30,Kalutara_Western,27.8,253.63438142405624,577.0,0.6,39.64452754392328
2026-10-06T14:45:00+05:30,Kalutara_Western,27.5,255.1929662342663,544.0,0.57,43.23505053483978
2026-10-06T15:00:00+05:30,Kalutara_Western,27.3,256.5267084438075,508.0,0.61,46.84952034711295
2026-10-06T15:15:00+05:30,Kalutara_Western,27.0,257.6831383859959,470.0,0.76,50.4827768774481
2026-10-06T15:30:00+05:30,Kalutara_Western,26.7,258.69760531010303,432.0,0.93,54.131020756858234
2026-10-06T15:45:00+05:30,Kalutara_Western,26.5,259.59689397893015,391.0,1.1,57.791396777156166
2026-10-06T16:00:00+05:30,Kalutara_Western,26.2,260.4016478628613,348.0,1.35,61.46171963076346
2026-10-06T16:15:00+05:30,Kalutara_Western,26.0,261.1280273231074,304.0,1.49,65.14029027943826
2026-10-06T16:30:00+05:30,Kalutara_Western,25.8,261.78886644330737,260.0,1.68,68.82576815967388
2026-10-06T16:45:00+05:30,Kalutara_Western,25.6,262.3944954634191,214.0,1.83,72.51708110549383
2026-10-06T17:00:00+05:30,Kalutara_Western,25.4,262.9533360131239,167.0,1.96,76.21336212883965
2026-10-06T17:15:00+05:30,Kalutara_Western,25.3,263.47233876568043,119.0,2.04,79.91390213163749
2026-10-06T17:30:00+05:30,Kalutara_Western,25.1,263.9573106931627,72.0,2.13,83.6181147663553
2026-10-06T17:45:00+05:30,Kalutara_Western,25.0,264.41316400460505,33.0,2.17,87.3255114256238
2026-10-06T18:00:00+05:30,Kalutara_Western,24.9,264.8441085154337,6.0,2.24,91.03568095784192
2026-10-06T18:15:00+05:30,Kalutara_Western,24.8,265.25380340728026,0.0,2.21,94.74827392219925
2026-10-06T18:30:00+05:30,Kalutara_Western,24.7,265.64547996080506,0.0,2.24,98.4629916886206
2026-10-06T18:45:00+05:30,Kalutara_Western,24.6,266.02204353040446,0.0,2.27,102.1795765428252
2026-10-06T19:00:00+05:30,Kalutara_Western,24.6,266.3861617632403,0.0,2.23,105.89780366248242
2026-10-06T19:15:00+05:30,Kalutara_Western,24.5,266.74034498207646,0.0,2.2,109.61747599226831
2026-10-06T19:30:00+05:30,Kalutara_Western,24.4,267.0870238598226,0.0,2.17,113.33841867494736
2026-10-06T19:45:00+05:30,Kalutara_Western,24.4,267.4286302924578,0.0,2.15,117.06047423599455
2026-10-06T20:00:00+05:30,Kalutara_Western,24.3,267.76768849096885,0.0,2.08,120.78349978232293
2026-10-06T20:15:00+05:30,Kalutara_Western,24.3,268.10692523058606,0.0,2.06,124.50736298774646
2026-10-06T20:30:00+05:30,Kalutara_Western,24.2,268.4494128219741,0.0,2.0,128.23193811568612
2026-10-06T20:45:00+05:30,Kalutara_Western,24.2,268.7987657967535,0.0,1.95,131.9571032737121
2026-10-06T21:00:00+05:30,Kalutara_Western,24.1,269.159425186863,0.0,1.9,135.68273547125074
2026-10-06T21:15:00+05:30,Kalutara_Western,24.1,269.5370891270426,0.0,1.86,139.4087042899602
2026-10-06T21:30:00+05:30,Kalutara_Western,24.1,269.93939535213667,0.0,1.82,143.13486448798574
2026-10-06T21:45:00+05:30,Kalutara_Western,24.0,270.377054972461,0.0,1.8,146.86104232723503
2026-10-06T22:00:00+05:30,Kalutara_Western,24.0,270.8658389077994,0.0,1.77,150.58701273574735
2026-10-06T22:15:00+05:30,Kalutara_Western,24.0,271.43028255093054,0.0,1.79,154.31245935423698
2026-10-06T22:30:00+05:30,Kalutara_Western,23.9,272.11114372463254,0.0,1.77,158.03689225782364
2026-10-06T22:45:00+05:30,Kalutara_Western,23.9,272.98195855176124,0.0,1.75,161.75946648575137
2026-10-06T23:00:00+05:30,Kalutara_Western,23.9,274.19092738043656,0.0,1.74,165.4785252690258
2026-10-06T23:15:00+05:30,Kalutara_Western,23.8,276.0885734362163,0.0,1.74,169.19020115315465
2026-10-06T23:30:00+05:30,Kalutara_Western,23.8,279.7490676921233,0.0,1.72,172.88266787470695
2026-10-06T23:45:00+05:30,Kalutara_Western,23.7,290.6697742848391,0.0,1.68,176.49433726594594
2026-10-07T00:00:00+05:30,Kalutara_Western,23.6,20.08491306935673,0.0,1.68,178.67611320235324
2026-10-07T00:15:00+05:30,Kalutara_Western,23.6,73.72471512478705,0.0,1.64,175.63590533081765
2026-10-07T00:30:00+05:30,Kalutara_Western,23.5,81.55521293656915,0.0,1.61,171.98961746749188
2026-10-07T00:45:00+05:30,Kalutara_Western,23.4,84.59411412035809,0.0,1.59,168.29048530662035
2026-10-07T01:00:00+05:30,Kalutara_Western,23.3,86.27097817038839,0.0,1.52,164.57661338652804
2026-10-07T01:15:00+05:30,Kalutara_Western,23.2,87.37786121310239,0.0,1.45,160.85671793567224
2026-10-07T01:30:00+05:30,Kalutara_Western,23.1,88.19390617869516,0.0,1.43,157.13388648778744
2026-10-07T01:45:00+05:30,Kalutara_Western,23.0,88.84260467860929,0.0,1.41,153.40950842847707
2026-10-07T02:00:00+05:30,Kalutara_Western,22.9,89.38712366000163,0.0,1.35,149.68431737359558
2026-10-07T02:15:00+05:30,Kalutara_Western,22.9,89.86326060381322,0.0,1.31,145.95875179608885
2026-10-07T02:30:00+05:30,Kalutara_Western,22.8,90.29294322667067,0.0,1.25,142.23310318017315
2026-10-07T02:45:00+05:30,Kalutara_Western,22.7,90.6904723536108,0.0,1.19,138.5075836026446
2026-10-07T03:00:00+05:30,Kalutara_Western,22.6,91.06568614684437,0.0,1.17,134.78236135991745
2026-10-07T03:15:00+05:30,Kalutara_Western,22.6,91.42568475780627,0.0,1.1,131.05758102875336
2026-10-07T03:30:00+05:30,Kalutara_Western,22.5,91.77582841410413,0.0,1.05,127.33337424245441
2026-10-07T03:45:00+05:30,Kalutara_Western,22.5,92.12034535155277,0.0,1.0,123.60986788296447
2026-10-07T04:00:00+05:30,Kalutara_Western,22.5,92.4627198841431,0.0,1.0,119.88719006829183
2026-10-07T04:15:00+05:30,Kalutara_Western,22.5,92.80595175357223,0.0,0.96,116.16547347371244
2026-10-07T04:30:00+05:30,Kalutara_Western,22.5,93.15273768097381,0.0,0.91,112.44485959381333
2026-10-07T04:45:00+05:30,Kalutara_Western,22.6,93.50560544138528,0.0,0.87,108.72550284345849
2026-10-07T05:00:00+05:30,Kalutara_Western,22.6,93.86701926961172,0.0,0.82,105.00757329240207
2026-10-07T05:15:00+05:30,Kalutara_Western,22.7,94.23946851979747,0.0,0.79,101.29126127658598
2026-10-07T05:30:00+05:30,Kalutara_Western,22.9,94.62554825949007,0.0,0.74,97.57678262140423
2026-10-07T05:45:00+05:30,Kalutara_Western,23.1,95.02803852439763,0.0,0.7,93.86438325757544
2026-10-07T06:00:00+05:30,Kalutara_Western,23.3,95.44998759802519,0.0,0.59,90.15434653034428
2026-10-07T06:15:00+05:30,Kalutara_Western,23.5,95.89480498143053,17.0,0.54,86.44700211326986
2026-10-07T06:30:00+05:30,Kalutara_Western,23.8,96.36637031142459,60.0,0.43,82.74273555711602
2026-10-07T06:45:00+05:30,Kalutara_Western,24.1,96.8691651886108,117.0,0.32,79.04200218073444
2026-10-07T07:00:00+05:30,Kalutara_Western,24.5,97.40843741864046,184.0,0.21,75.34534477726912
2026-10-07T07:15:00+05:30,Kalutara_Western,24.9,97.99041043672958,252.0,0.05,71.65341501820552
2026-10-07T07:30:00+05:30,Kalutara_Western,25.3,98.62255484893763,316.0,0.07,67.96700345856027
2026-10-07T07:45:00+05:30,Kalutara_Western,25.7,99.31394677837642,376.0,0.18,64.28707944282812
2026-10-07T08:00:00+05:30,Kalutara_Western,26.1,100.07574874131609,433.0,0.36,60.61484350815577
2026-10-07T08:15:00+05:30,Kalutara_Western,26.5,100.92186468247007,490.0,0.47,56.951801346528114
2026-10-07T08:30:00+05:30,Kalutara_Western,27.0,101.86984749259926,543.0,0.61,53.29986710778388
2026-10-07T08:45:00+05:30,Kalutara_Western,27.4,102.94217875045462,592.0,0.75,49.66150899251991
2026-10-07T09:00:00+05:30,Kalutara_Western,27.8,104.1681057388385,637.0,0.86,46.039963015401426
2026-09-30T09:15:00+05:30,Moneragala_Uva,31.2,102.3077954146126,693.0,0.62,41.003785412990645
2026-09-30T09:30:00+05:30,Moneragala_Uva,31.6,103.79489297260852,742.0,0.61,37.376760862733846
2026-09-30T09:45:00+05:30,Moneragala_Uva,32.1,105.57072614174967,788.0,0.61,33.775136033513284
2026-09-30T10:00:00+05:30,Moneragala_Uva,32.5,107.73619507205694,828.0,0.56,30.208038767727857
2026-09-30T10:15:00+05:30,Moneragala_Uva,33.0,110.44203453626164,862.0,0.52,26.689356806192173
2026-09-30T10:30:00+05:30,Moneragala_Uva,33.4,113.92123846367735,889.0,0.47,23.241130168421023
2026-09-30T10:45:00+05:30,Moneragala_Uva,33.7,118.54643931393969,909.0,0.38,19.90005706882812
2026-09-30T11:00:00+05:30,Moneragala_Uva,34.0,124.92917652891236,926.0,0.32,16.73049497146218
2026-09-30T11:15:00+05:30,Moneragala_Uva,34.3,134.0652318307,939.0,0.25,13.850730158818266
2026-09-30T11:30:00+05:30,Moneragala_Uva,34.5,147.38533826750336,953.0,0.15,11.480977699151865
2026-09-30T11:45:00+05:30,Moneragala_Uva,34.7,165.96061467279424,961.0,0.22,9.991014178539558
2026-09-30T12:00:00+05:30,Moneragala_Uva,34.8,187.87024316152795,959.0,0.45,9.791096780311847
2026-09-30T12:15:00+05:30,Moneragala_Uva,34.9,207.78331745211517,947.0,0.67,10.952102889642916
2026-09-30T12:30:00+05:30,Moneragala_Uva,35.0,222.54381000628996,933.0,0.83,13.117513174133038
2026-09-30T12:45:00+05:30,Moneragala_Uva,35.3,232.70189569459484,906.0,0.96,15.881655361067672
2026-09-30T13:00:00+05:30,Moneragala_Uva,35.6,239.7394704745801,852.0,1.11,18.98476778977799
2026-09-30T13:15:00+05:30,Moneragala_Uva,35.7,244.78401350740987,754.0,1.3,22.285681354587226
2026-09-30T13:30:00+05:30,Moneragala_Uva,35.1,248.53965074940032,595.0,1.54,25.708295226863427
2026-09-30T13:45:00+05:30,Moneragala_Uva,33.6,251.4340984843036,425.0,1.85,29.20983727124915
2026-09-30T14:00:00+05:30,Moneragala_Uva,31.3,253.73246248859346,298.0,2.31,32.76498795753668
2026-09-30T14:15:00+05:30,Moneragala_Uva,29.0,255.60457180842644,255.0,2.65,36.35799898096992
2026-09-30T14:30:00+05:30,Moneragala_Uva,27.4,257.1630376929177,284.0,2.65,39.97863609525004
2026-09-30T14:45:00+05:30,Moneragala_Uva,26.9,258.4849858367653,339.0,2.1,43.61999199016497
2026-09-30T15:00:00+05:30,Moneragala_Uva,26.9,259.6248060809813,379.0,1.45,47.277249548206875
2026-09-30T15:15:00+05:30,Moneragala_Uva,27.1,260.6218718491264,380.0,1.47,50.9469523819934
2026-09-30T15:30:00+05:30,Moneragala_Uva,27.3,261.5053627147841,361.0,2.01,54.62655919979717
2026-09-30T15:45:00+05:30,Moneragala_Uva,27.2,262.2973666588215,331.0,2.43,58.314160217105304
2026-09-30T16:00:00+05:30,Moneragala_Uva,27.2,263.01493101401513,293.0,2.75,62.0082917083255
2026-09-30T16:15:00+05:30,Moneragala_Uva,27.1,263.6714530021149,249.0,2.84,65.70781285798978
2026-09-30T16:30:00+05:30,Moneragala_Uva,27.0,264.2776442023603,199.0,2.73,69.4118199087238
2026-09-30T16:45:00+05:30,Moneragala_Uva,26.8,264.84221449692956,150.0,2.22,73.11958566255984
2026-09-30T17:00:00+05:30,Moneragala_Uva,26.6,265.3723676833446,107.0,1.35,76.83051743276062
2026-09-30T17:15:00+05:30,Moneragala_Uva,26.3,265.87416803591066,73.0,0.56,80.54412507193348
2026-09-30T17:30:00+05:30,Moneragala_Uva,26.1,266.35281787122227,44.0,0.21,84.25999701819855
2026-09-30T17:45:00+05:30,Moneragala_Uva,25.9,266.81287345165174,20.0,0.29,87.97778346810962
2026-09-30T18:00:00+05:30,Moneragala_Uva,25.8,267.258417951278,3.0,0.21,91.69718205100746
2026-09-30T18:15:00+05:30,Moneragala_Uva,25.6,267.6932056987345,0.0,0.14,95.41792632516143
2026-09-30T18:30:00+05:30,Moneragala_Uva,25.5,268.1207886712643,0.0,0.18,99.13977775097005
2026-09-30T18:45:00+05:30,Moneragala_Uva,25.4,268.5446339043609,0.0,0.36,102.86251749479652
2026-09-30T19:00:00+05:30,Moneragala_Uva,25.3,268.9682403359126,0.0,0.65,106.58593902771298
2026-09-30T19:15:00+05:30,Moneragala_Uva,25.2,269.39526392049027,0.0,0.95,110.30984254190447
2026-09-30T19:30:00+05:30,Moneragala_Uva,25.1,269.82966083613167,0.0,1.1,114.03402770996865
2026-09-30T19:45:00+05:30,Moneragala_Uva,25.0,270.2758621096956,0.0,1.02,117.75828573432537
2026-09-30T20:00:00+05:30,Moneragala_Uva,24.9,270.7389982355391,0.0,0.83,121.48239149201738
2026-09-30T20:15:00+05:30,Moneragala_Uva,24.9,271.2252006514581,0.0,0.85,125.20609178583692
2026-09-30T20:30:00+05:30,Moneragala_Uva,24.8,271.74202229742076,0.0,1.02,128.92908973165302
2026-09-30T20:45:00+05:30,Moneragala_Uva,24.8,272.2990450364733,0.0,1.15,132.65102444063265
2026-09-30T21:00:00+05:30,Moneragala_Uva,24.9,272.9087861493822,0.0,1.3,136.37143913013978
2026-09-30T21:15:00+05:30,Moneragala_Uva,24.9,273.58809907130956,0.0,1.4,140.08973246985096
2026-09-30T21:30:00+05:30,Moneragala_Uva,24.9,274.3604211072136,0.0,1.41,143.80508255021354
2026-09-30T21:45:00+05:30,Moneragala_Uva,24.8,275.25953633789084,0.0,1.27,147.51631743323645
2026-09-30T22:00:00+05:30,Moneragala_Uva,24.7,276.33619653071923,0.0,1.1,151.22168730843603
2026-09-30T22:15:00+05:30,Moneragala_Uva,24.7,277.6704844035183,0.0,0.96,154.91843921801126
2026-09-30T22:30:00+05:30,Moneragala_Uva,24.6,279.39663932193605,0.0,0.93,158.6019548194185
2026-09-30T22:45:00+05:30,Moneragala_Uva,24.5,281.7576643193501,0.0,0.93,162.26383397526746
2026-09-30T23:00:00+05:30,Moneragala_Uva,24.5,285.2403291650335,0.0,0.99,165.88707255624948
2026-09-30T23:15:00+05:30,Moneragala_Uva,24.4,290.9636384062135,0.0,0.99,169.43169629897525
2026-09-30T23:30:00+05:30,Moneragala_Uva,24.4,302.0237503351788,0.0,1.04,172.78079544268414
2026-09-30T23:45:00+05:30,Moneragala_Uva,24.3,328.3664660982287,0.0,1.05,175.4767519447854
2026-10-01T00:00:00+05:30,Moneragala_Uva,24.2,19.664684996221126,0.0,1.12,175.9112140630913
2026-10-01T00:15:00+05:30,Moneragala_Uva,24.2,53.256158827111165,0.0,1.12,173.60533215333345
2026-10-01T00:30:00+05:30,Moneragala_Uva,24.1,66.94138160040268,0.0,1.11,170.3574185208197
2026-10-01T00:45:00+05:30,Moneragala_Uva,24.1,73.64389117314249,0.0,1.09,166.84785699097284
2026-10-01T01:00:00+05:30,Moneragala_Uva,24.0,77.57432945337041,0.0,1.03,163.24031025167739
2026-10-01T01:15:00+05:30,Moneragala_Uva,24.0,80.17342325986732,0.0,0.97,159.58675943441733
2026-10-01T01:30:00+05:30,Moneragala_Uva,24.0,82.04035715147671,0.0,0.91,155.90822885061652
2026-10-01T01:45:00+05:30,Moneragala_Uva,23.9,83.46462385655678,0.0,0.9,152.21474776919064
2026-10-01T02:00:00+05:30,Moneragala_Uva,23.9,84.60230408968579,0.0,0.85,148.51169160571982
2026-10-01T02:15:00+05:30,Moneragala_Uva,23.9,85.54478729090283,0.0,0.86,144.8022029825106
2026-10-01T02:30:00+05:30,Moneragala_Uva,23.8,86.34913809678858,0.0,0.89,141.08824883581198
2026-10-01T02:45:00+05:30,Moneragala_Uva,23.8,87.05288457857961,0.0,0.92,137.37113009387627
2026-10-01T03:00:00+05:30,Moneragala_Uva,23.8,87.68179660338842,0.0,0.99,133.65174953505823
2026-10-01T03:15:00+05:30,Moneragala_Uva,23.8,88.25424155160044,0.0,1.04,129.93076163526928
2026-10-01T03:30:00+05:30,Moneragala_Uva,23.8,88.78375387446931,0.0,1.0,126.20865964593226
2026-10-01T03:45:00+05:30,Moneragala_Uva,23.9,89.28061930379698,0.0,0.89,122.48583054519608
2026-10-01T04:00:00+05:30,Moneragala_Uva,23.9,89.7528903692575,0.0,0.75,118.76259066898176
2026-10-01T04:15:00+05:30,Moneragala_Uva,23.9,90.20706093099147,0.0,0.51,115.03920835348504
2026-10-01T04:30:00+05:30,Moneragala_Uva,23.9,90.64852930119457,0.0,0.25,111.3159210377389
2026-10-01T04:45:00+05:30,Moneragala_Uva,23.7,91.08192739202718,0.0,0.6,107.59294800175745
2026-10-01T05:00:00+05:30,Moneragala_Uva,23.4,91.5113636687962,0.0,1.38,103.8704989079344
2026-10-01T05:15:00+05:30,Moneragala_Uva,23.1,91.94061005238188,0.0,2.08,100.14878223808857
2026-10-01T05:30:00+05:30,Moneragala_Uva,22.9,92.37325332951804,0.0,2.39,96.42801289751692
2026-10-01T05:45:00+05:30,Moneragala_Uva,22.9,92.81282559998175,0.0,2.13,92.70841808227968
2026-10-01T06:00:00+05:30,Moneragala_Uva,22.9,93.26292429004195,0.0,1.46,88.99024490427747
2026-10-01T06:15:00+05:30,Moneragala_Uva,23.0,93.72733094660242,11.0,0.78,85.27376877700347
2026-10-01T06:30:00+05:30,Moneragala_Uva,23.2,94.21013745625874,33.0,0.52,81.55930159928279
2026-10-01T06:45:00+05:30,Moneragala_Uva,23.4,94.71588824277399,68.0,0.46,77.84720338224274
2026-10-01T07:00:00+05:30,Moneragala_Uva,23.7,95.24974905800502,113.0,0.25,74.1378966615252
2026-10-01T07:15:00+05:30,Moneragala_Uva,24.1,95.81771589414694,163.0,0.11,70.43188334230746
2026-10-01T07:30:00+05:30,Moneragala_Uva,24.6,96.42688156989976,218.0,0.05,66.72976856680751
2026-10-01T07:45:00+05:30,Moneragala_Uva,25.1,97.08578541545876,278.0,0.21,63.032292406142844
2026-10-01T08:00:00+05:30,Moneragala_Uva,25.7,97.80488298473517,342.0,0.43,59.340371302445824
2026-10-01T08:15:00+05:30,Moneragala_Uva,26.3,98.59718990704715,407.0,0.72,55.65515737107311
2026-10-01T08:30:00+05:30,Moneragala_Uva,27.0,99.47918336365467,473.0,0.94,51.978122006462385
2026-10-01T08:45:00+05:30,Moneragala_Uva,27.6,100.4720917273641,539.0,1.04,48.31117487807453
2026-10-01T09:00:00+05:30,Moneragala_Uva,28.3,101.60378014201382,603.0,1.06,44.65684170984778
2026-10-01T09:15:00+05:30,Moneragala_Uva,28.9,102.91157456287982,663.0,1.1,41.01853353902718
2026-10-01T09:30:00+05:30,Moneragala_Uva,29.5,104.44660229595445,720.0,1.17,37.400965079602116
2026-10-01T09:45:00+05:30,Moneragala_Uva,30.0,106.28064905011638,770.0,1.29,33.81083086465048
2026-10-01T10:00:00+05:30,Moneragala_Uva,30.4,108.51731239452425,811.0,1.54,30.257934237844957
2026-10-01T10:15:00+05:30,Moneragala_Uva,30.8,111.3106788575763,838.0,1.77,26.75714803353093
2026-10-01T10:30:00+05:30,Moneragala_Uva,31.2,114.89737911557137,842.0,1.95,23.331975000267363
2026-10-01T10:45:00+05:30,Moneragala_Uva,31.4,119.65210929674504,836.0,2.0,20.02129429756077
2026-10-01T11:00:00+05:30,Moneragala_Uva,31.6,126.1800518720039,833.0,2.01,16.892589823311255
2026-10-01T11:15:00+05:30,Moneragala_Uva,31.7,135.44025453572584,848.0,1.98,14.067837244891166
2026-10-01T11:30:00+05:30,Moneragala_Uva,31.9,148.74234138748625,881.0,1.92,11.76801879844973
2026-10-01T11:45:00+05:30,Moneragala_Uva,32.3,166.92211006838068,919.0,1.83,10.349237066326708
2026-10-01T12:00:00+05:30,Moneragala_Uva,32.7,188.02866653056384,949.0,1.75,10.186540883605474
2026-10-01T12:15:00+05:30,Moneragala_Uva,33.0,207.23655356596146,960.0,1.76,11.334153109453979
2026-10-01T12:30:00+05:30,Moneragala_Uva,32.9,221.68319039748167,967.0,1.92,13.461009372424272
2026-10-01T12:45:00+05:30,Moneragala_Uva,32.0,231.78054750903277,960.0,2.46,16.185564067687977
2026-10-01T13:00:00+05:30,Moneragala_Uva,30.7,238.85630199756426,924.0,3.3,19.25574117769584
2026-10-01T13:15:00+05:30,Moneragala_Uva,29.3,243.96664922142142,842.0,3.95,22.530673147169836
2026-10-01T13:30:00+05:30,Moneragala_Uva,28.2,247.78984204472687,700.0,4.05,25.932883960002258
2026-10-01T13:45:00+05:30,Moneragala_Uva,27.5,250.7454906462176,544.0,3.26,29.418226119738698
2026-10-01T14:00:00+05:30,Moneragala_Uva,27.0,253.0969235009672,422.0,1.91,32.960316096395026
2026-10-01T14:15:00+05:30,Moneragala_Uva,26.7,255.01430472253605,373.0,0.41,36.54263247005976
2026-10-01T14:30:00+05:30,Moneragala_Uva,26.3,256.6111791112553,386.0,0.7,40.15438548906457
2026-10-01T14:45:00+05:30,Moneragala_Uva,26.0,257.9656742759457,419.0,1.3,43.78826603655083
2026-10-01T15:00:00+05:30,Moneragala_Uva,25.7,259.1330795015354,436.0,1.7,47.43916255131511
2026-10-01T15:15:00+05:30,Moneragala_Uva,25.5,260.15352490080056,412.0,1.91,51.10339963965395
2026-10-01T15:30:00+05:30,Moneragala_Uva,25.4,261.0568090290661,359.0,2.01,54.77827067963681
2026-10-01T15:45:00+05:30,Moneragala_Uva,25.5,261.86551956908147,301.0,1.96,58.46173934407166
2026-10-01T16:00:00+05:30,Moneragala_Uva,25.6,262.5971043994101,252.0,1.8,62.15224384151452
2026-10-01T16:15:00+05:30,Moneragala_Uva,25.8,263.26528003700986,221.0,1.5,65.84856654334605
2026-10-01T16:30:00+05:30,Moneragala_Uva,25.9,263.881010807449,202.0,1.25,69.54974299857591
2026-10-01T16:45:00+05:30,Moneragala_Uva,26.0,264.45320438841054,182.0,0.98,73.25499774362699
2026-10-01T17:00:00+05:30,Moneragala_Uva,26.0,264.98921632448025,154.0,0.79,76.96369956753708
2026-10-01T17:15:00+05:30,Moneragala_Uva,25.9,265.49522323075803,115.0,0.78,80.67532757793465
2026-10-01T17:30:00+05:30,Moneragala_Uva,25.8,265.97650512070663,71.0,0.81,84.3894457990214
2026-10-01T17:45:00+05:30,Moneragala_Uva,25.6,266.43766447804484,32.0,0.81,88.10568529271315
2026-10-01T18:00:00+05:30,Moneragala_Uva,25.4,266.88280097805136,4.0,0.72,91.82372906927628
2026-10-01T18:15:00+05:30,Moneragala_Uva,25.1,267.3156561709076,0.0,0.65,95.54330006305696
2026-10-01T18:30:00+05:30,Moneragala_Uva,24.9,267.7397390958425,0.0,0.61,99.2641527804343
2026-10-01T18:45:00+05:30,Moneragala_Uva,24.8,268.15844138554326,0.0,0.64,102.98606495796477
2026-10-01T19:00:00+05:30,Moneragala_Uva,24.8,268.5751501524627,0.0,0.71,106.70883018980385
2026-10-01T19:15:00+05:30,Moneragala_Uva,24.8,268.99336710129853,0.0,0.76,110.43225256001081
2026-10-01T19:30:00+05:30,Moneragala_Uva,24.7,269.41684308511856,0.0,0.81,114.15613983399643
2026-10-01T19:45:00+05:30,Moneragala_Uva,24.7,269.8497405023078,0.0,0.81,117.88029622316402
2026-10-01T20:00:00+05:30,Moneragala_Uva,24.6,270.2968406835382,0.0,0.75,121.60451560595342
2026-10-01T20:15:00+05:30,Moneragala_Uva,24.5,270.7638209645395,0.0,0.71,125.32857138439972
2026-10-01T20:30:00+05:30,Moneragala_Uva,24.4,271.25764026242877,0.0,0.67,129.05220323884674
2026-10-01T20:45:00+05:30,Moneragala_Uva,24.3,271.7870954896659,0.0,0.64,132.77510034031712
2026-10-01T21:00:00+05:30,Moneragala_Uva,24.2,272.36365213152357,0.0,0.63,136.49687481762447
2026-10-01T21:15:00+05:30,Moneragala_Uva,24.1,273.0027291488801,0.0,0.65,140.21702143019212
2026-10-01T21:30:00+05:30,Moneragala_Uva,24.1,273.7257648002451,0.0,0.63,143.93485489828794
2026-10-01T21:45:00+05:30,Moneragala_Uva,24.0,274.5636844813836,0.0,0.59,147.64940270432157
2026-10-01T22:00:00+05:30,Moneragala_Uva,24.0,275.56302508774513,0.0,0.6,151.35921602267283
2026-10-01T22:15:00+05:30,Moneragala_Uva,24.0,276.79742872423424,0.0,0.58,155.06201580960416
2026-10-01T22:30:00+05:30,Moneragala_Uva,23.9,278.39088493843,0.0,0.57,158.7539708431979
2026-10-01T22:45:00+05:30,Moneragala_Uva,23.9,280.5693830499856,0.0,0.64,162.4280800102839
2026-10-01T23:00:00+05:30,Moneragala_Uva,23.8,283.7906908545161,0.0,0.78,166.0700497267614
2026-10-01T23:15:00+05:30,Moneragala_Uva,23.7,289.12849245951384,0.0,0.9,169.64573880040075
2026-10-01T23:30:00+05:30,Moneragala_Uva,23.7,299.6822511806574,0.0,0.97,173.05186807568793
2026-10-01T23:45:00+05:30,Moneragala_Uva,23.6,326.5286413870639,0.0,0.96,175.84759229678673
2026-10-02T00:00:00+05:30,Moneragala_Uva,23.6,22.81000386493264,0.0,0.92,176.24378309991982
2026-10-02T00:15:00+05:30,Moneragala_Uva,23.5,56.5515586118687,0.0,0.87,173.76492207671018
2026-10-02T00:30:00+05:30,Moneragala_Uva,23.5,69.2718945710397,0.0,0.81,170.4322279201008
2026-10-02T00:45:00+05:30,Moneragala_Uva,23.5,75.38015061772052,0.0,0.73,166.88111744043283
2026-10-02T01:00:00+05:30,Moneragala_Uva,23.4,78.94745209918898,0.0,0.67,163.25003408465335
2026-10-02T01:15:00+05:30,Moneragala_Uva,23.4,81.30840543466059,0.0,0.55,159.58170470415075
2026-10-02T01:30:00+05:30,Moneragala_Uva,23.4,83.00934165859906,0.0,0.45,155.89323846628315
2026-10-02T01:45:00+05:30,Moneragala_Uva,23.4,84.31234963320196,0.0,0.36,152.19276573391974
2026-10-02T02:00:00+05:30,Moneragala_Uva,23.4,85.35823932104302,0.0,0.29,148.48463956895034
2026-10-02T02:15:00+05:30,Moneragala_Uva,23.3,86.22931581467361,0.0,0.32,144.77140684384946
2026-10-02T02:30:00+05:30,Moneragala_Uva,23.3,86.97693676028109,0.0,0.38,141.0546655240634
2026-10-02T02:45:00+05:30,Moneragala_Uva,23.3,87.63488048435204,0.0,0.47,137.335476876359
2026-10-02T03:00:00+05:30,Moneragala_Uva,23.3,88.22636044017725,0.0,0.65,133.61458207603638
2026-10-02T03:15:00+05:30,Moneragala_Uva,23.3,88.76794725693009,0.0,0.76,129.89252341343365
2026-10-02T03:30:00+05:30,Moneragala_Uva,23.3,89.27188049711577,0.0,0.83,126.16971454008002
2026-10-02T03:45:00+05:30,Moneragala_Uva,23.3,89.74749348408938,0.0,0.85,122.44648511283714
2026-10-02T04:00:00+05:30,Moneragala_Uva,23.2,90.20212690661066,0.0,0.79,118.72310990187859
2026-10-02T04:15:00+05:30,Moneragala_Uva,23.2,90.64173629618801,0.0,0.71,114.99982718104019
2026-10-02T04:30:00+05:30,Moneragala_Uva,23.2,91.07130997502378,0.0,0.67,111.27685301133904
2026-10-02T04:45:00+05:30,Moneragala_Uva,23.1,91.49516717944175,0.0,0.57,107.55439208669183
2026-10-02T05:00:00+05:30,Moneragala_Uva,23.0,91.91717940990935,0.0,0.51,103.83264500729871
2026-10-02T05:15:00+05:30,Moneragala_Uva,23.0,92.34094219721408,0.0,0.46,100.11181588943626
2026-10-02T05:30:00+05:30,Moneragala_Uva,22.9,92.76991594465812,0.0,0.4,96.39211946099327
2026-10-02T05:45:00+05:30,Moneragala_Uva,22.9,93.20754915456297,0.0,0.35,92.67378667662256
2026-10-02T06:00:00+05:30,Moneragala_Uva,22.9,93.65739379027707,1.0,0.25,88.95707230766294
2026-10-02T06:15:00+05:30,Moneragala_Uva,22.9,94.12322150082508,24.0,0.21,85.24226348778501
2026-10-02T06:30:00+05:30,Moneragala_Uva,23.2,94.60914908512797,60.0,0.14,81.52968826584335
2026-10-02T06:45:00+05:30,Moneragala_Uva,23.6,95.1197816545507,104.0,0.15,77.81972782370892
2026-10-02T07:00:00+05:30,Moneragala_Uva,24.2,95.66038416273545,156.0,0.22,74.11283175526387
2026-10-02T07:15:00+05:30,Moneragala_Uva,24.9,96.23709504711326,212.0,0.32,70.40953612339968
2026-10-02T07:30:00+05:30,Moneragala_Uva,25.6,96.85719992220203,272.0,0.32,66.71048898467346
2026-10-02T07:45:00+05:30,Moneragala_Uva,26.2,97.52949135939105,336.0,0.22,63.016484361175486
2026-10-02T08:00:00+05:30,Moneragala_Uva,26.8,98.26475259442407,401.0,0.11,59.32850681077317
2026-10-02T08:15:00+05:30,Moneragala_Uva,27.4,99.07642056119658,465.0,0.25,55.64779507284384
2026-10-02T08:30:00+05:30,Moneragala_Uva,27.9,99.98151355859318,526.0,0.43,51.97593177631684
2026-10-02T08:45:00+05:30,Moneragala_Uva,28.5,101.00195658223566,585.0,0.49,48.31497114159204
2026-10-02T09:00:00+05:30,Moneragala_Uva,29.0,102.16651529149567,639.0,0.54,44.66762938615695
2026-10-02T09:15:00+05:30,Moneragala_Uva,29.5,103.51368475863615,689.0,0.56,41.03757263807083
2026-10-02T09:30:00+05:30,Moneragala_Uva,30.0,105.09611351447711,731.0,0.58,37.429863375245425
2026-10-02T09:45:00+05:30,Moneragala_Uva,30.4,106.98755859635696,766.0,0.6,33.85167959810528
2026-10-02T10:00:00+05:30,Moneragala_Uva,30.9,109.29412274742901,798.0,0.68,30.313510657814568
2026-10-02T10:15:00+05:30,Moneragala_Uva,31.2,112.17289264429172,830.0,0.72,26.83122200794522
2026-10-02T10:30:00+05:30,Moneragala_Uva,31.6,115.86347306976086,859.0,0.82,23.42977308439589
2026-10-02T10:45:00+05:30,Moneragala_Uva,31.9,120.74136329811466,884.0,0.85,20.15017415308762
2026-10-02T11:00:00+05:30,Moneragala_Uva,32.2,127.40313011828658,907.0,0.91,17.06286034782532
2026-10-02T11:15:00+05:30,Moneragala_Uva,32.4,136.76823061387432,928.0,1.04,14.293008565484755
2026-10-02T11:30:00+05:30,Moneragala_Uva,32.4,150.02818949303662,961.0,1.29,12.061375306378864
2026-10-02T11:45:00+05:30,Moneragala_Uva,32.0,167.8121391971997,986.0,1.8,10.709884329185186
2026-10-02T12:00:00+05:30,Moneragala_Uva,31.5,188.1686126375033,981.0,2.52,10.58134352354024
2026-10-02T12:15:00+05:30,Moneragala_Uva,30.8,206.72035005226041,918.0,3.29,11.71607461410403
2026-10-02T12:30:00+05:30,Moneragala_Uva,30.1,220.8620090589265,781.0,3.66,13.806018993099443
2026-10-02T12:45:00+05:30,Moneragala_Uva,29.3,230.89093733583084,624.0,3.59,16.491929375125935
2026-10-02T13:00:00+05:30,Moneragala_Uva,28.4,237.99610906123868,503.0,3.24,19.5294281059696
2026-10-02T13:15:00+05:30,Moneragala_Uva,27.7,243.16573723387654,472.0,2.75,22.77827688378912
2026-10-02T13:30:00+05:30,Moneragala_Uva,27.2,247.05202324344293,532.0,2.31,26.159831899889305
2026-10-02T13:45:00+05:30,Moneragala_Uva,27.3,250.06584001118304,618.0,2.04,29.628670618730283
2026-10-02T14:00:00+05:30,Moneragala_Uva,27.6,252.46824456454078,667.0,1.98,33.15738984222607
2026-10-02T14:15:00+05:30,Moneragala_Uva,28.0,254.42941166064503,630.0,2.13,36.728713243894674
2026-10-02T14:30:00+05:30,Moneragala_Uva,28.2,256.0636143929485,519.0,2.22,40.33130197647177
2026-10-02T14:45:00+05:30,Moneragala_Uva,27.9,257.4498520145823,389.0,2.2,43.95744630707938
2026-10-02T15:00:00+05:30,Moneragala_Uva,27.4,258.6442291464127,289.0,2.21,47.6017392002859
2026-10-02T15:15:00+05:30,Moneragala_Uva,26.9,259.6875770827985,250.0,2.22,51.26028437701456
2026-10-02T15:30:00+05:30,Moneragala_Uva,26.4,260.61027587282166,258.0,2.23,54.93020777898615
2026-10-02T15:45:00+05:30,Moneragala_Uva,26.1,261.43538699730004,277.0,2.02,58.609344465376346
2026-10-02T16:00:00+05:30,Moneragala_Uva,25.8,262.1807405823924,277.0,1.64,62.29603265476487
2026-10-02T16:15:00+05:30,Moneragala_Uva,25.5,262.8603592332358,245.0,1.37,65.98897615365274
2026-10-02T16:30:00+05:30,Moneragala_Uva,25.3,263.48545028424985,194.0,1.3,69.68714823236452
2026-10-02T16:45:00+05:30,Moneragala_Uva,25.1,264.0651118706986,142.0,1.05,73.38972372144963
2026-10-02T17:00:00+05:30,Moneragala_Uva,24.9,264.6068456241117,96.0,0.68,77.0960315651477
2026-10-02T17:15:00+05:30,Moneragala_Uva,24.7,265.1169360180776,62.0,0.4,80.80551889298168
2026-10-02T17:30:00+05:30,Moneragala_Uva,24.6,265.6007371039452,35.0,0.49,84.51772414724398
2026-10-02T17:45:00+05:30,Moneragala_Uva,24.5,266.06289448771633,14.0,0.45,88.23225811612336
2026-10-02T18:00:00+05:30,Moneragala_Uva,24.4,266.5075216046745,1.0,0.39,91.9487880587104
2026-10-02T18:15:00+05:30,Moneragala_Uva,24.4,266.9383446750203,0.0,0.41,95.66702512780547
2026-10-02T18:30:00+05:30,Moneragala_Uva,24.4,267.3588272870046,0.0,0.45,99.38671566076223
2026-10-02T18:45:00+05:30,Moneragala_Uva,24.3,267.77228304555956,0.0,0.45,103.10763265584274
2026-10-02T19:00:00+05:30,Moneragala_Uva,24.3,268.18198433395423,0.0,0.54,106.82956838329743
2026-10-02T19:15:00+05:30,Moneragala_Uva,24.2,268.59127522213845,0.0,0.78,110.55232918234363
2026-10-02T19:30:00+05:30,Moneragala_Uva,24.2,269.0036971074335,0.0,1.01,114.27572902074272
2026-10-02T19:45:00+05:30,Moneragala_Uva,24.1,269.4231385141014,0.0,1.16,117.99958287867457
2026-10-02T20:00:00+05:30,Moneragala_Uva,24.0,269.85402471620586,0.0,1.32,121.72370093934211
2026-10-02T20:15:00+05:30,Moneragala_Uva,23.9,270.301569603792,0.0,1.42,125.44787988799226
2026-10-02T20:30:00+05:30,Moneragala_Uva,23.9,270.7721250276064,0.0,1.49,129.17189181460606
2026-10-02T20:45:00+05:30,Moneragala_Uva,23.8,271.27368419479984,0.0,1.49,132.8954706423508
2026-10-02T21:00:00+05:30,Moneragala_Uva,23.7,271.81663297382164,0.0,1.45,136.61829049045582
2026-10-02T21:15:00+05:30,Moneragala_Uva,23.7,272.4149131393938,0.0,1.47,140.33993299629648
2026-10-02T21:30:00+05:30,Moneragala_Uva,23.6,273.0878957181254,0.0,1.46,144.05983695396094
2026-10-02T21:45:00+05:30,Moneragala_Uva,23.6,273.8635334927979,0.0,1.43,147.77721172489768
2026-10-02T22:00:00+05:30,Moneragala_Uva,23.5,274.7839474799804,0.0,1.36,151.4908842991803
2026-10-02T22:15:00+05:30,Moneragala_Uva,23.5,275.9159601684944,0.0,1.39,155.19901242339247
2026-10-02T22:30:00+05:30,Moneragala_Uva,23.4,277.3725349486862,0.0,1.39,158.89849591999567
2026-10-02T22:45:00+05:30,Moneragala_Uva,23.4,279.3608801249852,0.0,1.43,162.58364761719704
2026-10-02T23:00:00+05:30,Moneragala_Uva,23.4,282.3051489678617,0.0,1.48,166.2427658150884
2026-10-02T23:15:00+05:30,Moneragala_Uva,23.4,287.2193954107479,0.0,1.47,169.8474753769095
2026-10-02T23:30:00+05:30,Moneragala_Uva,23.3,297.15503856762473,0.0,1.47,173.30904844639713
2026-10-02T23:45:00+05:30,Moneragala_Uva,23.3,324.3219148970038,0.0,1.41,176.21207658160614
2026-10-03T00:00:00+05:30,Moneragala_Uva,23.2,26.526654083018798,0.0,1.36,176.56300068981312
2026-10-03T00:15:00+05:30,Moneragala_Uva,23.1,59.99610761020199,0.0,1.25,173.9039170931922
2026-10-03T00:30:00+05:30,Moneragala_Uva,23.1,71.62885946343499,0.0,1.15,170.49238625214696
2026-10-03T00:45:00+05:30,Moneragala_Uva,23.0,77.11958499783702,0.0,1.05,166.90389470345087
2026-10-03T01:00:00+05:30,Moneragala_Uva,22.9,80.31848488843866,0.0,0.9,163.25191228238697
2026-10-03T01:15:00+05:30,Moneragala_Uva,22.9,82.44016006992496,0.0,0.8,159.5705734006009
2026-10-03T01:30:00+05:30,Moneragala_Uva,22.8,83.97506116470828,0.0,0.75,155.87343291806502
2026-10-03T01:45:00+05:30,Moneragala_Uva,22.8,85.15706966488324,0.0,0.81,152.16691445383447
2026-10-03T02:00:00+05:30,Moneragala_Uva,22.8,86.11148558279979,0.0,0.91,148.45445694178756
2026-10-03T02:15:00+05:30,Moneragala_Uva,22.7,86.91145640988253,0.0,1.06,144.73807622331512
2026-10-03T02:30:00+05:30,Moneragala_Uva,22.7,87.60261293605674,0.0,1.18,141.01904209566683
2026-10-03T02:45:00+05:30,Moneragala_Uva,22.7,88.21498162798144,0.0,1.26,137.29820307533814
2026-10-03T03:00:00+05:30,Moneragala_Uva,22.7,88.76922301622085,0.0,1.39,133.57615717697252
2026-10-03T03:15:00+05:30,Moneragala_Uva,22.7,89.28011579312454,0.0,1.48,129.853347566712
2026-10-03T03:30:00+05:30,Moneragala_Uva,22.7,89.75860928658977,0.0,1.54,126.13011782181283
2026-10-03T03:45:00+05:30,Moneragala_Uva,22.7,90.21308845346283,0.0,1.5,122.40674740847984
2026-10-03T04:00:00+05:30,Moneragala_Uva,22.7,90.65018549834559,0.0,1.35,118.68347499429379
2026-10-03T04:15:00+05:30,Moneragala_Uva,22.6,91.07532035104822,0.0,1.17,114.96051307463034
2026-10-03T04:30:00+05:30,Moneragala_Uva,22.6,91.4930735308975,0.0,1.03,111.23805976569702
2026-10-03T04:45:00+05:30,Moneragala_Uva,22.6,91.90745333354937,0.0,0.92,107.51630799038928
2026-10-03T05:00:00+05:30,Moneragala_Uva,22.6,92.32209565238617,0.0,0.78,103.79545164755933
2026-10-03T05:15:00+05:30,Moneragala_Uva,22.6,92.7404206662186,0.0,0.64,100.07569251500239
2026-10-03T05:30:00+05:30,Moneragala_Uva,22.6,93.16576315383816,0.0,0.57,96.35724693417181
2026-10-03T05:45:00+05:30,Moneragala_Uva,22.6,93.6014885250467,0.0,0.5,92.64035124467412
2026-10-03T06:00:00+05:30,Moneragala_Uva,22.5,94.0511035407232,1.0,0.43,88.92526939764579
2026-10-03T06:15:00+05:30,Moneragala_Uva,22.6,94.51836996006602,20.0,0.4,85.2123017161214
2026-10-03T06:30:00+05:30,Moneragala_Uva,22.7,95.00742922351094,48.0,0.4,81.50179386042905
2026-10-03T06:45:00+05:30,Moneragala_Uva,23.0,95.52294652751152,82.0,0.38,77.79414969082656
2026-10-03T07:00:00+05:30,Moneragala_Uva,23.4,96.0702850084387,122.0,0.43,74.08984745640547
2026-10-03T07:15:00+05:30,Moneragala_Uva,23.9,96.65572397968367,172.0,0.52,70.38945911593345
2026-10-03T07:30:00+05:30,Moneragala_Uva,24.4,97.28673952499264,235.0,0.68,66.69367758787872
2026-10-03T07:45:00+05:30,Moneragala_Uva,25.0,97.97237405670234,310.0,0.81,63.0033530686678
2026-10-03T08:00:00+05:30,Moneragala_Uva,25.7,98.72373352487358,388.0,0.99,59.31954082284416
2026-10-03T08:15:00+05:30,Moneragala_Uva,26.4,99.55466885433339,457.0,1.28,55.64356928117003
2026-10-03T08:30:00+05:30,Moneragala_Uva,27.0,100.48272854739315,515.0,1.5,51.97713598484861
2026-10-03T08:45:00+05:30,Moneragala_Uva,27.6,101.53051763970109,565.0,1.63,48.322444156329155
2026-10-03T09:00:00+05:30,Moneragala_Uva,28.1,102.72767655801454,611.0,1.72,44.68240591299086
2026-10-03T09:15:00+05:30,Moneragala_Uva,28.5,104.11382849835337,659.0,1.8,41.06094900220236
2026-10-03T09:30:00+05:30,Moneragala_Uva,29.0,105.74307607707891,706.0,1.87,37.4634913937981
2026-10-03T09:45:00+05:30,Moneragala_Uva,29.4,107.6910342405846,750.0,1.96,33.897703183579466
2026-10-03T10:00:00+05:30,Moneragala_Uva,29.9,110.0661129231085,788.0,2.02,30.374767922780244
2026-10-03T10:15:00+05:30,Moneragala_Uva,30.3,113.0280421454134,817.0,2.06,26.91154724805174
2026-10-03T10:30:00+05:30,Moneragala_Uva,30.7,116.81874190569124,836.0,2.09,23.53444438587023
2026-10-03T10:45:00+05:30,Moneragala_Uva,31.0,121.8132996568844,848.0,2.17,20.286539462346894
2026-10-03T11:00:00+05:30,Moneragala_Uva,31.2,128.59760902084497,855.0,2.32,17.241028288045513
2026-10-03T11:15:00+05:30,Moneragala_Uva,31.5,138.04933626590838,867.0,2.45,14.52579979826487
2026-10-03T11:30:00+05:30,Moneragala_Uva,31.6,151.2460532818996,892.0,2.55,12.36048511626393
2026-10-03T11:45:00+05:30,Moneragala_Uva,31.9,168.63672964171678,911.0,2.51,11.072559100880866
2026-10-03T12:00:00+05:30,Moneragala_Uva,32.3,188.29165212703148,898.0,2.41,10.97537796491332
2026-10-03T12:15:00+05:30,Moneragala_Uva,32.4,206.23152864246595,828.0,2.31,12.097670610782686
2026-10-03T12:30:00+05:30,Moneragala_Uva,31.9,220.07741254310798,691.0,2.28,14.152226160263268
2026-10-03T12:45:00+05:30,Moneragala_Uva,30.5,230.0315353378133,529.0,2.43,16.80042177800297
2026-10-03T13:00:00+05:30,Moneragala_Uva,28.3,237.1581793085358,386.0,2.69,19.80553176668667
2026-10-03T13:15:00+05:30,Moneragala_Uva,26.2,242.3809674791783,298.0,2.88,23.028233682498495
2026-10-03T13:30:00+05:30,Moneragala_Uva,24.7,246.32607581403116,242.0,2.8,26.388911782841035
2026-10-03T13:45:00+05:30,Moneragala_Uva,24.1,249.3951209988381,211.0,2.26,29.840967789344703
2026-10-03T14:00:00+05:30,Moneragala_Uva,24.1,251.84644662135548,202.0,1.74,33.356024567931
2026-10-03T14:15:00+05:30,Moneragala_Uva,24.4,253.84993752865284,217.0,2.01,36.9160706347878
2026-10-03T14:30:00+05:30,Moneragala_Uva,24.7,255.5204010619559,262.0,2.45,40.509225668380076
2026-10-03T14:45:00+05:30,Moneragala_Uva,24.9,256.93758331593256,317.0,2.56,44.127381378595196
2026-10-03T15:00:00+05:30,Moneragala_Uva,25.3,258.15832291422606,356.0,2.46,47.76483484049162
2026-10-03T15:15:00+05:30,Moneragala_Uva,25.7,259.2240982851489,367.0,2.34,51.41746744055262
2026-10-03T15:30:00+05:30,Moneragala_Uva,26.0,260.1658342785591,361.0,2.34,55.08223587953418
2026-10-03T15:45:00+05:30,Moneragala_Uva,26.1,261.00704071854784,343.0,2.39,58.756844753086426
2026-10-03T16:00:00+05:30,Moneragala_Uva,26.2,261.7659119417675,315.0,2.4,62.43953052427821
2026-10-03T16:15:00+05:30,Moneragala_Uva,26.2,262.456763592897,279.0,2.4,66.1289168002826
2026-10-03T16:30:00+05:30,Moneragala_Uva,26.1,263.09103637891366,237.0,2.27,69.82391307541512
2026-10-03T16:45:00+05:30,Moneragala_Uva,26.0,263.67801162418317,191.0,2.06,73.52364309878695
2026-10-03T17:00:00+05:30,Moneragala_Uva,25.8,264.2253314401434,145.0,1.81,77.22739469914606
2026-10-03T17:15:00+05:30,Moneragala_Uva,25.5,264.7393837224827,98.0,1.65,80.93458183350201
2026-10-03T17:30:00+05:30,Moneragala_Uva,25.3,265.2255929453554,55.0,1.58,84.6447162185996
2026-10-03T17:45:00+05:30,Moneragala_Uva,25.2,265.6886447859416,21.0,1.52,88.35738725213741
2026-10-03T18:00:00+05:30,Moneragala_Uva,25.2,266.13266375284417,2.0,1.42,92.07224532283931
2026-10-03T18:15:00+05:30,Moneragala_Uva,25.1,266.56135825010483,0.0,1.33,95.78898865230701
2026-10-03T18:30:00+05:30,Moneragala_Uva,25.0,266.97814398218895,0.0,1.22,99.50735419489264
2026-10-03T18:45:00+05:30,Moneragala_Uva,24.9,267.38625400158367,0.0,1.06,103.22710889725948
2026-10-03T19:00:00+05:30,Moneragala_Uva,24.8,267.78884318617594,0.0,0.9,106.94804225113612
2026-10-03T19:15:00+05:30,Moneragala_Uva,24.6,268.18909474975874,0.0,0.73,110.66996119619306
2026-10-03T19:30:00+05:30,Moneragala_Uva,24.5,268.59033671513066,0.0,0.57,114.39268397966273
2026-10-03T19:45:00+05:30,Moneragala_Uva,24.4,268.9961787676326,0.0,0.41,118.11603407486945
2026-10-03T20:00:00+05:30,Moneragala_Uva,24.2,269.410683606628,0.0,0.3,121.8398352130143
2026-10-03T20:15:00+05:30,Moneragala_Uva,24.1,269.8385928434393,0.0,0.21,125.56390396364029
2026-10-03T20:30:00+05:30,Moneragala_Uva,24.0,270.28563892668734,0.0,0.14,129.28804055004377
2026-10-03T20:45:00+05:30,Moneragala_Uva,23.9,270.75899360605024,0.0,0.16,133.01201816231008
2026-10-03T21:00:00+05:30,Moneragala_Uva,23.9,271.26793676587096,0.0,0.2,136.73556572803443
2026-10-03T21:15:00+05:30,Moneragala_Uva,23.8,271.82489244469434,0.0,0.2,140.45834213762922
2026-10-03T21:30:00+05:30,Moneragala_Uva,23.8,272.4470995609766,0.0,0.25,144.17989705059895
2026-10-03T21:45:00+05:30,Moneragala_Uva,23.7,273.15942957219636,0.0,0.3,147.89960307806757
2026-10-03T22:00:00+05:30,Moneragala_Uva,23.7,273.9993950631249,0.0,0.35,151.61653594627086
2026-10-03T22:15:00+05:30,Moneragala_Uva,23.6,275.02663384840474,0.0,0.36,155.32924949699787
2026-10-03T22:30:00+05:30,Moneragala_Uva,23.6,276.34232927010373,0.0,0.41,159.0353113008096
2026-10-03T22:45:00+05:30,Moneragala_Uva,23.5,278.1331699904593,0.0,0.41,162.73024693074507
2026-10-03T23:00:00+05:30,Moneragala_Uva,23.5,280.78505275056517,0.0,0.46,166.4047872253618
2026-10-03T23:15:00+05:30,Moneragala_Uva,23.5,285.2373245205182,0.0,0.46,170.03613794375522
2026-10-03T23:30:00+05:30,Moneragala_Uva,23.4,294.4323589363155,0.0,0.46,173.55069966878057
2026-10-03T23:45:00+05:30,Moneragala_Uva,23.4,321.6386355085951,0.0,0.45,176.56833245622306
2026-10-04T00:00:00+05:30,Moneragala_Uva,23.4,30.95051135511204,0.0,0.45,176.86506842112803
2026-10-04T00:15:00+05:30,Moneragala_Uva,23.3,63.575028131303384,0.0,0.4,174.02108811025641
2026-10-04T00:30:00+05:30,Moneragala_Uva,23.3,74.00502365998295,0.0,0.4,170.53778207905907
2026-10-04T00:45:00+05:30,Moneragala_Uva,23.3,78.85910858235673,0.0,0.41,166.91628192006397
2026-10-04T01:00:00+05:30,Moneragala_Uva,23.3,81.68588413486225,0.0,0.43,163.2460780269538
2026-10-04T01:15:00+05:30,Moneragala_Uva,23.3,83.56779559255654,0.0,0.4,159.55350316811115
2026-10-04T01:30:00+05:30,Moneragala_Uva,23.3,84.93693938214733,0.0,0.43,155.8489458911407
2026-10-04T01:45:00+05:30,Moneragala_Uva,23.3,85.99837730455482,0.0,0.46,152.1373220143384
2026-10-04T02:00:00+05:30,Moneragala_Uva,23.2,86.86173547683705,0.0,0.46,148.42126638043078
2026-10-04T02:15:00+05:30,Moneragala_Uva,23.2,87.5909637052763,0.0,0.43,144.702328952093
2026-10-04T02:30:00+05:30,Moneragala_Uva,23.2,88.22596209793153,0.0,0.47,140.98149219585486
2026-10-04T02:45:00+05:30,Moneragala_Uva,23.1,88.79301151560867,0.0,0.47,137.25941870831014
2026-10-04T03:00:00+05:30,Moneragala_Uva,23.0,89.31022770494127,0.0,0.45,133.5365816885801
2026-10-04T03:15:00+05:30,Moneragala_Uva,22.9,89.79060495482588,0.0,0.45,129.81333815314886
2026-10-04T03:30:00+05:30,Moneragala_Uva,22.8,90.24380867470404,0.0,0.45,126.08997105443784
2026-10-04T03:45:00+05:30,Moneragala_Uva,22.7,90.67728055022025,0.0,0.4,122.36671673483114
2026-10-04T04:00:00+05:30,Moneragala_Uva,22.6,91.09694834558928,0.0,0.38,118.64378317284891
2026-10-04T04:15:00+05:30,Moneragala_Uva,22.5,91.50769957441747,0.0,0.34,114.92136132744076
2026-10-04T04:30:00+05:30,Moneragala_Uva,22.4,91.91370945030718,0.0,0.29,111.19963477111912
2026-10-04T04:45:00+05:30,Moneragala_Uva,22.4,92.31867727434081,0.0,0.25,107.47878743830486
2026-10-04T05:00:00+05:30,Moneragala_Uva,22.4,92.72600483144112,0.0,0.25,103.75900886188803
2026-10-04T05:15:00+05:30,Moneragala_Uva,22.5,93.13893807606843,0.0,0.21,100.040500487997
2026-10-04T05:30:00+05:30,Moneragala_Uva,22.6,93.56068697191284,0.0,0.18,96.32348204011262
2026-10-04T05:45:00+05:30,Moneragala_Uva,22.7,93.99453435919423,0.0,0.16,92.60819684730467
2026-10-04T06:00:00+05:30,Moneragala_Uva,23.0,94.44394204555499,1.0,0.15,88.89491953978103
2026-10-04T06:15:00+05:30,Moneragala_Uva,23.2,94.91266186944205,22.0,0.22,85.1839650744694
2026-10-04T06:30:00+05:30,Moneragala_Uva,23.5,95.40485957258596,56.0,0.25,81.47569816417318
2026-10-04T06:45:00+05:30,Moneragala_Uva,23.9,95.92525973259467,100.0,0.32,77.77054682128485
2026-10-04T07:00:00+05:30,Moneragala_Uva,24.2,96.47932250769486,152.0,0.39,74.06901951183339
2026-10-04T07:15:00+05:30,Moneragala_Uva,24.6,97.07346632598842,205.0,0.46,70.37172578858429
2026-10-04T07:30:00+05:30,Moneragala_Uva,25.0,97.71535515842868,255.0,0.57,66.67940532221611
2026-10-04T07:45:00+05:30,Moneragala_Uva,25.4,98.41427751705135,304.0,0.68,62.9929666359526
2026-10-04T08:00:00+05:30,Moneragala_Uva,25.8,99.18165664249233,356.0,0.72,59.31353819640925
2026-10-04T08:15:00+05:30,Moneragala_Uva,26.2,100.03174952140716,417.0,0.81,55.64254106435044
2026-10-04T08:30:00+05:30,Moneragala_Uva,26.6,100.98262310787106,489.0,0.87,51.98179119095732
2026-10-04T08:45:00+05:30,Moneragala_Uva,27.0,102.05754474501066,567.0,0.94,48.333644991343
2026-10-04T09:00:00+05:30,Moneragala_Uva,27.5,103.28700228779962,641.0,1.05,44.70121550558655
2026-10-04T09:15:00+05:30,Moneragala_Uva,28.0,104.71170385279481,702.0,1.12,41.088698058600876
2026-10-04T09:30:00+05:30,Moneragala_Uva,28.5,106.38713597119988,750.0,1.19,37.5018729444779
2026-10-04T09:45:00+05:30,Moneragala_Uva,29.1,108.39065408763707,786.0,1.26,33.94890955323658
2026-10-04T10:00:00+05:30,Moneragala_Uva,29.6,110.83277275469305,816.0,1.4,30.441691476480074
2026-10-04T10:15:00+05:30,Moneragala_Uva,30.2,113.87550573760285,842.0,1.47,26.998076148586087
2026-10-04T10:30:00+05:30,Moneragala_Uva,30.6,117.76243811040075,862.0,1.58,23.645891054493546
2026-10-04T10:45:00+05:30,Moneragala_Uva,31.0,122.86708560016706,876.0,1.62,20.430214433829747
2026-10-04T11:00:00+05:30,Moneragala_Uva,31.3,129.76282290230108,884.0,1.73,17.4267997690294
2026-10-04T11:15:00+05:30,Moneragala_Uva,31.5,139.2839446034302,886.0,1.75,14.76576465416872
2026-10-04T11:30:00+05:30,Moneragala_Uva,31.5,152.3990913083835,881.0,1.81,12.664811589108822
2026-10-04T11:45:00+05:30,Moneragala_Uva,31.4,169.40129360247624,870.0,1.86,11.436893887793815
2026-10-04T12:00:00+05:30,Moneragala_Uva,31.1,188.39916414989324,855.0,1.94,11.368516691977817
2026-10-04T12:15:00+05:30,Moneragala_Uva,30.8,205.76730916255303,835.0,2.0,12.47875330295976
2026-10-04T12:30:00+05:30,Moneragala_Uva,30.3,219.32678481898438,811.0,2.11,14.499333204956471
2026-10-04T12:45:00+05:30,Moneragala_Uva,29.8,229.20088063481717,783.0,2.25,17.110725993606778
2026-10-04T13:00:00+05:30,Moneragala_Uva,29.2,236.34181012593262,751.0,2.36,20.08376437392043
2026-10-04T13:15:00+05:30,Moneragala_Uva,28.6,241.6120253667756,716.0,2.53,23.280290436180167
2026-10-04T13:30:00+05:30,Moneragala_Uva,28.0,245.61187531711892,680.0,2.67,26.619900428016287
2026-10-04T13:45:00+05:30,Moneragala_Uva,27.4,248.73330366079284,640.0,2.75,30.054917930203942
2026-10-04T14:00:00+05:30,Moneragala_Uva,26.9,251.23154805222913,596.0,2.86,33.55603858699538
2026-10-04T14:15:00+05:30,Moneragala_Uva,26.5,253.27592615944445,545.0,2.94,37.104536823268305
2026-10-04T14:30:00+05:30,Moneragala_Uva,26.1,254.981596692015,486.0,2.93,40.68799955745121
2026-10-04T14:45:00+05:30,Moneragala_Uva,25.9,256.4289333245726,427.0,2.86,44.297922815041375
2026-10-04T15:00:00+05:30,Moneragala_Uva,25.7,257.67543020102374,373.0,2.73,47.92830794206717
2026-10-04T15:15:00+05:30,Moneragala_Uva,25.6,258.7631603595449,330.0,2.59,51.574812955023916
2026-10-04T15:30:00+05:30,Moneragala_Uva,25.5,259.7235575998554,294.0,2.39,55.23422380536218
2026-10-04T15:45:00+05:30,Moneragala_Uva,25.4,260.5805551154189,262.0,2.15,58.90411298855853
2026-10-04T16:00:00+05:30,Moneragala_Uva,25.4,261.352693700888,230.0,1.89,62.582613603641846
2026-10-04T16:15:00+05:30,Moneragala_Uva,25.4,262.0545691667238,197.0,1.62,66.2682675391159
2026-10-04T16:30:00+05:30,Moneragala_Uva,25.3,262.6978460695284,166.0,1.36,69.95991910205252
2026-10-04T16:45:00+05:30,Moneragala_Uva,25.3,263.2919817338594,135.0,1.1,73.6566396539809
2026-10-04T17:00:00+05:30,Moneragala_Uva,25.3,263.8447532039474,102.0,0.92,77.35767468421962
2026-10-04T17:15:00+05:30,Moneragala_Uva,25.2,264.36264741310026,70.0,0.71,81.06240382117896
2026-10-04T17:30:00+05:30,Moneragala_Uva,25.2,264.8511556932756,39.0,0.58,84.7703109419856
2026-10-04T17:45:00+05:30,Moneragala_Uva,25.1,265.3150007944238,15.0,0.49,88.48096295749619
2026-10-04T18:00:00+05:30,Moneragala_Uva,25.0,265.75831567174373,1.0,0.36,92.1939922819325
2026-10-04T18:15:00+05:30,Moneragala_Uva,25.0,266.1847884977693,0.0,0.3,95.90908306268156
2026-10-04T18:30:00+05:30,Moneragala_Uva,24.9,266.59778474754467,0.0,0.25,99.62596166377223
2026-10-04T18:45:00+05:30,Moneragala_Uva,24.8,267.0004545046453,0.0,0.21,103.34438766491571
2026-10-04T19:00:00+05:30,Moneragala_Uva,24.7,267.39583250215287,0.0,0.16,107.06414631385069
2026-10-04T19:15:00+05:30,Moneragala_Uva,24.6,267.7869380523723,0.0,0.14,110.78504348160268
2026-10-04T19:30:00+05:30,Moneragala_Uva,24.5,268.1768821140827,0.0,0.11,114.50689974989164
2026-10-04T19:45:00+05:30,Moneragala_Uva,24.4,268.5689908710353,0.0,0.1,118.22954477001448
2026-10-04T20:00:00+05:30,Moneragala_Uva,24.4,268.96695833588853,0.0,0.16,121.95281301349895
2026-10-04T20:15:00+05:30,Moneragala_Uva,24.3,269.37504556223575,0.0,0.16,125.67653745668272
2026-10-04T20:30:00+05:30,Moneragala_Uva,24.2,269.7983540334436,0.0,0.18,129.40054207228224
2026-10-04T20:45:00+05:30,Moneragala_Uva,24.1,270.2432173896735,0.0,0.18,133.12463366847308
2026-10-04T21:00:00+05:30,Moneragala_Uva,24.1,270.7177847705896,0.0,0.22,136.84858854927506
2026-10-04T21:15:00+05:30,Moneragala_Uva,24.0,271.2329243444215,0.0,0.22,140.57213285296396
2026-10-04T21:30:00+05:30,Moneragala_Uva,23.9,271.8036817934722,0.0,0.22,144.29491328109026
2026-10-04T21:45:00+05:30,Moneragala_Uva,23.9,272.45174456408995,0.0,0.22,148.01644603493276
2026-10-04T22:00:00+05:30,Moneragala_Uva,23.8,273.2098343219383,0.0,0.22,151.73602667593696
2026-10-04T22:15:00+05:30,Moneragala_Uva,23.7,274.13005660091653,0.0,0.21,155.45256101327664
2026-10-04T22:30:00+05:30,Moneragala_Uva,23.7,275.3010917714628,0.0,0.21,159.16421404340463
2026-10-04T22:45:00+05:30,Moneragala_Uva,23.6,276.887422649208,0.0,0.21,162.86760691018839
2026-10-04T23:00:00+05:30,Moneragala_Uva,23.6,279.23209612139425,0.0,0.2,166.5557020066023
2026-10-04T23:15:00+05:30,Moneragala_Uva,23.5,283.1842080760046,0.0,0.25,170.21097198323918
2026-10-04T23:30:00+05:30,Moneragala_Uva,23.5,291.5069765005443,0.0,0.25,173.7750712655784
2026-10-04T23:45:00+05:30,Moneragala_Uva,23.4,318.3315613437096,0.0,0.25,176.91373825415445
2026-10-05T00:00:00+05:30,Moneragala_Uva,23.4,36.24222205732099,0.0,0.25,177.14490449308144
2026-10-05T00:15:00+05:30,Moneragala_Uva,23.4,67.26850259289324,0.0,0.3,174.11536567627414
2026-10-05T00:30:00+05:30,Moneragala_Uva,23.4,76.3928194831559,0.0,0.32,170.56838323367995
2026-10-05T00:45:00+05:30,Moneragala_Uva,23.4,80.59566028232086,0.0,0.34,166.9184047804177
2026-10-05T01:00:00+05:30,Moneragala_Uva,23.4,83.04814296115421,0.0,0.38,163.2326794294342
2026-10-05T01:15:00+05:30,Moneragala_Uva,23.3,84.69044573602167,0.0,0.4,159.53063887675194
2026-10-05T01:30:00+05:30,Moneragala_Uva,23.3,85.89441616317879,0.0,0.45,155.8199143829097
2026-10-05T01:45:00+05:30,Moneragala_Uva,23.3,86.8358761369289,0.0,0.45,152.10411756496646
2026-10-05T02:00:00+05:30,Moneragala_Uva,23.3,87.60868808045859,0.0,0.51,148.3851901801687
2026-10-05T02:15:00+05:30,Moneragala_Uva,23.3,88.26759636027964,0.0,0.51,144.66428152377063
2026-10-05T02:30:00+05:30,Moneragala_Uva,23.2,88.84678211015068,0.0,0.56,140.94212741241546
2026-10-05T02:45:00+05:30,Moneragala_Uva,23.2,89.36879490747077,0.0,0.6,137.21923118095737
2026-10-05T03:00:00+05:30,Moneragala_Uva,23.1,89.84921832291707,0.0,0.59,133.49595940362903
2026-10-05T03:15:00+05:30,Moneragala_Uva,23.0,90.29927238510544,0.0,0.62,129.7725957972098
2026-10-05T03:30:00+05:30,Moneragala_Uva,22.9,90.72734649365594,0.0,0.66,126.04937204188073
2026-10-05T03:45:00+05:30,Moneragala_Uva,22.8,91.13994516631351,0.0,0.7,122.32648834612019
2026-10-05T04:00:00+05:30,Moneragala_Uva,22.7,91.542296427608,0.0,0.75,118.6041273533877
2026-10-05T04:15:00+05:30,Moneragala_Uva,22.6,91.9387589982091,0.0,0.75,114.8824626806099
2026-10-05T04:30:00+05:30,Moneragala_Uva,22.5,92.33310557936937,0.0,0.81,111.16166671367534
2026-10-05T04:45:00+05:30,Moneragala_Uva,22.5,92.72872862345355,0.0,0.81,107.44191715186707
2026-10-05T05:00:00+05:30,Moneragala_Uva,22.5,93.12879743887356,0.0,0.87,103.72340146757652
2026-10-05T05:15:00+05:30,Moneragala_Uva,22.6,93.53638496761545,0.0,0.89,100.00632275527728
2026-10-05T05:30:00+05:30,Moneragala_Uva,22.7,93.95457721370809,0.0,0.9,96.29090586530373
2026-10-05T05:45:00+05:30,Moneragala_Uva,22.9,94.38657498527806,0.0,0.92,92.57740269668116
2026-10-05T06:00:00+05:30,Moneragala_Uva,23.1,94.83579537216201,1.0,0.87,88.86610003513749
2026-10-05T06:15:00+05:30,Moneragala_Uva,23.4,95.30598021972452,24.0,0.85,85.15732889201666
2026-10-05T06:30:00+05:30,Moneragala_Uva,23.7,95.8013191612634,61.0,0.81,81.45147444048364
2026-10-05T06:45:00+05:30,Moneragala_Uva,24.1,96.3265953481411,108.0,0.76,77.74899029101715
2026-10-05T07:00:00+05:30,Moneragala_Uva,24.5,96.88736465780198,162.0,0.75,74.05041664899738
2026-10-05T07:15:00+05:30,Moneragala_Uva,24.9,97.49018268132289,217.0,0.71,70.35640231093083
2026-10-05T07:30:00+05:30,Moneragala_Uva,25.3,98.14289844155292,270.0,0.67,66.66773553078066
2026-10-05T07:45:00+05:30,Moneragala_Uva,25.7,98.85504247316231,322.0,0.64,62.98538523326422
2026-10-05T08:00:00+05:30,Moneragala_Uva,26.1,99.63834943600807,376.0,0.64,59.310555482195284
2026-10-05T08:15:00+05:30,Moneragala_Uva,26.6,100.50747385114266,437.0,0.61,55.64476276476137
2026-10-05T08:30:00+05:30,Moneragala_Uva,27.0,101.48098856417096,508.0,0.63,51.98994474666673
2026-10-05T08:45:00+05:30,Moneragala_Uva,27.5,102.58280439323323,584.0,0.65,48.34861495284176
2026-10-05T09:00:00+05:30,Moneragala_Uva,28.0,103.84422778015733,656.0,0.63,44.724091969903235
2026-10-05T09:15:00+05:30,Moneragala_Uva,28.6,105.30700651599352,716.0,0.67,41.120844055570146
2026-10-05T09:30:00+05:30,Moneragala_Uva,29.1,107.02793815399878,763.0,0.71,37.54501973638066
2026-10-05T09:45:00+05:30,Moneragala_Uva,29.7,109.0859978345967,799.0,0.75,34.00529343261488
2026-10-05T10:00:00+05:30,Moneragala_Uva,30.3,111.59359875455652,829.0,0.8,30.514252248725946
2026-10-05T10:15:00+05:30,Moneragala_Uva,30.8,114.71467843492405,855.0,0.85,27.090745129525587
2026-10-05T10:30:00+05:30,Moneragala_Uva,31.3,118.69385041222614,874.0,0.9,23.763997940194656
2026-10-05T10:45:00+05:30,Moneragala_Uva,31.6,123.9019621311387,886.0,0.9,20.58100580835479
2026-10-05T11:00:00+05:30,Moneragala_Uva,31.9,130.89824140925975,894.0,0.95,17.619867367229773
2026-10-05T11:15:00+05:30,Moneragala_Uva,32.1,140.47260412902494,900.0,0.9,15.01245732649592
2026-10-05T11:30:00+05:30,Moneragala_Uva,32.1,153.49041978225682,905.0,0.9,12.973843136519704
2026-10-05T11:45:00+05:30,Moneragala_Uva,31.9,170.11069974793872,906.0,0.86,11.802547044729138
2026-10-05T12:00:00+05:30,Moneragala_Uva,31.5,188.49236935404488,898.0,0.82,11.760632000365973
2026-10-05T12:15:00+05:30,Moneragala_Uva,31.0,205.32525369140222,880.0,0.83,12.859143125648814
2026-10-05T12:30:00+05:30,Moneragala_Uva,30.5,218.60772832242185,851.0,0.82,14.847059411989335
2026-10-05T12:45:00+05:30,Moneragala_Uva,29.8,228.39758160403198,814.0,0.85,17.422540709905206
2026-10-05T13:00:00+05:30,Moneragala_Uva,29.0,235.5463111110969,773.0,0.94,20.363847507252856
2026-10-05T13:15:00+05:30,Moneragala_Uva,28.2,240.85859323359517,729.0,1.04,23.534200362232
2026-10-05T13:30:00+05:30,Moneragala_Uva,27.5,244.90929192224073,683.0,1.17,26.852579330471286
2026-10-05T13:45:00+05:30,Moneragala_Uva,26.9,248.0803536407675,634.0,1.3,30.270325200603132
2026-10-05T14:00:00+05:30,Moneragala_Uva,26.3,250.62356433369195,579.0,1.4,33.757253712321095
2026-10-05T14:15:00+05:30,Moneragala_Uva,25.7,252.70741980916682,515.0,1.5,37.29394737324426
2026-10-05T14:30:00+05:30,Moneragala_Uva,25.3,254.44725832017795,441.0,1.55,40.867470037289095
2026-10-05T14:45:00+05:30,Moneragala_Uva,25.0,255.92396743403714,367.0,1.55,44.468925665023455
2026-10-05T15:00:00+05:30,Moneragala_Uva,24.8,257.19562124578954,303.0,1.5,48.09202058331515
2026-10-05T15:15:00+05:30,Moneragala_Uva,24.7,258.3048364550261,257.0,1.4,51.73218879746743
2026-10-05T15:30:00+05:30,Moneragala_Uva,24.6,259.2835208426132,223.0,1.3,55.38604428725799
2026-10-05T15:45:00+05:30,Moneragala_Uva,24.6,260.15600650771313,196.0,1.2,59.05102601871529
2026-10-05T16:00:00+05:30,Moneragala_Uva,24.6,260.941163256214,171.0,1.06,62.725162271076
2026-10-05T16:15:00+05:30,Moneragala_Uva,24.7,261.6538543818674,144.0,0.92,66.40691181225603
2026-10-05T16:30:00+05:30,Moneragala_Uva,24.7,262.30595889295955,120.0,0.79,70.09505243734486
2026-10-05T16:45:00+05:30,Moneragala_Uva,24.7,262.90710301258815,97.0,0.72,73.78860187668356
2026-10-05T17:00:00+05:30,Moneragala_Uva,24.8,263.4651932385996,73.0,0.61,77.48676210893905
2026-10-05T17:15:00+05:30,Moneragala_Uva,24.7,263.9868112150907,49.0,0.57,81.18887731591816
2026-10-05T17:30:00+05:30,Moneragala_Uva,24.7,264.47751162199427,27.0,0.49,84.89440245092175
2026-10-05T17:45:00+05:30,Moneragala_Uva,24.7,264.9420513412563,10.0,0.42,88.60288086268831
2026-10-05T18:00:00+05:30,Moneragala_Uva,24.6,265.3845692127562,1.0,0.35,92.31392590168724
2026-10-05T18:15:00+05:30,Moneragala_Uva,24.5,265.8087308390909,0.0,0.29,96.02720651247974
2026-10-05T18:30:00+05:30,Moneragala_Uva,24.4,266.2178492127357,0.0,0.25,99.74243726246345
2026-10-05T18:45:00+05:30,Moneragala_Uva,24.3,266.6149891476032,0.0,0.25,103.45936904995153
2026-10-05T19:00:00+05:30,Moneragala_Uva,24.3,267.0030627388008,0.0,0.29,107.17778140840605
2026-10-05T19:15:00+05:30,Moneragala_Uva,24.2,267.38492253933777,0.0,0.35,110.89747745818059
2026-10-05T19:30:00+05:30,Moneragala_Uva,24.1,267.76345899893965,0.0,0.43,114.61827814992463
2026-10-05T19:45:00+05:30,Moneragala_Uva,24.0,268.14171046031316,0.0,0.51,118.34001696601173
2026-10-05T20:00:00+05:30,Moneragala_Uva,24.0,268.5229965719659,0.0,0.6,122.06253626251822
2026-10-05T20:15:00+05:30,Moneragala_Uva,23.9,268.9110901467199,0.0,0.67,125.78568188096986
2026-10-05T20:30:00+05:30,Moneragala_Uva,23.8,269.31045097194146,0.0,0.72,129.5092970553436
2026-10-05T20:45:00+05:30,Moneragala_Uva,23.8,269.7265591187577,0.0,0.74,133.23321641523745
2026-10-05T21:00:00+05:30,Moneragala_Uva,23.7,270.1664099751387,0.0,0.78,136.9572559844318
2026-10-05T21:15:00+05:30,Moneragala_Uva,23.7,270.6392803626989,0.0,0.76,140.68119879141756
2026-10-05T21:30:00+05:30,Moneragala_Uva,23.6,271.15796577128606,0.0,0.79,144.40477418814254
2026-10-05T21:45:00+05:30,Moneragala_Uva,23.6,271.74087376424404,0.0,0.78,148.12762134638334
2026-10-05T22:00:00+05:30,Moneragala_Uva,23.5,272.4157642477367,0.0,0.81,151.84922505542698
2026-10-05T22:15:00+05:30,Moneragala_Uva,23.5,273.22688380284006,0.0,0.81,155.56879571879307
2026-10-05T22:30:00+05:30,Moneragala_Uva,23.4,274.2497264892172,0.0,0.82,159.2850187128239
2026-10-05T22:45:00+05:30,Moneragala_Uva,23.4,275.62496020875017,0.0,0.83,162.99547804191798
2026-10-05T23:00:00+05:30,Moneragala_Uva,23.4,277.6483229807126,0.0,0.83,166.6951250387537
2026-10-05T23:15:00+05:30,Moneragala_Uva,23.4,281.0630186772922,0.0,0.85,170.37124900058103
2026-10-05T23:30:00+05:30,Moneragala_Uva,23.3,288.37534778491505,0.0,0.87,173.98032503741013
2026-10-05T23:45:00+05:30,Moneragala_Uva,23.2,314.1989393351595,0.0,0.93,177.2445343250048
2026-10-06T00:00:00+05:30,Moneragala_Uva,23.1,42.5743708562087,0.0,1.01,177.39579736376896
2026-10-06T00:15:00+05:30,Moneragala_Uva,23.0,71.05193975670147,0.0,1.1,174.1858974599704
2026-10-06T00:30:00+05:30,Moneragala_Uva,22.9,78.78450656708753,0.0,1.15,170.5842394110348
2026-10-06T00:45:00+05:30,Moneragala_Uva,22.8,82.32623595741671,0.0,1.15,166.91042076909136
2026-10-06T01:00:00+05:30,Moneragala_Uva,22.7,84.40380125403158,0.0,1.15,163.21187885317846
2026-10-06T01:15:00+05:30,Moneragala_Uva,22.7,85.80727377891003,0.0,1.1,159.50213216629194
2026-10-06T01:30:00+05:30,Moneragala_Uva,22.6,86.84694989773419,0.0,1.05,155.78647839186846
2026-10-06T01:45:00+05:30,Moneragala_Uva,22.6,87.66918165459617,0.0,1.0,152.06743109782985
2026-10-06T02:00:00+05:30,Moneragala_Uva,22.5,88.35205028783895,0.0,1.0,148.34635010738847
2026-10-06T02:15:00+05:30,Moneragala_Uva,22.4,88.94111822725569,0.0,0.95,144.62404895584817
2026-10-06T02:30:00+05:30,Moneragala_Uva,22.4,89.46487427937853,0.0,0.95,140.90105716460016
2026-10-06T02:45:00+05:30,Moneragala_Uva,22.3,89.94215879688403,0.0,0.95,137.17774519200435
2026-10-06T03:00:00+05:30,Moneragala_Uva,22.3,90.38604005715001,0.0,0.9,133.45439097127831
2026-10-06T03:15:00+05:30,Moneragala_Uva,22.3,90.80597646398263,0.0,0.9,129.73121761270468
2026-10-06T03:30:00+05:30,Moneragala_Uva,22.3,91.20909083492398,0.0,0.9,126.0084147593159
2026-10-06T03:45:00+05:30,Moneragala_Uva,22.3,91.60095758348893,0.0,0.9,122.28615338727522
2026-10-06T04:00:00+05:30,Moneragala_Uva,22.3,91.98611032109085,0.0,0.85,118.56459608571627
2026-10-06T04:15:00+05:30,Moneragala_Uva,22.3,92.36838301505747,0.0,0.85,114.84390326836873
2026-10-06T04:30:00+05:30,Moneragala_Uva,22.4,92.75114892811206,0.0,0.85,111.12423944986129
2026-10-06T04:45:00+05:30,Moneragala_Uva,22.5,93.137495999478,0.0,0.85,107.40577880781088
2026-10-06T05:00:00+05:30,Moneragala_Uva,22.6,93.53036281841389,0.0,0.86,103.68870902779761
2026-10-06T05:15:00+05:30,Moneragala_Uva,22.7,93.93265060475153,0.0,0.86,99.97323680344911
2026-10-06T05:30:00+05:30,Moneragala_Uva,22.9,94.34732229999878,0.0,0.86,96.25959383104966
2026-10-06T05:45:00+05:30,Moneragala_Uva,23.1,94.7774972289078,0.0,0.87,92.54804213517305
2026-10-06T06:00:00+05:30,Moneragala_Uva,23.4,95.22654798320366,2.0,0.93,88.83888210456118
2026-10-06T06:15:00+05:30,Moneragala_Uva,23.6,95.69820630005518,32.0,1.0,85.13246219775209
2026-10-06T06:30:00+05:30,Moneragala_Uva,24.0,96.1966852231547,80.0,1.06,81.4291894287808
2026-10-06T06:45:00+05:30,Moneragala_Uva,24.4,96.72682556753142,140.0,1.12,77.72954441468082
2026-10-06T07:00:00+05:30,Moneragala_Uva,24.8,97.29427748607247,208.0,1.21,74.03410058121557
2026-10-06T07:15:00+05:30,Moneragala_Uva,25.2,97.90573159279188,276.0,1.32,70.34354756684264
2026-10-06T07:30:00+05:30,Moneragala_Uva,25.7,98.56921887788627,340.0,1.41,66.65872397643426
2026-10-06T07:45:00+05:30,Moneragala_Uva,26.1,99.29450749271325,400.0,1.5,62.980661128833034
2026-10-06T08:00:00+05:30,Moneragala_Uva,26.6,100.09363721090062,456.0,1.64,59.310640966625314
2026-10-06T08:15:00+05:30,Moneragala_Uva,27.1,100.98165098102993,512.0,1.75,55.65027805605767
2026-10-06T08:30:00+05:30,Moneragala_Uva,27.6,101.97761420577524,564.0,1.84,52.00163487669938
2026-10-06T08:45:00+05:30,Moneragala_Uva,28.0,103.10606130477186,611.0,1.94,48.36738569114252
2026-10-06T09:00:00+05:30,Moneragala_Uva,28.5,104.39908706559368,654.0,2.05,44.751058837084294
2026-10-06T09:15:00+05:30,Moneragala_Uva,29.0,105.89943184583143,693.0,2.15,41.15740023792862
2026-10-06T09:30:00+05:30,Moneragala_Uva,29.4,107.66512893823409,728.0,2.22,37.592931612540944
2026-10-06T09:45:00+05:30,Moneragala_Uva,29.8,109.77664961092813,758.0,2.29,34.06683666465284
2026-10-06T10:00:00+05:30,Moneragala_Uva,30.2,112.34809754429773,784.0,2.36,30.592407112803237
2026-10-06T10:15:00+05:30,Moneragala_Uva,30.5,115.54497599571795,806.0,2.43,27.18947531900715
2026-10-06T10:30:00+05:30,Moneragala_Uva,30.8,119.61230832997109,826.0,2.46,23.888633656940797
2026-10-06T10:45:00+05:30,Moneragala_Uva,31.0,124.91724746119132,841.0,2.49,20.73870453216476
2026-10-06T11:00:00+05:30,Moneragala_Uva,31.2,132.00346606915252,844.0,2.53,17.819912569188034
2026-10-06T11:15:00+05:30,Moneragala_Uva,31.3,141.61601657367976,831.0,2.49,15.265435038741401
2026-10-06T11:30:00+05:30,Moneragala_Uva,31.4,154.52308803230096,796.0,2.49,13.287092912087019
2026-10-06T11:45:00+05:30,Moneragala_Uva,31.4,170.76933514374446,750.0,2.42,12.169200041286373
2026-10-06T12:00:00+05:30,Moneragala_Uva,31.3,188.57235453013234,708.0,2.38,12.151596649047704
2026-10-06T12:15:00+05:30,Moneragala_Uva,31.2,204.90321806110865,680.0,2.28,13.238668148125043
2026-10-06T12:30:00+05:30,Moneragala_Uva,31.0,217.91804480920874,664.0,2.17,15.195139808850485
2026-10-06T12:45:00+05:30,Moneragala_Uva,30.8,227.62031439539007,652.0,2.03,17.735578149249278
2026-10-06T13:00:00+05:30,Moneragala_Uva,30.5,234.77100532285974,639.0,1.89,20.645512181585815
2026-10-06T13:15:00+05:30,Moneragala_Uva,30.2,240.12035103211684,619.0,1.68,23.78972324712298
2026-10-06T13:30:00+05:30,Moneragala_Uva,29.9,244.21819039662935,597.0,1.54,27.086734932501493
2026-10-06T13:45:00+05:30,Moneragala_Uva,29.5,247.4362317361984,572.0,1.36,30.486997872229523
2026-10-06T14:00:00+05:30,Moneragala_Uva,29.1,250.02250737600994,546.0,1.19,33.959495478716974
2026-10-06T14:15:00+05:30,Moneragala_Uva,28.7,252.14445838549207,518.0,1.01,37.48414142333882
2026-10-06T14:30:00+05:30,Moneragala_Uva,28.3,253.91744162496414,489.0,0.81,41.04748706181472
2026-10-06T14:45:00+05:30,Moneragala_Uva,27.9,255.42275044960272,458.0,0.6,44.640248599943604
2026-10-06T15:00:00+05:30,Moneragala_Uva,27.5,256.7189662929535,426.0,0.41,48.25583856907993
2026-10-06T15:15:00+05:30,Moneragala_Uva,27.0,257.8492001876394,392.0,0.3,51.889466698797705
2026-10-06T15:30:00+05:30,Moneragala_Uva,26.6,258.8457998441678,358.0,0.21,55.537574047733074
2026-10-06T15:45:00+05:30,Moneragala_Uva,26.2,259.7334723420696,322.0,0.25,59.1974648288536
2026-10-06T16:00:00+05:30,Moneragala_Uva,25.8,260.5313993773826,284.0,0.41,62.86706119629534
2026-10-06T16:15:00+05:30,Moneragala_Uva,25.5,261.2546992495833,245.0,0.54,66.54473750575747
2026-10-06T16:30:00+05:30,Moneragala_Uva,25.1,261.9154561571355,206.0,0.67,70.22920380229866
2026-10-06T16:45:00+05:30,Moneragala_Uva,24.8,262.52345821669513,167.0,0.81,73.91942300856587
2026-10-06T17:00:00+05:30,Moneragala_Uva,24.6,263.08673597461745,127.0,0.87,77.61455247054576
2026-10-06T17:15:00+05:30,Moneragala_Uva,24.3,263.6119615226279,87.0,0.97,81.31389984561639
2026-10-06T17:30:00+05:30,Moneragala_Uva,24.1,264.1047494385902,50.0,1.04,85.01689010686611
2026-10-06T17:45:00+05:30,Moneragala_Uva,24.0,264.5698878586204,19.0,1.11,88.72304199192949
2026-10-06T18:00:00+05:30,Moneragala_Uva,23.8,265.01151901492676,1.0,1.14,92.43194871522849
2026-10-06T18:15:00+05:30,Moneragala_Uva,23.7,265.4332836828507,0.0,1.14,96.14326289840633
2026-10-06T18:30:00+05:30,Moneragala_Uva,23.6,265.8384402181348,0.0,1.14,99.85668611516832
2026-10-06T18:45:00+05:30,Moneragala_Uva,23.5,266.22996598656005,0.0,1.14,103.57195926954573
2026-10-06T19:00:00+05:30,Moneragala_Uva,23.5,266.61064810661316,0.0,1.11,107.2888547076344
2026-10-06T19:15:00+05:30,Moneragala_Uva,23.5,266.98316971248124,0.0,1.07,111.00717110704099
2026-10-06T19:30:00+05:30,Moneragala_Uva,23.4,267.35019755811425,0.0,1.04,114.72672780398881
2026-10-06T19:45:00+05:30,Moneragala_Uva,23.4,267.71447814833624,0.0,0.97,118.44735974121647
2026-10-06T20:00:00+05:30,Moneragala_Uva,23.4,268.0789515513229,0.0,0.97,122.16891426339035
2026-10-06T20:15:00+05:30,Moneragala_Uva,23.4,268.44689528926364,0.0,0.9,125.89124647280073
2026-10-06T20:30:00+05:30,Moneragala_Uva,23.4,268.82211761211835,0.0,0.83,129.61421429054096
2026-10-06T20:45:00+05:30,Moneragala_Uva,23.4,269.2092308408746,0.0,0.76,133.337674238121
2026-10-06T21:00:00+05:30,Moneragala_Uva,23.4,269.61405549522016,0.0,0.72,137.06147420063002
2026-10-06T21:15:00+05:30,Moneragala_Uva,23.5,270.04424445976247,0.0,0.65,140.7854434205121
2026-10-06T21:30:00+05:30,Moneragala_Uva,23.5,270.5102906483737,0.0,0.58,144.5093789913137
2026-10-06T21:45:00+05:30,Moneragala_Uva,23.5,271.02723343580425,0.0,0.51,148.23302156178306
2026-10-06T22:00:00+05:30,Moneragala_Uva,23.5,271.61771329819703,0.0,0.45,151.95601297070897
2026-10-06T22:15:00+05:30,Moneragala_Uva,23.5,272.3178155201674,0.0,0.38,155.6778178293563
2026-10-06T22:30:00+05:30,Moneragala_Uva,23.5,273.18921263350694,0.0,0.32,159.39755855106716
2026-10-06T22:45:00+05:30,Moneragala_Uva,23.5,274.3472507961751,0.0,0.25,163.11363451271964
2026-10-06T23:00:00+05:30,Moneragala_Uva,23.5,276.03612531325894,0.0,0.25,166.82270280360177
2026-10-06T23:15:00+05:30,Moneragala_Uva,23.5,278.8778436602629,0.0,0.2,170.516279791633
2026-10-06T23:30:00+05:30,Moneragala_Uva,23.5,285.03893513449793,0.0,0.2,174.1645757371163
2026-10-06T23:45:00+05:30,Moneragala_Uva,23.4,308.9683583221837,0.0,0.2,177.55522405568067
2026-10-07T00:00:00+05:30,Moneragala_Uva,23.3,50.0947946583849,0.0,0.16,177.6091939222296
2026-10-07T00:15:00+05:30,Moneragala_Uva,23.3,74.89669636179951,0.0,0.16,174.23210075877324
2026-10-07T00:30:00+05:30,Moneragala_Uva,23.2,81.17232217277535,0.0,0.16,170.58548309417398
2026-10-07T00:45:00+05:30,Moneragala_Uva,23.1,84.0479189915921,0.0,0.16,166.89251829637954
2026-10-07T01:00:00+05:30,Moneragala_Uva,23.0,85.75145468671303,0.0,0.18,163.18385244280688
2026-10-07T01:15:00+05:30,Moneragala_Uva,22.9,86.91747631321715,0.0,0.18,159.46814128346477
2026-10-07T01:30:00+05:30,Moneragala_Uva,22.8,87.79401963537259,0.0,0.18,155.74878093490435
2026-10-07T01:45:00+05:30,Moneragala_Uva,22.7,88.4979227484576,0.0,0.18,152.02739356376628
2026-10-07T02:00:00+05:30,Moneragala_Uva,22.5,89.09153801019482,0.0,0.22,148.3048675791109
2026-10-07T02:15:00+05:30,Moneragala_Uva,22.4,89.61129939556685,0.0,0.22,144.5817450150663
2026-10-07T02:30:00+05:30,Moneragala_Uva,22.3,90.08004430463342,0.0,0.22,140.85838895417817
2026-10-07T02:45:00+05:30,Moneragala_Uva,22.2,90.51293329657199,0.0,0.22,137.13506300451124
2026-10-07T03:00:00+05:30,Moneragala_Uva,22.1,90.92054030538333,0.0,0.25,133.41197418350944
2026-10-07T03:15:00+05:30,Moneragala_Uva,22.0,91.31057711383232,0.0,0.25,129.68929750363975
2026-10-07T03:30:00+05:30,Moneragala_Uva,22.0,91.6889108276676,0.0,0.25,125.96718966637687
2026-10-07T03:45:00+05:30,Moneragala_Uva,21.9,92.06019373137764,0.0,0.25,122.2457992111409
2026-10-07T04:00:00+05:30,Moneragala_Uva,21.9,92.42827094220303,0.0,0.25,118.52527387840865
2026-10-07T04:15:00+05:30,Moneragala_Uva,21.9,92.79645610801452,0.0,0.18,114.80576495461483
2026-10-07T04:30:00+05:30,Moneragala_Uva,21.9,93.16772639219471,0.0,0.18,111.08743234746754
2026-10-07T04:45:00+05:30,Moneragala_Uva,22.0,93.54486773485945,0.0,0.18,107.37044938547402
2026-10-07T05:00:00+05:30,Moneragala_Uva,22.0,93.93058988104269,0.0,0.14,103.65500620518685
2026-10-07T05:15:00+05:30,Moneragala_Uva,22.1,94.32762369110571,0.0,0.11,99.94131502104375
2026-10-07T05:30:00+05:30,Moneragala_Uva,22.2,94.7388099790632,0.0,0.07,96.22961606198731
2026-10-07T05:45:00+05:30,Moneragala_Uva,22.4,95.16718714334854,0.0,0.05,92.52018300573467
2026-10-07T06:00:00+05:30,Moneragala_Uva,22.6,95.61608347881509,2.0,0.05,88.81333126529734
2026-10-07T06:15:00+05:30,Moneragala_Uva,22.8,96.08922045526145,28.0,0.15,85.1094281092116
2026-10-07T06:30:00+05:30,Moneragala_Uva,23.1,96.59083397426309,70.0,0.21,81.40890373834624
2026-10-07T06:45:00+05:30,Moneragala_Uva,23.5,97.12582150188416,122.0,0.32,77.71226714734286
2026-10-07T07:00:00+05:30,Moneragala_Uva,23.8,97.6999258833294,182.0,0.38,74.02012641801811
2026-10-07T07:15:00+05:30,Moneragala_Uva,24.2,98.31997042996232,242.0,0.49,70.33321357647667
2026-10-07T07:30:00+05:30,Moneragala_Uva,24.6,98.99416477177482,298.0,0.6,66.65241927423
2026-10-07T07:45:00+05:30,Moneragala_Uva,25.0,99.7325099513451,352.0,0.72,62.97883912859561
2026-10-07T08:00:00+05:30,Moneragala_Uva,25.5,100.54734412979292,403.0,0.85,59.3138351297231
2026-10-07T08:15:00+05:30,Moneragala_Uva,25.9,101.45408902202985,453.0,0.92,55.65912241729951
2026-10-07T08:30:00+05:30,Moneragala_Uva,26.3,102.47228851793909,501.0,1.03,52.016891170196544
2026-10-07T08:45:00+05:30,Moneragala_Uva,26.8,103.62707978922487,546.0,1.14,48.389979714453624
2026-10-07T09:00:00+05:30,Moneragala_Uva,27.2,104.95131443893774,587.0,1.25,44.78212991008647
2026-09-30T09:15:00+05:30,Galle_Southern,29.1,101.00468333219379,584.0,4.0,41.94599479361493
2026-09-30T09:30:00+05:30,Galle_Southern,29.3,102.30042164089139,624.0,4.15,38.293494206968
2026-09-30T09:45:00+05:30,Galle_Southern,29.4,103.84377890737267,661.0,4.25,34.66077930809351
2026-09-30T10:00:00+05:30,Galle_Southern,29.5,105.72025353157636,695.0,4.3,31.054823920875428
2026-09-30T10:15:00+05:30,Galle_Southern,29.5,108.05754509066225,726.0,4.35,27.48619043588051
2026-09-30T10:30:00+05:30,Galle_Southern,29.5,111.05362085425992,755.0,4.4,23.971581133286648
2026-09-30T10:45:00+05:30,Galle_Southern,29.5,115.02810372882612,780.0,4.45,20.53877723409373
2026-09-30T11:00:00+05:30,Galle_Southern,29.5,120.51803791386828,801.0,4.5,17.23675198108478
2026-09-30T11:15:00+05:30,Galle_Southern,29.5,128.44834113423508,820.0,4.6,14.15733789155307
2026-09-30T11:30:00+05:30,Galle_Southern,29.5,140.34911579156721,834.0,4.65,11.481104655894129
2026-09-30T11:45:00+05:30,Galle_Southern,29.5,158.09009881680527,845.0,4.75,9.553150150506298
2026-09-30T12:00:00+05:30,Galle_Southern,29.4,181.2700912234724,854.0,4.8,8.875314549451176
2026-09-30T12:15:00+05:30,Galle_Southern,29.4,204.0489358287782,861.0,4.9,9.712952269178558
2026-09-30T12:30:00+05:30,Galle_Southern,29.4,221.0868784787968,869.0,5.01,11.746203521799032
2026-09-30T12:45:00+05:30,Galle_Southern,29.4,232.4570645976129,874.0,5.1,14.479866515109094
2026-09-30T13:00:00+05:30,Galle_Southern,29.6,240.05665302139977,870.0,5.2,17.59035921679782
2026-09-30T13:15:00+05:30,Galle_Southern,29.7,245.3432361299152,855.0,5.3,20.9101729335391
2026-09-30T13:30:00+05:30,Galle_Southern,29.7,249.18819201658044,828.0,5.4,24.353841136584776
2026-09-30T13:45:00+05:30,Galle_Southern,29.7,252.09797340289035,794.0,5.55,27.8754827285071
2026-09-30T14:00:00+05:30,Galle_Southern,29.6,254.37521719579635,757.0,5.75,31.448896790258708
2026-09-30T14:15:00+05:30,Galle_Southern,29.6,256.2082189111078,721.0,5.91,35.058237371618524
2026-09-30T14:30:00+05:30,Galle_Southern,29.5,257.7189554457009,685.0,5.95,38.69343240728481
2026-09-30T14:45:00+05:30,Galle_Southern,29.4,258.9894022547776,647.0,5.8,42.347804167739326
2026-09-30T15:00:00+05:30,Galle_Southern,29.3,260.0764744891459,603.0,5.57,46.016763243592635
2026-09-30T15:15:00+05:30,Galle_Southern,29.2,261.02083609369646,552.0,5.37,49.69705662494004
2026-09-30T15:30:00+05:30,Galle_Southern,29.1,261.852284143667,494.0,5.22,53.38631739762563
2026-09-30T15:45:00+05:30,Galle_Southern,29.0,262.59314985548923,435.0,5.17,57.082782925384734
2026-09-30T16:00:00+05:30,Galle_Southern,28.7,263.26051237738056,379.0,5.19,60.785113147261356
2026-09-30T16:15:00+05:30,Galle_Southern,28.5,263.8676795939689,329.0,5.2,64.49227142738123
2026-09-30T16:30:00+05:30,Galle_Southern,28.3,264.42520297700605,286.0,5.14,68.20344233643388
2026-09-30T16:45:00+05:30,Galle_Southern,28.2,264.9415893386607,242.0,4.94,71.91797426425319
2026-09-30T17:00:00+05:30,Galle_Southern,28.0,265.4238110830163,195.0,4.7,75.63533997601762
2026-09-30T17:15:00+05:30,Galle_Southern,27.9,265.877679485983,143.0,4.46,79.35510680543679
2026-09-30T17:30:00+05:30,Galle_Southern,27.7,266.3081239269407,90.0,4.18,83.07691451743622
2026-09-30T17:45:00+05:30,Galle_Southern,27.6,266.71940594821126,45.0,3.89,86.80046003603945
2026-09-30T18:00:00+05:30,Galle_Southern,27.4,267.1152876666741,11.0,3.58,90.52548448498683
2026-09-30T18:15:00+05:30,Galle_Southern,27.2,267.4991689703106,0.0,3.3,94.25176293572557
2026-09-30T18:30:00+05:30,Galle_Southern,27.1,267.8742042947098,0.0,3.16,97.97909758913742
2026-09-30T18:45:00+05:30,Galle_Southern,27.0,268.2434071641711,0.0,3.18,101.7073108115152
2026-09-30T19:00:00+05:30,Galle_Southern,26.9,268.60975007720623,0.0,3.29,105.43623907200354
2026-09-30T19:15:00+05:30,Galle_Southern,26.9,268.97626710770913,0.0,3.44,109.16572890549942
2026-09-30T19:30:00+05:30,Galle_Southern,26.8,269.3461669057051,0.0,3.53,112.89563155295386
2026-09-30T19:45:00+05:30,Galle_Southern,26.8,269.72296610371427,0.0,3.48,116.62579741220142
2026-09-30T20:00:00+05:30,Galle_Southern,26.8,270.110656615338,0.0,3.34,120.35607137682754
2026-09-30T20:15:00+05:30,Galle_Southern,26.8,270.5139258348998,0.0,3.2,124.08628548091879
2026-09-30T20:30:00+05:30,Galle_Southern,26.8,270.938459281004,0.0,3.06,127.81624953086643
2026-09-30T20:45:00+05:30,Galle_Southern,26.7,271.39137255892376,0.0,2.97,131.54573994507527
2026-09-30T21:00:00+05:30,Galle_Southern,26.7,271.88184940273896,0.0,2.89,135.27448172021525
2026-09-30T21:15:00+05:30,Galle_Southern,26.6,272.42211820309745,0.0,2.84,139.0021214762491
2026-09-30T21:30:00+05:30,Galle_Southern,26.5,273.0290040265801,0.0,2.77,142.72818673847505
2026-09-30T21:45:00+05:30,Galle_Southern,26.4,273.726500356099,0.0,2.77,146.45201653684222
2026-09-30T22:00:00+05:30,Galle_Southern,26.2,274.55024334611676,0.0,2.73,150.172641125165
2026-09-30T22:15:00+05:30,Galle_Southern,26.0,275.5557612584148,0.0,2.75,153.88856184595375
2026-09-30T22:30:00+05:30,Galle_Southern,25.8,276.83480332493275,0.0,2.71,157.59731152696747
2026-09-30T22:45:00+05:30,Galle_Southern,25.7,278.55068978667236,0.0,2.56,161.29449816303344
2026-09-30T23:00:00+05:30,Galle_Southern,25.6,281.0243056670819,0.0,2.35,164.97145916540018
2026-09-30T23:15:00+05:30,Galle_Southern,25.5,284.9790292145035,0.0,2.15,168.6084624933804
2026-09-30T23:30:00+05:30,Galle_Southern,25.4,292.4110009808888,0.0,2.04,172.14963530127736
2026-09-30T23:45:00+05:30,Galle_Southern,25.4,310.70522849156964,0.0,2.02,175.36947953762262
2026-10-01T00:00:00+05:30,Galle_Southern,25.5,4.478394595520854,0.0,2.13,176.96549054624307
2026-10-01T00:15:00+05:30,Galle_Southern,25.5,52.93759757279827,0.0,2.26,175.00723400365882
2026-10-01T00:30:00+05:30,Galle_Southern,25.5,68.97707339061299,0.0,2.38,171.71753190664617
2026-10-01T00:45:00+05:30,Galle_Southern,25.4,75.76559585350532,0.0,2.42,168.15848964243168
2026-10-01T01:00:00+05:30,Galle_Southern,25.3,79.46919761119932,0.0,2.43,164.5147931493546
2026-10-01T01:15:00+05:30,Galle_Southern,25.2,81.82195208668236,0.0,2.43,160.83474670114393
2026-10-01T01:30:00+05:30,Galle_Southern,25.1,83.4714016502395,0.0,2.43,157.135982132273
2026-10-01T01:45:00+05:30,Galle_Southern,25.1,84.71059888948508,0.0,2.46,153.42640599195448
2026-10-01T02:00:00+05:30,Galle_Southern,25.1,85.69081261499332,0.0,2.52,149.71008600385352
2026-10-01T02:15:00+05:30,Galle_Southern,25.2,86.49791460464644,0.0,2.55,145.98933313845743
2026-10-01T02:30:00+05:30,Galle_Southern,25.2,87.18430096693612,0.0,2.55,142.26556451419458
2026-10-01T02:45:00+05:30,Galle_Southern,25.1,87.7838219442425,0.0,2.5,138.53970369288942
2026-10-01T03:00:00+05:30,Galle_Southern,25.1,88.31939801925864,0.0,2.47,134.81238531435307
2026-10-01T03:15:00+05:30,Galle_Southern,25.0,88.80718358699562,0.0,2.39,131.08406709258315
2026-10-01T03:30:00+05:30,Galle_Southern,24.9,89.25897611933323,0.0,2.41,127.35509340661716
2026-10-01T03:45:00+05:30,Galle_Southern,24.8,89.68367800107421,0.0,2.44,123.62573517523865
2026-10-01T04:00:00+05:30,Galle_Southern,24.7,90.08822114354717,0.0,2.55,119.89621548679912
2026-10-01T04:15:00+05:30,Galle_Southern,24.6,90.47817417070263,0.0,2.62,116.16672538738874
2026-10-01T04:30:00+05:30,Galle_Southern,24.5,90.8581552440188,0.0,2.65,112.43743612949902
2026-10-01T04:45:00+05:30,Galle_Southern,24.4,91.23212299237701,0.0,2.6,108.70850834198164
2026-10-01T05:00:00+05:30,Galle_Southern,24.2,91.60358970163821,0.0,2.47,104.98009783078948
2026-10-01T05:15:00+05:30,Galle_Southern,24.1,91.97578432936501,0.0,2.38,101.25236180347525
2026-10-01T05:30:00+05:30,Galle_Southern,24.0,92.35178392253596,0.0,2.34,97.52546457256828
2026-10-01T05:45:00+05:30,Galle_Southern,23.9,92.73462643276116,0.0,2.42,93.79958167028305
2026-10-01T06:00:00+05:30,Galle_Southern,23.8,93.12741425633237,0.0,2.55,90.07490574005419
2026-10-01T06:15:00+05:30,Galle_Southern,23.8,93.53341656911653,13.0,2.71,86.35165308084962
2026-10-01T06:30:00+05:30,Galle_Southern,23.9,93.9561779579978,41.0,2.71,82.63006974766436
2026-10-01T06:45:00+05:30,Galle_Southern,24.2,94.39964070661773,73.0,2.59,78.91044070513217
2026-10-01T07:00:00+05:30,Galle_Southern,24.6,94.8682898195226,108.0,2.42,75.19310117887775
2026-10-01T07:15:00+05:30,Galle_Southern,25.1,95.36733231624976,151.0,2.2,71.47844958587612
2026-10-01T07:30:00+05:30,Galle_Southern,25.5,95.90292569333184,204.0,2.08,67.76696627026973
2026-10-01T07:45:00+05:30,Galle_Southern,26.0,96.48247710505495,267.0,2.0,64.05923830923517
2026-10-01T08:00:00+05:30,Galle_Southern,26.4,97.11504451125109,331.0,2.04,60.3559915153848
2026-10-01T08:15:00+05:30,Galle_Southern,26.9,97.81188548657997,386.0,2.15,56.658136542578504
2026-10-01T08:30:00+05:30,Galle_Southern,27.3,98.5872241564287,430.0,2.31,52.966833649405096
2026-10-01T08:45:00+05:30,Galle_Southern,27.7,99.45934641094641,466.0,2.46,49.28358418694265
2026-10-01T09:00:00+05:30,Galle_Southern,28.0,100.45219879621675,497.0,2.65,45.61036727340928
2026-10-01T09:15:00+05:30,Galle_Southern,28.4,101.59778088664245,528.0,2.8,41.949846020250355
2026-10-01T09:30:00+05:30,Galle_Southern,28.6,102.93982238522972,556.0,2.96,38.305686465353105
2026-10-01T09:45:00+05:30,Galle_Southern,28.8,104.5396017649386,579.0,3.06,34.683072010607304
2026-10-01T10:00:00+05:30,Galle_Southern,29.0,106.48545392024312,600.0,3.21,31.089560633294454
2026-10-01T10:15:00+05:30,Galle_Southern,29.2,108.90884694926228,616.0,3.22,27.536573103244216
2026-10-01T10:30:00+05:30,Galle_Southern,29.3,112.01251612315195,626.0,3.24,24.042106514847035
2026-10-01T10:45:00+05:30,Galle_Southern,29.3,116.121141280026,633.0,3.15,20.63593646143873
2026-10-01T11:00:00+05:30,Galle_Southern,29.3,121.77322766823869,643.0,3.01,17.37010756645354
2026-10-01T11:15:00+05:30,Galle_Southern,29.3,129.8760136116644,662.0,2.89,14.340844837706427
2026-10-01T11:30:00+05:30,Galle_Southern,29.3,141.87117332257685,693.0,2.91,11.732858302810982
2026-10-01T11:45:00+05:30,Galle_Southern,29.3,159.37090502720628,727.0,3.05,9.8854123839714
2026-10-01T12:00:00+05:30,Galle_Southern,29.3,181.72346947661495,752.0,3.25,9.265218198387203
2026-10-01T12:15:00+05:30,Galle_Southern,29.3,203.5765755309597,758.0,3.5,10.1009248397786
2026-10-01T12:30:00+05:30,Galle_Southern,29.2,220.16974027498858,745.0,3.66,12.09440033330256
2026-10-01T12:45:00+05:30,Galle_Southern,29.2,231.45312361174587,722.0,3.71,14.78450320461927
2026-10-01T13:00:00+05:30,Galle_Southern,29.2,239.09978877672785,700.0,3.71,17.859152488901273
2026-10-01T13:15:00+05:30,Galle_Southern,29.2,244.46663368270572,685.0,3.71,21.15129677142771
2026-10-01T13:30:00+05:30,Galle_Southern,29.2,248.39177396161242,682.0,3.66,24.57366330098006
2026-10-01T13:45:00+05:30,Galle_Southern,29.2,251.37255691734427,676.0,3.61,28.07866056601182
2026-10-01T14:00:00+05:30,Galle_Southern,29.2,253.7102744524951,656.0,3.56,31.638822677418332
2026-10-01T14:15:00+05:30,Galle_Southern,29.2,255.59415185627387,611.0,3.46,35.23741648826503
2026-10-01T14:30:00+05:30,Galle_Southern,29.1,257.14758752466906,543.0,3.41,38.86374995413712
2026-10-01T14:45:00+05:30,Galle_Southern,28.9,258.45391671871266,469.0,3.35,42.51070671926444
2026-10-01T15:00:00+05:30,Galle_Southern,28.5,259.57120860369105,399.0,3.35,46.173381618814
2026-10-01T15:15:00+05:30,Galle_Southern,28.0,260.5410643271993,344.0,3.3,49.84829015028433
2026-10-01T15:30:00+05:30,Galle_Southern,27.7,261.3940289727857,299.0,3.21,53.53289268357059
2026-10-01T15:45:00+05:30,Galle_Southern,27.3,262.15302686780177,259.0,3.06,57.22529563713563
2026-10-01T16:00:00+05:30,Galle_Southern,27.0,262.8356063427033,220.0,2.81,60.92405823514514
2026-10-01T16:15:00+05:30,Galle_Southern,26.7,263.45544581816426,183.0,2.61,64.62806540344715
2026-10-01T16:30:00+05:30,Galle_Southern,26.5,264.02338840488216,147.0,2.37,68.33643997499692
2026-10-01T16:45:00+05:30,Galle_Southern,26.4,264.54816874824587,114.0,2.16,72.04848133524823
2026-10-01T17:00:00+05:30,Galle_Southern,26.3,265.03693463584784,86.0,2.06,75.76362311456819
2026-10-01T17:15:00+05:30,Galle_Southern,26.3,265.495628672581,62.0,1.98,79.48140130008049
2026-10-01T17:30:00+05:30,Galle_Southern,26.2,265.92927355375673,42.0,1.95,83.20143056429004
2026-10-01T17:45:00+05:30,Galle_Southern,26.1,266.34219025080074,23.0,1.87,86.9233878730329
2026-10-01T18:00:00+05:30,Galle_Southern,25.9,266.7381689198003,6.0,1.77,90.6469987013686
2026-10-01T18:15:00+05:30,Galle_Southern,25.8,267.12060713902497,0.0,1.67,94.3720261994548
2026-10-01T18:30:00+05:30,Galle_Southern,25.7,267.4926263216511,0.0,1.54,98.09826397981846
2026-10-01T18:45:00+05:30,Galle_Southern,25.6,267.8571744288157,0.0,1.42,101.82552892417036
2026-10-01T19:00:00+05:30,Galle_Southern,25.5,268.21712237725467,0.0,1.36,105.55365504386259
2026-10-01T19:15:00+05:30,Galle_Southern,25.4,268.57536116440133,0.0,1.25,109.2824895205204
2026-10-01T19:30:00+05:30,Galle_Southern,25.3,268.93490683966286,0.0,1.17,113.01188759369529
2026-10-01T19:45:00+05:30,Galle_Southern,25.3,269.29902246372797,0.0,1.14,116.74170747490001
2026-10-01T20:00:00+05:30,Galle_Southern,25.2,269.67136920740563,0.0,1.07,120.47180641246456
2026-10-01T20:15:00+05:30,Galle_Southern,25.2,270.0562035608493,0.0,1.05,124.20203444586937
2026-10-01T20:30:00+05:30,Galle_Southern,25.2,270.4586469848875,0.0,1.05,127.932226688121
2026-10-01T20:45:00+05:30,Galle_Southern,25.1,270.88506973391475,0.0,1.05,131.6621946349221
2026-10-01T21:00:00+05:30,Galle_Southern,25.1,271.34365718431445,0.0,1.05,135.39171187644484
2026-10-01T21:15:00+05:30,Galle_Southern,25.0,271.84527676199303,0.0,1.01,139.12049294889002
2026-10-01T21:30:00+05:30,Galle_Southern,25.0,272.4048573193012,0.0,1.01,142.84816189715596
2026-10-01T21:45:00+05:30,Galle_Southern,24.9,273.04367920597355,0.0,1.01,146.57419824878585
2026-10-01T22:00:00+05:30,Galle_Southern,24.8,273.79336958325604,0.0,1.02,150.29784337366087
2026-10-01T22:15:00+05:30,Galle_Southern,24.8,274.7032971109503,0.0,0.97,154.01792911066985
2026-10-01T22:30:00+05:30,Galle_Southern,24.7,275.85528701326103,0.0,0.97,157.73253359437393
2026-10-01T22:45:00+05:30,Galle_Southern,24.7,277.39572239408767,0.0,0.92,161.43822806200427
2026-10-01T23:00:00+05:30,Galle_Southern,24.7,279.61455687498983,0.0,0.89,165.12821223234613
2026-10-01T23:15:00+05:30,Galle_Southern,24.7,283.17486433751594,0.0,0.84,168.78682280243737
2026-10-01T23:30:00+05:30,Galle_Southern,24.6,289.9611299303933,0.0,0.85,172.36864785439454
2026-10-01T23:45:00+05:30,Galle_Southern,24.6,307.5250018220314,0.0,0.92,175.67817810341563
2026-10-02T00:00:00+05:30,Galle_Southern,24.5,6.870124349407547,0.0,0.98,177.34333726936666
2026-10-02T00:15:00+05:30,Galle_Southern,24.5,57.178747919877424,0.0,1.05,175.16506880972327
2026-10-02T00:30:00+05:30,Galle_Southern,24.4,71.70547653309472,0.0,1.05,171.77605098606182
2026-10-02T00:45:00+05:30,Galle_Southern,24.4,77.69488175269112,0.0,1.01,168.1751756862051
2026-10-02T01:00:00+05:30,Galle_Southern,24.3,80.95188072452197,0.0,0.89,164.50957079060493
2026-10-02T01:15:00+05:30,Galle_Southern,24.3,83.02618137185829,0.0,0.78,160.81639488408172
2026-10-02T01:30:00+05:30,Galle_Southern,24.3,84.48751011885582,0.0,0.72,157.10908300445837
2026-10-02T01:45:00+05:30,Galle_Southern,24.4,85.59212134324468,0.0,0.7,153.39364311280568
2026-10-02T02:00:00+05:30,Galle_Southern,24.4,86.47193401489989,0.0,0.68,149.67316645585282
2026-10-02T02:15:00+05:30,Galle_Southern,24.5,87.20175597856326,0.0,0.68,145.94941302833385
2026-10-02T02:30:00+05:30,Galle_Southern,24.5,87.82722850496293,0.0,0.67,142.22346677416735
2026-10-02T02:45:00+05:30,Galle_Southern,24.5,88.37785775298426,0.0,0.67,138.4960388204829
2026-10-02T03:00:00+05:30,Galle_Southern,24.5,88.87365120931764,0.0,0.72,134.7676226874304
2026-10-02T03:15:00+05:30,Galle_Southern,24.5,89.32874238149634,0.0,0.72,131.03857934349082
2026-10-02T03:30:00+05:30,Galle_Southern,24.5,89.75348730575172,0.0,0.72,127.30918527513077
2026-10-02T03:45:00+05:30,Galle_Southern,24.4,90.15573682617764,0.0,0.62,123.57966300984586
2026-10-02T04:00:00+05:30,Galle_Southern,24.3,90.54164190878436,0.0,0.47,119.85020090770085
2026-10-02T04:15:00+05:30,Galle_Southern,24.2,90.9161833437804,0.0,0.36,116.12096518650257
2026-10-02T04:30:00+05:30,Galle_Southern,24.1,91.2835329183439,0.0,0.32,112.39210970087512
2026-10-02T04:45:00+05:30,Galle_Southern,23.9,91.64730916783549,0.0,0.39,108.6637834692418
2026-10-02T05:00:00+05:30,Galle_Southern,23.8,92.01076621931367,0.0,0.54,104.93613538323417
2026-10-02T05:15:00+05:30,Galle_Southern,23.7,92.37693980773037,0.0,0.69,101.20931972723714
2026-10-02T05:30:00+05:30,Galle_Southern,23.6,92.74876682414146,0.0,0.78,97.48350145350851
2026-10-02T05:45:00+05:30,Galle_Southern,23.6,93.12918997181367,0.0,0.78,93.75886009079798
2026-10-02T06:00:00+05:30,Galle_Southern,23.7,93.52125595352175,0.0,0.69,90.0355956169926
2026-10-02T06:15:00+05:30,Galle_Southern,23.8,93.92821468918459,12.0,0.63,86.31393515157244
2026-10-02T06:30:00+05:30,Galle_Southern,24.0,94.35362674145551,44.0,0.56,82.59413938467233
2026-10-02T06:45:00+05:30,Galle_Southern,24.3,94.80148617227314,89.0,0.57,78.8765122489325
2026-10-02T07:00:00+05:30,Galle_Southern,24.7,95.2763679389418,144.0,0.6,75.16141302668268
2026-10-02T07:15:00+05:30,Galle_Southern,25.1,95.78361155600754,203.0,0.65,71.4492703328307
2026-10-02T07:30:00+05:30,Galle_Southern,25.5,96.32955629478022,262.0,0.67,67.74060228468893
2026-10-02T07:45:00+05:30,Galle_Southern,25.9,96.92185007843597,322.0,0.63,64.03604327832369
2026-10-02T08:00:00+05:30,Galle_Southern,26.2,97.56986425132874,380.0,0.6,60.33637868940402
2026-10-02T08:15:00+05:30,Galle_Southern,26.5,98.28526126603117,437.0,0.63,56.6425947230805
2026-10-02T08:30:00+05:30,Galle_Southern,26.8,99.08278773155445,488.0,0.67,52.955948436099334
2026-10-02T08:45:00+05:30,Galle_Southern,27.1,99.98140583374129,535.0,0.7,49.2780667315907
2026-10-02T09:00:00+05:30,Galle_Southern,27.4,101.00594255340513,580.0,0.71,45.61109394036084
2026-10-02T09:15:00+05:30,Galle_Southern,27.8,102.18955200594343,629.0,0.79,41.95791421939946
2026-10-02T09:30:00+05:30,Galle_Southern,28.1,103.5774889999372,686.0,0.89,38.3224949807245
2026-10-02T09:45:00+05:30,Galle_Southern,28.4,105.23305668181865,741.0,1.05,34.71043929097982
2026-10-02T10:00:00+05:30,Galle_Southern,28.8,107.24727228622152,784.0,1.26,31.12990318380818
2026-10-02T10:15:00+05:30,Galle_Southern,29.1,109.75508652439123,802.0,1.5,27.593180719231803
2026-10-02T10:30:00+05:30,Galle_Southern,29.2,112.96344992355364,791.0,1.71,24.11957410939526
2026-10-02T10:45:00+05:30,Galle_Southern,29.0,117.20099354599506,762.0,2.03,20.740840044064413
2026-10-02T11:00:00+05:30,Galle_Southern,28.7,123.00546773536223,733.0,2.35,17.511998507448865
2026-10-02T11:15:00+05:30,Galle_Southern,28.3,131.26249795135436,718.0,2.67,14.533318617250245
2026-10-02T11:30:00+05:30,Galle_Southern,28.1,143.32258106939616,709.0,2.82,11.992691435650698
2026-10-02T11:45:00+05:30,Galle_Southern,28.1,160.56062817995155,706.0,2.65,10.222145605802453
2026-10-02T12:00:00+05:30,Galle_Southern,28.2,182.13271293209863,707.0,2.34,9.655067770563264
2026-10-02T12:15:00+05:30,Galle_Southern,28.4,203.1332553487501,715.0,2.02,10.488511730355611
2026-10-02T12:30:00+05:30,Galle_Southern,28.5,219.3001544105707,733.0,1.86,12.444186254780988
2026-10-02T12:45:00+05:30,Galle_Southern,28.6,230.48739865696805,754.0,2.01,15.091943626055496
2026-10-02T13:00:00+05:30,Galle_Southern,28.6,238.16978703414537,773.0,2.33,18.131063298182553
2026-10-02T13:15:00+05:30,Galle_Southern,28.6,243.608725273968,786.0,2.68,21.39540449032937
2026-10-02T13:30:00+05:30,Galle_Southern,28.5,247.6086698683693,802.0,2.93,24.79616385141388
2026-10-02T13:45:00+05:30,Galle_Southern,28.5,250.65691257430626,811.0,3.03,28.284162860583827
2026-10-02T14:00:00+05:30,Galle_Southern,28.5,253.0527161349093,801.0,3.09,31.830720667862998
2026-10-02T14:15:00+05:30,Galle_Southern,28.4,254.98581116652065,761.0,3.09,35.41823528673781
2026-10-02T14:30:00+05:30,Galle_Southern,28.2,256.5807601533047,695.0,3.05,39.035399824547255
2026-10-02T14:45:00+05:30,Galle_Southern,27.8,257.922100070651,617.0,2.94,42.674659070649376
2026-10-02T15:00:00+05:30,Galle_Southern,27.3,259.06895465824186,542.0,2.8,46.33078986220185
2026-10-02T15:15:00+05:30,Galle_Southern,26.8,260.06379801595364,481.0,2.55,50.00007337084288
2026-10-02T15:30:00+05:30,Galle_Southern,26.4,260.9378805967358,432.0,2.25,53.67979441511712
2026-10-02T15:45:00+05:30,Galle_Southern,26.2,261.71469080853376,385.0,1.81,57.36792584508993
2026-10-02T16:00:00+05:30,Galle_Southern,26.2,262.4122259177064,330.0,1.36,61.06292382796727
2026-10-02T16:15:00+05:30,Galle_Southern,26.1,263.04452043339535,263.0,1.19,64.76359278203108
2026-10-02T16:30:00+05:30,Galle_Southern,26.0,263.62269856516883,186.0,1.2,68.46899197490899
2026-10-02T16:45:00+05:30,Galle_Southern,25.8,264.1557149306821,117.0,1.19,72.17837016126978
2026-10-02T17:00:00+05:30,Galle_Southern,25.6,264.65088670245365,70.0,1.15,75.89112037272879
2026-10-02T17:15:00+05:30,Galle_Southern,25.4,265.11428312052914,48.0,1.2,79.60674590618613
2026-10-02T17:30:00+05:30,Galle_Southern,25.2,265.5510164175479,38.0,1.25,83.32483508888035
2026-10-02T17:45:00+05:30,Galle_Southern,25.1,265.9654638468709,26.0,1.22,87.0450437249257
2026-10-02T18:00:00+05:30,Galle_Southern,25.0,266.3614408752816,7.0,1.11,90.76708046081556
2026-10-02T18:15:00+05:30,Galle_Southern,24.9,266.7423402900706,0.0,0.89,94.49069533402754
2026-10-02T18:30:00+05:30,Galle_Southern,24.9,267.1112481000381,0.0,0.81,98.21567213221117
2026-10-02T18:45:00+05:30,Galle_Southern,24.8,267.4710442796828,0.0,0.82,101.94182093370006
2026-10-02T19:00:00+05:30,Galle_Southern,24.8,267.8244955498008,0.0,0.87,105.66897184555215
2026-10-02T19:15:00+05:30,Galle_Southern,24.8,268.1743468523705,0.0,0.98,109.39697107086667
2026-10-02T19:30:00+05:30,Galle_Southern,24.7,268.52341807111844,0.0,1.01,113.12567598054878
2026-10-02T19:45:00+05:30,Galle_Southern,24.7,268.8747142420495,0.0,0.97,116.85495039594585
2026-10-02T20:00:00+05:30,Galle_Southern,24.6,269.2315600244117,0.0,0.87,120.58466127512696
2026-10-02T20:15:00+05:30,Galle_Southern,24.6,269.597773281839,0.0,0.81,124.3146734166515
2026-10-02T20:30:00+05:30,Galle_Southern,24.5,269.9779007617146,0.0,0.72,128.04484317659777
2026-10-02T20:45:00+05:30,Galle_Southern,24.5,270.377552218904,0.0,0.65,131.77501193681917
2026-10-02T21:00:00+05:30,Galle_Southern,24.4,270.8038924587301,0.0,0.61,135.50499510423117
2026-10-02T21:15:00+05:30,Galle_Southern,24.4,271.2663942553102,0.0,0.54,139.23456608848878
2026-10-02T21:30:00+05:30,Galle_Southern,24.3,271.7780371805362,0.0,0.47,142.96343307195343
2026-10-02T21:45:00+05:30,Galle_Southern,24.3,272.35730108421654,0.0,0.43,146.69119864860141
2026-10-02T22:00:00+05:30,Galle_Southern,24.3,273.03165251723556,0.0,0.43,150.41728997330208
2026-10-02T22:15:00+05:30,Galle_Southern,24.3,273.8440199169425,0.0,0.39,154.1408311958568
2026-10-02T22:30:00+05:30,Galle_Southern,24.2,274.865741402926,0.0,0.39,157.86038573912612
2026-10-02T22:45:00+05:30,Galle_Southern,24.2,276.2250086420752,0.0,0.39,161.57338932686798
2026-10-02T23:00:00+05:30,Galle_Southern,24.2,278.1776308582336,0.0,0.42,165.27473468726123
2026-10-02T23:15:00+05:30,Galle_Southern,24.1,281.3163833953494,0.0,0.42,168.9525410085097
2026-10-02T23:30:00+05:30,Galle_Southern,24.1,287.37328713103045,0.0,0.42,172.57159204114396
2026-10-02T23:45:00+05:30,Galle_Southern,24.0,303.8655701429381,0.0,0.42,175.97014467310458
2026-10-03T00:00:00+05:30,Galle_Southern,24.0,10.00991609931782,0.0,0.42,177.71470915394738
2026-10-03T00:15:00+05:30,Galle_Southern,24.0,61.66477438986533,0.0,0.46,175.29579170060936
2026-10-03T00:30:00+05:30,Galle_Southern,23.9,74.4598642932699,0.0,0.46,171.81710321255733
2026-10-03T00:45:00+05:30,Galle_Southern,23.9,79.62332665979147,0.0,0.53,168.1800441580678
2026-10-03T01:00:00+05:30,Galle_Southern,23.9,82.42971837231272,0.0,0.6,164.49575978682793
2026-10-03T01:15:00+05:30,Galle_Southern,23.9,84.22542228396674,0.0,0.64,160.79150133074558
2026-10-03T01:30:00+05:30,Galle_Southern,23.9,85.49920014824306,0.0,0.57,157.0770519803213
2026-10-03T01:45:00+05:30,Galle_Southern,24.0,86.46985440132812,0.0,0.34,153.35678143529594
2026-10-03T02:00:00+05:30,Galle_Southern,24.0,87.24981563040001,0.0,0.11,149.63294173478533
2026-10-03T02:15:00+05:30,Galle_Southern,24.1,87.90281092662065,0.0,0.4,145.90682045297734
2026-10-03T02:30:00+05:30,Galle_Southern,24.1,88.4677383399769,0.0,0.64,142.17921635876934
2026-10-03T02:45:00+05:30,Galle_Southern,24.2,88.96977590856818,0.0,0.71,138.45065907088048
2026-10-03T03:00:00+05:30,Galle_Southern,24.2,89.42603237090964,0.0,0.67,134.7215218031195
2026-10-03T03:15:00+05:30,Galle_Southern,24.2,89.84863179096249,0.0,0.58,130.99208330688336
2026-10-03T03:30:00+05:30,Galle_Southern,24.2,90.24649764539811,0.0,0.49,127.26256264547774
2026-10-03T03:45:00+05:30,Galle_Southern,24.1,90.62643605035868,0.0,0.36,123.53314171300678
2026-10-03T04:00:00+05:30,Galle_Southern,24.0,90.99382225299917,0.0,0.15,119.80398003281587
2026-10-03T04:15:00+05:30,Galle_Southern,23.9,91.35305323208712,0.0,0.1,116.07522357761216
2026-10-03T04:30:00+05:30,Galle_Southern,23.8,91.7078575086062,0.0,0.25,112.34701245026174
2026-10-03T04:45:00+05:30,Galle_Southern,23.7,92.0615159322495,0.0,0.39,108.61948702736152
2026-10-03T05:00:00+05:30,Galle_Southern,23.6,92.41702633518003,0.0,0.49,104.89279175871516
2026-10-03T05:15:00+05:30,Galle_Southern,23.5,92.77723266224552,0.0,0.6,101.16708011395062
2026-10-03T05:30:00+05:30,Galle_Southern,23.5,93.14493272833425,0.0,0.74,97.44251953489689
2026-10-03T05:45:00+05:30,Galle_Southern,23.5,93.52297476847252,0.0,0.96,93.71929521492228
2026-10-03T06:00:00+05:30,Galle_Southern,23.5,93.91435030377801,0.0,1.17,89.99761601497994
2026-10-03T06:15:00+05:30,Galle_Southern,23.6,94.32229025293543,15.0,1.38,86.27772136160368
2026-10-03T06:30:00+05:30,Galle_Southern,23.8,94.7503711438427,48.0,1.52,82.5598880497674
2026-10-03T06:45:00+05:30,Galle_Southern,24.1,95.20263850850336,90.0,1.52,78.84444048825355
2026-10-03T07:00:00+05:30,Galle_Southern,24.6,95.6837565908661,139.0,1.41,75.1317636068626
2026-10-03T07:15:00+05:30,Galle_Southern,25.0,96.19919627560176,191.0,1.27,71.42231794478273
2026-10-03T07:30:00+05:30,Galle_Southern,25.5,96.75547686427984,245.0,1.1,67.7166613241177
2026-10-03T07:45:00+05:30,Galle_Southern,25.9,97.36048443587993,301.0,0.88,64.01547766549882
2026-10-03T08:00:00+05:30,Galle_Southern,26.3,98.02389984616644,358.0,0.6,60.31961448355051
2026-10-03T08:15:00+05:30,Galle_Southern,26.7,98.7577846722175,414.0,0.28,56.63013659790373
2026-10-03T08:30:00+05:30,Galle_Southern,27.0,99.57739937109261,467.0,0.05,52.94840156355102
2026-10-03T08:45:00+05:30,Galle_Southern,27.4,100.5023692506017,518.0,0.39,49.27616636550782
2026-10-03T09:00:00+05:30,Galle_Southern,27.7,101.55838120586861,567.0,0.78,45.615746146719985
2026-10-03T09:15:00+05:30,Galle_Southern,28.0,102.77971112196514,617.0,1.2,41.97025306047194
2026-10-03T09:30:00+05:30,Galle_Southern,28.3,104.21308503772832,668.0,1.49,38.34396450343732
2026-10-03T09:45:00+05:30,Galle_Southern,28.5,105.92373926249724,716.0,1.7,34.74291365657364
2026-10-03T10:00:00+05:30,Galle_Southern,28.7,108.00521220728922,759.0,1.87,31.17586658318021
2026-10-03T10:15:00+05:30,Galle_Southern,28.9,110.59564222426951,790.0,2.02,27.656002169100567
2026-10-03T10:30:00+05:30,Galle_Southern,29.0,113.90563465832156,809.0,2.12,24.203931959857485
2026-10-03T10:45:00+05:30,Galle_Southern,29.1,118.26667843126569,820.0,2.26,20.853369407492096
2026-10-03T11:00:00+05:30,Galle_Southern,29.2,124.21366585841264,827.0,2.41,17.6621950801176
2026-10-03T11:15:00+05:30,Galle_Southern,29.3,132.60718347007605,834.0,2.48,14.73435282561681
2026-10-03T11:30:00+05:30,Galle_Southern,29.3,144.70531642082062,841.0,2.66,12.25999293236245
2026-10-03T11:45:00+05:30,Galle_Southern,29.3,161.66635571074517,846.0,2.91,10.562772995009311
2026-10-03T12:00:00+05:30,Galle_Southern,29.3,182.50244077545165,846.0,3.22,10.044674823459204
2026-10-03T12:15:00+05:30,Galle_Southern,29.2,202.7155055333327,840.0,3.43,10.875539587910552
2026-10-03T12:30:00+05:30,Galle_Southern,29.0,218.47425499281655,834.0,3.54,12.795219206953533
2026-10-03T12:45:00+05:30,Galle_Southern,28.8,229.5578808318038,821.0,3.36,15.401819690589818
2026-10-03T13:00:00+05:30,Galle_Southern,28.4,237.26577072945707,797.0,3.01,18.405765743121606
2026-10-03T13:15:00+05:30,Galle_Southern,28.1,242.76915398845665,756.0,2.59,21.642218349348028
2026-10-03T13:30:00+05:30,Galle_Southern,27.9,246.83875389828086,698.0,2.27,25.021103694778887
2026-10-03T13:45:00+05:30,Galle_Southern,27.9,249.95101976871297,631.0,1.98,28.491779205309342
2026-10-03T14:00:00+05:30,Galle_Southern,28.1,252.4025712269812,566.0,1.76,32.02440143726649
2026-10-03T14:15:00+05:30,Galle_Southern,28.3,254.383249834274,508.0,1.63,35.60052012699321
2026-10-03T14:30:00+05:30,Galle_Southern,28.4,256.0185380992328,450.0,1.61,39.20822027639004
2026-10-03T14:45:00+05:30,Galle_Southern,28.3,257.3940228164133,397.0,1.64,42.83950869397618
2026-10-03T15:00:00+05:30,Galle_Southern,28.1,258.5697858685061,353.0,1.79,46.48884272994968
2026-10-03T15:15:00+05:30,Galle_Southern,27.8,259.589111576132,321.0,1.94,50.152266910102796
2026-10-03T15:30:00+05:30,Galle_Southern,27.6,260.48391391703296,305.0,2.03,53.826888019162524
2026-10-03T15:45:00+05:30,Galle_Southern,27.5,261.2782167799726,290.0,1.96,57.510542969328455
2026-10-03T16:00:00+05:30,Galle_Southern,27.5,261.990446360761,266.0,1.8,61.20158270857765
2026-10-03T16:15:00+05:30,Galle_Southern,27.5,262.63497894868624,227.0,1.59,64.898729209829
2026-10-03T16:30:00+05:30,Galle_Southern,27.3,263.2232093973842,179.0,1.39,68.60097644533282
2026-10-03T16:45:00+05:30,Galle_Southern,27.0,263.76430449245925,132.0,1.17,72.30752098424551
2026-10-03T17:00:00+05:30,Galle_Southern,26.6,264.2657448356065,93.0,1.02,76.01771385053812
2026-10-03T17:15:00+05:30,Galle_Southern,26.2,264.73372164586056,64.0,0.97,79.7310243499802
2026-10-03T17:30:00+05:30,Galle_Southern,25.9,265.17343295181183,41.0,1.06,83.44701323933668
2026-10-03T17:45:00+05:30,Galle_Southern,25.7,265.58930918390035,21.0,1.07,87.16531398268853
2026-10-03T18:00:00+05:30,Galle_Southern,25.6,265.98518844075113,5.0,1.07,90.88561723372665
2026-10-03T18:15:00+05:30,Galle_Southern,25.5,266.36445629836373,0.0,0.99,94.60765873662231
2026-10-03T18:30:00+05:30,Galle_Southern,25.4,266.7301610551913,0.0,0.92,98.33121122170697
2026-10-03T18:45:00+05:30,Galle_Southern,25.3,267.0851123716901,0.0,0.88,102.05607664386166
2026-10-03T19:00:00+05:30,Galle_Southern,25.2,267.43197028159494,0.0,0.82,105.78207975601813
2026-10-03T19:15:00+05:30,Galle_Southern,25.1,267.7733308508998,0.0,0.81,109.50906414492002
2026-10-03T19:30:00+05:30,Galle_Southern,25.1,268.111814438846,0.0,0.78,113.23688742019192
2026-10-03T19:45:00+05:30,Galle_Southern,25.0,268.45016387769095,0.0,0.76,116.96541678315043
2026-10-03T20:00:00+05:30,Galle_Southern,24.9,268.79136191273216,0.0,0.73,120.69452620931868
2026-10-03T20:15:00+05:30,Galle_Southern,24.9,269.13878055902035,0.0,0.72,124.42409194516443
2026-10-03T20:30:00+05:30,Galle_Southern,24.8,269.4963818905682,0.0,0.71,128.1539874307355
2026-10-03T20:45:00+05:30,Galle_Southern,24.8,269.86900100390653,0.0,0.66,131.88407860370978
2026-10-03T21:00:00+05:30,Galle_Southern,24.7,270.2627613644495,0.0,0.61,135.6142157084167
2026-10-03T21:15:00+05:30,Galle_Southern,24.7,270.68570957563696,0.0,0.56,139.3442216642804
2026-10-03T21:30:00+05:30,Galle_Southern,24.6,271.14882622915763,0.0,0.51,143.0738759080513
2026-10-03T21:45:00+05:30,Galle_Southern,24.6,271.6677087359736,0.0,0.46,146.80288584156068
2026-10-03T22:00:00+05:30,Galle_Southern,24.6,272.2655205581568,0.0,0.43,150.53083763679783
2026-10-03T22:15:00+05:30,Galle_Southern,24.5,272.97848544066346,0.0,0.34,154.25710691631846
2026-10-03T22:30:00+05:30,Galle_Southern,24.5,273.8669213355405,0.0,0.32,157.9806770794478
2026-10-03T22:45:00+05:30,Galle_Southern,24.5,275.0396323171797,0.0,0.32,161.69973789464657
2026-10-03T23:00:00+05:30,Galle_Southern,24.5,276.71517870244253,0.0,0.32,165.4106763111189
2026-10-03T23:15:00+05:30,Galle_Southern,24.5,279.4061226495143,0.0,0.35,169.10501842024007
2026-10-03T23:30:00+05:30,Galle_Southern,24.4,284.6488256079041,0.0,0.45,172.75713537603855
2026-10-03T23:45:00+05:30,Galle_Southern,24.4,299.65349026351697,0.0,0.55,176.24161059905683
2026-10-04T00:00:00+05:30,Galle_Southern,24.4,14.300346468202122,0.0,0.65,178.07630046055078
2026-10-04T00:15:00+05:30,Galle_Southern,24.3,66.36087560818788,0.0,0.81,175.39735652476259
2026-10-04T00:30:00+05:30,Galle_Southern,24.3,77.22840384840833,0.0,0.91,171.84061727564568
2026-10-04T00:45:00+05:30,Galle_Southern,24.2,81.54678067049247,0.0,1.05,168.17324258563718
2026-10-04T01:00:00+05:30,Galle_Southern,24.2,83.90083779475196,0.0,1.21,164.4735286765944
2026-10-04T01:15:00+05:30,Galle_Southern,24.1,85.41865815494691,0.0,1.31,160.7602265728192
2026-10-04T01:30:00+05:30,Galle_Southern,24.1,86.50584056451379,0.0,1.46,157.04003835106604
2026-10-04T01:45:00+05:30,Galle_Southern,24.0,87.34336479695935,0.0,1.56,153.3159602820341
2026-10-04T02:00:00+05:30,Galle_Southern,24.0,88.02413623825453,0.0,1.71,149.5895429902708
2026-10-04T02:15:00+05:30,Galle_Southern,24.0,88.60082659313747,0.0,1.76,145.86167993630994
2026-10-04T02:30:00+05:30,Galle_Southern,23.9,89.10562184066077,0.0,1.87,142.13293237814634
2026-10-04T02:45:00+05:30,Galle_Southern,23.9,89.55939772576232,0.0,1.92,138.40367906200999
2026-10-04T03:00:00+05:30,Galle_Southern,23.8,89.97638382930324,0.0,1.98,134.67419348777494
2026-10-04T03:15:00+05:30,Galle_Southern,23.7,90.36670927980902,0.0,1.99,130.94468655550043
2026-10-04T03:30:00+05:30,Galle_Southern,23.6,90.73787571383104,0.0,2.0,127.21533025041056
2026-10-04T03:45:00+05:30,Galle_Southern,23.5,91.09565248568634,0.0,2.01,123.48627349584237
2026-10-04T04:00:00+05:30,Galle_Southern,23.4,91.44464509480622,0.0,1.98,119.75765279928147
2026-10-04T04:15:00+05:30,Galle_Southern,23.3,91.78867122397332,0.0,1.99,116.02959841525005
2026-10-04T04:30:00+05:30,Galle_Southern,23.2,92.13101956782157,0.0,1.96,112.30224029890692
2026-10-04T04:45:00+05:30,Galle_Southern,23.2,92.47463592331894,0.0,1.93,108.5757131141598
2026-10-04T05:00:00+05:30,Galle_Southern,23.2,92.82226384239499,0.0,1.88,104.85015931123684
2026-10-04T05:15:00+05:30,Galle_Southern,23.3,93.17655700922609,0.0,1.84,101.12573362998573
2026-10-04T05:30:00+05:30,Galle_Southern,23.4,93.54017529876273,0.0,1.75,97.402607827173
2026-10-04T05:45:00+05:30,Galle_Southern,23.6,93.91587328126388,0.0,1.63,93.68097440606118
2026-10-04T06:00:00+05:30,Galle_Southern,23.8,94.30658780213923,0.0,1.52,89.96105263814187
2026-10-04T06:15:00+05:30,Galle_Southern,24.1,94.71553100020844,13.0,1.35,86.24309571969367
2026-10-04T06:30:00+05:30,Galle_Southern,24.4,95.14629529519146,44.0,1.22,82.52739800152057
2026-10-04T06:45:00+05:30,Galle_Southern,24.7,95.60297728705768,85.0,1.04,78.8143058455454
2026-10-04T07:00:00+05:30,Galle_Southern,25.1,96.0903297077736,134.0,0.92,75.1042313885999
2026-10-04T07:15:00+05:30,Galle_Southern,25.5,96.61395350690748,184.0,0.75,71.39766878612859
2026-10-04T07:30:00+05:30,Galle_Southern,25.8,97.18054603083795,233.0,0.6,67.69521744720352
2026-10-04T07:45:00+05:30,Galle_Southern,26.2,97.79822857860427,281.0,0.47,63.99761296261394
2026-10-04T08:00:00+05:30,Galle_Southern,26.5,98.47698721104268,331.0,0.42,60.305767481332765
2026-10-04T08:15:00+05:30,Galle_Southern,26.8,99.22927628924663,388.0,0.45,56.62082739306711
2026-10-04T08:30:00+05:30,Galle_Southern,27.1,100.07086067871899,453.0,0.55,52.9442543012573
2026-10-04T08:45:00+05:30,Galle_Southern,27.4,101.02201452095119,523.0,0.66,49.277939585977954
2026-10-04T09:00:00+05:30,Galle_Southern,27.7,102.10926253963567,590.0,0.82,45.624374483192064
2026-10-04T09:15:00+05:30,Galle_Southern,28.0,103.36796739236888,646.0,0.97,41.986905620835
2026-10-04T09:30:00+05:30,Galle_Southern,28.2,104.84626929549063,692.0,1.14,38.370128245137764
2026-10-04T09:45:00+05:30,Galle_Southern,28.5,106.61124170645633,729.0,1.34,34.780514904131884
2026-10-04T10:00:00+05:30,Galle_Southern,28.8,108.7587769350016,760.0,1.52,31.22745166862174
2026-10-04T10:15:00+05:30,Galle_Southern,29.0,111.42989888717523,789.0,1.72,27.725010353314254
2026-10-04T10:30:00+05:30,Galle_Southern,29.2,114.83830394802305,812.0,1.86,24.295110004920645
2026-10-04T10:45:00+05:30,Galle_Southern,29.4,119.317267486518,830.0,2.0,20.973385907498923
2026-10-04T11:00:00+05:30,Galle_Southern,29.5,125.39685148362753,842.0,2.11,17.820447685659715
2026-10-04T11:15:00+05:30,Galle_Southern,29.6,133.90969047030296,849.0,2.22,14.943530060885053
2026-10-04T11:30:00+05:30,Galle_Southern,29.7,146.021548579541,850.0,2.29,12.534170024536337
2026-10-04T11:45:00+05:30,Galle_Southern,29.6,162.69459435528108,845.0,2.33,10.906764232764885
2026-10-04T12:00:00+05:30,Galle_Southern,29.5,182.83662514998545,836.0,2.35,10.433858939598252
2026-10-04T12:15:00+05:30,Galle_Southern,29.4,202.32035130894639,823.0,2.33,11.261841883358343
2026-10-04T12:30:00+05:30,Galle_Southern,29.2,217.68854057516708,807.0,2.3,13.147180194134023
2026-10-04T12:45:00+05:30,Galle_Southern,29.0,228.66265866125266,787.0,2.26,15.713781470807461
2026-10-04T13:00:00+05:30,Galle_Southern,28.7,236.38687199965528,762.0,2.22,18.68294474488667
2026-10-04T13:15:00+05:30,Galle_Southern,28.5,241.94755396612874,735.0,2.14,21.891467051124167
2026-10-04T13:30:00+05:30,Galle_Southern,28.2,246.08189076204206,705.0,2.1,25.248248015708825
2026-10-04T13:45:00+05:30,Galle_Southern,28.0,249.2548511569513,672.0,2.03,28.701302483482486
2026-10-04T14:00:00+05:30,Galle_Southern,27.8,251.75986460646294,635.0,2.01,32.21967855074062
2026-10-04T14:15:00+05:30,Galle_Southern,27.6,253.78651875491653,591.0,1.94,35.78410014900076
2026-10-04T14:30:00+05:30,Galle_Southern,27.5,255.46098547903512,541.0,1.88,39.38205238198753
2026-10-04T14:45:00+05:30,Galle_Southern,27.4,256.8697558449768,489.0,1.82,43.00510598835489
2026-10-04T15:00:00+05:30,Galle_Southern,27.4,258.0737765790622,440.0,1.78,46.6473980518094
2026-10-04T15:15:00+05:30,Galle_Southern,27.3,259.1170811015626,398.0,1.67,50.30473462730521
2026-10-04T15:30:00+05:30,Galle_Southern,27.3,260.03220592830354,360.0,1.62,53.974042330340176
2026-10-04T15:45:00+05:30,Galle_Southern,27.3,260.84368230152216,324.0,1.52,57.65302001146474
2026-10-04T16:00:00+05:30,Galle_Southern,27.4,261.5703456095233,288.0,1.47,61.3399114154317
2026-10-04T16:15:00+05:30,Galle_Southern,27.4,262.22689977298455,250.0,1.37,65.03335426142469
2026-10-04T16:30:00+05:30,Galle_Southern,27.4,262.8249999346834,213.0,1.27,68.73227559227668
2026-10-04T16:45:00+05:30,Galle_Southern,27.4,263.3740173120984,175.0,1.17,72.43581831342868
2026-10-04T17:00:00+05:30,Galle_Southern,27.3,263.88159003103715,137.0,1.07,76.14329008433477
2026-10-04T17:15:00+05:30,Galle_Southern,27.3,264.3540266776207,98.0,0.96,79.85412496114475
2026-10-04T17:30:00+05:30,Galle_Southern,27.2,264.79660737867965,60.0,0.8,83.56785493787889
2026-10-04T17:45:00+05:30,Galle_Southern,27.0,265.21381268406986,28.0,0.65,87.28408998363919
2026-10-04T18:00:00+05:30,Galle_Southern,26.8,265.6095007004255,5.0,0.49,91.00250161292449
2026-10-04T18:15:00+05:30,Galle_Southern,26.6,265.98704743835987,0.0,0.47,94.72281010544633
2026-10-04T18:30:00+05:30,Galle_Southern,26.4,266.3494612625184,0.0,0.55,98.44477591153031
2026-10-04T18:45:00+05:30,Galle_Southern,26.2,266.6994792952537,0.0,0.76,102.16819154405262
2026-10-04T19:00:00+05:30,Galle_Southern,26.0,267.03965252348047,0.0,1.03,105.89287494546183
2026-10-04T19:15:00+05:30,Galle_Southern,25.7,267.3724254863415,0.0,1.3,109.61866543937374
2026-10-04T19:30:00+05:30,Galle_Southern,25.5,267.70021588119477,0.0,1.57,113.34541896647542
2026-10-04T19:45:00+05:30,Galle_Southern,25.3,268.0255004497719,0.0,1.78,117.07300384808892
2026-10-04T20:00:00+05:30,Galle_Southern,25.1,268.3509150142782,0.0,2.01,120.80129834693274
2026-10-04T20:15:00+05:30,Galle_Southern,24.9,268.67937905637234,0.0,2.15,124.53018678576348
2026-10-04T20:30:00+05:30,Galle_Southern,24.7,269.0142607670753,0.0,2.29,128.2595554480507
2026-10-04T20:45:00+05:30,Galle_Southern,24.6,269.3596074966765,0.0,2.32,131.98928937205275
2026-10-04T21:00:00+05:30,Galle_Southern,24.6,269.72048217159596,0.0,2.32,135.7192664693866
2026-10-04T21:15:00+05:30,Galle_Southern,24.5,270.10347607920676,0.0,2.28,139.4493495188563
2026-10-04T21:30:00+05:30,Galle_Southern,24.5,270.51752484702234,0.0,2.21,143.17937586783677
2026-10-04T21:45:00+05:30,Galle_Southern,24.5,270.97526757002686,0.0,2.1,146.90913870422617
2026-10-04T22:00:00+05:30,Galle_Southern,24.5,271.49543251816124,0.0,1.96,150.6383551169232
2026-10-04T22:15:00+05:30,Galle_Southern,24.5,272.1072930624929,0.0,1.82,154.36660889050904
2026-10-04T22:30:00+05:30,Galle_Southern,24.5,272.8596502482843,0.0,1.68,158.09323311403546
2026-10-04T22:45:00+05:30,Galle_Southern,24.5,273.84079985688567,0.0,1.57,161.81705004249818
2026-10-04T23:00:00+05:30,Galle_Southern,24.5,275.2291148427921,0.0,1.47,165.53571345992077
2026-10-04T23:15:00+05:30,Galle_Southern,24.5,277.447356089334,0.0,1.4,169.2436910148415
2026-10-04T23:30:00+05:30,Galle_Southern,24.5,281.7920750230798,0.0,1.33,172.92395714160244
2026-10-04T23:45:00+05:30,Galle_Southern,24.5,294.8181382401882,0.0,1.3,176.4880147260482
2026-10-05T00:00:00+05:30,Galle_Southern,24.4,20.457019318074913,0.0,1.3,178.42202761762854
2026-10-05T00:15:00+05:30,Galle_Southern,24.4,71.2184005130959,0.0,1.32,175.46810372014215
2026-10-05T00:30:00+05:30,Galle_Southern,24.3,79.9989667548765,0.0,1.36,171.84664944591952
2026-10-05T00:45:00+05:30,Galle_Southern,24.3,83.46119101999568,0.0,1.41,168.15496179643358
2026-10-05T01:00:00+05:30,Galle_Southern,24.2,85.36343264532627,0.0,1.43,164.4430641995506
2026-10-05T01:15:00+05:30,Galle_Southern,24.1,86.60491024884152,0.0,1.52,160.72273964210558
2026-10-05T01:30:00+05:30,Galle_Southern,24.1,87.50682228725208,0.0,1.57,156.99819532632097
2026-10-05T01:45:00+05:30,Galle_Southern,24.0,88.21223256181366,0.0,1.62,153.271320381892
2026-10-05T02:00:00+05:30,Galle_Southern,24.0,88.79458278454683,0.0,1.66,149.54310123447908
2026-10-05T02:15:00+05:30,Galle_Southern,24.0,89.29555513972963,0.0,1.71,145.81411482902067
2026-10-05T02:30:00+05:30,Galle_Southern,23.9,89.74067336315716,0.0,1.76,142.08473201734267
2026-10-05T02:45:00+05:30,Galle_Southern,23.9,90.1465461438894,0.0,1.8,138.35521091375136
2026-10-05T03:00:00+05:30,Galle_Southern,23.8,90.52454858544911,0.0,1.87,134.625745612196
2026-10-05T03:15:00+05:30,Galle_Southern,23.7,90.88283230605663,0.0,1.91,130.89649332364047
2026-10-05T03:30:00+05:30,Galle_Southern,23.6,91.2274895749747,0.0,1.98,127.16758915372233
2026-10-05T03:45:00+05:30,Galle_Southern,23.6,91.56326204728418,0.0,2.04,123.43915660836757
2026-10-05T04:00:00+05:30,Galle_Southern,23.5,91.89399215360913,0.0,2.11,119.71131491894756
2026-10-05T04:15:00+05:30,Galle_Southern,23.4,92.22292326444119,0.0,2.17,115.98418308638861
2026-10-05T04:30:00+05:30,Galle_Southern,23.4,92.55290800310195,0.0,2.22,112.25788446800263
2026-10-05T04:45:00+05:30,Galle_Southern,23.4,92.88655995911643,0.0,2.22,108.53255090790816
2026-10-05T05:00:00+05:30,Galle_Southern,23.5,93.22637056086432,0.0,2.2,104.80832526425235
2026-10-05T05:15:00+05:30,Galle_Southern,23.5,93.57480485206713,0.0,2.2,101.08536560205795
2026-10-05T05:30:00+05:30,Galle_Southern,23.7,93.93438595538674,0.0,2.17,97.36384979279306
2026-10-05T05:45:00+05:30,Galle_Southern,23.9,94.30777559920568,0.0,2.09,93.64397926993844
2026-10-05T06:00:00+05:30,Galle_Southern,24.2,94.69785645023723,0.0,2.0,89.92598522015216
2026-10-05T06:15:00+05:30,Galle_Southern,24.5,95.10782205262979,16.0,1.92,86.21013604901013
2026-10-05T06:30:00+05:30,Galle_Southern,24.9,95.54128058083893,54.0,1.85,82.49674508280874
2026-10-05T06:45:00+05:30,Galle_Southern,25.3,96.00237920431675,103.0,1.8,78.78618208868166
2026-10-05T07:00:00+05:30,Galle_Southern,25.7,96.49595821114582,160.0,1.73,75.07888793488621
2026-10-05T07:15:00+05:30,Galle_Southern,26.2,97.02774713052429,218.0,1.69,71.37539204252299
2026-10-05T07:30:00+05:30,Galle_Southern,26.6,97.60461912787031,275.0,1.68,67.67633723858496
2026-10-05T07:45:00+05:30,Galle_Southern,27.0,98.23492746673088,330.0,1.69,63.98251286285931
2026-10-05T08:00:00+05:30,Galle_Southern,27.4,98.92895867862785,384.0,1.74,60.29489810905257
2026-10-05T08:15:00+05:30,Galle_Southern,27.8,99.69955299270748,441.0,1.81,56.61472377169148
2026-10-05T08:30:00+05:30,Galle_Southern,28.1,100.56296945950385,500.0,1.83,52.94355889002975
2026-10-05T08:45:00+05:30,Galle_Southern,28.3,101.54011568714157,559.0,1.88,49.28343332267517
2026-10-05T09:00:00+05:30,Galle_Southern,28.6,102.65833064212643,615.0,1.95,45.637019344759
2026-10-05T09:15:00+05:30,Galle_Southern,28.8,103.95402665754875,665.0,2.03,42.00790403009318
2026-10-05T09:30:00+05:30,Galle_Southern,29.0,105.47669813389507,709.0,2.08,38.401007560109186
2026-10-05T09:45:00+05:30,Galle_Southern,29.2,107.29515562666774,746.0,2.16,34.82324985953935
2026-10-05T10:00:00+05:30,Galle_Southern,29.3,109.5074729070327,780.0,2.25,31.284644942657422
2026-10-05T10:15:00+05:30,Galle_Southern,29.5,112.25725224940038,810.0,2.38,27.800162195203676
2026-10-05T10:30:00+05:30,Galle_Southern,29.6,115.76071828551,834.0,2.51,24.393020390401603
2026-10-05T10:45:00+05:30,Galle_Southern,29.7,120.35189233651971,855.0,2.64,21.100731714698313
2026-10-05T11:00:00+05:30,Galle_Southern,29.8,126.55417924210883,872.0,2.78,17.98648874240297
2026-10-05T11:15:00+05:30,Galle_Southern,29.8,135.16985574430123,887.0,2.88,15.160424976075689
2026-10-05T11:30:00+05:30,Galle_Southern,29.9,147.27358700713756,902.0,3.01,12.814649867844523
2026-10-05T11:45:00+05:30,Galle_Southern,29.9,163.65130711390475,913.0,3.12,11.253630519007729
2026-10-05T12:00:00+05:30,Galle_Southern,29.9,183.1387053279721,917.0,3.18,10.82244672568281
2026-10-05T12:15:00+05:30,Galle_Southern,29.9,201.945232979384,911.0,3.3,11.647258288695895
2026-10-05T12:30:00+05:30,Galle_Southern,29.9,216.93983942187896,896.0,3.34,13.49977120394783
2026-10-05T12:45:00+05:30,Galle_Southern,29.8,227.79991846959456,874.0,3.44,16.027496577520267
2026-10-05T13:00:00+05:30,Galle_Southern,29.7,235.53223614994118,847.0,3.46,18.96229632326984
2026-10-05T13:15:00+05:30,Galle_Southern,29.6,241.14355268103813,817.0,3.49,22.142886302466167
2026-10-05T13:30:00+05:30,Galle_Southern,29.5,245.33793660535062,784.0,3.53,25.477366888687484
2026-10-05T13:45:00+05:30,Galle_Southern,29.4,248.56837277279823,746.0,3.51,28.912529464517092
2026-10-05T14:00:00+05:30,Galle_Southern,29.3,251.1246167641283,703.0,3.48,32.41636902746278
2026-10-05T14:15:00+05:30,Galle_Southern,29.2,253.1956662441871,652.0,3.41,35.96880780853942
2026-10-05T14:30:00+05:30,Galle_Southern,29.1,254.90816517455784,593.0,3.29,39.55674054444252
2026-10-05T14:45:00+05:30,Galle_Southern,29.0,256.34936979087274,531.0,3.11,43.17130477228385
2026-10-05T15:00:00+05:30,Galle_Southern,28.9,257.5810016002743,474.0,2.93,46.806317207733635
2026-10-05T15:15:00+05:30,Galle_Southern,28.8,258.64778368968507,425.0,2.71,50.45734408363024
2026-10-05T15:30:00+05:30,Galle_Southern,28.6,259.5828350397728,384.0,2.45,54.121130046765025
2026-10-05T15:45:00+05:30,Galle_Southern,28.5,260.41116663007983,346.0,2.22,57.79523400180154
2026-10-05T16:00:00+05:30,Galle_Southern,28.3,261.15200360091,306.0,1.99,61.47779068028291
2026-10-05T16:15:00+05:30,Galle_Southern,28.1,261.82036353515304,265.0,1.81,65.16735187109363
2026-10-05T16:30:00+05:30,Galle_Southern,28.0,262.42815162364377,225.0,1.74,68.86277615011461
2026-10-05T16:45:00+05:30,Galle_Southern,27.8,262.9849358571824,185.0,1.7,72.56315135058794
2026-10-05T17:00:00+05:30,Galle_Southern,27.7,263.49850604021924,144.0,1.72,76.26774046865155
2026-10-05T17:15:00+05:30,Galle_Southern,27.5,263.9752835646585,102.0,1.8,79.97594109459543
2026-10-05T17:30:00+05:30,Galle_Southern,27.3,264.42062700694834,62.0,1.84,83.68725530071416
2026-10-05T17:45:00+05:30,Galle_Southern,27.1,264.8390640309424,29.0,1.86,87.40126843026322
2026-10-05T18:00:00+05:30,Galle_Southern,26.9,265.2344701872679,5.0,1.9,91.11763172987507
2026-10-05T18:15:00+05:30,Galle_Southern,26.7,265.6102096390378,0.0,1.9,94.8360488609289
2026-10-05T18:30:00+05:30,Galle_Southern,26.5,265.9692486811147,0.0,1.87,98.55626677517924
2026-10-05T18:45:00+05:30,Galle_Southern,26.3,266.3142497838402,0.0,1.84,102.27806722944356
2026-10-05T19:00:00+05:30,Galle_Southern,26.1,266.6476526673624,0.0,1.77,106.00125989884954
2026-10-05T19:15:00+05:30,Galle_Southern,25.9,266.9717478728335,0.0,1.71,109.72567818963367
2026-10-05T19:30:00+05:30,Galle_Southern,25.7,267.28874753294076,0.0,1.66,113.4511744523871
2026-10-05T19:45:00+05:30,Galle_Southern,25.5,267.6008587224941,0.0,1.66,117.17761584618378
2026-10-05T20:00:00+05:30,Galle_Southern,25.4,267.91036574889483,0.0,1.62,120.90488215548342
2026-10-05T20:15:00+05:30,Galle_Southern,25.2,268.2197294480384,0.0,1.61,124.63286236173911
2026-10-05T20:30:00+05:30,Galle_Southern,25.1,268.53171571819496,0.0,1.6,128.36145127314717
2026-10-05T20:45:00+05:30,Galle_Southern,25.0,268.8495722220405,0.0,1.59,132.09054746419537
2026-10-05T21:00:00+05:30,Galle_Southern,24.9,269.17728383613485,0.0,1.59,135.82004917822724
2026-10-05T21:15:00+05:30,Galle_Southern,24.8,269.5199599519884,0.0,1.59,139.54984914464092
2026-10-05T21:30:00+05:30,Galle_Southern,24.8,269.8844492950053,0.0,1.59,143.27982886507726
2026-10-05T21:45:00+05:30,Galle_Southern,24.7,270.28036343102065,0.0,1.59,147.00984760224597
2026-10-05T22:00:00+05:30,Galle_Southern,24.7,270.72187489259835,0.0,1.52,150.73972405459395
2026-10-05T22:15:00+05:30,Galle_Southern,24.7,271.2310823270932,0.0,1.49,154.4692046026328
2026-10-05T22:30:00+05:30,Galle_Southern,24.7,271.8448155900487,0.0,1.46,158.1978971614522
2026-10-05T22:45:00+05:30,Galle_Southern,24.7,272.629834091096,0.0,1.46,161.9251245958099
2026-10-05T23:00:00+05:30,Galle_Southern,24.7,273.72160977142585,0.0,1.43,165.64955317582107
2026-10-05T23:15:00+05:30,Galle_Southern,24.7,275.4441076860588,0.0,1.43,169.36803958638282
2026-10-05T23:30:00+05:30,Galle_Southern,24.6,278.81077991936047,0.0,1.4,173.07078501374622
2026-10-05T23:45:00+05:30,Galle_Southern,24.6,289.30513065217644,0.0,1.42,176.70399884643922
2026-10-06T00:00:00+05:30,Galle_Southern,24.5,29.792435648399646,0.0,1.45,178.73972807224465
2026-10-06T00:15:00+05:30,Galle_Southern,24.4,76.17673589735631,0.0,1.48,175.5069144904706
2026-10-06T00:30:00+05:30,Galle_Southern,24.4,82.7594480160995,0.0,1.5,171.83538435789802
2026-10-06T00:45:00+05:30,Galle_Southern,24.3,85.36265215673683,0.0,1.5,168.12543398551912
2026-10-06T01:00:00+05:30,Galle_Southern,24.2,86.8157756188873,0.0,1.48,164.40457016330643
2026-10-06T01:15:00+05:30,Galle_Southern,24.2,87.78324252318498,0.0,1.5,160.67921741259258
2026-10-06T01:30:00+05:30,Galle_Southern,24.1,88.50156084871236,0.0,1.48,156.95167961864917
2026-10-06T01:45:00+05:30,Galle_Southern,24.0,89.07605273569703,0.0,1.5,153.22300358648226
2026-10-06T02:00:00+05:30,Galle_Southern,23.9,89.56085173882622,0.0,1.46,149.4937471327814
2026-10-06T02:15:00+05:30,Galle_Southern,23.8,89.98675491507038,0.0,1.48,145.76424713971443
2026-10-06T02:30:00+05:30,Galle_Southern,23.8,90.3726913094539,0.0,1.44,142.0347304012136
2026-10-06T02:45:00+05:30,Galle_Southern,23.7,90.73104671166601,0.0,1.4,138.3053641327067
2026-10-06T03:00:00+05:30,Galle_Southern,23.7,91.0703712485232,0.0,1.39,134.57628298839904
2026-10-06T03:15:00+05:30,Galle_Southern,23.6,91.39685921447904,0.0,1.35,130.84760441422966
2026-10-06T03:30:00+05:30,Galle_Southern,23.6,91.7152076439096,0.0,1.31,127.11943666620664
2026-10-06T03:45:00+05:30,Galle_Southern,23.6,92.02914059260559,0.0,1.27,123.39188526483471
2026-10-06T04:00:00+05:30,Galle_Southern,23.6,92.34174477115903,0.0,1.27,119.6650578098699
2026-10-06T04:15:00+05:30,Galle_Southern,23.6,92.65569466410886,0.0,1.24,115.93906644273306
2026-10-06T04:30:00+05:30,Galle_Southern,23.6,92.97341087543123,0.0,1.2,112.21403142077257
2026-10-06T04:45:00+05:30,Galle_Southern,23.7,93.29717783295649,0.0,1.17,108.49008461424087
2026-10-06T05:00:00+05:30,Galle_Southern,23.7,93.62923713116038,0.0,1.1,104.76737166004962
2026-10-06T05:15:00+05:30,Galle_Southern,23.7,93.97186687767311,0.0,0.99,101.04605597091557
2026-10-06T05:30:00+05:30,Galle_Southern,23.8,94.32745467697634,0.0,0.92,97.32632330508412
2026-10-06T05:45:00+05:30,Galle_Southern,23.9,94.69857025406299,0.0,0.82,93.60838562076377
2026-10-06T06:00:00+05:30,Galle_Southern,24.1,95.08804258255185,0.0,0.71,89.89248749546152
2026-10-06T06:15:00+05:30,Galle_Southern,24.2,95.49904675905469,17.0,0.57,86.17891395676867
2026-10-06T06:30:00+05:30,Galle_Southern,24.4,95.93520650966491,57.0,0.43,82.46799870062148
2026-10-06T06:45:00+05:30,Galle_Southern,24.6,96.40071897845314,110.0,0.29,78.76013631688134
2026-10-06T07:00:00+05:30,Galle_Southern,24.9,96.90051094422029,170.0,0.11,75.05579789248735
2026-10-06T07:15:00+05:30,Galle_Southern,25.2,97.44043885149631,232.0,0.1,71.35554971797092
2026-10-06T07:30:00+05:30,Galle_Southern,25.4,98.02754922103293,291.0,0.25,67.6600798138724
2026-10-06T07:45:00+05:30,Galle_Southern,25.7,98.67042371004015,346.0,0.42,63.970233276898085
2026-10-06T08:00:00+05:30,Galle_Southern,26.0,99.37964416798906,399.0,0.64,60.28705865768042
2026-10-06T08:15:00+05:30,Galle_Southern,26.3,100.1684292140618,453.0,0.88,56.6118738679627
2026-10-06T08:30:00+05:30,Galle_Southern,26.6,101.05352110205013,503.0,1.06,52.94635859522774
2026-10-06T08:45:00+05:30,Galle_Southern,26.9,102.05644450534146,549.0,1.24,49.29268501414516
2026-10-06T09:00:00+05:30,Galle_Southern,27.2,103.20532762595508,593.0,1.45,45.65371102897455
2026-10-06T09:15:00+05:30,Galle_Southern,27.5,104.53759341590171,634.0,1.63,42.03326960133182
2026-10-06T09:30:00+05:30,Galle_Southern,27.7,106.10402778757884,671.0,1.77,38.436612123639065
2026-10-06T09:45:00+05:30,Galle_Southern,28.0,107.97507481147915,705.0,1.91,34.871112628999484
2026-10-06T10:00:00+05:30,Galle_Southern,28.2,110.25081312592431,734.0,2.06,31.34741893159606
2026-10-06T10:15:00+05:30,Galle_Southern,28.4,113.07711312673428,761.0,2.13,27.881399186009062
2026-10-06T10:30:00+05:30,Galle_Southern,28.6,116.67217008619235,785.0,2.24,24.497558343249466
2026-10-06T10:45:00+05:30,Galle_Southern,28.7,121.36974986865681,805.0,2.31,21.23523126141191
2026-10-06T11:00:00+05:30,Galle_Southern,28.9,127.6849301070555,818.0,2.35,18.160035056907248
2026-10-06T11:15:00+05:30,Galle_Southern,29.0,136.3877156345178,822.0,2.39,15.384607517403182
2026-10-06T11:30:00+05:30,Galle_Southern,29.0,148.46383563002007,814.0,2.39,13.100880944148798
2026-10-06T11:45:00+05:30,Galle_Southern,29.0,164.5419514350292,801.0,2.32,11.602920430078896
2026-10-06T12:00:00+05:30,Galle_Southern,29.0,183.4116768542131,785.0,2.25,11.210271235670064
2026-10-06T12:15:00+05:30,Galle_Southern,29.0,201.58793911246477,774.0,2.15,12.031634252074596
2026-10-06T12:30:00+05:30,Galle_Southern,28.9,216.2252762300787,765.0,2.01,13.852713300988626
2026-10-06T12:45:00+05:30,Galle_Southern,28.8,226.9679423878238,755.0,1.84,16.34264938004557
2026-10-06T13:00:00+05:30,Galle_Southern,28.7,234.7010240891006,743.0,1.68,19.243527591755864
2026-10-06T13:15:00+05:30,Galle_Southern,28.6,240.35677235032995,726.0,1.48,22.396219062051145
2026-10-06T13:30:00+05:30,Galle_Southern,28.5,244.60673933382068,705.0,1.25,25.708235563604006
2026-10-06T13:45:00+05:30,Galle_Southern,28.3,247.89154373547137,682.0,1.04,29.125261065482135
2026-10-06T14:00:00+05:30,Galle_Southern,28.1,250.49684320275585,656.0,0.81,32.614293567043205
2026-10-06T14:15:00+05:30,Galle_Southern,27.9,252.6107372893169,627.0,0.66,36.154479067743935
2026-10-06T14:30:00+05:30,Galle_Southern,27.7,254.36013801702097,596.0,0.54,39.73213265296216
2026-10-06T14:45:00+05:30,Galle_Southern,27.5,255.83293419549614,562.0,0.56,43.337962415559645
2026-10-06T15:00:00+05:30,Galle_Southern,27.3,257.0915353663496,525.0,0.71,46.965465238563496
2026-10-06T15:15:00+05:30,Galle_Southern,27.1,258.18129660586783,487.0,0.86,50.60996663510827
2026-10-06T15:30:00+05:30,Galle_Southern,26.9,259.13588024915754,447.0,1.08,54.268027805668986
2026-10-06T15:45:00+05:30,Galle_Southern,26.7,259.9807499450243,405.0,1.31,57.93706606225405
2026-10-06T16:00:00+05:30,Galle_Southern,26.5,260.7355014672455,361.0,1.52,61.61510548478249
2026-10-06T16:15:00+05:30,Galle_Southern,26.4,261.41545228859945,315.0,1.72,65.30061037994837
2026-10-06T16:30:00+05:30,Galle_Southern,26.2,262.0327475344513,269.0,1.92,68.99236941590345
2026-10-06T16:45:00+05:30,Galle_Southern,26.0,262.597144398729,221.0,2.08,72.68941401956542
2026-10-06T17:00:00+05:30,Galle_Southern,25.9,263.11657858577814,172.0,2.22,76.39096127956665
2026-10-06T17:15:00+05:30,Galle_Southern,25.7,263.5975797891755,122.0,2.36,80.09637114850383
2026-10-06T17:30:00+05:30,Galle_Southern,25.6,264.0455814404234,74.0,2.45,83.80511464925603
2026-10-06T17:45:00+05:30,Galle_Southern,25.5,264.46515536958714,34.0,2.55,87.51675139770265
2026-10-06T18:00:00+05:30,Galle_Southern,25.4,264.8601920717757,5.0,2.58,91.23091126374686
2026-10-06T18:15:00+05:30,Galle_Southern,25.3,265.23404165652585,0.0,2.61,94.94728014796326
2026-10-06T18:30:00+05:30,Galle_Southern,25.2,265.58962630642,0.0,2.6,98.66559029734239
2026-10-06T18:45:00+05:30,Galle_Southern,25.1,265.9295318419713,0.0,2.59,102.38561140373301
2026-10-06T19:00:00+05:30,Galle_Southern,25.0,266.25608464375085,0.0,2.55,106.10714341962002
2026-10-06T19:15:00+05:30,Galle_Southern,24.9,266.57141897289495,0.0,2.51,109.83001217497706
2026-10-06T19:30:00+05:30,Galle_Southern,24.8,266.87753874113173,0.0,2.44,113.55406449836111
2026-10-06T19:45:00+05:30,Galle_Southern,24.7,267.1763781067964,0.0,2.37,117.27916408989104
2026-10-06T20:00:00+05:30,Galle_Southern,24.6,267.46986571056505,0.0,2.34,121.00518946293892
2026-10-06T20:15:00+05:30,Galle_Southern,24.5,267.75999823342437,0.0,2.27,124.73203079521998
2026-10-06T20:30:00+05:30,Galle_Southern,24.5,268.04893171748824,0.0,2.21,128.45958704090606
2026-10-06T20:45:00+05:30,Galle_Southern,24.4,268.33910341207456,0.0,2.15,132.1877646520007
2026-10-06T21:00:00+05:30,Galle_Southern,24.3,268.63340442962647,0.0,2.07,135.9164747252022
2026-10-06T21:15:00+05:30,Galle_Southern,24.2,268.9354384290628,0.0,1.99,139.6456298068819
2026-10-06T21:30:00+05:30,Galle_Southern,24.2,269.2499296478564,0.0,1.95,143.3751414350515
2026-10-06T21:45:00+05:30,Galle_Southern,24.1,269.5834001348632,0.0,1.9,147.10491463369434
2026-10-06T22:00:00+05:30,Galle_Southern,24.0,269.9453588062583,0.0,1.87,150.8348393361496
2026-10-06T22:15:00+05:30,Galle_Southern,24.0,270.35052896737733,0.0,1.83,154.5647769457688
2026-10-06T22:30:00+05:30,Galle_Southern,23.9,270.82336330173905,0.0,1.81,158.29453125304516
2026-10-06T22:45:00+05:30,Galle_Southern,23.9,271.4081659736777,0.0,1.78,162.0237845579248
2026-10-06T23:00:00+05:30,Galle_Southern,23.8,272.1950771272754,0.0,1.78,165.75193668252945
2026-10-06T23:15:00+05:30,Galle_Southern,23.8,273.4011411333761,0.0,1.77,169.47759952351998
2026-10-06T23:30:00+05:30,Galle_Southern,23.7,275.71640984840764,0.0,1.76,173.1964370828648
2026-10-06T23:45:00+05:30,Galle_Southern,23.7,283.0971162879908,0.0,1.76,176.88357649319494
2026-10-07T00:00:00+05:30,Galle_Southern,23.6,44.558977586603646,0.0,1.81,179.00363606858178
2026-10-07T00:15:00+05:30,Galle_Southern,23.6,81.16726367466646,0.0,1.81,175.51333140001515
2026-10-07T00:30:00+05:30,Galle_Southern,23.5,85.49808332073616,0.0,1.81,171.80713189378793
2026-10-07T00:45:00+05:30,Galle_Southern,23.5,87.24745104540261,0.0,1.81,168.0849304700282
2026-10-07T01:00:00+05:30,Galle_Southern,23.4,88.25622952131795,0.0,1.81,164.35826648932064
2026-10-07T01:15:00+05:30,Galle_Southern,23.3,88.95276577170102,0.0,1.81,160.6298442312288
2026-10-07T01:30:00+05:30,Galle_Southern,23.3,89.48949860200372,0.0,1.81,156.9006513555401
2026-10-07T01:45:00+05:30,Galle_Southern,23.2,89.93443688613928,0.0,1.81,153.17115292408388
2026-10-07T02:00:00+05:30,Galle_Southern,23.1,90.32265031200734,0.0,1.87,149.4416111418373
2026-10-07T02:15:00+05:30,Galle_Southern,23.1,90.67419151460263,0.0,1.87,145.71219772987754
2026-10-07T02:30:00+05:30,Galle_Southern,23.0,91.00147909215428,0.0,1.87,141.98304082151776
2026-10-07T02:45:00+05:30,Galle_Southern,23.0,91.31272848763575,0.0,1.88,138.25424586349106
2026-10-07T03:00:00+05:30,Galle_Southern,23.0,91.61369888940595,0.0,1.88,134.52590763863356
2026-10-07T03:15:00+05:30,Galle_Southern,23.0,91.9086500541469,0.0,1.89,130.7981174840162
2026-10-07T03:30:00+05:30,Galle_Southern,23.0,92.20089947631209,0.0,1.89,127.07096664444524
2026-10-07T03:45:00+05:30,Galle_Southern,23.0,92.49316468931642,0.0,1.89,123.34454994740138
2026-10-07T04:00:00+05:30,Galle_Southern,23.0,92.7877846622738,0.0,1.89,119.61896890819999
2026-10-07T04:15:00+05:30,Galle_Southern,23.0,93.08687083657031,0.0,1.89,115.89433312483666
2026-10-07T04:30:00+05:30,Galle_Southern,23.1,93.39241612796116,0.0,1.89,112.1707631911888
2026-10-07T04:45:00+05:30,Galle_Southern,23.1,93.70637903586334,0.0,1.89,108.44839380149457
2026-10-07T05:00:00+05:30,Galle_Southern,23.2,94.03075373442363,0.0,1.88,104.72737570147328
2026-10-07T05:15:00+05:30,Galle_Southern,23.3,94.3676331768059,0.0,1.87,101.00787964167073
2026-10-07T05:30:00+05:30,Galle_Southern,23.5,94.71927072534714,0.0,1.87,97.2901010048396
2026-10-07T05:45:00+05:30,Galle_Southern,23.6,95.08814495228592,0.0,1.86,93.5742638395318
2026-10-07T06:00:00+05:30,Galle_Southern,23.8,95.47703160920224,0.0,1.85,89.8606275635952
2026-10-07T06:15:00+05:30,Galle_Southern,24.1,95.88908745246357,19.0,1.85,86.14949521033084
2026-10-07T06:30:00+05:30,Galle_Southern,24.3,96.32795149015067,61.0,1.86,82.44122220682267
2026-10-07T06:45:00+05:30,Galle_Southern,24.6,96.79787014919782,116.0,1.87,78.73622934875617
2026-10-07T07:00:00+05:30,Galle_Southern,24.9,97.30385550109236,180.0,1.9,75.03501938795513
2026-10-07T07:15:00+05:30,Galle_Southern,25.3,97.85188906393512,244.0,1.9,71.33819704163434
2026-10-07T07:30:00+05:30,Galle_Southern,25.6,98.44918801657798,306.0,1.95,67.64649723580551
2026-10-07T07:45:00+05:30,Galle_Southern,26.0,99.10455853055879,364.0,2.01,63.96082275494074
2026-10-07T08:00:00+05:30,Galle_Southern,26.4,99.828872211874,420.0,2.11,60.28229372142018
2026-10-07T08:15:00+05:30,Galle_Southern,26.7,100.63571804887596,476.0,2.22,56.61231773970726
2026-10-07T08:30:00+05:30,Galle_Southern,27.1,101.54230978833652,529.0,2.31,52.95268817402407
2026-10-07T08:45:00+05:30,Galle_Southern,27.5,102.57077178393098,577.0,2.41,49.30572309325352
2026-10-07T09:00:00+05:30,Galle_Southern,27.9,103.74999513132542,623.0,2.55,45.67447024897058
2026-09-30T09:15:00+05:30,Badulla_Uva,28.8,102.32636398906533,711.0,0.63,41.312433183024595
2026-09-30T09:30:00+05:30,Badulla_Uva,29.4,103.81046929354102,751.0,0.85,37.68652890371041
2026-09-30T09:45:00+05:30,Badulla_Uva,29.8,105.57926941121929,784.0,1.07,34.08596794667846
2026-09-30T10:00:00+05:30,Badulla_Uva,30.2,107.73123767630744,814.0,1.25,30.519764556020654
2026-09-30T10:15:00+05:30,Badulla_Uva,30.6,110.41289006504189,844.0,1.41,27.001577242001282
2026-09-30T10:30:00+05:30,Badulla_Uva,30.9,113.84962123457211,872.0,1.5,23.552974078175254
2026-09-30T10:45:00+05:30,Badulla_Uva,31.1,118.39992676916586,897.0,1.48,20.209649545811814
2026-09-30T11:00:00+05:30,Badulla_Uva,31.3,124.64871254127337,920.0,1.39,17.033747933675627
2026-09-30T11:15:00+05:30,Badulla_Uva,31.5,133.54443314899027,941.0,1.31,14.138584751077033
2026-09-30T11:30:00+05:30,Badulla_Uva,31.7,146.4583112928974,964.0,1.28,11.733874308713553
2026-09-30T11:45:00+05:30,Badulla_Uva,32.1,164.5005327487503,983.0,1.37,10.173584861592957
2026-09-30T12:00:00+05:30,Badulla_Uva,32.5,186.08629330977476,993.0,1.48,9.866812287720336
2026-09-30T12:15:00+05:30,Badulla_Uva,32.9,206.14057675237623,990.0,1.63,10.919723947920517
2026-09-30T12:30:00+05:30,Badulla_Uva,33.2,221.25097960623256,977.0,1.83,13.006184878330174
2026-09-30T12:45:00+05:30,Badulla_Uva,33.3,231.7226989137563,954.0,2.17,15.719892792618367
2026-09-30T13:00:00+05:30,Badulla_Uva,33.4,238.98838380257274,919.0,2.6,18.791016309428983
2026-09-30T13:15:00+05:30,Badulla_Uva,33.3,244.19278872501613,871.0,3.12,22.07083532610241
2026-09-30T13:30:00+05:30,Badulla_Uva,32.7,248.06207004480493,808.0,3.49,25.47886081761223
2026-09-30T13:45:00+05:30,Badulla_Uva,31.4,251.03963577896056,736.0,3.78,28.969857154890228
2026-09-30T14:00:00+05:30,Badulla_Uva,29.4,253.40067023638116,667.0,4.06,32.51708694018371
2026-09-30T14:15:00+05:30,Badulla_Uva,27.5,255.3214040737447,607.0,4.2,36.103952250523406
2026-09-30T14:30:00+05:30,Badulla_Uva,26.2,256.91858201216843,552.0,4.05,39.719688029270586
2026-09-30T14:45:00+05:30,Badulla_Uva,25.8,258.27206584978137,500.0,3.45,43.35704221454098
2026-09-30T15:00:00+05:30,Badulla_Uva,25.9,259.43810521818256,449.0,2.45,47.01096585846595
2026-09-30T15:15:00+05:30,Badulla_Uva,26.3,260.45737057765075,396.0,1.5,50.6778418046604
2026-09-30T15:30:00+05:30,Badulla_Uva,26.4,261.3599680694338,340.0,0.9,54.355014193340274
2026-09-30T15:45:00+05:30,Badulla_Uva,26.4,262.1686624455128,288.0,0.86,58.04048959591741
2026-09-30T16:00:00+05:30,Badulla_Uva,26.3,262.9010055964314,247.0,1.17,61.7327418806255
2026-09-30T16:15:00+05:30,Badulla_Uva,26.2,263.57077815813363,219.0,1.58,65.43058274577541
2026-09-30T16:30:00+05:30,Badulla_Uva,26.0,264.18898834722495,203.0,1.78,69.13307164080479
2026-09-30T16:45:00+05:30,Badulla_Uva,25.7,264.7645795295064,187.0,1.72,72.83945237203922
2026-09-30T17:00:00+05:30,Badulla_Uva,25.3,265.30494240100063,160.0,1.6,76.54910902703529
2026-09-30T17:15:00+05:30,Badulla_Uva,24.8,265.8162933868597,122.0,1.4,80.26153255458665
2026-09-30T17:30:00+05:30,Badulla_Uva,24.4,266.3039608261945,78.0,1.17,83.97629575541015
2026-09-30T17:45:00+05:30,Badulla_Uva,24.1,266.7726072732048,38.0,0.87,87.69303566968269
2026-09-30T18:00:00+05:30,Badulla_Uva,23.7,267.226407298714,6.0,0.47,91.41143865495485
2026-09-30T18:15:00+05:30,Badulla_Uva,23.4,267.66919546696073,0.0,0.14,95.13122841774353
2026-09-30T18:30:00+05:30,Badulla_Uva,23.2,268.1045957816325,0.0,0.16,98.85215761372184
2026-09-30T18:45:00+05:30,Badulla_Uva,23.0,268.5361414814428,0.0,0.25,102.57399934151371
2026-09-30T19:00:00+05:30,Badulla_Uva,23.0,268.96739386376447,0.0,0.32,106.296539471323
2026-09-30T19:15:00+05:30,Badulla_Uva,23.0,269.40206908033076,0.0,0.29,110.01957081217009
2026-09-30T19:30:00+05:30,Badulla_Uva,22.9,269.84418278176094,0.0,0.32,113.74288562688284
2026-09-30T19:45:00+05:30,Badulla_Uva,22.9,270.29822595030777,0.0,0.39,117.46626742486346
2026-09-30T20:00:00+05:30,Badulla_Uva,22.9,270.76939043697837,0.0,0.42,121.18948281887418
2026-09-30T20:15:00+05:30,Badulla_Uva,22.8,271.2638708765943,0.0,0.49,124.91226943481396
2026-09-30T20:30:00+05:30,Badulla_Uva,22.8,271.7892847953585,0.0,0.49,128.6343198748525
2026-09-30T20:45:00+05:30,Badulla_Uva,22.8,272.3552778244987,0.0,0.42,132.35526085350398
2026-09-30T21:00:00+05:30,Badulla_Uva,22.8,272.97442441514556,0.0,0.25,136.07462058981537
2026-09-30T21:15:00+05:30,Badulla_Uva,22.9,273.6636153962526,0.0,0.11,139.7917791973663
2026-09-30T21:30:00+05:30,Badulla_Uva,22.8,274.4462767558245,0.0,0.1,143.50589139183893
2026-09-30T21:45:00+05:30,Badulla_Uva,22.7,275.3560687846462,0.0,0.15,147.2157554603196
2026-09-30T22:00:00+05:30,Badulla_Uva,22.6,276.44336242417,0.0,0.27,150.9195837474395
2026-09-30T22:15:00+05:30,Badulla_Uva,22.5,277.78725823100706,0.0,0.43,154.6145768266631
2026-09-30T22:30:00+05:30,Badulla_Uva,22.4,279.5195319791017,0.0,0.54,158.29606672625025
2026-09-30T22:45:00+05:30,Badulla_Uva,22.2,281.8767644947718,0.0,0.57,161.95563177371656
2026-09-30T23:00:00+05:30,Badulla_Uva,22.1,285.3274076582753,0.0,0.66,165.57641855486952
2026-09-30T23:15:00+05:30,Badulla_Uva,21.9,290.93004459528936,0.0,0.65,169.11948479986665
2026-09-30T23:30:00+05:30,Badulla_Uva,21.8,301.5374178671708,0.0,0.7,172.47408128950883
2026-09-30T23:45:00+05:30,Badulla_Uva,21.6,326.0632235046289,0.0,0.7,175.22477469322308
2026-10-01T00:00:00+05:30,Badulla_Uva,21.3,15.279264612473185,0.0,0.7,175.89193157855897
2026-10-01T00:15:00+05:30,Badulla_Uva,21.1,50.80248555483206,0.0,0.7,173.7662579098527
2026-10-01T00:30:00+05:30,Badulla_Uva,20.9,65.59710355242191,0.0,0.7,170.57919567310282
2026-10-01T00:45:00+05:30,Badulla_Uva,20.7,72.78154724396495,0.0,0.65,167.09456741509655
2026-10-01T01:00:00+05:30,Badulla_Uva,20.6,76.95825945074768,0.0,0.65,163.49992670657463
2026-10-01T01:15:00+05:30,Badulla_Uva,20.4,79.7019058708309,0.0,0.6,159.85417561638684
2026-10-01T01:30:00+05:30,Badulla_Uva,20.3,81.6625548143499,0.0,0.55,156.18087681973648
2026-10-01T01:45:00+05:30,Badulla_Uva,20.2,83.15213482799902,0.0,0.55,152.49117521811473
2026-10-01T02:00:00+05:30,Badulla_Uva,20.1,84.337879434836,0.0,0.5,148.79100494934403
2026-10-01T02:15:00+05:30,Badulla_Uva,20.0,85.31726086005261,0.0,0.5,145.0838168885743
2026-10-01T02:30:00+05:30,Badulla_Uva,19.9,86.15091101749192,0.0,0.5,141.37176114451162
2026-10-01T02:45:00+05:30,Badulla_Uva,19.8,86.87857478157616,0.0,0.55,137.65625407927257
2026-10-01T03:00:00+05:30,Badulla_Uva,19.8,87.52746609050064,0.0,0.55,133.93827478095864
2026-10-01T03:15:00+05:30,Badulla_Uva,19.7,88.11693046780357,0.0,0.6,130.21853022885927
2026-10-01T03:30:00+05:30,Badulla_Uva,19.7,88.66118701608355,0.0,0.65,126.49755105803862
2026-10-01T03:45:00+05:30,Badulla_Uva,19.6,89.17101425849756,0.0,0.65,122.77575167929709
2026-10-01T04:00:00+05:30,Badulla_Uva,19.6,89.65482803207016,0.0,0.6,119.05346911485003
2026-10-01T04:15:00+05:30,Badulla_Uva,19.5,90.11939565440224,0.0,0.6,115.33098769986505
2026-10-01T04:30:00+05:30,Badulla_Uva,19.4,90.57032498083873,0.0,0.7,111.6085575494711
2026-10-01T04:45:00+05:30,Badulla_Uva,19.3,91.01241096214261,0.0,0.92,107.88640822702934
2026-10-01T05:00:00+05:30,Badulla_Uva,19.3,91.44989053572039,0.0,1.3,104.1647579363949
2026-10-01T05:15:00+05:30,Badulla_Uva,19.2,91.88663784259217,0.0,1.6,100.44382242495531
2026-10-01T05:30:00+05:30,Badulla_Uva,19.2,92.32632148836313,0.0,1.8,96.72382292914338
2026-10-01T05:45:00+05:30,Badulla_Uva,19.3,92.77253910979584,0.0,1.77,93.00499229756223
2026-10-01T06:00:00+05:30,Badulla_Uva,19.5,93.22894023248614,0.0,1.62,89.28758281085497
2026-10-01T06:15:00+05:30,Badulla_Uva,19.7,93.69934692166959,17.0,1.5,85.57187471787641
2026-10-01T06:30:00+05:30,Badulla_Uva,20.1,94.1878810292202,44.0,1.36,81.85818453590228
2026-10-01T06:45:00+05:30,Badulla_Uva,20.8,94.69910663907285,77.0,1.26,78.14687676470459
2026-10-01T07:00:00+05:30,Badulla_Uva,21.7,95.23819828465508,114.0,1.1,74.438378357343
2026-10-01T07:15:00+05:30,Badulla_Uva,22.7,95.8111483118575,155.0,0.96,70.73319559071338
2026-10-01T07:30:00+05:30,Badulla_Uva,23.5,96.42503063021468,201.0,0.81,67.03193791254378
2026-10-01T07:45:00+05:30,Badulla_Uva,24.2,97.08834575312852,250.0,0.61,63.33534954294304
2026-10-01T08:00:00+05:30,Badulla_Uva,24.8,97.81148318098178,303.0,0.45,59.644350713100124
2026-10-01T08:15:00+05:30,Badulla_Uva,25.4,98.60735378134484,360.0,0.21,55.96009657234722
2026-10-01T08:30:00+05:30,Badulla_Uva,25.9,99.49227321159645,422.0,0.15,52.284060067695094
2026-10-01T08:45:00+05:30,Badulla_Uva,26.5,100.48722274086509,486.0,0.32,48.618149628197095
2026-10-01T09:00:00+05:30,Badulla_Uva,27.0,101.61968790854968,551.0,0.54,44.96488457295687
2026-10-01T09:15:00+05:30,Badulla_Uva,27.6,102.9264043179104,614.0,0.84,41.32766003252929
2026-10-01T09:30:00+05:30,Badulla_Uva,28.1,104.45756405053686,675.0,1.08,37.71115721977147
2026-10-01T09:45:00+05:30,Badulla_Uva,28.6,106.28343573018799,733.0,1.37,34.12200406218031
2026-10-01T10:00:00+05:30,Badulla_Uva,29.2,108.50508559091708,785.0,1.63,30.56987347689053
2026-10-01T10:15:00+05:30,Badulla_Uva,29.7,111.27224056041814,829.0,1.92,27.069380860347003
2026-10-01T10:30:00+05:30,Badulla_Uva,30.0,114.81377336821527,868.0,2.13,23.643509042617765
2026-10-01T10:45:00+05:30,Badulla_Uva,30.2,119.49019497316255,896.0,2.29,20.33005286415417
2026-10-01T11:00:00+05:30,Badulla_Uva,30.2,125.88067214367737,909.0,2.35,17.194160564135515
2026-10-01T11:15:00+05:30,Badulla_Uva,30.2,134.9001738797005,899.0,2.43,14.35272781169644
2026-10-01T11:30:00+05:30,Badulla_Uva,30.3,147.80914166321003,856.0,2.49,12.016517564525017
2026-10-01T11:45:00+05:30,Badulla_Uva,30.4,165.494947071591,799.0,2.53,10.527456775865431
2026-10-01T12:00:00+05:30,Badulla_Uva,30.5,186.3122371462896,753.0,2.63,10.261239117114599
2026-10-01T12:15:00+05:30,Badulla_Uva,30.6,205.6482325259779,745.0,2.67,11.30459202737029
2026-10-01T12:30:00+05:30,Badulla_Uva,30.7,220.41717315979258,785.0,2.65,13.354007180693841
2026-10-01T12:45:00+05:30,Badulla_Uva,30.8,230.81139578149717,833.0,2.56,16.02809351468393
2026-10-01T13:00:00+05:30,Badulla_Uva,31.0,238.1076914099977,845.0,2.45,19.06578156521583
2026-10-01T13:15:00+05:30,Badulla_Uva,31.0,243.37482334043992,777.0,2.35,22.319082308214817
2026-10-01T13:30:00+05:30,Badulla_Uva,30.7,247.31052599645545,631.0,2.28,25.706243928433736
2026-10-01T13:45:00+05:30,Badulla_Uva,30.0,250.3489777749342,460.0,2.13,29.18066765320244
2026-10-01T14:00:00+05:30,Badulla_Uva,28.9,252.76310665127573,322.0,2.06,32.71453938068982
2026-10-01T14:15:00+05:30,Badulla_Uva,27.7,254.72927239245945,258.0,2.07,36.29047229171398
2026-10-01T14:30:00+05:30,Badulla_Uva,26.7,256.36506378049074,250.0,1.97,39.89713235335708
2026-10-01T14:45:00+05:30,Badulla_Uva,25.9,257.75130591513306,265.0,1.5,43.52685525361309
2026-10-01T15:00:00+05:30,Badulla_Uva,25.3,258.9451320016202,277.0,0.86,47.17428974286646
2026-10-01T15:15:00+05:30,Badulla_Uva,24.7,259.9879636211615,269.0,0.5,50.83559378148789
2026-10-01T15:30:00+05:30,Badulla_Uva,24.3,260.91052497832845,251.0,0.76,54.50794176767135
2026-10-01T15:45:00+05:30,Badulla_Uva,24.0,261.7360816403443,231.0,0.85,58.18921039213241
2026-10-01T16:00:00+05:30,Badulla_Uva,23.9,262.48258796765424,211.0,0.88,61.877772908228366
2026-10-01T16:15:00+05:30,Badulla_Uva,23.8,263.1641460645945,194.0,0.87,65.57236223645384
2026-10-01T16:30:00+05:30,Badulla_Uva,23.7,263.7920190713661,179.0,0.81,69.2719756054851
2026-10-01T16:45:00+05:30,Badulla_Uva,23.6,264.37535023971157,162.0,0.6,72.97580736052838
2026-10-01T17:00:00+05:30,Badulla_Uva,23.6,264.92168400101525,137.0,0.32,76.6832021241454
2026-10-01T17:15:00+05:30,Badulla_Uva,23.5,265.4373510296824,104.0,0.36,80.39361935787853
2026-10-01T17:30:00+05:30,Badulla_Uva,23.4,265.9277592324239,68.0,0.5,84.10660686332366
2026-10-01T17:45:00+05:30,Badulla_Uva,23.2,266.3976192723134,33.0,0.43,87.8217820872037
2026-10-01T18:00:00+05:30,Badulla_Uva,23.0,266.8511241906511,5.0,0.22,91.53881641281131
2026-10-01T18:15:00+05:30,Badulla_Uva,22.7,267.2920979013906,0.0,0.16,95.25742265433641
2026-10-01T18:30:00+05:30,Badulla_Uva,22.5,267.72412385103564,0.0,0.32,98.97734631943398
2026-10-01T18:45:00+05:30,Badulla_Uva,22.4,268.1506626265883,0.0,0.4,102.69835694840759
2026-10-01T19:00:00+05:30,Badulla_Uva,22.4,268.57516697378276,0.0,0.53,106.42024046527155
2026-10-01T19:15:00+05:30,Badulla_Uva,22.4,269.00120279465773,0.0,0.64,110.14279355670739
2026-10-01T19:30:00+05:30,Badulla_Uva,22.3,269.4325854208658,0.0,0.67,113.86581661652487
2026-10-01T19:45:00+05:30,Badulla_Uva,22.3,269.87354361114933,0.0,0.64,117.589106251819
2026-10-01T20:00:00+05:30,Badulla_Uva,22.2,270.32892842321553,0.0,0.6,121.31244821405511
2026-10-01T20:15:00+05:30,Badulla_Uva,22.1,270.80449156139576,0.0,0.54,125.03560691059337
2026-10-01T20:30:00+05:30,Badulla_Uva,22.0,271.3072717661868,0.0,0.49,128.75831172674978
2026-10-01T20:45:00+05:30,Badulla_Uva,21.9,271.84615098613784,0.0,0.47,132.48023967287213
2026-10-01T21:00:00+05:30,Badulla_Uva,21.9,272.43268232158186,0.0,0.43,136.2009880909618
2026-10-01T21:15:00+05:30,Badulla_Uva,21.8,273.0823669552214,0.0,0.41,139.92003328216623
2026-10-01T21:30:00+05:30,Badulla_Uva,21.7,273.8166999867111,0.0,0.41,143.63666638605025
2026-10-01T21:45:00+05:30,Badulla_Uva,21.7,274.6665905544643,0.0,0.46,147.3498841890932
2026-10-01T22:00:00+05:30,Badulla_Uva,21.6,275.6783718477648,0.0,0.51,151.05819746617803
2026-10-01T22:15:00+05:30,Badulla_Uva,21.6,276.9250106403506,0.0,0.57,154.75927436492748
2026-10-01T22:30:00+05:30,Badulla_Uva,21.6,278.5285965020174,0.0,0.62,158.44921852683828
2026-10-01T22:45:00+05:30,Badulla_Uva,21.6,280.70980122480614,0.0,0.67,162.12096795791973
2026-10-01T23:00:00+05:30,Badulla_Uva,21.5,283.91036418330566,0.0,0.76,165.76027206871746
2026-10-01T23:15:00+05:30,Badulla_Uva,21.5,289.14804729512826,0.0,0.81,169.33369372026576
2026-10-01T23:30:00+05:30,Badulla_Uva,21.5,299.27777728460364,0.0,0.81,172.74305991857923
2026-10-01T23:45:00+05:30,Badulla_Uva,21.4,324.1414189274659,0.0,0.76,175.58969633908734
2026-10-02T00:00:00+05:30,Badulla_Uva,21.4,18.020005566267002,0.0,0.72,176.24053647648768
2026-10-02T00:15:00+05:30,Badulla_Uva,21.3,54.12192485455205,0.0,0.67,173.94101911113881
2026-10-02T00:30:00+05:30,Badulla_Uva,21.2,67.97224001848002,0.0,0.62,170.66283976545202
2026-10-02T00:45:00+05:30,Badulla_Uva,21.1,74.54849676984617,0.0,0.62,167.1335610330222
2026-10-02T01:00:00+05:30,Badulla_Uva,21.0,78.35211786314858,0.0,0.66,163.51376193982253
2026-10-02T01:15:00+05:30,Badulla_Uva,20.9,80.85148068666757,0.0,0.7,159.85227999146696
2026-10-02T01:30:00+05:30,Badulla_Uva,20.8,82.64223780420923,0.0,0.7,156.1684336691476
2026-10-02T01:45:00+05:30,Badulla_Uva,20.7,84.00797483718713,0.0,0.65,152.47132020553516
2026-10-02T02:00:00+05:30,Badulla_Uva,20.5,85.10013795886613,0.0,0.55,148.76577657747134
2026-10-02T02:15:00+05:30,Badulla_Uva,20.3,86.00682390594034,0.0,0.5,145.05461687313579
2026-10-02T02:30:00+05:30,Badulla_Uva,20.2,86.78278638812287,0.0,0.45,141.33959809443223
2026-10-02T02:45:00+05:30,Badulla_Uva,20.2,87.46391543044354,0.0,0.45,137.6218819252457
2026-10-02T03:00:00+05:30,Badulla_Uva,20.2,88.07480145448369,0.0,0.5,133.90227606757554
2026-10-02T03:15:00+05:30,Badulla_Uva,20.1,88.63294886731967,0.0,0.55,130.18136869341123
2026-10-02T03:30:00+05:30,Badulla_Uva,20.1,89.15125162237177,0.0,0.6,126.45960620935166
2026-10-02T03:45:00+05:30,Badulla_Uva,19.9,89.6395146066593,0.0,0.7,122.73734237949326
2026-10-02T04:00:00+05:30,Badulla_Uva,19.8,90.10542653499954,0.0,0.8,119.01487021374123
2026-10-02T04:15:00+05:30,Badulla_Uva,19.6,90.55520512242384,0.0,0.9,115.29244214699845
2026-10-02T04:30:00+05:30,Badulla_Uva,19.5,90.99403971306486,0.0,1.0,111.57028550970799
2026-10-02T04:45:00+05:30,Badulla_Uva,19.4,91.4264059783136,0.0,1.0,107.84861418389143
2026-10-02T05:00:00+05:30,Badulla_Uva,19.2,91.85629863321935,0.0,1.0,104.12763644434139
2026-10-02T05:15:00+05:30,Badulla_Uva,19.2,92.28741111399165,0.0,1.0,100.40756297535796
2026-10-02T05:30:00+05:30,Badulla_Uva,19.2,92.72328197631623,0.0,1.0,96.68861426457595
2026-10-02T05:45:00+05:30,Badulla_Uva,19.2,93.16742201638868,0.0,1.1,92.97102644136288
2026-10-02T06:00:00+05:30,Badulla_Uva,19.3,93.62343229565465,1.0,1.2,89.25505903590623
2026-10-02T06:15:00+05:30,Badulla_Uva,19.6,94.09512206469924,24.0,1.31,85.5410036539786
2026-10-02T06:30:00+05:30,Badulla_Uva,20.0,94.58663510666736,65.0,1.31,81.82919262721668
2026-10-02T06:45:00+05:30,Badulla_Uva,20.9,95.10259299399388,116.0,1.25,78.12001129944201
2026-10-02T07:00:00+05:30,Badulla_Uva,22.0,95.64826587155278,175.0,1.1,74.41391334414014
2026-10-02T07:15:00+05:30,Badulla_Uva,23.2,96.22978433929501,236.0,0.9,70.7114388231507
2026-10-02T07:30:00+05:30,Badulla_Uva,24.1,96.85441004266289,299.0,0.71,67.01323966022892
2026-10-02T07:45:00+05:30,Badulla_Uva,24.8,97.53089045078644,362.0,0.41,63.32011348087822
2026-10-02T08:00:00+05:30,Badulla_Uva,25.3,98.2699347448845,425.0,0.11,59.633047919626364
2026-10-02T08:15:00+05:30,Badulla_Uva,25.8,99.0848646922235,485.0,0.32,55.95328378262675
2026-10-02T08:30:00+05:30,Badulla_Uva,26.3,99.99252327429485,540.0,0.61,52.282403895649004
2026-10-02T08:45:00+05:30,Badulla_Uva,26.7,101.01456977262842,590.0,0.81,48.62245928597041
2026-10-02T09:00:00+05:30,Badulla_Uva,27.2,102.17936472648711,637.0,0.97,44.97615688379818
2026-10-02T09:15:00+05:30,Badulla_Uva,27.6,103.52477738398318,684.0,1.07,41.347142554531366
2026-10-02T09:30:00+05:30,Badulla_Uva,28.0,105.10247124968231,729.0,1.23,37.7404385360676
2026-10-02T09:45:00+05:30,Badulla_Uva,28.4,106.98461626610685,771.0,1.37,34.16314554817575
2026-10-02T10:00:00+05:30,Badulla_Uva,28.9,109.2746872271278,808.0,1.46,30.62560520942045
2026-10-02T10:15:00+05:30,Badulla_Uva,29.2,112.12528697982407,837.0,1.61,27.143396920374904
2026-10-02T10:30:00+05:30,Badulla_Uva,29.6,115.76813932032155,860.0,1.71,23.74091247890385
2026-10-02T10:45:00+05:30,Badulla_Uva,29.9,120.56458609235585,876.0,1.82,20.458000182624517
2026-10-02T11:00:00+05:30,Badulla_Uva,30.1,127.08593980804466,885.0,1.88,17.36264884086694
2026-10-02T11:15:00+05:30,Badulla_Uva,30.4,136.21094854242097,890.0,2.0,14.574881253916686
2026-10-02T11:30:00+05:30,Badulla_Uva,30.5,149.09151218826435,900.0,2.12,12.305574690110731
2026-10-02T11:45:00+05:30,Badulla_Uva,30.8,166.4176458064794,900.0,2.29,10.884025191514297
2026-10-02T12:00:00+05:30,Badulla_Uva,31.1,186.51480585447874,872.0,2.58,10.655134556004356
2026-10-02T12:15:00+05:30,Badulla_Uva,31.1,205.18309217029213,793.0,2.74,11.68917694140056
2026-10-02T12:30:00+05:30,Badulla_Uva,30.8,219.62217858560592,651.0,2.67,13.70316491535219
2026-10-02T12:45:00+05:30,Badulla_Uva,29.7,229.9321590452345,490.0,2.4,16.338639619419936
2026-10-02T13:00:00+05:30,Badulla_Uva,28.1,237.25042151868084,359.0,2.4,19.3432038755042
2026-10-02T13:15:00+05:30,Badulla_Uva,26.4,242.57367634920277,300.0,2.76,22.56991680152359
2026-10-02T13:30:00+05:30,Badulla_Uva,25.1,246.57124206643533,297.0,2.87,25.935979082107465
2026-10-02T13:45:00+05:30,Badulla_Uva,24.3,249.66747233246792,324.0,2.15,29.39353574966909
2026-10-02T14:00:00+05:30,Badulla_Uva,23.7,252.1325451466247,357.0,1.08,32.91374414207258
2026-10-02T14:15:00+05:30,Badulla_Uva,23.4,254.14261949542754,383.0,1.13,36.478448781461765
2026-10-02T14:30:00+05:30,Badulla_Uva,23.1,255.81591800019913,427.0,1.86,40.07575413982058
2026-10-02T14:45:00+05:30,Badulla_Uva,23.1,257.23409523451335,464.0,1.98,43.69758541922906
2026-10-02T15:00:00+05:30,Badulla_Uva,23.3,258.4550814740363,469.0,1.79,47.338288350984676
2026-10-02T15:15:00+05:30,Badulla_Uva,23.6,259.5209923235703,423.0,1.49,50.99379430761411
2026-10-02T15:30:00+05:30,Badulla_Uva,23.7,260.46313150364176,331.0,1.2,54.66110593808443
2026-10-02T15:45:00+05:30,Badulla_Uva,23.5,261.3052387786661,231.0,0.65,58.33796803849258
2026-10-02T16:00:00+05:30,Badulla_Uva,23.2,262.0656521922315,152.0,0.22,62.02265135659927
2026-10-02T16:15:00+05:30,Badulla_Uva,22.8,262.7587817706673,109.0,1.04,65.71380830333561
2026-10-02T16:30:00+05:30,Badulla_Uva,22.6,263.3961356010111,87.0,1.5,69.41037231393408
2026-10-02T16:45:00+05:30,Badulla_Uva,22.6,263.9870493119636,73.0,1.46,73.11148684042807
2026-10-02T17:00:00+05:30,Badulla_Uva,22.7,264.53921528639046,62.0,1.04,76.81645572590992
2026-10-02T17:15:00+05:30,Badulla_Uva,22.9,265.05907387526423,50.0,0.54,80.52470571683821
2026-10-02T17:30:00+05:30,Badulla_Uva,22.9,265.5521088275972,38.0,0.25,84.23575845306321
2026-10-02T17:45:00+05:30,Badulla_Uva,22.9,266.0230757677094,22.0,0.18,87.94921065486193
2026-10-02T18:00:00+05:30,Badulla_Uva,22.8,266.47618343118404,3.0,0.16,91.66471760655381
2026-10-02T18:15:00+05:30,Badulla_Uva,22.6,266.91524250600867,0.0,0.22,95.38198008161366
2026-10-02T18:30:00+05:30,Badulla_Uva,22.5,267.3437933536657,0.0,0.29,99.10073523638277
2026-10-02T18:45:00+05:30,Badulla_Uva,22.5,267.7652212783241,0.0,0.39,102.82074775931738
2026-10-02T19:00:00+05:30,Badulla_Uva,22.4,268.1828675732614,0.0,0.53,106.54180220047837
2026-10-02T19:15:00+05:30,Badulla_Uva,22.3,268.6001445195683,0.0,0.64,110.26369751235362
2026-10-02T19:30:00+05:30,Badulla_Uva,22.3,269.0206630266685,0.0,0.67,113.986240361672
2026-10-02T19:45:00+05:30,Badulla_Uva,22.4,269.44838443118493,0.0,0.6,117.70923825565836
2026-10-02T20:00:00+05:30,Badulla_Uva,22.4,269.88781218084324,0.0,0.39,121.43249344464579
2026-10-02T20:15:00+05:30,Badulla_Uva,22.5,270.3442458278212,0.0,0.18,125.15579387815475
2026-10-02T20:30:00+05:30,Badulla_Uva,22.5,270.8241324798581,0.0,0.07,128.87890167519947
2026-10-02T20:45:00+05:30,Badulla_Uva,22.5,271.3355719707498,0.0,0.07,132.601538981807
2026-10-02T21:00:00+05:30,Badulla_Uva,22.5,271.889068773649,0.0,0.18,136.3233655531202
2026-10-02T21:15:00+05:30,Badulla_Uva,22.5,272.4986926672437,0.0,0.29,140.043944976205
2026-10-02T21:30:00+05:30,Badulla_Uva,22.4,273.1839414230418,0.0,0.36,143.762692727459
2026-10-02T21:45:00+05:30,Badulla_Uva,22.3,273.97286246819857,0.0,0.4,147.4787872847794
2026-10-02T22:00:00+05:30,Badulla_Uva,22.2,274.9075571716148,0.0,0.45,151.19101387626552
2026-10-02T22:15:00+05:30,Badulla_Uva,22.0,276.05449500214684,0.0,0.47,154.8974731241418
2026-10-02T22:30:00+05:30,Badulla_Uva,21.9,277.52534116730624,0.0,0.47,158.59498780755462
2026-10-02T22:45:00+05:30,Badulla_Uva,21.8,279.5231981353178,0.0,0.47,162.27777719298285
2026-10-02T23:00:00+05:30,Badulla_Uva,21.7,282.4588340750596,0.0,0.41,165.93408703862184
2026-10-02T23:15:00+05:30,Badulla_Uva,21.6,287.2963184961586,0.0,0.36,169.5359329012012
2026-10-02T23:30:00+05:30,Badulla_Uva,21.5,296.84818974631554,0.0,0.32,172.99854140006659
2026-10-02T23:45:00+05:30,Badulla_Uva,21.4,321.8663516214665,0.0,0.27,175.94748937323274
2026-10-03T00:00:00+05:30,Badulla_Uva,21.2,21.28567683894005,0.0,0.27,176.57879016825854
2026-10-03T00:15:00+05:30,Badulla_Uva,21.1,57.61334685854581,0.0,0.22,174.09529015287148
2026-10-03T00:30:00+05:30,Badulla_Uva,21.0,70.3794421674948,0.0,0.22,170.7315463327006
2026-10-03T00:45:00+05:30,Badulla_Uva,20.9,76.32027005802001,0.0,0.22,167.16184779951092
2026-10-03T01:00:00+05:30,Badulla_Uva,20.8,79.74448827174598,0.0,0.18,163.51959275595536
2026-10-03T01:15:00+05:30,Badulla_Uva,20.7,81.99808385524841,0.0,0.16,159.84419211812673
2026-10-03T01:30:00+05:30,Badulla_Uva,20.7,83.61877626235321,0.0,0.16,156.1510877903278
2026-10-03T01:45:00+05:30,Badulla_Uva,20.6,84.86086959707285,0.0,0.21,152.44752727898054
2026-10-03T02:00:00+05:30,Badulla_Uva,20.5,85.85973891078243,0.0,0.25,148.7373621072569
2026-10-03T02:15:00+05:30,Badulla_Uva,20.5,86.69401529851007,0.0,0.3,145.0228363372966
2026-10-03T02:30:00+05:30,Badulla_Uva,20.4,87.41254726417799,0.0,0.35,141.30535589385832
2026-10-03T02:45:00+05:30,Badulla_Uva,20.3,88.04736458765058,0.0,0.45,137.58585545658684
2026-10-03T03:00:00+05:30,Badulla_Uva,20.2,88.62043604977526,0.0,0.56,133.8649902742767
2026-10-03T03:15:00+05:30,Badulla_Uva,20.1,89.14742891450766,0.0,0.67,130.14324309831133
2026-10-03T03:30:00+05:30,Badulla_Uva,20.0,89.63991618144689,0.0,0.72,126.42098585417091
2026-10-03T03:45:00+05:30,Badulla_Uva,19.9,90.10673288317764,0.0,0.72,122.69851894459312
2026-10-03T04:00:00+05:30,Badulla_Uva,19.8,90.55484381646761,0.0,0.61,118.97609694043751
2026-10-03T04:15:00+05:30,Badulla_Uva,19.7,90.98991972860517,0.0,0.55,115.25394473985374
2026-10-03T04:30:00+05:30,Badulla_Uva,19.7,91.41673358259743,0.0,0.5,111.532270380029
2026-10-03T04:45:00+05:30,Badulla_Uva,19.6,91.83944346948977,0.0,0.5,107.81127491955316
2026-10-03T05:00:00+05:30,Badulla_Uva,19.5,92.26180321633183,0.0,0.5,104.09115909646277
2026-10-03T05:15:00+05:30,Badulla_Uva,19.4,92.68732657720625,0.0,0.56,100.37213058183212
2026-10-03T05:30:00+05:30,Badulla_Uva,19.4,93.11942280647588,0.0,0.61,96.65441092144462
2026-10-03T05:45:00+05:30,Badulla_Uva,19.4,93.56151635781555,0.0,0.66,92.93824116214883
2026-10-03T06:00:00+05:30,Badulla_Uva,19.3,94.01716008459141,1.0,0.76,89.22388960952152
2026-10-03T06:15:00+05:30,Badulla_Uva,19.4,94.49015042852864,24.0,0.86,85.51166069644286
2026-10-03T06:30:00+05:30,Badulla_Uva,19.8,94.98465283317114,64.0,0.86,81.80190402694615
2026-10-03T06:45:00+05:30,Badulla_Uva,20.7,95.50534575965412,112.0,0.76,78.09502728849462
2026-10-03T07:00:00+05:30,Badulla_Uva,21.9,96.05759395198902,167.0,0.66,74.39151245872198
2026-10-03T07:15:00+05:30,Badulla_Uva,23.2,96.64766470795848,226.0,0.46,70.6919351031972
2026-10-03T07:30:00+05:30,Badulla_Uva,24.2,97.28300510556477,289.0,0.3,66.99699154235029
2026-10-03T07:45:00+05:30,Badulla_Uva,24.8,97.97260620954762,355.0,0.1,63.30753499392257
2026-10-03T08:00:00+05:30,Badulla_Uva,25.2,98.72749198298749,420.0,0.14,59.624623037685794
2026-10-03T08:15:00+05:30,Badulla_Uva,25.6,99.56138789635406,483.0,0.36,55.94958513831933
2026-10-03T08:30:00+05:30,Badulla_Uva,25.9,100.49165354292222,541.0,0.56,52.28411759010239
2026-10-03T08:45:00+05:30,Badulla_Uva,26.2,101.54060998649413,595.0,0.72,48.63041835130611
2026-10-03T09:00:00+05:30,Badulla_Uva,26.4,102.73746764571592,644.0,0.81,44.991387210286405
2026-10-03T09:15:00+05:30,Badulla_Uva,26.6,104.12118956347751,691.0,0.95,41.37092708219689
2026-10-03T09:30:00+05:30,Badulla_Uva,26.8,105.74484566719633,733.0,1.04,37.77440867639708
2026-10-03T09:45:00+05:30,Badulla_Uva,27.2,107.68239792555585,770.0,1.19,34.20941377927067
2026-10-03T10:00:00+05:30,Badulla_Uva,27.6,110.03953993171609,798.0,1.29,30.686960517020935
2026-10-03T10:15:00+05:30,Badulla_Uva,28.0,112.97141053189597,816.0,1.43,27.223595629999863
2026-10-03T10:30:00+05:30,Badulla_Uva,28.3,116.71196099236317,824.0,1.52,23.845107591511336
2026-10-03T10:45:00+05:30,Badulla_Uva,28.4,121.62222118440263,822.0,1.61,20.59334048224909
2026-10-03T11:00:00+05:30,Badulla_Uva,28.3,128.2637166587649,808.0,1.7,17.538945700972278
2026-10-03T11:15:00+05:30,Badulla_Uva,28.2,137.4768337527209,780.0,1.75,14.804617764972392
2026-10-03T11:30:00+05:30,Badulla_Uva,28.2,150.308253112689,737.0,1.65,12.600495473980317
2026-10-03T11:45:00+05:30,Badulla_Uva,28.3,167.27444420662414,683.0,1.35,11.2428776706586
2026-10-03T12:00:00+05:30,Badulla_Uva,28.5,186.6960697749793,625.0,0.95,11.048362458970672
2026-10-03T12:15:00+05:30,Badulla_Uva,28.6,204.74225078570538,566.0,0.45,12.073297870708785
2026-10-03T12:30:00+05:30,Badulla_Uva,28.3,218.86310068571677,502.0,0.1,14.053353208130602
2026-10-03T12:45:00+05:30,Badulla_Uva,27.5,229.0833818478869,437.0,0.46,16.651204104247782
2026-10-03T13:00:00+05:30,Badulla_Uva,26.3,236.41581257292208,380.0,0.91,19.622985425782787
2026-10-03T13:15:00+05:30,Badulla_Uva,25.0,241.7890106366499,339.0,1.25,22.823078064334283
2026-10-03T13:30:00+05:30,Badulla_Uva,24.1,245.8440849585918,314.0,1.45,26.167837192805656
2026-10-03T13:45:00+05:30,Badulla_Uva,23.7,248.9950855307871,296.0,1.4,29.60825690039011
2026-10-03T14:00:00+05:30,Badulla_Uva,23.4,251.50900172621834,272.0,1.21,33.11451530011672
2026-10-03T14:15:00+05:30,Badulla_Uva,23.4,253.5614872140104,231.0,0.92,36.667709980935285
2026-10-03T14:30:00+05:30,Badulla_Uva,23.3,255.27120018198724,172.0,0.62,40.25539260723645
2026-10-03T14:45:00+05:30,Badulla_Uva,23.2,256.7204966852038,114.0,0.3,43.86908053466362
2026-10-03T15:00:00+05:30,Badulla_Uva,23.2,257.9680205313161,77.0,0.21,47.5028163820638
2026-10-03T15:15:00+05:30,Badulla_Uva,23.3,259.0565258127416,76.0,0.5,51.152303666995884
2026-10-03T15:30:00+05:30,Badulla_Uva,23.2,260.0178580696252,106.0,0.64,54.81437158933072
2026-10-03T15:45:00+05:30,Badulla_Uva,23.1,260.87620512659953,142.0,0.46,58.486631262017134
2026-10-03T16:00:00+05:30,Badulla_Uva,23.0,261.65027020359736,162.0,0.05,62.167249198289454
2026-10-03T16:15:00+05:30,Badulla_Uva,22.9,262.35475787233065,157.0,0.39,65.85479568740925
2026-10-03T16:30:00+05:30,Badulla_Uva,22.7,263.0014112981056,139.0,0.64,69.54813888797813
2026-10-03T16:45:00+05:30,Badulla_Uva,22.6,263.59975105137397,113.0,0.65,73.24636999280972
2026-10-03T17:00:00+05:30,Badulla_Uva,22.4,264.1576117383338,86.0,0.54,76.94875080191912
2026-10-03T17:15:00+05:30,Badulla_Uva,22.2,264.6815388612825,58.0,0.4,80.65467415831789
2026-10-03T17:30:00+05:30,Badulla_Uva,22.0,265.1770883308546,32.0,0.36,84.3636344024183
2026-10-03T17:45:00+05:30,Badulla_Uva,21.9,265.64905763306683,12.0,0.34,88.07520641783613
2026-10-03T18:00:00+05:30,Badulla_Uva,21.9,266.1016684756803,1.0,0.32,91.78902827847388
2026-10-03T18:15:00+05:30,Badulla_Uva,21.9,266.5387158094451,0.0,0.32,95.50478757696759
2026-10-03T18:30:00+05:30,Badulla_Uva,21.9,266.9636944616245,0.0,0.25,99.22221191633041
2026-10-03T18:45:00+05:30,Badulla_Uva,21.8,267.3799119204773,0.0,0.2,102.94105983505924
2026-10-03T19:00:00+05:30,Badulla_Uva,21.8,267.79059525044914,0.0,0.2,106.66111307410027
2026-10-03T19:15:00+05:30,Badulla_Uva,21.8,268.19899989955354,0.0,0.16,110.38217122216285
2026-10-03T19:30:00+05:30,Badulla_Uva,21.8,268.60852845764026,0.0,0.14,114.10404532874321
2026-10-03T19:45:00+05:30,Badulla_Uva,21.8,269.02286991287735,0.0,0.16,117.8265515686592
2026-10-03T20:00:00+05:30,Badulla_Uva,21.7,269.44617364881486,0.0,0.2,121.5495059918124
2026-10-03T20:15:00+05:30,Badulla_Uva,21.7,269.88327833630706,0.0,0.2,125.27271676873823
2026-10-03T20:30:00+05:30,Badulla_Uva,21.7,270.3400272839061,0.0,0.25,128.9959745828935
2026-10-03T20:45:00+05:30,Badulla_Uva,21.6,270.82372073930094,0.0,0.25,132.71904138111717
2026-10-03T21:00:00+05:30,Badulla_Uva,21.6,271.3437886596458,0.0,0.32,136.44163236569005
2026-10-03T21:15:00+05:30,Badulla_Uva,21.5,271.9128297142678,0.0,0.32,140.16338910345155
2026-10-03T21:30:00+05:30,Badulla_Uva,21.4,272.54828102865235,0.0,0.32,143.88383868423116
2026-10-03T21:45:00+05:30,Badulla_Uva,21.3,273.2752226404955,0.0,0.32,147.6023234127682
2026-10-03T22:00:00+05:30,Badulla_Uva,21.3,274.1313378555449,0.0,0.38,151.31787714824202
2026-10-03T22:15:00+05:30,Badulla_Uva,21.2,275.1762480220725,0.0,0.38,155.02899446271584
2026-10-03T22:30:00+05:30,Badulla_Uva,21.1,276.51047574359256,0.0,0.38,158.7331579370021
2026-10-03T22:45:00+05:30,Badulla_Uva,21.1,278.31791755561767,0.0,0.38,162.42577456321112
2026-10-03T23:00:00+05:30,Badulla_Uva,21.0,280.9740771225087,0.0,0.38,166.09744249668898
2026-10-03T23:15:00+05:30,Badulla_Uva,21.0,285.37576443773037,0.0,0.38,169.7254716706088
2026-10-03T23:30:00+05:30,Badulla_Uva,21.0,294.2405047132295,0.0,0.38,173.23901377068523
2026-10-03T23:45:00+05:30,Badulla_Uva,21.0,319.14619811819455,0.0,0.38,176.2962189524884
2026-10-04T00:00:00+05:30,Badulla_Uva,21.0,25.22066032460782,0.0,0.34,176.90357215834482
2026-10-04T00:15:00+05:30,Badulla_Uva,21.1,61.26407280550683,0.0,0.32,174.22763607563485
2026-10-04T00:30:00+05:30,Badulla_Uva,21.1,72.81112954897407,0.0,0.27,170.7851495638319
2026-10-04T00:45:00+05:30,Badulla_Uva,21.2,78.0936136796962,0.0,0.22,167.179504763095
2026-10-04T01:00:00+05:30,Badulla_Uva,21.2,81.13375197810535,0.0,0.22,163.5175463848314
2026-10-04T01:15:00+05:30,Badulla_Uva,21.3,83.14078696231985,0.0,0.16,159.83004701472413
2026-10-04T01:30:00+05:30,Badulla_Uva,21.3,84.5915739244627,0.0,0.16,156.12897153553493
2026-10-04T01:45:00+05:30,Badulla_Uva,21.4,85.71040068406819,0.0,0.16,152.41992376195537
2026-10-04T02:00:00+05:30,Badulla_Uva,21.4,86.61636745982088,0.0,0.1,148.7058837110589
2026-10-04T02:15:00+05:30,Badulla_Uva,21.4,87.37858470765934,0.0,0.1,144.98859277467983
2026-10-04T02:30:00+05:30,Badulla_Uva,21.3,88.03998565782763,0.0,0.15,141.26914793240877
2026-10-04T02:45:00+05:30,Badulla_Uva,21.1,88.6287432519905,0.0,0.2,137.54828448355553
2026-10-04T03:00:00+05:30,Badulla_Uva,20.9,89.16421137852882,0.0,0.3,133.82652407438516
2026-10-04T03:15:00+05:30,Badulla_Uva,20.6,89.66022697373853,0.0,0.4,130.10425734332313
2026-10-04T03:30:00+05:30,Badulla_Uva,20.4,90.12704801164068,0.0,0.5,126.38179141013396
2026-10-04T03:45:00+05:30,Badulla_Uva,20.1,90.57254454803149,0.0,0.6,122.65938054015314
2026-10-04T04:00:00+05:30,Badulla_Uva,19.7,91.00296137936499,0.0,0.76,118.93724639024987
2026-10-04T04:15:00+05:30,Badulla_Uva,19.4,91.42342539575105,0.0,0.91,115.21559064432685
2026-10-04T04:30:00+05:30,Badulla_Uva,19.2,91.83829563067547,0.0,1.0,111.49460550619001
2026-10-04T04:45:00+05:30,Badulla_Uva,19.0,92.2514145127522,0.0,1.1,107.77448203672427
2026-10-04T05:00:00+05:30,Badulla_Uva,18.9,92.66629646197845,0.0,1.21,104.0554158042875
2026-10-04T05:15:00+05:30,Badulla_Uva,18.8,93.08627666679371,0.0,1.26,100.33761349650587
2026-10-04T05:30:00+05:30,Badulla_Uva,18.9,93.5146358827302,0.0,1.26,96.62129950186836
2026-10-04T05:45:00+05:30,Badulla_Uva,19.1,93.95471273987266,0.0,1.21,92.90672139966738
2026-10-04T06:00:00+05:30,Badulla_Uva,19.4,94.41001213099202,1.0,1.17,89.19415777572148
2026-10-04T06:15:00+05:30,Badulla_Uva,19.7,94.88431765838095,23.0,1.07,85.4839273356499
2026-10-04T06:30:00+05:30,Badulla_Uva,20.2,95.38181608850664,63.0,0.97,81.77639839359729
2026-10-04T06:45:00+05:30,Badulla_Uva,20.7,95.90724207324087,114.0,0.87,78.0720024465292
2026-10-04T07:00:00+05:30,Badulla_Uva,21.2,96.46605380558941,174.0,0.73,74.37125132494023
2026-10-04T07:15:00+05:30,Badulla_Uva,21.8,97.06465353806539,233.0,0.59,70.67475777721252
2026-10-04T07:30:00+05:30,Badulla_Uva,22.4,97.71067122923478,287.0,0.45,66.9832643843393
2026-10-04T07:45:00+05:30,Badulla_Uva,22.9,98.41333784759303,339.0,0.32,63.29768207302399
2026-10-04T08:00:00+05:30,Badulla_Uva,23.4,99.18398679585232,392.0,0.22,59.61914081586681
2026-10-04T08:15:00+05:30,Badulla_Uva,23.9,100.03673945428062,454.0,0.16,55.949061610971576
2026-10-04T08:30:00+05:30,Badulla_Uva,24.3,100.98946050517833,527.0,0.22,52.289257633938156
2026-10-04T08:45:00+05:30,Badulla_Uva,24.8,102.0651154548438,605.0,0.35,48.642077851492054
2026-10-04T09:00:00+05:30,Badulla_Uva,25.2,103.29373795017403,677.0,0.51,45.010619782417535
2026-10-04T09:15:00+05:30,Badulla_Uva,25.6,104.7153428603853,729.0,0.73,41.39904915148645
2026-10-04T09:30:00+05:30,Badulla_Uva,26.0,106.38433864249095,762.0,0.92,37.81309171741628
2026-10-04T09:45:00+05:30,Badulla_Uva,26.4,108.37636620813998,779.0,1.12,34.26081722814496
2026-10-04T10:00:00+05:30,Badulla_Uva,26.8,110.79914385353715,785.0,1.36,30.753925865136857
2026-10-04T10:15:00+05:30,Badulla_Uva,27.1,113.81000386650726,786.0,1.57,27.309931273935028
2026-10-04T10:30:00+05:30,Badulla_Uva,27.4,117.64450944950681,781.0,1.78,23.956000012021036
2026-10-04T10:45:00+05:30,Badulla_Uva,27.6,122.66228608731177,766.0,1.91,20.73590433329528
2026-10-04T11:00:00+05:30,Badulla_Uva,27.8,129.4133321910969,738.0,2.05,17.722768314647794
2026-10-04T11:15:00+05:30,Badulla_Uva,27.9,138.69809566491034,694.0,2.11,15.041506717448485
2026-10-04T11:30:00+05:30,Badulla_Uva,27.8,151.4622122271292,626.0,2.11,12.900752454391423
2026-10-04T11:45:00+05:30,Badulla_Uva,27.6,168.07059722199472,549.0,2.0,11.603631660925814
2026-10-04T12:00:00+05:30,Badulla_Uva,27.3,186.8578422066338,478.0,1.89,11.440787035801321
2026-10-04T12:15:00+05:30,Badulla_Uva,27.0,204.32317529116168,428.0,1.64,12.456781020802211
2026-10-04T12:30:00+05:30,Badulla_Uva,26.5,218.13729550448113,396.0,1.42,14.404284741829045
2026-10-04T12:45:00+05:30,Badulla_Uva,26.0,228.2635357036718,373.0,1.13,16.965474408984534
2026-10-04T13:00:00+05:30,Badulla_Uva,25.5,235.6031163302653,353.0,0.85,19.90483771992416
2026-10-04T13:15:00+05:30,Badulla_Uva,24.9,241.0204857194468,330.0,0.57,23.078311330457396
2026-10-04T13:30:00+05:30,Badulla_Uva,24.3,245.128915802605,308.0,0.32,26.401593373254748
2026-10-04T13:45:00+05:30,Badulla_Uva,23.8,248.33177915122997,287.0,0.21,29.824629900646535
2026-10-04T14:00:00+05:30,Badulla_Uva,23.3,250.89248982429797,267.0,0.35,33.3166699009789
2026-10-04T14:15:00+05:30,Badulla_Uva,22.9,252.9859162797748,248.0,0.55,36.858087010673536
2026-10-04T14:30:00+05:30,Badulla_Uva,22.6,254.73096585959973,231.0,0.71,40.435889856086916
2026-10-04T14:45:00+05:30,Badulla_Uva,22.3,256.21057400396796,215.0,0.81,44.04119140382643
2026-10-04T15:00:00+05:30,Badulla_Uva,22.2,257.4840175502012,198.0,0.9,47.66773164959124
2026-10-04T15:15:00+05:30,Badulla_Uva,22.1,258.5946351660185,181.0,0.95,51.31098540881087
2026-10-04T15:30:00+05:30,Badulla_Uva,22.0,259.5747774127633,164.0,1.0,54.96760703386125
2026-10-04T15:45:00+05:30,Badulla_Uva,22.0,260.44905455135495,146.0,1.07,58.635072383232334
2026-10-04T16:00:00+05:30,Badulla_Uva,22.0,261.23651677493194,128.0,1.09,62.31144216668632
2026-10-04T16:15:00+05:30,Badulla_Uva,22.0,261.952150010412,110.0,1.12,65.9952030570381
2026-10-04T16:30:00+05:30,Badulla_Uva,22.0,262.60792275329493,93.0,1.16,69.68515654082091
2026-10-04T16:45:00+05:30,Badulla_Uva,22.0,263.21353316458635,76.0,1.21,73.38034025624863
2026-10-04T17:00:00+05:30,Badulla_Uva,22.0,263.7769524082857,58.0,1.23,77.07997274434982
2026-10-04T17:15:00+05:30,Badulla_Uva,22.0,264.30482666624476,40.0,1.22,80.78341179536524
2026-10-04T17:30:00+05:30,Badulla_Uva,22.0,264.80278038086885,23.0,1.25,84.49012334269497
2026-10-04T17:45:00+05:30,Badulla_Uva,22.0,265.2756498531281,9.0,1.21,88.19965934391661
2026-10-04T18:00:00+05:30,Badulla_Uva,22.0,265.7276671003821,1.0,1.18,91.9116395664599
2026-10-04T18:15:00+05:30,Badulla_Uva,22.0,266.1626088947175,0.0,1.11,95.6257372889003
2026-10-04T18:30:00+05:30,Badulla_Uva,21.9,266.5839221655826,0.0,1.04,99.34166936578042
2026-10-04T18:45:00+05:30,Badulla_Uva,21.9,266.99483415817065,0.0,0.94,103.05918688566221
2026-10-04T19:00:00+05:30,Badulla_Uva,21.9,267.39845506524426,0.0,0.87,106.77806733454237
2026-10-04T19:15:00+05:30,Badulla_Uva,21.9,267.7978804611592,0.0,0.74,110.49810929356036
2026-10-04T19:30:00+05:30,Badulla_Uva,21.8,268.19630094178103,0.0,0.65,114.2191262829541
2026-10-04T19:45:00+05:30,Badulla_Uva,21.8,268.5971285136118,0.0,0.59,117.94094087337665
2026-10-04T20:00:00+05:30,Badulla_Uva,21.7,269.0041524349586,0.0,0.51,121.66338016457743
2026-10-04T20:15:00+05:30,Badulla_Uva,21.7,269.42174230114483,0.0,0.45,125.38626914915197
2026-10-04T20:30:00+05:30,Badulla_Uva,21.6,269.8551261990226,0.0,0.45,129.1094227994684
2026-10-04T20:45:00+05:30,Badulla_Uva,21.5,270.310788374451,0.0,0.45,132.83263736693698
2026-10-04T21:00:00+05:30,Badulla_Uva,21.4,270.79705991530875,0.0,0.45,136.55567628902745
2026-10-04T21:15:00+05:30,Badulla_Uva,21.3,271.32503097403196,0.0,0.45,140.2782494331603
2026-10-04T21:30:00+05:30,Badulla_Uva,21.2,271.91001825613705,0.0,0.45,143.99998217793922
2026-10-04T21:45:00+05:30,Badulla_Uva,21.1,272.5740343871121,0.0,0.45,147.72036178756224
2026-10-04T22:00:00+05:30,Badulla_Uva,21.0,273.35016772046606,0.0,0.5,151.43864316665497
2026-10-04T22:15:00+05:30,Badulla_Uva,20.9,274.2908566672569,0.0,0.5,155.15367301198083
2026-10-04T22:30:00+05:30,Badulla_Uva,20.7,275.4847907976835,0.0,0.55,158.86352767713845
2026-10-04T22:45:00+05:30,Badulla_Uva,20.6,277.0950693967327,0.0,0.55,162.56469331804536
2026-10-04T23:00:00+05:30,Badulla_Uva,20.5,279.4576729415935,0.0,0.6,166.24993809843113
2026-10-04T23:15:00+05:30,Badulla_Uva,20.3,283.38814370405106,0.0,0.6,169.90159244762037
2026-10-04T23:30:00+05:30,Badulla_Uva,20.2,291.44877436151836,0.0,0.65,173.4628701290478
2026-10-04T23:45:00+05:30,Badulla_Uva,20.0,315.860646731415,0.0,0.7,176.63326622742625
2026-10-05T00:00:00+05:30,Badulla_Uva,19.9,30.011707344335036,0.0,0.7,177.21053459576498
2026-10-05T00:15:00+05:30,Badulla_Uva,19.8,65.05544780876596,0.0,0.76,174.3367564146705
2026-10-05T00:30:00+05:30,Badulla_Uva,19.6,75.25928888247495,0.0,0.81,170.82356674050294
2026-10-05T00:45:00+05:30,Badulla_Uva,19.5,79.86528394954269,0.0,0.86,167.18664353142663
2026-10-05T01:00:00+05:30,Badulla_Uva,19.3,82.51832497397652,0.0,0.91,163.5077659088234
2026-10-05T01:15:00+05:30,Badulla_Uva,19.2,84.27868676813205,0.0,0.91,159.80998739487023
2026-10-05T01:30:00+05:30,Badulla_Uva,19.0,85.560050843579,0.0,0.96,156.10222083447408
2026-10-05T01:45:00+05:30,Badulla_Uva,18.9,86.55616009466507,0.0,1.01,152.38863820578337
2026-10-05T02:00:00+05:30,Badulla_Uva,18.8,87.36971540223033,0.0,1.06,148.67146330889648
2026-10-05T02:15:00+05:30,Badulla_Uva,18.7,88.0602859496679,0.0,1.06,144.95200241768686
2026-10-05T02:30:00+05:30,Badulla_Uva,18.7,88.6648960599008,0.0,1.11,141.23108559865986
2026-10-05T02:45:00+05:30,Badulla_Uva,18.6,89.20787374471416,0.0,1.16,137.5092762479803
2026-10-05T03:00:00+05:30,Badulla_Uva,18.5,89.7059694402468,0.0,1.21,133.78698111782933
2026-10-05T03:15:00+05:30,Badulla_Uva,18.5,90.17119930190705,0.0,1.2,130.06451192298786
2026-10-05T03:30:00+05:30,Badulla_Uva,18.4,90.6125138685345,0.0,1.25,126.34212055940255
2026-10-05T03:45:00+05:30,Badulla_Uva,18.4,91.03682414652053,0.0,1.3,122.62002230389528
2026-10-05T04:00:00+05:30,Badulla_Uva,18.3,91.44965953267086,0.0,1.3,118.89841136593566
2026-10-05T04:15:00+05:30,Badulla_Uva,18.3,91.85560662504435,0.0,1.35,115.17747049068868
2026-10-05T04:30:00+05:30,Badulla_Uva,18.4,92.25861328666781,0.0,1.35,111.4573794647988
2026-10-05T04:45:00+05:30,Badulla_Uva,18.5,92.66220840916105,0.0,1.35,107.7383221482093
2026-10-05T05:00:00+05:30,Badulla_Uva,18.6,93.06966862533545,0.0,1.35,104.02049127691792
2026-10-05T05:15:00+05:30,Badulla_Uva,18.7,93.48415176293406,0.0,1.35,100.30409455819503
2026-10-05T05:30:00+05:30,Badulla_Uva,19.0,93.90881093052917,0.0,1.35,96.58936098424724
2026-10-05T05:45:00+05:30,Badulla_Uva,19.3,94.34689947094398,0.0,1.3,92.87654625784205
2026-10-05T06:00:00+05:30,Badulla_Uva,19.7,94.80187455264968,1.0,1.25,89.16594072715512
2026-10-05T06:15:00+05:30,Badulla_Uva,20.2,95.27750686913453,25.0,1.2,85.45787879227781
2026-10-05T06:30:00+05:30,Badulla_Uva,20.7,95.77800410562998,67.0,1.15,81.7527488822062
2026-10-05T06:45:00+05:30,Badulla_Uva,21.3,96.30815630657082,121.0,1.11,78.05100774166652
2026-10-05T07:00:00+05:30,Badulla_Uva,21.9,96.87351382604828,184.0,1.01,74.35319856369098
2026-10-05T07:15:00+05:30,Badulla_Uva,22.5,97.48061194283656,247.0,0.92,70.65997291058746
2026-10-05T07:30:00+05:30,Badulla_Uva,23.1,98.13726069755796,305.0,0.82,66.9721214291793
2026-10-05T07:45:00+05:30,Badulla_Uva,23.6,98.85292694401937,362.0,0.73,63.290614795006945
2026-10-05T08:00:00+05:30,Badulla_Uva,24.2,99.63924774756867,420.0,0.63,59.616657722216374
2026-10-05T08:15:00+05:30,Badulla_Uva,24.7,100.5107320247937,488.0,0.49,55.95176547723349
2026-10-05T08:30:00+05:30,Badulla_Uva,25.2,101.48573724208143,570.0,0.34,52.29787134013189
2026-10-05T08:45:00+05:30,Badulla_Uva,25.6,102.58785494727425,658.0,0.14,48.6574790957906
2026-10-05T09:00:00+05:30,Badulla_Uva,26.1,103.84791391968781,739.0,0.2,45.03388847623795
2026-10-05T09:15:00+05:30,Badulla_Uva,26.5,105.3069369291104,799.0,0.47,41.43153318901671
2026-10-05T09:30:00+05:30,Badulla_Uva,26.9,107.02060047194055,837.0,0.79,37.85649972451607
2026-10-05T09:45:00+05:30,Badulla_Uva,27.3,109.0661080998002,858.0,1.11,34.31735127587241
2026-10-05T10:00:00+05:30,Badulla_Uva,27.6,111.55300550287683,868.0,1.49,30.826473354495832
2026-10-05T10:15:00+05:30,Badulla_Uva,28.0,114.640475473246,873.0,1.82,27.402342350763057
2026-10-05T10:30:00+05:30,Badulla_Uva,28.2,118.56509012597485,868.0,2.09,24.073478285971376
2026-10-05T10:45:00+05:30,Badulla_Uva,28.4,123.68403629946681,854.0,2.31,20.885504986016585
2026-10-05T11:00:00+05:30,Badulla_Uva,28.6,130.53424373187818,828.0,2.53,17.913820056370184
2026-10-05T11:15:00+05:30,Badulla_Uva,28.7,139.87517100130435,791.0,2.65,15.28511658690617
2026-10-05T11:30:00+05:30,Badulla_Uva,28.6,152.5562243285068,738.0,2.65,13.205840857284585
2026-10-05T11:45:00+05:30,Badulla_Uva,28.4,168.81085961751774,676.0,2.53,11.96593108878784
2026-10-05T12:00:00+05:30,Badulla_Uva,28.1,187.00172278419862,616.0,2.33,11.832273252531252
2026-10-05T12:15:00+05:30,Badulla_Uva,27.8,203.9236512279586,564.0,2.02,12.839459125438822
2026-10-05T12:30:00+05:30,Badulla_Uva,27.3,217.4423486958085,520.0,1.7,14.755688505942302
2026-10-05T12:45:00+05:30,Badulla_Uva,26.8,227.4711698812885,479.0,1.32,17.281152100277694
2026-10-05T13:00:00+05:30,Badulla_Uva,26.2,234.8116002106762,439.0,0.85,20.1884818884962
2026-10-05T13:15:00+05:30,Badulla_Uva,25.6,240.26775923515711,398.0,0.43,23.335368345645335
2026-10-05T13:30:00+05:30,Badulla_Uva,25.1,244.4255907143027,358.0,0.11,26.637027524418528
2026-10-05T13:45:00+05:30,Badulla_Uva,24.6,247.67751066690977,320.0,0.4,30.04245746855598
2026-10-05T14:00:00+05:30,Badulla_Uva,24.1,250.2830199805078,280.0,0.72,33.52002852187579
2026-10-05T14:15:00+05:30,Badulla_Uva,23.7,252.41594583156677,238.0,0.98,37.04941438800187
2026-10-05T14:30:00+05:30,Badulla_Uva,23.3,254.1952700099451,191.0,1.19,40.617091390224815
2026-10-05T14:45:00+05:30,Badulla_Uva,23.1,255.70439115873637,146.0,1.3,44.21377231100502
2026-10-05T15:00:00+05:30,Badulla_Uva,22.9,257.00314173638446,109.0,1.29,47.83289556674444
2026-10-05T15:15:00+05:30,Badulla_Uva,22.8,258.13539274767066,84.0,1.29,51.46970682336229
2026-10-05T15:30:00+05:30,Badulla_Uva,22.8,259.13396391431775,69.0,1.23,55.120684477914686
2026-10-05T15:45:00+05:30,Badulla_Uva,22.7,260.0238628519479,59.0,1.17,58.78316777411033
2026-10-05T16:00:00+05:30,Badulla_Uva,22.7,260.8244688486367,50.0,1.05,62.45511020482776
2026-10-05T16:15:00+05:30,Badulla_Uva,22.7,261.55103619928275,41.0,0.9,66.13491345116032
2026-10-05T16:30:00+05:30,Badulla_Uva,22.7,262.215749113729,32.0,0.8,69.82131102019947
2026-10-05T16:45:00+05:30,Badulla_Uva,22.7,262.82847608409025,25.0,0.71,73.51328576390134
2026-10-05T17:00:00+05:30,Badulla_Uva,22.7,263.3973192373468,19.0,0.62,77.21001180201097
2026-10-05T17:15:00+05:30,Badulla_Uva,22.7,263.9290210223784,13.0,0.54,80.91081076143944
2026-10-05T17:30:00+05:30,Badulla_Uva,22.7,264.4292708394478,8.0,0.51,84.6151190913834
2026-10-05T17:45:00+05:30,Badulla_Uva,22.6,264.9029408154804,4.0,0.47,88.32246475547984
2026-10-05T18:00:00+05:30,Badulla_Uva,22.6,265.3542706792093,0.0,0.43,92.03244813382096
2026-10-05T18:15:00+05:30,Badulla_Uva,22.5,265.78701665855095,0.0,0.43,95.74472707233782
2026-10-05T18:30:00+05:30,Badulla_Uva,22.4,266.2045755123946,0.0,0.39,99.45900648315396
2026-10-05T18:45:00+05:30,Badulla_Uva,22.4,266.6100919290511,0.0,0.35,103.17502870597127
2026-10-05T19:00:00+05:30,Badulla_Uva,22.3,267.00655672964774,0.0,0.32,106.89256552130001
2026-10-05T19:15:00+05:30,Badulla_Uva,22.2,267.3969027571296,0.0,0.28,110.61141284610312
2026-10-05T19:30:00+05:30,Badulla_Uva,22.1,267.78410517684085,0.0,0.25,114.33138473888805
2026-10-05T19:45:00+05:30,Badulla_Uva,22.1,268.17129469426084,0.0,0.25,118.05230786284241
2026-10-05T20:00:00+05:30,Badulla_Uva,22.0,268.56189480242784,0.0,0.18,121.77401757002713
2026-10-05T20:15:00+05:30,Badulla_Uva,21.9,268.95979840297196,0.0,0.18,125.49635221253857
2026-10-05T20:30:00+05:30,Badulla_Uva,21.8,269.36960774077505,0.0,0.14,129.2191466727534
2026-10-05T20:45:00+05:30,Badulla_Uva,21.8,269.7969757897951,0.0,0.14,132.94222586418854
2026-10-05T21:00:00+05:30,Badulla_Uva,21.7,270.249112093523,0.0,0.16,136.66539402582532
2026-10-05T21:15:00+05:30,Badulla_Uva,21.6,270.73556341182496,0.0,0.15,140.38841929967188
2026-10-05T21:30:00+05:30,Badulla_Uva,21.5,271.2694702079471,0.0,0.2,144.11101147129503
2026-10-05T21:45:00+05:30,Badulla_Uva,21.4,271.8696840816542,0.0,0.25,147.83278295961844
2026-10-05T22:00:00+05:30,Badulla_Uva,21.4,272.5645324013729,0.0,0.3,151.55318047210508
2026-10-05T22:15:00+05:30,Badulla_Uva,21.3,273.3989551010912,0.0,0.32,155.27135787547138
2026-10-05T22:30:00+05:30,Badulla_Uva,21.2,274.44915410484657,0.0,0.36,158.98591284166707
2026-10-05T22:45:00+05:30,Badulla_Uva,21.2,275.8559079641316,0.0,0.43,162.69428746911737
2026-10-05T23:00:00+05:30,Badulla_Uva,21.1,277.911525922181,0.0,0.43,166.39119899007738
2026-10-05T23:15:00+05:30,Badulla_Uva,21.1,281.3361482404254,0.0,0.49,170.06360200614682
2026-10-05T23:30:00+05:30,Badulla_Uva,21.0,288.4701912253297,0.0,0.49,173.66843164416207
2026-10-05T23:45:00+05:30,Badulla_Uva,21.0,311.85320443598954,0.0,0.49,176.9550301546642
2026-10-06T00:00:00+05:30,Badulla_Uva,21.0,35.89018210084356,0.0,0.49,177.49359039523057
2026-10-06T00:15:00+05:30,Badulla_Uva,21.0,68.96280996848242,0.0,0.49,174.42155408332843
2026-10-06T00:30:00+05:30,Badulla_Uva,20.9,77.7156276593364,0.0,0.49,170.84680223351512
2026-10-06T00:45:00+05:30,Badulla_Uva,20.8,81.6320826087067,0.0,0.49,167.18340968372604
2026-10-06T01:00:00+05:30,Badulla_Uva,20.7,83.89666880250343,0.0,0.54,163.49040960901436
2026-10-06T01:15:00+05:30,Badulla_Uva,20.6,85.41090973869842,0.0,0.54,159.78416321381644
2026-10-06T01:30:00+05:30,Badulla_Uva,20.5,86.52364590096772,0.0,0.59,156.07097488308443
2026-10-06T01:45:00+05:30,Badulla_Uva,20.4,87.39775197254016,0.0,0.63,152.3538001682361
2026-10-06T02:00:00+05:30,Badulla_Uva,20.3,88.11948252895115,0.0,0.68,148.63422240117643
2026-10-06T02:15:00+05:30,Badulla_Uva,20.2,88.73887816458233,0.0,0.68,144.91318010012628
2026-10-06T02:30:00+05:30,Badulla_Uva,20.1,89.28707650138176,0.0,0.73,141.1912781704258
2026-10-06T02:45:00+05:30,Badulla_Uva,20.0,89.78458069494792,0.0,0.73,137.468935329637
2026-10-06T03:00:00+05:30,Badulla_Uva,20.0,90.24555366364825,0.0,0.78,133.74646194707998
2026-10-06T03:15:00+05:30,Badulla_Uva,19.9,90.68020294035188,0.0,0.78,130.02410385119407
2026-10-06T03:30:00+05:30,Badulla_Uva,19.9,91.09618080641542,0.0,0.78,126.30206718095316
2026-10-06T03:45:00+05:30,Badulla_Uva,19.8,91.49944614733522,0.0,0.78,122.58053528654638
2026-10-06T04:00:00+05:30,Badulla_Uva,19.8,91.89481821216646,0.0,0.78,118.85968032409599
2026-10-06T04:15:00+05:30,Badulla_Uva,19.8,92.28634730472663,0.0,0.78,115.13967032037351
2026-10-06T04:30:00+05:30,Badulla_Uva,19.8,92.67757316801271,0.0,0.78,111.42067601961615
2026-10-06T04:45:00+05:30,Badulla_Uva,19.9,93.07171347938487,0.0,0.78,107.70287683787042
2026-10-06T05:00:00+05:30,Badulla_Uva,20.0,93.4718088351957,0.0,0.73,103.98646498441494
2026-10-06T05:15:00+05:30,Badulla_Uva,20.1,93.88084098999781,0.0,0.73,100.27165116012546
2026-10-06T05:30:00+05:30,Badulla_Uva,20.2,94.30183630225469,0.0,0.68,96.55867069627472
2026-10-06T05:45:00+05:30,Badulla_Uva,20.4,94.73796337788883,0.0,0.63,92.8477889853061
2026-10-06T06:00:00+05:30,Badulla_Uva,20.6,95.19263188422082,1.0,0.54,89.13930959100149
2026-10-06T06:15:00+05:30,Badulla_Uva,20.9,95.66959949637061,28.0,0.47,85.43358400202617
2026-10-06T06:30:00+05:30,Badulla_Uva,21.2,96.1730943455338,76.0,0.39,81.73102213974906
2026-10-06T06:45:00+05:30,Badulla_Uva,21.6,96.70796097110741,135.0,0.32,78.03210739765852
2026-10-06T07:00:00+05:30,Badulla_Uva,22.0,97.27984046321131,203.0,0.25,74.33741579994361
2026-10-06T07:15:00+05:30,Badulla_Uva,22.4,97.89539901520953,271.0,0.3,70.6476393028895
2026-10-06T07:30:00+05:30,Badulla_Uva,22.9,98.56262370876749,335.0,0.36,66.96361836166304
2026-10-06T07:45:00+05:30,Badulla_Uva,23.3,99.29121294480115,395.0,0.46,63.286385359490694
2026-10-06T08:00:00+05:30,Badulla_Uva,23.8,100.09310125284236,451.0,0.61,59.617221988810506
2026-10-06T08:15:00+05:30,Badulla_Uva,24.3,100.98317615070607,507.0,0.81,55.957740377920764
2026-10-06T08:30:00+05:30,Badulla_Uva,24.7,101.98027483524987,558.0,0.94,52.30999693315963
2026-10-06T08:45:00+05:30,Badulla_Uva,25.2,103.108595490923,605.0,1.08,48.67665378413168
2026-10-06T09:00:00+05:30,Badulla_Uva,25.6,104.39973258802064,647.0,1.23,45.06121694981041
2026-10-06T09:15:00+05:30,Badulla_Uva,26.1,105.89567108791573,686.0,1.38,41.46839268846139
2026-10-06T09:30:00+05:30,Badulla_Uva,26.5,107.65328275726591,720.0,1.47,37.90463298589333
2026-10-06T09:45:00+05:30,Badulla_Uva,26.9,109.75121486026944,749.0,1.57,34.3789985339397
2026-10-06T10:00:00+05:30,Badulla_Uva,27.2,112.30064110756206,774.0,1.68,30.904561172427584
2026-10-06T10:15:00+05:30,Badulla_Uva,27.6,115.46225369104098,794.0,1.77,27.50075224151096
2026-10-06T10:30:00+05:30,Badulla_Uva,27.9,119.47304728019674,813.0,1.87,24.197414906075153
2026-10-06T10:45:00+05:30,Badulla_Uva,28.1,124.68680047662167,826.0,1.92,21.041939984446188
2026-10-06T11:00:00+05:30,Badulla_Uva,28.3,131.62603378439127,828.0,1.96,18.111792877665934
2026-10-06T11:15:00+05:30,Badulla_Uva,28.4,141.0086471698449,810.0,2.01,15.535017498664857
2026-10-06T11:30:00+05:30,Badulla_Uva,28.5,153.5930856975342,770.0,2.01,13.515278619749381
2026-10-06T11:45:00+05:30,Badulla_Uva,28.5,169.49953860980554,718.0,2.01,12.329443699104658
2026-10-06T12:00:00+05:30,Badulla_Uva,28.4,187.12913062709774,670.0,1.96,12.222687339004395
2026-10-06T12:15:00+05:30,Badulla_Uva,28.3,203.54173668811498,639.0,1.9,13.221171085173623
2026-10-06T12:30:00+05:30,Badulla_Uva,28.1,216.77605414691385,621.0,1.81,15.107308605921105
2026-10-06T12:45:00+05:30,Badulla_Uva,27.9,226.70490904297435,610.0,1.71,17.597952386873644
2026-10-06T13:00:00+05:30,Badulla_Uva,27.7,234.0405483930063,597.0,1.6,20.47364872985314
2026-10-06T13:15:00+05:30,Badulla_Uva,27.4,239.5304876406908,578.0,1.46,23.594007601933342
2026-10-06T13:30:00+05:30,Badulla_Uva,27.1,243.7339608118992,557.0,1.3,26.87392460535635
2026-10-06T13:45:00+05:30,Badulla_Uva,26.8,247.03223282380227,533.0,1.15,30.26154649870896
2026-10-06T14:00:00+05:30,Badulla_Uva,26.4,249.68059918917015,508.0,1.0,33.72441549661834
2026-10-06T14:15:00+05:30,Badulla_Uva,26.1,251.85161264961909,482.0,0.81,37.241530221648546
2026-10-06T14:30:00+05:30,Badulla_Uva,25.7,253.66416623389813,454.0,0.65,40.79884627943971
2026-10-06T14:45:00+05:30,Badulla_Uva,25.3,255.20201151231643,425.0,0.49,44.38668116198505
2026-10-06T15:00:00+05:30,Badulla_Uva,24.9,256.52546228702215,395.0,0.32,47.998173267529815
2026-10-06T15:15:00+05:30,Badulla_Uva,24.5,257.6788713781054,363.0,0.16,51.62833904622871
2026-10-06T15:30:00+05:30,Badulla_Uva,24.1,258.69549277879565,331.0,0.14,55.2734801089094
2026-10-06T15:45:00+05:30,Badulla_Uva,23.7,259.600706948177,298.0,0.25,58.93079793309293
2026-10-06T16:00:00+05:30,Badulla_Uva,23.3,260.41420473584367,264.0,0.4,62.59813753434048
2026-10-06T16:15:00+05:30,Badulla_Uva,23.0,261.1514960341158,228.0,0.55,66.27381433897762
2026-10-06T16:30:00+05:30,Badulla_Uva,22.7,261.82497129507954,192.0,0.7,69.95649265544264
2026-10-06T16:45:00+05:30,Badulla_Uva,22.4,262.4446621837609,157.0,0.8,73.64509938599377
2026-10-06T17:00:00+05:30,Badulla_Uva,22.1,263.0187962721769,120.0,0.95,77.33876311683946
2026-10-06T17:15:00+05:30,Badulla_Uva,21.9,263.55420792901305,83.0,1.0,81.03676824182536
2026-10-06T17:30:00+05:30,Badulla_Uva,21.7,264.0566479990356,47.0,1.1,84.73852067706672
2026-10-06T17:45:00+05:30,Badulla_Uva,21.5,264.5310215092049,19.0,1.15,88.44352335101622
2026-10-06T18:00:00+05:30,Badulla_Uva,21.4,264.9815733705045,2.0,1.2,92.15135619279461
2026-10-06T18:15:00+05:30,Badulla_Uva,21.3,265.4120369812465,0.0,1.25,95.86166050582644
2026-10-06T18:30:00+05:30,Badulla_Uva,21.2,265.8257567543383,0.0,1.25,99.5741280752564
2026-10-06T18:45:00+05:30,Badulla_Uva,21.1,266.2257926272326,0.0,1.25,103.28849119465782
2026-10-06T19:00:00+05:30,Badulla_Uva,21.0,266.61501370054236,0.0,1.3,107.00451448577451
2026-10-06T19:15:00+05:30,Badulla_Uva,20.9,266.9961874214975,0.0,1.3,110.7219895347711
2026-10-06T19:30:00+05:30,Badulla_Uva,20.9,267.37207033989966,0.0,1.3,114.44072898817986
2026-10-06T19:45:00+05:30,Badulla_Uva,20.8,267.745507873809,0.0,1.3,118.16056127464407
2026-10-06T20:00:00+05:30,Badulla_Uva,20.8,268.11955255824887,0.0,1.3,121.88132716090917
2026-10-06T20:15:00+05:30,Badulla_Uva,20.8,268.49761359549,0.0,1.25,125.6028748334103
2026-10-06T20:30:00+05:30,Badulla_Uva,20.8,268.8836576261653,0.0,1.25,129.32505462011002
2026-10-06T20:45:00+05:30,Badulla_Uva,20.8,269.28249231170076,0.0,1.25,133.0477143223014
2026-10-06T21:00:00+05:30,Badulla_Uva,20.8,269.7001847873804,0.0,1.2,136.77069134699096
2026-10-06T21:15:00+05:30,Badulla_Uva,20.7,270.1447062976886,0.0,1.16,140.4938017701983
2026-10-06T21:30:00+05:30,Badulla_Uva,20.7,270.62696957986213,0.0,1.16,144.21682539381408
2026-10-06T21:45:00+05:30,Badulla_Uva,20.7,271.16257872537074,0.0,1.16,147.93947913065074
2026-10-06T22:00:00+05:30,Badulla_Uva,20.7,271.7749463913622,0.0,1.12,151.66137071732487
2026-10-06T22:15:00+05:30,Badulla_Uva,20.7,272.5012209736119,0.0,1.12,155.3819133183736
2026-10-06T22:30:00+05:30,Badulla_Uva,20.6,273.4045059068052,0.0,1.12,159.10014742825683
2026-10-06T22:45:00+05:30,Badulla_Uva,20.6,274.6018263243427,0.0,1.12,162.81433386440173
2026-10-06T23:00:00+05:30,Badulla_Uva,20.6,276.3378637245083,0.0,1.08,166.52088025950195
2026-10-06T23:15:00+05:30,Badulla_Uva,20.5,279.2234650163698,0.0,1.08,170.2108433857279
2026-10-06T23:30:00+05:30,Badulla_Uva,20.4,285.30612335328357,0.0,1.08,173.8539823100644
2026-10-06T23:45:00+05:30,Badulla_Uva,20.3,306.9253948635264,0.0,1.08,177.25650798465847
2026-10-07T00:00:00+05:30,Badulla_Uva,20.2,43.114707829923475,0.0,1.08,177.7443170657522
2026-10-07T00:15:00+05:30,Badulla_Uva,20.1,72.95601673555177,0.0,1.13,174.48120302853997
2026-10-07T00:30:00+05:30,Badulla_Uva,19.9,80.17174136968475,0.0,1.13,170.8549496464035
2026-10-07T00:45:00+05:30,Badulla_Uva,19.7,83.39089100813942,0.0,1.13,167.16998201857479
2026-10-07T01:00:00+05:30,Badulla_Uva,19.5,85.26730046837775,0.0,1.18,163.46565050257055
2026-10-07T01:15:00+05:30,Badulla_Uva,19.3,86.5366160875601,0.0,1.17,159.7527315027869
2026-10-07T01:30:00+05:30,Badulla_Uva,19.1,87.48181902951495,0.0,1.22,156.03537615820693
2026-10-07T01:45:00+05:30,Badulla_Uva,18.9,88.23479414276477,0.0,1.27,152.31554032838804
2026-10-07T02:00:00+05:30,Badulla_Uva,18.7,88.86537784714358,0.0,1.26,148.59428224793655
2026-10-07T02:15:00+05:30,Badulla_Uva,18.5,89.41412687177512,0.0,1.31,144.87223948289466
2026-10-07T02:30:00+05:30,Badulla_Uva,18.3,89.90632951009371,0.0,1.31,141.1498330665613
2026-10-07T02:45:00+05:30,Badulla_Uva,18.2,90.35869193022745,0.0,1.31,137.42736391852964
2026-10-07T03:00:00+05:30,Badulla_Uva,18.0,90.78280974971472,0.0,1.36,133.7050642847159
2026-10-07T03:15:00+05:30,Badulla_Uva,17.8,91.18709652204961,0.0,1.36,129.9831269632451
2026-10-07T03:30:00+05:30,Badulla_Uva,17.7,91.57791695781873,0.0,1.36,126.26172166505266
2026-10-07T03:45:00+05:30,Badulla_Uva,17.6,91.96028570133717,0.0,1.36,122.54100677034695
2026-10-07T04:00:00+05:30,Badulla_Uva,17.5,92.338317722807,0.0,1.35,118.8211377012844
2026-10-07T04:15:00+05:30,Badulla_Uva,17.5,92.71553143979065,0.0,1.35,115.10227192386012
2026-10-07T04:30:00+05:30,Badulla_Uva,17.5,93.09506180166488,0.0,1.35,111.3845744637315
2026-10-07T04:45:00+05:30,Badulla_Uva,17.5,93.47981778007079,0.0,1.35,107.66822300923025
2026-10-07T05:00:00+05:30,Badulla_Uva,17.6,93.87260580850466,0.0,1.3,103.95341151268414
2026-10-07T05:15:00+05:30,Badulla_Uva,17.7,94.27623293220182,0.0,1.31,100.24035561341353
2026-10-07T05:30:00+05:30,Badulla_Uva,17.9,94.69359969747063,0.0,1.26,96.52929868475682
2026-10-07T05:45:00+05:30,Badulla_Uva,18.1,95.12779053477965,0.0,1.21,92.82051734709326
2026-10-07T06:00:00+05:30,Badulla_Uva,18.4,95.58216781753947,1.0,1.17,89.11432980690397
2026-10-07T06:15:00+05:30,Badulla_Uva,18.8,96.06047605144238,28.0,1.12,85.41110600568011
2026-10-07T06:30:00+05:30,Badulla_Uva,19.2,96.56696327229719,75.0,1.03,81.71127870031847
2026-10-07T06:45:00+05:30,Badulla_Uva,19.7,97.10652751755379,134.0,0.95,78.01535929691201
2026-10-07T07:00:00+05:30,Badulla_Uva,20.2,97.68489905291563,201.0,0.85,74.32395807443403
2026-10-07T07:15:00+05:30,Badulla_Uva,20.8,98.30887269416462,268.0,0.74,70.63780891122002
2026-10-07T07:30:00+05:30,Badulla_Uva,21.4,98.98660928664344,331.0,0.68,66.95780374218505
2026-10-07T07:45:00+05:30,Badulla_Uva,22.1,99.72803412962321,391.0,0.64,63.2850385299705
2026-10-07T08:00:00+05:30,Badulla_Uva,22.7,100.5453726098811,449.0,0.61,59.620874071014114
2026-10-07T08:15:00+05:30,Badulla_Uva,23.4,101.45388137432087,506.0,0.54,55.96702179345431
2026-10-07T08:30:00+05:30,Badulla_Uva,24.1,102.47286358578083,559.0,0.56,52.325664041941835
2026-10-07T08:45:00+05:30,Badulla_Uva,24.7,103.62710371959724,608.0,0.6,48.699624521942816
2026-10-07T09:00:00+05:30,Badulla_Uva,25.4,104.94893125681949,653.0,0.67,45.09261919055314
2026-09-30T09:15:00+05:30,Jaffna_Northern,31.0,104.78527563081354,600.0,5.38,42.957984801412536
2026-09-30T09:30:00+05:30,Jaffna_Northern,31.1,106.56363763213369,634.0,5.42,39.39878367705443
2026-09-30T09:45:00+05:30,Jaffna_Northern,31.1,108.6509834707835,663.0,5.46,35.87528134458924
2026-09-30T10:00:00+05:30,Jaffna_Northern,31.0,111.14466453702352,692.0,5.46,32.399225492966345
2026-09-30T10:15:00+05:30,Jaffna_Northern,31.0,114.18327201028666,729.0,5.46,28.98778469709803
2026-09-30T10:30:00+05:30,Jaffna_Northern,30.9,117.96805642856214,775.0,5.44,25.66682860083
2026-09-30T10:45:00+05:30,Jaffna_Northern,31.0,122.79529871828822,824.0,5.37,22.476590809461825
2026-09-30T11:00:00+05:30,Jaffna_Northern,31.0,129.09983122584265,865.0,5.26,19.48148175978413
2026-09-30T11:15:00+05:30,Jaffna_Northern,31.1,137.49046156609006,891.0,5.12,16.786357272288527
2026-09-30T11:30:00+05:30,Jaffna_Northern,31.2,148.68566671078906,904.0,5.06,14.558853955254364
2026-09-30T11:45:00+05:30,Jaffna_Northern,31.2,163.1023167692549,906.0,5.02,13.040896015263328
2026-09-30T12:00:00+05:30,Jaffna_Northern,31.3,179.9347635041654,904.0,5.03,12.493877564617506
2026-09-30T12:15:00+05:30,Jaffna_Northern,31.3,196.767566857794,899.0,5.08,13.040577649362262
2026-09-30T12:30:00+05:30,Jaffna_Northern,31.3,211.18493562518952,892.0,5.11,14.558293147180308
2026-09-30T12:45:00+05:30,Jaffna_Northern,31.4,222.38068554285246,881.0,5.13,16.78564861636525
2026-09-30T13:00:00+05:30,Jaffna_Northern,31.4,230.7714604911559,861.0,5.12,19.480701286944154
2026-09-30T13:15:00+05:30,Jaffna_Northern,31.4,237.07573189341997,831.0,5.12,22.475792933500372
2026-09-30T13:30:00+05:30,Jaffna_Northern,31.4,241.9023569633597,787.0,5.12,25.666052575897552
2026-09-30T13:45:00+05:30,Jaffna_Northern,31.3,245.68621243813385,738.0,5.05,28.987060411349518
2026-09-30T14:00:00+05:30,Jaffna_Northern,31.2,248.72360883428755,696.0,4.94,32.39857841174126
2026-09-30T14:15:00+05:30,Jaffna_Northern,31.1,251.21581192589463,669.0,4.83,35.87473453879889
2026-09-30T14:30:00+05:30,Jaffna_Northern,31.0,253.30141795809482,657.0,4.76,39.39835884247512
2026-09-30T14:45:00+05:30,Jaffna_Northern,30.9,255.07777684405912,647.0,4.76,42.957704175248914
2026-09-30T15:00:00+05:30,Jaffna_Northern,30.9,256.61474521376397,626.0,4.76,46.54450434070012
2026-09-30T15:15:00+05:30,Jaffna_Northern,30.8,257.9635204951351,586.0,4.81,50.15279246990228
2026-09-30T15:30:00+05:30,Jaffna_Northern,30.8,259.16238894883327,533.0,4.81,53.778162503414215
2026-09-30T15:45:00+05:30,Jaffna_Northern,30.7,260.2405318548529,473.0,4.75,57.41729274524081
2026-09-30T16:00:00+05:30,Jaffna_Northern,30.5,261.22059579841743,413.0,4.67,61.06763096081597
2026-09-30T16:15:00+05:30,Jaffna_Northern,30.3,262.12046337539533,356.0,4.6,64.72718259660978
2026-09-30T16:30:00+05:30,Jaffna_Northern,30.2,262.95449658241614,301.0,4.59,68.39436308051904
2026-09-30T16:45:00+05:30,Jaffna_Northern,30.0,263.73442734405654,246.0,4.68,72.06789331788164
2026-09-30T17:00:00+05:30,Jaffna_Northern,29.8,264.4700082756646,193.0,4.82,75.74672571651222
2026-09-30T17:15:00+05:30,Jaffna_Northern,29.6,265.1694976810506,140.0,4.97,79.42998861346301
2026-09-30T17:30:00+05:30,Jaffna_Northern,29.5,265.8400296169606,90.0,5.09,83.11694449101876
2026-09-30T17:45:00+05:30,Jaffna_Northern,29.3,266.4879041772586,47.0,5.19,86.80695934052603
2026-09-30T18:00:00+05:30,Jaffna_Northern,29.2,267.1188223282712,11.0,5.32,90.49947734799665
2026-09-30T18:15:00+05:30,Jaffna_Northern,29.1,267.7380840491243,0.0,5.42,94.19400031698046
2026-09-30T18:30:00+05:30,Jaffna_Northern,29.0,268.35076447142586,0.0,5.48,97.89007179436179
2026-09-30T18:45:00+05:30,Jaffna_Northern,29.0,268.96187977000466,0.0,5.5,101.5872617201076
2026-09-30T19:00:00+05:30,Jaffna_Northern,28.9,269.5765545597547,0.0,5.46,105.28515205986517
2026-09-30T19:15:00+05:30,Jaffna_Northern,28.9,270.20020313677924,0.0,5.34,108.98332394108043
2026-09-30T19:30:00+05:30,Jaffna_Northern,28.9,270.83873831369397,0.0,5.3,112.68134228752317
2026-09-30T19:45:00+05:30,Jaffna_Northern,28.9,271.4988264685517,0.0,5.21,116.3787382059614
2026-09-30T20:00:00+05:30,Jaffna_Northern,28.9,272.1882145354301,0.0,5.14,120.07498899954048
2026-09-30T20:15:00+05:30,Jaffna_Northern,28.9,272.91616556452055,0.0,5.06,123.76949052478
2026-09-30T20:30:00+05:30,Jaffna_Northern,28.9,273.6940594772957,0.0,4.92,127.46151994641293
2026-09-30T20:45:00+05:30,Jaffna_Northern,28.9,274.5362479923634,0.0,4.79,131.15018498722924
2026-09-30T21:00:00+05:30,Jaffna_Northern,28.9,275.4613071456613,0.0,4.6,134.83434794516168
2026-09-30T21:15:00+05:30,Jaffna_Northern,28.9,276.49392952140573,0.0,4.44,138.51251119524474
2026-09-30T21:30:00+05:30,Jaffna_Northern,28.8,277.6678779205548,0.0,4.38,142.18263973632168
2026-09-30T21:45:00+05:30,Jaffna_Northern,28.8,279.03076345045685,0.0,4.37,145.84187033270794
2026-09-30T22:00:00+05:30,Jaffna_Northern,28.7,280.6520963096456,0.0,4.43,149.48601742256133
2026-09-30T22:15:00+05:30,Jaffna_Northern,28.7,282.637498014582,0.0,4.55,153.1086914478351
2026-09-30T22:30:00+05:30,Jaffna_Northern,28.6,285.1551685117548,0.0,4.57,156.69962319335013
2026-09-30T22:45:00+05:30,Jaffna_Northern,28.6,288.48827226030187,0.0,4.57,160.24125055779214
2026-09-30T23:00:00+05:30,Jaffna_Northern,28.5,293.1456686822697,0.0,4.52,163.70115622778013
2026-09-30T23:15:00+05:30,Jaffna_Northern,28.5,300.1095615806025,0.0,4.49,167.013613510898
2026-09-30T23:30:00+05:30,Jaffna_Northern,28.4,311.3795715696267,0.0,4.46,170.0303132161538
2026-09-30T23:45:00+05:30,Jaffna_Northern,28.3,330.6727592734411,0.0,4.49,172.3907480665847
2026-10-01T00:00:00+05:30,Jaffna_Northern,28.2,0.2318771045096355,0.0,4.55,173.35424425687143
2026-10-01T00:15:00+05:30,Jaffna_Northern,28.1,29.71058524608702,0.0,4.52,172.37170393147338
2026-10-01T00:30:00+05:30,Jaffna_Northern,27.8,48.89704835248472,0.0,4.34,170.00130394626905
2026-10-01T00:45:00+05:30,Jaffna_Northern,27.3,60.106293569725096,0.0,3.9,166.9803083023882
2026-10-01T01:00:00+05:30,Jaffna_Northern,26.7,67.03873453148316,0.0,3.37,163.66592638184642
2026-10-01T01:15:00+05:30,Jaffna_Northern,26.0,71.67912310751143,0.0,3.09,160.20513085985232
2026-10-01T01:30:00+05:30,Jaffna_Northern,25.6,75.00257568867158,0.0,3.02,156.66312916809903
2026-10-01T01:45:00+05:30,Jaffna_Northern,25.4,77.51465464231643,0.0,3.08,153.07211838163872
2026-10-01T02:00:00+05:30,Jaffna_Northern,25.5,79.49689983378539,0.0,3.19,149.44955697408085
2026-10-01T02:15:00+05:30,Jaffna_Northern,25.6,81.11665607634194,0.0,3.21,145.80566220007233
2026-10-01T02:30:00+05:30,Jaffna_Northern,25.6,82.47906855519142,0.0,3.01,142.1467966317115
2026-10-01T02:45:00+05:30,Jaffna_Northern,25.7,83.65337070505996,0.0,2.54,138.47713060105406
2026-10-01T03:00:00+05:30,Jaffna_Northern,25.7,84.68700786258336,0.0,1.81,134.79951976594728
2026-10-01T03:15:00+05:30,Jaffna_Northern,25.8,85.61364262651341,0.0,1.1,131.11599640265283
2026-10-01T03:30:00+05:30,Jaffna_Northern,25.8,86.45790857723398,0.0,0.7,127.42805729899334
2026-10-01T03:45:00+05:30,Jaffna_Northern,25.8,87.23834956473127,0.0,0.71,123.7368418934254
2026-10-01T04:00:00+05:30,Jaffna_Northern,25.7,87.96930386851369,0.0,0.96,120.04324634304784
2026-10-01T04:15:00+05:30,Jaffna_Northern,25.7,88.66215222850974,0.0,1.2,116.34799781389287
2026-10-01T04:30:00+05:30,Jaffna_Northern,25.7,89.32616968251449,0.0,1.27,112.65170664307824
2026-10-01T04:45:00+05:30,Jaffna_Northern,25.7,89.96912482411636,0.0,1.2,108.95490360802398
2026-10-01T05:00:00+05:30,Jaffna_Northern,25.7,90.59771495075353,0.0,0.99,105.25806617803569
2026-10-01T05:15:00+05:30,Jaffna_Northern,25.8,91.2178927420452,0.0,0.75,101.56164015687055
2026-10-01T05:30:00+05:30,Jaffna_Northern,25.8,91.83512176814173,0.0,0.51,97.86605752720013
2026-10-01T05:45:00+05:30,Jaffna_Northern,25.9,92.45458647329201,0.0,0.3,94.17175064015525
2026-10-01T06:00:00+05:30,Jaffna_Northern,25.9,93.0813745245232,0.0,0.14,90.47916696239866
2026-10-01T06:15:00+05:30,Jaffna_Northern,26.0,93.72064604923685,11.0,0.25,86.78878395213415
2026-10-01T06:30:00+05:30,Jaffna_Northern,26.1,94.37780219532772,44.0,0.43,83.10112357034791
2026-10-01T06:45:00+05:30,Jaffna_Northern,26.4,95.05866412816846,87.0,0.49,79.41677046804375
2026-10-01T07:00:00+05:30,Jaffna_Northern,26.7,95.7696751229991,138.0,0.52,75.73639362105449
2026-10-01T07:15:00+05:30,Jaffna_Northern,27.1,96.51814073530056,191.0,0.51,72.06077153973985
2026-10-01T07:30:00+05:30,Jaffna_Northern,27.5,97.31252525979608,246.0,0.55,68.39082618426036
2026-10-01T07:45:00+05:30,Jaffna_Northern,27.9,98.16282999692453,301.0,0.65,64.72766711258673
2026-10-01T08:00:00+05:30,Jaffna_Northern,28.4,99.08108910134558,358.0,0.78,61.07264874226789
2026-10-01T08:15:00+05:30,Jaffna_Northern,28.8,100.08203344700473,417.0,0.85,57.42745007039023
2026-10-01T08:30:00+05:30,Jaffna_Northern,29.2,101.18399810621202,477.0,0.92,53.794185002240596
2026-10-01T08:45:00+05:30,Jaffna_Northern,29.7,102.41018737161733,537.0,0.84,50.17555665488107
2026-10-01T09:00:00+05:30,Jaffna_Northern,30.2,103.79047058148893,595.0,0.71,46.575081904706714
2026-10-01T09:15:00+05:30,Jaffna_Northern,30.6,105.36398063003656,649.0,0.61,42.99742229138287
2026-10-01T09:30:00+05:30,Jaffna_Northern,31.0,107.18294594320793,697.0,0.61,39.448881907161876
2026-10-01T09:45:00+05:30,Jaffna_Northern,31.3,109.31844260652832,741.0,0.79,35.93818018190984
2026-10-01T10:00:00+05:30,Jaffna_Northern,31.5,111.86916587005555,781.0,1.03,32.47768010780403
2026-10-01T10:15:00+05:30,Jaffna_Northern,31.7,114.97493514390885,817.0,1.31,29.08539244777085
2026-10-01T10:30:00+05:30,Jaffna_Northern,31.8,118.83737823415294,848.0,1.53,25.7883340482784
2026-10-01T10:45:00+05:30,Jaffna_Northern,32.0,123.75033394741945,875.0,1.61,22.628251324196697
2026-10-01T11:00:00+05:30,Jaffna_Northern,32.1,130.13847247336963,898.0,1.65,19.671346193155756
2026-10-01T11:15:00+05:30,Jaffna_Northern,32.2,138.58192492916214,917.0,1.66,17.023893661090796
2026-10-01T11:30:00+05:30,Jaffna_Northern,32.3,149.7353116318368,933.0,1.75,14.852372538577654
2026-10-01T11:45:00+05:30,Jaffna_Northern,32.3,163.9203842611323,944.0,1.88,13.390417645090636
2026-10-01T12:00:00+05:30,Jaffna_Northern,32.3,180.30262559591878,949.0,2.02,12.8819549676207
2026-10-01T12:15:00+05:30,Jaffna_Northern,32.3,196.62870210115761,944.0,2.17,13.435689864636998
2026-10-01T12:30:00+05:30,Jaffna_Northern,32.3,210.68765300768956,931.0,2.24,14.933925342545422
2026-10-01T12:45:00+05:30,Jaffna_Northern,32.4,221.7112035294198,911.0,2.22,17.130592531661577
2026-10-01T13:00:00+05:30,Jaffna_Northern,32.5,230.050859388883,887.0,2.17,19.794489320018798
2026-10-01T13:15:00+05:30,Jaffna_Northern,32.7,236.3631042764096,861.0,2.09,22.762123247092077
2026-10-01T13:30:00+05:30,Jaffna_Northern,32.8,241.22164651747389,830.0,2.07,25.929371666770024
2026-10-01T13:45:00+05:30,Jaffna_Northern,32.9,245.04467951615052,796.0,2.04,29.231373169514846
2026-10-01T14:00:00+05:30,Jaffna_Northern,33.0,248.12125622078497,761.0,2.1,32.627188956505506
2026-10-01T14:15:00+05:30,Jaffna_Northern,33.1,250.64975337571542,727.0,2.07,36.09029170027335
2026-10-01T14:30:00+05:30,Jaffna_Northern,33.1,252.76782394286047,694.0,2.04,39.602974056507165
2026-10-01T14:45:00+05:30,Jaffna_Northern,33.2,254.57271174709388,660.0,2.0,43.15306768178448
2026-10-01T15:00:00+05:30,Jaffna_Northern,33.3,256.1345037951664,621.0,2.07,46.73198102477548
2026-10-01T15:15:00+05:30,Jaffna_Northern,33.3,257.50474007405313,575.0,2.21,50.33349627726943
2026-10-01T15:30:00+05:30,Jaffna_Northern,33.3,258.7220632680443,526.0,2.28,53.95301301093942
2026-10-01T15:45:00+05:30,Jaffna_Northern,33.2,259.81598422723266,474.0,2.23,57.587057991236954
2026-10-01T16:00:00+05:30,Jaffna_Northern,33.0,260.8094377662671,419.0,2.07,61.2329599927705
2026-10-01T16:15:00+05:30,Jaffna_Northern,32.8,261.72055055206215,363.0,1.92,64.88863041409847
2026-10-01T16:30:00+05:30,Jaffna_Northern,32.6,262.56388651520444,305.0,1.8,68.55240995986048
2026-10-01T16:45:00+05:30,Jaffna_Northern,32.4,263.3513410665256,248.0,1.75,72.22295997883307
2026-10-01T17:00:00+05:30,Jaffna_Northern,32.2,264.09279575643836,193.0,1.71,75.89918539942873
2026-10-01T17:15:00+05:30,Jaffna_Northern,31.9,264.7966067233012,139.0,1.65,79.58017686662501
2026-10-01T17:30:00+05:30,Jaffna_Northern,31.6,265.4699774973657,88.0,1.61,83.26516725517403
2026-10-01T17:45:00+05:30,Jaffna_Northern,31.4,266.11925121536956,45.0,1.74,86.95349979388756
2026-10-01T18:00:00+05:30,Jaffna_Northern,31.1,266.7501465296763,10.0,2.01,90.6446018607883
2026-10-01T18:15:00+05:30,Jaffna_Northern,30.8,267.3679559378169,0.0,2.15,94.33796381499
2026-10-01T18:30:00+05:30,Jaffna_Northern,30.5,267.97772116364564,0.0,2.02,98.03312278090685
2026-10-01T18:45:00+05:30,Jaffna_Northern,30.1,268.58439723480336,0.0,1.62,101.72964719118876
2026-10-01T19:00:00+05:30,Jaffna_Northern,29.7,269.1930168356058,0.0,2.13,105.42712254649535
2026-10-01T19:15:00+05:30,Jaffna_Northern,29.2,269.8088669965344,0.0,3.31,109.1251389345642
2026-10-01T19:30:00+05:30,Jaffna_Northern,28.8,270.4376914643852,0.0,4.14,112.82327634663177
2026-10-01T19:45:00+05:30,Jaffna_Northern,28.4,271.0859367743134,0.0,4.22,116.52108813312282
2026-10-01T20:00:00+05:30,Jaffna_Northern,28.1,271.7610668660727,0.0,3.8,120.21808258264711
2026-10-01T20:15:00+05:30,Jaffna_Northern,27.8,272.47198159780015,0.0,3.36,123.91369755346761
2026-10-01T20:30:00+05:30,Jaffna_Northern,27.6,273.22959388591187,0.0,3.02,127.60726650730655
2026-10-01T20:45:00+05:30,Jaffna_Northern,27.5,274.0476516301135,0.0,2.64,131.2979725305828
2026-10-01T21:00:00+05:30,Jaffna_Northern,27.6,274.94394368052895,0.0,2.18,134.98477939343275
2026-10-01T21:15:00+05:30,Jaffna_Northern,27.6,275.94212576466435,0.0,1.76,138.66632764852696
2026-10-01T21:30:00+05:30,Jaffna_Northern,27.7,277.07457911415037,0.0,1.53,142.3407735204257
2026-10-01T21:45:00+05:30,Jaffna_Northern,27.7,278.3870527241262,0.0,1.25,146.00552394508227
2026-10-01T22:00:00+05:30,Jaffna_Northern,27.6,279.94652494175654,0.0,0.98,149.656784816677
2026-10-01T22:15:00+05:30,Jaffna_Northern,27.6,281.85517552710326,0.0,0.73,153.2887508841206
2026-10-01T22:30:00+05:30,Jaffna_Northern,27.6,284.2766475059427,0.0,0.61,156.89205499099882
2026-10-01T22:45:00+05:30,Jaffna_Northern,27.6,287.488721645053,0.0,0.61,160.45057751570542
2026-10-01T23:00:00+05:30,Jaffna_Northern,27.5,291.99692787621166,0.0,0.68,163.9342717007098
2026-10-01T23:15:00+05:30,Jaffna_Northern,27.5,298.79727439964716,0.0,0.81,167.28123958568844
2026-10-01T23:30:00+05:30,Jaffna_Northern,27.5,309.9913327383141,0.0,0.9,170.34792335361064
2026-10-01T23:45:00+05:30,Jaffna_Northern,27.4,329.7467148722528,0.0,0.97,172.7682590224881
2026-10-02T00:00:00+05:30,Jaffna_Northern,27.3,0.9884315522273255,0.0,1.0,173.74100078794748
2026-10-02T00:15:00+05:30,Jaffna_Northern,27.2,31.749371686246548,0.0,1.1,172.66557907671017
2026-10-02T00:30:00+05:30,Jaffna_Northern,27.1,50.90794147046279,0.0,1.17,170.19425344398456
2026-10-02T00:45:00+05:30,Jaffna_Northern,27.0,61.780642537598055,0.0,1.24,167.1062447584332
2026-10-02T01:00:00+05:30,Jaffna_Northern,27.0,68.41835266711576,0.0,1.31,163.74952491647338
2026-10-02T01:15:00+05:30,Jaffna_Northern,26.9,72.83823359470301,0.0,1.38,160.26086381323756
2026-10-02T01:30:00+05:30,Jaffna_Northern,26.9,75.9985574949784,0.0,1.39,156.6996213485283
2026-10-02T01:45:00+05:30,Jaffna_Northern,26.8,78.38783118734437,0.0,1.41,153.09478540502147
2026-10-02T02:00:00+05:30,Jaffna_Northern,26.7,80.27557630537905,0.0,1.43,149.46198243646057
2026-10-02T02:15:00+05:30,Jaffna_Northern,26.7,81.82111830583722,0.0,1.45,145.81032916797716
2026-10-02T02:30:00+05:30,Jaffna_Northern,26.6,83.12422912791612,0.0,1.43,142.14549491789887
2026-10-02T02:45:00+05:30,Jaffna_Northern,26.7,84.25047080780058,0.0,1.42,138.4711950569447
2026-10-02T03:00:00+05:30,Jaffna_Northern,26.7,85.24472208884731,0.0,1.43,134.78997622172827
2026-10-02T03:15:00+05:30,Jaffna_Northern,26.8,86.13881116409914,0.0,1.45,131.10365475854547
2026-10-02T03:30:00+05:30,Jaffna_Northern,26.8,86.95603408149452,0.0,1.45,127.41357308569675
2026-10-02T03:45:00+05:30,Jaffna_Northern,26.8,87.7139424986052,0.0,1.4,123.72075832496972
2026-10-02T04:00:00+05:30,Jaffna_Northern,26.8,88.4261281321734,0.0,1.32,120.02602392056207
2026-10-02T04:15:00+05:30,Jaffna_Northern,26.7,89.10340379948013,0.0,1.2,116.33003576014265
2026-10-02T04:30:00+05:30,Jaffna_Northern,26.7,89.75460940529013,0.0,1.14,112.633358869173
2026-10-02T04:45:00+05:30,Jaffna_Northern,26.6,90.3871793039375,0.0,1.05,108.93649095997223
2026-10-02T05:00:00+05:30,Jaffna_Northern,26.6,91.00755497987257,0.0,0.87,105.23988613236449
2026-10-02T05:15:00+05:30,Jaffna_Northern,26.6,91.6214957913619,0.0,0.72,101.54397477659901
2026-10-02T05:30:00+05:30,Jaffna_Northern,26.6,92.23432317720062,0.0,0.63,97.84918025399685
2026-10-02T05:45:00+05:30,Jaffna_Northern,26.7,92.85112272400221,0.0,0.62,94.15593236152623
2026-10-02T06:00:00+05:30,Jaffna_Northern,26.8,93.47692116785163,0.0,0.65,90.46468170361786
2026-10-02T06:15:00+05:30,Jaffna_Northern,26.9,94.11685231887367,12.0,0.75,86.77591448640392
2026-10-02T06:30:00+05:30,Jaffna_Northern,27.1,94.7763240146291,46.0,0.81,83.09016723110088
2026-10-02T06:45:00+05:30,Jaffna_Northern,27.4,95.46119704535835,89.0,0.91,79.40804544295611
2026-10-02T07:00:00+05:30,Jaffna_Northern,27.7,96.17798865677173,138.0,0.98,75.73024604823968
2026-10-02T07:15:00+05:30,Jaffna_Northern,28.1,96.93411567797193,189.0,1.09,72.05758378445094
2026-10-02T07:30:00+05:30,Jaffna_Northern,28.4,97.738195650676,241.0,1.15,68.39102676167548
2026-10-02T07:45:00+05:30,Jaffna_Northern,28.7,98.6004317499378,293.0,1.17,64.73174288204024
2026-10-02T08:00:00+05:30,Jaffna_Northern,28.9,99.53311766185107,346.0,1.21,61.081160194761424
2026-10-02T08:15:00+05:30,Jaffna_Northern,29.2,100.55131331608436,400.0,1.19,57.44105084617305
2026-10-02T08:30:00+05:30,Jaffna_Northern,29.4,101.67376756955179,454.0,1.21,53.81364722216378
2026-10-02T08:45:00+05:30,Jaffna_Northern,29.7,102.92420210465866,507.0,1.21,50.20180431214595
2026-10-02T09:00:00+05:30,Jaffna_Northern,29.9,104.33312943087697,558.0,1.23,46.609235528476304
2026-10-02T09:15:00+05:30,Jaffna_Northern,30.1,105.94047456165254,608.0,1.25,43.04085951596966
2026-10-02T09:30:00+05:30,Jaffna_Northern,30.3,107.799423809362,656.0,1.31,39.50332061016806
2026-10-02T09:45:00+05:30,Jaffna_Northern,30.5,109.98216744817842,701.0,1.42,36.005793632033246
2026-10-02T10:00:00+05:30,Jaffna_Northern,30.7,112.58858473479864,741.0,1.65,32.56125678295861
2026-10-02T10:15:00+05:30,Jaffna_Northern,30.9,115.7594592058415,775.0,1.91,29.18855511922191
2026-10-02T10:30:00+05:30,Jaffna_Northern,31.0,119.69636101413818,800.0,2.09,25.91582634601852
2026-10-02T10:45:00+05:30,Jaffna_Northern,31.1,124.69000273512069,820.0,2.26,22.78626203225444
2026-10-02T11:00:00+05:30,Jaffna_Northern,31.1,131.15398862233917,836.0,2.46,19.86770199046113
2026-10-02T11:15:00+05:30,Jaffna_Northern,31.2,139.63931699298348,851.0,2.68,17.267537283961857
2026-10-02T11:30:00+05:30,Jaffna_Northern,31.3,150.73944847683265,866.0,2.74,15.150652627236937
2026-10-02T11:45:00+05:30,Jaffna_Northern,31.4,164.69145465365978,877.0,2.65,13.742274975968641
2026-10-02T12:00:00+05:30,Jaffna_Northern,31.7,180.6435488107992,882.0,2.41,13.269971868175304
2026-10-02T12:15:00+05:30,Jaffna_Northern,31.9,196.49291253819547,878.0,2.15,13.829991683481083
2026-10-02T12:30:00+05:30,Jaffna_Northern,32.0,210.21088927498815,867.0,1.89,15.309457876030422
2026-10-02T12:45:00+05:30,Jaffna_Northern,32.1,221.0652265464212,849.0,1.64,17.47638437197935
2026-10-02T13:00:00+05:30,Jaffna_Northern,32.2,229.3505501696565,826.0,1.33,20.109726078409608
2026-10-02T13:15:00+05:30,Jaffna_Northern,32.3,235.6664835883662,801.0,1.03,23.05014370828495
2026-10-02T13:30:00+05:30,Jaffna_Northern,32.3,240.55325963016048,768.0,0.78,26.194389694674236
2026-10-02T13:45:00+05:30,Jaffna_Northern,32.3,244.41264669038492,733.0,0.65,29.47726645229934
2026-10-02T14:00:00+05:30,Jaffna_Northern,32.2,247.52630882267442,702.0,0.51,32.857199119603926
2026-10-02T14:15:00+05:30,Jaffna_Northern,32.2,250.0895497812284,679.0,0.41,36.30704091683301
2026-10-02T14:30:00+05:30,Jaffna_Northern,32.1,252.2389265806011,666.0,0.32,39.80856598687476
2026-10-02T14:45:00+05:30,Jaffna_Northern,32.2,254.0714651345525,652.0,0.52,43.34919431582181
2026-10-02T15:00:00+05:30,Jaffna_Northern,32.2,255.65740404869416,628.0,0.95,46.92001347061375
2026-10-02T15:15:00+05:30,Jaffna_Northern,32.3,257.04857082192666,587.0,1.46,50.51455648030857
2026-10-02T15:30:00+05:30,Jaffna_Northern,32.3,258.283925900897,533.0,1.92,54.12802890303835
2026-10-02T15:45:00+05:30,Jaffna_Northern,32.2,259.39328224241524,473.0,2.29,57.756805581145194
2026-10-02T16:00:00+05:30,Jaffna_Northern,32.0,260.3998431008211,413.0,2.68,61.398095551896716
2026-10-02T16:15:00+05:30,Jaffna_Northern,31.8,261.3219647212038,356.0,2.96,65.04971525359119
2026-10-02T16:30:00+05:30,Jaffna_Northern,31.5,262.1744021671132,301.0,3.24,68.70992969421468
2026-10-02T16:45:00+05:30,Jaffna_Northern,31.3,262.9692061306253,247.0,3.42,72.37733968257069
2026-10-02T17:00:00+05:30,Jaffna_Northern,31.0,263.7163807296555,193.0,3.54,76.05080169813628
2026-10-02T17:15:00+05:30,Jaffna_Northern,30.7,264.4243748705961,138.0,3.61,79.72936773974325
2026-10-02T17:30:00+05:30,Jaffna_Northern,30.4,265.1004574056793,86.0,3.65,83.41224013765893
2026-10-02T17:45:00+05:30,Jaffna_Northern,30.1,265.75101098691323,42.0,3.7,87.09873841997228
2026-10-02T18:00:00+05:30,Jaffna_Northern,29.7,266.38176882391093,9.0,3.7,90.78827220931116
2026-10-02T18:15:00+05:30,Jaffna_Northern,29.4,266.99801301347907,0.0,3.64,94.48031944312439
2026-10-02T18:30:00+05:30,Jaffna_Northern,29.2,267.6047489915916,0.0,3.61,98.17440979555516
2026-10-02T18:45:00+05:30,Jaffna_Northern,29.0,268.20686762730224,0.0,3.52,101.870109089015
2026-10-02T19:00:00+05:30,Jaffna_Northern,28.9,268.80930634332026,0.0,3.42,105.56700514938704
2026-10-02T19:15:00+05:30,Jaffna_Northern,28.8,269.41722102672844,0.0,3.34,109.26469567332195
2026-10-02T19:30:00+05:30,Jaffna_Northern,28.7,270.0361816390499,0.0,3.27,112.96277418437984
2026-10-02T19:45:00+05:30,Jaffna_Northern,28.7,270.6724089038081,0.0,3.21,116.66081449213345
2026-10-02T20:00:00+05:30,Jaffna_Northern,28.6,271.3330759678945,0.0,3.11,120.35835377363664
2026-10-02T20:15:00+05:30,Jaffna_Northern,28.6,272.026709004021,0.0,3.0,124.05486938105187
2026-10-02T20:30:00+05:30,Jaffna_Northern,28.5,272.7637394123666,0.0,2.95,127.74974803353703
2026-10-02T20:45:00+05:30,Jaffna_Northern,28.5,273.5572906560479,0.0,2.97,131.44224445044614
2026-10-02T21:00:00+05:30,Jaffna_Northern,28.4,274.4243342734864,0.0,3.02,135.1314192419967
2026-10-02T21:15:00+05:30,Jaffna_Northern,28.4,275.38744377306364,0.0,3.08,138.81604534582902
2026-10-02T21:30:00+05:30,Jaffna_Northern,28.3,276.47754819746,0.0,3.11,142.49446293182208
2026-10-02T21:45:00+05:30,Jaffna_Northern,28.2,277.7384202889727,0.0,3.0,146.16434001221754
2026-10-02T22:00:00+05:30,Jaffna_Northern,28.1,279.2343140044376,0.0,2.87,149.82226287511747
2026-10-02T22:15:00+05:30,Jaffna_Northern,28.0,281.0636263129335,0.0,2.89,153.46299818992262
2026-10-02T22:30:00+05:30,Jaffna_Northern,27.8,283.3848051672807,0.0,2.97,157.07807060420026
2026-10-02T22:45:00+05:30,Jaffna_Northern,27.7,286.46898205771663,0.0,3.13,160.65280777606682
2026-10-02T23:00:00+05:30,Jaffna_Northern,27.5,290.81572516136714,0.0,3.28,164.1595986594772
2026-10-02T23:15:00+05:30,Jaffna_Northern,27.4,297.42951020345294,0.0,3.4,167.5406573110891
2026-10-02T23:30:00+05:30,Jaffna_Northern,27.3,308.5078217236028,0.0,3.42,170.65817170494944
2026-10-02T23:45:00+05:30,Jaffna_Northern,27.2,328.7121042820821,0.0,3.32,173.14249457158223
2026-10-03T00:00:00+05:30,Jaffna_Northern,27.1,1.8304041806367763,0.0,3.08,174.1259990806633
2026-10-03T00:15:00+05:30,Jaffna_Northern,27.1,33.94239375006936,0.0,2.85,172.94979281560552
2026-10-03T00:30:00+05:30,Jaffna_Northern,27.0,52.98833028879784,0.0,2.65,170.37563051982494
2026-10-03T00:45:00+05:30,Jaffna_Northern,26.9,63.48079988897513,0.0,2.53,167.2222874709164
2026-10-03T01:00:00+05:30,Jaffna_Northern,26.8,69.8073040099984,0.0,2.44,163.82517647789967
2026-10-03T01:15:00+05:30,Jaffna_Northern,26.7,74.00029172017366,0.0,2.38,160.31023556868797
2026-10-03T01:30:00+05:30,Jaffna_Northern,26.6,76.99486232550578,0.0,2.25,156.73098140276431
2026-10-03T01:45:00+05:30,Jaffna_Northern,26.5,79.2602166909042,0.0,2.12,153.11327978557776
2026-10-03T02:00:00+05:30,Jaffna_Northern,26.5,81.05299823537746,0.0,1.92,149.47099985384634
2026-10-03T02:15:00+05:30,Jaffna_Northern,26.4,82.52415721177954,0.0,1.74,145.81221138052882
2026-10-03T02:30:00+05:30,Jaffna_Northern,26.4,83.76793471870309,0.0,1.62,142.1419276545033
2026-10-03T02:45:00+05:30,Jaffna_Northern,26.4,84.84614777911258,0.0,1.51,138.46343508828295
2026-10-03T03:00:00+05:30,Jaffna_Northern,26.3,85.80107279962476,0.0,1.36,134.77898977057492
2026-10-03T03:15:00+05:30,Jaffna_Northern,26.3,86.66268579040366,0.0,1.27,131.09020550924512
2026-10-03T03:30:00+05:30,Jaffna_Northern,26.3,87.45293635549956,0.0,1.22,127.39828026882981
2026-10-03T03:45:00+05:30,Jaffna_Northern,26.3,88.18837955051083,0.0,1.23,123.70413634917398
2026-10-03T04:00:00+05:30,Jaffna_Northern,26.3,88.88185844488157,0.0,1.24,120.00851025641438
2026-10-03T04:15:00+05:30,Jaffna_Northern,26.3,89.54361704964128,0.0,1.31,116.31201113937904
2026-10-03T04:30:00+05:30,Jaffna_Northern,26.3,90.18205985860573,0.0,1.38,112.61516234901282
2026-10-03T04:45:00+05:30,Jaffna_Northern,26.3,90.80428699057899,0.0,1.49,108.91843150620343
2026-10-03T05:00:00+05:30,Jaffna_Northern,26.4,91.41648422183727,0.0,1.58,105.2222518214376
2026-10-03T05:15:00+05:30,Jaffna_Northern,26.4,92.02421769009226,0.0,1.69,101.52704038336594
2026-10-03T05:30:00+05:30,Jaffna_Northern,26.4,92.63266673239787,0.0,1.79,97.83321377667896
2026-10-03T05:45:00+05:30,Jaffna_Northern,26.5,93.24681798821149,0.0,1.83,94.14120089504041
2026-10-03T06:00:00+05:30,Jaffna_Northern,26.5,93.87163701139201,0.0,1.83,90.451456996515
2026-10-03T06:15:00+05:30,Jaffna_Northern,26.6,94.51223083437503,12.0,1.83,86.76447846936894
2026-10-03T06:30:00+05:30,Jaffna_Northern,26.8,95.1740132568143,46.0,1.83,83.08081778758539
2026-10-03T06:45:00+05:30,Jaffna_Northern,27.1,95.86288361805475,89.0,1.87,79.40110270948223
2026-10-03T07:00:00+05:30,Jaffna_Northern,27.5,96.58543159923425,138.0,1.87,75.72605955090884
2026-10-03T07:15:00+05:30,Jaffna_Northern,28.0,97.34918314823909,189.0,1.9,72.05654079430816
2026-10-03T07:30:00+05:30,Jaffna_Northern,28.3,98.16290604352213,243.0,1.94,68.39356234458349
2026-10-03T07:45:00+05:30,Jaffna_Northern,28.6,99.03700112419165,297.0,1.99,64.7383522577022
2026-10-03T08:00:00+05:30,Jaffna_Northern,28.8,99.98401567743656,351.0,2.08,61.09241423873772
2026-10-03T08:15:00+05:30,Jaffna_Northern,29.1,101.01933024798586,405.0,2.13,57.45761586870965
2026-10-03T08:30:00+05:30,Jaffna_Northern,29.3,102.162095301107,456.0,2.17,53.83631060203486
2026-10-03T08:45:00+05:30,Jaffna_Northern,29.5,103.43653206220648,504.0,2.16,50.231508213647466
2026-10-03T09:00:00+05:30,Jaffna_Northern,29.7,104.87376958257926,551.0,2.16,46.64712185843609
2026-10-03T09:15:00+05:30,Jaffna_Northern,29.9,106.51448448471638,596.0,2.11,43.088330625754516
2026-10-03T09:30:00+05:30,Jaffna_Northern,30.1,108.41275807258955,642.0,2.15,39.56212214494382
2026-10-03T09:45:00+05:30,Jaffna_Northern,30.3,110.64179519686422,684.0,2.26,36.07812835415601
2026-10-03T10:00:00+05:30,Jaffna_Northern,30.5,113.3024986131204,720.0,2.5,32.64994074641775
2026-10-03T10:15:00+05:30,Jaffna_Northern,30.6,116.53635491473841,745.0,2.74,29.297228007776575
2026-10-03T10:30:00+05:30,Jaffna_Northern,30.7,120.54445622475299,758.0,2.98,26.049218321899815
2026-10-03T10:45:00+05:30,Jaffna_Northern,30.6,125.6137513233586,762.0,3.18,22.950475677815163
2026-10-03T11:00:00+05:30,Jaffna_Northern,30.5,132.1459993498155,760.0,3.38,20.070320962524946
2026-10-03T11:15:00+05:30,Jaffna_Northern,30.4,140.66287086454753,753.0,3.57,17.516968176587113
2026-10-03T11:30:00+05:30,Jaffna_Northern,30.3,151.69961038359332,737.0,3.58,15.45331988038022
2026-10-03T11:45:00+05:30,Jaffna_Northern,30.1,165.41831640343003,717.0,3.48,14.096157911020242
2026-10-03T12:00:00+05:30,Jaffna_Northern,29.9,180.95942653146966,698.0,3.29,13.657766055637993
2026-10-03T12:15:00+05:30,Jaffna_Northern,29.8,196.35963541486032,689.0,2.99,14.223363161336607
2026-10-03T12:30:00+05:30,Jaffna_Northern,29.7,209.7529819606415,691.0,2.7,15.684703952690597
2026-10-03T12:45:00+05:30,Jaffna_Northern,29.9,220.4413497412035,695.0,2.37,17.822782984710187
2026-10-03T13:00:00+05:30,Jaffna_Northern,30.3,228.66965469413947,688.0,2.03,20.42615876496535
2026-10-03T13:15:00+05:30,Jaffna_Northern,30.6,234.9853806790508,659.0,1.72,23.33961317311089
2026-10-03T13:30:00+05:30,Jaffna_Northern,30.8,239.89694074597878,608.0,1.48,26.46088399316111
2026-10-03T13:45:00+05:30,Jaffna_Northern,30.7,243.78999117128686,550.0,1.3,29.724535721227547
2026-10-03T14:00:00+05:30,Jaffna_Northern,30.6,246.9387190804973,500.0,1.16,33.088419959566295
2026-10-03T14:15:00+05:30,Jaffna_Northern,30.3,249.53519691857218,470.0,1.01,36.524806065949555
2026-10-03T14:30:00+05:30,Jaffna_Northern,30.2,251.714747204286,461.0,0.88,40.01496890595719
2026-10-03T14:45:00+05:30,Jaffna_Northern,30.1,253.57407380593406,455.0,0.76,43.545926779113294
2026-10-03T15:00:00+05:30,Jaffna_Northern,30.2,255.18349239749563,435.0,0.76,47.10845126192274
2026-10-03T15:15:00+05:30,Jaffna_Northern,30.2,256.59506534020767,388.0,0.87,50.69582833200543
2026-10-03T15:30:00+05:30,Jaffna_Northern,30.0,257.8480335706628,318.0,1.12,54.30307014500328
2026-10-03T15:45:00+05:30,Jaffna_Northern,29.6,258.97248551811145,246.0,1.51,57.926399434969035
2026-10-03T16:00:00+05:30,Jaffna_Northern,29.1,259.9918735942268,186.0,1.96,61.56290490421905
2026-10-03T16:15:00+05:30,Jaffna_Northern,28.5,260.92476945000925,148.0,2.45,65.21030723186269
2026-10-03T16:30:00+05:30,Jaffna_Northern,28.0,261.786108690478,124.0,2.77,68.86679484247068
2026-10-03T16:45:00+05:30,Jaffna_Northern,27.7,262.58808922630817,106.0,2.96,72.53090708623267
2026-10-03T17:00:00+05:30,Jaffna_Northern,27.6,263.34083147770394,86.0,3.08,76.20145107445296
2026-10-03T17:15:00+05:30,Jaffna_Northern,27.4,264.0528721313301,64.0,3.15,79.87743924479766
2026-10-03T17:30:00+05:30,Jaffna_Northern,27.3,264.73154127441785,42.0,3.21,83.55804247051972
2026-10-03T17:45:00+05:30,Jaffna_Northern,27.2,265.3832576063792,21.0,3.29,87.24255566269835
2026-10-03T18:00:00+05:30,Jaffna_Northern,27.1,266.01376582381016,4.0,3.36,90.9303697531286
2026-10-03T18:15:00+05:30,Jaffna_Northern,27.1,266.6283347660899,0.0,3.4,94.62094928674917
2026-10-03T18:30:00+05:30,Jaffna_Northern,27.0,267.23193077120493,0.0,3.45,98.3138154583406
2026-10-03T18:45:00+05:30,Jaffna_Northern,27.0,267.8293776202164,0.0,3.47,102.00853036914407
2026-10-03T19:00:00+05:30,Jaffna_Northern,27.0,268.4255142425839,0.0,3.44,105.70468294858067
2026-10-03T19:15:00+05:30,Jaffna_Northern,27.0,269.0253616260028,0.0,3.44,109.40187712730955
2026-10-03T19:30:00+05:30,Jaffna_Northern,27.0,269.63431137865643,0.0,3.42,113.09971838656199
2026-10-03T19:45:00+05:30,Jaffna_Northern,27.0,270.25835263738657,0.0,3.4,116.79779916597057
2026-10-03T20:00:00+05:30,Jaffna_Northern,27.0,270.9043602043611,0.0,3.36,120.49568336227934
2026-10-03T20:15:00+05:30,Jaffna_Northern,26.9,271.580476393287,0.0,3.34,124.19288521608544
2026-10-03T20:30:00+05:30,Jaffna_Northern,26.9,272.29663699371673,0.0,3.32,127.88884152443791
2026-10-03T20:45:00+05:30,Jaffna_Northern,26.9,273.06532096119565,0.0,3.31,131.58287470859267
2026-10-03T21:00:00+05:30,Jaffna_Northern,26.9,273.90265311368023,0.0,3.31,135.2741372987365
2026-10-03T21:15:00+05:30,Jaffna_Northern,26.8,274.8300803022739,0.0,3.24,138.96152838325207
2026-10-03T21:30:00+05:30,Jaffna_Northern,26.8,275.8770099044864,0.0,3.24,142.64356412397115
2026-10-03T21:45:00+05:30,Jaffna_Northern,26.8,277.08512550586966,0.0,3.24,146.3181634425367
2026-10-03T22:00:00+05:30,Jaffna_Northern,26.8,278.5157648655321,0.0,3.18,149.98228018842462
2026-10-03T22:15:00+05:30,Jaffna_Northern,26.8,280.2631991388839,0.0,3.18,153.63123751961263
2026-10-03T22:30:00+05:30,Jaffna_Northern,26.8,282.4800304692696,0.0,3.11,157.257436171633
2026-10-03T22:45:00+05:30,Jaffna_Northern,26.8,285.4294232776869,0.0,3.05,160.84764575150376
2026-10-03T23:00:00+05:30,Jaffna_Northern,26.7,289.6021452419742,0.0,3.04,164.37673747576133
2026-10-03T23:15:00+05:30,Jaffna_Northern,26.7,296.00496291658027,0.0,2.97,167.79129373564282
2026-10-03T23:30:00+05:30,Jaffna_Northern,26.7,306.922088363666,0.0,2.91,170.96027371374043
2026-10-03T23:45:00+05:30,Jaffna_Northern,26.7,327.5511838954366,0.0,2.84,173.51290659058742
2026-10-04T00:00:00+05:30,Jaffna_Northern,26.7,2.7740676386171685,0.0,2.78,174.5089564147654
2026-10-04T00:15:00+05:30,Jaffna_Northern,26.8,36.301417143847175,0.0,2.71,173.22325194558
2026-10-04T00:30:00+05:30,Jaffna_Northern,26.8,55.13636998964148,0.0,2.64,170.54489360631544
2026-10-04T00:45:00+05:30,Jaffna_Northern,26.8,65.20436266060437,0.0,2.57,167.32828441895253
2026-10-04T01:00:00+05:30,Jaffna_Northern,26.8,71.20401325943828,0.0,2.46,163.89288420697784
2026-10-04T01:15:00+05:30,Jaffna_Northern,26.9,75.16429421862529,0.0,2.4,160.3533093944045
2026-10-04T01:30:00+05:30,Jaffna_Northern,26.9,77.99081814445043,0.0,2.35,156.75729658415057
2026-10-04T01:45:00+05:30,Jaffna_Northern,26.9,80.13133272573953,0.0,2.3,153.1276982551373
2026-10-04T02:00:00+05:30,Jaffna_Northern,26.9,81.82880526486883,0.0,2.25,149.47670925068763
2026-10-04T02:15:00+05:30,Jaffna_Northern,26.9,83.22548781837611,0.0,2.21,145.81140939538955
2026-10-04T02:30:00+05:30,Jaffna_Northern,26.9,84.40995053876532,0.0,2.21,142.13619467593384
2026-10-04T02:45:00+05:30,Jaffna_Northern,26.9,85.44020146560678,0.0,2.21,138.45394923545717
2026-10-04T03:00:00+05:30,Jaffna_Northern,26.9,86.35588446377392,0.0,2.22,134.76665741393958
2026-10-04T03:15:00+05:30,Jaffna_Northern,26.9,87.18510889205294,0.0,2.21,131.07574403070456
2026-10-04T03:30:00+05:30,Jaffna_Northern,26.8,87.9484710492855,0.0,2.21,127.38227258434242
2026-10-04T03:45:00+05:30,Jaffna_Northern,26.8,88.66152629074645,0.0,2.21,123.68706807663057
2026-10-04T04:00:00+05:30,Jaffna_Northern,26.7,89.33636781498103,0.0,2.21,119.99079586093491
2026-10-04T04:15:00+05:30,Jaffna_Northern,26.7,89.98267052157149,0.0,2.25,116.29401288476377
2026-10-04T04:30:00+05:30,Jaffna_Northern,26.7,90.60840360967393,0.0,2.25,112.5972044565619
2026-10-04T04:45:00+05:30,Jaffna_Northern,26.7,91.2203332381647,0.0,2.3,108.90081106546947
2026-10-04T05:00:00+05:30,Jaffna_Northern,26.7,91.82438976579772,0.0,2.3,105.20524750010121
2026-10-04T05:15:00+05:30,Jaffna_Northern,26.7,92.42594633430303,0.0,2.35,101.51091964791149
2026-10-04T05:30:00+05:30,Jaffna_Northern,26.8,93.03004028659007,0.0,2.4,97.818239145004
2026-10-04T05:45:00+05:30,Jaffna_Northern,26.9,93.64155926656053,0.0,2.45,94.1276356143559
2026-10-04T06:00:00+05:30,Jaffna_Northern,27.0,94.26540740409115,0.0,2.51,90.4395704642695
2026-10-04T06:15:00+05:30,Jaffna_Northern,27.1,94.90666447484898,9.0,2.61,86.7545516750256
2026-10-04T06:30:00+05:30,Jaffna_Northern,27.2,95.57074946482027,38.0,2.67,83.07314904438955
2026-10-04T06:45:00+05:30,Jaffna_Northern,27.4,96.26359911016061,77.0,2.72,79.3960139463617
2026-10-04T07:00:00+05:30,Jaffna_Northern,27.6,96.99187388103451,123.0,2.84,75.7239034865878
2026-10-04T07:15:00+05:30,Jaffna_Northern,27.7,97.76320653689186,171.0,2.94,72.0577093651064
2026-10-04T07:30:00+05:30,Jaffna_Northern,27.9,98.58651188155608,218.0,3.01,68.39849686269172
2026-10-04T07:45:00+05:30,Jaffna_Northern,28.1,99.47238394315826,264.0,3.07,64.74755591977534
2026-10-04T08:00:00+05:30,Jaffna_Northern,28.3,100.43361733472386,312.0,3.19,61.10646781627088
2026-10-04T08:15:00+05:30,Jaffna_Northern,28.4,101.48590432583444,368.0,3.25,57.47719771378747
2026-10-04T08:30:00+05:30,Jaffna_Northern,28.6,102.64878422983946,432.0,3.32,53.862222532428305
2026-10-04T08:45:00+05:30,Jaffna_Northern,28.7,103.9469592150283,500.0,3.4,50.264709477788436
2026-10-04T09:00:00+05:30,Jaffna_Northern,28.9,105.41214728801594,566.0,3.46,46.68877427295829
2026-10-04T09:15:00+05:30,Jaffna_Northern,29.1,107.08573499466837,622.0,3.49,43.13985924945029
2026-10-04T09:30:00+05:30,Jaffna_Northern,29.2,109.02263442363181,666.0,3.58,39.6252975752325
2026-10-04T09:45:00+05:30,Jaffna_Northern,29.4,111.29696427737247,701.0,3.66,36.15517883354476
2026-10-04T10:00:00+05:30,Jaffna_Northern,29.5,114.01049046334845,730.0,3.7,32.74370409143948
2026-10-04T10:15:00+05:30,Jaffna_Northern,29.7,117.30514602796956,757.0,3.76,29.411352331738236
2026-10-04T10:30:00+05:30,Jaffna_Northern,29.8,121.38114154684149,779.0,3.8,26.188408090768796
2026-10-04T10:45:00+05:30,Jaffna_Northern,29.9,126.52107372141364,795.0,3.82,23.120730690877792
2026-10-04T11:00:00+05:30,Jaffna_Northern,30.0,133.11420049178912,805.0,3.87,20.27896359511672
2026-10-04T11:15:00+05:30,Jaffna_Northern,30.1,141.65290675662027,810.0,3.89,17.771862878635346
2026-10-04T11:30:00+05:30,Jaffna_Northern,30.2,152.61733597991156,809.0,3.91,15.760008352349871
2026-10-04T11:45:00+05:30,Jaffna_Northern,30.2,166.1035703126504,802.0,3.89,14.451769042262342
2026-10-04T12:00:00+05:30,Jaffna_Northern,30.2,181.2519727416696,792.0,3.88,14.045177304011972
2026-10-04T12:15:00+05:30,Jaffna_Northern,30.2,196.22838835634516,778.0,3.83,14.615683083415092
2026-10-04T12:30:00+05:30,Jaffna_Northern,30.2,209.3124316586642,761.0,3.82,16.05948265997273
2026-10-04T12:45:00+05:30,Jaffna_Northern,30.1,219.83826811621944,740.0,3.77,18.169556387795822
2026-10-04T13:00:00+05:30,Jaffna_Northern,30.1,228.00733682617835,715.0,3.72,20.743542733203512
2026-10-04T13:15:00+05:30,Jaffna_Northern,30.0,234.31932086400542,688.0,3.67,23.630296708961524
2026-10-04T13:30:00+05:30,Jaffna_Northern,29.9,239.25243844642608,658.0,3.63,26.72863660208744
2026-10-04T13:45:00+05:30,Jaffna_Northern,29.9,243.1765911241108,626.0,3.59,29.972980216835225
2026-10-04T14:00:00+05:30,Jaffna_Northern,29.8,246.35843981628477,589.0,3.52,33.32066581154351
2026-10-04T14:15:00+05:30,Jaffna_Northern,29.7,248.98669121938872,546.0,3.45,36.743414068884974
2026-10-04T14:30:00+05:30,Jaffna_Northern,29.6,251.19530828457766,497.0,3.43,40.22202005729556
2026-10-04T14:45:00+05:30,Jaffna_Northern,29.5,253.08057617847132,446.0,3.37,43.74311077229848
2026-10-04T15:00:00+05:30,Jaffna_Northern,29.5,254.71281729669693,399.0,3.34,47.297147062605035
2026-10-04T15:15:00+05:30,Jaffna_Northern,29.4,256.14427860549324,359.0,3.31,50.877170277716644
2026-10-04T15:30:00+05:30,Jaffna_Northern,29.3,257.41444565978867,324.0,3.31,54.47800002764459
2026-10-04T15:45:00+05:30,Jaffna_Northern,29.2,258.55365656880247,291.0,3.29,58.09570694134264
2026-10-04T16:00:00+05:30,Jaffna_Northern,29.1,259.58559413974484,258.0,3.28,61.72725893359464
2026-10-04T16:15:00+05:30,Jaffna_Northern,28.9,260.529031588365,223.0,3.32,65.37028023504574
2026-10-04T16:30:00+05:30,Jaffna_Northern,28.8,261.39907468779165,190.0,3.32,69.0228818839206
2026-10-04T16:45:00+05:30,Jaffna_Northern,28.7,262.20806065533066,156.0,3.34,72.68354092174901
2026-10-04T17:00:00+05:30,Jaffna_Northern,28.6,262.96622005594133,122.0,3.35,76.35101421897866
2026-10-04T17:15:00+05:30,Jaffna_Northern,28.5,263.6821724526896,87.0,3.38,80.02427377523027
2026-10-04T17:30:00+05:30,Jaffna_Northern,28.4,264.36330515127344,53.0,3.36,83.70245812336344
2026-10-04T17:45:00+05:30,Jaffna_Northern,28.3,265.01606949464923,25.0,3.35,87.38483666076615
2026-10-04T18:00:00+05:30,Jaffna_Northern,28.1,265.64621865997105,4.0,3.35,91.0707807066619
2026-10-04T18:15:00+05:30,Jaffna_Northern,28.0,266.2590054401639,0.0,3.3,94.75974044727275
2026-10-04T18:30:00+05:30,Jaffna_Northern,27.9,266.8593543423275,0.0,3.31,98.45122757274842
2026-10-04T18:45:00+05:30,Jaffna_Northern,27.8,267.4520192201466,0.0,3.28,102.14479934640138
2026-10-04T19:00:00+05:30,Jaffna_Northern,27.7,268.0417373865638,0.0,3.3,105.84004456370411
2026-10-04T19:15:00+05:30,Jaffna_Northern,27.6,268.63339130837426,0.0,3.29,109.5365719935653
2026-10-04T19:30:00+05:30,Jaffna_Northern,27.5,269.2321898413946,0.0,3.28,113.23399746977611
2026-10-04T19:45:00+05:30,Jaffna_Northern,27.4,269.8438849751029,0.0,3.26,116.93193018266105
2026-10-04T20:00:00+05:30,Jaffna_Northern,27.3,270.4750458927747,0.0,3.29,120.62995851508103
2026-10-04T20:15:00+05:30,Jaffna_Northern,27.2,271.1334212374661,0.0,3.26,124.32763089405022
2026-10-04T20:30:00+05:30,Jaffna_Northern,27.2,271.8284375731017,0.0,3.28,128.0244308840874
2026-10-04T20:45:00+05:30,Jaffna_Northern,27.1,272.5719099154171,0.0,3.28,131.71974448369951
2026-10-04T21:00:00+05:30,Jaffna_Northern,27.1,273.3790878099465,0.0,3.31,135.41281093492358
2026-10-04T21:15:00+05:30,Jaffna_Northern,27.1,274.2702481632984,0.0,3.29,139.10264881576654
2026-10-04T21:30:00+05:30,Jaffna_Northern,27.0,275.27320872894757,0.0,3.3,142.78794166052376
2026-10-04T21:45:00+05:30,Jaffna_Northern,27.0,276.4274529197039,0.0,3.32,146.46684806550053
2026-10-04T22:00:00+05:30,Jaffna_Northern,27.0,277.79121241289124,0.0,3.35,150.1366748264664
2026-10-04T22:15:00+05:30,Jaffna_Northern,26.9,279.4542898421386,0.0,3.36,153.79328305172254
2026-10-04T22:30:00+05:30,Jaffna_Northern,26.9,281.5627828835526,0.0,3.39,157.4299281655983
2026-10-04T22:45:00+05:30,Jaffna_Northern,26.9,284.37052845112777,0.0,3.38,161.03480550981052
2026-10-04T23:00:00+05:30,Jaffna_Northern,26.9,288.356465048017,0.0,3.36,164.58529392509269
2026-10-04T23:15:00+05:30,Jaffna_Northern,26.9,294.5226207108069,0.0,3.36,168.03256455885196
2026-10-04T23:30:00+05:30,Jaffna_Northern,26.8,305.22707791422494,0.0,3.3,171.25338041980763
2026-10-04T23:45:00+05:30,Jaffna_Northern,26.8,326.2426432515448,0.0,3.2,173.87884991323165
2026-10-05T00:00:00+05:30,Jaffna_Northern,26.7,3.8402905925461823,0.0,3.1,174.88953846734805
2026-10-05T00:15:00+05:30,Jaffna_Northern,26.7,38.83807660902448,0.0,2.95,173.48475062001884
2026-10-05T00:30:00+05:30,Jaffna_Northern,26.6,57.34942366045249,0.0,2.81,170.7015201402383
2026-10-05T00:45:00+05:30,Jaffna_Northern,26.6,66.9487273071739,0.0,2.66,167.42410977353887
2026-10-05T01:00:00+05:30,Jaffna_Northern,26.5,72.60686733553712,0.0,2.47,163.9526675703974
2026-10-05T01:15:00+05:30,Jaffna_Northern,26.4,76.32923674609577,0.0,2.29,160.39015771344415
2026-10-05T01:30:00+05:30,Jaffna_Northern,26.4,78.98575882620054,0.0,2.15,156.77865895685022
2026-10-05T01:45:00+05:30,Jaffna_Northern,26.3,81.00070685635018,0.0,2.01,153.1381396805289
2026-10-05T02:00:00+05:30,Jaffna_Northern,26.3,82.60264170917475,0.0,1.94,149.4792110492225
2026-10-05T02:15:00+05:30,Jaffna_Northern,26.2,83.92482845143752,0.0,1.87,145.8080229753774
2026-10-05T02:30:00+05:30,Jaffna_Northern,26.1,85.05004396194454,0.0,1.79,142.12839415260328
2026-10-05T02:45:00+05:30,Jaffna_Northern,26.1,86.03243298499831,0.0,1.77,138.44283371557862
2026-10-05T03:00:00+05:30,Jaffna_Northern,26.0,86.90898213387834,0.0,1.79,134.75307330867824
2026-10-05T03:15:00+05:30,Jaffna_Northern,25.9,87.70592290884605,0.0,1.79,131.06036242369626
2026-10-05T03:30:00+05:30,Jaffna_Northern,25.8,88.44249345218321,0.0,1.81,127.36564012629051
2026-10-05T03:45:00+05:30,Jaffna_Northern,25.7,89.1332476010478,0.0,1.88,123.6696416559625
2026-10-05T04:00:00+05:30,Jaffna_Northern,25.7,89.78952829809668,0.0,1.95,119.97296699639614
2026-10-05T04:15:00+05:30,Jaffna_Northern,25.6,90.42044158802156,0.0,1.99,116.27612542165006
2026-10-05T04:30:00+05:30,Jaffna_Northern,25.5,91.03352187478595,0.0,2.06,112.57956781135438
2026-10-05T04:45:00+05:30,Jaffna_Northern,25.5,91.6352018946219,0.0,2.13,108.8837104709626
2026-10-05T05:00:00+05:30,Jaffna_Northern,25.5,92.23115705870663,0.0,2.21,105.18895221691088
2026-10-05T05:15:00+05:30,Jaffna_Northern,25.5,92.82656785674732,0.0,2.28,101.49568981737823
2026-10-05T05:30:00+05:30,Jaffna_Northern,25.6,93.42632981912448,0.0,2.33,97.80433176981875
2026-10-05T05:45:00+05:30,Jaffna_Northern,25.7,94.03523158401157,0.0,2.37,94.11531003855163
2026-10-05T06:00:00+05:30,Jaffna_Northern,25.9,94.65811562309324,0.0,2.44,90.42909365763747
2026-10-05T06:15:00+05:30,Jaffna_Northern,26.1,95.30003395570219,10.0,2.48,86.74620358557173
2026-10-05T06:30:00+05:30,Jaffna_Northern,26.3,95.96640993150748,43.0,2.53,83.0672282809107
2026-10-05T06:45:00+05:30,Jaffna_Northern,26.5,96.66321645335881,87.0,2.57,79.39284406599677
2026-10-05T07:00:00+05:30,Jaffna_Northern,26.8,97.3971830242694,140.0,2.62,75.72384019387363
2026-10-05T07:15:00+05:30,Jaffna_Northern,27.1,98.17604675927134,194.0,2.71,72.06114900193721
2026-10-05T07:30:00+05:30,Jaffna_Northern,27.4,99.00886607957096,247.0,2.75,68.4058866629104
2026-10-05T07:45:00+05:30,Jaffna_Northern,27.6,99.90642347123429,298.0,2.8,64.75940664762669
2026-10-05T08:00:00+05:30,Jaffna_Northern,27.9,100.88175426545331,350.0,2.89,61.123369621666654
2026-10-05T08:15:00+05:30,Jaffna_Northern,28.1,101.95085313922937,406.0,2.95,57.499840322869126
2026-10-05T08:30:00+05:30,Jaffna_Northern,28.3,103.1336349444424,468.0,3.0,53.89142133438178
2026-10-05T08:45:00+05:30,Jaffna_Northern,28.5,104.45526349416184,530.0,3.07,50.30143966273301
2026-10-05T09:00:00+05:30,Jaffna_Northern,28.7,105.94801729791601,590.0,3.18,46.734216038039605
2026-10-05T09:15:00+05:30,Jaffna_Northern,28.8,107.65395012304452,642.0,3.24,43.19545827224731
2026-10-05T09:30:00+05:30,Jaffna_Northern,28.9,109.6287395916184,685.0,3.31,39.69284650640835
2026-10-05T09:45:00+05:30,Jaffna_Northern,29.1,111.94731688769684,720.0,3.38,36.23692730238813
2026-10-05T10:00:00+05:30,Jaffna_Northern,29.2,114.71215169273268,750.0,3.51,32.84250582398928
2026-10-05T10:15:00+05:30,Jaffna_Northern,29.3,118.06537274009821,777.0,3.58,29.530855466134234
2026-10-05T10:30:00+05:30,Jaffna_Northern,29.4,122.20592447554094,799.0,3.64,26.33327956589755
2026-10-05T10:45:00+05:30,Jaffna_Northern,29.5,127.41151453446327,816.0,3.71,23.29685209198665
2026-10-05T11:00:00+05:30,Jaffna_Northern,29.6,134.05836361376709,826.0,3.71,20.493380386741947
2026-10-05T11:15:00+05:30,Jaffna_Northern,29.6,142.60982482278143,830.0,3.74,18.031895846042772
2026-10-05T11:30:00+05:30,Jaffna_Northern,29.7,153.49416071698295,825.0,3.74,16.07036094821825
2026-10-05T11:45:00+05:30,Jaffna_Northern,29.8,166.7496441998644,815.0,3.69,14.808822937897332
2026-10-05T12:00:00+05:30,Jaffna_Northern,29.9,181.5227459190508,802.0,3.65,14.432047622977052
2026-10-05T12:15:00+05:30,Jaffna_Northern,30.0,196.09875943525392,789.0,3.54,15.006829690258698
2026-10-05T12:30:00+05:30,Jaffna_Northern,30.0,208.88788516878355,775.0,3.45,16.433618939715004
2026-10-05T12:45:00+05:30,Jaffna_Northern,30.1,219.25476996866723,759.0,3.36,18.516481666980084
2026-10-05T13:00:00+05:30,Jaffna_Northern,30.2,227.36280143444702,740.0,3.21,21.0616416855308
2026-10-05T13:15:00+05:30,Jaffna_Northern,30.2,233.66784421702562,717.0,3.08,23.92196602162531
2026-10-05T13:30:00+05:30,Jaffna_Northern,30.2,238.61950567902304,693.0,2.97,26.997434800579768
2026-10-05T13:45:00+05:30,Jaffna_Northern,30.2,242.57232561531373,666.0,2.86,30.222403525792345
2026-10-05T14:00:00+05:30,Jaffna_Northern,30.2,245.78542394846636,635.0,2.72,33.55375485533004
2026-10-05T14:15:00+05:30,Jaffna_Northern,30.2,248.44402933504372,600.0,2.58,36.96269544847701
2026-10-05T14:30:00+05:30,Jaffna_Northern,30.1,250.6806329052531,560.0,2.49,40.429560204186075
2026-10-05T14:45:00+05:30,Jaffna_Northern,30.0,252.5910117066502,519.0,2.37,43.940595525387515
2026-10-05T15:00:00+05:30,Jaffna_Northern,29.8,254.2454286224595,477.0,2.3,47.485957134623625
2026-10-05T15:15:00+05:30,Jaffna_Northern,29.6,255.69626734248388,438.0,2.28,51.05844446416446
2026-10-05T15:30:00+05:30,Jaffna_Northern,29.4,256.98322357361656,399.0,2.22,54.65268566666952
2026-10-05T15:45:00+05:30,Jaffna_Northern,29.2,258.1368601644516,361.0,2.18,58.26459944871298
2026-10-05T16:00:00+05:30,Jaffna_Northern,29.0,259.18107208682346,321.0,2.2,61.8910326236503
2026-10-05T16:15:00+05:30,Jaffna_Northern,28.7,260.13482062165815,279.0,2.25,65.52951239478271
2026-10-05T16:30:00+05:30,Jaffna_Northern,28.5,261.0133715629882,238.0,2.28,69.178071694186
2026-10-05T16:45:00+05:30,Jaffna_Northern,28.3,261.82919367852514,196.0,2.32,72.83512446564089
2026-10-05T17:00:00+05:30,Jaffna_Northern,28.0,262.5926216351276,152.0,2.4,76.49937651787427
2026-10-05T17:15:00+05:30,Jaffna_Northern,27.8,263.3123530571243,108.0,2.45,80.16975857297982
2026-10-05T17:30:00+05:30,Jaffna_Northern,27.7,263.9958285271469,65.0,2.49,83.84537596905815
2026-10-05T17:45:00+05:30,Jaffna_Northern,27.6,264.6495286964673,30.0,2.51,87.5254717129923
2026-10-05T18:00:00+05:30,Jaffna_Northern,27.5,265.2792122848484,5.0,2.46,91.2093966028388
2026-10-05T18:15:00+05:30,Jaffna_Northern,27.4,265.8901133237954,0.0,2.42,94.89658551183973
2026-10-05T18:30:00+05:30,Jaffna_Northern,27.3,266.4871118388528,0.0,2.35,98.58653959800502
2026-10-05T18:45:00+05:30,Jaffna_Northern,27.3,267.0748890146649,0.0,2.28,102.27881016651773
2026-10-05T19:00:00+05:30,Jaffna_Northern,27.3,267.6580775426744,0.0,2.22,105.97298463092146
2026-10-05T19:15:00+05:30,Jaffna_Northern,27.2,268.2414178934438,0.0,2.09,109.66867518233772
2026-10-05T19:30:00+05:30,Jaffna_Northern,27.2,268.8299319559065,0.0,2.02,113.36550637189609
2026-10-05T19:45:00+05:30,Jaffna_Northern,27.2,269.4291292475783,0.0,1.96,117.06310221714028
2026-10-05T20:00:00+05:30,Jaffna_Northern,27.2,270.04526636508155,0.0,1.9,120.76107328921915
2026-10-05T20:15:00+05:30,Jaffna_Northern,27.2,270.6856888736961,0.0,1.83,124.45899941419447
2026-10-05T20:30:00+05:30,Jaffna_Northern,27.1,271.359301034943,0.0,1.82,128.1564074813627
2026-10-05T20:45:00+05:30,Jaffna_Northern,27.1,272.07723522148706,0.0,1.82,131.8527427567519
2026-10-05T21:00:00+05:30,Jaffna_Northern,27.1,272.85383815183195,0.0,1.82,135.54732571192324
2026-10-05T21:15:00+05:30,Jaffna_Northern,27.0,273.7081748758262,0.0,1.83,139.23928733581454
2026-10-05T21:30:00+05:30,Jaffna_Northern,27.0,274.6664074587334,0.0,1.83,142.92746926472302
2026-10-05T21:45:00+05:30,Jaffna_Northern,26.9,275.7657106770282,0.0,1.83,146.61025748052944
2026-10-05T22:00:00+05:30,Jaffna_Northern,26.9,277.0610234035985,0.0,1.9,150.28529533533737
2026-10-05T22:15:00+05:30,Jaffna_Northern,26.8,278.6373398024469,0.0,1.9,153.9489602132504
2026-10-05T22:30:00+05:30,Jaffna_Northern,26.8,280.6335916311059,0.0,1.96,157.59533497538757
2026-10-05T22:45:00+05:30,Jaffna_Northern,26.7,283.29289641902204,0.0,2.01,161.2140129545042
2026-10-05T23:00:00+05:30,Jaffna_Northern,26.7,287.0791677351941,0.0,2.07,164.7848823439628
2026-10-05T23:15:00+05:30,Jaffna_Northern,26.7,292.9818238335244,0.0,2.07,168.26387813955597
2026-10-05T23:30:00+05:30,Jaffna_Northern,26.7,303.41577690869553,0.0,2.09,171.53657646248
2026-10-05T23:45:00+05:30,Jaffna_Northern,26.7,324.7607649991112,0.0,2.06,174.2395569575712
2026-10-06T00:00:00+05:30,Jaffna_Northern,26.6,5.05622118647193,0.0,1.99,175.26734122312217
2026-10-06T00:15:00+05:30,Jaffna_Northern,26.6,41.56334890683581,0.0,1.92,173.73296852627584
2026-10-06T00:30:00+05:30,Jaffna_Northern,26.6,59.62401081215188,0.0,1.86,170.84501584147466
2026-10-06T00:45:00+05:30,Jaffna_Northern,26.5,68.7111088141919,0.0,1.82,167.5096663175722
2026-10-06T01:00:00+05:30,Jaffna_Northern,26.5,74.01422671422972,0.0,1.75,164.0045627969734
2026-10-06T01:15:00+05:30,Jaffna_Northern,26.4,77.494119571959,0.0,1.71,160.42086209602283
2026-10-06T01:30:00+05:30,Jaffna_Northern,26.3,79.9790273755413,0.0,1.64,156.7951653054254
2026-10-06T01:45:00+05:30,Jaffna_Northern,26.3,81.86787476140415,0.0,1.57,153.14470497433473
2026-10-06T02:00:00+05:30,Jaffna_Northern,26.2,83.37415815060734,0.0,1.53,149.47860599480197
2026-10-06T02:15:00+05:30,Jaffna_Northern,26.1,84.62190205044766,0.0,1.46,145.80215102391475
2026-10-06T02:30:00+05:30,Jaffna_Northern,26.1,85.68798566987107,0.0,1.39,142.1186225428892
2026-10-06T02:45:00+05:30,Jaffna_Northern,26.0,86.62264576618901,0.0,1.32,138.4301823837564
2026-10-06T03:00:00+05:30,Jaffna_Northern,26.0,87.46019241550675,0.0,1.25,134.73832873342516
2026-10-06T03:15:00+05:30,Jaffna_Northern,25.9,88.22497125204711,0.0,1.19,131.04414948568262
2026-10-06T03:30:00+05:30,Jaffna_Northern,25.9,88.93485937331491,0.0,1.12,127.34846932413433
2026-10-06T03:45:00+05:30,Jaffna_Northern,25.9,89.60340852650648,0.0,1.05,123.65194125795006
2026-10-06T04:00:00+05:30,Jaffna_Northern,25.9,90.24121182807329,0.0,0.98,119.95510566542072
2026-10-06T04:15:00+05:30,Jaffna_Northern,25.9,90.85680726835574,0.0,0.97,116.25842865546599
2026-10-06T04:30:00+05:30,Jaffna_Northern,25.9,91.45729532456062,0.0,0.9,112.56233027519127
2026-10-06T04:45:00+05:30,Jaffna_Northern,25.9,92.0487761008036,0.0,0.84,108.86720557124289
2026-10-06T05:00:00+05:30,Jaffna_Northern,26.0,92.63667070268514,0.0,0.78,105.1734398172797
2026-10-06T05:15:00+05:30,Jaffna_Northern,26.0,93.22596742596738,0.0,0.78,101.4814227227869
2026-10-06T05:30:00+05:30,Jaffna_Northern,26.1,93.82142024027348,0.0,0.72,97.79156143600396
2026-10-06T05:45:00+05:30,Jaffna_Northern,26.2,94.42771880320629,0.0,0.66,94.10429185296287
2026-10-06T06:00:00+05:30,Jaffna_Northern,26.3,95.04964370039653,0.0,0.66,90.42009208174406
2026-10-06T06:15:00+05:30,Jaffna_Northern,26.4,95.6922186741412,11.0,0.6,86.73949741787717
2026-10-06T06:30:00+05:30,Jaffna_Northern,26.6,96.36087056676126,46.0,0.6,83.06311628952525
2026-10-06T06:45:00+05:30,Jaffna_Northern,26.7,97.06160714200678,92.0,0.6,79.39165126069942
2026-10-06T07:00:00+05:30,Jaffna_Northern,26.9,97.8012250716908,147.0,0.56,75.7259250451578
2026-10-06T07:15:00+05:30,Jaffna_Northern,27.1,98.58756322553336,203.0,0.57,72.0669119819809
2026-10-06T07:30:00+05:30,Jaffna_Northern,27.3,99.42982004369901,257.0,0.54,68.41578058360685
2026-10-06T07:45:00+05:30,Jaffna_Northern,27.5,100.33896149260278,307.0,0.51,64.77394940950182
2026-10-06T08:00:00+05:30,Jaffna_Northern,27.8,101.32825669866452,356.0,0.54,61.143160202252574
2026-10-06T08:15:00+05:30,Jaffna_Northern,28.0,102.41399302400532,406.0,0.5,57.525579122413085
2026-10-06T08:30:00+05:30,Jaffna_Northern,28.2,103.61644703853233,452.0,0.53,53.92393640581753
2026-10-06T08:45:00+05:30,Jaffna_Northern,28.5,104.96122426565671,495.0,0.57,50.34172094573429
2026-10-06T09:00:00+05:30,Jaffna_Northern,28.7,106.48113449983578,536.0,0.57,46.78346052053057
2026-10-06T09:15:00+05:30,Jaffna_Northern,28.9,108.21885517557274,574.0,0.57,43.25513009682019
2026-10-06T09:30:00+05:30,Jaffna_Northern,29.1,110.23076342882996,610.0,0.61,39.764757411482954
2026-10-06T09:45:00+05:30,Jaffna_Northern,29.3,112.59250137709591,641.0,0.65,36.323344158755006
2026-10-06T10:00:00+05:30,Jaffna_Northern,29.5,115.40708486248207,670.0,0.65,32.946292407854536
2026-10-06T10:15:00+05:30,Jaffna_Northern,29.6,118.81659465375822,695.0,0.69,29.655651678196612
2026-10-06T10:30:00+05:30,Jaffna_Northern,29.8,123.01834521956266,718.0,0.69,26.48370347216158
2026-10-06T10:45:00+05:30,Jaffna_Northern,29.9,128.2846707473742,738.0,0.69,23.47865286746007
2026-10-06T11:00:00+05:30,Jaffna_Northern,30.0,134.97833426363707,752.0,0.72,20.713313572562754
2026-10-06T11:15:00+05:30,Jaffna_Northern,30.1,143.534097089606,759.0,0.72,18.296741125242363
2026-10-06T11:30:00+05:30,Jaffna_Northern,30.1,154.33160848032742,757.0,0.71,16.38403009382921
2026-10-06T11:45:00+05:30,Jaffna_Northern,30.1,167.3588052845937,751.0,0.71,15.16704575911804
2026-10-06T12:00:00+05:30,Jaffna_Northern,30.1,181.77316777546667,743.0,0.71,14.818221661096757
2026-10-06T12:15:00+05:30,Jaffna_Northern,30.1,195.97039724361386,736.0,0.72,15.3966813816768
2026-10-06T12:30:00+05:30,Jaffna_Northern,30.0,208.4781193020213,729.0,0.74,16.806943542072474
2026-10-06T12:45:00+05:30,Jaffna_Northern,30.0,218.68972959757352,720.0,0.76,18.863344769194043
2026-10-06T13:00:00+05:30,Jaffna_Northern,29.9,226.7352923819036,709.0,0.82,21.380227672730243
2026-10-06T13:15:00+05:30,Jaffna_Northern,29.7,233.03050503581352,694.0,0.86,24.214399626475213
2026-10-06T13:30:00+05:30,Jaffna_Northern,29.6,237.99789935798194,675.0,0.95,27.267071351427532
2026-10-06T13:45:00+05:30,Jaffna_Northern,29.5,241.97707407214108,654.0,1.05,30.472613840881955
2026-10-06T14:00:00+05:30,Jaffna_Northern,29.3,245.21962381662743,630.0,1.11,33.78750936621348
2026-10-06T14:15:00+05:30,Jaffna_Northern,29.2,247.90720737447782,603.0,1.23,37.182484559145514
2026-10-06T14:30:00+05:30,Jaffna_Northern,29.0,250.1707439530823,573.0,1.35,40.63743383258128
2026-10-06T14:45:00+05:30,Jaffna_Northern,28.9,252.1054200545064,541.0,1.47,44.13823398114302
2026-10-06T15:00:00+05:30,Jaffna_Northern,28.7,253.78137684087127,507.0,1.62,47.67474150189214
2026-10-06T15:15:00+05:30,Jaffna_Northern,28.5,255.25108919751557,470.0,1.7,51.23951688608807
2026-10-06T15:30:00+05:30,Jaffna_Northern,28.4,256.5544299215009,431.0,1.83,54.826998132025096
2026-10-06T15:45:00+05:30,Jaffna_Northern,28.2,257.7221625212188,391.0,1.97,58.43295238160827
2026-10-06T16:00:00+05:30,Jaffna_Northern,28.1,258.77837644220176,348.0,2.06,62.054105167211475
2026-10-06T16:15:00+05:30,Jaffna_Northern,27.9,259.7422078795561,303.0,2.2,65.68788618778163
2026-10-06T16:30:00+05:30,Jaffna_Northern,27.8,260.6290727349623,259.0,2.26,69.33224963167036
2026-10-06T16:45:00+05:30,Jaffna_Northern,27.7,261.4515637334814,213.0,2.33,72.98554562048204
2026-10-06T17:00:00+05:30,Jaffna_Northern,27.6,262.2201137202,166.0,2.4,76.64642812807399
2026-10-06T17:15:00+05:30,Jaffna_Northern,27.5,262.943493659558,117.0,2.43,80.31378579849877
2026-10-06T17:30:00+05:30,Jaffna_Northern,27.4,263.62919354854125,69.0,2.5,83.98668994729726
2026-10-06T17:45:00+05:30,Jaffna_Northern,27.3,264.28372008540373,31.0,2.5,87.66435633868414
2026-10-06T18:00:00+05:30,Jaffna_Northern,27.2,264.9128346677398,4.0,2.57,91.34611435577362
2026-10-06T18:15:00+05:30,Jaffna_Northern,27.2,265.521749928597,0.0,2.57,95.03138261026528
2026-10-06T18:30:00+05:30,Jaffna_Northern,27.1,266.1152988505175,0.0,2.57,98.71965070600137
2026-10-06T18:45:00+05:30,Jaffna_Northern,27.1,266.69808731195434,0.0,2.57,102.41046286651115
2026-10-06T19:00:00+05:30,Jaffna_Northern,27.0,267.27464050483036,0.0,2.52,106.10340386627793
2026-10-06T19:15:00+05:30,Jaffna_Northern,27.0,267.849553585662,0.0,2.52,109.79808788432337
2026-10-06T19:30:00+05:30,Jaffna_Northern,27.0,268.42765746106585,0.0,2.48,113.49414652541472
2026-10-06T19:45:00+05:30,Jaffna_Northern,27.0,269.01421410866607,0.0,2.48,117.19121667304805
2026-10-06T20:00:00+05:30,Jaffna_Northern,26.9,269.6151609051666,0.0,2.41,120.88892873028244
2026-10-06T20:15:00+05:30,Jaffna_Northern,26.9,270.23743137373515,0.0,2.41,124.58689104767313
2026-10-06T20:30:00+05:30,Jaffna_Northern,26.9,270.88939499393393,0.0,2.34,128.28467027787036
2026-10-06T20:45:00+05:30,Jaffna_Northern,26.9,271.58148360806825,0.0,2.3,131.98176646746307
2026-10-06T21:00:00+05:30,Jaffna_Northern,26.9,272.3271146863782,0.0,2.27,135.6775755726221
2026-10-06T21:15:00+05:30,Jaffna_Northern,26.8,273.14410110536767,0.0,2.23,139.37133351220498
2026-10-06T21:30:00+05:30,Jaffna_Northern,26.8,274.05688544706,0.0,2.16,143.06203012218225
2026-10-06T21:45:00+05:30,Jaffna_Northern,26.8,275.10022861002244,0.0,2.09,146.7482654546968
2026-10-06T22:00:00+05:30,Jaffna_Northern,26.8,276.32559436628657,0.0,2.05,150.42800127670577
2026-10-06T22:15:00+05:30,Jaffna_Northern,26.8,277.8128337752253,0.0,1.98,154.09810643689644
2026-10-06T22:30:00+05:30,Jaffna_Northern,26.8,279.69305396386756,0.0,1.94,157.7534580338613
2026-10-06T22:45:00+05:30,Jaffna_Northern,26.8,282.1972425120597,0.0,1.9,161.38500760196735
2026-10-06T23:00:00+05:30,Jaffna_Northern,26.7,285.77095454377087,0.0,1.83,164.97512855293218
2026-10-06T23:15:00+05:30,Jaffna_Northern,26.7,291.38232428542966,0.0,1.79,168.4846398467614
2026-10-06T23:30:00+05:30,Jaffna_Northern,26.7,301.4814083477331,0.0,1.75,171.80887909547752
2026-10-06T23:45:00+05:30,Jaffna_Northern,26.6,323.0743876663929,0.0,1.71,174.59410384804244
2026-10-07T00:00:00+05:30,Jaffna_Northern,26.6,6.4577368064038865,0.0,1.67,175.64186385123088
2026-10-07T00:15:00+05:30,Jaffna_Northern,26.5,44.48683671827132,0.0,1.63,173.9664745938481
2026-10-07T00:30:00+05:30,Jaffna_Northern,26.5,61.9557748295,0.0,1.59,170.97492482289562
2026-10-07T00:45:00+05:30,Jaffna_Northern,26.4,70.48856352867188,0.0,1.56,167.5848878549147
2026-10-07T01:00:00+05:30,Jaffna_Northern,26.3,75.42443681578425,0.0,1.52,164.04862346180437
2026-10-07T01:15:00+05:30,Jaffna_Northern,26.3,78.65795291992214,0.0,1.49,160.4455135025325
2026-10-07T01:30:00+05:30,Jaffna_Northern,26.2,80.96997882918339,0.0,1.47,156.80691734608618
2026-10-07T01:45:00+05:30,Jaffna_Northern,26.1,82.73238210555957,0.0,1.46,153.14749732559102
2026-10-07T02:00:00+05:30,Jaffna_Northern,26.0,84.14301282835095,0.0,1.43,149.47499541579305
2026-10-07T02:15:00+05:30,Jaffna_Northern,25.9,85.31643730710175,0.0,1.43,145.79389187399443
2026-10-07T02:30:00+05:30,Jaffna_Northern,25.9,86.32355064826754,0.0,1.39,142.1069748987274
2026-10-07T02:45:00+05:30,Jaffna_Northern,25.8,87.21064645597329,0.0,1.41,138.41608705338848
2026-10-07T03:00:00+05:30,Jaffna_Northern,25.7,88.00934431342807,0.0,1.39,134.72251242035833
2026-10-07T03:15:00+05:30,Jaffna_Northern,25.7,88.74209910709055,0.0,1.42,131.02719105439928
2026-10-07T03:30:00+05:30,Jaffna_Northern,25.6,89.42542591206575,0.0,1.41,127.33084329676062
2026-10-07T03:45:00+05:30,Jaffna_Northern,25.6,90.07187502289207,0.0,1.41,123.63404743215014
2026-10-07T04:00:00+05:30,Jaffna_Northern,25.6,90.69129094611037,0.0,1.45,119.9372899740839
2026-10-07T04:15:00+05:30,Jaffna_Northern,25.6,91.29164494347026,0.0,1.45,116.24099834572156
2026-10-07T04:30:00+05:30,Jaffna_Northern,25.6,91.8796047897726,0.0,1.45,112.5455653298451
2026-10-07T04:45:00+05:30,Jaffna_Northern,25.6,92.46093899036822,0.0,1.45,108.85136761395549
2026-10-07T05:00:00+05:30,Jaffna_Northern,25.6,93.04081515220548,0.0,1.45,105.15877933324397
2026-10-07T05:15:00+05:30,Jaffna_Northern,25.7,93.6240299435587,0.0,1.46,101.46818517731512
2026-10-07T05:30:00+05:30,Jaffna_Northern,25.8,94.21519609204114,0.0,1.41,97.77999270719009
2026-10-07T05:45:00+05:30,Jaffna_Northern,25.9,94.81890433273912,0.0,1.36,94.09464331606002
2026-10-07T06:00:00+05:30,Jaffna_Northern,26.0,95.43987314125064,0.0,1.3,90.41262560964239
2026-10-07T06:15:00+05:30,Jaffna_Northern,26.2,96.08309744031396,11.0,1.25,86.73449054975067
2026-10-07T06:30:00+05:30,Jaffna_Northern,26.4,96.75400664654768,46.0,1.2,83.06086780779168
2026-10-07T06:45:00+05:30,Jaffna_Northern,26.6,97.45864200406629,93.0,1.1,79.39248744376383
2026-10-07T07:00:00+05:30,Jaffna_Northern,26.8,98.20386538454784,148.0,1.05,75.73020689763285
2026-10-07T07:15:00+05:30,Jaffna_Northern,27.1,98.99761467067367,204.0,0.96,72.07504381869543
2026-10-07T07:30:00+05:30,Jaffna_Northern,27.3,99.84922454093208,258.0,0.86,68.42822043108272
2026-10-07T07:45:00+05:30,Jaffna_Northern,27.6,100.76983922961284,309.0,0.78,64.79122184855272
2026-10-07T08:00:00+05:30,Jaffna_Northern,27.9,101.77295443559393,358.0,0.72,61.16587246518205
2026-10-07T08:15:00+05:30,Jaffna_Northern,28.2,102.87514010705854,408.0,0.65,57.55444154998761
2026-10-07T08:30:00+05:30,Jaffna_Northern,28.5,104.09702024136499,454.0,0.64,53.95978876886266
2026-10-07T08:45:00+05:30,Jaffna_Northern,28.8,105.46462156640479,498.0,0.65,50.38556669661844
2026-10-07T09:00:00+05:30,Jaffna_Northern,29.0,107.01125528136532,539.0,0.65,46.836511798839474
2026-09-30T09:15:00+05:30,Colombo_Western,29.0,101.8379051229964,620.0,3.32,42.473035351275364
2026-09-30T09:30:00+05:30,Colombo_Western,29.2,103.23810486661404,668.0,3.35,38.83904478631678
2026-09-30T09:45:00+05:30,Colombo_Western,29.4,104.89724386783894,712.0,3.35,35.22792503651963
2026-09-30T10:00:00+05:30,Colombo_Western,29.5,106.90228965234769,753.0,3.34,31.64754871548083
2026-09-30T10:15:00+05:30,Colombo_Western,29.5,109.3814012716586,793.0,3.29,28.10970698624977
2026-09-30T10:30:00+05:30,Colombo_Western,29.6,112.52976982405255,832.0,3.29,24.63277412510871
2026-09-30T10:45:00+05:30,Colombo_Western,29.7,116.65503297458775,868.0,3.34,21.246714158517122
2026-09-30T11:00:00+05:30,Colombo_Western,29.7,122.25688705464148,898.0,3.45,18.00291484147762
2026-09-30T11:15:00+05:30,Colombo_Western,29.8,130.1548600039032,918.0,3.54,14.994030474329762
2026-09-30T11:30:00+05:30,Colombo_Western,29.8,141.6119097337442,927.0,3.64,12.39240846261771
2026-09-30T11:45:00+05:30,Colombo_Western,29.9,158.02568906800843,930.0,3.72,10.505146246391476
2026-09-30T12:00:00+05:30,Colombo_Western,29.9,179.0231433106503,930.0,3.86,9.756038447155845
2026-09-30T12:15:00+05:30,Colombo_Western,29.9,200.2540346601669,933.0,3.94,10.394158153114034
2026-09-30T12:30:00+05:30,Colombo_Western,29.9,217.10845574980465,939.0,4.03,12.203800392463549
2026-09-30T12:45:00+05:30,Colombo_Western,29.9,228.92759778769224,942.0,4.08,14.760171138459825
2026-09-30T13:00:00+05:30,Colombo_Western,30.0,237.0652124476929,937.0,4.13,17.743384887878747
2026-09-30T13:15:00+05:30,Colombo_Western,30.0,242.8196515749577,916.0,4.13,20.972056135363218
2026-09-30T13:30:00+05:30,Colombo_Western,29.9,247.04372386969857,883.0,4.13,24.348715249969004
2026-09-30T13:45:00+05:30,Colombo_Western,29.9,250.25806216626245,842.0,4.14,27.819504099263035
2026-09-30T14:00:00+05:30,Colombo_Western,29.7,252.7825694297186,798.0,4.2,31.353153422533616
2026-09-30T14:15:00+05:30,Colombo_Western,29.6,254.81965290796103,752.0,4.21,34.930565321881424
2026-09-30T14:30:00+05:30,Colombo_Western,29.5,256.50183009878657,704.0,4.22,38.53952735460618
2026-09-30T14:45:00+05:30,Colombo_Western,29.4,257.9187852736622,654.0,4.22,42.17191171437427
2026-09-30T15:00:00+05:30,Colombo_Western,29.4,259.1330842412843,604.0,4.21,45.822118539498334
2026-09-30T15:15:00+05:30,Colombo_Western,29.3,260.18958037796324,557.0,4.15,49.48617211066575
2026-09-30T15:30:00+05:30,Colombo_Western,29.2,261.1212240100709,515.0,4.09,53.16117618171289
2026-09-30T15:45:00+05:30,Colombo_Western,29.2,261.9527592585589,471.0,3.92,56.8449719632503
2026-09-30T16:00:00+05:30,Colombo_Western,29.1,262.70314357391965,420.0,3.69,60.53591700568545
2026-09-30T16:15:00+05:30,Colombo_Western,29.0,263.3871728909012,358.0,3.42,64.23273959976785
2026-09-30T16:30:00+05:30,Colombo_Western,28.9,264.01659905671227,288.0,3.27,67.93443840484046
2026-09-30T16:45:00+05:30,Colombo_Western,28.8,264.60091568419153,221.0,3.18,71.64021232717715
2026-09-30T17:00:00+05:30,Colombo_Western,28.6,265.1479229546823,162.0,3.2,75.34941195386152
2026-09-30T17:15:00+05:30,Colombo_Western,28.4,265.66414188069973,115.0,3.19,79.06150308230477
2026-09-30T17:30:00+05:30,Colombo_Western,28.2,266.1551251384053,75.0,3.17,82.77603960943419
2026-09-30T17:45:00+05:30,Colombo_Western,28.0,266.62569629025785,41.0,3.08,86.49264445888662
2026-09-30T18:00:00+05:30,Colombo_Western,27.9,267.0801389931688,11.0,2.93,90.21099364382131
2026-09-30T18:15:00+05:30,Colombo_Western,27.8,267.5223522606985,0.0,2.77,93.93080360260508
2026-09-30T18:30:00+05:30,Colombo_Western,27.7,267.95598390037406,0.0,2.67,97.6518223424816
2026-09-30T18:45:00+05:30,Colombo_Western,27.7,268.38455141767963,0.0,2.58,101.37382066804189
2026-09-30T19:00:00+05:30,Colombo_Western,27.7,268.81155912704133,0.0,2.48,105.09658441112688
2026-09-30T19:15:00+05:30,Colombo_Western,27.7,269.24062011981596,0.0,2.39,108.81990866187277
2026-09-30T19:30:00+05:30,Colombo_Western,27.7,269.6755922556325,0.0,2.34,112.54359052644512
2026-09-30T19:45:00+05:30,Colombo_Western,27.6,270.12074022246196,0.0,2.41,116.26742138336067
2026-09-30T20:00:00+05:30,Colombo_Western,27.5,270.5809399984384,0.0,2.53,119.99117950264609
2026-09-30T20:15:00+05:30,Colombo_Western,27.3,271.06194878104475,0.0,2.67,123.71461915038316
2026-09-30T20:30:00+05:30,Colombo_Western,27.2,271.57077614592043,0.0,2.69,127.43745640653236
2026-09-30T20:45:00+05:30,Colombo_Western,27.2,272.11621297683064,0.0,2.55,131.15935120760912
2026-09-30T21:00:00+05:30,Colombo_Western,27.1,272.7096102689313,0.0,2.35,134.87987938945744
2026-09-30T21:15:00+05:30,Colombo_Western,27.1,273.3660655949029,0.0,2.15,138.59849074146203
2026-09-30T21:30:00+05:30,Colombo_Western,27.0,274.1062973383236,0.0,1.92,142.31444482403623
2026-09-30T21:45:00+05:30,Colombo_Western,26.8,274.9597262778793,0.0,1.77,146.02670339833574
2026-09-30T22:00:00+05:30,Colombo_Western,26.6,275.96978381222596,0.0,1.64,149.7337452524846
2026-09-30T22:15:00+05:30,Colombo_Western,26.4,277.2035734209963,0.0,1.54,153.43322993153603
2026-09-30T22:30:00+05:30,Colombo_Western,26.3,278.77066659965544,0.0,1.47,157.12133730441184
2026-09-30T22:45:00+05:30,Colombo_Western,26.3,280.86282264595616,0.0,1.47,160.79135971397739
2026-09-30T23:00:00+05:30,Colombo_Western,26.4,283.84721170143865,0.0,1.44,164.43035017714482
2026-09-30T23:15:00+05:30,Colombo_Western,26.6,288.5169754078284,0.0,1.47,168.00986469940327
2026-09-30T23:30:00+05:30,Colombo_Western,26.6,296.8909898034191,0.0,1.44,171.4546689981551
2026-09-30T23:45:00+05:30,Colombo_Western,26.4,315.1834277650811,0.0,1.37,174.50510855595536
2026-10-01T00:00:00+05:30,Colombo_Western,26.2,358.1727359890748,0.0,1.25,176.0913282470059
2026-10-01T00:15:00+05:30,Colombo_Western,26.0,42.95993560498857,0.0,1.08,174.68263620558793
2026-10-01T00:30:00+05:30,Colombo_Western,25.8,62.411780704800776,0.0,0.96,171.68237454210305
2026-10-01T00:45:00+05:30,Colombo_Western,25.8,71.1869068341033,0.0,0.85,168.25259354420223
2026-10-01T01:00:00+05:30,Colombo_Western,25.9,76.02436472815589,0.0,0.74,164.6791756511662
2026-10-01T01:15:00+05:30,Colombo_Western,25.9,79.09257721348024,0.0,0.57,161.04327155540122
2026-10-01T01:30:00+05:30,Colombo_Western,25.9,81.23240758598712,0.0,0.47,157.3750888363058
2026-10-01T01:45:00+05:30,Colombo_Western,25.8,82.82934342697388,0.0,0.36,153.68823278153258
2026-10-01T02:00:00+05:30,Colombo_Western,25.7,84.08327690273376,0.0,0.29,149.9896987385521
2026-10-01T02:15:00+05:30,Colombo_Western,25.5,85.10781242682327,0.0,0.14,146.2834491355128
2026-10-01T02:30:00+05:30,Colombo_Western,25.4,85.97223257075098,0.0,0.05,142.5719021246274
2026-10-01T02:45:00+05:30,Colombo_Western,25.2,86.72123019072313,0.0,0.15,138.85662375055114
2026-10-01T03:00:00+05:30,Colombo_Western,25.0,87.38499890668595,0.0,0.35,135.13868083862548
2026-10-01T03:15:00+05:30,Colombo_Western,24.8,87.98475437563474,0.0,0.55,131.41883364773545
2026-10-01T03:30:00+05:30,Colombo_Western,24.6,88.53592875995412,0.0,0.68,127.69764589566374
2026-10-01T03:45:00+05:30,Colombo_Western,24.5,89.05010759288785,0.0,0.82,123.97555266449558
2026-10-01T04:00:00+05:30,Colombo_Western,24.5,89.53625306449936,0.0,1.05,120.2529036632346
2026-10-01T04:15:00+05:30,Colombo_Western,24.4,90.00150545566254,0.0,1.36,116.52999052390408
2026-10-01T04:30:00+05:30,Colombo_Western,24.3,90.45172608848935,0.0,1.63,112.80706681621368
2026-10-01T04:45:00+05:30,Colombo_Western,24.2,90.8918778597544,0.0,1.72,109.08436263693346
2026-10-01T05:00:00+05:30,Colombo_Western,24.0,91.32630176045797,0.0,1.72,105.36209432816337
2026-10-01T05:15:00+05:30,Colombo_Western,23.9,91.75892575351384,0.0,1.67,101.64047364102983
2026-10-01T05:30:00+05:30,Colombo_Western,23.8,92.19343030152072,0.0,1.66,97.91971574713249
2026-10-01T05:45:00+05:30,Colombo_Western,23.7,92.63338730789451,0.0,1.65,94.20004526732068
2026-10-01T06:00:00+05:30,Colombo_Western,23.7,93.08238429563914,0.0,1.73,90.48170384769439
2026-10-01T06:15:00+05:30,Colombo_Western,23.7,93.54414370500172,11.0,1.77,86.7649582928278
2026-10-01T06:30:00+05:30,Colombo_Western,23.8,94.02264613617166,45.0,1.77,83.0501082752094
2026-10-01T06:45:00+05:30,Colombo_Western,24.1,94.52226584856407,88.0,1.66,79.33749722132944
2026-10-01T07:00:00+05:30,Colombo_Western,24.4,95.04792843562365,138.0,1.47,75.62752563812442
2026-10-01T07:15:00+05:30,Colombo_Western,24.8,95.60530293436011,187.0,1.29,71.92066640226358
2026-10-01T07:30:00+05:30,Colombo_Western,25.2,96.20104387181294,230.0,1.12,68.21748640865034
2026-10-01T07:45:00+05:30,Colombo_Western,25.5,96.84310543669449,267.0,0.92,64.51867507938866
2026-10-01T08:00:00+05:30,Colombo_Western,25.8,97.54115961420791,303.0,0.74,60.825081186827035
2026-10-01T08:15:00+05:30,Colombo_Western,26.1,98.30716434462073,347.0,0.61,57.13776534819084
2026-10-01T08:30:00+05:30,Colombo_Western,26.4,99.15615218604933,397.0,0.53,53.458073406577945
2026-10-01T08:45:00+05:30,Colombo_Western,26.7,100.10734858977958,452.0,0.54,49.78773972878631
2026-10-01T09:00:00+05:30,Colombo_Western,27.1,101.18579148167134,506.0,0.58,46.12904028219815
2026-10-01T09:15:00+05:30,Colombo_Western,27.4,102.42473224696306,553.0,0.6,42.48502192365473
2026-10-01T09:30:00+05:30,Colombo_Western,27.7,103.86928534577629,594.0,0.56,38.859854041560304
2026-10-01T09:45:00+05:30,Colombo_Western,27.9,105.5821249912837,630.0,0.54,35.25938940080861
2026-10-01T10:00:00+05:30,Colombo_Western,28.2,107.65263417872757,666.0,0.79,31.692086135269278
2026-10-01T10:15:00+05:30,Colombo_Western,28.4,110.21203210198058,705.0,1.12,28.170581153874636
2026-10-01T10:30:00+05:30,Colombo_Western,28.6,113.45906075392696,746.0,1.49,24.714494859658387
2026-10-01T10:45:00+05:30,Colombo_Western,28.8,117.70433429830263,788.0,1.78,21.355647493850554
2026-10-01T11:00:00+05:30,Colombo_Western,28.9,123.44577213328392,828.0,2.07,18.148144587767533
2026-10-01T11:15:00+05:30,Colombo_Western,28.9,131.4823574630829,865.0,2.31,15.188208450925742
2026-10-01T11:30:00+05:30,Colombo_Western,29.0,142.99841561045906,904.0,2.51,12.65085127121273
2026-10-01T11:45:00+05:30,Colombo_Western,29.1,159.19590581390366,939.0,2.66,10.837102359429437
2026-10-01T12:00:00+05:30,Colombo_Western,29.2,179.52363438366,962.0,2.82,10.14289223559733
2026-10-01T12:15:00+05:30,Colombo_Western,29.3,199.95007845507436,965.0,2.92,10.786593076734249
2026-10-01T12:30:00+05:30,Colombo_Western,29.3,216.33915184642532,953.0,2.98,12.564222304233724
2026-10-01T12:45:00+05:30,Colombo_Western,29.3,228.0179486866814,926.0,3.03,15.07996172428021
2026-10-01T13:00:00+05:30,Colombo_Western,29.3,236.16488664633306,886.0,2.98,18.027389318512462
2026-10-01T13:15:00+05:30,Colombo_Western,29.2,241.97758824285359,829.0,2.99,21.227423788269917
2026-10-01T13:30:00+05:30,Colombo_Western,29.1,246.26928123677874,750.0,2.9,24.5815901444997
2026-10-01T13:45:00+05:30,Colombo_Western,29.0,249.54726041035656,664.0,2.77,28.034598993679708
2026-10-01T14:00:00+05:30,Colombo_Western,28.8,252.12776963375387,585.0,2.64,31.55399530575749
2026-10-01T14:15:00+05:30,Colombo_Western,28.7,254.21291275609013,526.0,2.48,35.119803068749874
2026-10-01T14:30:00+05:30,Colombo_Western,28.5,255.93595818868596,486.0,2.38,38.71917673022686
2026-10-01T14:45:00+05:30,Colombo_Western,28.3,257.3875730449889,451.0,2.28,42.34353164271884
2026-10-01T15:00:00+05:30,Colombo_Western,28.1,258.6312576141068,411.0,2.2,45.98693471075986
2026-10-01T15:15:00+05:30,Colombo_Western,28.0,259.71267024921116,358.0,2.16,49.64516366679223
2026-10-01T15:30:00+05:30,Colombo_Western,27.8,260.6654271790657,297.0,2.1,53.3151371274359
2026-10-01T15:45:00+05:30,Colombo_Western,27.8,261.51481326936175,236.0,2.06,56.994555303300515
2026-10-01T16:00:00+05:30,Colombo_Western,27.9,262.280220990413,184.0,2.02,60.68166696235776
2026-10-01T16:15:00+05:30,Colombo_Western,27.9,262.97679412488617,144.0,1.98,64.37511551496755
2026-10-01T16:30:00+05:30,Colombo_Western,27.8,263.6165609112001,113.0,1.87,68.07383276055727
2026-10-01T16:45:00+05:30,Colombo_Western,27.5,264.2092325123475,88.0,1.79,71.77696455400184
2026-10-01T17:00:00+05:30,Colombo_Western,27.0,264.7627776265591,66.0,1.72,75.48381918530595
2026-10-01T17:15:00+05:30,Colombo_Western,26.5,265.28384416577626,47.0,1.77,79.19382868301048
2026-10-01T17:30:00+05:30,Colombo_Western,26.1,265.77807551017133,31.0,1.87,82.9065200619244
2026-10-01T17:45:00+05:30,Colombo_Western,25.9,266.25035347492997,17.0,1.89,86.62149505374082
2026-10-01T18:00:00+05:30,Colombo_Western,25.8,266.7049897979224,5.0,1.84,90.33841329454077
2026-10-01T18:15:00+05:30,Colombo_Western,25.7,267.14588234947826,0.0,1.87,94.05697905063839
2026-10-01T18:30:00+05:30,Colombo_Western,25.6,267.57664821656584,0.0,1.92,97.77693196145793
2026-10-01T18:45:00+05:30,Colombo_Western,25.5,268.00074288952413,0.0,1.97,101.49803805397025
2026-10-01T19:00:00+05:30,Colombo_Western,25.4,268.4215741169173,0.0,1.97,105.2200819339471
2026-10-01T19:15:00+05:30,Colombo_Western,25.3,268.8426187575575,0.0,1.94,108.94286116011867
2026-10-01T19:30:00+05:30,Colombo_Western,25.2,269.2675512900938,0.0,1.89,112.66617934805244
2026-10-01T19:45:00+05:30,Colombo_Western,25.2,269.7003952441706,0.0,1.82,116.38983903188418
2026-10-01T20:00:00+05:30,Colombo_Western,25.2,270.1457126868885,0.0,1.71,120.11363521046655
2026-10-01T20:15:00+05:30,Colombo_Western,25.2,270.6088530180454,0.0,1.61,123.83734584435106
2026-10-01T20:30:00+05:30,Colombo_Western,25.3,271.0962940083996,0.0,1.54,127.56071972441728
2026-10-01T20:45:00+05:30,Colombo_Western,25.3,271.61612714699726,0.0,1.51,131.2834615568345
2026-10-01T21:00:00+05:30,Colombo_Western,25.3,272.17877218348855,0.0,1.51,135.00520858358476
2026-10-01T21:15:00+05:30,Colombo_Western,25.4,272.7980666238797,0.0,1.55,138.72549567510103
2026-10-01T21:30:00+05:30,Colombo_Western,25.4,273.4929896316396,0.0,1.55,142.44370229076404
2026-10-01T21:45:00+05:30,Colombo_Western,25.4,274.2905033153423,0.0,1.48,146.1589631615421
2026-10-01T22:00:00+05:30,Colombo_Western,25.4,275.23046329187173,0.0,1.44,149.87001430093403
2026-10-01T22:15:00+05:30,Colombo_Western,25.4,276.3745965298848,0.0,1.37,153.5749127776287
2026-10-01T22:30:00+05:30,Colombo_Western,25.3,277.8240755279205,0.0,1.36,157.2704832792462
2026-10-01T22:45:00+05:30,Colombo_Western,25.3,279.756986419237,0.0,1.42,160.95113011480845
2026-10-01T23:00:00+05:30,Colombo_Western,25.2,282.51746041788397,0.0,1.56,164.60597879220717
2026-10-01T23:15:00+05:30,Colombo_Western,25.2,286.8606767328987,0.0,1.66,168.2108406863593
2026-10-01T23:30:00+05:30,Colombo_Western,25.1,294.7691950374033,0.0,1.77,171.70014556758645
2026-10-01T23:45:00+05:30,Colombo_Western,25.1,312.8078255341628,0.0,1.84,174.8339801491071
2026-10-02T00:00:00+05:30,Colombo_Western,25.0,359.290401806829,0.0,1.84,176.48065501535328
2026-10-02T00:15:00+05:30,Colombo_Western,25.0,46.58787138183783,0.0,1.87,174.90277676941764
2026-10-02T00:30:00+05:30,Colombo_Western,24.9,65.07081687186064,0.0,1.87,171.78571358249638
2026-10-02T00:45:00+05:30,Colombo_Western,24.9,73.12105392065416,0.0,1.87,168.30118266072486
2026-10-02T01:00:00+05:30,Colombo_Western,24.8,77.52211127126492,0.0,1.84,164.69829268342818
2026-10-02T01:15:00+05:30,Colombo_Western,24.8,80.3114617632728,0.0,1.81,161.04451729537493
2026-10-02T01:30:00+05:30,Colombo_Western,24.8,82.26104352956372,0.0,1.81,157.36459520136654
2026-10-02T01:45:00+05:30,Colombo_Western,24.7,83.72129267232629,0.0,1.8,153.6696040973216
2026-10-02T02:00:00+05:30,Colombo_Western,24.7,84.87306700936438,0.0,1.84,149.9652278948295
2026-10-02T02:15:00+05:30,Colombo_Western,24.7,85.81890751711234,0.0,1.85,146.2546861818223
2026-10-02T02:30:00+05:30,Colombo_Western,24.7,86.62128093071954,0.0,1.86,142.53994707277954
2026-10-02T02:45:00+05:30,Colombo_Western,24.6,87.32047386924756,0.0,1.87,138.8222893122762
2026-10-02T03:00:00+05:30,Colombo_Western,24.6,87.94371612023326,0.0,1.91,135.10258861536565
2026-10-02T03:15:00+05:30,Colombo_Western,24.5,88.51016333864072,0.0,1.91,131.3814739525602
2026-10-02T03:30:00+05:30,Colombo_Western,24.5,89.03377665022265,0.0,1.89,127.65941659411425
2026-10-02T03:45:00+05:30,Colombo_Western,24.4,89.52506762903806,0.0,1.79,123.93678536219227
2026-10-02T04:00:00+05:30,Colombo_Western,24.4,89.99220038837052,0.0,1.64,120.21388198338026
2026-10-02T04:15:00+05:30,Colombo_Western,24.4,90.44171410351487,0.0,1.48,116.49096327977296
2026-10-02T04:30:00+05:30,Colombo_Western,24.3,90.87901326070619,0.0,1.3,112.76825782113859
2026-10-02T04:45:00+05:30,Colombo_Western,24.3,91.30871224149337,0.0,1.1,109.04597826342753
2026-10-02T05:00:00+05:30,Colombo_Western,24.3,91.7348869237747,0.0,0.84,105.32432955406112
2026-10-02T05:15:00+05:30,Colombo_Western,24.3,92.16126612565148,0.0,0.66,101.60351709422719
2026-10-02T05:30:00+05:30,Colombo_Western,24.3,92.59138492050215,0.0,0.61,97.88375411185719
2026-10-02T05:45:00+05:30,Colombo_Western,24.3,93.02871513387765,0.0,0.81,94.16526733516025
2026-10-02T06:00:00+05:30,Colombo_Western,24.3,93.47678391579211,0.0,1.26,90.44830444521665
2026-10-02T06:15:00+05:30,Colombo_Western,24.3,93.93928967551648,11.0,1.7,86.73314228648348
2026-10-02T06:30:00+05:30,Colombo_Western,24.4,94.42022385792114,44.0,1.98,83.02009486041254
2026-10-02T06:45:00+05:30,Colombo_Western,24.7,94.92400671295286,86.0,2.02,79.3095247072759
2026-10-02T07:00:00+05:30,Colombo_Western,25.0,95.45564696933013,136.0,1.88,75.60185698493716
2026-10-02T07:15:00+05:30,Colombo_Western,25.3,96.02093782227053,189.0,1.69,71.8975958246027
2026-10-02T07:30:00+05:30,Colombo_Western,25.7,96.62670504736269,246.0,1.54,68.19734744386051
2026-10-02T07:45:00+05:30,Colombo_Western,26.0,97.28112993802341,304.0,1.48,64.50185067255588
2026-10-02T08:00:00+05:30,Colombo_Western,26.4,97.99417968202602,362.0,1.42,60.812016535302654
2026-10-02T08:15:00+05:30,Colombo_Western,26.7,98.778192340761,417.0,1.35,57.12898456170522
2026-10-02T08:30:00+05:30,Colombo_Western,27.0,99.64868848429944,467.0,1.31,53.454201497759904
2026-10-02T08:45:00+05:30,Colombo_Western,27.3,100.62552076465181,512.0,1.3,49.78953215849053
2026-10-02T09:00:00+05:30,Colombo_Western,27.6,101.73453596283889,556.0,1.35,46.137423379861346
2026-10-02T09:15:00+05:30,Colombo_Western,27.9,103.01003302879826,602.0,1.45,42.50114924631215
2026-10-02T09:30:00+05:30,Colombo_Western,28.2,104.49848739840348,651.0,1.54,38.88518652024682
2026-10-02T09:45:00+05:30,Colombo_Western,28.4,106.26433911123695,698.0,1.63,35.29581165462276
2026-10-02T10:00:00+05:30,Colombo_Western,28.7,108.39923380091409,741.0,1.67,31.742078610566054
2026-10-02T10:15:00+05:30,Colombo_Western,28.9,111.03717559182257,776.0,1.72,28.237479098794424
2026-10-02T10:30:00+05:30,Colombo_Western,29.0,114.37994541643968,801.0,1.82,24.802880487719605
2026-10-02T10:45:00+05:30,Colombo_Western,29.1,118.7401627528713,819.0,1.95,21.471931715962725
2026-10-02T11:00:00+05:30,Colombo_Western,29.1,124.61217123248167,836.0,2.08,18.301344837840134
2026-10-02T11:15:00+05:30,Colombo_Western,29.1,132.77162857887743,858.0,2.26,15.390577262797734
2026-10-02T11:30:00+05:30,Colombo_Western,29.1,144.3233809899075,887.0,2.4,12.916519217143403
2026-10-02T11:45:00+05:30,Colombo_Western,29.1,160.28958542526425,915.0,2.58,11.17315934601939
2026-10-02T12:00:00+05:30,Colombo_Western,29.1,179.98041692454012,930.0,2.88,10.529919632187301
2026-10-02T12:15:00+05:30,Colombo_Western,29.1,199.661677858636,924.0,3.08,11.178358836031464
2026-10-02T12:30:00+05:30,Colombo_Western,29.0,215.60872619862633,898.0,3.18,12.925512656429092
2026-10-02T12:45:00+05:30,Colombo_Western,28.8,227.14344593317668,861.0,3.11,15.401896854780759
2026-10-02T13:00:00+05:30,Colombo_Western,28.6,235.2907089623054,816.0,2.96,18.314034461447704
2026-10-02T13:15:00+05:30,Colombo_Western,28.4,241.1542643515052,768.0,2.75,21.485448349908893
2026-10-02T13:30:00+05:30,Colombo_Western,28.2,245.50839474779136,717.0,2.58,24.816918623642138
2026-10-02T13:45:00+05:30,Colombo_Western,28.1,248.84649102358156,661.0,2.57,28.251860758486266
2026-10-02T14:00:00+05:30,Colombo_Western,28.1,251.48058234962213,600.0,2.63,31.756696290667747
2026-10-02T14:15:00+05:30,Colombo_Western,28.1,253.61208606887516,532.0,2.8,35.31059774323885
2026-10-02T14:30:00+05:30,Colombo_Western,28.0,255.37477642288582,451.0,2.78,38.9000967476841
2026-10-02T14:45:00+05:30,Colombo_Western,27.9,256.8601480571907,372.0,2.54,42.51615476997473
2026-10-02T15:00:00+05:30,Colombo_Western,27.7,258.132536090354,310.0,2.1,46.15250522639544
2026-10-02T15:15:00+05:30,Colombo_Western,27.6,259.23833860956375,276.0,1.67,49.80467773593132
2026-10-02T15:30:00+05:30,Colombo_Western,27.4,260.2117940548069,270.0,1.31,53.46940377072857
2026-10-02T15:45:00+05:30,Colombo_Western,27.1,261.07869810090176,270.0,1.17,57.14424047234837
2026-10-02T16:00:00+05:30,Colombo_Western,26.7,261.8588572665607,256.0,1.19,60.82732586390787
2026-10-02T16:15:00+05:30,Colombo_Western,26.4,262.56774816927555,217.0,1.35,64.51721667250865
2026-10-02T16:30:00+05:30,Colombo_Western,26.1,263.21766446045365,163.0,1.47,68.21277620160211
2026-10-02T16:45:00+05:30,Colombo_Western,25.9,263.8185266511478,111.0,1.57,71.91309576953319
2026-10-02T17:00:00+05:30,Colombo_Western,25.8,264.3784656887571,71.0,1.62,75.61744001249332
2026-10-02T17:15:00+05:30,Colombo_Western,25.7,264.90425147391494,48.0,1.63,79.32520593059925
2026-10-02T17:30:00+05:30,Colombo_Western,25.6,265.40161413227,34.0,1.71,83.03589247226539
2026-10-02T17:45:00+05:30,Colombo_Western,25.4,265.87549042932295,21.0,1.79,86.74907903230945
2026-10-02T18:00:00+05:30,Colombo_Western,25.3,266.33021731497325,6.0,1.81,90.46440774270492
2026-10-02T18:15:00+05:30,Colombo_Western,25.1,266.76968890072635,0.0,1.87,94.18156955693118
2026-10-02T18:30:00+05:30,Colombo_Western,25.0,267.1974890345897,0.0,1.87,97.90029456159407
2026-10-02T18:45:00+05:30,Colombo_Western,25.0,267.6170086212119,0.0,1.81,101.62034274287615
2026-10-02T19:00:00+05:30,Colombo_Western,24.9,268.03155606167786,0.0,1.74,105.3414960972799
2026-10-02T19:15:00+05:30,Colombo_Western,24.9,268.4444688034311,0.0,1.65,109.06355310221352
2026-10-02T19:30:00+05:30,Colombo_Western,24.9,268.85923413110964,0.0,1.55,112.78632210848815
2026-10-02T19:45:00+05:30,Colombo_Western,24.8,269.2796296451161,0.0,1.5,116.50961472075599
2026-10-02T20:00:00+05:30,Colombo_Western,24.8,269.7098973136224,0.0,1.43,120.23324017738359
2026-10-02T20:15:00+05:30,Colombo_Western,24.7,270.15497045040377,0.0,1.36,123.9569970965115
2026-10-02T20:30:00+05:30,Colombo_Western,24.7,270.62078358406774,0.0,1.36,127.68066320522273
2026-10-02T20:45:00+05:30,Colombo_Western,24.6,271.11471255734637,0.0,1.36,131.4039831968687
2026-10-02T21:00:00+05:30,Colombo_Western,24.6,271.64622207083164,0.0,1.46,135.12664953724334
2026-10-02T21:15:00+05:30,Colombo_Western,24.6,272.2278535350708,0.0,1.48,138.84827402659482
2026-10-02T21:30:00+05:30,Colombo_Western,24.6,272.8767903077519,0.0,1.54,142.56834502596718
2026-10-02T21:45:00+05:30,Colombo_Western,24.6,273.6174430827742,0.0,1.56,146.28615504552272
2026-10-02T22:00:00+05:30,Colombo_Western,24.5,274.4859318159616,0.0,1.59,150.00067579776004
2026-10-02T22:15:00+05:30,Colombo_Western,24.5,275.53831400893705,0.0,1.62,153.71033053929185
2026-10-02T22:30:00+05:30,Colombo_Western,24.5,276.8667843405254,0.0,1.68,157.41254200878834
2026-10-02T22:45:00+05:30,Colombo_Western,24.5,278.6344980501164,0.0,1.72,161.10275576852314
2026-10-02T23:00:00+05:30,Colombo_Western,24.5,281.1594591957572,0.0,1.77,164.77206697129822
2026-10-02T23:15:00+05:30,Colombo_Western,24.5,285.1500153019217,0.0,1.79,168.40043663363574
2026-10-02T23:30:00+05:30,Colombo_Western,24.5,292.52213443472,0.0,1.8,171.93223698788165
2026-10-02T23:45:00+05:30,Colombo_Western,24.4,310.11008195325377,0.0,1.74,175.15141048683807
2026-10-03T00:00:00+05:30,Colombo_Western,24.3,0.6596686656714041,0.0,1.68,176.86775304132033
2026-10-03T00:15:00+05:30,Colombo_Western,24.2,50.509534922839634,0.0,1.66,175.10150450939824
2026-10-03T00:30:00+05:30,Colombo_Western,24.1,67.78365080494552,0.0,1.64,171.87222956474756
2026-10-03T00:45:00+05:30,Colombo_Western,24.0,75.06431487422435,0.0,1.59,168.33787814883618
2026-10-03T01:00:00+05:30,Colombo_Western,24.0,79.01927873535828,0.0,1.51,164.70864903448145
2026-10-03T01:15:00+05:30,Colombo_Western,24.0,81.52748469793426,0.0,1.56,161.0390560819112
2026-10-03T01:30:00+05:30,Colombo_Western,24.0,83.28644328235464,0.0,1.58,157.3488272349624
2026-10-03T01:45:00+05:30,Colombo_Western,24.0,84.61016370990137,0.0,1.6,153.64675609570435
2026-10-03T02:00:00+05:30,Colombo_Western,24.0,85.66007079673807,0.0,1.62,149.93734950860204
2026-10-03T02:15:00+05:30,Colombo_Western,24.0,86.5275181383983,0.0,1.61,146.2231628887701
2026-10-03T02:30:00+05:30,Colombo_Western,24.0,87.26811922314658,0.0,1.64,142.5057629820871
2026-10-03T02:45:00+05:30,Colombo_Western,24.0,87.91774598537768,0.0,1.67,138.78617281332464
2026-10-03T03:00:00+05:30,Colombo_Western,24.1,88.50066561470607,0.0,1.7,135.06509832705675
2026-10-03T03:15:00+05:30,Colombo_Western,24.1,89.03397786721018,0.0,1.74,131.34305213473837
2026-10-03T03:30:00+05:30,Colombo_Western,24.1,89.5301773653863,0.0,1.77,127.62042382877357
2026-10-03T03:45:00+05:30,Colombo_Western,24.1,89.99870586068755,0.0,1.77,123.89752395374259
2026-10-03T04:00:00+05:30,Colombo_Western,24.1,90.44693290677651,0.0,1.8,120.17461231368067
2026-10-03T04:15:00+05:30,Colombo_Western,24.1,90.88079946788025,0.0,1.84,116.45191563065075
2026-10-03T04:30:00+05:30,Colombo_Western,24.1,91.30525553531066,0.0,1.85,112.72964121621098
2026-10-03T04:45:00+05:30,Colombo_Western,24.1,91.72456884532761,0.0,1.9,109.00798732610097
2026-10-03T05:00:00+05:30,Colombo_Western,24.0,92.14255163719338,0.0,2.02,105.28715003924009
2026-10-03T05:15:00+05:30,Colombo_Western,24.0,92.56273472441501,0.0,2.11,101.56733055434525
2026-10-03T05:30:00+05:30,Colombo_Western,24.0,92.98850864190558,0.0,2.15,97.84874203245171
2026-10-03T05:45:00+05:30,Colombo_Western,24.0,93.42324572861963,0.0,2.18,94.13161499360476
2026-10-03T06:00:00+05:30,Colombo_Western,24.0,93.87041310808263,0.0,2.16,90.41620470916538
2026-10-03T06:15:00+05:30,Colombo_Western,24.1,94.3336852584423,9.0,2.14,86.7027995471313
2026-10-03T06:30:00+05:30,Colombo_Western,24.2,94.81706430347595,37.0,2.1,82.99172929462529
2026-10-03T06:45:00+05:30,Colombo_Western,24.4,95.32501600938878,76.0,2.0,79.28337708939927
2026-10-03T07:00:00+05:30,Colombo_Western,24.7,95.86263138655761,126.0,1.83,75.57819429285088
2026-10-03T07:15:00+05:30,Colombo_Western,25.0,96.43582644232225,181.0,1.69,71.87671796163073
2026-10-03T07:30:00+05:30,Colombo_Western,25.4,97.05159618639448,242.0,1.58,68.17959548953041
2026-10-03T07:45:00+05:30,Colombo_Western,25.8,97.7183460664939,305.0,1.52,64.48761721106261
2026-10-03T08:00:00+05:30,Colombo_Western,26.2,98.44633417101875,367.0,1.46,60.80175882764797
2026-10-03T08:15:00+05:30,Colombo_Western,26.7,99.24827237823865,422.0,1.52,57.123241632434194
2026-10-03T08:30:00+05:30,Colombo_Western,27.1,100.14015992490363,462.0,1.58,53.45361667403068
2026-10-03T08:45:00+05:30,Colombo_Western,27.4,101.14246258232521,493.0,1.64,49.794883313609255
2026-10-03T09:00:00+05:30,Colombo_Western,27.6,102.28181433536417,525.0,1.66,46.14966422318228
2026-10-03T09:15:00+05:30,Colombo_Western,27.8,103.5935276114995,571.0,1.7,42.52146672210153
2026-10-03T09:30:00+05:30,Colombo_Western,28.1,105.1253836886143,633.0,1.71,38.915082119176546
2026-10-03T09:45:00+05:30,Colombo_Western,28.3,106.94349656439005,702.0,1.74,35.33721876663107
2026-10-03T10:00:00+05:30,Colombo_Western,28.6,109.14161645575757,762.0,1.74,31.79753487983165
2026-10-03T10:15:00+05:30,Colombo_Western,28.8,111.85625155406461,797.0,1.79,28.310382844302033
2026-10-03T10:30:00+05:30,Colombo_Western,29.0,115.29170845965513,806.0,1.84,24.897872344683165
2026-10-03T10:45:00+05:30,Colombo_Western,29.1,119.76166327502256,801.0,1.92,21.59544417643393
2026-10-03T11:00:00+05:30,Colombo_Western,29.1,125.75520161565464,793.0,2.02,18.46229156711709
2026-10-03T11:15:00+05:30,Colombo_Western,29.1,134.02229830504547,794.0,2.16,15.600763101003594
2026-10-03T11:30:00+05:30,Colombo_Western,29.1,145.5885060276202,801.0,2.31,13.188881437484355
2026-10-03T11:45:00+05:30,Colombo_Western,29.1,161.31207096254673,808.0,2.58,11.51281694135723
2026-10-03T12:00:00+05:30,Colombo_Western,29.1,180.39762400322593,812.0,2.93,10.916918490380624
2026-10-03T12:15:00+05:30,Colombo_Western,29.0,199.38688430969475,809.0,3.21,11.569317396222502
2026-10-03T12:30:00+05:30,Colombo_Western,28.9,214.9139117661474,808.0,3.36,13.28739290946443
2026-10-03T12:45:00+05:30,Colombo_Western,28.8,226.3020833827677,801.0,3.23,15.725645498941006
2026-10-03T13:00:00+05:30,Colombo_Western,28.7,234.44170291245607,775.0,2.98,18.603009701503737
2026-10-03T13:15:00+05:30,Colombo_Western,28.6,240.34924081455017,718.0,2.63,21.745856862378332
2026-10-03T13:30:00+05:30,Colombo_Western,28.5,244.76088316850723,627.0,2.38,25.05446195266228
2026-10-03T13:45:00+05:30,Colombo_Western,28.3,248.15569706968736,525.0,2.2,28.471077588954053
2026-10-03T14:00:00+05:30,Colombo_Western,28.0,250.84101227133743,434.0,2.08,31.961065017249076
2026-10-03T14:15:00+05:30,Colombo_Western,27.8,253.01720904286074,370.0,2.0,35.50277349449924
2026-10-03T14:30:00+05:30,Colombo_Western,27.6,254.81833751362632,323.0,1.95,39.082123465612106
2026-10-03T14:45:00+05:30,Colombo_Western,27.6,256.3365718381766,287.0,1.9,42.689626449776036
2026-10-03T15:00:00+05:30,Colombo_Western,27.6,257.63698596213305,260.0,1.91,46.318682823946425
2026-10-03T15:15:00+05:30,Colombo_Western,27.5,258.7666543595706,242.0,1.89,49.96457302062597
2026-10-03T15:30:00+05:30,Colombo_Western,27.5,259.7603950108937,238.0,1.84,53.62383970485761
2026-10-03T15:45:00+05:30,Colombo_Western,27.3,260.6444850339983,234.0,1.67,57.29389513103393
2026-10-03T16:00:00+05:30,Colombo_Western,27.1,261.4391243518887,221.0,1.52,60.97276479448389
2026-10-03T16:15:00+05:30,Colombo_Western,26.8,262.1601075993462,192.0,1.43,64.65891706827213
2026-10-03T16:30:00+05:30,Colombo_Western,26.6,262.81998298478373,153.0,1.35,68.35114522222352
2026-10-03T16:45:00+05:30,Colombo_Western,26.5,263.4288722464602,113.0,1.21,72.04848462553808
2026-10-03T17:00:00+05:30,Colombo_Western,26.3,263.99506237257935,80.0,0.98,75.75015495958402
2026-10-03T17:15:00+05:30,Colombo_Western,26.2,264.5254403904247,56.0,0.78,79.45551697969228
2026-10-03T17:30:00+05:30,Colombo_Western,26.1,265.0258192568544,37.0,0.68,83.16404041148387
2026-10-03T17:45:00+05:30,Colombo_Western,26.0,265.5011874317937,20.0,0.71,86.8752811931711
2026-10-03T18:00:00+05:30,Colombo_Western,25.9,265.9559042596964,5.0,0.81,90.58886284096421
2026-10-03T18:15:00+05:30,Colombo_Western,25.8,266.39385753831624,0.0,0.96,94.30446186492738
2026-10-03T18:30:00+05:30,Colombo_Western,25.7,266.8185954318931,0.0,1.03,98.02179761704781
2026-10-03T18:45:00+05:30,Colombo_Western,25.6,267.233441780198,0.0,1.1,101.74062277700813
2026-10-03T19:00:00+05:30,Colombo_Western,25.5,267.6416029707859,0.0,1.17,105.46071534377697
2026-10-03T19:15:00+05:30,Colombo_Western,25.4,268.0462740081506,0.0,1.2,109.18187314863319
2026-10-03T19:30:00+05:30,Colombo_Western,25.3,268.45075135970427,0.0,1.27,112.90390747501698
2026-10-03T19:45:00+05:30,Colombo_Western,25.2,268.85856217577896,0.0,1.34,116.62663688287601
2026-10-03T20:00:00+05:30,Colombo_Western,25.1,269.2736224691373,0.0,1.38,120.34988230804223
2026-10-03T20:15:00+05:30,Colombo_Western,25.1,269.700441627307,0.0,1.45,124.07345991714539
2026-10-03T20:30:00+05:30,Colombo_Western,25.0,270.14440011540063,0.0,1.49,127.7971724931501
2026-10-03T20:45:00+05:30,Colombo_Western,25.0,270.6121427425053,0.0,1.52,131.5207997810229
2026-10-03T21:00:00+05:30,Colombo_Western,25.0,271.1121565968668,0.0,1.56,135.24408306588276
2026-10-03T21:15:00+05:30,Colombo_Western,24.9,271.6556527867291,0.0,1.59,138.96670257764777
2026-10-03T21:30:00+05:30,Colombo_Western,24.9,272.2579650306865,0.0,1.59,142.6882440400904
2026-10-03T21:45:00+05:30,Colombo_Western,24.9,272.9408641398437,0.0,1.59,146.40814166489557
2026-10-03T22:00:00+05:30,Colombo_Western,24.9,273.73658136320154,0.0,1.59,150.1255798137597
2026-10-03T22:15:00+05:30,Colombo_Western,24.9,274.69522293364514,0.0,1.56,153.8393138247745
2026-10-03T22:30:00+05:30,Colombo_Western,24.9,275.899444987587,0.0,1.56,157.5473123091718
2026-10-03T22:45:00+05:30,Colombo_Western,24.9,277.49624013662407,0.0,1.56,161.24597981281113
2026-10-03T23:00:00+05:30,Colombo_Western,24.9,279.77440520429934,0.0,1.56,164.92825068493562
2026-10-03T23:15:00+05:30,Colombo_Western,24.9,283.38630031637246,0.0,1.53,168.57805446299602
2026-10-03T23:30:00+05:30,Colombo_Western,24.9,290.14747181361093,0.0,1.53,172.14975746666926
2026-10-03T23:45:00+05:30,Colombo_Western,24.8,307.0386882141606,0.0,1.5,175.45508463804347
2026-10-04T00:00:00+05:30,Colombo_Western,24.8,2.381979403585092,0.0,1.5,177.25194879177442
2026-10-04T00:15:00+05:30,Colombo_Western,24.8,54.723241029608005,0.0,1.43,175.27634773143637
2026-10-04T00:30:00+05:30,Colombo_Western,24.7,70.54005597947418,0.0,1.4,171.94155996423336
2026-10-04T00:45:00+05:30,Colombo_Western,24.7,77.01244846276956,0.0,1.37,168.36272148273315
2026-10-04T01:00:00+05:30,Colombo_Western,24.6,80.51387129690636,0.0,1.3,164.71036648795425
2026-10-04T01:15:00+05:30,Colombo_Western,24.5,82.7395513623917,0.0,1.3,161.02702398592095
2026-10-04T01:30:00+05:30,Colombo_Western,24.5,84.30792759733322,0.0,1.23,157.32791964455353
2026-10-04T01:45:00+05:30,Colombo_Western,24.4,85.49549241694353,0.0,1.21,153.61981848542393
2026-10-04T02:00:00+05:30,Colombo_Western,24.4,86.44394624608373,0.0,1.17,149.90618787244154
2026-10-04T02:15:00+05:30,Colombo_Western,24.3,87.23337676626397,0.0,1.12,146.18899857293272
2026-10-04T02:30:00+05:30,Colombo_Western,24.3,87.91252804638748,0.0,1.12,142.46946480346475
2026-10-04T02:45:00+05:30,Colombo_Western,24.2,88.51285966720974,0.0,1.15,138.74838541082522
2026-10-04T03:00:00+05:30,Colombo_Western,24.1,89.05568330445931,0.0,1.14,135.02631782264848
2026-10-04T03:15:00+05:30,Colombo_Western,24.1,89.55605027518965,0.0,1.13,131.30367313422133
2026-10-04T03:30:00+05:30,Colombo_Western,24.0,90.02499525084812,0.0,1.2,127.58076995078707
2026-10-04T03:45:00+05:30,Colombo_Western,23.9,90.47089555928255,0.0,1.24,123.85786845448077
2026-10-04T04:00:00+05:30,Colombo_Western,23.8,90.90033052629485,0.0,1.32,120.13519253391794
2026-10-04T04:15:00+05:30,Colombo_Western,23.7,91.31864633898215,0.0,1.33,116.41294347658723
2026-10-04T04:30:00+05:30,Colombo_Western,23.7,91.73034119784882,0.0,1.42,112.69131104345612
2026-10-04T04:45:00+05:30,Colombo_Western,23.7,92.13933831095181,0.0,1.46,108.97048209661357
2026-10-04T05:00:00+05:30,Colombo_Western,23.7,92.5491879199522,0.0,1.48,105.25064634610735
2026-10-04T05:15:00+05:30,Colombo_Western,23.7,92.96322408259903,0.0,1.52,101.53200291469904
2026-10-04T05:30:00+05:30,Colombo_Western,23.8,93.38469371162819,0.0,1.52,97.8147667504265
2026-10-04T05:45:00+05:30,Colombo_Western,23.9,93.8168702813536,0.0,1.48,94.09917382775937
2026-10-04T06:00:00+05:30,Colombo_Western,24.1,94.26316123566892,0.0,1.46,90.38548854285402
2026-10-04T06:15:00+05:30,Colombo_Western,24.3,94.727217193949,13.0,1.42,86.67401224692284
2026-10-04T06:30:00+05:30,Colombo_Western,24.6,95.21305073601889,49.0,1.36,82.96509195014029
2026-10-04T06:45:00+05:30,Colombo_Western,24.9,95.72517258279157,96.0,1.31,79.2591328392139
2026-10-04T07:00:00+05:30,Colombo_Western,25.2,96.26875504802467,153.0,1.27,75.55661399885496
2026-10-04T07:15:00+05:30,Colombo_Western,25.5,96.84983543481678,210.0,1.21,71.85810704545341
2026-10-04T07:30:00+05:30,Colombo_Western,25.8,97.4755757454385,265.0,1.19,68.16430235011816
2026-10-04T07:45:00+05:30,Colombo_Western,26.1,98.15460232836546,317.0,1.16,64.47604378501393
2026-10-04T08:00:00+05:30,Colombo_Western,26.4,98.89745946611731,368.0,1.17,60.794374067449056
2026-10-04T08:15:00+05:30,Colombo_Western,26.7,99.71722600586696,418.0,1.18,57.120598991386906
2026-10-04T08:30:00+05:30,Colombo_Western,26.9,100.63036976920847,465.0,1.2,53.456377150006354
2026-10-04T08:45:00+05:30,Colombo_Western,27.2,101.6579545588088,508.0,1.25,49.803846322350516
2026-10-04T09:00:00+05:30,Colombo_Western,27.4,102.82737852468881,549.0,1.26,46.16580965442325
2026-10-04T09:15:00+05:30,Colombo_Western,27.6,104.17493156058538,588.0,1.33,42.546013224887375
2026-10-04T09:30:00+05:30,Colombo_Western,27.8,105.7496430030082,625.0,1.38,38.94956931080093
2026-10-04T09:45:00+05:30,Colombo_Western,28.0,107.61920538515574,660.0,1.43,35.383625193048154
2026-10-04T10:00:00+05:30,Colombo_Western,28.2,109.87931108858345,692.0,1.57,31.85844984630109
2026-10-04T10:15:00+05:30,Colombo_Western,28.4,112.66868763678036,720.0,1.65,28.389259006242092
2026-10-04T10:30:00+05:30,Colombo_Western,28.5,116.19365642829797,743.0,1.78,24.999394647092515
2026-10-04T10:45:00+05:30,Colombo_Western,28.7,120.76803142044633,764.0,1.88,21.726043798868844
2026-10-04T11:00:00+05:30,Colombo_Western,28.8,126.87408591327608,785.0,2.02,18.6307432960089
2026-10-04T11:15:00+05:30,Colombo_Western,28.9,135.2341716558608,812.0,2.09,15.818383065582069
2026-10-04T11:30:00+05:30,Colombo_Western,29.0,146.79562033769923,850.0,2.23,13.467420826711049
2026-10-04T11:45:00+05:30,Colombo_Western,29.0,162.26831958974003,888.0,2.38,11.855608931984506
2026-10-04T12:00:00+05:30,Colombo_Western,29.0,180.77886881876154,915.0,2.52,11.303695346239891
2026-10-04T12:15:00+05:30,Colombo_Western,29.0,199.12402681278988,918.0,2.66,11.959332254968274
2026-10-04T12:30:00+05:30,Colombo_Western,29.0,214.25176851502223,902.0,2.81,13.649601035303391
2026-10-04T12:45:00+05:30,Colombo_Western,28.9,225.49197502991802,873.0,2.96,16.050892891429115
2026-10-04T13:00:00+05:30,Colombo_Western,28.8,233.61691765593696,837.0,3.14,18.894015283235987
2026-10-04T13:15:00+05:30,Colombo_Western,28.8,239.56207756842093,798.0,3.25,22.008383216783457
2026-10-04T13:30:00+05:30,Colombo_Western,28.7,244.0265595027293,757.0,3.36,25.293986031973873
2026-10-04T13:45:00+05:30,Colombo_Western,28.6,247.47481665199953,711.0,3.43,28.692041219393367
2026-10-04T14:00:00+05:30,Colombo_Western,28.5,250.20906090620105,655.0,3.47,32.166913172966176
2026-10-04T14:15:00+05:30,Colombo_Western,28.4,252.42831629416662,586.0,3.47,35.69615734483818
2026-10-04T14:30:00+05:30,Colombo_Western,28.3,254.26669383916845,499.0,3.43,39.2650958056147
2026-10-04T14:45:00+05:30,Colombo_Western,28.2,255.81690651176376,411.0,3.32,42.863794980634744
2026-10-04T15:00:00+05:30,Colombo_Western,28.2,257.1446748054582,338.0,3.1,46.48532331102245
2026-10-04T15:15:00+05:30,Colombo_Western,28.1,258.29768819884544,288.0,2.88,50.1247114405206
2026-10-04T15:30:00+05:30,Colombo_Western,28.0,259.31130261498976,258.0,2.62,53.778311901105525
2026-10-04T15:45:00+05:30,Colombo_Western,27.9,260.2122478545379,235.0,2.34,57.44339048349239
2026-10-04T16:00:00+05:30,Colombo_Western,27.8,261.0210969546337,214.0,1.98,61.11785854932744
2026-10-04T16:15:00+05:30,Colombo_Western,27.7,261.7539479639982,189.0,1.67,64.80009457627517
2026-10-04T16:30:00+05:30,Colombo_Western,27.6,262.4235929279458,165.0,1.36,68.48882035933508
2026-10-04T16:45:00+05:30,Colombo_Western,27.5,263.0403467834689,140.0,1.1,72.18301398299397
2026-10-04T17:00:00+05:30,Colombo_Western,27.4,263.61264641802296,114.0,0.9,75.88184892526506
2026-10-04T17:15:00+05:30,Colombo_Western,27.3,264.1474911785796,85.0,0.75,79.58464852303771
2026-10-04T17:30:00+05:30,Colombo_Western,27.2,264.6507729896123,55.0,0.67,83.29085215575938
2026-10-04T17:45:00+05:30,Colombo_Western,27.1,265.12752880088465,29.0,0.67,86.99999120852924
2026-10-04T18:00:00+05:30,Colombo_Western,26.9,265.58213759076,6.0,0.71,90.71166948758349
2026-10-04T18:15:00+05:30,Colombo_Western,26.8,266.0184783542294,0.0,0.78,94.42554793777713
2026-10-04T18:30:00+05:30,Colombo_Western,26.7,266.4400612072022,0.0,0.85,98.14133400339995
2026-10-04T18:45:00+05:30,Colombo_Western,26.5,266.8501405441365,0.0,0.93,101.85877179201542
2026-10-04T19:00:00+05:30,Colombo_Western,26.4,267.25181819695734,0.0,0.97,105.57763390833945
2026-10-04T19:15:00+05:30,Colombo_Western,26.3,267.64814385429304,0.0,1.01,109.29771596119387
2026-10-04T19:30:00+05:30,Colombo_Western,26.1,268.0422197484922,0.0,1.05,113.01883034558945
2026-10-04T19:45:00+05:30,Colombo_Western,26.0,268.43731832782174,0.0,1.1,116.74080042690616
2026-10-04T20:00:00+05:30,Colombo_Western,25.9,268.8370241520487,0.0,1.14,120.4634562523156
2026-10-04T20:15:00+05:30,Colombo_Western,25.8,269.2454153279952,0.0,1.19,124.18662835911728
2026-10-04T20:30:00+05:30,Colombo_Western,25.7,269.6673081075335,0.0,1.23,127.91014061299825
2026-10-04T20:45:00+05:30,Colombo_Western,25.6,270.10860182550834,0.0,1.27,131.63380273411053
2026-10-04T21:00:00+05:30,Colombo_Western,25.5,270.57678476164097,0.0,1.25,135.35739820885343
2026-10-04T21:15:00+05:30,Colombo_Western,25.4,271.08170554452636,0.0,1.3,139.08066687673673
2026-10-04T21:30:00+05:30,Colombo_Western,25.3,271.63679752333223,0.0,1.28,142.80327977501128
2026-10-04T21:45:00+05:30,Colombo_Western,25.2,272.26110806550815,0.0,1.26,146.52479590016353
2026-10-04T22:00:00+05:30,Colombo_Western,25.2,272.9828347154346,0.0,1.25,150.24458776289515
2026-10-04T22:15:00+05:30,Colombo_Western,25.1,273.84586433142135,0.0,1.24,153.9617060197666
2026-10-04T22:30:00+05:30,Colombo_Western,25.0,274.9227777669212,0.0,1.23,157.67460773112964
2026-10-04T22:45:00+05:30,Colombo_Western,25.0,276.3432146934036,0.0,1.22,161.38056277239104
2026-10-04T23:00:00+05:30,Colombo_Western,24.9,278.36373989617965,0.0,1.22,165.07418633962334
2026-10-04T23:15:00+05:30,Colombo_Western,24.9,281.5714538586135,0.0,1.22,168.74311547499696
2026-10-04T23:30:00+05:30,Colombo_Western,24.8,287.6446748141301,0.0,1.22,172.35149238660296
2026-10-04T23:45:00+05:30,Colombo_Western,24.8,303.53711343105834,0.0,1.22,175.74219097254044
2026-10-05T00:00:00+05:30,Colombo_Western,24.7,4.621434743190662,0.0,1.23,177.6322115930816
2026-10-05T00:15:00+05:30,Colombo_Western,24.7,59.215164525766454,0.0,1.18,175.4248386404886
2026-10-05T00:30:00+05:30,Colombo_Western,24.7,73.32878309472449,0.0,1.19,171.9934545385787
2026-10-05T00:45:00+05:30,Colombo_Western,24.7,78.96118353603299,0.0,1.2,168.37579978188126
2026-10-05T01:00:00+05:30,Colombo_Western,24.6,82.00393016495178,0.0,1.22,164.70358700505938
2026-10-05T01:15:00+05:30,Colombo_Western,24.6,83.9465963969073,0.0,1.19,161.00856675297877
2026-10-05T01:30:00+05:30,Colombo_Western,24.6,85.32483634041773,0.0,1.21,157.30201175876846
2026-10-05T01:45:00+05:30,Colombo_Western,24.6,86.37682684187143,0.0,1.23,153.58892282063167
2026-10-05T02:00:00+05:30,Colombo_Western,24.6,87.22435907423363,0.0,1.23,149.8718674277738
2026-10-05T02:15:00+05:30,Colombo_Western,24.6,87.93622074551081,0.0,1.19,146.15231157087027
2026-10-05T02:30:00+05:30,Colombo_Western,24.5,88.55429096430953,0.0,1.19,142.43116569655794
2026-10-05T02:45:00+05:30,Colombo_Western,24.5,89.10562970356,0.0,1.16,138.7090358582069
2026-10-05T03:00:00+05:30,Colombo_Western,24.4,89.60860584312638,0.0,1.14,134.98635206267977
2026-10-05T03:15:00+05:30,Colombo_Western,24.3,90.07623294674465,0.0,1.08,131.26343860034598
2026-10-05T03:30:00+05:30,Colombo_Western,24.3,90.51809422335697,0.0,1.06,127.54055367608298
2026-10-05T03:45:00+05:30,Colombo_Western,24.2,90.94150918532813,0.0,1.04,123.81791494186862
2026-10-05T04:00:00+05:30,Colombo_Western,24.1,91.35227204192074,0.0,0.97,120.0957163138247
2026-10-05T04:15:00+05:30,Colombo_Western,24.1,91.75513815249138,0.0,0.96,116.37413825912228
2026-10-05T04:30:00+05:30,Colombo_Western,24.0,92.15415697812466,0.0,0.9,112.65335664904494
2026-10-05T04:45:00+05:30,Colombo_Western,24.0,92.55290955032865,0.0,0.85,108.93354992743215
2026-10-05T05:00:00+05:30,Colombo_Western,24.0,92.95468591226455,0.0,0.85,105.21490390379881
2026-10-05T05:15:00+05:30,Colombo_Western,24.1,93.36262471745454,0.0,0.81,101.49761772377359
2026-10-05T05:30:00+05:30,Colombo_Western,24.2,93.77983023334616,0.0,0.81,97.78190995218483
2026-10-05T05:45:00+05:30,Colombo_Western,24.3,94.20947771845852,0.0,0.81,94.06802365640876
2026-10-05T06:00:00+05:30,Colombo_Western,24.5,94.65491528142212,0.0,0.76,90.35623386938207
2026-10-05T06:15:00+05:30,Colombo_Western,24.8,95.1197697250496,13.0,0.76,86.6468563619137
2026-10-05T06:30:00+05:30,Colombo_Western,25.0,95.60806380495967,49.0,0.75,82.94025677269549
2026-10-05T06:45:00+05:30,Colombo_Western,25.3,96.12435254569448,97.0,0.75,79.23686376288248
2026-10-05T07:00:00+05:30,Colombo_Western,25.7,96.67388846122714,155.0,0.75,75.53718562357402
2026-10-05T07:15:00+05:30,Colombo_Western,26.0,97.26282846484128,214.0,0.76,71.84183012051768
2026-10-05T07:30:00+05:30,Colombo_Western,26.3,97.89849908416784,270.0,0.72,68.15153234926476
2026-10-05T07:45:00+05:30,Colombo_Western,26.6,98.58974401586892,325.0,0.68,64.46719168231293
2026-10-05T08:00:00+05:30,Colombo_Western,26.9,99.34738863236271,379.0,0.65,60.78992010242663
2026-10-05T08:15:00+05:30,Colombo_Western,27.2,100.18487137201691,436.0,0.58,57.12111051521879
2026-10-05T08:30:00+05:30,Colombo_Western,27.4,101.11911784626852,493.0,0.49,53.46253213077178
2026-10-05T08:45:00+05:30,Colombo_Western,27.6,102.17177383461791,550.0,0.43,49.8164647801815
2026-10-05T09:00:00+05:30,Colombo_Western,27.8,103.37097729672996,604.0,0.45,46.185896378537805
2026-10-05T09:15:00+05:30,Colombo_Western,28.0,104.75395778920245,652.0,0.58,42.57481677512604
2026-10-05T09:30:00+05:30,Colombo_Western,28.2,106.37093251460067,695.0,0.78,38.98866486054922
2026-10-05T09:45:00+05:30,Colombo_Western,28.4,108.29107402513819,732.0,1.04,35.435032658840846
2026-10-05T10:00:00+05:30,Colombo_Western,28.5,110.61185098471924,765.0,1.32,31.92480446370331
2026-10-05T10:15:00+05:30,Colombo_Western,28.7,113.47392345270919,794.0,1.59,28.474058849655137
2026-10-05T10:30:00+05:30,Colombo_Western,28.8,117.08512278186515,818.0,1.84,25.107354841022513
2026-10-05T10:45:00+05:30,Colombo_Western,28.9,121.75851868498654,838.0,2.09,21.863571941379604
2026-10-05T11:00:00+05:30,Colombo_Western,29.0,127.96815443000298,855.0,2.28,18.80644277193379
2026-10-05T11:15:00+05:30,Colombo_Western,29.1,136.40722231028764,870.0,2.48,16.043047633931195
2026-10-05T11:30:00+05:30,Colombo_Western,29.2,147.9466491047084,885.0,2.62,13.751635283985536
2026-10-05T11:45:00+05:30,Colombo_Western,29.2,163.1629233650567,897.0,2.72,12.20110005670044
2026-10-05T12:00:00+05:30,Colombo_Western,29.3,181.12732772415987,901.0,2.8,11.690064464803896
2026-10-05T12:15:00+05:30,Colombo_Western,29.3,198.87166889095602,895.0,2.85,12.348268711413581
2026-10-05T12:30:00+05:30,Colombo_Western,29.3,213.61964854651865,880.0,2.89,14.011890126131476
2026-10-05T12:45:00+05:30,Colombo_Western,29.3,224.71135077312522,858.0,2.92,16.37733989915013
2026-10-05T13:00:00+05:30,Colombo_Western,29.2,232.81543030040856,830.0,2.91,19.18676247552989
2026-10-05T13:15:00+05:30,Colombo_Western,29.2,238.79233544447808,800.0,2.9,22.272768646609634
2026-10-05T13:30:00+05:30,Colombo_Western,29.1,243.3052318209153,766.0,2.84,25.535261980398943
2026-10-05T13:45:00+05:30,Colombo_Western,29.1,246.80378305272012,728.0,2.79,28.91454751114714
2026-10-05T14:00:00+05:30,Colombo_Western,29.0,249.58472632852585,686.0,2.73,32.3740560598353
2026-10-05T14:15:00+05:30,Colombo_Western,28.9,251.84544040615424,636.0,2.62,35.89057973294689
2026-10-05T14:30:00+05:30,Colombo_Western,28.8,253.71989688437844,579.0,2.47,39.44885607836381
2026-10-05T14:45:00+05:30,Colombo_Western,28.7,255.30121417900097,521.0,2.27,43.03851210917708
2026-10-05T15:00:00+05:30,Colombo_Western,28.6,256.6556708322806,465.0,2.07,46.65228605326322
2026-10-05T15:15:00+05:30,Colombo_Western,28.5,257.831511964497,417.0,1.82,50.28495860998569
2026-10-05T15:30:00+05:30,Colombo_Western,28.4,258.8645909608888,374.0,1.57,53.93269117593727
2026-10-05T15:45:00+05:30,Colombo_Western,28.3,259.7820621831159,333.0,1.27,57.592601735850266
2026-10-05T16:00:00+05:30,Colombo_Western,28.2,260.6048518700405,293.0,0.93,61.26248608371459
2026-10-05T16:15:00+05:30,Colombo_Western,28.1,261.34934711349047,251.0,0.59,64.94063139162961
2026-10-05T16:30:00+05:30,Colombo_Western,27.9,262.0285732244118,211.0,0.32,68.6256866351063
2026-10-05T16:45:00+05:30,Colombo_Western,27.8,262.6530304109875,171.0,0.21,72.31657134831246
2026-10-05T17:00:00+05:30,Colombo_Western,27.7,263.2312993938406,132.0,0.36,76.0124116156709
2026-10-05T17:15:00+05:30,Colombo_Western,27.5,263.77048709385974,93.0,0.52,79.71249222433944
2026-10-05T17:30:00+05:30,Colombo_Western,27.4,264.27656059551094,56.0,0.72,83.41622111744228
2026-10-05T17:45:00+05:30,Colombo_Western,27.2,264.7546021901131,26.0,0.86,87.12310405426679
2026-10-05T18:00:00+05:30,Colombo_Western,27.1,265.20900779090107,5.0,0.96,90.83272405405876
2026-10-05T18:15:00+05:30,Colombo_Western,26.9,265.64364517292313,0.0,1.0,94.54472539113011
2026-10-05T18:30:00+05:30,Colombo_Western,26.8,266.06198412439363,0.0,1.05,98.25880243196102
2026-10-05T18:45:00+05:30,Colombo_Western,26.6,266.4672073197456,0.0,1.1,101.97468944928224
2026-10-05T19:00:00+05:30,Colombo_Western,26.5,266.86230962584517,0.0,1.1,105.6921522542271
2026-10-05T19:15:00+05:30,Colombo_Western,26.3,267.25019271153974,0.0,1.15,109.41098264652959
2026-10-05T19:30:00+05:30,Colombo_Western,26.2,267.63376137522795,0.0,1.16,113.13099229446372
2026-10-05T19:45:00+05:30,Colombo_Western,26.0,268.0160293986728,0.0,1.17,116.85200719169731
2026-10-05T20:00:00+05:30,Colombo_Western,25.9,268.40024477487304,0.0,1.22,120.57386386870523
2026-10-05T20:15:00+05:30,Colombo_Western,25.8,268.7900474977106,0.0,1.23,124.29640400050195
2026-10-05T20:30:00+05:30,Colombo_Western,25.6,269.18968017871435,0.0,1.23,128.0194684715105
2026-10-05T20:45:00+05:30,Colombo_Western,25.5,269.60428326266157,0.0,1.23,131.74289177361305
2026-10-05T21:00:00+05:30,Colombo_Western,25.4,270.0403265137711,0.0,1.29,135.46649278512697
2026-10-05T21:15:00+05:30,Colombo_Western,25.3,270.50626613034,0.0,1.33,139.1900618383335
2026-10-05T21:30:00+05:30,Colombo_Western,25.2,271.0135878023908,0.0,1.33,142.91334276365652
2026-10-05T21:45:00+05:30,Colombo_Western,25.2,271.57853741137274,0.0,1.33,146.6360016442042
2026-10-05T22:00:00+05:30,Colombo_Western,25.1,272.2251430355545,0.0,1.38,150.3575732826872
2026-10-05T22:15:00+05:30,Colombo_Western,25.0,272.9908202626879,0.0,1.37,154.07736438458556
2026-10-05T22:30:00+05:30,Colombo_Western,25.0,273.9375678156234,0.0,1.37,157.79425803073678
2026-10-05T22:45:00+05:30,Colombo_Western,24.9,275.1765394138745,0.0,1.37,161.50628476162137
2026-10-05T23:00:00+05:30,Colombo_Western,24.9,276.9291488100072,0.0,1.42,165.20955466776607
2026-10-05T23:15:00+05:30,Colombo_Western,24.8,279.7080462789008,0.0,1.42,168.89506883332282
2026-10-05T23:30:00+05:30,Colombo_Western,24.8,285.0154371182267,0.0,1.42,172.5362195242657
2026-10-05T23:45:00+05:30,Colombo_Western,24.7,299.54673828462563,0.0,1.32,176.0093418366447
2026-10-06T00:00:00+05:30,Colombo_Western,24.7,7.6597547975520115,0.0,1.23,178.00682977024212
2026-10-06T00:15:00+05:30,Colombo_Western,24.7,63.95676636053031,0.0,1.13,175.54465384052645
2026-10-06T00:30:00+05:30,Colombo_Western,24.7,76.13781251887804,0.0,1.03,172.02778587801544
2026-10-06T00:45:00+05:30,Colombo_Western,24.6,80.90627535173508,0.0,1.02,168.37724553388105
2026-10-06T01:00:00+05:30,Colombo_Western,24.5,83.48754893842931,0.0,1.01,164.68847198798164
2026-10-06T01:15:00+05:30,Colombo_Western,24.4,85.1475895138255,0.0,1.05,160.98383927903498
2026-10-06T01:30:00+05:30,Colombo_Western,24.3,86.33653142856889,0.0,1.1,157.2712471732737
2026-10-06T01:45:00+05:30,Colombo_Western,24.2,87.25372910763849,0.0,1.1,153.55420225396347
2026-10-06T02:00:00+05:30,Colombo_Western,24.2,88.000984186903,0.0,1.15,149.83451258194881
2026-10-06T02:15:00+05:30,Colombo_Western,24.1,88.63579351546667,0.0,1.15,146.113219091792
2026-10-06T02:30:00+05:30,Colombo_Western,24.0,89.19319559787306,0.0,1.16,142.39097691343366
2026-10-06T02:45:00+05:30,Colombo_Western,24.0,89.69587354999658,0.0,1.17,138.66823040704963
2026-10-06T03:00:00+05:30,Colombo_Western,23.9,90.15927157048168,0.0,1.18,134.94530303198593
2026-10-06T03:15:00+05:30,Colombo_Western,23.9,90.5943792395745,0.0,1.13,131.22244681400747
2026-10-06T03:30:00+05:30,Colombo_Western,23.8,91.0093386410989,0.0,1.14,127.49987001581067
2026-10-06T03:45:00+05:30,Colombo_Western,23.8,91.41041923304175,0.0,1.15,123.777755494839
2026-10-06T04:00:00+05:30,Colombo_Western,23.8,91.80263596267588,0.0,1.12,120.05627305821636
2026-10-06T04:15:00+05:30,Colombo_Western,23.8,92.19015780163988,0.0,1.12,116.3355869069541
2026-10-06T04:30:00+05:30,Colombo_Western,23.8,92.57658885225817,0.0,1.1,112.61586263856042
2026-10-06T04:45:00+05:30,Colombo_Western,23.9,92.9651705442036,0.0,1.07,108.89727321179973
2026-10-06T05:00:00+05:30,Colombo_Western,23.9,93.35893467037039,0.0,1.03,105.18000297057384
2026-10-06T05:15:00+05:30,Colombo_Western,24.0,93.76082592775856,0.0,1.01,101.46425315193133
2026-10-06T05:30:00+05:30,Colombo_Western,24.1,94.17380697117108,0.0,0.97,97.75024774096843
2026-10-06T05:45:00+05:30,Colombo_Western,24.2,94.60095551536318,0.0,0.89,94.03823851141053
2026-10-06T06:00:00+05:30,Colombo_Western,24.3,95.04556067333795,0.0,0.85,90.32851261629636
2026-10-06T06:15:00+05:30,Colombo_Western,24.5,95.51122544177025,14.0,0.74,86.62140165541749
2026-10-06T06:30:00+05:30,Colombo_Western,24.7,96.00198241223683,53.0,0.68,82.91729127535605
2026-10-06T06:45:00+05:30,Colombo_Western,25.0,96.5224301727759,106.0,0.6,79.21663500166231
2026-10-06T07:00:00+05:30,Colombo_Western,25.2,97.0779002097708,169.0,0.51,75.5199717763141
2026-10-06T07:15:00+05:30,Colombo_Western,25.5,97.67466719354883,232.0,0.5,71.82794705645777
2026-10-06T07:30:00+05:30,Colombo_Western,25.8,98.32021948749923,292.0,0.49,68.14134235134694
2026-10-06T07:45:00+05:30,Colombo_Western,26.1,99.02361429050791,349.0,0.57,64.46111442235089
2026-10-06T08:00:00+05:30,Colombo_Western,26.4,99.79595257427513,403.0,0.68,60.78844666507743
2026-10-06T08:15:00+05:30,Colombo_Western,26.8,100.65102447624542,457.0,0.85,57.12482158041719
2026-10-06T08:30:00+05:30,Colombo_Western,27.1,101.60620191765594,508.0,0.97,53.472121887099966
2026-10-06T08:45:00+05:30,Colombo_Western,27.4,102.6836956815971,556.0,1.09,49.832772850452876
2026-10-06T09:00:00+05:30,Colombo_Western,27.7,103.91235794747115,600.0,1.23,46.20995108827929
2026-10-06T09:15:00+05:30,Colombo_Western,28.0,105.33031848286669,641.0,1.37,42.60789470114486
2026-10-06T09:30:00+05:30,Colombo_Western,28.3,106.98892001525911,679.0,1.51,39.03237403902007
2026-10-06T09:45:00+05:30,Colombo_Western,28.6,108.9587139898847,712.0,1.61,35.49143044677357
2026-10-06T10:00:00+05:30,Colombo_Western,28.8,111.33877693794057,742.0,1.76,31.996566135762933
2026-10-06T10:15:00+05:30,Colombo_Western,29.0,114.27141439390766,768.0,1.85,28.564718873123155
2026-10-06T10:30:00+05:30,Colombo_Western,29.2,117.96547230207238,792.0,1.9,25.221644496970697
2026-10-06T10:45:00+05:30,Colombo_Western,29.4,122.73243667791581,811.0,1.95,22.007853796875835
2026-10-06T11:00:00+05:30,Colombo_Western,29.5,129.03684551327217,823.0,2.0,18.98911910760276
2026-10-06T11:15:00+05:30,Colombo_Western,29.5,137.54157937407814,824.0,2.0,16.27436335803722
2026-10-06T11:30:00+05:30,Colombo_Western,29.6,149.04358239764287,811.0,1.95,14.04103895837713
2026-10-06T11:45:00+05:30,Colombo_Western,29.6,164.00013058082413,791.0,1.9,12.548883490159952
2026-10-06T12:00:00+05:30,Colombo_Western,29.5,181.44580628794657,770.0,1.8,12.075847282659765
2026-10-06T12:15:00+05:30,Colombo_Western,29.4,198.62857159187502,756.0,1.65,12.735994180063955
2026-10-06T12:30:00+05:30,Colombo_Western,29.3,213.01516364340085,745.0,1.5,14.374027144388435
2026-10-06T12:45:00+05:30,Colombo_Western,29.1,223.95855051599662,736.0,1.3,16.704702277452483
2026-10-06T13:00:00+05:30,Colombo_Western,28.9,232.03634675228074,724.0,1.1,19.480973487718884
2026-10-06T13:15:00+05:30,Colombo_Western,28.7,238.03957712872517,707.0,0.9,22.53876192514757
2026-10-06T13:30:00+05:30,Colombo_Western,28.4,242.59670348347242,687.0,0.65,25.778066401888026
2026-10-06T13:45:00+05:30,Colombo_Western,28.2,246.14252443071624,663.0,0.4,29.13839671316188
2026-10-06T14:00:00+05:30,Colombo_Western,27.9,248.96800258806803,638.0,0.16,32.58231282863198
2026-10-06T14:15:00+05:30,Colombo_Western,27.6,251.26861119118428,609.0,0.18,36.08587471638766
2026-10-06T14:30:00+05:30,Colombo_Western,27.3,253.1779964326479,578.0,0.41,39.63325015265822
2026-10-06T14:45:00+05:30,Colombo_Western,27.0,254.78955608469155,545.0,0.66,43.213633176400855
2026-10-06T15:00:00+05:30,Colombo_Western,26.7,256.1700420517343,510.0,0.96,46.81943409946032
2026-10-06T15:15:00+05:30,Colombo_Western,26.4,257.3681977972649,473.0,1.22,50.44518394530437
2026-10-06T15:30:00+05:30,Colombo_Western,26.1,258.4203348433033,434.0,1.46,54.08685228066315
2026-10-06T15:45:00+05:30,Colombo_Western,25.8,259.35400466042324,394.0,1.71,57.74140817289207
2026-10-06T16:00:00+05:30,Colombo_Western,25.5,260.1904671767603,351.0,1.97,61.406530583014586
2026-10-06T16:15:00+05:30,Colombo_Western,25.3,260.9463844042449,307.0,2.16,65.08041409091247
2026-10-06T16:30:00+05:30,Colombo_Western,25.0,261.6350045096965,263.0,2.36,68.76163360432523
2026-10-06T16:45:00+05:30,Colombo_Western,24.8,262.2670051561699,217.0,2.51,72.44904891579307
2026-10-06T17:00:00+05:30,Colombo_Western,24.6,262.851104913521,170.0,2.67,76.14173758053633
2026-10-06T17:15:00+05:30,Colombo_Western,24.5,263.39451359837864,121.0,2.82,79.83894474903889
2026-10-06T17:30:00+05:30,Colombo_Western,24.3,263.903269708358,73.0,2.92,83.54004586904905
2026-10-06T17:45:00+05:30,Colombo_Western,24.2,264.3824977897671,34.0,2.97,87.24452003027785
2026-10-06T18:00:00+05:30,Colombo_Western,24.1,264.8366080579963,6.0,3.01,90.95192840713766
2026-10-06T18:15:00+05:30,Colombo_Western,24.1,265.26945472680984,0.0,3.02,94.66189750853482
2026-10-06T18:30:00+05:30,Colombo_Western,24.0,265.6844650687776,0.0,3.02,98.37410746410164
2026-10-06T18:45:00+05:30,Colombo_Western,24.0,266.084747875416,0.0,3.02,102.08828145242366
2026-10-06T19:00:00+05:30,Colombo_Western,24.0,266.4731887793493,0.0,2.98,105.80417709092171
2026-10-06T19:15:00+05:30,Colombo_Western,23.9,266.85253890447996,0.0,2.93,109.52158077591854
2026-10-06T19:30:00+05:30,Colombo_Western,23.9,267.22550264770126,0.0,2.89,113.24030159580913
2026-10-06T19:45:00+05:30,Colombo_Western,23.9,267.59483146462316,0.0,2.84,116.9601659755325
2026-10-06T20:00:00+05:30,Colombo_Western,23.9,267.9634320749428,0.0,2.75,120.68101426615152
2026-10-06T20:15:00+05:30,Colombo_Western,24.0,268.334500081725,0.0,2.71,124.40269599260606
2026-10-06T20:30:00+05:30,Colombo_Western,24.0,268.7116958005362,0.0,2.61,128.12506492007938
2026-10-06T20:45:00+05:30,Colombo_Western,24.0,269.0993884674546,0.0,2.52,131.84797499455092
2026-10-06T21:00:00+05:30,Colombo_Western,24.0,269.50301122699307,0.0,2.43,135.5712735051961
2026-10-06T21:15:00+05:30,Colombo_Western,24.0,269.92960030887866,0.0,2.34,139.2947918921057
2026-10-06T21:30:00+05:30,Colombo_Western,24.1,270.3886502141592,0.0,2.25,143.0183338299566
2026-10-06T21:45:00+05:30,Colombo_Western,24.1,270.893533397438,0.0,2.15,146.7416540801751
2026-10-06T22:00:00+05:30,Colombo_Western,24.1,271.4639830872226,0.0,2.06,150.46442263227647
2026-10-06T22:15:00+05:30,Colombo_Western,24.2,272.13071035563866,0.0,1.96,154.1861606457762
2026-10-06T22:30:00+05:30,Colombo_Western,24.2,272.94466066642804,0.0,1.87,157.90611011753046
2026-10-06T22:45:00+05:30,Colombo_Western,24.2,273.99744205669805,0.0,1.77,161.6229471584581
2026-10-06T23:00:00+05:30,Colombo_Western,24.2,275.4725567291151,0.0,1.73,165.33406412814995
2026-10-06T23:15:00+05:30,Colombo_Western,24.2,277.7993174153703,0.0,1.68,169.03340005846852
2026-10-06T23:30:00+05:30,Colombo_Western,24.2,282.2640850483998,0.0,1.63,172.70273549262384
2026-10-06T23:45:00+05:30,Colombo_Western,24.1,295.01276306673856,0.0,1.59,176.25252082267852
2026-10-07T00:00:00+05:30,Colombo_Western,24.1,12.016959575014653,0.0,1.52,178.37266976806418
2026-10-07T00:15:00+05:30,Colombo_Western,24.0,68.90347416725388,0.0,1.52,175.6337854619929
2026-10-07T00:30:00+05:30,Colombo_Western,24.0,78.95465522764675,0.0,1.46,172.0445566094553
2026-10-07T00:45:00+05:30,Colombo_Western,23.9,82.8435607384348,0.0,1.39,168.3672358638789
2026-10-07T01:00:00+05:30,Colombo_Western,23.8,84.96288774737252,0.0,1.38,164.6652016700603
2026-10-07T01:15:00+05:30,Colombo_Western,23.8,86.34154066827813,0.0,1.31,160.95300535433665
2026-10-07T01:30:00+05:30,Colombo_Western,23.7,87.34239943125345,0.0,1.3,157.23577371435266
2026-10-07T01:45:00+05:30,Colombo_Western,23.6,88.12577709945691,0.0,1.24,153.51579162148616
2026-10-07T02:00:00+05:30,Colombo_Western,23.5,88.77350697409656,0.0,1.23,149.79424786902783
2026-10-07T02:15:00+05:30,Colombo_Western,23.4,89.33184570678497,0.0,1.16,146.07183743123363
2026-10-07T02:30:00+05:30,Colombo_Western,23.4,89.82903460785303,0.0,1.15,142.34900804218603
2026-10-07T02:45:00+05:30,Colombo_Western,23.3,90.28341223738101,0.0,1.15,138.62607307350783
2026-10-07T03:00:00+05:30,Colombo_Western,23.2,90.7075213687296,0.0,1.15,134.90327002289396
2026-10-07T03:15:00+05:30,Colombo_Western,23.2,91.11034430221446,0.0,1.1,131.18079298633012
2026-10-07T03:30:00+05:30,Colombo_Western,23.1,91.49859409108728,0.0,1.11,127.45881058806916
2026-10-07T03:45:00+05:30,Colombo_Western,23.1,91.87749899521828,0.0,1.07,123.73747850999766
2026-10-07T04:00:00+05:30,Colombo_Western,23.1,92.25130125860682,0.0,1.08,120.01694823109216
2026-10-07T04:15:00+05:30,Colombo_Western,23.1,92.62358837027512,0.0,1.03,116.29737217201337
2026-10-07T04:30:00+05:30,Colombo_Western,23.1,92.99752276634575,0.0,1.0,112.57890921749613
2026-10-07T04:45:00+05:30,Colombo_Western,23.2,93.37600905961403,0.0,0.97,108.8617297307361
2026-10-07T05:00:00+05:30,Colombo_Western,23.2,93.76182288117224,0.0,0.92,105.14601898713471
2026-10-07T05:15:00+05:30,Colombo_Western,23.3,94.15771650854361,0.0,0.89,101.43198235332534
2026-10-07T05:30:00+05:30,Colombo_Western,23.4,94.56651206792105,0.0,0.85,97.71985100507987
2026-10-07T05:45:00+05:30,Colombo_Western,23.6,94.99119042219388,0.0,0.81,94.00988700772695
2026-10-07T06:00:00+05:30,Colombo_Western,23.8,95.43498202058129,0.0,0.72,90.30239109177616
2026-10-07T06:15:00+05:30,Colombo_Western,24.0,95.90146603067325,15.0,0.68,86.59771206620184
2026-10-07T06:30:00+05:30,Colombo_Western,24.2,96.39468448037235,56.0,0.6,82.89625693166349
2026-10-07T06:45:00+05:30,Colombo_Western,24.5,96.91927869181217,111.0,0.53,79.19850543270232
2026-10-07T07:00:00+05:30,Colombo_Western,24.8,97.48065777265771,176.0,0.43,75.50502856427256
2026-10-07T07:15:00+05:30,Colombo_Western,25.1,98.08521213167683,241.0,0.36,71.81651096864508
2026-10-07T07:30:00+05:30,Colombo_Western,25.5,98.74058906124554,303.0,0.3,68.13378219204276
2026-10-07T07:45:00+05:30,Colombo_Western,25.8,99.45605513094466,362.0,0.27,64.45785819331005
2026-10-07T08:00:00+05:30,Colombo_Western,26.2,100.24298104560728,419.0,0.35,60.78999582743283
2026-10-07T08:15:00+05:30,Colombo_Western,26.6,101.11550025625473,475.0,0.45,57.13176953325649
2026-10-07T08:30:00+05:30,Colombo_Western,27.0,102.09141886083603,529.0,0.52,53.48517824154026
2026-10-07T08:45:00+05:30,Colombo_Western,27.3,103.19349480733808,578.0,0.61,49.85279577041999
2026-10-07T09:00:00+05:30,Colombo_Western,27.7,104.45126776002559,625.0,0.71,46.23799099986309
2026-09-30T09:15:00+05:30,Polonnaruwa_NorthCentral,32.9,103.36050502012682,684.0,4.94,41.57658733842261
2026-09-30T09:30:00+05:30,Polonnaruwa_NorthCentral,33.3,104.9776943212263,731.0,4.9,37.975466759727425
2026-09-30T09:45:00+05:30,Polonnaruwa_NorthCentral,33.6,106.8973808755294,773.0,4.9,34.404105963826645
2026-09-30T10:00:00+05:30,Polonnaruwa_NorthCentral,34.0,109.2216309187445,809.0,4.89,30.872894716564844
2026-09-30T10:15:00+05:30,Polonnaruwa_NorthCentral,34.3,112.10029373648024,837.0,4.89,27.3974201048133
2026-09-30T10:30:00+05:30,Polonnaruwa_NorthCentral,34.6,115.75968813976493,853.0,4.89,24.00196338732607
2026-09-30T10:45:00+05:30,Polonnaruwa_NorthCentral,34.8,120.55042278330615,862.0,4.84,20.7259455438047
2026-09-30T11:00:00+05:30,Polonnaruwa_NorthCentral,35.0,127.02252356115355,869.0,4.8,17.63610665762262
2026-09-30T11:15:00+05:30,Polonnaruwa_NorthCentral,35.2,136.01500432805966,879.0,4.73,14.849178557123864
2026-09-30T11:30:00+05:30,Polonnaruwa_NorthCentral,35.3,148.6234449540363,893.0,4.65,12.568354893250913
2026-09-30T11:45:00+05:30,Polonnaruwa_NorthCentral,35.5,165.53405979398008,906.0,4.58,11.109878807330745
2026-09-30T12:00:00+05:30,Polonnaruwa_NorthCentral,35.6,185.27121364345084,912.0,4.5,10.811853765013424
2026-09-30T12:15:00+05:30,Polonnaruwa_NorthCentral,35.8,203.88007671537557,906.0,4.44,11.762823855321315
2026-09-30T12:30:00+05:30,Polonnaruwa_NorthCentral,35.9,218.49310960041683,890.0,4.38,13.705209188428725
2026-09-30T12:45:00+05:30,Polonnaruwa_NorthCentral,36.0,229.03255670337768,868.0,4.27,16.288090041496787
2026-09-30T13:00:00+05:30,Polonnaruwa_NorthCentral,36.2,236.5558426536418,842.0,4.07,19.255402499657905
2026-09-30T13:15:00+05:30,Polonnaruwa_NorthCentral,36.3,242.04620125606826,815.0,4.02,22.455233557717136
2026-09-30T13:30:00+05:30,Polonnaruwa_NorthCentral,36.2,246.17880774970916,790.0,4.05,25.801188022609807
2026-09-30T13:45:00+05:30,Polonnaruwa_NorthCentral,35.7,249.3862121613592,762.0,4.4,29.2431181788574
2026-09-30T14:00:00+05:30,Polonnaruwa_NorthCentral,35.0,251.9452572946756,725.0,4.99,32.75074329144863
2026-09-30T14:15:00+05:30,Polonnaruwa_NorthCentral,34.2,254.0369451769908,675.0,5.64,36.30498962570826
2026-09-30T14:30:00+05:30,Polonnaruwa_NorthCentral,33.6,255.78293274663923,613.0,6.02,39.89335828336198
2026-09-30T14:45:00+05:30,Polonnaruwa_NorthCentral,33.2,257.2673235434089,546.0,6.15,43.50736547122894
2026-09-30T15:00:00+05:30,Polonnaruwa_NorthCentral,33.0,258.54982588516333,485.0,6.1,47.14107103073149
2026-09-30T15:15:00+05:30,Polonnaruwa_NorthCentral,32.8,259.67387774001855,435.0,5.97,50.790200489576954
2026-09-30T15:30:00+05:30,Polonnaruwa_NorthCentral,32.7,260.67179399316086,393.0,5.75,54.45160398230398
2026-09-30T15:45:00+05:30,Polonnaruwa_NorthCentral,32.5,261.56811169212517,354.0,5.3,58.12291007531162
2026-09-30T16:00:00+05:30,Polonnaruwa_NorthCentral,32.4,262.381818853837,313.0,4.7,61.802298391935466
2026-09-30T16:15:00+05:30,Polonnaruwa_NorthCentral,32.3,263.12787476301503,268.0,4.11,65.48834777519336
2026-09-30T16:30:00+05:30,Polonnaruwa_NorthCentral,32.2,263.8182695954639,222.0,3.78,69.1799304101494
2026-09-30T16:45:00+05:30,Polonnaruwa_NorthCentral,31.9,264.4627789652104,177.0,3.84,72.87613706232989
2026-09-30T17:00:00+05:30,Polonnaruwa_NorthCentral,31.6,265.0695127755632,134.0,4.15,76.57622466537006
2026-09-30T17:15:00+05:30,Polonnaruwa_NorthCentral,31.3,265.6453226860432,95.0,4.51,80.27957667213225
2026-09-30T17:30:00+05:30,Polonnaruwa_NorthCentral,30.9,266.19611194055807,58.0,4.77,83.98567328607741
2026-09-30T17:45:00+05:30,Polonnaruwa_NorthCentral,30.5,266.7270775842943,28.0,4.82,87.69407011570576
2026-09-30T18:00:00+05:30,Polonnaruwa_NorthCentral,30.1,267.2429057448678,4.0,4.82,91.40438023788045
2026-09-30T18:15:00+05:30,Polonnaruwa_NorthCentral,29.7,267.7479358136279,0.0,4.72,95.1162596954522
2026-09-30T18:30:00+05:30,Polonnaruwa_NorthCentral,29.3,268.2463058797917,0.0,4.61,98.82939685775804
2026-09-30T18:45:00+05:30,Polonnaruwa_NorthCentral,29.1,268.74208928560927,0.0,4.46,102.54350182027675
2026-09-30T19:00:00+05:30,Polonnaruwa_NorthCentral,28.8,269.23943215623655,0.0,4.24,106.2582966360839
2026-09-30T19:15:00+05:30,Polonnaruwa_NorthCentral,28.7,269.74270227401524,0.0,3.99,109.97350722731632
2026-09-30T19:30:00+05:30,Polonnaruwa_NorthCentral,28.5,270.2566609527842,0.0,3.83,113.68885331236218
2026-09-30T19:45:00+05:30,Polonnaruwa_NorthCentral,28.4,270.78667380401953,0.0,3.73,117.40403704313933
2026-09-30T20:00:00+05:30,Polonnaruwa_NorthCentral,28.3,271.3389825854699,0.0,3.68,121.11873081135346
2026-09-30T20:15:00+05:30,Polonnaruwa_NorthCentral,28.3,271.9210701720715,0.0,3.63,124.8325597426433
2026-09-30T20:30:00+05:30,Polonnaruwa_NorthCentral,28.2,272.54216879821485,0.0,3.59,128.54507814544397
2026-09-30T20:45:00+05:30,Polonnaruwa_NorthCentral,28.2,273.2139916147903,0.0,3.5,132.25573786823537
2026-09-30T21:00:00+05:30,Polonnaruwa_NorthCentral,28.1,273.95181908288066,0.0,3.46,135.96383974202206
2026-09-30T21:15:00+05:30,Polonnaruwa_NorthCentral,28.0,274.77616690362544,0.0,3.37,139.66845958057255
2026-09-30T21:30:00+05:30,Polonnaruwa_NorthCentral,28.0,275.71544065247986,0.0,3.3,143.368332254106
2026-09-30T21:45:00+05:30,Polonnaruwa_NorthCentral,27.9,276.8103339182778,0.0,3.23,147.06165703238048
2026-09-30T22:00:00+05:30,Polonnaruwa_NorthCentral,27.8,278.1214640224372,0.0,3.18,150.745758470353
2026-09-30T22:15:00+05:30,Polonnaruwa_NorthCentral,27.8,279.74338061917274,0.0,3.14,154.41646166032112
2026-09-30T22:30:00+05:30,Polonnaruwa_NorthCentral,27.7,281.8320238068999,0.0,3.02,158.06685162286675
2026-09-30T22:45:00+05:30,Polonnaruwa_NorthCentral,27.6,284.66306325435573,0.0,2.88,161.68459241372386
2026-09-30T23:00:00+05:30,Polonnaruwa_NorthCentral,27.5,288.7686587625815,0.0,2.68,165.24546211660737
2026-09-30T23:15:00+05:30,Polonnaruwa_NorthCentral,27.5,295.2972307299284,0.0,2.5,168.6954013251438
2026-09-30T23:30:00+05:30,Polonnaruwa_NorthCentral,27.4,307.0602102150955,0.0,2.39,171.8913665663867
2026-09-30T23:45:00+05:30,Polonnaruwa_NorthCentral,27.3,331.0368925104684,0.0,2.37,174.3816112739991
2026-10-01T00:00:00+05:30,Polonnaruwa_NorthCentral,27.2,11.822738255011586,0.0,2.4,174.97567221967904
2026-10-01T00:15:00+05:30,Polonnaruwa_NorthCentral,27.1,44.32827538057154,0.0,2.42,173.1602315851427
2026-10-01T00:30:00+05:30,Polonnaruwa_NorthCentral,27.1,60.422484160720614,0.0,2.47,170.19282659573423
2026-10-01T00:45:00+05:30,Polonnaruwa_NorthCentral,27.0,68.80391448445016,0.0,2.47,166.83048611123536
2026-10-01T01:00:00+05:30,Polonnaruwa_NorthCentral,27.0,73.80535398071004,0.0,2.42,163.31032664793713
2026-10-01T01:15:00+05:30,Polonnaruwa_NorthCentral,26.9,77.12538238788818,0.0,2.4,159.71445809916355
2026-10-01T01:30:00+05:30,Polonnaruwa_NorthCentral,26.9,79.5070522281382,0.0,2.4,156.0771205454932
2026-10-01T01:45:00+05:30,Polonnaruwa_NorthCentral,26.8,81.31741221039289,0.0,2.44,152.41484574788353
2026-10-01T02:00:00+05:30,Polonnaruwa_NorthCentral,26.8,82.75649678527589,0.0,2.47,148.7365353472301
2026-10-01T02:15:00+05:30,Polonnaruwa_NorthCentral,26.8,83.94206612267698,0.0,2.5,145.04739805508382
2026-10-01T02:30:00+05:30,Polonnaruwa_NorthCentral,26.8,84.94783912976379,0.0,2.55,141.3506887081731
2026-10-01T02:45:00+05:30,Polonnaruwa_NorthCentral,26.7,85.82233619523282,0.0,2.59,137.64855271417326
2026-10-01T03:00:00+05:30,Polonnaruwa_NorthCentral,26.7,86.59886151007913,0.0,2.7,133.94247055446118
2026-10-01T03:15:00+05:30,Polonnaruwa_NorthCentral,26.7,87.30111756037627,0.0,2.7,130.23350660982206
2026-10-01T03:30:00+05:30,Polonnaruwa_NorthCentral,26.6,87.94652594212454,0.0,2.72,126.5224545758147
2026-10-01T03:45:00+05:30,Polonnaruwa_NorthCentral,26.6,88.54827752261531,0.0,2.65,122.80992831155683
2026-10-01T04:00:00+05:30,Polonnaruwa_NorthCentral,26.6,89.1166470158023,0.0,2.48,119.09642041629243
2026-10-01T04:15:00+05:30,Polonnaruwa_NorthCentral,26.6,89.65986541727739,0.0,2.33,115.38234005224344
2026-10-01T04:30:00+05:30,Polonnaruwa_NorthCentral,26.6,90.18471769154024,0.0,2.24,111.66804041229621
2026-10-01T04:45:00+05:30,Polonnaruwa_NorthCentral,26.6,90.69696581873598,0.0,2.19,107.95383876640129
2026-10-01T05:00:00+05:30,Polonnaruwa_NorthCentral,26.6,91.20165893200664,0.0,2.24,104.2400303348538
2026-10-01T05:15:00+05:30,Polonnaruwa_NorthCentral,26.6,91.70336944529436,0.0,2.23,100.52690075886684
2026-10-01T05:30:00+05:30,Polonnaruwa_NorthCentral,26.6,92.20638151063929,0.0,2.18,96.81473689581392
2026-10-01T05:45:00+05:30,Polonnaruwa_NorthCentral,26.6,92.71485020165926,0.0,2.1,93.10383535064327
2026-10-01T06:00:00+05:30,Polonnaruwa_NorthCentral,26.5,93.232944541128,0.0,1.97,89.39451245901762
2026-10-01T06:15:00+05:30,Polonnaruwa_NorthCentral,26.6,93.76498550181384,13.0,1.91,85.68711490799788
2026-10-01T06:30:00+05:30,Polonnaruwa_NorthCentral,26.7,94.31558904781821,38.0,1.91,81.98203019137345
2026-10-01T06:45:00+05:30,Polonnaruwa_NorthCentral,26.9,94.88982380388217,70.0,1.92,78.27970068965395
2026-10-01T07:00:00+05:30,Polonnaruwa_NorthCentral,27.2,95.49339489258887,109.0,1.94,74.58064088480103
2026-10-01T07:15:00+05:30,Polonnaruwa_NorthCentral,27.6,96.13286827901663,152.0,1.93,70.88545755764204
2026-10-01T07:30:00+05:30,Polonnaruwa_NorthCentral,27.9,96.81595383301556,200.0,1.85,67.19487779968355
2026-10-01T07:45:00+05:30,Polonnaruwa_NorthCentral,28.3,97.55187320082769,251.0,1.71,63.50978597804932
2026-10-01T08:00:00+05:30,Polonnaruwa_NorthCentral,28.6,98.35184994602616,303.0,1.55,59.83127204415736
2026-10-01T08:15:00+05:30,Polonnaruwa_NorthCentral,29.0,99.22977616472485,356.0,1.43,56.16069993382835
2026-10-01T08:30:00+05:30,Polonnaruwa_NorthCentral,29.4,100.20313838689333,408.0,1.38,52.49980343043965
2026-10-01T08:45:00+05:30,Polonnaruwa_NorthCentral,29.8,101.29433064424563,459.0,1.2,48.850821916668146
2026-10-01T09:00:00+05:30,Polonnaruwa_NorthCentral,30.2,102.5325551343833,505.0,0.92,45.21670131726527
2026-10-01T09:15:00+05:30,Polonnaruwa_NorthCentral,30.6,103.95663528498983,545.0,0.65,41.60139566471348
2026-10-01T09:30:00+05:30,Polonnaruwa_NorthCentral,31.0,105.61927746438346,575.0,0.54,38.01033064510373
2026-10-01T09:45:00+05:30,Polonnaruwa_NorthCentral,31.3,107.59368294913924,599.0,0.56,34.451142266087544
2026-10-01T10:00:00+05:30,Polonnaruwa_NorthCentral,31.6,109.9840561718633,620.0,0.64,30.934889033526666
2026-10-01T10:15:00+05:30,Polonnaruwa_NorthCentral,31.9,112.94266872779878,647.0,0.85,27.47811059767053
2026-10-01T10:30:00+05:30,Polonnaruwa_NorthCentral,32.2,116.69792780083787,678.0,1.0,24.106456903152818
2026-10-01T10:45:00+05:30,Polonnaruwa_NorthCentral,32.5,121.60005004795516,708.0,1.11,20.861293350586593
2026-10-01T11:00:00+05:30,Polonnaruwa_NorthCentral,32.7,128.1896438175434,732.0,1.19,17.81193865327296
2026-10-01T11:15:00+05:30,Polonnaruwa_NorthCentral,33.0,137.269561116121,743.0,1.28,15.077713053542823
2026-10-01T11:30:00+05:30,Polonnaruwa_NorthCentral,33.2,149.83726702766455,743.0,1.41,12.861237574772716
2026-10-01T11:45:00+05:30,Polonnaruwa_NorthCentral,33.4,166.41506129930224,734.0,1.57,11.466816743493851
2026-10-01T12:00:00+05:30,Polonnaruwa_NorthCentral,33.6,185.50739806914953,719.0,1.72,11.205677743626609
2026-10-01T12:15:00+05:30,Polonnaruwa_NorthCentral,33.8,203.49518758302855,700.0,1.89,12.151112282981074
2026-10-01T12:30:00+05:30,Polonnaruwa_NorthCentral,33.7,217.77179762405325,677.0,2.12,14.061815158588104
2026-10-01T12:45:00+05:30,Polonnaruwa_NorthCentral,33.3,228.20545343726607,649.0,2.36,16.607891923199503
2026-10-01T13:00:00+05:30,Polonnaruwa_NorthCentral,32.7,235.73318265152545,615.0,2.65,19.5425436024083
2026-10-01T13:15:00+05:30,Polonnaruwa_NorthCentral,32.0,241.26815498056078,574.0,2.9,22.715641004446468
2026-10-01T13:30:00+05:30,Polonnaruwa_NorthCentral,31.4,245.4553819203773,516.0,3.1,26.040135477785604
2026-10-01T13:45:00+05:30,Polonnaruwa_NorthCentral,31.0,248.7159701995315,458.0,3.38,29.46479519019556
2026-10-01T14:00:00+05:30,Polonnaruwa_NorthCentral,30.5,251.32297453922448,419.0,3.69,32.95837879040099
2026-10-01T14:15:00+05:30,Polonnaruwa_NorthCentral,30.2,253.45657902062595,416.0,3.95,36.50106719510742
2026-10-01T14:30:00+05:30,Polonnaruwa_NorthCentral,30.2,255.2387097150607,448.0,3.89,40.07980498076442
2026-10-01T14:45:00+05:30,Polonnaruwa_NorthCentral,30.5,256.7540804583117,488.0,3.26,43.685695727797736
2026-10-01T15:00:00+05:30,Polonnaruwa_NorthCentral,31.2,258.06306168640674,509.0,2.27,47.31249176009146
2026-10-01T15:15:00+05:30,Polonnaruwa_NorthCentral,31.8,259.20970013731323,496.0,1.39,50.955687129380884
2026-10-01T15:30:00+05:30,Polonnaruwa_NorthCentral,32.0,260.2268350199738,463.0,1.22,54.61195571622339
2026-10-01T15:45:00+05:30,Polonnaruwa_NorthCentral,31.6,261.1394410570896,418.0,1.73,58.27879034068973
2026-10-01T16:00:00+05:30,Polonnaruwa_NorthCentral,30.9,261.9668653287581,363.0,2.42,61.95426496360865
2026-10-01T16:15:00+05:30,Polonnaruwa_NorthCentral,30.0,262.7243582118709,302.0,3.0,65.63687542442558
2026-10-01T16:30:00+05:30,Polonnaruwa_NorthCentral,29.1,263.4241432349081,234.0,3.17,69.32542822313633
2026-10-01T16:45:00+05:30,Polonnaruwa_NorthCentral,28.3,264.0761804149847,169.0,2.64,73.01896188320043
2026-10-01T17:00:00+05:30,Polonnaruwa_NorthCentral,27.5,264.68872221811546,116.0,1.73,76.71669170055402
2026-10-01T17:15:00+05:30,Polonnaruwa_NorthCentral,26.7,265.2687265124743,76.0,1.2,80.41796801289091
2026-10-01T17:30:00+05:30,Polonnaruwa_NorthCentral,26.1,265.82217041537535,45.0,1.11,84.1222448927487
2026-10-01T17:45:00+05:30,Polonnaruwa_NorthCentral,25.8,266.35429521288086,20.0,0.6,87.82905768652476
2026-10-01T18:00:00+05:30,Polonnaruwa_NorthCentral,25.8,266.86980312778434,3.0,0.4,91.53800427451723
2026-10-01T18:15:00+05:30,Polonnaruwa_NorthCentral,25.8,267.3730218248147,0.0,1.4,95.24873003104236
2026-10-01T18:30:00+05:30,Polonnaruwa_NorthCentral,25.8,267.86804897879625,0.0,2.05,98.96091686487425
2026-10-01T18:45:00+05:30,Polonnaruwa_NorthCentral,25.7,268.3588866670166,0.0,2.16,102.67427250188956
2026-10-01T19:00:00+05:30,Polonnaruwa_NorthCentral,25.7,268.84957522871827,0.0,2.05,106.38852080030225
2026-10-01T19:15:00+05:30,Polonnaruwa_NorthCentral,25.8,269.3443366085704,0.0,1.84,110.10339396479878
2026-10-01T19:30:00+05:30,Polonnaruwa_NorthCentral,25.8,269.84773830321274,0.0,1.64,113.81862303243399
2026-10-01T19:45:00+05:30,Polonnaruwa_NorthCentral,25.8,270.36489298872414,0.0,1.43,117.53392740381263
2026-10-01T20:00:00+05:30,Polonnaruwa_NorthCentral,25.8,270.90171478394774,0.0,1.06,121.24900397496765
2026-10-01T20:15:00+05:30,Polonnaruwa_NorthCentral,25.9,271.4652623396412,0.0,0.78,124.9635115843312
2026-10-01T20:30:00+05:30,Polonnaruwa_NorthCentral,25.9,272.06421604017527,0.0,0.63,128.6770503157211
2026-10-01T20:45:00+05:30,Polonnaruwa_NorthCentral,25.9,272.70956487991117,0.0,0.68,132.38913407450133
2026-10-01T21:00:00+05:30,Polonnaruwa_NorthCentral,25.8,273.4156274131207,0.0,0.87,136.09914837237608
2026-10-01T21:15:00+05:30,Polonnaruwa_NorthCentral,25.8,274.2016218320708,0.0,1.08,139.80628608455999
2026-10-01T21:30:00+05:30,Polonnaruwa_NorthCentral,25.8,275.0941709191928,0.0,1.19,143.5094469835054
2026-10-01T21:45:00+05:30,Polonnaruwa_NorthCentral,25.7,276.1314657433003,0.0,1.15,147.20706842605193
2026-10-01T22:00:00+05:30,Polonnaruwa_NorthCentral,25.7,277.3705257645173,0.0,1.08,150.89682951954052
2026-10-01T22:15:00+05:30,Polonnaruwa_NorthCentral,25.7,278.90059635376866,0.0,0.96,154.57510390517604
2026-10-01T22:30:00+05:30,Polonnaruwa_NorthCentral,25.6,280.8696231748097,0.0,0.87,158.2358658718357
2026-10-01T22:45:00+05:30,Polonnaruwa_NorthCentral,25.6,283.54117016831333,0.0,0.78,161.8683046707511
2026-10-01T23:00:00+05:30,Polonnaruwa_NorthCentral,25.6,287.43032662885696,0.0,0.73,165.4509895033411
2026-10-01T23:15:00+05:30,Polonnaruwa_NorthCentral,25.6,293.67268079111597,0.0,0.7,168.9352787481842
2026-10-01T23:30:00+05:30,Polonnaruwa_NorthCentral,25.6,305.166804374806,0.0,0.65,172.18816846508503
2026-10-01T23:45:00+05:30,Polonnaruwa_NorthCentral,25.6,329.7759513564264,0.0,0.56,174.7592234388663
2026-10-02T00:00:00+05:30,Polonnaruwa_NorthCentral,25.6,13.766381646296963,0.0,0.41,175.3360928494735
2026-10-02T00:15:00+05:30,Polonnaruwa_NorthCentral,25.6,47.163710706310155,0.0,0.25,173.37555186476715
2026-10-02T00:30:00+05:30,Polonnaruwa_NorthCentral,25.6,62.65303185739873,0.0,0.16,170.3119583863162
2026-10-02T00:45:00+05:30,Polonnaruwa_NorthCentral,25.5,70.52109369347608,0.0,0.11,166.89756026139867
2026-10-02T01:00:00+05:30,Polonnaruwa_NorthCentral,25.5,75.17967826673049,0.0,0.14,163.34686800392979
2026-10-02T01:15:00+05:30,Polonnaruwa_NorthCentral,25.5,78.26683413860042,0.0,0.11,159.73150977600054
2026-10-02T01:30:00+05:30,Polonnaruwa_NorthCentral,25.4,80.48348469368523,0.0,0.11,156.08092414437917
2026-10-02T01:45:00+05:30,Polonnaruwa_NorthCentral,25.4,82.17226288190739,0.0,0.1,152.40923260133636
2026-10-02T02:00:00+05:30,Polonnaruwa_NorthCentral,25.4,83.51886969787631,0.0,0.1,148.72401673824243
2026-10-02T02:15:00+05:30,Polonnaruwa_NorthCentral,25.4,84.63229302413203,0.0,0.07,145.02970879256875
2026-10-02T02:30:00+05:30,Polonnaruwa_NorthCentral,25.3,85.58064684439756,0.0,0.1,141.32907998064803
2026-10-02T02:45:00+05:30,Polonnaruwa_NorthCentral,25.3,86.40872927531314,0.0,0.22,137.62396037283722
2026-10-02T03:00:00+05:30,Polonnaruwa_NorthCentral,25.2,87.14728882605039,0.0,0.36,133.91561715469948
2026-10-02T03:15:00+05:30,Polonnaruwa_NorthCentral,25.2,87.8182230199991,0.0,0.5,130.20496616530352
2026-10-02T03:30:00+05:30,Polonnaruwa_NorthCentral,25.1,88.43764815188717,0.0,0.57,126.49269529269557
2026-10-02T03:45:00+05:30,Polonnaruwa_NorthCentral,25.1,89.0177925471358,0.0,0.6,122.779341790333
2026-10-02T04:00:00+05:30,Polonnaruwa_NorthCentral,25.1,89.56821001955427,0.0,0.6,119.06534226125801
2026-10-02T04:15:00+05:30,Polonnaruwa_NorthCentral,25.1,90.09658538234629,0.0,0.57,115.35106486402515
2026-10-02T04:30:00+05:30,Polonnaruwa_NorthCentral,25.0,90.60928684347164,0.0,0.57,111.63683303982413
2026-10-02T04:45:00+05:30,Polonnaruwa_NorthCentral,25.0,91.11175782840837,0.0,0.53,107.92294303151732
2026-10-02T05:00:00+05:30,Polonnaruwa_NorthCentral,24.9,91.60880529905035,0.0,0.5,104.20967604426237
2026-10-02T05:15:00+05:30,Polonnaruwa_NorthCentral,24.8,92.10482053600356,0.0,0.47,100.4973095739857
2026-10-02T05:30:00+05:30,Polonnaruwa_NorthCentral,24.8,92.60395682725391,0.0,0.49,96.78612746984204
2026-10-02T05:45:00+05:30,Polonnaruwa_NorthCentral,24.8,93.11028123285365,0.0,0.59,93.07642805419137
2026-10-02T06:00:00+05:30,Polonnaruwa_NorthCentral,24.8,93.62791275471017,0.0,0.7,89.3685339593669
2026-10-02T06:15:00+05:30,Polonnaruwa_NorthCentral,24.9,94.16115753860026,21.0,0.81,85.66280283375652
2026-10-02T06:30:00+05:30,Polonnaruwa_NorthCentral,25.1,94.71465088852761,57.0,0.87,81.95963812098373
2026-10-02T06:45:00+05:30,Polonnaruwa_NorthCentral,25.3,95.293515559794,100.0,0.87,78.25950370989534
2026-10-02T07:00:00+05:30,Polonnaruwa_NorthCentral,25.7,95.90354788661335,149.0,0.85,74.56294201644891
2026-10-02T07:15:00+05:30,Polonnaruwa_NorthCentral,26.0,96.55144624488526,203.0,0.81,70.8705954128013
2026-10-02T07:30:00+05:30,Polonnaruwa_NorthCentral,26.5,97.24510036451056,261.0,0.78,67.18323593374373
2026-10-02T07:45:00+05:30,Polonnaruwa_NorthCentral,27.0,97.99396806301206,323.0,0.81,63.501804574803344
2026-10-02T08:00:00+05:30,Polonnaruwa_NorthCentral,27.5,98.80957756858731,386.0,0.81,59.827462793811044
2026-10-02T08:15:00+05:30,Polonnaruwa_NorthCentral,28.1,99.70621059288283,448.0,0.9,56.161665321143275
2026-10-02T08:30:00+05:30,Polonnaruwa_NorthCentral,28.7,100.70185023974193,508.0,0.95,52.506262172041815
2026-10-02T08:45:00+05:30,Polonnaruwa_NorthCentral,29.2,101.81952320106069,565.0,1.0,48.86364308498648
2026-10-02T09:00:00+05:30,Polonnaruwa_NorthCentral,29.7,103.08923827536597,618.0,1.0,45.236950904268625
2026-10-02T09:15:00+05:30,Polonnaruwa_NorthCentral,30.2,104.55084685563827,665.0,1.05,41.63040123192029
2026-10-02T09:30:00+05:30,Polonnaruwa_NorthCentral,30.6,106.25835917271081,703.0,1.0,38.04977263586152
2026-10-02T09:45:00+05:30,Polonnaruwa_NorthCentral,31.1,108.28660485876685,734.0,0.9,34.503185076571185
2026-10-02T10:00:00+05:30,Polonnaruwa_NorthCentral,31.5,110.74174019568363,762.0,0.81,31.002371545002525
2026-10-02T10:15:00+05:30,Polonnaruwa_NorthCentral,31.8,113.77813109148894,790.0,0.68,27.56482426585952
2026-10-02T10:30:00+05:30,Polonnaruwa_NorthCentral,32.2,117.62568621206611,818.0,0.63,24.217544478036217
2026-10-02T10:45:00+05:30,Polonnaruwa_NorthCentral,32.5,122.63319441505507,842.0,0.64,21.00377787270122
2026-10-02T11:00:00+05:30,Polonnaruwa_NorthCentral,32.7,129.3302045095263,862.0,0.74,17.9952419558674
2026-10-02T11:15:00+05:30,Polonnaruwa_NorthCentral,32.9,138.48189275316878,877.0,0.9,15.313419707516758
2026-10-02T11:30:00+05:30,Polonnaruwa_NorthCentral,33.1,150.9912335649651,887.0,1.02,13.159630959453338
2026-10-02T11:45:00+05:30,Polonnaruwa_NorthCentral,33.2,167.23649937030132,892.0,1.1,11.826011813026795
2026-10-02T12:00:00+05:30,Polonnaruwa_NorthCentral,33.3,185.72142321703944,892.0,1.15,11.599016443162753
2026-10-02T12:15:00+05:30,Polonnaruwa_NorthCentral,33.4,203.12911392441003,885.0,1.2,12.538893281812648
2026-10-02T12:30:00+05:30,Polonnaruwa_NorthCentral,33.5,217.08255564363012,879.0,1.27,14.419235130406676
2026-10-02T12:45:00+05:30,Polonnaruwa_NorthCentral,33.7,227.40709654733723,865.0,1.31,16.929506834424515
2026-10-02T13:00:00+05:30,Polonnaruwa_NorthCentral,34.0,234.93255636608205,834.0,1.39,19.83191019879743
2026-10-02T13:15:00+05:30,Polonnaruwa_NorthCentral,34.1,240.50639867327595,774.0,1.53,22.978309035101447
2026-10-02T13:30:00+05:30,Polonnaruwa_NorthCentral,33.8,244.74404666976403,687.0,1.93,26.281190019937732
2026-10-02T13:45:00+05:30,Polonnaruwa_NorthCentral,32.7,248.0548561110765,588.0,2.77,29.68834451046201
2026-10-02T14:00:00+05:30,Polonnaruwa_NorthCentral,31.0,250.70772399323045,494.0,4.02,33.16762415578545
2026-10-02T14:15:00+05:30,Polonnaruwa_NorthCentral,29.4,252.88173871189633,415.0,5.09,36.698489747375696
2026-10-02T14:30:00+05:30,Polonnaruwa_NorthCentral,28.3,254.6989073964795,336.0,5.57,40.26734045023482
2026-10-02T14:45:00+05:30,Polonnaruwa_NorthCentral,28.0,256.24442989224667,269.0,5.15,43.864871472182905
2026-10-02T15:00:00+05:30,Polonnaruwa_NorthCentral,28.3,257.579256380046,226.0,4.3,47.48452858574741
2026-10-02T15:15:00+05:30,Polonnaruwa_NorthCentral,28.7,258.74798702519644,221.0,3.49,51.121573806234764
2026-10-02T15:30:00+05:30,Polonnaruwa_NorthCentral,28.8,259.783947509357,253.0,3.1,54.772503540588325
2026-10-02T15:45:00+05:30,Polonnaruwa_NorthCentral,28.5,260.712523835267,290.0,3.03,58.43467339959813
2026-10-02T16:00:00+05:30,Polonnaruwa_NorthCentral,28.1,261.5534033743047,301.0,3.07,62.10605018312921
2026-10-02T16:15:00+05:30,Polonnaruwa_NorthCentral,27.5,262.3221139770475,271.0,3.09,65.78504527975322
2026-10-02T16:30:00+05:30,Polonnaruwa_NorthCentral,27.1,263.031102443795,217.0,3.02,69.47039814193694
2026-10-02T16:45:00+05:30,Polonnaruwa_NorthCentral,26.7,263.6905055735651,158.0,2.6,73.16109377755298
2026-10-02T17:00:00+05:30,Polonnaruwa_NorthCentral,26.3,264.30871250014394,106.0,1.85,76.85630465259354
2026-10-02T17:15:00+05:30,Polonnaruwa_NorthCentral,26.0,264.89278261987084,67.0,1.18,80.55534685842194
2026-10-02T17:30:00+05:30,Polonnaruwa_NorthCentral,25.7,265.44876309244376,35.0,0.81,84.25764725280834
2026-10-02T17:45:00+05:30,Polonnaruwa_NorthCentral,25.5,265.98193619026256,13.0,0.96,87.96271985365999
2026-10-02T18:00:00+05:30,Polonnaruwa_NorthCentral,25.3,266.4970173427821,1.0,1.36,91.6701462788255
2026-10-02T18:15:00+05:30,Polonnaruwa_NorthCentral,25.2,266.9983197891808,0.0,1.76,95.37956014041976
2026-10-02T18:30:00+05:30,Polonnaruwa_NorthCentral,25.2,267.48989812102474,0.0,1.92,99.0906357372681
2026-10-02T18:45:00+05:30,Polonnaruwa_NorthCentral,25.1,267.97568035189727,0.0,1.74,102.80307718850351
2026-10-02T19:00:00+05:30,Polonnaruwa_NorthCentral,25.1,268.45959792835765,0.0,1.61,106.51660879222081
2026-10-02T19:15:00+05:30,Polonnaruwa_NorthCentral,25.1,268.9457233258768,0.0,1.67,110.23096749685317
2026-10-02T19:30:00+05:30,Polonnaruwa_NorthCentral,25.1,269.43842578359596,0.0,1.85,113.94589388945406
2026-10-02T19:45:00+05:30,Polonnaruwa_NorthCentral,25.1,269.94255939722837,0.0,1.82,117.66112253556403
2026-10-02T20:00:00+05:30,Polonnaruwa_NorthCentral,25.0,270.4637032268539,0.0,1.7,121.37637234559448
2026-10-02T20:15:00+05:30,Polonnaruwa_NorthCentral,25.0,271.0084816456188,0.0,1.63,125.09133283500631
2026-10-02T20:30:00+05:30,Polonnaruwa_NorthCentral,24.9,271.58500917032984,0.0,1.58,128.8056460980232
2026-10-02T20:45:00+05:30,Polonnaruwa_NorthCentral,24.9,272.2035305245497,0.0,1.49,132.51888334596757
2026-10-02T21:00:00+05:30,Polonnaruwa_NorthCentral,24.9,272.8773726077808,0.0,1.4,136.23050866823732
2026-10-02T21:15:00+05:30,Polonnaruwa_NorthCentral,24.9,273.62441063018974,0.0,1.41,139.93982402991008
2026-10-02T21:30:00+05:30,Polonnaruwa_NorthCentral,24.9,274.4694124249536,0.0,1.39,143.6458834984388
2026-10-02T21:45:00+05:30,Polonnaruwa_NorthCentral,24.9,275.4479470001883,0.0,1.27,147.3473481679805
2026-10-02T22:00:00+05:30,Polonnaruwa_NorthCentral,24.9,276.61322759402395,0.0,1.04,151.04223201693802
2026-10-02T22:15:00+05:30,Polonnaruwa_NorthCentral,24.8,278.0488093551361,0.0,0.91,154.7274301104403
2026-10-02T22:30:00+05:30,Polonnaruwa_NorthCentral,24.8,279.8938740268745,0.0,0.8,158.39776945260905
2026-10-02T22:45:00+05:30,Polonnaruwa_NorthCentral,24.8,282.3982021178957,0.0,0.8,162.04392077151437
2026-10-02T23:00:00+05:30,Polonnaruwa_NorthCentral,24.8,286.0557485041321,0.0,0.86,165.64722149497288
2026-10-02T23:15:00+05:30,Polonnaruwa_NorthCentral,24.8,291.9783806053963,0.0,0.92,169.1646141718972
2026-10-02T23:30:00+05:30,Polonnaruwa_NorthCentral,24.7,303.12500408886206,0.0,0.95,172.47442534346467
2026-10-02T23:45:00+05:30,Polonnaruwa_NorthCentral,24.7,328.3102940640282,0.0,0.87,175.13271117681222
2026-10-03T00:00:00+05:30,Polonnaruwa_NorthCentral,24.7,16.011943378161163,0.0,0.76,175.6901044267684
2026-10-03T00:15:00+05:30,Polonnaruwa_NorthCentral,24.6,50.1689988130812,0.0,0.64,173.57442110844596
2026-10-03T00:30:00+05:30,Polonnaruwa_NorthCentral,24.6,64.92836369728343,0.0,0.53,170.41733123078467
2026-10-03T00:45:00+05:30,Polonnaruwa_NorthCentral,24.5,72.24971193468701,0.0,0.43,166.9542795615996
2026-10-03T01:00:00+05:30,Polonnaruwa_NorthCentral,24.5,76.55592013670412,0.0,0.32,163.37550621672068
2026-10-03T01:15:00+05:30,Polonnaruwa_NorthCentral,24.5,79.40720926392356,0.0,0.25,159.74238397680767
2026-10-03T01:30:00+05:30,Polonnaruwa_NorthCentral,24.5,81.4579070425441,0.0,0.25,156.07980763868994
2026-10-03T01:45:00+05:30,Polonnaruwa_NorthCentral,24.4,83.02488866306874,0.0,0.32,152.39965228594232
2026-10-03T02:00:00+05:30,Polonnaruwa_NorthCentral,24.4,84.27906411748859,0.0,0.36,148.7082790778215
2026-10-03T02:15:00+05:30,Polonnaruwa_NorthCentral,24.4,85.32047852923677,0.0,0.4,145.00940578931943
2026-10-03T02:30:00+05:30,Polonnaruwa_NorthCentral,24.3,86.21157406594631,0.0,0.45,141.3053600376137
2026-10-03T02:45:00+05:30,Polonnaruwa_NorthCentral,24.3,86.99340005664135,0.0,0.4,137.59768333759624
2026-10-03T03:00:00+05:30,Polonnaruwa_NorthCentral,24.3,87.69413938962168,0.0,0.35,133.88744810542872
2026-10-03T03:15:00+05:30,Polonnaruwa_NorthCentral,24.3,88.33388166882202,0.0,0.25,130.1754348404194
2026-10-03T03:30:00+05:30,Polonnaruwa_NorthCentral,24.3,88.9274378478193,0.0,0.2,126.46223529020548
2026-10-03T03:45:00+05:30,Polonnaruwa_NorthCentral,24.3,89.48607480861216,0.0,0.21,122.74831735758832
2026-10-03T04:00:00+05:30,Polonnaruwa_NorthCentral,24.3,90.01862691335162,0.0,0.25,119.03406721587797
2026-10-03T04:15:00+05:30,Polonnaruwa_NorthCentral,24.2,90.53223424415245,0.0,0.27,115.31981638712693
2026-10-03T04:30:00+05:30,Polonnaruwa_NorthCentral,24.2,91.03284956154636,0.0,0.29,111.60586205972717
2026-10-03T04:45:00+05:30,Polonnaruwa_NorthCentral,24.1,91.52559884907163,0.0,0.28,107.89248231521273
2026-10-03T05:00:00+05:30,Polonnaruwa_NorthCentral,24.1,92.01504779969042,0.0,0.32,104.17994674231751
2026-10-03T05:15:00+05:30,Polonnaruwa_NorthCentral,24.0,92.50540725332496,0.0,0.4,100.46852674545492
2026-10-03T05:30:00+05:30,Polonnaruwa_NorthCentral,24.0,93.00070011920786,0.0,0.46,96.75850497319081
2026-10-03T05:45:00+05:30,Polonnaruwa_NorthCentral,24.0,93.50490572060369,0.0,0.47,93.05018309882264
2026-10-03T06:00:00+05:30,Polonnaruwa_NorthCentral,24.0,94.02209309698043,0.0,0.49,89.34389156939334
2026-10-03T06:15:00+05:30,Polonnaruwa_NorthCentral,24.0,94.55655338400987,20.0,0.45,85.64000045139261
2026-10-03T06:30:00+05:30,Polonnaruwa_NorthCentral,24.1,95.11294076145123,55.0,0.43,81.93893057591998
2026-10-03T06:45:00+05:30,Polonnaruwa_NorthCentral,24.4,95.6964313045209,97.0,0.42,78.24116881039524
2026-10-03T07:00:00+05:30,Polonnaruwa_NorthCentral,24.7,96.3129113040157,146.0,0.39,74.54728704735717
2026-10-03T07:15:00+05:30,Polonnaruwa_NorthCentral,25.1,96.96920969853761,200.0,0.38,70.85796491205994
2026-10-03T07:30:00+05:30,Polonnaruwa_NorthCentral,25.5,97.67339341151387,258.0,0.38,67.17402122430276
2026-10-03T07:45:00+05:30,Polonnaruwa_NorthCentral,25.9,98.43515260816696,319.0,0.4,63.49645568513263
2026-10-03T08:00:00+05:30,Polonnaruwa_NorthCentral,26.3,99.2663146792321,383.0,0.42,59.826503646759846
2026-10-03T08:15:00+05:30,Polonnaruwa_NorthCentral,26.8,100.18154295929054,445.0,0.47,56.165713417172306
2026-10-03T08:30:00+05:30,Polonnaruwa_NorthCentral,27.3,101.19930535313108,505.0,0.49,52.51605451794747
2026-10-03T08:45:00+05:30,Polonnaruwa_NorthCentral,27.8,102.34324356570835,562.0,0.47,48.880070913547286
2026-10-03T09:00:00+05:30,Polonnaruwa_NorthCentral,28.3,103.64414599743515,617.0,0.46,45.26110692288159
2026-10-03T09:15:00+05:30,Polonnaruwa_NorthCentral,28.8,105.14284973644868,670.0,0.4,41.66364497566137
2026-10-03T09:30:00+05:30,Polonnaruwa_NorthCentral,29.3,106.89460099376856,721.0,0.35,38.093822319021676
2026-10-03T09:45:00+05:30,Polonnaruwa_NorthCentral,29.8,108.9757457825134,768.0,0.32,34.56024851399881
2026-10-03T10:00:00+05:30,Polonnaruwa_NorthCentral,30.3,111.49420251842872,810.0,0.32,31.07533459070317
2026-10-03T10:15:00+05:30,Polonnaruwa_NorthCentral,30.8,114.60610253203492,845.0,0.29,27.657521773300246
2026-10-03T10:30:00+05:30,Polonnaruwa_NorthCentral,31.2,118.54227993460893,872.0,0.25,24.335139391835796
2026-10-03T10:45:00+05:30,Polonnaruwa_NorthCentral,31.5,123.64911269285432,892.0,0.3,21.153240606488765
2026-10-03T11:00:00+05:30,Polonnaruwa_NorthCentral,31.7,130.44362929296392,907.0,0.43,18.185752728262614
2026-10-03T11:15:00+05:30,Polonnaruwa_NorthCentral,31.9,139.6522970661827,919.0,0.58,15.555903404857872
2026-10-03T11:30:00+05:30,Polonnaruwa_NorthCentral,32.1,152.08783803136885,928.0,0.72,13.463060330074555
2026-10-03T11:45:00+05:30,Polonnaruwa_NorthCentral,32.3,168.00281049556384,932.0,0.78,12.187113494059744
2026-10-03T12:00:00+05:30,Polonnaruwa_NorthCentral,32.4,185.91506505114205,930.0,0.84,11.99173254219653
2026-10-03T12:15:00+05:30,Polonnaruwa_NorthCentral,32.5,202.77985794701374,921.0,0.86,12.926011577189016
2026-10-03T12:30:00+05:30,Polonnaruwa_NorthCentral,32.6,216.4229769043001,907.0,0.96,14.77720879422634
2026-10-03T12:45:00+05:30,Polonnaruwa_NorthCentral,32.7,226.63597764341267,886.0,1.11,17.252639278360547
2026-10-03T13:00:00+05:30,Polonnaruwa_NorthCentral,32.7,234.15318003105824,861.0,1.27,20.12322130245569
2026-10-03T13:15:00+05:30,Polonnaruwa_NorthCentral,32.8,239.7605543365737,833.0,1.38,23.24298484088932
2026-10-03T13:30:00+05:30,Polonnaruwa_NorthCentral,32.8,244.04463359113595,807.0,1.33,26.524125833002238
2026-10-03T13:45:00+05:30,Polonnaruwa_NorthCentral,33.0,247.40280951093362,774.0,1.18,29.913562501630125
2026-10-03T14:00:00+05:30,Polonnaruwa_NorthCentral,33.3,250.09950219866505,730.0,1.1,33.37829317148536
2026-10-03T14:15:00+05:30,Polonnaruwa_NorthCentral,33.4,252.31245164513638,670.0,1.21,36.897084641720355
2026-10-03T14:30:00+05:30,Polonnaruwa_NorthCentral,32.9,254.16357036771268,602.0,1.36,40.45580269823289
2026-10-03T14:45:00+05:30,Polonnaruwa_NorthCentral,31.6,255.738426233726,524.0,1.51,44.04473916069434
2026-10-03T15:00:00+05:30,Polonnaruwa_NorthCentral,29.5,257.098470101031,439.0,1.91,47.65703476614664
2026-10-03T15:15:00+05:30,Polonnaruwa_NorthCentral,27.5,258.2888020112397,342.0,2.43,51.287719331407544
2026-10-03T15:30:00+05:30,Polonnaruwa_NorthCentral,26.1,259.34319727056265,227.0,2.59,54.93311085645921
2026-10-03T15:45:00+05:30,Polonnaruwa_NorthCentral,25.5,260.2874273480994,121.0,2.02,58.590426493627845
2026-10-03T16:00:00+05:30,Polonnaruwa_NorthCentral,25.4,261.1415014813911,46.0,1.17,62.2575245386073
2026-10-03T16:15:00+05:30,Polonnaruwa_NorthCentral,25.5,261.9212115910725,15.0,1.11,65.93273059765147
2026-10-03T16:30:00+05:30,Polonnaruwa_NorthCentral,25.6,262.6392178073686,14.0,1.72,69.61471580046408
2026-10-03T16:45:00+05:30,Polonnaruwa_NorthCentral,25.5,263.3058261849678,23.0,1.99,73.30241043037499
2026-10-03T17:00:00+05:30,Polonnaruwa_NorthCentral,25.5,263.92955670087986,28.0,1.92,76.9949429810345
2026-10-03T17:15:00+05:30,Polonnaruwa_NorthCentral,25.5,264.5175656566322,25.0,1.79,80.69159420495133
2026-10-03T17:30:00+05:30,Polonnaruwa_NorthCentral,25.4,265.07596647452334,18.0,1.7,84.39176268543957
2026-10-03T17:45:00+05:30,Polonnaruwa_NorthCentral,25.3,265.6100792109592,10.0,1.68,88.09494006745216
2026-10-03T18:00:00+05:30,Polonnaruwa_NorthCentral,25.1,266.1246296695697,1.0,1.73,91.800690652784
2026-10-03T18:15:00+05:30,Polonnaruwa_NorthCentral,24.9,266.6239140294825,0.0,1.75,95.50863520473152
2026-10-03T18:30:00+05:30,Polonnaruwa_NorthCentral,24.8,267.1119412068247,0.0,1.7,99.21843926254778
2026-10-03T18:45:00+05:30,Polonnaruwa_NorthCentral,24.8,267.5925624466278,0.0,1.66,102.92980209496831
2026-10-03T19:00:00+05:30,Polonnaruwa_NorthCentral,24.8,268.06959731364736,0.0,1.52,106.64244706483876
2026-10-03T19:15:00+05:30,Polonnaruwa_NorthCentral,24.9,268.54696533132324,0.0,1.47,110.35611430461537
2026-10-03T19:30:00+05:30,Polonnaruwa_NorthCentral,24.9,269.0288332313421,0.0,1.39,114.07055214644392
2026-10-03T19:45:00+05:30,Polonnaruwa_NorthCentral,25.0,269.5197911335574,0.0,1.32,117.78550819658128
2026-10-03T20:00:00+05:30,Polonnaruwa_NorthCentral,25.0,270.02507594770015,0.0,1.28,121.50072082309582
2026-10-03T20:15:00+05:30,Polonnaruwa_NorthCentral,25.1,270.55086815642625,0.0,1.24,125.21590709097102
2026-10-03T20:30:00+05:30,Polonnaruwa_NorthCentral,25.1,271.1047029911135,0.0,1.17,128.9307472064655
2026-10-03T20:45:00+05:30,Polonnaruwa_NorthCentral,25.1,271.696061621068,0.0,1.1,132.64486474224015
2026-10-03T21:00:00+05:30,Polonnaruwa_NorthCentral,25.1,272.33725071471747,0.0,1.05,136.3577959792063
2026-10-03T21:15:00+05:30,Polonnaruwa_NorthCentral,25.0,273.044758704551,0.0,1.0,140.06894355723824
2026-10-03T21:30:00+05:30,Polonnaruwa_NorthCentral,25.0,273.8414287580319,0.0,0.95,143.77750453799166
2026-10-03T21:45:00+05:30,Polonnaruwa_NorthCentral,25.0,274.760091847221,0.0,0.86,147.48234826210015
2026-10-03T22:00:00+05:30,Polonnaruwa_NorthCentral,25.0,275.84995173867725,0.0,0.81,151.1818019299685
2026-10-03T22:15:00+05:30,Polonnaruwa_NorthCentral,25.0,277.18849405377705,0.0,0.73,154.87325131824366
2026-10-03T22:30:00+05:30,Polonnaruwa_NorthCentral,25.0,278.9053720860545,0.0,0.65,158.5523326036136
2026-10-03T22:45:00+05:30,Polonnaruwa_NorthCentral,25.0,281.23488763539297,0.0,0.63,162.21113955481576
2026-10-03T23:00:00+05:30,Polonnaruwa_NorthCentral,25.0,284.6456348862381,0.0,0.57,165.8337213633376
2026-10-03T23:15:00+05:30,Polonnaruwa_NorthCentral,24.9,290.2137761918399,0.0,0.53,169.382692210306
2026-10-03T23:30:00+05:30,Polonnaruwa_NorthCentral,24.9,300.9241388536244,0.0,0.53,172.74889168908874
2026-10-03T23:45:00+05:30,Polonnaruwa_NorthCentral,24.9,326.59194684720626,0.0,0.5,175.5011333884715
2026-10-04T00:00:00+05:30,Polonnaruwa_NorthCentral,24.9,18.63033007239153,0.0,0.54,176.0361775974776
2026-10-04T00:15:00+05:30,Polonnaruwa_NorthCentral,24.9,53.34294782141052,0.0,0.51,173.75544339107125
2026-10-04T00:30:00+05:30,Polonnaruwa_NorthCentral,24.8,67.24279318446298,0.0,0.51,170.50863934951428
2026-10-04T00:45:00+05:30,Polonnaruwa_NorthCentral,24.8,73.98679936256752,0.0,0.51,167.0006462345591
2026-10-04T01:00:00+05:30,Polonnaruwa_NorthCentral,24.8,77.93249368614806,0.0,0.56,163.3963286519737
2026-10-04T01:15:00+05:30,Polonnaruwa_NorthCentral,24.7,80.54556937871706,0.0,0.56,159.74719238431226
2026-10-04T01:30:00+05:30,Polonnaruwa_NorthCentral,24.7,82.42970778490326,0.0,0.56,156.07388841921752
2026-10-04T01:45:00+05:30,Polonnaruwa_NorthCentral,24.6,83.87485766353302,0.0,0.56,152.38622176807246
2026-10-04T02:00:00+05:30,Polonnaruwa_NorthCentral,24.6,85.03675435032164,0.0,0.56,148.68943690092118
2026-10-04T02:15:00+05:30,Polonnaruwa_NorthCentral,24.6,86.00636367333533,0.0,0.56,144.98660060663187
2026-10-04T02:30:00+05:30,Polonnaruwa_NorthCentral,24.5,86.84040588865093,0.0,0.56,141.27963745876104
2026-10-04T02:45:00+05:30,Polonnaruwa_NorthCentral,24.5,87.57616390962892,0.0,0.56,137.56982737754743
2026-10-04T03:00:00+05:30,Polonnaruwa_NorthCentral,24.4,88.23925004316584,0.0,0.54,133.85806658243547
2026-10-04T03:15:00+05:30,Polonnaruwa_NorthCentral,24.3,88.84794594547503,0.0,0.59,130.14501343154006
2026-10-04T03:30:00+05:30,Polonnaruwa_NorthCentral,24.2,89.41575898564798,0.0,0.57,126.4311731736855
2026-10-04T03:45:00+05:30,Polonnaruwa_NorthCentral,24.1,89.95299684213546,0.0,0.57,122.71695158414802
2026-10-04T04:00:00+05:30,Polonnaruwa_NorthCentral,24.0,90.46777661976125,0.0,0.61,119.00268994407705
2026-10-04T04:15:00+05:30,Polonnaruwa_NorthCentral,24.0,90.96669561969657,0.0,0.66,115.28868747812425
2026-10-04T04:30:00+05:30,Polonnaruwa_NorthCentral,23.9,91.45529280234183,0.0,0.65,111.57521859804459
2026-10-04T04:45:00+05:30,Polonnaruwa_NorthCentral,23.9,91.93837805325859,0.0,0.65,107.86254606369968
2026-10-04T05:00:00+05:30,Polonnaruwa_NorthCentral,23.9,92.42027685457072,0.0,0.65,104.1509302250543
2026-10-04T05:15:00+05:30,Polonnaruwa_NorthCentral,24.0,92.90502039896307,0.0,0.7,100.44063843149958
2026-10-04T05:30:00+05:30,Polonnaruwa_NorthCentral,24.1,93.39650176169602,0.0,0.7,96.73195391803993
2026-10-04T05:45:00+05:30,Polonnaruwa_NorthCentral,24.2,93.89861283151401,0.0,0.7,93.02518332166345
2026-10-04T06:00:00+05:30,Polonnaruwa_NorthCentral,24.5,94.41537273929907,0.0,0.76,89.32066640146441
2026-10-04T06:15:00+05:30,Polonnaruwa_NorthCentral,24.7,94.95105739497944,21.0,0.76,85.61878707393247
2026-10-04T06:30:00+05:30,Polonnaruwa_NorthCentral,25.0,95.51033932719997,58.0,0.81,81.91998497402066
2026-10-04T06:45:00+05:30,Polonnaruwa_NorthCentral,25.3,96.09844702691123,105.0,0.86,78.22477138265862
2026-10-04T07:00:00+05:30,Polonnaruwa_NorthCentral,25.6,96.72135535433415,161.0,0.86,74.53374917423379
2026-10-04T07:15:00+05:30,Polonnaruwa_NorthCentral,26.0,97.38602178344729,217.0,0.91,70.8476368459799
2026-10-04T07:30:00+05:30,Polonnaruwa_NorthCentral,26.3,98.1006875270823,272.0,0.91,67.1673017834266
2026-10-04T07:45:00+05:30,Polonnaruwa_NorthCentral,26.7,98.8752709591833,324.0,0.91,63.493804394541726
2026-10-04T08:00:00+05:30,Polonnaruwa_NorthCentral,27.0,99.72189271276596,376.0,0.96,59.828456212240255
2026-10-04T08:15:00+05:30,Polonnaruwa_NorthCentral,27.3,100.65558919537551,433.0,0.96,56.17290176883669
2026-10-04T08:30:00+05:30,Polonnaruwa_NorthCentral,27.7,101.6953005934281,494.0,0.96,52.52923317745353
2026-10-04T08:45:00+05:30,Polonnaruwa_NorthCentral,28.0,102.86526497471903,555.0,0.91,48.90015222771786
2026-10-04T09:00:00+05:30,Polonnaruwa_NorthCentral,28.4,104.19702199393089,614.0,0.86,45.289208874150404
2026-10-04T09:15:00+05:30,Polonnaruwa_NorthCentral,28.8,105.73235036547715,665.0,0.82,41.701157055177276
2026-10-04T09:30:00+05:30,Polonnaruwa_NorthCentral,29.2,107.52766208307969,709.0,0.79,38.142497606036734
2026-10-04T09:45:00+05:30,Polonnaruwa_NorthCentral,29.6,109.66070484754061,745.0,0.76,34.62233395412533
2026-10-04T10:00:00+05:30,Polonnaruwa_NorthCentral,30.1,112.24096718265253,776.0,0.69,31.15375652404549
2026-10-04T10:15:00+05:30,Polonnaruwa_NorthCentral,30.4,115.42601812541989,805.0,0.68,27.75614844173232
2026-10-04T10:30:00+05:30,Polonnaruwa_NorthCentral,30.8,119.44705595874387,826.0,0.64,24.45913840073338
2026-10-04T10:45:00+05:30,Polonnaruwa_NorthCentral,31.1,124.64712362058657,843.0,0.64,21.30950642937465
2026-10-04T11:00:00+05:30,Polonnaruwa_NorthCentral,31.3,131.52945268626974,858.0,0.57,18.38319393595971
2026-10-04T11:15:00+05:30,Polonnaruwa_NorthCentral,31.5,140.78121171127253,876.0,0.58,15.80476733282164
2026-10-04T11:30:00+05:30,Polonnaruwa_NorthCentral,31.5,153.1295559639292,897.0,0.57,13.7710688258707
2026-10-04T11:45:00+05:30,Polonnaruwa_NorthCentral,31.5,168.71803447446143,916.0,0.71,12.549792207136349
2026-10-04T12:00:00+05:30,Polonnaruwa_NorthCentral,31.3,186.08990071476006,925.0,0.94,12.383688891654842
2026-10-04T12:15:00+05:30,Polonnaruwa_NorthCentral,31.1,202.4456715783865,917.0,1.29,13.312315330599333
2026-10-04T12:30:00+05:30,Polonnaruwa_NorthCentral,30.8,215.79086948105166,894.0,1.7,15.135488880065807
2026-10-04T12:45:00+05:30,Polonnaruwa_NorthCentral,30.5,225.89067304652897,860.0,2.16,17.577006270399608
2026-10-04T13:00:00+05:30,Polonnaruwa_NorthCentral,30.1,233.3942924814947,820.0,2.69,20.416204803367634
2026-10-04T13:15:00+05:30,Polonnaruwa_NorthCentral,29.7,239.03024644208233,778.0,3.19,23.509421639749448
2026-10-04T13:30:00+05:30,Polonnaruwa_NorthCentral,29.3,243.3569719482223,733.0,3.61,26.768721454578547
2026-10-04T13:45:00+05:30,Polonnaruwa_NorthCentral,29.0,246.7597675237118,684.0,3.97,30.140249007528524
2026-10-04T14:00:00+05:30,Polonnaruwa_NorthCentral,28.6,249.49830417882913,628.0,4.3,33.590202696987305
2026-10-04T14:15:00+05:30,Polonnaruwa_NorthCentral,28.3,251.7487447620428,562.0,4.47,37.09668216570676
2026-10-04T14:30:00+05:30,Polonnaruwa_NorthCentral,28.0,253.6327436527991,483.0,4.58,40.64503265281969
2026-10-04T14:45:00+05:30,Polonnaruwa_NorthCentral,27.7,255.23612502686134,405.0,4.51,44.225148247497984
2026-10-04T15:00:00+05:30,Polonnaruwa_NorthCentral,27.5,256.62076468457917,336.0,4.26,47.82986667421638
2026-10-04T15:15:00+05:30,Polonnaruwa_NorthCentral,27.3,257.8322108241971,286.0,3.94,51.453985768714745
2026-10-04T15:30:00+05:30,Polonnaruwa_NorthCentral,27.1,258.9046525662134,250.0,3.55,55.09364446994286
2026-10-04T15:45:00+05:30,Polonnaruwa_NorthCentral,26.9,259.86422163912295,221.0,3.12,58.74592042734815
2026-10-04T16:00:00+05:30,Polonnaruwa_NorthCentral,26.7,260.73123108821807,193.0,2.55,62.408562242070175
2026-10-04T16:15:00+05:30,Polonnaruwa_NorthCentral,26.5,261.52172372980993,164.0,2.02,66.07980851970316
2026-10-04T16:30:00+05:30,Polonnaruwa_NorthCentral,26.3,262.24856323204466,137.0,1.52,69.75826087710621
2026-10-04T16:45:00+05:30,Polonnaruwa_NorthCentral,26.2,262.92221748349067,112.0,1.06,73.44279373307153
2026-10-04T17:00:00+05:30,Polonnaruwa_NorthCentral,26.0,263.55133155652356,85.0,0.67,77.1324905130055
2026-10-04T17:15:00+05:30,Polonnaruwa_NorthCentral,25.9,264.1431540980921,59.0,0.29,80.82659557609107
2026-10-04T17:30:00+05:30,Polonnaruwa_NorthCentral,25.7,264.7038610706564,34.0,0.07,84.52447820069155
2026-10-04T17:45:00+05:30,Polonnaruwa_NorthCentral,25.6,265.23880716910423,14.0,0.18,88.22560663421052
2026-10-04T18:00:00+05:30,Polonnaruwa_NorthCentral,25.5,265.75272580023693,1.0,0.25,91.92952682305881
2026-10-04T18:15:00+05:30,Polonnaruwa_NorthCentral,25.4,266.24989351852116,0.0,0.34,95.63584560066292
2026-10-04T18:30:00+05:30,Polonnaruwa_NorthCentral,25.4,266.73427105631856,0.0,0.36,99.34421860228298
2026-10-04T18:45:00+05:30,Polonnaruwa_NorthCentral,25.3,267.20963028727044,0.0,0.4,103.05433899864451
2026-10-04T19:00:00+05:30,Polonnaruwa_NorthCentral,25.3,267.6796760321649,0.0,0.51,106.76592782886817
2026-10-04T19:15:00+05:30,Polonnaruwa_NorthCentral,25.2,268.1481715411566,0.0,0.54,110.47872683204676
2026-10-04T19:30:00+05:30,Polonnaruwa_NorthCentral,25.2,268.61907699664215,0.0,0.63,114.19249025412304
2026-10-04T19:45:00+05:30,Polonnaruwa_NorthCentral,25.1,269.09671341816437,0.0,0.68,117.90697657267822
2026-10-04T20:00:00+05:30,Polonnaruwa_NorthCentral,25.1,269.5859688337412,0.0,0.75,121.62194099830786
2026-10-04T20:15:00+05:30,Polonnaruwa_NorthCentral,25.1,270.09257070738283,0.0,0.74,125.33712492935278
2026-10-04T20:30:00+05:30,Polonnaruwa_NorthCentral,25.0,270.6234622328017,0.0,0.78,129.0522426644311
2026-10-04T20:45:00+05:30,Polonnaruwa_NorthCentral,25.0,271.18734267108204,0.0,0.74,132.76696501037165
2026-10-04T21:00:00+05:30,Polonnaruwa_NorthCentral,25.0,271.7954712081634,0.0,0.67,136.48089377700103
2026-10-04T21:15:00+05:30,Polonnaruwa_NorthCentral,25.0,272.4629076344725,0.0,0.6,140.19352344603078
2026-10-04T21:30:00+05:30,Polonnaruwa_NorthCentral,25.0,273.2105036079421,0.0,0.53,143.90418210382717
2026-10-04T21:45:00+05:30,Polonnaruwa_NorthCentral,25.0,274.0682404412869,0.0,0.43,147.61193074040125
2026-10-04T22:00:00+05:30,Polonnaruwa_NorthCentral,25.0,275.0811158187027,0.0,0.36,151.3153862053189
2026-10-04T22:15:00+05:30,Polonnaruwa_NorthCentral,25.0,276.32017637400133,0.0,0.22,155.01239073081206
2026-10-04T22:30:00+05:30,Polonnaruwa_NorthCentral,25.0,277.9047947681402,0.0,0.15,158.69933911046496
2026-10-04T22:45:00+05:30,Polonnaruwa_NorthCentral,25.0,280.0521000485279,0.0,0.14,162.36967459045002
2026-10-04T23:00:00+05:30,Polonnaruwa_NorthCentral,25.0,283.20098896573404,0.0,0.16,166.01006569707093
2026-10-04T23:15:00+05:30,Polonnaruwa_NorthCentral,24.9,288.3789619547614,0.0,0.25,169.58879344691587
2026-10-04T23:30:00+05:30,Polonnaruwa_NorthCentral,24.9,298.5541260250479,0.0,0.3,173.01021040085453
2026-10-04T23:45:00+05:30,Polonnaruwa_NorthCentral,24.9,324.55841896460197,0.0,0.35,175.86327334598866
2026-10-05T00:00:00+05:30,Polonnaruwa_NorthCentral,24.9,21.713265787660816,0.0,0.35,176.3722890291166
2026-10-05T00:15:00+05:30,Polonnaruwa_NorthCentral,24.8,56.680404360961916,0.0,0.35,173.91722839741158
2026-10-05T00:30:00+05:30,Polonnaruwa_NorthCentral,24.8,69.59000386210658,0.0,0.35,170.5856395393264
2026-10-05T00:45:00+05:30,Polonnaruwa_NorthCentral,24.7,75.72932371463259,0.0,0.35,167.0366945849189
2026-10-05T01:00:00+05:30,Polonnaruwa_NorthCentral,24.7,79.30782434546785,0.0,0.36,163.4094385487595
2026-10-05T01:15:00+05:30,Polonnaruwa_NorthCentral,24.6,81.68099270902155,0.0,0.38,159.74605469369772
2026-10-05T01:30:00+05:30,Polonnaruwa_NorthCentral,24.6,83.39828821495973,0.0,0.38,156.06328773240642
2026-10-05T01:45:00+05:30,Polonnaruwa_NorthCentral,24.5,84.72174682156395,0.0,0.38,152.36905944605803
2026-10-05T02:00:00+05:30,Polonnaruwa_NorthCentral,24.5,85.79162057245816,0.0,0.4,148.6676046332706
2026-10-05T02:15:00+05:30,Polonnaruwa_NorthCentral,24.4,86.68969327175733,0.0,0.4,144.96140364309335
2026-10-05T02:30:00+05:30,Polonnaruwa_NorthCentral,24.4,87.46692971540796,0.0,0.4,141.2520188893964
2026-10-05T02:45:00+05:30,Polonnaruwa_NorthCentral,24.3,88.15683746142105,0.0,0.4,137.5404957371255
2026-10-05T03:00:00+05:30,Polonnaruwa_NorthCentral,24.3,88.78245811870676,0.0,0.45,133.82757276519308
2026-10-05T03:15:00+05:30,Polonnaruwa_NorthCentral,24.2,89.36026820715313,0.0,0.47,130.11379934452117
2026-10-05T03:30:00+05:30,Polonnaruwa_NorthCentral,24.1,89.90247500482747,0.0,0.52,126.39960381835951
2026-10-05T03:45:00+05:30,Polonnaruwa_NorthCentral,24.1,90.41843032754105,0.0,0.57,122.6853370111645
2026-10-05T04:00:00+05:30,Polonnaruwa_NorthCentral,24.0,90.91553693556426,0.0,0.66,118.97130080974479
2026-10-05T04:15:00+05:30,Polonnaruwa_NorthCentral,23.9,91.3998517787852,0.0,0.71,115.25776644597795
2026-10-05T04:30:00+05:30,Polonnaruwa_NorthCentral,23.9,91.876501990159,0.0,0.75,111.54498899602572
2026-10-05T04:45:00+05:30,Polonnaruwa_NorthCentral,23.9,92.3499829216671,0.0,0.8,107.83321871462181
2026-10-05T05:00:00+05:30,Polonnaruwa_NorthCentral,23.9,92.824381051307,0.0,0.85,104.12270906488067
2026-10-05T05:15:00+05:30,Polonnaruwa_NorthCentral,24.0,93.3035488138529,0.0,0.9,100.41372535367742
2026-10-05T05:30:00+05:30,Polonnaruwa_NorthCentral,24.1,93.79125005060524,0.0,0.9,96.70655316764673
2026-10-05T05:45:00+05:30,Polonnaruwa_NorthCentral,24.2,94.29128954033132,0.0,0.91,93.00150569721627
2026-10-05T06:00:00+05:30,Polonnaruwa_NorthCentral,24.4,94.80763655228338,1.0,0.91,89.29893348840277
2026-10-05T06:15:00+05:30,Polonnaruwa_NorthCentral,24.6,95.34455152032405,21.0,0.92,85.59923571536044
2026-10-05T06:30:00+05:30,Polonnaruwa_NorthCentral,24.8,95.90672473288049,58.0,0.93,81.90287219939111
2026-10-05T06:45:00+05:30,Polonnaruwa_NorthCentral,25.1,96.49943609723391,106.0,0.95,78.21038004071893
2026-10-05T07:00:00+05:30,Polonnaruwa_NorthCentral,25.4,97.12874752450028,162.0,0.94,74.52239455957726
2026-10-05T07:15:00+05:30,Polonnaruwa_NorthCentral,25.7,97.8017428199604,219.0,0.96,70.83967469303406
2026-10-05T07:30:00+05:30,Polonnaruwa_NorthCentral,26.0,98.52683434740186,273.0,0.94,67.16313811039014
2026-10-05T07:45:00+05:30,Polonnaruwa_NorthCentral,26.3,99.31416424190053,326.0,0.97,63.49390784578061
2026-10-05T08:00:00+05:30,Polonnaruwa_NorthCentral,26.6,100.17614005100279,380.0,0.96,59.83337379340498
2026-10-05T08:15:00+05:30,Polonnaruwa_NorthCentral,26.9,101.12816216792396,439.0,0.96,56.18327920780742
2026-10-05T08:30:00+05:30,Polonnaruwa_NorthCentral,27.3,102.18962982766925,504.0,0.92,52.54584167801757
2026-10-05T08:45:00+05:30,Polonnaruwa_NorthCentral,27.7,103.38535786209212,571.0,0.89,48.92392413638635
2026-10-05T09:00:00+05:30,Polonnaruwa_NorthCentral,28.1,104.74760757806791,634.0,0.79,45.32128592826847
2026-10-05T09:15:00+05:30,Polonnaruwa_NorthCentral,28.5,106.31905362038094,688.0,0.72,41.74295657827305
2026-10-05T09:30:00+05:30,Polonnaruwa_NorthCentral,29.0,108.15720155919291,732.0,0.63,38.19580451200374
2026-10-05T09:45:00+05:30,Polonnaruwa_NorthCentral,29.4,110.34108394155112,768.0,0.6,34.68942989097229
2026-10-05T10:00:00+05:30,Polonnaruwa_NorthCentral,29.9,112.98156613652714,798.0,0.56,31.23760170436332
2026-10-05T10:15:00+05:30,Polonnaruwa_NorthCentral,30.4,116.23733037700543,824.0,0.6,27.860634451498818
2026-10-05T10:30:00+05:30,Polonnaruwa_NorthCentral,30.8,120.33939624131159,842.0,0.61,24.589422276091923
2026-10-05T10:45:00+05:30,Polonnaruwa_NorthCentral,31.1,125.62661160760598,856.0,0.6,21.472384675454606
2026-10-05T11:00:00+05:30,Polonnaruwa_NorthCentral,31.4,132.58731861301396,867.0,0.67,18.587277098547375
2026-10-05T11:15:00+05:30,Polonnaruwa_NorthCentral,31.7,141.86919929606302,879.0,0.61,16.05961486402633
2026-10-05T11:30:00+05:30,Polonnaruwa_NorthCentral,31.9,154.11882768586634,895.0,0.5,14.083217351195714
2026-10-05T11:45:00+05:30,Polonnaruwa_NorthCentral,31.9,169.38585556868884,908.0,0.32,12.91373725785408
2026-10-05T12:00:00+05:30,Polonnaruwa_NorthCentral,31.9,186.24733966330763,910.0,0.1,12.774748971390352
2026-10-05T12:15:00+05:30,Polonnaruwa_NorthCentral,31.8,202.12502244362145,896.0,0.35,13.697656211155206
2026-10-05T12:30:00+05:30,Polonnaruwa_NorthCentral,31.7,215.18423654485457,867.0,0.68,15.493840392583053
2026-10-05T12:45:00+05:30,Polonnaruwa_NorthCentral,31.6,225.16984098236915,828.0,1.06,17.902337096030976
2026-10-05T13:00:00+05:30,Polonnaruwa_NorthCentral,31.3,232.65515632649434,783.0,1.53,20.710597736500446
2026-10-05T13:15:00+05:30,Polonnaruwa_NorthCentral,31.1,238.31510299709083,735.0,1.96,23.777379175371465
2026-10-05T13:30:00+05:30,Polonnaruwa_NorthCentral,30.8,242.6808891089132,686.0,2.34,27.01476034633278
2026-10-05T13:45:00+05:30,Polonnaruwa_NorthCentral,30.6,246.12566474798513,633.0,2.61,30.36820793166858
2026-10-05T14:00:00+05:30,Polonnaruwa_NorthCentral,30.3,248.90412311995124,573.0,2.88,33.80317323025189
2026-10-05T14:15:00+05:30,Polonnaruwa_NorthCentral,30.0,251.1906440741294,504.0,3.04,37.29711607932229
2026-10-05T14:30:00+05:30,Polonnaruwa_NorthCentral,29.7,253.1064721597848,422.0,3.08,40.8348746941768
2026-10-05T14:45:00+05:30,Polonnaruwa_NorthCentral,29.3,254.73758235839972,341.0,2.97,44.40595169476418
2026-10-05T15:00:00+05:30,Polonnaruwa_NorthCentral,29.0,256.1462030279875,272.0,2.72,48.002884293912345
2026-10-05T15:15:00+05:30,Polonnaruwa_NorthCentral,28.6,257.3782806636974,224.0,2.41,51.62023892187181
2026-10-05T15:30:00+05:30,Polonnaruwa_NorthCentral,28.2,258.4683834558009,192.0,2.02,55.25397506990117
2026-10-05T15:45:00+05:30,Polonnaruwa_NorthCentral,27.8,259.44297881461614,168.0,1.6,58.90103003794378
2026-10-05T16:00:00+05:30,Polonnaruwa_NorthCentral,27.4,260.3226659188465,146.0,1.06,62.559041690018276
2026-10-05T16:15:00+05:30,Polonnaruwa_NorthCentral,26.9,261.1237255496736,123.0,0.52,66.22616052756163
2026-10-05T16:30:00+05:30,Polonnaruwa_NorthCentral,26.5,261.8592152814113,102.0,0.05,69.90091754966157
2026-10-05T16:45:00+05:30,Polonnaruwa_NorthCentral,26.2,262.5397575259149,82.0,0.38,73.58213023237865
2026-10-05T17:00:00+05:30,Polonnaruwa_NorthCentral,25.8,263.1741167874271,62.0,0.76,77.26883588917839
2026-10-05T17:15:00+05:30,Polonnaruwa_NorthCentral,25.5,263.7696295671929,42.0,1.08,80.9602414690773
2026-10-05T17:30:00+05:30,Polonnaruwa_NorthCentral,25.3,264.3325307076628,24.0,1.3,84.65568594432479
2026-10-05T17:45:00+05:30,Polonnaruwa_NorthCentral,25.1,264.8682064583455,10.0,1.41,88.35461316056707
2026-10-05T18:00:00+05:30,Polonnaruwa_NorthCentral,25.0,265.38139512450886,1.0,1.43,92.05654968346548
2026-10-05T18:15:00+05:30,Polonnaruwa_NorthCentral,25.0,265.87635114750447,0.0,1.39,95.76108734869261
2026-10-05T18:30:00+05:30,Polonnaruwa_NorthCentral,24.9,266.3569846567519,0.0,1.3,99.46787074250285
2026-10-05T18:45:00+05:30,Polonnaruwa_NorthCentral,24.9,266.8269856613643,0.0,1.21,103.17658568879244
2026-10-05T19:00:00+05:30,Polonnaruwa_NorthCentral,24.9,267.28994151276936,0.0,1.05,106.88694950690734
2026-10-05T19:15:00+05:30,Polonnaruwa_NorthCentral,25.0,267.7494560399466,0.0,0.89,110.59870394867222
2026-10-05T19:30:00+05:30,Polonnaruwa_NorthCentral,25.0,268.20927905792996,0.0,0.74,114.31160731724482
2026-10-05T19:45:00+05:30,Polonnaruwa_NorthCentral,25.1,268.6734576543881,0.0,0.6,118.02542675418671
2026-10-05T20:00:00+05:30,Polonnaruwa_NorthCentral,25.1,269.14652463383493,0.0,0.51,121.73993164106452
2026-10-05T20:15:00+05:30,Polonnaruwa_NorthCentral,25.1,269.63374584161795,0.0,0.43,125.45488441802632
2026-10-05T20:30:00+05:30,Polonnaruwa_NorthCentral,25.1,270.14146040855803,0.0,0.4,129.17002933662653
2026-10-05T20:45:00+05:30,Polonnaruwa_NorthCentral,25.1,270.6775683579272,0.0,0.4,132.88507914117974
2026-10-05T21:00:00+05:30,Polonnaruwa_NorthCentral,25.1,271.25225561684687,0.0,0.35,136.59969425223238
2026-10-05T21:15:00+05:30,Polonnaruwa_NorthCentral,25.1,271.8791136460211,0.0,0.35,140.31345176305572
2026-10-05T21:30:00+05:30,Polonnaruwa_NorthCentral,25.1,272.57693904843654,0.0,0.35,144.02579818061537
2026-10-05T21:45:00+05:30,Polonnaruwa_NorthCentral,25.1,273.37275698693827,0.0,0.35,147.7359684876278
2026-10-05T22:00:00+05:30,Polonnaruwa_NorthCentral,25.0,274.3071706276778,0.0,0.35,151.44284375496713
2026-10-05T22:15:00+05:30,Polonnaruwa_NorthCentral,25.0,275.4444312833985,0.0,0.3,155.14468495924262
2026-10-05T22:30:00+05:30,Polonnaruwa_NorthCentral,25.0,276.8928988860792,0.0,0.3,158.83858801007898
2026-10-05T22:45:00+05:30,Polonnaruwa_NorthCentral,25.0,278.8508574157705,0.0,0.3,162.51925676430824
2026-10-05T23:00:00+05:30,Polonnaruwa_NorthCentral,25.0,281.72312006954877,0.0,0.25,166.1758488880361
2026-10-05T23:15:00+05:30,Polonnaruwa_NorthCentral,25.0,286.4747786810408,0.0,0.25,169.78220283339908
2026-10-05T23:30:00+05:30,Polonnaruwa_NorthCentral,25.0,296.0060636878334,0.0,0.25,173.25691613894435
2026-10-05T23:45:00+05:30,Polonnaruwa_NorthCentral,24.8,322.1275205957768,0.0,0.27,176.21752445020837
2026-10-06T00:00:00+05:30,Polonnaruwa_NorthCentral,24.6,25.37909165697556,0.0,0.32,176.69572028592137
2026-10-06T00:15:00+05:30,Polonnaruwa_NorthCentral,24.4,60.17157261596219,0.0,0.39,174.05843622195084
2026-10-06T00:30:00+05:30,Polonnaruwa_NorthCentral,24.3,71.9631347946451,0.0,0.47,170.64815818959977
2026-10-06T00:45:00+05:30,Polonnaruwa_NorthCentral,24.2,77.47422203542573,0.0,0.51,167.06249145601362
2026-10-06T01:00:00+05:30,Polonnaruwa_NorthCentral,24.1,80.68036000144718,0.0,0.54,163.41495471764756
2026-10-06T01:15:00+05:30,Polonnaruwa_NorthCentral,24.0,82.81257896005019,0.0,0.54,159.73909830434718
2026-10-06T01:30:00+05:30,Polonnaruwa_NorthCentral,23.9,84.36306511761575,0.0,0.57,156.04813044342256
2026-10-06T01:45:00+05:30,Polonnaruwa_NorthCentral,23.8,85.56514373843652,0.0,0.57,152.34828497458057
2026-10-06T02:00:00+05:30,Polonnaruwa_NorthCentral,23.7,86.54335025787725,0.0,0.64,148.64289645675063
2026-10-06T02:15:00+05:30,Polonnaruwa_NorthCentral,23.7,87.37021713281882,0.0,0.64,144.93392402308473
2026-10-06T02:30:00+05:30,Polonnaruwa_NorthCentral,23.6,88.09093634093443,0.0,0.67,141.22260895268022
2026-10-06T02:45:00+05:30,Polonnaruwa_NorthCentral,23.5,88.73523959514341,0.0,0.71,137.50978906200777
2026-10-06T03:00:00+05:30,Polonnaruwa_NorthCentral,23.5,89.32360237903026,0.0,0.74,133.79606377071016
2026-10-06T03:15:00+05:30,Polonnaruwa_NorthCentral,23.4,89.87070162791576,0.0,0.74,130.08188653604648
2026-10-06T03:30:00+05:30,Polonnaruwa_NorthCentral,23.4,90.38744969452972,0.0,0.78,126.36761831757251
2026-10-06T03:45:00+05:30,Polonnaruwa_NorthCentral,23.4,90.8822469307546,0.0,0.78,122.6535621062899
2026-10-06T04:00:00+05:30,Polonnaruwa_NorthCentral,23.3,91.36178535493082,0.0,0.82,118.93998583801685
2026-10-06T04:15:00+05:30,Polonnaruwa_NorthCentral,23.3,91.83158445470133,0.0,0.79,115.22713701339276
2026-10-06T04:30:00+05:30,Polonnaruwa_NorthCentral,23.4,92.29636181844597,0.0,0.79,111.51525478077053
2026-10-06T04:45:00+05:30,Polonnaruwa_NorthCentral,23.4,92.76030003996692,0.0,0.79,107.80457967222716
2026-10-06T05:00:00+05:30,Polonnaruwa_NorthCentral,23.5,93.22724794082387,0.0,0.76,104.09536058812718
2026-10-06T05:15:00+05:30,Polonnaruwa_NorthCentral,23.6,93.70088017750913,0.0,0.76,100.38786277879407
2026-10-06T05:30:00+05:30,Polonnaruwa_NorthCentral,23.7,94.1848320084801,0.0,0.74,96.68237592365148
2026-10-06T05:45:00+05:30,Polonnaruwa_NorthCentral,23.9,94.68282144621583,0.0,0.72,92.97922133236159
2026-10-06T06:00:00+05:30,Polonnaruwa_NorthCentral,24.1,95.1987679367798,1.0,0.65,89.27876178411552
2026-10-06T06:15:00+05:30,Polonnaruwa_NorthCentral,24.4,95.73691615191063,24.0,0.57,85.5814130904323
2026-10-06T06:30:00+05:30,Polonnaruwa_NorthCentral,24.7,96.30197348676984,67.0,0.51,81.8876566133354
2026-10-06T06:45:00+05:30,Polonnaruwa_NorthCentral,25.0,96.89927017172681,120.0,0.45,78.19805663938683
2026-10-06T07:00:00+05:30,Polonnaruwa_NorthCentral,25.4,97.5349535201239,182.0,0.4,74.51328235545738
2026-10-06T07:15:00+05:30,Polonnaruwa_NorthCentral,25.7,98.21623129071253,244.0,0.34,70.83413465232763
2026-10-06T07:30:00+05:30,Polonnaruwa_NorthCentral,26.1,98.95168363058275,303.0,0.35,67.16158313451038
2026-10-06T07:45:00+05:30,Polonnaruwa_NorthCentral,26.5,99.75167168806502,358.0,0.4,63.49681529554899
2026-10-06T08:00:00+05:30,Polonnaruwa_NorthCentral,27.0,100.62888320551303,412.0,0.46,59.84130145318199
2026-10-06T08:15:00+05:30,Polonnaruwa_NorthCentral,27.4,101.59907295837462,465.0,0.55,56.196885932679024
2026-10-06T08:30:00+05:30,Polonnaruwa_NorthCentral,27.8,102.68208532092609,515.0,0.65,52.56591447200777
2026-10-06T08:45:00+05:30,Polonnaruwa_NorthCentral,28.2,103.90329140426252,561.0,0.76,48.951414168768125
2026-10-06T09:00:00+05:30,Polonnaruwa_NorthCentral,28.7,105.2956434169069,604.0,0.87,45.357357092146465
2026-10-06T09:15:00+05:30,Polonnaruwa_NorthCentral,29.1,106.90266479277267,645.0,0.93,41.78905181364718
2026-10-06T09:30:00+05:30,Polonnaruwa_NorthCentral,29.4,108.78288078635092,682.0,1.04,38.25373743091979
2026-10-06T09:45:00+05:30,Polonnaruwa_NorthCentral,29.8,111.01649038560208,715.0,1.15,34.76151230597777
2026-10-06T10:00:00+05:30,Polonnaruwa_NorthCentral,30.1,113.71554238354167,745.0,1.22,31.326821000790368
2026-10-06T10:15:00+05:30,Polonnaruwa_NorthCentral,30.4,117.03951285130739,771.0,1.33,27.970895562868172
2026-10-06T10:30:00+05:30,Polonnaruwa_NorthCentral,30.7,121.21872147666261,794.0,1.39,24.725856871162463
2026-10-06T10:45:00+05:30,Polonnaruwa_NorthCentral,30.9,126.58702918085788,813.0,1.44,21.641670706730494
2026-10-06T11:00:00+05:30,Polonnaruwa_NorthCentral,31.1,133.61697719914525,825.0,1.5,18.797704421058754
2026-10-06T11:15:00+05:30,Polonnaruwa_NorthCentral,31.2,142.9169318658822,827.0,1.49,16.32005161723245
2026-10-06T11:30:00+05:30,Polonnaruwa_NorthCentral,31.3,155.05804357003672,818.0,1.49,14.399084662730289
2026-10-06T11:45:00+05:30,Polonnaruwa_NorthCentral,31.3,170.0096379888048,803.0,1.47,13.278655312106338
2026-10-06T12:00:00+05:30,Polonnaruwa_NorthCentral,31.2,186.38864750167062,787.0,1.47,13.164777443265237
2026-10-06T12:15:00+05:30,Polonnaruwa_NorthCentral,31.1,201.81656366958833,774.0,1.39,14.081889511689454
2026-10-06T12:30:00+05:30,Polonnaruwa_NorthCentral,31.0,214.60125712125458,765.0,1.33,15.852039867742874
2026-10-06T12:45:00+05:30,Polonnaruwa_NorthCentral,30.9,224.4722174336421,754.0,1.27,18.22837292098002
2026-10-06T13:00:00+05:30,Polonnaruwa_NorthCentral,30.7,231.93505796606348,741.0,1.15,21.00614630487955
2026-10-06T13:15:00+05:30,Polonnaruwa_NorthCentral,30.4,237.6147558166875,724.0,1.1,24.046623928086618
2026-10-06T13:30:00+05:30,Polonnaruwa_NorthCentral,30.2,242.01621041304367,702.0,1.01,27.262031153765086
2026-10-06T13:45:00+05:30,Polonnaruwa_NorthCentral,29.9,245.50043279034483,678.0,0.93,30.597247491696805
2026-10-06T14:00:00+05:30,Polonnaruwa_NorthCentral,29.6,248.3169497086662,651.0,0.89,34.017029140634016
2026-10-06T14:15:00+05:30,Polonnaruwa_NorthCentral,29.3,250.63817389656114,622.0,0.86,37.49822382059168
2026-10-06T14:30:00+05:30,Polonnaruwa_NorthCentral,29.0,252.58479986435253,589.0,0.88,41.02517683006606
2026-10-06T14:45:00+05:30,Polonnaruwa_NorthCentral,28.7,254.24285402481362,555.0,0.94,44.58700612755409
2026-10-06T15:00:00+05:30,Polonnaruwa_NorthCentral,28.3,255.67484825613542,518.0,0.98,48.1759513554858
2026-10-06T15:15:00+05:30,Polonnaruwa_NorthCentral,28.0,256.92707937187333,479.0,1.09,51.78634845285844
2026-10-06T15:30:00+05:30,Polonnaruwa_NorthCentral,27.7,258.0344609759926,438.0,1.17,55.41397732951879
2026-10-06T15:45:00+05:30,Polonnaruwa_NorthCentral,27.4,259.02377223400504,395.0,1.25,59.05563428430415
2026-10-06T16:00:00+05:30,Polonnaruwa_NorthCentral,27.0,259.91588118392997,350.0,1.35,62.70884554628917
2026-10-06T16:15:00+05:30,Polonnaruwa_NorthCentral,26.7,260.727293895903,303.0,1.45,66.37167251645593
2026-10-06T16:30:00+05:30,Polonnaruwa_NorthCentral,26.5,261.4712523890595,257.0,1.56,70.04257455614605
2026-10-06T16:45:00+05:30,Polonnaruwa_NorthCentral,26.2,262.15852640786113,210.0,1.67,73.72031118654733
2026-10-06T17:00:00+05:30,Polonnaruwa_NorthCentral,26.0,262.79799431483343,160.0,1.73,77.40387261395983
2026-10-06T17:15:00+05:30,Polonnaruwa_NorthCentral,25.8,263.3970760487967,110.0,1.78,81.09242739992915
2026-10-06T17:30:00+05:30,Polonnaruwa_NorthCentral,25.6,263.9620617386808,62.0,1.84,84.78528323657146
2026-10-06T17:45:00+05:30,Polonnaruwa_NorthCentral,25.5,264.49836617175185,24.0,1.84,88.48185858901547
2026-10-06T18:00:00+05:30,Polonnaruwa_NorthCentral,25.4,265.01072991811685,2.0,1.86,92.18165963270107
2026-10-06T18:15:00+05:30,Polonnaruwa_NorthCentral,25.3,265.5033828978479,0.0,1.86,95.88426214481818
2026-10-06T18:30:00+05:30,Polonnaruwa_NorthCentral,25.2,265.9801823141629,0.0,1.86,99.58929852506331
2026-10-06T18:45:00+05:30,Polonnaruwa_NorthCentral,25.1,266.44473393498066,0.0,1.86,103.29644600094232
2026-10-06T19:00:00+05:30,Polonnaruwa_NorthCentral,25.0,266.90050506233473,0.0,1.81,107.00541677018235
2026-10-06T19:15:00+05:30,Polonnaruwa_NorthCentral,25.0,267.3509371407184,0.0,1.81,110.71595098948595
2026-10-06T19:30:00+05:30,Polonnaruwa_NorthCentral,24.9,267.79956603795915,0.0,1.76,114.42780913972858
2026-10-06T19:45:00+05:30,Polonnaruwa_NorthCentral,24.9,268.2501603915405,0.0,1.71,118.14076478849724
2026-10-06T20:00:00+05:30,Polonnaruwa_NorthCentral,24.8,268.70689185826643,0.0,1.65,121.8545987674791
2026-10-06T20:15:00+05:30,Polonnaruwa_NorthCentral,24.8,269.17455663177986,0.0,1.6,125.56909119185676
2026-10-06T20:30:00+05:30,Polonnaruwa_NorthCentral,24.8,269.65887854151833,0.0,1.54,129.28401202350472
2026-10-06T20:45:00+05:30,Polonnaruwa_NorthCentral,24.8,270.16694215737743,0.0,1.49,132.9991104903968
2026-10-06T21:00:00+05:30,Polonnaruwa_NorthCentral,24.7,270.70783598882144,0.0,1.43,136.7140984687114
2026-10-06T21:15:00+05:30,Polonnaruwa_NorthCentral,24.7,271.29364589193534,0.0,1.32,140.4286260624688
2026-10-06T21:30:00+05:30,Polonnaruwa_NorthCentral,24.7,271.94105357953566,0.0,1.27,144.14224499916614
2026-10-06T21:45:00+05:30,Polonnaruwa_NorthCentral,24.7,272.6740274705732,0.0,1.22,147.85434560093873
2026-10-06T22:00:00+05:30,Polonnaruwa_NorthCentral,24.7,273.5285974715989,0.0,1.12,151.5640459658399
2026-10-06T22:15:00+05:30,Polonnaruwa_NorthCentral,24.7,274.56187966416405,0.0,1.06,155.26998477807302
2026-10-06T22:30:00+05:30,Polonnaruwa_NorthCentral,24.7,275.87051719756334,0.0,1.01,158.96989479725409
2026-10-06T22:45:00+05:30,Polonnaruwa_NorthCentral,24.7,277.63232021536555,0.0,0.96,162.65963640117945
2026-10-06T23:00:00+05:30,Polonnaruwa_NorthCentral,24.6,280.2136522541301,0.0,0.91,166.33068734727408
2026-10-06T23:15:00+05:30,Polonnaruwa_NorthCentral,24.6,284.5029056313954,0.0,0.91,169.9622189798904
2026-10-06T23:30:00+05:30,Polonnaruwa_NorthCentral,24.6,293.2729845404185,0.0,0.86,173.48744514902393
2026-10-06T23:45:00+05:30,Polonnaruwa_NorthCentral,24.5,319.1904118391172,0.0,0.81,176.56171949198213
2026-10-07T00:00:00+05:30,Polonnaruwa_NorthCentral,24.5,29.778370249442787,0.0,0.81,177.0027747911383
2026-10-07T00:15:00+05:30,Polonnaruwa_NorthCentral,24.4,63.80152280992138,0.0,0.81,174.17783072468734
2026-10-07T00:30:00+05:30,Polonnaruwa_NorthCentral,24.4,74.35488903162934,0.0,0.76,170.69609730396508
2026-10-07T00:45:00+05:30,Polonnaruwa_NorthCentral,24.3,79.21843283633672,0.0,0.71,167.07813654639995
2026-10-07T01:00:00+05:30,Polonnaruwa_NorthCentral,24.2,82.04858148577267,0.0,0.72,163.41301141487975
2026-10-07T01:15:00+05:30,Polonnaruwa_NorthCentral,24.1,83.93945373787079,0.0,0.67,159.72645828902913
2026-10-07T01:30:00+05:30,Polonnaruwa_NorthCentral,24.0,85.32347317861041,0.0,0.63,156.02854511862287
2026-10-07T01:45:00+05:30,Polonnaruwa_NorthCentral,23.9,86.40464830225085,0.0,0.6,152.3240194210132
2026-10-07T02:00:00+05:30,Polonnaruwa_NorthCentral,23.9,87.29163944252372,0.0,0.6,148.61542651816626
2026-10-07T02:15:00+05:30,Polonnaruwa_NorthCentral,23.8,88.04769113246283,0.0,0.58,144.90426984582913
2026-10-07T02:30:00+05:30,Polonnaruwa_NorthCentral,23.7,88.71222091583343,0.0,0.58,141.1915105212992
2026-10-07T02:45:00+05:30,Polonnaruwa_NorthCentral,23.7,89.3111923416248,0.0,0.54,137.4778056890768
2026-10-07T03:00:00+05:30,Polonnaruwa_NorthCentral,23.6,89.86252385861667,0.0,0.57,133.76363395731238
2026-10-07T03:15:00+05:30,Polonnaruwa_NorthCentral,23.6,90.37910100192187,0.0,0.53,130.0493658308758
2026-10-07T03:30:00+05:30,Polonnaruwa_NorthCentral,23.6,90.87054796822162,0.0,0.53,126.3353043116866
2026-10-07T03:45:00+05:30,Polonnaruwa_NorthCentral,23.6,91.3443190572259,0.0,0.53,122.62171159605435
2026-10-07T04:00:00+05:30,Polonnaruwa_NorthCentral,23.5,91.80639980619708,0.0,0.49,118.90882705483261
2026-10-07T04:15:00+05:30,Polonnaruwa_NorthCentral,23.5,92.26177556808494,0.0,0.49,115.1968786678272
2026-10-07T04:30:00+05:30,Polonnaruwa_NorthCentral,23.6,92.71475696542552,0.0,0.49,111.48609302032095
2026-10-07T04:45:00+05:30,Polonnaruwa_NorthCentral,23.6,93.16921580931563,0.0,0.49,107.77670366874453
2026-10-07T05:00:00+05:30,Polonnaruwa_NorthCentral,23.7,93.62876474599716,0.0,0.46,104.06895724263799
2026-10-07T05:15:00+05:30,Polonnaruwa_NorthCentral,23.8,94.09690171768693,0.0,0.43,100.36312089508182
2026-10-07T05:30:00+05:30,Polonnaruwa_NorthCentral,24.0,94.57713409867938,0.0,0.4,96.65949010865884
2026-10-07T05:45:00+05:30,Polonnaruwa_NorthCentral,24.2,95.07309349531653,0.0,0.38,92.95839585094956
2026-10-07T06:00:00+05:30,Polonnaruwa_NorthCentral,24.4,95.58864955781758,1.0,0.35,89.26021455463069
2026-10-07T06:15:00+05:30,Polonnaruwa_NorthCentral,24.6,96.12803087299847,24.0,0.4,85.56538001810466
2026-10-07T06:30:00+05:30,Polonnaruwa_NorthCentral,24.9,96.69596122629844,67.0,0.43,81.87439646325788
2026-10-07T06:45:00+05:30,Polonnaruwa_NorthCentral,25.2,97.29781998462727,122.0,0.47,78.18785669144827
2026-10-07T07:00:00+05:30,Polonnaruwa_NorthCentral,25.6,97.93983808711545,185.0,0.57,74.50646512993927
2026-10-07T07:15:00+05:30,Polonnaruwa_NorthCentral,26.0,98.62934469783409,249.0,0.67,70.83106608235933
2026-10-07T07:30:00+05:30,Polonnaruwa_NorthCentral,26.4,99.37508415758316,309.0,0.79,67.16268266517328
2026-10-07T07:45:00+05:30,Polonnaruwa_NorthCentral,26.8,100.18763159041464,367.0,0.92,63.50256857283746
2026-10-07T08:00:00+05:30,Polonnaruwa_NorthCentral,27.2,101.07994783650923,422.0,1.07,59.85227649201234
2026-10-07T08:15:00+05:30,Polonnaruwa_NorthCentral,27.6,102.06813196121647,476.0,1.21,56.21375400439847
2026-10-07T08:30:00+05:30,Polonnaruwa_NorthCentral,28.1,103.17245893368295,528.0,1.37,52.58947745150475
2026-10-07T08:45:00+05:30,Polonnaruwa_NorthCentral,28.5,104.41883484103187,576.0,1.52,48.98264081339708
2026-10-07T09:00:00+05:30,Polonnaruwa_NorthCentral,28.9,105.84087100647662,620.0,1.62,45.39743178372719
2026-09-30T09:15:00+05:30,Matara_Southern,29.5,101.00045232518494,640.0,4.62,41.610100100275154
2026-09-30T09:30:00+05:30,Matara_Southern,29.7,102.30061275308901,686.0,4.68,37.956912375191024
2026-09-30T09:45:00+05:30,Matara_Southern,29.8,103.85241198482032,729.0,4.79,34.323604108412205
2026-09-30T10:00:00+05:30,Matara_Southern,29.9,105.74366899157201,768.0,4.92,30.7172585628145
2026-09-30T10:15:00+05:30,Matara_Southern,30.0,108.10610134596811,798.0,5.07,27.148650037998678
2026-09-30T10:30:00+05:30,Matara_Southern,30.1,111.1449295026539,820.0,5.19,23.634905314261886
2026-09-30T10:45:00+05:30,Matara_Southern,30.2,115.19345172844908,836.0,5.3,20.204695646065815
2026-09-30T11:00:00+05:30,Matara_Southern,30.3,120.81542911488424,847.0,5.4,16.908962735378353
2026-09-30T11:15:00+05:30,Matara_Southern,30.4,128.9877073721023,855.0,5.51,13.844108917083744
2026-09-30T11:30:00+05:30,Matara_Southern,30.4,141.32526515492538,858.0,5.56,11.201307008229733
2026-09-30T11:45:00+05:30,Matara_Southern,30.2,159.72494520148143,858.0,5.61,9.345757467060253
2026-09-30T12:00:00+05:30,Matara_Southern,30.0,183.4079394322935,856.0,5.65,8.79097762983011
2026-09-30T12:15:00+05:30,Matara_Southern,29.8,206.03020398204424,857.0,5.69,9.761334925881698
2026-09-30T12:30:00+05:30,Matara_Southern,29.7,222.5829413905916,860.0,5.73,11.889079193412655
2026-09-30T12:45:00+05:30,Matara_Southern,29.7,233.53857824137197,862.0,5.76,14.679260014723994
2026-09-30T13:00:00+05:30,Matara_Southern,29.9,240.85572404635758,860.0,5.8,17.82342995072564
2026-09-30T13:15:00+05:30,Matara_Southern,30.0,245.95487444126536,852.0,5.84,21.164394123947716
2026-09-30T13:30:00+05:30,Matara_Southern,30.1,249.67208556087354,842.0,5.88,24.62215909185656
2026-09-30T13:45:00+05:30,Matara_Southern,30.1,252.49143337669062,826.0,5.93,28.153705919256332
2026-09-30T14:00:00+05:30,Matara_Southern,30.1,254.7022261142225,800.0,5.93,31.734394943810806
2026-09-30T14:15:00+05:30,Matara_Southern,30.0,256.4847368483483,760.0,5.99,35.349278132576345
2026-09-30T14:30:00+05:30,Matara_Southern,29.9,257.95596802600977,705.0,5.93,38.98882668852819
2026-09-30T14:45:00+05:30,Matara_Southern,29.7,259.19470480323355,644.0,5.81,42.6467067772674
2026-09-30T15:00:00+05:30,Matara_Southern,29.6,260.2557482398122,585.0,5.6,46.31855543309749
2026-09-30T15:15:00+05:30,Matara_Southern,29.4,261.1783184564073,534.0,5.46,50.00127394495281
2026-09-30T15:30:00+05:30,Matara_Southern,29.2,261.9911991406989,490.0,5.34,53.6926037212491
2026-09-30T15:45:00+05:30,Matara_Southern,29.1,262.7159924661602,445.0,5.25,57.390860186544074
2026-09-30T16:00:00+05:30,Matara_Southern,29.0,263.36924123018,398.0,5.18,61.09476085050164
2026-09-30T16:15:00+05:30,Matara_Southern,28.9,263.9638505579823,345.0,5.17,64.80331242572075
2026-09-30T16:30:00+05:30,Matara_Southern,28.8,264.5100636760425,291.0,5.07,68.51573274215352
2026-09-30T16:45:00+05:30,Matara_Southern,28.6,265.0161472137794,237.0,4.97,72.23139615432758
2026-09-30T17:00:00+05:30,Matara_Southern,28.3,265.48888315438245,183.0,4.87,75.94979603124452
2026-09-30T17:15:00+05:30,Matara_Southern,28.1,265.93392919928937,132.0,4.73,79.6705163154056
2026-09-30T17:30:00+05:30,Matara_Southern,27.8,266.3560887019595,83.0,4.53,83.39321037011256
2026-09-30T17:45:00+05:30,Matara_Southern,27.6,266.75951790016745,41.0,4.31,87.11758643158278
2026-09-30T18:00:00+05:30,Matara_Southern,27.5,267.14788921969296,9.0,3.99,90.84339519262662
2026-09-30T18:15:00+05:30,Matara_Southern,27.3,267.5245245654693,0.0,3.75,94.57041996724705
2026-09-30T18:30:00+05:30,Matara_Southern,27.2,267.8925090393888,0.0,3.53,98.2984702006019
2026-09-30T18:45:00+05:30,Matara_Southern,27.0,268.25479302791206,0.0,3.37,102.02737477137464
2026-09-30T19:00:00+05:30,Matara_Southern,26.9,268.6142900606939,0.0,3.21,105.75697615443706
2026-09-30T19:15:00+05:30,Matara_Southern,26.8,268.97397768525457,0.0,3.13,109.48712658414271
2026-09-30T19:30:00+05:30,Matara_Southern,26.7,269.33700896466456,0.0,3.06,113.21768288344049
2026-09-30T19:45:00+05:30,Matara_Southern,26.6,269.7068445590203,0.0,3.02,116.94850110530557
2026-09-30T20:00:00+05:30,Matara_Southern,26.5,270.0874188828036,0.0,3.04,120.6794320781052
2026-09-30T20:15:00+05:30,Matara_Southern,26.4,270.48335944191706,0.0,3.07,124.41031428848625
2026-09-30T20:30:00+05:30,Matara_Southern,26.3,270.90028912977897,0.0,3.1,128.1409648039053
2026-09-30T20:45:00+05:30,Matara_Southern,26.3,271.34525889045443,0.0,3.08,131.87116848363894
2026-09-30T21:00:00+05:30,Matara_Southern,26.2,271.82738866854083,0.0,3.05,135.60066043439664
2026-09-30T21:15:00+05:30,Matara_Southern,26.2,272.35885153380065,0.0,3.03,139.32909971469627
2026-09-30T21:30:00+05:30,Matara_Southern,26.1,272.9564434665949,0.0,3.0,143.0560295122856
2026-09-30T21:45:00+05:30,Matara_Southern,26.1,273.64419562202283,0.0,3.05,146.78080893932113
2026-09-30T22:00:00+05:30,Matara_Southern,26.0,274.4579422919469,0.0,3.07,150.50249423839554
2026-09-30T22:15:00+05:30,Matara_Southern,25.9,275.4537959947211,0.0,3.1,154.21962004109457
2026-09-30T22:30:00+05:30,Matara_Southern,25.8,276.72505639022035,0.0,3.15,157.92975911457958
2026-09-30T22:45:00+05:30,Matara_Southern,25.8,278.4391976040473,0.0,3.12,161.62855480006755
2026-09-30T23:00:00+05:30,Matara_Southern,25.8,280.9291312353733,0.0,3.09,165.30731415344303
2026-09-30T23:15:00+05:30,Matara_Southern,25.8,284.9585602738113,0.0,3.04,168.94588757478726
2026-09-30T23:30:00+05:30,Matara_Southern,25.7,292.69576632301516,0.0,3.02,172.48553421480608
2026-09-30T23:45:00+05:30,Matara_Southern,25.6,312.5494407593859,0.0,2.98,175.67591827155078
2026-10-01T00:00:00+05:30,Matara_Southern,25.5,10.859432387556694,0.0,2.96,177.01915814030474
2026-10-01T00:15:00+05:30,Matara_Southern,25.4,55.969234930045104,0.0,2.93,174.80093867413746
2026-10-01T00:30:00+05:30,Matara_Southern,25.3,70.38789736537387,0.0,2.95,171.4483184004286
2026-10-01T00:45:00+05:30,Matara_Southern,25.2,76.60931519544613,0.0,3.06,167.86794058309522
2026-10-01T01:00:00+05:30,Matara_Southern,25.2,80.05155690347885,0.0,3.18,164.21409836463795
2026-10-01T01:15:00+05:30,Matara_Southern,25.2,82.25925959757006,0.0,3.3,160.5281846674684
2026-10-01T01:30:00+05:30,Matara_Southern,25.2,83.81783220251117,0.0,3.37,156.82558269522585
2026-10-01T01:45:00+05:30,Matara_Southern,25.2,84.99511975154962,0.0,3.31,153.11327616333364
2026-10-01T02:00:00+05:30,Matara_Southern,25.1,85.93050466190869,0.0,3.19,149.39489040659478
2026-10-01T02:15:00+05:30,Matara_Southern,25.1,86.70360599154748,0.0,3.06,145.67249955974123
2026-10-01T02:30:00+05:30,Matara_Southern,25.0,87.36324763520975,0.0,2.94,141.94738304730825
2026-10-01T02:45:00+05:30,Matara_Southern,25.0,87.94110341108302,0.0,2.84,138.2203790773965
2026-10-01T03:00:00+05:30,Matara_Southern,24.9,88.45869776927174,0.0,2.77,134.49206658566806
2026-10-01T03:15:00+05:30,Matara_Southern,24.8,88.931251193805,0.0,2.66,130.76286535140412
2026-10-01T03:30:00+05:30,Matara_Southern,24.7,89.369914173663,0.0,2.59,127.03309296859737
2026-10-01T03:45:00+05:30,Matara_Southern,24.7,89.78312750187217,0.0,2.55,123.30300083765066
2026-10-01T04:00:00+05:30,Matara_Southern,24.6,90.1774854291163,0.0,2.55,119.5727974162841
2026-10-01T04:15:00+05:30,Matara_Southern,24.6,90.55830425123605,0.0,2.58,115.8426624947949
2026-10-01T04:30:00+05:30,Matara_Southern,24.6,90.93001012849902,0.0,2.52,112.11275845129262
2026-10-01T04:45:00+05:30,Matara_Southern,24.6,91.29641337902422,0.0,2.33,108.38323875028061
2026-10-01T05:00:00+05:30,Matara_Southern,24.6,91.66091035465945,0.0,2.09,104.654253277754
2026-10-01T05:15:00+05:30,Matara_Southern,24.7,92.02663863979137,0.0,1.81,100.92595423569952
2026-10-01T05:30:00+05:30,Matara_Southern,24.7,92.39660301771124,0.0,1.73,97.19850160683025
2026-10-01T05:45:00+05:30,Matara_Southern,24.7,92.77378448952464,0.0,1.78,93.47206709383589
2026-10-01T06:00:00+05:30,Matara_Southern,24.7,93.16124123425038,0.0,1.84,89.7468398812324
2026-10-01T06:15:00+05:30,Matara_Southern,24.7,93.5622093070391,13.0,1.97,86.02303308439127
2026-10-01T06:30:00+05:30,Matara_Southern,24.8,93.98021042900774,38.0,2.03,82.30088978264739
2026-10-01T06:45:00+05:30,Matara_Southern,25.1,94.41917418361908,67.0,2.06,78.58069213160118
2026-10-01T07:00:00+05:30,Matara_Southern,25.4,94.88358374840448,100.0,2.02,74.86277270078796
2026-10-01T07:15:00+05:30,Matara_Southern,25.8,95.37865684637,136.0,2.05,71.14752742441502
2026-10-01T07:30:00+05:30,Matara_Southern,26.2,95.91057711534006,179.0,2.09,67.43543440570039
2026-10-01T07:45:00+05:30,Matara_Southern,26.6,96.48679795049469,227.0,2.16,63.72707886372474
2026-10-01T08:00:00+05:30,Matara_Southern,27.1,97.11645090443017,275.0,2.3,60.023185391658046
2026-10-01T08:15:00+05:30,Matara_Southern,27.6,97.81090572427951,316.0,2.46,56.32466450760464
2026-10-01T08:30:00+05:30,Matara_Southern,28.0,98.58455480008968,345.0,2.62,52.632678181618935
2026-10-01T08:45:00+05:30,Matara_Southern,28.3,99.4559361194253,369.0,2.86,48.948732636762095
2026-10-01T09:00:00+05:30,Matara_Southern,28.6,100.4493770331103,396.0,3.07,45.2748173118336
2026-10-01T09:15:00+05:30,Matara_Southern,28.8,101.59746107564268,440.0,3.29,41.613615151733555
2026-10-01T09:30:00+05:30,Matara_Southern,29.1,102.94483224170051,502.0,3.4,37.96882894754489
2026-10-01T09:45:00+05:30,Matara_Southern,29.5,104.55423813944367,575.0,3.43,34.34570970697331
2026-10-01T10:00:00+05:30,Matara_Southern,30.0,106.51644856577838,646.0,3.34,30.75194107743082
2026-10-01T10:15:00+05:30,Matara_Southern,30.4,108.96711367292642,702.0,3.25,27.199183081196814
2026-10-01T10:30:00+05:30,Matara_Southern,30.7,112.11643935081582,749.0,3.14,23.705904627449513
2026-10-01T10:45:00+05:30,Matara_Southern,30.9,116.30298390264858,788.0,3.05,20.30285427586483
2026-10-01T11:00:00+05:30,Matara_Southern,31.0,122.09175285377245,818.0,2.96,17.04418537329137
2026-10-01T11:15:00+05:30,Matara_Southern,31.0,130.43948876352624,840.0,2.9,14.030880744689327
2026-10-01T11:30:00+05:30,Matara_Southern,30.9,142.86216948200865,851.0,3.04,11.458204088574547
2026-10-01T11:45:00+05:30,Matara_Southern,30.5,160.97606698664265,853.0,3.3,9.68395811378359
2026-10-01T12:00:00+05:30,Matara_Southern,29.8,183.77431292292144,847.0,3.71,9.183223669173216
2026-10-01T12:15:00+05:30,Matara_Southern,29.2,205.484348784807,835.0,4.07,10.146335643367408
2026-10-01T12:30:00+05:30,Matara_Southern,28.8,221.63363421753556,816.0,4.39,12.232273755132411
2026-10-01T12:45:00+05:30,Matara_Southern,28.8,232.52545384626742,790.0,4.52,14.979069733888394
2026-10-01T13:00:00+05:30,Matara_Southern,28.9,239.8986367783786,759.0,4.61,18.088110782991023
2026-10-01T13:15:00+05:30,Matara_Southern,29.1,245.08105014101363,724.0,4.62,21.40209452802057
2026-10-01T13:30:00+05:30,Matara_Southern,29.1,248.87920426670738,684.0,4.54,24.839113282658147
2026-10-01T13:45:00+05:30,Matara_Southern,28.9,251.76950171861438,641.0,4.33,28.354445835650523
2026-10-01T14:00:00+05:30,Matara_Southern,28.5,254.04044569272506,597.0,4.0,31.922215113030134
2026-10-01T14:15:00+05:30,Matara_Southern,28.2,255.8734431950145,553.0,3.65,35.52661069943203
2026-10-01T14:30:00+05:30,Matara_Southern,27.9,257.3869936486399,512.0,3.3,39.157502591045464
2026-10-01T14:45:00+05:30,Matara_Southern,27.6,258.6612671152093,470.0,3.01,42.80813189715724
2026-10-01T15:00:00+05:30,Matara_Southern,27.4,259.75222397040193,423.0,2.7,46.47382963196238
2026-10-01T15:15:00+05:30,Matara_Southern,27.2,260.7000193308543,368.0,2.47,50.15127262072846
2026-10-01T15:30:00+05:30,Matara_Southern,27.0,261.53418018969126,302.0,2.32,53.83803469035986
2026-10-01T15:45:00+05:30,Matara_Southern,26.8,262.276896654147,239.0,2.21,57.532304120960866
2026-10-01T16:00:00+05:30,Matara_Southern,26.5,262.945175819561,190.0,2.17,61.232700558532414
2026-10-01T16:15:00+05:30,Matara_Southern,26.2,263.55228899358167,160.0,2.15,64.93815444298254
2026-10-01T16:30:00+05:30,Matara_Southern,26.0,264.10876723750016,144.0,2.15,68.64782352961747
2026-10-01T16:45:00+05:30,Matara_Southern,25.8,264.6231016928988,131.0,2.24,72.36103445772345
2026-10-01T17:00:00+05:30,Matara_Southern,25.8,265.102246793837,114.0,2.31,76.07724246801399
2026-10-01T17:15:00+05:30,Matara_Southern,25.7,265.55198892667715,89.0,2.42,79.79600094592502
2026-10-01T17:30:00+05:30,Matara_Southern,25.6,265.977222307897,62.0,2.4,83.51693878246896
2026-10-01T17:45:00+05:30,Matara_Southern,25.5,266.38216024807383,34.0,2.22,87.23974474124834
2026-10-01T18:00:00+05:30,Matara_Southern,25.4,266.77050085818473,7.0,2.02,90.96415424297729
2026-10-01T18:15:00+05:30,Matara_Southern,25.3,267.1455612826621,0.0,1.85,94.68993896674075
2026-10-01T18:30:00+05:30,Matara_Southern,25.2,267.5103909429464,0.0,1.73,98.41689997917874
2026-10-01T18:45:00+05:30,Matara_Southern,25.1,267.8678716664616,0.0,1.72,102.14486081745632
2026-10-01T19:00:00+05:30,Matara_Southern,25.1,268.2208119046031,0.0,1.81,105.87366158163935
2026-10-01T19:15:00+05:30,Matara_Southern,25.1,268.5720419192483,0.0,1.88,109.60315517996372
2026-10-01T19:30:00+05:30,Matara_Southern,25.1,268.9245169646174,0.0,1.92,113.3332024075694
2026-10-01T19:45:00+05:30,Matara_Southern,25.1,269.2814375229841,0.0,1.92,117.06366705188765
2026-10-01T20:00:00+05:30,Matara_Southern,25.1,269.64639869176654,0.0,1.88,120.79441216377546
2026-10-01T20:15:00+05:30,Matara_Southern,25.0,270.02358569254176,0.0,1.84,124.52529404970234
2026-10-01T20:30:00+05:30,Matara_Southern,25.0,270.41804191247024,0.0,1.84,128.25615484619328
2026-10-01T20:45:00+05:30,Matara_Southern,24.9,270.8360514714303,0.0,1.89,131.9868142066628
2026-10-01T21:00:00+05:30,Matara_Southern,24.8,271.28570533297284,0.0,1.98,135.71705552102222
2026-10-01T21:15:00+05:30,Matara_Southern,24.7,271.7777706636747,0.0,2.11,139.44660547228116
2026-10-01T21:30:00+05:30,Matara_Southern,24.6,272.32707910190896,0.0,2.17,143.17510360078884
2026-10-01T21:45:00+05:30,Matara_Southern,24.6,272.95484140787414,0.0,2.19,146.9020497170392
2026-10-01T22:00:00+05:30,Matara_Southern,24.5,273.69270629533474,0.0,2.21,150.62671231194776
2026-10-01T22:15:00+05:30,Matara_Southern,24.4,274.59031996365235,0.0,2.19,154.34795993537458
2026-10-01T22:30:00+05:30,Matara_Southern,24.4,275.73048937968935,0.0,2.13,158.06391984950858
2026-10-01T22:45:00+05:30,Matara_Southern,24.3,277.26260905909265,0.0,2.02,161.77122330154356
2026-10-01T23:00:00+05:30,Matara_Southern,24.3,279.48612988329455,0.0,1.9,165.46311036712467
2026-10-01T23:15:00+05:30,Matara_Southern,24.3,283.09825152437395,0.0,1.75,169.12373021203558
2026-10-01T23:30:00+05:30,Matara_Southern,24.3,290.14116533441296,0.0,1.7,172.7057030186806
2026-10-01T23:45:00+05:30,Matara_Southern,24.3,309.2651957914454,0.0,1.77,175.99211783978765
2026-10-02T00:00:00+05:30,Matara_Southern,24.3,14.191885166105067,0.0,1.83,177.38028710280634
2026-10-02T00:15:00+05:30,Matara_Southern,24.3,60.118147938192294,0.0,1.95,174.93977149860015
2026-10-02T00:30:00+05:30,Matara_Southern,24.3,73.03785703418487,0.0,2.01,171.4975768325897
2026-10-02T00:45:00+05:30,Matara_Southern,24.3,78.49353302868332,0.0,2.01,167.87906776332073
2026-10-02T01:00:00+05:30,Matara_Southern,24.3,81.50627240994248,0.0,1.97,164.20504119479375
2026-10-02T01:15:00+05:30,Matara_Southern,24.2,83.44474002999829,0.0,1.88,160.5069511420491
2026-10-02T01:30:00+05:30,Matara_Southern,24.2,84.8206146097499,0.0,1.84,156.79639293355132
2026-10-02T01:45:00+05:30,Matara_Southern,24.2,85.86674813423963,0.0,1.79,153.0786195028077
2026-10-02T02:00:00+05:30,Matara_Southern,24.2,86.70403384642071,0.0,1.68,149.35635922982783
2026-10-02T02:15:00+05:30,Matara_Southern,24.2,87.4014723488653,0.0,1.61,145.63117720371315
2026-10-02T02:30:00+05:30,Matara_Southern,24.2,88.00138018387776,0.0,1.5,141.90404365452957
2026-10-02T02:45:00+05:30,Matara_Southern,24.2,88.53123292963568,0.0,1.41,138.17559897026922
2026-10-02T03:00:00+05:30,Matara_Southern,24.2,89.00973232431306,0.0,1.27,134.4462903395456
2026-10-02T03:15:00+05:30,Matara_Southern,24.1,89.45013622941678,0.0,1.17,130.71644706310457
2026-10-02T03:30:00+05:30,Matara_Southern,24.1,89.86219266800413,0.0,1.04,126.98632318117443
2026-10-02T03:45:00+05:30,Matara_Southern,23.9,90.25331778582336,0.0,0.81,123.2561247967072
2026-10-02T04:00:00+05:30,Matara_Southern,23.7,90.6293439770044,0.0,0.55,119.5260279021152
2026-10-02T04:15:00+05:30,Matara_Southern,23.5,90.99501361041536,0.0,0.35,115.79618915215353
2026-10-02T04:30:00+05:30,Matara_Southern,23.4,91.3543168609686,0.0,0.35,112.06675481905367
2026-10-02T04:45:00+05:30,Matara_Southern,23.4,91.71073191309995,0.0,0.68,108.33786776168186
2026-10-02T05:00:00+05:30,Matara_Southern,23.5,92.06740322415328,0.0,1.23,104.6096717475363
2026-10-02T05:15:00+05:30,Matara_Southern,23.6,92.42728023401781,0.0,1.84,100.88231669767191
2026-10-02T05:30:00+05:30,Matara_Southern,23.6,92.79323182790995,0.0,2.2,97.15596376356326
2026-10-02T05:45:00+05:30,Matara_Southern,23.7,93.16814747016139,0.0,2.19,93.43078909076472
2026-10-02T06:00:00+05:30,Matara_Southern,23.7,93.55503302771314,0.0,1.93,89.70698958593304
2026-10-02T06:15:00+05:30,Matara_Southern,23.7,93.95710853359162,17.0,1.7,85.98478953413452
2026-10-02T06:30:00+05:30,Matara_Southern,23.9,94.37791493837437,53.0,1.51,82.26444697870365
2026-10-02T06:45:00+05:30,Matara_Southern,24.2,94.82143704568836,99.0,1.46,78.54626336975853
2026-10-02T07:00:00+05:30,Matara_Southern,24.6,95.29225180096694,154.0,1.47,74.83059567728797
2026-10-02T07:15:00+05:30,Matara_Southern,25.0,95.79571383074881,212.0,1.46,71.11787041777822
2026-10-02T07:30:00+05:30,Matara_Southern,25.4,96.33819382767382,271.0,1.38,67.40860392257757
2026-10-02T07:45:00+05:30,Matara_Southern,25.8,96.9273924755015,332.0,1.19,63.70342929608661
2026-10-02T08:00:00+05:30,Matara_Southern,26.2,97.57276297507406,393.0,0.94,60.003131430500005
2026-10-02T08:15:00+05:30,Matara_Southern,26.7,98.28609066857632,453.0,0.68,56.30869738606783
2026-10-02T08:30:00+05:30,Matara_Southern,27.1,99.08230461956941,513.0,0.5,52.621387305804745
2026-10-02T08:45:00+05:30,Matara_Southern,27.5,99.98063826496559,569.0,0.51,48.94283492384826
2026-10-02T09:00:00+05:30,Matara_Southern,28.0,101.00632571914991,620.0,0.61,45.275197753522306
2026-10-02T09:15:00+05:30,Matara_Southern,28.4,102.19314187042784,663.0,0.76,41.62138407038077
2026-10-02T09:30:00+05:30,Matara_Southern,28.7,103.58730805971084,695.0,0.97,37.9854046198519
2026-10-02T09:45:00+05:30,Matara_Southern,29.0,105.25367144633822,719.0,1.2,34.372940450041284
2026-10-02T10:00:00+05:30,Matara_Southern,29.3,107.28579133787889,737.0,1.43,30.79229008141028
2026-10-02T10:15:00+05:30,Matara_Southern,29.5,109.82294930758303,754.0,1.68,27.256014830642258
2026-10-02T10:30:00+05:30,Matara_Southern,29.6,113.07975011163808,766.0,1.97,23.783936395604286
2026-10-02T10:45:00+05:30,Matara_Southern,29.4,117.3988294385253,774.0,2.3,20.40886587477948
2026-10-02T11:00:00+05:30,Matara_Southern,29.0,123.34405223641,778.0,2.67,17.188063381141774
2026-10-02T11:15:00+05:30,Matara_Southern,28.5,131.8478494613227,781.0,2.98,14.226710669232219
2026-10-02T11:30:00+05:30,Matara_Southern,28.2,144.32476274286324,783.0,3.13,11.72311904864712
2026-10-02T11:45:00+05:30,Matara_Southern,28.1,162.1348387833234,781.0,3.05,10.02628753256701
2026-10-02T12:00:00+05:30,Matara_Southern,28.1,184.1031637375187,778.0,2.85,9.575185824250866
2026-10-02T12:15:00+05:30,Matara_Southern,28.1,204.9726629660524,772.0,2.72,10.531131983820742
2026-10-02T12:30:00+05:30,Matara_Southern,28.2,220.73253893344673,762.0,2.72,12.577280281658474
2026-10-02T12:45:00+05:30,Matara_Southern,28.4,231.54988617067164,751.0,2.8,15.281807560183779
2026-10-02T13:00:00+05:30,Matara_Southern,28.7,238.96771612778198,740.0,2.93,18.35596183323743
2026-10-02T13:15:00+05:30,Matara_Southern,29.0,244.2254041517865,729.0,3.05,21.642794232137746
2026-10-02T13:30:00+05:30,Matara_Southern,29.0,248.09927911394652,723.0,3.11,25.058743457514097
2026-10-02T13:45:00+05:30,Matara_Southern,28.7,251.05709431957945,714.0,3.18,28.557499588878592
2026-10-02T14:00:00+05:30,Matara_Southern,28.2,253.38587497130612,697.0,3.19,32.111993183545415
2026-10-02T14:15:00+05:30,Matara_Southern,27.7,255.26774996814493,667.0,3.2,35.70556740455356
2026-10-02T14:30:00+05:30,Matara_Southern,27.3,256.8224669818845,625.0,3.14,39.327495008756436
2026-10-02T14:45:00+05:30,Matara_Southern,27.2,258.13142842501986,578.0,3.01,42.97059124514799
2026-10-02T15:00:00+05:30,Matara_Southern,27.1,259.25165801913204,530.0,2.8,46.6298785757017
2026-10-02T15:15:00+05:30,Matara_Southern,27.1,260.2241838177663,488.0,2.55,50.301806381509245
2026-10-02T15:30:00+05:30,Matara_Southern,27.0,261.0792348876913,451.0,2.29,53.98377799772783
2026-10-02T15:45:00+05:30,Matara_Southern,26.9,261.8395611611499,412.0,2.09,57.673851899464275
2026-10-02T16:00:00+05:30,Matara_Southern,26.7,262.52261440096794,367.0,1.93,61.37054750899091
2026-10-02T16:15:00+05:30,Matara_Southern,26.5,263.14201806930697,313.0,1.81,65.07271691622049
2026-10-02T16:30:00+05:30,Matara_Southern,26.3,263.7085808133779,254.0,1.69,68.77945597108376
2026-10-02T16:45:00+05:30,Matara_Southern,26.0,264.23101063131287,197.0,1.45,72.49004197016986
2026-10-02T17:00:00+05:30,Matara_Southern,25.7,264.7164285562984,145.0,1.16,76.20389056142368
2026-10-02T17:15:00+05:30,Matara_Southern,25.4,265.17074507196145,100.0,1.14,79.92052322861673
2026-10-02T17:30:00+05:30,Matara_Southern,25.1,265.5989415564543,60.0,1.19,83.63954313564787
2026-10-02T17:45:00+05:30,Matara_Southern,25.0,266.00528530220384,28.0,1.06,87.36061836652877
2026-10-02T18:00:00+05:30,Matara_Southern,24.9,266.3934974172496,5.0,0.83,91.08346788468513
2026-10-02T18:15:00+05:30,Matara_Southern,24.9,266.766887832194,0.0,0.6,94.80785053528335
2026-10-02T18:30:00+05:30,Matara_Southern,24.8,267.12846792360546,0.0,0.5,98.53355775947082
2026-10-02T18:45:00+05:30,Matara_Southern,24.8,267.4810485444814,0.0,0.57,102.26040642009782
2026-10-02T19:00:00+05:30,Matara_Southern,24.8,267.82733045232936,0.0,0.72,105.98823277741158
2026-10-02T19:15:00+05:30,Matara_Southern,24.7,268.1699936321164,0.0,0.94,109.71688876392432
2026-10-02T19:30:00+05:30,Matara_Southern,24.7,268.51179193829705,0.0,1.06,113.44623724765754
2026-10-02T19:45:00+05:30,Matara_Southern,24.7,268.85566117807707,0.0,1.03,117.17614750420682
2026-10-02T20:00:00+05:30,Matara_Southern,24.7,269.2048512915916,0.0,0.91,120.90649210520169
2026-10-02T20:15:00+05:30,Matara_Southern,24.7,269.56309738082444,0.0,0.85,124.63714185390052
2026-10-02T20:30:00+05:30,Matara_Southern,24.6,269.93485249179673,0.0,0.8,128.36795978694664
2026-10-02T20:45:00+05:30,Matara_Southern,24.6,270.32561848213675,0.0,0.9,132.09879501319318
2026-10-02T21:00:00+05:30,Matara_Southern,24.5,270.74243464095366,0.0,1.05,135.82947221784417
2026-10-02T21:15:00+05:30,Matara_Southern,24.4,271.1946277201711,0.0,1.2,139.5597763555572
2026-10-02T21:30:00+05:30,Matara_Southern,24.3,271.6950104718796,0.0,1.25,143.28943046785088
2026-10-02T21:45:00+05:30,Matara_Southern,24.3,272.26188310213917,0.0,1.2,147.01805689635097
2026-10-02T22:00:00+05:30,Matara_Southern,24.2,272.9225515048062,0.0,1.05,150.74510984512295
2026-10-02T22:15:00+05:30,Matara_Southern,24.2,273.71990267537774,0.0,0.91,154.46975152564187
2026-10-02T22:30:00+05:30,Matara_Southern,24.1,274.7256582273726,0.0,0.81,158.19059989377627
2026-10-02T22:45:00+05:30,Matara_Southern,24.1,276.06979757849956,0.0,0.76,161.90516793279576
2026-10-02T23:00:00+05:30,Matara_Southern,24.0,278.01483216160153,0.0,0.71,165.6084437613447
2026-10-02T23:15:00+05:30,Matara_Southern,24.0,281.18035251629993,0.0,0.71,169.2885545967621
2026-10-02T23:30:00+05:30,Matara_Southern,24.0,287.4351041366462,0.0,0.76,172.9091710176437
2026-10-02T23:45:00+05:30,Matara_Southern,23.9,305.4292808911471,0.0,0.86,176.29152766936744
2026-10-03T00:00:00+05:30,Matara_Southern,23.9,18.53076658303371,0.0,0.96,177.72966120536572
2026-10-03T00:15:00+05:30,Matara_Southern,23.9,64.46334028821445,0.0,1.11,175.0518021391012
2026-10-03T00:30:00+05:30,Matara_Southern,23.8,75.70657567085482,0.0,1.22,171.52991262265715
2026-10-03T00:45:00+05:30,Matara_Southern,23.8,80.3752749861149,0.0,1.32,167.87870969559737
2026-10-03T01:00:00+05:30,Matara_Southern,23.8,82.95564489863824,0.0,1.43,164.18760772523032
2026-10-03T01:15:00+05:30,Matara_Southern,23.8,84.62505306399055,0.0,1.53,160.47932183589518
2026-10-03T01:30:00+05:30,Matara_Southern,23.8,85.81890904642887,0.0,1.59,156.7621777919942
2026-10-03T01:45:00+05:30,Matara_Southern,23.8,86.73456059763504,0.0,1.6,153.03994551168407
2026-10-03T02:00:00+05:30,Matara_Southern,23.7,87.47431512708135,0.0,1.52,149.31458754989654
2026-10-03T02:15:00+05:30,Matara_Southern,23.6,88.09655243047303,0.0,1.47,145.5872352883846
2026-10-03T02:30:00+05:30,Matara_Southern,23.6,88.63709894390263,0.0,1.42,141.85859596308893
2026-10-03T02:45:00+05:30,Matara_Southern,23.6,89.11925036324078,0.0,1.41,138.12914200408787
2026-10-03T03:00:00+05:30,Matara_Southern,23.6,89.55890105343656,0.0,1.38,134.39920900658345
2026-10-03T03:15:00+05:30,Matara_Southern,23.6,89.9673582207023,0.0,1.41,130.66904989573874
2026-10-03T03:30:00+05:30,Matara_Southern,23.6,90.35297655916133,0.0,1.46,126.93886534371113
2026-10-03T03:45:00+05:30,Matara_Southern,23.6,90.72215451360671,0.0,1.56,123.20882371934616
2026-10-03T04:00:00+05:30,Matara_Southern,23.6,91.07996791745671,0.0,1.71,119.47907430477042
2026-10-03T04:15:00+05:30,Matara_Southern,23.6,91.43058927100338,0.0,1.86,115.7497551047349
2026-10-03T04:30:00+05:30,Matara_Southern,23.6,91.7775758903868,0.0,1.96,112.02099986088366
2026-10-03T04:45:00+05:30,Matara_Southern,23.5,92.12407624326187,0.0,1.96,108.29294374323709
2026-10-03T05:00:00+05:30,Matara_Southern,23.5,92.47298476035814,0.0,1.91,104.56572683531945
2026-10-03T05:15:00+05:30,Matara_Southern,23.5,92.82706417083693,0.0,1.86,100.83949885807621
2026-10-03T05:30:00+05:30,Matara_Southern,23.5,93.18904854139237,0.0,1.81,97.11442396205508
2026-10-03T05:45:00+05:30,Matara_Southern,23.5,93.56173657862178,0.0,1.8,93.39068439074242
2026-10-03T06:00:00+05:30,Matara_Southern,23.5,93.94808234752418,0.0,1.75,89.66848631406823
2026-10-03T06:15:00+05:30,Matara_Southern,23.6,94.35129011123206,17.0,1.76,85.9480666708441
2026-10-03T06:30:00+05:30,Matara_Southern,23.8,94.77492003560462,46.0,1.67,82.22969994042039
2026-10-03T06:45:00+05:30,Matara_Southern,24.1,95.22301183060586,79.0,1.51,78.51370838284747
2026-10-03T07:00:00+05:30,Matara_Southern,24.6,95.7002355345785,115.0,1.35,74.80047497207639
2026-10-03T07:15:00+05:30,Matara_Southern,25.0,96.21208153833106,157.0,1.16,71.09045855233424
2026-10-03T07:30:00+05:30,Matara_Southern,25.5,96.76510582124786,207.0,1.0,67.38421564161621
2026-10-03T07:45:00+05:30,Matara_Southern,25.9,97.36725370366094,263.0,0.85,63.682429472068804
2026-10-03T08:00:00+05:30,Matara_Southern,26.3,98.02829609670357,323.0,0.78,59.985947860401424
2026-10-03T08:15:00+05:30,Matara_Southern,26.7,98.76042807505166,384.0,0.72,56.29583753889469
2026-10-03T08:30:00+05:30,Matara_Southern,27.0,99.57910655400428,446.0,0.76,52.61346061347077
2026-10-03T08:45:00+05:30,Matara_Southern,27.4,100.50424692305558,509.0,0.86,48.94058298078502
2026-10-03T09:00:00+05:30,Matara_Southern,27.7,101.56196896748781,570.0,0.97,45.27953599360558
2026-10-03T09:15:00+05:30,Matara_Southern,28.0,102.78720511869216,629.0,1.14,41.63346043429094
2026-10-03T09:30:00+05:30,Matara_Southern,28.3,104.22769824417298,686.0,1.29,38.00668391881231
2026-10-03T09:45:00+05:30,Matara_Southern,28.6,105.9502997818679,738.0,1.45,34.40532839028045
2026-10-03T10:00:00+05:30,Matara_Southern,28.9,108.05118982885813,784.0,1.66,30.83831971579992
2026-10-03T10:15:00+05:30,Matara_Southern,29.1,110.67297061775048,819.0,1.84,27.319132531445582
2026-10-03T10:30:00+05:30,Matara_Southern,29.3,114.03405116459305,843.0,2.02,23.86894554295671
2026-10-03T10:45:00+05:30,Matara_Southern,29.4,118.47997618483248,856.0,2.25,20.522605849793592
2026-10-03T11:00:00+05:30,Matara_Southern,29.4,124.5712122221376,863.0,2.48,17.340355474101983
2026-10-03T11:15:00+05:30,Matara_Southern,29.4,133.2122424625698,864.0,2.74,14.431172135743395
2026-10-03T11:30:00+05:30,Matara_Southern,29.4,145.715404427671,855.0,2.98,11.995419141066336
2026-10-03T11:45:00+05:30,Matara_Southern,29.5,163.20886328772178,841.0,3.22,10.372182699963844
2026-10-03T12:00:00+05:30,Matara_Southern,29.6,184.39842461153324,827.0,3.53,9.966699003048845
2026-10-03T12:15:00+05:30,Matara_Southern,29.7,204.49119368473515,820.0,3.73,10.915529657936474
2026-10-03T12:30:00+05:30,Matara_Southern,29.6,219.87587586409575,821.0,3.8,12.923742252283333
2026-10-03T12:45:00+05:30,Matara_Southern,29.3,230.60998976730133,822.0,3.74,15.587103626691118
2026-10-03T13:00:00+05:30,Matara_Southern,28.8,238.06215415404594,812.0,3.54,18.6266596344812
2026-10-03T13:15:00+05:30,Matara_Southern,28.4,243.38761388766392,782.0,3.24,21.886218470229565
2026-10-03T13:30:00+05:30,Matara_Southern,28.1,247.33220153554623,732.0,2.99,25.280813093054917
2026-10-03T13:45:00+05:30,Matara_Southern,28.2,250.3541996902103,674.0,2.72,28.76265882448994
2026-10-03T14:00:00+05:30,Matara_Southern,28.4,252.73854802343357,619.0,2.43,32.303541448724495
2026-10-03T14:15:00+05:30,Matara_Southern,28.7,254.66771316820203,573.0,2.24,35.88597589402514
2026-10-03T14:30:00+05:30,Matara_Southern,28.8,256.26245467362986,534.0,2.18,39.49864323909428
2026-10-03T14:45:00+05:30,Matara_Southern,28.7,257.60526048112285,497.0,2.18,43.13393314960829
2026-10-03T15:00:00+05:30,Matara_Southern,28.6,258.75412447056897,460.0,2.26,46.78655773934307
2026-10-03T15:15:00+05:30,Matara_Southern,28.4,259.75088697684924,420.0,2.38,50.4527364652325
2026-10-03T15:30:00+05:30,Matara_Southern,28.2,260.6264386415369,380.0,2.43,54.12969960436732
2026-10-03T15:45:00+05:30,Matara_Southern,28.0,261.4040615097837,340.0,2.39,57.815373413632784
2026-10-03T16:00:00+05:30,Matara_Southern,27.9,262.10163260198277,298.0,2.33,61.50817490683957
2026-10-03T16:15:00+05:30,Matara_Southern,27.7,262.7331136348109,255.0,2.24,65.20687587489545
2026-10-03T16:30:00+05:30,Matara_Southern,27.5,263.30958067099573,212.0,2.08,68.91050852686124
2026-10-03T16:45:00+05:30,Matara_Southern,27.2,263.8399509621744,170.0,1.86,72.61829925916149
2026-10-03T17:00:00+05:30,Matara_Southern,26.8,264.3315063293525,129.0,1.61,76.32962271628824
2026-10-03T17:15:00+05:30,Matara_Southern,26.5,264.7902768021183,90.0,1.36,80.04396717754013
2026-10-03T17:30:00+05:30,Matara_Southern,26.2,265.2213272556452,54.0,1.25,83.76090885180056
2026-10-03T17:45:00+05:30,Matara_Southern,26.0,265.62897591560625,25.0,1.22,87.48009396118425
2026-10-03T18:00:00+05:30,Matara_Southern,25.8,266.01696424917816,4.0,1.23,91.20122384184941
2026-10-03T18:15:00+05:30,Matara_Southern,25.7,266.38859258181543,0.0,1.24,94.9240433164551
2026-10-03T18:30:00+05:30,Matara_Southern,25.6,266.74683195840765,0.0,1.26,98.64833295746705
2026-10-03T18:45:00+05:30,Matara_Southern,25.5,267.0944199405187,0.0,1.3,102.3739016190804
2026-10-03T19:00:00+05:30,Matara_Southern,25.4,267.433947102387,0.0,1.34,106.10058025312651
2026-10-03T19:15:00+05:30,Matara_Southern,25.3,267.76794032370697,0.0,1.39,109.82821815394082
2026-10-03T19:30:00+05:30,Matara_Southern,25.2,268.0989486807015,0.0,1.44,113.55667833740324
2026-10-03T19:45:00+05:30,Matara_Southern,25.1,268.4296390907569,0.0,1.5,117.28583329453267
2026-10-03T20:00:00+05:30,Matara_Southern,25.0,268.76291087538436,0.0,1.53,121.01556236812235
2026-10-03T20:15:00+05:30,Matara_Southern,25.0,269.1020417002866,0.0,1.63,124.74574746940668
2026-10-03T20:30:00+05:30,Matara_Southern,24.9,269.45088415864853,0.0,1.67,128.476268269179
2026-10-03T20:45:00+05:30,Matara_Southern,24.8,269.81414343995266,0.0,1.7,132.20699785146473
2026-10-03T21:00:00+05:30,Matara_Southern,24.7,270.1977859773689,0.0,1.7,135.93779500223647
2026-10-03T21:15:00+05:30,Matara_Southern,24.7,270.60966587619635,0.0,1.74,139.66849326694177
2026-10-03T21:30:00+05:30,Matara_Southern,24.6,271.06052601630745,0.0,1.74,143.3988858228684
2026-10-03T21:45:00+05:30,Matara_Southern,24.6,271.5656716656149,0.0,1.74,147.12869852305988
2026-10-03T22:00:00+05:30,Matara_Southern,24.5,272.14791846119476,0.0,1.77,150.85754326144632
2026-10-03T22:15:00+05:30,Matara_Southern,24.5,272.84311882693333,0.0,1.81,154.58483288858343
2026-10-03T22:30:00+05:30,Matara_Southern,24.5,273.7113494252875,0.0,1.81,158.30960668466346
2026-10-03T22:45:00+05:30,Matara_Southern,24.4,274.86190452090284,0.0,1.81,162.0301407578454
2026-10-03T23:00:00+05:30,Matara_Southern,24.4,276.51700432794735,0.0,1.81,165.7429543458074
2026-10-03T23:15:00+05:30,Matara_Southern,24.4,279.20763842976913,0.0,1.81,169.43973258732507
2026-10-03T23:30:00+05:30,Matara_Southern,24.3,284.5789225487888,0.0,1.84,173.09448701532722
2026-10-03T23:45:00+05:30,Matara_Southern,24.3,300.94176213850983,0.0,1.88,176.56990575457198
2026-10-04T00:00:00+05:30,Matara_Southern,24.2,24.349792474576475,0.0,1.91,178.0613807354224
2026-10-04T00:15:00+05:30,Matara_Southern,24.2,68.96836921170973,0.0,1.91,175.13543703863303
2026-10-04T00:30:00+05:30,Matara_Southern,24.1,78.38319558176318,0.0,1.95,171.54532198113242
2026-10-04T00:45:00+05:30,Matara_Southern,24.1,82.2506940937144,0.0,2.0,167.86702872992063
2026-10-04T01:00:00+05:30,Matara_Southern,24.0,84.39791373983445,0.0,2.05,164.1619708905111
2026-10-04T01:15:00+05:30,Matara_Southern,24.0,85.79923172724239,0.0,2.08,160.44545885608795
2026-10-04T01:30:00+05:30,Matara_Southern,23.9,86.81210959774404,0.0,2.15,156.7230872051441
2026-10-04T01:45:00+05:30,Matara_Southern,23.9,87.59813811603635,0.0,2.17,152.99739380596372
2026-10-04T02:00:00+05:30,Matara_Southern,23.9,88.24103597935391,0.0,2.24,149.2697066676526
2026-10-04T02:15:00+05:30,Matara_Southern,23.8,88.78859904005782,0.0,2.2,145.5407984289609
2026-10-04T02:30:00+05:30,Matara_Southern,23.8,89.27019915615432,0.0,2.23,141.81115914935518
2026-10-04T02:45:00+05:30,Matara_Southern,23.7,89.70497978538697,0.0,2.21,138.08112285342358
2026-10-04T03:00:00+05:30,Matara_Southern,23.7,90.10604831202369,0.0,2.18,134.35093346720979
2026-10-04T03:15:00+05:30,Matara_Southern,23.6,90.48277616465941,0.0,2.17,130.62078147669988
2026-10-04T03:30:00+05:30,Matara_Southern,23.5,90.84213560237816,0.0,2.11,126.89082424553429
2026-10-04T03:45:00+05:30,Matara_Southern,23.5,91.18951541779086,0.0,2.05,123.1611998756697
2026-10-04T04:00:00+05:30,Matara_Southern,23.4,91.52924089286779,0.0,1.99,119.43203662286467
2026-10-04T04:15:00+05:30,Matara_Southern,23.3,91.86491919096147,0.0,1.93,115.70345827095909
2026-10-04T04:30:00+05:30,Matara_Southern,23.3,92.19967821461893,0.0,1.87,111.97558956417423
2026-10-04T04:45:00+05:30,Matara_Southern,23.3,92.53633934770392,0.0,1.82,108.24856086099204
2026-10-04T05:00:00+05:30,Matara_Southern,23.3,92.87754900658405,0.0,1.72,104.52251096524819
2026-10-04T05:15:00+05:30,Matara_Southern,23.4,93.22588473564588,0.0,1.66,100.79759145517397
2026-10-04T05:30:00+05:30,Matara_Southern,23.5,93.58394691536819,0.0,1.56,97.07397128622759
2026-10-04T05:45:00+05:30,Matara_Southern,23.7,93.9544442939129,0.0,1.46,93.35184043207676
2026-10-04T06:00:00+05:30,Matara_Southern,23.9,94.34027963575681,0.0,1.37,89.63141584588864
2026-10-04T06:15:00+05:30,Matara_Southern,24.2,94.74464165026791,17.0,1.29,85.9129485803676
2026-10-04T06:30:00+05:30,Matara_Southern,24.5,95.1711096385834,53.0,1.2,82.19673100409929
2026-10-04T06:45:00+05:30,Matara_Southern,24.9,95.62377780594011,99.0,1.12,78.48310767120262
2026-10-04T07:00:00+05:30,Matara_Southern,25.3,96.10740847199014,154.0,1.03,74.77248913167982
2026-10-04T07:15:00+05:30,Matara_Southern,25.7,96.62762646698297,210.0,1.0,71.06536826826257
2026-10-04T07:30:00+05:30,Matara_Southern,26.0,97.19117104112058,264.0,0.96,67.36234369416856
2026-10-04T07:45:00+05:30,Matara_Southern,26.4,97.80622916720682,316.0,0.94,63.664150950872
2026-10-04T08:00:00+05:30,Matara_Southern,26.7,98.48288508228177,370.0,0.92,59.9717033234038
2026-10-04T08:15:00+05:30,Matara_Southern,27.1,99.23373712497994,429.0,0.97,56.28615023651087
2026-10-04T08:30:00+05:30,Matara_Southern,27.4,100.07476040891959,494.0,1.0,52.60895939611083
2026-10-04T08:45:00+05:30,Matara_Southern,27.7,101.02653762365185,561.0,1.06,48.942033291284275
2026-10-04T09:00:00+05:30,Matara_Southern,28.0,102.11605150472803,626.0,1.2,45.28788255229794
2026-10-04T09:15:00+05:30,Matara_Southern,28.2,103.37935589329766,681.0,1.32,41.64988715791101
2026-10-04T09:30:00+05:30,Matara_Southern,28.5,104.86565603558358,726.0,1.48,38.032699739962894
2026-10-04T09:45:00+05:30,Matara_Southern,28.7,106.6437076384126,763.0,1.67,34.44289274783191
2026-10-04T10:00:00+05:30,Matara_Southern,29.0,108.81213641307875,795.0,1.87,30.89002978468458
2026-10-04T10:15:00+05:30,Matara_Southern,29.2,111.51654697638583,823.0,2.12,27.388507224155752
2026-10-04T10:30:00+05:30,Matara_Southern,29.4,114.97855466761553,847.0,2.3,23.96085860448227
2026-10-04T10:45:00+05:30,Matara_Southern,29.5,119.54546962327777,865.0,2.49,20.643929228344362
2026-10-04T11:00:00+05:30,Matara_Southern,29.7,125.77224878341849,876.0,2.71,17.500800419357873
2026-10-04T11:15:00+05:30,Matara_Southern,29.8,134.5323664720642,879.0,2.86,14.643828718948313
2026-10-04T11:30:00+05:30,Matara_Southern,29.8,147.0366274277785,872.0,3.0,12.274493710593802
2026-10-04T11:45:00+05:30,Matara_Southern,29.8,164.2050548208615,858.0,3.1,10.721128164560582
2026-10-04T12:00:00+05:30,Matara_Southern,29.8,184.6634694454383,843.0,3.17,10.357602961655601
2026-10-04T12:15:00+05:30,Matara_Southern,29.7,204.03653842767477,828.0,3.23,11.299344081047053
2026-10-04T12:30:00+05:30,Matara_Southern,29.5,219.06020420429655,815.0,3.3,13.271327064847895
2026-10-04T12:45:00+05:30,Matara_Southern,29.4,229.7039618218668,800.0,3.33,15.894605745287052
2026-10-04T13:00:00+05:30,Matara_Southern,29.2,237.1811474971138,782.0,3.36,18.899891067080176
2026-10-04T13:15:00+05:30,Matara_Southern,28.9,242.5673466480737,761.0,3.39,22.132098636025674
2026-10-04T13:30:00+05:30,Matara_Southern,28.7,246.57785331485402,737.0,3.4,25.505089793267487
2026-10-04T13:45:00+05:30,Matara_Southern,28.5,249.66079964675748,710.0,3.41,28.969718403070786
2026-10-04T14:00:00+05:30,Matara_Southern,28.3,252.09849490293834,680.0,3.42,32.496675057084296
2026-10-04T14:15:00+05:30,Matara_Southern,28.1,254.07338677674866,647.0,3.37,36.06766658205891
2026-10-04T14:30:00+05:30,Matara_Southern,27.9,255.70702278136315,610.0,3.36,39.6707893945848
2026-10-04T14:45:00+05:30,Matara_Southern,27.8,257.0828354598685,571.0,3.28,43.2980088737539
2026-10-04T15:00:00+05:30,Matara_Southern,27.6,258.2596985706423,530.0,3.24,46.94372568347982
2026-10-04T15:15:00+05:30,Matara_Southern,27.5,259.28020556906387,489.0,3.11,50.60392736009021
2026-10-04T15:30:00+05:30,Matara_Southern,27.3,260.1758689684708,448.0,3.03,54.275668895048085
2026-10-04T15:45:00+05:30,Matara_Southern,27.2,260.97047565269713,405.0,2.96,57.95674215354984
2026-10-04T16:00:00+05:30,Matara_Southern,27.0,261.6823087394141,360.0,2.85,61.64545973024987
2026-10-04T16:15:00+05:30,Matara_Southern,26.9,262.32565444766516,314.0,2.75,65.34051129441704
2026-10-04T16:30:00+05:30,Matara_Southern,26.8,262.9118461781304,268.0,2.67,69.04086377254173
2026-10-04T16:45:00+05:30,Matara_Southern,26.6,263.4500028968872,221.0,2.6,72.74569117831497
2026-10-04T17:00:00+05:30,Matara_Southern,26.5,263.94756144963026,172.0,2.5,76.45432579290073
2026-10-04T17:15:00+05:30,Matara_Southern,26.4,264.410666903482,121.0,2.42,80.16622142982689
2026-10-04T17:30:00+05:30,Matara_Southern,26.2,264.84446400906035,71.0,2.34,83.88092614730733
2026-10-04T17:45:00+05:30,Matara_Southern,26.1,265.2533189239008,31.0,2.23,87.59806314609035
2026-10-04T18:00:00+05:30,Matara_Southern,25.9,265.64099089197214,5.0,2.14,91.31731498252469
2026-10-04T18:15:00+05:30,Matara_Southern,25.8,266.0107683095709,0.0,1.99,95.03841127732184
2026-10-04T18:30:00+05:30,Matara_Southern,25.6,266.3655796872796,0.0,1.89,98.76112050056881
2026-10-04T18:45:00+05:30,Matara_Southern,25.5,266.70808708396055,0.0,1.78,102.48524216476774
2026-10-04T19:00:00+05:30,Matara_Southern,25.3,267.04076853590647,0.0,1.7,106.21060043801201
2026-10-04T19:15:00+05:30,Matara_Southern,25.2,267.365995163464,0.0,1.62,109.93704030486472
2026-10-04T19:30:00+05:30,Matara_Southern,25.1,267.68610811401146,0.0,1.61,113.66442298879093
2026-10-04T19:45:00+05:30,Matara_Southern,24.9,268.0035015017651,0.0,1.63,117.39262189309646
2026-10-04T20:00:00+05:30,Matara_Southern,24.8,268.3207189746062,0.0,1.63,121.12152034372954
2026-10-04T20:15:00+05:30,Matara_Southern,24.7,268.6405740017387,0.0,1.66,124.85100790997723
2026-10-04T20:30:00+05:30,Matara_Southern,24.6,268.9663093910124,0.0,1.7,128.58097654829683
2026-10-04T20:45:00+05:30,Matara_Southern,24.6,269.3018203735051,0.0,1.7,132.31131771089184
2026-10-04T21:00:00+05:30,Matara_Southern,24.5,269.65198098629025,0.0,1.65,136.04191689603286
2026-10-04T21:15:00+05:30,Matara_Southern,24.5,270.02314294849657,0.0,1.6,139.77264626672874
2026-10-04T21:30:00+05:30,Matara_Southern,24.4,270.4239322041802,0.0,1.55,143.50335529933548
2026-10-04T21:45:00+05:30,Matara_Southern,24.4,270.86658113875785,0.0,1.45,147.23385355456432
2026-10-04T22:00:00+05:30,Matara_Southern,24.4,271.36927880591816,0.0,1.35,150.96388121720673
2026-10-04T22:15:00+05:30,Matara_Southern,24.3,271.9605880182947,0.0,1.25,154.69305618442766
2026-10-04T22:30:00+05:30,Matara_Southern,24.3,272.688420738267,0.0,1.16,158.42076447568493
2026-10-04T22:45:00+05:30,Matara_Southern,24.3,273.64020045487297,0.0,1.07,162.14591491930554
2026-10-04T23:00:00+05:30,Matara_Southern,24.3,274.9946961432179,0.0,1.03,165.86631007790848
2026-10-04T23:15:00+05:30,Matara_Southern,24.3,277.18370781177777,0.0,1.0,169.57667329843724
2026-10-04T23:30:00+05:30,Matara_Southern,24.2,281.57749765778954,0.0,0.97,173.26021008937826
2026-10-04T23:45:00+05:30,Matara_Southern,24.2,295.70167695617243,0.0,0.97,176.8219496350598
2026-10-05T00:00:00+05:30,Matara_Southern,24.2,32.38168498033713,0.0,1.03,178.36531979285482
2026-10-05T00:15:00+05:30,Matara_Southern,24.1,73.58675353626052,0.0,1.08,175.1894867942128
2026-10-05T00:30:00+05:30,Matara_Southern,24.1,81.05673584239685,0.0,1.12,171.5439175157819
2026-10-05T00:45:00+05:30,Matara_Southern,24.0,84.11605150864796,0.0,1.17,167.84422703470057
2026-10-05T01:00:00+05:30,Matara_Southern,24.0,85.83138454597099,0.0,1.26,164.128320508687
2026-10-05T01:15:00+05:30,Matara_Southern,23.9,86.96634614664652,0.0,1.38,160.40553220481002
2026-10-05T01:30:00+05:30,Matara_Southern,23.9,87.79963183371518,0.0,1.42,156.67927470424473
2026-10-05T01:45:00+05:30,Matara_Southern,23.8,88.45707456363812,0.0,1.47,152.95110521665444
2026-10-05T02:00:00+05:30,Matara_Southern,23.8,89.00389178555395,0.0,1.58,149.22184762261247
2026-10-05T02:15:00+05:30,Matara_Southern,23.8,89.4773698204757,0.0,1.63,145.4919899815256
2026-10-05T02:30:00+05:30,Matara_Southern,23.7,89.90047892368614,0.0,1.69,141.76185040169085
2026-10-05T02:45:00+05:30,Matara_Southern,23.7,90.28824680282128,0.0,1.76,138.03165364660012
2026-10-05T03:00:00+05:30,Matara_Southern,23.6,90.65101906226681,0.0,1.8,134.30157160793993
2026-10-05T03:15:00+05:30,Matara_Southern,23.5,90.9962489981624,0.0,1.87,130.57174606340928
2026-10-05T03:30:00+05:30,Matara_Southern,23.5,91.32953899795939,0.0,1.93,126.84230098035084
2026-10-05T03:45:00+05:30,Matara_Southern,23.4,91.6552772979752,0.0,2.0,123.11335155156156
2026-10-05T04:00:00+05:30,Matara_Southern,23.3,91.97704531551886,0.0,2.02,119.38501060923227
2026-10-05T04:15:00+05:30,Matara_Southern,23.3,92.29788985759916,0.0,2.08,115.65739208313765
2026-10-05T04:30:00+05:30,Matara_Southern,23.3,92.62051316080039,0.0,2.1,111.93061519914814
2026-10-05T04:45:00+05:30,Matara_Southern,23.3,92.94741236181602,0.0,2.12,108.20480834537221
2026-10-05T05:00:00+05:30,Matara_Southern,23.3,93.28098801071678,0.0,2.15,104.4801114155606
2026-10-05T05:15:00+05:30,Matara_Southern,23.4,93.62363407922726,0.0,2.17,100.75667987266057
2026-10-05T05:30:00+05:30,Matara_Southern,23.6,93.97781844170174,0.0,2.2,97.03468925730951
2026-10-05T05:45:00+05:30,Matara_Southern,23.8,94.34616070352718,0.0,2.22,93.31433888066049
2026-10-05T06:00:00+05:30,Matara_Southern,24.1,94.73151281836613,0.0,2.21,89.59585797621438
2026-10-05T06:15:00+05:30,Matara_Southern,24.4,95.13704811903779,20.0,2.16,85.87951314751767
2026-10-05T06:30:00+05:30,Matara_Southern,24.8,95.5663648953498,59.0,2.15,82.16561607417407
2026-10-05T06:45:00+05:30,Matara_Southern,25.2,96.02361133699657,109.0,2.14,78.45453506340914
2026-10-05T07:00:00+05:30,Matara_Southern,25.6,96.51364109595232,168.0,2.1,74.7467097779365
2026-10-05T07:15:00+05:30,Matara_Southern,26.1,97.04221193179433,228.0,2.06,71.04266880678597
2026-10-05T07:30:00+05:30,Matara_Southern,26.5,97.61624410237096,285.0,2.02,67.34305471515736
2026-10-05T07:45:00+05:30,Matara_Southern,26.9,98.24416291963172,340.0,1.98,63.6486574677907
2026-10-05T08:00:00+05:30,Matara_Southern,27.3,98.93636112098079,394.0,1.95,59.96045827547512
2026-10-05T08:15:00+05:30,Matara_Southern,27.7,99.70583324634464,450.0,1.89,56.279692152893816
2026-10-05T08:30:00+05:30,Matara_Southern,28.0,100.5690621433489,507.0,1.82,52.607935876867636
2026-10-05T08:45:00+05:30,Matara_Southern,28.2,101.54728203026212,562.0,1.75,48.947232723704
2026-10-05T09:00:00+05:30,Matara_Southern,28.5,102.66831431206845,614.0,1.76,45.30027769552601
2026-10-05T09:15:00+05:30,Matara_Southern,28.7,103.96929591495348,661.0,1.76,41.67069613466165
2026-10-05T09:30:00+05:30,Matara_Southern,28.9,105.50083223609664,702.0,1.86,38.063473027995336
2026-10-05T09:45:00+05:30,Matara_Southern,29.1,107.3334789992195,738.0,2.01,34.48563965052223
2026-10-05T10:00:00+05:30,Matara_Southern,29.2,109.56812691472442,769.0,2.17,30.947405597757772
2026-10-05T10:15:00+05:30,Matara_Southern,29.4,112.35305935475185,797.0,2.42,27.464093763346966
2026-10-05T10:30:00+05:30,Matara_Southern,29.5,115.91250138210114,820.0,2.62,24.0595840642803
2026-10-05T10:45:00+05:30,Matara_Southern,29.6,120.59441942710026,838.0,2.81,20.77267160449979
2026-10-05T11:00:00+05:30,Matara_Southern,29.7,126.94631193474254,853.0,3.05,17.669119049852412
2026-10-05T11:15:00+05:30,Matara_Southern,29.8,135.80814846283704,863.0,3.19,14.864237301258413
2026-10-05T11:30:00+05:30,Matara_Southern,29.9,148.2910826881971,871.0,3.29,12.559755418435913
2026-10-05T11:45:00+05:30,Matara_Southern,29.9,165.12969611157575,874.0,3.33,11.072650512288476
2026-10-05T12:00:00+05:30,Matara_Southern,29.9,184.90121443262208,872.0,3.33,10.747741850787577
2026-10-05T12:15:00+05:30,Matara_Southern,29.9,203.6057580177548,864.0,3.3,11.682399305801312
2026-10-05T12:30:00+05:30,Matara_Southern,29.8,218.28239246312052,850.0,3.2,13.619723951701204
2026-10-05T12:45:00+05:30,Matara_Southern,29.8,228.83008393130638,832.0,3.11,16.20397889486489
2026-10-05T13:00:00+05:30,Matara_Southern,29.7,236.3239014182653,810.0,3.01,19.175353686198434
2026-10-05T13:15:00+05:30,Matara_Southern,29.6,241.76426179845043,784.0,2.91,22.380172860149045
2026-10-05T13:30:00+05:30,Matara_Southern,29.5,245.83610739581638,756.0,2.8,25.73134590481166
2026-10-05T13:45:00+05:30,Matara_Southern,29.4,248.976869382828,723.0,2.7,29.17847699496859
2026-10-05T14:00:00+05:30,Matara_Southern,29.3,251.46574133862129,686.0,2.6,32.691212574470335
2026-10-05T14:15:00+05:30,Matara_Southern,29.1,253.4848222601264,643.0,2.49,36.25047318414549
2026-10-05T14:30:00+05:30,Matara_Southern,29.0,255.1562361806581,594.0,2.36,39.843778916677905
2026-10-05T14:45:00+05:30,Matara_Southern,28.8,256.56422532339695,542.0,2.25,43.462673105720995
2026-10-05T15:00:00+05:30,Matara_Southern,28.6,257.76845606088506,493.0,2.13,47.10124452884682
2026-10-05T15:15:00+05:30,Matara_Southern,28.4,258.81221738091114,447.0,2.04,50.755247268843924
2026-10-05T15:30:00+05:30,Matara_Southern,28.2,259.72760481651585,406.0,2.01,54.42155913233567
2026-10-05T15:45:00+05:30,Matara_Southern,28.0,260.53888329211856,366.0,2.04,58.09783565339433
2026-10-05T16:00:00+05:30,Matara_Southern,27.8,261.26472313856493,324.0,2.12,61.78228316684395
2026-10-05T16:15:00+05:30,Matara_Southern,27.5,261.91972149265104,281.0,2.23,65.4735075265942
2026-10-05T16:30:00+05:30,Matara_Southern,27.3,262.51545912202005,240.0,2.37,69.17040882925137
2026-10-05T16:45:00+05:30,Matara_Southern,27.0,263.0612492412469,197.0,2.53,72.87210729135873
2026-10-05T17:00:00+05:30,Matara_Southern,26.8,263.5646780145451,153.0,2.62,76.57789152778835
2026-10-05T17:15:00+05:30,Matara_Southern,26.6,264.03200108729146,107.0,2.73,80.28717966637468
2026-10-05T17:30:00+05:30,Matara_Southern,26.4,264.468439512429,63.0,2.8,83.99949045163709
2026-10-05T17:45:00+05:30,Matara_Southern,26.3,264.8784044302267,27.0,2.79,87.71442292706504
2026-10-05T18:00:00+05:30,Matara_Southern,26.1,265.2656703394796,4.0,2.68,91.43163973398688
2026-10-05T18:15:00+05:30,Matara_Southern,26.0,265.6335114563974,0.0,2.53,95.15085412871534
2026-10-05T18:30:00+05:30,Matara_Southern,25.8,265.98481164384236,0.0,2.38,98.87182124915726
2026-10-05T18:45:00+05:30,Matara_Southern,25.7,266.32215535932653,0.0,2.18,102.59432993740683
2026-10-05T19:00:00+05:30,Matara_Southern,25.6,266.64790588977723,0.0,1.92,106.3181961018752
2026-10-05T19:15:00+05:30,Matara_Southern,25.5,266.96427612663047,0.0,1.68,110.0432587381533
2026-10-05T19:30:00+05:30,Matara_Southern,25.4,267.2733963790998,0.0,1.43,113.76937532338965
2026-10-05T19:45:00+05:30,Matara_Southern,25.3,267.57738436471686,0.0,1.24,117.49641784759342
2026-10-05T20:00:00+05:30,Matara_Southern,25.2,267.8784234337683,0.0,1.04,121.22427079642998
2026-10-05T20:15:00+05:30,Matara_Southern,25.1,268.1788566911847,0.0,0.89,124.95282790096027
2026-10-05T20:30:00+05:30,Matara_Southern,25.0,268.4813086570421,0.0,0.79,128.6819889760032
2026-10-05T20:45:00+05:30,Matara_Southern,24.9,268.78885250716735,0.0,0.73,132.41165812464493
2026-10-05T21:00:00+05:30,Matara_Southern,24.9,269.1052521058922,0.0,0.72,136.14174000135768
2026-10-05T21:15:00+05:30,Matara_Southern,24.8,269.435329737968,0.0,0.76,139.8721351509705
2026-10-05T21:30:00+05:30,Matara_Southern,24.7,269.78555161388215,0.0,0.8,143.6027350916334
2026-10-05T21:45:00+05:30,Matara_Southern,24.7,270.1650063617212,0.0,0.9,147.3334125823679
2026-10-05T22:00:00+05:30,Matara_Southern,24.6,270.587132481486,0.0,1.0,151.06400545818514
2026-10-05T22:15:00+05:30,Matara_Southern,24.6,271.07297116645407,0.0,1.11,154.79428873578325
2026-10-05T22:30:00+05:30,Matara_Southern,24.6,271.65779637729173,0.0,1.22,158.5239158114548
2026-10-05T22:45:00+05:30,Matara_Southern,24.5,272.4060784233451,0.0,1.32,162.25228693296867
2026-10-05T23:00:00+05:30,Matara_Southern,24.5,273.45023268478093,0.0,1.48,165.9782112341149
2026-10-05T23:15:00+05:30,Matara_Southern,24.5,275.11299602593067,0.0,1.54,169.69883432061454
2026-10-05T23:30:00+05:30,Matara_Southern,24.4,278.43979677841224,0.0,1.55,173.40495290308448
2026-10-05T23:45:00+05:30,Matara_Southern,24.3,289.62626067705594,0.0,1.42,177.04123260704043
2026-10-06T00:00:00+05:30,Matara_Southern,24.2,43.65315227392864,0.0,1.14,178.62385776205474
2026-10-06T00:15:00+05:30,Matara_Southern,24.1,78.26427452576013,0.0,0.92,175.21327337522413
2026-10-06T00:30:00+05:30,Matara_Southern,24.0,83.7163632042824,0.0,0.82,171.5259271813701
2026-10-06T00:45:00+05:30,Matara_Southern,23.9,85.96775980624267,0.0,0.85,167.8105445833761
2026-10-06T01:00:00+05:30,Matara_Southern,23.8,87.25444041525054,0.0,0.92,164.08686216283758
2026-10-06T01:15:00+05:30,Matara_Southern,23.8,88.12550792437747,0.0,1.04,160.35971913415273
2026-10-06T01:30:00+05:30,Matara_Southern,23.7,88.78091519264132,0.0,1.15,156.63089700864137
2026-10-06T01:45:00+05:30,Matara_Southern,23.6,89.31097836653271,0.0,1.26,152.9012215095562
2026-10-06T02:00:00+05:30,Matara_Southern,23.5,89.76258716035892,0.0,1.35,149.17114098487878
2026-10-06T02:15:00+05:30,Matara_Southern,23.4,90.16262840730622,0.0,1.42,145.4409318743172
2026-10-06T02:30:00+05:30,Matara_Southern,23.3,90.5277402599861,0.0,1.5,141.71078478484404
2026-10-06T02:45:00+05:30,Matara_Southern,23.3,90.86887953351248,0.0,1.57,137.9808438495671
2026-10-06T03:00:00+05:30,Matara_Southern,23.2,91.19365980076611,0.0,1.66,134.25122821703195
2026-10-06T03:15:00+05:30,Matara_Southern,23.1,91.50763648742151,0.0,1.72,130.5220444491402
2026-10-06T03:30:00+05:30,Matara_Southern,23.1,91.8150562512593,0.0,1.77,126.79339286088882
2026-10-06T03:45:00+05:30,Matara_Southern,23.0,92.11931685793354,0.0,1.81,123.0653729726699
2026-10-06T04:00:00+05:30,Matara_Southern,23.0,92.42326318753408,0.0,1.88,119.3380877010379
2026-10-06T04:15:00+05:30,Matara_Southern,23.0,92.72938709537027,0.0,1.92,115.61164541837269
2026-10-06T04:30:00+05:30,Matara_Southern,23.0,93.03996918434501,0.0,1.92,111.88616325954932
2026-10-06T04:45:00+05:30,Matara_Southern,23.1,93.35718537264347,0.0,1.92,108.16177043669197
2026-10-06T05:00:00+05:30,Matara_Southern,23.1,93.68319261906225,0.0,1.92,104.43861026657082
2026-10-06T05:15:00+05:30,Matara_Southern,23.2,94.02020301443764,0.0,1.88,100.71684409194751
2026-10-06T05:30:00+05:30,Matara_Southern,23.3,94.37055315000862,0.0,1.84,96.99665579128052
2026-10-06T05:45:00+05:30,Matara_Southern,23.4,94.73677431665118,0.0,1.75,93.27825559472147
2026-10-06T06:00:00+05:30,Matara_Southern,23.6,95.12166813277372,0.0,1.64,89.56188648423604
2026-10-06T06:15:00+05:30,Matara_Southern,23.7,95.52839269108898,21.0,1.51,85.84783202425965
2026-10-06T06:30:00+05:30,Matara_Southern,23.9,95.96056505454135,63.0,1.36,82.13642460155788
2026-10-06T06:45:00+05:30,Matara_Southern,24.2,96.42238678671879,116.0,1.17,78.42805770074304
2026-10-06T07:00:00+05:30,Matara_Southern,24.4,96.91880178533177,179.0,1.03,74.72320159645435
2026-10-06T07:15:00+05:30,Matara_Southern,24.7,97.45569904491441,242.0,0.83,71.02242220572732
2026-10-06T07:30:00+05:30,Matara_Southern,25.0,98.04017732296415,302.0,0.68,67.3264078464948
2026-10-06T07:45:00+05:30,Matara_Southern,25.3,98.68089663262509,359.0,0.6,63.636004948761155
2026-10-06T08:00:00+05:30,Matara_Southern,25.6,99.38855295483472,414.0,0.63,59.9522650067761
2026-10-06T08:15:00+05:30,Matara_Southern,25.9,100.1765293877969,469.0,0.74,56.27651139792105
2026-10-06T08:30:00+05:30,Matara_Southern,26.2,101.0618052641127,520.0,0.92,52.6104332621819
2026-10-06T08:45:00+05:30,Matara_Southern,26.5,102.06624948651256,569.0,1.12,48.95621860603731
2026-10-06T09:00:00+05:30,Matara_Southern,26.8,103.21849636978493,614.0,1.35,45.31675153194499
2026-10-06T09:15:00+05:30,Matara_Southern,27.1,104.55672555544061,657.0,1.58,41.69590836734838
2026-10-06T09:30:00+05:30,Matara_Southern,27.4,106.13287755849666,697.0,1.77,38.099012955199136
2026-10-06T09:45:00+05:30,Matara_Southern,27.7,108.01920015545954,733.0,1.96,34.53356238695237
2026-10-06T10:00:00+05:30,Matara_Southern,28.0,110.31866406622885,765.0,2.16,31.010418334465633
2026-10-06T10:15:00+05:30,Matara_Southern,28.2,113.18190461664204,794.0,2.35,27.545831376178434
2026-10-06T10:30:00+05:30,Matara_Southern,28.4,116.83516586092935,820.0,2.5,24.165013259557483
2026-10-06T10:45:00+05:30,Matara_Southern,28.6,121.62600470087546,842.0,2.6,20.908650648695485
2026-10-06T11:00:00+05:30,Matara_Southern,28.8,128.09268629426305,858.0,2.7,17.84501674763085
2026-10-06T11:15:00+05:30,Matara_Southern,28.9,137.03972390875316,867.0,2.75,15.091951396030368
2026-10-06T11:30:00+05:30,Matara_Southern,29.0,149.48149107040263,868.0,2.8,12.850641285329118
2026-10-06T11:45:00+05:30,Matara_Southern,29.0,165.98849296082437,864.0,2.8,11.426313815409898
2026-10-06T12:00:00+05:30,Matara_Southern,29.0,185.11419620990156,858.0,2.75,11.136964067419498
2026-10-06T12:15:00+05:30,Matara_Southern,29.0,203.19630362810136,851.0,2.65,12.064527220437427
2026-10-06T12:30:00+05:30,Matara_Southern,29.0,217.53958942180628,843.0,2.55,13.96864205980043
2026-10-06T12:45:00+05:30,Matara_Southern,29.0,227.98672146933245,834.0,2.4,16.514904530426975
2026-10-06T13:00:00+05:30,Matara_Southern,28.9,235.48963237390782,820.0,2.25,19.452755760986832
2026-10-06T13:15:00+05:30,Matara_Southern,28.9,240.9780121201245,803.0,2.05,22.630186271507355
2026-10-06T13:30:00+05:30,Matara_Southern,28.8,245.10682815280683,782.0,1.85,25.959358804157162
2026-10-06T13:45:00+05:30,Matara_Southern,28.7,248.30237714486316,757.0,1.65,29.388737339362216
2026-10-06T14:00:00+05:30,Matara_Southern,28.5,250.84030811604268,729.0,1.41,32.88697620687698
2026-10-06T14:15:00+05:30,Matara_Southern,28.4,252.90206781211154,698.0,1.21,36.43423290398123
2026-10-06T14:30:00+05:30,Matara_Southern,28.3,254.61015774552754,663.0,0.97,40.01746072768896
2026-10-06T14:45:00+05:30,Matara_Southern,28.1,256.0495009796249,626.0,0.74,43.62778408740913
2026-10-06T15:00:00+05:30,Matara_Southern,28.0,257.28047233642366,586.0,0.54,47.25898006423982
2026-10-06T15:15:00+05:30,Matara_Southern,27.8,258.34700038928406,543.0,0.39,50.90656819922924
2026-10-06T15:30:00+05:30,Matara_Southern,27.7,259.2817257391522,498.0,0.35,54.56724752994044
2026-10-06T15:45:00+05:30,Matara_Southern,27.5,260.1093650656625,452.0,0.47,58.23853555226263
2026-10-06T16:00:00+05:30,Matara_Southern,27.3,260.848957330098,402.0,0.6,61.91853066835036
2026-10-06T16:15:00+05:30,Matara_Southern,27.2,261.51539718695653,350.0,0.83,65.6057533449665
2026-10-06T16:30:00+05:30,Matara_Southern,27.0,262.1205029199389,298.0,1.01,69.29903539626079
2026-10-06T16:45:00+05:30,Matara_Southern,26.9,262.67377460997153,245.0,1.16,72.9974419000788
2026-10-06T17:00:00+05:30,Matara_Southern,26.8,263.1829420976152,190.0,1.3,76.7002165555298
2026-10-06T17:15:00+05:30,Matara_Southern,26.6,263.65436720288693,134.0,1.46,80.4067406284027
2026-10-06T17:30:00+05:30,Matara_Southern,26.5,264.09334376132716,80.0,1.55,84.11650241715822
2026-10-06T17:45:00+05:30,Matara_Southern,26.4,264.50432500441883,35.0,1.64,87.8290757009994
2026-10-06T18:00:00+05:30,Matara_Southern,26.3,264.89109822887946,5.0,1.69,91.5441020904809
2026-10-06T18:15:00+05:30,Matara_Southern,26.2,265.2569212970725,0.0,1.74,95.2612773262029
2026-10-06T18:30:00+05:30,Matara_Southern,26.0,265.6046314059531,0.0,1.79,98.9803419962762
2026-10-06T18:45:00+05:30,Matara_Southern,25.9,265.93673343165113,0.0,1.83,102.70107294868589
2026-10-06T19:00:00+05:30,Matara_Southern,25.8,266.2554738509767,0.0,1.88,106.42327635764966
2026-10-06T19:15:00+05:30,Matara_Southern,25.7,266.5629050509237,0.0,1.93,110.14678354590825
2026-10-06T19:30:00+05:30,Matara_Southern,25.5,266.8609438465968,0.0,1.93,113.87144627958908
2026-10-06T19:45:00+05:30,Matara_Southern,25.4,267.1514283019063,0.0,1.93,117.59713279535328
2026-10-06T20:00:00+05:30,Matara_Southern,25.3,267.43617729941525,0.0,1.93,121.32372588773833
2026-10-06T20:15:00+05:30,Matara_Southern,25.1,267.7170580359379,0.0,1.93,125.05111990836214
2026-10-06T20:30:00+05:30,Matara_Southern,25.0,267.9960691189742,0.0,1.93,128.77921804280365
2026-10-06T20:45:00+05:30,Matara_Southern,24.8,268.2754508366022,0.0,1.93,132.50793123281974
2026-10-06T21:00:00+05:30,Matara_Southern,24.7,268.55784097888386,0.0,1.87,136.2371755889948
2026-10-06T21:15:00+05:30,Matara_Southern,24.6,268.8465082227205,0.0,1.82,139.96686957493063
2026-10-06T21:30:00+05:30,Matara_Southern,24.5,269.1457208307836,0.0,1.82,143.6969321265848
2026-10-06T21:45:00+05:30,Matara_Southern,24.4,269.4613604542368,0.0,1.82,147.4272780785669
2026-10-06T22:00:00+05:30,Matara_Southern,24.2,269.80200458953925,0.0,1.77,151.15781118339896
2026-10-06T22:15:00+05:30,Matara_Southern,24.1,270.1809663773671,0.0,1.79,154.8884135842084
2026-10-06T22:30:00+05:30,Matara_Southern,24.0,270.62046118900344,0.0,1.79,158.61892245066986
2026-10-06T22:45:00+05:30,Matara_Southern,23.9,271.16104504409725,0.0,1.79,162.34907839427933
2026-10-06T23:00:00+05:30,Matara_Southern,23.9,271.8861998911342,0.0,1.74,166.0783941478181
2026-10-06T23:15:00+05:30,Matara_Southern,23.8,273.0007620696325,0.0,1.76,169.80573257351423
2026-10-06T23:30:00+05:30,Matara_Southern,23.7,275.17926306584786,0.0,1.76,173.52743191743997
2026-10-06T23:45:00+05:30,Matara_Southern,23.7,282.68390164613544,0.0,1.77,177.22039025864206
2026-10-07T00:00:00+05:30,Matara_Southern,23.6,59.10725469101067,0.0,1.77,178.80828168796063
2026-10-07T00:15:00+05:30,Matara_Southern,23.5,82.94255425615984,0.0,1.79,175.20670128841533
2026-10-07T00:30:00+05:30,Matara_Southern,23.5,86.35165370254151,0.0,1.81,171.4916900287309
2026-10-07T00:45:00+05:30,Matara_Southern,23.4,87.8024216413715,0.0,1.83,167.76625692212028
2026-10-07T01:00:00+05:30,Matara_Southern,23.3,88.66555171626942,0.0,1.88,164.0378162816644
2026-10-07T01:15:00+05:30,Matara_Southern,23.3,89.27587393374432,0.0,1.95,160.3082037959482
2026-10-07T01:30:00+05:30,Matara_Southern,23.2,89.75542507054064,0.0,1.97,156.57811394744678
2026-10-07T01:45:00+05:30,Matara_Southern,23.2,90.15947397344456,0.0,1.99,152.84788544401775
2026-10-07T02:00:00+05:30,Matara_Southern,23.1,90.51683714541156,0.0,2.02,149.11771699551204
2026-10-07T02:15:00+05:30,Matara_Southern,23.1,90.84414547604894,0.0,2.04,145.3877448035857
2026-10-07T02:30:00+05:30,Matara_Southern,23.1,91.15179004630272,0.0,2.07,141.65807546713637
2026-10-07T02:45:00+05:30,Matara_Southern,23.1,91.4467095023216,0.0,2.09,137.92880051681993
2026-10-07T03:00:00+05:30,Matara_Southern,23.0,91.73381940880279,0.0,2.12,134.2000052528495
2026-10-07T03:15:00+05:30,Matara_Southern,23.0,92.01680004331865,0.0,2.15,130.47177424738618
2026-10-07T03:30:00+05:30,Matara_Southern,23.0,92.29855796060491,0.0,2.18,126.74419371675279
2026-10-07T03:45:00+05:30,Matara_Southern,23.0,92.58151147247895,0.0,2.21,123.01735460707594
2026-10-07T04:00:00+05:30,Matara_Southern,23.0,92.86777685099116,0.0,2.2,119.29135533062617
2026-10-07T04:15:00+05:30,Matara_Southern,23.1,93.1592968029812,0.0,2.27,115.56630292160662
2026-10-07T04:30:00+05:30,Matara_Southern,23.1,93.45793459729407,0.0,2.26,111.84231579027814
2026-10-07T04:45:00+05:30,Matara_Southern,23.2,93.76554814169589,0.0,2.26,108.11952671940335
2026-10-07T05:00:00+05:30,Matara_Southern,23.3,94.08405319686881,0.0,2.26,104.39808474129384
2026-10-07T05:15:00+05:30,Matara_Southern,23.4,94.41548173746042,0.0,2.3,100.67815904139042
2026-10-07T05:30:00+05:30,Matara_Southern,23.5,94.76204033308528,0.0,2.28,96.95994355436
2026-10-07T05:45:00+05:30,Matara_Southern,23.7,95.12617279759928,0.0,2.26,93.24366098200915
2026-10-07T06:00:00+05:30,Matara_Southern,23.9,95.510630872489,0.0,2.29,89.52956949669256
2026-10-07T06:15:00+05:30,Matara_Southern,24.0,95.9185575042822,21.0,2.28,85.81797100468481
2026-10-07T06:30:00+05:30,Matara_Southern,24.3,96.35358824408053,63.0,2.3,82.10921996327079
2026-10-07T06:45:00+05:30,Matara_Southern,24.5,96.81997731857172,117.0,2.34,78.4037364240767
2026-10-07T07:00:00+05:30,Matara_Southern,24.8,97.32275764790825,179.0,2.33,74.70202273147183
2026-10-07T07:15:00+05:30,Matara_Southern,25.2,97.86794758456574,243.0,2.39,71.00468370515895
2026-10-07T07:30:00+05:30,Matara_Southern,25.5,98.46282163734992,303.0,2.46,67.312455152077
2026-10-07T07:45:00+05:30,Matara_Southern,25.8,99.11627056496621,361.0,2.55,63.62624193127533
2026-10-07T08:00:00+05:30,Matara_Southern,26.1,99.83928791369271,416.0,2.65,59.94716807908442
2026-10-07T08:15:00+05:30,Matara_Southern,26.4,100.64563713633419,472.0,2.72,56.276647968849545
2026-10-07T08:30:00+05:30,Matara_Southern,26.8,101.55278204748487,524.0,2.84,52.6164862080493
2026-10-07T08:45:00+05:30,Matara_Southern,27.1,102.58320836962258,573.0,2.98,48.96901921052278
2026-10-07T09:00:00+05:30,Matara_Southern,27.5,103.76633617928303,619.0,3.08,45.33732452542314
2026-09-30T09:15:00+05:30,Gampaha_Western,29.6,102.06422690266675,583.0,2.86,42.360021903411265
2026-09-30T09:30:00+05:30,Gampaha_Western,29.9,103.49630490163787,636.0,3.03,38.730759706507264
2026-09-30T09:45:00+05:30,Gampaha_Western,30.1,105.19342805371423,690.0,3.14,35.125328563322
2026-09-30T10:00:00+05:30,Gampaha_Western,30.3,107.24463582285864,742.0,3.25,31.551944341894384
2026-09-30T10:15:00+05:30,Gampaha_Western,30.4,109.78105191102225,792.0,3.27,28.022913015481734
2026-09-30T10:30:00+05:30,Gampaha_Western,30.6,113.00211798332487,842.0,3.32,24.557406344593886
2026-09-30T10:45:00+05:30,Gampaha_Western,30.7,117.22137807599972,889.0,3.34,21.18666246981968
2026-09-30T11:00:00+05:30,Gampaha_Western,30.8,122.94565782154967,924.0,3.37,17.964145573580453
2026-09-30T11:15:00+05:30,Gampaha_Western,30.9,130.99816430257283,940.0,3.45,14.985826524699675
2026-09-30T11:30:00+05:30,Gampaha_Western,30.9,142.62120627372764,932.0,3.48,12.428557010227436
2026-09-30T11:45:00+05:30,Gampaha_Western,30.9,159.1116387254874,912.0,3.56,10.601570593919888
2026-09-30T12:00:00+05:30,Gampaha_Western,30.8,179.91474812837248,894.0,3.65,9.917067591454355
2026-09-30T12:15:00+05:30,Gampaha_Western,30.7,200.72348769956565,891.0,3.75,10.598773280333162
2026-09-30T12:30:00+05:30,Gampaha_Western,30.7,217.22458263858812,902.0,3.85,12.423788401656694
2026-09-30T12:45:00+05:30,Gampaha_Western,30.6,228.85629559300708,915.0,3.91,14.979902493996661
2026-09-30T13:00:00+05:30,Gampaha_Western,30.6,236.91428154049612,920.0,3.92,17.957569312725283
2026-09-30T13:15:00+05:30,Gampaha_Western,30.6,242.6416745742356,906.0,3.95,21.179710626486894
2026-09-30T13:30:00+05:30,Gampaha_Western,30.6,246.86249666022306,879.0,4.0,24.550232903439962
2026-09-30T13:45:00+05:30,Gampaha_Western,30.5,250.08409248604045,843.0,4.08,28.015608171133792
2026-09-30T14:00:00+05:30,Gampaha_Western,30.4,252.62031030436896,803.0,4.16,31.544565331793244
2026-09-30T14:15:00+05:30,Gampaha_Western,30.3,254.67076713432587,761.0,4.23,35.11791435382569
2026-09-30T14:30:00+05:30,Gampaha_Western,30.2,256.3666878365874,714.0,4.27,38.72333847722453
2026-09-30T14:45:00+05:30,Gampaha_Western,30.1,257.79716992285466,665.0,4.27,42.352616439191
2026-09-30T15:00:00+05:30,Gampaha_Western,29.9,259.0245332203381,615.0,4.28,46.00007055621898
2026-09-30T15:15:00+05:30,Gampaha_Western,29.7,260.0935520513953,567.0,4.24,49.66166196457844
2026-09-30T15:30:00+05:30,Gampaha_Western,29.6,261.0371794712048,523.0,4.15,53.33444353887716
2026-09-30T15:45:00+05:30,Gampaha_Western,29.5,261.8802015373744,476.0,3.93,57.01621541702898
2026-09-30T16:00:00+05:30,Gampaha_Western,29.4,262.64163535177045,421.0,3.65,60.70530177863229
2026-09-30T16:15:00+05:30,Gampaha_Western,29.3,263.33634344767967,356.0,3.34,64.4004035526486
2026-09-30T16:30:00+05:30,Gampaha_Western,29.2,263.9761460209145,282.0,3.07,68.10049671784657
2026-09-30T16:45:00+05:30,Gampaha_Western,29.0,264.57060454111706,211.0,2.92,71.80476114604426
2026-09-30T17:00:00+05:30,Gampaha_Western,28.8,265.12758591382226,152.0,2.79,75.51253122609053
2026-09-30T17:15:00+05:30,Gampaha_Western,28.5,265.6536769866598,107.0,2.66,79.2232587544517
2026-09-30T17:30:00+05:30,Gampaha_Western,28.3,266.1544961500555,71.0,2.53,82.93648531176508
2026-09-30T17:45:00+05:30,Gampaha_Western,28.1,266.634933681949,39.0,2.39,86.65182276882527
2026-09-30T18:00:00+05:30,Gampaha_Western,28.0,267.0993423594303,11.0,2.18,90.36893699344517
2026-09-30T18:15:00+05:30,Gampaha_Western,27.8,267.55169441591295,0.0,1.98,94.08753487254256
2026-09-30T18:30:00+05:30,Gampaha_Western,27.6,267.9957170289251,0.0,1.79,97.80735516477532
2026-09-30T18:45:00+05:30,Gampaha_Western,27.5,268.43501573310914,0.0,1.54,101.5281594433708
2026-09-30T19:00:00+05:30,Gampaha_Western,27.4,268.87319467314177,0.0,1.28,105.2497240264379
2026-09-30T19:15:00+05:30,Gampaha_Western,27.3,269.31398260174353,0.0,1.1,108.97183387235685
2026-09-30T19:30:00+05:30,Gampaha_Western,27.2,269.76137414702447,0.0,1.05,112.69427493945105
2026-09-30T19:45:00+05:30,Gampaha_Western,27.1,270.21979894031233,0.0,1.15,116.41682594434282
2026-09-30T20:00:00+05:30,Gampaha_Western,27.0,270.69433575949256,0.0,1.3,120.13925032957468
2026-09-30T20:15:00+05:30,Gampaha_Western,26.9,271.19099600054597,0.0,1.44,123.86128448437273
2026-09-30T20:30:00+05:30,Gampaha_Western,26.8,271.7171142271099,0.0,1.48,127.58262232211658
2026-09-30T20:45:00+05:30,Gampaha_Western,26.7,272.28190556482014,0.0,1.36,131.3028955261737
2026-09-30T21:00:00+05:30,Gampaha_Western,26.7,272.89728741357857,0.0,1.2,135.02164290859187
2026-09-30T21:15:00+05:30,Gampaha_Western,26.6,273.5791325955848,0.0,1.0,138.7382643191353
2026-09-30T21:30:00+05:30,Gampaha_Western,26.5,274.3492508534311,0.0,0.91,142.45194982320723
2026-09-30T21:45:00+05:30,Gampaha_Western,26.3,275.23864992967435,0.0,0.97,146.16156105038414
2026-09-30T22:00:00+05:30,Gampaha_Western,26.1,276.2931584052783,0.0,1.06,149.86542661244582
2026-09-30T22:15:00+05:30,Gampaha_Western,25.9,277.5836696063715,0.0,1.21,153.56096983255165
2026-09-30T22:30:00+05:30,Gampaha_Western,25.8,279.2260883467516,0.0,1.27,157.2439767176907
2026-09-30T22:45:00+05:30,Gampaha_Western,25.7,281.42350872049064,0.0,1.24,160.90703287375143
2026-09-30T23:00:00+05:30,Gampaha_Western,25.7,284.5651893144105,0.0,1.25,164.5357962661651
2026-09-30T23:15:00+05:30,Gampaha_Western,25.6,289.49191354519655,0.0,1.23,168.09869599015337
2026-09-30T23:30:00+05:30,Gampaha_Western,25.6,298.3343913247555,0.0,1.29,171.5122116427076
2026-09-30T23:45:00+05:30,Gampaha_Western,25.4,317.4917809859868,0.0,1.37,174.4910983735242
2026-10-01T00:00:00+05:30,Gampaha_Western,25.3,0.3701488486889275,0.0,1.5,175.9308110463941
2026-10-01T00:15:00+05:30,Gampaha_Western,25.1,42.9678007899239,0.0,1.61,174.46163773291568
2026-10-01T00:30:00+05:30,Gampaha_Western,24.9,61.93271063053896,0.0,1.61,171.47400758272016
2026-10-01T00:45:00+05:30,Gampaha_Western,24.8,70.70667956476132,0.0,1.53,168.0579014329548
2026-10-01T01:00:00+05:30,Gampaha_Western,24.7,75.60490388746342,0.0,1.35,164.4940606089994
2026-10-01T01:15:00+05:30,Gampaha_Western,24.7,78.73283701199477,0.0,1.26,160.86495187222516
2026-10-01T01:30:00+05:30,Gampaha_Western,24.6,80.92304414030565,0.0,1.3,157.20182851345623
2026-10-01T01:45:00+05:30,Gampaha_Western,24.5,82.56160469574723,0.0,1.42,153.51891472294318
2026-10-01T02:00:00+05:30,Gampaha_Western,24.3,83.8501999719141,0.0,1.52,149.82357339666794
2026-10-01T02:15:00+05:30,Gampaha_Western,24.2,84.90403785481408,0.0,1.68,146.11999440952303
2026-10-01T02:30:00+05:30,Gampaha_Western,24.1,85.7936407428881,0.0,1.82,142.41074304758985
2026-10-01T02:45:00+05:30,Gampaha_Western,24.0,86.56462949444585,0.0,1.95,138.6974845160899
2026-10-01T03:00:00+05:30,Gampaha_Western,23.9,87.24789199099746,0.0,2.15,134.9813549745212
2026-10-01T03:15:00+05:30,Gampaha_Western,23.9,87.86516894822626,0.0,2.29,131.26316480330695
2026-10-01T03:30:00+05:30,Gampaha_Western,23.9,88.43229576244812,0.0,2.39,127.54351508875453
2026-10-01T03:45:00+05:30,Gampaha_Western,23.9,88.96117304854192,0.0,2.52,123.82286960562055
2026-10-01T04:00:00+05:30,Gampaha_Western,23.9,89.46101377970297,0.0,2.67,120.10160074242503
2026-10-01T04:15:00+05:30,Gampaha_Western,23.9,89.93916176907868,0.0,2.74,116.3800185940766
2026-10-01T04:30:00+05:30,Gampaha_Western,23.8,90.40164697565024,0.0,2.73,112.6583922274079
2026-10-01T04:45:00+05:30,Gampaha_Western,23.8,90.853575168146,0.0,2.51,108.93696517185134
2026-10-01T05:00:00+05:30,Gampaha_Western,23.6,91.2994113554521,0.0,2.11,105.21596581281901
2026-10-01T05:15:00+05:30,Gampaha_Western,23.5,91.74319403981224,0.0,1.69,101.49561708346934
2026-10-01T05:30:00+05:30,Gampaha_Western,23.5,92.18870508185717,0.0,1.47,97.77614491238323
2026-10-01T05:45:00+05:30,Gampaha_Western,23.4,92.63961230541219,0.0,1.55,94.0577846367084
2026-10-01T06:00:00+05:30,Gampaha_Western,23.3,93.09959693561439,0.0,1.77,90.34078894049185
2026-10-01T06:15:00+05:30,Gampaha_Western,23.3,93.5724759867307,11.0,2.04,86.62543635535026
2026-10-01T06:30:00+05:30,Gampaha_Western,23.5,94.06232864037821,44.0,2.17,82.91203936901874
2026-10-01T06:45:00+05:30,Gampaha_Western,23.8,94.5736351302171,85.0,2.15,79.20095576957428
2026-10-01T07:00:00+05:30,Gampaha_Western,24.2,95.11143829670891,132.0,1.97,75.49260252388552
2026-10-01T07:15:00+05:30,Gampaha_Western,24.7,95.68154037205937,180.0,1.77,71.78747175809507
2026-10-01T07:30:00+05:30,Gampaha_Western,25.2,96.29075087723015,226.0,1.55,68.08615329636878
2026-10-01T07:45:00+05:30,Gampaha_Western,25.7,96.94720835904587,271.0,1.3,64.38936434635109
2026-10-01T08:00:00+05:30,Gampaha_Western,26.1,97.66080857391921,314.0,1.03,60.69798791238081
2026-10-01T08:15:00+05:30,Gampaha_Western,26.6,98.44378628120921,360.0,0.94,57.01312748193962
2026-10-01T08:30:00+05:30,Gampaha_Western,27.0,99.31152278864909,406.0,0.96,53.33618349072631
2026-10-01T08:45:00+05:30,Gampaha_Western,27.5,100.28369087641289,451.0,1.05,49.668961052471545
2026-10-01T09:00:00+05:30,Gampaha_Western,27.9,101.38591263142382,494.0,1.1,46.01382954277408
2026-10-01T09:15:00+05:30,Gampaha_Western,28.3,102.65221624960083,531.0,1.15,42.37396166888684
2026-10-01T09:30:00+05:30,Gampaha_Western,28.6,104.12876823408368,560.0,1.12,38.75370018872689
2026-10-01T09:45:00+05:30,Gampaha_Western,28.9,105.87969323449295,586.0,1.05,35.159142617512856
2026-10-01T10:00:00+05:30,Gampaha_Western,29.1,107.99640598228814,614.0,1.23,31.599102037041447
2026-10-01T10:15:00+05:30,Gampaha_Western,29.2,110.61300098403916,653.0,1.59,28.086745328342005
2026-10-01T10:30:00+05:30,Gampaha_Western,29.4,113.93227023458667,704.0,1.96,24.64250832906275
2026-10-01T10:45:00+05:30,Gampaha_Western,29.5,118.27027659187127,761.0,2.2,21.299500376408673
2026-10-01T11:00:00+05:30,Gampaha_Western,29.7,124.13102333891129,813.0,2.4,18.113891755462987
2026-10-01T11:15:00+05:30,Gampaha_Western,29.8,132.3149499395377,855.0,2.55,15.18510303565948
2026-10-01T11:30:00+05:30,Gampaha_Western,30.0,143.98250496602316,890.0,2.65,12.692217534559603
2026-10-01T11:45:00+05:30,Gampaha_Western,30.1,160.23809207040654,918.0,2.75,10.937492866435377
2026-10-01T12:00:00+05:30,Gampaha_Western,30.1,180.37396665437137,936.0,2.85,10.305183259387022
2026-10-01T12:15:00+05:30,Gampaha_Western,30.2,200.40864693533996,941.0,2.9,10.990753891863747
2026-10-01T12:30:00+05:30,Gampaha_Western,30.3,216.465451807341,936.0,2.9,12.78390630676904
2026-10-01T12:45:00+05:30,Gampaha_Western,30.6,227.96138030349255,919.0,2.92,15.300040976376238
2026-10-01T13:00:00+05:30,Gampaha_Western,30.9,236.02701461145617,889.0,2.97,18.242398398182885
2026-10-01T13:15:00+05:30,Gampaha_Western,31.2,241.8099827247441,841.0,2.99,21.436161603687935
2026-10-01T13:30:00+05:30,Gampaha_Western,31.1,246.09610774418067,773.0,2.94,24.78431008699323
2026-10-01T13:45:00+05:30,Gampaha_Western,30.5,249.37957357003785,697.0,2.82,28.23194714745447
2026-10-01T14:00:00+05:30,Gampaha_Western,29.5,251.9704766733694,621.0,2.61,31.746652824215943
2026-10-01T14:15:00+05:30,Gampaha_Western,28.5,254.0680119946969,556.0,2.41,35.30837925116832
2026-10-01T14:30:00+05:30,Gampaha_Western,27.8,255.80406051931243,495.0,2.2,38.90418752947465
2026-10-01T14:45:00+05:30,Gampaha_Western,27.6,257.2686344770551,437.0,1.99,42.52540548386089
2026-10-01T15:00:00+05:30,Gampaha_Western,27.7,258.5249405627191,386.0,1.86,46.16602539529391
2026-10-01T15:15:00+05:30,Gampaha_Western,27.9,259.61852484245946,341.0,1.74,49.821763558789065
2026-10-01T15:30:00+05:30,Gampaha_Western,28.0,260.58298286106077,305.0,1.74,53.48948859800926
2026-10-01T15:45:00+05:30,Gampaha_Western,28.0,261.4436246991021,272.0,1.71,57.16686008521853
2026-10-01T16:00:00+05:30,Gampaha_Western,28.0,262.2198903497041,236.0,1.68,60.85209360646539
2026-10-01T16:15:00+05:30,Gampaha_Western,28.0,262.92698125517063,194.0,1.62,64.54380527132251
2026-10-01T16:30:00+05:30,Gampaha_Western,27.8,263.57698730730203,148.0,1.57,68.24090419990323
2026-10-01T16:45:00+05:30,Gampaha_Western,27.4,264.17968242897507,106.0,1.58,71.94251719442181
2026-10-01T17:00:00+05:30,Gampaha_Western,26.8,264.74309809728555,73.0,1.72,75.64793633346459
2026-10-01T17:15:00+05:30,Gampaha_Western,26.2,265.27394495149986,50.0,2.0,79.35657965209464
2026-10-01T17:30:00+05:30,Gampaha_Western,25.7,265.7779295910677,33.0,2.22,83.06796188781031
2026-10-01T17:45:00+05:30,Gampaha_Western,25.5,266.25999850048595,19.0,2.2,86.78167379855758
2026-10-01T18:00:00+05:30,Gampaha_Western,25.4,266.7245308180172,5.0,2.05,90.49736500229452
2026-10-01T18:15:00+05:30,Gampaha_Western,25.4,267.17549614638267,0.0,1.87,94.21473039786206
2026-10-01T18:30:00+05:30,Gampaha_Western,25.4,267.6165896124031,0.0,1.81,97.93350062710923
2026-10-01T18:45:00+05:30,Gampaha_Western,25.3,268.0513535000619,0.0,1.81,101.65343281667563
2026-10-01T19:00:00+05:30,Gampaha_Western,25.2,268.4832941917112,0.0,1.89,105.37430248658748
2026-10-01T19:15:00+05:30,Gampaha_Western,25.1,268.91600299732676,0.0,1.93,109.09589761126628
2026-10-01T19:30:00+05:30,Gampaha_Western,25.0,269.3532898863584,0.0,1.88,112.81801135565937
2026-10-01T19:45:00+05:30,Gampaha_Western,24.9,269.7993419283723,0.0,1.81,116.54043448036525
2026-10-01T20:00:00+05:30,Gampaha_Western,24.9,270.25892239470284,0.0,1.63,120.2629482934972
2026-10-01T20:15:00+05:30,Gampaha_Western,24.9,270.73763301880007,0.0,1.45,123.98531434432607
2026-10-01T20:30:00+05:30,Gampaha_Western,24.9,271.2422743358748,0.0,1.31,127.70726116665105
2026-10-01T20:45:00+05:30,Gampaha_Western,24.9,271.78135939748984,0.0,1.21,131.42846773502862
2026-10-01T21:00:00+05:30,Gampaha_Western,24.9,272.3658711380971,0.0,1.07,135.14853765248648
2026-10-01T21:15:00+05:30,Gampaha_Western,24.9,273.01041854225144,0.0,1.06,138.8669604837304
2026-10-01T21:30:00+05:30,Gampaha_Western,24.9,273.7350680498044,0.0,1.08,142.58305268656406
2026-10-01T21:45:00+05:30,Gampaha_Western,24.9,274.5683653176393,0.0,1.11,146.29585821335928
2026-10-01T22:00:00+05:30,Gampaha_Western,24.8,275.55256351445985,0.0,1.14,150.0039768174734
2026-10-01T22:15:00+05:30,Gampaha_Western,24.8,276.7531930879123,0.0,1.28,153.70525085818804
2026-10-01T22:30:00+05:30,Gampaha_Western,24.8,278.27781635412873,0.0,1.38,157.39614593130807
2026-10-01T22:45:00+05:30,Gampaha_Western,24.7,280.3160533287087,0.0,1.49,161.07041868284716
2026-10-01T23:00:00+05:30,Gampaha_Western,24.7,283.2348445647161,0.0,1.6,164.71590480796323
2026-10-01T23:15:00+05:30,Gampaha_Western,24.6,287.8399682309584,0.0,1.69,168.30547658998353
2026-10-01T23:30:00+05:30,Gampaha_Western,24.5,296.24065462721705,0.0,1.71,171.76549800259278
2026-10-01T23:45:00+05:30,Gampaha_Western,24.5,315.2690032376603,0.0,1.66,174.82883108977782
2026-10-02T00:00:00+05:30,Gampaha_Western,24.4,1.6688648374720287,0.0,1.47,176.31696415904494
2026-10-02T00:15:00+05:30,Gampaha_Western,24.4,46.445052263362754,0.0,1.35,174.6822649569206
2026-10-02T00:30:00+05:30,Gampaha_Western,24.3,64.5206507135851,0.0,1.2,171.58093593243444
2026-10-02T00:45:00+05:30,Gampaha_Western,24.3,72.60771483966352,0.0,1.1,168.11009884451664
2026-10-02T01:00:00+05:30,Gampaha_Western,24.2,77.08471024217215,0.0,1.03,164.51637659930893
2026-10-02T01:15:00+05:30,Gampaha_Western,24.2,79.94080961763444,0.0,0.92,160.86900223919832
2026-10-02T01:30:00+05:30,Gampaha_Western,24.2,81.94447908030668,0.0,0.88,157.19381692324876
2026-10-02T01:45:00+05:30,Gampaha_Western,24.1,83.4485165504214,0.0,0.85,153.50251118466005
2026-10-02T02:00:00+05:30,Gampaha_Western,24.1,84.63631273301775,0.0,0.9,149.80112265854956
2026-10-02T02:15:00+05:30,Gampaha_Western,24.1,85.61236201591186,0.0,0.92,146.09308639658707
2026-10-02T02:30:00+05:30,Gampaha_Western,24.0,86.44055115004562,0.0,0.94,142.380508559339
2026-10-02T02:45:00+05:30,Gampaha_Western,24.0,87.16219450696576,0.0,0.97,138.66476036187754
2026-10-02T03:00:00+05:30,Gampaha_Western,24.0,87.80527471468088,0.0,0.97,134.94678193401774
2026-10-02T03:15:00+05:30,Gampaha_Western,23.9,88.38950861398922,0.0,0.97,131.2272487212231
2026-10-02T03:30:00+05:30,Gampaha_Western,23.9,88.9292837852488,0.0,0.97,127.5066666309119
2026-10-02T03:45:00+05:30,Gampaha_Western,23.9,89.4354423486609,0.0,0.98,123.78543111191908
2026-10-02T04:00:00+05:30,Gampaha_Western,23.9,89.91640982509489,0.0,0.96,120.06386499567705
2026-10-02T04:15:00+05:30,Gampaha_Western,23.8,90.37893642773031,0.0,1.01,116.34224236198904
2026-10-02T04:30:00+05:30,Gampaha_Western,23.8,90.82860071979383,0.0,0.93,112.62080635617268
2026-10-02T04:45:00+05:30,Gampaha_Western,23.8,91.27016399519505,0.0,0.74,108.89978236796216
2026-10-02T05:00:00+05:30,Gampaha_Western,23.8,91.7078292236543,0.0,0.5,105.17938686867224
2026-10-02T05:15:00+05:30,Gampaha_Western,23.7,92.1454381596219,0.0,0.32,101.4598360711507
2026-10-02T05:30:00+05:30,Gampaha_Western,23.7,92.58662919320471,0.0,0.3,97.74135371814005
2026-10-02T05:45:00+05:30,Gampaha_Western,23.7,93.03497165045519,0.0,0.51,94.02417712678775
2026-10-02T06:00:00+05:30,Gampaha_Western,23.7,93.49408772584178,0.0,0.83,90.30856499631561
2026-10-02T06:15:00+05:30,Gampaha_Western,23.7,93.96777158197926,12.0,1.23,86.59480598412735
2026-10-02T06:30:00+05:30,Gampaha_Western,23.9,94.46011431841862,47.0,1.44,82.88322710187069
2026-10-02T06:45:00+05:30,Gampaha_Western,24.2,94.9756431707907,91.0,1.4,79.17420556413344
2026-10-02T07:00:00+05:30,Gampaha_Western,24.6,95.51948509900149,142.0,1.25,75.46818343403363
2026-10-02T07:15:00+05:30,Gampaha_Western,25.1,96.09756747618576,196.0,1.04,71.76568469231472
2026-10-02T07:30:00+05:30,Gampaha_Western,25.6,96.71687206879966,252.0,0.9,68.06733927203499
2026-10-02T07:45:00+05:30,Gampaha_Western,26.1,97.38576554015941,309.0,0.89,64.3739148044656
2026-10-02T08:00:00+05:30,Gampaha_Western,26.6,98.11443985068559,366.0,1.04,60.68635785166042
2026-10-02T08:15:00+05:30,Gampaha_Western,27.1,98.91551079900103,421.0,1.16,57.00585249074062
2026-10-02T08:30:00+05:30,Gampaha_Western,27.6,99.80484837588676,472.0,1.2,53.33390222264045
2026-10-02T08:45:00+05:30,Gampaha_Western,28.0,100.8027526465213,519.0,1.17,49.67244541326693
2026-10-02T09:00:00+05:30,Gampaha_Western,28.3,101.93565336324451,564.0,1.12,46.02402596888135
2026-10-02T09:15:00+05:30,Gampaha_Western,28.6,103.23862243580646,610.0,1.13,42.392048642450284
2026-10-02T09:30:00+05:30,Gampaha_Western,28.9,104.75917799916806,657.0,1.21,38.781169941696504
2026-10-02T09:45:00+05:30,Gampaha_Western,29.2,106.56318979141065,702.0,1.3,35.1979195146736
2026-10-02T10:00:00+05:30,Gampaha_Western,29.5,108.74429042788279,743.0,1.39,31.65171733415722
2026-10-02T10:15:00+05:30,Gampaha_Western,29.7,111.43926278378245,775.0,1.41,28.156599008265353
2026-10-02T10:30:00+05:30,Gampaha_Western,29.9,114.85372667953959,797.0,1.5,24.734262805397776
2026-10-02T10:45:00+05:30,Gampaha_Western,30.1,119.30528210496647,812.0,1.57,21.419656707710487
2026-10-02T11:00:00+05:30,Gampaha_Western,30.3,125.29332613873407,824.0,1.6,18.271536090563416
2026-10-02T11:15:00+05:30,Gampaha_Western,30.5,133.592908218787,838.0,1.68,15.392423412298257
2026-10-02T11:30:00+05:30,Gampaha_Western,30.5,145.2824119845236,856.0,1.81,12.962847573910636
2026-10-02T11:45:00+05:30,Gampaha_Western,30.6,161.29054113815232,871.0,2.05,11.277219610054857
2026-10-02T12:00:00+05:30,Gampaha_Western,30.6,180.79305130496618,871.0,2.39,10.69335237340563
2026-10-02T12:15:00+05:30,Gampaha_Western,30.4,200.10982726453392,846.0,2.65,11.382083017242053
2026-10-02T12:30:00+05:30,Gampaha_Western,30.2,215.74395071540084,792.0,2.8,13.14487167137851
2026-10-02T12:45:00+05:30,Gampaha_Western,29.6,227.10052695084124,726.0,2.73,15.622259187652702
2026-10-02T13:00:00+05:30,Gampaha_Western,28.8,235.16524036218362,663.0,2.5,18.529794301046948
2026-10-02T13:15:00+05:30,Gampaha_Western,28.0,240.99665995100614,616.0,2.24,21.695202412175377
2026-10-02T13:30:00+05:30,Gampaha_Western,27.5,245.34306305694537,576.0,2.16,25.02078416912947
2026-10-02T13:45:00+05:30,Gampaha_Western,27.5,248.68496120660208,542.0,2.31,28.450405997017185
2026-10-02T14:00:00+05:30,Gampaha_Western,27.9,251.32817751643069,513.0,2.51,31.950560418146196
2026-10-02T14:15:00+05:30,Gampaha_Western,28.2,253.47111969539446,489.0,2.69,35.50036842574149
2026-10-02T14:30:00+05:30,Gampaha_Western,28.3,255.24608900913807,479.0,2.59,39.08627956750315
2026-10-02T14:45:00+05:30,Gampaha_Western,27.9,256.74386192934116,469.0,2.09,42.69917400889428
2026-10-02T15:00:00+05:30,Gampaha_Western,27.3,258.02843497239,444.0,1.44,46.33271398711302
2026-10-02T15:15:00+05:30,Gampaha_Western,26.7,259.1460621561612,395.0,1.12,49.98236958012828
2026-10-02T15:30:00+05:30,Gampaha_Western,26.2,260.1309386581663,324.0,1.29,53.64482329564002
2026-10-02T15:45:00+05:30,Gampaha_Western,26.0,261.00886914045003,250.0,1.41,57.31759217740611
2026-10-02T16:00:00+05:30,Gampaha_Western,25.9,261.7996958162681,190.0,1.39,60.99878133497852
2026-10-02T16:15:00+05:30,Gampaha_Western,25.9,262.51894421024866,152.0,1.3,64.68692031552769
2026-10-02T16:30:00+05:30,Gampaha_Western,25.8,263.1789630493406,129.0,1.3,68.38084978989276
2026-10-02T16:45:00+05:30,Gampaha_Western,25.6,263.78973058178644,111.0,1.32,72.07964204034222
2026-10-02T17:00:00+05:30,Gampaha_Western,25.5,264.3594366348053,91.0,1.39,75.7825455053146
2026-10-02T17:15:00+05:30,Gampaha_Western,25.4,264.8949107559498,68.0,1.46,79.48894321978959
2026-10-02T17:30:00+05:30,Gampaha_Western,25.2,265.40194380903785,45.0,1.5,83.1983219101741
2026-10-02T17:45:00+05:30,Gampaha_Western,25.1,265.88553518613946,24.0,1.57,86.91025008945905
2026-10-02T18:00:00+05:30,Gampaha_Western,24.9,266.35008751229304,6.0,1.58,90.62436000881856
2026-10-02T18:15:00+05:30,Gampaha_Western,24.8,266.79956512996654,0.0,1.62,94.34033344619061
2026-10-02T18:30:00+05:30,Gampaha_Western,24.7,267.23762857383645,0.0,1.63,98.05789174786962
2026-10-02T18:45:00+05:30,Gampaha_Western,24.6,267.66775427303116,0.0,1.61,101.77678633563326
2026-10-02T19:00:00+05:30,Gampaha_Western,24.5,268.09334801896904,0.0,1.54,105.49679055204031
2026-10-02T19:15:00+05:30,Gampaha_Western,24.4,268.5178604354504,0.0,1.46,109.21769384062307
2026-10-02T19:30:00+05:30,Gampaha_Western,24.3,268.9449129314999,0.0,1.39,112.93929480120035
2026-10-02T19:45:00+05:30,Gampaha_Western,24.3,269.3784451212023,0.0,1.32,116.6613941553761
2026-10-02T20:00:00+05:30,Gampaha_Western,24.2,269.8228984093568,0.0,1.24,120.38378858980172
2026-10-02T20:15:00+05:30,Gampaha_Western,24.2,270.283456333296,0.0,1.15,124.1062617800194
2026-10-02T20:30:00+05:30,Gampaha_Western,24.1,270.7663736058822,0.0,1.15,127.82857311062654
2026-10-02T20:45:00+05:30,Gampaha_Western,24.1,271.2794444219137,0.0,1.11,131.55044407407343
2026-10-02T21:00:00+05:30,Gampaha_Western,24.1,271.8326926339939,0.0,1.1,135.27153689922054
2026-10-02T21:15:00+05:30,Gampaha_Western,24.1,272.43942607623694,0.0,1.17,138.99142274727396
2026-10-02T21:30:00+05:30,Gampaha_Western,24.0,273.117909195974,0.0,1.31,142.70953353492362
2026-10-02T21:45:00+05:30,Gampaha_Western,24.0,273.89412922129196,0.0,1.43,146.42508047407503
2026-10-02T22:00:00+05:30,Gampaha_Western,23.9,274.80659755822535,0.0,1.58,150.1369131971747
2026-10-02T22:15:00+05:30,Gampaha_Western,23.9,275.91517647342886,0.0,1.65,153.8432623394752
2026-10-02T22:30:00+05:30,Gampaha_Western,23.9,277.3184817067287,0.0,1.68,157.5412276631969
2026-10-02T22:45:00+05:30,Gampaha_Western,23.9,279.19134551719276,0.0,1.63,161.22566958986286
2026-10-02T23:00:00+05:30,Gampaha_Western,23.8,281.87516806369683,0.0,1.61,164.8865086923443
2026-10-02T23:15:00+05:30,Gampaha_Western,23.8,286.13152986294244,0.0,1.57,168.50098870777398
2026-10-02T23:30:00+05:30,Gampaha_Western,23.8,294.0177170856094,0.0,1.57,172.00577382230279
2026-10-02T23:45:00+05:30,Gampaha_Western,23.8,312.7347485451479,0.0,1.57,175.15635341790767
2026-10-03T00:00:00+05:30,Gampaha_Western,23.8,3.245802038755869,0.0,1.66,176.7002908711399
2026-10-03T00:15:00+05:30,Gampaha_Western,23.7,50.192350465582706,0.0,1.78,174.88246838636195
2026-10-03T00:30:00+05:30,Gampaha_Western,23.7,67.16176426914348,0.0,1.88,171.67155676803856
2026-10-03T00:45:00+05:30,Gampaha_Western,23.7,74.51860345863463,0.0,1.82,168.1506360747369
2026-10-03T01:00:00+05:30,Gampaha_Western,23.7,78.56447967286482,0.0,1.64,164.53005402893254
2026-10-03T01:15:00+05:30,Gampaha_Western,23.7,81.14626622947577,0.0,1.42,160.86641789853033
2026-10-03T01:30:00+05:30,Gampaha_Western,23.7,82.96290138495289,0.0,1.33,157.18057784611295
2026-10-03T01:45:00+05:30,Gampaha_Western,23.7,84.3324999842605,0.0,1.3,153.48192087781274
2026-10-03T02:00:00+05:30,Gampaha_Western,23.6,85.41974307372999,0.0,1.36,149.77528824328948
2026-10-03T02:15:00+05:30,Gampaha_Western,23.6,86.31827596100908,0.0,1.47,146.06343631439702
2026-10-03T02:30:00+05:30,Gampaha_Western,23.6,87.08530587536671,0.0,1.53,142.34805952577506
2026-10-03T02:45:00+05:30,Gampaha_Western,23.5,87.75782857861884,0.0,1.59,138.6302659955814
2026-10-03T03:00:00+05:30,Gampaha_Western,23.5,88.36092051650968,0.0,1.63,134.9108207690532
2026-10-03T03:15:00+05:30,Gampaha_Western,23.5,88.91227743911412,0.0,1.63,131.19027904776365
2026-10-03T03:30:00+05:30,Gampaha_Western,23.5,89.42484281272539,0.0,1.66,127.46906218004179
2026-10-03T03:45:00+05:30,Gampaha_Western,23.5,89.90840385891755,0.0,1.63,123.74750517350355
2026-10-03T04:00:00+05:30,Gampaha_Western,23.5,90.370601801887,0.0,1.63,120.02588729685272
2026-10-03T04:15:00+05:30,Gampaha_Western,23.5,90.81759590100188,0.0,1.56,116.3044512796149
2026-10-03T04:30:00+05:30,Gampaha_Western,23.5,91.25451548954709,0.0,1.52,112.58341805565738
2026-10-03T04:45:00+05:30,Gampaha_Western,23.5,91.68577912966828,0.0,1.49,108.86299789298323
2026-10-03T05:00:00+05:30,Gampaha_Western,23.5,92.11532913172795,0.0,1.45,105.14339785857177
2026-10-03T05:15:00+05:30,Gampaha_Western,23.5,92.54681156953649,0.0,1.39,101.42482958040459
2026-10-03T05:30:00+05:30,Gampaha_Western,23.5,92.98372215463598,0.0,1.39,97.70751648329114
2026-10-03T05:45:00+05:30,Gampaha_Western,23.5,93.42953225679292,0.0,1.42,93.99169954229303
2026-10-03T06:00:00+05:30,Gampaha_Western,23.5,93.88780534150783,0.0,1.49,90.27764502224899
2026-10-03T06:15:00+05:30,Gampaha_Western,23.6,94.36231277638848,10.0,1.56,86.56565318640419
2026-10-03T06:30:00+05:30,Gampaha_Western,23.7,94.85715736838256,39.0,1.52,82.85606702432491
2026-10-03T06:45:00+05:30,Gampaha_Western,24.0,95.37691283114475,78.0,1.41,79.14928465869261
2026-10-03T07:00:00+05:30,Gampaha_Western,24.3,95.92678933191769,126.0,1.24,75.4457747996358
2026-10-03T07:15:00+05:30,Gampaha_Western,24.7,96.51283796633459,179.0,1.03,71.74609495144342
2026-10-03T07:30:00+05:30,Gampaha_Western,25.1,97.14221063880683,238.0,0.92,68.0509170069709
2026-10-03T07:45:00+05:30,Gampaha_Western,25.6,97.82349905503355,299.0,0.9,64.36106111397376
2026-10-03T08:00:00+05:30,Gampaha_Western,26.1,98.56718690864744,361.0,1.01,60.6775398099459
2026-10-03T08:15:00+05:30,Gampaha_Western,26.6,99.38626449727604,417.0,1.22,57.001620601103674
2026-10-03T08:30:00+05:30,Gampaha_Western,27.0,100.29708081217598,464.0,1.35,53.334913433067385
2026-10-03T08:45:00+05:30,Gampaha_Western,27.5,101.32054862959001,505.0,1.45,49.67949398662874
2026-10-03T09:00:00+05:30,Gampaha_Western,27.9,102.48388298141413,544.0,1.51,46.038085604577816
2026-10-03T09:15:00+05:30,Gampaha_Western,28.3,103.8231642858517,592.0,1.53,42.414330983972725
2026-10-03T09:30:00+05:30,Gampaha_Western,28.7,105.38720544120088,650.0,1.57,38.813207359037904
2026-10-03T09:45:00+05:30,Gampaha_Western,29.0,107.24352667652244,710.0,1.62,35.24168436311134
2026-10-03T10:00:00+05:30,Gampaha_Western,29.4,109.48781613333529,760.0,1.66,31.709796613639355
2026-10-03T10:15:00+05:30,Gampaha_Western,29.7,112.25925760112557,787.0,1.69,28.23245302388974
2026-10-03T10:30:00+05:30,Gampaha_Western,29.9,115.76577652597189,791.0,1.81,24.832607103887057
2026-10-03T10:45:00+05:30,Gampaha_Western,30.1,120.32555493553497,780.0,1.91,21.54700365906919
2026-10-03T11:00:00+05:30,Gampaha_Western,30.1,126.43172578694265,762.0,2.09,18.436848639926964
2026-10-03T11:15:00+05:30,Gampaha_Western,30.1,134.8317612756615,746.0,2.2,15.607410069877375
2026-10-03T11:30:00+05:30,Gampaha_Western,30.1,146.52276021573363,725.0,2.35,13.239923518413462
2026-10-03T11:45:00+05:30,Gampaha_Western,30.0,162.27421519038137,701.0,2.48,11.620274631455686
2026-10-03T12:00:00+05:30,Gampaha_Western,29.8,181.17572667728578,680.0,2.64,11.081385570035522
2026-10-03T12:15:00+05:30,Gampaha_Western,29.6,199.8250721597239,667.0,2.8,11.77262054213881
2026-10-03T12:30:00+05:30,Gampaha_Western,29.3,215.05696704817,666.0,2.88,13.506409926839993
2026-10-03T12:45:00+05:30,Gampaha_Western,28.9,226.271811606382,667.0,2.97,15.94623254704301
2026-10-03T13:00:00+05:30,Gampaha_Western,28.3,234.32801057872487,657.0,3.03,18.819451395859943
2026-10-03T13:15:00+05:30,Gampaha_Western,27.8,240.20127438697227,625.0,3.02,21.956563296833565
2026-10-03T13:30:00+05:30,Gampaha_Western,27.5,244.60318171114395,577.0,2.96,25.259418367842088
2026-10-03T13:45:00+05:30,Gampaha_Western,27.3,248.00019686804637,520.0,2.76,28.670774091165974
2026-10-03T14:00:00+05:30,Gampaha_Western,27.3,250.69341559860965,460.0,2.44,32.15609745636372
2026-10-03T14:15:00+05:30,Gampaha_Western,27.3,252.8801246447385,399.0,2.12,35.693706437191445
2026-10-03T14:30:00+05:30,Gampaha_Western,27.2,254.69282448043106,333.0,1.81,39.26945087532624
2026-10-03T14:45:00+05:30,Gampaha_Western,27.0,256.2229125145113,269.0,1.43,42.87376747261565
2026-10-03T15:00:00+05:30,Gampaha_Western,26.8,257.5350816571852,217.0,0.96,46.499989092780105
2026-10-03T15:15:00+05:30,Gampaha_Western,26.6,258.67623197886866,181.0,0.54,50.14333869842763
2026-10-03T15:30:00+05:30,Gampaha_Western,26.3,259.68111645837814,159.0,0.22,53.800311151987216
2026-10-03T15:45:00+05:30,Gampaha_Western,26.1,260.5760054737562,144.0,0.25,57.46827925122609
2026-10-03T16:00:00+05:30,Gampaha_Western,25.9,261.38112312040664,130.0,0.53,61.14523592218519
2026-10-03T16:15:00+05:30,Gampaha_Western,25.6,262.11230437886206,114.0,0.82,64.82962253637092
2026-10-03T16:30:00+05:30,Gampaha_Western,25.5,262.782146076294,100.0,0.97,68.52020982155189
2026-10-03T16:45:00+05:30,Gampaha_Western,25.4,263.4008227424952,85.0,0.96,72.21601416111142
2026-10-03T17:00:00+05:30,Gampaha_Western,25.3,263.9766763948768,69.0,0.89,75.9162390783639
2026-10-03T17:15:00+05:30,Gampaha_Western,25.3,264.51665065626736,51.0,0.75,79.62023141208974
2026-10-03T17:30:00+05:30,Gampaha_Western,25.3,265.026616755719,34.0,0.75,83.32744873701738
2026-10-03T17:45:00+05:30,Gampaha_Western,25.2,265.5116237413931,18.0,0.75,87.03743621382533
2026-10-03T18:00:00+05:30,Gampaha_Western,25.1,265.97609490291336,4.0,0.8,90.74980762491812
2026-10-03T18:15:00+05:30,Gampaha_Western,25.0,266.4239867541804,0.0,0.85,94.46423050426478
2026-10-03T18:30:00+05:30,Gampaha_Western,25.0,266.8589227703216,0.0,0.86,98.18041572657272
2026-10-03T18:45:00+05:30,Gampaha_Western,24.9,267.28431101308297,0.0,0.87,101.89810774737575
2026-10-03T19:00:00+05:30,Gampaha_Western,24.9,267.70345397010334,0.0,0.9,105.6170763466301
2026-10-03T19:15:00+05:30,Gampaha_Western,24.8,268.1196584828691,0.0,0.92,109.33711087429559
2026-10-03T19:30:00+05:30,Gampaha_Western,24.8,268.5363536878767,0.0,0.97,113.05801356374235
2026-10-03T19:45:00+05:30,Gampaha_Western,24.7,268.9572270996912,0.0,1.03,116.7795929830146
2026-10-03T20:00:00+05:30,Gampaha_Western,24.7,269.38639222712084,0.0,1.1,120.50165865553737
2026-10-03T20:15:00+05:30,Gampaha_Western,24.6,269.8286063242349,0.0,1.13,124.2240132743652
2026-10-03T20:30:00+05:30,Gampaha_Western,24.6,270.2895671004358,0.0,1.17,127.9464431957465
2026-10-03T20:45:00+05:30,Gampaha_Western,24.5,270.77633396951535,0.0,1.17,131.66870749793196
2026-10-03T21:00:00+05:30,Gampaha_Western,24.5,271.29794831502204,0.0,1.24,135.39052063977863
2026-10-03T21:15:00+05:30,Gampaha_Western,24.4,271.8663813078471,0.0,1.2,139.1115268984854
2026-10-03T21:30:00+05:30,Gampaha_Western,24.3,272.4980394201978,0.0,1.24,142.8312621534513
2026-10-03T21:45:00+05:30,Gampaha_Western,24.3,273.2162592862435,0.0,1.24,146.5490888907846
2026-10-03T22:00:00+05:30,Gampaha_Western,24.2,274.0556508029632,0.0,1.28,150.26408377502628
2026-10-03T22:15:00+05:30,Gampaha_Western,24.2,275.07011332593305,0.0,1.25,153.9748320741832
2026-10-03T22:30:00+05:30,Gampaha_Western,24.1,276.34872839997024,0.0,1.26,157.6790166646782
2026-10-03T22:45:00+05:30,Gampaha_Western,24.1,278.050247552266,0.0,1.23,161.37252247088014
2026-10-03T23:00:00+05:30,Gampaha_Western,24.0,280.48729597650447,0.0,1.28,165.04723354471506
2026-10-03T23:15:00+05:30,Gampaha_Western,24.0,284.36767960571706,0.0,1.28,168.6846164977691
2026-10-03T23:30:00+05:30,Gampaha_Western,23.9,291.6621346934246,0.0,1.28,172.231833090269
2026-10-03T23:45:00+05:30,Gampaha_Western,23.9,309.8349461462384,0.0,1.3,175.47153236093607
2026-10-04T00:00:00+05:30,Gampaha_Western,23.9,5.204727395020768,0.0,1.33,177.07992991029664
2026-10-04T00:15:00+05:30,Gampaha_Western,23.8,54.208714129843486,0.0,1.32,175.05998528157386
2026-10-04T00:30:00+05:30,Gampaha_Western,23.8,69.84673655012949,0.0,1.35,171.74550772911073
2026-10-04T00:45:00+05:30,Gampaha_Western,23.8,76.43531726862443,0.0,1.35,168.17954449119253
2026-10-04T01:00:00+05:30,Gampaha_Western,23.8,80.04227778287691,0.0,1.38,164.53520774353123
2026-10-04T01:15:00+05:30,Gampaha_Western,23.8,82.34813370884444,0.0,1.42,160.85733044057298
2026-10-04T01:30:00+05:30,Gampaha_Western,23.8,83.97764045328398,0.0,1.42,157.1622429676445
2026-10-04T01:45:00+05:30,Gampaha_Western,23.8,85.21309467190304,0.0,1.43,153.4572713591051
2026-10-04T02:00:00+05:30,Gampaha_Western,23.7,86.20015072047465,0.0,1.47,149.7461928318674
2026-10-04T02:15:00+05:30,Gampaha_Western,23.7,87.02151296219796,0.0,1.51,146.03116221877713
2026-10-04T02:30:00+05:30,Gampaha_Western,23.7,87.72768584427865,0.0,1.51,142.31350987395166
2026-10-04T02:45:00+05:30,Gampaha_Western,23.6,88.35134491946985,0.0,1.54,138.5941117158647
2026-10-04T03:00:00+05:30,Gampaha_Western,23.5,88.91466525903036,0.0,1.57,134.8735785888177
2026-10-04T03:15:00+05:30,Gampaha_Western,23.4,89.43332760962437,0.0,1.56,131.1523600702065
2026-10-04T03:30:00+05:30,Gampaha_Western,23.3,89.91883701739158,0.0,1.56,127.43080349956217
2026-10-04T03:45:00+05:30,Gampaha_Western,23.2,90.37993064968407,0.0,1.56,123.70919126693514
2026-10-04T04:00:00+05:30,Gampaha_Western,23.1,90.82346939658152,0.0,1.59,119.98776502401375
2026-10-04T04:15:00+05:30,Gampaha_Western,23.0,91.25502474485688,0.0,1.57,116.2667407732138
2026-10-04T04:30:00+05:30,Gampaha_Western,23.0,91.67927932424197,0.0,1.58,112.546320914819
2026-10-04T04:45:00+05:30,Gampaha_Western,22.9,92.10031095374245,0.0,1.6,108.82670358035097
2026-10-04T05:00:00+05:30,Gampaha_Western,22.9,92.52180282969664,0.0,1.57,105.10808891658897
2026-10-04T05:15:00+05:30,Gampaha_Western,23.0,92.9472065202973,0.0,1.54,101.39068608176042
2026-10-04T05:30:00+05:30,Gampaha_Western,23.1,93.37987591543458,0.0,1.54,97.67472002816544
2026-10-04T05:45:00+05:30,Gampaha_Western,23.2,93.82318500024832,0.0,1.5,93.96043704501521
2026-10-04T06:00:00+05:30,Gampaha_Western,23.5,94.28063881281571,0.0,1.42,90.24811249247006
2026-10-04T06:15:00+05:30,Gampaha_Western,23.8,94.75598595433672,13.0,1.36,86.53805969558627
2026-10-04T06:30:00+05:30,Gampaha_Western,24.1,95.253340670895,49.0,1.28,82.83063905627142
2026-10-04T06:45:00+05:30,Gampaha_Western,24.4,95.77732254222798,97.0,1.2,79.126271054239
2026-10-04T07:00:00+05:30,Gampaha_Western,24.8,96.33322390527769,153.0,1.13,75.42545256393463
2026-10-04T07:15:00+05:30,Gampaha_Western,25.2,96.9272179884232,211.0,1.04,71.72877624464469
2026-10-04T07:30:00+05:30,Gampaha_Western,25.6,97.5666244981478,266.0,1.01,68.0369577463137
2026-10-04T07:45:00+05:30,Gampaha_Western,26.0,98.26025680389483,319.0,1.0,64.3508717604437
2026-10-04T08:00:00+05:30,Gampaha_Western,26.3,99.01888545568414,371.0,0.96,60.67159912996631
2026-10-04T08:15:00+05:30,Gampaha_Western,26.7,99.85586816482328,424.0,1.0,57.000493512619386
2026-10-04T08:30:00+05:30,Gampaha_Western,27.0,100.78802250329977,476.0,1.06,53.339274516014406
2026-10-04T08:45:00+05:30,Gampaha_Western,27.4,101.8368583794246,526.0,1.14,49.690158966118815
2026-10-04T09:00:00+05:30,Gampaha_Western,27.7,103.0303523380577,573.0,1.19,46.056054209660054
2026-10-04T09:15:00+05:30,Gampaha_Western,28.0,104.40555619512293,615.0,1.3,42.440846290245595
2026-10-04T09:30:00+05:30,Gampaha_Western,28.3,106.01251814150123,652.0,1.37,38.849839375684205
2026-10-04T09:45:00+05:30,Gampaha_Western,28.6,107.92031086025833,685.0,1.46,35.29044972748876
2026-10-04T10:00:00+05:30,Gampaha_Western,29.0,110.2265115746822,712.0,1.59,31.773332400606108
2026-10-04T10:15:00+05:30,Gampaha_Western,29.3,113.07241433772754,736.0,1.7,28.314270945967742
2026-10-04T10:30:00+05:30,Gampaha_Western,29.5,116.66773208098834,754.0,1.81,24.937461517642006
2026-10-04T10:45:00+05:30,Gampaha_Western,29.7,121.33030767962981,768.0,1.88,21.68139524652358
2026-10-04T11:00:00+05:30,Gampaha_Western,29.9,127.5454883211857,780.0,1.99,18.609582609761347
2026-10-04T11:15:00+05:30,Gampaha_Western,30.0,136.03140637463366,794.0,2.07,15.829677453546267
2026-10-04T11:30:00+05:30,Gampaha_Western,30.1,147.70548931941198,812.0,2.18,13.52293636830369
2026-10-04T11:45:00+05:30,Gampaha_Western,30.1,163.19394930817214,828.0,2.29,11.96621380742502
2026-10-04T12:00:00+05:30,Gampaha_Western,30.1,181.52525473970687,835.0,2.36,11.469100401105038
2026-10-04T12:15:00+05:30,Gampaha_Western,30.0,199.55269841847803,827.0,2.43,12.162228128223802
2026-10-04T12:30:00+05:30,Gampaha_Western,29.9,214.40169511451973,805.0,2.5,13.868262333091963
2026-10-04T12:45:00+05:30,Gampaha_Western,29.7,225.47342487547846,774.0,2.57,16.271652077461894
2026-10-04T13:00:00+05:30,Gampaha_Western,29.5,233.51440261428945,736.0,2.63,19.111074598657453
2026-10-04T13:15:00+05:30,Gampaha_Western,29.3,239.42339397135422,697.0,2.66,22.219981233977833
2026-10-04T13:30:00+05:30,Gampaha_Western,29.0,243.87627770538148,657.0,2.7,25.499980503684867
2026-10-04T13:45:00+05:30,Gampaha_Western,28.8,247.32521749945852,612.0,2.69,28.892844339411198
2026-10-04T14:00:00+05:30,Gampaha_Western,28.6,250.06619077812343,560.0,2.65,32.36307633851351
2026-10-04T14:15:00+05:30,Gampaha_Western,28.3,252.29505985425203,499.0,2.58,35.888220729763596
2026-10-04T14:30:00+05:30,Gampaha_Western,28.1,254.14431789809976,424.0,2.44,39.45354061048376
2026-10-04T14:45:00+05:30,Gampaha_Western,27.9,255.70584715114398,349.0,2.27,43.04903428698376
2026-10-04T15:00:00+05:30,Gampaha_Western,27.7,257.0449471735159,286.0,2.03,46.66770655030143
2026-10-04T15:15:00+05:30,Gampaha_Western,27.5,258.20910414566794,242.0,1.78,50.30453280567838
2026-10-04T15:30:00+05:30,Gampaha_Western,27.3,259.23358809137505,214.0,1.5,53.95581906878453
2026-10-04T15:45:00+05:30,Gampaha_Western,27.1,260.1451068495693,192.0,1.24,57.618792409969565
2026-10-04T16:00:00+05:30,Gampaha_Western,26.8,260.96424641847835,172.0,1.05,61.29133203820744
2026-10-04T16:15:00+05:30,Gampaha_Western,26.6,261.7071368263352,149.0,0.96,64.97178966312316
2026-10-04T16:30:00+05:30,Gampaha_Western,26.4,262.3866124047268,128.0,1.06,68.65886467045286
2026-10-04T16:45:00+05:30,Gampaha_Western,26.2,263.0130360161141,107.0,1.23,72.35151624165815
2026-10-04T17:00:00+05:30,Gampaha_Western,26.0,263.5948957769476,85.0,1.47,76.04890176159456
2026-10-04T17:15:00+05:30,Gampaha_Western,25.8,264.13924460894066,63.0,1.64,79.75033071878558
2026-10-04T17:30:00+05:30,Gampaha_Western,25.7,264.6520302591239,41.0,1.82,83.45523042818155
2026-10-04T17:45:00+05:30,Gampaha_Western,25.5,265.13834823252034,21.0,1.91,87.16312161354726
2026-10-04T18:00:00+05:30,Gampaha_Western,25.4,265.6026397187379,5.0,2.01,90.87359850353309
2026-10-04T18:15:00+05:30,Gampaha_Western,25.3,266.04885090131864,0.0,2.01,94.58631327340517
2026-10-04T18:30:00+05:30,Gampaha_Western,25.2,266.48056580918706,0.0,2.01,98.30096515847325
2026-10-04T18:45:00+05:30,Gampaha_Western,25.1,266.90112172333914,0.0,2.02,102.01729038615919
2026-10-04T19:00:00+05:30,Gampaha_Western,25.0,267.3137152390609,0.0,1.97,105.73505377952658
2026-10-04T19:15:00+05:30,Gampaha_Western,24.9,267.72150647829966,0.0,1.88,109.45404301987772
2026-10-04T19:30:00+05:30,Gampaha_Western,24.9,268.1277287984479,0.0,1.84,113.17406215323062
2026-10-04T19:45:00+05:30,Gampaha_Western,24.8,268.53581323932156,0.0,1.81,116.89492544335573
2026-10-04T20:00:00+05:30,Gampaha_Western,24.7,268.94953974289774,0.0,1.76,120.61645266256565
2026-10-04T20:15:00+05:30,Gampaha_Western,24.6,269.3732316778092,0.0,1.68,124.33846234111527
2026-10-04T20:30:00+05:30,Gampaha_Western,24.6,269.8120192387555,0.0,1.63,128.06076383089015
2026-10-04T20:45:00+05:30,Gampaha_Western,24.5,270.2722120773722,0.0,1.58,131.7831487171162
2026-10-04T21:00:00+05:30,Gampaha_Western,24.4,270.7618470805013,0.0,1.53,135.50537707044748
2026-10-04T21:15:00+05:30,Gampaha_Western,24.4,271.29152525671606,0.0,1.44,139.22715746998696
2026-10-04T21:30:00+05:30,Gampaha_Western,24.3,271.87574218918627,0.0,1.39,142.94811772940614
2026-10-04T21:45:00+05:30,Gampaha_Western,24.3,272.53509658245605,0.0,1.35,146.66775474780317
2026-10-04T22:00:00+05:30,Gampaha_Western,24.2,273.30014493791873,0.0,1.23,150.38534785945623
2026-10-04T22:15:00+05:30,Gampaha_Western,24.2,274.2185421729707,0.0,1.17,154.0998005438518
2026-10-04T22:30:00+05:30,Gampaha_Western,24.2,275.3692705660858,0.0,1.12,157.80932225140276
2026-10-04T22:45:00+05:30,Gampaha_Western,24.1,276.8937445624445,0.0,1.08,161.51073122839142
2026-10-04T23:00:00+05:30,Gampaha_Western,24.1,279.07261579737497,0.0,1.03,165.19772450157652
2026-10-04T23:15:00+05:30,Gampaha_Western,24.1,282.55012242108876,0.0,0.98,168.85576048398724
2026-10-04T23:30:00+05:30,Gampaha_Western,24.0,289.1721714829708,0.0,0.94,172.44242866379167
2026-10-04T23:45:00+05:30,Gampaha_Western,24.0,306.50796621999405,0.0,0.94,175.77173974429786
2026-10-05T00:00:00+05:30,Gampaha_Western,24.0,7.707176569470562,0.0,0.96,177.45458531678486
2026-10-05T00:15:00+05:30,Gampaha_Western,23.9,58.48309375333616,0.0,0.96,175.21254986173346
2026-10-05T00:30:00+05:30,Gampaha_Western,23.9,72.56527963100774,0.0,0.99,171.80252879690093
2026-10-05T00:45:00+05:30,Gampaha_Western,23.8,78.35378685479077,0.0,1.05,168.1968988977174
2026-10-05T01:00:00+05:30,Gampaha_Western,23.8,81.51620166656181,0.0,1.08,164.53197215460074
2026-10-05T01:15:00+05:30,Gampaha_Western,23.8,83.54536582594017,0.0,1.12,160.84188091827605
2026-10-05T01:30:00+05:30,Gampaha_Western,23.7,84.98804369187894,0.0,1.19,157.138948505207
2026-10-05T01:45:00+05:30,Gampaha_Western,23.7,86.08985190345459,0.0,1.19,153.42869198529695
2026-10-05T02:00:00+05:30,Gampaha_Western,23.7,86.97720283627194,0.0,1.26,149.7139592265814
2026-10-05T02:15:00+05:30,Gampaha_Western,23.7,87.72181099138874,0.0,1.26,145.99638116590123
2026-10-05T02:30:00+05:30,Gampaha_Western,23.6,88.3674748483063,0.0,1.26,142.2769717237908
2026-10-05T02:45:00+05:30,Gampaha_Western,23.6,88.94255834082941,0.0,1.26,138.55640540373014
2026-10-05T03:00:00+05:30,Gampaha_Western,23.5,89.46634550848665,0.0,1.19,134.835159601128
2026-10-05T03:15:00+05:30,Gampaha_Western,23.4,89.95251136117531,0.0,1.17,131.11359277278433
2026-10-05T03:30:00+05:30,Gampaha_Western,23.4,90.41113013203858,0.0,1.1,127.39198870551738
2026-10-05T03:45:00+05:30,Gampaha_Western,23.3,90.84989497573781,0.0,1.03,123.67058491886554
2026-10-05T04:00:00+05:30,Gampaha_Western,23.2,91.2748911838595,0.0,1.01,119.94959133315321
2026-10-05T04:15:00+05:30,Gampaha_Western,23.1,91.69110616360456,0.0,0.92,116.22920179845873
2026-10-05T04:30:00+05:30,Gampaha_Western,23.1,92.10277871270233,0.0,0.85,112.50960381456808
2026-10-05T04:45:00+05:30,Gampaha_Western,23.1,92.51364812889801,0.0,0.79,108.79098633194707
2026-10-05T05:00:00+05:30,Gampaha_Western,23.1,92.92714019706494,0.0,0.73,105.07354503094004
2026-10-05T05:15:00+05:30,Gampaha_Western,23.2,93.3465132568985,0.0,0.67,101.35748868805929
2026-10-05T05:30:00+05:30,Gampaha_Western,23.3,93.77498029367041,0.0,0.61,97.6430456047977
2026-10-05T05:45:00+05:30,Gampaha_Western,23.5,94.21581850601444,0.0,0.55,93.93046901685005
2026-10-05T06:00:00+05:30,Gampaha_Western,23.8,94.67247480320549,0.0,0.5,90.220044886916
2026-10-05T06:15:00+05:30,Gampaha_Western,24.1,95.14867501802144,13.0,0.45,86.51210103443147
2026-10-05T06:30:00+05:30,Gampaha_Western,24.4,95.64854450950634,49.0,0.4,82.80701667589295
2026-10-05T06:45:00+05:30,Gampaha_Western,24.8,96.17674802137356,98.0,0.35,79.10523607056379
2026-10-05T07:00:00+05:30,Gampaha_Western,25.2,96.73865889701182,157.0,0.3,75.40728573717291
2026-10-05T07:15:00+05:30,Gampaha_Western,25.7,97.34057073774034,216.0,0.27,71.7137950758898
2026-10-05T07:30:00+05:30,Gampaha_Western,26.1,97.98996848964174,272.0,0.22,68.02552523583164
2026-10-05T07:45:00+05:30,Gampaha_Western,26.5,98.69588350723416,326.0,0.18,64.3434074075445
2026-10-05T08:00:00+05:30,Gampaha_Western,26.8,99.46936792144777,380.0,0.16,60.66859297761232
2026-10-05T08:15:00+05:30,Gampaha_Western,27.2,100.32413924172448,437.0,0.16,57.00252434816143
2026-10-05T08:30:00+05:30,Gampaha_Western,27.5,101.27747248854371,497.0,0.25,53.347033832136056
2026-10-05T08:45:00+05:30,Gampaha_Western,27.8,102.35145816018394,557.0,0.39,49.704482987317746
2026-10-05T09:00:00+05:30,Gampaha_Western,28.2,103.57480924089282,614.0,0.54,46.077967380233034
2026-10-05T09:15:00+05:30,Gampaha_Western,28.4,104.98551006564901,663.0,0.69,42.4716212779196
2026-10-05T09:30:00+05:30,Gampaha_Western,28.7,106.63478229430461,705.0,0.89,38.891081194340465
2026-10-05T09:45:00+05:30,Gampaha_Western,29.0,108.59315006283595,739.0,1.1,35.34421542171918
2026-10-05T10:00:00+05:30,Gampaha_Western,29.3,110.95991006934264,768.0,1.3,31.842303266034826
2026-10-05T10:15:00+05:30,Gampaha_Western,29.5,113.87817462549765,793.0,1.5,28.40200102479063
2026-10-05T10:30:00+05:30,Gampaha_Western,29.7,117.55893370443141,814.0,1.71,25.048729678644506
2026-10-05T10:45:00+05:30,Gampaha_Western,29.9,122.31881031381579,829.0,1.87,21.822668201622378
2026-10-05T11:00:00+05:30,Gampaha_Western,30.1,128.63398800862205,839.0,2.07,18.789476049491142
2026-10-05T11:15:00+05:30,Gampaha_Western,30.2,137.1919038259362,842.0,2.23,16.058834430435127
2026-10-05T11:30:00+05:30,Gampaha_Western,30.3,148.83261401811205,837.0,2.32,13.81139275230791
2026-10-05T11:45:00+05:30,Gampaha_Western,30.3,164.05420977109418,827.0,2.42,12.314622102871198
2026-10-05T12:00:00+05:30,Gampaha_Western,30.3,181.84450847090974,813.0,2.51,11.856320679649684
2026-10-05T12:15:00+05:30,Gampaha_Western,30.2,199.29125457321476,799.0,2.55,12.550769455230721
2026-10-05T12:30:00+05:30,Gampaha_Western,30.1,213.7756037866141,783.0,2.6,14.230184706523445
2026-10-05T12:45:00+05:30,Gampaha_Western,29.9,224.70366782695282,765.0,2.64,16.598223839028364
2026-10-05T13:00:00+05:30,Gampaha_Western,29.8,232.7235214584648,744.0,2.68,19.404379545821797
2026-10-05T13:15:00+05:30,Gampaha_Western,29.6,238.66258817434982,719.0,2.67,22.485200423494476
2026-10-05T13:30:00+05:30,Gampaha_Western,29.4,243.16216068718873,693.0,2.67,25.74224357990225
2026-10-05T13:45:00+05:30,Gampaha_Western,29.2,246.65995563081805,664.0,2.62,29.116413775376685
2026-10-05T14:00:00+05:30,Gampaha_Western,29.0,249.44649974968416,631.0,2.56,32.5713130873959
2026-10-05T14:15:00+05:30,Gampaha_Western,28.8,251.7159564831656,593.0,2.46,36.08374217568694
2026-10-05T14:30:00+05:30,Gampaha_Western,28.6,253.60061945814164,551.0,2.27,39.63839133091582
2026-10-05T14:45:00+05:30,Gampaha_Western,28.4,255.19272682417966,506.0,2.03,43.2248263220178
2026-10-05T15:00:00+05:30,Gampaha_Western,28.2,256.5580987801642,463.0,1.71,46.83572576400156
2026-10-05T15:15:00+05:30,Gampaha_Western,28.0,257.7447496807064,422.0,1.39,50.4658174952833
2026-10-05T15:30:00+05:30,Gampaha_Western,27.8,258.78842695461077,385.0,1.07,54.1112177981947
2026-10-05T15:45:00+05:30,Gampaha_Western,27.5,259.7162482880795,347.0,0.81,57.769006762910884
2026-10-05T16:00:00+05:30,Gampaha_Western,27.3,260.54914198421307,309.0,0.75,61.43694851611173
2026-10-05T16:15:00+05:30,Gampaha_Western,27.1,261.3035189466328,269.0,0.97,65.11330374812529
2026-10-05T16:30:00+05:30,Gampaha_Western,26.8,261.992440567189,230.0,1.27,68.79669919858566
2026-10-05T16:45:00+05:30,Gampaha_Western,26.6,262.62645019532346,190.0,1.58,72.48603561279565
2026-10-05T17:00:00+05:30,Gampaha_Western,26.4,263.2141760326543,149.0,1.88,76.18042307125279
2026-10-05T17:15:00+05:30,Gampaha_Western,26.2,263.76277558600935,106.0,2.15,79.87913259986806
2026-10-05T17:30:00+05:30,Gampaha_Western,26.0,264.27826933025756,64.0,2.33,83.58156017839914
2026-10-05T17:45:00+05:30,Gampaha_Western,25.9,264.7657960852791,30.0,2.41,87.28720103242452
2026-10-05T18:00:00+05:30,Gampaha_Western,25.7,265.2298122384319,5.0,2.39,90.99562876859557
2026-10-05T18:15:00+05:30,Gampaha_Western,25.6,265.6742512135938,0.0,2.32,94.70647910473443
2026-10-05T18:30:00+05:30,Gampaha_Western,25.4,266.10265529258055,0.0,2.2,98.41943847140114
2026-10-05T18:45:00+05:30,Gampaha_Western,25.3,266.5182886685012,0.0,2.03,102.13423360835297
2026-10-05T19:00:00+05:30,Gampaha_Western,25.2,266.92423958885746,0.0,1.86,105.85062298414518
2026-10-05T19:15:00+05:30,Gampaha_Western,25.1,267.3235186882797,0.0,1.65,109.56839102513948
2026-10-05T19:30:00+05:30,Gampaha_Western,25.0,267.71916025786464,0.0,1.43,113.28734175069305
2026-10-05T19:45:00+05:30,Gampaha_Western,24.9,268.1143347754078,0.0,1.27,117.0072929407745
2026-10-05T20:00:00+05:30,Gampaha_Western,24.8,268.51248332935126,0.0,1.11,120.72807198470946
2026-10-05T20:15:00+05:30,Gampaha_Western,24.7,268.91748832309383,0.0,1.0,124.44951001161853
2026-10-05T20:30:00+05:30,Gampaha_Western,24.6,269.33390264769514,0.0,0.9,128.1714352980801
2026-10-05T20:45:00+05:30,Gampaha_Western,24.6,269.7672722348802,0.0,0.85,131.89366672444604
2026-10-05T21:00:00+05:30,Gampaha_Western,24.5,270.2246089325429,0.0,0.85,135.61600315462593
2026-10-05T21:15:00+05:30,Gampaha_Western,24.4,270.7151123051657,0.0,0.85,139.33820834476103
2026-10-05T21:30:00+05:30,Gampaha_Western,24.4,271.2513175509751,0.0,0.85,143.0599895206167
2026-10-05T21:45:00+05:30,Gampaha_Western,24.3,271.8510035722263,0.0,0.85,146.78096031327397
2026-10-05T22:00:00+05:30,Gampaha_Western,24.3,272.5405306822345,0.0,0.85,150.50057693930404
2026-10-05T22:15:00+05:30,Gampaha_Western,24.3,273.3610436514761,0.0,0.9,154.21802203238786
2026-10-05T22:30:00+05:30,Gampaha_Western,24.2,274.38088912344233,0.0,0.9,157.93196980691073
2026-10-05T22:45:00+05:30,Gampaha_Western,24.2,275.72294126077685,0.0,0.95,161.640069048507
2026-10-05T23:00:00+05:30,Gampaha_Western,24.2,277.6327678275597,0.0,0.96,165.3376501944972
2026-10-05T23:15:00+05:30,Gampaha_Western,24.1,280.6812305134158,0.0,1.0,169.01384613363993
2026-10-05T23:30:00+05:30,Gampaha_Western,24.1,286.54826500663427,0.0,1.0,172.63629184223487
2026-10-05T23:45:00+05:30,Gampaha_Western,24.1,302.6862933778112,0.0,0.96,176.05374820140213
2026-10-06T00:00:00+05:30,Gampaha_Western,24.1,11.016462897850943,0.0,0.86,177.82217630500674
2026-10-06T00:15:00+05:30,Gampaha_Western,24.1,62.99221827384224,0.0,0.75,175.33800910964086
2026-10-06T00:30:00+05:30,Gampaha_Western,24.0,75.30634527307757,0.0,0.7,171.84247253077035
2026-10-06T00:45:00+05:30,Gampaha_Western,23.9,80.26995351006593,0.0,0.7,168.20281745881317
2026-10-06T01:00:00+05:30,Gampaha_Western,23.8,82.98439465372468,0.0,0.7,164.5205005907261
2026-10-06T01:15:00+05:30,Gampaha_Western,23.7,84.73694893055944,0.0,0.76,160.82021936187758
2026-10-06T01:30:00+05:30,Gampaha_Western,23.6,85.99347943354019,0.0,0.76,157.11083487371067
2026-10-06T01:45:00+05:30,Gampaha_Western,23.5,86.96233648497412,0.0,0.76,153.39631367799933
2026-10-06T02:00:00+05:30,Gampaha_Western,23.4,87.75057547408852,0.0,0.81,149.6787101759241
2026-10-06T02:15:00+05:30,Gampaha_Western,23.3,88.418913945918,0.0,0.81,145.9592090707078
2026-10-06T02:30:00+05:30,Gampaha_Western,23.2,89.00446063666493,0.0,0.81,142.23855527634413
2026-10-06T02:45:00+05:30,Gampaha_Western,23.1,89.53128626107559,0.0,0.81,138.51725242822477
2026-10-06T03:00:00+05:30,Gampaha_Western,23.1,90.0157994813598,0.0,0.81,134.795665028526
2026-10-06T03:15:00+05:30,Gampaha_Western,23.0,90.4696818819084,0.0,0.81,131.07407476193634
2026-10-06T03:30:00+05:30,Gampaha_Western,22.9,90.9015863194814,0.0,0.81,127.35271219987729
2026-10-06T03:45:00+05:30,Gampaha_Western,22.9,91.31816912061362,0.0,0.81,123.63177764808631
2026-10-06T04:00:00+05:30,Gampaha_Western,22.9,91.72474545196587,0.0,0.81,119.91145510592365
2026-10-06T04:15:00+05:30,Gampaha_Western,22.9,92.12572282189763,0.0,0.81,116.19192078862571
2026-10-06T04:30:00+05:30,Gampaha_Western,22.9,92.52489939527163,0.0,0.81,112.4733508855034
2026-10-06T04:45:00+05:30,Gampaha_Western,23.0,92.92567839251325,0.0,0.81,108.75592808050494
2026-10-06T05:00:00+05:30,Gampaha_Western,23.0,93.33123003807265,0.0,0.76,105.0398460088068
2026-10-06T05:15:00+05:30,Gampaha_Western,23.1,93.74462081598313,0.0,0.72,101.32531512359195
2026-10-06T05:30:00+05:30,Gampaha_Western,23.3,94.1689237793122,0.0,0.67,97.61256887132512
2026-10-06T05:45:00+05:30,Gampaha_Western,23.5,94.60731996114839,0.0,0.62,93.90186904167706
2026-10-06T06:00:00+05:30,Gampaha_Western,23.7,95.06319843550864,0.0,0.52,90.19351367848051
2026-10-06T06:15:00+05:30,Gampaha_Western,23.9,95.54026223256034,15.0,0.46,86.48784650101173
2026-10-06T06:30:00+05:30,Gampaha_Western,24.2,96.04264743809767,56.0,0.36,82.78526691623968
2026-10-06T06:45:00+05:30,Gampaha_Western,24.6,96.57506316814482,110.0,0.27,79.0862443495133
2026-10-06T07:00:00+05:30,Gampaha_Western,24.9,97.14296248405702,173.0,0.16,75.3913364045828
2026-10-06T07:15:00+05:30,Gampaha_Western,25.3,97.75275743206902,237.0,0.05,71.70121075991463
2026-10-06T07:30:00+05:30,Gampaha_Western,25.7,98.41209541229887,298.0,0.1,68.01667574679416
2026-10-06T07:45:00+05:30,Gampaha_Western,26.1,99.13022179164847,356.0,0.21,64.33872093430776
2026-10-06T08:00:00+05:30,Gampaha_Western,26.6,99.91846461974382,411.0,0.35,60.66857038647103
2026-10-06T08:15:00+05:30,Gampaha_Western,27.0,100.79089307452881,465.0,0.46,57.00775771236954
2026-10-06T08:30:00+05:30,Gampaha_Western,27.5,101.76522780965087,516.0,0.61,53.35823078876359
2026-10-06T08:45:00+05:30,Gampaha_Western,27.9,102.86412245802063,563.0,0.76,49.7224992339296
2026-10-06T09:00:00+05:30,Gampaha_Western,28.3,104.11700014837186,606.0,0.86,46.10385068019751
2026-10-06T09:15:00+05:30,Gampaha_Western,28.7,105.5627372369546,647.0,1.02,42.50667195238688
2026-10-06T09:30:00+05:30,Gampaha_Western,29.1,107.25366494520927,683.0,1.12,38.93693650697541
2026-10-06T09:45:00+05:30,Gampaha_Western,29.5,109.26165539489892,715.0,1.22,35.40296880971548
2026-10-06T10:00:00+05:30,Gampaha_Western,29.8,111.68755294088999,744.0,1.32,31.916674241394816
2026-10-06T10:15:00+05:30,Gampaha_Western,30.2,114.67599661515032,768.0,1.36,28.49557679434068
2026-10-06T10:30:00+05:30,Gampaha_Western,30.4,118.4387541291245,790.0,1.41,25.16629947776518
2026-10-06T10:45:00+05:30,Gampaha_Western,30.6,123.2903941289718,808.0,1.46,21.970643398186724
2026-10-06T11:00:00+05:30,Gampaha_Western,30.8,129.69670718497156,816.0,1.51,18.976253994747296
2026-10-06T11:15:00+05:30,Gampaha_Western,31.0,138.3134632454179,810.0,1.51,16.29448690024192
2026-10-06T11:30:00+05:30,Gampaha_Western,31.0,149.90619561434272,788.0,1.51,14.104815971280857
2026-10-06T11:45:00+05:30,Gampaha_Western,31.0,164.85911874884198,757.0,1.45,12.665111178447674
2026-10-06T12:00:00+05:30,Gampaha_Western,31.0,182.13603028471712,727.0,1.4,12.242876159757841
2026-10-06T12:15:00+05:30,Gampaha_Western,30.9,199.03948497552628,707.0,1.35,12.938110508245629
2026-10-06T12:30:00+05:30,Gampaha_Western,30.7,213.17640648546092,695.0,1.25,14.591946267251501
2026-10-06T12:45:00+05:30,Gampaha_Western,30.6,223.96094632779295,685.0,1.15,16.92566824663318
2026-10-06T13:00:00+05:30,Gampaha_Western,30.3,231.9545004039662,673.0,1.02,19.699092525788274
2026-10-06T13:15:00+05:30,Gampaha_Western,30.1,237.91842883027564,655.0,0.89,22.751972486765425
2026-10-06T13:30:00+05:30,Gampaha_Western,29.8,242.46063611563332,635.0,0.78,25.985986047208826
2026-10-06T13:45:00+05:30,Gampaha_Western,29.5,246.00433904838388,612.0,0.71,29.34128381611268
2026-10-06T14:00:00+05:30,Gampaha_Western,29.2,248.8343354420212,587.0,0.68,32.78062758295563
2026-10-06T14:15:00+05:30,Gampaha_Western,28.9,251.14284309607967,560.0,0.68,36.28010527825815
2026-10-06T14:30:00+05:30,Gampaha_Western,28.5,253.06177777843533,531.0,0.75,39.823849165178174
2026-10-06T14:45:00+05:30,Gampaha_Western,28.2,254.68361175160092,500.0,0.86,43.40099905356996
2026-10-06T15:00:00+05:30,Gampaha_Western,27.8,256.0746036001932,466.0,1.0,47.00390983139239
2026-10-06T15:15:00+05:30,Gampaha_Western,27.4,257.28323996414576,432.0,1.12,50.627062171140146
2026-10-06T15:30:00+05:30,Gampaha_Western,27.1,258.3457071889046,396.0,1.28,54.266382034469096
2026-10-06T15:45:00+05:30,Gampaha_Western,26.7,259.28950586522603,359.0,1.44,57.918801504039045
2026-10-06T16:00:00+05:30,Gampaha_Western,26.4,260.1358874057303,319.0,1.57,61.58196842407958
2026-10-06T16:15:00+05:30,Gampaha_Western,26.0,260.9015296676595,278.0,1.74,65.25405122930987
2026-10-06T16:30:00+05:30,Gampaha_Western,25.7,261.5997108229009,237.0,1.88,68.93360280390988
2026-10-06T16:45:00+05:30,Gampaha_Western,25.5,262.2411469754248,196.0,1.98,72.61946429589844
2026-10-06T17:00:00+05:30,Gampaha_Western,25.2,262.83460048192626,153.0,2.09,76.31069736926442
2026-10-06T17:15:00+05:30,Gampaha_Western,25.0,263.3873287894992,110.0,2.19,80.00653351861745
2026-10-06T17:30:00+05:30,Gampaha_Western,24.8,263.90542137256625,67.0,2.23,83.7063363436478
2026-10-06T17:45:00+05:30,Gampaha_Western,24.7,264.39405728648455,32.0,2.26,87.4095745389169
2026-10-06T18:00:00+05:30,Gampaha_Western,24.5,264.85770548121457,6.0,2.3,91.1158000395401
2026-10-06T18:15:00+05:30,Gampaha_Western,24.4,265.30028426816915,0.0,2.34,94.8246310171534
2026-10-06T18:30:00+05:30,Gampaha_Western,24.3,265.7252919731919,0.0,2.34,98.53573994276967
2026-10-06T18:45:00+05:30,Gampaha_Western,24.2,266.1359175067865,0.0,2.3,102.24884281173331
2026-10-06T19:00:00+05:30,Gampaha_Western,24.1,266.5351384540966,0.0,2.3,105.96369033895377
2026-10-06T19:15:00+05:30,Gampaha_Western,24.0,266.92581337405716,0.0,2.23,109.68006210097116
2026-10-06T19:30:00+05:30,Gampaha_Western,23.9,267.3107744363259,0.0,2.2,113.39776023517085
2026-10-06T19:45:00+05:30,Gampaha_Western,23.9,267.6929277750307,0.0,2.17,117.11660383677187
2026-10-06T20:00:00+05:30,Gampaha_Western,23.8,268.0753707465631,0.0,2.1,120.83642524346008
2026-10-06T20:15:00+05:30,Gampaha_Western,23.8,268.4615382647115,0.0,2.07,124.55706488713629
2026-10-06T20:30:00+05:30,Gampaha_Western,23.7,268.8553969005831,0.0,2.0,128.27836581998181
2026-10-06T20:45:00+05:30,Gampaha_Western,23.7,269.2617160063792,0.0,1.93,132.00016888536544
2026-10-06T21:00:00+05:30,Gampaha_Western,23.6,269.6864634516577,0.0,1.9,135.72230474104086
2026-10-06T21:15:00+05:30,Gampaha_Western,23.6,270.1374084847595,0.0,1.8,139.44458291286458
2026-10-06T21:30:00+05:30,Gampaha_Western,23.6,270.6250801726194,0.0,1.73,143.16677706466822
2026-10-06T21:45:00+05:30,Gampaha_Western,23.5,271.1643618124232,0.0,1.66,146.88859912888717
2026-10-06T22:00:00+05:30,Gampaha_Western,23.5,271.7772850220759,0.0,1.61,150.6096550978151
2026-10-06T22:15:00+05:30,Gampaha_Western,23.5,272.498237087984,0.0,1.54,154.32936524065832
2026-10-06T22:30:00+05:30,Gampaha_Western,23.5,273.384427459708,0.0,1.48,158.04680176691522
2026-10-06T22:45:00+05:30,Gampaha_Western,23.4,274.5390567360561,0.0,1.41,161.76033013804465
2026-10-06T23:00:00+05:30,Gampaha_Western,23.4,276.1696419336689,0.0,1.34,165.46670627239217
2026-10-06T23:15:00+05:30,Gampaha_Western,23.4,278.7640731709159,0.0,1.32,169.15833255953834
2026-10-06T23:30:00+05:30,Gampaha_Western,23.3,283.79349653336675,0.0,1.25,172.81215768919196
2026-10-06T23:45:00+05:30,Gampaha_Western,23.3,298.30099823266136,0.0,1.19,176.31363530107478
2026-10-07T00:00:00+05:30,Gampaha_Western,23.2,15.584584662925295,0.0,1.17,178.17910401424797
2026-10-07T00:15:00+05:30,Gampaha_Western,23.2,67.69933726629733,0.0,1.11,175.43446465334966
2026-10-07T00:30:00+05:30,Gampaha_Western,23.1,78.05838287482766,0.0,1.09,171.86531150193767
2026-10-07T00:45:00+05:30,Gampaha_Western,23.1,82.17982055150225,0.0,1.08,168.19746122308453
2026-10-07T01:00:00+05:30,Gampaha_Western,23.0,84.44505996251729,0.0,1.03,164.50096478186842
2026-10-07T01:15:00+05:30,Gampaha_Western,22.9,85.9219070459776,0.0,0.97,160.79250456250702
2026-10-07T01:30:00+05:30,Gampaha_Western,22.8,86.99333952570532,0.0,0.96,157.07804666902672
2026-10-07T01:45:00+05:30,Gampaha_Western,22.7,87.83012842368385,0.0,0.96,153.36026902018173
2026-10-07T02:00:00+05:30,Gampaha_Western,22.7,88.51995487095007,0.0,0.9,149.6405685430262
2026-10-07T02:15:00+05:30,Gampaha_Western,22.6,89.11257274377073,0.0,0.9,145.9197609261906
2026-10-07T02:30:00+05:30,Gampaha_Western,22.5,89.63843589713554,0.0,0.85,142.19836906184997
2026-10-07T02:45:00+05:30,Gampaha_Western,22.5,90.11734961221453,0.0,0.81,138.47675591660166
2026-10-07T03:00:00+05:30,Gampaha_Western,22.5,90.56286789867198,0.0,0.81,134.75519339475034
2026-10-07T03:15:00+05:30,Gampaha_Western,22.4,90.98469412782919,0.0,0.76,131.03390056794112
2026-10-07T03:30:00+05:30,Gampaha_Western,22.4,91.39007095813133,0.0,0.73,127.31306498500732
2026-10-07T03:45:00+05:30,Gampaha_Western,22.4,91.78462615980783,0.0,0.7,123.59285728431567
2026-10-07T04:00:00+05:30,Gampaha_Western,22.4,92.17291094819069,0.0,0.72,119.87344127620898
2026-10-07T04:15:00+05:30,Gampaha_Western,22.5,92.5587575763978,0.0,0.67,116.1549799930549
2026-10-07T04:30:00+05:30,Gampaha_Western,22.5,92.94552708623354,0.0,0.65,112.43764185074149
2026-10-07T04:45:00+05:30,Gampaha_Western,22.6,93.3362892742698,0.0,0.61,108.72160613890487
2026-10-07T05:00:00+05:30,Gampaha_Western,22.7,93.73396079535866,0.0,0.64,105.00706683193053
2026-10-07T05:15:00+05:30,Gampaha_Western,22.8,94.14141773972102,0.0,0.6,101.29423808828332
2026-10-07T05:30:00+05:30,Gampaha_Western,23.0,94.5615942517723,0.0,0.57,97.5833602624905
2026-10-07T05:45:00+05:30,Gampaha_Western,23.2,94.99757583963003,0.0,0.53,93.87470527769975
2026-10-07T06:00:00+05:30,Gampaha_Western,23.5,95.45269402752967,0.0,0.5,90.1685847115503
2026-10-07T06:15:00+05:30,Gampaha_Western,23.8,95.93062897516415,15.0,0.47,86.46535955931449
2026-10-07T06:30:00+05:30,Gampaha_Western,24.1,96.43552704872724,56.0,0.45,82.76545076086009
2026-10-07T06:45:00+05:30,Gampaha_Western,24.5,96.972140855222,111.0,0.43,79.06935425836102
2026-10-07T07:00:00+05:30,Gampaha_Western,24.9,97.54600176172994,175.0,0.35,75.37766013828957
2026-10-07T07:15:00+05:30,Gampaha_Western,25.3,98.16363816545169,240.0,0.35,71.69107584560962
2026-10-07T07:30:00+05:30,Gampaha_Western,25.8,98.83285691740787,302.0,0.32,68.01045850956126
2026-10-07T07:45:00+05:30,Gampaha_Western,26.2,99.56311313839109,361.0,0.32,64.33685787568442
2026-10-07T08:00:00+05:30,Gampaha_Western,26.7,100.36600475916521,417.0,0.35,60.67157271612146
2026-10-07T08:15:00+05:30,Gampaha_Western,27.2,101.25594400434773,473.0,0.4,57.01623016550232
2026-10-07T08:30:00+05:30,Gampaha_Western,27.7,102.25108469560735,526.0,0.43,53.3728963303597
2026-10-07T08:45:00+05:30,Gampaha_Western,28.2,103.37462528715173,575.0,0.46,49.7442319487797
2026-10-07T09:00:00+05:30,Gampaha_Western,28.6,104.65667162847967,620.0,0.56,46.13372018270006
2026-09-30T09:15:00+05:30,Kurunegala_NorthWestern,29.0,102.62038811653838,631.0,3.79,42.088356221164226
2026-09-30T09:30:00+05:30,Kurunegala_NorthWestern,29.3,104.13071605770955,671.0,3.85,38.47105538924381
2026-09-30T09:45:00+05:30,Kurunegala_NorthWestern,29.6,105.92111046716172,707.0,3.89,34.880022803838585
2026-09-30T10:00:00+05:30,Kurunegala_NorthWestern,29.8,108.08566658073124,743.0,3.89,31.324345981747648
2026-09-30T10:15:00+05:30,Kurunegala_NorthWestern,30.0,110.7626891209029,781.0,3.9,27.81763611346966
2026-09-30T10:30:00+05:30,Kurunegala_NorthWestern,30.3,114.16177944223108,824.0,3.91,24.38108036686542
2026-09-30T10:45:00+05:30,Kurunegala_NorthWestern,30.5,118.61022315878478,867.0,3.95,21.04911674546645
2026-09-30T11:00:00+05:30,Kurunegala_NorthWestern,30.8,124.63027976064234,902.0,3.96,17.880360136702365
2026-09-30T11:15:00+05:30,Kurunegala_NorthWestern,31.1,133.048801742016,920.0,4.01,14.978796287726638
2026-09-30T11:30:00+05:30,Kurunegala_NorthWestern,31.3,145.04623462707337,923.0,4.02,12.531462956103738
2026-09-30T11:45:00+05:30,Kurunegala_NorthWestern,31.4,161.667348523447,915.0,4.04,10.850240068803075
2026-09-30T12:00:00+05:30,Kurunegala_NorthWestern,31.4,181.96626094144378,905.0,4.08,10.316745661370717
2026-09-30T12:15:00+05:30,Kurunegala_NorthWestern,31.4,201.79649140878212,899.0,4.12,11.097762679051556
2026-09-30T12:30:00+05:30,Kurunegala_NorthWestern,31.4,217.49588286378759,897.0,4.16,12.957734608051425
2026-09-30T12:45:00+05:30,Kurunegala_NorthWestern,31.4,228.69710458169388,893.0,4.23,15.513300731708412
2026-09-30T13:00:00+05:30,Kurunegala_NorthWestern,31.4,236.56754415338835,880.0,4.26,18.47805420611887
2026-09-30T13:15:00+05:30,Kurunegala_NorthWestern,31.3,242.2285467853834,854.0,4.26,21.684784405332366
2026-09-30T13:30:00+05:30,Kurunegala_NorthWestern,31.1,246.43913640320216,815.0,4.27,25.040674714585748
2026-09-30T13:45:00+05:30,Kurunegala_NorthWestern,30.7,249.67594005649255,769.0,4.24,28.493041717862717
2026-09-30T14:00:00+05:30,Kurunegala_NorthWestern,30.2,252.23850784421603,724.0,4.18,32.01065553280386
2026-09-30T14:15:00+05:30,Kurunegala_NorthWestern,29.7,254.3197317243525,687.0,4.17,35.574134653701634
2026-09-30T14:30:00+05:30,Kurunegala_NorthWestern,29.2,256.04765142719685,656.0,4.16,39.17092967538595
2026-09-30T14:45:00+05:30,Kurunegala_NorthWestern,29.0,257.5098768644442,626.0,4.19,42.79260527774381
2026-09-30T15:00:00+05:30,Kurunegala_NorthWestern,28.8,258.76807405853685,589.0,4.25,46.43330278335873
2026-09-30T15:15:00+05:30,Kurunegala_NorthWestern,28.6,259.86677984561794,540.0,4.23,50.088834933982305
2026-09-30T15:30:00+05:30,Kurunegala_NorthWestern,28.5,260.8389186676545,484.0,4.1,53.75613409843726
2026-09-30T15:45:00+05:30,Kurunegala_NorthWestern,28.3,261.70935152993036,424.0,3.76,57.4329025275794
2026-09-30T16:00:00+05:30,Kurunegala_NorthWestern,28.1,262.4972199509581,365.0,3.33,61.117384451212175
2026-09-30T16:15:00+05:30,Kurunegala_NorthWestern,27.9,263.2175326492811,307.0,3.05,64.80821494011099
2026-09-30T16:30:00+05:30,Kurunegala_NorthWestern,27.7,263.88226396828566,250.0,2.89,68.50431514712984
2026-09-30T16:45:00+05:30,Kurunegala_NorthWestern,27.4,264.5011311643942,197.0,2.74,72.20481873976723
2026-09-30T17:00:00+05:30,Kurunegala_NorthWestern,27.2,265.08215637129945,149.0,2.53,75.90902062094769
2026-09-30T17:15:00+05:30,Kurunegala_NorthWestern,26.9,265.63208123475664,109.0,2.32,79.6163383060033
2026-09-30T17:30:00+05:30,Kurunegala_NorthWestern,26.6,266.15668005035445,73.0,2.19,83.32628307499353
2026-09-30T17:45:00+05:30,Kurunegala_NorthWestern,26.4,266.6610026071829,40.0,2.16,87.03843946401724
2026-09-30T18:00:00+05:30,Kurunegala_NorthWestern,26.1,267.14956806313177,10.0,2.2,90.75244810622915
2026-09-30T18:15:00+05:30,Kurunegala_NorthWestern,25.9,267.6265259416974,0.0,2.27,94.46799198250709
2026-09-30T18:30:00+05:30,Kurunegala_NorthWestern,25.7,268.0957965846077,0.0,2.33,98.18478654909379
2026-09-30T18:45:00+05:30,Kurunegala_NorthWestern,25.6,268.56120070536696,0.0,2.38,101.90256995931665
2026-09-30T19:00:00+05:30,Kurunegala_NorthWestern,25.5,269.0265873889801,0.0,2.46,105.62109422762107
2026-09-30T19:15:00+05:30,Kurunegala_NorthWestern,25.4,269.49597007817306,0.0,2.5,109.3401182563193
2026-09-30T19:30:00+05:30,Kurunegala_NorthWestern,25.4,269.9736809663616,0.0,2.55,113.05939915501814
2026-09-30T19:45:00+05:30,Kurunegala_NorthWestern,25.3,270.4645577576696,0.0,2.5,116.77868268776038
2026-09-30T20:00:00+05:30,Kurunegala_NorthWestern,25.3,270.97418201553796,0.0,2.45,120.49769351530769
2026-09-30T20:15:00+05:30,Kurunegala_NorthWestern,25.3,271.5091965539797,0.0,2.35,124.2161210654653
2026-09-30T20:30:00+05:30,Kurunegala_NorthWestern,25.2,272.07774463291344,0.0,2.3,127.93360080091475
2026-09-30T20:45:00+05:30,Kurunegala_NorthWestern,25.2,272.69009886588265,0.0,2.31,131.6496896576825
2026-09-30T21:00:00+05:30,Kurunegala_NorthWestern,25.1,273.35959088666215,0.0,2.31,135.3638282056858
2026-09-30T21:15:00+05:30,Kurunegala_NorthWestern,25.1,274.10403248336985,0.0,2.36,139.0752834167552
2026-09-30T21:30:00+05:30,Kurunegala_NorthWestern,25.0,274.94796764846154,0.0,2.37,142.78305995861194
2026-09-30T21:45:00+05:30,Kurunegala_NorthWestern,25.0,275.92638686289155,0.0,2.38,146.48575162962763
2026-09-30T22:00:00+05:30,Kurunegala_NorthWestern,24.9,277.09114481734565,0.0,2.33,150.18128426554284
2026-09-30T22:15:00+05:30,Kurunegala_NorthWestern,24.8,278.5226757695134,0.0,2.33,153.8664458440829
2026-09-30T22:30:00+05:30,Kurunegala_NorthWestern,24.8,280.3528430654521,0.0,2.39,157.5359599123707
2026-09-30T22:45:00+05:30,Kurunegala_NorthWestern,24.8,282.8132878295913,0.0,2.51,161.18050011127139
2026-09-30T23:00:00+05:30,Kurunegala_NorthWestern,24.8,286.34867163415623,0.0,2.69,164.78194210925182
2026-09-30T23:15:00+05:30,Kurunegala_NorthWestern,24.9,291.91755558639915,0.0,2.86,168.30024414496532
2026-09-30T23:30:00+05:30,Kurunegala_NorthWestern,24.9,301.91276459573504,0.0,2.99,171.62972114602923
2026-09-30T23:45:00+05:30,Kurunegala_NorthWestern,24.8,323.0187381212447,0.0,3.0,174.42119521313558
2026-10-01T00:00:00+05:30,Kurunegala_NorthWestern,24.7,5.036858648879047,0.0,2.99,175.52007852896162
2026-10-01T00:15:00+05:30,Kurunegala_NorthWestern,24.6,42.99530541350225,0.0,2.94,173.925348126736
2026-10-01T00:30:00+05:30,Kurunegala_NorthWestern,24.5,60.87020819665872,0.0,2.88,170.96578245870256
2026-10-01T00:45:00+05:30,Kurunegala_NorthWestern,24.4,69.61041999529289,0.0,2.86,167.581679166711
2026-10-01T01:00:00+05:30,Kurunegala_NorthWestern,24.3,74.63291899616866,0.0,2.9,164.04095584642334
2026-10-01T01:15:00+05:30,Kurunegala_NorthWestern,24.2,77.89191968718382,0.0,2.89,160.42853877698747
2026-10-01T01:30:00+05:30,Kurunegala_NorthWestern,24.1,80.19588396012927,0.0,2.89,156.77797603177723
2026-10-01T01:45:00+05:30,Kurunegala_NorthWestern,24.1,81.92998110655373,0.0,2.86,153.10491729483127
2026-10-01T02:00:00+05:30,Kurunegala_NorthWestern,24.0,83.29899038710766,0.0,2.88,149.4175943313676
2026-10-01T02:15:00+05:30,Kurunegala_NorthWestern,23.9,84.42133349963945,0.0,2.91,145.72074369650767
2026-10-01T02:30:00+05:30,Kurunegala_NorthWestern,23.9,85.3701546852576,0.0,2.84,142.01728844852587
2026-10-01T02:45:00+05:30,Kurunegala_NorthWestern,23.8,86.19309516792396,0.0,2.66,138.3091369923788
2026-10-01T03:00:00+05:30,Kurunegala_NorthWestern,23.8,86.9225829200073,0.0,2.46,134.59759666439507
2026-10-01T03:15:00+05:30,Kurunegala_NorthWestern,23.7,87.58153905839174,0.0,2.23,130.88360223934797
2026-10-01T03:30:00+05:30,Kurunegala_NorthWestern,23.6,88.18671478652595,0.0,2.15,127.16784794122131
2026-10-01T03:45:00+05:30,Kurunegala_NorthWestern,23.5,88.75073221781611,0.0,2.35,123.45086930751475
2026-10-01T04:00:00+05:30,Kurunegala_NorthWestern,23.3,89.28338258364374,0.0,2.79,119.73309561211072
2026-10-01T04:15:00+05:30,Kurunegala_NorthWestern,23.2,89.79248188158158,0.0,3.26,116.01488336688432
2026-10-01T04:30:00+05:30,Kurunegala_NorthWestern,23.0,90.28445349827518,0.0,3.54,112.29654067217609
2026-10-01T04:45:00+05:30,Kurunegala_NorthWestern,22.9,90.76473829694658,0.0,3.35,108.57834494000404
2026-10-01T05:00:00+05:30,Kurunegala_NorthWestern,22.9,91.23809366808985,0.0,2.93,104.86055496637633
2026-10-01T05:15:00+05:30,Kurunegala_NorthWestern,22.8,91.70882005242936,0.0,2.44,101.14342194114559
2026-10-01T05:30:00+05:30,Kurunegala_NorthWestern,22.8,92.18094080441915,0.0,2.23,97.42719898826994
2026-10-01T05:45:00+05:30,Kurunegala_NorthWestern,22.8,92.65835333032118,0.0,2.42,93.71214854467623
2026-10-01T06:00:00+05:30,Kurunegala_NorthWestern,22.9,93.14496419835496,0.0,2.82,89.99855121142015
2026-10-01T06:15:00+05:30,Kurunegala_NorthWestern,23.0,93.64481887681501,15.0,3.24,86.28671518215316
2026-10-01T06:30:00+05:30,Kurunegala_NorthWestern,23.2,94.16223564266431,50.0,3.31,82.57698536116013
2026-10-01T06:45:00+05:30,Kurunegala_NorthWestern,23.5,94.70195266272253,89.0,2.96,78.86975586786677
2026-10-01T07:00:00+05:30,Kurunegala_NorthWestern,24.0,95.2692990008307,133.0,2.35,75.16548531461791
2026-10-01T07:15:00+05:30,Kurunegala_NorthWestern,24.6,95.87040284289407,175.0,1.99,71.46471454054434
2026-10-01T07:30:00+05:30,Kurunegala_NorthWestern,25.1,96.5124537495102,214.0,1.96,67.76809140983733
2026-10-01T07:45:00+05:30,Kurunegala_NorthWestern,25.5,97.20404298537505,250.0,1.97,64.07640348444797
2026-10-01T08:00:00+05:30,Kurunegala_NorthWestern,25.9,97.9556164127867,285.0,2.02,60.390620476154936
2026-10-01T08:15:00+05:30,Kurunegala_NorthWestern,26.3,98.78008980568183,326.0,2.13,56.711954501107904
2026-10-01T08:30:00+05:30,Kurunegala_NorthWestern,26.7,99.69370277433592,374.0,2.26,53.041944380268234
2026-10-01T08:45:00+05:30,Kurunegala_NorthWestern,27.1,100.71722903137959,424.0,2.36,49.3825746278461
2026-10-01T09:00:00+05:30,Kurunegala_NorthWestern,27.4,101.87772776746397,471.0,2.48,45.73645155884678
2026-10-01T09:15:00+05:30,Kurunegala_NorthWestern,27.7,103.21113638609677,508.0,2.72,42.10706717796672
2026-10-01T09:30:00+05:30,Kurunegala_NorthWestern,28.0,104.76620255711094,535.0,2.87,38.49920410569148
2026-10-01T09:45:00+05:30,Kurunegala_NorthWestern,28.3,106.61059916149185,553.0,2.83,34.91958061924679
2026-10-01T10:00:00+05:30,Kurunegala_NorthWestern,28.5,108.8406871416384,564.0,2.7,31.377909247379023
2026-10-01T10:15:00+05:30,Kurunegala_NorthWestern,28.7,111.5975032519683,569.0,2.46,27.888697300554895
2026-10-01T10:30:00+05:30,Kurunegala_NorthWestern,28.9,115.09347221450179,557.0,2.3,24.474435547848856
2026-10-01T10:45:00+05:30,Kurunegala_NorthWestern,29.1,119.6572186796501,540.0,2.2,21.171459514509365
2026-10-01T11:00:00+05:30,Kurunegala_NorthWestern,29.2,125.80555784979975,536.0,2.12,18.041037806053296
2026-10-01T11:15:00+05:30,Kurunegala_NorthWestern,29.3,134.33727811927747,562.0,2.06,15.19026819469083
2026-10-01T11:30:00+05:30,Kurunegala_NorthWestern,29.5,146.34437799389747,621.0,2.01,12.807312257641144
2026-10-01T11:45:00+05:30,Kurunegala_NorthWestern,29.8,162.69047976936963,695.0,1.92,11.195030091787487
2026-10-01T12:00:00+05:30,Kurunegala_NorthWestern,30.2,182.33396273425143,764.0,1.84,10.707427191779871
2026-10-01T12:15:00+05:30,Kurunegala_NorthWestern,30.6,201.45929181687717,812.0,1.78,11.488615089945952
2026-10-01T12:30:00+05:30,Kurunegala_NorthWestern,30.9,216.76037256974428,851.0,1.78,13.317147259944448
2026-10-01T12:45:00+05:30,Kurunegala_NorthWestern,31.2,227.83599844054405,879.0,1.73,15.834235694595776
2026-10-01T13:00:00+05:30,Kurunegala_NorthWestern,31.5,235.7105028341709,891.0,1.74,18.764792863303953
2026-10-01T13:15:00+05:30,Kurunegala_NorthWestern,31.7,241.42107559206724,884.0,1.77,21.943764395112083
2026-10-01T13:30:00+05:30,Kurunegala_NorthWestern,31.6,245.69169117065542,862.0,1.98,25.27757656606593
2026-10-01T13:45:00+05:30,Kurunegala_NorthWestern,31.0,248.98628149928055,826.0,2.48,28.712318151674495
2026-10-01T14:00:00+05:30,Kurunegala_NorthWestern,30.1,251.60047041882387,773.0,3.2,32.21569570220576
2026-10-01T14:15:00+05:30,Kurunegala_NorthWestern,29.1,253.7264735593127,700.0,3.88,35.76751770543045
2026-10-01T14:30:00+05:30,Kurunegala_NorthWestern,28.4,255.4927766707194,602.0,4.24,39.35463896205703
2026-10-01T14:45:00+05:30,Kurunegala_NorthWestern,28.0,256.9877505724377,499.0,4.2,42.968187730955286
2026-10-01T15:00:00+05:30,Kurunegala_NorthWestern,27.7,258.27383932843605,412.0,3.92,46.601983270405235
2026-10-01T15:15:00+05:30,Kurunegala_NorthWestern,27.5,259.39627487824333,357.0,3.57,50.25159783884691
2026-10-01T15:30:00+05:30,Kurunegala_NorthWestern,27.3,260.3885697886605,329.0,3.27,53.9137818942637
2026-10-01T15:45:00+05:30,Kurunegala_NorthWestern,27.0,261.27607004790013,308.0,2.99,57.58609833283638
2026-10-01T16:00:00+05:30,Kurunegala_NorthWestern,26.7,262.0783116237428,280.0,2.74,61.26668337622259
2026-10-01T16:15:00+05:30,Kurunegala_NorthWestern,26.4,262.8106211047028,237.0,2.6,64.9540875259377
2026-10-01T16:30:00+05:30,Kurunegala_NorthWestern,26.1,263.4852267234603,184.0,2.48,68.64716516144198
2026-10-01T16:45:00+05:30,Kurunegala_NorthWestern,25.9,264.11204612517133,134.0,2.34,72.34499690314158
2026-10-01T17:00:00+05:30,Kurunegala_NorthWestern,25.8,264.69925665604046,94.0,2.17,76.04683536647072
2026-10-01T17:15:00+05:30,Kurunegala_NorthWestern,25.7,265.25371636791436,67.0,2.0,79.75206436920038
2026-10-01T17:30:00+05:30,Kurunegala_NorthWestern,25.6,265.78128182777857,45.0,1.96,83.46016848182559
2026-10-01T17:45:00+05:30,Kurunegala_NorthWestern,25.5,266.28705415702154,26.0,2.08,87.17071135365752
2026-10-01T18:00:00+05:30,Kurunegala_NorthWestern,25.3,266.7755747761865,6.0,2.33,90.88331770755451
2026-10-01T18:15:00+05:30,Kurunegala_NorthWestern,25.3,267.25098703420394,0.0,2.53,94.59765901166912
2026-10-01T18:30:00+05:30,Kurunegala_NorthWestern,25.2,267.71717605677884,0.0,2.56,98.3134432427998
2026-10-01T18:45:00+05:30,Kurunegala_NorthWestern,25.1,268.1778963734925,0.0,2.31,102.03040493983761
2026-10-01T19:00:00+05:30,Kurunegala_NorthWestern,25.1,268.6368964769845,0.0,1.84,105.74829638852147
2026-10-01T19:15:00+05:30,Kurunegala_NorthWestern,25.1,269.09804951978055,0.0,1.3,109.4668808699775
2026-10-01T19:30:00+05:30,Kurunegala_NorthWestern,25.0,269.56550005150035,0.0,0.97,113.18592443206813
2026-10-01T19:45:00+05:30,Kurunegala_NorthWestern,25.0,270.04383996510023,0.0,0.84,116.90518708612171
2026-10-01T20:00:00+05:30,Kurunegala_NorthWestern,24.9,270.5383316655885,0.0,0.81,120.624414175663
2026-10-01T20:15:00+05:30,Kurunegala_NorthWestern,24.8,271.05520409899236,0.0,0.85,124.3433239193366
2026-10-01T20:30:00+05:30,Kurunegala_NorthWestern,24.8,271.60206158107405,0.0,0.9,128.06159113029304
2026-10-01T20:45:00+05:30,Kurunegala_NorthWestern,24.7,272.18846889287676,0.0,0.96,131.7788262821281
2026-10-01T21:00:00+05:30,Kurunegala_NorthWestern,24.7,272.8268165798302,0.0,1.05,135.49454312149305
2026-10-01T21:15:00+05:30,Kurunegala_NorthWestern,24.6,273.5336454217522,0.0,1.1,139.20810981583605
2026-10-01T21:30:00+05:30,Kurunegala_NorthWestern,24.6,274.3317496382451,0.0,1.16,142.9186735106618
2026-10-01T21:45:00+05:30,Kurunegala_NorthWestern,24.5,275.25365560744774,0.0,1.18,146.62503348349844
2026-10-01T22:00:00+05:30,Kurunegala_NorthWestern,24.4,276.34765564535434,0.0,1.15,150.32542112112594
2026-10-01T22:15:00+05:30,Kurunegala_NorthWestern,24.3,277.6888794548387,0.0,1.14,154.017096485631
2026-10-01T22:30:00+05:30,Kurunegala_NorthWestern,24.2,279.4010422496694,0.0,1.19,157.69554798442348
2026-10-01T22:45:00+05:30,Kurunegala_NorthWestern,24.1,281.702938838495,0.0,1.25,161.35276352375922
2026-10-01T23:00:00+05:30,Kurunegala_NorthWestern,24.1,285.0190790152304,0.0,1.36,164.97304498544617
2026-10-01T23:15:00+05:30,Kurunegala_NorthWestern,24.0,290.28158611120375,0.0,1.45,168.521203679135
2026-10-01T23:30:00+05:30,Kurunegala_NorthWestern,24.0,299.90261479507376,0.0,1.54,171.9016803440234
2026-10-01T23:45:00+05:30,Kurunegala_NorthWestern,23.9,321.1881331594202,0.0,1.59,174.77778926366284
2026-10-02T00:00:00+05:30,Kurunegala_NorthWestern,23.8,6.63635271730044,0.0,1.59,175.89757959159414
2026-10-02T00:15:00+05:30,Kurunegala_NorthWestern,23.8,46.1544139351214,0.0,1.59,174.1469843621976
2026-10-02T00:30:00+05:30,Kurunegala_NorthWestern,23.7,63.29893060430118,0.0,1.57,171.08068751382285
2026-10-02T00:45:00+05:30,Kurunegala_NorthWestern,23.6,71.43453489046146,0.0,1.5,167.64214264406115
2026-10-02T01:00:00+05:30,Kurunegala_NorthWestern,23.5,76.07026542654614,0.0,1.33,164.0707207577995
2026-10-02T01:15:00+05:30,Kurunegala_NorthWestern,23.4,79.07379969327076,0.0,1.22,160.43918394609034
2026-10-02T01:30:00+05:30,Kurunegala_NorthWestern,23.4,81.1999938329082,0.0,1.15,156.77583822090196
2026-10-02T01:45:00+05:30,Kurunegala_NorthWestern,23.3,82.80472584044207,0.0,1.15,153.0938033483904
2026-10-02T02:00:00+05:30,Kurunegala_NorthWestern,23.3,84.07619761251095,0.0,1.22,149.39996183513134
2026-10-02T02:15:00+05:30,Kurunegala_NorthWestern,23.2,85.12293476211306,0.0,1.28,145.69827143640487
2026-10-02T02:30:00+05:30,Kurunegala_NorthWestern,23.2,86.01187084830724,0.0,1.3,141.99117689980508
2026-10-02T02:45:00+05:30,Kurunegala_NorthWestern,23.1,86.7865774953882,0.0,1.27,138.28027810010713
2026-10-02T03:00:00+05:30,Kurunegala_NorthWestern,23.1,87.47671725108768,0.0,1.19,134.56667545339616
2026-10-02T03:15:00+05:30,Kurunegala_NorthWestern,23.1,88.10327393134764,0.0,1.14,130.85116062354683
2026-10-02T03:30:00+05:30,Kurunegala_NorthWestern,23.1,88.68160673828248,0.0,1.13,127.13432647544221
2026-10-02T03:45:00+05:30,Kurunegala_NorthWestern,23.1,89.22331655123247,0.0,1.2,123.41663551446061
2026-10-02T04:00:00+05:30,Kurunegala_NorthWestern,23.0,89.73743279694435,0.0,1.31,119.69846385292584
2026-10-02T04:15:00+05:30,Kurunegala_NorthWestern,23.0,90.23119601921496,0.0,1.46,115.98012921983182
2026-10-02T04:30:00+05:30,Kurunegala_NorthWestern,23.0,90.7105913769933,0.0,1.5,112.26191167384327
2026-10-02T04:45:00+05:30,Kurunegala_NorthWestern,23.0,91.18072504723591,0.0,1.47,108.54406887950799
2026-10-02T05:00:00+05:30,Kurunegala_NorthWestern,23.0,91.6460998325623,0.0,1.36,104.82684652684179
2026-10-02T05:15:00+05:30,Kurunegala_NorthWestern,23.0,92.11082523748632,0.0,1.26,101.11048824133056
2026-10-02T05:30:00+05:30,Kurunegala_NorthWestern,23.0,92.57878579665532,0.0,1.23,97.3952444183614
2026-10-02T05:45:00+05:30,Kurunegala_NorthWestern,23.0,93.05378424532796,0.0,1.32,93.68137920390664
2026-10-02T06:00:00+05:30,Kurunegala_NorthWestern,23.0,93.539671366746,0.0,1.48,89.96917919964135
2026-10-02T06:15:00+05:30,Kurunegala_NorthWestern,23.2,94.04047262167722,17.0,1.63,86.25896296411544
2026-10-02T06:30:00+05:30,Kurunegala_NorthWestern,23.4,94.56052078328042,55.0,1.7,82.55109042784086
2026-10-02T06:45:00+05:30,Kurunegala_NorthWestern,23.9,95.10460343676709,101.0,1.66,78.84597592472842
2026-10-02T07:00:00+05:30,Kurunegala_NorthWestern,24.6,95.6781360989379,154.0,1.6,75.14410427412483
2026-10-02T07:15:00+05:30,Kurunegala_NorthWestern,25.3,96.28737440258783,211.0,1.44,71.44604965817415
2026-10-02T07:30:00+05:30,Kurunegala_NorthWestern,26.0,96.93968245913112,271.0,1.37,67.7525019933743
2026-10-02T07:45:00+05:30,Kurunegala_NorthWestern,26.5,97.64388193870434,332.0,1.34,64.06430177048662
2026-10-02T08:00:00+05:30,Kurunegala_NorthWestern,27.0,98.41071709182472,393.0,1.35,60.38248547229739
2026-10-02T08:15:00+05:30,Kurunegala_NorthWestern,27.4,99.25348659025497,450.0,1.35,56.70834992621561
2026-10-02T08:30:00+05:30,Kurunegala_NorthWestern,27.8,100.18891979055985,500.0,1.4,53.043542322844104
2026-10-02T08:45:00+05:30,Kurunegala_NorthWestern,28.2,101.23841701191714,545.0,1.37,49.39018729276324
2026-10-02T09:00:00+05:30,Kurunegala_NorthWestern,28.6,102.42984081207192,588.0,1.35,45.751074622518345
2026-10-02T09:15:00+05:30,Kurunegala_NorthWestern,28.9,103.80016065126398,635.0,1.26,42.12994008176502
2026-10-02T09:30:00+05:30,Kurunegala_NorthWestern,29.2,105.39944926641203,685.0,1.16,38.531895463232
2026-10-02T09:45:00+05:30,Kurunegala_NorthWestern,29.6,107.2970675814488,734.0,1.08,34.964111428136356
2026-10-02T10:00:00+05:30,Kurunegala_NorthWestern,29.9,109.59147392078711,780.0,0.96,31.436933543814334
2026-10-02T10:15:00+05:30,Kurunegala_NorthWestern,30.3,112.42613770446849,818.0,0.9,27.9657698542337
2026-10-02T10:30:00+05:30,Kurunegala_NorthWestern,30.6,116.01576119807146,847.0,0.9,24.57440673209051
2026-10-02T10:45:00+05:30,Kurunegala_NorthWestern,30.8,120.68930862355205,870.0,1.01,21.301032085151377
2026-10-02T11:00:00+05:30,Kurunegala_NorthWestern,31.1,126.95642710927348,891.0,1.2,18.209423807307033
2026-10-02T11:15:00+05:30,Kurunegala_NorthWestern,31.3,135.58565783440707,911.0,1.4,15.40941192507863
2026-10-02T11:30:00+05:30,Kurunegala_NorthWestern,31.5,147.58189899484665,931.0,1.56,13.089513893992418
2026-10-02T11:45:00+05:30,Kurunegala_NorthWestern,31.6,163.64584368585975,949.0,1.73,11.542957794625977
2026-10-02T12:00:00+05:30,Kurunegala_NorthWestern,31.6,182.6692863232016,958.0,1.84,11.097919047572745
2026-10-02T12:15:00+05:30,Kurunegala_NorthWestern,31.7,201.1388941787655,956.0,1.95,11.878857890335127
2026-10-02T12:30:00+05:30,Kurunegala_NorthWestern,31.7,216.0596906132135,947.0,2.03,13.677357334038618
2026-10-02T12:45:00+05:30,Kurunegala_NorthWestern,31.8,227.0065144135078,928.0,1.98,16.157102153400984
2026-10-02T13:00:00+05:30,Kurunegala_NorthWestern,32.1,234.87745335070412,900.0,1.88,19.053928270036593
2026-10-02T13:15:00+05:30,Kurunegala_NorthWestern,32.1,240.63111117050815,863.0,1.8,22.205178413693403
2026-10-02T13:30:00+05:30,Kurunegala_NorthWestern,31.7,244.9570899377307,828.0,1.72,25.516742601535086
2026-10-02T13:45:00+05:30,Kurunegala_NorthWestern,30.4,248.30622917323694,782.0,1.86,28.933603734018554
2026-10-02T14:00:00+05:30,Kurunegala_NorthWestern,28.6,250.96977949624818,710.0,2.56,32.42246363781662
2026-10-02T14:15:00+05:30,Kurunegala_NorthWestern,26.8,253.13895538722875,597.0,3.4,35.962347436001664
2026-10-02T14:30:00+05:30,Kurunegala_NorthWestern,25.5,254.9424738925817,433.0,3.78,39.53952530714416
2026-10-02T14:45:00+05:30,Kurunegala_NorthWestern,24.9,256.46932746277685,264.0,3.36,43.14469298749219
2026-10-02T15:00:00+05:30,Kurunegala_NorthWestern,24.8,257.78264725820816,138.0,2.55,46.77134821010216
2026-10-02T15:15:00+05:30,Kurunegala_NorthWestern,24.9,258.92829995738686,84.0,1.95,50.41482180238149
2026-10-02T15:30:00+05:30,Kurunegala_NorthWestern,24.9,259.9403453807126,87.0,1.95,54.071680771532336
2026-10-02T15:45:00+05:30,Kurunegala_NorthWestern,24.9,260.84458624116576,110.0,2.04,57.73934694091357
2026-10-02T16:00:00+05:30,Kurunegala_NorthWestern,24.8,261.6609330077516,127.0,1.99,61.41584682540912
2026-10-02T16:15:00+05:30,Kurunegala_NorthWestern,24.8,262.4050157631774,124.0,1.88,65.09964475380625
2026-10-02T16:30:00+05:30,Kurunegala_NorthWestern,24.7,263.08930605369824,113.0,1.84,68.78952684795314
2026-10-02T16:45:00+05:30,Kurunegala_NorthWestern,24.6,263.7239139662734,98.0,1.95,72.48451931258667
2026-10-02T17:00:00+05:30,Kurunegala_NorthWestern,24.5,264.3171659513582,79.0,2.12,76.18383120908511
2026-10-02T17:15:00+05:30,Kurunegala_NorthWestern,24.4,264.8760316506907,57.0,2.19,79.88681146836834
2026-10-02T17:30:00+05:30,Kurunegala_NorthWestern,24.4,265.4064459921176,33.0,2.09,83.59291682217447
2026-10-02T17:45:00+05:30,Kurunegala_NorthWestern,24.4,265.9135581387988,14.0,1.63,87.30168893149951
2026-10-02T18:00:00+05:30,Kurunegala_NorthWestern,24.5,266.4019288860674,2.0,0.99,91.01273551618706
2026-10-02T18:15:00+05:30,Kurunegala_NorthWestern,24.5,266.8756927442491,0.0,0.25,94.72571541805793
2026-10-02T18:30:00+05:30,Kurunegala_NorthWestern,24.5,267.33869702465205,0.0,0.27,98.44032797100867
2026-10-02T18:45:00+05:30,Kurunegala_NorthWestern,24.5,267.7946273854649,0.0,0.65,102.15630285342169
2026-10-02T19:00:00+05:30,Kurunegala_NorthWestern,24.4,268.2471287819517,0.0,0.93,105.87339125277673
2026-10-02T19:15:00+05:30,Kurunegala_NorthWestern,24.3,268.69993067283394,0.0,1.13,109.5913592902119
2026-10-02T19:30:00+05:30,Kurunegala_NorthWestern,24.2,269.15698584200203,0.0,1.21,113.30998018723342
2026-10-02T19:45:00+05:30,Kurunegala_NorthWestern,24.1,269.6226351725835,0.0,1.15,117.02902612654735
2026-10-02T20:00:00+05:30,Kurunegala_NorthWestern,24.1,270.10181512353273,0.0,0.92,120.7482606556882
2026-10-02T20:15:00+05:30,Kurunegala_NorthWestern,24.1,270.6003316294276,0.0,0.83,124.46742776194384
2026-10-02T20:30:00+05:30,Kurunegala_NorthWestern,24.1,271.12523738043495,0.0,0.78,128.186237857719
2026-10-02T20:45:00+05:30,Kurunegala_NorthWestern,24.1,271.6853712199701,0.0,0.83,131.90435021240927
2026-10-02T21:00:00+05:30,Kurunegala_NorthWestern,24.1,272.2921559636705,0.0,0.87,135.62134564053156
2026-10-02T21:15:00+05:30,Kurunegala_NorthWestern,24.0,272.96082087032823,0.0,0.87,139.33668549006475
2026-10-02T21:30:00+05:30,Kurunegala_NorthWestern,24.0,273.7123464531312,0.0,0.78,143.04964864589806
2026-10-02T21:45:00+05:30,Kurunegala_NorthWestern,24.0,274.57668968108004,0.0,0.56,146.7592251821184
2026-10-02T22:00:00+05:30,Kurunegala_NorthWestern,24.1,275.59839805239284,0.0,0.47,150.46393154880477
2026-10-02T22:15:00+05:30,Kurunegala_NorthWestern,24.1,276.84696081597264,0.0,0.63,154.1614707982219
2026-10-02T22:30:00+05:30,Kurunegala_NorthWestern,24.1,278.4372788435029,0.0,0.85,157.8480546236775
2026-10-02T22:45:00+05:30,Kurunegala_NorthWestern,24.0,280.57385148813484,0.0,1.0,161.51692768693238
2026-10-02T23:00:00+05:30,Kurunegala_NorthWestern,24.0,283.6575021948214,0.0,1.1,165.15475312672373
2026-10-02T23:15:00+05:30,Kurunegala_NorthWestern,23.9,288.58406960714626,0.0,1.15,168.73121620791267
2026-10-02T23:30:00+05:30,Kurunegala_NorthWestern,23.8,297.7554311288237,0.0,1.2,172.16164823578507
2026-10-02T23:45:00+05:30,Kurunegala_NorthWestern,23.8,319.0845964669472,0.0,1.25,175.12697695321367
2026-10-03T00:00:00+05:30,Kurunegala_NorthWestern,23.7,8.535300206529598,0.0,1.3,176.2708842873895
2026-10-03T00:15:00+05:30,Kurunegala_NorthWestern,23.6,49.536511968074876,0.0,1.32,174.35026606538986
2026-10-03T00:30:00+05:30,Kurunegala_NorthWestern,23.6,65.77880058687424,0.0,1.33,171.18043886052897
2026-10-03T00:45:00+05:30,Kurunegala_NorthWestern,23.5,73.26992337283173,0.0,1.32,167.69149149105226
2026-10-03T01:00:00+05:30,Kurunegala_NorthWestern,23.4,77.5087289466307,0.0,1.3,164.09213885516579
2026-10-03T01:15:00+05:30,Kurunegala_NorthWestern,23.4,80.25392807915699,0.0,1.25,160.44336909808368
2026-10-03T01:30:00+05:30,Kurunegala_NorthWestern,23.3,82.2015959774447,0.0,1.26,156.76858699138336
2026-10-03T01:45:00+05:30,Kurunegala_NorthWestern,23.3,83.67688498569856,0.0,1.26,153.07858222640664
2026-10-03T02:00:00+05:30,Kurunegala_NorthWestern,23.3,84.85096240048023,0.0,1.26,149.37900416913652
2026-10-03T02:15:00+05:30,Kurunegala_NorthWestern,23.2,85.82229844437484,0.0,1.2,145.67310196286243
2026-10-03T02:30:00+05:30,Kurunegala_NorthWestern,23.2,86.65155838845857,0.0,1.2,141.96288641563868
2026-10-03T02:45:00+05:30,Kurunegala_NorthWestern,23.2,87.3782241280071,0.0,1.2,138.24967811351337
2026-10-03T03:00:00+05:30,Kurunegala_NorthWestern,23.1,88.02918706396372,0.0,1.2,134.53439054296882
2026-10-03T03:15:00+05:30,Kurunegala_NorthWestern,23.1,88.62349353615707,0.0,1.2,130.8176863693774
2026-10-03T03:30:00+05:30,Kurunegala_NorthWestern,23.1,89.17511256373348,0.0,1.15,127.10006735302346
2026-10-03T03:45:00+05:30,Kurunegala_NorthWestern,23.1,89.6946261541541,0.0,1.1,123.38193061324345
2026-10-03T04:00:00+05:30,Kurunegala_NorthWestern,23.1,90.19030425471328,0.0,1.0,119.66360493468835
2026-10-03T04:15:00+05:30,Kurunegala_NorthWestern,23.1,90.66881402792336,0.0,0.95,115.94537381767412
2026-10-03T04:30:00+05:30,Kurunegala_NorthWestern,23.1,91.13570416429559,0.0,0.91,112.227492911379
2026-10-03T04:45:00+05:30,Kurunegala_NorthWestern,23.0,91.5957476016568,0.0,0.86,108.51020309505967
2026-10-03T05:00:00+05:30,Kurunegala_NorthWestern,23.0,92.05319371273629,0.0,0.86,104.79373942196501
2026-10-03T05:15:00+05:30,Kurunegala_NorthWestern,23.0,92.51196196088347,0.0,0.86,101.07834005887919
2026-10-03T05:30:00+05:30,Kurunegala_NorthWestern,23.0,92.97579871359625,0.0,0.92,97.36425451846445
2026-10-03T05:45:00+05:30,Kurunegala_NorthWestern,23.0,93.44841245788984,0.0,1.04,93.65175031721965
2026-10-03T06:00:00+05:30,Kurunegala_NorthWestern,23.1,93.9335983861074,0.0,1.22,89.94112159557636
2026-10-03T06:15:00+05:30,Kurunegala_NorthWestern,23.2,94.43536190356667,16.0,1.38,86.23269874773955
2026-10-03T06:30:00+05:30,Kurunegala_NorthWestern,23.3,94.95804995999754,52.0,1.44,82.52685817726669
2026-10-03T06:45:00+05:30,Kurunegala_NorthWestern,23.6,95.50649891329067,97.0,1.38,78.82403590824194
2026-10-03T07:00:00+05:30,Kurunegala_NorthWestern,23.9,96.08620967706793,150.0,1.24,75.12474451233142
2026-10-03T07:15:00+05:30,Kurunegala_NorthWestern,24.3,96.70356373387267,206.0,1.11,71.4295931776115
2026-10-03T07:30:00+05:30,Kurunegala_NorthWestern,24.7,97.36609740791027,264.0,1.05,67.73931571574275
2026-10-03T07:45:00+05:30,Kurunegala_NorthWestern,25.2,98.08285939406704,324.0,1.15,64.0548076269154
2026-10-03T08:00:00+05:30,Kurunegala_NorthWestern,25.7,98.86488744161943,384.0,1.3,60.37717456275302
2026-10-03T08:15:00+05:30,Kurunegala_NorthWestern,26.2,99.72585599475599,439.0,1.46,56.707800868098616
2026-10-03T08:30:00+05:30,Kurunegala_NorthWestern,26.6,100.68297363809296,486.0,1.63,53.048445426261544
2026-10-03T08:45:00+05:30,Kurunegala_NorthWestern,27.1,101.75825150484741,527.0,1.82,49.401376950523066
2026-10-03T09:00:00+05:30,Kurunegala_NorthWestern,27.5,102.98033132073465,567.0,2.02,45.76957343843352
2026-10-03T09:15:00+05:30,Kurunegala_NorthWestern,27.8,104.38717664676125,610.0,2.21,42.15702003185049
2026-10-03T09:30:00+05:30,Kurunegala_NorthWestern,28.2,106.03012417520966,657.0,2.34,38.56916415420831
2026-10-03T09:45:00+05:30,Kurunegala_NorthWestern,28.6,107.980121660147,704.0,2.31,35.01363576137456
2026-10-03T10:00:00+05:30,Kurunegala_NorthWestern,28.9,110.33755218253589,747.0,2.26,31.501419461229382
2026-10-03T10:15:00+05:30,Kurunegala_NorthWestern,29.3,113.24801511458287,782.0,2.21,28.048825275760578
2026-10-03T10:30:00+05:30,Kurunegala_NorthWestern,29.6,116.92794892221417,812.0,2.18,24.68092154815602
2026-10-03T10:45:00+05:30,Kurunegala_NorthWestern,29.9,121.70569473646611,834.0,2.21,21.43769440118878
2026-10-03T11:00:00+05:30,Kurunegala_NorthWestern,30.2,128.08215545891449,844.0,2.21,18.385274796907808
2026-10-03T11:15:00+05:30,Kurunegala_NorthWestern,30.4,136.79389679666974,835.0,2.24,15.6358431401802
2026-10-03T11:30:00+05:30,Kurunegala_NorthWestern,30.5,148.76090562713676,805.0,2.29,13.377564981636723
2026-10-03T11:45:00+05:30,Kurunegala_NorthWestern,30.3,164.53833086487975,763.0,2.44,11.893602252889082
2026-10-03T12:00:00+05:30,Kurunegala_NorthWestern,30.0,182.97508400116547,717.0,2.7,11.48805679342506
2026-10-03T12:15:00+05:30,Kurunegala_NorthWestern,29.5,200.83335823021918,677.0,2.92,12.26834634172559
2026-10-03T12:30:00+05:30,Kurunegala_NorthWestern,29.0,215.39106172384953,641.0,3.11,14.038099299664779
2026-10-03T12:45:00+05:30,Kurunegala_NorthWestern,28.5,226.20691035157358,605.0,3.21,16.481589971072978
2026-10-03T13:00:00+05:30,Kurunegala_NorthWestern,27.9,234.06751222836897,564.0,3.2,19.34516613825133
2026-10-03T13:15:00+05:30,Kurunegala_NorthWestern,27.3,239.85823915370673,515.0,3.15,22.468764099811537
2026-10-03T13:30:00+05:30,Kurunegala_NorthWestern,26.7,244.23515329221323,460.0,3.01,25.757940608822196
2026-10-03T13:45:00+05:30,Kurunegala_NorthWestern,26.1,247.6357212604156,403.0,2.78,29.156690620104534
2026-10-03T14:00:00+05:30,Kurunegala_NorthWestern,25.6,250.3464335740931,345.0,2.51,32.630770362793655
2026-10-03T14:15:00+05:30,Kurunegala_NorthWestern,25.1,252.55720756094507,286.0,2.44,36.158449396355714
2026-10-03T14:30:00+05:30,Kurunegala_NorthWestern,24.7,254.3967907292918,221.0,2.46,39.72542554559978
2026-10-03T14:45:00+05:30,Kurunegala_NorthWestern,24.4,255.95466476650142,161.0,2.44,43.32196676731585
2026-10-03T15:00:00+05:30,Kurunegala_NorthWestern,24.1,257.29456051897506,115.0,2.5,46.94125042944887
2026-10-03T15:15:00+05:30,Kurunegala_NorthWestern,23.8,258.4629209187659,93.0,2.55,50.57836542375619
2026-10-03T15:30:00+05:30,Kurunegala_NorthWestern,23.7,259.49431320184476,87.0,2.55,54.22969408141544
2026-10-03T15:45:00+05:30,Kurunegala_NorthWestern,23.8,260.41496913662206,89.0,2.22,57.89251566700914
2026-10-03T16:00:00+05:30,Kurunegala_NorthWestern,24.0,261.2451540906667,93.0,1.68,61.56474545747224
2026-10-03T16:15:00+05:30,Kurunegala_NorthWestern,24.2,262.0007874756266,96.0,1.11,65.24476012953573
2026-10-03T16:30:00+05:30,Kurunegala_NorthWestern,24.3,262.6945737096621,103.0,0.76,68.93127615621484
2026-10-03T16:45:00+05:30,Kurunegala_NorthWestern,24.4,263.33680746496645,104.0,0.75,72.62326402670622
2026-10-03T17:00:00+05:30,Kurunegala_NorthWestern,24.4,263.9359582543548,93.0,1.0,76.3198880346939
2026-10-03T17:15:00+05:30,Kurunegala_NorthWestern,24.4,264.4991025473465,68.0,1.27,80.020461075989
2026-10-03T17:30:00+05:30,Kurunegala_NorthWestern,24.4,265.03224977049604,38.0,1.43,83.72441094049294
2026-10-03T17:45:00+05:30,Kurunegala_NorthWestern,24.4,265.54059388794735,14.0,1.44,87.43125622299726
2026-10-03T18:00:00+05:30,Kurunegala_NorthWestern,24.4,266.02871223587357,2.0,1.38,91.14058656149905
2026-10-03T18:15:00+05:30,Kurunegala_NorthWestern,24.4,266.5007278845063,0.0,1.29,94.85204706655303
2026-10-03T18:30:00+05:30,Kurunegala_NorthWestern,24.3,266.9604478073625,0.0,1.24,98.56532726721426
2026-10-03T18:45:00+05:30,Kurunegala_NorthWestern,24.3,267.4114861960649,0.0,1.19,102.28015073078542
2026-10-03T19:00:00+05:30,Kurunegala_NorthWestern,24.3,267.85738163957774,0.0,1.15,105.99626616949183
2026-10-03T19:15:00+05:30,Kurunegala_NorthWestern,24.3,268.30171664641335,0.0,1.17,109.71344098780435
2026-10-03T19:30:00+05:30,Kurunegala_NorthWestern,24.2,268.7482483017867,0.0,1.12,113.4314537839511
2026-10-03T19:45:00+05:30,Kurunegala_NorthWestern,24.2,269.20106152859046,0.0,1.08,117.15008680087043
2026-10-03T20:00:00+05:30,Kurunegala_NorthWestern,24.2,269.66476037979766,0.0,1.08,120.86911925169525
2026-10-03T20:15:00+05:30,Kurunegala_NorthWestern,24.1,270.14471907637,0.0,1.03,124.58831778834626
2026-10-03T20:30:00+05:30,Kurunegala_NorthWestern,24.1,270.64742660490396,0.0,1.03,128.30742455206172
2026-10-03T20:45:00+05:30,Kurunegala_NorthWestern,24.0,271.1809786073422,0.0,1.03,132.02614269339432
2026-10-03T21:00:00+05:30,Kurunegala_NorthWestern,24.0,271.75580472497006,0.0,1.01,135.74411373412667
2026-10-03T21:15:00+05:30,Kurunegala_NorthWestern,23.9,272.38578391948766,0.0,1.0,139.46088379319318
2026-10-03T21:30:00+05:30,Kurunegala_NorthWestern,23.9,273.09002164168464,0.0,1.03,143.17585214205312
2026-10-03T21:45:00+05:30,Kurunegala_NorthWestern,23.8,273.8958040424115,0.0,1.07,146.88818396077727
2026-10-03T22:00:00+05:30,Kurunegala_NorthWestern,23.7,274.84375731188015,0.0,1.11,150.59665854141252
2026-10-03T22:15:00+05:30,Kurunegala_NorthWestern,23.6,275.99740327419966,0.0,1.15,154.29938967743425
2026-10-03T22:30:00+05:30,Kurunegala_NorthWestern,23.6,277.46217409540793,0.0,1.2,157.99326462310046
2026-10-03T22:45:00+05:30,Kurunegala_NorthWestern,23.5,279.4268304360743,0.0,1.25,161.6727142425116
2026-10-03T23:00:00+05:30,Kurunegala_NorthWestern,23.5,282.26490633622916,0.0,1.3,165.3266674661489
2026-10-03T23:15:00+05:30,Kurunegala_NorthWestern,23.4,286.8254616578985,0.0,1.31,168.92962610841928
2026-10-03T23:30:00+05:30,Kurunegala_NorthWestern,23.4,295.4649644246426,0.0,1.36,172.40839387417037
2026-10-03T23:45:00+05:30,Kurunegala_NorthWestern,23.3,316.6532098745836,0.0,1.41,175.4671284038634
2026-10-04T00:00:00+05:30,Kurunegala_NorthWestern,23.3,10.825961612707886,0.0,1.45,176.63881176817875
2026-10-04T00:15:00+05:30,Kurunegala_NorthWestern,23.3,53.141588546269986,0.0,1.5,174.53334396929648
2026-10-04T00:30:00+05:30,Kurunegala_NorthWestern,23.3,68.30234564971317,0.0,1.55,171.26468171974946
2026-10-04T00:45:00+05:30,Kurunegala_NorthWestern,23.2,75.11302918723158,0.0,1.6,167.72973675383543
2026-10-04T01:00:00+05:30,Kurunegala_NorthWestern,23.2,78.94651790365731,0.0,1.65,164.10530986881616
2026-10-04T01:15:00+05:30,Kurunegala_NorthWestern,23.2,81.43128323030862,0.0,1.7,160.44121571683695
2026-10-04T01:30:00+05:30,Kurunegala_NorthWestern,23.2,83.20004096020091,0.0,1.75,156.75634707450672
2026-10-04T01:45:00+05:30,Kurunegala_NorthWestern,23.2,84.54600769640058,0.0,1.81,153.05937646776357
2026-10-04T02:00:00+05:30,Kurunegala_NorthWestern,23.2,85.6229489262576,0.0,1.81,149.35484022203138
2026-10-04T02:15:00+05:30,Kurunegala_NorthWestern,23.2,86.51915990841945,0.0,1.86,145.64535034486576
2026-10-04T02:30:00+05:30,Kurunegala_NorthWestern,23.1,87.28899913827308,0.0,1.87,141.9325284849719
2026-10-04T02:45:00+05:30,Kurunegala_NorthWestern,23.1,87.96784855725849,0.0,1.87,138.21744527879008
2026-10-04T03:00:00+05:30,Kurunegala_NorthWestern,23.0,88.57982815633966,0.0,1.87,134.5008472679715
2026-10-04T03:15:00+05:30,Kurunegala_NorthWestern,22.9,89.14204979433458,0.0,1.87,130.78328219458453
2026-10-04T03:30:00+05:30,Kurunegala_NorthWestern,22.9,89.66709605068178,0.0,1.82,127.06517092098564
2026-10-04T03:45:00+05:30,Kurunegala_NorthWestern,22.8,90.16453363598742,0.0,1.77,123.34685277965382
2026-10-04T04:00:00+05:30,Kurunegala_NorthWestern,22.7,90.64187613057982,0.0,1.72,119.62861502227342
2026-10-04T04:15:00+05:30,Kurunegala_NorthWestern,22.7,91.10521991202722,0.0,1.66,115.91071143948194
2026-10-04T04:30:00+05:30,Kurunegala_NorthWestern,22.6,91.55967931554977,0.0,1.61,112.1933768754258
2026-10-04T04:45:00+05:30,Kurunegala_NorthWestern,22.6,92.0096957284311,0.0,1.56,108.47683835663976
2026-10-04T05:00:00+05:30,Kurunegala_NorthWestern,22.6,92.45926641429492,0.0,1.56,104.76132274535092
2026-10-04T05:15:00+05:30,Kurunegala_NorthWestern,22.7,92.91212179629031,0.0,1.51,101.04706483641503
2026-10-04T05:30:00+05:30,Kurunegala_NorthWestern,22.8,93.37187079087522,0.0,1.51,97.33431508404006
2026-10-04T05:45:00+05:30,Kurunegala_NorthWestern,22.9,93.84212808844438,0.0,1.51,93.62334601552084
2026-10-04T06:00:00+05:30,Kurunegala_NorthWestern,23.1,94.32663348308614,0.0,1.51,89.9144608275297
2026-10-04T06:15:00+05:30,Kurunegala_NorthWestern,23.4,94.82937224736429,15.0,1.52,86.20800319632258
2026-10-04T06:30:00+05:30,Kurunegala_NorthWestern,23.6,95.35470512868852,50.0,1.52,82.50436742508238
2026-10-04T06:45:00+05:30,Kurunegala_NorthWestern,23.9,95.90751652221348,96.0,1.52,78.80401267004781
2026-10-04T07:00:00+05:30,Kurunegala_NorthWestern,24.2,96.4933915546751,149.0,1.52,75.10748076550534
2026-10-04T07:15:00+05:30,Kurunegala_NorthWestern,24.5,97.11883578748461,203.0,1.52,71.41541752870353
2026-10-04T07:30:00+05:30,Kurunegala_NorthWestern,24.9,97.79155518853435,256.0,1.53,67.72860245271272
2026-10-04T07:45:00+05:30,Kurunegala_NorthWestern,25.2,98.52082178919795,307.0,1.54,64.0479880580842
2026-10-04T08:00:00+05:30,Kurunegala_NorthWestern,25.5,99.31796153897824,359.0,1.55,60.374751469776896
2026-10-04T08:15:00+05:30,Kurunegala_NorthWestern,25.9,100.19701698167353,417.0,1.57,56.71036723147375
2026-10-04T08:30:00+05:30,Kurunegala_NorthWestern,26.2,101.17566467456788,483.0,1.6,53.056709069307985
2026-10-04T08:45:00+05:30,Kurunegala_NorthWestern,26.6,102.27650977357587,552.0,1.59,49.41619349790911
2026-10-04T09:00:00+05:30,Kurunegala_NorthWestern,27.0,103.52894761340445,617.0,1.66,45.7919911049988
2026-10-04T09:15:00+05:30,Kurunegala_NorthWestern,27.5,104.97189604893663,670.0,1.72,42.18834148436257
2026-10-04T09:30:00+05:30,Kurunegala_NorthWestern,27.9,106.6578921456724,711.0,1.77,38.61103333318221
2026-10-04T09:45:00+05:30,Kurunegala_NorthWestern,28.3,108.65936614691958,740.0,1.87,35.068161537461634
2026-10-04T10:00:00+05:30,Kurunegala_NorthWestern,28.8,111.07844991469636,763.0,1.99,31.57135369763821
2026-10-04T10:15:00+05:30,Kurunegala_NorthWestern,29.2,114.06256862423902,782.0,2.16,28.137819712004486
2026-10-04T10:30:00+05:30,Kurunegala_NorthWestern,29.6,117.82936388370865,794.0,2.26,24.79389082020208
2026-10-04T10:45:00+05:30,Kurunegala_NorthWestern,29.9,122.70563475811645,800.0,2.37,21.581288883685104
2026-10-04T11:00:00+05:30,Kurunegala_NorthWestern,30.1,129.18211888220765,798.0,2.44,18.568332080100532
2026-10-04T11:15:00+05:30,Kurunegala_NorthWestern,30.3,137.96211176442534,790.0,2.53,15.869172133090089
2026-10-04T11:30:00+05:30,Kurunegala_NorthWestern,30.3,149.88356006596007,772.0,2.51,13.670978728055744
2026-10-04T11:45:00+05:30,Kurunegala_NorthWestern,30.2,165.372433285233,748.0,2.44,12.24656974522641
2026-10-04T12:00:00+05:30,Kurunegala_NorthWestern,30.0,183.25386664071073,721.0,2.35,11.877679546641545
2026-10-04T12:15:00+05:30,Kurunegala_NorthWestern,29.6,200.54100283575903,695.0,2.19,12.656937983694604
2026-10-04T12:30:00+05:30,Kurunegala_NorthWestern,29.2,214.7519741539456,668.0,2.04,14.39912194841017
2026-10-04T12:45:00+05:30,Kurunegala_NorthWestern,28.8,225.43554640318993,641.0,1.83,16.80740315786869
2026-10-04T13:00:00+05:30,Kurunegala_NorthWestern,28.2,233.27982121489111,611.0,1.63,19.63822200154678
2026-10-04T13:15:00+05:30,Kurunegala_NorthWestern,27.7,239.10204663963543,578.0,1.39,22.734265547659646
2026-10-04T13:30:00+05:30,Kurunegala_NorthWestern,27.2,243.52569814136098,545.0,1.19,26.000942896487565
2026-10-04T13:45:00+05:30,Kurunegala_NorthWestern,26.7,246.974692395354,510.0,1.03,29.381374496450647
2026-10-04T14:00:00+05:30,Kurunegala_NorthWestern,26.3,249.73042888566306,472.0,0.85,32.84042997576971
2026-10-04T14:15:00+05:30,Kurunegala_NorthWestern,25.9,251.98125946278674,429.0,0.79,36.3556520465996
2026-10-04T14:30:00+05:30,Kurunegala_NorthWestern,25.5,253.85577489943577,380.0,0.72,39.91217940913436
2026-10-04T14:45:00+05:30,Kurunegala_NorthWestern,25.3,255.4438206055512,330.0,0.73,43.49985776350917
2026-10-04T15:00:00+05:30,Kurunegala_NorthWestern,25.1,256.80964328369816,286.0,0.76,47.111545847606514
2026-10-04T15:15:00+05:30,Kurunegala_NorthWestern,25.0,258.00020556502267,251.0,0.81,50.742090535557985
2026-10-04T15:30:00+05:30,Kurunegala_NorthWestern,24.9,259.0505433389203,223.0,0.91,54.38768856429461
2026-10-04T15:45:00+05:30,Kurunegala_NorthWestern,24.9,259.98729037883027,199.0,1.0,58.04547537657564
2026-10-04T16:00:00+05:30,Kurunegala_NorthWestern,24.8,260.83104771659015,175.0,1.1,61.71325364514355
2026-10-04T16:15:00+05:30,Kurunegala_NorthWestern,24.8,261.5980101544085,150.0,1.2,65.38931103671332
2026-10-04T16:30:00+05:30,Kurunegala_NorthWestern,24.8,262.3011046869243,126.0,1.3,69.07229307518898
2026-10-04T16:45:00+05:30,Kurunegala_NorthWestern,24.7,262.9508028156274,103.0,1.35,72.76111330749679
2026-10-04T17:00:00+05:30,Kurunegala_NorthWestern,24.7,263.555711147018,80.0,1.45,76.45489009559876
2026-10-04T17:15:00+05:30,Kurunegala_NorthWestern,24.7,264.1230082763995,57.0,1.5,80.15289919242215
2026-10-04T17:30:00+05:30,Kurunegala_NorthWestern,24.7,264.6587743215078,35.0,1.5,83.85453837414153
2026-10-04T17:45:00+05:30,Kurunegala_NorthWestern,24.6,265.16824486110056,16.0,1.5,87.55930211306656
2026-10-04T18:00:00+05:30,Kurunegala_NorthWestern,24.6,265.6560109975587,3.0,1.45,91.26676090242671
2026-10-04T18:15:00+05:30,Kurunegala_NorthWestern,24.5,266.12618182742034,0.0,1.4,94.97654502379088
2026-10-04T18:30:00+05:30,Kurunegala_NorthWestern,24.5,266.5825215448931,0.0,1.36,98.68833304642155
2026-10-04T18:45:00+05:30,Kurunegala_NorthWestern,24.4,267.02857037989133,0.0,1.27,102.40184117405752
2026-10-04T19:00:00+05:30,Kurunegala_NorthWestern,24.4,267.4677578510541,0.0,1.23,106.11681425578857
2026-10-04T19:15:00+05:30,Kurunegala_NorthWestern,24.4,267.9035164195938,0.0,1.13,109.83301940816054
2026-10-04T19:30:00+05:30,Kurunegala_NorthWestern,24.3,268.339403744707,0.0,1.04,113.55023878680235
2026-10-04T19:45:00+05:30,Kurunegala_NorthWestern,24.3,268.7792441069656,0.0,1.01,117.26826254386503
2026-10-04T20:00:00+05:30,Kurunegala_NorthWestern,24.3,269.2273030507135,0.0,0.92,120.98688296848822
2026-10-04T20:15:00+05:30,Kurunegala_NorthWestern,24.2,269.6885148631242,0.0,0.89,124.70588619464937
2026-10-04T20:30:00+05:30,Kurunegala_NorthWestern,24.2,270.16879341318753,0.0,0.85,128.42504211516143
2026-10-04T20:45:00+05:30,Kurunegala_NorthWestern,24.1,270.67547480881314,0.0,0.81,132.14409268582392
2026-10-04T21:00:00+05:30,Kurunegala_NorthWestern,24.1,271.2179714082893,0.0,0.81,135.8627335309207
2026-10-04T21:15:00+05:30,Kurunegala_NorthWestern,24.0,271.80877506553225,0.0,0.81,139.58058676340573
2026-10-04T21:30:00+05:30,Kurunegala_NorthWestern,23.9,272.4650577787435,0.0,0.81,143.29716010197015
2026-10-04T21:45:00+05:30,Kurunegala_NorthWestern,23.9,273.21133807057527,0.0,0.81,147.01177717530283
2026-10-04T22:00:00+05:30,Kurunegala_NorthWestern,23.8,274.0841516417246,0.0,0.85,150.72345622090717
2026-10-04T22:15:00+05:30,Kurunegala_NorthWestern,23.7,275.1407376912691,0.0,0.85,154.43068644948255
2026-10-04T22:30:00+05:30,Kurunegala_NorthWestern,23.7,276.4764237216871,0.0,0.89,158.13097687634752
2026-10-04T22:45:00+05:30,Kurunegala_NorthWestern,23.6,278.2628113375983,0.0,0.89,161.8198608727863
2026-10-04T23:00:00+05:30,Kurunegala_NorthWestern,23.5,280.84252333537705,0.0,0.94,165.4884059277235
2026-10-04T23:15:00+05:30,Kurunegala_NorthWestern,23.5,285.00685439153926,0.0,0.94,169.1157861134124
2026-10-04T23:30:00+05:30,Kurunegala_NorthWestern,23.4,293.0263078493537,0.0,0.98,172.64061586003567
2026-10-04T23:45:00+05:30,Kurunegala_NorthWestern,23.4,313.82698058859427,0.0,1.03,175.79618168488824
2026-10-05T00:00:00+05:30,Kurunegala_NorthWestern,23.3,13.640526703294825,0.0,1.08,176.99968140472393
2026-10-05T00:15:00+05:30,Kurunegala_NorthWestern,23.3,56.96304599803517,0.0,1.14,174.6943577508106
2026-10-05T00:30:00+05:30,Kurunegala_NorthWestern,23.2,70.86124610410485,0.0,1.19,171.3331434799395
2026-10-05T00:45:00+05:30,Kurunegala_NorthWestern,23.2,76.96023535330505,0.0,1.23,167.75692794716525
2026-10-05T01:00:00+05:30,Kurunegala_NorthWestern,23.1,80.38186080447076,0.0,1.3,164.1103516393697
2026-10-05T01:15:00+05:30,Kurunegala_NorthWestern,23.1,82.6048652729636,0.0,1.37,160.43285422518449
2026-10-05T01:30:00+05:30,Kurunegala_NorthWestern,23.0,84.19469488693551,0.0,1.41,156.73924750681942
2026-10-05T01:45:00+05:30,Kurunegala_NorthWestern,23.0,85.41165347747472,0.0,1.46,153.03631029474064
2026-10-05T02:00:00+05:30,Kurunegala_NorthWestern,23.0,86.391828112528,0.0,1.5,149.32758893267925
2026-10-05T02:15:00+05:30,Kurunegala_NorthWestern,22.9,87.21325882214398,0.0,1.55,145.61513060132867
2026-10-05T02:30:00+05:30,Kurunegala_NorthWestern,22.9,87.92397756378074,0.0,1.6,141.90021274930047
2026-10-05T02:45:00+05:30,Kurunegala_NorthWestern,22.8,88.55526573609353,0.0,1.64,138.1836853893746
2026-10-05T03:00:00+05:30,Kurunegala_NorthWestern,22.7,89.12847694577755,0.0,1.63,134.46614802961062
2026-10-05T03:15:00+05:30,Kurunegala_NorthWestern,22.6,89.65879462825296,0.0,1.68,130.74804748314216
2026-10-05T03:30:00+05:30,Kurunegala_NorthWestern,22.5,90.15742052119117,0.0,1.66,127.02973384909288
2026-10-05T03:45:00+05:30,Kurunegala_NorthWestern,22.4,90.63291077976976,0.0,1.65,123.31149621010344
2026-10-05T04:00:00+05:30,Kurunegala_NorthWestern,22.3,91.09202648611307,0.0,1.7,119.59358602914838
2026-10-05T04:15:00+05:30,Kurunegala_NorthWestern,22.2,91.54029633147235,0.0,1.69,115.87623186432572
2026-10-05T04:30:00+05:30,Kurunegala_NorthWestern,22.2,91.98240274851776,0.0,1.68,112.15965131893297
2026-10-05T04:45:00+05:30,Kurunegala_NorthWestern,22.2,92.42245749234763,0.0,1.67,108.44406047265039
2026-10-05T05:00:00+05:30,Kurunegala_NorthWestern,22.2,92.86420719324485,0.0,1.66,104.72968041421348
2026-10-05T05:15:00+05:30,Kurunegala_NorthWestern,22.3,93.31119433563015,0.0,1.66,101.01674462769543
2026-10-05T05:30:00+05:30,Kurunegala_NorthWestern,22.4,93.76689115989393,0.0,1.65,97.3055063102995
2026-10-05T05:45:00+05:30,Kurunegala_NorthWestern,22.6,94.23481903679215,0.0,1.65,93.59624461694257
2026-10-05T06:00:00+05:30,Kurunegala_NorthWestern,22.9,94.7186625507855,0.0,1.6,89.8892732956074
2026-10-05T06:15:00+05:30,Kurunegala_NorthWestern,23.3,95.22238673260335,16.0,1.6,86.18495072730195
2026-10-05T06:30:00+05:30,Kurunegala_NorthWestern,23.6,95.75036568927834,55.0,1.56,82.48369050857552
2026-10-05T06:45:00+05:30,Kurunegala_NorthWestern,24.0,96.30753102614057,105.0,1.52,78.78597634229116
2026-10-05T07:00:00+05:30,Kurunegala_NorthWestern,24.5,96.89955077202598,164.0,1.48,75.0923807967327
2026-10-05T07:15:00+05:30,Kurunegala_NorthWestern,24.9,97.53305262436356,224.0,1.46,71.40358789378732
2026-10-05T07:30:00+05:30,Kurunegala_NorthWestern,25.4,98.21590939693408,282.0,1.44,67.72042453595864
2026-10-05T07:45:00+05:30,Kurunegala_NorthWestern,25.8,98.95761246720525,336.0,1.43,64.04390219902277
2026-10-05T08:00:00+05:30,Kurunegala_NorthWestern,26.2,99.76977028602494,390.0,1.41,60.3752716883899
2026-10-05T08:15:00+05:30,Kurunegala_NorthWestern,26.6,100.6667852935218,447.0,1.39,56.71610029075012
2026-10-05T08:30:00+05:30,Kurunegala_NorthWestern,27.0,101.66679005499839,505.0,1.4,53.06837954055214
2026-10-05T08:45:00+05:30,Kurunegala_NorthWestern,27.4,102.792966005822,562.0,1.42,49.43467721381772
2026-10-05T09:00:00+05:30,Kurunegala_NorthWestern,27.8,104.07543525257728,616.0,1.38,45.818360494876885
2026-10-05T09:15:00+05:30,Kurunegala_NorthWestern,28.2,105.55402843691303,663.0,1.42,42.223927953409216
2026-10-05T09:30:00+05:30,Kurunegala_NorthWestern,28.6,107.28241721614307,703.0,1.43,38.65751436595545
2026-10-05T09:45:00+05:30,Kurunegala_NorthWestern,29.0,109.33440736497198,737.0,1.46,35.12768388426174
2026-10-05T10:00:00+05:30,Kurunegala_NorthWestern,29.4,111.81370118018305,765.0,1.52,31.64670899790677
2026-10-05T10:15:00+05:30,Kurunegala_NorthWestern,29.8,114.86924596476393,790.0,1.52,28.23269408343122
2026-10-05T10:30:00+05:30,Kurunegala_NorthWestern,30.1,118.71936532097772,808.0,1.6,24.913209009910062
2026-10-05T10:45:00+05:30,Kurunegala_NorthWestern,30.4,123.68844696971337,821.0,1.68,21.731641398485408
2026-10-05T11:00:00+05:30,Kurunegala_NorthWestern,30.5,130.2558018791484,832.0,1.71,18.758323331287258
2026-10-05T11:15:00+05:30,Kurunegala_NorthWestern,30.6,139.09056701833947,844.0,1.8,16.109006013707102
2026-10-05T11:30:00+05:30,Kurunegala_NorthWestern,30.6,150.9520528253339,859.0,1.83,13.969284957949824
2026-10-05T11:45:00+05:30,Kurunegala_NorthWestern,30.3,166.1522775639619,872.0,1.88,12.601491146201184
2026-10-05T12:00:00+05:30,Kurunegala_NorthWestern,30.0,183.50785746174148,876.0,1.97,12.26662988648306
2026-10-05T12:15:00+05:30,Kurunegala_NorthWestern,29.5,200.260368326959,864.0,2.02,13.044492827923136
2026-10-05T12:30:00+05:30,Kurunegala_NorthWestern,29.0,214.14015337509912,839.0,2.07,14.760187377766712
2026-10-05T12:45:00+05:30,Kurunegala_NorthWestern,28.4,224.69088131453026,805.0,2.12,17.13425945021443
2026-10-05T13:00:00+05:30,Kurunegala_NorthWestern,27.7,232.51354885435757,764.0,2.17,19.932821427327312
2026-10-05T13:15:00+05:30,Kurunegala_NorthWestern,27.0,238.36212360141178,722.0,2.22,23.001433797653846
2026-10-05T13:30:00+05:30,Kurunegala_NorthWestern,26.3,242.82853832790408,677.0,2.22,26.245526867658363
2026-10-05T13:45:00+05:30,Kurunegala_NorthWestern,25.8,246.32307371510342,629.0,2.22,29.607455162606804
2026-10-05T14:00:00+05:30,Kurunegala_NorthWestern,25.2,249.12175911917063,575.0,2.23,33.05126021563247
2026-10-05T14:15:00+05:30,Kurunegala_NorthWestern,24.8,251.4111390415973,511.0,2.18,36.55378729996
2026-10-05T14:30:00+05:30,Kurunegala_NorthWestern,24.4,253.3194736440817,436.0,2.09,40.09963005506819
2026-10-05T14:45:00+05:30,Kurunegala_NorthWestern,24.2,254.93685337828967,362.0,1.95,43.678218149620875
2026-10-05T15:00:00+05:30,Kurunegala_NorthWestern,24.2,256.3279605851435,297.0,1.76,47.282093968846084
2026-10-05T15:15:00+05:30,Kurunegala_NorthWestern,24.2,257.5402230106155,251.0,1.58,50.90586268698069
2026-10-05T15:30:00+05:30,Kurunegala_NorthWestern,24.2,258.6091075460913,218.0,1.37,54.54553482289298
2026-10-05T15:45:00+05:30,Kurunegala_NorthWestern,24.3,259.56162356573844,192.0,1.17,58.198100950067534
2026-10-05T16:00:00+05:30,Kurunegala_NorthWestern,24.5,260.4186889199865,168.0,0.96,61.86124993060005
2026-10-05T16:15:00+05:30,Kurunegala_NorthWestern,24.6,261.1967601062612,143.0,0.78,65.53317918630466
2026-10-05T16:30:00+05:30,Kurunegala_NorthWestern,24.8,261.908976558061,119.0,0.76,69.21246208264407
2026-10-05T16:45:00+05:30,Kurunegala_NorthWestern,24.9,262.56597895845533,97.0,0.81,72.8979540635377
2026-10-05T17:00:00+05:30,Kurunegala_NorthWestern,25.0,263.1765051203074,75.0,0.87,76.58872645055087
2026-10-05T17:15:00+05:30,Kurunegala_NorthWestern,25.1,263.7478311285695,53.0,1.01,80.28401678603836
2026-10-05T17:30:00+05:30,Kurunegala_NorthWestern,25.2,264.28610404435574,33.0,1.1,83.98319179191134
2026-10-05T17:45:00+05:30,Kurunegala_NorthWestern,25.2,264.7965979339991,16.0,1.13,87.68572078387496
2026-10-05T18:00:00+05:30,Kurunegala_NorthWestern,25.2,265.2839149555579,2.0,1.13,91.39115406309126
2026-10-05T18:15:00+05:30,Kurunegala_NorthWestern,25.1,265.7521477722513,0.0,1.13,95.09910599926616
2026-10-05T18:30:00+05:30,Kurunegala_NorthWestern,25.1,266.20501544444073,0.0,1.06,98.80924304812496
2026-10-05T18:45:00+05:30,Kurunegala_NorthWestern,25.0,266.64598185253465,0.0,0.99,102.52127279821595
2026-10-05T19:00:00+05:30,Kurunegala_NorthWestern,25.0,267.078364874965,0.0,0.92,106.23493484252195
2026-10-05T19:15:00+05:30,Kurunegala_NorthWestern,24.9,267.5054439988922,0.0,0.82,109.94999442499247
2026-10-05T19:30:00+05:30,Kurunegala_NorthWestern,24.8,267.93057395030894,0.0,0.72,113.66623541806695
2026-10-05T19:45:00+05:30,Kurunegala_NorthWestern,24.8,268.35731397390845,0.0,0.63,117.38345369947933
2026-10-05T20:00:00+05:30,Kurunegala_NorthWestern,24.7,268.7895853870472,0.0,0.6,121.1014519956449
2026-10-05T20:15:00+05:30,Kurunegala_NorthWestern,24.6,269.2318748446835,0.0,0.54,124.8200326748375
2026-10-05T20:30:00+05:30,Kurunegala_NorthWestern,24.6,269.68951040398827,0.0,0.52,128.53898929906796
2026-10-05T20:45:00+05:30,Kurunegala_NorthWestern,24.5,270.16905332347903,0.0,0.52,132.25809740555394
2026-10-05T21:00:00+05:30,Kurunegala_NorthWestern,24.4,270.6788760408926,0.0,0.57,135.9770998935537
2026-10-05T21:15:00+05:30,Kurunegala_NorthWestern,24.4,271.23004867660654,0.0,0.62,139.69568574744997
2026-10-05T21:30:00+05:30,Kurunegala_NorthWestern,24.3,271.83775473001765,0.0,0.68,143.41345864372474
2026-10-05T21:45:00+05:30,Kurunegala_NorthWestern,24.2,272.52365357320946,0.0,0.74,147.12988308735922
2026-10-05T22:00:00+05:30,Kurunegala_NorthWestern,24.1,273.32002989096526,0.0,0.81,150.8441907705445
2026-10-05T22:15:00+05:30,Kurunegala_NorthWestern,24.0,274.27753968844263,0.0,0.92,154.55520804172485
2026-10-05T22:30:00+05:30,Kurunegala_NorthWestern,24.0,275.48079498660775,0.0,0.98,158.26100595993077
2026-10-05T22:45:00+05:30,Kurunegala_NorthWestern,23.9,277.0828588214236,0.0,1.05,161.95812368457035
2026-10-05T23:00:00+05:30,Kurunegala_NorthWestern,23.9,279.39185780516846,0.0,1.14,165.6396076068595
2026-10-05T23:15:00+05:30,Kurunegala_NorthWestern,23.9,283.1300405008408,0.0,1.19,169.28906588720787
2026-10-05T23:30:00+05:30,Kurunegala_NorthWestern,23.8,290.4364377961525,0.0,1.21,172.85695628659812
2026-10-05T23:45:00+05:30,Kurunegala_NorthWestern,23.6,310.52521749556126,0.0,1.21,176.11150956927403
2026-10-06T00:00:00+05:30,Kurunegala_NorthWestern,23.5,17.172602778428427,0.0,1.18,177.35100818525578
2026-10-06T00:15:00+05:30,Kurunegala_NorthWestern,23.3,60.98629490252313,0.0,1.17,174.83151076117653
2026-10-06T00:30:00+05:30,Kurunegala_NorthWestern,23.2,73.44647591593099,0.0,1.13,171.3856429274569
2026-10-06T00:45:00+05:30,Kurunegala_NorthWestern,23.1,78.8079067813012,0.0,1.1,167.7731533509739
2026-10-06T01:00:00+05:30,Kurunegala_NorthWestern,23.0,81.81301961201143,0.0,1.1,164.10739965394737
2026-10-06T01:15:00+05:30,Kurunegala_NorthWestern,22.9,83.77370147094615,0.0,1.06,160.41842358611467
2026-10-06T01:30:00+05:30,Kurunegala_NorthWestern,22.8,85.18494226384985,0.0,1.03,156.7174213414333
2026-10-06T01:45:00+05:30,Kurunegala_NorthWestern,22.7,86.27339407303134,0.0,1.03,153.00950940511245
2026-10-06T02:00:00+05:30,Kurunegala_NorthWestern,22.6,87.15727908035979,0.0,0.99,149.29736913344152
2026-10-06T02:15:00+05:30,Kurunegala_NorthWestern,22.5,87.90434038434114,0.0,0.96,145.58255557317622
2026-10-06T02:30:00+05:30,Kurunegala_NorthWestern,22.4,88.55628185536841,0.0,0.96,141.86604690185638
2026-10-06T02:45:00+05:30,Kurunegala_NorthWestern,22.3,89.1402930838276,0.0,0.96,138.1485017008957
2026-10-06T03:00:00+05:30,Kurunegala_NorthWestern,22.3,89.67497141520516,0.0,0.92,134.43039221969207
2026-10-06T03:15:00+05:30,Kurunegala_NorthWestern,22.2,90.17358086296713,0.0,0.88,130.7120782179199
2026-10-06T03:30:00+05:30,Kurunegala_NorthWestern,22.2,90.64594970039451,0.0,0.85,126.99384907005319
2026-10-06T03:45:00+05:30,Kurunegala_NorthWestern,22.2,91.09962938572585,0.0,0.85,123.275951070209
2026-10-06T04:00:00+05:30,Kurunegala_NorthWestern,22.2,91.5406330956198,0.0,0.78,119.55860557137683
2026-10-06T04:15:00+05:30,Kurunegala_NorthWestern,22.2,91.97392541351587,0.0,0.78,115.84202032556384
2026-10-06T04:30:00+05:30,Kurunegala_NorthWestern,22.2,92.40375964529045,0.0,0.71,112.1263992208664
2026-10-06T04:45:00+05:30,Kurunegala_NorthWestern,22.3,92.83392005153513,0.0,0.68,108.41195025822776
2026-10-06T05:00:00+05:30,Kurunegala_NorthWestern,22.4,93.26790425165126,0.0,0.64,104.69889114008005
2026-10-06T05:15:00+05:30,Kurunegala_NorthWestern,22.5,93.70906798726111,0.0,0.61,100.98745607264892
2026-10-06T05:30:00+05:30,Kurunegala_NorthWestern,22.6,94.1607476520361,0.0,0.54,97.27790277255153
2026-10-06T05:45:00+05:30,Kurunegala_NorthWestern,22.8,94.62637179601558,0.0,0.47,93.57051861476198
2026-10-06T06:00:00+05:30,Kurunegala_NorthWestern,23.1,95.10956997671508,0.0,0.45,89.86562936508315
2026-10-06T06:15:00+05:30,Kurunegala_NorthWestern,23.4,95.6142868408242,20.0,0.36,86.16360950456415
2026-10-06T06:30:00+05:30,Kurunegala_NorthWestern,23.7,96.14490935582262,64.0,0.3,82.46489328981387
2026-10-06T06:45:00+05:30,Kurunegala_NorthWestern,24.0,96.70641541938926,121.0,0.25,78.76999034770908
2026-10-06T07:00:00+05:30,Kurunegala_NorthWestern,24.4,97.30455452487831,188.0,0.22,75.07950541108262
2026-10-06T07:15:00+05:30,Kurunegala_NorthWestern,24.9,97.94607439322942,255.0,0.25,71.39416223124105
2026-10-06T07:30:00+05:30,Kurunegala_NorthWestern,25.3,98.63901166178391,318.0,0.32,67.71483678603519
2026-10-06T07:45:00+05:30,Kurunegala_NorthWestern,25.8,99.39307276853424,378.0,0.4,64.04260136143894
2026-10-06T08:00:00+05:30,Kurunegala_NorthWestern,26.3,100.22014257982136,435.0,0.5,60.37878254044958
2026-10-06T08:15:00+05:30,Kurunegala_NorthWestern,26.8,101.13497471651317,491.0,0.6,56.725042759045365
2026-10-06T08:30:00+05:30,Kurunegala_NorthWestern,27.3,102.15614511061602,544.0,0.7,53.08349413017894
2026-10-06T08:45:00+05:30,Kurunegala_NorthWestern,27.8,103.30739283665059,593.0,0.81,49.45685887882458
2026-10-06T09:00:00+05:30,Kurunegala_NorthWestern,28.2,104.61953875139761,638.0,0.87,45.84870440215847
2026-10-06T09:15:00+05:30,Kurunegala_NorthWestern,28.7,106.13328323737528,679.0,0.98,42.26379219864289
2026-10-06T09:30:00+05:30,Kurunegala_NorthWestern,29.1,107.90336485252851,717.0,1.04,38.708607073928526
2026-10-06T09:45:00+05:30,Kurunegala_NorthWestern,29.5,110.00485585835395,750.0,1.11,35.19218546846746
2026-10-06T10:00:00+05:30,Kurunegala_NorthWestern,29.9,112.54284926688331,778.0,1.22,31.72744460533213
2026-10-06T10:15:00+05:30,Kurunegala_NorthWestern,30.2,115.66751317056725,803.0,1.26,28.333374736077666
2026-10-06T10:30:00+05:30,Kurunegala_NorthWestern,30.5,119.59734730220589,826.0,1.33,25.038755195631722
2026-10-06T10:45:00+05:30,Kurunegala_NorthWestern,30.8,124.65351352312848,844.0,1.39,21.888562740801788
2026-10-06T11:00:00+05:30,Kurunegala_NorthWestern,31.0,131.30279606916747,851.0,1.41,18.95496473251488
2026-10-06T11:15:00+05:30,Kurunegala_NorthWestern,31.1,140.17965980936174,844.0,1.43,16.354951093274593
2026-10-06T11:30:00+05:30,Kurunegala_NorthWestern,31.2,151.9685799640667,820.0,1.45,14.272030731157912
2026-10-06T11:45:00+05:30,Kurunegala_NorthWestern,31.2,166.88165512362912,785.0,1.43,12.95801989682542
2026-10-06T12:00:00+05:30,Kurunegala_NorthWestern,31.1,183.73903432581906,753.0,1.42,12.654753979152204
2026-10-06T12:15:00+05:30,Kurunegala_NorthWestern,31.0,199.99018357934958,731.0,1.4,13.430873595196147
2026-10-06T12:30:00+05:30,Kurunegala_NorthWestern,30.9,213.55353709379764,717.0,1.39,15.121070048211422
2026-10-06T12:45:00+05:30,Kurunegala_NorthWestern,30.7,223.97146727854548,706.0,1.38,17.461889761567278
2026-10-06T13:00:00+05:30,Kurunegala_NorthWestern,30.4,231.7678907732653,693.0,1.34,20.228699984474275
2026-10-06T13:15:00+05:30,Kurunegala_NorthWestern,30.2,237.63806344442213,675.0,1.31,23.270027036768
2026-10-06T13:30:00+05:30,Kurunegala_NorthWestern,29.9,242.14348465748418,653.0,1.29,26.491475281215536
2026-10-06T13:45:00+05:30,Kurunegala_NorthWestern,29.6,245.6807924706339,629.0,1.28,29.83473678808891
2026-10-06T14:00:00+05:30,Kurunegala_NorthWestern,29.2,248.5204147901029,603.0,1.27,33.26308269534208
2026-10-06T14:15:00+05:30,Kurunegala_NorthWestern,28.8,250.84687206085067,574.0,1.26,36.75269072749773
2026-10-06T14:30:00+05:30,Kurunegala_NorthWestern,28.5,252.7879329149174,543.0,1.29,40.287624239437996
2026-10-06T14:45:00+05:30,Kurunegala_NorthWestern,28.1,254.43382092655554,511.0,1.32,43.85690373115038
2026-10-06T15:00:00+05:30,Kurunegala_NorthWestern,27.7,255.84957747937295,476.0,1.35,47.452758013666454
2026-10-06T15:15:00+05:30,Kurunegala_NorthWestern,27.3,257.08304285072626,440.0,1.4,51.06955125750853
2026-10-06T15:30:00+05:30,Kurunegala_NorthWestern,26.9,258.1700784223129,403.0,1.46,54.70310741877285
2026-10-06T15:45:00+05:30,Kurunegala_NorthWestern,26.6,259.1380434365201,365.0,1.53,58.35027136667204
2026-10-06T16:00:00+05:30,Kurunegala_NorthWestern,26.2,260.00815412419564,324.0,1.57,62.00861710274761
2026-10-06T16:15:00+05:30,Kurunegala_NorthWestern,25.8,260.7971152388024,282.0,1.64,65.67625068438677
2026-10-06T16:30:00+05:30,Kurunegala_NorthWestern,25.5,261.518268684207,240.0,1.68,69.35167220001176
2026-10-06T16:45:00+05:30,Kurunegala_NorthWestern,25.2,262.18241679501534,198.0,1.72,73.03367790005878
2026-10-06T17:00:00+05:30,Kurunegala_NorthWestern,25.0,262.79842279056294,153.0,1.74,76.72129100865321
2026-10-06T17:15:00+05:30,Kurunegala_NorthWestern,24.8,263.3736556812406,107.0,1.79,80.41370983190478
2026-10-06T17:30:00+05:30,Kurunegala_NorthWestern,24.6,263.914325788043,63.0,1.78,84.11026902610529
2026-10-06T17:45:00+05:30,Kurunegala_NorthWestern,24.4,264.42574260253883,27.0,1.76,87.81041174346967
2026-10-06T18:00:00+05:30,Kurunegala_NorthWestern,24.3,264.9125166967728,4.0,1.75,91.51366706335965
2026-10-06T18:15:00+05:30,Kurunegala_NorthWestern,24.2,265.37872191904785,0.0,1.71,95.21963236957482
2026-10-06T18:30:00+05:30,Kurunegala_NorthWestern,24.1,265.82802993480857,0.0,1.7,98.92796085983395
2026-10-06T18:45:00+05:30,Kurunegala_NorthWestern,24.0,266.2638260009229,0.0,1.63,102.6383502571965
2026-10-06T19:00:00+05:30,Kurunegala_NorthWestern,24.0,266.6893139279385,0.0,1.63,106.35053350225812
2026-10-06T19:15:00+05:30,Kurunegala_NorthWestern,23.9,267.10761748300115,0.0,1.56,110.06427237086199
2026-10-06T19:30:00+05:30,Kurunegala_NorthWestern,23.9,267.5218851852492,0.0,1.49,113.77935059277044
2026-10-06T19:45:00+05:30,Kurunegala_NorthWestern,23.8,267.93540715719996,0.0,1.43,117.4955675624088
2026-10-06T20:00:00+05:30,Kurunegala_NorthWestern,23.8,268.3517551807667,0.0,1.37,121.21273376274374
2026-10-06T20:15:00+05:30,Kurunegala_NorthWestern,23.8,268.7749611373123,0.0,1.32,124.93066448358385
2026-10-06T20:30:00+05:30,Kurunegala_NorthWestern,23.8,269.2097573517976,0.0,1.27,128.6491727852723
2026-10-06T20:45:00+05:30,Kurunegala_NorthWestern,23.8,269.66191601571484,0.0,1.23,132.3680624272069
2026-10-06T21:00:00+05:30,Kurunegala_NorthWestern,23.8,270.1387486068588,0.0,1.2,136.08711655235754
2026-10-06T21:15:00+05:30,Kurunegala_NorthWestern,23.8,270.6498712803727,0.0,1.13,139.80608157578033
2026-10-06T21:30:00+05:30,Kurunegala_NorthWestern,23.8,271.2084276966817,0.0,1.11,143.5246441324685
2026-10-06T21:45:00+05:30,Kurunegala_NorthWestern,23.8,271.83313250867536,0.0,1.1,147.24239118316513
2026-10-06T22:00:00+05:30,Kurunegala_NorthWestern,23.8,272.55186882773893,0.0,1.1,150.95874088795168
2026-10-06T22:15:00+05:30,Kurunegala_NorthWestern,23.8,273.4084263564044,0.0,1.06,154.67281565348804
2026-10-06T22:30:00+05:30,Kurunegala_NorthWestern,23.8,274.4761227432217,0.0,1.08,158.38318320522546
2026-10-06T22:45:00+05:30,Kurunegala_NorthWestern,23.8,275.88816241415304,0.0,1.11,162.08727909616087
2026-10-06T23:00:00+05:30,Kurunegala_NorthWestern,23.7,277.9146882634942,0.0,1.12,165.7799365630079
2026-10-06T23:15:00+05:30,Kurunegala_NorthWestern,23.7,281.19756606044484,0.0,1.1,169.44886102898317
2026-10-06T23:30:00+05:30,Kurunegala_NorthWestern,23.7,287.6948174692237,0.0,1.12,173.05602117961735
2026-10-06T23:45:00+05:30,Kurunegala_NorthWestern,23.6,306.6532053608986,0.0,1.14,176.4097537736934
2026-10-07T00:00:00+05:30,Kurunegala_NorthWestern,23.6,21.710882939631915,0.0,1.17,177.68896914616138
2026-10-07T00:15:00+05:30,Kurunegala_NorthWestern,23.5,65.18776048933955,0.0,1.12,174.94316221872947
2026-10-07T00:30:00+05:30,Kurunegala_NorthWestern,23.4,76.04847980616671,0.0,1.15,171.42209767891333
2026-10-07T00:45:00+05:30,Kurunegala_NorthWestern,23.3,80.65243307507228,0.0,1.15,167.77854002195988
2026-10-07T01:00:00+05:30,Kurunegala_NorthWestern,23.2,83.23830219779188,0.0,1.14,164.09660673097451
2026-10-07T01:15:00+05:30,Kurunegala_NorthWestern,23.1,84.93685110753364,0.0,1.14,160.3980711750092
2026-10-07T01:30:00+05:30,Kurunegala_NorthWestern,23.0,86.17018854230474,0.0,1.1,156.6910056769625
2026-10-07T01:45:00+05:30,Kurunegala_NorthWestern,22.9,87.1308151400982,0.0,1.06,152.97910109563904
2026-10-07T02:00:00+05:30,Kurunegala_NorthWestern,22.8,87.91899043768376,0.0,1.06,149.26429973668758
2026-10-07T02:15:00+05:30,Kurunegala_NorthWestern,22.7,88.59215641488345,0.0,1.03,145.54773715596923
2026-10-07T02:30:00+05:30,Kurunegala_NorthWestern,22.6,89.18570490356035,0.0,0.99,141.83013694628676
2026-10-07T02:45:00+05:30,Kurunegala_NorthWestern,22.5,89.72275138757283,0.0,0.96,138.11199521028493
2026-10-07T03:00:00+05:30,Kurunegala_NorthWestern,22.5,90.21915196222903,0.0,0.96,134.39367651495306
2026-10-07T03:15:00+05:30,Kurunegala_NorthWestern,22.4,90.68626303683266,0.0,0.92,130.67546728943483
2026-10-07T03:30:00+05:30,Kurunegala_NorthWestern,22.4,91.13254849761046,0.0,0.88,126.95760610058414
2026-10-07T03:45:00+05:30,Kurunegala_NorthWestern,22.3,91.5645620304183,0.0,0.85,123.24030381980535
2026-10-07T04:00:00+05:30,Kurunegala_NorthWestern,22.3,91.98757418793531,0.0,0.85,119.52375730014762
2026-10-07T04:15:00+05:30,Kurunegala_NorthWestern,22.3,92.40598948101945,0.0,0.78,115.8081578550651
2026-10-07T04:30:00+05:30,Kurunegala_NorthWestern,22.3,92.82363517169978,0.0,0.75,112.09369913466867
2026-10-07T04:45:00+05:30,Kurunegala_NorthWestern,22.4,93.24397037119127,0.0,0.72,108.38058389008367
2026-10-07T05:00:00+05:30,Kurunegala_NorthWestern,22.5,93.6702454489448,0.0,0.69,104.66902878988896
2026-10-07T05:15:00+05:30,Kurunegala_NorthWestern,22.6,94.10563068778885,0.0,0.63,100.9592707670551
2026-10-07T05:30:00+05:30,Kurunegala_NorthWestern,22.7,94.55332751444877,0.0,0.6,97.2515738022335
2026-10-07T05:45:00+05:30,Kurunegala_NorthWestern,22.9,95.01667217610685,0.0,0.59,93.54623505533904
2026-10-07T06:00:00+05:30,Kurunegala_NorthWestern,23.2,95.49923937724554,0.0,0.52,89.84359375063596
2026-10-07T06:15:00+05:30,Kurunegala_NorthWestern,23.5,96.0049532038887,19.0,0.5,86.14404183488568
2026-10-07T06:30:00+05:30,Kurunegala_NorthWestern,23.8,96.5382129238318,61.0,0.45,82.44803555730351
2026-10-07T06:45:00+05:30,Kurunegala_NorthWestern,24.1,97.10404171869311,117.0,0.4,78.75611180926606
2026-10-07T07:00:00+05:30,Kurunegala_NorthWestern,24.5,97.70826898403584,183.0,0.43,75.06890887407022
2026-10-07T07:15:00+05:30,Kurunegala_NorthWestern,24.9,98.35776018490742,249.0,0.4,71.38719170579238
2026-10-07T07:30:00+05:30,Kurunegala_NorthWestern,25.4,99.06071254158985,312.0,0.42,67.7118869533376
2026-10-07T07:45:00+05:30,Kurunegala_NorthWestern,25.8,99.82704298105057,371.0,0.47,64.04412948221514
2026-10-07T08:00:00+05:30,Kurunegala_NorthWestern,26.3,100.66890632502316,427.0,0.56,60.38532364158284
2026-10-07T08:15:00+05:30,Kurunegala_NorthWestern,26.8,101.60139817124241,483.0,0.59,56.73722927157055
2026-10-07T08:30:00+05:30,Kurunegala_NorthWestern,27.3,102.64352453682562,536.0,0.67,53.102081631127
2026-10-07T08:45:00+05:30,Kurunegala_NorthWestern,27.7,103.81956265816677,585.0,0.76,49.482760298370785
2026-10-07T09:00:00+05:30,Kurunegala_NorthWestern,28.2,105.1610030360373,631.0,0.8,45.88303609799294
2026-09-30T09:15:00+05:30,Kilinochchi_Northern,32.6,104.66347882629873,641.0,4.9,42.50427705503993
2026-09-30T09:30:00+05:30,Kilinochchi_Northern,32.9,106.43401272195035,689.0,4.88,38.93991469318973
2026-09-30T09:45:00+05:30,Kilinochchi_Northern,33.3,108.51813476447523,734.0,4.84,35.410908927783694
2026-09-30T10:00:00+05:30,Kilinochchi_Northern,33.6,111.01626714301153,771.0,4.76,31.929076887593233
2026-09-30T10:15:00+05:30,Kilinochchi_Northern,33.9,114.07228176732764,794.0,4.73,28.511794439704992
2026-09-30T10:30:00+05:30,Kilinochchi_Northern,34.2,117.89666130275168,799.0,4.65,25.18543631469801
2026-09-30T10:45:00+05:30,Kilinochchi_Northern,34.3,122.80195612137447,793.0,4.61,21.991383991004923
2026-09-30T11:00:00+05:30,Kilinochchi_Northern,34.4,129.25113341720612,791.0,4.57,18.996572284551817
2026-09-30T11:15:00+05:30,Kilinochchi_Northern,34.4,137.89724525959724,807.0,4.51,16.311193156619836
2026-09-30T11:30:00+05:30,Kilinochchi_Northern,34.4,149.50762931517858,840.0,4.46,14.113067301025438
2026-09-30T11:45:00+05:30,Kilinochchi_Northern,34.4,164.48334891123375,878.0,4.35,12.658675114558378
2026-09-30T12:00:00+05:30,Kilinochchi_Northern,34.4,181.82245024301312,907.0,4.24,12.216629005494738
2026-09-30T12:15:00+05:30,Kilinochchi_Northern,34.4,198.84216316147896,914.0,4.1,12.891505115114356
2026-09-30T12:30:00+05:30,Kilinochchi_Northern,34.3,213.12039277871006,902.0,4.0,14.52847255936517
2026-09-30T12:45:00+05:30,Kilinochchi_Northern,34.2,224.04040668200423,879.0,3.89,16.849396790830852
2026-09-30T13:00:00+05:30,Kilinochchi_Northern,34.1,232.1544314545691,850.0,3.81,19.612920894096263
2026-09-30T13:15:00+05:30,Kilinochchi_Northern,34.0,238.22602913374234,819.0,3.73,22.657631568905273
2026-09-30T13:30:00+05:30,Kilinochchi_Northern,34.0,242.86728576696225,781.0,3.64,25.884449225415608
2026-09-30T13:45:00+05:30,Kilinochchi_Northern,34.0,246.50478869090088,739.0,3.51,29.233082953423896
2026-09-30T14:00:00+05:30,Kilinochchi_Northern,34.1,249.42566518989142,702.0,3.38,32.66603916327538
2026-09-30T14:15:00+05:30,Kilinochchi_Northern,34.2,251.82370911585133,673.0,3.31,36.15925291977388
2026-09-30T14:30:00+05:30,Kilinochchi_Northern,34.2,253.83193394205148,654.0,3.24,39.69675965564718
2026-09-30T14:45:00+05:30,Kilinochchi_Northern,34.2,255.5436186726182,635.0,3.26,43.26763328287587
2026-09-30T15:00:00+05:30,Kilinochchi_Northern,34.2,257.0256554619213,609.0,3.42,46.86417999119657
2026-09-30T15:15:00+05:30,Kilinochchi_Northern,34.1,258.32706474493585,572.0,3.52,50.48084121020632
2026-09-30T15:30:00+05:30,Kilinochchi_Northern,33.9,259.4845137198241,528.0,3.61,54.11350855742191
2026-09-30T15:45:00+05:30,Kilinochchi_Northern,33.7,260.52596208375553,478.0,3.6,57.75908183497172
2026-09-30T16:00:00+05:30,Kilinochchi_Northern,33.5,261.4731207963691,424.0,3.6,61.41517678732795
2026-09-30T16:15:00+05:30,Kilinochchi_Northern,33.2,262.3431448922231,365.0,3.57,65.07992854797621
2026-09-30T16:30:00+05:30,Kilinochchi_Northern,32.9,263.14982195128385,304.0,3.56,68.75185438058091
2026-09-30T16:45:00+05:30,Kilinochchi_Northern,32.6,263.9044234120936,243.0,3.54,72.42975647851733
2026-09-30T17:00:00+05:30,Kilinochchi_Northern,32.3,264.61632693713005,186.0,3.56,76.11265319920108
2026-09-30T17:15:00+05:30,Kilinochchi_Northern,31.9,265.293480556559,132.0,3.59,79.7997272746319
2026-09-30T17:30:00+05:30,Kilinochchi_Northern,31.6,265.9427571682321,83.0,3.62,83.49028683072378
2026-09-30T17:45:00+05:30,Kilinochchi_Northern,31.3,266.57023299811357,41.0,3.73,87.18373687285941
2026-09-30T18:00:00+05:30,Kilinochchi_Northern,31.0,267.1814132967688,9.0,3.94,90.87955561300248
2026-09-30T18:15:00+05:30,Kilinochchi_Northern,30.7,267.7814232580892,0.0,4.09,94.57727519950467
2026-09-30T18:30:00+05:30,Kilinochchi_Northern,30.5,268.37517830532994,0.0,4.2,98.27646692100723
2026-09-30T18:45:00+05:30,Kilinochchi_Northern,30.2,268.96754512011927,0.0,4.19,101.97672678208089
2026-09-30T19:00:00+05:30,Kilinochchi_Northern,30.0,269.5635048783838,0.0,4.18,105.67766197458629
2026-09-30T19:15:00+05:30,Kilinochchi_Northern,29.8,270.1683308271897,0.0,4.1,109.37887882195464
2026-09-30T19:30:00+05:30,Kilinochchi_Northern,29.6,270.78779384990355,0.0,4.0,113.07996824187754
2026-09-30T19:45:00+05:30,Kilinochchi_Northern,29.4,271.42841460792226,0.0,3.89,116.78048903873717
2026-09-30T20:00:00+05:30,Kilinochchi_Northern,29.2,272.0977880946136,0.0,3.78,120.47994896729298
2026-09-30T20:15:00+05:30,Kilinochchi_Northern,29.1,272.80501760172166,0.0,3.67,124.17777836437821
2026-09-30T20:30:00+05:30,Kilinochchi_Northern,29.0,273.5613155296987,0.0,3.54,127.87329451194735
2026-09-30T20:45:00+05:30,Kilinochchi_Northern,28.9,274.3808617221164,0.0,3.4,131.5656529748265
2026-09-30T21:00:00+05:30,Kilinochchi_Northern,28.8,275.28206631690824,0.0,3.24,135.25377437607705
2026-09-30T21:15:00+05:30,Kilinochchi_Northern,28.7,276.28948665774067,0.0,3.09,138.93623357544476
2026-09-30T21:30:00+05:30,Kilinochchi_Northern,28.6,277.43683591391215,0.0,2.98,142.61108708411516
2026-09-30T21:45:00+05:30,Kilinochchi_Northern,28.5,278.77188176359556,0.0,2.93,146.2755884097627
2026-09-30T22:00:00+05:30,Kilinochchi_Northern,28.3,280.36476543146387,0.0,2.88,149.92570097014476
2026-09-30T22:15:00+05:30,Kilinochchi_Northern,28.2,282.32283083942997,0.0,2.85,153.5552210836982
2026-09-30T22:30:00+05:30,Kilinochchi_Northern,28.1,284.8185831526169,0.0,2.79,157.15409209166438
2026-09-30T22:45:00+05:30,Kilinochchi_Northern,28.0,288.1459227857574,0.0,2.71,160.7049192333272
2026-09-30T23:00:00+05:30,Kilinochchi_Northern,28.0,292.84159542753133,0.0,2.62,164.17509387533562
2026-09-30T23:15:00+05:30,Kilinochchi_Northern,27.9,299.96492349384334,0.0,2.52,167.49704565113524
2026-09-30T23:30:00+05:30,Kilinochchi_Northern,27.9,311.73640408366765,0.0,2.49,170.51353097714554
2026-09-30T23:45:00+05:30,Kilinochchi_Northern,27.8,332.372015774995,0.0,2.5,172.82795919056434
2026-10-01T00:00:00+05:30,Kilinochchi_Northern,27.7,3.8423920777735248,0.0,2.55,173.62344089373397
2026-10-01T00:15:00+05:30,Kilinochchi_Northern,27.6,33.403537756331616,0.0,2.66,172.40657423653923
2026-10-01T00:30:00+05:30,Kilinochchi_Northern,27.6,51.613537154400206,0.0,2.66,169.87895252248268
2026-10-01T00:45:00+05:30,Kilinochchi_Northern,27.6,62.05462048222273,0.0,2.56,166.7718420911504
2026-10-01T01:00:00+05:30,Kilinochchi_Northern,27.6,68.49757532287202,0.0,2.5,163.40778717682582
2026-10-01T01:15:00+05:30,Kilinochchi_Northern,27.6,72.82067472223406,0.0,2.5,159.91562960144665
2026-10-01T01:30:00+05:30,Kilinochchi_Northern,27.5,75.92753319641594,0.0,2.58,156.35220830801802
2026-10-01T01:45:00+05:30,Kilinochchi_Northern,27.2,78.28407581882607,0.0,2.72,152.7456269155468
2026-10-01T02:00:00+05:30,Kilinochchi_Northern,26.8,80.14967658650994,0.0,2.91,149.1111745557344
2026-10-01T02:15:00+05:30,Kilinochchi_Northern,26.4,81.67872900145284,0.0,3.09,145.4578319165143
2026-10-01T02:30:00+05:30,Kilinochchi_Northern,26.0,82.96844242846822,0.0,3.05,141.79121190819055
2026-10-01T02:45:00+05:30,Kilinochchi_Northern,25.8,84.08296998507319,0.0,2.81,138.1150063628443
2026-10-01T03:00:00+05:30,Kilinochchi_Northern,25.7,85.0663766833976,0.0,2.58,134.43175198384068
2026-10-01T03:15:00+05:30,Kilinochchi_Northern,25.6,85.9499989248589,0.0,2.6,130.74326042035406
2026-10-01T03:30:00+05:30,Kilinochchi_Northern,25.5,86.75682176600395,0.0,2.67,127.05087084989543
2026-10-01T03:45:00+05:30,Kilinochchi_Northern,25.4,87.50419028002744,0.0,2.46,123.3556068478998
2026-10-01T04:00:00+05:30,Kilinochchi_Northern,25.4,88.20555091244415,0.0,2.06,119.65827714803478
2026-10-01T04:15:00+05:30,Kilinochchi_Northern,25.3,88.87160726970427,0.0,1.76,115.95954132196908
2026-10-01T04:30:00+05:30,Kilinochchi_Northern,25.3,89.51111076231268,0.0,1.6,112.25995620285946
2026-10-01T04:45:00+05:30,Kilinochchi_Northern,25.2,90.13141827599259,0.0,1.5,108.56000922231779
2026-10-01T05:00:00+05:30,Kilinochchi_Northern,25.2,90.7388984508014,0.0,1.41,104.86014189539218
2026-10-01T05:15:00+05:30,Kilinochchi_Northern,25.2,91.33923796954639,0.0,1.4,101.16076946822871
2026-10-01T05:30:00+05:30,Kilinochchi_Northern,25.2,91.93768244878373,0.0,1.35,97.46229728511477
2026-10-01T05:45:00+05:30,Kilinochchi_Northern,25.2,92.53923583491991,0.0,1.15,93.76513385166429
2026-10-01T06:00:00+05:30,Kilinochchi_Northern,25.3,93.14883508145903,0.0,0.92,90.06970469803836
2026-10-01T06:15:00+05:30,Kilinochchi_Northern,25.4,93.77151389149293,13.0,0.94,86.3764665362668
2026-10-01T06:30:00+05:30,Kilinochchi_Northern,25.6,94.41256749875981,47.0,1.08,82.68592116350177
2026-10-01T06:45:00+05:30,Kilinochchi_Northern,26.0,95.07772937037225,90.0,1.21,78.99863311643392
2026-10-01T07:00:00+05:30,Kilinochchi_Northern,26.5,95.77337241801649,141.0,1.38,75.31525082098798
2026-10-01T07:15:00+05:30,Kilinochchi_Northern,27.0,96.50674981557017,192.0,1.62,71.63653134684411
2026-10-01T07:30:00+05:30,Kilinochchi_Northern,27.5,97.28629399455986,240.0,1.81,67.96337389387647
2026-10-01T07:45:00+05:30,Kilinochchi_Northern,28.0,98.12199999628831,286.0,1.86,64.29686354530588
2026-10-01T08:00:00+05:30,Kilinochchi_Northern,28.4,99.02593010437766,333.0,1.86,60.63832819995915
2026-10-01T08:15:00+05:30,Kilinochchi_Northern,28.9,100.01289214979738,387.0,1.79,56.98941810629684
2026-10-01T08:30:00+05:30,Kilinochchi_Northern,29.4,101.1013703537975,448.0,1.72,53.35221630320914
2026-10-01T08:45:00+05:30,Kilinochchi_Northern,29.9,102.31482820163819,513.0,1.66,49.72939364037928
2026-10-01T09:00:00+05:30,Kilinochchi_Northern,30.4,103.68356624938292,577.0,1.57,46.12443525583588
2026-10-01T09:15:00+05:30,Kilinochchi_Northern,30.9,105.24742371295548,632.0,1.41,42.54197581848276
2026-10-01T09:30:00+05:30,Kilinochchi_Northern,31.3,107.05978512171072,677.0,1.31,38.98830655994985
2026-10-01T09:45:00+05:30,Kilinochchi_Northern,31.7,109.19363450745362,716.0,1.22,35.4721669033533
2026-10-01T10:00:00+05:30,Kilinochchi_Northern,32.1,111.7508593440777,753.0,1.2,32.00601143127119
2026-10-01T10:15:00+05:30,Kilinochchi_Northern,32.5,114.8767070894798,790.0,1.2,28.608094408086103
2026-10-01T10:30:00+05:30,Kilinochchi_Northern,32.8,118.78216803037486,829.0,1.25,25.305996517700905
2026-10-01T10:45:00+05:30,Kilinochchi_Northern,33.2,123.77729075771231,865.0,1.24,22.142703271349006
2026-10-01T11:00:00+05:30,Kilinochchi_Northern,33.6,130.31407252432194,894.0,1.24,19.187062730063957
2026-10-01T11:15:00+05:30,Kilinochchi_Northern,33.9,139.01387367968294,912.0,1.25,16.550767253230674
2026-10-01T11:30:00+05:30,Kilinochchi_Northern,34.2,150.57274178835445,917.0,1.33,14.410225582198834
2026-10-01T11:45:00+05:30,Kilinochchi_Northern,34.5,165.28811809634635,915.0,1.38,13.012483020245568
2026-10-01T12:00:00+05:30,Kilinochchi_Northern,34.7,182.1401834215494,909.0,1.46,12.607100541296262
2026-10-01T12:15:00+05:30,Kilinochchi_Northern,34.9,198.64001950906746,904.0,1.55,13.285243211133746
2026-10-01T12:30:00+05:30,Kilinochchi_Northern,35.0,212.57311708699444,899.0,1.65,14.899685560601384
2026-10-01T12:45:00+05:30,Kilinochchi_Northern,35.3,223.3395944208031,890.0,1.81,17.188576248681045
2026-10-01T13:00:00+05:30,Kilinochchi_Northern,35.6,231.4160718111422,876.0,2.01,19.92074581834416
2026-10-01T13:15:00+05:30,Kilinochchi_Northern,35.7,237.50376196391727,853.0,2.21,22.9383061852634
2026-10-01T13:30:00+05:30,Kilinochchi_Northern,35.6,242.18149685528874,824.0,2.44,26.142577655059064
2026-10-01T13:45:00+05:30,Kilinochchi_Northern,34.9,245.86069824534684,789.0,2.83,29.472680233070612
2026-10-01T14:00:00+05:30,Kilinochchi_Northern,33.9,248.8221428782943,750.0,3.33,32.890366996727685
2026-10-01T14:15:00+05:30,Kilinochchi_Northern,32.9,251.25723788093404,707.0,3.86,36.37090431236662
2026-10-01T14:30:00+05:30,Kilinochchi_Northern,32.2,253.29832807297942,660.0,4.2,39.897791552122406
2026-10-01T14:45:00+05:30,Kilinochchi_Northern,32.1,255.03873799924273,610.0,4.32,43.4596875340594
2026-10-01T15:00:00+05:30,Kilinochchi_Northern,32.4,256.5456753657239,559.0,4.26,47.04858007680319
2026-10-01T15:15:00+05:30,Kilinochchi_Northern,32.7,257.8685518829222,505.0,4.08,50.6586661373723
2026-10-01T15:30:00+05:30,Kilinochchi_Northern,32.8,259.04441946427585,449.0,3.82,54.28564850838429
2026-10-01T15:45:00+05:30,Kilinochchi_Northern,32.6,260.1015839660059,393.0,3.4,57.92628004861005
2026-10-01T16:00:00+05:30,Kilinochchi_Northern,32.4,261.0620543078204,342.0,2.88,61.57806126184663
2026-10-01T16:15:00+05:30,Kilinochchi_Northern,32.1,261.94323521407057,298.0,2.36,65.23903627299018
2026-10-01T16:30:00+05:30,Kilinochchi_Northern,31.8,262.75911929133906,262.0,1.94,68.90765007832134
2026-10-01T16:45:00+05:30,Kilinochchi_Northern,31.7,263.52114295933865,225.0,1.79,72.58264729600666
2026-10-01T17:00:00+05:30,Kilinochchi_Northern,31.6,264.23881325933775,183.0,1.84,76.26300039973138
2026-10-01T17:15:00+05:30,Kilinochchi_Northern,31.4,264.92017576723043,135.0,1.77,79.94785571006017
2026-10-01T17:30:00+05:30,Kilinochchi_Northern,31.0,265.57217201079055,85.0,1.48,83.63649276638589
2026-10-01T17:45:00+05:30,Kilinochchi_Northern,30.4,266.2009199465591,42.0,1.17,87.32829461598179
2026-10-01T18:00:00+05:30,Kilinochchi_Northern,29.5,266.8119407518669,8.0,2.06,91.02272328373354
2026-10-01T18:15:00+05:30,Kilinochchi_Northern,28.7,267.41034990361254,0.0,3.39,94.71929993609871
2026-10-01T18:30:00+05:30,Kilinochchi_Northern,27.9,268.00102662995965,0.0,4.2,98.41758976222182
2026-10-01T18:45:00+05:30,Kilinochchi_Northern,27.4,268.5887730004819,0.0,4.2,102.1171874564743
2026-10-01T19:00:00+05:30,Kilinochchi_Northern,26.9,269.17847393223605,0.0,3.71,105.8177038267032
2026-10-01T19:15:00+05:30,Kilinochchi_Northern,26.5,269.7752699494441,0.0,3.03,109.51875412816675
2026-10-01T19:30:00+05:30,Kilinochchi_Northern,26.2,270.3847559073532,0.0,2.51,113.21994421292001
2026-10-01T19:45:00+05:30,Kilinochchi_Northern,26.1,271.01322362107084,0.0,2.16,116.92085489568123
2026-10-01T20:00:00+05:30,Kilinochchi_Northern,26.1,271.66797327187476,0.0,1.83,120.62102458953527
2026-10-01T20:15:00+05:30,Kilinochchi_Northern,26.2,272.35772919357726,0.0,1.61,124.31992522467604
2026-10-01T20:30:00+05:30,Kilinochchi_Northern,26.2,273.09321537311035,0.0,1.4,128.0169299167951
2026-10-01T20:45:00+05:30,Kilinochchi_Northern,26.3,273.88797819601757,0.0,1.31,131.71126913083097
2026-10-01T21:00:00+05:30,Kilinochchi_Northern,26.3,274.75959869723346,0.0,1.32,135.40196460919873
2026-10-01T21:15:00+05:30,Kilinochchi_Northern,26.4,275.73153667334816,0.0,1.39,139.08772937031708
2026-10-01T21:30:00+05:30,Kilinochchi_Northern,26.4,276.8360335473368,0.0,1.42,142.76681191657542
2026-10-01T21:45:00+05:30,Kilinochchi_Northern,26.4,278.11885705009297,0.0,1.46,146.4367384003153
2026-10-01T22:00:00+05:30,Kilinochchi_Northern,26.3,279.6473994375175,0.0,1.43,150.09386981522027
2026-10-01T22:15:00+05:30,Kilinochchi_Northern,26.3,281.5252105578457,0.0,1.39,153.73260077037367
2026-10-01T22:30:00+05:30,Kilinochchi_Northern,26.2,283.9196539312025,0.0,1.39,157.3438080704957
2026-10-01T22:45:00+05:30,Kilinochchi_Northern,26.2,287.11828271206844,0.0,1.35,160.911610852788
2026-10-01T23:00:00+05:30,Kilinochchi_Northern,26.2,291.6531231004331,0.0,1.3,164.4059370018088
2026-10-01T23:15:00+05:30,Kilinochchi_Northern,26.1,298.5969384251728,0.0,1.21,167.76342457903058
2026-10-01T23:30:00+05:30,Kilinochchi_Northern,26.1,310.2858621973076,0.0,1.2,170.83222632487633
2026-10-01T23:45:00+05:30,Kilinochchi_Northern,26.0,331.4785911694265,0.0,1.2,173.20878016279403
2026-10-02T00:00:00+05:30,Kilinochchi_Northern,26.0,4.861178458564439,0.0,1.17,174.00391554667672
2026-10-02T00:15:00+05:30,Kilinochchi_Northern,25.9,35.592507425505005,0.0,1.13,172.6825452052422
2026-10-02T00:30:00+05:30,Kilinochchi_Northern,25.9,53.64853555269519,0.0,1.11,170.05537776379282
2026-10-02T00:45:00+05:30,Kilinochchi_Northern,25.8,63.719787543197185,0.0,1.05,166.88507993739108
2026-10-02T01:00:00+05:30,Kilinochchi_Northern,25.7,69.86283579413055,0.0,0.97,163.48160281819753
2026-10-02T01:15:00+05:30,Kilinochchi_Northern,25.6,73.96651366221732,0.0,0.92,159.96357497529112
2026-10-02T01:30:00+05:30,Kilinochchi_Northern,25.5,76.91236899011824,0.0,0.92,156.3822953601852
2026-10-02T01:45:00+05:30,Kilinochchi_Northern,25.5,79.14809222473923,0.0,0.88,152.76287861176445
2026-10-02T02:00:00+05:30,Kilinochchi_Northern,25.5,80.92082996401564,0.0,0.89,149.11891717295316
2026-10-02T02:15:00+05:30,Kilinochchi_Northern,25.5,82.37697636286589,0.0,0.92,145.45837399347573
2026-10-02T02:30:00+05:30,Kilinochchi_Northern,25.5,83.60843068861237,0.0,0.94,141.78622076149819
2026-10-02T02:45:00+05:30,Kilinochchi_Northern,25.5,84.67573498287913,0.0,1.01,138.10572815133403
2026-10-02T03:00:00+05:30,Kilinochchi_Northern,25.5,85.62043608831681,0.0,1.12,134.4191465284871
2026-10-02T03:15:00+05:30,Kilinochchi_Northern,25.5,86.47207292788016,0.0,1.21,130.72808728912372
2026-10-02T03:30:00+05:30,Kilinochchi_Northern,25.5,87.25232080760225,0.0,1.28,127.03374636395894
2026-10-02T03:45:00+05:30,Kilinochchi_Northern,25.5,87.97755354833964,0.0,1.32,123.33704308773115
2026-10-02T04:00:00+05:30,Kilinochchi_Northern,25.5,88.66048696283019,0.0,1.29,119.6387094651239
2026-10-02T04:15:00+05:30,Kilinochchi_Northern,25.4,89.31126901906725,0.0,1.26,115.93934830282365
2026-10-02T04:30:00+05:30,Kilinochchi_Northern,25.4,89.9382256278443,0.0,1.25,112.23947458006525
2026-10-02T04:45:00+05:30,Kilinochchi_Northern,25.3,90.54838714276013,0.0,1.25,108.53954534894987
2026-10-02T05:00:00+05:30,Kilinochchi_Northern,25.2,91.14787270506378,0.0,1.24,104.83998086646983
2026-10-02T05:15:00+05:30,Kilinochchi_Northern,25.2,91.7421809972376,0.0,1.26,101.14118264361242
2026-10-02T05:30:00+05:30,Kilinochchi_Northern,25.1,92.33642014094681,0.0,1.3,97.44354875127766
2026-10-02T05:45:00+05:30,Kilinochchi_Northern,25.1,92.93549942510782,0.0,1.31,93.74748623497416
2026-10-02T06:00:00+05:30,Kilinochchi_Northern,25.1,93.5442988470366,0.0,1.37,90.05342466129736
2026-10-02T06:15:00+05:30,Kilinochchi_Northern,25.2,94.16782973415405,15.0,1.39,86.36183023993944
2026-10-02T06:30:00+05:30,Kilinochchi_Northern,25.4,94.81139810827369,52.0,1.38,82.6732199679348
2026-10-02T06:45:00+05:30,Kilinochchi_Northern,25.9,95.4807815200461,98.0,1.35,78.98817980066733
2026-10-02T07:00:00+05:30,Kilinochchi_Northern,26.5,96.18243190530848,151.0,1.34,75.30738663813015
2026-10-02T07:15:00+05:30,Kilinochchi_Northern,27.1,96.92371964797314,207.0,1.25,71.63163429760218
2026-10-02T07:30:00+05:30,Kilinochchi_Northern,27.7,97.71323761460053,267.0,1.17,67.96186869177185
2026-10-02T07:45:00+05:30,Kilinochchi_Northern,28.3,98.56119165005452,329.0,0.99,64.29923391345882
2026-10-02T08:00:00+05:30,Kilinochchi_Northern,28.8,99.4799149042235,391.0,0.76,60.6451323455334
2026-10-02T08:15:00+05:30,Kilinochchi_Northern,29.3,100.48455892406105,451.0,0.47,57.00130854884154
2026-10-02T08:30:00+05:30,Kilinochchi_Northern,29.8,101.59404098803748,506.0,0.22,53.36996570442222
2026-10-02T08:45:00+05:30,Kilinochchi_Northern,30.3,102.83236766808454,558.0,0.07,49.75392898571044
2026-10-02T09:00:00+05:30,Kilinochchi_Northern,30.7,104.23051735597079,606.0,0.32,46.156883769896176
2026-10-02T09:15:00+05:30,Kilinochchi_Northern,31.2,105.82916852272115,653.0,0.61,42.58372753101933
2026-10-02T09:30:00+05:30,Kilinochchi_Northern,31.6,107.6827277693717,697.0,0.87,39.04110065937808
2026-10-02T09:45:00+05:30,Kilinochchi_Northern,32.0,109.86537970713897,738.0,1.1,35.53821211077257
2026-10-02T10:00:00+05:30,Kilinochchi_Northern,32.3,112.48030746102654,774.0,1.34,32.08815435406882
2026-10-02T10:15:00+05:30,Kilinochchi_Northern,32.6,115.67385073344866,805.0,1.57,28.710052451742513
2026-10-02T10:30:00+05:30,Kilinochchi_Northern,32.9,119.65703506597481,830.0,1.74,25.432665952067822
2026-10-02T10:45:00+05:30,Kilinochchi_Northern,33.2,124.7366541606919,849.0,1.95,22.300512715584063
2026-10-02T11:00:00+05:30,Kilinochchi_Northern,33.4,131.35272950799896,862.0,2.16,19.38418781399116
2026-10-02T11:15:00+05:30,Kilinochchi_Northern,33.5,140.09444632802524,868.0,2.36,16.79655126170482
2026-10-02T11:30:00+05:30,Kilinochchi_Northern,33.5,151.5898030427573,866.0,2.59,14.712125145859119
2026-10-02T11:45:00+05:30,Kilinochchi_Northern,33.4,166.04474147974713,858.0,2.8,13.368444668169047
2026-10-02T12:00:00+05:30,Kilinochchi_Northern,33.1,182.4333131284528,846.0,3.01,12.997340322129773
2026-10-02T12:15:00+05:30,Kilinochchi_Northern,32.7,198.44467180725184,830.0,3.23,13.678211902461896
2026-10-02T12:30:00+05:30,Kilinochchi_Northern,32.4,212.0486589914052,812.0,3.39,15.270984959438806
2026-10-02T12:45:00+05:30,Kilinochchi_Northern,32.0,222.6630913053247,791.0,3.54,17.528796944701753
2026-10-02T13:00:00+05:30,Kilinochchi_Northern,31.5,230.69808357000906,765.0,3.66,20.230166059155195
2026-10-02T13:15:00+05:30,Kilinochchi_Northern,31.2,236.79733696069613,733.0,3.73,23.22076976996206
2026-10-02T13:30:00+05:30,Kilinochchi_Northern,31.0,241.50781908680088,692.0,3.8,26.402468321756068
2026-10-02T13:45:00+05:30,Kilinochchi_Northern,31.1,245.22591270300893,649.0,3.79,29.713897296388737
2026-10-02T14:00:00+05:30,Kilinochchi_Northern,31.3,248.22586330296747,612.0,3.77,33.11611785232588
2026-10-02T14:15:00+05:30,Kilinochchi_Northern,31.7,250.69649107211708,587.0,3.69,36.58376070052964
2026-10-02T14:30:00+05:30,Kilinochchi_Northern,31.9,252.76931519746233,572.0,3.72,40.099806116878476
2026-10-02T14:45:00+05:30,Kilinochchi_Northern,32.1,254.5375935935425,559.0,3.78,43.65250611497356
2026-10-02T15:00:00+05:30,Kilinochchi_Northern,32.2,256.06877152258954,542.0,3.96,47.23353383070812
2026-10-02T15:15:00+05:30,Kilinochchi_Northern,32.2,257.41259788050536,516.0,4.14,50.83684302483608
2026-10-02T15:30:00+05:30,Kilinochchi_Northern,32.2,258.60647147877256,487.0,4.24,54.45794769758196
2026-10-02T15:45:00+05:30,Kilinochchi_Northern,32.0,259.6790175422066,453.0,4.32,58.09345316793414
2026-10-02T16:00:00+05:30,Kilinochchi_Northern,31.6,260.65252367623503,409.0,4.37,61.74074381074368
2026-10-02T16:15:00+05:30,Kilinochchi_Northern,31.3,261.5446301907185,355.0,4.42,65.39777173300934
2026-10-02T16:30:00+05:30,Kilinochchi_Northern,30.9,262.3695242095713,293.0,4.38,69.0629086221927
2026-10-02T16:45:00+05:30,Kilinochchi_Northern,30.6,263.1387991479412,231.0,4.29,72.73484048858494
2026-10-02T17:00:00+05:30,Kilinochchi_Northern,30.4,263.8620852238015,173.0,4.12,76.41249291553365
2026-10-02T17:15:00+05:30,Kilinochchi_Northern,30.1,264.5475206177467,121.0,3.98,80.09497482877637
2026-10-02T17:30:00+05:30,Kilinochchi_Northern,29.8,265.2021114314279,74.0,3.82,83.78153621960499
2026-10-02T17:45:00+05:30,Kilinochchi_Northern,29.6,265.8320138970696,36.0,3.68,87.47153721681696
2026-10-02T18:00:00+05:30,Kilinochchi_Northern,29.4,266.44276204494076,6.0,3.57,91.16442268934394
2026-10-02T18:15:00+05:30,Kilinochchi_Northern,29.2,267.03945875645195,0.0,3.45,94.85970182225894
2026-10-02T18:30:00+05:30,Kilinochchi_Northern,29.0,267.62694421290377,0.0,3.37,98.55693265292399
2026-10-02T18:45:00+05:30,Kilinochchi_Northern,28.8,268.2099528772909,0.0,3.35,102.25570743435757
2026-10-02T19:00:00+05:30,Kilinochchi_Northern,28.6,268.7932700816439,0.0,3.31,105.95563934684007
2026-10-02T19:15:00+05:30,Kilinochchi_Northern,28.5,269.38189974023663,0.0,3.34,109.65635118454279
2026-10-02T19:30:00+05:30,Kilinochchi_Northern,28.3,269.9812559326505,0.0,3.25,113.35746214648275
2026-10-02T19:45:00+05:30,Kilinochchi_Northern,28.2,270.59739560392654,0.0,3.08,117.05857320616903
2026-10-02T20:00:00+05:30,Kilinochchi_Northern,28.1,271.2373162283339,0.0,2.93,120.75925125049211
2026-10-02T20:15:00+05:30,Kilinochchi_Northern,28.1,271.9093525257563,0.0,2.72,124.45900717899067
2026-10-02T20:30:00+05:30,Kilinochchi_Northern,27.9,272.6237252855384,0.0,2.62,128.15726674462158
2026-10-02T20:45:00+05:30,Kilinochchi_Northern,27.7,273.39332635473556,0.0,2.55,131.85333136592436
2026-10-02T21:00:00+05:30,Kilinochchi_Northern,27.5,274.23487673806835,0.0,2.62,135.5463189699672
2026-10-02T21:15:00+05:30,Kilinochchi_Northern,27.2,275.17069189443015,0.0,2.74,139.23507450820108
2026-10-02T21:30:00+05:30,Kilinochchi_Northern,26.9,276.23146824181117,0.0,2.83,142.91803056077853
2026-10-02T21:45:00+05:30,Kilinochchi_Northern,26.7,277.46085432891516,0.0,2.86,146.59297588353877
2026-10-02T22:00:00+05:30,Kilinochchi_Northern,26.5,278.9232905439594,0.0,2.81,150.25665654318234
2026-10-02T22:15:00+05:30,Kilinochchi_Northern,26.3,280.7181692178988,0.0,2.7,153.9040508345582
2026-10-02T22:30:00+05:30,Kilinochchi_Northern,26.1,283.00702198268,0.0,2.6,157.5269554125775
2026-10-02T22:45:00+05:30,Kilinochchi_Northern,26.0,286.0696578961922,0.0,2.5,161.11100358007144
2026-10-02T23:00:00+05:30,Kilinochchi_Northern,25.9,290.4303943081737,0.0,2.4,164.62872213871404
2026-10-02T23:15:00+05:30,Kilinochchi_Northern,25.9,297.16911742659715,0.0,2.3,168.02126061077763
2026-10-02T23:30:00+05:30,Kilinochchi_Northern,25.8,308.730008576793,0.0,2.21,171.1433072370412
2026-10-02T23:45:00+05:30,Kilinochchi_Northern,25.8,330.47155805621264,0.0,2.11,173.58659720820583
2026-10-03T00:00:00+05:30,Kilinochchi_Northern,25.7,6.002439257441779,0.0,1.96,174.38182279656445
2026-10-03T00:15:00+05:30,Kilinochchi_Northern,25.7,37.936603851963014,0.0,1.81,172.94751793426593
2026-10-03T00:30:00+05:30,Kilinochchi_Northern,25.7,55.746132667746224,0.0,1.71,170.21987306479176
2026-10-03T00:45:00+05:30,Kilinochchi_Northern,25.7,65.40705885800907,0.0,1.6,166.98843394264352
2026-10-03T01:00:00+05:30,Kilinochchi_Northern,25.7,71.23564568801157,0.0,1.5,163.54756654527318
2026-10-03T01:15:00+05:30,Kilinochchi_Northern,25.6,75.11439374417938,0.0,1.4,160.00526300171325
2026-10-03T01:30:00+05:30,Kilinochchi_Northern,25.6,77.89703356939299,0.0,1.31,156.40734463910144
2026-10-03T01:45:00+05:30,Kilinochchi_Northern,25.6,80.01103085703005,0.0,1.2,152.77603965424544
2026-10-03T02:00:00+05:30,Kilinochchi_Northern,25.6,81.6905538610012,0.0,1.15,149.1233224492664
2026-10-03T02:15:00+05:30,Kilinochchi_Northern,25.5,83.07368938610688,0.0,1.1,145.45619258480193
2026-10-03T02:30:00+05:30,Kilinochchi_Northern,25.5,84.24689140873613,0.0,1.07,141.77901765952979
2026-10-03T02:45:00+05:30,Kilinochchi_Northern,25.5,85.26702844996015,0.0,1.09,138.09467290759883
2026-10-03T03:00:00+05:30,Kilinochchi_Northern,25.4,86.17309933249919,0.0,1.12,134.40514054286893
2026-10-03T03:15:00+05:30,Kilinochchi_Northern,25.4,86.99283099019794,0.0,1.14,130.7118448591395
2026-10-03T03:30:00+05:30,Kilinochchi_Northern,25.4,87.74658195764084,0.0,1.23,127.01584826580736
2026-10-03T03:45:00+05:30,Kilinochchi_Northern,25.4,88.44975153007272,0.0,1.3,123.31797320474249
2026-10-03T04:00:00+05:30,Kilinochchi_Northern,25.4,89.1143235090463,0.0,1.43,119.61888061401999
2026-10-03T04:15:00+05:30,Kilinochchi_Northern,25.3,89.7498897926265,0.0,1.54,115.91912098902115
2026-10-03T04:30:00+05:30,Kilinochchi_Northern,25.3,90.36435081143935,0.0,1.59,112.21917102681674
2026-10-03T04:45:00+05:30,Kilinochchi_Northern,25.3,90.96441059139522,0.0,1.61,108.51946032411664
2026-10-03T05:00:00+05:30,Kilinochchi_Northern,25.3,91.55593901845941,0.0,1.62,104.82039032287543
2026-10-03T05:15:00+05:30,Kilinochchi_Northern,25.3,92.14424697370595,0.0,1.58,101.12235088367403
2026-10-03T05:30:00+05:30,Kilinochchi_Northern,25.3,92.73430518456689,0.0,1.6,97.4257346298365
2026-10-03T05:45:00+05:30,Kilinochchi_Northern,25.3,93.33092824553717,0.0,1.63,93.73094878581301
2026-10-03T06:00:00+05:30,Kilinochchi_Northern,25.3,93.9389389861422,0.0,1.67,90.03842846510003
2026-10-03T06:15:00+05:30,Kilinochchi_Northern,25.4,94.56332592799976,14.0,1.71,86.34865080999259
2026-10-03T06:30:00+05:30,Kilinochchi_Northern,25.6,95.20940517627798,48.0,1.76,82.66214941691095
2026-10-03T06:45:00+05:30,Kilinochchi_Northern,25.9,95.88299730558293,90.0,1.82,78.97953307245575
2026-10-03T07:00:00+05:30,Kilinochchi_Northern,26.4,96.59063174975603,139.0,1.9,75.30150861118182
2026-10-03T07:15:00+05:30,Kilinochchi_Northern,26.9,97.33979394725026,191.0,1.99,71.62890814623658
2026-10-03T07:30:00+05:30,Kilinochchi_Northern,27.4,98.13923417447796,246.0,2.02,67.96272598973319
2026-10-03T07:45:00+05:30,Kilinochchi_Northern,27.9,98.99936483131347,303.0,2.0,64.30416710975018
2026-10-03T08:00:00+05:30,Kilinochchi_Northern,28.4,99.93278392689149,362.0,1.97,60.65471047181076
2026-10-03T08:15:00+05:30,Kilinochchi_Northern,28.9,100.95497814037589,420.0,1.88,57.01619733318003
2026-10-03T08:30:00+05:30,Kilinochchi_Northern,29.4,102.0852853720927,479.0,1.79,53.390953735486576
2026-10-03T08:45:00+05:30,Kilinochchi_Northern,29.9,103.348236968886,535.0,1.72,49.78196226171081
2026-10-03T09:00:00+05:30,Kilinochchi_Northern,30.3,104.77546169198689,587.0,1.63,46.19311196216761
2026-10-03T09:15:00+05:30,Kilinochchi_Northern,30.8,106.40843523604849,632.0,1.49,42.629566751324774
2026-10-03T09:30:00+05:30,Kilinochchi_Northern,31.2,108.30252057293467,668.0,1.42,39.09831960214425
2026-10-03T09:45:00+05:30,Kilinochchi_Northern,31.5,110.53299801791718,697.0,1.36,35.60905116666101
2026-10-03T10:00:00+05:30,Kilinochchi_Northern,31.7,113.20417581257306,721.0,1.26,32.175490296483
2026-10-03T10:15:00+05:30,Kilinochchi_Northern,32.0,116.46320557920257,743.0,1.22,28.817622279627088
2026-10-03T10:30:00+05:30,Kilinochchi_Northern,32.2,120.52069126845402,761.0,1.14,25.565354048136328
2026-10-03T10:45:00+05:30,Kilinochchi_Northern,32.4,125.6794699371701,775.0,1.07,22.46465852409061
2026-10-03T11:00:00+05:30,Kilinochchi_Northern,32.6,132.36672224344238,783.0,1.03,19.5877079672086
2026-10-03T11:15:00+05:30,Kilinochchi_Northern,32.7,141.1392734505365,785.0,1.0,17.04820891254576
2026-10-03T11:30:00+05:30,Kilinochchi_Northern,32.9,152.56057558613213,781.0,1.03,15.018377720169127
2026-10-03T11:45:00+05:30,Kilinochchi_Northern,33.3,166.75624679253224,771.0,1.26,13.72625272311744
2026-10-03T12:00:00+05:30,Kilinochchi_Northern,33.7,182.7035990894735,757.0,1.75,13.387196908133632
2026-10-03T12:15:00+05:30,Kilinochchi_Northern,33.9,198.2552473315768,740.0,2.32,14.070285376126947
2026-10-03T12:30:00+05:30,Kilinochchi_Northern,33.8,211.545227033608,725.0,2.59,15.642169327735274
2026-10-03T12:45:00+05:30,Kilinochchi_Northern,32.9,222.0094985858446,705.0,2.53,17.869807430715127
2026-10-03T13:00:00+05:30,Kilinochchi_Northern,31.6,229.99962710892572,672.0,2.25,20.540924258880068
2026-10-03T13:15:00+05:30,Kilinochchi_Northern,30.2,236.10629886855153,616.0,1.85,23.504780017819073
2026-10-03T13:30:00+05:30,Kilinochchi_Northern,29.1,240.84602070280806,530.0,1.54,26.66389896429201
2026-10-03T13:45:00+05:30,Kilinochchi_Northern,28.4,244.6003251076354,439.0,1.19,29.95653062176138
2026-10-03T14:00:00+05:30,Kilinochchi_Northern,27.8,247.6367894471664,368.0,0.97,33.34310398454252
2026-10-03T14:15:00+05:30,Kilinochchi_Northern,27.3,250.1414716414072,340.0,0.96,36.79764715636763
2026-10-03T14:30:00+05:30,Kilinochchi_Northern,27.0,252.24492168472443,350.0,1.07,40.3026387482327
2026-10-03T14:45:00+05:30,Kilinochchi_Northern,26.7,254.0402259120086,372.0,1.02,43.84593276584425
2026-10-03T15:00:00+05:30,Kilinochchi_Northern,26.6,255.59499310578306,382.0,0.8,47.41889178879912
2026-10-03T15:15:00+05:30,Kilinochchi_Northern,26.5,256.95925748072455,364.0,0.67,51.015228000004655
2026-10-03T15:30:00+05:30,Kilinochchi_Northern,26.5,258.1707282123605,330.0,0.71,54.63026689748232
2026-10-03T15:45:00+05:30,Kilinochchi_Northern,26.5,259.2583238676563,288.0,0.82,58.26046586318432
2026-10-03T16:00:00+05:30,Kilinochchi_Northern,26.5,260.2445919300221,246.0,0.97,61.90309240264419
2026-10-03T16:15:00+05:30,Kilinochchi_Northern,26.6,261.1473944851482,206.0,1.12,65.55600570788121
2026-10-03T16:30:00+05:30,Kilinochchi_Northern,26.6,261.98110285765057,166.0,1.25,69.21750320159794
2026-10-03T16:45:00+05:30,Kilinochchi_Northern,26.4,262.75745960373104,129.0,1.4,72.88621131731747
2026-10-03T17:00:00+05:30,Kilinochchi_Northern,26.2,263.48621201111473,95.0,1.69,76.56100779090202
2026-10-03T17:15:00+05:30,Kilinochchi_Northern,26.0,264.1755859981743,66.0,2.0,80.24096320823683
2026-10-03T17:30:00+05:30,Kilinochchi_Northern,25.8,264.83264824613514,41.0,2.24,83.92529707479588
2026-10-03T17:45:00+05:30,Kilinochchi_Northern,25.7,265.4635898662796,19.0,2.37,87.61334566198872
2026-10-03T18:00:00+05:30,Kilinochchi_Northern,25.7,266.0739547261672,3.0,2.42,91.3045357255221
2026-10-03T18:15:00+05:30,Kilinochchi_Northern,25.6,266.668830296308,0.0,2.39,94.99836347567972
2026-10-03T18:30:00+05:30,Kilinochchi_Northern,25.6,267.2530149310629,0.0,2.42,98.69437874420991
2026-10-03T18:45:00+05:30,Kilinochchi_Northern,25.5,267.8311725771239,0.0,2.44,102.39217020338023
2026-10-03T19:00:00+05:30,Kilinochchi_Northern,25.5,268.4079857588974,0.0,2.42,106.09135215021513
2026-10-03T19:15:00+05:30,Kilinochchi_Northern,25.5,268.9883180213817,0.0,2.45,109.79155350107166
2026-10-03T19:30:00+05:30,Kilinochchi_Northern,25.4,269.57739808080646,0.0,2.44,113.49240517462025
2026-10-03T19:45:00+05:30,Kilinochchi_Northern,25.4,270.18104219394996,0.0,2.42,117.19352640645042
2026-10-03T20:00:00+05:30,Kilinochchi_Northern,25.3,270.8059374968136,0.0,2.4,120.8945103000618
2026-10-03T20:15:00+05:30,Kilinochchi_Northern,25.3,271.46001878363876,0.0,2.39,124.59490400115382
2026-10-03T20:30:00+05:30,Kilinochchi_Northern,25.3,272.1529893148868,0.0,2.38,128.2941825608763
2026-10-03T20:45:00+05:30,Kilinochchi_Northern,25.2,272.89706591927285,0.0,2.32,131.99171420003472
2026-10-03T21:00:00+05:30,Kilinochchi_Northern,25.2,273.70807944371904,0.0,2.25,135.68670779978848
2026-10-03T21:15:00+05:30,Kilinochchi_Northern,25.2,274.60715527233117,0.0,2.19,139.37813356321868
2026-10-03T21:30:00+05:30,Kilinochchi_Northern,25.1,275.6233729095147,0.0,2.12,143.06459953543362
2026-10-03T21:45:00+05:30,Kilinochchi_Northern,25.1,276.7981440588406,0.0,2.06,146.74414591207739
2026-10-03T22:00:00+05:30,Kilinochchi_Northern,25.1,278.1927556143297,0.0,1.95,150.4138894564786
2026-10-03T22:15:00+05:30,Kilinochchi_Northern,25.0,279.90207777254886,0.0,1.85,154.06937427933565
2026-10-03T22:30:00+05:30,Kilinochchi_Northern,25.0,282.08110829803576,0.0,1.8,157.70329731424778
2026-10-03T22:45:00+05:30,Kilinochchi_Northern,25.0,285.0004615537953,0.0,1.76,161.30279497156408
2026-10-03T23:00:00+05:30,Kilinochchi_Northern,25.0,289.173529878217,0.0,1.72,164.84303379256843
2026-10-03T23:15:00+05:30,Kilinochchi_Northern,25.0,295.6800205239363,0.0,1.69,168.26994433086105
2026-10-03T23:30:00+05:30,Kilinochchi_Northern,24.9,307.06062107453533,0.0,1.65,171.44592263188926
2026-10-03T23:45:00+05:30,Kilinochchi_Northern,24.9,329.33054522770414,0.0,1.66,173.9608776076189
2026-10-04T00:00:00+05:30,Kilinochchi_Northern,24.9,7.290193089531385,0.0,1.66,174.7567113048115
2026-10-04T00:15:00+05:30,Kilinochchi_Northern,24.8,40.44498139129121,0.0,1.72,173.20033832217302
2026-10-04T00:30:00+05:30,Kilinochchi_Northern,24.8,57.90363503880246,0.0,1.72,170.37195598385455
2026-10-04T00:45:00+05:30,Kilinochchi_Northern,24.8,67.1139504093789,0.0,1.72,167.08178948564404
2026-10-04T01:00:00+05:30,Kilinochchi_Northern,24.8,72.61445803483628,0.0,1.77,163.6057007096126
2026-10-04T01:15:00+05:30,Kilinochchi_Northern,24.7,76.26334321365283,0.0,1.77,160.04076727312201
2026-10-04T01:30:00+05:30,Kilinochchi_Northern,24.7,78.88087779728124,0.0,1.82,156.42744941720775
2026-10-04T01:45:00+05:30,Kilinochchi_Northern,24.7,80.87242902618482,0.0,1.87,152.7852105789565
2026-10-04T02:00:00+05:30,Kilinochchi_Northern,24.7,82.45849883067558,0.0,1.92,149.12449299423986
2026-10-04T02:15:00+05:30,Kilinochchi_Northern,24.7,83.76859085338856,0.0,1.92,145.4513901195864
2026-10-04T02:30:00+05:30,Kilinochchi_Northern,24.7,84.88359547239634,0.0,1.96,141.769703867135
2026-10-04T02:45:00+05:30,Kilinochchi_Northern,24.6,85.85665449241151,0.0,1.96,138.08194031705943
2026-10-04T03:00:00+05:30,Kilinochchi_Northern,24.6,86.72419416052162,0.0,2.03,134.3898319813331
2026-10-04T03:15:00+05:30,Kilinochchi_Northern,24.5,87.51211806995855,0.0,2.04,130.69462932553955
2026-10-04T03:30:00+05:30,Kilinochchi_Northern,24.5,88.23946291985169,0.0,2.04,126.99727101493622
2026-10-04T03:45:00+05:30,Kilinochchi_Northern,24.4,88.9206514584057,0.0,2.04,123.29848996313365
2026-10-04T04:00:00+05:30,Kilinochchi_Northern,24.3,89.56693491978842,0.0,2.09,119.59888170665663
2026-10-04T04:15:00+05:30,Kilinochchi_Northern,24.3,90.18734925314084,0.0,2.15,115.8989488762264
2026-10-04T04:30:00+05:30,Kilinochchi_Northern,24.2,90.78936980487009,0.0,2.15,112.19913345004204
2026-10-04T04:45:00+05:30,Kilinochchi_Northern,24.2,91.37937473689698,0.0,2.17,108.49984047727854
2026-10-04T05:00:00+05:30,Kilinochchi_Northern,24.3,91.96298510008438,0.0,2.17,104.80145501361326
2026-10-04T05:15:00+05:30,Kilinochchi_Northern,24.4,92.54532428985715,0.0,2.23,101.10435734135152
2026-10-04T05:30:00+05:30,Kilinochchi_Northern,24.5,93.13122581254243,0.0,2.25,97.40893644457313
2026-10-04T05:45:00+05:30,Kilinochchi_Northern,24.7,93.72540956778266,0.0,2.31,93.71560134688697
2026-10-04T06:00:00+05:30,Kilinochchi_Northern,25.0,94.33264101109148,0.0,2.38,90.0247941994513
2026-10-04T06:15:00+05:30,Kilinochchi_Northern,25.3,94.95788540544925,15.0,2.44,86.33700448742945
2026-10-04T06:30:00+05:30,Kilinochchi_Northern,25.6,95.60646818226121,51.0,2.51,82.65278378431587
2026-10-04T06:45:00+05:30,Kilinochchi_Northern,26.0,96.28425179917411,98.0,2.57,78.97276508394391
2026-10-04T07:00:00+05:30,Kilinochchi_Northern,26.4,96.99784154478311,154.0,2.64,75.29768657667259
2026-10-04T07:15:00+05:30,Kilinochchi_Northern,26.9,97.75483559697011,210.0,2.66,71.62842017421232
2026-10-04T07:30:00+05:30,Kilinochchi_Northern,27.3,98.56413840620598,264.0,2.73,67.96601021024912
2026-10-04T07:45:00+05:30,Kilinochchi_Northern,27.7,99.43636440155535,316.0,2.75,64.31172431376264
2026-10-04T08:00:00+05:30,Kilinochchi_Northern,28.1,100.38437008179466,368.0,2.82,60.66712002479771
2026-10-04T08:15:00+05:30,Kilinochchi_Northern,28.5,101.42396820014915,428.0,2.82,57.03413753903917
2026-10-04T08:30:00+05:30,Kilinochchi_Northern,28.9,102.57490422396279,497.0,2.8,53.4152282822452
2026-10-04T08:45:00+05:30,Kilinochchi_Northern,29.3,103.86221515867544,569.0,2.75,49.81353505776363
2026-10-04T09:00:00+05:30,Kilinochchi_Northern,29.8,105.31815163733529,635.0,2.65,46.23315363029198
2026-10-04T09:15:00+05:30,Kilinochchi_Northern,30.3,106.98494326421655,688.0,2.57,42.679517427866664
2026-10-04T09:30:00+05:30,Kilinochchi_Northern,30.7,108.91884221942166,725.0,2.44,39.1599745886676
2026-10-04T09:45:00+05:30,Kilinochchi_Northern,31.2,111.19611834376474,749.0,2.32,35.68467836277927
2026-10-04T10:00:00+05:30,Kilinochchi_Northern,31.7,113.92203444566621,766.0,2.16,32.26799056741497
2026-10-04T10:15:00+05:30,Kilinochchi_Northern,32.2,117.24427830080248,778.0,2.02,28.930743273736674
2026-10-04T10:30:00+05:30,Kilinochchi_Northern,32.5,121.372593541784,785.0,1.91,25.70395523819677
2026-10-04T10:45:00+05:30,Kilinochchi_Northern,32.8,126.60521329836581,785.0,1.81,22.634972352707436
2026-10-04T11:00:00+05:30,Kilinochchi_Northern,33.0,133.35575126624911,772.0,1.71,19.79737240194204
2026-10-04T11:15:00+05:30,Kilinochchi_Northern,33.2,142.1487574460068,742.0,1.65,17.305401429158152
2026-10-04T11:30:00+05:30,Kilinochchi_Northern,33.1,153.48681362969717,690.0,1.55,15.328605364330798
2026-10-04T11:45:00+05:30,Kilinochchi_Northern,32.9,167.42543913012514,628.0,1.48,14.085613295955781
2026-10-04T12:00:00+05:30,Kilinochchi_Northern,32.5,182.95262936349843,571.0,1.42,13.776519958569352
2026-10-04T12:15:00+05:30,Kilinochchi_Northern,32.0,198.07098752484194,534.0,1.37,14.46133735249083
2026-10-04T12:30:00+05:30,Kilinochchi_Northern,31.4,211.061200164804,512.0,1.33,16.013044507512234
2026-10-04T12:45:00+05:30,Kilinochchi_Northern,30.7,221.3775118416096,499.0,1.29,18.211366021180936
2026-10-04T13:00:00+05:30,Kilinochchi_Northern,29.9,229.31989967292208,488.0,1.24,20.852771265760637
2026-10-04T13:15:00+05:30,Kilinochchi_Northern,29.1,235.43020404270013,472.0,1.17,23.790100729582747
2026-10-04T13:30:00+05:30,Kilinochchi_Northern,28.4,240.19587268224177,455.0,1.17,26.926651915536503
2026-10-04T13:45:00+05:30,Kilinochchi_Northern,27.8,243.98382878619353,439.0,1.17,30.200380385434556
2026-10-04T14:00:00+05:30,Kilinochchi_Northern,27.2,247.05488434646202,424.0,1.15,33.57114087507689
2026-10-04T14:15:00+05:30,Kilinochchi_Northern,26.7,249.5921830277341,412.0,1.17,37.01239177076547
2026-10-04T14:30:00+05:30,Kilinochchi_Northern,26.3,251.7251749498576,404.0,1.19,40.50612780784621
2026-10-04T14:45:00+05:30,Kilinochchi_Northern,26.0,253.54667697464765,395.0,1.21,44.03981422978786
2026-10-04T15:00:00+05:30,Kilinochchi_Northern,26.0,255.1243912854232,381.0,1.3,47.60450757925121
2026-10-04T15:15:00+05:30,Kilinochchi_Northern,25.9,256.5085877767291,359.0,1.38,51.193680400338245
2026-10-04T15:30:00+05:30,Kilinochchi_Northern,26.0,257.7372507538047,332.0,1.47,54.802470227695615
2026-10-04T15:45:00+05:30,Kilinochchi_Northern,26.1,258.8395668782927,301.0,1.57,58.427186297709646
2026-10-04T16:00:00+05:30,Kilinochchi_Northern,26.2,259.83832518474946,268.0,1.7,62.06497865062926
2026-10-04T16:15:00+05:30,Kilinochchi_Northern,26.4,260.7515960306922,234.0,1.78,65.71361277512564
2026-10-04T16:30:00+05:30,Kilinochchi_Northern,26.6,261.59392482641044,200.0,1.88,69.37131095607108
2026-10-04T16:45:00+05:30,Kilinochchi_Northern,26.7,262.3771955545785,165.0,1.98,73.03663914905543
2026-10-04T17:00:00+05:30,Kilinochchi_Northern,26.8,263.1112665663114,128.0,2.07,76.70842633111391
2026-10-04T17:15:00+05:30,Kilinochchi_Northern,26.9,263.80444673015137,90.0,2.17,80.38570384078028
2026-10-04T17:30:00+05:30,Kilinochchi_Northern,26.9,264.46385938027163,53.0,2.21,84.06765978864823
2026-10-04T17:45:00+05:30,Kilinochchi_Northern,26.8,265.0957271729937,23.0,2.26,87.75360566903701
2026-10-04T18:00:00+05:30,Kilinochchi_Northern,26.8,265.7056008610739,3.0,2.25,91.44294918054558
2026-10-04T18:15:00+05:30,Kilinochchi_Northern,26.6,266.29854975713096,0.0,2.3,95.13517256965638
2026-10-04T18:30:00+05:30,Kilinochchi_Northern,26.5,266.8793276874672,0.0,2.3,98.82981641230663
2026-10-04T18:45:00+05:30,Kilinochchi_Northern,26.4,267.45252526570516,0.0,2.3,102.52646465462735
2026-10-04T19:00:00+05:30,Kilinochchi_Northern,26.2,268.0227190987915,0.0,2.35,106.22473143874348
2026-10-04T19:15:00+05:30,Kilinochchi_Northern,26.1,268.5946287438458,0.0,2.36,109.92425036544297
2026-10-04T19:30:00+05:30,Kilinochchi_Northern,25.9,269.1732931439203,0.0,2.36,113.62466241503958
2026-10-04T19:45:00+05:30,Kilinochchi_Northern,25.8,269.7642822762156,0.0,2.37,117.32560313781728
2026-10-04T20:00:00+05:30,Kilinochchi_Northern,25.7,270.3739656027381,0.0,2.38,121.02668953120059
2026-10-04T20:15:00+05:30,Kilinochchi_Northern,25.5,271.00986806820015,0.0,2.38,124.72750216613551
2026-10-04T20:30:00+05:30,Kilinochchi_Northern,25.4,271.6811615904775,0.0,2.39,128.42756191993976
2026-10-04T20:45:00+05:30,Kilinochchi_Northern,25.4,272.39936819653485,0.0,2.39,132.12629946701372
2026-10-04T21:00:00+05:30,Kilinochchi_Northern,25.3,273.1793993939507,0.0,2.44,135.8230091172877
2026-10-04T21:15:00+05:30,Kilinochchi_Northern,25.3,274.04114604741983,0.0,2.43,139.51677920468535
2026-10-04T21:30:00+05:30,Kilinochchi_Northern,25.2,275.012000587061,0.0,2.48,143.20638393653735
2026-10-04T21:45:00+05:30,Kilinochchi_Northern,25.2,276.1310224806662,0.0,2.53,146.8901026697553
2026-10-04T22:00:00+05:30,Kilinochchi_Northern,25.2,277.45614607395584,0.0,2.52,150.56540660831297
2026-10-04T22:15:00+05:30,Kilinochchi_Northern,25.2,279.0773561979071,0.0,2.57,154.22838449072287
2026-10-04T22:30:00+05:30,Kilinochchi_Northern,25.2,281.1424083558792,0.0,2.57,157.8726077816829
2026-10-04T22:45:00+05:30,Kilinochchi_Northern,25.2,283.91122921889576,0.0,2.56,161.4866928264306
2026-10-04T23:00:00+05:30,Kilinochchi_Northern,25.1,287.8828644503503,0.0,2.56,165.04846228452027
2026-10-04T23:15:00+05:30,Kilinochchi_Northern,25.1,294.12854787625497,0.0,2.56,168.50885328624025
2026-10-04T23:30:00+05:30,Kilinochchi_Northern,25.1,305.2693025191518,0.0,2.56,171.73914489445565
2026-10-04T23:45:00+05:30,Kilinochchi_Northern,25.0,328.0305691164609,0.0,2.56,174.33098517066833
2026-10-05T00:00:00+05:30,Kilinochchi_Northern,25.0,8.755179749029992,0.0,2.51,175.1280280657048
2026-10-05T00:15:00+05:30,Kilinochchi_Northern,25.0,43.125865567379265,0.0,2.51,173.4397585352982
2026-10-05T00:30:00+05:30,Kilinochchi_Northern,24.9,60.11759743414649,0.0,2.47,170.51117269831704
2026-10-05T00:45:00+05:30,Kilinochchi_Northern,24.9,68.83781362861703,0.0,2.43,167.1650590210156
2026-10-05T01:00:00+05:30,Kilinochchi_Northern,24.8,73.99770009411992,0.0,2.38,163.6560435550801
2026-10-05T01:15:00+05:30,Kilinochchi_Northern,24.8,77.41239316046779,0.0,2.33,160.07017008127696
2026-10-05T01:30:00+05:30,Kilinochchi_Northern,24.8,79.86325978729212,0.0,2.29,156.44270744411034
2026-10-05T01:45:00+05:30,Kilinochchi_Northern,24.7,81.73183049520486,0.0,2.24,152.79049382354776
2026-10-05T02:00:00+05:30,Kilinochchi_Northern,24.7,83.22432024124191,0.0,2.2,149.12253165020624
2026-10-05T02:15:00+05:30,Kilinochchi_Northern,24.7,84.46140686775868,0.0,2.15,145.44406811232128
2026-10-05T02:30:00+05:30,Kilinochchi_Northern,24.6,85.51831589850224,0.0,2.1,141.75837889576
2026-10-05T02:45:00+05:30,Kilinochchi_Northern,24.6,86.44441844346443,0.0,2.05,138.06762767327064
2026-10-05T03:00:00+05:30,Kilinochchi_Northern,24.5,87.2735488520666,0.0,1.99,134.37331589966757
2026-10-05T03:15:00+05:30,Kilinochchi_Northern,24.5,88.02977912993254,0.0,1.89,130.6765335648241
2026-10-05T03:30:00+05:30,Kilinochchi_Northern,24.4,88.73082099045467,0.0,1.83,126.9781053931799
2026-10-05T03:45:00+05:30,Kilinochchi_Northern,24.4,89.39011983326463,0.0,1.73,123.27868213508879
2026-10-05T04:00:00+05:30,Kilinochchi_Northern,24.3,90.01819456828258,0.0,1.67,119.57879958116551
2026-10-05T04:15:00+05:30,Kilinochchi_Northern,24.2,90.62352585234191,0.0,1.56,115.87891692980583
2026-10-05T04:30:00+05:30,Kilinochchi_Northern,24.2,91.21316470883767,0.0,1.51,112.17944498220382
2026-10-05T04:45:00+05:30,Kilinochchi_Northern,24.2,91.79316414850473,0.0,1.45,108.48076713413414
2026-10-05T05:00:00+05:30,Kilinochchi_Northern,24.3,92.36889697739753,0.0,1.4,104.78325446452449
2026-10-05T05:15:00+05:30,Kilinochchi_Northern,24.4,92.94529953349326,0.0,1.4,101.08727973001785
2026-10-05T05:30:00+05:30,Kilinochchi_Northern,24.5,93.52706834366586,0.0,1.41,97.3932300649252
2026-10-05T05:45:00+05:30,Kilinochchi_Northern,24.7,94.11882864587892,0.0,1.47,93.70151789108237
2026-10-05T06:00:00+05:30,Kilinochchi_Northern,25.0,94.72528831880237,0.0,1.54,90.01259386655727
2026-10-05T06:15:00+05:30,Kilinochchi_Northern,25.3,95.3513888894143,14.0,1.61,86.32696120561133
2026-10-05T06:30:00+05:30,Kilinochchi_Northern,25.6,96.00246430706363,48.0,1.74,82.64519080216927
2026-10-05T06:45:00+05:30,Kilinochchi_Northern,26.0,96.68441768889727,94.0,1.87,78.96794120303383
2026-10-05T07:00:00+05:30,Kilinochchi_Northern,26.4,97.40392841944015,148.0,2.06,75.29598333260333
2026-10-05T07:15:00+05:30,Kilinochchi_Northern,26.8,98.16870494483533,204.0,2.21,71.6302303504319
2026-10-05T07:30:00+05:30,Kilinochchi_Northern,27.2,98.98780244768307,256.0,2.35,67.97177816819982
2026-10-05T07:45:00+05:30,Kilinochchi_Northern,27.6,99.87203259159111,307.0,2.44,64.32195877559899
2026-10-05T08:00:00+05:30,Kilinochchi_Northern,28.0,100.83450364545604,359.0,2.57,60.68241016912303
2026-10-05T08:15:00+05:30,Kilinochchi_Northern,28.4,101.89134492673725,420.0,2.6,57.055173571756676
2026-10-05T08:30:00+05:30,Kilinochchi_Northern,28.8,103.06269583111163,491.0,2.62,53.442828112496855
2026-10-05T08:45:00+05:30,Kilinochchi_Northern,29.2,104.37407915901474,567.0,2.61,49.848679343394004
2026-10-05T09:00:00+05:30,Kilinochchi_Northern,29.7,105.85833798139771,638.0,2.48,46.27703238519907
2026-10-05T09:15:00+05:30,Kilinochchi_Northern,30.1,107.55841138287803,695.0,2.36,42.73359267166851
2026-10-05T09:30:00+05:30,Kilinochchi_Northern,30.5,109.53137241183248,734.0,2.24,39.226065241086545
2026-10-05T09:45:00+05:30,Kilinochchi_Northern,31.0,111.85437345440306,762.0,2.09,35.7650755840358
2026-10-05T10:00:00+05:30,Kilinochchi_Northern,31.4,114.63346220050158,780.0,1.91,32.365613193004386
2026-10-05T10:15:00+05:30,Kilinochchi_Northern,31.9,118.01659288525002,795.0,1.74,29.0493407339455
2026-10-05T10:30:00+05:30,Kilinochchi_Northern,32.2,122.21223054670759,805.0,1.57,25.84834949458366
2026-10-05T10:45:00+05:30,Kilinochchi_Northern,32.5,127.51341388318485,806.0,1.42,22.811272271055856
2026-10-05T11:00:00+05:30,Kilinochchi_Northern,32.7,134.31959883173278,796.0,1.3,20.012920527464885
2026-10-05T11:15:00+05:30,Kilinochchi_Northern,32.9,143.12338428021968,773.0,1.14,17.567788971200883
2026-10-05T11:30:00+05:30,Kilinochchi_Northern,32.9,154.37025414064124,733.0,1.01,15.642440758038944
2026-10-05T11:45:00+05:30,Kilinochchi_Northern,32.7,168.05492044231005,683.0,0.9,14.44624505898787
2026-10-05T12:00:00+05:30,Kilinochchi_Northern,32.4,183.18184410663824,636.0,0.74,14.165160590970117
2026-10-05T12:15:00+05:30,Kilinochchi_Northern,32.0,197.89123354268548,601.0,0.56,14.851241708702304
2026-10-05T12:30:00+05:30,Kilinochchi_Northern,31.6,210.59511068161777,575.0,0.43,16.38342344731886
2026-10-05T12:45:00+05:30,Kilinochchi_Northern,31.0,220.76591538270017,554.0,0.29,18.553240673259737
2026-10-05T13:00:00+05:30,Kilinochchi_Northern,30.4,228.6581348685393,532.0,0.3,21.16546635485639
2026-10-05T13:15:00+05:30,Kilinochchi_Northern,29.8,234.76862089268613,508.0,0.39,24.07650225795767
2026-10-05T13:30:00+05:30,Kilinochchi_Northern,29.2,239.55714899659685,483.0,0.57,27.19051464474581
2026-10-05T13:45:00+05:30,Kilinochchi_Northern,28.7,243.37631728672113,457.0,0.72,30.4452510313535
2026-10-05T14:00:00+05:30,Kilinochchi_Northern,28.2,246.48011078942625,431.0,0.85,33.800047799969946
2026-10-05T14:15:00+05:30,Kilinochchi_Northern,27.7,249.04862870864707,403.0,0.96,37.22782620847342
2026-10-05T14:30:00+05:30,Kilinochchi_Northern,27.4,251.21010291946973,374.0,1.05,40.710115165809945
2026-10-05T14:45:00+05:30,Kilinochchi_Northern,27.1,253.0569897772287,345.0,1.1,44.23400077943824
2026-10-05T15:00:00+05:30,Kilinochchi_Northern,27.0,254.65701861202697,316.0,1.12,47.790238436446835
2026-10-05T15:15:00+05:30,Kilinochchi_Northern,26.9,256.06064758040174,288.0,1.07,51.37206327843279
2026-10-05T15:30:00+05:30,Kilinochchi_Northern,26.9,257.3061021917714,261.0,1.03,54.9744256505215
2026-10-05T15:45:00+05:30,Kilinochchi_Northern,26.8,258.42281274637173,235.0,0.99,58.593486615417575
2026-10-05T16:00:00+05:30,Kilinochchi_Northern,26.8,259.43379199550014,208.0,0.9,62.22627829053941
2026-10-05T16:15:00+05:30,Kilinochchi_Northern,26.9,260.3573053812633,180.0,0.85,65.87047178255193
2026-10-05T16:30:00+05:30,Kilinochchi_Northern,26.9,261.2080624945563,152.0,0.78,69.52421344776393
2026-10-05T16:45:00+05:30,Kilinochchi_Northern,26.9,261.9980811750531,125.0,0.71,73.18600792287258
2026-10-05T17:00:00+05:30,Kilinochchi_Northern,26.9,262.73732493855823,97.0,0.72,76.85463456591539
2026-10-05T17:15:00+05:30,Kilinochchi_Northern,26.9,263.4341809004146,68.0,0.67,80.52908459742982
2026-10-05T17:30:00+05:30,Kilinochchi_Northern,26.8,264.0958251934019,40.0,0.7,84.20851385264412
2026-10-05T17:45:00+05:30,Kilinochchi_Northern,26.8,264.7285087521449,18.0,0.73,87.89220814860955
2026-10-05T18:00:00+05:30,Kilinochchi_Northern,26.6,265.3377863307529,2.0,0.78,91.57955519581823
2026-10-05T18:15:00+05:30,Kilinochchi_Northern,26.5,265.9287064117982,0.0,0.87,95.2700222996992
2026-10-05T18:30:00+05:30,Kilinochchi_Northern,26.4,266.5059756765093,0.0,0.92,98.9631397278054
2026-10-05T18:45:00+05:30,Kilinochchi_Northern,26.3,267.07410868943657,0.0,1.02,102.65848555121876
2026-10-05T19:00:00+05:30,Kilinochchi_Northern,26.2,267.63757315304025,0.0,1.07,106.35567247496942
2026-10-05T19:15:00+05:30,Kilinochchi_Northern,26.1,268.20094117062126,0.0,1.18,110.05433732618651
2026-10-05T19:30:00+05:30,Kilinochchi_Northern,26.0,268.7690576959058,0.0,1.27,113.75412945861723
2026-10-05T19:45:00+05:30,Kilinochchi_Northern,25.9,269.3472410842851,0.0,1.32,117.454698745564
2026-10-05T20:00:00+05:30,Kilinochchi_Northern,25.8,269.94153611308775,0.0,1.42,121.15568369104685
2026-10-05T20:15:00+05:30,Kilinochchi_Northern,25.7,270.5590483852264,0.0,1.47,124.85669538421757
2026-10-05T20:30:00+05:30,Kilinochchi_Northern,25.6,271.20840524080734,0.0,1.52,128.5572969227479
2026-10-05T20:45:00+05:30,Kilinochchi_Northern,25.5,271.9004149117959,0.0,1.57,132.25697689798895
2026-10-05T21:00:00+05:30,Kilinochchi_Northern,25.4,272.64904147765105,0.0,1.62,135.95510924360116
2026-10-05T21:15:00+05:30,Kilinochchi_Northern,25.4,273.4728983671254,0.0,1.61,139.6508928753761
2026-10-05T21:30:00+05:30,Kilinochchi_Northern,25.3,274.39762292338554,0.0,1.66,143.3432581883181
2026-10-05T21:45:00+05:30,Kilinochchi_Northern,25.3,275.4598099723555,0.0,1.66,147.03071032544088
2026-10-05T22:00:00+05:30,Kilinochchi_Northern,25.3,276.71384617504407,0.0,1.71,150.71105681095963
2026-10-05T22:15:00+05:30,Kilinochchi_Northern,25.2,278.2444718581,0.0,1.71,154.38090648646482
2026-10-05T22:30:00+05:30,Kilinochchi_Northern,25.2,280.1914912761833,0.0,1.71,158.03467326706448
2026-10-05T22:45:00+05:30,Kilinochchi_Northern,25.2,282.80262122189225,0.0,1.76,161.66241748548777
2026-10-05T23:00:00+05:30,Kilinochchi_Northern,25.2,286.55896231188615,0.0,1.75,165.24460717825002
2026-10-05T23:15:00+05:30,Kilinochchi_Northern,25.2,292.5140094131345,0.0,1.8,168.73735648245577
2026-10-05T23:30:00+05:30,Kilinochchi_Northern,25.1,303.3476631358923,0.0,1.75,172.02196667010884
2026-10-05T23:45:00+05:30,Kilinochchi_Northern,25.1,326.5407656905977,0.0,1.65,174.69614958167625
2026-10-06T00:00:00+05:30,Kilinochchi_Northern,25.0,10.437232452750663,0.0,1.46,175.49508141382535
2026-10-06T00:15:00+05:30,Kilinochchi_Northern,24.9,45.98592566455454,0.0,1.26,173.66444429649354
2026-10-06T00:30:00+05:30,Kilinochchi_Northern,24.8,62.383803868872064,0.0,1.16,170.6371068682771
2026-10-06T00:45:00+05:30,Kilinochchi_Northern,24.7,70.57585729044081,0.0,1.11,167.2381840187411
2026-10-06T01:00:00+05:30,Kilinochchi_Northern,24.6,75.383784410337,0.0,1.16,163.69864948280366
2026-10-06T01:15:00+05:30,Kilinochchi_Northern,24.6,78.56058291414473,0.0,1.15,160.09356234646958
2026-10-06T01:30:00+05:30,Kilinochchi_Northern,24.5,80.84354795986974,0.0,1.2,156.45322082860437
2026-10-06T01:45:00+05:30,Kilinochchi_Northern,24.4,82.58878751515249,0.0,1.2,152.79199362326685
2026-10-06T02:00:00+05:30,Kilinochchi_Northern,24.3,83.98767982046348,0.0,1.25,149.11754140781113
2026-10-06T02:15:00+05:30,Kilinochchi_Northern,24.2,85.15186813664019,0.0,1.3,145.4343270908251
2026-10-06T02:30:00+05:30,Kilinochchi_Northern,24.2,86.15082896863692,0.0,1.3,141.7451404490414
2026-10-06T02:45:00+05:30,Kilinochchi_Northern,24.1,87.0301278917463,0.0,1.3,138.0518298334819
2026-10-06T03:00:00+05:30,Kilinochchi_Northern,24.1,87.82099318295747,0.0,1.35,134.35568441617582
2026-10-06T03:15:00+05:30,Kilinochchi_Northern,24.0,88.54566004989954,0.0,1.35,130.6576471017155
2026-10-06T03:30:00+05:30,Kilinochchi_Northern,24.0,89.2205139343248,0.0,1.35,126.95843847721903
2026-10-06T03:45:00+05:30,Kilinochchi_Northern,24.0,89.85802327005763,0.0,1.35,123.25863448028271
2026-10-06T04:00:00+05:30,Kilinochchi_Northern,24.0,90.46797566089134,0.0,1.35,119.5587167857984
2026-10-06T04:15:00+05:30,Kilinochchi_Northern,24.0,91.0582976456933,0.0,1.3,115.85910556832971
2026-10-06T04:30:00+05:30,Kilinochchi_Northern,24.0,91.63561703714487,0.0,1.3,112.16018397370277
2026-10-06T04:45:00+05:30,Kilinochchi_Northern,24.1,92.20566264825021,0.0,1.3,108.46231661331842
2026-10-06T05:00:00+05:30,Kilinochchi_Northern,24.2,92.7735597934701,0.0,1.26,104.76586297725149
2026-10-06T05:15:00+05:30,Kilinochchi_Northern,24.3,93.34405828874833,0.0,1.26,101.07119032680251
2026-10-06T05:30:00+05:30,Kilinochchi_Northern,24.4,93.92171798784324,0.0,1.22,97.37868571478982
2026-10-06T05:45:00+05:30,Kilinochchi_Northern,24.6,94.5110695309404,0.0,1.18,93.68876653816086
2026-10-06T06:00:00+05:30,Kilinochchi_Northern,24.8,95.11676301921261,0.0,1.09,90.00189340345766
2026-10-06T06:15:00+05:30,Kilinochchi_Northern,25.1,95.74371574107852,17.0,1.08,86.31858461252905
2026-10-06T06:30:00+05:30,Kilinochchi_Northern,25.4,96.39726930289316,58.0,1.01,82.63943169455095
2026-10-06T06:45:00+05:30,Kilinochchi_Northern,25.7,97.08336617723592,111.0,0.97,78.96512005532342
2026-10-06T07:00:00+05:30,Kilinochchi_Northern,26.1,97.8087579720638,174.0,0.92,75.296454686777
2026-10-06T07:15:00+05:30,Kilinochchi_Northern,26.4,98.58126077840893,237.0,0.89,71.63439138954057
2026-10-06T07:30:00+05:30,Kilinochchi_Northern,26.8,99.41007686916055,297.0,0.92,67.980079140514
2026-10-06T07:45:00+05:30,Kilinochchi_Northern,27.2,100.3062100886724,353.0,0.97,64.33491590088327
2026-10-06T08:00:00+05:30,Kilinochchi_Northern,27.7,101.28301342391057,408.0,1.02,60.70062188398853
2026-10-06T08:15:00+05:30,Kilinochchi_Northern,28.1,102.35692281801164,462.0,1.1,57.07934127664826
2026-10-06T08:30:00+05:30,Kilinochchi_Northern,28.6,103.5484574119165,513.0,1.2,53.473783017392705
2026-10-06T08:45:00+05:30,Kilinochchi_Northern,29.0,104.88360525407222,560.0,1.32,49.88741764258324
2026-10-06T09:00:00+05:30,Kilinochchi_Northern,29.4,106.39577158792713,604.0,1.43,46.324761859494984
2026-10-06T09:15:00+05:30,Kilinochchi_Northern,29.8,108.12855960656066,645.0,1.57,42.79179501298454
2026-10-06T09:30:00+05:30,Kilinochchi_Northern,30.2,110.13979400299075,682.0,1.69,39.29657992609232
2026-10-06T09:45:00+05:30,Kilinochchi_Northern,30.6,112.50740242980976,714.0,1.82,35.850212726683196
2026-10-06T10:00:00+05:30,Kilinochchi_Northern,30.9,115.33804950370438,743.0,1.9,32.468303465762574
2026-10-06T10:15:00+05:30,Kilinochchi_Northern,31.2,118.77969371019026,768.0,2.02,29.17332662666388
2026-10-06T10:30:00+05:30,Kilinochchi_Northern,31.5,123.03912569041847,791.0,2.08,25.998403372385724
2026-10-06T10:45:00+05:30,Kilinochchi_Northern,31.7,128.40365747870783,809.0,2.15,22.993364191541247
2026-10-06T11:00:00+05:30,Kilinochchi_Northern,31.9,135.25812660126707,819.0,2.21,20.23408374399
2026-10-06T11:15:00+05:30,Kilinochchi_Northern,32.0,144.06371410328927,818.0,2.21,17.835032322255046
2026-10-06T11:30:00+05:30,Kilinochchi_Northern,32.1,155.2126084221345,802.0,2.21,15.959527706724586
2026-10-06T11:45:00+05:30,Kilinochchi_Northern,32.2,168.64710605027506,778.0,2.19,14.807878714887025
2026-10-06T12:00:00+05:30,Kilinochchi_Northern,32.1,183.39255402397285,754.0,2.13,14.552971866832223
2026-10-06T12:15:00+05:30,Kilinochchi_Northern,32.1,197.71541249530574,738.0,2.11,15.239873084102797
2026-10-06T12:30:00+05:30,Kilinochchi_Northern,32.0,210.14562776083594,727.0,2.02,16.753126023746745
2026-10-06T12:45:00+05:30,Kilinochchi_Northern,31.8,220.17357579146716,716.0,1.94,18.895208751030154
2026-10-06T13:00:00+05:30,Kilinochchi_Northern,31.7,228.01360112529625,704.0,1.87,21.478777238755015
2026-10-06T13:15:00+05:30,Kilinochchi_Northern,31.5,234.12112951496243,687.0,1.74,24.363761690123596
2026-10-06T13:30:00+05:30,Kilinochchi_Northern,31.2,238.92962625548742,666.0,1.66,27.455280006168223
2026-10-06T13:45:00+05:30,Kilinochchi_Northern,31.0,242.77768384479032,643.0,1.6,30.690951530131898
2026-10-06T14:00:00+05:30,Kilinochchi_Northern,30.7,245.91243063993684,617.0,1.51,34.029648076637606
2026-10-06T14:15:00+05:30,Kilinochchi_Northern,30.4,248.51081143484424,588.0,1.48,37.44378593300016
2026-10-06T14:30:00+05:30,Kilinochchi_Northern,30.1,250.6997332193792,557.0,1.44,40.914446397935215
2026-10-06T14:45:00+05:30,Kilinochchi_Northern,29.8,252.57120746249092,525.0,1.41,44.428346394650866
2026-10-06T15:00:00+05:30,Kilinochchi_Northern,29.5,254.1929281851362,490.0,1.43,47.975945359300525
2026-10-06T15:15:00+05:30,Kilinochchi_Northern,29.2,255.61549659612606,453.0,1.45,51.55024354329481
2026-10-06T15:30:00+05:30,Kilinochchi_Northern,28.9,256.87734679645325,415.0,1.49,55.14600509512274
2026-10-06T15:45:00+05:30,Kilinochchi_Northern,28.6,258.00812907175623,376.0,1.55,58.75924305208324
2026-10-06T16:00:00+05:30,Kilinochchi_Northern,28.3,259.03106255845694,334.0,1.66,62.386871285646336
2026-10-06T16:15:00+05:30,Kilinochchi_Northern,28.0,259.96459492048024,290.0,1.75,66.02646594323083
2026-10-06T16:30:00+05:30,Kilinochchi_Northern,27.8,260.8235902423676,246.0,1.82,69.67609674346133
2026-10-06T16:45:00+05:30,Kilinochchi_Northern,27.5,261.62019280402706,202.0,1.9,73.33420622722402
2026-10-06T17:00:00+05:30,Kilinochchi_Northern,27.3,262.36446549957094,156.0,1.96,76.9995233205422
2026-10-06T17:15:00+05:30,Kilinochchi_Northern,27.1,263.06486907733284,109.0,2.05,80.67099829381276
2026-10-06T17:30:00+05:30,Kilinochchi_Northern,27.0,263.72862869066944,64.0,2.09,84.34775385259907
2026-10-06T17:45:00+05:30,Kilinochchi_Northern,26.8,264.36202035834174,27.0,2.13,88.0290492608748
2026-10-06T18:00:00+05:30,Kilinochchi_Northern,26.7,264.9706000249567,3.0,2.13,91.71425132464162
2026-10-06T18:15:00+05:30,Kilinochchi_Northern,26.6,265.5593927496802,0.0,2.12,95.40281143658895
2026-10-06T18:30:00+05:30,Kilinochchi_Northern,26.5,266.1330555427789,0.0,2.12,99.09424850873108
2026-10-06T18:45:00+05:30,Kilinochchi_Northern,26.4,266.6960243113847,0.0,2.11,102.78813358485407
2026-10-06T19:00:00+05:30,Kilinochchi_Northern,26.3,267.25265499806613,0.0,2.07,106.48407664158194
2026-10-06T19:15:00+05:30,Kilinochchi_Northern,26.2,267.8073689505586,0.0,2.06,110.18171625608488
2026-10-06T19:30:00+05:30,Kilinochchi_Northern,26.1,268.36481312564973,0.0,2.01,113.8807084389224
2026-10-06T19:45:00+05:30,Kilinochchi_Northern,26.0,268.93004918477214,0.0,1.96,117.58071535697522
2026-10-06T20:00:00+05:30,Kilinochchi_Northern,25.9,269.50879056369087,0.0,1.91,121.2813945748874
2026-10-06T20:15:00+05:30,Kilinochchi_Northern,25.9,270.10771450226133,0.0,1.86,124.98238470542243
2026-10-06T20:30:00+05:30,Kilinochchi_Northern,25.8,270.73489116692576,0.0,1.81,128.6832873411418
2026-10-06T20:45:00+05:30,Kilinochchi_Northern,25.8,271.4003968817008,0.0,1.76,132.38364427445327
2026-10-06T21:00:00+05:30,Kilinochchi_Northern,25.7,272.11722144360823,0.0,1.71,136.08290299092647
2026-10-06T21:15:00+05:30,Kilinochchi_Northern,25.6,272.9026596884646,0.0,1.61,139.78036502837548
2026-10-06T21:30:00+05:30,Kilinochchi_Northern,25.6,273.78052840373755,0.0,1.56,143.47510634550605
2026-10-06T21:45:00+05:30,Kilinochchi_Northern,25.5,274.78484906710554,0.0,1.51,147.16584343316913
2026-10-06T22:00:00+05:30,Kilinochchi_Northern,25.5,275.96627080534944,0.0,1.41,150.85070018338155
2026-10-06T22:15:00+05:30,Kilinochchi_Northern,25.4,277.40393720733607,0.0,1.36,154.5267776938585
2026-10-06T22:30:00+05:30,Kilinochchi_Northern,25.4,279.2289979453599,0.0,1.31,158.189293843699
2026-10-06T22:45:00+05:30,Kilinochchi_Northern,25.3,281.6754234854639,0.0,1.26,161.82970372550443
2026-10-06T23:00:00+05:30,Kilinochchi_Northern,25.3,285.20263077308556,0.0,1.21,165.4310804961882
2026-10-06T23:15:00+05:30,Kilinochchi_Northern,25.2,290.83619693210096,0.0,1.16,168.95481937344238
2026-10-06T23:30:00+05:30,Kilinochchi_Northern,25.2,301.28757175851547,0.0,1.11,172.2932989767118
2026-10-06T23:45:00+05:30,Kilinochchi_Northern,25.1,324.822744508312,0.0,1.06,175.05542401045545
2026-10-07T00:00:00+05:30,Kilinochchi_Northern,25.0,12.388638053093814,0.0,1.01,175.85698643912804
2026-10-07T00:15:00+05:30,Kilinochchi_Northern,25.0,49.029506688030494,0.0,1.0,173.87298945988624
2026-10-07T00:30:00+05:30,Kilinochchi_Northern,24.9,64.69726978354265,0.0,0.96,170.74938891038408
2026-10-07T00:45:00+05:30,Kilinochchi_Northern,24.8,72.32517229682861,0.0,0.91,167.3011368642712
2026-10-07T01:00:00+05:30,Kilinochchi_Northern,24.7,76.77111974885804,0.0,0.91,163.7335894739031
2026-10-07T01:15:00+05:30,Kilinochchi_Northern,24.6,79.70696506699403,0.0,0.86,160.11104380530728
2026-10-07T01:30:00+05:30,Kilinochchi_Northern,24.5,81.82112378657956,0.0,0.81,156.45909622727203
2026-10-07T01:45:00+05:30,Kilinochchi_Northern,24.4,83.44286261973048,0.0,0.76,152.78981623000158
2026-10-07T02:00:00+05:30,Kilinochchi_Northern,24.3,84.74824700609463,0.0,0.76,149.1096256583994
2026-10-07T02:15:00+05:30,Kilinochchi_Northern,24.2,85.83971108935998,0.0,0.7,145.42226687943935
2026-10-07T02:30:00+05:30,Kilinochchi_Northern,24.1,86.78091521166613,0.0,0.65,141.73008472344816
2026-10-07T02:45:00+05:30,Kilinochchi_Northern,24.1,87.61359358134735,0.0,0.6,138.03463953442105
2026-10-07T03:00:00+05:30,Kilinochchi_Northern,24.0,88.36635926762057,0.0,0.6,134.33702703920812
2026-10-07T03:15:00+05:30,Kilinochchi_Northern,24.0,89.05960842737045,0.0,0.55,130.6380564486997
2026-10-07T03:30:00+05:30,Kilinochchi_Northern,23.9,89.70840075462036,0.0,0.5,126.93835398870559
2026-10-07T03:45:00+05:30,Kilinochchi_Northern,23.9,90.32422924688188,0.0,0.45,123.23842809871356
2026-10-07T04:00:00+05:30,Kilinochchi_Northern,23.9,90.91615196669977,0.0,0.4,119.53871193833608
2026-10-07T04:15:00+05:30,Kilinochchi_Northern,23.9,91.49154300823915,0.0,0.41,115.8395910339644
2026-10-07T04:30:00+05:30,Kilinochchi_Northern,24.0,92.05660842381644,0.0,0.36,112.14142436702868
2026-10-07T04:45:00+05:30,Kilinochchi_Northern,24.0,92.61675401247362,0.0,0.32,108.44456060661601
2026-10-07T05:00:00+05:30,Kilinochchi_Northern,24.1,93.1768585061377,0.0,0.34,104.7493500155363
2026-10-07T05:15:00+05:30,Kilinochchi_Northern,24.2,93.74148583566887,0.0,0.29,101.05615636743045
2026-10-07T05:30:00+05:30,Kilinochchi_Northern,24.4,94.31505954956941,0.0,0.32,97.36536837381561
2026-10-07T05:45:00+05:30,Kilinochchi_Northern,24.6,94.90201578246615,0.0,0.35,93.67740995821335
2026-10-07T06:00:00+05:30,Kilinochchi_Northern,24.8,95.50694665713178,0.0,0.36,89.9927530921547
2026-10-07T06:15:00+05:30,Kilinochchi_Northern,25.1,96.13474469499954,17.0,0.4,86.31193249362748
2026-10-07T06:30:00+05:30,Kilinochchi_Northern,25.4,96.79075824689124,58.0,0.45,82.63556160633203
2026-10-07T06:45:00+05:30,Kilinochchi_Northern,25.7,97.4809677571775,111.0,0.49,78.96435396167026
2026-10-07T07:00:00+05:30,Kilinochchi_Northern,26.1,98.21219507407301,172.0,0.57,75.29914990425219
2026-10-07T07:15:00+05:30,Kilinochchi_Northern,26.5,98.99236116205498,234.0,0.62,71.64094921251082
2026-10-07T07:30:00+05:30,Kilinochchi_Northern,26.9,99.83081155085387,294.0,0.72,67.99095533898672
2026-10-07T07:45:00+05:30,Kilinochchi_Northern,27.3,100.73873696442035,350.0,0.76,64.35063373306996
2026-10-07T08:00:00+05:30,Kilinochchi_Northern,27.8,101.72972773904792,403.0,0.86,60.721788466215926
2026-10-07T08:15:00+05:30,Kilinochchi_Northern,28.2,102.82051610506915,457.0,0.91,57.1066684613497
2026-10-07T08:30:00+05:30,Kilinochchi_Northern,28.7,104.03198626348336,507.0,1.01,53.508114355024794
2026-10-07T08:45:00+05:30,Kilinochchi_Northern,29.1,105.390570347878,553.0,1.11,49.92976360367004
2026-10-07T09:00:00+05:30,Kilinochchi_Northern,29.6,106.93020478558918,595.0,1.21,46.37634631494355
