Datetime,Location,air_temp,azimuth,ghi,wind_speed_10m,zenith
2026-09-29T22:15:00+05:30,Anuradhapura_NorthCentral,26.9,281.01789243458677,0.0,3.67,153.6084887002348
2026-09-29T22:30:00+05:30,Anuradhapura_NorthCentral,26.8,283.2578427044683,0.0,3.74,157.23828857483886
2026-09-29T22:45:00+05:30,Anuradhapura_NorthCentral,26.7,286.257656156816,0.0,3.77,160.8292276374171
2026-09-29T23:00:00+05:30,Anuradhapura_NorthCentral,26.7,290.52379108205645,0.0,3.76,164.35434170285927
2026-09-29T23:15:00+05:30,Anuradhapura_NorthCentral,26.6,297.089109165864,0.0,3.79,167.75645750371945
2026-09-29T23:30:00+05:30,Anuradhapura_NorthCentral,26.5,308.26344215370625,0.0,3.82,170.89643137197154
2026-09-29T23:45:00+05:30,Anuradhapura_NorthCentral,26.5,329.0977133257076,0.0,3.86,173.38935114032486
2026-09-30T00:00:00+05:30,Anuradhapura_NorthCentral,26.4,3.605132110261934,0.0,3.9,174.30943352272897
2026-09-30T00:15:00+05:30,Anuradhapura_NorthCentral,26.3,35.99489947738954,0.0,3.91,173.00567805075787
2026-09-30T00:30:00+05:30,Anuradhapura_NorthCentral,26.3,54.4899323214247,0.0,3.95,170.3401068502527
2026-09-30T00:45:00+05:30,Anuradhapura_NorthCentral,26.2,64.52071061961789,0.0,3.99,167.13301448456778
2026-09-30T01:00:00+05:30,Anuradhapura_NorthCentral,26.1,70.53456141545638,0.0,4.02,163.70108831206346
2026-09-30T01:15:00+05:30,Anuradhapura_NorthCentral,26.1,74.5077054395785,0.0,4.02,160.16078045737183
2026-09-30T01:30:00+05:30,Anuradhapura_NorthCentral,26.0,77.3371127460664,0.0,4.05,156.56127349118992
2026-09-30T01:45:00+05:30,Anuradhapura_NorthCentral,26.0,79.47067982545406,0.0,4.04,152.92629954692788
2026-09-30T02:00:00+05:30,Anuradhapura_NorthCentral,25.9,81.15296948508865,0.0,4.03,149.26857876798397
2026-09-30T02:15:00+05:30,Anuradhapura_NorthCentral,25.9,82.52774314852047,0.0,4.02,145.59551007444244
2026-09-30T02:30:00+05:30,Anuradhapura_NorthCentral,25.8,83.68473731284655,0.0,4.05,141.91168630412255
2026-09-30T02:45:00+05:30,Anuradhapura_NorthCentral,25.8,84.68280507621705,0.0,4.12,138.2201130364366
2026-09-30T03:00:00+05:30,Anuradhapura_NorthCentral,25.8,85.56218189315621,0.0,4.23,134.52284732964446
2026-09-30T03:15:00+05:30,Anuradhapura_NorthCentral,25.8,86.35137651795617,0.0,4.31,130.82135365760735
2026-09-30T03:30:00+05:30,Anuradhapura_NorthCentral,25.7,87.07123860465924,0.0,4.35,127.11671150075722
2026-09-30T03:45:00+05:30,Anuradhapura_NorthCentral,25.7,87.73746351142807,0.0,4.25,123.4097438770199
2026-09-30T04:00:00+05:30,Anuradhapura_NorthCentral,25.7,88.36219349688031,0.0,4.04,119.70109963179166
2026-09-30T04:15:00+05:30,Anuradhapura_NorthCentral,25.6,88.95507643736778,0.0,3.87,115.9913066474579
2026-09-30T04:30:00+05:30,Anuradhapura_NorthCentral,25.6,89.52398777331382,0.0,3.73,112.28080957994888
2026-09-30T04:45:00+05:30,Anuradhapura_NorthCentral,25.5,90.07553834983537,0.0,3.69,108.56999691066615
2026-09-30T05:00:00+05:30,Anuradhapura_NorthCentral,25.5,90.6154435229725,0.0,3.69,104.85921969084826
2026-09-30T05:15:00+05:30,Anuradhapura_NorthCentral,25.4,91.14880086538113,0.0,3.75,101.14880744261266
2026-09-30T05:30:00+05:30,Anuradhapura_NorthCentral,25.4,91.6803082098171,0.0,3.82,97.43908138790381
2026-09-30T05:45:00+05:30,Anuradhapura_NorthCentral,25.5,92.214443904689,0.0,3.96,93.73036469804137
2026-09-30T06:00:00+05:30,Anuradhapura_NorthCentral,25.5,92.75562462366906,0.0,4.18,90.02299366978752
2026-09-30T06:15:00+05:30,Anuradhapura_NorthCentral,25.7,93.30835331779133,15.0,4.4,86.31732911378829
2026-09-30T06:30:00+05:30,Anuradhapura_NorthCentral,25.9,93.87736825472103,48.0,4.61,82.6137672358812
2026-09-30T06:45:00+05:30,Anuradhapura_NorthCentral,26.2,94.46780315399246,85.0,4.78,78.91275381809177
2026-09-30T07:00:00+05:30,Anuradhapura_NorthCentral,26.6,95.08537003081273,126.0,4.99,75.21480120687366
2026-09-30T07:15:00+05:30,Anuradhapura_NorthCentral,27.0,95.73657877140022,172.0,5.12,71.5205079130717
2026-09-30T07:30:00+05:30,Anuradhapura_NorthCentral,27.4,96.42901086205046,223.0,5.26,67.83058556027584
2026-09-30T07:45:00+05:30,Anuradhapura_NorthCentral,27.8,97.17167198343571,279.0,5.39,64.145894171241
2026-09-30T08:00:00+05:30,Anuradhapura_NorthCentral,28.2,97.97545864477286,337.0,5.45,60.46748792107831
2026-09-30T08:15:00+05:30,Anuradhapura_NorthCentral,28.6,98.8537893705186,394.0,5.52,56.796679691481394
2026-09-30T08:30:00+05:30,Anuradhapura_NorthCentral,29.1,99.82347731948988,449.0,5.56,53.13513113184632
2026-09-30T08:45:00+05:30,Anuradhapura_NorthCentral,29.6,100.90596254006812,501.0,5.6,49.48497953150634
2026-09-30T09:00:00+05:30,Anuradhapura_NorthCentral,30.1,102.12908825944834,551.0,5.58,45.84902491817101
2026-09-30T09:15:00+05:30,Anuradhapura_NorthCentral,30.5,103.52971895540293,599.0,5.57,42.23100952414514
2026-09-30T09:30:00+05:30,Anuradhapura_NorthCentral,31.0,105.1576899288525,641.0,5.59,38.6360450737262
2026-09-30T09:45:00+05:30,Anuradhapura_NorthCentral,31.3,107.08190891672757,678.0,5.6,35.071290131688556
2026-09-30T10:00:00+05:30,Anuradhapura_NorthCentral,31.6,109.4000141702279,714.0,5.6,31.547055088320143
2026-09-30T10:15:00+05:30,Anuradhapura_NorthCentral,31.9,112.25400799966485,750.0,5.63,28.078666974913574
2026-09-30T10:30:00+05:30,Anuradhapura_NorthCentral,32.1,115.85595146930336,785.0,5.63,24.689737116365876
2026-09-30T10:45:00+05:30,Anuradhapura_NorthCentral,32.3,120.53001206129863,818.0,5.63,21.41807945154602
2026-09-30T11:00:00+05:30,Anuradhapura_NorthCentral,32.5,126.77721159585718,847.0,5.7,18.32666879540885
2026-09-30T11:15:00+05:30,Anuradhapura_NorthCentral,32.6,135.351774975081,872.0,5.74,15.523624061704169
2026-09-30T11:30:00+05:30,Anuradhapura_NorthCentral,32.8,147.24173048279215,893.0,5.78,13.194084810070976
2026-09-30T11:45:00+05:30,Anuradhapura_NorthCentral,33.1,163.1546900263785,909.0,5.87,11.626293159691443
2026-09-30T12:00:00+05:30,Anuradhapura_NorthCentral,33.4,182.0615754023991,919.0,5.95,11.146478118988767
2026-09-30T12:15:00+05:30,Anuradhapura_NorthCentral,33.6,200.54202623784226,925.0,6.01,11.887134118033146
2026-09-30T12:30:00+05:30,Anuradhapura_NorthCentral,33.8,215.572425010673,927.0,6.01,13.651025745949354
2026-09-30T12:45:00+05:30,Anuradhapura_NorthCentral,33.9,226.64913929258796,923.0,5.95,16.10537507108846
2026-09-30T13:00:00+05:30,Anuradhapura_NorthCentral,33.9,234.63408923539322,909.0,5.82,18.984226818842217
2026-09-30T13:15:00+05:30,Anuradhapura_NorthCentral,33.9,240.4810150875604,879.0,5.78,22.122443700929537
2026-09-30T13:30:00+05:30,Anuradhapura_NorthCentral,33.8,244.88359569833273,833.0,5.74,25.42412989763261
2026-09-30T13:45:00+05:30,Anuradhapura_NorthCentral,33.6,248.29740259799848,779.0,5.79,28.833146922173228
2026-09-30T14:00:00+05:30,Anuradhapura_NorthCentral,33.5,251.0173361968105,728.0,5.93,32.315506143634934
2026-09-30T14:15:00+05:30,Anuradhapura_NorthCentral,33.3,253.23718206500766,689.0,6.03,35.849799617759096
2026-09-30T14:30:00+05:30,Anuradhapura_NorthCentral,33.0,255.08744277571367,658.0,6.06,39.42201724865508
2026-09-30T14:45:00+05:30,Anuradhapura_NorthCentral,32.8,256.65836780022164,629.0,6.02,43.022666888093255
2026-09-30T15:00:00+05:30,Anuradhapura_NorthCentral,32.5,258.01399677165364,596.0,5.92,46.64511569811416
2026-09-30T15:15:00+05:30,Anuradhapura_NorthCentral,32.2,259.20087513297057,554.0,5.81,50.284600413527464
2026-09-30T15:30:00+05:30,Anuradhapura_NorthCentral,32.0,260.2535895421963,507.0,5.65,53.93761769627175
2026-09-30T15:45:00+05:30,Anuradhapura_NorthCentral,31.7,261.19836909127105,458.0,5.45,57.60153474535146
2026-09-30T16:00:00+05:30,Anuradhapura_NorthCentral,31.5,262.0554850206298,405.0,5.23,61.27433395279472
2026-09-30T16:15:00+05:30,Anuradhapura_NorthCentral,31.3,262.84088694966175,349.0,4.98,64.95444250650492
2026-09-30T16:30:00+05:30,Anuradhapura_NorthCentral,31.1,263.56734246592043,292.0,4.79,68.64061391131717
2026-09-30T16:45:00+05:30,Anuradhapura_NorthCentral,30.9,264.2452478151922,236.0,4.7,72.33184448178213
2026-09-30T17:00:00+05:30,Anuradhapura_NorthCentral,30.8,264.88321688239944,181.0,4.67,76.02731473197215
2026-09-30T17:15:00+05:30,Anuradhapura_NorthCentral,30.6,265.48851783927853,129.0,4.64,79.72634524872787
2026-09-30T17:30:00+05:30,Anuradhapura_NorthCentral,30.5,266.067404599823,80.0,4.63,83.42836362051318
2026-09-30T17:45:00+05:30,Anuradhapura_NorthCentral,30.2,266.62537540135673,39.0,4.56,87.13288060221035
2026-09-30T18:00:00+05:30,Anuradhapura_NorthCentral,30.0,267.1673807313721,8.0,4.51,90.83947025885753
2026-09-30T18:15:00+05:30,Anuradhapura_NorthCentral,29.7,267.6979975487834,0.0,4.42,94.54775393940919
2026-09-30T18:30:00+05:30,Anuradhapura_NorthCentral,29.4,268.2215829509593,0.0,4.33,98.25738838303445
2026-09-30T18:45:00+05:30,Anuradhapura_NorthCentral,29.2,268.74241771505444,0.0,4.29,101.96805404280916
2026-09-30T19:00:00+05:30,Anuradhapura_NorthCentral,28.9,269.26485001855156,0.0,4.24,105.6794443418092
2026-09-30T19:15:00+05:30,Anuradhapura_NorthCentral,28.6,269.793450060428,0.0,4.21,109.39125664181181
2026-09-30T19:30:00+05:30,Anuradhapura_NorthCentral,28.4,270.3331874852618,0.0,4.14,113.10318119804845
2026-09-30T19:45:00+05:30,Anuradhapura_NorthCentral,28.1,270.88964770566173,0.0,4.06,116.81488872213752
2026-09-30T20:00:00+05:30,Anuradhapura_NorthCentral,27.9,271.4693094178955,0.0,3.98,120.52601692534436
2026-09-30T20:15:00+05:30,Anuradhapura_NorthCentral,27.7,272.0799152418961,0.0,3.91,124.23615145257793
2026-09-30T20:30:00+05:30,Anuradhapura_NorthCentral,27.6,272.73098518355465,0.0,3.89,127.94480031956319
2026-09-30T20:45:00+05:30,Anuradhapura_NorthCentral,27.5,273.43455171364496,0.0,3.91,131.6513595869124
2026-09-30T21:00:00+05:30,Anuradhapura_NorthCentral,27.4,274.2062449402357,0.0,3.95,135.3550611330375
2026-09-30T21:15:00+05:30,Anuradhapura_NorthCentral,27.3,275.06694759847016,0.0,3.97,139.0548935323665
2026-09-30T21:30:00+05:30,Anuradhapura_NorthCentral,27.2,276.0454088598559,0.0,3.89,142.74947888575852
2026-09-30T21:45:00+05:30,Anuradhapura_NorthCentral,27.0,277.1825353345514,0.0,3.75,146.43686791502762
2026-09-30T22:00:00+05:30,Anuradhapura_NorthCentral,26.9,278.53875842955983,0.0,3.51,150.114186698357
2026-09-30T22:15:00+05:30,Anuradhapura_NorthCentral,26.7,280.20736508666016,0.0,3.29,153.77699420982302
2026-09-30T22:30:00+05:30,Anuradhapura_NorthCentral,26.6,282.3401695838523,0.0,3.1,157.41802761154696
2026-09-30T22:45:00+05:30,Anuradhapura_NorthCentral,26.5,285.20080037121625,0.0,2.99,161.02454951210757
2026-09-30T23:00:00+05:30,Anuradhapura_NorthCentral,26.4,289.28568848724444,0.0,2.93,164.57213966209645
2026-09-30T23:15:00+05:30,Anuradhapura_NorthCentral,26.3,295.62817828768,0.0,2.91,168.00818117085197
2026-09-30T23:30:00+05:30,Anuradhapura_NorthCentral,26.2,306.6277514711777,0.0,2.86,171.20080789778478
2026-09-30T23:45:00+05:30,Anuradhapura_NorthCentral,26.1,327.93144242799747,0.0,2.82,173.76402690222682
2026-10-01T00:00:00+05:30,Anuradhapura_NorthCentral,26.0,4.752848979326416,0.0,2.77,174.6906146272622
2026-10-01T00:15:00+05:30,Anuradhapura_NorthCentral,25.9,38.49264538423023,0.0,2.72,173.2670682330723
2026-10-01T00:30:00+05:30,Anuradhapura_NorthCentral,25.9,56.68012561642104,0.0,2.71,170.49660404037098
2026-10-01T00:45:00+05:30,Anuradhapura_NorthCentral,25.8,66.25705911916606,0.0,2.75,167.22762060446678
2026-10-01T01:00:00+05:30,Anuradhapura_NorthCentral,25.8,71.93558826566073,0.0,2.83,163.7585043018188
2026-10-01T01:15:00+05:30,Anuradhapura_NorthCentral,25.8,75.67333589689599,0.0,2.96,160.1942633819656
2026-10-01T01:30:00+05:30,Anuradhapura_NorthCentral,25.8,78.33379040226384,0.0,3.09,156.5784164829908
2026-10-01T01:45:00+05:30,Anuradhapura_NorthCentral,25.7,80.34222492436714,0.0,3.26,152.93177659697793
2026-10-01T02:00:00+05:30,Anuradhapura_NorthCentral,25.7,81.9291403290141,0.0,3.48,149.26544972887766
2026-10-01T02:15:00+05:30,Anuradhapura_NorthCentral,25.6,83.22946022508995,0.0,3.66,145.5858823668904
2026-10-01T02:30:00+05:30,Anuradhapura_NorthCentral,25.6,84.3271964013179,0.0,3.74,141.89707382266764
2026-10-01T02:45:00+05:30,Anuradhapura_NorthCentral,25.5,85.27737171985575,0.0,3.64,138.201642826718
2026-10-01T03:00:00+05:30,Anuradhapura_NorthCentral,25.5,86.11758093944457,0.0,3.37,134.50138488552068
2026-10-01T03:15:00+05:30,Anuradhapura_NorthCentral,25.5,86.87446352932062,0.0,3.13,130.79758230912688
2026-10-01T03:30:00+05:30,Anuradhapura_NorthCentral,25.5,87.56751561197598,0.0,2.94,127.09118467878602
2026-10-01T03:45:00+05:30,Anuradhapura_NorthCentral,25.4,88.21143370679357,0.0,2.91,123.38292071741786
2026-10-01T04:00:00+05:30,Anuradhapura_NorthCentral,25.4,88.81761159417397,0.0,2.88,119.67336998574508
2026-10-01T04:15:00+05:30,Anuradhapura_NorthCentral,25.3,89.39512974143616,0.0,3.0,115.96300918441085
2026-10-01T04:30:00+05:30,Anuradhapura_NorthCentral,25.3,89.95143024546292,0.0,3.07,112.25224527297681
2026-10-01T04:45:00+05:30,Anuradhapura_NorthCentral,25.2,90.49279220896852,0.0,3.18,108.54143939336052
2026-10-01T05:00:00+05:30,Anuradhapura_NorthCentral,25.1,91.02467812171489,0.0,3.34,104.83092347796011
2026-10-01T05:15:00+05:30,Anuradhapura_NorthCentral,25.1,91.55199554815954,0.0,3.49,101.12101470065244
2026-10-01T05:30:00+05:30,Anuradhapura_NorthCentral,25.1,92.07930389146236,0.0,3.62,97.41202774851882
2026-10-01T05:45:00+05:30,Anuradhapura_NorthCentral,25.1,92.61098683026694,0.0,3.62,93.7042844901098
2026-10-01T06:00:00+05:30,Anuradhapura_NorthCentral,25.1,93.15140494583164,0.0,3.6,89.99812486304914
2026-10-01T06:15:00+05:30,Anuradhapura_NorthCentral,25.2,93.70504059430039,15.0,3.58,86.2939182440236
2026-10-01T06:30:00+05:30,Anuradhapura_NorthCentral,25.4,94.27664566236024,49.0,3.65,82.59207455335077
2026-10-01T06:45:00+05:30,Anuradhapura_NorthCentral,25.7,94.87140207161423,91.0,3.87,78.89305892044472
2026-10-01T07:00:00+05:30,Anuradhapura_NorthCentral,26.1,95.4951066426301,141.0,4.16,75.19740944929005
2026-10-01T07:15:00+05:30,Anuradhapura_NorthCentral,26.5,96.15439448149493,192.0,4.48,71.50575795145168
2026-10-01T07:30:00+05:30,Anuradhapura_NorthCentral,27.0,96.85701859019719,245.0,4.63,67.8188584830367
2026-10-01T07:45:00+05:30,Anuradhapura_NorthCentral,27.4,97.61221086735111,297.0,4.6,64.13762481701109
2026-10-01T08:00:00+05:30,Anuradhapura_NorthCentral,27.9,98.43116034332957,349.0,4.47,60.46317920721691
2026-10-01T08:15:00+05:30,Anuradhapura_NorthCentral,28.3,99.32766007896055,400.0,4.23,56.79692110232648
2026-10-01T08:30:00+05:30,Anuradhapura_NorthCentral,28.8,100.31900084303862,447.0,4.04,53.140622998811295
2026-10-01T08:45:00+05:30,Anuradhapura_NorthCentral,29.2,101.42723132380308,490.0,3.86,49.49656548584866
2026-10-01T09:00:00+05:30,Anuradhapura_NorthCentral,29.7,102.68097094699806,532.0,3.64,45.867736025066
2026-10-01T09:15:00+05:30,Anuradhapura_NorthCentral,30.2,104.11807421884475,576.0,3.41,42.25812536247889
2026-10-01T09:30:00+05:30,Anuradhapura_NorthCentral,30.6,105.78963489535465,621.0,3.17,38.67317976215724
2026-10-01T09:45:00+05:30,Anuradhapura_NorthCentral,31.0,107.76614050263424,665.0,2.93,35.12051550543786
2026-10-01T10:00:00+05:30,Anuradhapura_NorthCentral,31.3,110.14714638807493,706.0,2.67,31.611079520805013
2026-10-01T10:15:00+05:30,Anuradhapura_NorthCentral,31.6,113.07678117525296,741.0,2.42,28.161096673528142
2026-10-01T10:30:00+05:30,Anuradhapura_NorthCentral,31.9,116.7688594558706,772.0,2.2,24.795453456504006
2026-10-01T10:45:00+05:30,Anuradhapura_NorthCentral,32.2,121.54702005971677,798.0,2.06,21.55375194883601
2026-10-01T11:00:00+05:30,Anuradhapura_NorthCentral,32.5,127.90388663955332,818.0,1.96,18.501310720367982
2026-10-01T11:15:00+05:30,Anuradhapura_NorthCentral,32.8,136.5627786225632,831.0,1.89,15.748617477103267
2026-10-01T11:30:00+05:30,Anuradhapura_NorthCentral,33.1,148.42935472956458,835.0,1.79,13.480609727318452
2026-10-01T11:45:00+05:30,Anuradhapura_NorthCentral,33.3,164.0680823251589,833.0,1.65,11.975935743346241
2026-10-01T12:00:00+05:30,Anuradhapura_NorthCentral,33.6,182.40006594091054,829.0,1.55,11.537247586036841
2026-10-01T12:15:00+05:30,Anuradhapura_NorthCentral,33.8,200.26756263042182,827.0,1.42,12.27933891564686
2026-10-01T12:30:00+05:30,Anuradhapura_NorthCentral,34.0,214.9245258491352,830.0,1.35,14.0158885225203
2026-10-01T12:45:00+05:30,Anuradhapura_NorthCentral,34.1,225.86128926710344,830.0,1.37,16.434612637039265
2026-10-01T13:00:00+05:30,Anuradhapura_NorthCentral,34.2,233.8304961772434,820.0,1.53,19.280440929440317
2026-10-01T13:15:00+05:30,Anuradhapura_NorthCentral,34.2,239.711559481775,792.0,1.59,22.39108463876549
2026-10-01T13:30:00+05:30,Anuradhapura_NorthCentral,34.2,244.16351364276875,749.0,1.6,25.670425620578925
2026-10-01T13:45:00+05:30,Anuradhapura_NorthCentral,34.3,247.62791161015983,698.0,1.39,29.061378092090365
2026-10-01T14:00:00+05:30,Anuradhapura_NorthCentral,34.4,250.39455600081152,644.0,1.14,32.52902065714618
2026-10-01T14:15:00+05:30,Anuradhapura_NorthCentral,34.3,252.6557607378422,594.0,1.12,36.05119250999953
2026-10-01T14:30:00+05:30,Anuradhapura_NorthCentral,33.9,254.54196695537883,547.0,1.48,39.613310533072585
2026-10-01T14:45:00+05:30,Anuradhapura_NorthCentral,32.8,256.1438636010958,500.0,2.3,43.205453258821144
2026-10-01T15:00:00+05:30,Anuradhapura_NorthCentral,31.2,257.52606230630215,448.0,3.5,46.820665957649865
2026-10-01T15:15:00+05:30,Anuradhapura_NorthCentral,29.6,258.7356690190726,392.0,4.54,50.453942203880125
2026-10-01T15:30:00+05:30,Anuradhapura_NorthCentral,28.3,259.8077687396382,327.0,4.81,54.10159311835332
2026-10-01T15:45:00+05:30,Anuradhapura_NorthCentral,27.5,260.7690144049385,266.0,4.03,57.76084282860034
2026-10-01T16:00:00+05:30,Anuradhapura_NorthCentral,26.9,261.6400292592782,216.0,2.54,61.42956229199592
2026-10-01T16:15:00+05:30,Anuradhapura_NorthCentral,26.4,262.4370508053006,182.0,1.1,65.10609113556092
2026-10-01T16:30:00+05:30,Anuradhapura_NorthCentral,26.0,263.17307901307214,164.0,0.96,68.78911357106031
2026-10-01T16:45:00+05:30,Anuradhapura_NorthCentral,25.6,263.85869490385073,146.0,1.36,72.47757080838299
2026-10-01T17:00:00+05:30,Anuradhapura_NorthCentral,25.4,264.50265614584305,122.0,1.65,76.17059945168948
2026-10-01T17:15:00+05:30,Anuradhapura_NorthCentral,25.3,265.11233892669907,87.0,1.95,79.86748517356642
2026-10-01T17:30:00+05:30,Anuradhapura_NorthCentral,25.2,265.6940733070649,50.0,2.14,83.5676280171502
2026-10-01T17:45:00+05:30,Anuradhapura_NorthCentral,25.1,266.25340447502833,21.0,2.12,87.27051737904485
2026-10-01T18:00:00+05:30,Anuradhapura_NorthCentral,25.1,266.79530219615464,3.0,1.98,90.97571130034865
2026-10-01T18:15:00+05:30,Anuradhapura_NorthCentral,25.1,267.32433545063634,0.0,1.73,94.68281986674731
2026-10-01T18:30:00+05:30,Anuradhapura_NorthCentral,25.1,267.8448253823354,0.0,1.5,98.39149296919591
2026-10-01T18:45:00+05:30,Anuradhapura_NorthCentral,25.1,268.3609868905997,0.0,1.26,102.10140849375034
2026-10-01T19:00:00+05:30,Anuradhapura_NorthCentral,25.2,268.8770689783098,0.0,1.01,105.81226165191407
2026-10-01T19:15:00+05:30,Anuradhapura_NorthCentral,25.2,269.3975042567671,0.0,0.86,109.52375624882727
2026-10-01T19:30:00+05:30,Anuradhapura_NorthCentral,25.2,269.92707902320814,0.0,0.78,113.23559419908808
2026-10-01T19:45:00+05:30,Anuradhapura_NorthCentral,25.1,270.47113927111235,0.0,0.81,116.94746399060452
2026-10-01T20:00:00+05:30,Anuradhapura_NorthCentral,25.0,271.03585381679454,0.0,0.95,120.65902856381757
2026-10-01T20:15:00+05:30,Anuradhapura_NorthCentral,24.9,271.62856482366635,0.0,1.15,124.36990820949805
2026-10-01T20:30:00+05:30,Anuradhapura_NorthCentral,24.8,272.2582728899918,0.0,1.31,128.07965786610342
2026-10-01T20:45:00+05:30,Anuradhapura_NorthCentral,24.7,272.93633157323586,0.0,1.4,131.78773700216254
2026-10-01T21:00:00+05:30,Anuradhapura_NorthCentral,24.7,273.67747368191647,0.0,1.58,135.49346367901626
2026-10-01T21:15:00+05:30,Anuradhapura_NorthCentral,24.7,274.50137917934717,0.0,1.69,139.19594503714583
2026-10-01T21:30:00+05:30,Anuradhapura_NorthCentral,24.7,275.43515758658,0.0,1.68,142.89396922111428
2026-10-01T21:45:00+05:30,Anuradhapura_NorthCentral,24.7,276.51743676900634,0.0,1.46,146.58582496090804
2026-10-01T22:00:00+05:30,Anuradhapura_NorthCentral,24.7,277.80541393000294,0.0,1.08,150.26898958374485
2026-10-01T22:15:00+05:30,Anuradhapura_NorthCentral,24.6,279.38768906418113,0.0,0.7,153.93955928724034
2026-10-01T22:30:00+05:30,Anuradhapura_NorthCentral,24.6,281.40918039858184,0.0,0.52,157.59112914824073
2026-10-01T22:45:00+05:30,Anuradhapura_NorthCentral,24.6,284.1234504461375,0.0,0.45,161.21240364391267
2026-10-01T23:00:00+05:30,Anuradhapura_NorthCentral,24.5,288.0136700384097,0.0,0.52,164.78152717254295
2026-10-01T23:15:00+05:30,Anuradhapura_NorthCentral,24.5,294.10599357223,0.0,0.72,168.2506601800335
2026-10-01T23:30:00+05:30,Anuradhapura_NorthCentral,24.5,304.87493145717644,0.0,0.82,171.4963107580419
2026-10-01T23:45:00+05:30,Anuradhapura_NorthCentral,24.5,326.6094107093372,0.0,0.81,174.13471407134972
2026-10-02T00:00:00+05:30,Anuradhapura_NorthCentral,24.5,6.061569945802717,0.0,0.84,175.0690058503854
2026-10-02T00:15:00+05:30,Anuradhapura_NorthCentral,24.5,41.174297880834615,0.0,0.85,173.51524624575467
2026-10-02T00:30:00+05:30,Anuradhapura_NorthCentral,24.5,58.93295589910764,0.0,0.9,170.63985870618893
2026-10-02T00:45:00+05:30,Anuradhapura_NorthCentral,24.5,68.01299796284047,0.0,0.85,167.31170721251823
2026-10-02T01:00:00+05:30,Anuradhapura_NorthCentral,24.4,73.34240880246648,0.0,0.79,163.8077256774738
2026-10-02T01:15:00+05:30,Anuradhapura_NorthCentral,24.4,76.83994536189073,0.0,0.79,160.22127483240536
2026-10-02T01:30:00+05:30,Anuradhapura_NorthCentral,24.4,79.32966436740242,0.0,0.81,156.59036857849134
2026-10-02T01:45:00+05:30,Anuradhapura_NorthCentral,24.4,81.21231644786434,0.0,0.78,152.93304109472712
2026-10-02T02:00:00+05:30,Anuradhapura_NorthCentral,24.4,82.70366241779652,0.0,0.72,149.25887850281583
2026-10-02T02:15:00+05:30,Anuradhapura_NorthCentral,24.4,83.92952230533808,0.0,0.72,145.57343617104402
2026-10-02T02:30:00+05:30,Anuradhapura_NorthCentral,24.4,84.96807156170058,0.0,0.76,141.88016035756465
2026-10-02T02:45:00+05:30,Anuradhapura_NorthCentral,24.4,85.87045372330624,0.0,0.82,138.1813103653563
2026-10-02T03:00:00+05:30,Anuradhapura_NorthCentral,24.4,86.67160079875453,0.0,0.96,134.47843925183207
2026-10-02T03:15:00+05:30,Anuradhapura_NorthCentral,24.4,87.3962731619983,0.0,1.14,130.77266083344605
2026-10-02T03:30:00+05:30,Anuradhapura_NorthCentral,24.4,88.06260930963015,0.0,1.24,127.06480482222503
2026-10-02T03:45:00+05:30,Anuradhapura_NorthCentral,24.4,88.68430552914094,0.0,1.21,123.35551317255775
2026-10-02T04:00:00+05:30,Anuradhapura_NorthCentral,24.4,89.27200698679457,0.0,1.08,119.64530194330715
2026-10-02T04:15:00+05:30,Anuradhapura_NorthCentral,24.4,89.83422715783098,0.0,0.96,115.93460118378859
2026-10-02T04:30:00+05:30,Anuradhapura_NorthCentral,24.4,90.3779754136342,0.0,0.92,112.22378378314866
2026-10-02T04:45:00+05:30,Anuradhapura_NorthCentral,24.4,90.90919975812574,0.0,0.97,108.51318650720495
2026-10-02T05:00:00+05:30,Anuradhapura_NorthCentral,24.4,91.43311039575082,0.0,1.06,104.80312464425894
2026-10-02T05:15:00+05:30,Anuradhapura_NorthCentral,24.4,91.95442535542657,0.0,1.17,101.09390513675544
2026-10-02T05:30:00+05:30,Anuradhapura_NorthCentral,24.4,92.47756594935385,0.0,1.28,97.38583799161356
2026-10-02T05:45:00+05:30,Anuradhapura_NorthCentral,24.4,93.00682137187249,0.0,1.41,93.67924544150218
2026-10-02T06:00:00+05:30,Anuradhapura_NorthCentral,24.4,93.54649612207447,0.0,1.59,89.97447261310268
2026-10-02T06:15:00+05:30,Anuradhapura_NorthCentral,24.5,94.10105176859878,16.0,1.72,86.27189892462256
2026-10-02T06:30:00+05:30,Anuradhapura_NorthCentral,24.7,94.67525337903197,51.0,1.83,82.57194946579236
2026-10-02T06:45:00+05:30,Anuradhapura_NorthCentral,24.9,95.27433033145638,95.0,1.9,78.87511018972872
2026-10-02T07:00:00+05:30,Anuradhapura_NorthCentral,25.3,95.90416310572346,146.0,1.91,75.1819465023003
2026-10-02T07:15:00+05:30,Anuradhapura_NorthCentral,25.7,96.57151034286119,200.0,1.88,71.49312517895474
2026-10-02T07:30:00+05:30,Anuradhapura_NorthCentral,26.1,97.2842941316494,258.0,1.87,67.80944453757282
2026-10-02T07:45:00+05:30,Anuradhapura_NorthCentral,26.6,98.05196910332859,319.0,1.79,64.13187416539347
2026-10-02T08:00:00+05:30,Anuradhapura_NorthCentral,27.1,98.88601179184252,381.0,1.7,60.46160676402563
2026-10-02T08:15:00+05:30,Anuradhapura_NorthCentral,27.5,99.80058250442113,441.0,1.61,56.8001311068
2026-10-02T08:30:00+05:30,Anuradhapura_NorthCentral,28.0,100.81343888327638,497.0,1.5,53.14933378414246
2026-10-02T08:45:00+05:30,Anuradhapura_NorthCentral,28.4,101.947222172816,548.0,1.35,49.51164252924101
2026-10-02T09:00:00+05:30,Anuradhapura_NorthCentral,28.7,103.23130341732502,596.0,1.2,45.89023678125585
2026-10-02T09:15:00+05:30,Anuradhapura_NorthCentral,29.1,104.70448872583853,637.0,1.01,42.28936109964726
2026-10-02T09:30:00+05:30,Anuradhapura_NorthCentral,29.4,106.41906872572349,668.0,0.87,38.71480223485145
2026-10-02T09:45:00+05:30,Anuradhapura_NorthCentral,29.7,108.44700936614913,693.0,0.76,35.17464026057019
2026-10-02T10:00:00+05:30,Anuradhapura_NorthCentral,29.9,110.88961168746602,718.0,0.7,31.680463259119534
2026-10-02T10:15:00+05:30,Anuradhapura_NorthCentral,30.2,113.89283371229845,753.0,0.62,28.249392882401644
2026-10-02T10:30:00+05:30,Anuradhapura_NorthCentral,30.4,117.6717220466818,799.0,0.6,24.90757351490494
2026-10-02T10:45:00+05:30,Anuradhapura_NorthCentral,30.7,122.54848514571574,847.0,0.58,21.696336177873803
2026-10-02T11:00:00+05:30,Anuradhapura_NorthCentral,31.1,129.00594428130955,887.0,0.51,18.683183535352967
2026-10-02T11:15:00+05:30,Anuradhapura_NorthCentral,31.4,137.73518359619783,906.0,0.4,15.980603646748818
2026-10-02T11:30:00+05:30,Anuradhapura_NorthCentral,31.6,149.5620684907908,906.0,0.36,13.772696093773774
2026-10-02T11:45:00+05:30,Anuradhapura_NorthCentral,31.8,164.9235458357266,895.0,0.28,12.328200048773226
2026-10-02T12:00:00+05:30,Anuradhapura_NorthCentral,32.0,182.7103566008944,882.0,0.27,11.927792305990408
2026-10-02T12:15:00+05:30,Anuradhapura_NorthCentral,32.1,200.00495870245504,879.0,0.25,12.670850103189863
2026-10-02T12:30:00+05:30,Anuradhapura_NorthCentral,32.2,214.30568328165666,887.0,0.3,14.381202573066432
2026-10-02T12:45:00+05:30,Anuradhapura_NorthCentral,32.2,225.1016840275289,893.0,0.35,16.765362772426357
2026-10-02T13:00:00+05:30,Anuradhapura_NorthCentral,32.2,233.0492766953904,882.0,0.45,19.578683422590572
2026-10-02T13:15:00+05:30,Anuradhapura_NorthCentral,32.2,238.9588850746061,840.0,0.5,22.661867530231262
2026-10-02T13:30:00+05:30,Anuradhapura_NorthCentral,32.2,243.45596273546,762.0,0.61,25.918760286716164
2026-10-02T13:45:00+05:30,Anuradhapura_NorthCentral,32.4,246.96790094531457,673.0,0.75,29.29144455180552
2026-10-02T14:00:00+05:30,Anuradhapura_NorthCentral,32.7,249.77908043031613,601.0,0.95,32.74412716703118
2026-10-02T14:15:00+05:30,Anuradhapura_NorthCentral,32.8,252.08007436459155,569.0,1.08,36.253924445936484
2026-10-02T14:30:00+05:30,Anuradhapura_NorthCentral,32.6,254.00107297954182,576.0,1.0,39.8056942185568
2026-10-02T14:45:00+05:30,Anuradhapura_NorthCentral,31.7,255.6330770845418,590.0,1.44,43.38909164498536
2026-10-02T15:00:00+05:30,Anuradhapura_NorthCentral,30.4,257.0411848605995,579.0,3.13,46.99684208324593
2026-10-02T15:15:00+05:30,Anuradhapura_NorthCentral,29.1,258.2730050275492,522.0,4.85,50.62369600345604
2026-10-02T15:30:00+05:30,Anuradhapura_NorthCentral,28.1,259.3640813215409,431.0,5.56,54.26577814899854
2026-10-02T15:45:00+05:30,Anuradhapura_NorthCentral,27.5,260.3414628652842,333.0,4.72,57.92016835649551
2026-10-02T16:00:00+05:30,Anuradhapura_NorthCentral,27.1,261.2261052276914,247.0,2.92,61.58462480860223
2026-10-02T16:15:00+05:30,Anuradhapura_NorthCentral,26.9,262.0345195220398,187.0,1.13,65.2573982298979
2026-10-02T16:30:00+05:30,Anuradhapura_NorthCentral,26.6,262.77992754475116,143.0,0.96,68.93710224940999
2026-10-02T16:45:00+05:30,Anuradhapura_NorthCentral,26.3,263.4730871227104,107.0,1.06,72.62262175092825
2026-10-02T17:00:00+05:30,Anuradhapura_NorthCentral,25.9,264.1228935541762,77.0,0.78,76.31304827562819
2026-10-02T17:15:00+05:30,Anuradhapura_NorthCentral,25.6,264.73682616902727,51.0,0.61,80.00763148208563
2026-10-02T17:30:00+05:30,Anuradhapura_NorthCentral,25.4,265.32128719791274,29.0,0.76,83.70574281143224
2026-10-02T17:45:00+05:30,Anuradhapura_NorthCentral,25.2,265.8818654147619,13.0,0.98,87.40684926113535
2026-10-02T18:00:00+05:30,Anuradhapura_NorthCentral,25.1,266.42354689109914,2.0,1.33,91.110491808418
2026-10-02T18:15:00+05:30,Anuradhapura_NorthCentral,25.0,266.9508898668635,0.0,1.71,94.81626821024363
2026-10-02T18:30:00+05:30,Anuradhapura_NorthCentral,24.9,267.46817681829367,0.0,2.0,98.52382039229066
2026-10-02T18:45:00+05:30,Anuradhapura_NorthCentral,24.7,267.97955393845166,0.0,2.16,102.23282247495219
2026-10-02T19:00:00+05:30,Anuradhapura_NorthCentral,24.6,268.4891679345668,0.0,2.34,105.94297014009332
2026-10-02T19:15:00+05:30,Anuradhapura_NorthCentral,24.4,269.0013102019989,0.0,2.45,109.65397215655642
2026-10-02T19:30:00+05:30,Anuradhapura_NorthCentral,24.3,269.5205792761436,0.0,2.47,113.36554040513052
2026-10-02T19:45:00+05:30,Anuradhapura_NorthCentral,24.2,270.05207614412353,0.0,2.39,117.07737916425059
2026-10-02T20:00:00+05:30,Anuradhapura_NorthCentral,24.2,270.60165242909153,0.0,2.25,120.78917424284126
2026-10-02T20:15:00+05:30,Anuradhapura_NorthCentral,24.1,271.1762399699289,0.0,2.07,124.50057771515618
2026-10-02T20:30:00+05:30,Anuradhapura_NorthCentral,24.1,271.7843062575064,0.0,1.89,128.21118791418652
2026-10-02T20:45:00+05:30,Anuradhapura_NorthCentral,24.0,272.4365063702372,0.0,1.68,131.92052329519572
2026-10-02T21:00:00+05:30,Anuradhapura_NorthCentral,24.0,273.1466470351777,0.0,1.61,135.62798246874064
2026-10-02T21:15:00+05:30,Anuradhapura_NorthCentral,24.0,273.93316172342395,0.0,1.81,139.33278385405546
2026-10-02T21:30:00+05:30,Anuradhapura_NorthCentral,23.9,274.8214514543632,0.0,2.04,143.03387205738332
2026-10-02T21:45:00+05:30,Anuradhapura_NorthCentral,23.9,275.84775234388616,0.0,2.15,146.72976105016485
2026-10-02T22:00:00+05:30,Anuradhapura_NorthCentral,23.8,277.0658327326331,0.0,2.2,150.41826225359975
2026-10-02T22:15:00+05:30,Anuradhapura_NorthCentral,23.7,278.5592505775113,0.0,2.22,154.09598613488663
2026-10-02T22:30:00+05:30,Anuradhapura_NorthCentral,23.6,280.46533438992554,0.0,2.24,157.75735622316012
2026-10-02T22:45:00+05:30,Anuradhapura_NorthCentral,23.6,283.026110586642,0.0,2.21,161.39248724172347
2026-10-02T23:00:00+05:30,Anuradhapura_NorthCentral,23.6,286.70807171830995,0.0,2.15,164.98208371594393
2026-10-02T23:15:00+05:30,Anuradhapura_NorthCentral,23.6,292.5215735402474,0.0,2.05,168.48325475462093
2026-10-02T23:30:00+05:30,Anuradhapura_NorthCentral,23.6,302.99673016810664,0.0,1.95,171.7819512231643
2026-10-02T23:45:00+05:30,Anuradhapura_NorthCentral,23.6,325.10215412184925,0.0,1.87,174.5006282137042
2026-10-03T00:00:00+05:30,Anuradhapura_NorthCentral,23.7,7.56815075731555,0.0,1.87,175.44402133685932
2026-10-03T00:15:00+05:30,Anuradhapura_NorthCentral,23.7,44.04875713740944,0.0,1.89,173.74877747047586
2026-10-03T00:30:00+05:30,Anuradhapura_NorthCentral,23.7,61.24417178217226,0.0,1.92,170.76938833116603
2026-10-03T00:45:00+05:30,Anuradhapura_NorthCentral,23.7,69.78557540621239,0.0,1.78,167.38519083116967
2026-10-03T01:00:00+05:30,Anuradhapura_NorthCentral,23.7,74.75333968142434,0.0,1.57,163.84879884443183
2026-10-03T01:15:00+05:30,Anuradhapura_NorthCentral,23.7,78.00652041331233,0.0,1.38,160.24190538833955
2026-10-03T01:30:00+05:30,Anuradhapura_NorthCentral,23.6,80.32407376866803,0.0,1.27,156.59723566244213
2026-10-03T01:45:00+05:30,Anuradhapura_NorthCentral,23.6,82.08049039354506,0.0,1.22,152.93020362892793
2026-10-03T02:00:00+05:30,Anuradhapura_NorthCentral,23.6,83.47618887165726,0.0,1.18,149.24897624633041
2026-10-03T02:15:00+05:30,Anuradhapura_NorthCentral,23.6,84.62765621794506,0.0,1.14,145.55828156756417
2026-10-03T02:30:00+05:30,Anuradhapura_NorthCentral,23.6,85.60713826427889,0.0,1.11,141.86105429024695
2026-10-03T02:45:00+05:30,Anuradhapura_NorthCentral,23.6,86.46185993686566,0.0,1.09,138.15922214444768
2026-10-03T03:00:00+05:30,Anuradhapura_NorthCentral,23.5,87.22407396133474,0.0,1.08,134.45411502511547
2026-10-03T03:15:00+05:30,Anuradhapura_NorthCentral,23.5,87.91665506308817,0.0,1.02,130.74669199524845
2026-10-03T03:30:00+05:30,Anuradhapura_NorthCentral,23.5,88.55638201773132,0.0,1.01,127.03767294906368
2026-10-03T03:45:00+05:30,Anuradhapura_NorthCentral,23.5,89.15595075676458,0.0,0.96,123.3276206050458
2026-10-03T04:00:00+05:30,Anuradhapura_NorthCentral,23.5,89.7252585276023,0.0,0.87,119.61699328955467
2026-10-03T04:15:00+05:30,Anuradhapura_NorthCentral,23.5,90.27225278586337,0.0,0.82,115.90617891747328
2026-10-03T04:30:00+05:30,Anuradhapura_NorthCentral,23.5,90.80351117327814,0.0,0.79,112.19551991767412
2026-10-03T04:45:00+05:30,Anuradhapura_NorthCentral,23.5,91.32465149711675,0.0,0.79,108.48533162843265
2026-10-03T05:00:00+05:30,Anuradhapura_NorthCentral,23.4,91.84063243345474,0.0,0.79,104.775915153949
2026-10-03T05:15:00+05:30,Anuradhapura_NorthCentral,23.4,92.35598306522144,0.0,0.84,101.06756930355124
2026-10-03T05:30:00+05:30,Anuradhapura_NorthCentral,23.5,92.87498702369794,0.0,0.85,97.36060124268329
2026-10-03T05:45:00+05:30,Anuradhapura_NorthCentral,23.6,93.40183923910007,0.0,0.87,93.65533522138477
2026-10-03T06:00:00+05:30,Anuradhapura_NorthCentral,23.8,93.94078814295358,0.0,0.89,89.95212308312931
2026-10-03T06:15:00+05:30,Anuradhapura_NorthCentral,24.1,94.49627429849613,15.0,0.96,86.25135574467699
2026-10-03T06:30:00+05:30,Anuradhapura_NorthCentral,24.4,95.0730754622528,52.0,1.01,82.55347489359963
2026-10-03T06:45:00+05:30,Anuradhapura_NorthCentral,24.7,95.67646763654875,100.0,1.07,78.85898875758467
2026-10-03T07:00:00+05:30,Anuradhapura_NorthCentral,25.0,96.31241369093829,157.0,1.17,75.16849155607447
2026-10-03T07:15:00+05:30,Anuradhapura_NorthCentral,25.3,96.98779394862459,215.0,1.27,71.48268664551352
2026-10-03T07:30:00+05:30,Anuradhapura_NorthCentral,25.6,97.71069692979682,271.0,1.34,67.80241838553489
2026-10-03T07:45:00+05:30,Anuradhapura_NorthCentral,25.9,98.4907962128733,323.0,1.42,64.12871417114903
2026-10-03T08:00:00+05:30,Anuradhapura_NorthCentral,26.3,99.33985041871546,376.0,1.45,60.462839427407395
2026-10-03T08:15:00+05:30,Anuradhapura_NorthCentral,26.6,100.27237927797398,432.0,1.49,56.806374884816236
2026-10-03T08:30:00+05:30,Anuradhapura_NorthCentral,27.0,101.30659585466424,490.0,1.53,53.16132430002517
2026-10-03T08:45:00+05:30,Anuradhapura_NorthCentral,27.4,102.46571690085966,548.0,1.5,49.53026614794639
2026-10-03T09:00:00+05:30,Anuradhapura_NorthCentral,27.8,103.77983919487104,603.0,1.47,45.916576032481146
2026-10-03T09:15:00+05:30,Anuradhapura_NorthCentral,28.2,105.28868027292071,651.0,1.4,42.32475708936788
2026-10-03T09:30:00+05:30,Anuradhapura_NorthCentral,28.6,107.04566375183572,690.0,1.37,38.76094169530653
2026-10-03T09:45:00+05:30,Anuradhapura_NorthCentral,29.0,109.12412983045243,723.0,1.3,35.23367852625021
2026-10-03T10:00:00+05:30,Anuradhapura_NorthCentral,29.5,111.62695108796498,751.0,1.25,31.75519941869512
2026-10-03T10:15:00+05:30,Anuradhapura_NorthCentral,29.9,114.70161770433236,776.0,1.19,28.343518519160398
2026-10-03T10:30:00+05:30,Anuradhapura_NorthCentral,30.2,118.56389694485512,795.0,1.16,25.02601566757569
2026-10-03T10:45:00+05:30,Anuradhapura_NorthCentral,30.5,123.53371087777572,808.0,1.14,21.845684065550586
2026-10-03T11:00:00+05:30,Anuradhapura_NorthCentral,30.8,130.08282490051965,818.0,1.14,18.872042915607736
2026-10-03T11:15:00+05:30,Anuradhapura_NorthCentral,30.9,138.8691490032652,826.0,1.17,16.219217716492608
2026-10-03T11:30:00+05:30,Anuradhapura_NorthCentral,31.0,150.6418698104428,832.0,1.26,14.06989559622501
2026-10-03T11:45:00+05:30,Anuradhapura_NorthCentral,30.9,165.72503484475908,835.0,1.46,12.68272441881011
2026-10-03T12:00:00+05:30,Anuradhapura_NorthCentral,30.7,182.9947090904392,831.0,1.71,12.31795536147962
2026-10-03T12:15:00+05:30,Anuradhapura_NorthCentral,30.5,199.75282688260452,818.0,1.95,13.061532939478539
2026-10-03T12:30:00+05:30,Anuradhapura_NorthCentral,30.2,213.71360365821153,796.0,2.26,14.746734219738158
2026-10-03T12:45:00+05:30,Anuradhapura_NorthCentral,29.8,224.36873624979194,769.0,2.61,17.097343113176535
2026-10-03T13:00:00+05:30,Anuradhapura_NorthCentral,29.4,232.2895619769358,737.0,2.96,19.878676827087446
2026-10-03T13:15:00+05:30,Anuradhapura_NorthCentral,28.9,238.22255607879487,703.0,3.32,22.93453888183396
2026-10-03T13:30:00+05:30,Anuradhapura_NorthCentral,28.5,242.76073874366872,667.0,3.63,26.168905972907034
2026-10-03T13:45:00+05:30,Anuradhapura_NorthCentral,28.1,246.317288080448,627.0,3.83,29.523140261489665
2026-10-03T14:00:00+05:30,Anuradhapura_NorthCentral,27.7,249.17089197686389,582.0,4.05,32.96063716233081
2026-10-03T14:15:00+05:30,Anuradhapura_NorthCentral,27.3,251.51014108132705,530.0,4.11,36.457820712578844
2026-10-03T14:30:00+05:30,Anuradhapura_NorthCentral,27.0,253.4647990694946,469.0,4.14,39.99900447243412
2026-10-03T14:45:00+05:30,Anuradhapura_NorthCentral,26.7,255.12605809139572,407.0,4.02,43.573426872611186
2026-10-03T15:00:00+05:30,Anuradhapura_NorthCentral,26.5,256.5594211798097,352.0,3.78,47.173495879668494
2026-10-03T15:15:00+05:30,Anuradhapura_NorthCentral,26.2,257.8129441371017,309.0,3.49,50.793719315604434
2026-10-03T15:30:00+05:30,Anuradhapura_NorthCentral,26.0,258.9225909787067,275.0,3.2,54.43003500046242
2026-10-03T15:45:00+05:30,Anuradhapura_NorthCentral,25.8,259.9157800228787,245.0,2.9,58.07937747879335
2026-10-03T16:00:00+05:30,Anuradhapura_NorthCentral,25.6,260.8137798841154,216.0,2.58,61.73939097772828
2026-10-03T16:15:00+05:30,Anuradhapura_NorthCentral,25.4,261.6333612619828,185.0,2.36,65.40823609701758
2026-10-03T16:30:00+05:30,Anuradhapura_NorthCentral,25.2,262.3879573833248,157.0,2.28,69.08445468316233
2026-10-03T16:45:00+05:30,Anuradhapura_NorthCentral,25.0,263.08849501941904,128.0,2.27,72.76687413906865
2026-10-03T17:00:00+05:30,Anuradhapura_NorthCentral,24.9,263.7440010245045,100.0,2.35,76.45453984133034
2026-10-03T17:15:00+05:30,Anuradhapura_NorthCentral,24.7,264.3620530600061,71.0,2.45,80.1466643746582
2026-10-03T17:30:00+05:30,Anuradhapura_NorthCentral,24.6,264.9491216042943,43.0,2.53,83.84258954664425
2026-10-03T17:45:00+05:30,Anuradhapura_NorthCentral,24.4,265.51083570583495,20.0,2.55,87.54175893743967
2026-10-03T18:00:00+05:30,Anuradhapura_NorthCentral,24.3,266.0521948259488,3.0,2.48,91.2436954333229
2026-10-03T18:15:00+05:30,Anuradhapura_NorthCentral,24.2,266.577743765784,0.0,2.4,94.94798340458168
2026-10-03T18:30:00+05:30,Anuradhapura_NorthCentral,24.1,267.0917236936528,0.0,2.3,98.65425569466953
2026-10-03T18:45:00+05:30,Anuradhapura_NorthCentral,24.0,267.5982093572251,0.0,2.17,102.3621814534456
2026-10-03T19:00:00+05:30,Anuradhapura_NorthCentral,23.9,268.1012421581098,0.0,1.95,106.07145550544664
2026-10-03T19:15:00+05:30,Anuradhapura_NorthCentral,23.8,268.60496878680607,0.0,1.77,109.78179008289881
2026-10-03T19:30:00+05:30,Anuradhapura_NorthCentral,23.8,269.1137957794981,0.0,1.6,113.49290530371135
2026-10-03T19:45:00+05:30,Anuradhapura_NorthCentral,23.7,269.63257376054526,0.0,1.44,117.2045192111267
2026-10-03T20:00:00+05:30,Anuradhapura_NorthCentral,23.7,270.16683014815914,0.0,1.36,120.91633805595201
2026-10-03T20:15:00+05:30,Anuradhapura_NorthCentral,23.6,270.7230769900551,0.0,1.25,124.62804274330077
2026-10-03T20:30:00+05:30,Anuradhapura_NorthCentral,23.6,271.30923551115893,0.0,1.17,128.33927134176267
2026-10-03T20:45:00+05:30,Anuradhapura_NorthCentral,23.6,271.9352434865179,0.0,1.11,132.0495966832412
2026-10-03T21:00:00+05:30,Anuradhapura_NorthCentral,23.6,272.61395381100533,0.0,1.01,135.75849201936552
2026-10-03T21:15:00+05:30,Anuradhapura_NorthCentral,23.6,273.3625111928958,0.0,0.98,139.46527933372093
2026-10-03T21:30:00+05:30,Anuradhapura_NorthCentral,23.6,274.20454135630666,0.0,0.92,143.16904945025286
2026-10-03T21:45:00+05:30,Anuradhapura_NorthCentral,23.7,275.1737785638087,0.0,0.86,146.86852773755717
2026-10-03T22:00:00+05:30,Anuradhapura_NorthCentral,23.7,276.3203715497848,0.0,0.85,150.56184072217445
2026-10-03T22:15:00+05:30,Anuradhapura_NorthCentral,23.7,277.72248557489974,0.0,0.79,154.24608690145288
2026-10-03T22:30:00+05:30,Anuradhapura_NorthCentral,23.8,279.5091667605807,0.0,0.83,157.9164825397371
2026-10-03T22:45:00+05:30,Anuradhapura_NorthCentral,23.8,281.9094121402619,0.0,0.84,161.56450823279596
2026-10-03T23:00:00+05:30,Anuradhapura_NorthCentral,23.8,285.36946372547544,0.0,0.91,165.1733963788717
2026-10-03T23:15:00+05:30,Anuradhapura_NorthCentral,23.9,290.8743735584343,0.0,0.95,168.70531561488497
2026-10-03T23:30:00+05:30,Anuradhapura_NorthCentral,23.9,300.9850676809577,0.0,1.0,172.05665668298138
2026-10-03T23:45:00+05:30,Anuradhapura_NorthCentral,23.9,323.3733078416732,0.0,1.0,174.86080704773585
2026-10-04T00:00:00+05:30,Anuradhapura_NorthCentral,23.9,9.321450525899934,0.0,1.02,175.81490951457343
2026-10-04T00:15:00+05:30,Anuradhapura_NorthCentral,23.9,47.12268322857585,0.0,0.98,173.9661277993196
2026-10-04T00:30:00+05:30,Anuradhapura_NorthCentral,23.9,63.6086288417672,0.0,1.0,170.8847563902179
2026-10-04T00:45:00+05:30,Anuradhapura_NorthCentral,23.9,71.57168947678434,0.0,1.01,167.44802052305232
2026-10-04T01:00:00+05:30,Anuradhapura_NorthCentral,23.9,76.1666829471182,0.0,1.01,163.88178787484958
2026-10-04T01:15:00+05:30,Anuradhapura_NorthCentral,23.9,79.17205521758723,0.0,0.99,160.25625510785176
2026-10-04T01:30:00+05:30,Anuradhapura_NorthCentral,23.9,81.31636666644391,0.0,1.01,156.5991285983713
2026-10-04T01:45:00+05:30,Anuradhapura_NorthCentral,23.9,82.94628954512865,0.0,1.04,152.92337711442352
2026-10-04T02:00:00+05:30,Anuradhapura_NorthCentral,23.9,84.24637735194665,0.0,1.03,149.23585475724497
2026-10-04T02:15:00+05:30,Anuradhapura_NorthCentral,23.9,85.32359155798508,0.0,1.03,145.54052813166788
2026-10-04T02:30:00+05:30,Anuradhapura_NorthCentral,23.9,86.2441734269446,0.0,1.06,141.83986267040962
2026-10-04T02:45:00+05:30,Anuradhapura_NorthCentral,23.9,87.05139968936874,0.0,1.06,138.13548269444897
2026-10-04T03:00:00+05:30,Anuradhapura_NorthCentral,23.9,87.77483267856269,0.0,1.13,134.42851433665766
2026-10-04T03:15:00+05:30,Anuradhapura_NorthCentral,23.8,88.43545810055008,0.0,1.13,130.71977568034504
2026-10-04T03:30:00+05:30,Anuradhapura_NorthCentral,23.8,89.04869486208958,0.0,1.17,127.0098868491227
2026-10-04T03:45:00+05:30,Anuradhapura_NorthCentral,23.7,89.6262396487,0.0,1.21,123.29933883909995
2026-10-04T04:00:00+05:30,Anuradhapura_NorthCentral,23.7,90.17724328898555,0.0,1.21,119.58853799253022
2026-10-04T04:15:00+05:30,Anuradhapura_NorthCentral,23.6,90.70908872891914,0.0,1.25,115.87783458378719
2026-10-04T04:30:00+05:30,Anuradhapura_NorthCentral,23.6,91.22792324075459,0.0,1.29,112.16754417222391
2026-10-04T04:45:00+05:30,Anuradhapura_NorthCentral,23.6,91.73903558678705,0.0,1.33,108.45796359329108
2026-10-04T05:00:00+05:30,Anuradhapura_NorthCentral,23.7,92.24713384064859,0.0,1.37,104.74938220757709
2026-10-04T05:15:00+05:30,Anuradhapura_NorthCentral,23.8,92.75655883953686,0.0,1.44,101.042092773407
2026-10-04T05:30:00+05:30,Anuradhapura_NorthCentral,23.9,93.27145701118081,0.0,1.48,97.33640143360334
2026-10-04T05:45:00+05:30,Anuradhapura_NorthCentral,24.0,93.79592927392389,0.0,1.6,93.6326360886073
2026-10-04T06:00:00+05:30,Anuradhapura_NorthCentral,24.2,94.33416800767861,0.0,1.71,89.9311568061258
2026-10-04T06:15:00+05:30,Anuradhapura_NorthCentral,24.5,94.89059252566301,15.0,1.82,86.23236743393997
2026-10-04T06:30:00+05:30,Anuradhapura_NorthCentral,24.7,95.4699927247695,51.0,1.93,82.53672766488324
2026-10-04T06:45:00+05:30,Anuradhapura_NorthCentral,25.0,96.07769031282771,98.0,2.04,78.84476941704509
2026-10-04T07:00:00+05:30,Anuradhapura_NorthCentral,25.3,96.71972915591112,154.0,2.22,75.15711719812226
2026-10-04T07:15:00+05:30,Anuradhapura_NorthCentral,25.7,97.40310923825041,211.0,2.33,71.47451252021736
2026-10-04T07:30:00+05:30,Anuradhapura_NorthCentral,26.0,98.13608263282862,265.0,2.44,67.79784750437426
2026-10-04T07:45:00+05:30,Anuradhapura_NorthCentral,26.3,98.92853778396636,317.0,2.51,64.12820927226707
2026-10-04T08:00:00+05:30,Anuradhapura_NorthCentral,26.6,99.7925095919822,370.0,2.62,60.46693814827553
2026-10-04T08:15:00+05:30,Anuradhapura_NorthCentral,26.9,100.74286886965365,428.0,2.65,56.81570931938064
2026-10-04T08:30:00+05:30,Anuradhapura_NorthCentral,27.2,101.79827196162734,493.0,2.68,53.176646596784366
2026-10-04T08:45:00+05:30,Anuradhapura_NorthCentral,27.5,102.98249316010515,560.0,2.66,49.552482533023635
2026-10-04T09:00:00+05:30,Anuradhapura_NorthCentral,27.8,104.32632787023329,623.0,2.62,45.94679270592658
2026-10-04T09:15:00+05:30,Anuradhapura_NorthCentral,28.2,105.87036327067932,675.0,2.53,42.36434304182699
2026-10-04T09:30:00+05:30,Anuradhapura_NorthCentral,28.5,107.6690900538535,716.0,2.45,38.811615846953096
2026-10-04T09:45:00+05:30,Anuradhapura_NorthCentral,28.9,109.79711618107007,747.0,2.37,35.29763192342982
2026-10-04T10:00:00+05:30,Anuradhapura_NorthCentral,29.2,112.35870980600498,772.0,2.26,31.83526744400291
2026-10-04T10:15:00+05:30,Anuradhapura_NorthCentral,29.6,115.50259749551907,793.0,2.16,28.443421575804265
2026-10-04T10:30:00+05:30,Anuradhapura_NorthCentral,29.8,119.44476929265574,810.0,2.07,25.150682278078293
2026-10-04T10:45:00+05:30,Anuradhapura_NorthCentral,30.0,124.50205574524864,820.0,1.98,22.001631396464305
2026-10-04T11:00:00+05:30,Anuradhapura_NorthCentral,30.2,131.134066211569,822.0,1.95,19.0676312598316
2026-10-04T11:15:00+05:30,Anuradhapura_NorthCentral,30.3,139.96496077989337,814.0,1.9,16.46409123267729
2026-10-04T11:30:00+05:30,Anuradhapura_NorthCentral,30.3,151.67077193013154,794.0,1.86,14.371773594056378
2026-10-04T11:45:00+05:30,Anuradhapura_NorthCentral,30.2,166.47619225482617,766.0,1.82,13.039167175540499
2026-10-04T12:00:00+05:30,Anuradhapura_NorthCentral,30.0,183.2551375729901,738.0,1.85,12.707582017111918
2026-10-04T12:15:00+05:30,Anuradhapura_NorthCentral,29.7,199.50996097080974,715.0,1.85,13.451253485630914
2026-10-04T12:30:00+05:30,Anuradhapura_NorthCentral,29.4,213.1462111525885,695.0,1.88,15.112260557799814
2026-10-04T12:45:00+05:30,Anuradhapura_NorthCentral,29.0,223.66095851672102,676.0,1.93,17.430283397671374
2026-10-04T13:00:00+05:30,Anuradhapura_NorthCentral,28.5,231.55051452028812,656.0,1.93,20.180152806577325
2026-10-04T13:15:00+05:30,Anuradhapura_NorthCentral,28.1,237.5021430254554,631.0,1.98,23.208851540935356
2026-10-04T13:30:00+05:30,Anuradhapura_NorthCentral,27.6,242.07763670717716,605.0,1.98,26.420639337124463
2026-10-04T13:45:00+05:30,Anuradhapura_NorthCentral,27.2,245.67598866836238,578.0,1.98,29.75626280362814
2026-10-04T14:00:00+05:30,Anuradhapura_NorthCentral,26.8,248.56997189567025,548.0,1.94,33.17836528556147
2026-10-04T14:15:00+05:30,Anuradhapura_NorthCentral,26.5,250.94597869501766,515.0,1.9,36.662709561854456
2026-10-04T14:30:00+05:30,Anuradhapura_NorthCentral,26.2,252.9331839508206,479.0,1.82,40.19308039351788
2026-10-04T14:45:00+05:30,Anuradhapura_NorthCentral,26.0,254.6228576474259,442.0,1.7,43.75830675817837
2026-10-04T15:00:00+05:30,Anuradhapura_NorthCentral,25.9,256.08082972733735,405.0,1.57,47.35048224742925
2026-10-04T15:15:00+05:30,Anuradhapura_NorthCentral,25.8,257.35554946091133,370.0,1.42,50.96387286991111
2026-10-04T15:30:00+05:30,Anuradhapura_NorthCentral,25.7,258.4833638669062,336.0,1.31,54.594229258533446
2026-10-04T15:45:00+05:30,Anuradhapura_NorthCentral,25.7,259.4920341613365,303.0,1.23,58.23833987302579
2026-10-04T16:00:00+05:30,Anuradhapura_NorthCentral,25.7,260.4031231446761,269.0,1.27,61.893733960467344
2026-10-04T16:15:00+05:30,Anuradhapura_NorthCentral,25.6,261.2336473407567,233.0,1.4,65.55848088944717
2026-10-04T16:30:00+05:30,Anuradhapura_NorthCentral,25.6,261.99724118191637,199.0,1.54,69.23104961171057
2026-10-04T16:45:00+05:30,Anuradhapura_NorthCentral,25.6,262.7049926406835,164.0,1.71,72.91020896536747
2026-10-04T17:00:00+05:30,Anuradhapura_NorthCentral,25.6,263.3660541386119,127.0,1.83,76.59495710883908
2026-10-04T17:15:00+05:30,Anuradhapura_NorthCentral,25.5,263.9880969266687,89.0,2.02,80.284468532341
2026-10-04T17:30:00+05:30,Anuradhapura_NorthCentral,25.5,264.5776558691493,52.0,2.09,83.9780544084855
2026-10-04T17:45:00+05:30,Anuradhapura_NorthCentral,25.4,265.14039703590856,23.0,2.15,87.67513390248443
2026-10-04T18:00:00+05:30,Anuradhapura_NorthCentral,25.3,265.68133042325604,3.0,2.14,91.37521079738912
2026-10-04T18:15:00+05:30,Anuradhapura_NorthCentral,25.2,266.2049847633626,0.0,2.06,95.07785502479993
2026-10-04T18:30:00+05:30,Anuradhapura_NorthCentral,25.1,266.7155573572035,0.0,2.02,98.78268923445967
2026-10-04T18:45:00+05:30,Anuradhapura_NorthCentral,25.0,267.2170488652739,0.0,1.95,102.48937639704097
2026-10-04T19:00:00+05:30,Anuradhapura_NorthCentral,24.9,267.71339249370084,0.0,1.84,106.19760913883673
2026-10-04T19:15:00+05:30,Anuradhapura_NorthCentral,24.9,268.20858689109036,0.0,1.7,109.90710163756589
2026-10-04T19:30:00+05:30,Anuradhapura_NorthCentral,24.8,268.70684255148836,0.0,1.59,113.61758049290961
2026-10-04T19:45:00+05:30,Anuradhapura_NorthCentral,24.7,269.21275463164864,0.0,1.48,117.32877544223913
2026-10-04T20:00:00+05:30,Anuradhapura_NorthCentral,24.6,269.73151966529156,0.0,1.38,121.04041069367251
2026-10-04T20:15:00+05:30,Anuradhapura_NorthCentral,24.6,270.26922088598695,0.0,1.27,124.75219294280717
2026-10-04T20:30:00+05:30,Anuradhapura_NorthCentral,24.5,270.83322069831706,0.0,1.2,128.46379621538821
2026-10-04T20:45:00+05:30,Anuradhapura_NorthCentral,24.5,271.4327215845922,0.0,1.17,132.17484293082344
2026-10-04T21:00:00+05:30,Anuradhapura_NorthCentral,24.5,272.0795960319509,0.0,1.1,135.88487480407147
2026-10-04T21:15:00+05:30,Anuradhapura_NorthCentral,24.4,272.7896594014568,0.0,1.07,139.59330926411604
2026-10-04T21:30:00+05:30,Anuradhapura_NorthCentral,24.4,273.58469778483294,0.0,1.05,143.29937246663602
2026-10-04T21:45:00+05:30,Anuradhapura_NorthCentral,24.4,274.49583710318586,0.0,1.07,147.00198628210842
2026-10-04T22:00:00+05:30,Anuradhapura_NorthCentral,24.4,275.56942101931844,0.0,1.03,150.69957155001592
2026-10-04T22:15:00+05:30,Anuradhapura_NorthCentral,24.4,276.87787866647363,0.0,1.06,154.38968529232494
2026-10-04T22:30:00+05:30,Anuradhapura_NorthCentral,24.4,278.54128831449333,0.0,1.08,158.06829447357705
2026-10-04T22:45:00+05:30,Anuradhapura_NorthCentral,24.4,280.7741162823985,0.0,1.11,161.7281879883662
2026-10-04T23:00:00+05:30,Anuradhapura_NorthCentral,24.4,283.99866612580314,0.0,1.1,165.35506391708591
2026-10-04T23:15:00+05:30,Anuradhapura_NorthCentral,24.4,289.1643621398737,0.0,1.1,168.91619006962682
2026-10-04T23:30:00+05:30,Anuradhapura_NorthCentral,24.4,298.8323391575209,0.0,1.1,172.31927092571433
2026-10-04T23:45:00+05:30,Anuradhapura_NorthCentral,24.4,321.377789201754,0.0,1.07,175.2140547986395
2026-10-05T00:00:00+05:30,Anuradhapura_NorthCentral,24.3,11.387299650754017,0.0,1.08,176.18068068959462
2026-10-05T00:15:00+05:30,Anuradhapura_NorthCentral,24.3,50.39945937965467,0.0,1.01,174.16568492230923
2026-10-05T00:30:00+05:30,Anuradhapura_NorthCentral,24.3,66.02030954239734,0.0,0.98,170.98558249758986
2026-10-05T00:45:00+05:30,Anuradhapura_NorthCentral,24.2,73.36811874398529,0.0,0.94,167.5001791741251
2026-10-05T01:00:00+05:30,Anuradhapura_NorthCentral,24.2,77.58073848256225,0.0,0.89,163.9067741974551
2026-10-05T01:15:00+05:30,Anuradhapura_NorthCentral,24.2,80.33555700976746,0.0,0.92,160.2644329746231
2026-10-05T01:30:00+05:30,Anuradhapura_NorthCentral,24.1,82.30590296135932,0.0,0.89,156.59616266795564
2026-10-05T01:45:00+05:30,Anuradhapura_NorthCentral,24.1,83.80926532342005,0.0,0.9,152.9126762603864
2026-10-05T02:00:00+05:30,Anuradhapura_NorthCentral,24.1,85.01389142502359,0.0,0.92,149.21962596932394
2026-10-05T02:15:00+05:30,Anuradhapura_NorthCentral,24.0,86.01706179900856,0.0,0.94,145.52028444931685
2026-10-05T02:30:00+05:30,Anuradhapura_NorthCentral,24.0,86.87895638545103,0.0,0.94,141.81669074097687
2026-10-05T02:45:00+05:30,Anuradhapura_NorthCentral,23.9,87.63888366977875,0.0,0.89,138.11019411827672
2026-10-05T03:00:00+05:30,Anuradhapura_NorthCentral,23.9,88.32370978497215,0.0,0.87,134.40173639756713
2026-10-05T03:15:00+05:30,Anuradhapura_NorthCentral,23.8,88.95253114470887,0.0,0.83,130.69200844530525
2026-10-05T03:30:00+05:30,Anuradhapura_NorthCentral,23.7,89.539408527781,0.0,0.78,126.98154063260554
2026-10-05T03:45:00+05:30,Anuradhapura_NorthCentral,23.7,90.09504167767301,0.0,0.74,123.27075971180945
2026-10-05T04:00:00+05:30,Anuradhapura_NorthCentral,23.6,90.62783728146456,0.0,0.72,119.56002575683495
2026-10-05T04:15:00+05:30,Anuradhapura_NorthCentral,23.5,91.14461580343635,0.0,0.76,115.8496558655509
2026-10-05T04:30:00+05:30,Anuradhapura_NorthCentral,23.5,91.65109585794073,0.0,0.79,112.13994228642596
2026-10-05T04:45:00+05:30,Anuradhapura_NorthCentral,23.5,92.152238552484,0.0,0.87,108.43116625570495
2026-10-05T05:00:00+05:30,Anuradhapura_NorthCentral,23.6,92.6525024458902,0.0,0.91,104.72360780650503
2026-10-05T05:15:00+05:30,Anuradhapura_NorthCentral,23.7,93.15604093561404,0.0,1.0,101.01755570525107
2026-10-05T05:30:00+05:30,Anuradhapura_NorthCentral,23.8,93.66686378621762,0.0,1.11,97.31331686985703
2026-10-05T05:45:00+05:30,Anuradhapura_NorthCentral,24.0,94.18897818525676,0.0,1.23,93.61122446170364
2026-10-05T06:00:00+05:30,Anuradhapura_NorthCentral,24.2,94.72652047601485,0.0,1.39,89.91164825809186
2026-10-05T06:15:00+05:30,Anuradhapura_NorthCentral,24.4,95.28388844820506,16.0,1.53,86.21500644637887
2026-10-05T06:30:00+05:30,Anuradhapura_NorthCentral,24.7,95.86588353450304,54.0,1.75,82.52177809849996
2026-10-05T06:45:00+05:30,Anuradhapura_NorthCentral,25.0,96.47787214133808,103.0,1.97,78.83252020994331
2026-10-05T07:00:00+05:30,Anuradhapura_NorthCentral,25.4,97.12597761534909,160.0,2.22,75.14788901047854
2026-10-05T07:15:00+05:30,Anuradhapura_NorthCentral,25.8,97.81731741484538,218.0,2.52,71.46866569207826
2026-10-05T07:30:00+05:30,Anuradhapura_NorthCentral,26.1,98.56030406709988,275.0,2.72,67.7957917950537
2026-10-05T07:45:00+05:30,Anuradhapura_NorthCentral,26.5,99.36503651206334,329.0,2.92,64.1304160058702
2026-10-05T08:00:00+05:30,Anuradhapura_NorthCentral,26.8,100.24381974182018,382.0,3.05,60.47395562061835
2026-10-05T08:15:00+05:30,Anuradhapura_NorthCentral,27.1,101.21186681135993,437.0,3.16,56.828182636922435
2026-10-05T08:30:00+05:30,Anuradhapura_NorthCentral,27.5,102.28826454689369,492.0,3.22,53.195343614132796
2026-10-05T08:45:00+05:30,Anuradhapura_NorthCentral,27.8,103.497325946346,545.0,3.22,49.57832824699422
2026-10-05T09:00:00+05:30,Anuradhapura_NorthCentral,28.1,104.87051680072915,596.0,3.11,45.98091550835124
2026-10-05T09:15:00+05:30,Anuradhapura_NorthCentral,28.4,106.44925069772125,643.0,2.97,42.4081377567527
2026-10-05T09:30:00+05:30,Anuradhapura_NorthCentral,28.7,108.28901774112626,685.0,2.8,38.866830679561794
2026-10-05T09:45:00+05:30,Anuradhapura_NorthCentral,29.0,110.46558536975493,723.0,2.6,35.36648943065736
2026-10-05T10:00:00+05:30,Anuradhapura_NorthCentral,29.4,113.08444048978436,758.0,2.37,31.92063309910762
2026-10-05T10:15:00+05:30,Anuradhapura_NorthCentral,29.7,116.29525352038331,791.0,2.15,28.549035303966534
2026-10-05T10:30:00+05:30,Anuradhapura_NorthCentral,30.0,120.31375595669567,827.0,1.95,25.28146019173421
2026-10-05T10:45:00+05:30,Anuradhapura_NorthCentral,30.2,125.45293684711459,858.0,1.82,22.163998789805717
2026-10-05T11:00:00+05:30,Anuradhapura_NorthCentral,30.5,132.15930280578652,871.0,1.65,19.26967927928665
2026-10-05T11:15:00+05:30,Anuradhapura_NorthCentral,30.7,141.02302030835568,855.0,1.57,16.71485394535216
2026-10-05T11:30:00+05:30,Anuradhapura_NorthCentral,30.8,152.65078678879024,803.0,1.51,14.677909446931949
2026-10-05T11:45:00+05:30,Anuradhapura_NorthCentral,30.9,167.18037667641113,734.0,1.46,13.397204921747672
2026-10-05T12:00:00+05:30,Anuradhapura_NorthCentral,31.0,183.49344542095184,671.0,1.44,13.096519885555438
2026-10-05T12:15:00+05:30,Anuradhapura_NorthCentral,30.9,199.2753112982275,634.0,1.41,13.839879039053727
2026-10-05T12:30:00+05:30,Anuradhapura_NorthCentral,30.9,212.601625888461,617.0,1.41,15.477568873328153
2026-10-05T12:45:00+05:30,Anuradhapura_NorthCentral,30.8,222.97695846612513,610.0,1.36,17.763925178714587
2026-10-05T13:00:00+05:30,Anuradhapura_NorthCentral,30.6,230.8313286729085,601.0,1.28,20.482852366425718
2026-10-05T13:15:00+05:30,Anuradhapura_NorthCentral,30.4,236.79722372508877,584.0,1.21,23.484565161544964
2026-10-05T13:30:00+05:30,Anuradhapura_NorthCentral,30.1,241.40645139462617,564.0,1.1,26.67374217615474
2026-10-05T13:45:00+05:30,Anuradhapura_NorthCentral,29.9,245.0439165407367,541.0,0.99,29.99061395863574
2026-10-05T14:00:00+05:30,Anuradhapura_NorthCentral,29.6,247.97629991856905,517.0,0.9,33.39712989819045
2026-10-05T14:15:00+05:30,Anuradhapura_NorthCentral,29.3,250.38760422814573,491.0,0.75,36.8684227593349
2026-10-05T14:30:00+05:30,Anuradhapura_NorthCentral,29.0,252.4062663055247,464.0,0.64,40.38776454805279
2026-10-05T14:45:00+05:30,Anuradhapura_NorthCentral,28.7,254.1235273609373,436.0,0.53,43.943582624421694
2026-10-05T15:00:00+05:30,Anuradhapura_NorthCentral,28.4,255.6054700541025,406.0,0.43,47.52765968494023
2026-10-05T15:15:00+05:30,Anuradhapura_NorthCentral,28.1,256.90088560202884,374.0,0.34,51.134021115001595
2026-10-05T15:30:00+05:30,Anuradhapura_NorthCentral,27.8,258.0464679548932,342.0,0.3,54.75823036550801
2026-10-05T15:45:00+05:30,Anuradhapura_NorthCentral,27.5,259.07029564177645,309.0,0.25,58.39692921921707
2026-10-05T16:00:00+05:30,Anuradhapura_NorthCentral,27.3,259.994207225355,274.0,0.29,62.047531069357504
2026-10-05T16:15:00+05:30,Anuradhapura_NorthCentral,27.0,260.83545156796816,238.0,0.28,65.70801306445489
2026-10-05T16:30:00+05:30,Anuradhapura_NorthCentral,26.7,261.60785426369387,203.0,0.36,69.37677023658738
2026-10-05T16:45:00+05:30,Anuradhapura_NorthCentral,26.5,262.32265686785956,167.0,0.4,73.05251183870712
2026-10-05T17:00:00+05:30,Anuradhapura_NorthCentral,26.3,262.9891314737532,130.0,0.49,76.73418781105352
2026-10-05T17:15:00+05:30,Anuradhapura_NorthCentral,26.1,263.6150382539533,91.0,0.54,80.4209335674214
2026-10-05T17:30:00+05:30,Anuradhapura_NorthCentral,25.9,264.2069726622607,53.0,0.59,84.11202867415456
2026-10-05T17:45:00+05:30,Anuradhapura_NorthCentral,25.8,264.77063459975,23.0,0.63,87.80686690490394
2026-10-05T18:00:00+05:30,Anuradhapura_NorthCentral,25.7,265.3110418090239,3.0,0.65,91.50493194161618
2026-10-05T18:15:00+05:30,Anuradhapura_NorthCentral,25.6,265.83270439768484,0.0,0.7,95.20577823865159
2026-10-05T18:30:00+05:30,Anuradhapura_NorthCentral,25.5,266.33977332599875,0.0,0.72,98.90901714014082
2026-10-05T18:45:00+05:30,Anuradhapura_NorthCentral,25.4,266.8361726303843,0.0,0.74,102.61430422777768
2026-10-05T19:00:00+05:30,Anuradhapura_NorthCentral,25.3,267.32572456137,0.0,0.74,106.32132858110249
2026-10-05T19:15:00+05:30,Anuradhapura_NorthCentral,25.2,267.81227655200854,0.0,0.76,110.02980478883363
2026-10-05T19:30:00+05:30,Anuradhapura_NorthCentral,25.2,268.29983922091657,0.0,0.79,113.73946415166726
2026-10-05T19:45:00+05:30,Anuradhapura_NorthCentral,25.1,268.7927474251769,0.0,0.82,117.45004599236754
2026-10-05T20:00:00+05:30,Anuradhapura_NorthCentral,25.1,269.2958604950089,0.0,0.81,121.16128993536779
2026-10-05T20:15:00+05:30,Anuradhapura_NorthCentral,25.0,269.8148243123599,0.0,0.81,124.87292535126747
2026-10-05T20:30:00+05:30,Anuradhapura_NorthCentral,25.0,270.35643056986066,0.0,0.85,128.58465832567555
2026-10-05T20:45:00+05:30,Anuradhapura_NorthCentral,24.9,270.92912939293177,0.0,0.89,132.2961559090203
2026-10-05T21:00:00+05:30,Anuradhapura_NorthCentral,24.9,271.54378760253275,0.0,0.93,136.0070218509932
2026-10-05T21:15:00+05:30,Anuradhapura_NorthCentral,24.9,272.2148525441709,0.0,0.94,139.71676051976613
2026-10-05T21:30:00+05:30,Anuradhapura_NorthCentral,24.9,272.96220919084453,0.0,0.99,143.42472190345927
2026-10-05T21:45:00+05:30,Anuradhapura_NorthCentral,24.8,273.8142729627848,0.0,1.03,147.13000846561658
2026-10-05T22:00:00+05:30,Anuradhapura_NorthCentral,24.8,274.8134036426448,0.0,1.05,150.83131281482034
2026-10-05T22:15:00+05:30,Anuradhapura_NorthCentral,24.8,276.02596090852876,0.0,1.03,154.52661778404334
2026-10-05T22:30:00+05:30,Anuradhapura_NorthCentral,24.7,277.5623834952769,0.0,1.08,158.21259269739943
2026-10-05T22:45:00+05:30,Anuradhapura_NorthCentral,24.7,279.62111422210194,0.0,1.08,161.8832637114317
2026-10-05T23:00:00+05:30,Anuradhapura_NorthCentral,24.7,282.5967605557125,0.0,1.12,165.52670069320916
2026-10-05T23:15:00+05:30,Anuradhapura_NorthCentral,24.7,287.39209565822637,0.0,1.12,169.1152288287918
2026-10-05T23:30:00+05:30,Anuradhapura_NorthCentral,24.6,296.5318032093798,0.0,1.12,172.5685574947217
2026-10-05T23:45:00+05:30,Anuradhapura_NorthCentral,24.6,319.05957247111166,0.0,1.12,175.5588660829067
2026-10-06T00:00:00+05:30,Anuradhapura_NorthCentral,24.5,13.855884879707105,0.0,1.14,176.53999429471497
2026-10-06T00:15:00+05:30,Anuradhapura_NorthCentral,24.5,53.87802416405145,0.0,1.1,174.34579251449742
2026-10-06T00:30:00+05:30,Anuradhapura_NorthCentral,24.4,68.47237600265748,0.0,1.1,171.07155247711256
2026-10-06T00:45:00+05:30,Anuradhapura_NorthCentral,24.4,75.17155628796047,0.0,1.1,167.5416846880074
2026-10-06T01:00:00+05:30,Anuradhapura_NorthCentral,24.3,78.99381663180372,0.0,1.05,163.92385647875477
2026-10-06T01:15:00+05:30,Anuradhapura_NorthCentral,24.2,81.49605158535144,0.0,1.05,160.26655664603032
2026-10-06T01:30:00+05:30,Anuradhapura_NorthCentral,24.1,83.29205737125977,0.0,1.01,156.58845735696167
2026-10-06T01:45:00+05:30,Anuradhapura_NorthCentral,24.1,84.66897974952104,0.0,0.96,152.8982174073861
2026-10-06T02:00:00+05:30,Anuradhapura_NorthCentral,24.0,85.77840205805194,0.0,0.92,149.2004018267896
2026-10-06T02:15:00+05:30,Anuradhapura_NorthCentral,23.9,86.70780554517478,0.0,0.9,145.4976580134525
2026-10-06T02:30:00+05:30,Anuradhapura_NorthCentral,23.9,87.51127000084995,0.0,0.86,141.79164185739106
2026-10-06T02:45:00+05:30,Anuradhapura_NorthCentral,23.8,88.2241249425403,0.0,0.82,138.08345602387186
2026-10-06T03:00:00+05:30,Anuradhapura_NorthCentral,23.8,88.87053965063853,0.0,0.85,134.37387743901678
2026-10-06T03:15:00+05:30,Anuradhapura_NorthCentral,23.7,89.4677239747237,0.0,0.81,130.6634834649858
2026-10-06T03:30:00+05:30,Anuradhapura_NorthCentral,23.7,90.028384131184,0.0,0.81,126.952724684349
2026-10-06T03:45:00+05:30,Anuradhapura_NorthCentral,23.7,90.56222637593453,0.0,0.82,123.24197103517432
2026-10-06T04:00:00+05:30,Anuradhapura_NorthCentral,23.7,91.07691628018136,0.0,0.79,119.53154199065679
2026-10-06T04:15:00+05:30,Anuradhapura_NorthCentral,23.8,91.57871435198149,0.0,0.81,115.82172589709253
2026-10-06T04:30:00+05:30,Anuradhapura_NorthCentral,23.8,92.07291259521378,0.0,0.78,112.11279522007366
2026-10-06T04:45:00+05:30,Anuradhapura_NorthCentral,23.9,92.56414608170229,0.0,0.76,108.40501846795742
2026-10-06T05:00:00+05:30,Anuradhapura_NorthCentral,24.0,93.05662509699499,0.0,0.79,104.69866873593058
2026-10-06T05:15:00+05:30,Anuradhapura_NorthCentral,24.0,93.55431650482916,0.0,0.79,100.9940328319397
2026-10-06T05:30:00+05:30,Anuradhapura_NorthCentral,24.2,94.06109400579908,0.0,0.82,97.29142022329226
2026-10-06T05:45:00+05:30,Anuradhapura_NorthCentral,24.3,94.58087136341004,0.0,0.86,93.59117091936334
2026-10-06T06:00:00+05:30,Anuradhapura_NorthCentral,24.5,95.11772889671948,0.0,0.91,89.89366586416885
2026-10-06T06:15:00+05:30,Anuradhapura_NorthCentral,24.8,95.67604256854099,17.0,0.96,86.1993389655658
2026-10-06T06:30:00+05:30,Anuradhapura_NorthCentral,25.0,96.26062468500288,57.0,1.0,82.50869002064027
2026-10-06T06:45:00+05:30,Anuradhapura_NorthCentral,25.3,96.87688525751969,110.0,1.1,78.82230245092428
2026-10-06T07:00:00+05:30,Anuradhapura_NorthCentral,25.7,97.5310254758399,170.0,1.15,75.14086559937816
2026-10-06T07:15:00+05:30,Anuradhapura_NorthCentral,26.0,98.2302779226207,232.0,1.25,71.46520180880002
2026-10-06T07:30:00+05:30,Anuradhapura_NorthCentral,26.4,98.98321226614996,290.0,1.35,67.79630363110385
2026-10-06T07:45:00+05:30,Anuradhapura_NorthCentral,26.8,99.80013329097244,346.0,1.46,64.13538307133445
2026-10-06T08:00:00+05:30,Anuradhapura_NorthCentral,27.1,100.69360952829459,399.0,1.51,60.48393635398605
2026-10-06T08:15:00+05:30,Anuradhapura_NorthCentral,27.5,101.67918695727485,452.0,1.61,56.84383449630269
2026-10-06T08:30:00+05:30,Anuradhapura_NorthCentral,27.9,102.77636946475349,502.0,1.67,53.21744929492043
2026-10-06T08:45:00+05:30,Anuradhapura_NorthCentral,28.3,104.00998911266305,548.0,1.78,49.60783036771907
2026-10-06T09:00:00+05:30,Anuradhapura_NorthCentral,28.7,105.41215280296325,592.0,1.83,46.018963100594874
2026-10-06T09:15:00+05:30,Anuradhapura_NorthCentral,29.0,107.02505601906665,633.0,1.93,42.45614934209408
2026-10-06T09:30:00+05:30,Anuradhapura_NorthCentral,29.4,108.90511915767468,671.0,1.99,38.926580749338704
2026-10-06T09:45:00+05:30,Anuradhapura_NorthCentral,29.7,111.12915957933319,705.0,2.05,35.44022775467069
2026-10-06T10:00:00+05:30,Anuradhapura_NorthCentral,30.0,113.80370621868252,735.0,2.1,32.011248965773994
2026-10-06T10:15:00+05:30,Anuradhapura_NorthCentral,30.3,117.07908573690474,762.0,2.16,28.66027891555445
2026-10-06T10:30:00+05:30,Anuradhapura_NorthCentral,30.5,121.17030910244193,786.0,2.16,25.41822175240533
2026-10-06T10:45:00+05:30,Anuradhapura_NorthCentral,30.7,126.3858323955526,806.0,2.16,22.33259317098768
2026-10-06T11:00:00+05:30,Anuradhapura_NorthCentral,30.9,133.15826408005807,820.0,2.17,19.477907982973576
2026-10-06T11:15:00+05:30,Anuradhapura_NorthCentral,31.0,142.04383210780884,824.0,2.17,16.97113583057451
2026-10-06T11:30:00+05:30,Anuradhapura_NorthCentral,31.1,153.58391025196784,819.0,2.12,14.987897009568414
2026-10-06T11:45:00+05:30,Anuradhapura_NorthCentral,31.1,167.8406861928911,807.0,2.07,13.756531303430748
2026-10-06T12:00:00+05:30,Anuradhapura_NorthCentral,31.1,183.71125405102265,794.0,1.98,13.484619256074652
2026-10-06T12:15:00+05:30,Anuradhapura_NorthCentral,31.0,199.04796231566783,783.0,1.87,14.22727857254634
2026-10-06T12:30:00+05:30,Anuradhapura_NorthCentral,30.9,212.07814307673854,775.0,1.77,15.842456087484095
2026-10-06T12:45:00+05:30,Anuradhapura_NorthCentral,30.7,222.31543280880214,765.0,1.63,18.098021414561856
2026-10-06T13:00:00+05:30,Anuradhapura_NorthCentral,30.6,230.13123000337413,753.0,1.49,20.786525832468698
2026-10-06T13:15:00+05:30,Anuradhapura_NorthCentral,30.4,236.10738339294366,736.0,1.33,23.761446391731837
2026-10-06T13:30:00+05:30,Anuradhapura_NorthCentral,30.2,240.74697716078984,715.0,1.14,26.92800167881795
2026-10-06T13:45:00+05:30,Anuradhapura_NorthCentral,29.9,244.4209832575284,692.0,0.94,30.225999961564156
2026-10-06T14:00:00+05:30,Anuradhapura_NorthCentral,29.7,247.38985360603954,665.0,0.81,33.616753319705815
2026-10-06T14:15:00+05:30,Anuradhapura_NorthCentral,29.4,249.8350331619617,636.0,0.61,37.074795797496954
2026-10-06T14:30:00+05:30,Anuradhapura_NorthCentral,29.1,251.88408396066325,604.0,0.42,40.58290315322675
2026-10-06T14:45:00+05:30,Anuradhapura_NorthCentral,28.8,253.62811859206957,569.0,0.27,44.1291094631622
2026-10-06T15:00:00+05:30,Anuradhapura_NorthCentral,28.5,255.13340196454746,532.0,0.27,47.704890431435444
2026-10-06T15:15:00+05:30,Anuradhapura_NorthCentral,28.2,256.44901782457816,493.0,0.32,51.30403234421197
2026-10-06T15:30:00+05:30,Anuradhapura_NorthCentral,27.9,257.6119722038221,452.0,0.47,54.92191172872231
2026-10-06T15:45:00+05:30,Anuradhapura_NorthCentral,27.6,258.65063609222744,409.0,0.61,58.555023295613736
2026-10-06T16:00:00+05:30,Anuradhapura_NorthCentral,27.4,259.58710584186497,364.0,0.81,62.2006638575891
2026-10-06T16:15:00+05:30,Anuradhapura_NorthCentral,27.1,260.43884945483956,316.0,0.9,65.8567174636482
2026-10-06T16:30:00+05:30,Anuradhapura_NorthCentral,26.9,261.2198738343237,269.0,1.05,69.52150428815698
2026-10-06T16:45:00+05:30,Anuradhapura_NorthCentral,26.7,261.94156663332865,221.0,1.15,73.19367304617103
2026-10-06T17:00:00+05:30,Anuradhapura_NorthCentral,26.5,262.61331381984286,171.0,1.25,76.87212450946394
2026-10-06T17:15:00+05:30,Anuradhapura_NorthCentral,26.3,263.24295989994334,120.0,1.31,80.55595407399264
2026-10-06T17:30:00+05:30,Anuradhapura_NorthCentral,26.1,263.8371571902402,71.0,1.36,84.24440875642719
2026-10-06T17:45:00+05:30,Anuradhapura_NorthCentral,26.0,264.40163630117587,31.0,1.37,87.9368559882157
2026-10-06T18:00:00+05:30,Anuradhapura_NorthCentral,25.9,264.94142000381316,4.0,1.38,91.63275836858173
2026-10-06T18:15:00+05:30,Anuradhapura_NorthCentral,25.8,265.4609973042168,0.0,1.39,95.33165384346518
2026-10-06T18:30:00+05:30,Anuradhapura_NorthCentral,25.7,265.9644704413484,0.0,1.36,99.033141347022
2026-10-06T18:45:00+05:30,Anuradhapura_NorthCentral,25.6,266.4556844021836,0.0,1.33,102.7368678613901
2026-10-06T19:00:00+05:30,Anuradhapura_NorthCentral,25.5,266.9383478597083,0.0,1.32,106.442517564896
2026-10-06T19:15:00+05:30,Anuradhapura_NorthCentral,25.5,267.41615403211074,0.0,1.25,110.14980390855085
2026-10-06T19:30:00+05:30,Anuradhapura_NorthCentral,25.4,267.8929100530327,0.0,1.22,113.85846109003522
2026-10-06T19:45:00+05:30,Anuradhapura_NorthCentral,25.4,268.37268594044673,0.0,1.2,117.56823587772593
2026-10-06T20:00:00+05:30,Anuradhapura_NorthCentral,25.3,268.8599978897822,0.0,1.17,121.27888072163243
2026-10-06T20:15:00+05:30,Anuradhapura_NorthCentral,25.3,269.36004641679875,0.0,1.15,124.99014447629396
2026-10-06T20:30:00+05:30,Anuradhapura_NorthCentral,25.3,269.8790413308441,0.0,1.14,128.70176128665514
2026-10-06T20:45:00+05:30,Anuradhapura_NorthCentral,25.2,270.42466434716107,0.0,1.19,132.41343772129088
2026-10-06T21:00:00+05:30,Anuradhapura_NorthCentral,25.2,271.0067528143234,0.0,1.19,136.12483290169737
2026-10-06T21:15:00+05:30,Anuradhapura_NorthCentral,25.2,271.63834953206185,0.0,1.27,139.83552926504876
2026-10-06T21:30:00+05:30,Anuradhapura_NorthCentral,25.1,272.33738010247197,0.0,1.3,143.54498855210664
2026-10-06T21:45:00+05:30,Anuradhapura_NorthCentral,25.1,273.12945231595,0.0,1.35,147.25247694989486
2026-10-06T22:00:00+05:30,Anuradhapura_NorthCentral,25.1,274.05277129477264,0.0,1.4,150.95693461091435
2026-09-29T22:15:00+05:30,Vavuniya_Northern,27.6,281.93088084752645,0.0,3.2,153.60257845485717
2026-09-29T22:30:00+05:30,Vavuniya_Northern,27.4,284.3334053680312,0.0,3.31,157.21428141794564
2026-09-29T22:45:00+05:30,Vavuniya_Northern,27.3,287.54651158565366,0.0,3.38,160.7810678853254
2026-09-29T23:00:00+05:30,Vavuniya_Northern,27.1,292.1006586841984,0.0,3.45,164.27215148460613
2026-09-29T23:15:00+05:30,Vavuniya_Northern,26.9,299.05656061101934,0.0,3.48,167.62310859149838
2026-09-29T23:30:00+05:30,Vavuniya_Northern,26.8,310.6922344127361,0.0,3.55,170.681329834903
2026-09-29T23:45:00+05:30,Vavuniya_Northern,26.7,331.5463202644635,0.0,3.59,173.04887884160573
2026-09-30T00:00:00+05:30,Vavuniya_Northern,26.6,4.1322144176330085,0.0,3.59,173.86566973341155
2026-09-30T00:15:00+05:30,Vavuniya_Northern,26.5,34.536900014640025,0.0,3.66,172.59909808633353
2026-09-30T00:30:00+05:30,Vavuniya_Northern,26.5,52.74521463587371,0.0,3.66,170.01266337974272
2026-09-30T00:45:00+05:30,Vavuniya_Northern,26.4,62.98643367527063,0.0,3.69,166.86423846314443
2026-09-30T01:00:00+05:30,Vavuniya_Northern,26.3,69.24408361078008,0.0,3.68,163.47203214382364
2026-09-30T01:15:00+05:30,Vavuniya_Northern,26.2,73.4200292701546,0.0,3.7,159.9595793479196
2026-09-30T01:30:00+05:30,Vavuniya_Northern,26.1,76.41068735375347,0.0,3.73,156.38059663339155
2026-09-30T01:45:00+05:30,Vavuniya_Northern,26.1,78.67327256452415,0.0,3.76,152.76143686426462
2026-09-30T02:00:00+05:30,Vavuniya_Northern,26.1,80.46069766889872,0.0,3.8,149.11636974855594
2026-09-30T02:15:00+05:30,Vavuniya_Northern,26.0,81.92290497911915,0.0,3.87,145.45375120320227
2026-09-30T02:30:00+05:30,Vavuniya_Northern,26.0,83.1540430685219,0.0,3.9,141.7787916876643
2026-09-30T02:45:00+05:30,Vavuniya_Northern,26.0,84.21612138254869,0.0,3.9,138.09491166092548
2026-09-30T03:00:00+05:30,Vavuniya_Northern,26.0,85.15166618524694,0.0,3.93,134.40445697764056
2026-09-30T03:15:00+05:30,Vavuniya_Northern,26.0,85.99087970787042,0.0,3.93,130.70909964912008
2026-09-30T03:30:00+05:30,Vavuniya_Northern,25.9,86.75588807592885,0.0,3.93,127.01007268777082
2026-09-30T03:45:00+05:30,Vavuniya_Northern,25.9,87.46336770843777,0.0,3.89,123.3083158068126
2026-09-30T04:00:00+05:30,Vavuniya_Northern,25.8,88.12622958155748,0.0,3.82,119.60456888641006
2026-09-30T04:15:00+05:30,Vavuniya_Northern,25.8,88.75473567415747,0.0,3.78,115.89943268439939
2026-09-30T04:30:00+05:30,Vavuniya_Northern,25.7,89.35726177168635,0.0,3.71,112.19341175350088
2026-09-30T04:45:00+05:30,Vavuniya_Northern,25.7,89.94083482481699,0.0,3.61,108.48694517903228
2026-09-30T05:00:00+05:30,Vavuniya_Northern,25.6,90.51152386579423,0.0,3.5,104.7804280306526
2026-09-30T05:15:00+05:30,Vavuniya_Northern,25.6,91.07473421003817,0.0,3.39,101.07422932126221
2026-09-30T05:30:00+05:30,Vavuniya_Northern,25.6,91.63543834937559,0.0,3.36,97.36870686848138
2026-09-30T05:45:00+05:30,Vavuniya_Northern,25.7,92.19836658190707,0.0,3.39,93.66421890814667
2026-09-30T06:00:00+05:30,Vavuniya_Northern,25.7,92.7681735396057,0.0,3.46,89.96113647693423
2026-09-30T06:15:00+05:30,Vavuniya_Northern,25.8,93.34959385706077,17.0,3.61,86.2598559429551
2026-09-30T06:30:00+05:30,Vavuniya_Northern,26.0,93.94759845967872,54.0,3.82,82.56081104689864
2026-09-30T06:45:00+05:30,Vavuniya_Northern,26.4,94.56756191932982,99.0,4.17,78.86448833630757
2026-09-30T07:00:00+05:30,Vavuniya_Northern,26.8,95.21545295057399,150.0,4.63,75.17144558930121
2026-09-30T07:15:00+05:30,Vavuniya_Northern,27.3,95.89806256294116,200.0,5.09,71.4823331396013
2026-09-30T07:30:00+05:30,Vavuniya_Northern,27.8,96.6232878238269,247.0,5.41,67.7979229722087
2026-09-30T07:45:00+05:30,Vavuniya_Northern,28.3,97.40049663542442,291.0,5.52,64.11914676648306
2026-09-30T08:00:00+05:30,Vavuniya_Northern,28.8,98.24100957767666,336.0,5.53,60.44714527874696
2026-09-30T08:15:00+05:30,Vavuniya_Northern,29.3,99.15875041002539,386.0,5.47,56.78333777097554
2026-09-30T08:30:00+05:30,Vavuniya_Northern,29.8,100.17114352114942,443.0,5.41,53.12951874818344
2026-09-30T08:45:00+05:30,Vavuniya_Northern,30.3,101.30037822424816,502.0,5.43,49.48799414439691
2026-09-30T09:00:00+05:30,Vavuniya_Northern,30.8,102.57522599160654,561.0,5.41,45.86178163355038
2026-09-30T09:15:00+05:30,Vavuniya_Northern,31.3,104.0337093318044,614.0,5.42,42.25490915841183
2026-09-30T09:30:00+05:30,Vavuniya_Northern,31.7,105.72710970256071,660.0,5.37,38.67287015014335
2026-09-30T09:45:00+05:30,Vavuniya_Northern,32.0,107.72612225336923,702.0,5.27,35.123342289090516
2026-09-30T10:00:00+05:30,Vavuniya_Northern,32.3,110.13051927151247,741.0,5.09,31.617354175369016
2026-09-30T10:15:00+05:30,Vavuniya_Northern,32.5,113.08461500852059,781.0,4.94,28.171240856883422
2026-09-30T10:30:00+05:30,Vavuniya_Northern,32.8,116.80225762844714,822.0,4.8,24.810037358333517
2026-09-30T10:45:00+05:30,Vavuniya_Northern,33.2,121.60663762182816,860.0,4.69,21.573538962789584
2026-09-30T11:00:00+05:30,Vavuniya_Northern,33.6,127.98859534951339,893.0,4.59,18.527283374855358
2026-09-30T11:15:00+05:30,Vavuniya_Northern,34.0,136.66634788842094,920.0,4.52,15.78188630976031
2026-09-30T11:30:00+05:30,Vavuniya_Northern,34.4,148.53389025002798,943.0,4.45,13.52191891189527
2026-09-30T11:45:00+05:30,Vavuniya_Northern,34.8,164.13871974674316,959.0,4.43,12.024326246557976
2026-09-30T12:00:00+05:30,Vavuniya_Northern,35.2,182.40209294622645,967.0,4.44,11.588572844148885
2026-09-30T12:15:00+05:30,Vavuniya_Northern,35.5,200.20496540959564,967.0,4.46,12.327787796436724
2026-09-30T12:30:00+05:30,Vavuniya_Northern,35.8,214.83370157120473,955.0,4.5,14.057818178100092
2026-09-30T12:45:00+05:30,Vavuniya_Northern,35.9,225.7733384001463,937.0,4.58,16.469308868596812
2026-09-30T13:00:00+05:30,Vavuniya_Northern,36.0,233.76064022144928,917.0,4.7,19.30857248938078
2026-09-30T13:15:00+05:30,Vavuniya_Northern,36.0,239.66519160790492,900.0,4.83,22.413596366804384
2026-09-30T13:30:00+05:30,Vavuniya_Northern,35.7,244.1417715213422,886.0,4.92,25.688153196356637
2026-09-30T13:45:00+05:30,Vavuniya_Northern,35.1,247.63039755852873,870.0,4.94,29.074977230210187
2026-09-30T14:00:00+05:30,Vavuniya_Northern,34.3,250.42044847272336,845.0,4.97,32.5389869742192
2026-09-30T14:15:00+05:30,Vavuniya_Northern,33.4,252.704232907041,809.0,4.96,36.057896754492695
2026-09-30T14:30:00+05:30,Vavuniya_Northern,32.8,254.61232987399967,764.0,4.89,39.61702942861971
2026-09-30T14:45:00+05:30,Vavuniya_Northern,32.5,256.23560403869385,713.0,4.74,43.2063928378136
2026-09-30T15:00:00+05:30,Vavuniya_Northern,32.4,257.63884259041725,656.0,4.45,46.818978399816665
2026-09-30T15:15:00+05:30,Vavuniya_Northern,32.4,258.86931526619753,592.0,4.16,50.44973780600122
2026-09-30T15:30:00+05:30,Vavuniya_Northern,32.4,259.9622576202793,522.0,3.92,54.09494876812852
2026-09-30T15:45:00+05:30,Vavuniya_Northern,32.5,260.9444621094757,451.0,3.73,57.75180798125458
2026-09-30T16:00:00+05:30,Vavuniya_Northern,32.7,261.8366838136614,383.0,3.57,61.418163158002514
2026-09-30T16:15:00+05:30,Vavuniya_Northern,32.8,262.6552879502219,320.0,3.42,65.09233354841483
2026-09-30T16:30:00+05:30,Vavuniya_Northern,32.8,263.41340155893226,261.0,3.29,68.77298486015148
2026-09-30T16:45:00+05:30,Vavuniya_Northern,32.6,264.12173545815466,206.0,3.19,72.45904088871949
2026-09-30T17:00:00+05:30,Vavuniya_Northern,32.2,264.78918320626906,156.0,3.16,76.14962126797995
2026-09-30T17:15:00+05:30,Vavuniya_Northern,31.8,265.42326644840955,110.0,3.11,79.84399457417418
2026-09-30T17:30:00+05:30,Vavuniya_Northern,31.3,266.03047402632257,69.0,2.83,83.5415431011409
2026-09-30T17:45:00+05:30,Vavuniya_Northern,30.8,266.6165274700676,34.0,2.19,87.24173730460647
2026-09-30T18:00:00+05:30,Vavuniya_Northern,30.3,267.1865953796844,7.0,1.43,90.94411452888444
2026-09-30T18:15:00+05:30,Vavuniya_Northern,29.7,267.74547398002966,0.0,1.08,94.64826176271885
2026-09-30T18:30:00+05:30,Vavuniya_Northern,29.2,268.297747356751,0.0,1.33,98.35380264198055
2026-09-30T18:45:00+05:30,Vavuniya_Northern,28.8,268.8479381714253,0.0,1.55,102.06038471394342
2026-09-30T19:00:00+05:30,Vavuniya_Northern,28.4,269.4006596463161,0.0,1.64,105.76766760449229
2026-09-30T19:15:00+05:30,Vavuniya_Northern,28.0,269.96078016292466,0.0,1.62,109.47531278814986
2026-09-30T19:30:00+05:30,Vavuniya_Northern,27.7,270.5336131783654,0.0,1.67,113.18297114202821
2026-09-30T19:45:00+05:30,Vavuniya_Northern,27.5,271.1251497254284,0.0,1.77,116.89026877797383
2026-09-30T20:00:00+05:30,Vavuniya_Northern,27.3,271.74235748943204,0.0,1.9,120.59679134556436
2026-09-30T20:15:00+05:30,Vavuniya_Northern,27.1,272.39358087860006,0.0,2.14,124.30206195755679
2026-09-30T20:30:00+05:30,Vavuniya_Northern,27.0,273.0890956414353,0.0,2.3,128.00551144677712
2026-09-30T20:45:00+05:30,Vavuniya_Northern,26.8,273.84190287851754,0.0,2.41,131.70643804886757
2026-09-30T21:00:00+05:30,Vavuniya_Northern,26.7,274.66890061102276,0.0,2.42,135.40394633298627
2026-09-30T21:15:00+05:30,Vavuniya_Northern,26.6,275.59266871499256,0.0,2.34,139.09685461643028
2026-09-30T21:30:00+05:30,Vavuniya_Northern,26.5,276.64428358647524,0.0,2.28,142.78355059560693
2026-09-30T21:45:00+05:30,Vavuniya_Northern,26.4,277.8679286629816,0.0,2.14,146.46175180682368
2026-09-30T22:00:00+05:30,Vavuniya_Northern,26.4,279.3287856294178,0.0,2.03,150.12809334285333
2026-09-30T22:15:00+05:30,Vavuniya_Northern,26.4,281.12724894179365,0.0,2.0,153.77737984084195
2026-09-30T22:30:00+05:30,Vavuniya_Northern,26.4,283.4261173180492,0.0,2.06,157.40113127273688
2026-09-30T22:45:00+05:30,Vavuniya_Northern,26.4,286.50645015434714,0.0,2.24,160.9845289794767
2026-09-30T23:00:00+05:30,Vavuniya_Northern,26.4,290.8922034172267,0.0,2.47,164.49934788418432
2026-09-30T23:15:00+05:30,Vavuniya_Northern,26.4,297.6536106468323,0.0,2.68,167.8855348928492
2026-09-30T23:30:00+05:30,Vavuniya_Northern,26.4,309.1788890235428,0.0,2.87,170.99655106133338
2026-09-30T23:45:00+05:30,Vavuniya_Northern,26.4,330.5809456386579,0.0,2.98,173.42898940870504
2026-10-01T00:00:00+05:30,Vavuniya_Northern,26.3,5.22586925017896,0.0,3.02,174.24589431173112
2026-10-01T00:15:00+05:30,Vavuniya_Northern,26.2,36.83905401694585,0.0,3.0,172.86861212511974
2026-10-01T00:30:00+05:30,Vavuniya_Northern,26.1,54.83473348604343,0.0,3.04,170.18074625089668
2026-10-01T00:45:00+05:30,Vavuniya_Northern,26.1,64.67599281617714,0.0,3.07,166.9696393865095
2026-10-01T01:00:00+05:30,Vavuniya_Northern,26.0,70.621338641987,0.0,3.09,163.53881993136537
2026-10-01T01:15:00+05:30,Vavuniya_Northern,25.9,74.5723918078071,0.0,3.08,160.0011762973109
2026-10-01T01:30:00+05:30,Vavuniya_Northern,25.9,77.39938262201866,0.0,3.11,156.40484937060347
2026-10-01T01:45:00+05:30,Vavuniya_Northern,25.9,79.53973400541406,0.0,3.11,152.7732336501472
2026-10-01T02:00:00+05:30,Vavuniya_Northern,25.9,81.23349060234546,0.0,3.08,149.11893498058635
2026-10-01T02:15:00+05:30,Vavuniya_Northern,25.9,82.62230699176104,0.0,3.08,145.44931679908177
2026-10-01T02:30:00+05:30,Vavuniya_Northern,25.9,83.79488117408556,0.0,3.04,141.7689664937776
2026-10-01T02:45:00+05:30,Vavuniya_Northern,25.9,84.80953836433383,0.0,2.97,138.0808962545379
2026-10-01T03:00:00+05:30,Vavuniya_Northern,25.8,85.70624637387078,0.0,2.93,134.38717479354247
2026-10-01T03:15:00+05:30,Vavuniya_Northern,25.7,86.51338672415727,0.0,2.83,130.68928048580082
2026-10-01T03:30:00+05:30,Vavuniya_Northern,25.7,87.2517618813805,0.0,2.76,126.98830789508338
2026-10-01T03:45:00+05:30,Vavuniya_Northern,25.6,87.93706844273845,0.0,2.69,123.28509599147947
2026-10-01T04:00:00+05:30,Vavuniya_Northern,25.6,88.58148137748299,0.0,2.62,119.58031045746466
2026-10-01T04:15:00+05:30,Vavuniya_Northern,25.5,89.1947036440065,0.0,2.59,115.8744970975646
2026-10-01T04:30:00+05:30,Vavuniya_Northern,25.4,89.78468344720659,0.0,2.53,112.16811986152767
2026-10-01T04:45:00+05:30,Vavuniya_Northern,25.3,90.35812002083651,0.0,2.46,108.46158825739776
2026-10-01T05:00:00+05:30,Vavuniya_Northern,25.2,90.92083237347015,0.0,2.36,104.75527652686696
2026-10-01T05:15:00+05:30,Vavuniya_Northern,25.2,91.47803782466826,0.0,2.25,101.04954005385963
2026-10-01T05:30:00+05:30,Vavuniya_Northern,25.1,92.03457184468425,0.0,2.25,97.34472919750716
2026-10-01T05:45:00+05:30,Vavuniya_Northern,25.1,92.59507100877187,0.0,2.29,93.64120027480512
2026-10-01T06:00:00+05:30,Vavuniya_Northern,25.2,93.16413442845146,0.0,2.4,89.93932762216271
2026-10-01T06:15:00+05:30,Vavuniya_Northern,25.3,93.74647638371954,16.0,2.51,86.2395160887284
2026-10-01T06:30:00+05:30,Vavuniya_Northern,25.5,94.34708133488078,51.0,2.69,82.54221329395386
2026-10-01T06:45:00+05:30,Vavuniya_Northern,25.9,94.97137161909563,93.0,2.97,78.84792555060218
2026-10-01T07:00:00+05:30,Vavuniya_Northern,26.3,95.62539989802491,141.0,3.36,75.15723708103012
2026-10-01T07:15:00+05:30,Vavuniya_Northern,26.8,96.31608099977745,187.0,3.71,71.47083250237638
2026-10-01T07:30:00+05:30,Vavuniya_Northern,27.2,97.05148136683647,227.0,3.92,67.78952755113681
2026-10-01T07:45:00+05:30,Vavuniya_Northern,27.6,97.84119193117624,262.0,3.92,64.11430936768342
2026-10-01T08:00:00+05:30,Vavuniya_Northern,28.0,98.69682107548226,299.0,3.81,60.44638896312403
2026-10-01T08:15:00+05:30,Vavuniya_Northern,28.4,99.63266008444197,344.0,3.59,56.787274901620464
2026-10-01T08:30:00+05:30,Vavuniya_Northern,28.8,100.66660043027878,400.0,3.41,53.13887594554281
2026-10-01T08:45:00+05:30,Vavuniya_Northern,29.3,101.82142402601471,463.0,3.19,49.50364554946979
2026-10-01T09:00:00+05:30,Vavuniya_Northern,29.8,103.12665365115697,527.0,2.98,45.88479399302514
2026-10-01T09:15:00+05:30,Vavuniya_Northern,30.2,104.62126239272197,589.0,2.72,42.28660395873623
2026-10-01T09:30:00+05:30,Vavuniya_Northern,30.7,106.35772615524093,651.0,2.48,38.71491065127509
2026-10-01T09:45:00+05:30,Vavuniya_Northern,31.1,108.40821337902901,711.0,2.23,35.17785723129061
2026-10-01T10:00:00+05:30,Vavuniya_Northern,31.5,110.87423169786126,766.0,1.94,31.687115531611937
2026-10-01T10:15:00+05:30,Vavuniya_Northern,31.9,113.90190448322079,809.0,1.66,28.259919649906053
2026-10-01T10:30:00+05:30,Vavuniya_Northern,32.3,117.70627337102923,839.0,1.42,24.922564195058186
2026-10-01T10:45:00+05:30,Vavuniya_Northern,32.7,122.60902997964723,860.0,1.17,21.716572393370228
2026-10-01T11:00:00+05:30,Vavuniya_Northern,33.0,129.09111321717387,878.0,0.97,18.709657323008827
2026-10-01T11:15:00+05:30,Vavuniya_Northern,33.4,137.83846706817576,901.0,0.81,16.01441017096532
2026-10-01T11:30:00+05:30,Vavuniya_Northern,33.7,149.66575680319153,928.0,0.65,13.81452548870024
2026-10-01T11:45:00+05:30,Vavuniya_Northern,34.1,164.99467275093173,953.0,0.57,12.377060478803045
2026-10-01T12:00:00+05:30,Vavuniya_Northern,34.4,182.71725940726824,966.0,0.57,11.979711052226861
2026-10-01T12:15:00+05:30,Vavuniya_Northern,34.7,199.9509827026848,961.0,0.56,12.720333423476092
2026-10-01T12:30:00+05:30,Vavuniya_Northern,35.0,214.22358108846234,944.0,0.5,14.424689433549162
2026-10-01T12:45:00+05:30,Vavuniya_Northern,35.2,225.02065071953024,913.0,0.25,16.802001708280656
2026-10-01T13:00:00+05:30,Vavuniya_Northern,35.5,232.98446305680838,865.0,0.21,19.60899538654826
2026-10-01T13:15:00+05:30,Vavuniya_Northern,35.6,238.91614352836476,792.0,0.53,22.68670569372634
2026-10-01T13:30:00+05:30,Vavuniya_Northern,35.2,243.4368686329972,687.0,0.6,25.938913406660802
2026-10-01T13:45:00+05:30,Vavuniya_Northern,34.1,246.97237142925331,574.0,1.11,29.307546919799293
2026-10-01T14:00:00+05:30,Vavuniya_Northern,32.4,249.80650476149378,475.0,2.45,32.7566661762872
2026-10-01T14:15:00+05:30,Vavuniya_Northern,30.7,252.12976532913524,410.0,3.82,36.26326927558547
2026-10-01T14:30:00+05:30,Vavuniya_Northern,29.6,254.07243515085148,368.0,4.61,39.81212337386806
2026-10-01T14:45:00+05:30,Vavuniya_Northern,29.2,255.72566116654366,338.0,4.49,43.392814643999635
2026-10-01T15:00:00+05:30,Vavuniya_Northern,29.2,257.15469796125143,313.0,3.82,46.99801548601525
2026-10-01T15:15:00+05:30,Vavuniya_Northern,29.4,258.4073054650464,287.0,3.03,50.622434991938896
2026-10-01T15:30:00+05:30,Vavuniya_Northern,29.5,259.5191695845907,264.0,2.41,54.26216482561729
2026-10-01T15:45:00+05:30,Vavuniya_Northern,29.4,260.51747331020294,242.0,2.0,57.91425766624039
2026-10-01T16:00:00+05:30,Vavuniya_Northern,29.2,261.4233002114394,218.0,1.75,61.57644872761355
2026-10-01T16:15:00+05:30,Vavuniya_Northern,29.0,262.25328652612296,192.0,1.7,65.24696867238548
2026-10-01T16:30:00+05:30,Vavuniya_Northern,28.7,263.0207794102507,166.0,1.75,68.9244130013636
2026-10-01T16:45:00+05:30,Vavuniya_Northern,28.3,263.7366654258647,138.0,1.95,72.60764963749693
2026-10-01T17:00:00+05:30,Vavuniya_Northern,27.9,264.4099752016033,110.0,2.33,76.29575369531128
2026-10-01T17:15:00+05:30,Vavuniya_Northern,27.3,265.0483333811608,81.0,2.67,79.98795838932078
2026-10-01T17:30:00+05:30,Vavuniya_Northern,26.8,265.6583012035501,52.0,2.62,83.68361818310521
2026-10-01T17:45:00+05:30,Vavuniya_Northern,26.1,266.2456443742325,26.0,1.97,87.38218205294872
2026-10-01T18:00:00+05:30,Vavuniya_Northern,25.3,266.81554877036007,5.0,0.89,91.08317136591793
2026-10-01T18:15:00+05:30,Vavuniya_Northern,24.6,267.3728012815112,0.0,0.56,94.78616207053321
2026-10-01T18:30:00+05:30,Vavuniya_Northern,24.1,267.92194925250715,0.0,1.2,98.49077136821997
2026-10-01T18:45:00+05:30,Vavuniya_Northern,24.0,268.4674492216021,0.0,1.4,102.19664486558777
2026-10-01T19:00:00+05:30,Vavuniya_Northern,24.0,269.0138155524143,0.0,1.3,105.9034448473325
2026-10-01T19:15:00+05:30,Vavuniya_Northern,24.1,269.5657799893048,0.0,1.1,109.61084038966851
2026-10-01T19:30:00+05:30,Vavuniya_Northern,24.2,270.12847436885124,0.0,0.91,113.31849553577675
2026-10-01T19:45:00+05:30,Vavuniya_Northern,24.2,270.70765304631334,0.0,0.7,117.02605611164122
2026-10-01T20:00:00+05:30,Vavuniya_Northern,24.2,271.3099779679497,0.0,0.5,120.73313547870539
2026-10-01T20:15:00+05:30,Vavuniya_Northern,24.1,271.94339924171277,0.0,0.52,124.43929458021377
2026-10-01T20:30:00+05:30,Vavuniya_Northern,24.1,272.6176823780937,0.0,0.56,128.14401527757101
2026-10-01T20:45:00+05:30,Vavuniya_Northern,24.1,273.3451633994502,0.0,0.5,131.84666455135425
2026-10-01T21:00:00+05:30,Vavuniya_Northern,24.1,274.1418643428208,0.0,0.45,135.54644016581352
2026-10-01T21:15:00+05:30,Vavuniya_Northern,24.2,275.0291960756402,0.0,0.63,139.2422883365503
2026-10-01T21:30:00+05:30,Vavuniya_Northern,24.2,276.03665069198394,0.0,0.79,142.9327754045811
2026-10-01T21:45:00+05:30,Vavuniya_Northern,24.2,277.2062274585619,0.0,0.74,146.6158741878343
2026-10-01T22:00:00+05:30,Vavuniya_Northern,24.2,278.60004368946545,0.0,0.66,150.28859503317577
2026-10-01T22:15:00+05:30,Vavuniya_Northern,24.2,280.31413061616877,0.0,0.62,153.94631340142647
2026-10-01T22:30:00+05:30,Vavuniya_Northern,24.2,282.50505385650536,0.0,0.6,157.58145357131838
2026-10-01T22:45:00+05:30,Vavuniya_Northern,24.2,285.4452862463569,0.0,0.57,161.18069760138678
2026-10-01T23:00:00+05:30,Vavuniya_Northern,24.2,289.6491677689464,0.0,0.5,164.718431584114
2026-10-01T23:15:00+05:30,Vavuniya_Northern,24.1,296.18958924912056,0.0,0.58,168.13925536720035
2026-10-01T23:30:00+05:30,Vavuniya_Northern,24.1,307.5551316973183,0.0,0.67,171.30385377324677
2026-10-01T23:45:00+05:30,Vavuniya_Northern,24.1,329.4899377595282,0.0,0.71,173.8059676522164
2026-10-02T00:00:00+05:30,Vavuniya_Northern,24.1,6.459079717189525,0.0,0.74,174.6234067142548
2026-10-02T00:15:00+05:30,Vavuniya_Northern,24.0,39.30592461933253,0.0,0.76,173.12627952777265
2026-10-02T00:30:00+05:30,Vavuniya_Northern,24.0,56.98676405894872,0.0,0.84,170.3363854790482
2026-10-02T00:45:00+05:30,Vavuniya_Northern,24.0,66.38681279272356,0.0,0.95,167.0648843414499
2026-10-02T01:00:00+05:30,Vavuniya_Northern,24.0,72.0056110494312,0.0,1.1,163.5975864016423
2026-10-02T01:15:00+05:30,Vavuniya_Northern,24.0,75.72651948499345,0.0,1.19,160.036390552515
2026-10-02T01:30:00+05:30,Vavuniya_Northern,24.0,78.38778235140506,0.0,1.28,156.42395934620296
2026-10-02T01:45:00+05:30,Vavuniya_Northern,24.0,80.40508033562173,0.0,1.23,152.78084494077842
2026-10-02T02:00:00+05:30,Vavuniya_Northern,24.0,82.00486748180833,0.0,1.19,149.11807345444842
2026-10-02T02:15:00+05:30,Vavuniya_Northern,24.0,83.3202185471497,0.0,1.08,145.44207259865485
2026-10-02T02:30:00+05:30,Vavuniya_Northern,24.0,84.43425442838043,0.0,1.0,141.75684495404184
2026-10-02T02:45:00+05:30,Vavuniya_Northern,24.0,85.40155847147895,0.0,0.99,138.06502072269342
2026-10-02T03:00:00+05:30,Vavuniya_Northern,24.0,86.25951293332537,0.0,0.96,134.3684099563852
2026-10-02T03:15:00+05:30,Vavuniya_Northern,23.9,87.0346657383526,0.0,1.0,130.66831071051845
2026-10-02T03:30:00+05:30,Vavuniya_Northern,23.9,87.74648966361116,0.0,1.0,126.96568892088337
2026-10-02T03:45:00+05:30,Vavuniya_Northern,23.9,88.40969883753087,0.0,0.96,123.26129021277211
2026-10-02T04:00:00+05:30,Vavuniya_Northern,23.9,89.03573125135136,0.0,0.96,119.55571177293862
2026-10-02T04:15:00+05:30,Vavuniya_Northern,23.9,89.63373068882271,0.0,0.92,115.84944893057263
2026-10-02T04:30:00+05:30,Vavuniya_Northern,23.9,90.21121799149904,0.0,0.93,112.14292862342316
2026-10-02T04:45:00+05:30,Vavuniya_Northern,23.9,90.7745650308724,0.0,0.93,108.4365337215767
2026-10-02T05:00:00+05:30,Vavuniya_Northern,23.8,91.32934115832575,0.0,0.92,104.73062009630016
2026-10-02T05:15:00+05:30,Vavuniya_Northern,23.8,91.88057600551298,0.0,0.92,101.02553160641561
2026-10-02T05:30:00+05:30,Vavuniya_Northern,23.8,92.43296822800721,0.0,0.99,97.32161299685808
2026-10-02T05:45:00+05:30,Vavuniya_Northern,23.9,92.99106075294196,0.0,1.11,93.61922032354023
2026-10-02T06:00:00+05:30,Vavuniya_Northern,23.9,93.55939708284586,0.0,1.21,89.91873276196254
2026-10-02T06:15:00+05:30,Vavuniya_Northern,24.1,94.14267085640239,16.0,1.39,86.22056510838071
2026-10-02T06:30:00+05:30,Vavuniya_Northern,24.3,94.74587953466227,52.0,1.54,82.52518030506536
2026-10-02T06:45:00+05:30,Vavuniya_Northern,24.6,95.37449236997963,96.0,1.68,78.83310589294884
2026-10-02T07:00:00+05:30,Vavuniya_Northern,25.0,96.03464470472022,147.0,1.78,75.14495406581256
2026-10-02T07:15:00+05:30,Vavuniya_Northern,25.5,96.73337335559916,202.0,1.86,71.46144536462238
2026-10-02T07:30:00+05:30,Vavuniya_Northern,26.0,97.47891153008015,259.0,1.88,67.7834410757551
2026-10-02T07:45:00+05:30,Vavuniya_Northern,26.5,98.28106947171455,317.0,1.77,64.11198582193532
2026-10-02T08:00:00+05:30,Vavuniya_Northern,27.0,99.15173804242761,375.0,1.59,60.448363177915994
2026-10-02T08:15:00+05:30,Vavuniya_Northern,27.5,100.10556835334978,430.0,1.35,56.79417368149173
2026-10-02T08:30:00+05:30,Vavuniya_Northern,27.9,101.16090766996297,479.0,1.12,53.15144347346562
2026-10-02T08:45:00+05:30,Vavuniya_Northern,28.4,102.34111366469568,524.0,0.94,49.522777186155444
2026-10-02T09:00:00+05:30,Vavuniya_Northern,28.8,103.67643480739258,567.0,0.76,45.91158196502656
2026-10-02T09:15:00+05:30,Vavuniya_Northern,29.2,105.20675492941541,611.0,0.65,42.32240009333054
2026-10-02T09:30:00+05:30,Vavuniya_Northern,29.6,106.9856809465054,657.0,0.59,38.76141380208395
2026-10-02T09:45:00+05:30,Vavuniya_Northern,29.9,109.08675100428661,702.0,0.57,35.23723668830881
2026-10-02T10:00:00+05:30,Vavuniya_Northern,30.3,111.61303474260785,743.0,0.57,31.762186595110016
2026-10-02T10:15:00+05:30,Vavuniya_Northern,30.7,114.71216865166889,779.0,0.56,28.354392584757747
2026-10-02T10:30:00+05:30,Vavuniya_Northern,31.0,118.59987870224415,809.0,0.62,25.041386649476806
2026-10-02T10:45:00+05:30,Vavuniya_Northern,31.3,123.5955063934411,835.0,0.65,21.866353483917877
2026-10-02T11:00:00+05:30,Vavuniya_Northern,31.6,130.16884684616173,858.0,0.73,18.899014550233474
2026-10-02T11:15:00+05:30,Vavuniya_Northern,31.8,138.9726534180047,879.0,0.85,16.253575471182714
2026-10-02T11:30:00+05:30,Vavuniya_Northern,32.1,150.74537450429386,901.0,1.0,14.112285124822463
2026-10-02T11:45:00+05:30,Vavuniya_Northern,32.3,165.79732109813608,920.0,1.13,12.732135377707607
2026-10-02T12:00:00+05:30,Vavuniya_Northern,32.5,183.00670418044373,930.0,1.24,12.370581449383138
2026-10-02T12:15:00+05:30,Vavuniya_Northern,32.6,199.70722287405368,927.0,1.31,13.112162418642768
2026-10-02T12:30:00+05:30,Vavuniya_Northern,32.8,213.63994165545517,908.0,1.43,14.791877294801196
2026-10-02T12:45:00+05:30,Vavuniya_Northern,32.9,224.29445953366115,882.0,1.55,17.136021471102353
2026-10-02T13:00:00+05:30,Vavuniya_Northern,33.1,232.22971116101317,857.0,1.7,19.911270120873084
2026-10-02T13:15:00+05:30,Vavuniya_Northern,33.2,238.18339422509482,841.0,1.81,22.961809408036643
2026-10-02T13:30:00+05:30,Vavuniya_Northern,33.3,242.7442540578724,836.0,1.88,26.191594360019472
2026-10-02T13:45:00+05:30,Vavuniya_Northern,33.4,246.32370283341365,830.0,1.82,29.541857994885632
2026-10-02T14:00:00+05:30,Vavuniya_Northern,33.5,249.1998032965726,812.0,1.64,32.97586233651174
2026-10-02T14:15:00+05:30,Vavuniya_Northern,33.5,251.56100102268272,772.0,1.49,36.46992019856163
2026-10-02T14:30:00+05:30,Vavuniya_Northern,33.2,253.5371062269486,717.0,1.48,40.00825807510505
2026-10-02T14:45:00+05:30,Vavuniya_Northern,32.5,255.2194277707532,652.0,1.83,43.580047295539735
2026-10-02T15:00:00+05:30,Vavuniya_Northern,31.6,256.6736058635803,582.0,2.44,47.17764388003559
2026-10-02T15:15:00+05:30,Vavuniya_Northern,30.6,257.947834801064,509.0,2.98,50.795514856973746
2026-10-02T15:30:00+05:30,Vavuniya_Northern,29.6,259.07821224428415,430.0,3.04,54.429565352601074
2026-10-02T15:45:00+05:30,Vavuniya_Northern,28.6,260.0922845992261,353.0,2.35,58.07670306250547
2026-10-02T16:00:00+05:30,Vavuniya_Northern,27.6,261.01144453831375,285.0,1.53,61.7345495460379
2026-10-02T16:15:00+05:30,Vavuniya_Northern,26.6,261.85258520364033,230.0,1.68,65.40124567367911
2026-10-02T16:30:00+05:30,Vavuniya_Northern,25.8,262.6292633916379,187.0,2.1,69.07531555258024
2026-10-02T16:45:00+05:30,Vavuniya_Northern,25.2,263.3525334747884,150.0,1.9,72.75557009025071
2026-10-02T17:00:00+05:30,Vavuniya_Northern,24.7,264.03155700921354,113.0,1.77,76.44103878984177
2026-10-02T17:15:00+05:30,Vavuniya_Northern,24.3,264.67405675728065,77.0,2.37,80.1309184527593
2026-10-02T17:30:00+05:30,Vavuniya_Northern,24.1,265.2866623607278,44.0,2.91,83.8245346949008
2026-10-02T17:45:00+05:30,Vavuniya_Northern,24.0,265.8751803080225,19.0,2.82,87.52131400504894
2026-10-02T18:00:00+05:30,Vavuniya_Northern,24.1,266.4448107446831,3.0,2.28,91.22076076149105
2026-10-02T18:15:00+05:30,Vavuniya_Northern,24.3,267.0003284166892,0.0,1.66,94.92243883278016
2026-10-02T18:30:00+05:30,Vavuniya_Northern,24.4,267.54624115477566,0.0,1.3,98.62595789335525
2026-10-02T18:45:00+05:30,Vavuniya_Northern,24.5,268.0869364703635,0.0,1.25,102.33096043531582
2026-10-02T19:00:00+05:30,Vavuniya_Northern,24.5,268.62682665121775,0.0,1.36,106.03711011075758
2026-10-02T19:15:00+05:30,Vavuniya_Northern,24.5,269.17050305147706,0.0,1.57,109.7440821483191
2026-10-02T19:30:00+05:30,Vavuniya_Northern,24.5,269.7229113083474,0.0,1.77,113.45155210063751
2026-10-02T19:45:00+05:30,Vavuniya_Northern,24.4,270.28956329252367,0.0,1.92,117.15918356817393
2026-10-02T20:00:00+05:30,Vavuniya_Northern,24.3,270.8768075993151,0.0,2.06,120.86661532404008
2026-10-02T20:15:00+05:30,Vavuniya_Northern,24.2,271.492189755461,0.0,2.25,124.57344336180819
2026-10-02T20:30:00+05:30,Vavuniya_Northern,24.1,272.1449507523281,0.0,2.36,128.2791971586238
2026-10-02T20:45:00+05:30,Vavuniya_Northern,24.1,272.8467411338708,0.0,2.4,131.98330818571577
2026-10-02T21:00:00+05:30,Vavuniya_Northern,24.1,273.61267694854905,0.0,2.4,135.68506201780295
2026-10-02T21:15:00+05:30,Vavuniya_Northern,24.1,274.46295450534245,0.0,2.36,139.38352586574482
2026-10-02T21:30:00+05:30,Vavuniya_Northern,24.1,275.425409949199,0.0,2.33,143.07743574795805
2026-10-02T21:45:00+05:30,Vavuniya_Northern,24.1,276.53974102044776,0.0,2.28,146.7650080224544
2026-10-02T22:00:00+05:30,Vavuniya_Northern,24.1,277.86479917708056,0.0,2.22,150.44361292782003
2026-10-02T22:15:00+05:30,Vavuniya_Northern,24.1,279.4918868592671,0.0,2.11,154.10917710746418
2026-10-02T22:30:00+05:30,Vavuniya_Northern,24.1,281.570628827644,0.0,2.01,157.75500621159742
2026-10-02T22:45:00+05:30,Vavuniya_Northern,24.0,284.363434586164,0.0,1.92,161.36926521195227
2026-10-02T23:00:00+05:30,Vavuniya_Northern,24.0,288.3716948328636,0.0,1.86,164.9289782126806
2026-10-02T23:15:00+05:30,Vavuniya_Northern,23.9,294.66309541402165,0.0,1.74,168.38364144038118
2026-10-02T23:30:00+05:30,Vavuniya_Northern,23.9,305.8123920713743,0.0,1.66,171.6023339738622
2026-10-02T23:45:00+05:30,Vavuniya_Northern,23.8,328.2499855908315,0.0,1.53,174.1792202059262
2026-10-03T00:00:00+05:30,Vavuniya_Northern,23.8,7.8606229582669584,0.0,1.37,174.99768565020327
2026-10-03T00:15:00+05:30,Vavuniya_Northern,23.8,41.94641719083518,0.0,1.25,173.37084475866266
2026-10-03T00:30:00+05:30,Vavuniya_Northern,23.7,59.198043693925115,0.0,1.25,170.47909702623699
2026-10-03T00:45:00+05:30,Vavuniya_Northern,23.7,68.11623737195532,0.0,1.35,167.1498692185956
2026-10-03T01:00:00+05:30,Vavuniya_Northern,23.7,73.39530286768729,0.0,1.5,163.64836261415113
2026-10-03T01:15:00+05:30,Vavuniya_Northern,23.7,76.8814248281389,0.0,1.65,160.06530243387124
2026-10-03T01:30:00+05:30,Vavuniya_Northern,23.6,79.37523323346369,0.0,1.71,156.43802542384503
2026-10-03T01:45:00+05:30,Vavuniya_Northern,23.6,81.26884897299851,0.0,1.67,152.7843762943759
2026-10-03T02:00:00+05:30,Vavuniya_Northern,23.6,82.77448073251446,0.0,1.52,149.1138925498524
2026-10-03T02:15:00+05:30,Vavuniya_Northern,23.5,84.0163650929162,0.0,1.32,145.43212572417616
2026-10-03T02:30:00+05:30,Vavuniya_Northern,23.5,85.07193676299408,0.0,1.18,141.7425330449834
2026-10-03T02:45:00+05:30,Vavuniya_Northern,23.4,85.99198905212575,0.0,1.09,138.04738953890705
2026-10-03T03:00:00+05:30,Vavuniya_Northern,23.4,86.81129695280003,0.0,1.03,134.34826532107394
2026-10-03T03:15:00+05:30,Vavuniya_Northern,23.4,87.55456511111242,0.0,0.96,130.64629154922469
2026-10-03T03:30:00+05:30,Vavuniya_Northern,23.4,88.23993256485306,0.0,0.94,126.94231539555577
2026-10-03T03:45:00+05:30,Vavuniya_Northern,23.3,88.88112958902514,0.0,0.94,123.23699655949386
2026-10-03T04:00:00+05:30,Vavuniya_Northern,23.3,89.48885705564578,0.0,0.96,119.53086943020334
2026-10-03T04:15:00+05:30,Vavuniya_Northern,23.3,90.07169997586504,0.0,0.97,115.82438333252044
2026-10-03T04:30:00+05:30,Vavuniya_Northern,23.3,90.63675242430918,0.0,1.0,112.11793177185467
2026-10-03T04:45:00+05:30,Vavuniya_Northern,23.2,91.19005952490909,0.0,1.03,108.41187390795201
2026-10-03T05:00:00+05:30,Vavuniya_Northern,23.2,91.73694151572647,0.0,1.01,104.70654968661592
2026-10-03T05:15:00+05:30,Vavuniya_Northern,23.2,92.28224076661252,0.0,1.0,101.00229352842749
2026-10-03T05:30:00+05:30,Vavuniya_Northern,23.2,92.83051939781421,0.0,1.0,97.29944639335953
2026-10-03T05:45:00+05:30,Vavuniya_Northern,23.4,93.38622679868149,0.0,0.96,93.5983657209034
2026-10-03T06:00:00+05:30,Vavuniya_Northern,23.7,93.95385077940324,0.0,0.92,89.89943704474253
2026-10-03T06:15:00+05:30,Vavuniya_Northern,24.0,94.53806402612065,16.0,0.9,86.20308655573318
2026-10-03T06:30:00+05:30,Vavuniya_Northern,24.3,95.14387641350334,54.0,0.89,82.50979393608186
2026-10-03T06:45:00+05:30,Vavuniya_Northern,24.6,95.7768031733417,104.0,0.9,78.82010939161835
2026-10-03T07:00:00+05:30,Vavuniya_Northern,25.0,96.4430609401391,162.0,0.88,75.13467458092104
2026-10-03T07:15:00+05:30,Vavuniya_Northern,25.4,97.1498065233838,221.0,0.92,71.45424756154621
2026-10-03T07:30:00+05:30,Vavuniya_Northern,25.8,97.90543706187407,277.0,0.97,67.77973691668731
2026-10-03T07:45:00+05:30,Vavuniya_Northern,26.2,98.71997809712872,332.0,1.03,64.11224669931102
2026-10-03T08:00:00+05:30,Vavuniya_Northern,26.6,99.60559725543135,385.0,1.05,60.453135259490004
2026-10-03T08:15:00+05:30,Vavuniya_Northern,27.0,100.57729725529015,442.0,1.08,56.80409764987005
2026-10-03T08:30:00+05:30,Vavuniya_Northern,27.3,101.65386917170684,500.0,1.12,53.16728032947256
2026-10-03T08:45:00+05:30,Vavuniya_Northern,27.7,102.85922866860977,557.0,1.12,49.545442510310735
2026-10-03T09:00:00+05:30,Vavuniya_Northern,28.0,104.22432305071806,611.0,1.1,45.94219209607977
2026-10-03T09:15:00+05:30,Vavuniya_Northern,28.4,105.78990542907229,659.0,1.1,42.362335280696925
2026-10-03T09:30:00+05:30,Vavuniya_Northern,28.7,107.61064821818104,701.0,1.08,38.812405751659
2026-10-03T09:45:00+05:30,Vavuniya_Northern,29.1,109.76135329665965,736.0,1.06,35.301491219242855
2026-10-03T10:00:00+05:30,Vavuniya_Northern,29.4,112.34647703203768,767.0,1.1,31.84255630377779
2026-10-03T10:15:00+05:30,Vavuniya_Northern,29.8,115.51487427687732,794.0,1.11,28.454617770204166
2026-10-03T10:30:00+05:30,Vavuniya_Northern,30.1,119.48245925764024,815.0,1.1,25.166417891529193
2026-10-03T10:45:00+05:30,Vavuniya_Northern,30.4,124.56542214635073,832.0,1.1,22.022729569589643
2026-10-03T11:00:00+05:30,Vavuniya_Northern,30.6,131.2213233275076,846.0,1.12,19.09510975255391
2026-10-03T11:15:00+05:30,Vavuniya_Northern,30.8,140.06916614363018,861.0,1.11,16.499026586728135
2026-10-03T11:30:00+05:30,Vavuniya_Northern,31.0,151.77469653130652,878.0,1.04,14.414775429593476
2026-10-03T11:45:00+05:30,Vavuniya_Northern,31.2,166.5502141788013,892.0,0.95,13.089217804418979
2026-10-03T12:00:00+05:30,Vavuniya_Northern,31.3,183.27238673323149,897.0,0.81,12.761032544767403
2026-10-03T12:15:00+05:30,Vavuniya_Northern,31.4,199.47248472570948,888.0,0.63,13.503142718315743
2026-10-03T12:30:00+05:30,Vavuniya_Northern,31.5,213.08071356515342,868.0,0.46,15.159160680470833
2026-10-03T12:45:00+05:30,Vavuniya_Northern,31.5,223.59327184587966,839.0,0.36,17.471098685761163
2026-10-03T13:00:00+05:30,Vavuniya_Northern,31.6,231.49553770250898,804.0,0.43,20.215127982319615
2026-10-03T13:15:00+05:30,Vavuniya_Northern,31.6,237.46650532344916,766.0,0.57,23.23865913221782
2026-10-03T13:30:00+05:30,Vavuniya_Northern,31.5,242.06371516968346,726.0,0.75,26.445970909550233
2026-10-03T13:45:00+05:30,Vavuniya_Northern,31.5,245.68430081143558,682.0,0.87,29.77770581692326
2026-10-03T14:00:00+05:30,Vavuniya_Northern,31.4,248.60031945864225,632.0,0.99,33.196387551444516
2026-10-03T14:15:00+05:30,Vavuniya_Northern,31.2,250.99795241035707,572.0,1.01,36.677674955965614
2026-10-03T14:30:00+05:30,Vavuniya_Northern,31.0,253.00637676770447,502.0,0.96,40.205269571485786
2026-10-03T14:45:00+05:30,Vavuniya_Northern,30.7,254.71695002941328,431.0,0.81,43.767935324611095
2026-10-03T15:00:00+05:30,Vavuniya_Northern,30.3,256.19562005431703,368.0,0.53,47.35771499009474
2026-10-03T15:15:00+05:30,Vavuniya_Northern,29.8,257.4909617724312,320.0,0.3,50.96883444246942
2026-10-03T15:30:00+05:30,Vavuniya_Northern,29.4,258.63944719394044,284.0,0.36,54.597012056179295
2026-10-03T15:45:00+05:30,Vavuniya_Northern,28.8,259.668959723997,253.0,0.76,58.2390097847686
2026-10-03T16:00:00+05:30,Vavuniya_Northern,28.3,260.6011821747132,222.0,1.2,61.892334531254164
2026-10-03T16:15:00+05:30,Vavuniya_Northern,27.7,261.4532507413131,191.0,1.7,65.55503628487199
2026-10-03T16:30:00+05:30,Vavuniya_Northern,27.1,262.2389215570663,160.0,2.16,69.22556665992536
2026-10-03T16:45:00+05:30,Vavuniya_Northern,26.6,262.96940898880536,130.0,2.56,72.90267847071738
2026-10-03T17:00:00+05:30,Vavuniya_Northern,26.1,263.6539994626206,101.0,2.87,76.58535456735721
2026-10-03T17:15:00+05:30,Vavuniya_Northern,25.7,264.30050904698913,72.0,3.18,80.27275432581187
2026-10-03T17:30:00+05:30,Vavuniya_Northern,25.3,264.9156318491465,44.0,3.38,83.96417352130631
2026-10-03T17:45:00+05:30,Vavuniya_Northern,25.0,265.50521180373,20.0,3.49,87.65901516907881
2026-10-03T18:00:00+05:30,Vavuniya_Northern,24.8,266.0744603728774,3.0,3.49,91.35676565930558
2026-10-03T18:15:00+05:30,Vavuniya_Northern,24.6,266.6281374139088,0.0,3.44,95.05697574760252
2026-10-03T18:30:00+05:30,Vavuniya_Northern,24.4,267.1707085434918,0.0,3.35,98.75924648815993
2026-10-03T18:45:00+05:30,Vavuniya_Northern,24.2,267.7064894306616,0.0,3.2,102.46321607749081
2026-10-03T19:00:00+05:30,Vavuniya_Northern,24.1,268.23978717873763,0.0,3.05,106.16854823281427
2026-10-03T19:15:00+05:30,Vavuniya_Northern,24.0,268.77504913399025,0.0,2.85,109.87492286370592
2026-10-03T19:30:00+05:30,Vavuniya_Northern,23.9,269.3170303265895,0.0,2.66,113.58202533775292
2026-10-03T19:45:00+05:30,Vavuniya_Northern,23.8,269.87099455762996,0.0,2.51,117.28953504765737
2026-10-03T20:00:00+05:30,Vavuniya_Northern,23.7,270.44296974761994,0.0,2.32,120.99711380863715
2026-10-03T20:15:00+05:30,Vavuniya_Northern,23.6,271.04008694201633,0.0,2.16,124.70438978954205
2026-10-03T20:30:00+05:30,Vavuniya_Northern,23.6,271.671048840968,0.0,2.01,128.41093653334735
2026-10-03T20:45:00+05:30,Vavuniya_Northern,23.5,272.34680079925903,0.0,1.86,132.1162455499522
2026-10-03T21:00:00+05:30,Vavuniya_Northern,23.5,273.08152381660307,0.0,1.75,135.81968455311775
2026-10-03T21:15:00+05:30,Vavuniya_Northern,23.5,273.8941553919542,0.0,1.64,139.5204344011715
2026-10-03T21:30:00+05:30,Vavuniya_Northern,23.5,274.81080585527104,0.0,1.53,143.2173911353598
2026-10-03T21:45:00+05:30,Vavuniya_Northern,23.5,275.8687564336428,0.0,1.42,146.90900179823646
2026-10-03T22:00:00+05:30,Vavuniya_Northern,23.5,277.12339406767774,0.0,1.32,150.59297927395272
2026-10-03T22:15:00+05:30,Vavuniya_Northern,23.5,278.660928863309,0.0,1.2,154.26577840303133
2026-10-03T22:30:00+05:30,Vavuniya_Northern,23.6,280.6233321851341,0.0,1.1,157.92155699699373
2026-10-03T22:45:00+05:30,Vavuniya_Northern,23.6,283.26143520018843,0.0,1.0,161.54993265776665
2026-10-03T23:00:00+05:30,Vavuniya_Northern,23.6,287.0601497402046,0.0,0.96,165.13056847825794
2026-10-03T23:15:00+05:30,Vavuniya_Northern,23.7,293.07309782902786,0.0,0.86,168.61805053111067
2026-10-03T23:30:00+05:30,Vavuniya_Northern,23.7,303.9419816196616,0.0,0.82,171.89100468691305
2026-10-03T23:45:00+05:30,Vavuniya_Northern,23.7,326.8323157340538,0.0,0.79,174.5480293932065
2026-10-04T00:00:00+05:30,Vavuniya_Northern,23.7,9.467689269884204,0.0,0.81,175.36808038567239
2026-10-04T00:15:00+05:30,Vavuniya_Northern,23.6,44.76805354098053,0.0,0.81,173.60095687505208
2026-10-04T00:30:00+05:30,Vavuniya_Northern,23.6,61.46450558526544,0.0,0.83,170.60843175047734
2026-10-04T00:45:00+05:30,Vavuniya_Northern,23.6,69.86144896229473,0.0,0.85,167.22451915028466
2026-10-04T01:00:00+05:30,Vavuniya_Northern,23.6,74.78879301911365,0.0,0.92,163.69119638713903
2026-10-04T01:15:00+05:30,Vavuniya_Northern,23.5,78.0361238655621,0.0,0.92,160.08800148090774
2026-10-04T01:30:00+05:30,Vavuniya_Northern,23.5,80.36108894056127,0.0,0.99,156.4471513731591
2026-10-04T01:45:00+05:30,Vavuniya_Northern,23.5,82.13058314390764,0.0,1.01,152.78393557747202
2026-10-04T02:00:00+05:30,Vavuniya_Northern,23.5,83.5419868079303,0.0,1.08,149.10650028476272
2026-10-04T02:15:00+05:30,Vavuniya_Northern,23.5,84.71047456490533,0.0,1.08,145.41958279135807
2026-10-04T02:30:00+05:30,Vavuniya_Northern,23.5,85.70770340419386,0.0,1.15,141.72613540832205
2026-10-04T02:45:00+05:30,Vavuniya_Northern,23.4,86.5806378503064,0.0,1.22,138.0281052091022
2026-10-04T03:00:00+05:30,Vavuniya_Northern,23.4,87.36142924118877,0.0,1.22,134.32684126849608
2026-10-04T03:15:00+05:30,Vavuniya_Northern,23.3,88.07293240762397,0.0,1.29,130.62332133775436
2026-10-04T03:30:00+05:30,Vavuniya_Northern,23.3,88.73195053253647,0.0,1.36,126.91828370797073
2026-10-04T03:45:00+05:30,Vavuniya_Northern,23.2,89.35122988409654,0.0,1.43,123.21230956695335
2026-10-04T04:00:00+05:30,Vavuniya_Northern,23.2,89.94073487943433,0.0,1.5,119.5058761929987
2026-10-04T04:15:00+05:30,Vavuniya_Northern,23.1,90.50849269865853,0.0,1.5,115.79939136106731
2026-10-04T04:30:00+05:30,Vavuniya_Northern,23.1,91.06117161238888,0.0,1.57,112.09321870894797
2026-10-04T04:45:00+05:30,Vavuniya_Northern,23.2,91.60449086328828,0.0,1.64,108.38769659290986
2026-10-04T05:00:00+05:30,Vavuniya_Northern,23.2,92.14352229069834,0.0,1.64,104.6831514608848
2026-10-04T05:15:00+05:30,Vavuniya_Northern,23.3,92.68292154093581,0.0,1.71,100.97991036731999
2026-10-04T05:30:00+05:30,Vavuniya_Northern,23.4,93.22711454686521,0.0,1.78,97.27831229756204
2026-10-04T05:45:00+05:30,Vavuniya_Northern,23.6,93.7804573035491,0.0,1.85,93.57871769964952
2026-10-04T06:00:00+05:30,Vavuniya_Northern,23.9,94.34738184781958,0.0,1.92,89.88151996442704
2026-10-04T06:15:00+05:30,Vavuniya_Northern,24.2,94.93253957629815,16.0,1.99,86.18715810015212
2026-10-04T06:30:00+05:30,Vavuniya_Northern,24.5,95.54095213453292,54.0,2.06,82.49612992463014
2026-10-04T06:45:00+05:30,Vavuniya_Northern,24.8,96.17817971277537,102.0,2.13,78.80900970951959
2026-10-04T07:00:00+05:30,Vavuniya_Northern,25.2,96.85051872715206,159.0,2.23,75.1264700334262
2026-10-04T07:15:00+05:30,Vavuniya_Northern,25.6,97.56524381804206,217.0,2.3,71.44930801923154
2026-10-04T07:30:00+05:30,Vavuniya_Northern,26.0,98.33091300225755,273.0,2.38,67.77848123145337
2026-10-04T07:45:00+05:30,Vavuniya_Northern,26.4,99.15776281534471,327.0,2.45,64.1151550237855
2026-10-04T08:00:00+05:30,Vavuniya_Northern,26.7,100.05823155103235,381.0,2.48,60.46076462982886
2026-10-04T08:15:00+05:30,Vavuniya_Northern,27.1,101.04766481212505,441.0,2.51,56.81710202026296
2026-10-04T08:30:00+05:30,Vavuniya_Northern,27.5,102.14528483365933,507.0,2.51,53.18643672189659
2026-10-04T08:45:00+05:30,Vavuniya_Northern,27.9,103.37554662467278,575.0,2.51,49.57168565849279
2026-10-04T09:00:00+05:30,Vavuniya_Northern,28.2,104.77006831721678,639.0,2.44,45.97666099617383
2026-10-04T09:15:00+05:30,Vavuniya_Northern,28.6,106.37042935390161,692.0,2.41,42.406436588842126
2026-10-04T09:30:00+05:30,Vavuniya_Northern,29.0,108.23230033305128,733.0,2.33,38.86790116161956
2026-10-04T09:45:00+05:30,Vavuniya_Northern,29.4,110.431639007836,764.0,2.26,35.37061892220801
2026-10-04T10:00:00+05:30,Vavuniya_Northern,29.8,113.07411219260644,788.0,2.19,31.928200033329432
2026-10-04T10:15:00+05:30,Vavuniya_Northern,30.1,116.30950132976642,809.0,2.09,28.560538607418636
2026-10-04T10:30:00+05:30,Vavuniya_Northern,30.5,120.35342893945983,825.0,2.02,25.297555486586745
2026-10-04T10:45:00+05:30,Vavuniya_Northern,30.8,125.51818699633384,833.0,1.98,22.185532552380664
2026-10-04T11:00:00+05:30,Vavuniya_Northern,31.0,132.24816188137515,833.0,1.87,19.297685396196982
2026-10-04T11:15:00+05:30,Vavuniya_Northern,31.2,141.12837537479544,822.0,1.88,16.750405160813514
2026-10-04T11:30:00+05:30,Vavuniya_Northern,31.3,152.75567406179835,797.0,1.85,14.721586609202262
2026-10-04T11:45:00+05:30,Vavuniya_Northern,31.3,167.25662501460602,764.0,1.91,13.44799141982162
2026-10-04T12:00:00+05:30,Vavuniya_Northern,31.2,183.51606217616865,731.0,1.97,13.15091423274977
2026-10-04T12:15:00+05:30,Vavuniya_Northern,31.1,199.24572202003833,705.0,2.15,13.893142654672573
2026-10-04T12:30:00+05:30,Vavuniya_Northern,30.9,212.54402236383174,685.0,2.29,15.526327842930044
2026-10-04T12:45:00+05:30,Vavuniya_Northern,30.7,222.91569065800033,667.0,2.5,17.806974958072217
2026-10-04T13:00:00+05:30,Vavuniya_Northern,30.5,230.7811288722675,648.0,2.77,20.52030896020638
2026-10-04T13:15:00+05:30,Vavuniya_Northern,30.2,236.76504677199742,625.0,3.01,23.51701269977214
2026-10-04T13:30:00+05:30,Vavuniya_Northern,29.9,241.3950400037965,601.0,3.2,26.701822476700656
2026-10-04T13:45:00+05:30,Vavuniya_Northern,29.6,245.0540734521093,575.0,3.35,30.01488939204068
2026-10-04T14:00:00+05:30,Vavuniya_Northern,29.3,248.00802793811766,547.0,3.5,33.418057098258636
2026-10-04T14:15:00+05:30,Vavuniya_Northern,29.0,250.44063193768113,517.0,3.5,36.88636196740353
2026-10-04T14:30:00+05:30,Vavuniya_Northern,28.7,252.48028117951256,485.0,3.45,40.402996848552796
2026-10-04T14:45:00+05:30,Vavuniya_Northern,28.4,254.2182754725207,452.0,3.25,43.9563262617781
2026-10-04T15:00:00+05:30,Vavuniya_Northern,28.1,255.72079613214117,418.0,2.9,47.53808332211386
2026-10-04T15:15:00+05:30,Vavuniya_Northern,27.8,257.0367471077371,384.0,2.51,51.14225401305103
2026-10-04T15:30:00+05:30,Vavuniya_Northern,27.5,258.20293857093833,351.0,2.1,54.76437000996151
2026-10-04T15:45:00+05:30,Vavuniya_Northern,27.1,259.2475652307671,317.0,1.68,58.40104696516184
2026-10-04T16:00:00+05:30,Vavuniya_Northern,26.8,260.1925815165627,281.0,1.35,62.049676274058086
2026-10-04T16:15:00+05:30,Vavuniya_Northern,26.4,261.05535310332687,244.0,1.22,65.70821606800637
2026-10-04T16:30:00+05:30,Vavuniya_Northern,26.1,261.8498253397395,208.0,1.4,69.37504445445192
2026-10-04T16:45:00+05:30,Vavuniya_Northern,25.8,262.5873648970651,171.0,1.69,73.04885514596032
2026-10-04T17:00:00+05:30,Vavuniya_Northern,25.6,263.2773771050101,132.0,2.06,76.72858334476263
2026-10-04T17:15:00+05:30,Vavuniya_Northern,25.3,263.9277665983948,92.0,2.37,80.41335002736683
2026-10-04T17:30:00+05:30,Vavuniya_Northern,25.1,264.5452880760751,54.0,2.6,84.10242016465868
2026-10-04T17:45:00+05:30,Vavuniya_Northern,25.0,265.13581964204366,23.0,2.73,87.79517233213576
2026-10-04T18:00:00+05:30,Vavuniya_Northern,24.8,265.70458118571275,3.0,2.77,91.4910739466002
2026-10-04T18:15:00+05:30,Vavuniya_Northern,24.8,266.2563149993117,0.0,2.73,95.1896616229257
2026-10-04T18:30:00+05:30,Vavuniya_Northern,24.7,266.79544186592403,0.0,2.66,98.89052670635434
2026-10-04T18:45:00+05:30,Vavuniya_Northern,24.6,267.3262028926841,0.0,2.55,102.59330191188114
2026-10-04T19:00:00+05:30,Vavuniya_Northern,24.6,267.85279700765307,0.0,2.38,106.29764970502417
2026-10-04T19:15:00+05:30,Vavuniya_Northern,24.6,268.3795240798196,0.0,2.23,110.00325318556305
2026-10-04T19:30:00+05:30,Vavuniya_Northern,24.5,268.9109443135511,0.0,2.06,113.70980581309779
2026-10-04T19:45:00+05:30,Vavuniya_Northern,24.5,269.45206809846775,0.0,1.89,117.41700074256775
2026-10-04T20:00:00+05:30,Vavuniya_Northern,24.5,270.00859567599116,0.0,1.79,121.12452040002587
2026-10-04T20:15:00+05:30,Vavuniya_Northern,24.5,270.5872341343401,0.0,1.66,124.83202216175113
2026-10-04T20:30:00+05:30,Vavuniya_Northern,24.4,271.19613468378753,0.0,1.54,128.539119960189
2026-10-04T20:45:00+05:30,Vavuniya_Northern,24.4,271.8455185642182,0.0,1.5,132.24536070318175
2026-10-04T21:00:00+05:30,Vavuniya_Northern,24.3,272.54860375765895,0.0,1.44,135.95018828867916
2026-10-04T21:15:00+05:30,Vavuniya_Northern,24.3,273.3230262407579,0.0,1.41,139.65288945004784
2026-10-04T21:30:00+05:30,Vavuniya_Northern,24.3,274.1931028490542,0.0,1.43,143.35250992514918
2026-10-04T21:45:00+05:30,Vavuniya_Northern,24.2,275.1935864004571,0.0,1.46,147.04771349032487
2026-10-04T22:00:00+05:30,Vavuniya_Northern,24.2,276.3762048462727,0.0,1.5,150.73653655989173
2026-10-04T22:15:00+05:30,Vavuniya_Northern,24.2,277.8217172024198,0.0,1.55,154.4159358289017
2026-10-04T22:30:00+05:30,Vavuniya_Northern,24.2,279.6637301261546,0.0,1.61,158.08088564923227
2026-10-04T22:45:00+05:30,Vavuniya_Northern,24.2,282.139957145629,0.0,1.68,161.72241286640548
2026-10-04T23:00:00+05:30,Vavuniya_Northern,24.1,285.71513742954664,0.0,1.7,165.32279203985718
2026-10-04T23:15:00+05:30,Vavuniya_Northern,24.1,291.4190109315475,0.0,1.72,168.8418311983581
2026-10-04T23:30:00+05:30,Vavuniya_Northern,24.1,301.9353165557697,0.0,1.76,172.16879323448111
2026-10-04T23:45:00+05:30,Vavuniya_Northern,24.0,325.201160165267,0.0,1.73,174.91151502947628
2026-10-05T00:00:00+05:30,Vavuniya_Northern,24.0,11.328977819827344,0.0,1.7,175.73376080252953
2026-10-05T00:15:00+05:30,Vavuniya_Northern,24.0,47.7762141029383,0.0,1.68,173.81518140670622
2026-10-05T00:30:00+05:30,Vavuniya_Northern,23.9,63.781273394481445,0.0,1.61,170.72398457488373
2026-10-05T00:45:00+05:30,Vavuniya_Northern,23.9,71.61949375861872,0.0,1.53,167.28879000857995
2026-10-05T01:00:00+05:30,Vavuniya_Northern,23.8,76.18444885132806,0.0,1.47,163.72615212993762
2026-10-05T01:15:00+05:30,Vavuniya_Northern,23.8,79.18964148650616,0.0,1.39,160.1045859713577
2026-10-05T01:30:00+05:30,Vavuniya_Northern,23.8,81.34471304256806,0.0,1.31,156.45144534794906
2026-10-05T01:45:00+05:30,Vavuniya_Northern,23.7,82.98983376006186,0.0,1.24,152.77963245675144
2026-10-05T02:00:00+05:30,Vavuniya_Northern,23.7,84.3070475761478,0.0,1.24,149.09600482615002
2026-10-05T02:15:00+05:30,Vavuniya_Northern,23.7,85.40227851647336,0.0,1.2,145.4045494376725
2026-10-05T02:30:00+05:30,Vavuniya_Northern,23.7,86.34133185634141,0.0,1.17,141.7077548857831
2026-10-05T02:45:00+05:30,Vavuniya_Northern,23.6,87.16731389776328,0.0,1.17,138.00726781416355
2026-10-05T03:00:00+05:30,Vavuniya_Northern,23.6,87.90974115726169,0.0,1.17,134.30423525814456
2026-10-05T03:15:00+05:30,Vavuniya_Northern,23.5,88.58961518586727,0.0,1.13,130.59949507840977
2026-10-05T03:30:00+05:30,Vavuniya_Northern,23.5,89.22240307869686,0.0,1.17,126.89368656058166
2026-10-05T03:45:00+05:30,Vavuniya_Northern,23.4,89.81986813839035,0.0,1.2,123.18731977448086
2026-10-05T04:00:00+05:30,Vavuniya_Northern,23.4,90.39123977164127,0.0,1.2,119.48082055108313
2026-10-05T04:15:00+05:30,Vavuniya_Northern,23.3,90.9439887902704,0.0,1.28,115.77455954641486
2026-10-05T04:30:00+05:30,Vavuniya_Northern,23.3,91.48435897820036,0.0,1.32,112.06887406762878
2026-10-05T04:45:00+05:30,Vavuniya_Northern,23.4,92.01774480410268,0.0,1.36,108.36408455631187
2026-10-05T05:00:00+05:30,Vavuniya_Northern,23.4,92.54897058700192,0.0,1.4,104.66050636786315
2026-10-05T05:15:00+05:30,Vavuniya_Northern,23.5,93.0825058954066,0.0,1.48,100.95846124111387
2026-10-05T05:30:00+05:30,Vavuniya_Northern,23.6,93.62264088719331,0.0,1.55,97.25828797689286
2026-10-05T05:45:00+05:30,Vavuniya_Northern,23.8,94.17363833671527,0.0,1.62,93.56035163477185
2026-10-05T06:00:00+05:30,Vavuniya_Northern,24.1,94.73987442659165,0.0,1.76,89.86505493982656
2026-10-05T06:15:00+05:30,Vavuniya_Northern,24.3,95.32597889919725,17.0,1.87,86.17285111646639
2026-10-05T06:30:00+05:30,Vavuniya_Northern,24.6,95.93698447347845,54.0,1.97,82.48425747974967
2026-10-05T06:45:00+05:30,Vavuniya_Northern,25.0,96.57849519046187,103.0,2.07,78.7998737385036
2026-10-05T07:00:00+05:30,Vavuniya_Northern,25.3,97.25688561658598,162.0,2.21,75.12040480462244
2026-10-05T07:15:00+05:30,Vavuniya_Northern,25.7,97.97954589821671,221.0,2.31,71.44668836307255
2026-10-05T07:30:00+05:30,Vavuniya_Northern,26.1,98.75519166106062,278.0,2.41,67.77973258036036
2026-10-05T07:45:00+05:30,Vavuniya_Northern,26.4,99.59426584801889,332.0,2.52,64.12076589794515
2026-10-05T08:00:00+05:30,Vavuniya_Northern,26.8,100.50947095292844,386.0,2.59,60.47130243415748
2026-10-05T08:15:00+05:30,Vavuniya_Northern,27.2,101.5164862570067,441.0,2.62,56.83323333124043
2026-10-05T08:30:00+05:30,Vavuniya_Northern,27.6,102.6349518738698,495.0,2.65,53.208953732811864
2026-10-05T08:45:00+05:30,Vavuniya_Northern,27.9,103.88984268789216,548.0,2.62,49.60154112778922
2026-10-05T09:00:00+05:30,Vavuniya_Northern,28.3,105.31341859177422,598.0,2.55,46.01501505190504
2026-10-05T09:15:00+05:30,Vavuniya_Northern,28.7,106.94804109406783,645.0,2.44,42.45472018574447
2026-10-05T09:30:00+05:30,Vavuniya_Northern,29.1,108.85031014715702,687.0,2.33,38.92790301292303
2026-10-05T09:45:00+05:30,Vavuniya_Northern,29.5,111.09723015334987,725.0,2.23,35.444605324253004
2026-10-05T10:00:00+05:30,Vavuniya_Northern,29.9,113.7955020295268,760.0,2.05,32.019079616061816
2026-10-05T10:15:00+05:30,Vavuniya_Northern,30.3,117.09554670765829,793.0,1.91,28.672084006657656
2026-10-05T10:30:00+05:30,Vavuniya_Northern,30.6,121.21223395736564,828.0,1.77,25.4346819185445
2026-10-05T10:45:00+05:30,Vavuniya_Northern,31.0,126.45326842792508,858.0,1.67,22.35457988491241
2026-10-05T11:00:00+05:30,Vavuniya_Northern,31.3,133.249072978514,873.0,1.53,19.50647324458113
2026-10-05T11:15:00+05:30,Vavuniya_Northern,31.5,142.150751705542,859.0,1.43,17.007351732127447
2026-10-05T11:30:00+05:30,Vavuniya_Northern,31.7,153.6902436926764,812.0,1.36,15.03232171235959
2026-10-05T11:45:00+05:30,Vavuniya_Northern,31.7,167.91957505614073,749.0,1.32,13.808155361072082
2026-10-05T12:00:00+05:30,Vavuniya_Northern,31.5,183.73931083808742,691.0,1.32,13.540078092188324
2026-10-05T12:15:00+05:30,Vavuniya_Northern,31.3,199.02602296779148,657.0,1.31,14.282031456576618
2026-10-05T12:30:00+05:30,Vavuniya_Northern,31.1,212.02816941778545,641.0,1.31,15.893175967991965
2026-10-05T12:45:00+05:30,Vavuniya_Northern,30.9,222.26040993286404,633.0,1.31,18.14340276238336
2026-10-05T13:00:00+05:30,Vavuniya_Northern,30.7,230.08570399971984,623.0,1.24,20.826561960709483
2026-10-05T13:15:00+05:30,Vavuniya_Northern,30.5,236.07859757972483,606.0,1.21,23.79663461460727
2026-10-05T13:30:00+05:30,Vavuniya_Northern,30.2,240.7380176210683,586.0,1.19,26.95893360299651
2026-10-05T13:45:00+05:30,Vavuniya_Northern,29.9,244.4329278625945,563.0,1.14,30.253211944152547
2026-10-05T14:00:00+05:30,Vavuniya_Northern,29.6,247.42290243936816,538.0,1.16,33.64069000061503
2026-10-05T14:15:00+05:30,Vavuniya_Northern,29.3,249.88905161846338,512.0,1.12,37.0958131905817
2026-10-05T14:30:00+05:30,Vavuniya_Northern,28.9,251.9588540662739,484.0,1.14,40.601282377670216
2026-10-05T14:45:00+05:30,Vavuniya_Northern,28.6,253.72345238499304,455.0,1.17,44.14507115601777
2026-10-05T15:00:00+05:30,Vavuniya_Northern,28.2,255.24919091239818,423.0,1.2,47.7186069865285
2026-10-05T15:15:00+05:30,Vavuniya_Northern,27.9,256.5852531266785,391.0,1.2,51.31563755431576
2026-10-05T15:30:00+05:30,Vavuniya_Northern,27.5,257.7687524084292,357.0,1.25,54.931508142104626
2026-10-05T15:45:00+05:30,Vavuniya_Northern,27.2,258.82816981365687,322.0,1.32,58.562687733107616
2026-10-05T16:00:00+05:30,Vavuniya_Northern,26.9,259.78571332153126,286.0,1.32,62.206451508758974
2026-10-05T16:15:00+05:30,Vavuniya_Northern,26.6,260.65896480397936,248.0,1.39,65.86066487958709
2026-10-05T16:30:00+05:30,Vavuniya_Northern,26.3,261.46204889521675,211.0,1.41,69.5236315170061
2026-10-05T16:45:00+05:30,Vavuniya_Northern,26.0,262.20647701323327,173.0,1.42,73.19398508515374
2026-10-05T17:00:00+05:30,Vavuniya_Northern,25.8,262.9017675235688,133.0,1.49,76.87061219587648
2026-10-05T17:15:00+05:30,Vavuniya_Northern,25.6,263.55590896560824,93.0,1.5,80.5525944899362
2026-10-05T17:30:00+05:30,Vavuniya_Northern,25.4,264.1757128240735,54.0,1.5,84.23916519954211
2026-10-05T17:45:00+05:30,Vavuniya_Northern,25.2,264.7670881602844,23.0,1.5,87.92967751449821
2026-10-05T18:00:00+05:30,Vavuniya_Northern,25.1,265.335260468728,3.0,1.5,91.62357890661052
2026-10-05T18:15:00+05:30,Vavuniya_Northern,25.0,265.8849518750735,0.0,1.5,95.32039083483049
2026-10-05T18:30:00+05:30,Vavuniya_Northern,24.9,266.4205357949426,0.0,1.5,99.01969384538961
2026-10-05T18:45:00+05:30,Vavuniya_Northern,24.8,266.946176157793,0.0,1.5,102.7211139835531
2026-10-05T19:00:00+05:30,Vavuniya_Northern,24.7,267.4659608532596,0.0,1.44,106.42431113731418
2026-10-05T19:15:00+05:30,Vavuniya_Northern,24.6,267.98403896362635,0.0,1.39,110.12897008754616
2026-10-05T19:30:00+05:30,Vavuniya_Northern,24.6,268.5047718531634,0.0,1.38,113.83479063522907
2026-10-05T19:45:00+05:30,Vavuniya_Northern,24.5,269.0329114231065,0.0,1.36,117.54147762648086
2026-10-05T20:00:00+05:30,Vavuniya_Northern,24.5,269.57382358015275,0.0,1.36,121.24873160649747
2026-10-05T20:15:00+05:30,Vavuniya_Northern,24.5,270.13378244651693,0.0,1.3,124.95623611060182
2026-10-05T20:30:00+05:30,Vavuniya_Northern,24.4,270.7203751776384,0.0,1.29,128.66364165800343
2026-10-05T20:45:00+05:30,Vavuniya_Northern,24.4,271.3430808506437,0.0,1.27,132.37054573583106
2026-10-05T21:00:00+05:30,Vavuniya_Northern,24.4,272.0141276980397,0.0,1.22,136.07646220527494
2026-10-05T21:15:00+05:30,Vavuniya_Northern,24.3,272.74980923695307,0.0,1.21,139.7807754926099
2026-10-05T21:30:00+05:30,Vavuniya_Northern,24.3,273.57258371901645,0.0,1.15,143.48267005896628
2026-10-05T21:45:00+05:30,Vavuniya_Northern,24.3,274.51456747446593,0.0,1.1,147.18101139820584
2026-10-05T22:00:00+05:30,Vavuniya_Northern,24.3,275.6236405776281,0.0,1.05,150.8741385071047
2026-10-05T22:15:00+05:30,Vavuniya_Northern,24.3,276.974759862625,0.0,1.05,154.559480260646
2026-10-05T22:30:00+05:30,Vavuniya_Northern,24.3,278.6924636337963,0.0,1.0,158.23278545491925
2026-10-05T22:45:00+05:30,Vavuniya_Northern,24.3,280.99979985973187,0.0,0.95,161.8864332300547
2026-10-05T23:00:00+05:30,Vavuniya_Northern,24.2,284.3375170340747,0.0,0.96,165.50525129349637
2026-10-05T23:15:00+05:30,Vavuniya_Northern,24.2,289.70077221070954,0.0,0.96,169.05432900113107
2026-10-05T23:30:00+05:30,Vavuniya_Northern,24.2,299.7842191365131,0.0,0.91,172.43454047666012
2026-10-05T23:45:00+05:30,Vavuniya_Northern,24.1,323.3117695732459,0.0,0.86,175.26858151949654
2026-10-06T00:00:00+05:30,Vavuniya_Northern,24.1,13.509117684533805,0.0,0.86,176.0936429301738
2026-10-06T00:15:00+05:30,Vavuniya_Northern,24.0,50.97324267108701,0.0,0.81,174.0120214358119
2026-10-06T00:30:00+05:30,Vavuniya_Northern,24.0,66.14268163393592,0.0,0.76,170.82540394902168
2026-10-06T00:45:00+05:30,Vavuniya_Northern,23.9,73.38731026396658,0.0,0.71,167.34266989233424
2026-10-06T01:00:00+05:30,Vavuniya_Northern,23.8,77.58063797652358,0.0,0.71,163.7533108794238
2026-10-06T01:15:00+05:30,Vavuniya_Northern,23.7,80.3410168411811,0.0,0.7,160.1151627437864
2026-10-06T01:30:00+05:30,Vavuniya_Northern,23.7,82.32548199404619,0.0,0.65,156.45101971216621
2026-10-06T01:45:00+05:30,Vavuniya_Northern,23.6,83.84616140058694,0.0,0.6,152.77157826078425
2026-10-06T02:00:00+05:30,Vavuniya_Northern,23.5,85.06933182984744,0.0,0.55,149.08251438171115
2026-10-06T02:15:00+05:30,Vavuniya_Northern,23.5,86.09151338002158,0.0,0.5,145.38713023183135
2026-10-06T02:30:00+05:30,Vavuniya_Northern,23.4,86.97260301523454,0.0,0.45,141.6874924493316
2026-10-06T02:45:00+05:30,Vavuniya_Northern,23.4,87.75182853304017,0.0,0.4,137.9849749520285
2026-10-06T03:00:00+05:30,Vavuniya_Northern,23.3,88.45606556447058,0.0,0.36,134.28054177695844
2026-10-06T03:15:00+05:30,Vavuniya_Northern,23.3,89.10446190467025,0.0,0.36,130.57490439544534
2026-10-06T03:30:00+05:30,Vavuniya_Northern,23.3,89.71115015307225,0.0,0.34,126.86861293117471
2026-10-06T03:45:00+05:30,Vavuniya_Northern,23.3,90.28691284287277,0.0,0.32,123.16211369463376
2026-10-06T04:00:00+05:30,Vavuniya_Northern,23.3,90.8402465680615,0.0,0.32,119.45578669418711
2026-10-06T04:15:00+05:30,Vavuniya_Northern,23.3,91.37806773684383,0.0,0.35,115.74996986507517
2026-10-06T04:30:00+05:30,Vavuniya_Northern,23.3,91.90619730325488,0.0,0.36,112.04497769446968
2026-10-06T04:45:00+05:30,Vavuniya_Northern,23.4,92.42970630117497,0.0,0.38,108.3411155687443
2026-10-06T05:00:00+05:30,Vavuniya_Northern,23.5,92.95317256400426,0.0,0.38,104.63869013155673
2026-10-06T05:15:00+05:30,Vavuniya_Northern,23.6,93.48088033015631,0.0,0.41,100.93801983234626
2026-10-06T05:30:00+05:30,Vavuniya_Northern,23.7,94.01698445533845,0.0,0.45,97.23944505501093
2026-10-06T05:45:00+05:30,Vavuniya_Northern,23.9,94.56565469381928,0.0,0.5,93.54333705065322
2026-10-06T06:00:00+05:30,Vavuniya_Northern,24.1,95.13121129188045,0.0,0.55,89.85010932757805
2026-10-06T06:15:00+05:30,Vavuniya_Northern,24.4,95.71826194430815,19.0,0.6,86.16023069733123
2026-10-06T06:30:00+05:30,Vavuniya_Northern,24.6,96.3318496896216,60.0,0.65,82.47423930565769
2026-10-06T06:45:00+05:30,Vavuniya_Northern,24.9,96.97762122697418,112.0,0.71,78.7927616308111
2026-10-06T07:00:00+05:30,Vavuniya_Northern,25.3,97.66202752256936,173.0,0.81,75.11653628746144
2026-10-06T07:15:00+05:30,Vavuniya_Northern,25.6,98.39257174424807,235.0,0.86,71.44644296469227
2026-10-06T07:30:00+05:30,Vavuniya_Northern,26.0,99.17812364734306,294.0,0.96,67.78354198418384
2026-10-06T07:45:00+05:30,Vavuniya_Northern,26.4,100.02932772165133,350.0,1.06,64.12912657530607
2026-10-06T08:00:00+05:30,Vavuniya_Northern,26.8,100.95914383969597,404.0,1.12,60.484791623344464
2026-10-06T08:15:00+05:30,Vavuniya_Northern,27.3,101.98357529423225,458.0,1.22,56.85252954622375
2026-10-06T08:30:00+05:30,Vavuniya_Northern,27.7,103.12266620198858,508.0,1.27,53.234863443628896
2026-10-06T08:45:00+05:30,Vavuniya_Northern,28.1,104.40189109175162,555.0,1.36,49.63503393286293
2026-10-06T09:00:00+05:30,Vavuniya_Northern,28.5,105.85412159445048,599.0,1.42,46.057270615831214
2026-10-06T09:15:00+05:30,Vavuniya_Northern,28.9,107.5224558745794,640.0,1.53,42.50719157497032
2026-10-06T09:30:00+05:30,Vavuniya_Northern,29.2,109.46435319398483,677.0,1.58,38.99240290547338
2026-10-06T09:45:00+05:30,Vavuniya_Northern,29.6,111.75775453765834,711.0,1.68,35.52342377446169
2026-10-06T10:00:00+05:30,Vavuniya_Northern,29.9,114.51021945130066,741.0,1.74,32.115143864484615
2026-10-06T10:15:00+05:30,Vavuniya_Northern,30.2,117.87252752575921,767.0,1.83,28.78916911468845
2026-10-06T10:30:00+05:30,Vavuniya_Northern,30.5,122.05835614386882,791.0,1.88,25.577665627699545
2026-10-06T10:45:00+05:30,Vavuniya_Northern,30.7,127.37019374726196,810.0,1.93,22.529676037312527
2026-10-06T11:00:00+05:30,Vavuniya_Northern,30.9,134.2238559542826,822.0,1.99,19.721196270060474
2026-10-06T11:15:00+05:30,Vavuniya_Northern,31.1,143.13685492275664,825.0,1.99,17.269507590053152
2026-10-06T11:30:00+05:30,Vavuniya_Northern,31.2,154.58031604488735,816.0,2.05,15.346597071387052
2026-10-06T11:45:00+05:30,Vavuniya_Northern,31.2,168.541855562828,800.0,2.1,14.169423331269186
2026-10-06T12:00:00+05:30,Vavuniya_Northern,31.2,183.94356132280018,783.0,2.11,13.928377821450141
2026-10-06T12:15:00+05:30,Vavuniya_Northern,31.2,198.81259139042496,770.0,2.16,14.669679745008153
2026-10-06T12:30:00+05:30,Vavuniya_Northern,31.2,211.5316132600698,761.0,2.17,16.2595107800729
2026-10-06T12:45:00+05:30,Vavuniya_Northern,31.1,221.62620853911875,751.0,2.18,18.480145111756244
2026-10-06T13:00:00+05:30,Vavuniya_Northern,31.0,229.40851456585875,738.0,2.18,21.133644802502275
2026-10-06T13:15:00+05:30,Vavuniya_Northern,30.9,235.40674573319086,721.0,2.2,24.07729623753194
2026-10-06T13:30:00+05:30,Vavuniya_Northern,30.8,240.09243787168188,700.0,2.21,27.217094201306068
2026-10-06T13:45:00+05:30,Vavuniya_Northern,30.6,243.82076967955197,676.0,2.23,30.492481172129025
2026-10-06T14:00:00+05:30,Vavuniya_Northern,30.4,246.84491501822362,650.0,2.25,33.86410927044332
2026-10-06T14:15:00+05:30,Vavuniya_Northern,30.2,249.34322227335826,621.0,2.25,37.3058643388105
2026-10-06T14:30:00+05:30,Vavuniya_Northern,30.0,251.4421294172318,589.0,2.27,40.79997230472131
2026-10-06T14:45:00+05:30,Vavuniya_Northern,29.8,253.23252897671102,555.0,2.28,44.33402474325725
2026-10-06T15:00:00+05:30,Vavuniya_Northern,29.5,254.78086159433113,519.0,2.28,47.89914784719973
2026-10-06T15:15:00+05:30,Vavuniya_Northern,29.3,256.13654291254676,480.0,2.26,51.48885290463329
2026-10-06T15:30:00+05:30,Vavuniya_Northern,29.1,257.3369558159135,440.0,2.26,55.098299350039554
2026-10-06T15:45:00+05:30,Vavuniya_Northern,28.8,258.4108435050708,398.0,2.26,58.723809317259715
2026-10-06T16:00:00+05:30,Vavuniya_Northern,28.6,259.380649909807,353.0,2.21,62.36254120858809
2026-10-06T16:15:00+05:30,Vavuniya_Northern,28.4,260.264160116077,307.0,2.21,66.01226695637578
2026-10-06T16:30:00+05:30,Vavuniya_Northern,28.2,261.07566831447355,261.0,2.17,69.67121495112238
2026-10-06T16:45:00+05:30,Vavuniya_Northern,28.0,261.8268232524041,214.0,2.17,73.33795792767557
2026-10-06T17:00:00+05:30,Vavuniya_Northern,27.8,262.527250567143,165.0,2.12,77.01133301340448
2026-10-06T17:15:00+05:30,Vavuniya_Northern,27.6,263.1850181244082,115.0,2.1,80.69038161651673
2026-10-06T17:30:00+05:30,Vavuniya_Northern,27.5,263.80699046136806,67.0,2.06,84.3743043232237
2026-10-06T17:45:00+05:30,Vavuniya_Northern,27.3,264.3991044547472,28.0,1.99,88.06242801685352
2026-10-06T18:00:00+05:30,Vavuniya_Northern,27.2,264.96658845380676,3.0,1.97,91.7541792680441
2026-10-06T18:15:00+05:30,Vavuniya_Northern,27.0,265.5141418951664,0.0,1.9,95.44906337114502
2026-10-06T18:30:00+05:30,Vavuniya_Northern,26.9,266.04608838562876,0.0,1.84,99.14664898984758
2026-10-06T18:45:00+05:30,Vavuniya_Northern,26.7,266.56651217172913,0.0,1.76,102.84655430949243
2026-10-06T19:00:00+05:30,Vavuniya_Northern,26.6,267.07938737779443,0.0,1.68,106.54843530729234
2026-10-06T19:15:00+05:30,Vavuniya_Northern,26.4,267.5887091612578,0.0,1.55,110.25197692002209
2026-10-06T19:30:00+05:30,Vavuniya_Northern,26.3,268.09863625100263,0.0,1.48,113.95688351372522
2026-10-06T19:45:00+05:30,Vavuniya_Northern,26.1,268.6136572684321,0.0,1.41,117.66286952042418
2026-10-06T20:00:00+05:30,Vavuniya_Northern,26.0,269.1387975066206,0.0,1.35,121.36965105878363
2026-10-06T20:15:00+05:30,Vavuniya_Northern,25.8,269.67988961884333,0.0,1.25,125.07693469343145
2026-10-06T20:30:00+05:30,Vavuniya_Northern,25.7,270.2439448339499,0.0,1.2,128.78440361636643
2026-10-06T20:45:00+05:30,Vavuniya_Northern,25.5,270.839682984924,0.0,1.17,132.4917009075566
2026-10-06T21:00:00+05:30,Vavuniya_Northern,25.4,271.47831719978694,0.0,1.11,136.19840391958377
2026-10-06T21:15:00+05:30,Vavuniya_Northern,25.2,272.174759603454,0.0,1.05,139.9039862008346
2026-10-06T21:30:00+05:30,Vavuniya_Northern,25.1,272.94954775942585,0.0,1.05,143.60775934405103
2026-10-06T21:45:00+05:30,Vavuniya_Northern,25.0,273.83205797047555,0.0,1.07,147.30877452406557
2026-10-06T22:00:00+05:30,Vavuniya_Northern,24.8,274.8661405321537,0.0,1.06,151.00565059502256
2026-09-29T22:15:00+05:30,Hambantota_Southern,27.5,276.8724945630255,0.0,4.62,154.64295893962287
2026-09-29T22:30:00+05:30,Hambantota_Southern,27.4,278.4025906260144,0.0,4.62,158.3400515676637
2026-09-29T22:45:00+05:30,Hambantota_Southern,27.4,280.4899847648587,0.0,4.68,162.01999038522348
2026-09-29T23:00:00+05:30,Hambantota_Southern,27.3,283.5592846571292,0.0,4.79,165.6694371806846
2026-09-29T23:15:00+05:30,Hambantota_Southern,27.3,288.5880007109106,0.0,4.92,169.25715082700015
2026-09-29T23:30:00+05:30,Hambantota_Southern,27.3,298.3234055576063,0.0,5.03,172.69151609747175
2026-09-29T23:45:00+05:30,Hambantota_Southern,27.3,322.42681038192086,0.0,5.12,175.59755195945314
2026-09-30T00:00:00+05:30,Hambantota_Southern,27.3,16.964394854767306,0.0,5.16,176.35142699899825
2026-09-30T00:15:00+05:30,Hambantota_Southern,27.3,54.21997127922532,0.0,5.24,174.06659466634935
2026-09-30T00:30:00+05:30,Hambantota_Southern,27.3,68.18632200133459,0.0,5.23,170.77718843571807
2026-09-30T00:45:00+05:30,Hambantota_Southern,27.3,74.71867008968167,0.0,5.15,167.2377386022482
2026-09-30T01:00:00+05:30,Hambantota_Southern,27.2,78.46202677260595,0.0,5.04,163.6095111343625
2026-09-30T01:15:00+05:30,Hambantota_Southern,27.2,80.90418525454675,0.0,4.88,159.94069841930374
2026-09-30T01:30:00+05:30,Hambantota_Southern,27.1,82.64271669561174,0.0,4.82,156.25018326071398
2026-09-30T01:45:00+05:30,Hambantota_Southern,27.1,83.96039745675279,0.0,4.83,152.54680303511455
2026-09-30T02:00:00+05:30,Hambantota_Southern,27.1,85.00761492561162,0.0,4.84,148.8352340903616
2026-09-30T02:15:00+05:30,Hambantota_Southern,27.0,85.87157527808614,0.0,4.91,145.1181850005575
2026-09-30T02:30:00+05:30,Hambantota_Southern,27.0,86.6063365136032,0.0,4.92,141.39733879008946
2026-09-30T02:45:00+05:30,Hambantota_Southern,27.0,87.24724646720767,0.0,4.92,137.67380176922558
2026-09-30T03:00:00+05:30,Hambantota_Southern,27.0,87.81846371904999,0.0,4.92,133.9483374493053
2026-09-30T03:15:00+05:30,Hambantota_Southern,27.0,88.33713744318658,0.0,4.97,130.22149650950155
2026-09-30T03:30:00+05:30,Hambantota_Southern,26.9,88.8158582351627,0.0,4.97,126.4936917010172
2026-09-30T03:45:00+05:30,Hambantota_Southern,26.9,89.26416148764906,0.0,5.02,122.76524502745168
2026-09-30T04:00:00+05:30,Hambantota_Southern,26.9,89.68948688008953,0.0,5.02,119.03641822499364
2026-09-30T04:15:00+05:30,Hambantota_Southern,26.8,90.0978131753825,0.0,5.07,115.30743182578559
2026-09-30T04:30:00+05:30,Hambantota_Southern,26.8,90.49409241977486,0.0,5.12,111.57847967693809
2026-09-30T04:45:00+05:30,Hambantota_Southern,26.8,90.88255734651335,0.0,5.17,107.84973970385579
2026-09-30T05:00:00+05:30,Hambantota_Southern,26.8,91.26694731886971,0.0,5.17,104.12138084640499
2026-09-30T05:15:00+05:30,Hambantota_Southern,26.8,91.65068131499902,0.0,5.21,100.39357010028485
2026-09-30T05:30:00+05:30,Hambantota_Southern,26.9,92.03699728297079,0.0,5.23,96.66647881202881
2026-09-30T05:45:00+05:30,Hambantota_Southern,26.9,92.42907144576156,0.0,5.24,92.94028721923998
2026-09-30T06:00:00+05:30,Hambantota_Southern,27.0,92.83012734373892,1.0,5.32,89.2151906548163
2026-09-30T06:15:00+05:30,Hambantota_Southern,27.0,93.24354309589438,20.0,5.35,85.49140630582141
2026-09-30T06:30:00+05:30,Hambantota_Southern,27.1,93.67296476296076,52.0,5.41,81.76917946992296
2026-09-30T06:45:00+05:30,Hambantota_Southern,27.2,94.12243356821205,88.0,5.47,78.04879281631317
2026-09-30T07:00:00+05:30,Hambantota_Southern,27.3,94.5965365465878,130.0,5.55,74.33057781788705
2026-09-30T07:15:00+05:30,Hambantota_Southern,27.5,95.10059279541719,178.0,5.6,70.61492775844373
2026-09-30T07:30:00+05:30,Hambantota_Southern,27.7,95.64089113602927,234.0,5.61,66.90231657069768
2026-09-30T07:45:00+05:30,Hambantota_Southern,27.9,96.22500212208467,297.0,5.61,63.19332382654319
2026-09-30T08:00:00+05:30,Hambantota_Southern,28.2,96.86219781717398,362.0,5.6,59.488667084017294
2026-09-30T08:15:00+05:30,Hambantota_Southern,28.6,97.56402855351308,422.0,5.55,55.78924864787878
2026-09-30T08:30:00+05:30,Hambantota_Southern,28.9,98.3451330094648,476.0,5.53,52.09622157261926
2026-09-30T08:45:00+05:30,Hambantota_Southern,29.2,99.22440183207323,524.0,5.52,48.41108346271548
2026-09-30T09:00:00+05:30,Hambantota_Southern,29.5,100.2266879865432,568.0,5.5,44.7358174732297
2026-09-30T09:15:00+05:30,Hambantota_Southern,29.8,101.38538604881484,610.0,5.44,41.073106697730175
2026-09-30T09:30:00+05:30,Hambantota_Southern,30.1,102.74643278303762,644.0,5.41,37.426668760525324
2026-09-30T09:45:00+05:30,Hambantota_Southern,30.4,104.37470519477023,674.0,5.38,33.801801070319065
2026-09-30T10:00:00+05:30,Hambantota_Southern,30.7,106.36460583375145,703.0,5.29,30.20630067014673
2026-09-30T10:15:00+05:30,Hambantota_Southern,30.9,108.85822569972856,737.0,5.3,26.652085019195916
2026-09-30T10:30:00+05:30,Hambantota_Southern,31.1,112.07767833862704,777.0,5.45,23.158199657256205
2026-09-30T10:45:00+05:30,Hambantota_Southern,31.1,116.38448673653403,817.0,5.76,19.756707404358423
2026-09-30T11:00:00+05:30,Hambantota_Southern,31.1,122.38936945014899,849.0,6.2,16.504859934101347
2026-09-30T11:15:00+05:30,Hambantota_Southern,31.0,131.13860631098055,865.0,6.64,13.511169640444422
2026-09-30T11:30:00+05:30,Hambantota_Southern,31.0,144.29044985225585,868.0,6.98,10.98872049181584
2026-09-30T11:45:00+05:30,Hambantota_Southern,30.9,163.48174899565686,860.0,7.2,9.328001373478628
2026-09-30T12:00:00+05:30,Hambantota_Southern,30.8,187.06737105235007,845.0,7.35,9.018360169428135
2026-09-30T12:15:00+05:30,Hambantota_Southern,30.8,208.57701227292267,824.0,7.44,10.183793932188308
2026-09-30T12:30:00+05:30,Hambantota_Southern,30.7,224.05382662008506,789.0,7.48,12.415635450451106
2026-09-30T12:45:00+05:30,Hambantota_Southern,30.7,234.35269209473017,751.0,7.48,15.252723278519952
2026-09-30T13:00:00+05:30,Hambantota_Southern,30.7,241.30952493290428,724.0,7.5,18.417434147447125
2026-09-30T13:15:00+05:30,Hambantota_Southern,30.7,246.2099631932594,722.0,7.54,21.76732205346987
2026-09-30T13:30:00+05:30,Hambantota_Southern,30.7,249.81422343300747,748.0,7.57,25.2287147293312
2026-09-30T13:45:00+05:30,Hambantota_Southern,30.9,252.56759531591956,779.0,7.49,28.761364360930543
2026-09-30T14:00:00+05:30,Hambantota_Southern,31.1,254.7392928804901,795.0,7.38,32.34191127715137
2026-09-30T14:15:00+05:30,Hambantota_Southern,31.3,256.49876163510834,779.0,7.22,35.95603014274893
2026-09-30T14:30:00+05:30,Hambantota_Southern,31.4,257.9569123254446,740.0,7.02,39.59450834491414
2026-09-30T14:45:00+05:30,Hambantota_Southern,31.5,259.188962243433,688.0,6.78,43.25117766706179
2026-09-30T15:00:00+05:30,Hambantota_Southern,31.5,260.2475477243529,632.0,6.44,46.921763432934334
2026-09-30T15:15:00+05:30,Hambantota_Southern,31.4,261.1705355697735,576.0,6.16,50.60321402687628
2026-09-30T15:30:00+05:30,Hambantota_Southern,31.3,261.9858424117214,519.0,5.89,54.2932953627954
2026-09-30T15:45:00+05:30,Hambantota_Southern,31.1,262.7145043304813,461.0,5.72,57.99033471064164
2026-09-30T16:00:00+05:30,Hambantota_Southern,30.8,263.37268988489143,399.0,5.62,61.6930542239767
2026-09-30T16:15:00+05:30,Hambantota_Southern,30.4,263.9730557141007,336.0,5.59,65.40046112809577
2026-09-30T16:30:00+05:30,Hambantota_Southern,30.1,264.52568127822235,272.0,5.55,69.11177138991484
2026-09-30T16:45:00+05:30,Hambantota_Southern,29.9,265.0387281913139,211.0,5.5,72.82635613601322
2026-09-30T17:00:00+05:30,Hambantota_Southern,29.7,265.51891552580753,155.0,5.5,76.5437047206948
2026-09-30T17:15:00+05:30,Hambantota_Southern,29.5,265.97186946772354,107.0,5.46,80.26339660642446
2026-09-30T17:30:00+05:30,Hambantota_Southern,29.3,266.40238645493275,64.0,5.41,83.98508037498513
2026-09-30T17:45:00+05:30,Hambantota_Southern,29.1,266.81463630691474,29.0,5.32,87.70845924260497
2026-09-30T18:00:00+05:30,Hambantota_Southern,28.9,267.21232337996554,4.0,5.21,91.43327863881386
2026-09-30T18:15:00+05:30,Hambantota_Southern,28.7,267.5988192520972,0.0,5.09,95.15931631489968
2026-09-30T18:30:00+05:30,Hambantota_Southern,28.5,267.9772771893703,0.0,4.97,98.8863757528767
2026-09-30T18:45:00+05:30,Hambantota_Southern,28.3,268.3507363145177,0.0,4.84,102.61427932212145
2026-09-30T19:00:00+05:30,Hambantota_Southern,28.2,268.72222303381176,0.0,4.67,106.34286224372724
2026-09-30T19:15:00+05:30,Hambantota_Southern,28.1,269.0948573118584,0.0,4.51,110.0719684876505
2026-09-30T19:30:00+05:30,Hambantota_Southern,28.0,269.4719719784541,0.0,4.47,113.80144524417126
2026-09-30T19:45:00+05:30,Hambantota_Southern,27.9,269.85725597595217,0.0,4.51,117.53113707744356
2026-09-30T20:00:00+05:30,Hambantota_Southern,27.8,270.25493654542646,0.0,4.66,121.26088079249871
2026-09-30T20:15:00+05:30,Hambantota_Southern,27.7,270.6700218455424,0.0,4.81,124.99049735572825
2026-09-30T20:30:00+05:30,Hambantota_Southern,27.7,271.10863770941694,0.0,4.85,128.71978141811653
2026-09-30T20:45:00+05:30,Hambantota_Southern,27.6,271.57851253738977,0.0,4.78,132.44848843624354
2026-09-30T21:00:00+05:30,Hambantota_Southern,27.5,272.08969964022486,0.0,4.66,136.1763139132899
2026-09-30T21:15:00+05:30,Hambantota_Southern,27.5,272.6556924848113,0.0,4.55,139.90286198756718
2026-09-30T21:30:00+05:30,Hambantota_Southern,27.4,273.2952140916533,0.0,4.45,143.62759714281515
2026-09-30T21:45:00+05:30,Hambantota_Southern,27.3,274.0352143482772,0.0,4.4,147.3497613345446
2026-09-30T22:00:00+05:30,Hambantota_Southern,27.1,274.9161511552779,0.0,4.35,151.06822835259283
2026-09-30T22:15:00+05:30,Hambantota_Southern,27.0,276.00187738258734,0.0,4.35,154.78123257473183
2026-09-30T22:30:00+05:30,Hambantota_Southern,26.9,277.39958452773226,0.0,4.35,158.4858171493674
2026-09-30T22:45:00+05:30,Hambantota_Southern,26.9,279.3040299739706,0.0,4.36,162.17660285553836
2026-09-30T23:00:00+05:30,Hambantota_Southern,26.8,282.10858214672794,0.0,4.39,165.8426645126488
2026-09-30T23:15:00+05:30,Hambantota_Southern,26.8,286.7353414472374,0.0,4.44,169.4580428530037
2026-09-30T23:30:00+05:30,Hambantota_Southern,26.7,295.87678782778926,0.0,4.55,172.9442478783896
2026-09-30T23:45:00+05:30,Hambantota_Southern,26.7,320.0143744034146,0.0,4.66,175.95232085482087
2026-10-01T00:00:00+05:30,Hambantota_Southern,26.7,20.283822530886255,0.0,4.8,176.69340980036446
2026-10-01T00:15:00+05:30,Hambantota_Southern,26.6,57.81415577345632,0.0,4.97,174.2178845980888
2026-10-01T00:30:00+05:30,Hambantota_Southern,26.6,70.63752722154828,0.0,5.06,170.84136268818614
2026-10-01T00:45:00+05:30,Hambantota_Southern,26.6,76.51297376213427,0.0,5.11,167.26127596383873
2026-10-01T01:00:00+05:30,Hambantota_Southern,26.6,79.86789103986962,0.0,5.16,163.61056326296426
2026-10-01T01:15:00+05:30,Hambantota_Southern,26.6,82.05977092178733,0.0,5.21,159.92780801280674
2026-10-01T01:30:00+05:30,Hambantota_Southern,26.6,83.62568538403252,0.0,5.2,156.22798675041903
2026-10-01T01:45:00+05:30,Hambantota_Southern,26.6,84.81814215848783,0.0,5.18,152.518085455975
2026-10-01T02:00:00+05:30,Hambantota_Southern,26.6,85.7710198275455,0.0,5.11,148.80179831765776
2026-10-01T02:15:00+05:30,Hambantota_Southern,26.5,86.5618423276884,0.0,5.1,145.08126736080663
2026-10-01T02:30:00+05:30,Hambantota_Southern,26.5,87.23864570275987,0.0,5.04,141.35782727700862
2026-10-01T02:45:00+05:30,Hambantota_Southern,26.4,87.83285021046754,0.0,4.98,137.63235934083804
2026-10-01T03:00:00+05:30,Hambantota_Southern,26.3,88.3659517907106,0.0,4.98,133.9054759368254
2026-10-01T03:15:00+05:30,Hambantota_Southern,26.3,88.85323638623186,0.0,4.98,130.1776231441326
2026-10-01T03:30:00+05:30,Hambantota_Southern,26.2,89.30595643821817,0.0,4.98,126.44913965104445
2026-10-01T03:45:00+05:30,Hambantota_Southern,26.2,89.73266582098631,0.0,5.07,122.72029419785605
2026-10-01T04:00:00+05:30,Hambantota_Southern,26.2,90.14007222238081,0.0,5.27,118.9913099027393
2026-10-01T04:15:00+05:30,Hambantota_Southern,26.2,90.53360178067248,0.0,5.36,115.2623793432861
2026-10-01T04:30:00+05:30,Hambantota_Southern,26.2,90.91778619518857,0.0,5.31,111.53367643126698
2026-10-01T04:45:00+05:30,Hambantota_Southern,26.2,91.29653788780143,0.0,4.95,107.80536540559898
2026-10-01T05:00:00+05:30,Hambantota_Southern,26.2,91.67335355087562,0.0,4.35,104.07760658226387
2026-10-01T05:15:00+05:30,Hambantota_Southern,26.1,92.0514714725789,0.0,3.82,100.35056261751467
2026-10-01T05:30:00+05:30,Hambantota_Southern,26.1,92.43399997548948,0.0,3.39,96.62440432360653
2026-10-01T05:45:00+05:30,Hambantota_Southern,26.2,92.82402927223586,0.0,3.16,92.89931496667414
2026-10-01T06:00:00+05:30,Hambantota_Southern,26.2,93.22473571594281,1.0,3.1,89.17549641839697
2026-10-01T06:15:00+05:30,Hambantota_Southern,26.3,93.63948641922013,19.0,3.08,85.45317605354354
2026-10-01T06:30:00+05:30,Hambantota_Southern,26.5,94.071951853712,51.0,3.01,81.73261332360869
2026-10-01T06:45:00+05:30,Hambantota_Southern,26.7,94.52623409267505,91.0,2.75,78.01410954285029
2026-10-01T07:00:00+05:30,Hambantota_Southern,27.1,95.00702033732216,136.0,2.36,74.29802009089714
2026-10-01T07:15:00+05:30,Hambantota_Southern,27.4,95.51977414596456,181.0,2.0,70.5847685014589
2026-10-01T07:30:00+05:30,Hambantota_Southern,27.7,96.07098061411227,224.0,1.73,66.87486679374265
2026-10-01T07:45:00+05:30,Hambantota_Southern,28.0,96.66846914448797,266.0,1.53,63.168942510246836
2026-10-01T08:00:00+05:30,Hambantota_Southern,28.3,97.3218482936536,310.0,1.43,59.467773895345616
2026-10-01T08:15:00+05:30,Hambantota_Southern,28.5,98.04310346295154,359.0,1.32,55.77234060506597
2026-10-01T08:30:00+05:30,Hambantota_Southern,28.8,98.84743606941186,414.0,1.24,52.08389528609827
2026-10-01T08:45:00+05:30,Hambantota_Southern,29.1,99.7544677814331,473.0,1.1,48.4040653915938
2026-10-01T09:00:00+05:30,Hambantota_Southern,29.3,100.79000781672659,532.0,0.97,44.73500591403314
2026-10-01T09:15:00+05:30,Hambantota_Southern,29.6,101.98871227908421,588.0,0.85,41.07963131374273
2026-10-01T09:30:00+05:30,Hambantota_Southern,29.9,103.39819660717433,644.0,0.8,37.441976949545115
2026-10-01T09:45:00+05:30,Hambantota_Southern,30.1,105.08558595336365,696.0,0.87,33.82778637812385
2026-10-01T10:00:00+05:30,Hambantota_Southern,30.3,107.14829205635311,743.0,0.98,30.245498662288952
2026-10-01T10:15:00+05:30,Hambantota_Southern,30.5,109.73235845385301,781.0,1.22,26.707979503397382
2026-10-01T10:30:00+05:30,Hambantota_Southern,30.7,113.06473646846337,808.0,1.45,23.235710391349684
2026-10-01T10:45:00+05:30,Hambantota_Southern,30.8,117.51147488625787,828.0,1.74,19.862965506041775
2026-10-01T11:00:00+05:30,Hambantota_Southern,30.8,123.68188166496765,841.0,2.07,16.65035909507128
2026-10-01T11:15:00+05:30,Hambantota_Southern,30.8,132.59366315005036,851.0,2.51,13.710946596212693
2026-10-01T11:30:00+05:30,Hambantota_Southern,30.7,145.78499547830108,859.0,3.02,11.2607585935108
2026-10-01T11:45:00+05:30,Hambantota_Southern,30.3,164.60033018978777,861.0,3.8,9.678773638510293
2026-10-01T12:00:00+05:30,Hambantota_Southern,29.7,187.2718830640677,851.0,4.76,9.413402677034185
2026-10-01T12:15:00+05:30,Hambantota_Southern,29.2,207.9606844573534,824.0,5.61,10.564334889741204
2026-10-01T12:30:00+05:30,Hambantota_Southern,28.9,223.1040901208571,772.0,6.03,12.753728314194689
2026-10-01T12:45:00+05:30,Hambantota_Southern,28.9,233.36083118656072,712.0,5.84,15.54892624069349
2026-10-01T13:00:00+05:30,Hambantota_Southern,29.2,240.3758543803583,667.0,5.27,18.679916641910992
2026-10-01T13:15:00+05:30,Hambantota_Southern,29.5,245.35662198537247,658.0,4.78,22.00380708553527
2026-10-01T13:30:00+05:30,Hambantota_Southern,29.6,249.03823733174255,686.0,4.7,25.44509933190193
2026-10-01T13:45:00+05:30,Hambantota_Southern,29.4,251.85941677080996,723.0,4.96,28.961958027493402
2026-10-01T14:00:00+05:30,Hambantota_Southern,29.1,254.08872879073706,739.0,5.37,32.529866935492116
2026-10-01T14:15:00+05:30,Hambantota_Southern,28.8,255.89667836984682,712.0,5.7,36.13368950685219
2026-10-01T14:30:00+05:30,Hambantota_Southern,28.5,257.3955618546256,647.0,5.76,39.76364375573801
2026-10-01T14:45:00+05:30,Hambantota_Southern,28.3,258.6618830341658,570.0,5.41,43.41315641381485
2026-10-01T15:00:00+05:30,Hambantota_Southern,28.1,259.74936049647977,503.0,4.82,47.07765959897318
2026-10-01T15:15:00+05:30,Hambantota_Southern,28.0,260.6967379581991,463.0,4.25,50.753885622664015
2026-10-01T15:30:00+05:30,Hambantota_Southern,27.9,261.5326319943208,445.0,3.93,54.43943843688301
2026-10-01T15:45:00+05:30,Hambantota_Southern,27.9,262.2786341485703,428.0,3.77,58.132522016801246
2026-10-01T16:00:00+05:30,Hambantota_Southern,28.0,262.95135274120713,398.0,3.64,61.83176335089724
2026-10-01T16:15:00+05:30,Hambantota_Southern,28.1,263.56379181705665,349.0,3.54,65.53609533006805
2026-10-01T16:30:00+05:30,Hambantota_Southern,28.2,264.1263040828535,287.0,3.41,69.24467527695272
2026-10-01T16:45:00+05:30,Hambantota_Southern,28.1,264.64726413010663,225.0,3.23,72.95682769213187
2026-10-01T17:00:00+05:30,Hambantota_Southern,28.0,265.13355417373253,167.0,3.05,76.67200466280066
2026-10-01T17:15:00+05:30,Hambantota_Southern,27.8,265.5909213905664,117.0,2.82,80.38975580637143
2026-10-01T17:30:00+05:30,Hambantota_Southern,27.6,266.02424653802603,73.0,2.63,84.10970585229485
2026-10-01T17:45:00+05:30,Hambantota_Southern,27.5,266.43775075257145,35.0,2.4,87.83153911546023
2026-10-01T18:00:00+05:30,Hambantota_Southern,27.3,266.83515881025517,5.0,2.15,91.55498631098698
2026-10-01T18:15:00+05:30,Hambantota_Southern,27.1,267.21983249477137,0.0,1.95,95.27981413009395
2026-10-01T18:30:00+05:30,Hambantota_Southern,26.9,267.5948843464936,0.0,1.82,99.00581829784372
2026-10-01T18:45:00+05:30,Hambantota_Southern,26.8,267.963279624133,0.0,1.87,102.73281654151549
2026-10-01T19:00:00+05:30,Hambantota_Southern,26.8,268.32793381466126,0.0,2.21,106.46064252031064
2026-10-01T19:15:00+05:30,Hambantota_Southern,26.7,268.69181288829714,0.0,2.64,110.18914184808855
2026-10-01T19:30:00+05:30,Hambantota_Southern,26.6,269.0580438664078,0.0,2.91,113.91816687056686
2026-10-01T19:45:00+05:30,Hambantota_Southern,26.5,269.4300456564167,0.0,2.94,117.64757135791542
2026-10-01T20:00:00+05:30,Hambantota_Southern,26.4,269.811693678886,0.0,2.84,121.37720620125609
2026-10-01T20:15:00+05:30,Hambantota_Southern,26.3,270.20753752520295,0.0,2.69,125.10691258969482
2026-10-01T20:30:00+05:30,Hambantota_Southern,26.3,270.62310178415146,0.0,2.62,128.83651340019907
2026-10-01T20:45:00+05:30,Hambantota_Southern,26.2,271.06531829054467,0.0,2.62,132.56580311635378
2026-10-01T21:00:00+05:30,Hambantota_Southern,26.2,271.5431696423065,0.0,2.63,136.2945313304935
2026-10-01T21:15:00+05:30,Hambantota_Southern,26.2,272.0686832474934,0.0,2.65,140.0223779782119
2026-10-01T21:30:00+05:30,Hambantota_Southern,26.1,272.65852847161636,0.0,2.72,143.74891575212354
2026-10-01T21:45:00+05:30,Hambantota_Southern,26.1,273.33669776274166,0.0,2.84,147.47354512845772
2026-10-01T22:00:00+05:30,Hambantota_Southern,26.0,274.13924522819354,0.0,2.96,151.1953801034999
2026-10-01T22:15:00+05:30,Hambantota_Southern,26.0,275.12319535402685,0.0,3.13,154.91303517561545
2026-10-01T22:30:00+05:30,Hambantota_Southern,26.0,276.3846195914429,0.0,3.24,158.62418944674369
2026-10-01T22:45:00+05:30,Hambantota_Southern,26.0,278.0990690466557,0.0,3.35,162.32460749973762
2026-10-01T23:00:00+05:30,Hambantota_Southern,26.0,280.6244646232616,0.0,3.46,166.00562867695777
2026-10-01T23:15:00+05:30,Hambantota_Southern,26.0,284.8142151162803,0.0,3.56,169.64639654901765
2026-10-01T23:30:00+05:30,Hambantota_Southern,26.0,293.2538323364602,0.0,3.61,173.18195735924604
2026-10-01T23:45:00+05:30,Hambantota_Southern,26.0,317.13602390029433,0.0,3.65,176.29735838525883
2026-10-02T00:00:00+05:30,Hambantota_Southern,26.0,24.324424316018167,0.0,3.69,177.02188676836386
2026-10-02T00:15:00+05:30,Hambantota_Southern,25.9,61.574645608002925,0.0,3.67,174.34631021397195
2026-10-02T00:30:00+05:30,Hambantota_Southern,25.9,73.11317256308689,0.0,3.66,170.88991875127437
2026-10-02T00:45:00+05:30,Hambantota_Southern,25.8,78.30869571576778,0.0,3.65,167.27383291099278
2026-10-02T01:00:00+05:30,Hambantota_Southern,25.8,81.27066149357734,0.0,3.65,163.60345629368584
2026-10-02T01:15:00+05:30,Hambantota_Southern,25.8,83.21156873676489,0.0,3.64,159.90861261739008
2026-10-02T01:30:00+05:30,Hambantota_Southern,25.7,84.60507611771584,0.0,3.58,156.20079157730257
2026-10-02T01:45:00+05:30,Hambantota_Southern,25.7,85.67271079645423,0.0,3.57,152.48534133784267
2026-10-02T02:00:00+05:30,Hambantota_Southern,25.6,86.53165144031209,0.0,3.56,148.76509117328825
2026-10-02T02:15:00+05:30,Hambantota_Southern,25.6,87.24969122727714,0.0,3.5,145.04168552382126
2026-10-02T02:30:00+05:30,Hambantota_Southern,25.5,87.86883754993659,0.0,3.34,141.31615373449733
2026-10-02T02:45:00+05:30,Hambantota_Southern,25.5,88.41658830057668,0.0,3.02,137.5891801600011
2026-10-02T03:00:00+05:30,Hambantota_Southern,25.4,88.91178452341796,0.0,2.6,133.86124520496858
2026-10-02T03:15:00+05:30,Hambantota_Southern,25.4,89.36785631175314,0.0,2.2,130.13270384621796
2026-10-02T03:30:00+05:30,Hambantota_Southern,25.3,89.79472421349465,0.0,1.81,126.40383051387963
2026-10-02T03:45:00+05:30,Hambantota_Southern,25.3,90.19996566774773,0.0,1.36,122.67484799425314
2026-10-02T04:00:00+05:30,Hambantota_Southern,25.3,90.58956042361228,0.0,0.9,118.9459463812895
2026-10-02T04:15:00+05:30,Hambantota_Southern,25.3,90.9683852049809,0.0,0.55,115.21729467168345
2026-10-02T04:30:00+05:30,Hambantota_Southern,25.2,91.34055390036428,0.0,0.54,111.48905034168544
2026-10-02T04:45:00+05:30,Hambantota_Southern,25.2,91.70966062012155,0.0,0.98,107.76136680824538
2026-10-02T05:00:00+05:30,Hambantota_Southern,25.2,92.07896095617343,0.0,1.71,104.03439816322192
2026-10-02T05:15:00+05:30,Hambantota_Southern,25.1,92.45151372751866,0.0,2.53,100.30830478635532
2026-10-02T05:30:00+05:30,Hambantota_Southern,25.1,92.83029855995017,0.0,3.11,96.58325877560863
2026-10-02T05:45:00+05:30,Hambantota_Southern,25.0,93.21832033083194,0.0,3.4,92.85944807596218
2026-10-02T06:00:00+05:30,Hambantota_Southern,24.9,93.61870864790728,1.0,3.59,89.13708264766352
2026-10-02T06:15:00+05:30,Hambantota_Southern,24.9,94.03481983121412,16.0,3.68,85.41640154950055
2026-10-02T06:30:00+05:30,Hambantota_Southern,24.9,94.47034873506738,40.0,3.61,81.69767988426526
2026-10-02T06:45:00+05:30,Hambantota_Southern,25.1,94.9294579775542,68.0,3.4,77.98123915593966
2026-10-02T07:00:00+05:30,Hambantota_Southern,25.3,95.4169342800077,100.0,3.04,74.26746029577272
2026-10-02T07:15:00+05:30,Hambantota_Southern,25.6,95.93838456974527,138.0,2.73,70.5567988928069
2026-10-02T07:30:00+05:30,Hambantota_Southern,25.9,96.50048851445456,185.0,2.45,66.849807080036
2026-10-02T07:45:00+05:30,Hambantota_Southern,26.3,97.1113317943151,238.0,2.3,63.14716270934766
2026-10-02T08:00:00+05:30,Hambantota_Southern,26.6,97.78085560992633,289.0,2.16,59.44970746308066
2026-10-02T08:15:00+05:30,Hambantota_Southern,27.0,98.52147465310395,323.0,1.97,55.75850164391445
2026-10-02T08:30:00+05:30,Hambantota_Southern,27.3,99.34894430566192,334.0,1.82,52.07490150319892
2026-10-02T08:45:00+05:30,Hambantota_Southern,27.6,100.2836037080167,329.0,1.55,48.40066929445416
2026-10-02T09:00:00+05:30,Hambantota_Southern,27.7,101.35219694764226,324.0,1.31,44.738138022943694
2026-10-02T09:15:00+05:30,Hambantota_Southern,27.9,102.59060702217937,337.0,1.14,41.09046126829675
2026-10-02T09:30:00+05:30,Hambantota_Southern,28.0,104.04807023461376,364.0,1.17,37.462001835470616
2026-10-02T09:45:00+05:30,Hambantota_Southern,28.2,105.7938600232415,400.0,1.31,33.85896140278991
2026-10-02T10:00:00+05:30,Hambantota_Southern,28.3,107.92821812003751,440.0,1.58,30.290435058493877
2026-10-02T10:15:00+05:30,Hambantota_Southern,28.4,110.60080564565988,478.0,1.86,26.77025071305878
2026-10-02T10:30:00+05:30,Hambantota_Southern,28.5,114.04276011181935,519.0,2.15,23.320331866998615
2026-10-02T10:45:00+05:30,Hambantota_Southern,28.5,118.62335245965181,562.0,2.48,19.97713670328646
2026-10-02T11:00:00+05:30,Hambantota_Southern,28.4,124.94791817887943,603.0,2.89,16.804503873900046
2026-10-02T11:15:00+05:30,Hambantota_Southern,28.4,134.00147197801687,642.0,3.23,13.919572615018012
2026-10-02T11:30:00+05:30,Hambantota_Southern,28.4,147.20203404428622,684.0,3.5,11.540184356556097
2026-10-02T11:45:00+05:30,Hambantota_Southern,28.5,165.63289800534062,722.0,3.58,10.032729706129771
2026-10-02T12:00:00+05:30,Hambantota_Southern,28.7,187.45272793810742,748.0,3.58,9.807856720593506
2026-10-02T12:15:00+05:30,Hambantota_Southern,28.9,207.38185897342623,755.0,3.53,10.944907567518001
2026-10-02T12:30:00+05:30,Hambantota_Southern,29.0,222.2000416911548,740.0,3.6,13.093752474186047
2026-10-02T12:45:00+05:30,Hambantota_Southern,29.0,232.40395467953556,714.0,3.77,15.848022641991449
2026-10-02T13:00:00+05:30,Hambantota_Southern,28.9,239.46666012935364,692.0,4.06,18.945473530857015
2026-10-02T13:15:00+05:30,Hambantota_Southern,28.9,244.52042112959418,685.0,4.32,22.24318375283957
2026-10-02T13:30:00+05:30,Hambantota_Southern,28.8,248.27456184028608,695.0,4.49,25.66405824625666
2026-10-02T13:45:00+05:30,Hambantota_Southern,28.9,251.1603470929254,705.0,4.57,29.164774666007183
2026-10-02T14:00:00+05:30,Hambantota_Southern,28.9,253.44509668957556,703.0,4.52,32.71970062804355
2026-10-02T14:15:00+05:30,Hambantota_Southern,29.0,255.30000287848912,678.0,4.48,36.31290290662065
2026-10-02T14:30:00+05:30,Hambantota_Southern,29.0,256.8385207996023,636.0,4.44,39.934033832849146
2026-10-02T14:45:00+05:30,Hambantota_Southern,28.9,258.1383003886316,584.0,4.39,43.576114385286495
2026-10-02T15:00:00+05:30,Hambantota_Southern,28.8,259.2540534947029,532.0,4.35,47.234281147338045
2026-10-02T15:15:00+05:30,Hambantota_Southern,28.7,260.2253428047248,484.0,4.29,50.90504758378157
2026-10-02T15:30:00+05:30,Hambantota_Southern,28.6,261.08144610537306,439.0,4.24,54.58585295432937
2026-10-02T15:45:00+05:30,Hambantota_Southern,28.5,261.84448385857985,394.0,4.07,58.27477542624278
2026-10-02T16:00:00+05:30,Hambantota_Southern,28.4,262.5314855185892,348.0,3.78,61.9703445804692
2026-10-02T16:15:00+05:30,Hambantota_Southern,28.3,263.1557891659631,301.0,3.48,65.67141698882838
2026-10-02T16:30:00+05:30,Hambantota_Southern,28.2,263.7280109447183,255.0,3.26,69.37708957134447
2026-10-02T16:45:00+05:30,Hambantota_Southern,28.1,264.25673106564443,209.0,3.16,73.08663863134541
2026-10-02T17:00:00+05:30,Hambantota_Southern,27.9,264.7489892366857,162.0,3.16,76.7994775676595
2026-10-02T17:15:00+05:30,Hambantota_Southern,27.7,265.21064917430135,113.0,3.09,80.51512484074674
2026-10-02T17:30:00+05:30,Hambantota_Southern,27.5,265.6466723432284,66.0,3.0,84.23318009689069
2026-10-02T17:45:00+05:30,Hambantota_Southern,27.2,266.0613281591573,28.0,2.74,87.95330755923473
2026-10-02T18:00:00+05:30,Hambantota_Southern,27.0,266.45835915378814,3.0,2.41,91.67522205328797
2026-10-02T18:15:00+05:30,Hambantota_Southern,26.7,266.8411148612653,0.0,2.22,95.39867801507397
2026-10-02T18:30:00+05:30,Hambantota_Southern,26.5,267.21266470442004,0.0,2.2,99.1234621635832
2026-10-02T18:45:00+05:30,Hambantota_Southern,26.4,267.575897607233,0.0,2.36,102.84938624276388
2026-10-02T19:00:00+05:30,Hambantota_Southern,26.3,267.9336154330691,0.0,2.62,106.5762808695046
2026-10-02T19:15:00+05:30,Hambantota_Southern,26.2,268.28862703495156,0.0,2.94,110.30399162840452
2026-10-02T19:30:00+05:30,Hambantota_Southern,26.1,268.64384984522974,0.0,3.13,114.03237408777343
2026-10-02T19:45:00+05:30,Hambantota_Southern,26.0,269.0024279672544,0.0,3.13,117.76128893127805
2026-10-02T20:00:00+05:30,Hambantota_Southern,26.0,269.36787876871887,0.0,3.0,121.49059837150459
2026-10-02T20:15:00+05:30,Hambantota_Southern,25.9,269.7442848649001,0.0,2.8,125.2201604117919
2026-10-02T20:30:00+05:30,Hambantota_Southern,25.8,270.1365579096088,0.0,2.64,128.94982186945893
2026-10-02T20:45:00+05:30,Hambantota_Southern,25.7,270.55081642499243,0.0,2.52,132.67941075538835
2026-10-02T21:00:00+05:30,Hambantota_Southern,25.5,270.99494753910324,0.0,2.42,136.40872353774645
2026-10-02T21:15:00+05:30,Hambantota_Southern,25.4,271.47947471853195,0.0,2.4,140.1375062753214
2026-10-02T21:30:00+05:30,Hambantota_Southern,25.3,272.0189533842995,0.0,2.35,143.8654265509033
2026-10-02T21:45:00+05:30,Hambantota_Southern,25.2,272.634318087089,0.0,2.3,147.59202449935694
2026-10-02T22:00:00+05:30,Hambantota_Southern,25.1,273.35704227348896,0.0,2.25,151.316626732336
2026-10-02T22:15:00+05:30,Hambantota_Southern,25.1,274.2369888364438,0.0,2.26,155.0381859833745
2026-10-02T22:30:00+05:30,Hambantota_Southern,25.0,275.358425442952,0.0,2.23,158.75495102077696
2026-10-02T22:45:00+05:30,Hambantota_Southern,25.0,276.87612905564197,0.0,2.24,162.46372068464714
2026-10-02T23:00:00+05:30,Hambantota_Southern,25.0,279.10839790095565,0.0,2.23,166.15791245134807
2026-10-02T23:15:00+05:30,Hambantota_Southern,25.0,282.82626077072155,0.0,2.23,169.82147972795775
2026-10-02T23:30:00+05:30,Hambantota_Southern,25.0,290.4489753200439,0.0,2.22,173.40302328066173
2026-10-02T23:45:00+05:30,Hambantota_Southern,25.0,313.6687040399752,0.0,2.22,176.62979341671897
2026-10-03T00:00:00+05:30,Hambantota_Southern,24.9,29.301475075226335,0.0,2.16,177.33215708693334
2026-10-03T00:15:00+05:30,Hambantota_Southern,24.9,65.48031790075925,0.0,2.11,174.4504918153619
2026-10-03T00:30:00+05:30,Hambantota_Southern,24.9,75.60468911631534,0.0,2.11,170.9227738639592
2026-10-03T00:45:00+05:30,Hambantota_Southern,24.9,80.102438936878,0.0,2.11,167.27552549903228
2026-10-03T01:00:00+05:30,Hambantota_Southern,25.0,82.6686980813418,0.0,2.16,163.58833811066708
2026-10-03T01:15:00+05:30,Hambantota_Southern,25.0,84.35865153889415,0.0,2.16,159.88326011295345
2026-10-03T01:30:00+05:30,Hambantota_Southern,25.0,85.58029836143135,0.0,2.15,156.1687393317033
2026-10-03T01:45:00+05:30,Hambantota_Southern,25.0,86.52369127046279,0.0,2.1,152.44870543374054
2026-10-03T02:00:00+05:30,Hambantota_Southern,24.9,87.28920100262366,0.0,2.05,148.72524131532438
2026-10-03T02:15:00+05:30,Hambantota_Southern,24.9,87.93487733047402,0.0,1.95,144.9995629724368
2026-10-03T02:30:00+05:30,Hambantota_Southern,24.9,88.49670940265383,0.0,1.9,141.27243728900606
2026-10-03T02:45:00+05:30,Hambantota_Southern,24.9,88.9982867896307,0.0,1.85,137.54437966680464
2026-10-03T03:00:00+05:30,Hambantota_Southern,24.9,89.4558082523709,0.0,1.86,133.81575754058875
2026-10-03T03:15:00+05:30,Hambantota_Southern,24.9,89.88085824860241,0.0,1.81,130.08684816638575
2026-10-03T03:30:00+05:30,Hambantota_Southern,24.9,90.28203341690255,0.0,1.81,126.35787142972777
2026-10-03T03:45:00+05:30,Hambantota_Southern,24.8,90.66594093134808,0.0,1.82,122.62901140762838
2026-10-03T04:00:00+05:30,Hambantota_Southern,24.8,91.03783736352159,0.0,1.87,118.90043070425872
2026-10-03T04:15:00+05:30,Hambantota_Southern,24.8,91.40205370459455,0.0,1.92,115.17227906505977
2026-10-03T04:30:00+05:30,Hambantota_Southern,24.7,91.76228888717537,0.0,1.93,111.44470099410628
2026-10-03T04:45:00+05:30,Hambantota_Southern,24.7,92.12182092626722,0.0,1.88,107.71784192191663
2026-10-03T05:00:00+05:30,Hambantota_Southern,24.6,92.48366602877502,0.0,1.8,103.99185209151767
2026-10-03T05:15:00+05:30,Hambantota_Southern,24.6,92.85070485865532,0.0,1.69,100.26689164398384
2026-10-03T05:30:00+05:30,Hambantota_Southern,24.7,93.22578932665203,0.0,1.64,96.5431357627014
2026-10-03T05:45:00+05:30,Hambantota_Southern,24.8,93.61183966971726,0.0,1.63,92.82077870573715
2026-10-03T06:00:00+05:30,Hambantota_Southern,25.1,94.01193918319399,1.0,1.62,89.10004005026178
2026-10-03T06:15:00+05:30,Hambantota_Southern,25.4,94.42943357076751,24.0,1.66,85.3811720173231
2026-10-03T06:30:00+05:30,Hambantota_Southern,25.7,94.86804197448089,63.0,1.7,81.66446683359597
2026-10-03T06:45:00+05:30,Hambantota_Southern,26.0,95.33198715115475,114.0,1.75,77.9502677149629
2026-10-03T07:00:00+05:30,Hambantota_Southern,26.4,95.82615455499945,173.0,1.81,74.23898276092442
2026-10-03T07:15:00+05:30,Hambantota_Southern,26.7,96.3562931992351,232.0,1.87,70.53110138129932
2026-10-03T07:30:00+05:30,Hambantota_Southern,27.1,96.92927536340403,289.0,1.95,66.82721780903543
2026-10-03T07:45:00+05:30,Hambantota_Southern,27.4,97.55344008722466,343.0,2.04,63.1280624842658
2026-10-03T08:00:00+05:30,Hambantota_Southern,27.7,98.23905689849084,397.0,2.14,59.43454319931994
2026-10-03T08:15:00+05:30,Hambantota_Southern,28.0,98.99896336219427,452.0,2.19,55.74780409138031
2026-10-03T08:30:00+05:30,Hambantota_Southern,28.2,99.84945916919696,508.0,2.26,52.069308876558665
2026-10-03T08:45:00+05:30,Hambantota_Southern,28.4,100.81158614720096,562.0,2.32,48.40095934135603
2026-10-03T09:00:00+05:30,Hambantota_Southern,28.6,101.91300011466853,614.0,2.43,44.7452723546012
2026-10-03T09:15:00+05:30,Hambantota_Southern,28.7,103.19077380277201,662.0,2.48,41.10564786289643
2026-10-03T09:30:00+05:30,Hambantota_Southern,28.8,104.695702897481,705.0,2.62,37.48678504096
2026-10-03T09:45:00+05:30,Hambantota_Southern,28.9,106.4991039569569,744.0,2.77,33.8953543626082
2026-10-03T10:00:00+05:30,Hambantota_Southern,28.9,108.7038621226281,779.0,2.91,30.341118738728902
2026-10-03T10:15:00+05:30,Hambantota_Southern,29.0,111.46291220991009,811.0,3.03,26.83887837155006
2026-10-03T10:30:00+05:30,Hambantota_Southern,29.0,115.01092148534872,838.0,3.22,23.411997820969745
2026-10-03T10:45:00+05:30,Hambantota_Southern,29.1,119.71910602410406,861.0,3.38,20.099079339364238
2026-10-03T11:00:00+05:30,Hambantota_Southern,29.1,126.18643714436541,882.0,3.58,16.967027695941866
2026-10-03T11:15:00+05:30,Hambantota_Southern,29.2,135.3618083143735,901.0,3.77,14.13659149572527
2026-10-03T11:30:00+05:30,Hambantota_Southern,29.2,148.5446812693043,920.0,3.96,11.8263647011387
2026-10-03T11:45:00+05:30,Hambantota_Southern,29.3,166.58700626313066,936.0,4.16,10.389382893523972
2026-10-03T12:00:00+05:30,Hambantota_Southern,29.4,187.61219535057316,945.0,4.37,10.201589128054906
2026-10-03T12:15:00+05:30,Hambantota_Southern,29.5,206.83646708550174,944.0,4.57,11.325294010593439
2026-10-03T12:30:00+05:30,Hambantota_Southern,29.5,221.33832082503122,935.0,4.75,13.435352333895338
2026-10-03T12:45:00+05:30,Hambantota_Southern,29.6,231.48040952858884,918.0,4.92,16.149654747256108
2026-10-03T13:00:00+05:30,Hambantota_Southern,29.7,238.581227917289,897.0,5.1,19.213792427570667
2026-10-03T13:15:00+05:30,Hambantota_Southern,29.7,243.70107330198175,871.0,5.29,22.485185233335798
2026-10-03T13:30:00+05:30,Hambantota_Southern,29.8,247.52310115264586,843.0,5.42,25.885360355310723
2026-10-03T13:45:00+05:30,Hambantota_Southern,29.8,250.470378885184,809.0,5.51,29.36960960167142
2026-10-03T14:00:00+05:30,Hambantota_Southern,29.8,252.80843137514427,770.0,5.62,32.91122719254067
2026-10-03T14:15:00+05:30,Hambantota_Southern,29.8,254.70879060625373,724.0,5.61,36.49349978120307
2026-10-03T14:30:00+05:30,Hambantota_Southern,29.7,256.2858548175713,671.0,5.57,40.10551915933151
2026-10-03T14:45:00+05:30,Hambantota_Southern,29.6,257.61828497455065,615.0,5.44,43.73990084417181
2026-10-03T15:00:00+05:30,Hambantota_Southern,29.5,258.76169977122106,560.0,5.23,47.391484237763436
2026-10-03T15:15:00+05:30,Hambantota_Southern,29.3,259.75642423587254,510.0,4.99,51.05656165092384
2026-10-03T15:30:00+05:30,Hambantota_Southern,29.2,260.63235933142875,464.0,4.73,54.73240524292405
2026-10-03T15:45:00+05:30,Hambantota_Southern,29.0,261.4121282742897,418.0,4.46,58.41696509315291
2026-10-03T16:00:00+05:30,Hambantota_Southern,28.8,262.11316324031225,371.0,4.21,62.1086712984683
2026-10-03T16:15:00+05:30,Hambantota_Southern,28.6,262.7491231025544,321.0,3.98,65.80630224877439
2026-10-03T16:30:00+05:30,Hambantota_Southern,28.4,263.3308777120961,272.0,3.83,69.50889279385707
2026-10-03T16:45:00+05:30,Hambantota_Southern,28.2,263.86720559478437,223.0,3.7,73.21566953527464
2026-10-03T17:00:00+05:30,Hambantota_Southern,28.0,264.3652983442303,172.0,3.61,76.92600581361897
2026-10-03T17:15:00+05:30,Hambantota_Southern,27.8,264.83113180343906,119.0,3.53,80.63938766044046
2026-10-03T17:30:00+05:30,Hambantota_Southern,27.7,265.269744570724,69.0,3.43,84.3553884334644
2026-10-03T17:45:00+05:30,Hambantota_Southern,27.5,265.68545134748433,28.0,3.31,88.07365109710203
2026-10-03T18:00:00+05:30,Hambantota_Southern,27.4,266.0820098091804,3.0,3.2,91.79387342614338
2026-10-03T18:15:00+05:30,Hambantota_Southern,27.3,266.4627548494409,0.0,3.05,95.5157964156206
2026-10-03T18:30:00+05:30,Hambantota_Southern,27.2,266.8307104619429,0.0,2.9,99.2391965319946
2026-10-03T18:45:00+05:30,Hambantota_Southern,27.1,267.18868686680355,0.0,2.7,102.96387819185952
2026-10-03T19:00:00+05:30,Hambantota_Southern,27.0,267.5393697297488,0.0,2.5,106.68966748431501
2026-10-03T19:15:00+05:30,Hambantota_Southern,27.0,267.88540783190854,0.0,2.25,110.41640827686587
2026-10-03T19:30:00+05:30,Hambantota_Southern,26.9,268.2295054553802,0.0,2.05,114.14395739950189
2026-10-03T19:45:00+05:30,Hambantota_Southern,26.8,268.5745274222366,0.0,1.9,117.87218012727
2026-10-03T20:00:00+05:30,Hambantota_Southern,26.7,268.9236272069487,0.0,1.75,121.60094717736837
2026-10-03T20:15:00+05:30,Hambantota_Southern,26.6,269.28041257714057,0.0,1.6,125.33012988696363
2026-10-03T20:30:00+05:30,Hambantota_Southern,26.6,269.6491713114613,0.0,1.55,129.05959462211794
2026-10-03T20:45:00+05:30,Hambantota_Southern,26.5,270.0351929451341,0.0,1.55,132.78919726627663
2026-10-03T21:00:00+05:30,Hambantota_Southern,26.4,270.44524595358064,0.0,1.56,136.51877372259477
2026-10-03T21:15:00+05:30,Hambantota_Southern,26.4,270.88831435675485,0.0,1.62,140.2481261372633
2026-10-03T21:30:00+05:30,Hambantota_Southern,26.3,271.37678305811664,0.0,1.68,143.9770030938947
2026-10-03T21:45:00+05:30,Hambantota_Southern,26.3,271.92843428897305,0.0,1.75,147.70506457109073
2026-10-03T22:00:00+05:30,Hambantota_Southern,26.2,272.5699942063255,0.0,1.87,151.43182052812827
2026-10-03T22:15:00+05:30,Hambantota_Southern,26.2,273.34384911221133,0.0,1.98,155.1565169008676
2026-10-03T22:30:00+05:30,Hambantota_Southern,26.2,274.3218130765493,0.0,2.1,158.8778994225744
2026-10-03T22:45:00+05:30,Hambantota_Southern,26.1,275.63638563581594,0.0,2.21,162.59367709418865
2026-10-03T23:00:00+05:30,Hambantota_Southern,26.1,277.56217454785553,0.0,2.29,166.29912108912163
2026-10-03T23:15:00+05:30,Hambantota_Southern,26.1,280.77404193142144,0.0,2.39,169.98258104988292
2026-10-03T23:30:00+05:30,Hambantota_Southern,26.0,287.45983055685986,0.0,2.45,173.6057526452298
2026-10-03T23:45:00+05:30,Hambantota_Southern,26.0,309.45504364582575,0.0,2.45,176.94569784086784
2026-10-04T00:00:00+05:30,Hambantota_Southern,26.0,35.48699811778806,0.0,2.45,177.61749223095677
2026-10-04T00:15:00+05:30,Hambantota_Southern,25.9,69.50339664886235,0.0,2.44,174.52928084843276
2026-10-04T00:30:00+05:30,Hambantota_Southern,25.9,78.10323101028047,0.0,2.42,170.93993888155998
2026-10-04T00:45:00+05:30,Hambantota_Southern,25.8,81.89085620963567,0.0,2.4,167.2665058974137
2026-10-04T01:00:00+05:30,Hambantota_Southern,25.8,84.06040650751441,0.0,2.39,163.5653729130937
2026-10-04T01:15:00+05:30,Hambantota_Southern,25.8,85.50012057855048,0.0,2.32,159.85190641384713
2026-10-04T01:30:00+05:30,Hambantota_Southern,25.7,86.55077862880324,0.0,2.3,156.13197553857353
2026-10-04T01:45:00+05:30,Hambantota_Southern,25.7,87.37068171956918,0.0,2.29,152.40831411193935
2026-10-04T02:00:00+05:30,Hambantota_Southern,25.7,88.04336583770174,0.0,2.24,148.68237756242183
2026-10-04T02:15:00+05:30,Hambantota_Southern,25.6,88.6171594465099,0.0,2.23,144.95502235805432
2026-10-04T02:30:00+05:30,Hambantota_Southern,25.6,89.12206033588683,0.0,2.22,141.22679551439916
2026-10-04T02:45:00+05:30,Hambantota_Southern,25.5,89.57777228045472,0.0,2.22,137.49807119179573
2026-10-04T03:00:00+05:30,Hambantota_Southern,25.5,89.99786903566553,0.0,2.22,133.76912266917418
2026-10-04T03:15:00+05:30,Hambantota_Southern,25.4,90.39210234736237,0.0,2.27,130.04016271792185
2026-10-04T03:30:00+05:30,Hambantota_Southern,25.3,90.7677545760231,0.0,2.27,126.31136628012977
2026-10-04T03:45:00+05:30,Hambantota_Southern,25.3,91.1304698404677,0.0,2.27,122.5828858812593
2026-10-04T04:00:00+05:30,Hambantota_Southern,25.2,91.4847869717538,0.0,2.32,118.85486210525778
2026-10-04T04:15:00+05:30,Hambantota_Southern,25.1,91.83449535975114,0.0,2.38,115.12742972381204
2026-10-04T04:30:00+05:30,Hambantota_Southern,25.1,92.1828821394393,0.0,2.38,111.40072369304474
2026-10-04T04:45:00+05:30,Hambantota_Southern,25.1,92.53291165242342,0.0,2.38,107.67488425520308
2026-10-04T05:00:00+05:30,Hambantota_Southern,25.2,92.88736257308142,0.0,2.43,103.9500601509973
2026-10-04T05:15:00+05:30,Hambantota_Southern,25.2,93.24893881114838,0.0,2.44,100.2264132982366
2026-10-04T05:30:00+05:30,Hambantota_Southern,25.3,93.62036559240664,0.0,2.44,96.50412374157504
2026-10-04T05:45:00+05:30,Hambantota_Southern,25.5,94.0044792246714,0.0,2.44,92.78339366387823
2026-10-04T06:00:00+05:30,Hambantota_Southern,25.7,94.40431711149864,1.0,2.49,89.06445376643089
2026-10-04T06:15:00+05:30,Hambantota_Southern,26.0,94.82321447657375,24.0,2.48,85.34757088660197
2026-10-04T06:30:00+05:30,Hambantota_Southern,26.2,95.26491458468809,62.0,2.48,81.63305582815853
2026-10-04T06:45:00+05:30,Hambantota_Southern,26.5,95.733699823145,112.0,2.48,77.92127500885266
2026-10-04T07:00:00+05:30,Hambantota_Southern,26.9,96.23455344911213,168.0,2.53,74.21266528027797
2026-10-04T07:15:00+05:30,Hambantota_Southern,27.2,96.7733650853184,226.0,2.52,70.50775160182772
2026-10-04T07:30:00+05:30,Hambantota_Southern,27.6,97.35719740495642,281.0,2.53,66.8071722398985
2026-10-04T07:45:00+05:30,Hambantota_Southern,27.9,97.99463954395253,335.0,2.54,63.11171243704035
2026-10-04T08:00:00+05:30,Hambantota_Southern,28.1,98.69628457609053,388.0,2.55,59.42234868046792
2026-10-04T08:15:00+05:30,Hambantota_Southern,28.4,99.47538589182187,443.0,2.52,55.7403120124265
2026-10-04T08:30:00+05:30,Hambantota_Southern,28.6,100.34877697012399,499.0,2.51,52.06717730953831
2026-10-04T08:45:00+05:30,Hambantota_Southern,28.8,101.33818633946765,553.0,2.49,48.40499038515533
2026-10-04T09:00:00+05:30,Hambantota_Southern,29.0,102.4721567203108,605.0,2.55,44.75645746919055
2026-10-04T09:15:00+05:30,Hambantota_Southern,29.1,103.78891101386881,653.0,2.58,41.12523159476409
2026-10-04T09:30:00+05:30,Hambantota_Southern,29.2,105.34073938864805,696.0,2.69,37.51635639188701
2026-10-04T09:45:00+05:30,Hambantota_Southern,29.3,107.2008915627074,733.0,2.84,33.936980448842824
2026-10-04T10:00:00+05:30,Hambantota_Southern,29.4,109.47470319634056,767.0,3.02,30.3975440235901
2026-10-04T10:15:00+05:30,Hambantota_Southern,29.5,112.31803234018162,798.0,3.24,26.913825766864015
2026-10-04T10:30:00+05:30,Hambantota_Southern,29.6,115.96841998925618,823.0,3.51,23.51062344203028
2026-10-04T10:45:00+05:30,Hambantota_Southern,29.6,120.79778823572167,845.0,3.75,20.228631560621437
2026-10-04T11:00:00+05:30,Hambantota_Southern,29.7,127.39654114569436,864.0,3.97,17.13764535198159
2026-10-04T11:15:00+05:30,Hambantota_Southern,29.7,136.67469473299678,883.0,4.14,14.361541232923088
2026-10-04T11:30:00+05:30,Hambantota_Southern,29.8,149.8161318879496,903.0,4.33,12.118694308722567
2026-10-04T11:45:00+05:30,Hambantota_Southern,29.8,167.46942927890802,920.0,4.44,10.748287957228854
2026-10-04T12:00:00+05:30,Hambantota_Southern,29.9,187.75226300121125,930.0,4.57,10.594466994327775
2026-10-04T12:15:00+05:30,Hambantota_Southern,30.0,206.32097324834228,928.0,4.67,11.705288670117966
2026-10-04T12:30:00+05:30,Hambantota_Southern,30.0,220.5158454134274,915.0,4.72,13.778194831978084
2026-10-04T12:45:00+05:30,Hambantota_Southern,30.1,230.58860806297514,894.0,4.77,16.453480858316993
2026-10-04T13:00:00+05:30,Hambantota_Southern,30.1,237.71884592129453,868.0,4.83,19.484570424226504
2026-10-04T13:15:00+05:30,Hambantota_Southern,30.1,242.89828191802928,838.0,4.83,22.729550485200576
2026-10-04T13:30:00+05:30,Hambantota_Southern,30.1,246.78375086089432,806.0,4.82,26.10877852046007
2026-10-04T13:45:00+05:30,Hambantota_Southern,30.1,249.78949884438876,769.0,4.81,29.5762613279205
2026-10-04T14:00:00+05:30,Hambantota_Southern,30.0,252.17876416838652,725.0,4.77,33.10426431944822
2026-10-04T14:15:00+05:30,Hambantota_Southern,30.0,254.12309534923628,674.0,4.71,36.67531235425429
2026-10-04T14:30:00+05:30,Hambantota_Southern,29.8,255.7376292316743,614.0,4.55,40.27794315707088
2026-10-04T14:45:00+05:30,Hambantota_Southern,29.6,257.1019080701372,551.0,4.32,43.90436801387482
2026-10-04T15:00:00+05:30,Hambantota_Southern,29.4,258.27237367392337,492.0,4.07,47.54912814125653
2026-10-04T15:15:00+05:30,Hambantota_Southern,29.1,259.29005818175654,442.0,3.73,51.20829283962171
2026-10-04T15:30:00+05:30,Hambantota_Southern,28.8,260.1854484503539,399.0,3.44,54.87896507732611
2026-10-04T15:45:00+05:30,Hambantota_Southern,28.4,260.981644705995,358.0,3.11,58.55896479182675
2026-10-04T16:00:00+05:30,Hambantota_Southern,28.1,261.6964636756858,317.0,2.8,62.246620684065206
2026-10-04T16:15:00+05:30,Hambantota_Southern,27.7,262.34387192694714,273.0,2.56,65.94063121917264
2026-10-04T16:30:00+05:30,Hambantota_Southern,27.3,262.93498338024875,231.0,2.4,69.6399675983681
2026-10-04T16:45:00+05:30,Hambantota_Southern,27.0,263.4787676370454,188.0,2.32,73.34380528857406
2026-10-04T17:00:00+05:30,Hambantota_Southern,26.7,263.98256261870824,145.0,2.34,77.05147625067443
2026-10-04T17:15:00+05:30,Hambantota_Southern,26.5,264.45245192611003,100.0,2.35,80.76243285501108
2026-10-04T17:30:00+05:30,Hambantota_Southern,26.3,264.8935477621525,58.0,2.39,84.47622099612455
2026-10-04T17:45:00+05:30,Hambantota_Southern,26.1,265.31020716947245,24.0,2.4,88.19246123429622
2026-10-04T18:00:00+05:30,Hambantota_Southern,26.1,265.70620041302806,2.0,2.36,91.9108331488066
2026-10-04T18:15:00+05:30,Hambantota_Southern,26.0,266.08484542462253,0.0,2.31,95.63106311597654
2026-10-04T18:30:00+05:30,Hambantota_Southern,26.0,266.44911854416375,0.0,2.21,99.35291611166564
2026-10-04T18:45:00+05:30,Hambantota_Southern,26.0,266.8017490279809,0.0,2.1,103.0761878811702
2026-10-04T19:00:00+05:30,Hambantota_Southern,26.1,267.14530390924045,0.0,2.02,106.80069849216599
2026-10-04T19:15:00+05:30,Hambantota_Southern,26.1,267.48226912254506,0.0,1.9,110.52628839631271
2026-10-04T19:30:00+05:30,Hambantota_Southern,26.2,267.815132474107,0.0,1.87,114.2528137068322
2026-10-04T19:45:00+05:30,Hambantota_Southern,26.2,268.1464753395261,0.0,1.85,117.98014193458947
2026-10-04T20:00:00+05:30,Hambantota_Southern,26.2,268.47908188094704,0.0,1.8,121.70814944194215
2026-10-04T20:15:00+05:30,Hambantota_Southern,26.3,268.8160777246776,0.0,1.82,125.43671735241782
2026-10-04T20:30:00+05:30,Hambantota_Southern,26.3,269.16111664476665,0.0,1.83,129.16572709801335
2026-10-04T20:45:00+05:30,Hambantota_Southern,26.2,269.518644678566,0.0,1.84,132.89505664021786
2026-10-04T21:00:00+05:30,Hambantota_Southern,26.2,269.8942901815863,0.0,1.84,136.62457366208565
2026-10-04T21:15:00+05:30,Hambantota_Southern,26.1,270.2954648334685,0.0,1.89,140.3541260362659
2026-10-04T21:30:00+05:30,Hambantota_Southern,26.1,270.73233056719846,0.0,1.88,144.08352893124712
2026-10-04T21:45:00+05:30,Hambantota_Southern,26.0,271.2194296533785,0.0,1.92,147.81254147224553
2026-10-04T22:00:00+05:30,Hambantota_Southern,26.0,271.7785860504697,0.0,1.92,151.5408261372058
2026-10-04T22:15:00+05:30,Hambantota_Southern,25.9,272.4444159202268,0.0,1.96,155.2678740834339
2026-10-04T22:30:00+05:30,Hambantota_Southern,25.8,273.27567180119394,0.0,1.95,158.99284924401584
2026-10-04T22:45:00+05:30,Hambantota_Southern,25.8,274.38115984968056,0.0,1.95,162.7142327384908
2026-10-04T23:00:00+05:30,Hambantota_Southern,25.7,275.98791639696555,0.0,1.95,166.42888769104746
2026-10-04T23:15:00+05:30,Hambantota_Southern,25.6,278.66111367652184,0.0,1.95,170.12902275018496
2026-10-04T23:30:00+05:30,Hambantota_Southern,25.6,284.2882072991488,0.0,1.91,173.78841704218013
2026-10-04T23:45:00+05:30,Hambantota_Southern,25.5,304.3007711167738,0.0,1.86,177.23966701660257
2026-10-05T00:00:00+05:30,Hambantota_Southern,25.4,43.1891772369886,0.0,1.82,177.86837468737525
2026-10-05T00:15:00+05:30,Hambantota_Southern,25.3,73.61016985705044,0.0,1.78,174.58183473776222
2026-10-05T00:30:00+05:30,Hambantota_Southern,25.3,80.59986257832145,0.0,1.74,170.94151968580184
2026-10-05T00:45:00+05:30,Hambantota_Southern,25.2,83.67068687702931,0.0,1.65,167.24696087861906
2026-10-05T01:00:00+05:30,Hambantota_Southern,25.1,85.44424860187792,0.0,1.61,163.53474002734615
2026-10-05T01:15:00+05:30,Hambantota_Southern,25.1,86.63510960735249,0.0,1.53,159.81471457827814
2026-10-05T01:30:00+05:30,Hambantota_Southern,25.0,87.51596264847825,0.0,1.46,156.09064893492393
2026-10-05T01:45:00+05:30,Hambantota_Southern,25.0,88.21329196631785,0.0,1.39,152.36430472919403
2026-10-05T02:00:00+05:30,Hambantota_Southern,24.9,88.79385047749167,0.0,1.36,148.63662832273852
2026-10-05T02:15:00+05:30,Hambantota_Southern,24.8,89.29630080036213,0.0,1.3,144.90818496558978
2026-10-05T02:30:00+05:30,Hambantota_Southern,24.8,89.7446920184342,0.0,1.25,141.17934391360572
2026-10-05T02:45:00+05:30,Hambantota_Southern,24.7,90.15487273296628,0.0,1.2,137.45036545155347
2026-10-05T03:00:00+05:30,Hambantota_Southern,24.6,90.53781341928993,0.0,1.17,133.721447264525
2026-10-05T03:15:00+05:30,Hambantota_Southern,24.6,90.90144861644228,0.0,1.07,129.99275069311824
2026-10-05T03:30:00+05:30,Hambantota_Southern,24.5,91.25175760592492,0.0,1.05,126.2644152046936
2026-10-05T03:45:00+05:30,Hambantota_Southern,24.5,91.59342964991077,0.0,1.01,122.53656883122007
2026-10-05T04:00:00+05:30,Hambantota_Southern,24.4,91.9302919185269,0.0,1.0,118.80933553148525
2026-10-05T04:15:00+05:30,Hambantota_Southern,24.3,92.26559675893134,0.0,0.96,115.08283932322772
2026-10-05T04:30:00+05:30,Hambantota_Southern,24.3,92.60222295506406,0.0,0.95,111.3572089879167
2026-10-05T04:45:00+05:30,Hambantota_Southern,24.3,92.94282379111564,0.0,0.95,107.63258234375567
2026-10-05T05:00:00+05:30,Hambantota_Southern,24.4,93.28994239041873,0.0,1.01,103.90910894249981
2026-10-05T05:15:00+05:30,Hambantota_Southern,24.4,93.64610739032452,0.0,1.03,100.18695446514926
2026-10-05T05:30:00+05:30,Hambantota_Southern,24.5,94.0139184053603,0.0,1.04,96.4663055685241
2026-10-05T05:45:00+05:30,Hambantota_Southern,24.7,94.39612853818727,0.0,1.06,92.74737394734862
2026-10-05T06:00:00+05:30,Hambantota_Southern,24.9,94.79572970597695,1.0,1.11,89.03040291133796
2026-10-05T06:15:00+05:30,Hambantota_Southern,25.2,95.21604674621744,24.0,1.09,85.31567534474455
2026-10-05T06:30:00+05:30,Hambantota_Southern,25.5,95.6608468108405,62.0,1.09,81.60352204958542
2026-10-05T06:45:00+05:30,Hambantota_Southern,25.8,96.13447130484883,111.0,1.08,77.89433410936492
2026-10-05T07:00:00+05:30,Hambantota_Southern,26.1,96.64200021521879,168.0,1.13,74.18857867473925
2026-10-05T07:15:00+05:30,Hambantota_Southern,26.5,97.18946210511797,226.0,1.12,70.48681793845864
2026-10-05T07:30:00+05:30,Hambantota_Southern,26.8,97.7841075663631,282.0,1.06,66.78973607918573
2026-10-05T07:45:00+05:30,Hambantota_Southern,27.1,98.43477222592657,336.0,1.0,63.09817528440456
2026-10-05T08:00:00+05:30,Hambantota_Southern,27.4,99.1523674643812,390.0,0.96,59.4131832290679
2026-10-05T08:15:00+05:30,Hambantota_Southern,27.7,99.95055483317753,447.0,0.81,55.73608079995522
2026-10-05T08:30:00+05:30,Hambantota_Southern,28.0,100.84669023706573,507.0,0.66,52.06855755191501
2026-10-05T08:45:00+05:30,Hambantota_Southern,28.2,101.86317175911239,567.0,0.43,48.41280756625675
2026-10-05T09:00:00+05:30,Hambantota_Southern,28.4,103.02940257949092,625.0,0.22,44.7717315608997
2026-10-05T09:15:00+05:30,Hambantota_Southern,28.6,104.38471395103602,677.0,0.32,41.14924181060665
2026-10-05T09:30:00+05:30,Hambantota_Southern,28.7,105.9828224857435,723.0,0.63,37.55073361289431
2026-10-05T09:45:00+05:30,Hambantota_Southern,28.9,107.8987968657944,763.0,0.97,33.98384158779078
2026-10-05T10:00:00+05:30,Hambantota_Southern,29.0,110.24022521461256,799.0,1.42,30.459690549936376
2026-10-05T10:15:00+05:30,Hambantota_Southern,29.2,113.16553420356956,834.0,1.82,26.995039822905376
2026-10-05T10:30:00+05:30,Hambantota_Southern,29.3,116.91448808114933,869.0,2.17,23.616105796292118
2026-10-05T10:45:00+05:30,Hambantota_Southern,29.4,121.85852401165778,899.0,2.53,20.365612401935437
2026-10-05T11:00:00+05:30,Hambantota_Southern,29.5,128.57747818598028,915.0,2.9,17.316055179027742
2026-10-05T11:15:00+05:30,Hambantota_Southern,29.6,137.94037810841166,906.0,3.2,14.593957088255465
2026-10-05T11:30:00+05:30,Hambantota_Southern,29.7,151.01960975848533,868.0,3.34,12.416595778849043
2026-10-05T11:45:00+05:30,Hambantota_Southern,29.8,168.2862483148665,816.0,3.28,11.109035818786367
2026-10-05T12:00:00+05:30,Hambantota_Southern,29.9,187.87465337508007,767.0,3.15,10.98635806946335
2026-10-05T12:15:00+05:30,Hambantota_Southern,30.0,205.83229609932766,738.0,2.98,12.084697019883436
2026-10-05T12:30:00+05:30,Hambantota_Southern,30.0,219.7297905499717,723.0,2.85,14.121967696439441
2026-10-05T12:45:00+05:30,Hambantota_Southern,29.9,229.72703031446082,715.0,2.69,16.759174990284293
2026-10-05T13:00:00+05:30,Hambantota_Southern,29.8,236.8788082927512,704.0,2.44,19.757514468049223
2026-10-05T13:15:00+05:30,Hambantota_Southern,29.5,242.1117429777193,686.0,2.14,22.976024828194667
2026-10-05T13:30:00+05:30,Hambantota_Southern,29.3,246.05639860051397,664.0,1.84,26.334090191709087
2026-10-05T13:45:00+05:30,Hambantota_Southern,29.1,249.1176877564784,640.0,1.57,29.78453209575178
2026-10-05T14:00:00+05:30,Hambantota_Southern,28.8,251.55612257284236,613.0,1.26,33.29863311034509
2026-10-05T14:15:00+05:30,Hambantota_Southern,28.6,253.54296874285853,584.0,0.99,36.85817616486942
2026-10-05T14:30:00+05:30,Hambantota_Southern,28.3,255.19390843361077,552.0,0.76,40.45115259958951
2026-10-05T14:45:00+05:30,Hambantota_Southern,28.1,256.5892409206779,519.0,0.65,44.069371568473485
2026-10-05T15:00:00+05:30,Hambantota_Southern,27.8,257.78615018148344,484.0,0.65,47.7070757152027
2026-10-05T15:15:00+05:30,Hambantota_Southern,27.5,258.82632170220177,447.0,0.81,51.3601099055494
2026-10-05T15:30:00+05:30,Hambantota_Southern,27.3,259.7407917538951,408.0,1.05,55.025406134441845
2026-10-05T15:45:00+05:30,Hambantota_Southern,27.0,260.5531122822692,369.0,1.32,58.70065236386039
2026-10-05T16:00:00+05:30,Hambantota_Southern,26.8,261.28146666138593,327.0,1.58,62.38407414788092
2026-10-05T16:15:00+05:30,Hambantota_Southern,26.5,261.94011621874495,283.0,1.87,66.07428840659931
2026-10-05T16:30:00+05:30,Hambantota_Southern,26.3,262.5404094119414,240.0,2.11,69.77020120426076
2026-10-05T16:45:00+05:30,Hambantota_Southern,26.1,263.0914997519228,196.0,2.3,73.4709355052075
2026-10-05T17:00:00+05:30,Hambantota_Southern,25.9,263.6008659877919,151.0,2.49,77.17578062364788
2026-10-05T17:15:00+05:30,Hambantota_Southern,25.7,264.074695160052,104.0,2.64,80.88415407594104
2026-10-05T17:30:00+05:30,Hambantota_Southern,25.6,264.51816959721424,59.0,2.74,84.5955731499642
2026-10-05T17:45:00+05:30,Hambantota_Southern,25.4,264.9356857927214,24.0,2.84,88.30963487880355
2026-10-05T18:00:00+05:30,Hambantota_Southern,25.3,265.33102410921174,2.0,2.89,92.0259995176626
2026-10-05T18:15:00+05:30,Hambantota_Southern,25.2,265.70748327089154,0.0,2.89,95.7443776623603
2026-10-05T18:30:00+05:30,Hambantota_Southern,25.1,266.06798983146626,0.0,2.89,99.4645215628957
2026-10-05T18:45:00+05:30,Hambantota_Southern,25.0,266.41518993990235,0.0,2.89,103.18621695245665
2026-10-05T19:00:00+05:30,Hambantota_Southern,25.0,266.75152970993923,0.0,2.84,106.90927638164622
2026-10-05T19:15:00+05:30,Hambantota_Southern,24.9,267.0793296458488,0.0,2.79,110.6335351782144
2026-10-05T19:30:00+05:30,Hambantota_Southern,24.8,267.4008580021474,0.0,2.74,114.35884674433909
2026-10-05T19:45:00+05:30,Hambantota_Southern,24.8,267.7184088743763,0.0,2.64,118.08507844576391
2026-10-05T20:00:00+05:30,Hambantota_Southern,24.7,268.03439214091406,0.0,2.54,121.8121093910949
2026-10-05T20:15:00+05:30,Hambantota_Southern,24.7,268.35144460960373,0.0,2.44,125.53982689068843
2026-10-05T20:30:00+05:30,Hambantota_Southern,24.6,268.6725767861891,0.0,2.34,129.2681228725242
2026-10-05T20:45:00+05:30,Hambantota_Southern,24.6,269.00137794708536,0.0,2.25,132.99689145878145
2026-10-05T21:00:00+05:30,Hambantota_Southern,24.5,269.3423167098773,0.0,2.1,136.72602427019527
2026-10-05T21:15:00+05:30,Hambantota_Southern,24.5,269.7012023513632,0.0,1.95,140.45540425087964
2026-10-05T21:30:00+05:30,Hambantota_Southern,24.5,270.08592588419765,0.0,1.86,144.18489826438588
2026-10-05T21:45:00+05:30,Hambantota_Southern,24.4,270.5077094675239,0.0,1.76,147.91434308492572
2026-10-05T22:00:00+05:30,Hambantota_Southern,24.4,270.983333095203,0.0,1.66,151.64352145857413
2026-10-05T22:15:00+05:30,Hambantota_Southern,24.4,271.53937382455644,0.0,1.57,155.3721190797376
2026-10-05T22:30:00+05:30,Hambantota_Southern,24.3,272.2209644139415,0.0,1.47,159.09963370426377
2026-10-05T22:45:00+05:30,Hambantota_Southern,24.3,273.1119117861773,0.0,1.38,162.82516748316772
2026-10-05T23:00:00+05:30,Hambantota_Southern,24.3,274.3880690998201,0.0,1.33,166.54687818417466
2026-10-05T23:15:00+05:30,Hambantota_Southern,24.3,276.4920627152879,0.0,1.22,170.26017389882367
2026-10-05T23:30:00+05:30,Hambantota_Southern,24.2,280.94112175737706,0.0,1.17,173.94930231912073
2026-10-05T23:45:00+05:30,Hambantota_Southern,24.2,297.98474780845436,0.0,1.12,177.50431908685908
2026-10-06T00:00:00+05:30,Hambantota_Southern,24.2,52.66668109189163,0.0,1.12,178.07197013638944
2026-10-06T00:15:00+05:30,Hambantota_Southern,24.1,77.76241307501391,0.0,1.08,174.60767967677924
2026-10-06T00:30:00+05:30,Hambantota_Southern,24.1,83.0857505185125,0.0,1.08,170.92771638460692
2026-10-06T00:45:00+05:30,Hambantota_Southern,24.0,85.43879151476335,0.0,1.08,167.21711018358528
2026-10-06T01:00:00+05:30,Hambantota_Southern,24.0,86.8187520691996,0.0,1.08,163.49663294640936
2026-10-06T01:15:00+05:30,Hambantota_Southern,23.9,87.7627888953067,0.0,1.06,159.77185423435105
2026-10-06T01:30:00+05:30,Hambantota_Southern,23.9,88.4753176364614,0.0,1.06,156.0449110977038
2026-10-06T01:45:00+05:30,Hambantota_Southern,23.8,89.05114512545867,0.0,1.06,152.31681537142404
2026-10-06T02:00:00+05:30,Hambantota_Southern,23.8,89.54036796714837,0.0,1.11,148.58812139908906
2026-10-06T02:15:00+05:30,Hambantota_Southern,23.8,89.97207017393515,0.0,1.11,144.8591705538768
2026-10-06T02:30:00+05:30,Hambantota_Southern,23.7,90.36440975271307,0.0,1.11,141.13019578977773
2026-10-06T02:45:00+05:30,Hambantota_Southern,23.7,90.72941843583396,0.0,1.11,137.40137043789449
2026-10-06T03:00:00+05:30,Hambantota_Southern,23.7,91.07548935980446,0.0,1.11,133.67283484882927
2026-10-06T03:15:00+05:30,Hambantota_Southern,23.6,91.40875780763315,0.0,1.09,129.94471177291678
2026-10-06T03:30:00+05:30,Hambantota_Southern,23.6,91.73391266605978,0.0,1.09,126.21711451914604
2026-10-06T03:45:00+05:30,Hambantota_Southern,23.6,92.05469747534289,0.0,1.09,122.49015357349583
2026-10-06T04:00:00+05:30,Hambantota_Southern,23.6,92.37423443280858,0.0,1.08,118.76394157677802
2026-10-06T04:15:00+05:30,Hambantota_Southern,23.7,92.6952438054725,0.0,1.03,115.03859594719319
2026-10-06T04:30:00+05:30,Hambantota_Southern,23.7,93.0201997444097,0.0,1.02,111.31424261645188
2026-10-06T04:45:00+05:30,Hambantota_Southern,23.8,93.35144727556155,0.0,0.96,107.59101969846931
2026-10-06T05:00:00+05:30,Hambantota_Southern,23.9,93.69129607332059,0.0,0.91,103.86907983449566
2026-10-06T05:15:00+05:30,Hambantota_Southern,24.0,94.04210105935437,0.0,0.85,100.14859442390144
2026-10-06T05:30:00+05:30,Hambantota_Southern,24.1,94.40633734964689,0.0,0.8,96.42975845958497
2026-10-06T05:45:00+05:30,Hambantota_Southern,24.2,94.78667557483413,0.0,0.7,92.71279470969203
2026-10-06T06:00:00+05:30,Hambantota_Southern,24.4,95.18606255364114,1.0,0.67,88.9979605477042
2026-10-06T06:15:00+05:30,Hambantota_Southern,24.6,95.6078127869186,26.0,0.56,85.2855563080948
2026-10-06T06:30:00+05:30,Hambantota_Southern,24.8,96.05571700531698,68.0,0.53,81.57593418599495
2026-10-06T06:45:00+05:30,Hambantota_Southern,25.0,96.5341749144552,121.0,0.51,77.86951135875229
2026-10-06T07:00:00+05:30,Hambantota_Southern,25.3,97.04836201478577,182.0,0.56,74.16678678409573
2026-10-06T07:15:00+05:30,Hambantota_Southern,25.5,97.60444394955647,243.0,0.7,70.46836152369681
2026-10-06T07:30:00+05:30,Hambantota_Southern,25.8,98.20985650030508,301.0,0.82,66.77496748831429
2026-10-06T07:45:00+05:30,Hambantota_Southern,26.1,98.87367784344428,357.0,1.01,63.08750587678516
2026-10-06T08:00:00+05:30,Hambantota_Southern,26.4,99.6071319802935,410.0,1.16,59.40709793906532
2026-10-06T08:15:00+05:30,Hambantota_Southern,26.7,100.42428035782416,464.0,1.39,55.73515721286524
2026-10-06T08:30:00+05:30,Hambantota_Southern,27.0,101.34298913225706,515.0,1.6,52.07349125818737
2026-10-06T08:45:00+05:30,Hambantota_Southern,27.3,102.38630768689279,562.0,1.8,48.424446395571664
2026-10-06T09:00:00+05:30,Hambantota_Southern,27.6,103.58447169722513,607.0,2.04,44.791122564782675
2026-10-06T09:15:00+05:30,Hambantota_Southern,27.9,104.97787685830684,650.0,2.21,41.17769684964517
2026-10-06T09:30:00+05:30,Hambantota_Southern,28.2,106.62159535528411,690.0,2.42,37.58992252270491
2026-10-06T09:45:00+05:30,Hambantota_Southern,28.4,108.59239699595093,726.0,2.59,34.03592671751831
2026-10-06T10:00:00+05:30,Hambantota_Southern,28.7,110.99992033435632,759.0,2.77,30.527523669935015
2026-10-06T10:15:00+05:30,Hambantota_Southern,29.0,114.00480430973886,788.0,2.94,27.082451711980404
2026-10-06T10:30:00+05:30,Hambantota_Southern,29.2,117.84839642723404,814.0,3.08,23.7283248164931
2026-10-06T10:45:00+05:30,Hambantota_Southern,29.4,122.90051524189039,836.0,3.22,20.509823424156522
2026-10-06T11:00:00+05:30,Hambantota_Southern,29.5,129.72864012496768,855.0,3.33,17.501941671924982
2026-10-06T11:15:00+05:30,Hambantota_Southern,29.7,139.15930535179837,869.0,3.47,14.833374739963446
2026-10-06T11:30:00+05:30,Hambantota_Southern,29.8,152.15832642126497,879.0,3.54,12.719519713523255
2026-10-06T11:45:00+05:30,Hambantota_Southern,29.9,169.04292823239643,886.0,3.61,11.471249347655117
2026-10-06T12:00:00+05:30,Hambantota_Southern,29.9,187.98087670149056,888.0,3.68,11.377131255647342
2026-10-06T12:15:00+05:30,Hambantota_Southern,30.0,205.36774107673676,886.0,3.75,12.46333446088336
2026-10-06T12:30:00+05:30,Hambantota_Southern,30.0,218.97756683807728,880.0,3.78,14.466377787498601
2026-10-06T12:45:00+05:30,Hambantota_Southern,30.0,228.89422414459622,871.0,3.82,17.066426347431346
2026-10-06T13:00:00+05:30,Hambantota_Southern,30.0,236.06041736985435,857.0,3.82,20.032341447533113
2026-10-06T13:15:00+05:30,Hambantota_Southern,29.9,241.34114613711586,839.0,3.85,23.224360210067573
2026-10-06T13:30:00+05:30,Hambantota_Southern,29.9,245.3409241782881,817.0,3.85,26.561077689972024
2026-10-06T13:45:00+05:30,Hambantota_Southern,29.8,248.45492010589746,792.0,3.85,29.994228167346897
2026-10-06T14:00:00+05:30,Hambantota_Southern,29.7,250.94052962695548,763.0,3.89,33.49415829670728
2026-10-06T14:15:00+05:30,Hambantota_Southern,29.7,252.9684594923392,730.0,3.85,37.04193025199114
2026-10-06T14:30:00+05:30,Hambantota_Southern,29.6,254.6547550599736,694.0,3.85,40.62499776268873
2026-10-06T14:45:00+05:30,Hambantota_Southern,29.5,256.080353898291,655.0,3.85,44.23477076117274
2026-10-06T15:00:00+05:30,Hambantota_Southern,29.4,257.3031040628033,613.0,3.78,47.86519351156114
2026-10-06T15:15:00+05:30,Hambantota_Southern,29.3,258.36529215367784,568.0,3.78,51.51188543569668
2026-10-06T15:30:00+05:30,Hambantota_Southern,29.2,259.2984682245367,521.0,3.71,55.17160606791114
2026-10-06T15:45:00+05:30,Hambantota_Southern,29.1,260.12661113777403,472.0,3.64,58.841909780395014
2026-10-06T16:00:00+05:30,Hambantota_Southern,29.0,260.86825330001375,419.0,3.57,62.52091738829071
2026-10-06T16:15:00+05:30,Hambantota_Southern,28.8,261.5379380435428,363.0,3.5,66.20716276210807
2026-10-06T16:30:00+05:30,Hambantota_Southern,28.7,262.14723894889516,309.0,3.43,69.8994854310354
2026-10-06T16:45:00+05:30,Hambantota_Southern,28.6,262.7054863538582,252.0,3.36,73.59695455854381
2026-10-06T17:00:00+05:30,Hambantota_Southern,28.5,263.2202943997866,194.0,3.22,77.29881559629744
2026-10-06T17:15:00+05:30,Hambantota_Southern,28.4,263.6979493053125,133.0,3.15,81.00445005562433
2026-10-06T17:30:00+05:30,Hambantota_Southern,28.3,264.14370010038687,75.0,3.01,84.71334550344874
2026-10-06T17:45:00+05:30,Hambantota_Southern,28.2,264.56197989817673,29.0,2.86,88.42507435022526
2026-10-06T18:00:00+05:30,Hambantota_Southern,28.1,264.95657673432794,2.0,2.69,92.13927641687437
2026-10-06T18:15:00+05:30,Hambantota_Southern,27.9,265.330767959368,0.0,2.51,95.85564536702367
2026-10-06T18:30:00+05:30,Hambantota_Southern,27.8,265.68742830672886,0.0,2.3,99.57391950068119
2026-10-06T18:45:00+05:30,Hambantota_Southern,27.7,266.02911879702225,0.0,2.09,103.29387320197854
2026-10-06T19:00:00+05:30,Hambantota_Southern,27.5,266.3581624935103,0.0,1.84,107.01531000889582
2026-10-06T19:15:00+05:30,Hambantota_Southern,27.4,266.6767120871941,0.0,1.59,110.73805841089285
2026-10-06T19:30:00+05:30,Hambantota_Southern,27.2,266.9868134677294,0.0,1.35,114.46196709192972
2026-10-06T19:45:00+05:30,Hambantota_Southern,27.1,267.2904699664696,0.0,1.11,118.18690087443493
2026-10-06T20:00:00+05:30,Hambantota_Southern,26.9,267.589712678694,0.0,0.81,121.91273868311755
2026-10-06T20:15:00+05:30,Hambantota_Southern,26.7,267.8866835671208,0.0,0.54,125.63937036527517
2026-10-06T20:30:00+05:30,Hambantota_Southern,26.6,268.183741522807,0.0,0.35,129.36669370671515
2026-10-06T20:45:00+05:30,Hambantota_Southern,26.4,268.4836071235196,0.0,0.32,133.09461296614685
2026-10-06T21:00:00+05:30,Hambantota_Southern,26.3,268.78957160296324,0.0,0.5,136.82303569725582
2026-10-06T21:15:00+05:30,Hambantota_Southern,26.1,269.10581480722914,0.0,0.72,140.551869003359
2026-10-06T21:30:00+05:30,Hambantota_Southern,26.0,269.43791373785996,0.0,0.95,144.28101613585142
2026-10-06T21:45:00+05:30,Hambantota_Southern,25.8,269.79369844657344,0.0,1.19,148.01036931653988
2026-10-06T22:00:00+05:30,Hambantota_Southern,25.7,270.18477767821923,0.0,1.43,151.73979804513763
2026-09-29T22:15:00+05:30,Kandy_Central,22.9,279.08043584159486,0.0,0.07,154.002090329971
2026-09-29T22:30:00+05:30,Kandy_Central,22.8,280.9924668913793,0.0,0.11,157.66671822440105
2026-09-29T22:45:00+05:30,Kandy_Central,22.6,283.5734926000232,0.0,0.11,161.30358658958198
2026-09-29T23:00:00+05:30,Kandy_Central,22.5,287.29649018542113,0.0,0.14,164.89248270884343
2026-09-29T23:15:00+05:30,Kandy_Central,22.3,293.17929206776654,0.0,0.14,168.388684425618
2026-09-29T23:30:00+05:30,Kandy_Central,22.2,303.73845996536335,0.0,0.18,171.67442530096457
2026-09-29T23:45:00+05:30,Kandy_Central,22.0,325.7129096747315,0.0,0.22,174.3682704031659
2026-09-30T00:00:00+05:30,Kandy_Central,21.8,7.0779124459539275,0.0,0.3,175.3067103737544
2026-09-30T00:15:00+05:30,Kandy_Central,21.7,43.030879380333886,0.0,0.35,173.65596063371012
2026-09-30T00:30:00+05:30,Kandy_Central,21.5,60.38556736202412,0.0,0.4,170.70618691140658
2026-09-30T00:45:00+05:30,Kandy_Central,21.4,69.07641978520462,0.0,0.4,167.33471565468585
2026-09-30T01:00:00+05:30,Kandy_Central,21.3,74.1329647154343,0.0,0.45,163.80285897500227
2026-09-30T01:15:00+05:30,Kandy_Central,21.2,77.43484509665797,0.0,0.4,160.19633864348782
2026-09-30T01:30:00+05:30,Kandy_Central,21.1,79.7762751704376,0.0,0.4,156.54968036241667
2026-09-30T01:45:00+05:30,Kandy_Central,21.0,81.54055887063862,0.0,0.35,152.8791789927862
2026-09-30T02:00:00+05:30,Kandy_Central,21.0,82.93322201308592,0.0,0.3,149.19347010227256
2026-09-30T02:15:00+05:30,Kandy_Central,20.9,84.073821434146,0.0,0.25,145.49754703228461
2026-09-30T02:30:00+05:30,Kandy_Central,20.9,85.03651663932766,0.0,0.21,141.79450074530675
2026-09-30T02:45:00+05:30,Kandy_Central,20.8,85.86975967184583,0.0,0.21,138.086352392787
2026-09-30T03:00:00+05:30,Kandy_Central,20.8,86.60660338476362,0.0,0.25,134.3744866564424
2026-09-30T03:15:00+05:30,Kandy_Central,20.8,87.27044492885977,0.0,0.25,130.65989213614552
2026-09-30T03:30:00+05:30,Kandy_Central,20.7,87.87839677123384,0.0,0.3,126.94330071261108
2026-09-30T03:45:00+05:30,Kandy_Central,20.7,88.44335438571102,0.0,0.3,123.22527407573835
2026-09-30T04:00:00+05:30,Kandy_Central,20.6,88.97531456066031,0.0,0.35,119.50625918286708
2026-09-30T04:15:00+05:30,Kandy_Central,20.6,89.48224577016788,0.0,0.35,115.78662374501044
2026-09-30T04:30:00+05:30,Kandy_Central,20.5,89.97068146231538,0.0,0.35,112.06668189418428
2026-09-30T04:45:00+05:30,Kandy_Central,20.4,90.44613779769793,0.0,0.35,108.34671276102802
2026-09-30T05:00:00+05:30,Kandy_Central,20.2,90.91341809328316,0.0,0.3,104.62697307567029
2026-09-30T05:15:00+05:30,Kandy_Central,20.1,91.37684302006926,0.0,0.25,100.90770846346582
2026-09-30T05:30:00+05:30,Kandy_Central,20.1,91.84043279041816,0.0,0.25,97.18916307708615
2026-09-30T05:45:00+05:30,Kandy_Central,20.1,92.30805950784611,0.0,0.3,93.47158689457595
2026-09-30T06:00:00+05:30,Kandy_Central,20.2,92.7835825293264,0.0,0.4,89.7552443372119
2026-09-30T06:15:00+05:30,Kandy_Central,20.3,93.270977569786,19.0,0.45,86.0404232893818
2026-09-30T06:30:00+05:30,Kandy_Central,20.7,93.77446909521194,59.0,0.51,82.32744362807071
2026-09-30T06:45:00+05:30,Kandy_Central,21.3,94.29867497306009,110.0,0.54,78.616668916198
2026-09-30T07:00:00+05:30,Kandy_Central,22.1,94.84877403449343,169.0,0.63,74.90852059527339
2026-09-30T07:15:00+05:30,Kandy_Central,23.0,95.43070968674436,229.0,0.64,71.20349428077432
2026-09-30T07:30:00+05:30,Kandy_Central,23.7,96.05144620498015,286.0,0.58,67.50218265676719
2026-09-30T07:45:00+05:30,Kandy_Central,24.4,96.71930151971327,340.0,0.55,63.80530562663024
2026-09-30T08:00:00+05:30,Kandy_Central,25.0,97.44439075036229,393.0,0.74,60.11374938926585
2026-09-30T08:15:00+05:30,Kandy_Central,25.5,98.2392302223949,445.0,1.12,56.428622141442744
2026-09-30T08:30:00+05:30,Kandy_Central,26.0,99.11957832058613,496.0,1.49,52.75133218199915
2026-09-30T08:45:00+05:30,Kandy_Central,26.5,100.10563186412895,543.0,1.85,49.08369836127102
2026-09-30T09:00:00+05:30,Kandy_Central,27.1,101.22376568965689,587.0,2.33,45.42811430717288
2026-09-30T09:15:00+05:30,Kandy_Central,27.5,102.50912309430527,627.0,2.78,41.787795626768265
2026-09-30T09:30:00+05:30,Kandy_Central,27.9,104.00957305097478,662.0,3.08,38.167161266384085
2026-09-30T09:45:00+05:30,Kandy_Central,28.1,105.79192079614955,692.0,3.15,34.57244542057922
2026-09-30T10:00:00+05:30,Kandy_Central,28.3,107.95194038469452,721.0,3.08,31.012710666156373
2026-09-30T10:15:00+05:30,Kandy_Central,28.4,110.63106038900304,751.0,2.98,27.501590859037947
2026-09-30T10:30:00+05:30,Kandy_Central,28.5,114.04483976856471,780.0,3.0,24.060424597507478
2026-09-30T10:45:00+05:30,Kandy_Central,28.6,118.53222579735387,809.0,3.15,20.724133753867065
2026-09-30T11:00:00+05:30,Kandy_Central,28.6,124.63863550864528,836.0,3.4,17.552667020255328
2026-09-30T11:15:00+05:30,Kandy_Central,28.7,133.23538360812785,862.0,3.6,14.653480374199816
2026-09-30T11:30:00+05:30,Kandy_Central,28.7,145.57242777261132,890.0,3.8,12.221939260908925
2026-09-30T11:45:00+05:30,Kandy_Central,28.8,162.72234611411636,915.0,3.9,10.58540214326186
2026-09-30T12:00:00+05:30,Kandy_Central,29.0,183.51854511929878,933.0,4.0,10.136553564607269
2026-09-30T12:15:00+05:30,Kandy_Central,29.1,203.46191573746444,939.0,4.07,11.021473716941088
2026-09-30T12:30:00+05:30,Kandy_Central,29.2,218.95322735707936,935.0,4.08,12.969969486273925
2026-09-30T12:45:00+05:30,Kandy_Central,29.3,229.8782930974611,923.0,4.08,15.588168860548748
2026-09-30T13:00:00+05:30,Kandy_Central,29.5,237.51484903801162,907.0,4.03,18.59529283702453
2026-09-30T13:15:00+05:30,Kandy_Central,29.5,242.99773513230116,894.0,3.98,21.83119093356727
2026-09-30T13:30:00+05:30,Kandy_Central,29.5,247.07470649830927,891.0,3.97,25.207890501248258
2026-09-30T13:45:00+05:30,Kandy_Central,29.5,250.20988883651572,882.0,4.06,28.675667866245966
2026-09-30T14:00:00+05:30,Kandy_Central,29.4,252.69343714624137,847.0,4.25,32.20508713094765
2026-09-30T14:15:00+05:30,Kandy_Central,29.1,254.7117530956428,772.0,4.35,35.777880598004614
2026-09-30T14:30:00+05:30,Kandy_Central,28.6,256.3884545291063,651.0,4.3,39.38221331216433
2026-09-30T14:45:00+05:30,Kandy_Central,27.6,257.8081102683855,521.0,4.02,43.01012371871973
2026-09-30T15:00:00+05:30,Kandy_Central,26.3,259.0302576903046,416.0,3.56,46.65607723069309
2026-09-30T15:15:00+05:30,Kandy_Central,24.9,260.09791328122265,362.0,3.12,50.316114648511245
2026-09-30T15:30:00+05:30,Kandy_Central,24.1,261.0428931209338,347.0,2.7,53.98733296135675
2026-09-30T15:45:00+05:30,Kandy_Central,23.9,261.88923394811553,342.0,2.32,57.6675560047519
2026-09-30T16:00:00+05:30,Kandy_Central,24.2,262.65545245633064,325.0,1.9,61.35511969610471
2026-09-30T16:15:00+05:30,Kandy_Central,24.5,263.35607491152587,283.0,1.56,65.04872958313507
2026-09-30T16:30:00+05:30,Kandy_Central,24.7,264.00269638201735,226.0,1.35,68.74736196660427
2026-09-30T16:45:00+05:30,Kandy_Central,24.5,264.6047305840341,169.0,1.36,72.450194406803
2026-09-30T17:00:00+05:30,Kandy_Central,24.2,265.16995225452933,121.0,1.49,76.15655732742756
2026-09-30T17:15:00+05:30,Kandy_Central,23.9,265.7048975335242,86.0,1.66,79.86589747370282
2026-09-30T17:30:00+05:30,Kandy_Central,23.6,266.2151665108195,57.0,1.7,83.57775059893716
2026-09-30T17:45:00+05:30,Kandy_Central,23.4,266.705658010005,30.0,1.51,87.2917221125467
2026-09-30T18:00:00+05:30,Kandy_Central,23.1,267.1807571721153,6.0,1.2,91.00747081358209
2026-09-30T18:15:00+05:30,Kandy_Central,22.9,267.6444913737101,0.0,0.98,94.72469585107868
2026-09-30T18:30:00+05:30,Kandy_Central,22.7,268.1006664071574,0.0,0.85,98.44312743751712
2026-09-30T18:45:00+05:30,Kandy_Central,22.6,268.55299227131366,0.0,0.81,102.1625175755058
2026-09-30T19:00:00+05:30,Kandy_Central,22.5,269.00520766180705,0.0,0.78,105.88263168282234
2026-09-30T19:15:00+05:30,Kandy_Central,22.5,269.46121247585273,0.0,0.75,109.60324206911484
2026-09-30T19:30:00+05:30,Kandy_Central,22.4,269.9252185512581,0.0,0.78,113.32411972523305
2026-09-30T19:45:00+05:30,Kandy_Central,22.4,270.40193237569736,0.0,0.81,117.04502529716733
2026-09-30T20:00:00+05:30,Kandy_Central,22.4,270.89678874059217,0.0,0.81,120.76569995790969
2026-09-30T20:15:00+05:30,Kandy_Central,22.4,271.4162625326856,0.0,0.81,124.48585206996424
2026-09-30T20:30:00+05:30,Kandy_Central,22.3,271.96830112480274,0.0,0.74,128.2051394960412
2026-09-30T20:45:00+05:30,Kandy_Central,22.2,272.56294499861093,0.0,0.64,131.92314646240123
2026-09-30T21:00:00+05:30,Kandy_Central,22.2,273.2132475774803,0.0,0.54,135.6393477264156
2026-09-30T21:15:00+05:30,Kandy_Central,22.1,273.93668553883214,0.0,0.45,139.3530542535962
2026-09-30T21:30:00+05:30,Kandy_Central,22.0,274.7574015169706,0.0,0.38,143.06332884070446
2026-09-30T21:45:00+05:30,Kandy_Central,21.9,275.70991839634894,0.0,0.38,146.76884414891398
2026-09-30T22:00:00+05:30,Kandy_Central,21.9,276.84558967203895,0.0,0.51,150.4676358792278
2026-09-30T22:15:00+05:30,Kandy_Central,21.9,278.2444492043128,0.0,0.58,154.15664903254233
2026-09-30T22:30:00+05:30,Kandy_Central,21.9,280.03851198962775,0.0,0.61,157.83083627328375
2026-09-30T22:45:00+05:30,Kandy_Central,21.8,282.4616161819807,0.0,0.57,161.48120627481927
2026-09-30T23:00:00+05:30,Kandy_Central,21.8,285.9679459502607,0.0,0.49,165.09009052025863
2026-09-30T23:15:00+05:30,Kandy_Central,21.7,291.5540677573585,0.0,0.39,168.61779107039985
2026-09-30T23:30:00+05:30,Kandy_Central,21.7,301.7790886785255,0.0,0.32,171.95659572484175
2026-09-30T23:45:00+05:30,Kandy_Central,21.6,324.08962296542165,0.0,0.25,174.73386316125456
2026-10-01T00:00:00+05:30,Kandy_Central,21.5,8.791339833142274,0.0,0.21,175.67992762523852
2026-10-01T00:15:00+05:30,Kandy_Central,21.4,46.06443228523074,0.0,0.16,173.87719944434218
2026-10-01T00:30:00+05:30,Kandy_Central,21.4,62.747089391929535,0.0,0.16,170.82350456618894
2026-10-01T00:45:00+05:30,Kandy_Central,21.3,70.86724669021118,0.0,0.18,167.3976553762256
2026-10-01T01:00:00+05:30,Kandy_Central,21.3,75.55189739548013,0.0,0.21,163.8346462437285
2026-10-01T01:15:00+05:30,Kandy_Central,21.3,78.60551017500313,0.0,0.27,160.2085203083067
2026-10-01T01:30:00+05:30,Kandy_Central,21.3,80.77305125175201,0.0,0.32,156.54864803856935
2026-10-01T01:45:00+05:30,Kandy_Central,21.3,82.41025410174802,0.0,0.32,152.8688001722194
2026-10-01T02:00:00+05:30,Kandy_Central,21.3,83.70682064100492,0.0,0.3,149.17625342499707
2026-10-01T02:15:00+05:30,Kandy_Central,21.3,84.77277489482356,0.0,0.25,145.4752116394239
2026-10-01T02:30:00+05:30,Kandy_Central,21.2,85.67625556425111,0.0,0.21,141.7682785162312
2026-10-01T02:45:00+05:30,Kandy_Central,21.2,86.4617511857723,0.0,0.16,138.05715967770317
2026-10-01T03:00:00+05:30,Kandy_Central,21.2,87.15961185381263,0.0,0.14,134.34302749022208
2026-10-01T03:15:00+05:30,Kandy_Central,21.1,87.7913362164768,0.0,0.16,130.62672326181
2026-10-01T03:30:00+05:30,Kandy_Central,21.1,88.37266975881386,0.0,0.15,126.90887423122115
2026-10-01T03:45:00+05:30,Kandy_Central,21.1,88.91550344937275,0.0,0.16,123.18996643895107
2026-10-01T04:00:00+05:30,Kandy_Central,21.2,89.42908384046518,0.0,0.16,119.47039154120503
2026-10-01T04:15:00+05:30,Kandy_Central,21.2,89.92081221663454,0.0,0.11,115.75047668542034
2026-10-01T04:30:00+05:30,Kandy_Central,21.2,90.39678990372602,0.0,0.11,112.03050644089149
2026-10-01T04:45:00+05:30,Kandy_Central,21.2,90.8622030544156,0.0,0.07,108.3107388574926
2026-10-01T05:00:00+05:30,Kandy_Central,21.3,91.32160413471604,0.0,0.05,104.59141635848243
2026-10-01T05:15:00+05:30,Kandy_Central,21.3,91.77912601170073,0.0,0.0,100.87277588992237
2026-10-01T05:30:00+05:30,Kandy_Central,21.3,92.23865285172019,0.0,0.05,97.15505781196961
2026-10-01T05:45:00+05:30,Kandy_Central,21.4,92.70396469602474,0.0,0.25,93.43851276913882
2026-10-01T06:00:00+05:30,Kandy_Central,21.4,93.17886772800091,0.0,0.5,89.72341012627544
2026-10-01T06:15:00+05:30,Kandy_Central,21.5,93.66732042809349,18.0,0.75,86.01004704047219
2026-10-01T06:30:00+05:30,Kandy_Central,21.7,94.17356486435261,56.0,0.9,82.29875725514816
2026-10-01T06:45:00+05:30,Kandy_Central,22.1,94.70227196077633,105.0,0.91,78.5899232943972
2026-10-01T07:00:00+05:30,Kandy_Central,22.7,95.25871142418458,163.0,0.79,74.8839914271482
2026-10-01T07:15:00+05:30,Kandy_Central,23.3,95.84895965152958,224.0,0.68,71.18148906865228
2026-10-01T07:30:00+05:30,Kandy_Central,23.8,96.4801625940708,284.0,0.64,67.48304921586062
2026-10-01T07:45:00+05:30,Kandy_Central,24.3,97.16087795628329,345.0,0.6,63.78944271525631
2026-10-01T08:00:00+05:30,Kandy_Central,24.8,97.90153182053223,406.0,0.6,60.10162026093769
2026-10-01T08:15:00+05:30,Kandy_Central,25.2,98.7150406291234,467.0,0.61,56.42077215157782
2026-10-01T08:30:00+05:30,Kandy_Central,25.7,99.61767657314743,527.0,0.65,52.748412076720115
2026-10-01T08:45:00+05:30,Kandy_Central,26.2,100.63029740923707,585.0,0.79,49.0864956533684
2026-10-01T09:00:00+05:30,Kandy_Central,26.7,101.78013142336744,639.0,1.06,45.43759634002754
2026-10-01T09:15:00+05:30,Kandy_Central,27.2,103.10342876938057,687.0,1.37,41.805169835774265
2026-10-01T09:30:00+05:30,Kandy_Central,27.6,104.64949801039637,728.0,1.61,38.193961226000425
2026-10-01T09:45:00+05:30,Kandy_Central,28.0,106.48701231165688,762.0,1.78,34.610656240227485
2026-10-01T10:00:00+05:30,Kandy_Central,28.3,108.71413270935079,788.0,1.92,31.064955341937456
2026-10-01T10:15:00+05:30,Kandy_Central,28.5,111.47519588546828,804.0,2.02,27.57141156127709
2026-10-01T10:30:00+05:30,Kandy_Central,28.7,114.98882205228347,807.0,2.08,24.15270889784145
2026-10-01T10:45:00+05:30,Kandy_Central,28.8,119.59553759793852,801.0,2.12,20.845742267745706
2026-10-01T11:00:00+05:30,Kandy_Central,28.9,125.83519508236435,789.0,2.08,17.713243076359518
2026-10-01T11:15:00+05:30,Kandy_Central,28.9,134.54908833369313,773.0,2.06,14.86595041494374
2026-10-01T11:30:00+05:30,Kandy_Central,28.9,146.89080437310827,749.0,2.02,12.500333222903208
2026-10-01T11:45:00+05:30,Kandy_Central,28.9,163.73666300038212,721.0,2.04,10.933668920064733
2026-10-01T12:00:00+05:30,Kandy_Central,28.8,183.83475649071104,697.0,2.0,10.528873843942321
2026-10-01T12:15:00+05:30,Kandy_Central,28.8,203.06530412685353,687.0,2.04,11.410286565356174
2026-10-01T12:30:00+05:30,Kandy_Central,28.7,218.17876009565086,701.0,2.04,13.32506441750111
2026-10-01T12:45:00+05:30,Kandy_Central,28.7,228.9968606338693,716.0,2.1,15.904242041111289
2026-10-01T13:00:00+05:30,Kandy_Central,28.7,236.64806328707226,708.0,2.26,18.87741317626002
2026-10-01T13:15:00+05:30,Kandy_Central,28.5,242.18584423909965,652.0,2.5,22.086011686873846
2026-10-01T13:30:00+05:30,Kandy_Central,28.2,246.3254577375684,540.0,2.51,25.44109564584555
2026-10-01T13:45:00+05:30,Kandy_Central,27.6,249.51970852207484,417.0,2.2,28.891653285730555
2026-10-01T14:00:00+05:30,Kandy_Central,26.8,252.0554966899948,326.0,1.82,32.40717665134864
2026-10-01T14:15:00+05:30,Kandy_Central,25.9,254.11887391194165,306.0,1.67,35.968594775585885
2026-10-01T14:30:00+05:30,Kandy_Central,25.2,255.8340661870249,351.0,1.63,39.563486690650514
2026-10-01T14:45:00+05:30,Kandy_Central,24.7,257.28648606410053,413.0,1.35,43.183463533797045
2026-10-01T15:00:00+05:30,Kandy_Central,24.3,258.53649235117666,448.0,0.86,46.82267621349514
2026-10-01T15:15:00+05:30,Kandy_Central,24.0,259.62781980298604,427.0,0.35,50.47693106121716
2026-10-01T15:30:00+05:30,Kandy_Central,23.8,260.59288510224286,366.0,0.25,54.14314786902744
2026-10-01T15:45:00+05:30,Kandy_Central,23.6,261.45621664815417,294.0,0.6,57.81901479895383
2026-10-01T16:00:00+05:30,Kandy_Central,23.5,262.2367290365995,234.0,0.94,61.50276263915936
2026-10-01T16:15:00+05:30,Kandy_Central,23.4,262.94926802325244,197.0,1.25,65.19301462693755
2026-10-01T16:30:00+05:30,Kandy_Central,23.4,263.6056831176919,174.0,1.46,68.88868206774613
2026-10-01T16:45:00+05:30,Kandy_Central,23.3,264.21558833434636,154.0,1.57,72.58889087717479
2026-10-01T17:00:00+05:30,Kandy_Central,23.3,264.7869131245505,130.0,1.57,76.29293029686433
2026-10-01T17:15:00+05:30,Kandy_Central,23.3,265.3263092535728,99.0,1.46,80.00021424178125
2026-10-01T17:30:00+05:30,Kandy_Central,23.2,265.83945807751434,67.0,1.35,83.71025242864347
2026-10-01T17:45:00+05:30,Kandy_Central,23.1,266.33130853833916,35.0,1.08,87.42262989111175
2026-10-01T18:00:00+05:30,Kandy_Central,23.0,266.8062666014917,7.0,0.73,91.13698989055365
2026-10-01T18:15:00+05:30,Kandy_Central,22.9,267.2683517647775,0.0,0.35,94.85302031399286
2026-10-01T18:30:00+05:30,Kandy_Central,22.8,267.72133256652467,0.0,0.18,98.57044403404137
2026-10-01T18:45:00+05:30,Kandy_Central,22.7,268.16885035133475,0.0,0.22,102.2890094731094
2026-10-01T19:00:00+05:30,Kandy_Central,22.6,268.6145401816778,0.0,0.34,106.00848225045826
2026-10-01T19:15:00+05:30,Kandy_Central,22.6,269.06215786042833,0.0,0.43,109.72863887759532
2026-10-01T19:30:00+05:30,Kandy_Central,22.6,269.51572274284575,0.0,0.47,113.44925899189458
2026-10-01T19:45:00+05:30,Kandy_Central,22.6,269.97968924507535,0.0,0.47,117.17011706755602
2026-10-01T20:00:00+05:30,Kandy_Central,22.6,270.45916475611693,0.0,0.5,120.89097439574748
2026-10-01T20:15:00+05:30,Kandy_Central,22.6,270.96019923413303,0.0,0.57,124.61156739517804
2026-10-01T20:30:00+05:30,Kandy_Central,22.6,271.4901859671479,0.0,0.63,128.3315923427212
2026-10-01T20:45:00+05:30,Kandy_Central,22.6,272.0584364168651,0.0,0.61,132.05068582547892
2026-10-01T21:00:00+05:30,Kandy_Central,22.5,272.6770325325838,0.0,0.62,135.76839431682703
2026-10-01T21:15:00+05:30,Kandy_Central,22.5,273.362135181146,0.0,0.72,139.4841281933017
2026-10-01T21:30:00+05:30,Kandy_Central,22.4,274.13606903575,0.0,0.78,143.1970906098921
2026-10-01T21:45:00+05:30,Kandy_Central,22.4,275.0307852166493,0.0,0.79,146.90615733866508
2026-10-01T22:00:00+05:30,Kandy_Central,22.3,276.0938974130706,0.0,0.72,150.60966738428013
2026-10-01T22:15:00+05:30,Kandy_Central,22.2,277.39982740599197,0.0,0.67,154.30503687751303
2026-10-01T22:30:00+05:30,Kandy_Central,22.1,279.07187665518705,0.0,0.7,157.9879871859551
2026-10-01T22:45:00+05:30,Kandy_Central,22.1,281.32992539222397,0.0,0.8,161.65086059637122
2026-10-01T23:00:00+05:30,Kandy_Central,22.0,284.605672004967,0.0,0.91,165.2784846547027
2026-10-01T23:15:00+05:30,Kandy_Central,21.9,289.8643113234998,0.0,1.01,168.8362600813723
2026-10-01T23:30:00+05:30,Kandy_Central,21.9,299.6791341812102,0.0,1.06,172.22747618769847
2026-10-01T23:45:00+05:30,Kandy_Central,21.8,322.21819737542523,0.0,1.05,175.0934712525772
2026-10-02T00:00:00+05:30,Kandy_Central,21.7,10.806398201700574,0.0,1.0,176.0483371300873
2026-10-02T00:15:00+05:30,Kandy_Central,21.6,49.30304789699068,0.0,0.9,174.08081117644224
2026-10-02T00:30:00+05:30,Kandy_Central,21.6,65.15884713367973,0.0,0.81,170.9260655900929
2026-10-02T00:45:00+05:30,Kandy_Central,21.6,72.67007555658398,0.0,0.66,167.4496271898962
2026-10-02T01:00:00+05:30,Kandy_Central,21.6,76.97261554003546,0.0,0.5,163.8581234230719
2026-10-02T01:15:00+05:30,Kandy_Central,21.7,79.77492666326123,0.0,0.35,160.21422698739661
2026-10-02T01:30:00+05:30,Kandy_Central,21.7,81.76770087491826,0.0,0.25,156.54246053288065
2026-10-02T01:45:00+05:30,Kandy_Central,21.6,83.27766366844048,0.0,0.25,152.85425736219145
2026-10-02T02:00:00+05:30,Kandy_Central,21.5,84.47822208966659,0.0,0.25,149.15564579230673
2026-10-02T02:15:00+05:30,Kandy_Central,21.3,85.4696983203803,0.0,0.35,145.4501076747942
2026-10-02T02:30:00+05:30,Kandy_Central,21.2,86.31414664870806,0.0,0.4,141.73980244826646
2026-10-02T02:45:00+05:30,Kandy_Central,21.1,87.0520683166776,0.0,0.5,138.026148696088
2026-10-02T03:00:00+05:30,Kandy_Central,21.1,87.71110266783012,0.0,0.61,134.31012602571803
2026-10-02T03:15:00+05:30,Kandy_Central,21.0,88.31084822671852,0.0,0.76,130.59244230700978
2026-10-02T03:30:00+05:30,Kandy_Central,20.9,88.86568437033975,0.0,0.86,126.87363022915238
2026-10-02T03:45:00+05:30,Kandy_Central,20.9,89.38649929371167,0.0,0.97,123.15410771838779
2026-10-02T04:00:00+05:30,Kandy_Central,20.9,89.88179120748248,0.0,1.13,119.4342168987958
2026-10-02T04:15:00+05:30,Kandy_Central,20.9,90.35839598245764,0.0,1.24,115.71424886307773
2026-10-02T04:30:00+05:30,Kandy_Central,20.9,90.82198437600107,0.0,1.35,111.99446222140891
2026-10-02T04:45:00+05:30,Kandy_Central,20.8,91.27741383943953,0.0,1.36,108.27509688642554
2026-10-02T05:00:00+05:30,Kandy_Central,20.8,91.72898705298542,0.0,1.38,104.55638343342198
2026-10-02T05:15:00+05:30,Kandy_Central,20.8,92.18064991849934,0.0,1.39,100.83855223489266
2026-10-02T05:30:00+05:30,Kandy_Central,20.8,92.63615118321599,0.0,1.35,97.12184170730633
2026-10-02T05:45:00+05:30,Kandy_Central,20.9,93.09917925001474,0.0,1.3,93.40650482830337
2026-10-02T06:00:00+05:30,Kandy_Central,20.9,93.57348734813104,0.0,1.3,89.69281746053802
2026-10-02T06:15:00+05:30,Kandy_Central,21.1,94.0630167267413,18.0,1.23,85.98108752251989
2026-10-02T06:30:00+05:30,Kandy_Central,21.3,94.57202681410598,54.0,1.17,82.27166410086033
2026-10-02T06:45:00+05:30,Kandy_Central,21.8,95.10524105487133,99.0,1.11,78.56495018961537
2026-10-02T07:00:00+05:30,Kandy_Central,22.3,95.66801912234791,152.0,0.98,74.86141847561993
2026-10-02T07:15:00+05:30,Kandy_Central,23.0,96.26656899832477,208.0,0.87,71.16162990124053
2026-10-02T07:30:00+05:30,Kandy_Central,23.5,96.90821622380861,266.0,0.76,67.46625969416581
2026-10-02T07:45:00+05:30,Kandy_Central,24.0,97.60175522201007,326.0,0.62,63.776131830491444
2026-10-02T08:00:00+05:30,Kandy_Central,24.5,98.35791857055972,387.0,0.47,60.09226403886268
2026-10-02T08:15:00+05:30,Kandy_Central,24.9,99.19001625006877,449.0,0.29,56.41593171692729
2026-10-02T08:30:00+05:30,Kandy_Central,25.4,100.11482444644366,511.0,0.14,52.748757532896654
2026-10-02T08:45:00+05:30,Kandy_Central,25.9,101.15384696752864,571.0,0.05,49.09283820843003
2026-10-02T09:00:00+05:30,Kandy_Central,26.4,102.33514248662192,629.0,0.11,45.45093230414862
2026-10-02T09:15:00+05:30,Kandy_Central,27.0,103.6960314080244,681.0,0.25,41.826742004824645
2026-10-02T09:30:00+05:30,Kandy_Central,27.5,105.28720216893879,727.0,0.39,38.22534615844737
2026-10-02T09:45:00+05:30,Kandy_Central,27.9,107.17909545354524,768.0,0.6,34.6538907242226
2026-10-02T10:00:00+05:30,Kandy_Central,28.4,109.4720849143306,803.0,0.85,31.12272281433748
2026-10-02T10:15:00+05:30,Kandy_Central,28.8,112.31310266685614,837.0,1.14,27.647320153229302
2026-10-02T10:30:00+05:30,Kandy_Central,29.2,115.92325441079879,872.0,1.39,24.25170491266438
2026-10-02T10:45:00+05:30,Kandy_Central,29.5,120.6435788484128,900.0,1.65,20.974699179720858
2026-10-02T11:00:00+05:30,Kandy_Central,29.8,127.00649990598555,915.0,1.91,17.88166562875142
2026-10-02T11:15:00+05:30,Kandy_Central,29.9,135.8209109843587,905.0,2.15,15.086220243813628
2026-10-02T11:30:00+05:30,Kandy_Central,30.0,148.14567190192196,870.0,2.3,12.78510766970831
2026-10-02T11:45:00+05:30,Kandy_Central,29.8,164.68157129975793,820.0,2.5,11.284913823759453
2026-10-02T12:00:00+05:30,Kandy_Central,29.4,184.12169196025079,766.0,2.7,10.92086222710249
2026-10-02T12:15:00+05:30,Kandy_Central,29.0,202.68950016603816,720.0,2.8,11.798597302799422
2026-10-02T12:30:00+05:30,Kandy_Central,28.7,217.4407836243973,681.0,2.65,13.681159449485236
2026-10-02T12:45:00+05:30,Kandy_Central,28.5,228.14729329661554,641.0,1.91,16.22240853920013
2026-10-02T13:00:00+05:30,Kandy_Central,28.3,235.80507759675376,592.0,0.81,19.162033863216692
2026-10-02T13:15:00+05:30,Kandy_Central,28.1,241.39120366981481,525.0,0.51,22.343328235422902
2026-10-02T13:30:00+05:30,Kandy_Central,27.6,245.58882995756193,436.0,1.15,25.67660067889608
2026-10-02T13:45:00+05:30,Kandy_Central,26.5,248.8389593176566,345.0,1.33,29.10966778906021
2026-10-02T14:00:00+05:30,Kandy_Central,25.1,251.42476907417364,273.0,1.5,32.61100426712547
2026-10-02T14:15:00+05:30,Kandy_Central,23.8,253.53163305194457,237.0,1.92,36.16075999737011
2026-10-02T14:30:00+05:30,Kandy_Central,22.8,255.2841720276254,233.0,2.11,39.745937704735915
2026-10-02T14:45:00+05:30,Kandy_Central,22.5,256.76850496166594,241.0,1.82,43.35772426405725
2026-10-02T15:00:00+05:30,Kandy_Central,22.5,258.04572281309714,242.0,1.11,46.98995611456187
2026-10-02T15:15:00+05:30,Kandy_Central,22.6,259.1602194864878,224.0,0.58,50.6382038668626
2026-10-02T15:30:00+05:30,Kandy_Central,22.7,260.1449722905687,193.0,0.67,54.299208387858705
2026-10-02T15:45:00+05:30,Kandy_Central,22.8,261.02497366154023,161.0,0.92,57.9705203287211
2026-10-02T16:00:00+05:30,Kandy_Central,22.8,261.8195166004381,133.0,1.17,61.65026357225193
2026-10-02T16:15:00+05:30,Kandy_Central,22.9,262.5437522996104,114.0,1.35,65.33697739008721
2026-10-02T16:30:00+05:30,Kandy_Central,23.0,263.20977436757147,102.0,1.38,69.029506572481
2026-10-02T16:45:00+05:30,Kandy_Central,23.0,263.82738934080896,91.0,1.26,72.726923996181
2026-10-02T17:00:00+05:30,Kandy_Central,23.1,264.4046754033206,76.0,1.08,76.42847643497217
2026-10-02T17:15:00+05:30,Kandy_Central,23.1,264.9483952244021,57.0,0.9,80.13354376887399
2026-10-02T17:30:00+05:30,Kandy_Central,23.1,265.46430758811573,37.0,0.84,83.84160853555262
2026-10-02T17:45:00+05:30,Kandy_Central,23.1,265.9574083198829,19.0,0.81,87.55223427899155
2026-10-02T18:00:00+05:30,Kandy_Central,23.0,266.43212136503666,3.0,0.82,91.26504761764636
2026-10-02T18:15:00+05:30,Kandy_Central,23.0,266.89245571273204,0.0,0.78,94.97972404941007
2026-10-02T18:30:00+05:30,Kandy_Central,22.9,267.34214007594323,0.0,0.72,98.6959779281703
2026-10-02T18:45:00+05:30,Kandy_Central,22.9,267.78474447890204,0.0,0.65,102.41355283179556
2026-10-02T19:00:00+05:30,Kandy_Central,22.9,268.2237974222999,0.0,0.55,106.13221318913051
2026-10-02T19:15:00+05:30,Kandy_Central,22.8,268.66290722253194,0.0,0.47,109.85173814675649
2026-10-02T19:30:00+05:30,Kandy_Central,22.8,269.1058966360843,0.0,0.39,113.57191418822974
2026-10-02T19:45:00+05:30,Kandy_Central,22.7,269.5569628067634,0.0,0.25,117.29252749361488
2026-10-02T20:00:00+05:30,Kandy_Central,22.6,270.0208789191717,0.0,0.36,121.01335693211307
2026-10-02T20:15:00+05:30,Kandy_Central,22.5,270.50326082467564,0.0,0.62,124.73416387384016
2026-10-02T20:30:00+05:30,Kandy_Central,22.4,271.0109349744111,0.0,0.71,128.45467914535422
2026-10-02T20:45:00+05:30,Kandy_Central,22.3,271.5524655687691,0.0,0.47,132.1745867942622
2026-10-02T21:00:00+05:30,Kandy_Central,22.1,272.1389361813308,0.0,0.25,135.89349867386827
2026-10-02T21:15:00+05:30,Kandy_Central,22.0,272.7851508520717,0.0,0.63,139.6109162224218
2026-10-02T21:30:00+05:30,Kandy_Central,21.9,273.51155135735894,0.0,0.87,143.32617170811727
2026-10-02T21:45:00+05:30,Kandy_Central,21.9,274.3474096688911,0.0,0.72,147.03832853647305
2026-10-02T22:00:00+05:30,Kandy_Central,21.9,275.33641267684345,0.0,0.39,150.74600723065504
2026-10-02T22:15:00+05:30,Kandy_Central,22.0,276.5470234962943,0.0,0.18,154.44706374136715
2026-10-02T22:30:00+05:30,Kandy_Central,22.1,278.0931363745442,0.0,0.35,158.13794258619356
2026-10-02T22:45:00+05:30,Kandy_Central,22.1,280.1791452278544,0.0,0.35,161.81225464767112
2026-10-02T23:00:00+05:30,Kandy_Central,22.0,283.2104625815501,0.0,0.22,165.4572440757028
2026-10-02T23:15:00+05:30,Kandy_Central,22.0,288.1099950801622,0.0,0.16,169.04340712004011
2026-10-02T23:30:00+05:30,Kandy_Central,22.0,297.4306321572167,0.0,0.25,172.4858269311602
2026-10-02T23:45:00+05:30,Kandy_Central,21.9,320.0455426878095,0.0,0.35,175.44572973492697
2026-10-03T00:00:00+05:30,Kandy_Central,21.9,13.20780407925713,0.0,0.51,176.41063049989324
2026-10-03T00:15:00+05:30,Kandy_Central,21.8,52.746693516658866,0.0,0.65,174.26509094629057
2026-10-03T00:30:00+05:30,Kandy_Central,21.8,67.6140225949888,0.0,0.76,171.01351611215262
2026-10-03T00:45:00+05:30,Kandy_Central,21.7,74.48152685921809,0.0,0.84,167.49063231377184
2026-10-03T01:00:00+05:30,Kandy_Central,21.6,78.39337977825937,0.0,0.86,163.8733835791822
2026-10-03T01:15:00+05:30,Kandy_Central,21.5,80.9420911120601,0.0,0.95,160.21357653481903
2026-10-03T01:30:00+05:30,Kandy_Central,21.4,82.7595821972393,0.0,1.0,156.53124102163005
2026-10-03T01:45:00+05:30,Kandy_Central,21.3,84.14234075626712,0.0,1.05,152.8356729581392
2026-10-03T02:00:00+05:30,Kandy_Central,21.2,85.24709334283546,0.0,1.15,149.13176694819217
2026-10-03T02:15:00+05:30,Kandy_Central,21.1,86.16432949584674,0.0,1.22,145.42235180452326
2026-10-03T02:30:00+05:30,Kandy_Central,21.0,86.94997407400956,0.0,1.29,141.70918620116598
2026-10-03T02:45:00+05:30,Kandy_Central,20.9,87.64052694321964,0.0,1.3,137.99343032976603
2026-10-03T03:00:00+05:30,Kandy_Central,20.8,88.26091408625246,0.0,1.26,134.27589062491893
2026-10-03T03:15:00+05:30,Kandy_Central,20.8,88.82883542494233,0.0,1.22,130.5571553516229
2026-10-03T03:30:00+05:30,Kandy_Central,20.7,89.35730701662453,0.0,1.23,126.83767270828014
2026-10-03T03:45:00+05:30,Kandy_Central,20.7,89.85621722328835,0.0,1.25,123.11780001340799
2026-10-03T04:00:00+05:30,Kandy_Central,20.6,90.33331859661939,0.0,1.32,119.39783559185067
2026-10-03T04:15:00+05:30,Kandy_Central,20.6,90.7948838945266,0.0,1.39,115.67803896178428
2026-10-03T04:30:00+05:30,Kandy_Central,20.5,91.24615521546554,0.0,1.39,111.95864635177708
2026-10-03T04:45:00+05:30,Kandy_Central,20.5,91.69166285843369,0.0,1.34,108.23988245886355
2026-10-03T05:00:00+05:30,Kandy_Central,20.4,92.13546094697148,0.0,1.27,104.52196844965673
2026-10-03T05:15:00+05:30,Kandy_Central,20.4,92.58130936406701,0.0,1.21,100.8051302069947
2026-10-03T05:30:00+05:30,Kandy_Central,20.4,93.0328221288537,0.0,1.1,97.0896060343002
2026-10-03T05:45:00+05:30,Kandy_Central,20.6,93.49359645849103,0.0,0.98,93.37565289409149
2026-10-03T06:00:00+05:30,Kandy_Central,20.9,93.96733284653095,0.0,0.89,89.66355468006186
2026-10-03T06:15:00+05:30,Kandy_Central,21.3,94.45795528385236,18.0,0.76,85.95363154251143
2026-10-03T06:30:00+05:30,Kandy_Central,21.6,94.96974025801381,56.0,0.65,82.24624936221443
2026-10-03T06:45:00+05:30,Kandy_Central,22.0,95.50746310594877,106.0,0.5,78.54183308789743
2026-10-03T07:00:00+05:30,Kandy_Central,22.5,96.07657242757796,165.0,0.39,74.84088338418667
2026-10-03T07:15:00+05:30,Kandy_Central,22.9,96.68340620717544,224.0,0.25,71.14399640471255
2026-10-03T07:30:00+05:30,Kandy_Central,23.4,97.33546724942556,280.0,0.15,67.45189148032907
2026-10-03T07:45:00+05:30,Kandy_Central,23.8,98.04178332155027,334.0,0.18,63.76544783772415
2026-10-03T08:00:00+05:30,Kandy_Central,24.2,98.81338860063988,390.0,0.3,60.08575269260415
2026-10-03T08:15:00+05:30,Kandy_Central,24.7,99.66397944922687,453.0,0.45,56.41416942186587
2026-10-03T08:30:00+05:30,Kandy_Central,25.1,100.61082545033776,524.0,0.62,52.75243309631333
2026-10-03T08:45:00+05:30,Kandy_Central,25.5,101.67606049617615,599.0,0.79,49.10278564682374
2026-10-03T09:00:00+05:30,Kandy_Central,25.9,102.88854908718736,670.0,0.98,45.4681756664638
2026-10-03T09:15:00+05:30,Kandy_Central,26.3,104.28664318883091,726.0,1.16,41.85255769798197
2026-10-03T09:30:00+05:30,Kandy_Central,26.7,105.92234851031895,768.0,1.36,38.261351178548544
2026-10-03T09:45:00+05:30,Kandy_Central,27.2,107.86776897390666,798.0,1.57,34.70216971235958
2026-10-03T10:00:00+05:30,Kandy_Central,27.6,110.22531177717553,820.0,1.78,31.18601372332609
2026-10-03T10:15:00+05:30,Kandy_Central,28.0,113.14418789962394,838.0,1.98,27.729287627335516
2026-10-03T10:30:00+05:30,Kandy_Central,28.3,116.84741689601424,848.0,2.19,24.357338584253597
2026-10-03T10:45:00+05:30,Kandy_Central,28.6,121.6755216068575,852.0,2.33,21.11086031825762
2026-10-03T11:00:00+05:30,Kandy_Central,28.8,128.1517932736504,847.0,2.5,18.057682533841515
2026-10-03T11:15:00+05:30,Kandy_Central,28.9,137.05084911891174,833.0,2.57,15.313889674873366
2026-10-03T11:30:00+05:30,Kandy_Central,28.9,149.33939326626069,809.0,2.67,13.075741880900424
2026-10-03T11:45:00+05:30,Kandy_Central,28.7,165.56231370234104,778.0,2.7,11.638717764761381
2026-10-03T12:00:00+05:30,Kandy_Central,28.4,184.38195496262517,745.0,2.7,11.312365867604015
2026-10-03T12:15:00+05:30,Kandy_Central,28.1,202.33218700082023,714.0,2.65,12.18624899851298
2026-10-03T12:30:00+05:30,Kandy_Central,27.6,216.73646018589494,683.0,2.58,14.037973776394566
2026-10-03T12:45:00+05:30,Kandy_Central,27.1,227.32789617297135,651.0,2.51,16.542351213132974
2026-10-03T13:00:00+05:30,Kandy_Central,26.5,234.98505509244904,618.0,2.37,19.448858927971045
2026-10-03T13:15:00+05:30,Kandy_Central,25.9,240.61342931207395,583.0,2.27,22.60287868220621
2026-10-03T13:30:00+05:30,Kandy_Central,25.3,244.86466198470072,547.0,2.14,25.91417451961594
2026-10-03T13:45:00+05:30,Kandy_Central,24.8,248.1675904844106,510.0,2.01,29.329504771124434
2026-10-03T14:00:00+05:30,Kandy_Central,24.3,250.8012597588293,470.0,1.96,32.816382164459576
2026-10-03T14:15:00+05:30,Kandy_Central,23.9,252.95006543351946,425.0,1.84,36.35420285416821
2026-10-03T14:30:00+05:30,Kandy_Central,23.5,254.73882281614732,373.0,1.72,39.92940410741942
2026-10-03T14:45:00+05:30,Kandy_Central,23.2,256.25422643229365,322.0,1.62,43.53275244127882
2026-10-03T15:00:00+05:30,Kandy_Central,23.0,257.5580134202665,277.0,1.47,47.15777048438114
2026-10-03T15:15:00+05:30,Kandy_Central,22.8,258.6951794684243,241.0,1.35,50.799792316066835
2026-10-03T15:30:00+05:30,Kandy_Central,22.7,259.6992234951544,213.0,1.22,54.45537846215481
2026-10-03T15:45:00+05:30,Kandy_Central,22.5,260.59557489592214,189.0,1.1,58.121940455301704
2026-10-03T16:00:00+05:30,Kandy_Central,22.4,261.4038858990108,165.0,1.0,61.79749366216836
2026-10-03T16:15:00+05:30,Kandy_Central,22.4,262.13959927463947,142.0,0.87,65.48049185594
2026-10-03T16:30:00+05:30,Kandy_Central,22.3,262.8150425116444,119.0,0.81,69.16971188342887
2026-10-03T16:45:00+05:30,Kandy_Central,22.2,263.4402069761577,98.0,0.76,72.8641722560709
2026-10-03T17:00:00+05:30,Kandy_Central,22.1,264.0233136652275,76.0,0.78,76.56307604612815
2026-10-03T17:15:00+05:30,Kandy_Central,22.1,264.57123148237093,53.0,0.75,80.26576793441244
2026-10-03T17:30:00+05:30,Kandy_Central,22.0,265.0897928481216,31.0,0.78,83.97170216273065
2026-10-03T17:45:00+05:30,Kandy_Central,22.0,265.5840372854781,13.0,0.79,87.68041969476896
2026-10-03T18:00:00+05:30,Kandy_Central,21.9,266.05840392907,2.0,0.82,91.391529414485
2026-10-03T18:15:00+05:30,Kandy_Central,21.9,266.5168886927266,0.0,0.81,95.10469331202978
2026-10-03T18:30:00+05:30,Kandy_Central,21.8,266.9631779690969,0.0,0.81,98.8196160451289
2026-10-03T18:45:00+05:30,Kandy_Central,21.8,267.4007678903886,0.0,0.8,102.53603507822206
2026-10-03T19:00:00+05:30,Kandy_Central,21.8,267.8330775861341,0.0,0.8,106.25371225039694
2026-10-03T19:15:00+05:30,Kandy_Central,21.7,268.2635646458174,0.0,0.8,109.97242775868453
2026-10-03T19:30:00+05:30,Kandy_Central,21.7,268.6958513063116,0.0,0.8,113.69197310023091
2026-10-03T19:45:00+05:30,Kandy_Central,21.7,269.13387249559645,0.0,0.81,117.41214400344927
2026-10-03T20:00:00+05:30,Kandy_Central,21.7,269.5820607327116,0.0,0.76,121.13273431580086
2026-10-03T20:15:00+05:30,Kandy_Central,21.7,270.04558904456746,0.0,0.76,124.85352717211552
2026-10-03T20:30:00+05:30,Kandy_Central,21.7,270.5307049257419,0.0,0.73,128.57428396462208
2026-10-03T20:45:00+05:30,Kandy_Central,21.7,271.04520795992926,0.0,0.73,132.2947311273688
2026-10-03T21:00:00+05:30,Kandy_Central,21.7,271.5991577113,0.0,0.7,136.01453930384804
2026-10-03T21:15:00+05:30,Kandy_Central,21.8,272.2059622304876,0.0,0.7,139.7332922460401
2026-10-03T21:30:00+05:30,Kandy_Central,21.8,272.8841182396893,0.0,0.65,143.45043946695898
2026-10-03T21:45:00+05:30,Kandy_Central,21.8,273.6601154351237,0.0,0.6,147.16521550068012
2026-10-03T22:00:00+05:30,Kandy_Central,21.8,274.5735335466724,0.0,0.63,150.876498826162
2026-10-03T22:15:00+05:30,Kandy_Central,21.9,275.68654071680146,0.0,0.58,154.58255064423955
2026-10-03T22:30:00+05:30,Kandy_Central,21.9,277.10294497876725,0.0,0.54,158.28048664735476
2026-10-03T22:45:00+05:30,Kandy_Central,21.9,279.0101374485759,0.0,0.5,161.96510747519363
2026-10-03T23:00:00+05:30,Kandy_Central,21.9,281.7833865606684,0.0,0.5,165.62596136898242
2026-10-03T23:15:00+05:30,Kandy_Central,21.9,286.2917221798027,0.0,0.46,169.23854900352916
2026-10-03T23:30:00+05:30,Kandy_Central,21.9,295.0266646287604,0.0,0.46,172.73031923729087
2026-10-03T23:45:00+05:30,Kandy_Central,21.9,317.5051102589644,0.0,0.46,175.78889279407298
2026-10-04T00:00:00+05:30,Kandy_Central,21.9,16.11263047218938,0.0,0.42,176.7649921818413
2026-10-04T00:15:00+05:30,Kandy_Central,21.9,56.389809331547156,0.0,0.42,174.4283231973135
2026-10-04T00:30:00+05:30,Kandy_Central,21.9,70.10500196622161,0.0,0.42,171.08557748954206
2026-10-04T00:45:00+05:30,Kandy_Central,21.9,76.29815146578409,0.0,0.42,167.52070893869217
2026-10-04T01:00:00+05:30,Kandy_Central,21.9,79.81246465667641,0.0,0.42,163.88053776072042
2026-10-04T01:15:00+05:30,Kandy_Central,21.9,82.10601824716525,0.0,0.46,160.20669598490565
2026-10-04T01:30:00+05:30,Kandy_Central,21.9,83.74806664466098,0.0,0.46,156.5151173460345
2026-10-04T01:45:00+05:30,Kandy_Central,21.9,85.00384726546764,0.0,0.46,152.81317144090107
2026-10-04T02:00:00+05:30,Kandy_Central,21.9,86.01310683248653,0.0,0.46,149.1047371067687
2026-10-04T02:15:00+05:30,Kandy_Central,21.9,86.85640940865022,0.0,0.43,145.39206007109053
2026-10-04T02:30:00+05:30,Kandy_Central,21.9,87.58352367255134,0.0,0.43,141.67654202319534
2026-10-04T02:45:00+05:30,Kandy_Central,21.8,88.22694350451758,0.0,0.43,137.95911344694795
2026-10-04T03:00:00+05:30,Kandy_Central,21.8,88.80888414485463,0.0,0.47,134.24042715284145
2026-10-04T03:15:00+05:30,Kandy_Central,21.8,89.34515147449702,0.0,0.45,130.52096557993883
2026-10-04T03:30:00+05:30,Kandy_Central,21.7,89.84740286870829,0.0,0.45,126.80110243691098
2026-10-04T03:45:00+05:30,Kandy_Central,21.7,90.32453096369994,0.0,0.45,123.08114188824625
2026-10-04T04:00:00+05:30,Kandy_Central,21.7,90.78354609313453,0.0,0.45,119.36134414956925
2026-10-04T04:15:00+05:30,Kandy_Central,21.6,91.23016070775668,0.0,0.43,115.64194160716579
2026-10-04T04:30:00+05:30,Kandy_Central,21.6,91.66919049782445,0.0,0.43,111.92315165621403
2026-10-04T04:45:00+05:30,Kandy_Central,21.6,92.10484039159883,0.0,0.43,108.20518666912115
2026-10-04T05:00:00+05:30,Kandy_Central,21.7,92.54091734150455,0.0,0.41,104.4882608189072
2026-10-04T05:15:00+05:30,Kandy_Central,21.7,92.98099625915967,0.0,0.41,100.77259756328222
2026-10-04T05:30:00+05:30,Kandy_Central,21.8,93.42855718632143,0.0,0.4,97.0584369013542
2026-10-04T05:45:00+05:30,Kandy_Central,21.9,93.8871066328278,0.0,0.4,93.34604141083273
2026-10-04T06:00:00+05:30,Kandy_Central,22.1,94.36029257079832,0.0,0.4,89.63570452888186
2026-10-04T06:15:00+05:30,Kandy_Central,22.2,94.85202167370016,19.0,0.4,85.92776008351615
2026-10-04T06:30:00+05:30,Kandy_Central,22.4,95.36658712538116,60.0,0.41,82.22259218035964
2026-10-04T06:45:00+05:30,Kandy_Central,22.6,95.90881543374843,112.0,0.43,78.52064917378753
2026-10-04T07:00:00+05:30,Kandy_Central,22.9,96.48424295395415,173.0,0.45,74.82246123107416
2026-10-04T07:15:00+05:30,Kandy_Central,23.1,97.09933591165526,235.0,0.45,71.12866136155696
2026-10-04T07:30:00+05:30,Kandy_Central,23.4,97.7617718113803,293.0,0.43,67.44001481499402
2026-10-04T07:45:00+05:30,Kandy_Central,23.6,98.48080807289517,349.0,0.42,63.75745811976502
2026-10-04T08:00:00+05:30,Kandy_Central,23.9,99.2677751549333,405.0,0.43,60.08215033740447
2026-10-04T08:15:00+05:30,Kandy_Central,24.2,100.13674807946609,466.0,0.38,56.41554557873505
2026-10-04T08:30:00+05:30,Kandy_Central,24.5,101.10547846422594,532.0,0.4,52.75949456653955
2026-10-04T08:45:00+05:30,Kandy_Central,24.8,102.19671327854877,600.0,0.46,49.11638829479419
2026-10-04T09:00:00+05:30,Kandy_Central,25.3,103.44009686624645,663.0,0.58,45.48936995341484
2026-10-04T09:15:00+05:30,Kandy_Central,25.7,104.87497211441371,715.0,0.71,41.88265177728265
2026-10-04T09:30:00+05:30,Kandy_Central,26.1,106.55459677588055,755.0,0.89,38.3019997836217
2026-10-04T09:45:00+05:30,Kandy_Central,26.6,108.55263035986849,784.0,1.12,34.75550132226835
2026-10-04T10:00:00+05:30,Kandy_Central,27.1,110.97333083225186,807.0,1.36,31.254814663612677
2026-10-04T10:15:00+05:30,Kandy_Central,27.6,113.96786960897202,825.0,1.63,27.817269408351358
2026-10-04T10:30:00+05:30,Kandy_Central,28.0,117.76061671108079,836.0,1.84,24.469518764301725
2026-10-04T10:45:00+05:30,Kandy_Central,28.3,122.69059713281393,841.0,2.04,21.25406366039374
2026-10-04T11:00:00+05:30,Kandy_Central,28.5,129.27043387015726,839.0,2.18,18.24102613900709
2026-10-04T11:15:00+05:30,Kandy_Central,28.7,138.2390715967299,832.0,2.34,15.548553875511061
2026-10-04T11:30:00+05:30,Kandy_Central,28.7,150.4743740832077,817.0,2.41,13.371733625425577
2026-10-04T11:45:00+05:30,Kandy_Central,28.6,166.38367586309232,797.0,2.42,11.994690039094124
2026-10-04T12:00:00+05:30,Kandy_Central,28.3,184.61783124061512,772.0,2.35,11.703234197853803
2026-10-04T12:15:00+05:30,Kandy_Central,27.9,201.99135192363514,745.0,2.3,12.573088629251984
2026-10-04T12:30:00+05:30,Kandy_Central,27.5,216.06321298536145,715.0,2.2,14.395242232241387
2026-10-04T12:45:00+05:30,Kandy_Central,27.0,226.5370676018656,682.0,2.09,16.86376724598189
2026-10-04T13:00:00+05:30,Kandy_Central,26.4,234.18717936757764,647.0,1.99,19.73760204973955
2026-10-04T13:15:00+05:30,Kandy_Central,25.8,239.85213654109876,609.0,1.87,22.864407404902238
2026-10-04T13:30:00+05:30,Kandy_Central,25.2,244.15278817747918,570.0,1.77,26.153590483239327
2026-10-04T13:45:00+05:30,Kandy_Central,24.7,247.5055474192519,529.0,1.69,29.55096108270684
2026-10-04T14:00:00+05:30,Kandy_Central,24.2,250.18497180867152,484.0,1.61,33.023125563302244
2026-10-04T14:15:00+05:30,Kandy_Central,23.8,252.37420494739678,434.0,1.52,36.54875282589374
2026-10-04T14:30:00+05:30,Kandy_Central,23.5,254.19806937353957,376.0,1.47,40.11372654214235
2026-10-04T14:45:00+05:30,Kandy_Central,23.3,255.7437108239572,319.0,1.39,43.70839757287222
2026-10-04T15:00:00+05:30,Kandy_Central,23.1,257.07343000943985,269.0,1.27,47.32597597387228
2026-10-04T15:15:00+05:30,Kandy_Central,23.0,258.23276884495,231.0,1.16,50.96155890498169
2026-10-04T15:30:00+05:30,Kandy_Central,23.0,259.25570984719315,203.0,1.05,54.61152544019009
2026-10-04T15:45:00+05:30,Kandy_Central,22.9,260.1680928698991,179.0,0.9,58.273146606840356
2026-10-04T16:00:00+05:30,Kandy_Central,22.9,260.98991053324687,157.0,0.76,61.94432780776889
2026-10-04T16:15:00+05:30,Kandy_Central,23.0,261.73688353725936,134.0,0.63,65.6234359047644
2026-10-04T16:30:00+05:30,Kandy_Central,23.0,262.4215631684433,112.0,0.51,69.30917846268866
2026-10-04T16:45:00+05:30,Kandy_Central,23.0,263.05411802415153,92.0,0.46,73.00051837339036
2026-10-04T17:00:00+05:30,Kandy_Central,23.0,263.64290606384134,71.0,0.45,76.69661382281747
2026-10-04T17:15:00+05:30,Kandy_Central,23.0,264.1948978128877,50.0,0.46,80.39677316823874
2026-10-04T17:30:00+05:30,Kandy_Central,23.0,264.71599558988794,29.0,0.5,84.10042126956779
2026-10-04T17:45:00+05:30,Kandy_Central,22.9,265.2112794832727,13.0,0.55,87.80707544088203
2026-10-04T18:00:00+05:30,Kandy_Central,22.9,265.68520108572375,2.0,0.55,91.51632575575896
2026-10-04T18:15:00+05:30,Kandy_Central,22.8,266.1417407376674,0.0,0.6,95.22781958508301
2026-10-04T18:30:00+05:30,Kandy_Central,22.8,266.5845400997237,0.0,0.6,98.9412507199138
2026-10-04T18:45:00+05:30,Kandy_Central,22.7,267.01701894267126,0.0,0.6,102.65634924046981
2026-10-04T19:00:00+05:30,Kandy_Central,22.7,267.4424843436632,0.0,0.65,106.37287298592177
2026-10-04T19:15:00+05:30,Kandy_Central,22.6,267.8642400887832,0.0,0.66,110.09060160467081
2026-10-04T19:30:00+05:30,Kandy_Central,22.6,268.28570418661104,0.0,0.67,113.80932975263605
2026-10-04T19:45:00+05:30,Kandy_Central,22.5,268.7105446835067,0.0,0.67,117.52886050940381
2026-10-04T20:00:00+05:30,Kandy_Central,22.5,269.1428473425884,0.0,0.68,121.24900004998133
2026-10-04T20:15:00+05:30,Kandy_Central,22.5,269.587334150596,0.0,0.68,124.96955000887101
2026-10-04T20:30:00+05:30,Kandy_Central,22.4,270.04966221986837,0.0,0.68,128.69029825322716
2026-10-04T20:45:00+05:30,Kandy_Central,22.4,270.5368501398912,0.0,0.68,132.41100836800481
2026-10-04T21:00:00+05:30,Kandy_Central,22.4,271.0579092421747,0.0,0.67,136.13140295204428
2026-10-04T21:15:00+05:30,Kandy_Central,22.4,271.62481451448707,0.0,0.62,139.85113895313506
2026-10-04T21:30:00+05:30,Kandy_Central,22.4,272.25405864707153,0.0,0.61,143.56977066790898
2026-10-04T21:45:00+05:30,Kandy_Central,22.4,272.9692509206701,0.0,0.61,147.28668627244963
2026-10-04T22:00:00+05:30,Kandy_Central,22.5,273.80569159657466,0.0,0.6,151.0009969280344
2026-10-04T22:15:00+05:30,Kandy_Central,22.5,274.81893082846165,0.0,0.55,154.71133135181333
2026-10-04T22:30:00+05:30,Kandy_Central,22.5,276.1020331599459,0.0,0.55,158.41541812157055
2026-10-04T22:45:00+05:30,Kandy_Central,22.5,277.82390097435945,0.0,0.55,162.10915493846352
2026-10-04T23:00:00+05:30,Kandy_Central,22.5,280.3257987538293,0.0,0.5,165.78424739226733
2026-10-04T23:15:00+05:30,Kandy_Central,22.4,284.4108067093664,0.0,0.51,169.42101243851147
2026-10-04T23:30:00+05:30,Kandy_Central,22.4,292.4619259216102,0.0,0.46,172.95954539941573
2026-10-04T23:45:00+05:30,Kandy_Central,22.4,314.5137372531128,0.0,0.46,176.12070045627664
2026-10-05T00:00:00+05:30,Kandy_Central,22.4,19.68478211083209,0.0,0.41,177.10882897738583
2026-10-05T00:15:00+05:30,Kandy_Central,22.3,60.22016546768168,0.0,0.36,174.5688441150119
2026-10-05T00:30:00+05:30,Kandy_Central,22.3,72.62349383881269,0.0,0.36,171.14205482161825
2026-10-05T00:45:00+05:30,Kandy_Central,22.2,78.11646977368014,0.0,0.32,167.539932330907
2026-10-05T01:00:00+05:30,Kandy_Central,22.2,81.22817123126146,0.0,0.3,163.87971425906068
2026-10-05T01:15:00+05:30,Kandy_Central,22.1,83.26574607200814,0.0,0.25,160.19372082454493
2026-10-05T01:30:00+05:30,Kandy_Central,22.0,84.73254155344813,0.0,0.25,156.49422136633012
2026-10-05T01:45:00+05:30,Kandy_Central,22.0,85.86175550062518,0.0,0.25,152.7868787952334
2026-10-05T02:00:00+05:30,Kandy_Central,21.9,86.77594170268776,0.0,0.25,149.07467641314994
2026-10-05T02:15:00+05:30,Kandy_Central,21.8,87.5456832955025,0.0,0.25,145.35934738373692
2026-10-05T02:30:00+05:30,Kandy_Central,21.8,88.21458385274576,0.0,0.25,141.64198025471214
2026-10-05T02:45:00+05:30,Kandy_Central,21.7,88.81113584859702,0.0,0.3,137.92330441758685
2026-10-05T03:00:00+05:30,Kandy_Central,21.6,89.3548514524947,0.0,0.35,134.2038385055721
2026-10-05T03:15:00+05:30,Kandy_Central,21.5,89.85964999800046,0.0,0.4,130.4839728144055
2026-10-05T03:30:00+05:30,Kandy_Central,21.4,90.3358365945312,0.0,0.46,126.76401648323449
2026-10-05T03:45:00+05:30,Kandy_Central,21.3,90.79131338010217,0.0,0.52,123.04422790874062
2026-10-05T04:00:00+05:30,Kandy_Central,21.1,91.2323526386167,0.0,0.62,119.32483483360127
2026-10-05T04:15:00+05:30,Kandy_Central,21.0,91.66410980284553,0.0,0.68,115.60604691087708
2026-10-05T04:30:00+05:30,Kandy_Central,21.0,92.0909767324876,0.0,0.73,111.88806620891333
2026-10-05T04:45:00+05:30,Kandy_Central,21.0,92.5168349876692,0.0,0.78,108.17109563883395
2026-10-05T05:00:00+05:30,Kandy_Central,21.0,92.94524588391954,0.0,0.79,104.45534476630422
2026-10-05T05:15:00+05:30,Kandy_Central,21.1,93.37960050476812,0.0,0.79,100.74103666237112
2026-10-05T05:30:00+05:30,Kandy_Central,21.2,93.82324572046934,0.0,0.79,97.0284148074378
2026-10-05T05:45:00+05:30,Kandy_Central,21.5,94.27959783418947,0.0,0.74,93.31774900106957
2026-10-05T06:00:00+05:30,Kandy_Central,21.8,94.75225250406095,0.0,0.68,89.6093437137802
2026-10-05T06:15:00+05:30,Kandy_Central,22.1,95.24509899252922,20.0,0.62,85.90354787343603
2026-10-05T06:30:00+05:30,Kandy_Central,22.5,95.76244675465972,60.0,0.51,82.20076520829453
2026-10-05T06:45:00+05:30,Kandy_Central,23.0,96.30917265306942,112.0,0.4,78.50146890179876
2026-10-05T07:00:00+05:30,Kandy_Central,23.4,96.8908994954565,173.0,0.3,74.8062201097455
2026-10-05T07:15:00+05:30,Kandy_Central,23.9,97.51421981067995,235.0,0.16,71.11569029375595
2026-10-05T07:30:00+05:30,Kandy_Central,24.4,98.18698300380953,295.0,0.11,67.43069237983445
2026-10-05T07:45:00+05:30,Kandy_Central,24.9,98.91867214428197,352.0,0.16,63.75222217275691
2026-10-05T08:00:00+05:30,Kandy_Central,25.3,99.72090824129168,408.0,0.28,60.08151284066771
2026-10-05T08:15:00+05:30,Kandy_Central,25.8,100.60813670459436,466.0,0.42,56.42011184465144
2026-10-05T08:30:00+05:30,Kandy_Central,26.2,101.59857908754032,524.0,0.57,52.76998862224685
2026-10-05T08:45:00+05:30,Kandy_Central,26.5,102.71557743654614,579.0,0.68,49.133686822234985
2026-10-05T09:00:00+05:30,Kandy_Central,26.9,103.98952861477699,632.0,0.86,45.51454841658321
2026-10-05T09:15:00+05:30,Kandy_Central,27.2,105.46072399590071,681.0,0.97,41.91704809882357
2026-10-05T09:30:00+05:30,Kandy_Central,27.5,107.1836058022966,726.0,1.15,38.34730359753114
2026-10-05T09:45:00+05:30,Kandy_Central,27.8,109.23327864227065,766.0,1.33,34.813880766856784
2026-10-05T10:00:00+05:30,Kandy_Central,28.1,111.71566579999137,802.0,1.48,31.329098121521127
2026-10-05T10:15:00+05:30,Kandy_Central,28.4,114.78358087914376,837.0,1.62,27.911205484748038
2026-10-05T10:30:00+05:30,Kandy_Central,28.7,118.66219314294835,878.0,1.78,24.58813767247821
2026-10-05T10:45:00+05:30,Kandy_Central,28.9,123.68810055768006,912.0,1.89,21.404130344345702
2026-10-05T11:00:00+05:30,Kandy_Central,29.2,130.36189588189393,925.0,2.0,18.431415094042464
2026-10-05T11:15:00+05:30,Kandy_Central,29.4,139.38590328650264,899.0,2.11,15.789805638926694
2026-10-05T11:30:00+05:30,Kandy_Central,29.5,151.5530349589248,825.0,2.22,13.672599492011926
2026-10-05T11:45:00+05:30,Kandy_Central,29.5,167.15002881828786,729.0,2.33,12.352465406967923
2026-10-05T12:00:00+05:30,Kandy_Central,29.5,184.8313402842045,643.0,2.44,12.093319027039158
2026-10-05T12:15:00+05:30,Kandy_Central,29.4,201.66524229269038,593.0,2.56,12.958967034294972
2026-10-05T12:30:00+05:30,Kandy_Central,29.2,215.41870139854316,571.0,2.56,14.752714168273116
2026-10-05T12:45:00+05:30,Kandy_Central,29.0,225.77329669983516,563.0,2.49,17.186367758674606
2026-10-05T13:00:00+05:30,Kandy_Central,28.8,233.41065639113003,554.0,2.38,20.027986805812404
2026-10-05T13:15:00+05:30,Kandy_Central,28.6,239.10694167294375,536.0,2.2,23.12766556492602
2026-10-05T13:30:00+05:30,Kandy_Central,28.3,243.45303902461504,515.0,2.06,26.394626861469426
2026-10-05T13:45:00+05:30,Kandy_Central,28.0,246.8527716824865,492.0,1.92,29.773837613236232
2026-10-05T14:00:00+05:30,Kandy_Central,27.6,249.57590559531485,468.0,1.77,33.23105328072118
2026-10-05T14:15:00+05:30,Kandy_Central,27.3,251.8040839825681,442.0,1.63,36.74424282306522
2026-10-05T14:30:00+05:30,Kandy_Central,26.9,253.66196200893052,416.0,1.45,40.29874906882279
2026-10-05T14:45:00+05:30,Kandy_Central,26.6,255.23701874148617,389.0,1.27,43.88451264630406
2026-10-05T15:00:00+05:30,Kandy_Central,26.2,256.5920392640141,360.0,1.14,47.494432824442114
2026-10-05T15:15:00+05:30,Kandy_Central,25.8,257.77305801364514,331.0,0.97,51.12336985566778
2026-10-05T15:30:00+05:30,Kandy_Central,25.4,258.81450413596826,302.0,0.79,54.76752054461762
2026-10-05T15:45:00+05:30,Kandy_Central,25.1,259.7426020467832,272.0,0.62,58.42401424049268
2026-10-05T16:00:00+05:30,Kandy_Central,24.7,260.57766628604014,241.0,0.45,62.09064509284927
2026-10-05T16:15:00+05:30,Kandy_Central,24.4,261.3356820625603,208.0,0.3,65.76569176087226
2026-10-05T16:30:00+05:30,Kandy_Central,24.1,262.0294145254754,177.0,0.22,69.44779127882074
2026-10-05T16:45:00+05:30,Kandy_Central,23.8,262.66920200658126,144.0,0.18,73.13584972980877
2026-10-05T17:00:00+05:30,Kandy_Central,23.6,263.2635336542001,112.0,0.2,76.82897928336389
2026-10-05T17:15:00+05:30,Kandy_Central,23.4,263.81947706640466,79.0,0.27,80.52645088845298
2026-10-05T17:30:00+05:30,Kandy_Central,23.2,264.3430007796342,47.0,0.34,84.22765896803975
2026-10-05T17:45:00+05:30,Kandy_Central,23.0,264.8392223742668,21.0,0.4,87.93209613916979
2026-10-05T18:00:00+05:30,Kandy_Central,22.9,265.3126032339428,3.0,0.43,91.63933260460759
2026-10-05T18:15:00+05:30,Kandy_Central,22.8,265.7671057022881,0.0,0.5,95.34900001920252
2026-10-05T18:30:00+05:30,Kandy_Central,22.7,266.2063243846193,0.0,0.53,99.06078013803696
2026-10-05T18:45:00+05:30,Kandy_Central,22.7,266.6336003304863,0.0,0.57,102.77439438723468
2026-10-05T19:00:00+05:30,Kandy_Central,22.6,267.0521260208984,0.0,0.6,106.48959519093346
2026-10-05T19:15:00+05:30,Kandy_Central,22.6,267.46504853711957,0.0,0.6,110.20616003661986
2026-10-05T19:30:00+05:30,Kandy_Central,22.5,267.8755781776207,0.0,0.64,113.92388486318879
2026-10-05T19:45:00+05:30,Kandy_Central,22.5,268.2871117394589,0.0,0.68,117.64257787198491
2026-10-05T20:00:00+05:30,Kandy_Central,22.5,268.7033825376459,0.0,0.68,121.36205486616173
2026-10-05T20:15:00+05:30,Kandy_Central,22.4,269.1286538452572,0.0,0.69,125.08213265019548
2026-10-05T20:30:00+05:30,Kandy_Central,22.4,269.56798171754514,0.0,0.69,128.80262137085538
2026-10-05T20:45:00+05:30,Kandy_Central,22.4,270.02758843766935,0.0,0.69,132.523316381022
2026-10-05T21:00:00+05:30,Kandy_Central,22.4,270.5154144297554,0.0,0.72,136.2439851773973
2026-10-05T21:15:00+05:30,Kandy_Central,22.4,271.0419668593205,0.0,0.7,139.9643484391138
2026-10-05T21:30:00+05:30,Kandy_Central,22.4,271.6216789760156,0.0,0.7,143.68405223166602
2026-10-05T21:45:00+05:30,Kandy_Central,22.4,272.2751872057267,0.0,0.7,147.4026199617765
2026-10-05T22:00:00+05:30,Kandy_Central,22.4,273.0333494916492,0.0,0.68,151.11936857903802
2026-10-05T22:15:00+05:30,Kandy_Central,22.4,273.94479129083135,0.0,0.73,154.83325355698614
2026-10-05T22:30:00+05:30,Kandy_Central,22.4,275.0912053133605,0.0,0.73,158.54255195093856
2026-10-05T22:45:00+05:30,Kandy_Central,22.4,276.62156946786,0.0,0.73,162.24415217350628
2026-10-05T23:00:00+05:30,Kandy_Central,22.4,278.83934563429733,0.0,0.73,165.93173570449883
2026-10-05T23:15:00+05:30,Kandy_Central,22.3,282.46934400570103,0.0,0.78,169.59014352172773
2026-10-05T23:30:00+05:30,Kandy_Central,22.3,289.73338740872947,0.0,0.78,173.17203546216334
2026-10-05T23:45:00+05:30,Kandy_Central,22.2,310.9686689167421,0.0,0.78,176.43819866480067
2026-10-06T00:00:00+05:30,Kandy_Central,22.1,24.155151318704156,0.0,0.78,177.43833092484
2026-10-06T00:15:00+05:30,Kandy_Central,22.0,64.21802209651264,0.0,0.84,174.68511852831796
2026-10-06T00:30:00+05:30,Kandy_Central,21.9,75.16068068768504,0.0,0.84,171.1828440302744
2026-10-06T00:45:00+05:30,Kandy_Central,21.7,79.93301185574762,0.0,0.84,167.5484147459411
2026-10-06T01:00:00+05:30,Kandy_Central,21.6,82.63883940794801,0.0,0.89,163.87105806100726
2026-10-06T01:15:00+05:30,Kandy_Central,21.4,84.42034091809654,0.0,0.95,160.17479457025496
2026-10-06T01:30:00+05:30,Kandy_Central,21.3,85.71241289051767,0.0,0.95,156.4686886633392
2026-10-06T01:45:00+05:30,Kandy_Central,21.1,86.71564999421906,0.0,0.95,152.75692229627435
2026-10-06T02:00:00+05:30,Kandy_Central,20.9,87.53528522717409,0.0,1.01,149.04170478244447
2026-10-06T02:15:00+05:30,Kandy_Central,20.8,88.231901848382,0.0,1.03,145.3243273867812
2026-10-06T02:30:00+05:30,Kandy_Central,20.6,88.8429466782178,0.0,1.03,141.60560922384076
2026-10-06T02:45:00+05:30,Kandy_Central,20.5,89.39292422956237,0.0,1.03,137.8861070249669
2026-10-06T03:00:00+05:30,Kandy_Central,20.4,89.89865613123237,0.0,1.1,134.16622453127167
2026-10-06T03:15:00+05:30,Kandy_Central,20.3,90.37218547526038,0.0,1.1,130.4462734451405
2026-10-06T03:30:00+05:30,Kandy_Central,20.2,90.82247322484977,0.0,1.1,126.72650815244697
2026-10-06T03:45:00+05:30,Kandy_Central,20.1,91.25643731861175,0.0,1.1,123.0071485879071
2026-10-06T04:00:00+05:30,Kandy_Central,20.0,91.67961685417924,0.0,1.12,119.28839558909735
2026-10-06T04:15:00+05:30,Kandy_Central,20.0,92.09661399677987,0.0,1.16,115.5704404219808
2026-10-06T04:30:00+05:30,Kandy_Central,20.0,92.5113996637192,0.0,1.16,111.85347329488187
2026-10-06T04:45:00+05:30,Kandy_Central,20.1,92.92753426023262,0.0,1.16,108.13769048242344
2026-10-06T05:00:00+05:30,Kandy_Central,20.1,93.34833513963713,0.0,1.21,104.42329929825961
2026-10-06T05:15:00+05:30,Kandy_Central,20.3,93.77701079044044,0.0,1.19,100.71052443664679
2026-10-06T05:30:00+05:30,Kandy_Central,20.4,94.21677576796344,0.0,1.23,96.99961461959741
2026-10-06T05:45:00+05:30,Kandy_Central,20.7,94.67095668820366,0.0,1.26,93.29084845062134
2026-10-06T06:00:00+05:30,Kandy_Central,20.9,95.14309709400732,0.0,1.26,89.5845428947687
2026-10-06T06:15:00+05:30,Kandy_Central,21.2,95.63706870732915,22.0,1.3,85.88106337438663
2026-10-06T06:30:00+05:30,Kandy_Central,21.6,96.15719676536366,66.0,1.33,82.18083461102448
2026-10-06T06:45:00+05:30,Kandy_Central,22.1,96.70840757510251,122.0,1.37,78.48435600345067
2026-10-06T07:00:00+05:30,Kandy_Central,22.6,97.29640896349258,188.0,1.41,74.79222114093146
2026-10-06T07:15:00+05:30,Kandy_Central,23.1,97.92791764959611,254.0,1.46,71.10514148310214
2026-10-06T07:30:00+05:30,Kandy_Central,23.6,98.61095190836215,317.0,1.5,67.42397932717859
2026-10-06T07:45:00+05:30,Kandy_Central,24.2,99.35521615153368,377.0,1.55,63.749791648686326
2026-10-06T08:00:00+05:30,Kandy_Central,24.8,100.17261580758122,434.0,1.6,60.08388787238678
2026-10-06T08:15:00+05:30,Kandy_Central,25.3,101.07795787150224,490.0,1.66,56.4279112867105
2026-10-06T08:30:00+05:30,Kandy_Central,25.9,102.08992102946803,544.0,1.71,52.78395290905828
2026-10-06T08:45:00+05:30,Kandy_Central,26.5,103.23242346786787,593.0,1.77,49.154712358109016
2026-10-06T09:00:00+05:30,Kandy_Central,27.1,104.53658600067405,639.0,1.83,45.5437341756002
2026-10-06T09:15:00+05:30,Kandy_Central,27.6,106.04360442377725,682.0,1.84,41.95575969610431
2026-10-06T09:30:00+05:30,Kandy_Central,28.2,107.80903580961149,721.0,1.9,38.39726261116805
2026-10-06T09:45:00+05:30,Kandy_Central,28.7,109.90931709543855,756.0,1.96,34.87729068099248
2026-10-06T10:00:00+05:30,Kandy_Central,29.1,112.4518498137619,787.0,1.99,31.408822926506012
2026-10-06T10:15:00+05:30,Kandy_Central,29.6,115.59077367672853,814.0,2.06,28.011021066915966
2026-10-06T10:30:00+05:30,Kandy_Central,29.9,119.55152178540283,839.0,2.07,24.71307189560308
2026-10-06T10:45:00+05:30,Kandy_Central,30.2,124.66739427716078,859.0,2.09,21.560866201446757
2026-10-06T11:00:00+05:30,Kandy_Central,30.5,131.4257671615449,871.0,2.11,18.628556575037436
2026-10-06T11:15:00+05:30,Kandy_Central,30.7,140.49180864471361,872.0,2.11,16.037237831301553
2026-10-06T11:30:00+05:30,Kandy_Central,30.9,152.57778750333978,861.0,2.08,13.977875305691853
2026-10-06T11:45:00+05:30,Kandy_Central,30.9,167.86536692695495,842.0,2.06,12.711701810982063
2026-10-06T12:00:00+05:30,Kandy_Central,30.9,185.02427541986424,822.0,2.01,12.482474814357658
2026-10-06T12:15:00+05:30,Kandy_Central,30.9,201.35232722366447,808.0,1.99,13.343738944930664
2026-10-06T12:30:00+05:30,Kandy_Central,30.8,214.80079712275412,797.0,1.9,15.110152401556235
2026-10-06T12:45:00+05:30,Kandy_Central,30.6,225.03515930871922,786.0,1.82,17.509877279538273
2026-10-06T13:00:00+05:30,Kandy_Central,30.5,232.65471513605036,773.0,1.76,20.319746666916444
2026-10-06T13:15:00+05:30,Kandy_Central,30.2,238.37746258789653,754.0,1.68,23.392411321328368
2026-10-06T13:30:00+05:30,Kandy_Central,30.0,242.76524117192005,732.0,1.6,26.63706718739538
2026-10-06T13:45:00+05:30,Kandy_Central,29.7,246.20920059859895,707.0,1.52,29.997939546664078
2026-10-06T14:00:00+05:30,Kandy_Central,29.4,248.97405816099592,679.0,1.48,33.43998796162522
2026-10-06T14:15:00+05:30,Kandy_Central,29.0,251.23973266902237,648.0,1.38,36.940509387665884
2026-10-06T14:30:00+05:30,Kandy_Central,28.7,253.1305497049077,615.0,1.32,40.484319332904455
2026-10-06T14:45:00+05:30,Kandy_Central,28.3,254.7342102122956,580.0,1.26,44.06095427657639
2026-10-06T15:00:00+05:30,Kandy_Central,28.0,256.1139078771169,541.0,1.19,47.66300499523851
2026-10-06T15:15:00+05:30,Kandy_Central,27.6,257.3161178425245,501.0,1.12,51.2850952260826
2026-10-06T15:30:00+05:30,Kandy_Central,27.2,258.3756799867263,459.0,1.09,54.92323896543586
2026-10-06T15:45:00+05:30,Kandy_Central,26.9,259.3191780228742,416.0,1.07,58.5744229227791
2026-10-06T16:00:00+05:30,Kandy_Central,26.5,260.16723032114623,369.0,1.05,62.23632886018804
2026-10-06T16:15:00+05:30,Kandy_Central,26.2,260.93607341859746,321.0,1.0,65.90714605723277
2026-10-06T16:30:00+05:30,Kandy_Central,25.9,261.6386765509593,273.0,1.0,69.58543985868151
2026-10-06T16:45:00+05:30,Kandy_Central,25.6,262.28554039881703,224.0,1.02,73.27005841924986
2026-10-06T17:00:00+05:30,Kandy_Central,25.3,262.885279609028,173.0,0.98,76.96006681296302
2026-10-06T17:15:00+05:30,Kandy_Central,25.1,263.4450543724707,120.0,1.0,80.65469753728429
2026-10-06T17:30:00+05:30,Kandy_Central,24.9,263.9708958259905,69.0,0.97,84.35331355201447
2026-10-06T17:45:00+05:30,Kandy_Central,24.7,264.46795603244436,28.0,0.94,88.05538175675454
2026-10-06T18:00:00+05:30,Kandy_Central,24.5,264.94070356823073,3.0,0.94,91.760451440455
2026-10-06T18:15:00+05:30,Kandy_Central,24.4,265.3930804355518,0.0,0.89,95.46813745394486
2026-10-06T18:30:00+05:30,Kandy_Central,24.3,265.8286319560553,0.0,0.85,99.17810835632685
2026-10-06T18:45:00+05:30,Kandy_Central,24.1,266.25061821432143,0.0,0.81,102.89007565119924
2026-10-06T19:00:00+05:30,Kandy_Central,24.0,266.66211469701517,0.0,0.74,106.60378492944263
2026-10-06T19:15:00+05:30,Kandy_Central,23.9,267.06610906474873,0.0,0.69,110.31900989480147
2026-10-06T19:30:00+05:30,Kandy_Central,23.8,267.4656006644199,0.0,0.63,114.0355458748542
2026-10-06T19:45:00+05:30,Kandy_Central,23.7,267.86371099309207,0.0,0.56,117.75320393855662
2026-10-06T20:00:00+05:30,Kandy_Central,23.6,268.2638156495242,0.0,0.47,121.47180677648814
2026-10-06T20:15:00+05:30,Kandy_Central,23.6,268.66971209761465,0.0,0.36,125.19118296923526
2026-10-06T20:30:00+05:30,Kandy_Central,23.5,269.08584546621057,0.0,0.29,128.91116066039683
2026-10-06T20:45:00+05:30,Kandy_Central,23.4,269.517627567244,0.0,0.22,132.63156145355362
2026-10-06T21:00:00+05:30,Kandy_Central,23.3,269.9719069207226,0.0,0.11,136.35219048324802
2026-10-06T21:15:00+05:30,Kandy_Central,23.2,270.4576906384608,0.0,0.05,140.07282237819783
2026-10-06T21:30:00+05:30,Kandy_Central,23.2,270.987301061807,0.0,0.05,143.79318144770528
2026-10-06T21:45:00+05:30,Kandy_Central,23.1,271.5783157106855,0.0,0.11,147.5129070650358
2026-10-06T22:00:00+05:30,Kandy_Central,23.0,272.2569981858207,0.0,0.21,151.2314935618974
2026-09-29T22:15:00+05:30,Kalutara_Western,26.5,277.3812812982428,0.0,0.43,153.4466298249798
2026-09-29T22:30:00+05:30,Kalutara_Western,26.5,278.9524064592989,0.0,0.45,157.13577431846113
2026-09-29T22:45:00+05:30,Kalutara_Western,26.4,281.05557852700287,0.0,0.47,160.80637678045355
2026-09-29T23:00:00+05:30,Kalutara_Western,26.4,284.0629493329816,0.0,0.54,164.44517508259418
2026-09-29T23:15:00+05:30,Kalutara_Western,26.4,288.7784422886008,0.0,0.61,168.02301372576244
2026-09-29T23:30:00+05:30,Kalutara_Western,26.3,297.24641486600785,0.0,0.68,171.46276493748715
2026-09-29T23:45:00+05:30,Kalutara_Western,26.3,315.72523263306323,0.0,0.82,174.49884973231002
2026-09-30T00:00:00+05:30,Kalutara_Western,26.2,358.6842957333859,0.0,0.96,176.0523714681422
2026-09-30T00:15:00+05:30,Kalutara_Western,26.1,42.94189716374467,0.0,1.1,174.62899234975637
2026-09-30T00:30:00+05:30,Kalutara_Western,26.1,62.27045661524062,0.0,1.13,171.63018912675557
2026-09-30T00:45:00+05:30,Kalutara_Western,26.1,71.03485788325628,0.0,1.06,168.20168404327163
2026-09-30T01:00:00+05:30,Kalutara_Western,26.1,75.87476432485164,0.0,0.92,164.62843683102847
2026-09-30T01:15:00+05:30,Kalutara_Western,26.1,78.94453856798953,0.0,0.75,160.9919842616618
2026-09-30T01:30:00+05:30,Kalutara_Western,26.1,81.0833701697112,0.0,0.58,157.3228006116587
2026-09-30T01:45:00+05:30,Kalutara_Western,26.0,82.67697760266856,0.0,0.43,153.63464132350583
2026-09-30T02:00:00+05:30,Kalutara_Western,25.9,83.92569507494221,0.0,0.35,149.93458705422125
2026-09-30T02:15:00+05:30,Kalutara_Western,25.8,84.94349570246737,0.0,0.32,146.2266500926362
2026-09-30T02:30:00+05:30,Kalutara_Western,25.7,85.7999308077932,0.0,0.36,142.5132782093163
2026-09-30T02:45:00+05:30,Kalutara_Western,25.6,86.5398803039975,0.0,0.43,138.79605485809392
2026-09-30T03:00:00+05:30,Kalutara_Western,25.4,87.1936639967181,0.0,0.47,135.07605648060758
2026-09-30T03:15:00+05:30,Kalutara_Western,25.3,87.78257892478643,0.0,0.47,131.35404767755983
2026-09-30T03:30:00+05:30,Kalutara_Western,25.2,88.32210509488061,0.0,0.49,127.63059270865317
2026-09-30T03:45:00+05:30,Kalutara_Western,25.1,88.82384997549838,0.0,0.5,123.90612426502318
2026-09-30T04:00:00+05:30,Kalutara_Western,25.0,89.29677682262445,0.0,0.58,120.18098724358696
2026-09-30T04:15:00+05:30,Kalutara_Western,24.9,89.7480093238085,0.0,0.67,116.45546630326616
2026-09-30T04:30:00+05:30,Kalutara_Western,24.8,90.1833764448458,0.0,0.8,112.72980598614049
2026-09-30T04:45:00+05:30,Kalutara_Western,24.8,90.60779386932836,0.0,0.92,109.00422528670362
2026-09-30T05:00:00+05:30,Kalutara_Western,24.9,91.02554062536512,0.0,1.12,105.27892724604801
2026-09-30T05:15:00+05:30,Kalutara_Western,25.0,91.44046739175991,0.0,1.26,101.55410789670108
2026-09-30T05:30:00+05:30,Kalutara_Western,25.1,91.8561608113477,0.0,1.36,97.82996395729273
2026-09-30T05:45:00+05:30,Kalutara_Western,25.2,92.27608055294928,0.0,1.32,94.1066984307812
2026-09-30T06:00:00+05:30,Kalutara_Western,25.4,92.70368089499459,0.0,1.25,90.38452762880151
2026-09-30T06:15:00+05:30,Kalutara_Western,25.5,93.14252659189174,9.0,1.25,86.66368858502169
2026-09-30T06:30:00+05:30,Kalutara_Western,25.7,93.59641166255517,36.0,1.32,82.94444584889084
2026-09-30T06:45:00+05:30,Kalutara_Western,25.9,94.06948918312827,75.0,1.33,79.22710119443542
2026-09-30T07:00:00+05:30,Kalutara_Western,26.1,94.56642165468702,123.0,1.33,75.51200542765812
2026-09-30T07:15:00+05:30,Kalutara_Western,26.4,95.09256372875558,176.0,1.32,71.79957169837455
2026-09-30T07:30:00+05:30,Kalutara_Western,26.6,95.65419218537136,232.0,1.37,68.0902945515823
2026-09-30T07:45:00+05:30,Kalutara_Western,26.9,96.25880449280879,290.0,1.54,64.38477499368497
2026-09-30T08:00:00+05:30,Kalutara_Western,27.2,96.91551662765005,348.0,1.76,60.683752683480606
2026-09-30T08:15:00+05:30,Kalutara_Western,27.5,97.63560471941764,405.0,1.98,56.988152119670985
2026-09-30T08:30:00+05:30,Kalutara_Western,27.7,98.43325900677672,461.0,2.25,53.29914731310138
2026-09-30T08:45:00+05:30,Kalutara_Western,27.9,99.32665674233726,512.0,2.6,49.61825285667485
2026-09-30T09:00:00+05:30,Kalutara_Western,27.9,100.33952310795661,551.0,2.93,45.94745956085941
2026-09-30T09:15:00+05:30,Kalutara_Western,27.9,101.50345836761863,568.0,3.29,42.289438426690346
2026-09-30T09:30:00+05:30,Kalutara_Western,27.9,102.86150062760771,551.0,3.38,38.64785489101409
2026-09-30T09:45:00+05:30,Kalutara_Western,27.8,104.47373825165664,516.0,3.1,35.0278735634883
2026-09-30T10:00:00+05:30,Kalutara_Western,27.6,106.426432844278,492.0,2.66,31.436995039384215
2026-09-30T10:15:00+05:30,Kalutara_Western,27.5,108.84735123096328,507.0,2.15,27.886499973407865
2026-09-30T10:30:00+05:30,Kalutara_Western,27.4,111.93240194967291,563.0,1.92,24.394063294353415
2026-09-30T10:45:00+05:30,Kalutara_Western,27.6,115.99321101337205,641.0,2.06,20.988722595575922
2026-09-30T11:00:00+05:30,Kalutara_Western,27.9,121.54259295497366,719.0,2.5,17.72079443574988
2026-09-30T11:15:00+05:30,Kalutara_Western,28.3,129.43772541375466,779.0,3.13,14.682355089616465
2026-09-30T11:30:00+05:30,Kalutara_Western,28.6,141.0372791029248,833.0,3.69,12.04832936959248
2026-09-30T11:45:00+05:30,Kalutara_Western,28.8,157.9101758675024,879.0,4.05,10.138992643626395
2026-09-30T12:00:00+05:30,Kalutara_Western,29.0,179.69825445182823,914.0,4.39,9.406523612810872
2026-09-30T12:15:00+05:30,Kalutara_Western,29.2,201.5514763344595,930.0,4.68,10.110040588329554
2026-09-30T12:30:00+05:30,Kalutara_Western,29.3,218.54387607033644,926.0,4.87,11.999575125749473
2026-09-30T12:45:00+05:30,Kalutara_Western,29.4,230.23828742927518,909.0,5.01,14.622348072376397
2026-09-30T13:00:00+05:30,Kalutara_Western,29.5,238.19444242672557,891.0,5.11,17.654523890306763
2026-09-30T13:15:00+05:30,Kalutara_Western,29.6,243.78176118939913,878.0,5.19,20.91880895387085
2026-09-30T13:30:00+05:30,Kalutara_Western,29.6,247.86652999496698,870.0,5.18,24.321908433150284
2026-09-30T13:45:00+05:30,Kalutara_Western,29.7,250.96706952986827,860.0,5.12,27.81289378804992
2026-09-30T14:00:00+05:30,Kalutara_Western,29.7,253.3981592010675,841.0,5.02,31.362409231739726
2026-09-30T14:15:00+05:30,Kalutara_Western,29.6,255.3575338022631,809.0,4.91,34.9526050674165
2026-09-30T14:30:00+05:30,Kalutara_Western,29.6,256.9740490283916,769.0,4.85,38.57209940356946
2026-09-30T14:45:00+05:30,Kalutara_Western,29.4,258.3346367523256,722.0,4.9,42.21333145442362
2026-09-30T15:00:00+05:30,Kalutara_Western,29.2,259.4998089407436,668.0,5.0,45.871098721067696
2026-09-30T15:15:00+05:30,Kalutara_Western,29.0,260.5128769122899,608.0,5.11,49.54171093572052
2026-09-30T15:30:00+05:30,Kalutara_Western,28.8,261.40561930501696,541.0,5.11,53.222481655231334
2026-09-30T15:45:00+05:30,Kalutara_Western,28.7,262.20187696823393,473.0,5.01,56.911409560488806
2026-09-30T16:00:00+05:30,Kalutara_Western,28.5,262.91989993675514,404.0,4.86,60.60697269799634
2026-09-30T16:15:00+05:30,Kalutara_Western,28.4,263.5739208326015,338.0,4.71,64.30799323673978
2026-09-30T16:30:00+05:30,Kalutara_Western,28.3,264.1752350572595,273.0,4.51,68.01354423261219
2026-09-30T16:45:00+05:30,Kalutara_Western,28.1,264.7329594785185,213.0,4.31,71.72288452961116
2026-09-30T17:00:00+05:30,Kalutara_Western,28.0,265.2545770669268,159.0,4.15,75.43541380275057
2026-09-30T17:15:00+05:30,Kalutara_Western,27.9,265.74633589779637,113.0,3.9,79.15063873130373
2026-09-30T17:30:00+05:30,Kalutara_Western,27.8,266.21354813679415,73.0,3.7,82.86814786675349
2026-09-30T17:45:00+05:30,Kalutara_Western,27.7,266.6608197664216,38.0,3.45,86.58759407680652
2026-09-30T18:00:00+05:30,Kalutara_Western,27.7,267.09223189372466,10.0,3.21,90.30867980084655
2026-09-30T18:15:00+05:30,Kalutara_Western,27.7,267.5114891025808,0.0,2.98,94.03114535597821
2026-09-30T18:30:00+05:30,Kalutara_Western,27.5,267.9220464748278,0.0,2.75,97.7547609049361
2026-09-30T18:45:00+05:30,Kalutara_Western,27.2,268.32722415264436,0.0,2.57,101.47931842025933
2026-09-30T19:00:00+05:30,Kalutara_Western,26.8,268.7303177367358,0.0,2.5,105.20462461426018
2026-09-30T19:15:00+05:30,Kalutara_Western,26.3,269.13471267430555,0.0,2.35,108.93049588539327
2026-09-30T19:30:00+05:30,Kalutara_Western,26.0,269.54401122456807,0.0,1.98,112.65675185887322
2026-09-30T19:45:00+05:30,Kalutara_Western,25.7,269.9621832478646,0.0,1.22,116.38320856066768
2026-09-30T20:00:00+05:30,Kalutara_Western,25.5,270.3937560337443,0.0,0.4,120.10967217850168
2026-09-30T20:15:00+05:30,Kalutara_Western,25.4,270.8440646401806,0.0,1.06,123.83592965657505
2026-09-30T20:30:00+05:30,Kalutara_Western,25.3,271.31959606411317,0.0,1.71,127.56173654255997
2026-09-30T20:45:00+05:30,Kalutara_Western,25.2,271.82847999295075,0.0,1.95,131.2868018968109
2026-09-30T21:00:00+05:30,Kalutara_Western,25.1,272.3812122307501,0.0,1.98,135.01076451964164
2026-09-30T21:15:00+05:30,Kalutara_Western,25.0,272.99175866716587,0.0,1.97,138.7331573226974
2026-09-30T21:30:00+05:30,Kalutara_Western,25.0,273.67930309479135,0.0,1.96,142.45335302350213
2026-09-30T21:45:00+05:30,Kalutara_Western,24.9,274.4711292001118,0.0,1.81,146.17047261673008
2026-09-30T22:00:00+05:30,Kalutara_Western,24.9,275.40760330608555,0.0,1.54,149.8832274142306
2026-09-30T22:15:00+05:30,Kalutara_Western,24.9,276.5512872085385,0.0,1.21,153.58963133437786
2026-09-30T22:30:00+05:30,Kalutara_Western,24.9,278.0047822219792,0.0,0.98,157.286432423176
2026-09-30T22:45:00+05:30,Kalutara_Western,24.9,279.9487832787077,0.0,0.84,160.9678918857096
2026-09-30T23:00:00+05:30,Kalutara_Western,24.9,282.7326194614189,0.0,0.72,164.62284472287774
2026-09-30T23:15:00+05:30,Kalutara_Western,24.9,287.1230773855873,0.0,0.6,168.22643347047298
2026-09-30T23:30:00+05:30,Kalutara_Western,24.9,295.13213303039834,0.0,0.5,171.711238815037
2026-09-30T23:45:00+05:30,Kalutara_Western,24.9,313.3905547290001,0.0,0.3,174.83099317540592
2026-10-01T00:00:00+05:30,Kalutara_Western,24.9,359.86531787482465,0.0,0.07,176.44150503503184
2026-10-01T00:15:00+05:30,Kalutara_Western,24.8,46.54584789679427,0.0,0.18,174.8486597871245
2026-10-01T00:30:00+05:30,Kalutara_Western,24.8,64.91856194826534,0.0,0.29,171.7333175635709
2026-10-01T00:45:00+05:30,Kalutara_Western,24.8,72.96463344937564,0.0,0.25,168.2498340582179
2026-10-01T01:00:00+05:30,Kalutara_Western,24.8,77.37056774009369,0.0,0.3,164.6468622852397
2026-10-01T01:15:00+05:30,Kalutara_Western,24.9,80.16250665859707,0.0,0.45,160.99231943236327
2026-10-01T01:30:00+05:30,Kalutara_Western,24.8,82.11158079876566,0.0,0.58,157.3112078668301
2026-10-01T01:45:00+05:30,Kalutara_Western,24.7,83.56875968407974,0.0,0.68,153.6147471046648
2026-10-01T02:00:00+05:30,Kalutara_Western,24.6,84.71546388677285,0.0,0.9,149.90869970676601
2026-10-01T02:15:00+05:30,Kalutara_Western,24.4,85.654656933632,0.0,1.14,146.1963303893536
2026-10-01T02:30:00+05:30,Kalutara_Western,24.4,86.44910057277485,0.0,1.33,142.47963353954535
2026-10-01T02:45:00+05:30,Kalutara_Western,24.4,87.13928224539524,0.0,1.42,138.75990288895443
2026-10-01T03:00:00+05:30,Kalutara_Western,24.5,87.75256558669469,0.0,1.44,135.0380219550096
2026-10-01T03:15:00+05:30,Kalutara_Western,24.6,88.30819212946022,0.0,1.47,131.31462263606463
2026-10-01T03:30:00+05:30,Kalutara_Western,24.7,88.82017361715288,0.0,1.6,127.59017559571417
2026-10-01T03:45:00+05:30,Kalutara_Western,24.6,89.29904536111019,0.0,1.86,123.86504629721253
2026-10-01T04:00:00+05:30,Kalutara_Western,24.5,89.75297378546372,0.0,2.26,120.13953079234864
2026-10-01T04:15:00+05:30,Kalutara_Western,24.4,90.18848239663339,0.0,2.69,116.41387813737607
2026-10-01T04:30:00+05:30,Kalutara_Western,24.2,90.61094407418477,0.0,2.92,112.68830711373228
2026-10-01T04:45:00+05:30,Kalutara_Western,24.1,91.02492665591501,0.0,2.95,108.96301851922087
2026-10-01T05:00:00+05:30,Kalutara_Western,24.0,91.4344447137322,0.0,2.87,105.23820322614131
2026-10-01T05:15:00+05:30,Kalutara_Western,23.9,91.84315048067992,0.0,2.75,101.51405010104922
2026-10-01T05:30:00+05:30,Kalutara_Western,23.8,92.25448600172365,0.0,2.69,97.79075304139994
2026-10-01T05:45:00+05:30,Kalutara_Western,23.8,92.67181180425939,0.0,2.65,94.06851619830353
2026-10-01T06:00:00+05:30,Kalutara_Western,23.7,93.09852293808291,0.0,2.62,90.34756084576905
2026-10-01T06:15:00+05:30,Kalutara_Western,23.7,93.53816155615772,12.0,2.57,86.62813284996807
2026-10-01T06:30:00+05:30,Kalutara_Western,23.8,93.99453434022985,44.0,2.48,82.91050970902067
2026-10-01T06:45:00+05:30,Kalutara_Western,24.0,94.4718427034336,85.0,2.33,79.19501072047125
2026-10-01T07:00:00+05:30,Kalutara_Western,24.3,94.97483535236455,134.0,2.15,75.48200949060517
2026-10-01T07:15:00+05:30,Kalutara_Western,24.7,95.50899516872573,185.0,1.95,71.77194824949446
2026-10-01T07:30:00+05:30,Kalutara_Western,25.1,96.08077565571978,237.0,1.77,68.06535829769078
2026-10-01T07:45:00+05:30,Kalutara_Western,25.5,96.69790885689827,290.0,1.66,64.36288698774501
2026-10-01T08:00:00+05:30,Kalutara_Western,25.9,97.36981630755326,342.0,1.61,60.66533255851847
2026-10-01T08:15:00+05:30,Kalutara_Western,26.3,98.10816886360499,393.0,1.56,56.97369399262529
2026-10-01T08:30:00+05:30,Kalutara_Western,26.7,98.927665766892,437.0,1.46,53.28924083691126
2026-10-01T08:45:00+05:30,Kalutara_Western,27.1,99.84714227438246,478.0,1.33,49.613611614145036
2026-10-01T09:00:00+05:30,Kalutara_Western,27.5,100.89117867621155,519.0,1.37,45.948960101289536
2026-10-01T09:15:00+05:30,Kalutara_Western,27.9,102.09249403700647,563.0,1.57,42.29817503433628
2026-10-01T09:30:00+05:30,Kalutara_Western,28.2,103.49560025284615,611.0,1.84,38.665218106725504
2026-10-01T09:45:00+05:30,Kalutara_Western,28.5,105.16253568940658,661.0,2.07,35.05566534245196
2026-10-01T10:00:00+05:30,Kalutara_Western,28.7,107.18213513978367,709.0,2.26,31.477601627050284
2026-10-01T10:15:00+05:30,Kalutara_Western,28.9,109.68549127588625,753.0,2.44,27.943157222113257
2026-10-01T10:30:00+05:30,Kalutara_Western,29.1,112.87252025708779,796.0,2.61,24.471270422049315
2026-10-01T10:45:00+05:30,Kalutara_Western,29.3,117.0586051162922,836.0,2.84,21.092885737848107
2026-10-01T11:00:00+05:30,Kalutara_Western,29.4,122.75600021109034,868.0,3.09,17.86116887562467
2026-10-01T11:15:00+05:30,Kalutara_Western,29.5,130.8024569744096,890.0,3.36,14.872071402277868
2026-10-01T11:30:00+05:30,Kalutara_Western,29.5,142.47477008185217,900.0,3.55,12.303737693129122
2026-10-01T11:45:00+05:30,Kalutara_Western,29.6,159.12504195684505,902.0,3.6,10.47053850015861
2026-10-01T12:00:00+05:30,Kalutara_Western,29.6,180.18973955528173,897.0,3.57,9.794357168784614
2026-10-01T12:15:00+05:30,Kalutara_Western,29.5,201.19043002117576,889.0,3.54,10.501134371222165
2026-10-01T12:30:00+05:30,Kalutara_Western,29.4,217.71943732009828,876.0,3.61,12.355778262112523
2026-10-01T12:45:00+05:30,Kalutara_Western,29.2,229.29149175450658,857.0,3.8,14.936648271004145
2026-10-01T13:00:00+05:30,Kalutara_Western,28.9,237.27100370170248,831.0,4.12,17.93287407555077
2026-10-01T13:15:00+05:30,Kalutara_Western,28.5,242.92517404667197,800.0,4.36,21.168801224532146
2026-10-01T13:30:00+05:30,Kalutara_Western,28.2,247.0826267678081,766.0,4.3,24.549809549645587
2026-10-01T13:45:00+05:30,Kalutara_Western,28.0,250.24984568961082,725.0,3.76,28.023417610798376
2026-10-01T14:00:00+05:30,Kalutara_Western,27.8,252.7388212316498,675.0,2.86,31.55904417295669
2026-10-01T14:15:00+05:30,Kalutara_Western,27.6,254.74746422780987,610.0,1.97,35.137952568511956
2026-10-01T14:30:00+05:30,Kalutara_Western,27.4,256.4056480557796,527.0,1.38,38.74812975906004
2026-10-01T14:45:00+05:30,Kalutara_Western,27.3,257.8014400605704,443.0,1.26,42.38156331634382
2026-10-01T15:00:00+05:30,Kalutara_Western,27.3,258.9963768888477,371.0,1.45,46.032723145760144
2026-10-01T15:15:00+05:30,Kalutara_Western,27.3,260.03462986940536,322.0,1.74,49.69767755381833
2026-10-01T15:30:00+05:30,Kalutara_Western,27.2,260.94867812616235,291.0,1.9,53.37355931527097
2026-10-01T15:45:00+05:30,Kalutara_Western,27.2,261.7629255659952,267.0,1.93,57.05822970479328
2026-10-01T16:00:00+05:30,Kalutara_Western,27.2,262.4960719706197,241.0,1.91,60.750060908266846
2026-10-01T16:15:00+05:30,Kalutara_Western,27.2,263.1627077129518,209.0,1.85,64.44779256939972
2026-10-01T16:30:00+05:30,Kalutara_Western,27.0,263.774411335993,175.0,1.71,68.15043276930794
2026-10-01T16:45:00+05:30,Kalutara_Western,26.7,264.3405218907131,141.0,1.35,71.85718879683763
2026-10-01T17:00:00+05:30,Kalutara_Western,26.3,264.8686940340348,108.0,0.9,75.56741920211417
2026-10-01T17:15:00+05:30,Kalutara_Western,25.9,265.36530486471116,77.0,0.43,79.28059779382241
2026-10-01T17:30:00+05:30,Kalutara_Western,25.7,265.8357585991406,47.0,0.27,82.99628690327287
2026-10-01T17:45:00+05:30,Kalutara_Western,25.6,266.2847202111085,23.0,0.3,86.71411865872444
2026-10-01T18:00:00+05:30,Kalutara_Western,25.6,266.7162991195627,5.0,0.3,90.43377938311657
2026-10-01T18:15:00+05:30,Kalutara_Western,25.6,267.13419853788184,0.0,0.32,94.15499729953073
2026-10-01T18:30:00+05:30,Kalutara_Western,25.6,267.541842149129,0.0,0.34,97.87753409961947
2026-10-01T18:45:00+05:30,Kalutara_Western,25.7,267.9424869188429,0.0,0.29,101.60117668696275
2026-10-01T19:00:00+05:30,Kalutara_Western,25.7,268.33933016194845,0.0,0.25,105.3257300527437
2026-10-01T19:15:00+05:30,Kalutara_Western,25.8,268.7356186872013,0.0,0.21,109.0510123391745
2026-10-01T19:30:00+05:30,Kalutara_Western,25.8,269.134768083122,0.0,0.21,112.77684868728437
2026-10-01T19:45:00+05:30,Kalutara_Western,25.8,269.54050257969357,0.0,0.22,116.50306496052073
2026-10-01T20:00:00+05:30,Kalutara_Western,25.7,269.95702945171945,0.0,0.35,120.22948235414715
2026-10-01T20:15:00+05:30,Kalutara_Western,25.6,270.3892675401275,0.0,0.45,123.95590927209636
2026-10-01T20:30:00+05:30,Kalutara_Western,25.6,270.8431602410388,0.0,0.52,127.6821310690967
2026-10-01T20:45:00+05:30,Kalutara_Western,25.5,271.3261209874099,0.0,0.54,131.4078977799598
2026-10-01T21:00:00+05:30,Kalutara_Western,25.4,271.8476896496072,0.0,0.54,135.13290460279524
2026-10-01T21:15:00+05:30,Kalutara_Western,25.3,272.42053484111466,0.0,0.53,138.856762834328
2026-10-01T21:30:00+05:30,Kalutara_Western,25.3,273.06204310208136,0.0,0.53,142.5789559938294
2026-10-01T21:45:00+05:30,Kalutara_Western,25.2,273.796945182059,0.0,0.54,146.29876545222749
2026-10-01T22:00:00+05:30,Kalutara_Western,25.2,274.66187082563414,0.0,0.6,150.01514194576185
2026-10-01T22:15:00+05:30,Kalutara_Western,25.1,275.71371422067494,0.0,0.63,153.72647121129563
2026-10-01T22:30:00+05:30,Kalutara_Western,25.0,277.0461104454779,0.0,0.67,157.43010834775822
2026-10-01T22:45:00+05:30,Kalutara_Western,24.9,278.82486860723475,0.0,0.66,161.12137112630154
2026-10-01T23:00:00+05:30,Kalutara_Western,24.9,281.37336097544517,0.0,0.65,164.791091997685
2026-10-01T23:15:00+05:30,Kalutara_Western,24.8,285.4122651333355,0.0,0.65,168.4186158471703
2026-10-01T23:30:00+05:30,Kalutara_Western,24.7,292.8908253411031,0.0,0.65,171.94654863352798
2026-10-01T23:45:00+05:30,Kalutara_Western,24.6,310.7356194050484,0.0,0.72,175.15216406636802
2026-10-02T00:00:00+05:30,Kalutara_Western,24.5,1.311838284909868,0.0,0.78,176.82830868104497
2026-10-02T00:15:00+05:30,Kalutara_Western,24.5,50.43921650179385,0.0,0.85,175.04698232350734
2026-10-02T00:30:00+05:30,Kalutara_Western,24.4,67.62062153363502,0.0,0.97,171.81960529649191
2026-10-02T00:45:00+05:30,Kalutara_Western,24.3,74.90388954329848,0.0,1.11,168.28602479215513
2026-10-02T01:00:00+05:30,Kalutara_Western,24.2,78.86608860331,0.0,1.33,164.65644469909847
2026-10-02T01:15:00+05:30,Kalutara_Western,24.1,81.37785080734545,0.0,1.47,160.98585895488867
2026-10-02T01:30:00+05:30,Kalutara_Western,24.0,83.13675404300488,0.0,1.61,157.29424956494313
2026-10-02T01:45:00+05:30,Kalutara_Western,24.0,84.45763628548696,0.0,1.65,153.59054140120986
2026-10-02T02:00:00+05:30,Kalutara_Western,23.9,85.50260084933404,0.0,1.6,149.8793124514149
2026-10-02T02:15:00+05:30,Kalutara_Western,23.9,86.36347488727404,0.0,1.56,146.16315816329444
2026-10-02T02:30:00+05:30,Kalutara_Western,23.8,87.09619152637521,0.0,1.47,142.44366804098058
2026-10-02T02:45:00+05:30,Kalutara_Western,23.8,87.73683630869283,0.0,1.37,138.7218775893555
2026-10-02T03:00:00+05:30,Kalutara_Western,23.8,88.30981732103646,0.0,1.32,134.99849869707415
2026-10-02T03:15:00+05:30,Kalutara_Western,23.7,88.83232429539203,0.0,1.17,131.27404546946383
2026-10-02T03:30:00+05:30,Kalutara_Western,23.7,89.31690497974336,0.0,1.01,127.54890573348837
2026-10-02T03:45:00+05:30,Kalutara_Western,23.7,89.77302648504428,0.0,0.81,123.82338569577034
2026-10-02T04:00:00+05:30,Kalutara_Western,23.7,90.20806179671496,0.0,0.52,120.09773862541215
2026-10-02T04:15:00+05:30,Kalutara_Western,23.7,90.62793705157208,0.0,0.29,116.37218268712331
2026-10-02T04:30:00+05:30,Kalutara_Western,23.7,91.03757133089869,0.0,0.16,112.64691464759859
2026-10-02T04:45:00+05:30,Kalutara_Western,23.8,91.44118646761558,0.0,0.21,108.92212015322342
2026-10-02T05:00:00+05:30,Kalutara_Western,23.8,91.8425340429593,0.0,0.38,105.19798044005556
2026-10-02T05:15:00+05:30,Kalutara_Western,23.9,92.24506899333028,0.0,0.47,101.47467936813644
2026-10-02T05:30:00+05:30,Kalutara_Western,23.9,92.65208964356304,0.0,0.45,97.7524099018792
2026-10-02T05:45:00+05:30,Kalutara_Western,24.0,93.06685801685728,0.0,0.43,94.03137903585188
2026-10-02T06:00:00+05:30,Kalutara_Western,24.0,93.49271034681891,0.0,0.68,90.31181458133403
2026-10-02T06:15:00+05:30,Kalutara_Western,24.1,93.93316637525606,8.0,1.1,86.59397274029386
2026-10-02T06:30:00+05:30,Kalutara_Western,24.2,94.39204539981273,33.0,1.35,82.8781454462828
2026-10-02T06:45:00+05:30,Kalutara_Western,24.4,94.87359685209447,69.0,1.46,79.16467103582299
2026-10-02T07:00:00+05:30,Kalutara_Western,24.6,95.3826549923449,116.0,1.43,75.45394751055198
2026-10-02T07:15:00+05:30,Kalutara_Western,24.9,95.92482984745396,168.0,1.36,71.7464479120857
2026-10-02T07:30:00+05:30,Kalutara_Western,25.2,96.50674997105006,225.0,1.23,68.04274221967523
2026-10-02T07:45:00+05:30,Kalutara_Western,25.5,97.13637947911224,287.0,1.12,64.34352632823766
2026-10-02T08:00:00+05:30,Kalutara_Western,25.9,97.82344175596018,351.0,0.94,60.64965961518027
2026-10-02T08:15:00+05:30,Kalutara_Western,26.3,98.57999687112897,415.0,0.74,56.96221858114713
2026-10-02T08:30:00+05:30,Kalutara_Western,26.7,99.42124479142393,479.0,0.58,53.28257196673123
2026-10-02T08:45:00+05:30,Kalutara_Western,27.1,100.36666614817057,541.0,0.45,49.612486691485714
2026-10-02T09:00:00+05:30,Kalutara_Western,27.5,101.44167667362325,600.0,0.53,45.954285006620125
2026-10-02T09:15:00+05:30,Kalutara_Western,27.8,102.68008285466902,655.0,0.85,42.311080210271356
2026-10-02T09:30:00+05:30,Kalutara_Western,28.2,104.12781888509159,704.0,1.19,38.68713867947313
2026-10-02T09:45:00+05:30,Kalutara_Western,28.4,105.84878589941974,747.0,1.5,35.088458062052176
2026-10-02T10:00:00+05:30,Kalutara_Western,28.7,107.93423881782098,785.0,1.74,31.52371921653581
2026-10-02T10:15:00+05:30,Kalutara_Western,28.9,110.51831739331527,817.0,2.02,28.005913308049024
2026-10-02T10:30:00+05:30,Kalutara_Western,29.0,113.80441904283919,846.0,2.2,24.555246457003634
2026-10-02T10:45:00+05:30,Kalutara_Western,29.1,118.11066430444959,868.0,2.31,21.204548028357422
2026-10-02T11:00:00+05:30,Kalutara_Western,29.2,123.94679854268696,875.0,2.39,18.009727543127624
2026-10-02T11:15:00+05:30,Kalutara_Western,29.3,132.12795521316906,861.0,2.44,15.07027391717233
2026-10-02T11:30:00+05:30,Kalutara_Western,29.3,143.84752739974215,819.0,2.5,12.56670362462691
2026-10-02T11:45:00+05:30,Kalutara_Western,29.2,160.2580600830861,764.0,2.65,10.806355746276779
2026-10-02T12:00:00+05:30,Kalutara_Western,29.1,180.63662214159416,710.0,2.84,10.182299872377783
2026-10-02T12:15:00+05:30,Kalutara_Western,29.0,200.8494556818742,671.0,3.04,10.89163960742546
2026-10-02T12:30:00+05:30,Kalutara_Western,28.8,216.93724607060412,647.0,3.13,12.713101855844982
2026-10-02T12:45:00+05:30,Kalutara_Western,28.6,228.3811951656886,625.0,3.11,15.253340375250616
2026-10-02T13:00:00+05:30,Kalutara_Western,28.4,236.37411160119765,595.0,3.0,18.21405126333083
2026-10-02T13:15:00+05:30,Kalutara_Western,28.1,242.087382551642,546.0,2.83,21.421581644870344
2026-10-02T13:30:00+05:30,Kalutara_Western,27.8,246.3122297482819,478.0,2.72,24.780256352286287
2026-10-02T13:45:00+05:30,Kalutara_Western,27.6,249.54258025255237,405.0,2.67,28.236173994504433
2026-10-02T14:00:00+05:30,Kalutara_Western,27.3,252.08702450959038,341.0,2.62,31.757586075104214
2026-10-02T14:15:00+05:30,Kalutara_Western,27.1,254.14324697970807,295.0,2.57,35.32489259666496
2026-10-02T14:30:00+05:30,Kalutara_Western,26.9,255.84188709780818,260.0,2.42,38.92545772346913
2026-10-02T14:45:00+05:30,Kalutara_Western,26.7,257.27199034842073,234.0,2.13,42.55081911243976
2026-10-02T15:00:00+05:30,Kalutara_Western,26.7,258.49601797100905,215.0,1.77,46.1951180398306
2026-10-02T15:15:00+05:30,Kalutara_Western,26.6,259.55893615307565,203.0,1.35,49.85417931813339
2026-10-02T15:30:00+05:30,Kalutara_Western,26.4,260.49388104942966,203.0,0.96,53.52495260089053
2026-10-02T15:45:00+05:30,Kalutara_Western,26.1,261.3257899360392,202.0,0.7,57.20515946365642
2026-10-02T16:00:00+05:30,Kalutara_Western,25.7,262.0737915865536,192.0,0.67,60.89306411482967
2026-10-02T16:15:00+05:30,Kalutara_Western,25.4,262.7528192895908,165.0,0.92,64.58732176098637
2026-10-02T16:30:00+05:30,Kalutara_Western,25.1,263.37472389424715,126.0,1.08,68.28687379371141
2026-10-02T16:45:00+05:30,Kalutara_Western,24.9,263.9490585467686,88.0,0.98,71.99087440335418
2026-10-02T17:00:00+05:30,Kalutara_Western,24.9,264.4836434148311,59.0,0.69,75.69863961419033
2026-10-02T17:15:00+05:30,Kalutara_Western,24.8,264.9849797856168,40.0,0.49,79.4096090701141
2026-10-02T17:30:00+05:30,Kalutara_Western,24.8,265.4585600317635,27.0,0.5,83.12331766984276
2026-10-02T17:45:00+05:30,Kalutara_Western,24.8,265.9091048722828,16.0,0.52,86.83937563337095
2026-10-02T18:00:00+05:30,Kalutara_Western,24.9,266.34074922109755,4.0,0.56,90.55745201883808
2026-10-02T18:15:00+05:30,Kalutara_Western,24.9,266.7571923562307,0.0,0.49,94.27726179435008
2026-10-02T18:30:00+05:30,Kalutara_Western,25.0,267.16182409605267,0.0,0.51,97.998556975211
2026-10-02T18:45:00+05:30,Kalutara_Western,25.0,267.55783571638335,0.0,0.68,101.72111811126011
2026-10-02T19:00:00+05:30,Kalutara_Western,25.0,267.9483235310022,0.0,1.0,105.4447470650107
2026-10-02T19:15:00+05:30,Kalutara_Western,24.9,268.3363926111913,0.0,1.41,109.1692621437788
2026-10-02T19:30:00+05:30,Kalutara_Western,24.9,268.72526816141453,0.0,1.7,112.89449219493669
2026-10-02T19:45:00+05:30,Kalutara_Western,24.9,269.11842413878577,0.0,1.77,116.62027078942133
2026-10-02T20:00:00+05:30,Kalutara_Western,24.9,269.5197417851578,0.0,1.7,120.34643158197785
2026-10-02T20:15:00+05:30,Kalutara_Western,24.9,269.9337156656366,0.0,1.54,124.07280132042845
2026-10-02T20:30:00+05:30,Kalutara_Western,24.9,270.36573445560896,0.0,1.44,127.79919128293986
2026-10-02T20:45:00+05:30,Kalutara_Western,24.9,270.82247953006765,0.0,1.28,131.52538754213003
2026-10-02T21:00:00+05:30,Kalutara_Western,24.8,271.3125116682926,0.0,1.13,135.2511352871195
2026-10-02T21:15:00+05:30,Kalutara_Western,24.7,271.8471671302418,0.0,1.03,138.9761157114768
2026-10-02T21:30:00+05:30,Kalutara_Western,24.7,272.4419800472784,0.0,0.93,142.69991161490424
2026-10-02T21:45:00+05:30,Kalutara_Western,24.6,273.1190376699111,0.0,0.85,146.42194870540243
2026-10-02T22:00:00+05:30,Kalutara_Western,24.6,273.91107663439794,0.0,0.81,150.1413941755381
2026-10-02T22:15:00+05:30,Kalutara_Western,24.6,274.8690355583619,0.0,0.82,153.85697165003393
2026-10-02T22:30:00+05:30,Kalutara_Western,24.6,276.0770108245313,0.0,0.84,157.5665915013089
2026-10-02T22:45:00+05:30,Kalutara_Western,24.5,277.68466949044273,0.0,0.96,161.26654679213635
2026-10-02T23:00:00+05:30,Kalutara_Western,24.5,279.98629005448095,0.0,1.1,164.94953979166422
2026-10-02T23:15:00+05:30,Kalutara_Western,24.4,283.6471401285478,0.0,1.35,168.5989461890903
2026-10-02T23:30:00+05:30,Kalutara_Western,24.4,290.5196130104048,0.0,1.49,172.16748973363593
2026-10-02T23:45:00+05:30,Kalutara_Western,24.3,307.7074633379024,0.0,1.42,175.46008618351112
2026-10-03T00:00:00+05:30,Kalutara_Western,24.2,3.1291834824413627,0.0,1.24,177.21203483436676
2026-10-03T00:15:00+05:30,Kalutara_Western,24.2,54.620108675849224,0.0,1.01,175.2215098219997
2026-10-03T00:30:00+05:30,Kalutara_Western,24.1,70.36649904883325,0.0,0.95,171.88868320347842
2026-10-03T00:45:00+05:30,Kalutara_Western,24.0,76.84839148539561,0.0,1.05,168.31029336285968
2026-10-03T01:00:00+05:30,Kalutara_Western,23.9,80.35932716720015,0.0,1.2,164.65730406907807
2026-10-03T01:15:00+05:30,Kalutara_Western,23.8,82.58947301218552,0.0,1.36,160.97273873371512
2026-10-03T01:30:00+05:30,Kalutara_Western,23.7,84.15820899495947,0.0,1.46,157.27206130709192
2026-10-03T01:45:00+05:30,Kalutara_Western,23.7,85.34314300206881,0.0,1.36,153.5621555663375
2026-10-03T02:00:00+05:30,Kalutara_Western,23.6,86.28676464521163,0.0,1.22,149.84655179185353
2026-10-03T02:15:00+05:30,Kalutara_Western,23.6,87.06968342499266,0.0,1.06,146.1272553939738
2026-10-03T02:30:00+05:30,Kalutara_Western,23.5,87.74098613274663,0.0,0.96,142.40549970082736
2026-10-03T02:45:00+05:30,Kalutara_Western,23.5,88.3323578288717,0.0,1.01,138.68209347537936
2026-10-03T03:00:00+05:30,Kalutara_Western,23.5,88.86525756859305,0.0,1.17,134.9575982029186
2026-10-03T03:15:00+05:30,Kalutara_Western,23.5,89.35483037613284,0.0,1.37,131.23242502336694
2026-10-03T03:30:00+05:30,Kalutara_Western,23.4,89.81216631099454,0.0,1.47,127.50688961396494
2026-10-03T03:45:00+05:30,Kalutara_Western,23.4,90.24566951577015,0.0,1.52,123.78124684189093
2026-10-03T04:00:00+05:30,Kalutara_Western,23.3,90.6619237553038,0.0,1.56,120.05571320284372
2026-10-03T04:15:00+05:30,Kalutara_Western,23.3,91.06626115452696,0.0,1.56,116.33048064085627
2026-10-03T04:30:00+05:30,Kalutara_Western,23.2,91.46314965285075,0.0,1.56,112.60572761964582
2026-10-03T04:45:00+05:30,Kalutara_Western,23.2,91.85646716962037,0.0,1.51,108.8816276519598
2026-10-03T05:00:00+05:30,Kalutara_Western,23.1,92.24970393016912,0.0,1.46,105.1583548466686
2026-10-03T05:15:00+05:30,Kalutara_Western,23.1,92.64611883473009,0.0,1.36,101.43609019232048
2026-10-03T05:30:00+05:30,Kalutara_Western,23.2,93.04886743285437,0.0,1.31,97.71502758858756
2026-10-03T05:45:00+05:30,Kalutara_Western,23.3,93.46111391222217,0.0,1.26,93.99537855304006
2026-10-03T06:00:00+05:30,Kalutara_Western,23.6,93.8861361043156,0.0,1.21,90.27737898793357
2026-10-03T06:15:00+05:30,Kalutara_Western,23.8,94.3274315026743,13.0,1.12,86.561296916465
2026-10-03T06:30:00+05:30,Kalutara_Western,24.1,94.7888319180197,48.0,1.07,82.8474401697245
2026-10-03T06:45:00+05:30,Kalutara_Western,24.4,95.27463439327107,95.0,0.97,79.1361676164885
2026-10-03T07:00:00+05:30,Kalutara_Western,24.8,95.78975796433292,150.0,0.93,75.42790322100304
2026-10-03T07:15:00+05:30,Kalutara_Western,25.1,96.33993854633161,206.0,0.84,71.72315252843352
2026-10-03T07:30:00+05:30,Kalutara_Western,25.5,96.93197783768,261.0,0.76,68.02252607986173
2026-10-03T07:45:00+05:30,Kalutara_Western,25.8,97.5740692125139,314.0,0.69,64.32677045068472
2026-10-03T08:00:00+05:30,Kalutara_Western,26.1,98.27623377572536,368.0,0.57,60.63680863873626
2026-10-03T08:15:00+05:30,Kalutara_Western,26.4,99.05091472991,426.0,0.5,56.95379759426486
2026-10-03T08:30:00+05:30,Kalutara_Western,26.7,99.91380371138047,487.0,0.47,53.279208765413195
2026-10-03T08:45:00+05:30,Kalutara_Western,27.0,100.88501301823106,550.0,0.5,49.614941730775975
2026-10-03T09:00:00+05:30,Kalutara_Western,27.3,101.99077264584628,609.0,0.59,45.963492424208575
2026-10-03T09:15:00+05:30,Kalutara_Western,27.6,103.2659429807415,662.0,0.76,42.328205073548254
2026-10-03T09:30:00+05:30,Kalutara_Western,27.8,104.75782595982378,706.0,0.92,38.71365846183141
2026-10-03T09:45:00+05:30,Kalutara_Western,28.1,106.53209391882314,743.0,1.13,35.126280929098144
2026-10-03T10:00:00+05:30,Kalutara_Western,28.3,108.68226295331897,775.0,1.35,31.57535909321495
2026-10-03T10:15:00+05:30,Kalutara_Western,28.6,111.3452342086909,804.0,1.61,28.07475306773319
2026-10-03T10:30:00+05:30,Kalutara_Western,28.8,114.72735631002934,827.0,1.8,24.645935552192483
2026-10-03T10:45:00+05:30,Kalutara_Western,29.0,119.14848652124215,844.0,2.0,21.32358874125265
2026-10-03T11:00:00+05:30,Kalutara_Western,29.1,125.114027478879,860.0,2.2,18.166244837947943
2026-10-03T11:15:00+05:30,Kalutara_Western,29.2,133.41375535353978,878.0,2.35,15.276577531746469
2026-10-03T11:30:00+05:30,Kalutara_Western,29.3,145.15733279777857,900.0,2.48,12.836667572805553
2026-10-03T11:45:00+05:30,Kalutara_Western,29.4,161.3151655341269,919.0,2.62,11.145914473365707
2026-10-03T12:00:00+05:30,Kalutara_Western,29.3,181.0432928234839,928.0,2.69,10.570152086741984
2026-10-03T12:15:00+05:30,Kalutara_Western,29.3,200.5260977757408,920.0,2.71,11.281408116703162
2026-10-03T12:30:00+05:30,Kalutara_Western,29.2,216.19378328302847,897.0,2.79,13.071244605998828
2026-10-03T12:45:00+05:30,Kalutara_Western,29.1,227.50536916670683,863.0,2.86,15.572078628490118
2026-10-03T13:00:00+05:30,Kalutara_Western,29.0,235.50281894608815,823.0,2.88,18.49773817001514
2026-10-03T13:15:00+05:30,Kalutara_Western,28.9,241.26797606465342,781.0,2.91,21.67687481429003
2026-10-03T13:30:00+05:30,Kalutara_Western,28.7,245.55517798143052,738.0,2.89,25.013009565557184
2026-10-03T13:45:00+05:30,Kalutara_Western,28.6,248.84522998062315,689.0,2.87,28.45095140814901
2026-10-03T14:00:00+05:30,Kalutara_Western,28.4,251.44278305582182,632.0,2.8,31.957844185991178
2026-10-03T14:15:00+05:30,Kalutara_Western,28.3,253.5449247831989,562.0,2.7,35.51325003251828
2026-10-03T14:30:00+05:30,Kalutara_Western,28.1,255.28282359278876,475.0,2.53,39.10392011885113
2026-10-03T14:45:00+05:30,Kalutara_Western,28.0,256.7463526844487,388.0,2.32,42.72094495281311
2026-10-03T15:00:00+05:30,Kalutara_Western,27.8,257.99880122099114,315.0,2.02,46.358136875358426
2026-10-03T15:15:00+05:30,Kalutara_Western,27.6,259.08586685364213,267.0,1.71,50.01107563970703
2026-10-03T15:30:00+05:30,Kalutara_Western,27.4,260.0413002485425,238.0,1.35,53.67652578858687
2026-10-03T15:45:00+05:30,Kalutara_Western,27.2,260.89054287895823,218.0,1.0,57.35206715855925
2026-10-03T16:00:00+05:30,Kalutara_Western,26.9,261.65313204924576,199.0,0.57,61.03585404396918
2026-10-03T16:15:00+05:30,Kalutara_Western,26.7,262.3443293023027,176.0,0.29,64.72645543471447
2026-10-03T16:30:00+05:30,Kalutara_Western,26.5,262.97624706574095,154.0,0.4,68.422744416474
2026-10-03T16:45:00+05:30,Kalutara_Western,26.3,263.55864456477786,131.0,0.71,72.12382061015742
2026-10-03T17:00:00+05:30,Kalutara_Western,26.1,264.0995013550638,106.0,0.99,75.8289561688428
2026-10-03T17:15:00+05:30,Kalutara_Western,26.0,264.6054381215115,80.0,1.23,79.53755532055409
2026-10-03T17:30:00+05:30,Kalutara_Western,25.8,265.0820315399457,53.0,1.43,83.24912434686065
2026-10-03T17:45:00+05:30,Kalutara_Western,25.7,265.5340548733425,28.0,1.52,86.96325041594942
2026-10-03T18:00:00+05:30,Kalutara_Western,25.6,265.96566576433634,6.0,1.52,90.67958418833454
2026-10-03T18:15:00+05:30,Kalutara_Western,25.5,266.3805570514174,0.0,1.52,94.39782622665561
2026-10-03T18:30:00+05:30,Kalutara_Western,25.4,266.78208229676125,0.0,1.46,98.1177176681788
2026-10-03T18:45:00+05:30,Kalutara_Western,25.3,267.17336466644974,0.0,1.39,101.83903142220151
2026-10-03T19:00:00+05:30,Kalutara_Western,25.3,267.5573968760615,0.0,1.23,105.56156481066878
2026-10-03T19:15:00+05:30,Kalutara_Western,25.2,267.9371393117751,0.0,1.11,109.28513471338765
2026-10-03T19:30:00+05:30,Kalutara_Western,25.1,268.3156232765673,0.0,1.0,113.00957184737516
2026-10-03T19:45:00+05:30,Kalutara_Western,25.1,268.69606807109415,0.0,0.89,116.73471533258433
2026-10-03T20:00:00+05:30,Kalutara_Western,25.0,269.0820232305283,0.0,0.78,120.4604086846204
2026-10-03T20:15:00+05:30,Kalutara_Western,24.9,269.47755145300596,0.0,0.72,124.18649381005795
2026-10-03T20:30:00+05:30,Kalutara_Western,24.9,269.88747621907464,0.0,0.66,127.91280392526326
2026-10-03T20:45:00+05:30,Kalutara_Western,24.8,270.3177319535737,0.0,0.66,131.63915605642543
2026-10-03T21:00:00+05:30,Kalutara_Western,24.7,270.7758785041427,0.0,0.71,135.36533876247177
2026-10-03T21:15:00+05:30,Kalutara_Western,24.6,271.2718866516543,0.0,0.76,139.09109430770408
2026-10-03T21:30:00+05:30,Kalutara_Western,24.5,271.8193859450349,0.0,0.81,142.81609272528004
2026-10-03T21:45:00+05:30,Kalutara_Western,24.4,272.4377342816969,0.0,0.86,146.53988715729454
2026-10-03T22:00:00+05:30,Kalutara_Western,24.4,273.1556263560795,0.0,0.96,150.26183679455994
2026-10-03T22:15:00+05:30,Kalutara_Western,24.3,274.0177702727533,0.0,1.01,153.98096649273248
2026-10-03T22:30:00+05:30,Kalutara_Western,24.2,275.09817379116583,0.0,1.06,157.69568474783796
2026-10-03T22:45:00+05:30,Kalutara_Western,24.2,276.5291435089525,0.0,1.11,161.4031670150659
2026-10-03T23:00:00+05:30,Kalutara_Western,24.1,278.5727714879905,0.0,1.16,165.09782935769454
2026-10-03T23:15:00+05:30,Kalutara_Western,24.0,281.829453514264,0.0,1.21,168.76682580622156
2026-10-03T23:30:00+05:30,Kalutara_Western,24.0,288.01737799451155,0.0,1.2,172.37282079505525
2026-10-03T23:45:00+05:30,Kalutara_Western,23.9,304.24712722931747,0.0,1.2,175.75197700099977
2026-10-04T00:00:00+05:30,Kalutara_Western,23.9,5.48625275358944,0.0,1.15,177.59153751449298
2026-10-04T00:15:00+05:30,Kalutara_Western,23.9,59.07480655159611,0.0,1.1,175.36979705761954
2026-10-04T00:30:00+05:30,Kalutara_Western,23.8,73.14503556461125,0.0,1.06,171.94029385382032
2026-10-04T00:45:00+05:30,Kalutara_Western,23.8,78.79386968408267,0.0,1.03,168.32272292895584
2026-10-04T01:00:00+05:30,Kalutara_Western,23.8,81.84831799523067,0.0,1.01,164.64958106760497
2026-10-04T01:15:00+05:30,Kalutara_Western,23.8,83.79630279366631,0.0,0.96,160.95310484039325
2026-10-04T01:30:00+05:30,Kalutara_Western,23.8,85.17528249658477,0.0,0.97,157.2447837966127
2026-10-04T01:45:00+05:30,Kalutara_Western,23.8,86.22482644670345,0.0,0.96,153.5297232704825
2026-10-04T02:00:00+05:30,Kalutara_Western,23.8,87.06762066422937,0.0,0.99,149.81054484733494
2026-10-04T02:15:00+05:30,Kalutara_Western,23.8,87.77302033309189,0.0,0.96,146.08874354279664
2026-10-04T02:30:00+05:30,Kalutara_Western,23.7,88.38326893602175,0.0,0.99,142.36524518044948
2026-10-04T02:45:00+05:30,Kalutara_Western,23.7,88.92566296113148,0.0,0.99,138.6406631245809
2026-10-04T03:00:00+05:30,Kalutara_Western,23.6,89.4187246323163,0.0,0.99,134.91542954089184
2026-10-04T03:15:00+05:30,Kalutara_Western,23.5,89.87556461716753,0.0,1.03,131.18986731363447
2026-10-04T03:30:00+05:30,Kalutara_Western,23.5,90.30582355216268,0.0,1.03,127.46423055948968
2026-10-04T03:45:00+05:30,Kalutara_Western,23.4,90.71684906788812,0.0,1.03,123.73873064454503
2026-10-04T04:00:00+05:30,Kalutara_Western,23.4,91.1144407166438,0.0,1.04,120.01355324017888
2026-10-04T04:15:00+05:30,Kalutara_Western,23.3,91.50334049212358,0.0,1.1,116.28886869125564
2026-10-04T04:30:00+05:30,Kalutara_Western,23.3,91.88756820015738,0.0,1.12,112.5648408328571
2026-10-04T04:45:00+05:30,Kalutara_Western,23.3,92.27066017699576,0.0,1.14,108.84163402556365
2026-10-04T05:00:00+05:30,Kalutara_Western,23.3,92.65584708767011,0.0,1.17,105.11941773202014
2026-10-04T05:15:00+05:30,Kalutara_Western,23.3,93.04619316108881,0.0,1.15,101.39837218230866
2026-10-04T05:30:00+05:30,Kalutara_Western,23.4,93.44471217859996,0.0,1.19,97.67869405611019
2026-10-04T05:45:00+05:30,Kalutara_Western,23.6,93.85447118906222,0.0,1.18,93.96060105125848
2026-10-04T06:00:00+05:30,Kalutara_Western,23.8,94.27869003397666,0.0,1.22,90.24433869374482
2026-10-04T06:15:00+05:30,Kalutara_Western,24.0,94.72084409187875,12.0,1.22,86.53018828948177
2026-10-04T06:30:00+05:30,Kalutara_Western,24.3,95.18477752455999,46.0,1.21,82.81847501012024
2026-10-04T06:45:00+05:30,Kalutara_Western,24.6,95.67483448943392,91.0,1.2,79.10957971817561
2026-10-04T07:00:00+05:30,Kalutara_Western,24.9,96.1960178925774,146.0,1.2,75.40395387558299
2026-10-04T07:15:00+05:30,Kalutara_Western,25.2,96.75418810648,202.0,1.2,71.70213718735485
2026-10-04T07:30:00+05:30,Kalutara_Western,25.6,97.35631783654264,256.0,1.15,68.00478258833213
2026-10-04T07:45:00+05:30,Kalutara_Western,25.9,98.01082659052264,308.0,1.1,64.31268941013371
2026-10-04T08:00:00+05:30,Kalutara_Western,26.2,98.72802865036579,360.0,1.05,60.62684666946706
2026-10-04T08:15:00+05:30,Kalutara_Western,26.5,99.52074371149342,417.0,0.95,56.94849458645537
2026-10-04T08:30:00+05:30,Kalutara_Western,26.8,100.40514526278889,477.0,0.8,53.279210676094785
2026-10-04T08:45:00+05:30,Kalutara_Western,27.1,101.40196251496087,538.0,0.6,49.62103121607618
2026-10-04T09:00:00+05:30,Kalutara_Western,27.4,102.53821709400728,597.0,0.4,45.976630706419456
2026-10-04T09:15:00+05:30,Kalutara_Western,27.6,103.8497877268527,649.0,0.16,42.34959019404383
2026-10-04T09:30:00+05:30,Kalutara_Western,27.9,105.38528669217857,694.0,0.14,38.7448078427891
2026-10-04T09:45:00+05:30,Kalutara_Western,28.2,107.21206204979893,733.0,0.43,35.1691505673989
2026-10-04T10:00:00+05:30,Kalutara_Western,28.5,109.42572710091895,767.0,0.73,31.632518584098385
2026-10-04T10:15:00+05:30,Kalutara_Western,28.8,112.16565361171496,798.0,1.0,28.14964571718476
2026-10-04T10:30:00+05:30,Kalutara_Western,29.0,115.6406116280379,823.0,1.3,24.743264375070893
2026-10-04T10:45:00+05:30,Kalutara_Western,29.2,120.17122130576081,844.0,1.55,21.449868108851348
2026-10-04T11:00:00+05:30,Kalutara_Western,29.4,126.25683761113822,863.0,1.81,18.33047679456206
2026-10-04T11:15:00+05:30,Kalutara_Western,29.6,134.65959055698778,883.0,2.01,15.490587294333864
2026-10-04T11:30:00+05:30,Kalutara_Western,29.7,146.4061203934848,906.0,2.22,13.113085175677114
2026-10-04T11:45:00+05:30,Kalutara_Western,29.7,162.30184705467786,926.0,2.38,11.488723248546691
2026-10-04T12:00:00+05:30,Kalutara_Western,29.7,181.41356646782194,937.0,2.53,10.957723004853818
2026-10-04T12:15:00+05:30,Kalutara_Western,29.7,200.218250796839,934.0,2.66,11.670294774330884
2026-10-04T12:30:00+05:30,Kalutara_Western,29.7,215.48587630042368,916.0,2.77,13.429924166996173
2026-10-04T12:45:00+05:30,Kalutara_Western,29.6,226.66209899797383,889.0,2.88,15.892534404551313
2026-10-04T13:00:00+05:30,Kalutara_Western,29.5,234.65619829387003,856.0,2.96,18.78362844804016
2026-10-04T13:15:00+05:30,Kalutara_Western,29.4,240.46653987876402,820.0,3.07,21.934412066726026
2026-10-04T13:30:00+05:30,Kalutara_Western,29.3,244.81130325413943,782.0,3.08,25.24783442870809
2026-10-04T13:45:00+05:30,Kalutara_Western,29.2,248.1577459308652,739.0,3.1,28.66754177056439
2026-10-04T14:00:00+05:30,Kalutara_Western,29.0,250.80610731036626,687.0,3.1,32.1596307421854
2026-10-04T14:15:00+05:30,Kalutara_Western,28.9,252.95253855788727,624.0,3.01,35.702852594252576
2026-10-04T14:30:00+05:30,Kalutara_Western,28.7,254.72851450552292,547.0,2.92,39.283356611023116
2026-10-04T14:45:00+05:30,Kalutara_Western,28.6,256.2245926393142,469.0,2.71,42.891789884764464
2026-10-04T15:00:00+05:30,Kalutara_Western,28.4,257.5047968883769,401.0,2.44,46.52163619495943
2026-10-04T15:15:00+05:30,Kalutara_Western,28.3,258.6154948076314,352.0,2.13,50.168229153009975
2026-10-04T15:30:00+05:30,Kalutara_Western,28.1,259.5910100477688,317.0,1.79,53.8281465435202
2026-10-04T15:45:00+05:30,Kalutara_Western,27.9,260.45725966288734,289.0,1.41,57.49882466839694
2026-10-04T16:00:00+05:30,Kalutara_Western,27.7,261.2341693485189,260.0,0.98,61.178306149543985
2026-10-04T16:15:00+05:30,Kalutara_Western,27.5,261.9373144335715,229.0,0.54,64.8650721104966
2026-10-04T16:30:00+05:30,Kalutara_Western,27.3,262.57905831851156,199.0,0.16,68.55792581123521
2026-10-04T16:45:00+05:30,Kalutara_Western,27.1,263.169358374186,168.0,0.22,72.25591090934248
2026-10-04T17:00:00+05:30,Kalutara_Western,26.9,263.7163474819182,134.0,0.54,75.95825439380062
2026-10-04T17:15:00+05:30,Kalutara_Western,26.7,264.2267609844516,98.0,0.81,79.66432386838748
2026-10-04T17:30:00+05:30,Kalutara_Western,26.6,264.70625605561514,62.0,1.08,83.37359584603846
2026-10-04T17:45:00+05:30,Kalutara_Western,26.4,265.1596553507095,31.0,1.23,87.08563332293045
2026-10-04T18:00:00+05:30,Kalutara_Western,26.3,265.59113653085575,6.0,1.35,90.80006744677748
2026-10-04T18:15:00+05:30,Kalutara_Western,26.1,266.0043835567692,0.0,1.44,94.51658323335607
2026-10-04T18:30:00+05:30,Kalutara_Western,26.0,266.4027114239395,0.0,1.49,98.23490974936294
2026-10-04T18:45:00+05:30,Kalutara_Western,25.9,266.7891728690903,0.0,1.53,101.95481097743247
2026-10-04T19:00:00+05:30,Kalutara_Western,25.8,267.166654539206,0.0,1.52,105.67607827936885
2026-10-04T19:15:00+05:30,Kalutara_Western,25.7,267.5379693504518,0.0,1.47,109.3985255043703
2026-10-04T19:30:00+05:30,Kalutara_Western,25.6,267.90595139820084,0.0,1.46,113.12198338532015
2026-10-04T19:45:00+05:30,Kalutara_Western,25.5,268.2735612206114,0.0,1.44,116.84629439987599
2026-10-04T20:00:00+05:30,Kalutara_Western,25.4,268.64401134413106,0.0,1.44,120.5713092842228
2026-10-04T20:15:00+05:30,Kalutara_Western,25.3,269.0209255137436,0.0,1.38,124.29688185310033
2026-10-04T20:30:00+05:30,Kalutara_Western,25.2,269.4085522420313,0.0,1.38,128.02286318749447
2026-10-04T20:45:00+05:30,Kalutara_Western,25.1,269.8120651046216,0.0,1.33,131.7490960483482
2026-10-04T21:00:00+05:30,Kalutara_Western,25.0,270.2380026198589,0.0,1.33,135.47540553857706
2026-10-04T21:15:00+05:30,Kalutara_Western,25.0,270.69493912219446,0.0,1.29,139.2015858601898
2026-10-04T21:30:00+05:30,Kalutara_Western,24.9,271.19455073682957,0.0,1.24,142.92738174186084
2026-10-04T21:45:00+05:30,Kalutara_Western,24.8,271.75338549339136,0.0,1.19,146.6524560471323
2026-10-04T22:00:00+05:30,Kalutara_Western,24.7,272.395956229209,0.0,1.14,150.3763341018389
2026-10-04T22:15:00+05:30,Kalutara_Western,24.6,273.1604811891725,0.0,1.03,154.09830274827306
2026-10-04T22:30:00+05:30,Kalutara_Western,24.6,274.11035814927845,0.0,0.98,157.8172063084579
2026-10-04T22:45:00+05:30,Kalutara_Western,24.5,275.3593687958893,0.0,0.93,161.53099842445027
2026-10-04T23:00:00+05:30,Kalutara_Western,24.4,277.1344214631618,0.0,0.89,165.23562466428018
2026-10-04T23:15:00+05:30,Kalutara_Western,24.4,279.9616156354514,0.0,0.84,168.9216808871697
2026-10-04T23:30:00+05:30,Kalutara_Western,24.3,285.38521038055393,0.0,0.84,172.56128467188807
2026-10-04T23:45:00+05:30,Kalutara_Western,24.3,300.292219819862,0.0,0.84,176.0244575795338
2026-10-05T00:00:00+05:30,Kalutara_Western,24.2,8.669466705732816,0.0,0.84,177.96492061890595
2026-10-05T00:15:00+05:30,Kalutara_Western,24.1,63.7753066472128,0.0,0.84,175.48954079257447
2026-10-05T00:30:00+05:30,Kalutara_Western,24.1,75.94429798631342,0.0,0.84,171.9743018682463
2026-10-05T00:45:00+05:30,Kalutara_Western,24.0,80.7360757083681,0.0,0.84,168.32344213614687
2026-10-05T01:00:00+05:30,Kalutara_Western,24.0,83.3311451654202,0.0,0.84,164.6334359762135
2026-10-05T01:15:00+05:30,Kalutara_Western,23.9,84.9973027707764,0.0,0.89,160.92711263433318
2026-10-05T01:30:00+05:30,Kalutara_Western,23.9,86.18733186129947,0.0,0.89,157.21256211491044
2026-10-05T01:45:00+05:30,Kalutara_Western,23.8,87.10224594015756,0.0,0.89,153.49337987407225
2026-10-05T02:00:00+05:30,Kalutara_Western,23.8,87.84484225318897,0.0,0.89,149.77141878355556
2026-10-05T02:15:00+05:30,Kalutara_Western,23.8,88.47322835494532,0.0,0.95,146.04774302179885
2026-10-05T02:30:00+05:30,Kalutara_Western,23.7,89.02282747275581,0.0,0.95,142.32301930199372
2026-10-05T02:45:00+05:30,Kalutara_Western,23.7,89.51656951900247,0.0,0.97,138.5976966772427
2026-10-05T03:00:00+05:30,Kalutara_Western,23.6,89.97005753740245,0.0,1.01,134.87209886733427
2026-10-05T03:15:00+05:30,Kalutara_Western,23.5,90.39438130970115,0.0,1.03,131.14647504903428
2026-10-05T03:30:00+05:30,Kalutara_Western,23.5,90.79774218723196,0.0,1.1,127.4210282459257
2026-10-05T03:45:00+05:30,Kalutara_Western,23.4,91.18643891421755,0.0,1.16,123.69593406746755
2026-10-05T04:00:00+05:30,Kalutara_Western,23.4,91.56549259238625,0.0,1.21,119.97135323851934
2026-10-05T04:15:00+05:30,Kalutara_Western,23.3,91.93905946331279,0.0,1.28,116.24743907042199
2026-10-05T04:30:00+05:30,Kalutara_Western,23.3,92.31071454319664,0.0,1.3,112.52434439411206
2026-10-05T04:45:00+05:30,Kalutara_Western,23.3,92.68365514216379,0.0,1.33,108.8022273661794
2026-10-05T05:00:00+05:30,Kalutara_Western,23.4,93.06085431275568,0.0,1.33,105.08125525125203
2026-10-05T05:15:00+05:30,Kalutara_Western,23.5,93.44518307573617,0.0,1.36,101.36160960529446
2026-10-05T05:30:00+05:30,Kalutara_Western,23.6,93.83951450856932,0.0,1.36,97.64349170799998
2026-10-05T05:45:00+05:30,Kalutara_Western,23.8,94.24681924214508,0.0,1.36,93.92712707025493
2026-10-05T06:00:00+05:30,Kalutara_Western,24.0,94.67025953528139,0.0,1.32,90.21277235187019
2026-10-05T06:15:00+05:30,Kalutara_Western,24.3,95.11328875243316,12.0,1.29,86.50072357971817
2026-10-05T06:30:00+05:30,Kalutara_Western,24.6,95.57976318477625,45.0,1.25,82.79132467734453
2026-10-05T06:45:00+05:30,Kalutara_Western,24.9,96.07407351538046,88.0,1.21,79.08497993692619
2026-10-05T07:00:00+05:30,Kalutara_Western,25.3,96.60130548706758,139.0,1.14,75.38216981708402
2026-10-05T07:15:00+05:30,Kalutara_Western,25.7,97.16744232565901,192.0,1.1,71.68346979515195
2026-10-05T07:30:00+05:30,Kalutara_Western,26.0,97.7796253747473,243.0,1.03,67.98957697879698
2026-10-05T07:45:00+05:30,Kalutara_Western,26.4,98.44649684452975,294.0,0.92,64.30134546275558
2026-10-05T08:00:00+05:30,Kalutara_Western,26.7,99.17865924160714,346.0,0.88,60.619832593400716
2026-10-05T08:15:00+05:30,Kalutara_Western,27.0,99.98930156736179,403.0,0.74,56.94636455688337
2026-10-05T08:30:00+05:30,Kalutara_Western,27.3,100.89506860696179,466.0,0.61,53.282628127585774
2026-10-05T08:45:00+05:30,Kalutara_Western,27.5,101.91729072128675,531.0,0.47,49.630800088162154
2026-10-05T09:00:00+05:30,Kalutara_Western,27.7,103.08375714929724,594.0,0.41,45.9937380490804
2026-10-05T09:15:00+05:30,Kalutara_Western,27.9,104.43132749197406,650.0,0.49,42.37526525564382
2026-10-05T09:30:00+05:30,Kalutara_Western,28.1,106.00986436029046,697.0,0.72,38.780605450804146
2026-10-05T09:45:00+05:30,Kalutara_Western,28.3,107.88829261433449,739.0,0.98,35.21707078248528
2026-10-05T10:00:00+05:30,Kalutara_Western,28.5,110.16415469187808,776.0,1.32,31.69518092481561
2026-10-05T10:15:00+05:30,Kalutara_Western,28.7,112.97899900931793,813.0,1.65,28.23054488870396
2026-10-05T10:30:00+05:30,Kalutara_Western,28.8,116.54349138383856,850.0,1.95,24.84714244004026
2026-10-05T10:45:00+05:30,Kalutara_Western,29.0,121.17807552022401,882.0,2.25,21.58322818922815
2026-10-05T11:00:00+05:30,Kalutara_Western,29.1,127.37449334158481,899.0,2.55,18.502162836573802
2026-10-05T11:15:00+05:30,Kalutara_Western,29.2,135.86537952387027,891.0,2.75,15.711901078479144
2026-10-05T11:30:00+05:30,Kalutara_Western,29.3,147.5959368606545,853.0,2.85,13.395428679119135
2026-10-05T11:45:00+05:30,Kalutara_Western,29.4,163.2231717656332,799.0,2.71,11.834325395286967
2026-10-05T12:00:00+05:30,Kalutara_Western,29.5,181.75077762841488,750.0,2.47,11.344829610398591
2026-10-05T12:15:00+05:30,Kalutara_Western,29.6,199.92410390002337,720.0,2.15,12.058157525803267
2026-10-05T12:30:00+05:30,Kalutara_Western,29.6,214.81066300911436,706.0,1.92,13.788875476644904
2026-10-05T12:45:00+05:30,Kalutara_Western,29.6,225.84958096570526,699.0,1.76,16.214395555013525
2026-10-05T13:00:00+05:30,Kalutara_Western,29.4,233.83334490943543,690.0,1.59,19.071426885489018
2026-10-05T13:15:00+05:30,Kalutara_Western,29.3,239.68265727808495,674.0,1.46,22.193931988446636
2026-10-05T13:30:00+05:30,Kalutara_Western,29.1,244.08043096083117,653.0,1.3,25.48450129026851
2026-10-05T13:45:00+05:30,Kalutara_Western,29.0,247.480073592541,630.0,1.15,28.88574104185698
2026-10-05T14:00:00+05:30,Kalutara_Western,28.8,250.17700387576713,605.0,0.97,32.36276153545119
2026-10-05T14:15:00+05:30,Kalutara_Western,28.6,252.36612695504783,577.0,0.85,35.89353137815146
2026-10-05T14:30:00+05:30,Kalutara_Western,28.4,254.1790157590587,548.0,0.75,39.46361023201519
2026-10-05T14:45:00+05:30,Kalutara_Western,28.2,255.7067756599614,516.0,0.72,43.06320639188986
2026-10-05T15:00:00+05:30,Kalutara_Western,27.9,257.0140757847716,482.0,0.79,46.68547609539331
2026-10-05T15:15:00+05:30,Kalutara_Western,27.7,258.1478939313003,446.0,0.85,50.32550618913586
2026-10-05T15:30:00+05:30,Kalutara_Western,27.5,259.14308624980083,410.0,1.0,53.97968638223499
2026-10-05T15:45:00+05:30,Kalutara_Western,27.3,260.026017349457,371.0,1.13,57.645307883544994
2026-10-05T16:00:00+05:30,Kalutara_Western,27.1,260.8169815243053,331.0,1.28,61.32030005752097
2026-10-05T16:15:00+05:30,Kalutara_Western,26.9,261.53185363322666,289.0,1.43,65.00305464352206
2026-10-05T16:30:00+05:30,Kalutara_Western,26.7,262.183237579208,247.0,1.59,68.69230365286002
2026-10-05T16:45:00+05:30,Kalutara_Western,26.5,262.7812810372176,205.0,1.68,72.38703345597973
2026-10-05T17:00:00+05:30,Kalutara_Western,26.4,263.33426422120954,160.0,1.84,76.08642464322907
2026-10-05T17:15:00+05:30,Kalutara_Western,26.2,263.8490324488734,114.0,1.91,79.78980702819399
2026-10-05T17:30:00+05:30,Kalutara_Western,26.1,264.33131964008504,70.0,1.97,83.49662623702454
2026-10-05T17:45:00+05:30,Kalutara_Western,26.0,264.78599474547843,33.0,2.0,87.2064199976613
2026-10-05T18:00:00+05:30,Kalutara_Western,25.9,265.217252795261,6.0,2.03,90.91879884728996
2026-10-05T18:15:00+05:30,Kalutara_Western,25.8,265.62876650592216,0.0,2.02,94.63343113024624
2026-10-05T18:30:00+05:30,Kalutara_Western,25.7,266.0238100817465,0.0,1.98,98.35003265357581
2026-10-05T18:45:00+05:30,Kalutara_Western,25.6,266.40536361778413,0.0,1.95,102.06835719068454
2026-10-05T19:00:00+05:30,Kalutara_Western,25.5,266.77620535730046,0.0,1.94,105.78818872190858
2026-10-05T19:15:00+05:30,Kalutara_Western,25.4,267.1389981344762,0.0,1.91,109.5093364535617
2026-10-05T19:30:00+05:30,Kalutara_Western,25.3,267.49637575569403,0.0,1.84,113.23162926485338
2026-10-05T19:45:00+05:30,Kalutara_Western,25.2,267.85103618658025,0.0,1.77,116.95491077452712
2026-10-05T20:00:00+05:30,Kalutara_Western,25.2,268.20585003909736,0.0,1.67,120.6790362598062
2026-10-05T20:15:00+05:30,Kalutara_Western,25.1,268.5639955597759,0.0,1.61,124.40386814148141
2026-10-05T20:30:00+05:30,Kalutara_Western,25.0,268.92913727148755,0.0,1.51,128.12927120573443
2026-10-05T20:45:00+05:30,Kalutara_Western,24.9,269.30567507172617,0.0,1.42,131.85510860944612
2026-10-05T21:00:00+05:30,Kalutara_Western,24.9,269.69910731531576,0.0,1.36,135.5812349925111
2026-10-05T21:15:00+05:30,Kalutara_Western,24.8,270.1165832761592,0.0,1.27,139.30748707982855
2026-10-05T21:30:00+05:30,Kalutara_Western,24.7,270.56778048121726,0.0,1.19,143.03367130929055
2026-10-05T21:45:00+05:30,Kalutara_Western,24.7,271.0663625241733,0.0,1.11,146.7595418072628
2026-10-05T22:00:00+05:30,Kalutara_Western,24.6,271.6325305735518,0.0,1.03,150.484762871741
2026-10-05T22:15:00+05:30,Kalutara_Western,24.5,272.29777178840425,0.0,1.01,154.20884167524997
2026-10-05T22:30:00+05:30,Kalutara_Western,24.5,273.11438716530824,0.0,0.95,157.93099121930774
2026-10-05T22:45:00+05:30,Kalutara_Western,24.4,274.17653937131035,0.0,0.9,161.64982835138287
2026-10-05T23:00:00+05:30,Kalutara_Western,24.4,275.6731048331772,0.0,0.9,165.3626163709879
2026-10-05T23:15:00+05:30,Kalutara_Western,24.3,278.04672389036494,0.0,0.86,169.06297161235432
2026-10-05T23:30:00+05:30,Kalutara_Western,24.3,282.6268482041955,0.0,0.86,172.73163492988232
2026-10-05T23:45:00+05:30,Kalutara_Western,24.2,295.7824817795147,0.0,0.82,176.27348345178166
2026-10-06T00:00:00+05:30,Kalutara_Western,24.2,13.197959634930612,0.0,0.82,178.32875092131468
2026-10-06T00:15:00+05:30,Kalutara_Western,24.1,68.67806467560285,0.0,0.78,175.5787464646748
2026-10-06T00:30:00+05:30,Kalutara_Western,24.0,78.75187650091209,0.0,0.78,171.99070101691407
2026-10-06T00:45:00+05:30,Kalutara_Western,23.9,82.67083787968295,0.0,0.78,168.31262415658645
2026-10-06T01:00:00+05:30,Kalutara_Western,23.9,84.80595679387147,0.0,0.78,164.60904777668472
2026-10-06T01:15:00+05:30,Kalutara_Western,23.8,86.1914740864625,0.0,0.72,160.89492617930586
2026-10-06T01:30:00+05:30,Kalutara_Western,23.7,87.19373766013916,0.0,0.72,157.17554534021957
2026-10-06T01:45:00+05:30,Kalutara_Western,23.6,87.97497534260094,0.0,0.72,153.45326216472566
2026-10-06T02:00:00+05:30,Kalutara_Western,23.5,88.61811213198712,0.0,0.66,149.72930061852446
2026-10-06T02:15:00+05:30,Kalutara_Western,23.4,89.17005639540645,0.0,0.66,146.00437303737056
2026-10-06T02:30:00+05:30,Kalutara_Western,23.4,89.6594533510389,0.0,0.6,142.27893492439335
2026-10-06T02:45:00+05:30,Kalutara_Western,23.3,90.10489797245157,0.0,0.6,138.5533017313073
2026-10-06T03:00:00+05:30,Kalutara_Western,23.3,90.5190969728315,0.0,0.55,134.82770933287708
2026-10-06T03:15:00+05:30,Kalutara_Western,23.2,90.91113569015613,0.0,0.55,131.1023475473713
2026-10-06T03:30:00+05:30,Kalutara_Western,23.2,91.28778811032737,0.0,0.51,127.37737862731814
2026-10-06T03:45:00+05:30,Kalutara_Western,23.2,91.65431282848891,0.0,0.47,123.65295006293289
2026-10-06T04:00:00+05:30,Kalutara_Western,23.1,92.01495897455675,0.0,0.47,119.92920342425127
2026-10-06T04:15:00+05:30,Kalutara_Western,23.1,92.37330189033588,0.0,0.45,116.20627949024136
2026-10-06T04:30:00+05:30,Kalutara_Western,23.2,92.73247546383283,0.0,0.4,112.48432366423333
2026-10-06T04:45:00+05:30,Kalutara_Western,23.2,93.09534075080842,0.0,0.36,108.76349080276208
2026-10-06T05:00:00+05:30,Kalutara_Western,23.3,93.46461528232385,0.0,0.32,105.04394838585624
2026-10-06T05:15:00+05:30,Kalutara_Western,23.4,93.84297842592929,0.0,0.28,101.32588134851625
2026-10-06T05:30:00+05:30,Kalutara_Western,23.5,94.23316367185868,0.0,0.25,97.60949736354789
2026-10-06T05:45:00+05:30,Kalutara_Western,23.6,94.63804597427992,0.0,0.22,93.89503136229953
2026-10-06T06:00:00+05:30,Kalutara_Western,23.8,95.06073040943988,0.0,0.15,90.1827526196898
2026-10-06T06:15:00+05:30,Kalutara_Western,24.0,95.50464839455196,15.0,0.18,86.4729732948507
2026-10-06T06:30:00+05:30,Kalutara_Western,24.2,95.97366806655839,55.0,0.22,82.76605744868966
2026-10-06T06:45:00+05:30,Kalutara_Western,24.5,96.47222595361444,107.0,0.32,79.06243420382108
2026-10-06T07:00:00+05:30,Kalutara_Western,24.8,97.00548947398136,168.0,0.4,75.36261447655073
2026-10-06T07:15:00+05:30,Kalutara_Western,25.1,97.57956293101495,229.0,0.55,71.66721108222902
2026-10-06T07:30:00+05:30,Kalutara_Western,25.4,98.20175370959504,287.0,0.65,67.97696702359565
2026-10-06T07:45:00+05:30,Kalutara_Western,25.8,98.88092298971856,343.0,0.75,64.29279309259151
2026-10-06T08:00:00+05:30,Kalutara_Western,26.1,99.62795615203714,396.0,0.91,60.615817175529465
2026-10-06T08:15:00+05:30,Kalutara_Western,26.4,100.45640378495864,448.0,1.06,56.94745399558338
2026-10-06T08:30:00+05:30,Kalutara_Western,26.8,101.3833707013415,498.0,1.17,53.289502600880446
2026-10-06T08:45:00+05:30,Kalutara_Western,27.1,102.43077168795935,544.0,1.27,49.64428383558362
2026-10-06T09:00:00+05:30,Kalutara_Western,27.5,103.62713827472157,586.0,1.43,46.01484260595482
2026-10-06T09:15:00+05:30,Kalutara_Western,27.8,105.01027170529198,626.0,1.53,42.40524920559298
2026-10-06T09:30:00+05:30,Kalutara_Western,28.1,106.63122256587633,663.0,1.64,38.821058352530535
2026-10-06T09:45:00+05:30,Kalutara_Western,28.4,108.56039063663661,695.0,1.75,35.27003283552155
2026-10-06T10:00:00+05:30,Kalutara_Western,28.7,110.89707627972331,723.0,1.81,31.763315642584132
2026-10-06T10:15:00+05:30,Kalutara_Western,29.0,113.78470927553712,748.0,1.92,28.317389199026202
2026-10-06T10:30:00+05:30,Kalutara_Western,29.2,117.43533342689864,771.0,1.98,24.95746299354424
2026-10-06T10:45:00+05:30,Kalutara_Western,29.4,122.16831789937584,789.0,2.04,21.723494280907772
2026-10-06T11:00:00+05:30,Kalutara_Western,29.5,128.46637355979783,799.0,2.09,18.68102799635234
2026-10-06T11:15:00+05:30,Kalutara_Western,29.6,137.03121204128536,798.0,2.1,15.940112472887094
2026-10-06T11:30:00+05:30,Kalutara_Western,29.7,148.72890561232254,783.0,2.1,13.683188257115916
2026-10-06T11:45:00+05:30,Kalutara_Western,29.7,164.08381107650416,760.0,2.12,12.182295934301365
2026-10-06T12:00:00+05:30,Kalutara_Western,29.7,182.05785602406732,738.0,2.07,11.731296058751326
2026-10-06T12:15:00+05:30,Kalutara_Western,29.6,199.64209394070775,722.0,2.0,12.444857488518196
2026-10-06T12:30:00+05:30,Kalutara_Western,29.5,214.1655582495577,712.0,1.95,14.147849250892065
2026-10-06T12:45:00+05:30,Kalutara_Western,29.4,225.06611784044975,702.0,1.86,16.537365631911527
2026-10-06T13:00:00+05:30,Kalutara_Western,29.3,233.03337823709668,691.0,1.79,19.360849345125885
2026-10-06T13:15:00+05:30,Kalutara_Western,29.1,238.91591069438346,674.0,1.7,22.455180633203526
2026-10-06T13:30:00+05:30,Kalutara_Western,28.9,243.36238037898144,654.0,1.61,25.722785882013582
2026-10-06T13:45:00+05:30,Kalutara_Western,28.7,246.81215259494536,631.0,1.48,29.105349484635276
2026-10-06T14:00:00+05:30,Kalutara_Western,28.5,249.5554749245784,606.0,1.43,32.56705614418819
2026-10-06T14:15:00+05:30,Kalutara_Western,28.3,251.7857256164479,579.0,1.31,36.08512105665205
2026-10-06T14:30:00+05:30,Kalutara_Western,28.0,253.63438142405624,549.0,1.2,39.64452754392328
2026-10-06T14:45:00+05:30,Kalutara_Western,27.8,255.1929662342663,518.0,1.1,43.23505053483978
2026-10-06T15:00:00+05:30,Kalutara_Western,27.5,256.5267084438075,484.0,1.05,46.84952034711295
2026-10-06T15:15:00+05:30,Kalutara_Western,27.2,257.6831383859959,448.0,0.98,50.4827768774481
2026-10-06T15:30:00+05:30,Kalutara_Western,27.0,258.69760531010303,411.0,0.93,54.131020756858234
2026-10-06T15:45:00+05:30,Kalutara_Western,26.7,259.59689397893015,373.0,0.91,57.791396777156166
2026-10-06T16:00:00+05:30,Kalutara_Western,26.5,260.4016478628613,332.0,0.9,61.46171963076346
2026-10-06T16:15:00+05:30,Kalutara_Western,26.3,261.1280273231074,290.0,0.92,65.14029027943826
2026-10-06T16:30:00+05:30,Kalutara_Western,26.1,261.78886644330737,248.0,0.95,68.82576815967388
2026-10-06T16:45:00+05:30,Kalutara_Western,25.9,262.3944954634191,205.0,0.98,72.51708110549383
2026-10-06T17:00:00+05:30,Kalutara_Western,25.7,262.9533360131239,160.0,1.03,76.21336212883965
2026-10-06T17:15:00+05:30,Kalutara_Western,25.5,263.47233876568043,114.0,1.04,79.91390213163749
2026-10-06T17:30:00+05:30,Kalutara_Western,25.4,263.9573106931627,70.0,1.07,83.6181147663553
2026-10-06T17:45:00+05:30,Kalutara_Western,25.3,264.41316400460505,33.0,1.1,87.3255114256238
2026-10-06T18:00:00+05:30,Kalutara_Western,25.2,264.8441085154337,6.0,1.13,91.03568095784192
2026-10-06T18:15:00+05:30,Kalutara_Western,25.1,265.25380340728026,0.0,1.13,94.74827392219925
2026-10-06T18:30:00+05:30,Kalutara_Western,25.0,265.64547996080506,0.0,1.17,98.4629916886206
2026-10-06T18:45:00+05:30,Kalutara_Western,24.9,266.02204353040446,0.0,1.17,102.1795765428252
2026-10-06T19:00:00+05:30,Kalutara_Western,24.8,266.3861617632403,0.0,1.17,105.89780366248242
2026-10-06T19:15:00+05:30,Kalutara_Western,24.7,266.74034498207646,0.0,1.18,109.61747599226831
2026-10-06T19:30:00+05:30,Kalutara_Western,24.6,267.0870238598226,0.0,1.15,113.33841867494736
2026-10-06T19:45:00+05:30,Kalutara_Western,24.6,267.4286302924578,0.0,1.12,117.06047423599455
2026-10-06T20:00:00+05:30,Kalutara_Western,24.5,267.76768849096885,0.0,1.12,120.78349978232293
2026-10-06T20:15:00+05:30,Kalutara_Western,24.4,268.10692523058606,0.0,1.1,124.50736298774646
2026-10-06T20:30:00+05:30,Kalutara_Western,24.4,268.4494128219741,0.0,1.07,128.23193811568612
2026-10-06T20:45:00+05:30,Kalutara_Western,24.3,268.7987657967535,0.0,1.05,131.9571032737121
2026-10-06T21:00:00+05:30,Kalutara_Western,24.3,269.159425186863,0.0,1.05,135.68273547125074
2026-10-06T21:15:00+05:30,Kalutara_Western,24.2,269.5370891270426,0.0,1.03,139.4087042899602
2026-10-06T21:30:00+05:30,Kalutara_Western,24.2,269.93939535213667,0.0,1.01,143.13486448798574
2026-10-06T21:45:00+05:30,Kalutara_Western,24.1,270.377054972461,0.0,1.0,146.86104232723503
2026-10-06T22:00:00+05:30,Kalutara_Western,24.1,270.8658389077994,0.0,0.98,150.58701273574735
2026-09-29T22:15:00+05:30,Moneragala_Uva,25.9,278.53462578858034,0.0,0.96,154.76847410647457
2026-09-29T22:30:00+05:30,Moneragala_Uva,25.8,280.3891440805484,0.0,0.92,158.44268027092482
2026-09-29T22:45:00+05:30,Moneragala_Uva,25.7,282.9248652106876,0.0,0.88,162.09121508428242
2026-09-29T23:00:00+05:30,Moneragala_Uva,25.6,286.6530467871247,0.0,0.85,165.69428414333834
2026-09-29T23:15:00+05:30,Moneragala_Uva,25.5,292.7246979836033,0.0,0.79,169.20611822740807
2026-09-29T23:30:00+05:30,Moneragala_Uva,25.5,304.1908285198355,0.0,0.79,172.49733995608824
2026-09-29T23:45:00+05:30,Moneragala_Uva,25.4,329.9148296836849,0.0,0.79,175.1009267129387
2026-09-30T00:00:00+05:30,Moneragala_Uva,25.4,16.980818703933323,0.0,0.86,175.56813369542687
2026-09-30T00:15:00+05:30,Moneragala_Uva,25.3,50.1197802045956,0.0,0.96,173.4264794171561
2026-09-30T00:30:00+05:30,Moneragala_Uva,25.2,64.64413069278532,0.0,0.99,170.26814469111085
2026-09-30T00:45:00+05:30,Moneragala_Uva,25.2,71.91388429431572,0.0,1.03,166.80405343439872
2026-09-30T01:00:00+05:30,Moneragala_Uva,25.1,76.20068714396342,0.0,1.06,163.22262343405077
2026-09-30T01:15:00+05:30,Moneragala_Uva,25.0,79.03612615326233,0.0,1.1,159.58560794537823
2026-09-30T01:30:00+05:30,Moneragala_Uva,24.9,81.06869777316217,0.0,1.11,155.91827436105547
2026-09-30T01:45:00+05:30,Moneragala_Uva,24.8,82.61430768702786,0.0,1.08,152.23273412947765
2026-09-30T02:00:00+05:30,Moneragala_Uva,24.8,83.84399258557664,0.0,1.08,148.53549058157842
2026-09-30T02:15:00+05:30,Moneragala_Uva,24.7,84.8581192454152,0.0,1.05,144.83034598688369
2026-09-30T02:30:00+05:30,Moneragala_Uva,24.6,85.71942297103567,0.0,0.99,141.11967683118135
2026-09-30T02:45:00+05:30,Moneragala_Uva,24.6,86.46917083378412,0.0,0.92,137.40505058960952
2026-09-30T03:00:00+05:30,Moneragala_Uva,24.5,87.13568779622739,0.0,0.85,133.68755012361447
2026-09-30T03:15:00+05:30,Moneragala_Uva,24.4,87.73913998305102,0.0,0.78,129.96795521302883
2026-09-30T03:30:00+05:30,Moneragala_Uva,24.3,88.29435966127136,0.0,0.74,126.2468482893265
2026-09-30T03:45:00+05:30,Moneragala_Uva,24.2,88.8125879181211,0.0,0.69,122.5246808236628
2026-09-30T04:00:00+05:30,Moneragala_Uva,24.2,89.3025917644872,0.0,0.68,118.80181622469696
2026-09-30T04:15:00+05:30,Moneragala_Uva,24.1,89.77140563782734,0.0,0.64,115.07855720843126
2026-09-30T04:30:00+05:30,Moneragala_Uva,24.0,90.22483970311987,0.0,0.67,111.35516605443058
2026-09-30T04:45:00+05:30,Moneragala_Uva,23.9,90.66784006295023,0.0,0.71,107.63187946792374
2026-09-30T05:00:00+05:30,Moneragala_Uva,23.8,91.10475335697993,0.0,0.78,103.90891855542304
2026-09-30T05:15:00+05:30,Moneragala_Uva,23.8,91.53952883848137,0.0,0.86,100.18649821416497
2026-09-30T05:30:00+05:30,Moneragala_Uva,23.8,91.9758803816951,0.0,0.94,96.46483533669064
2026-09-30T05:45:00+05:30,Moneragala_Uva,23.8,92.41742416776685,0.0,1.03,92.74415500219068
2026-09-30T06:00:00+05:30,Moneragala_Uva,23.9,92.86780335430001,1.0,1.16,89.024698204801
2026-09-30T06:15:00+05:30,Moneragala_Uva,24.1,93.33080943117938,26.0,1.23,85.30673012555314
2026-09-30T06:30:00+05:30,Moneragala_Uva,24.4,93.8105091681814,66.0,1.23,81.59054800059874
2026-09-30T06:45:00+05:30,Moneragala_Uva,24.9,94.31138579970116,114.0,1.1,77.87649220212798
2026-09-30T07:00:00+05:30,Moneragala_Uva,25.4,94.83850499758842,170.0,0.9,74.16495983520771
2026-09-30T07:15:00+05:30,Moneragala_Uva,26.1,95.39771893002631,228.0,0.67,70.45642042882741
2026-09-30T07:30:00+05:30,Moneragala_Uva,26.7,95.99592555038225,288.0,0.56,66.75143820419986
2026-09-30T07:45:00+05:30,Moneragala_Uva,27.3,96.64140789087384,351.0,0.47,63.05070157104137
2026-09-30T08:00:00+05:30,Moneragala_Uva,28.0,97.34428931813056,413.0,0.4,59.355061534833894
2026-09-30T08:15:00+05:30,Moneragala_Uva,28.7,98.11715747033412,475.0,0.35,55.66558677352113
2026-09-30T08:30:00+05:30,Moneragala_Uva,29.3,98.97593835618517,534.0,0.3,51.98364129338246
2026-09-30T08:45:00+05:30,Moneragala_Uva,29.8,99.94114833429381,591.0,0.25,48.31099490577188
2026-09-30T09:00:00+05:30,Moneragala_Uva,30.2,101.03972795439984,644.0,0.16,44.64998860395377
2026-09-30T09:15:00+05:30,Moneragala_Uva,30.6,102.3077954146126,694.0,0.05,41.003785412990645
2026-09-30T09:30:00+05:30,Moneragala_Uva,31.0,103.79489297260852,739.0,0.0,37.376760862733846
2026-09-30T09:45:00+05:30,Moneragala_Uva,31.4,105.57072614174967,779.0,0.07,33.775136033513284
2026-09-30T10:00:00+05:30,Moneragala_Uva,31.8,107.73619507205694,815.0,0.11,30.208038767727857
2026-09-30T10:15:00+05:30,Moneragala_Uva,32.1,110.44203453626164,847.0,0.22,26.689356806192173
2026-09-30T10:30:00+05:30,Moneragala_Uva,32.5,113.92123846367735,875.0,0.22,23.241130168421023
2026-09-30T10:45:00+05:30,Moneragala_Uva,32.8,118.54643931393969,898.0,0.21,19.90005706882812
2026-09-30T11:00:00+05:30,Moneragala_Uva,33.1,124.92917652891236,916.0,0.22,16.73049497146218
2026-09-30T11:15:00+05:30,Moneragala_Uva,33.4,134.0652318307,929.0,0.2,13.850730158818266
2026-09-30T11:30:00+05:30,Moneragala_Uva,33.6,147.38533826750336,936.0,0.27,11.480977699151865
2026-09-30T11:45:00+05:30,Moneragala_Uva,33.7,165.96061467279424,938.0,0.32,9.991014178539558
2026-09-30T12:00:00+05:30,Moneragala_Uva,33.7,187.87024316152795,934.0,0.42,9.791096780311847
2026-09-30T12:15:00+05:30,Moneragala_Uva,33.7,207.78331745211517,926.0,0.46,10.952102889642916
2026-09-30T12:30:00+05:30,Moneragala_Uva,33.7,222.54381000628996,916.0,0.46,13.117513174133038
2026-09-30T12:45:00+05:30,Moneragala_Uva,33.7,232.70189569459484,900.0,0.39,15.881655361067672
2026-09-30T13:00:00+05:30,Moneragala_Uva,33.8,239.7394704745801,875.0,0.25,18.98476778977799
2026-09-30T13:15:00+05:30,Moneragala_Uva,33.9,244.78401350740987,839.0,0.32,22.285681354587226
2026-09-30T13:30:00+05:30,Moneragala_Uva,33.7,248.53965074940032,794.0,0.46,25.708295226863427
2026-09-30T13:45:00+05:30,Moneragala_Uva,33.4,251.4340984843036,741.0,0.72,29.20983727124915
2026-09-30T14:00:00+05:30,Moneragala_Uva,32.9,253.73246248859346,680.0,1.18,32.76498795753668
2026-09-30T14:15:00+05:30,Moneragala_Uva,32.2,255.60457180842644,607.0,1.55,36.35799898096992
2026-09-30T14:30:00+05:30,Moneragala_Uva,31.4,257.1630376929177,519.0,1.8,39.97863609525004
2026-09-30T14:45:00+05:30,Moneragala_Uva,30.3,258.4849858367653,430.0,1.71,43.61999199016497
2026-09-30T15:00:00+05:30,Moneragala_Uva,28.9,259.6248060809813,357.0,1.43,47.277249548206875
2026-09-30T15:15:00+05:30,Moneragala_Uva,27.6,260.6218718491264,311.0,1.16,50.9469523819934
2026-09-30T15:30:00+05:30,Moneragala_Uva,26.7,261.5053627147841,287.0,1.07,54.62655919979717
2026-09-30T15:45:00+05:30,Moneragala_Uva,26.4,262.2973666588215,271.0,1.17,58.314160217105304
2026-09-30T16:00:00+05:30,Moneragala_Uva,26.5,263.01493101401513,247.0,1.35,62.0082917083255
2026-09-30T16:15:00+05:30,Moneragala_Uva,26.6,263.6714530021149,210.0,1.52,65.70781285798978
2026-09-30T16:30:00+05:30,Moneragala_Uva,26.7,264.2776442023603,165.0,1.53,69.4118199087238
2026-09-30T16:45:00+05:30,Moneragala_Uva,26.7,264.84221449692956,122.0,1.26,73.11958566255984
2026-09-30T17:00:00+05:30,Moneragala_Uva,26.7,265.3723676833446,87.0,0.84,76.83051743276062
2026-09-30T17:15:00+05:30,Moneragala_Uva,26.6,265.87416803591066,61.0,0.56,80.54412507193348
2026-09-30T17:30:00+05:30,Moneragala_Uva,26.4,266.35281787122227,40.0,0.58,84.25999701819855
2026-09-30T17:45:00+05:30,Moneragala_Uva,25.8,266.81287345165174,21.0,0.81,87.97778346810962
2026-09-30T18:00:00+05:30,Moneragala_Uva,25.0,267.258417951278,3.0,1.38,91.69718205100746
2026-09-30T18:15:00+05:30,Moneragala_Uva,24.2,267.6932056987345,0.0,1.98,95.41792632516143
2026-09-30T18:30:00+05:30,Moneragala_Uva,23.7,268.1207886712643,0.0,2.25,99.13977775097005
2026-09-30T18:45:00+05:30,Moneragala_Uva,23.6,268.5446339043609,0.0,2.0,102.86251749479652
2026-09-30T19:00:00+05:30,Moneragala_Uva,23.7,268.9682403359126,0.0,1.51,106.58593902771298
2026-09-30T19:15:00+05:30,Moneragala_Uva,23.8,269.39526392049027,0.0,1.32,110.30984254190447
2026-09-30T19:30:00+05:30,Moneragala_Uva,24.0,269.82966083613167,0.0,1.37,114.03402770996865
2026-09-30T19:45:00+05:30,Moneragala_Uva,24.0,270.2758621096956,0.0,1.35,117.75828573432537
2026-09-30T20:00:00+05:30,Moneragala_Uva,24.1,270.7389982355391,0.0,1.2,121.48239149201738
2026-09-30T20:15:00+05:30,Moneragala_Uva,24.1,271.2252006514581,0.0,1.15,125.20609178583692
2026-09-30T20:30:00+05:30,Moneragala_Uva,24.2,271.74202229742076,0.0,1.1,128.92908973165302
2026-09-30T20:45:00+05:30,Moneragala_Uva,24.2,272.2990450364733,0.0,1.1,132.65102444063265
2026-09-30T21:00:00+05:30,Moneragala_Uva,24.2,272.9087861493822,0.0,1.07,136.37143913013978
2026-09-30T21:15:00+05:30,Moneragala_Uva,24.2,273.58809907130956,0.0,1.01,140.08973246985096
2026-09-30T21:30:00+05:30,Moneragala_Uva,24.2,274.3604211072136,0.0,0.93,143.80508255021354
2026-09-30T21:45:00+05:30,Moneragala_Uva,24.2,275.25953633789084,0.0,0.75,147.51631743323645
2026-09-30T22:00:00+05:30,Moneragala_Uva,24.2,276.33619653071923,0.0,0.5,151.22168730843603
2026-09-30T22:15:00+05:30,Moneragala_Uva,24.2,277.6704844035183,0.0,0.25,154.91843921801126
2026-09-30T22:30:00+05:30,Moneragala_Uva,24.1,279.39663932193605,0.0,0.07,158.6019548194185
2026-09-30T22:45:00+05:30,Moneragala_Uva,24.1,281.7576643193501,0.0,0.05,162.26383397526746
2026-09-30T23:00:00+05:30,Moneragala_Uva,24.0,285.2403291650335,0.0,0.1,165.88707255624948
2026-09-30T23:15:00+05:30,Moneragala_Uva,24.0,290.9636384062135,0.0,0.21,169.43169629897525
2026-09-30T23:30:00+05:30,Moneragala_Uva,23.9,302.0237503351788,0.0,0.25,172.78079544268414
2026-09-30T23:45:00+05:30,Moneragala_Uva,23.9,328.3664660982287,0.0,0.32,175.4767519447854
2026-10-01T00:00:00+05:30,Moneragala_Uva,24.0,19.664684996221126,0.0,0.43,175.9112140630913
2026-10-01T00:15:00+05:30,Moneragala_Uva,24.0,53.256158827111165,0.0,0.57,173.60533215333345
2026-10-01T00:30:00+05:30,Moneragala_Uva,24.0,66.94138160040268,0.0,0.64,170.3574185208197
2026-10-01T00:45:00+05:30,Moneragala_Uva,23.9,73.64389117314249,0.0,0.64,166.84785699097284
2026-10-01T01:00:00+05:30,Moneragala_Uva,23.9,77.57432945337041,0.0,0.65,163.24031025167739
2026-10-01T01:15:00+05:30,Moneragala_Uva,23.8,80.17342325986732,0.0,0.63,159.58675943441733
2026-10-01T01:30:00+05:30,Moneragala_Uva,23.8,82.04035715147671,0.0,0.61,155.90822885061652
2026-10-01T01:45:00+05:30,Moneragala_Uva,23.7,83.46462385655678,0.0,0.55,152.21474776919064
2026-10-01T02:00:00+05:30,Moneragala_Uva,23.6,84.60230408968579,0.0,0.46,148.51169160571982
2026-10-01T02:15:00+05:30,Moneragala_Uva,23.5,85.54478729090283,0.0,0.36,144.8022029825106
2026-10-01T02:30:00+05:30,Moneragala_Uva,23.4,86.34913809678858,0.0,0.35,141.08824883581198
2026-10-01T02:45:00+05:30,Moneragala_Uva,23.4,87.05288457857961,0.0,0.39,137.37113009387627
2026-10-01T03:00:00+05:30,Moneragala_Uva,23.3,87.68179660338842,0.0,0.46,133.65174953505823
2026-10-01T03:15:00+05:30,Moneragala_Uva,23.2,88.25424155160044,0.0,0.46,129.93076163526928
2026-10-01T03:30:00+05:30,Moneragala_Uva,23.2,88.78375387446931,0.0,0.5,126.20865964593226
2026-10-01T03:45:00+05:30,Moneragala_Uva,23.1,89.28061930379698,0.0,0.51,122.48583054519608
2026-10-01T04:00:00+05:30,Moneragala_Uva,23.1,89.7528903692575,0.0,0.57,118.76259066898176
2026-10-01T04:15:00+05:30,Moneragala_Uva,23.0,90.20706093099147,0.0,0.65,115.03920835348504
2026-10-01T04:30:00+05:30,Moneragala_Uva,23.0,90.64852930119457,0.0,0.65,111.3159210377389
2026-10-01T04:45:00+05:30,Moneragala_Uva,23.0,91.08192739202718,0.0,0.56,107.59294800175745
2026-10-01T05:00:00+05:30,Moneragala_Uva,23.0,91.5113636687962,0.0,0.4,103.8704989079344
2026-10-01T05:15:00+05:30,Moneragala_Uva,23.1,91.94061005238188,0.0,0.32,100.14878223808857
2026-10-01T05:30:00+05:30,Moneragala_Uva,23.1,92.37325332951804,0.0,0.27,96.42801289751692
2026-10-01T05:45:00+05:30,Moneragala_Uva,23.1,92.81282559998175,0.0,0.25,92.70841808227968
2026-10-01T06:00:00+05:30,Moneragala_Uva,23.1,93.26292429004195,1.0,0.29,88.99024490427747
2026-10-01T06:15:00+05:30,Moneragala_Uva,23.1,93.72733094660242,20.0,0.35,85.27376877700347
2026-10-01T06:30:00+05:30,Moneragala_Uva,23.2,94.21013745625874,51.0,0.5,81.55930159928279
2026-10-01T06:45:00+05:30,Moneragala_Uva,23.5,94.71588824277399,90.0,0.67,77.84720338224274
2026-10-01T07:00:00+05:30,Moneragala_Uva,23.9,95.24974905800502,135.0,0.9,74.1378966615252
2026-10-01T07:15:00+05:30,Moneragala_Uva,24.3,95.81771589414694,180.0,1.12,70.43188334230746
2026-10-01T07:30:00+05:30,Moneragala_Uva,24.7,96.42688156989976,224.0,1.32,66.72976856680751
2026-10-01T07:45:00+05:30,Moneragala_Uva,25.2,97.08578541545876,266.0,1.46,63.032292406142844
2026-10-01T08:00:00+05:30,Moneragala_Uva,25.8,97.80488298473517,308.0,1.55,59.340371302445824
2026-10-01T08:15:00+05:30,Moneragala_Uva,26.3,98.59718990704715,353.0,1.65,55.65515737107311
2026-10-01T08:30:00+05:30,Moneragala_Uva,26.8,99.47918336365467,401.0,1.68,51.978122006462385
2026-10-01T08:45:00+05:30,Moneragala_Uva,27.3,100.4720917273641,448.0,1.71,48.31117487807453
2026-10-01T09:00:00+05:30,Moneragala_Uva,27.8,101.60378014201382,486.0,1.67,44.65684170984778
2026-10-01T09:15:00+05:30,Moneragala_Uva,28.3,102.91157456287982,506.0,1.67,41.01853353902718
2026-10-01T09:30:00+05:30,Moneragala_Uva,28.7,104.44660229595445,498.0,1.63,37.400965079602116
2026-10-01T09:45:00+05:30,Moneragala_Uva,29.0,106.28064905011638,476.0,1.63,33.81083086465048
2026-10-01T10:00:00+05:30,Moneragala_Uva,29.2,108.51731239452425,458.0,1.63,30.257934237844957
2026-10-01T10:15:00+05:30,Moneragala_Uva,29.5,111.3106788575763,464.0,1.6,26.75714803353093
2026-10-01T10:30:00+05:30,Moneragala_Uva,29.7,114.89737911557137,492.0,1.53,23.331975000267363
2026-10-01T10:45:00+05:30,Moneragala_Uva,30.0,119.65210929674504,531.0,1.43,20.02129429756077
2026-10-01T11:00:00+05:30,Moneragala_Uva,30.4,126.1800518720039,571.0,1.29,16.892589823311255
2026-10-01T11:15:00+05:30,Moneragala_Uva,30.7,135.44025453572584,599.0,1.19,14.067837244891166
2026-10-01T11:30:00+05:30,Moneragala_Uva,30.9,148.74234138748625,619.0,1.03,11.76801879844973
2026-10-01T11:45:00+05:30,Moneragala_Uva,31.1,166.92211006838068,636.0,0.85,10.349237066326708
2026-10-01T12:00:00+05:30,Moneragala_Uva,31.3,188.02866653056384,659.0,0.71,10.186540883605474
2026-10-01T12:15:00+05:30,Moneragala_Uva,31.4,207.23655356596146,694.0,0.6,11.334153109453979
2026-10-01T12:30:00+05:30,Moneragala_Uva,31.6,221.68319039748167,744.0,0.51,13.461009372424272
2026-10-01T12:45:00+05:30,Moneragala_Uva,31.9,231.78054750903277,797.0,0.4,16.185564067687977
2026-10-01T13:00:00+05:30,Moneragala_Uva,32.4,238.85630199756426,836.0,0.39,19.25574117769584
2026-10-01T13:15:00+05:30,Moneragala_Uva,32.6,243.96664922142142,852.0,0.66,22.530673147169836
2026-10-01T13:30:00+05:30,Moneragala_Uva,32.5,247.78984204472687,861.0,1.05,25.932883960002258
2026-10-01T13:45:00+05:30,Moneragala_Uva,31.8,250.7454906462176,852.0,1.73,29.418226119738698
2026-10-01T14:00:00+05:30,Moneragala_Uva,30.6,253.0969235009672,809.0,2.57,32.960316096395026
2026-10-01T14:15:00+05:30,Moneragala_Uva,29.3,255.01430472253605,716.0,3.23,36.54263247005976
2026-10-01T14:30:00+05:30,Moneragala_Uva,28.3,256.6111791112553,564.0,3.3,40.15438548906457
2026-10-01T14:45:00+05:30,Moneragala_Uva,27.5,257.9656742759457,401.0,2.42,43.78826603655083
2026-10-01T15:00:00+05:30,Moneragala_Uva,26.8,259.1330795015354,273.0,0.96,47.43916255131511
2026-10-01T15:15:00+05:30,Moneragala_Uva,26.2,260.15352490080056,213.0,0.9,51.10339963965395
2026-10-01T15:30:00+05:30,Moneragala_Uva,25.7,261.0568090290661,205.0,1.91,54.77827067963681
2026-10-01T15:45:00+05:30,Moneragala_Uva,25.3,261.86551956908147,213.0,2.18,58.46173934407166
2026-10-01T16:00:00+05:30,Moneragala_Uva,25.0,262.5971043994101,211.0,2.07,62.15224384151452
2026-10-01T16:15:00+05:30,Moneragala_Uva,24.8,263.26528003700986,182.0,1.93,65.84856654334605
2026-10-01T16:30:00+05:30,Moneragala_Uva,24.6,263.881010807449,139.0,1.73,69.54974299857591
2026-10-01T16:45:00+05:30,Moneragala_Uva,24.4,264.45320438841054,97.0,1.59,73.25499774362699
2026-10-01T17:00:00+05:30,Moneragala_Uva,24.2,264.98921632448025,64.0,1.82,76.96369956753708
2026-10-01T17:15:00+05:30,Moneragala_Uva,24.0,265.49522323075803,45.0,2.48,80.67532757793465
2026-10-01T17:30:00+05:30,Moneragala_Uva,23.9,265.97650512070663,30.0,2.87,84.3894457990214
2026-10-01T17:45:00+05:30,Moneragala_Uva,23.8,266.43766447804484,16.0,2.62,88.10568529271315
2026-10-01T18:00:00+05:30,Moneragala_Uva,23.7,266.88280097805136,2.0,1.98,91.82372906927628
2026-10-01T18:15:00+05:30,Moneragala_Uva,23.6,267.3156561709076,0.0,1.29,95.54330006305696
2026-10-01T18:30:00+05:30,Moneragala_Uva,23.5,267.7397390958425,0.0,0.85,99.2641527804343
2026-10-01T18:45:00+05:30,Moneragala_Uva,23.4,268.15844138554326,0.0,0.74,102.98606495796477
2026-10-01T19:00:00+05:30,Moneragala_Uva,23.4,268.5751501524627,0.0,0.94,106.70883018980385
2026-10-01T19:15:00+05:30,Moneragala_Uva,23.3,268.99336710129853,0.0,1.29,110.43225256001081
2026-10-01T19:30:00+05:30,Moneragala_Uva,23.3,269.41684308511856,0.0,1.47,114.15613983399643
2026-10-01T19:45:00+05:30,Moneragala_Uva,23.3,269.8497405023078,0.0,1.37,117.88029622316402
2026-10-01T20:00:00+05:30,Moneragala_Uva,23.3,270.2968406835382,0.0,1.14,121.60451560595342
2026-10-01T20:15:00+05:30,Moneragala_Uva,23.3,270.7638209645395,0.0,0.89,125.32857138439972
2026-10-01T20:30:00+05:30,Moneragala_Uva,23.3,271.25764026242877,0.0,0.71,129.05220323884674
2026-10-01T20:45:00+05:30,Moneragala_Uva,23.4,271.7870954896659,0.0,0.61,132.77510034031712
2026-10-01T21:00:00+05:30,Moneragala_Uva,23.4,272.36365213152357,0.0,0.62,136.49687481762447
2026-10-01T21:15:00+05:30,Moneragala_Uva,23.4,273.0027291488801,0.0,0.65,140.21702143019212
2026-10-01T21:30:00+05:30,Moneragala_Uva,23.5,273.7257648002451,0.0,0.66,143.93485489828794
2026-10-01T21:45:00+05:30,Moneragala_Uva,23.5,274.5636844813836,0.0,0.61,147.64940270432157
2026-10-01T22:00:00+05:30,Moneragala_Uva,23.5,275.56302508774513,0.0,0.5,151.35921602267283
2026-10-01T22:15:00+05:30,Moneragala_Uva,23.5,276.79742872423424,0.0,0.4,155.06201580960416
2026-10-01T22:30:00+05:30,Moneragala_Uva,23.5,278.39088493843,0.0,0.34,158.7539708431979
2026-10-01T22:45:00+05:30,Moneragala_Uva,23.4,280.5693830499856,0.0,0.28,162.4280800102839
2026-10-01T23:00:00+05:30,Moneragala_Uva,23.4,283.7906908545161,0.0,0.29,166.0700497267614
2026-10-01T23:15:00+05:30,Moneragala_Uva,23.4,289.12849245951384,0.0,0.32,169.64573880040075
2026-10-01T23:30:00+05:30,Moneragala_Uva,23.3,299.6822511806574,0.0,0.3,173.05186807568793
2026-10-01T23:45:00+05:30,Moneragala_Uva,23.3,326.5286413870639,0.0,0.25,175.84759229678673
2026-10-02T00:00:00+05:30,Moneragala_Uva,23.4,22.81000386493264,0.0,0.21,176.24378309991982
2026-10-02T00:15:00+05:30,Moneragala_Uva,23.4,56.5515586118687,0.0,0.14,173.76492207671018
2026-10-02T00:30:00+05:30,Moneragala_Uva,23.4,69.2718945710397,0.0,0.11,170.4322279201008
2026-10-02T00:45:00+05:30,Moneragala_Uva,23.3,75.38015061772052,0.0,0.1,166.88111744043283
2026-10-02T01:00:00+05:30,Moneragala_Uva,23.2,78.94745209918898,0.0,0.18,163.25003408465335
2026-10-02T01:15:00+05:30,Moneragala_Uva,23.1,81.30840543466059,0.0,0.21,159.58170470415075
2026-10-02T01:30:00+05:30,Moneragala_Uva,23.1,83.00934165859906,0.0,0.25,155.89323846628315
2026-10-02T01:45:00+05:30,Moneragala_Uva,23.0,84.31234963320196,0.0,0.25,152.19276573391974
2026-10-02T02:00:00+05:30,Moneragala_Uva,23.0,85.35823932104302,0.0,0.18,148.48463956895034
2026-10-02T02:15:00+05:30,Moneragala_Uva,23.0,86.22931581467361,0.0,0.07,144.77140684384946
2026-10-02T02:30:00+05:30,Moneragala_Uva,23.0,86.97693676028109,0.0,0.0,141.0546655240634
2026-10-02T02:45:00+05:30,Moneragala_Uva,22.9,87.63488048435204,0.0,0.14,137.335476876359
2026-10-02T03:00:00+05:30,Moneragala_Uva,22.8,88.22636044017725,0.0,0.28,133.61458207603638
2026-10-02T03:15:00+05:30,Moneragala_Uva,22.7,88.76794725693009,0.0,0.42,129.89252341343365
2026-10-02T03:30:00+05:30,Moneragala_Uva,22.7,89.27188049711577,0.0,0.53,126.16971454008002
2026-10-02T03:45:00+05:30,Moneragala_Uva,22.6,89.74749348408938,0.0,0.61,122.44648511283714
2026-10-02T04:00:00+05:30,Moneragala_Uva,22.6,90.20212690661066,0.0,0.65,118.72310990187859
2026-10-02T04:15:00+05:30,Moneragala_Uva,22.6,90.64173629618801,0.0,0.72,114.99982718104019
2026-10-02T04:30:00+05:30,Moneragala_Uva,22.6,91.07130997502378,0.0,0.76,111.27685301133904
2026-10-02T04:45:00+05:30,Moneragala_Uva,22.6,91.49516717944175,0.0,0.7,107.55439208669183
2026-10-02T05:00:00+05:30,Moneragala_Uva,22.6,91.91717940990935,0.0,0.6,103.83264500729871
2026-10-02T05:15:00+05:30,Moneragala_Uva,22.7,92.34094219721408,0.0,0.5,100.11181588943626
2026-10-02T05:30:00+05:30,Moneragala_Uva,22.7,92.76991594465812,0.0,0.45,96.39211946099327
2026-10-02T05:45:00+05:30,Moneragala_Uva,22.8,93.20754915456297,0.0,0.57,92.67378667662256
2026-10-02T06:00:00+05:30,Moneragala_Uva,23.0,93.65739379027707,1.0,0.74,88.95707230766294
2026-10-02T06:15:00+05:30,Moneragala_Uva,23.2,94.12322150082508,25.0,0.92,85.24226348778501
2026-10-02T06:30:00+05:30,Moneragala_Uva,23.4,94.60914908512797,61.0,0.94,81.52968826584335
2026-10-02T06:45:00+05:30,Moneragala_Uva,23.7,95.1197816545507,103.0,0.74,77.81972782370892
2026-10-02T07:00:00+05:30,Moneragala_Uva,24.1,95.66038416273545,152.0,0.43,74.11283175526387
2026-10-02T07:15:00+05:30,Moneragala_Uva,24.5,96.23709504711326,204.0,0.11,70.40953612339968
2026-10-02T07:30:00+05:30,Moneragala_Uva,24.9,96.85719992220203,260.0,0.16,66.71048898467346
2026-10-02T07:45:00+05:30,Moneragala_Uva,25.3,97.52949135939105,319.0,0.21,63.016484361175486
2026-10-02T08:00:00+05:30,Moneragala_Uva,25.9,98.26475259442407,378.0,0.22,59.32850681077317
2026-10-02T08:15:00+05:30,Moneragala_Uva,26.4,99.07642056119658,435.0,0.21,55.64779507284384
2026-10-02T08:30:00+05:30,Moneragala_Uva,26.9,99.98151355859318,489.0,0.25,51.97593177631684
2026-10-02T08:45:00+05:30,Moneragala_Uva,27.5,101.00195658223566,538.0,0.41,48.31497114159204
2026-10-02T09:00:00+05:30,Moneragala_Uva,28.0,102.16651529149567,581.0,0.7,44.66762938615695
2026-10-02T09:15:00+05:30,Moneragala_Uva,28.5,103.51368475863615,615.0,1.01,41.03757263807083
2026-10-02T09:30:00+05:30,Moneragala_Uva,29.0,105.09611351447711,639.0,1.16,37.429863375245425
2026-10-02T09:45:00+05:30,Moneragala_Uva,29.4,106.98755859635696,653.0,1.22,33.85167959810528
2026-10-02T10:00:00+05:30,Moneragala_Uva,29.8,109.29412274742901,658.0,1.22,30.313510657814568
2026-10-02T10:15:00+05:30,Moneragala_Uva,30.1,112.17289264429172,655.0,1.2,26.83122200794522
2026-10-02T10:30:00+05:30,Moneragala_Uva,30.4,115.86347306976086,635.0,1.26,23.42977308439589
2026-10-02T10:45:00+05:30,Moneragala_Uva,30.5,120.74136329811466,608.0,1.27,20.15017415308762
2026-10-02T11:00:00+05:30,Moneragala_Uva,30.6,127.40313011828658,593.0,1.32,17.06286034782532
2026-10-02T11:15:00+05:30,Moneragala_Uva,30.6,136.76823061387432,608.0,1.33,14.293008565484755
2026-10-02T11:30:00+05:30,Moneragala_Uva,30.7,150.02818949303662,658.0,1.35,12.061375306378864
2026-10-02T11:45:00+05:30,Moneragala_Uva,31.0,167.8121391971997,722.0,1.44,10.709884329185186
2026-10-02T12:00:00+05:30,Moneragala_Uva,31.3,188.1686126375033,774.0,1.59,10.58134352354024
2026-10-02T12:15:00+05:30,Moneragala_Uva,31.6,206.72035005226041,796.0,1.7,11.71607461410403
2026-10-02T12:30:00+05:30,Moneragala_Uva,31.8,220.8620090589265,807.0,1.76,13.806018993099443
2026-10-02T12:45:00+05:30,Moneragala_Uva,32.0,230.89093733583084,799.0,1.7,16.491929375125935
2026-10-02T13:00:00+05:30,Moneragala_Uva,32.1,237.99610906123868,763.0,1.66,19.5294281059696
2026-10-02T13:15:00+05:30,Moneragala_Uva,32.0,243.16573723387654,687.0,1.72,22.77827688378912
2026-10-02T13:30:00+05:30,Moneragala_Uva,31.4,247.05202324344293,557.0,1.77,26.159831899889305
2026-10-02T13:45:00+05:30,Moneragala_Uva,30.1,250.06584001118304,413.0,1.96,29.628670618730283
2026-10-02T14:00:00+05:30,Moneragala_Uva,28.2,252.46824456454078,296.0,2.64,33.15738984222607
2026-10-02T14:15:00+05:30,Moneragala_Uva,26.4,254.42941166064503,234.0,3.5,36.728713243894674
2026-10-02T14:30:00+05:30,Moneragala_Uva,25.1,256.0636143929485,207.0,3.7,40.33130197647177
2026-10-02T14:45:00+05:30,Moneragala_Uva,24.5,257.4498520145823,203.0,2.9,43.95744630707938
2026-10-02T15:00:00+05:30,Moneragala_Uva,24.4,258.6442291464127,215.0,1.55,47.6017392002859
2026-10-02T15:15:00+05:30,Moneragala_Uva,24.6,259.6875770827985,243.0,1.1,51.26028437701456
2026-10-02T15:30:00+05:30,Moneragala_Uva,24.7,260.61027587282166,298.0,1.88,54.93020777898615
2026-10-02T15:45:00+05:30,Moneragala_Uva,24.9,261.43538699730004,348.0,2.2,58.609344465376346
2026-10-02T16:00:00+05:30,Moneragala_Uva,25.3,262.1807405823924,365.0,2.11,62.29603265476487
2026-10-02T16:15:00+05:30,Moneragala_Uva,25.6,262.8603592332358,334.0,1.86,65.98897615365274
2026-10-02T16:30:00+05:30,Moneragala_Uva,25.8,263.48545028424985,272.0,1.61,69.68714823236452
2026-10-02T16:45:00+05:30,Moneragala_Uva,25.7,264.0651118706986,203.0,1.25,73.38972372144963
2026-10-02T17:00:00+05:30,Moneragala_Uva,25.6,264.6068456241117,140.0,0.76,77.0960315651477
2026-10-02T17:15:00+05:30,Moneragala_Uva,25.3,265.1169360180776,89.0,0.27,80.80551889298168
2026-10-02T17:30:00+05:30,Moneragala_Uva,25.1,265.6007371039452,48.0,0.0,84.51772414724398
2026-10-02T17:45:00+05:30,Moneragala_Uva,24.9,266.06289448771633,17.0,0.0,88.23225811612336
2026-10-02T18:00:00+05:30,Moneragala_Uva,24.7,266.5075216046745,1.0,0.25,91.9487880587104
2026-10-02T18:15:00+05:30,Moneragala_Uva,24.4,266.9383446750203,0.0,0.47,95.66702512780547
2026-10-02T18:30:00+05:30,Moneragala_Uva,24.3,267.3588272870046,0.0,0.58,99.38671566076223
2026-10-02T18:45:00+05:30,Moneragala_Uva,24.2,267.77228304555956,0.0,0.47,103.10763265584274
2026-10-02T19:00:00+05:30,Moneragala_Uva,24.3,268.18198433395423,0.0,0.22,106.82956838329743
2026-10-02T19:15:00+05:30,Moneragala_Uva,24.3,268.59127522213845,0.0,0.07,110.55232918234363
2026-10-02T19:30:00+05:30,Moneragala_Uva,24.4,269.0036971074335,0.0,0.16,114.27572902074272
2026-10-02T19:45:00+05:30,Moneragala_Uva,24.3,269.4231385141014,0.0,0.25,117.99958287867457
2026-10-02T20:00:00+05:30,Moneragala_Uva,24.3,269.85402471620586,0.0,0.39,121.72370093934211
2026-10-02T20:15:00+05:30,Moneragala_Uva,24.2,270.301569603792,0.0,0.6,125.44787988799226
2026-10-02T20:30:00+05:30,Moneragala_Uva,24.2,270.7721250276064,0.0,0.71,129.17189181460606
2026-10-02T20:45:00+05:30,Moneragala_Uva,24.1,271.27368419479984,0.0,0.74,132.8954706423508
2026-10-02T21:00:00+05:30,Moneragala_Uva,24.0,271.81663297382164,0.0,0.67,136.61829049045582
2026-10-02T21:15:00+05:30,Moneragala_Uva,23.9,272.4149131393938,0.0,0.65,140.33993299629648
2026-10-02T21:30:00+05:30,Moneragala_Uva,23.9,273.0878957181254,0.0,0.63,144.05983695396094
2026-10-02T21:45:00+05:30,Moneragala_Uva,23.8,273.8635334927979,0.0,0.65,147.77721172489768
2026-10-02T22:00:00+05:30,Moneragala_Uva,23.7,274.7839474799804,0.0,0.7,151.4908842991803
2026-10-02T22:15:00+05:30,Moneragala_Uva,23.7,275.9159601684944,0.0,0.74,155.19901242339247
2026-10-02T22:30:00+05:30,Moneragala_Uva,23.6,277.3725349486862,0.0,0.74,158.89849591999567
2026-10-02T22:45:00+05:30,Moneragala_Uva,23.6,279.3608801249852,0.0,0.72,162.58364761719704
2026-10-02T23:00:00+05:30,Moneragala_Uva,23.5,282.3051489678617,0.0,0.63,166.2427658150884
2026-10-02T23:15:00+05:30,Moneragala_Uva,23.5,287.2193954107479,0.0,0.57,169.8474753769095
2026-10-02T23:30:00+05:30,Moneragala_Uva,23.4,297.15503856762473,0.0,0.53,173.30904844639713
2026-10-02T23:45:00+05:30,Moneragala_Uva,23.4,324.3219148970038,0.0,0.5,176.21207658160614
2026-10-03T00:00:00+05:30,Moneragala_Uva,23.3,26.526654083018798,0.0,0.51,176.56300068981312
2026-10-03T00:15:00+05:30,Moneragala_Uva,23.3,59.99610761020199,0.0,0.51,173.9039170931922
2026-10-03T00:30:00+05:30,Moneragala_Uva,23.2,71.62885946343499,0.0,0.51,170.49238625214696
2026-10-03T00:45:00+05:30,Moneragala_Uva,23.2,77.11958499783702,0.0,0.56,166.90389470345087
2026-10-03T01:00:00+05:30,Moneragala_Uva,23.2,80.31848488843866,0.0,0.58,163.25191228238697
2026-10-03T01:15:00+05:30,Moneragala_Uva,23.2,82.44016006992496,0.0,0.63,159.5705734006009
2026-10-03T01:30:00+05:30,Moneragala_Uva,23.2,83.97506116470828,0.0,0.63,155.87343291806502
2026-10-03T01:45:00+05:30,Moneragala_Uva,23.2,85.15706966488324,0.0,0.58,152.16691445383447
2026-10-03T02:00:00+05:30,Moneragala_Uva,23.2,86.11148558279979,0.0,0.51,148.45445694178756
2026-10-03T02:15:00+05:30,Moneragala_Uva,23.2,86.91145640988253,0.0,0.4,144.73807622331512
2026-10-03T02:30:00+05:30,Moneragala_Uva,23.2,87.60261293605674,0.0,0.34,141.01904209566683
2026-10-03T02:45:00+05:30,Moneragala_Uva,23.2,88.21498162798144,0.0,0.27,137.29820307533814
2026-10-03T03:00:00+05:30,Moneragala_Uva,23.1,88.76922301622085,0.0,0.22,133.57615717697252
2026-10-03T03:15:00+05:30,Moneragala_Uva,23.1,89.28011579312454,0.0,0.16,129.853347566712
2026-10-03T03:30:00+05:30,Moneragala_Uva,23.1,89.75860928658977,0.0,0.11,126.13011782181283
2026-10-03T03:45:00+05:30,Moneragala_Uva,23.1,90.21308845346283,0.0,0.11,122.40674740847984
2026-10-03T04:00:00+05:30,Moneragala_Uva,23.1,90.65018549834559,0.0,0.11,118.68347499429379
2026-10-03T04:15:00+05:30,Moneragala_Uva,23.1,91.07532035104822,0.0,0.15,114.96051307463034
2026-10-03T04:30:00+05:30,Moneragala_Uva,23.1,91.4930735308975,0.0,0.15,111.23805976569702
2026-10-03T04:45:00+05:30,Moneragala_Uva,23.1,91.90745333354937,0.0,0.16,107.51630799038928
2026-10-03T05:00:00+05:30,Moneragala_Uva,23.0,92.32209565238617,0.0,0.18,103.79545164755933
2026-10-03T05:15:00+05:30,Moneragala_Uva,23.0,92.7404206662186,0.0,0.18,100.07569251500239
2026-10-03T05:30:00+05:30,Moneragala_Uva,23.0,93.16576315383816,0.0,0.18,96.35724693417181
2026-10-03T05:45:00+05:30,Moneragala_Uva,23.1,93.6014885250467,0.0,0.18,92.64035124467412
2026-10-03T06:00:00+05:30,Moneragala_Uva,23.3,94.0511035407232,1.0,0.14,88.92526939764579
2026-10-03T06:15:00+05:30,Moneragala_Uva,23.5,94.51836996006602,23.0,0.14,85.2123017161214
2026-10-03T06:30:00+05:30,Moneragala_Uva,23.8,95.00742922351094,58.0,0.11,81.50179386042905
2026-10-03T06:45:00+05:30,Moneragala_Uva,24.0,95.52294652751152,104.0,0.1,77.79414969082656
2026-10-03T07:00:00+05:30,Moneragala_Uva,24.3,96.0702850084387,156.0,0.11,74.08984745640547
2026-10-03T07:15:00+05:30,Moneragala_Uva,24.6,96.65572397968367,210.0,0.14,70.38945911593345
2026-10-03T07:30:00+05:30,Moneragala_Uva,24.9,97.28673952499264,262.0,0.18,66.69367758787872
2026-10-03T07:45:00+05:30,Moneragala_Uva,25.2,97.97237405670234,313.0,0.22,63.0033530686678
2026-10-03T08:00:00+05:30,Moneragala_Uva,25.6,98.72373352487358,367.0,0.27,59.31954082284416
2026-10-03T08:15:00+05:30,Moneragala_Uva,25.9,99.55466885433339,431.0,0.34,55.64356928117003
2026-10-03T08:30:00+05:30,Moneragala_Uva,26.3,100.48272854739315,507.0,0.38,51.97713598484861
2026-10-03T08:45:00+05:30,Moneragala_Uva,26.8,101.53051763970109,589.0,0.43,48.322444156329155
2026-10-03T09:00:00+05:30,Moneragala_Uva,27.3,102.72767655801454,668.0,0.52,44.68240591299086
2026-10-03T09:15:00+05:30,Moneragala_Uva,27.9,104.11382849835337,731.0,0.59,41.06094900220236
2026-10-03T09:30:00+05:30,Moneragala_Uva,28.5,105.74307607707891,778.0,0.68,37.4634913937981
2026-10-03T09:45:00+05:30,Moneragala_Uva,29.1,107.6910342405846,812.0,0.79,33.897703183579466
2026-10-03T10:00:00+05:30,Moneragala_Uva,29.7,110.0661129231085,838.0,0.89,30.374767922780244
2026-10-03T10:15:00+05:30,Moneragala_Uva,30.3,113.0280421454134,861.0,0.95,26.91154724805174
2026-10-03T10:30:00+05:30,Moneragala_Uva,30.8,116.81874190569124,879.0,1.04,23.53444438587023
2026-10-03T10:45:00+05:30,Moneragala_Uva,31.2,121.8132996568844,888.0,1.09,20.286539462346894
2026-10-03T11:00:00+05:30,Moneragala_Uva,31.6,128.59760902084497,888.0,1.19,17.241028288045513
2026-10-03T11:15:00+05:30,Moneragala_Uva,31.8,138.04933626590838,877.0,1.19,14.52579979826487
2026-10-03T11:30:00+05:30,Moneragala_Uva,31.9,151.2460532818996,853.0,1.23,12.36048511626393
2026-10-03T11:45:00+05:30,Moneragala_Uva,31.7,168.63672964171678,820.0,1.22,11.072559100880866
2026-10-03T12:00:00+05:30,Moneragala_Uva,31.4,188.29165212703148,787.0,1.21,10.97537796491332
2026-10-03T12:15:00+05:30,Moneragala_Uva,30.9,206.23152864246595,759.0,1.2,12.097670610782686
2026-10-03T12:30:00+05:30,Moneragala_Uva,30.4,220.07741254310798,734.0,1.15,14.152226160263268
2026-10-03T12:45:00+05:30,Moneragala_Uva,29.7,230.0315353378133,710.0,1.1,16.80042177800297
2026-10-03T13:00:00+05:30,Moneragala_Uva,29.0,237.1581793085358,684.0,1.07,19.80553176668667
2026-10-03T13:15:00+05:30,Moneragala_Uva,28.2,242.3809674791783,655.0,0.98,23.028233682498495
2026-10-03T13:30:00+05:30,Moneragala_Uva,27.5,246.32607581403116,624.0,0.97,26.388911782841035
2026-10-03T13:45:00+05:30,Moneragala_Uva,26.9,249.3951209988381,592.0,0.94,29.840967789344703
2026-10-03T14:00:00+05:30,Moneragala_Uva,26.3,251.84644662135548,556.0,0.92,33.356024567931
2026-10-03T14:15:00+05:30,Moneragala_Uva,25.7,253.84993752865284,517.0,0.86,36.9160706347878
2026-10-03T14:30:00+05:30,Moneragala_Uva,25.3,255.5204010619559,474.0,0.82,40.509225668380076
2026-10-03T14:45:00+05:30,Moneragala_Uva,25.0,256.93758331593256,430.0,0.74,44.127381378595196
2026-10-03T15:00:00+05:30,Moneragala_Uva,24.7,258.15832291422606,388.0,0.67,47.76483484049162
2026-10-03T15:15:00+05:30,Moneragala_Uva,24.6,259.2240982851489,350.0,0.57,51.41746744055262
2026-10-03T15:30:00+05:30,Moneragala_Uva,24.5,260.1658342785591,316.0,0.42,55.08223587953418
2026-10-03T15:45:00+05:30,Moneragala_Uva,24.4,261.00704071854784,283.0,0.28,58.756844753086426
2026-10-03T16:00:00+05:30,Moneragala_Uva,24.4,261.7659119417675,249.0,0.14,62.43953052427821
2026-10-03T16:15:00+05:30,Moneragala_Uva,24.3,262.456763592897,214.0,0.05,66.1289168002826
2026-10-03T16:30:00+05:30,Moneragala_Uva,24.3,263.09103637891366,181.0,0.18,69.82391307541512
2026-10-03T16:45:00+05:30,Moneragala_Uva,24.3,263.67801162418317,147.0,0.32,73.52364309878695
2026-10-03T17:00:00+05:30,Moneragala_Uva,24.3,264.2253314401434,113.0,0.39,77.22739469914606
2026-10-03T17:15:00+05:30,Moneragala_Uva,24.2,264.7393837224827,78.0,0.46,80.93458183350201
2026-10-03T17:30:00+05:30,Moneragala_Uva,24.2,265.2255929453554,45.0,0.53,84.6447162185996
2026-10-03T17:45:00+05:30,Moneragala_Uva,24.1,265.6886447859416,18.0,0.53,88.35738725213741
2026-10-03T18:00:00+05:30,Moneragala_Uva,24.1,266.13266375284417,2.0,0.57,92.07224532283931
2026-10-03T18:15:00+05:30,Moneragala_Uva,24.0,266.56135825010483,0.0,0.53,95.78898865230701
2026-10-03T18:30:00+05:30,Moneragala_Uva,23.9,266.97814398218895,0.0,0.49,99.50735419489264
2026-10-03T18:45:00+05:30,Moneragala_Uva,23.9,267.38625400158367,0.0,0.42,103.22710889725948
2026-10-03T19:00:00+05:30,Moneragala_Uva,23.8,267.78884318617594,0.0,0.35,106.94804225113612
2026-10-03T19:15:00+05:30,Moneragala_Uva,23.7,268.18909474975874,0.0,0.28,110.66996119619306
2026-10-03T19:30:00+05:30,Moneragala_Uva,23.7,268.59033671513066,0.0,0.21,114.39268397966273
2026-10-03T19:45:00+05:30,Moneragala_Uva,23.6,268.9961787676326,0.0,0.14,118.11603407486945
2026-10-03T20:00:00+05:30,Moneragala_Uva,23.6,269.410683606628,0.0,0.14,121.8398352130143
2026-10-03T20:15:00+05:30,Moneragala_Uva,23.5,269.8385928434393,0.0,0.07,125.56390396364029
2026-10-03T20:30:00+05:30,Moneragala_Uva,23.5,270.28563892668734,0.0,0.07,129.28804055004377
2026-10-03T20:45:00+05:30,Moneragala_Uva,23.4,270.75899360605024,0.0,0.07,133.01201816231008
2026-10-03T21:00:00+05:30,Moneragala_Uva,23.4,271.26793676587096,0.0,0.07,136.73556572803443
2026-10-03T21:15:00+05:30,Moneragala_Uva,23.3,271.82489244469434,0.0,0.14,140.45834213762922
2026-10-03T21:30:00+05:30,Moneragala_Uva,23.2,272.4470995609766,0.0,0.14,144.17989705059895
2026-10-03T21:45:00+05:30,Moneragala_Uva,23.2,273.15942957219636,0.0,0.18,147.89960307806757
2026-10-03T22:00:00+05:30,Moneragala_Uva,23.1,273.9993950631249,0.0,0.21,151.61653594627086
2026-10-03T22:15:00+05:30,Moneragala_Uva,23.0,275.02663384840474,0.0,0.25,155.32924949699787
2026-10-03T22:30:00+05:30,Moneragala_Uva,23.0,276.34232927010373,0.0,0.32,159.0353113008096
2026-10-03T22:45:00+05:30,Moneragala_Uva,22.9,278.1331699904593,0.0,0.39,162.73024693074507
2026-10-03T23:00:00+05:30,Moneragala_Uva,22.9,280.78505275056517,0.0,0.43,166.4047872253618
2026-10-03T23:15:00+05:30,Moneragala_Uva,22.8,285.2373245205182,0.0,0.46,170.03613794375522
2026-10-03T23:30:00+05:30,Moneragala_Uva,22.8,294.4323589363155,0.0,0.5,173.55069966878057
2026-10-03T23:45:00+05:30,Moneragala_Uva,22.7,321.6386355085951,0.0,0.54,176.56833245622306
2026-10-04T00:00:00+05:30,Moneragala_Uva,22.7,30.95051135511204,0.0,0.54,176.86506842112803
2026-10-04T00:15:00+05:30,Moneragala_Uva,22.7,63.575028131303384,0.0,0.58,174.02108811025641
2026-10-04T00:30:00+05:30,Moneragala_Uva,22.6,74.00502365998295,0.0,0.58,170.53778207905907
2026-10-04T00:45:00+05:30,Moneragala_Uva,22.6,78.85910858235673,0.0,0.63,166.91628192006397
2026-10-04T01:00:00+05:30,Moneragala_Uva,22.6,81.68588413486225,0.0,0.63,163.2460780269538
2026-10-04T01:15:00+05:30,Moneragala_Uva,22.6,83.56779559255654,0.0,0.65,159.55350316811115
2026-10-04T01:30:00+05:30,Moneragala_Uva,22.6,84.93693938214733,0.0,0.65,155.8489458911407
2026-10-04T01:45:00+05:30,Moneragala_Uva,22.6,85.99837730455482,0.0,0.65,152.1373220143384
2026-10-04T02:00:00+05:30,Moneragala_Uva,22.5,86.86173547683705,0.0,0.63,148.42126638043078
2026-10-04T02:15:00+05:30,Moneragala_Uva,22.5,87.5909637052763,0.0,0.63,144.702328952093
2026-10-04T02:30:00+05:30,Moneragala_Uva,22.5,88.22596209793153,0.0,0.63,140.98149219585486
2026-10-04T02:45:00+05:30,Moneragala_Uva,22.4,88.79301151560867,0.0,0.63,137.25941870831014
2026-10-04T03:00:00+05:30,Moneragala_Uva,22.4,89.31022770494127,0.0,0.59,133.5365816885801
2026-10-04T03:15:00+05:30,Moneragala_Uva,22.3,89.79060495482588,0.0,0.59,129.81333815314886
2026-10-04T03:30:00+05:30,Moneragala_Uva,22.2,90.24380867470404,0.0,0.54,126.08997105443784
2026-10-04T03:45:00+05:30,Moneragala_Uva,22.2,90.67728055022025,0.0,0.54,122.36671673483114
2026-10-04T04:00:00+05:30,Moneragala_Uva,22.1,91.09694834558928,0.0,0.49,118.64378317284891
2026-10-04T04:15:00+05:30,Moneragala_Uva,22.0,91.50769957441747,0.0,0.49,114.92136132744076
2026-10-04T04:30:00+05:30,Moneragala_Uva,22.0,91.91370945030718,0.0,0.45,111.19963477111912
2026-10-04T04:45:00+05:30,Moneragala_Uva,22.0,92.31867727434081,0.0,0.4,107.47878743830486
2026-10-04T05:00:00+05:30,Moneragala_Uva,22.1,92.72600483144112,0.0,0.4,103.75900886188803
2026-10-04T05:15:00+05:30,Moneragala_Uva,22.1,93.13893807606843,0.0,0.36,100.040500487997
2026-10-04T05:30:00+05:30,Moneragala_Uva,22.3,93.56068697191284,0.0,0.36,96.32348204011262
2026-10-04T05:45:00+05:30,Moneragala_Uva,22.5,93.99453435919423,0.0,0.36,92.60819684730467
2026-10-04T06:00:00+05:30,Moneragala_Uva,22.7,94.44394204555499,1.0,0.34,88.89491953978103
2026-10-04T06:15:00+05:30,Moneragala_Uva,23.0,94.91266186944205,24.0,0.38,85.1839650744694
2026-10-04T06:30:00+05:30,Moneragala_Uva,23.3,95.40485957258596,62.0,0.36,81.47569816417318
2026-10-04T06:45:00+05:30,Moneragala_Uva,23.6,95.92525973259467,110.0,0.36,77.77054682128485
2026-10-04T07:00:00+05:30,Moneragala_Uva,24.0,96.47932250769486,165.0,0.4,74.06901951183339
2026-10-04T07:15:00+05:30,Moneragala_Uva,24.4,97.07346632598842,221.0,0.4,70.37172578858429
2026-10-04T07:30:00+05:30,Moneragala_Uva,24.8,97.71535515842868,275.0,0.4,66.67940532221611
2026-10-04T07:45:00+05:30,Moneragala_Uva,25.2,98.41427751705135,327.0,0.4,62.9929666359526
2026-10-04T08:00:00+05:30,Moneragala_Uva,25.5,99.18165664249233,379.0,0.46,59.31353819640925
2026-10-04T08:15:00+05:30,Moneragala_Uva,25.9,100.03174952140716,435.0,0.47,55.64254106435044
2026-10-04T08:30:00+05:30,Moneragala_Uva,26.4,100.98262310787106,494.0,0.47,51.98179119095732
2026-10-04T08:45:00+05:30,Moneragala_Uva,26.8,102.05754474501066,555.0,0.47,48.333644991343
2026-10-04T09:00:00+05:30,Moneragala_Uva,27.3,103.28700228779962,612.0,0.43,44.70121550558655
2026-10-04T09:15:00+05:30,Moneragala_Uva,27.9,104.71170385279481,663.0,0.41,41.088698058600876
2026-10-04T09:30:00+05:30,Moneragala_Uva,28.4,106.38713597119988,706.0,0.36,37.5018729444779
2026-10-04T09:45:00+05:30,Moneragala_Uva,28.9,108.39065408763707,742.0,0.36,33.94890955323658
2026-10-04T10:00:00+05:30,Moneragala_Uva,29.5,110.83277275469305,773.0,0.32,30.441691476480074
2026-10-04T10:15:00+05:30,Moneragala_Uva,30.1,113.87550573760285,801.0,0.25,26.998076148586087
2026-10-04T10:30:00+05:30,Moneragala_Uva,30.5,117.76243811040075,822.0,0.27,23.645891054493546
2026-10-04T10:45:00+05:30,Moneragala_Uva,30.9,122.86708560016706,839.0,0.25,20.430214433829747
2026-10-04T11:00:00+05:30,Moneragala_Uva,31.2,129.76282290230108,855.0,0.28,17.4267997690294
2026-10-04T11:15:00+05:30,Moneragala_Uva,31.4,139.2839446034302,876.0,0.34,14.76576465416872
2026-10-04T11:30:00+05:30,Moneragala_Uva,31.4,152.3990913083835,906.0,0.47,12.664811589108822
2026-10-04T11:45:00+05:30,Moneragala_Uva,31.3,169.40129360247624,934.0,0.72,11.436893887793815
2026-10-04T12:00:00+05:30,Moneragala_Uva,31.0,188.39916414989324,950.0,1.06,11.368516691977817
2026-10-04T12:15:00+05:30,Moneragala_Uva,30.5,205.76730916255303,943.0,1.41,12.47875330295976
2026-10-04T12:30:00+05:30,Moneragala_Uva,30.1,219.32678481898438,916.0,1.81,14.499333204956471
2026-10-04T12:45:00+05:30,Moneragala_Uva,29.5,229.20088063481717,877.0,2.26,17.110725993606778
2026-10-04T13:00:00+05:30,Moneragala_Uva,28.8,236.34181012593262,830.0,2.76,20.08376437392043
2026-10-04T13:15:00+05:30,Moneragala_Uva,28.2,241.6120253667756,781.0,3.21,23.280290436180167
2026-10-04T13:30:00+05:30,Moneragala_Uva,27.5,245.61187531711892,729.0,3.61,26.619900428016287
2026-10-04T13:45:00+05:30,Moneragala_Uva,27.0,248.73330366079284,673.0,3.91,30.054917930203942
2026-10-04T14:00:00+05:30,Moneragala_Uva,26.4,251.23154805222913,609.0,4.21,33.55603858699538
2026-10-04T14:15:00+05:30,Moneragala_Uva,25.9,253.27592615944445,534.0,4.41,37.104536823268305
2026-10-04T14:30:00+05:30,Moneragala_Uva,25.5,254.981596692015,445.0,4.46,40.68799955745121
2026-10-04T14:45:00+05:30,Moneragala_Uva,25.2,256.4289333245726,357.0,4.35,44.297922815041375
2026-10-04T15:00:00+05:30,Moneragala_Uva,25.1,257.67543020102374,282.0,4.15,47.92830794206717
2026-10-04T15:15:00+05:30,Moneragala_Uva,24.9,258.7631603595449,231.0,3.9,51.574812955023916
2026-10-04T15:30:00+05:30,Moneragala_Uva,24.8,259.7235575998554,198.0,3.55,55.23422380536218
2026-10-04T15:45:00+05:30,Moneragala_Uva,24.8,260.5805551154189,173.0,3.15,58.90411298855853
2026-10-04T16:00:00+05:30,Moneragala_Uva,24.7,261.352693700888,150.0,2.66,62.582613603641846
2026-10-04T16:15:00+05:30,Moneragala_Uva,24.7,262.0545691667238,126.0,2.18,66.2682675391159
2026-10-04T16:30:00+05:30,Moneragala_Uva,24.7,262.6978460695284,104.0,1.76,69.95991910205252
2026-10-04T16:45:00+05:30,Moneragala_Uva,24.7,263.2919817338594,84.0,1.41,73.6566396539809
2026-10-04T17:00:00+05:30,Moneragala_Uva,24.7,263.8447532039474,63.0,1.08,77.35767468421962
2026-10-04T17:15:00+05:30,Moneragala_Uva,24.7,264.36264741310026,43.0,0.89,81.06240382117896
2026-10-04T17:30:00+05:30,Moneragala_Uva,24.6,264.8511556932756,24.0,0.79,84.7703109419856
2026-10-04T17:45:00+05:30,Moneragala_Uva,24.6,265.3150007944238,10.0,0.8,88.48096295749619
2026-10-04T18:00:00+05:30,Moneragala_Uva,24.5,265.75831567174373,1.0,0.81,92.1939922819325
2026-10-04T18:15:00+05:30,Moneragala_Uva,24.5,266.1847884977693,0.0,0.82,95.90908306268156
2026-10-04T18:30:00+05:30,Moneragala_Uva,24.4,266.59778474754467,0.0,0.85,99.62596166377223
2026-10-04T18:45:00+05:30,Moneragala_Uva,24.4,267.0004545046453,0.0,0.87,103.34438766491571
2026-10-04T19:00:00+05:30,Moneragala_Uva,24.4,267.39583250215287,0.0,0.85,107.06414631385069
2026-10-04T19:15:00+05:30,Moneragala_Uva,24.4,267.7869380523723,0.0,0.87,110.78504348160268
2026-10-04T19:30:00+05:30,Moneragala_Uva,24.3,268.1768821140827,0.0,0.83,114.50689974989164
2026-10-04T19:45:00+05:30,Moneragala_Uva,24.3,268.5689908710353,0.0,0.83,118.22954477001448
2026-10-04T20:00:00+05:30,Moneragala_Uva,24.3,268.96695833588853,0.0,0.82,121.95281301349895
2026-10-04T20:15:00+05:30,Moneragala_Uva,24.2,269.37504556223575,0.0,0.82,125.67653745668272
2026-10-04T20:30:00+05:30,Moneragala_Uva,24.2,269.7983540334436,0.0,0.78,129.40054207228224
2026-10-04T20:45:00+05:30,Moneragala_Uva,24.1,270.2432173896735,0.0,0.74,133.12463366847308
2026-10-04T21:00:00+05:30,Moneragala_Uva,24.1,270.7177847705896,0.0,0.74,136.84858854927506
2026-10-04T21:15:00+05:30,Moneragala_Uva,24.0,271.2329243444215,0.0,0.67,140.57213285296396
2026-10-04T21:30:00+05:30,Moneragala_Uva,24.0,271.8036817934722,0.0,0.64,144.29491328109026
2026-10-04T21:45:00+05:30,Moneragala_Uva,23.9,272.45174456408995,0.0,0.57,148.01644603493276
2026-10-04T22:00:00+05:30,Moneragala_Uva,23.9,273.2098343219383,0.0,0.53,151.73602667593696
2026-10-04T22:15:00+05:30,Moneragala_Uva,23.8,274.13005660091653,0.0,0.46,155.45256101327664
2026-10-04T22:30:00+05:30,Moneragala_Uva,23.8,275.3010917714628,0.0,0.39,159.16421404340463
2026-10-04T22:45:00+05:30,Moneragala_Uva,23.7,276.887422649208,0.0,0.32,162.86760691018839
2026-10-04T23:00:00+05:30,Moneragala_Uva,23.7,279.23209612139425,0.0,0.25,166.5557020066023
2026-10-04T23:15:00+05:30,Moneragala_Uva,23.6,283.1842080760046,0.0,0.22,170.21097198323918
2026-10-04T23:30:00+05:30,Moneragala_Uva,23.6,291.5069765005443,0.0,0.16,173.7750712655784
2026-10-04T23:45:00+05:30,Moneragala_Uva,23.5,318.3315613437096,0.0,0.15,176.91373825415445
2026-10-05T00:00:00+05:30,Moneragala_Uva,23.5,36.24222205732099,0.0,0.11,177.14490449308144
2026-10-05T00:15:00+05:30,Moneragala_Uva,23.5,67.26850259289324,0.0,0.11,174.11536567627414
2026-10-05T00:30:00+05:30,Moneragala_Uva,23.4,76.3928194831559,0.0,0.14,170.56838323367995
2026-10-05T00:45:00+05:30,Moneragala_Uva,23.4,80.59566028232086,0.0,0.18,166.9184047804177
2026-10-05T01:00:00+05:30,Moneragala_Uva,23.4,83.04814296115421,0.0,0.22,163.2326794294342
2026-10-05T01:15:00+05:30,Moneragala_Uva,23.4,84.69044573602167,0.0,0.22,159.53063887675194
2026-10-05T01:30:00+05:30,Moneragala_Uva,23.4,85.89441616317879,0.0,0.27,155.8199143829097
2026-10-05T01:45:00+05:30,Moneragala_Uva,23.4,86.8358761369289,0.0,0.27,152.10411756496646
2026-10-05T02:00:00+05:30,Moneragala_Uva,23.3,87.60868808045859,0.0,0.27,148.3851901801687
2026-10-05T02:15:00+05:30,Moneragala_Uva,23.3,88.26759636027964,0.0,0.27,144.66428152377063
2026-10-05T02:30:00+05:30,Moneragala_Uva,23.3,88.84678211015068,0.0,0.29,140.94212741241546
2026-10-05T02:45:00+05:30,Moneragala_Uva,23.2,89.36879490747077,0.0,0.32,137.21923118095737
2026-10-05T03:00:00+05:30,Moneragala_Uva,23.2,89.84921832291707,0.0,0.32,133.49595940362903
2026-10-05T03:15:00+05:30,Moneragala_Uva,23.1,90.29927238510544,0.0,0.38,129.7725957972098
2026-10-05T03:30:00+05:30,Moneragala_Uva,23.1,90.72734649365594,0.0,0.41,126.04937204188073
2026-10-05T03:45:00+05:30,Moneragala_Uva,23.0,91.13994516631351,0.0,0.5,122.32648834612019
2026-10-05T04:00:00+05:30,Moneragala_Uva,22.9,91.542296427608,0.0,0.6,118.6041273533877
2026-10-05T04:15:00+05:30,Moneragala_Uva,22.9,91.9387589982091,0.0,0.66,114.8824626806099
2026-10-05T04:30:00+05:30,Moneragala_Uva,22.9,92.33310557936937,0.0,0.76,111.16166671367534
2026-10-05T04:45:00+05:30,Moneragala_Uva,22.9,92.72872862345355,0.0,0.82,107.44191715186707
2026-10-05T05:00:00+05:30,Moneragala_Uva,22.9,93.12879743887356,0.0,0.89,103.72340146757652
2026-10-05T05:15:00+05:30,Moneragala_Uva,23.0,93.53638496761545,0.0,0.95,100.00632275527728
2026-10-05T05:30:00+05:30,Moneragala_Uva,23.1,93.95457721370809,0.0,0.97,96.29090586530373
2026-10-05T05:45:00+05:30,Moneragala_Uva,23.3,94.38657498527806,0.0,0.97,92.57740269668116
2026-10-05T06:00:00+05:30,Moneragala_Uva,23.5,94.83579537216201,1.0,0.92,88.86610003513749
2026-10-05T06:15:00+05:30,Moneragala_Uva,23.8,95.30598021972452,25.0,0.83,85.15732889201666
2026-10-05T06:30:00+05:30,Moneragala_Uva,24.0,95.8013191612634,64.0,0.78,81.45147444048364
2026-10-05T06:45:00+05:30,Moneragala_Uva,24.3,96.3265953481411,113.0,0.69,77.74899029101715
2026-10-05T07:00:00+05:30,Moneragala_Uva,24.6,96.88736465780198,170.0,0.61,74.05041664899738
2026-10-05T07:15:00+05:30,Moneragala_Uva,25.0,97.49018268132289,227.0,0.5,70.35640231093083
2026-10-05T07:30:00+05:30,Moneragala_Uva,25.3,98.14289844155292,282.0,0.42,66.66773553078066
2026-10-05T07:45:00+05:30,Moneragala_Uva,25.7,98.85504247316231,336.0,0.39,62.98538523326422
2026-10-05T08:00:00+05:30,Moneragala_Uva,26.0,99.63834943600807,391.0,0.29,59.310555482195284
2026-10-05T08:15:00+05:30,Moneragala_Uva,26.4,100.50747385114266,449.0,0.27,55.64476276476137
2026-10-05T08:30:00+05:30,Moneragala_Uva,26.8,101.48098856417096,509.0,0.27,51.98994474666673
2026-10-05T08:45:00+05:30,Moneragala_Uva,27.3,102.58280439323323,570.0,0.27,48.34861495284176
2026-10-05T09:00:00+05:30,Moneragala_Uva,27.7,103.84422778015733,629.0,0.32,44.724091969903235
2026-10-05T09:15:00+05:30,Moneragala_Uva,28.2,105.30700651599352,681.0,0.34,41.120844055570146
2026-10-05T09:30:00+05:30,Moneragala_Uva,28.6,107.02793815399878,727.0,0.4,37.54501973638066
2026-10-05T09:45:00+05:30,Moneragala_Uva,29.1,109.0859978345967,767.0,0.47,34.00529343261488
2026-10-05T10:00:00+05:30,Moneragala_Uva,29.6,111.59359875455652,803.0,0.57,30.514252248725946
2026-10-05T10:15:00+05:30,Moneragala_Uva,30.1,114.71467843492405,838.0,0.64,27.090745129525587
2026-10-05T10:30:00+05:30,Moneragala_Uva,30.6,118.69385041222614,874.0,0.71,23.763997940194656
2026-10-05T10:45:00+05:30,Moneragala_Uva,31.0,123.9019621311387,905.0,0.74,20.58100580835479
2026-10-05T11:00:00+05:30,Moneragala_Uva,31.4,130.89824140925975,920.0,0.85,17.619867367229773
2026-10-05T11:15:00+05:30,Moneragala_Uva,31.8,140.47260412902494,908.0,0.85,15.01245732649592
2026-10-05T11:30:00+05:30,Moneragala_Uva,32.0,153.49041978225682,865.0,0.92,12.973843136519704
2026-10-05T11:45:00+05:30,Moneragala_Uva,32.0,170.11069974793872,806.0,0.96,11.802547044729138
2026-10-05T12:00:00+05:30,Moneragala_Uva,31.8,188.49236935404488,751.0,1.03,11.760632000365973
2026-10-05T12:15:00+05:30,Moneragala_Uva,31.6,205.32525369140222,719.0,1.07,12.859143125648814
2026-10-05T12:30:00+05:30,Moneragala_Uva,31.4,218.60772832242185,703.0,1.08,14.847059411989335
2026-10-05T12:45:00+05:30,Moneragala_Uva,31.1,228.39758160403198,694.0,1.05,17.422540709905206
2026-10-05T13:00:00+05:30,Moneragala_Uva,30.9,235.5463111110969,684.0,0.99,20.363847507252856
2026-10-05T13:15:00+05:30,Moneragala_Uva,30.6,240.85859323359517,666.0,0.89,23.534200362232
2026-10-05T13:30:00+05:30,Moneragala_Uva,30.2,244.90929192224073,644.0,0.83,26.852579330471286
2026-10-05T13:45:00+05:30,Moneragala_Uva,29.9,248.0803536407675,620.0,0.76,30.270325200603132
2026-10-05T14:00:00+05:30,Moneragala_Uva,29.5,250.62356433369195,593.0,0.68,33.757253712321095
2026-10-05T14:15:00+05:30,Moneragala_Uva,29.1,252.70741980916682,564.0,0.62,37.29394737324426
2026-10-05T14:30:00+05:30,Moneragala_Uva,28.7,254.44725832017795,533.0,0.55,40.867470037289095
2026-10-05T14:45:00+05:30,Moneragala_Uva,28.3,255.92396743403714,500.0,0.5,44.468925665023455
2026-10-05T15:00:00+05:30,Moneragala_Uva,27.8,257.19562124578954,465.0,0.46,48.09202058331515
2026-10-05T15:15:00+05:30,Moneragala_Uva,27.4,258.3048364550261,429.0,0.45,51.73218879746743
2026-10-05T15:30:00+05:30,Moneragala_Uva,27.0,259.2835208426132,392.0,0.43,55.38604428725799
2026-10-05T15:45:00+05:30,Moneragala_Uva,26.6,260.15600650771313,354.0,0.42,59.05102601871529
2026-10-05T16:00:00+05:30,Moneragala_Uva,26.2,260.941163256214,313.0,0.47,62.725162271076
2026-10-05T16:15:00+05:30,Moneragala_Uva,25.8,261.6538543818674,271.0,0.49,66.40691181225603
2026-10-05T16:30:00+05:30,Moneragala_Uva,25.4,262.30595889295955,229.0,0.52,70.09505243734486
2026-10-05T16:45:00+05:30,Moneragala_Uva,25.1,262.90710301258815,187.0,0.56,73.78860187668356
2026-10-05T17:00:00+05:30,Moneragala_Uva,24.8,263.4651932385996,143.0,0.55,77.48676210893905
2026-10-05T17:15:00+05:30,Moneragala_Uva,24.6,263.9868112150907,97.0,0.6,81.18887731591816
2026-10-05T17:30:00+05:30,Moneragala_Uva,24.4,264.47751162199427,54.0,0.6,84.89440245092175
2026-10-05T17:45:00+05:30,Moneragala_Uva,24.2,264.9420513412563,20.0,0.6,88.60288086268831
2026-10-05T18:00:00+05:30,Moneragala_Uva,24.1,265.3845692127562,1.0,0.6,92.31392590168724
2026-10-05T18:15:00+05:30,Moneragala_Uva,23.9,265.8087308390909,0.0,0.56,96.02720651247974
2026-10-05T18:30:00+05:30,Moneragala_Uva,23.8,266.2178492127357,0.0,0.56,99.74243726246345
2026-10-05T18:45:00+05:30,Moneragala_Uva,23.7,266.6149891476032,0.0,0.56,103.45936904995153
2026-10-05T19:00:00+05:30,Moneragala_Uva,23.7,267.0030627388008,0.0,0.51,107.17778140840605
2026-10-05T19:15:00+05:30,Moneragala_Uva,23.6,267.38492253933777,0.0,0.51,110.89747745818059
2026-10-05T19:30:00+05:30,Moneragala_Uva,23.6,267.76345899893965,0.0,0.46,114.61827814992463
2026-10-05T19:45:00+05:30,Moneragala_Uva,23.5,268.14171046031316,0.0,0.41,118.34001696601173
2026-10-05T20:00:00+05:30,Moneragala_Uva,23.5,268.5229965719659,0.0,0.38,122.06253626251822
2026-10-05T20:15:00+05:30,Moneragala_Uva,23.5,268.9110901467199,0.0,0.34,125.78568188096986
2026-10-05T20:30:00+05:30,Moneragala_Uva,23.5,269.31045097194146,0.0,0.29,129.5092970553436
2026-10-05T20:45:00+05:30,Moneragala_Uva,23.5,269.7265591187577,0.0,0.25,133.23321641523745
2026-10-05T21:00:00+05:30,Moneragala_Uva,23.5,270.1664099751387,0.0,0.21,136.9572559844318
2026-10-05T21:15:00+05:30,Moneragala_Uva,23.5,270.6392803626989,0.0,0.16,140.68119879141756
2026-10-05T21:30:00+05:30,Moneragala_Uva,23.5,271.15796577128606,0.0,0.15,144.40477418814254
2026-10-05T21:45:00+05:30,Moneragala_Uva,23.5,271.74087376424404,0.0,0.16,148.12762134638334
2026-10-05T22:00:00+05:30,Moneragala_Uva,23.5,272.4157642477367,0.0,0.18,151.84922505542698
2026-10-05T22:15:00+05:30,Moneragala_Uva,23.5,273.22688380284006,0.0,0.21,155.56879571879307
2026-10-05T22:30:00+05:30,Moneragala_Uva,23.5,274.2497264892172,0.0,0.25,159.2850187128239
2026-10-05T22:45:00+05:30,Moneragala_Uva,23.5,275.62496020875017,0.0,0.29,162.99547804191798
2026-10-05T23:00:00+05:30,Moneragala_Uva,23.4,277.6483229807126,0.0,0.34,166.6951250387537
2026-10-05T23:15:00+05:30,Moneragala_Uva,23.4,281.0630186772922,0.0,0.34,170.37124900058103
2026-10-05T23:30:00+05:30,Moneragala_Uva,23.4,288.37534778491505,0.0,0.38,173.98032503741013
2026-10-05T23:45:00+05:30,Moneragala_Uva,23.3,314.1989393351595,0.0,0.43,177.2445343250048
2026-10-06T00:00:00+05:30,Moneragala_Uva,23.3,42.5743708562087,0.0,0.43,177.39579736376896
2026-10-06T00:15:00+05:30,Moneragala_Uva,23.2,71.05193975670147,0.0,0.47,174.1858974599704
2026-10-06T00:30:00+05:30,Moneragala_Uva,23.1,78.78450656708753,0.0,0.47,170.5842394110348
2026-10-06T00:45:00+05:30,Moneragala_Uva,23.0,82.32623595741671,0.0,0.52,166.91042076909136
2026-10-06T01:00:00+05:30,Moneragala_Uva,22.9,84.40380125403158,0.0,0.52,163.21187885317846
2026-10-06T01:15:00+05:30,Moneragala_Uva,22.8,85.80727377891003,0.0,0.57,159.50213216629194
2026-10-06T01:30:00+05:30,Moneragala_Uva,22.7,86.84694989773419,0.0,0.57,155.78647839186846
2026-10-06T01:45:00+05:30,Moneragala_Uva,22.6,87.66918165459617,0.0,0.57,152.06743109782985
2026-10-06T02:00:00+05:30,Moneragala_Uva,22.5,88.35205028783895,0.0,0.63,148.34635010738847
2026-10-06T02:15:00+05:30,Moneragala_Uva,22.5,88.94111822725569,0.0,0.63,144.62404895584817
2026-10-06T02:30:00+05:30,Moneragala_Uva,22.4,89.46487427937853,0.0,0.63,140.90105716460016
2026-10-06T02:45:00+05:30,Moneragala_Uva,22.3,89.94215879688403,0.0,0.63,137.17774519200435
2026-10-06T03:00:00+05:30,Moneragala_Uva,22.2,90.38604005715001,0.0,0.68,133.45439097127831
2026-10-06T03:15:00+05:30,Moneragala_Uva,22.2,90.80597646398263,0.0,0.67,129.73121761270468
2026-10-06T03:30:00+05:30,Moneragala_Uva,22.1,91.20909083492398,0.0,0.67,126.0084147593159
2026-10-06T03:45:00+05:30,Moneragala_Uva,22.1,91.60095758348893,0.0,0.67,122.28615338727522
2026-10-06T04:00:00+05:30,Moneragala_Uva,22.1,91.98611032109085,0.0,0.72,118.56459608571627
2026-10-06T04:15:00+05:30,Moneragala_Uva,22.1,92.36838301505747,0.0,0.71,114.84390326836873
2026-10-06T04:30:00+05:30,Moneragala_Uva,22.1,92.75114892811206,0.0,0.71,111.12423944986129
2026-10-06T04:45:00+05:30,Moneragala_Uva,22.2,93.137495999478,0.0,0.7,107.40577880781088
2026-10-06T05:00:00+05:30,Moneragala_Uva,22.3,93.53036281841389,0.0,0.7,103.68870902779761
2026-10-06T05:15:00+05:30,Moneragala_Uva,22.4,93.93265060475153,0.0,0.7,99.97323680344911
2026-10-06T05:30:00+05:30,Moneragala_Uva,22.6,94.34732229999878,0.0,0.7,96.25959383104966
2026-10-06T05:45:00+05:30,Moneragala_Uva,22.8,94.7774972289078,0.0,0.71,92.54804213517305
2026-10-06T06:00:00+05:30,Moneragala_Uva,23.0,95.22654798320366,2.0,0.73,88.83888210456118
2026-10-06T06:15:00+05:30,Moneragala_Uva,23.3,95.69820630005518,31.0,0.74,85.13246219775209
2026-10-06T06:30:00+05:30,Moneragala_Uva,23.7,96.1966852231547,76.0,0.78,81.4291894287808
2026-10-06T06:45:00+05:30,Moneragala_Uva,24.1,96.72682556753142,133.0,0.83,77.72954441468082
2026-10-06T07:00:00+05:30,Moneragala_Uva,24.5,97.29427748607247,198.0,0.85,74.03410058121557
2026-10-06T07:15:00+05:30,Moneragala_Uva,25.0,97.90573159279188,262.0,0.88,70.34354756684264
2026-10-06T07:30:00+05:30,Moneragala_Uva,25.4,98.56921887788627,324.0,0.96,66.65872397643426
2026-10-06T07:45:00+05:30,Moneragala_Uva,25.9,99.29450749271325,382.0,1.04,62.980661128833034
2026-10-06T08:00:00+05:30,Moneragala_Uva,26.4,100.09363721090062,438.0,1.17,59.310640966625314
2026-10-06T08:15:00+05:30,Moneragala_Uva,26.9,100.98165098102993,493.0,1.27,55.65027805605767
2026-10-06T08:30:00+05:30,Moneragala_Uva,27.4,101.97761420577524,545.0,1.37,52.00163487669938
2026-10-06T08:45:00+05:30,Moneragala_Uva,27.9,103.10606130477186,593.0,1.46,48.36738569114252
2026-10-06T09:00:00+05:30,Moneragala_Uva,28.4,104.39908706559368,638.0,1.53,44.751058837084294
2026-10-06T09:15:00+05:30,Moneragala_Uva,28.9,105.89943184583143,681.0,1.61,41.15740023792862
2026-10-06T09:30:00+05:30,Moneragala_Uva,29.3,107.66512893823409,719.0,1.71,37.592931612540944
2026-10-06T09:45:00+05:30,Moneragala_Uva,29.7,109.77664961092813,754.0,1.81,34.06683666465284
2026-10-06T10:00:00+05:30,Moneragala_Uva,30.1,112.34809754429773,785.0,1.84,30.592407112803237
2026-10-06T10:15:00+05:30,Moneragala_Uva,30.5,115.54497599571795,812.0,1.89,27.18947531900715
2026-10-06T10:30:00+05:30,Moneragala_Uva,30.8,119.61230832997109,837.0,1.94,23.888633656940797
2026-10-06T10:45:00+05:30,Moneragala_Uva,31.0,124.91724746119132,856.0,1.99,20.73870453216476
2026-10-06T11:00:00+05:30,Moneragala_Uva,31.2,132.00346606915252,869.0,1.99,17.819912569188034
2026-10-06T11:15:00+05:30,Moneragala_Uva,31.4,141.61601657367976,873.0,1.99,15.265435038741401
2026-10-06T11:30:00+05:30,Moneragala_Uva,31.4,154.52308803230096,865.0,1.94,13.287092912087019
2026-10-06T11:45:00+05:30,Moneragala_Uva,31.4,170.76933514374446,851.0,1.89,12.169200041286373
2026-10-06T12:00:00+05:30,Moneragala_Uva,31.4,188.57235453013234,835.0,1.8,12.151596649047704
2026-10-06T12:15:00+05:30,Moneragala_Uva,31.2,204.90321806110865,823.0,1.71,13.238668148125043
2026-10-06T12:30:00+05:30,Moneragala_Uva,31.1,217.91804480920874,812.0,1.57,15.195139808850485
2026-10-06T12:45:00+05:30,Moneragala_Uva,30.9,227.62031439539007,801.0,1.44,17.735578149249278
2026-10-06T13:00:00+05:30,Moneragala_Uva,30.6,234.77100532285974,787.0,1.3,20.645512181585815
2026-10-06T13:15:00+05:30,Moneragala_Uva,30.3,240.12035103211684,768.0,1.14,23.78972324712298
2026-10-06T13:30:00+05:30,Moneragala_Uva,29.9,244.21819039662935,746.0,1.0,27.086734932501493
2026-10-06T13:45:00+05:30,Moneragala_Uva,29.6,247.4362317361984,720.0,0.88,30.486997872229523
2026-10-06T14:00:00+05:30,Moneragala_Uva,29.2,250.02250737600994,691.0,0.78,33.959495478716974
2026-10-06T14:15:00+05:30,Moneragala_Uva,28.8,252.14445838549207,660.0,0.72,37.48414142333882
2026-10-06T14:30:00+05:30,Moneragala_Uva,28.4,253.91744162496414,625.0,0.76,41.04748706181472
2026-10-06T14:45:00+05:30,Moneragala_Uva,28.0,255.42275044960272,589.0,0.87,44.640248599943604
2026-10-06T15:00:00+05:30,Moneragala_Uva,27.5,256.7189662929535,549.0,0.97,48.25583856907993
2026-10-06T15:15:00+05:30,Moneragala_Uva,27.1,257.8492001876394,507.0,1.17,51.889466698797705
2026-10-06T15:30:00+05:30,Moneragala_Uva,26.7,258.8457998441678,464.0,1.31,55.537574047733074
2026-10-06T15:45:00+05:30,Moneragala_Uva,26.3,259.7334723420696,419.0,1.5,59.1974648288536
2026-10-06T16:00:00+05:30,Moneragala_Uva,25.9,260.5313993773826,371.0,1.66,62.86706119629534
2026-10-06T16:15:00+05:30,Moneragala_Uva,25.5,261.2546992495833,321.0,1.86,66.54473750575747
2026-10-06T16:30:00+05:30,Moneragala_Uva,25.1,261.9154561571355,271.0,1.99,70.22920380229866
2026-10-06T16:45:00+05:30,Moneragala_Uva,24.8,262.52345821669513,220.0,2.12,73.91942300856587
2026-10-06T17:00:00+05:30,Moneragala_Uva,24.6,263.08673597461745,168.0,2.24,77.61455247054576
2026-10-06T17:15:00+05:30,Moneragala_Uva,24.3,263.6119615226279,115.0,2.33,81.31389984561639
2026-10-06T17:30:00+05:30,Moneragala_Uva,24.1,264.1047494385902,65.0,2.37,85.01689010686611
2026-10-06T17:45:00+05:30,Moneragala_Uva,24.0,264.5698878586204,24.0,2.42,88.72304199192949
2026-10-06T18:00:00+05:30,Moneragala_Uva,23.8,265.01151901492676,1.0,2.42,92.43194871522849
2026-10-06T18:15:00+05:30,Moneragala_Uva,23.7,265.4332836828507,0.0,2.4,96.14326289840633
2026-10-06T18:30:00+05:30,Moneragala_Uva,23.6,265.8384402181348,0.0,2.4,99.85668611516832
2026-10-06T18:45:00+05:30,Moneragala_Uva,23.6,266.22996598656005,0.0,2.33,103.57195926954573
2026-10-06T19:00:00+05:30,Moneragala_Uva,23.5,266.61064810661316,0.0,2.33,107.2888547076344
2026-10-06T19:15:00+05:30,Moneragala_Uva,23.5,266.98316971248124,0.0,2.22,111.00717110704099
2026-10-06T19:30:00+05:30,Moneragala_Uva,23.4,267.35019755811425,0.0,2.15,114.72672780398881
2026-10-06T19:45:00+05:30,Moneragala_Uva,23.4,267.71447814833624,0.0,2.04,118.44735974121647
2026-10-06T20:00:00+05:30,Moneragala_Uva,23.4,268.0789515513229,0.0,1.93,122.16891426339035
2026-10-06T20:15:00+05:30,Moneragala_Uva,23.4,268.44689528926364,0.0,1.82,125.89124647280073
2026-10-06T20:30:00+05:30,Moneragala_Uva,23.4,268.82211761211835,0.0,1.71,129.61421429054096
2026-10-06T20:45:00+05:30,Moneragala_Uva,23.4,269.2092308408746,0.0,1.6,133.337674238121
2026-10-06T21:00:00+05:30,Moneragala_Uva,23.4,269.61405549522016,0.0,1.49,137.06147420063002
2026-10-06T21:15:00+05:30,Moneragala_Uva,23.5,270.04424445976247,0.0,1.33,140.7854434205121
2026-10-06T21:30:00+05:30,Moneragala_Uva,23.5,270.5102906483737,0.0,1.22,144.5093789913137
2026-10-06T21:45:00+05:30,Moneragala_Uva,23.5,271.02723343580425,0.0,1.11,148.23302156178306
2026-10-06T22:00:00+05:30,Moneragala_Uva,23.5,271.61771329819703,0.0,1.0,151.95601297070897
2026-09-29T22:15:00+05:30,Galle_Southern,26.6,276.40090259444577,0.0,1.76,153.75290287985536
2026-09-29T22:30:00+05:30,Galle_Southern,26.6,277.80360710250966,0.0,1.85,157.45492489603797
2026-09-29T22:45:00+05:30,Galle_Southern,26.6,279.68895318714794,0.0,1.88,161.1424613386855
2026-09-29T23:00:00+05:30,Galle_Southern,26.6,282.4054905274939,0.0,1.87,164.8048477214948
2026-09-29T23:15:00+05:30,Galle_Southern,26.6,286.7270470238497,0.0,1.86,168.41808332642375
2026-09-29T23:30:00+05:30,Galle_Southern,26.5,294.72402152652035,0.0,1.86,171.91586850515174
2026-09-29T23:45:00+05:30,Galle_Southern,26.5,313.4752418748835,0.0,1.81,175.04711274254083
2026-09-30T00:00:00+05:30,Galle_Southern,26.4,2.5965681178587943,0.0,1.77,176.58311290133338
2026-09-30T00:15:00+05:30,Galle_Southern,26.3,48.96236725107474,0.0,1.74,174.8245603737478
2026-09-30T00:30:00+05:30,Galle_Southern,26.3,66.28589239279319,0.0,1.68,171.64174029394889
2026-09-30T00:45:00+05:30,Galle_Southern,26.2,73.83966313018936,0.0,1.66,168.12988339366865
2026-09-30T01:00:00+05:30,Galle_Southern,26.1,77.98359466811428,0.0,1.65,164.5112778428413
2026-09-30T01:15:00+05:30,Galle_Southern,26.0,80.61378410532336,0.0,1.67,160.84640571221968
2026-09-30T01:30:00+05:30,Galle_Southern,25.9,82.451525569088,0.0,1.66,157.15760475160846
2026-09-30T01:45:00+05:30,Galle_Southern,25.8,83.82573205220882,0.0,1.63,153.4549328044111
2026-09-30T02:00:00+05:30,Galle_Southern,25.8,84.90677964838466,0.0,1.59,149.74356967528308
2026-09-30T02:15:00+05:30,Galle_Southern,25.7,85.7915436905945,0.0,1.52,146.0264556289253
2026-09-30T02:30:00+05:30,Galle_Southern,25.7,86.53916646197683,0.0,1.52,142.3053890668758
2026-09-30T02:45:00+05:30,Galle_Southern,25.7,87.1878479750182,0.0,1.56,138.58153707982154
2026-09-30T03:00:00+05:30,Galle_Southern,25.7,87.76343037863751,0.0,1.67,134.85569639455093
2026-09-30T03:15:00+05:30,Galle_Southern,25.7,88.28409719513286,0.0,1.78,131.12843612823195
2026-09-30T03:30:00+05:30,Galle_Southern,25.7,88.76309427920643,0.0,1.84,127.40017912267598
2026-09-30T03:45:00+05:30,Galle_Southern,25.6,89.21038116241556,0.0,1.9,123.67125251735959
2026-09-30T04:00:00+05:30,Galle_Southern,25.6,89.63367514700872,0.0,2.07,119.94192008481963
2026-09-30T04:15:00+05:30,Galle_Southern,25.5,90.03913619593453,0.0,2.33,116.21240233021156
2026-09-30T04:30:00+05:30,Galle_Southern,25.5,90.43183160444346,0.0,2.6,112.48289158907035
2026-09-30T04:45:00+05:30,Galle_Southern,25.5,90.81606226624922,0.0,2.76,108.75356310012455
2026-09-30T05:00:00+05:30,Galle_Southern,25.4,91.19560033062231,0.0,2.89,105.02458208192816
2026-09-30T05:15:00+05:30,Galle_Southern,25.4,91.5738693062745,0.0,2.96,101.29611079959392
2026-09-30T05:30:00+05:30,Galle_Southern,25.5,91.95408741440264,0.0,3.04,97.56831479658959
2026-09-30T05:45:00+05:30,Galle_Southern,25.5,92.33938860812356,0.0,3.0,93.84136729300843
2026-09-30T06:00:00+05:30,Galle_Southern,25.6,92.73293149137379,0.0,2.91,90.1154551678617
2026-09-30T06:15:00+05:30,Galle_Southern,25.7,93.13800478161909,11.0,2.82,86.39078540392354
2026-09-30T06:30:00+05:30,Galle_Southern,25.8,93.55813713892371,40.0,2.78,82.66759091502622
2026-09-30T06:45:00+05:30,Galle_Southern,25.9,93.99721885292564,77.0,2.84,78.94613922743525
2026-09-30T07:00:00+05:30,Galle_Southern,26.1,94.45964444007711,122.0,2.98,75.22674312763289
2026-09-30T07:15:00+05:30,Galle_Southern,26.3,94.9504874780182,173.0,3.15,71.50977259889312
2026-09-30T07:30:00+05:30,Galle_Southern,26.6,95.47572218500073,233.0,3.3,67.79567218194376
2026-09-30T07:45:00+05:30,Galle_Southern,26.8,96.04251265633616,299.0,3.43,64.08498389639617
2026-09-30T08:00:00+05:30,Galle_Southern,27.2,96.659600030035,366.0,3.52,60.37837664111667
2026-09-30T08:15:00+05:30,Galle_Southern,27.5,97.33783184305713,428.0,3.65,56.67668868029805
2026-09-30T08:30:00+05:30,Galle_Southern,27.7,98.0909019192564,483.0,3.8,52.98098731316844
2026-09-30T08:45:00+05:30,Galle_Southern,28.0,98.93640782195894,530.0,3.99,49.29265306670238
2026-09-30T09:00:00+05:30,Galle_Southern,28.2,99.89739676268186,572.0,4.24,45.61350573758533
2026-09-30T09:15:00+05:30,Galle_Southern,28.3,101.00468333219379,612.0,4.43,41.94599479361493
2026-09-30T09:30:00+05:30,Galle_Southern,28.5,102.30042164089139,644.0,4.63,38.293494206968
2026-09-30T09:45:00+05:30,Galle_Southern,28.6,103.84377890737267,669.0,4.76,34.66077930809351
2026-09-30T10:00:00+05:30,Galle_Southern,28.6,105.72025353157636,692.0,4.89,31.054823920875428
2026-09-30T10:15:00+05:30,Galle_Southern,28.7,108.05754509066225,715.0,4.98,27.48619043588051
2026-09-30T10:30:00+05:30,Galle_Southern,28.7,111.05362085425992,736.0,5.02,23.971581133286648
2026-09-30T10:45:00+05:30,Galle_Southern,28.8,115.02810372882612,755.0,5.02,20.53877723409373
2026-09-30T11:00:00+05:30,Galle_Southern,28.9,120.51803791386828,773.0,4.99,17.23675198108478
2026-09-30T11:15:00+05:30,Galle_Southern,29.0,128.44834113423508,792.0,4.97,14.15733789155307
2026-09-30T11:30:00+05:30,Galle_Southern,29.1,140.34911579156721,813.0,4.99,11.481104655894129
2026-09-30T11:45:00+05:30,Galle_Southern,29.2,158.09009881680527,833.0,5.1,9.553150150506298
2026-09-30T12:00:00+05:30,Galle_Southern,29.3,181.2700912234724,847.0,5.3,8.875314549451176
2026-09-30T12:15:00+05:30,Galle_Southern,29.4,204.0489358287782,848.0,5.44,9.712952269178558
2026-09-30T12:30:00+05:30,Galle_Southern,29.4,221.0868784787968,836.0,5.54,11.746203521799032
2026-09-30T12:45:00+05:30,Galle_Southern,29.4,232.4570645976129,819.0,5.54,14.479866515109094
2026-09-30T13:00:00+05:30,Galle_Southern,29.3,240.05665302139977,802.0,5.48,17.59035921679782
2026-09-30T13:15:00+05:30,Galle_Southern,29.2,245.3432361299152,795.0,5.43,20.9101729335391
2026-09-30T13:30:00+05:30,Galle_Southern,29.1,249.18819201658044,800.0,5.42,24.353841136584776
2026-09-30T13:45:00+05:30,Galle_Southern,29.1,252.09797340289035,803.0,5.45,27.8754827285071
2026-09-30T14:00:00+05:30,Galle_Southern,29.2,254.37521719579635,794.0,5.49,31.448896790258708
2026-09-30T14:15:00+05:30,Galle_Southern,29.3,256.2082189111078,764.0,5.58,35.058237371618524
2026-09-30T14:30:00+05:30,Galle_Southern,29.3,257.7189554457009,715.0,5.62,38.69343240728481
2026-09-30T14:45:00+05:30,Galle_Southern,29.2,258.9894022547776,658.0,5.67,42.347804167739326
2026-09-30T15:00:00+05:30,Galle_Southern,29.1,260.0764744891459,603.0,5.73,46.016763243592635
2026-09-30T15:15:00+05:30,Galle_Southern,28.9,261.02083609369646,555.0,5.79,49.69705662494004
2026-09-30T15:30:00+05:30,Galle_Southern,28.8,261.852284143667,512.0,5.75,53.38631739762563
2026-09-30T15:45:00+05:30,Galle_Southern,28.7,262.59314985548923,469.0,5.66,57.082782925384734
2026-09-30T16:00:00+05:30,Galle_Southern,28.6,263.26051237738056,422.0,5.52,60.785113147261356
2026-09-30T16:15:00+05:30,Galle_Southern,28.5,263.8676795939689,370.0,5.32,64.49227142738123
2026-09-30T16:30:00+05:30,Galle_Southern,28.3,264.42520297700605,316.0,5.13,68.20344233643388
2026-09-30T16:45:00+05:30,Galle_Southern,28.2,264.9415893386607,261.0,4.94,71.91797426425319
2026-09-30T17:00:00+05:30,Galle_Southern,28.0,265.4238110830163,205.0,4.71,75.63533997601762
2026-09-30T17:15:00+05:30,Galle_Southern,27.8,265.877679485983,149.0,4.47,79.35510680543679
2026-09-30T17:30:00+05:30,Galle_Southern,27.7,266.3081239269407,95.0,4.23,83.07691451743622
2026-09-30T17:45:00+05:30,Galle_Southern,27.5,266.71940594821126,48.0,3.93,86.80046003603945
2026-09-30T18:00:00+05:30,Galle_Southern,27.3,267.1152876666741,12.0,3.57,90.52548448498683
2026-09-30T18:15:00+05:30,Galle_Southern,27.2,267.4991689703106,0.0,3.26,94.25176293572557
2026-09-30T18:30:00+05:30,Galle_Southern,27.0,267.8742042947098,0.0,3.0,97.97909758913742
2026-09-30T18:45:00+05:30,Galle_Southern,26.9,268.2434071641711,0.0,2.89,101.7073108115152
2026-09-30T19:00:00+05:30,Galle_Southern,26.8,268.60975007720623,0.0,2.86,105.43623907200354
2026-09-30T19:15:00+05:30,Galle_Southern,26.7,268.97626710770913,0.0,2.85,109.16572890549942
2026-09-30T19:30:00+05:30,Galle_Southern,26.7,269.3461669057051,0.0,2.8,112.89563155295386
2026-09-30T19:45:00+05:30,Galle_Southern,26.7,269.72296610371427,0.0,2.62,116.62579741220142
2026-09-30T20:00:00+05:30,Galle_Southern,26.7,270.110656615338,0.0,2.4,120.35607137682754
2026-09-30T20:15:00+05:30,Galle_Southern,26.7,270.5139258348998,0.0,2.15,124.08628548091879
2026-09-30T20:30:00+05:30,Galle_Southern,26.6,270.938459281004,0.0,1.99,127.81624953086643
2026-09-30T20:45:00+05:30,Galle_Southern,26.5,271.39137255892376,0.0,1.9,131.54573994507527
2026-09-30T21:00:00+05:30,Galle_Southern,26.3,271.88184940273896,0.0,1.87,135.27448172021525
2026-09-30T21:15:00+05:30,Galle_Southern,26.2,272.42211820309745,0.0,1.88,139.0021214762491
2026-09-30T21:30:00+05:30,Galle_Southern,26.0,273.0290040265801,0.0,1.98,142.72818673847505
2026-09-30T21:45:00+05:30,Galle_Southern,25.8,273.726500356099,0.0,2.18,146.45201653684222
2026-09-30T22:00:00+05:30,Galle_Southern,25.6,274.55024334611676,0.0,2.39,150.172641125165
2026-09-30T22:15:00+05:30,Galle_Southern,25.5,275.5557612584148,0.0,2.59,153.88856184595375
2026-09-30T22:30:00+05:30,Galle_Southern,25.3,276.83480332493275,0.0,2.7,157.59731152696747
2026-09-30T22:45:00+05:30,Galle_Southern,25.2,278.55068978667236,0.0,2.58,161.29449816303344
2026-09-30T23:00:00+05:30,Galle_Southern,25.2,281.0243056670819,0.0,2.33,164.97145916540018
2026-09-30T23:15:00+05:30,Galle_Southern,25.1,284.9790292145035,0.0,2.15,168.6084624933804
2026-09-30T23:30:00+05:30,Galle_Southern,25.1,292.4110009808888,0.0,2.0,172.14963530127736
2026-09-30T23:45:00+05:30,Galle_Southern,25.1,310.70522849156964,0.0,2.02,175.36947953762262
2026-10-01T00:00:00+05:30,Galle_Southern,25.1,4.478394595520854,0.0,2.17,176.96549054624307
2026-10-01T00:15:00+05:30,Galle_Southern,25.2,52.93759757279827,0.0,2.33,175.00723400365882
2026-10-01T00:30:00+05:30,Galle_Southern,25.2,68.97707339061299,0.0,2.42,171.71753190664617
2026-10-01T00:45:00+05:30,Galle_Southern,25.2,75.76559585350532,0.0,2.39,168.15848964243168
2026-10-01T01:00:00+05:30,Galle_Southern,25.2,79.46919761119932,0.0,2.35,164.5147931493546
2026-10-01T01:15:00+05:30,Galle_Southern,25.1,81.82195208668236,0.0,2.3,160.83474670114393
2026-10-01T01:30:00+05:30,Galle_Southern,25.1,83.4714016502395,0.0,2.28,157.135982132273
2026-10-01T01:45:00+05:30,Galle_Southern,25.1,84.71059888948508,0.0,2.33,153.42640599195448
2026-10-01T02:00:00+05:30,Galle_Southern,25.1,85.69081261499332,0.0,2.38,149.71008600385352
2026-10-01T02:15:00+05:30,Galle_Southern,25.0,86.49791460464644,0.0,2.48,145.98933313845743
2026-10-01T02:30:00+05:30,Galle_Southern,25.0,87.18430096693612,0.0,2.57,142.26556451419458
2026-10-01T02:45:00+05:30,Galle_Southern,25.0,87.7838219442425,0.0,2.63,138.53970369288942
2026-10-01T03:00:00+05:30,Galle_Southern,25.0,88.31939801925864,0.0,2.62,134.81238531435307
2026-10-01T03:15:00+05:30,Galle_Southern,25.0,88.80718358699562,0.0,2.62,131.08406709258315
2026-10-01T03:30:00+05:30,Galle_Southern,25.0,89.25897611933323,0.0,2.64,127.35509340661716
2026-10-01T03:45:00+05:30,Galle_Southern,25.0,89.68367800107421,0.0,2.74,123.62573517523865
2026-10-01T04:00:00+05:30,Galle_Southern,24.9,90.08822114354717,0.0,2.85,119.89621548679912
2026-10-01T04:15:00+05:30,Galle_Southern,24.8,90.47817417070263,0.0,3.04,116.16672538738874
2026-10-01T04:30:00+05:30,Galle_Southern,24.7,90.8581552440188,0.0,3.19,112.43743612949902
2026-10-01T04:45:00+05:30,Galle_Southern,24.6,91.23212299237701,0.0,3.17,108.70850834198164
2026-10-01T05:00:00+05:30,Galle_Southern,24.5,91.60358970163821,0.0,3.01,104.98009783078948
2026-10-01T05:15:00+05:30,Galle_Southern,24.3,91.97578432936501,0.0,2.81,101.25236180347525
2026-10-01T05:30:00+05:30,Galle_Southern,24.2,92.35178392253596,0.0,2.71,97.52546457256828
2026-10-01T05:45:00+05:30,Galle_Southern,24.2,92.73462643276116,0.0,2.75,93.79958167028305
2026-10-01T06:00:00+05:30,Galle_Southern,24.1,93.12741425633237,0.0,2.85,90.07490574005419
2026-10-01T06:15:00+05:30,Galle_Southern,24.2,93.53341656911653,14.0,2.96,86.35165308084962
2026-10-01T06:30:00+05:30,Galle_Southern,24.3,93.9561779579978,47.0,2.97,82.63006974766436
2026-10-01T06:45:00+05:30,Galle_Southern,24.5,94.39964070661773,85.0,2.87,78.91044070513217
2026-10-01T07:00:00+05:30,Galle_Southern,24.8,94.8682898195226,130.0,2.67,75.19310117887775
2026-10-01T07:15:00+05:30,Galle_Southern,25.2,95.36733231624976,180.0,2.47,71.47844958587612
2026-10-01T07:30:00+05:30,Galle_Southern,25.6,95.90292569333184,239.0,2.31,67.76696627026973
2026-10-01T07:45:00+05:30,Galle_Southern,26.1,96.48247710505495,303.0,2.3,64.05923830923517
2026-10-01T08:00:00+05:30,Galle_Southern,26.6,97.11504451125109,369.0,2.35,60.3559915153848
2026-10-01T08:15:00+05:30,Galle_Southern,27.1,97.81188548657997,431.0,2.44,56.658136542578504
2026-10-01T08:30:00+05:30,Galle_Southern,27.5,98.5872241564287,488.0,2.48,52.966833649405096
2026-10-01T08:45:00+05:30,Galle_Southern,27.9,99.45934641094641,539.0,2.49,49.28358418694265
2026-10-01T09:00:00+05:30,Galle_Southern,28.1,100.45219879621675,587.0,2.58,45.61036727340928
2026-10-01T09:15:00+05:30,Galle_Southern,28.4,101.59778088664245,636.0,2.8,41.949846020250355
2026-10-01T09:30:00+05:30,Galle_Southern,28.6,102.93982238522972,683.0,3.02,38.305686465353105
2026-10-01T09:45:00+05:30,Galle_Southern,28.7,104.5396017649386,726.0,3.18,34.683072010607304
2026-10-01T10:00:00+05:30,Galle_Southern,28.9,106.48545392024312,765.0,3.34,31.089560633294454
2026-10-01T10:15:00+05:30,Galle_Southern,29.0,108.90884694926228,799.0,3.45,27.536573103244216
2026-10-01T10:30:00+05:30,Galle_Southern,29.1,112.01251612315195,826.0,3.57,24.042106514847035
2026-10-01T10:45:00+05:30,Galle_Southern,29.3,116.121141280026,847.0,3.69,20.63593646143873
2026-10-01T11:00:00+05:30,Galle_Southern,29.5,121.77322766823869,865.0,3.86,17.37010756645354
2026-10-01T11:15:00+05:30,Galle_Southern,29.6,129.8760136116644,881.0,3.95,14.340844837706427
2026-10-01T11:30:00+05:30,Galle_Southern,29.7,141.87117332257685,894.0,4.04,11.732858302810982
2026-10-01T11:45:00+05:30,Galle_Southern,29.7,159.37090502720628,904.0,4.03,9.8854123839714
2026-10-01T12:00:00+05:30,Galle_Southern,29.7,181.72346947661495,909.0,3.97,9.265218198387203
2026-10-01T12:15:00+05:30,Galle_Southern,29.6,203.5765755309597,911.0,3.91,10.1009248397786
2026-10-01T12:30:00+05:30,Galle_Southern,29.4,220.16974027498858,913.0,3.91,12.09440033330256
2026-10-01T12:45:00+05:30,Galle_Southern,28.9,231.45312361174587,909.0,4.05,14.78450320461927
2026-10-01T13:00:00+05:30,Galle_Southern,28.3,239.09978877672785,893.0,4.35,17.859152488901273
2026-10-01T13:15:00+05:30,Galle_Southern,27.7,244.46663368270572,859.0,4.55,21.15129677142771
2026-10-01T13:30:00+05:30,Galle_Southern,27.3,248.39177396161242,810.0,4.6,24.57366330098006
2026-10-01T13:45:00+05:30,Galle_Southern,27.3,251.37255691734427,751.0,4.4,28.07866056601182
2026-10-01T14:00:00+05:30,Galle_Southern,27.4,253.7102744524951,686.0,4.02,31.638822677418332
2026-10-01T14:15:00+05:30,Galle_Southern,27.6,255.59415185627387,616.0,3.63,35.23741648826503
2026-10-01T14:30:00+05:30,Galle_Southern,27.6,257.14758752466906,534.0,3.3,38.86374995413712
2026-10-01T14:45:00+05:30,Galle_Southern,27.4,258.45391671871266,453.0,3.09,42.51070671926444
2026-10-01T15:00:00+05:30,Galle_Southern,27.1,259.57120860369105,387.0,2.92,46.173381618814
2026-10-01T15:15:00+05:30,Galle_Southern,26.8,260.5410643271993,348.0,2.8,49.84829015028433
2026-10-01T15:30:00+05:30,Galle_Southern,26.6,261.3940289727857,330.0,2.75,53.53289268357059
2026-10-01T15:45:00+05:30,Galle_Southern,26.7,262.15302686780177,318.0,2.75,57.22529563713563
2026-10-01T16:00:00+05:30,Galle_Southern,26.9,262.8356063427033,301.0,2.76,60.92405823514514
2026-10-01T16:15:00+05:30,Galle_Southern,27.1,263.45544581816426,270.0,2.82,64.62806540344715
2026-10-01T16:30:00+05:30,Galle_Southern,27.2,264.02338840488216,234.0,2.8,68.33643997499692
2026-10-01T16:45:00+05:30,Galle_Southern,27.1,264.54816874824587,196.0,2.69,72.04848133524823
2026-10-01T17:00:00+05:30,Galle_Southern,27.0,265.03693463584784,155.0,2.52,75.76362311456819
2026-10-01T17:15:00+05:30,Galle_Southern,26.9,265.495628672581,114.0,2.39,79.48140130008049
2026-10-01T17:30:00+05:30,Galle_Southern,26.7,265.92927355375673,73.0,2.24,83.20143056429004
2026-10-01T17:45:00+05:30,Galle_Southern,26.5,266.34219025080074,37.0,2.06,86.9233878730329
2026-10-01T18:00:00+05:30,Galle_Southern,26.2,266.7381689198003,8.0,1.93,90.6469987013686
2026-10-01T18:15:00+05:30,Galle_Southern,26.0,267.12060713902497,0.0,1.81,94.3720261994548
2026-10-01T18:30:00+05:30,Galle_Southern,25.8,267.4926263216511,0.0,1.75,98.09826397981846
2026-10-01T18:45:00+05:30,Galle_Southern,25.7,267.8571744288157,0.0,1.61,101.82552892417036
2026-10-01T19:00:00+05:30,Galle_Southern,25.7,268.21712237725467,0.0,1.44,105.55365504386259
2026-10-01T19:15:00+05:30,Galle_Southern,25.7,268.57536116440133,0.0,1.32,109.2824895205204
2026-10-01T19:30:00+05:30,Galle_Southern,25.6,268.93490683966286,0.0,1.35,113.01188759369529
2026-10-01T19:45:00+05:30,Galle_Southern,25.5,269.29902246372797,0.0,1.42,116.74170747490001
2026-10-01T20:00:00+05:30,Galle_Southern,25.5,269.67136920740563,0.0,1.51,120.47180641246456
2026-10-01T20:15:00+05:30,Galle_Southern,25.4,270.0562035608493,0.0,1.64,124.20203444586937
2026-10-01T20:30:00+05:30,Galle_Southern,25.3,270.4586469848875,0.0,1.68,127.932226688121
2026-10-01T20:45:00+05:30,Galle_Southern,25.2,270.88506973391475,0.0,1.66,131.6621946349221
2026-10-01T21:00:00+05:30,Galle_Southern,25.2,271.34365718431445,0.0,1.66,135.39171187644484
2026-10-01T21:15:00+05:30,Galle_Southern,25.1,271.84527676199303,0.0,1.63,139.12049294889002
2026-10-01T21:30:00+05:30,Galle_Southern,25.1,272.4048573193012,0.0,1.61,142.84816189715596
2026-10-01T21:45:00+05:30,Galle_Southern,25.0,273.04367920597355,0.0,1.65,146.57419824878585
2026-10-01T22:00:00+05:30,Galle_Southern,25.0,273.79336958325604,0.0,1.7,150.29784337366087
2026-10-01T22:15:00+05:30,Galle_Southern,24.9,274.7032971109503,0.0,1.75,154.01792911066985
2026-10-01T22:30:00+05:30,Galle_Southern,24.8,275.85528701326103,0.0,1.75,157.73253359437393
2026-10-01T22:45:00+05:30,Galle_Southern,24.7,277.39572239408767,0.0,1.65,161.43822806200427
2026-10-01T23:00:00+05:30,Galle_Southern,24.6,279.61455687498983,0.0,1.45,165.12821223234613
2026-10-01T23:15:00+05:30,Galle_Southern,24.5,283.17486433751594,0.0,1.2,168.78682280243737
2026-10-01T23:30:00+05:30,Galle_Southern,24.5,289.9611299303933,0.0,1.1,172.36864785439454
2026-10-01T23:45:00+05:30,Galle_Southern,24.4,307.5250018220314,0.0,1.1,175.67817810341563
2026-10-02T00:00:00+05:30,Galle_Southern,24.4,6.870124349407547,0.0,1.15,177.34333726936666
2026-10-02T00:15:00+05:30,Galle_Southern,24.4,57.178747919877424,0.0,1.2,175.16506880972327
2026-10-02T00:30:00+05:30,Galle_Southern,24.4,71.70547653309472,0.0,1.25,171.77605098606182
2026-10-02T00:45:00+05:30,Galle_Southern,24.4,77.69488175269112,0.0,1.3,168.1751756862051
2026-10-02T01:00:00+05:30,Galle_Southern,24.4,80.95188072452197,0.0,1.35,164.50957079060493
2026-10-02T01:15:00+05:30,Galle_Southern,24.3,83.02618137185829,0.0,1.36,160.81639488408172
2026-10-02T01:30:00+05:30,Galle_Southern,24.3,84.48751011885582,0.0,1.42,157.10908300445837
2026-10-02T01:45:00+05:30,Galle_Southern,24.3,85.59212134324468,0.0,1.43,153.39364311280568
2026-10-02T02:00:00+05:30,Galle_Southern,24.3,86.47193401489989,0.0,1.44,149.67316645585282
2026-10-02T02:15:00+05:30,Galle_Southern,24.2,87.20175597856326,0.0,1.46,145.94941302833385
2026-10-02T02:30:00+05:30,Galle_Southern,24.2,87.82722850496293,0.0,1.46,142.22346677416735
2026-10-02T02:45:00+05:30,Galle_Southern,24.2,88.37785775298426,0.0,1.44,138.4960388204829
2026-10-02T03:00:00+05:30,Galle_Southern,24.2,88.87365120931764,0.0,1.48,134.7676226874304
2026-10-02T03:15:00+05:30,Galle_Southern,24.2,89.32874238149634,0.0,1.51,131.03857934349082
2026-10-02T03:30:00+05:30,Galle_Southern,24.2,89.75348730575172,0.0,1.5,127.30918527513077
2026-10-02T03:45:00+05:30,Galle_Southern,24.2,90.15573682617764,0.0,1.5,123.57966300984586
2026-10-02T04:00:00+05:30,Galle_Southern,24.2,90.54164190878436,0.0,1.49,119.85020090770085
2026-10-02T04:15:00+05:30,Galle_Southern,24.2,90.9161833437804,0.0,1.57,116.12096518650257
2026-10-02T04:30:00+05:30,Galle_Southern,24.2,91.2835329183439,0.0,1.52,112.39210970087512
2026-10-02T04:45:00+05:30,Galle_Southern,24.2,91.64730916783549,0.0,1.32,108.6637834692418
2026-10-02T05:00:00+05:30,Galle_Southern,24.2,92.01076621931367,0.0,1.0,104.93613538323417
2026-10-02T05:15:00+05:30,Galle_Southern,24.2,92.37693980773037,0.0,0.75,101.20931972723714
2026-10-02T05:30:00+05:30,Galle_Southern,24.2,92.74876682414146,0.0,0.72,97.48350145350851
2026-10-02T05:45:00+05:30,Galle_Southern,24.2,93.12918997181367,0.0,0.91,93.75886009079798
2026-10-02T06:00:00+05:30,Galle_Southern,24.3,93.52125595352175,0.0,1.3,90.0355956169926
2026-10-02T06:15:00+05:30,Galle_Southern,24.4,93.92821468918459,8.0,1.67,86.31393515157244
2026-10-02T06:30:00+05:30,Galle_Southern,24.5,94.35362674145551,28.0,1.84,82.59413938467233
2026-10-02T06:45:00+05:30,Galle_Southern,24.6,94.80148617227314,56.0,1.74,78.8765122489325
2026-10-02T07:00:00+05:30,Galle_Southern,24.8,95.2763679389418,95.0,1.45,75.16141302668268
2026-10-02T07:15:00+05:30,Galle_Southern,25.1,95.78361155600754,144.0,1.2,71.4492703328307
2026-10-02T07:30:00+05:30,Galle_Southern,25.4,96.32955629478022,209.0,1.11,67.74060228468893
2026-10-02T07:45:00+05:30,Galle_Southern,25.7,96.92185007843597,287.0,1.17,64.03604327832369
2026-10-02T08:00:00+05:30,Galle_Southern,26.2,97.56986425132874,368.0,1.3,60.33637868940402
2026-10-02T08:15:00+05:30,Galle_Southern,26.6,98.28526126603117,435.0,1.44,56.6425947230805
2026-10-02T08:30:00+05:30,Galle_Southern,27.0,99.08278773155445,484.0,1.53,52.955948436099334
2026-10-02T08:45:00+05:30,Galle_Southern,27.3,99.98140583374129,519.0,1.59,49.2780667315907
2026-10-02T09:00:00+05:30,Galle_Southern,27.6,101.00594255340513,552.0,1.69,45.61109394036084
2026-10-02T09:15:00+05:30,Galle_Southern,27.9,102.18955200594343,593.0,1.85,41.95791421939946
2026-10-02T09:30:00+05:30,Galle_Southern,28.1,103.5774889999372,641.0,2.01,38.3224949807245
2026-10-02T09:45:00+05:30,Galle_Southern,28.4,105.23305668181865,689.0,2.17,34.71043929097982
2026-10-02T10:00:00+05:30,Galle_Southern,28.6,107.24727228622152,731.0,2.39,31.12990318380818
2026-10-02T10:15:00+05:30,Galle_Southern,28.7,109.75508652439123,757.0,2.57,27.593180719231803
2026-10-02T10:30:00+05:30,Galle_Southern,28.9,112.96344992355364,771.0,2.69,24.11957410939526
2026-10-02T10:45:00+05:30,Galle_Southern,29.0,117.20099354599506,772.0,2.82,20.740840044064413
2026-10-02T11:00:00+05:30,Galle_Southern,29.0,123.00546773536223,764.0,2.96,17.511998507448865
2026-10-02T11:15:00+05:30,Galle_Southern,29.0,131.26249795135436,746.0,3.07,14.533318617250245
2026-10-02T11:30:00+05:30,Galle_Southern,28.9,143.32258106939616,710.0,3.02,11.992691435650698
2026-10-02T11:45:00+05:30,Galle_Southern,28.7,160.56062817995155,666.0,2.78,10.222145605802453
2026-10-02T12:00:00+05:30,Galle_Southern,28.4,182.13271293209863,628.0,2.43,9.655067770563264
2026-10-02T12:15:00+05:30,Galle_Southern,28.1,203.1332553487501,608.0,2.09,10.488511730355611
2026-10-02T12:30:00+05:30,Galle_Southern,27.9,219.3001544105707,605.0,1.92,12.444186254780988
2026-10-02T12:45:00+05:30,Galle_Southern,27.8,230.48739865696805,608.0,1.97,15.091943626055496
2026-10-02T13:00:00+05:30,Galle_Southern,27.8,238.16978703414537,608.0,2.15,18.131063298182553
2026-10-02T13:15:00+05:30,Galle_Southern,27.9,243.608725273968,597.0,2.38,21.39540449032937
2026-10-02T13:30:00+05:30,Galle_Southern,28.0,247.6086698683693,583.0,2.6,24.79616385141388
2026-10-02T13:45:00+05:30,Galle_Southern,28.1,250.65691257430626,564.0,2.79,28.284162860583827
2026-10-02T14:00:00+05:30,Galle_Southern,28.3,253.0527161349093,534.0,3.03,31.830720667862998
2026-10-02T14:15:00+05:30,Galle_Southern,28.4,254.98581116652065,491.0,3.12,35.41823528673781
2026-10-02T14:30:00+05:30,Galle_Southern,28.3,256.5807601533047,435.0,3.03,39.035399824547255
2026-10-02T14:45:00+05:30,Galle_Southern,28.1,257.922100070651,374.0,2.6,42.674659070649376
2026-10-02T15:00:00+05:30,Galle_Southern,27.7,259.06895465824186,315.0,2.07,46.33078986220185
2026-10-02T15:15:00+05:30,Galle_Southern,27.2,260.06379801595364,262.0,1.67,50.00007337084288
2026-10-02T15:30:00+05:30,Galle_Southern,26.8,260.9378805967358,212.0,1.42,53.67979441511712
2026-10-02T15:45:00+05:30,Galle_Southern,26.4,261.71469080853376,167.0,0.83,57.36792584508993
2026-10-02T16:00:00+05:30,Galle_Southern,26.0,262.4122259177064,130.0,0.05,61.06292382796727
2026-10-02T16:15:00+05:30,Galle_Southern,25.7,263.04452043339535,101.0,0.93,64.76359278203108
2026-10-02T16:30:00+05:30,Galle_Southern,25.5,263.62269856516883,79.0,1.41,68.46899197490899
2026-10-02T16:45:00+05:30,Galle_Southern,25.3,264.1557149306821,61.0,1.31,72.17837016126978
2026-10-02T17:00:00+05:30,Galle_Southern,25.3,264.65088670245365,48.0,0.95,75.89112037272879
2026-10-02T17:15:00+05:30,Galle_Southern,25.2,265.11428312052914,37.0,0.45,79.60674590618613
2026-10-02T17:30:00+05:30,Galle_Southern,25.2,265.5510164175479,28.0,0.11,83.32483508888035
2026-10-02T17:45:00+05:30,Galle_Southern,25.1,265.9654638468709,17.0,0.18,87.0450437249257
2026-10-02T18:00:00+05:30,Galle_Southern,25.0,266.3614408752816,5.0,0.27,90.76708046081556
2026-10-02T18:15:00+05:30,Galle_Southern,25.0,266.7423402900706,0.0,0.34,94.49069533402754
2026-10-02T18:30:00+05:30,Galle_Southern,24.9,267.1112481000381,0.0,0.4,98.21567213221117
2026-10-02T18:45:00+05:30,Galle_Southern,24.9,267.4710442796828,0.0,0.43,101.94182093370006
2026-10-02T19:00:00+05:30,Galle_Southern,24.9,267.8244955498008,0.0,0.42,105.66897184555215
2026-10-02T19:15:00+05:30,Galle_Southern,24.9,268.1743468523705,0.0,0.43,109.39697107086667
2026-10-02T19:30:00+05:30,Galle_Southern,24.9,268.52341807111844,0.0,0.4,113.12567598054878
2026-10-02T19:45:00+05:30,Galle_Southern,24.9,268.8747142420495,0.0,0.36,116.85495039594585
2026-10-02T20:00:00+05:30,Galle_Southern,24.9,269.2315600244117,0.0,0.32,120.58466127512696
2026-10-02T20:15:00+05:30,Galle_Southern,24.8,269.597773281839,0.0,0.28,124.3146734166515
2026-10-02T20:30:00+05:30,Galle_Southern,24.8,269.9779007617146,0.0,0.29,128.04484317659777
2026-10-02T20:45:00+05:30,Galle_Southern,24.7,270.377552218904,0.0,0.38,131.77501193681917
2026-10-02T21:00:00+05:30,Galle_Southern,24.7,270.8038924587301,0.0,0.54,135.50499510423117
2026-10-02T21:15:00+05:30,Galle_Southern,24.7,271.2663942553102,0.0,0.7,139.23456608848878
2026-10-02T21:30:00+05:30,Galle_Southern,24.6,271.7780371805362,0.0,0.76,142.96343307195343
2026-10-02T21:45:00+05:30,Galle_Southern,24.6,272.35730108421654,0.0,0.76,146.69119864860141
2026-10-02T22:00:00+05:30,Galle_Southern,24.5,273.03165251723556,0.0,0.69,150.41728997330208
2026-10-02T22:15:00+05:30,Galle_Southern,24.4,273.8440199169425,0.0,0.61,154.1408311958568
2026-10-02T22:30:00+05:30,Galle_Southern,24.3,274.865741402926,0.0,0.57,157.86038573912612
2026-10-02T22:45:00+05:30,Galle_Southern,24.3,276.2250086420752,0.0,0.53,161.57338932686798
2026-10-02T23:00:00+05:30,Galle_Southern,24.2,278.1776308582336,0.0,0.5,165.27473468726123
2026-10-02T23:15:00+05:30,Galle_Southern,24.1,281.3163833953494,0.0,0.47,168.9525410085097
2026-10-02T23:30:00+05:30,Galle_Southern,24.1,287.37328713103045,0.0,0.47,172.57159204114396
2026-10-02T23:45:00+05:30,Galle_Southern,24.0,303.8655701429381,0.0,0.47,175.97014467310458
2026-10-03T00:00:00+05:30,Galle_Southern,24.0,10.00991609931782,0.0,0.54,177.71470915394738
2026-10-03T00:15:00+05:30,Galle_Southern,23.9,61.66477438986533,0.0,0.54,175.29579170060936
2026-10-03T00:30:00+05:30,Galle_Southern,23.9,74.4598642932699,0.0,0.61,171.81710321255733
2026-10-03T00:45:00+05:30,Galle_Southern,23.8,79.62332665979147,0.0,0.68,168.1800441580678
2026-10-03T01:00:00+05:30,Galle_Southern,23.7,82.42971837231272,0.0,0.68,164.49575978682793
2026-10-03T01:15:00+05:30,Galle_Southern,23.7,84.22542228396674,0.0,0.75,160.79150133074558
2026-10-03T01:30:00+05:30,Galle_Southern,23.6,85.49920014824306,0.0,0.79,157.0770519803213
2026-10-03T01:45:00+05:30,Galle_Southern,23.6,86.46985440132812,0.0,0.83,153.35678143529594
2026-10-03T02:00:00+05:30,Galle_Southern,23.5,87.24981563040001,0.0,0.9,149.63294173478533
2026-10-03T02:15:00+05:30,Galle_Southern,23.5,87.90281092662065,0.0,0.94,145.90682045297734
2026-10-03T02:30:00+05:30,Galle_Southern,23.5,88.4677383399769,0.0,0.99,142.17921635876934
2026-10-03T02:45:00+05:30,Galle_Southern,23.5,88.96977590856818,0.0,1.03,138.45065907088048
2026-10-03T03:00:00+05:30,Galle_Southern,23.5,89.42603237090964,0.0,1.12,134.7215218031195
2026-10-03T03:15:00+05:30,Galle_Southern,23.5,89.84863179096249,0.0,1.16,130.99208330688336
2026-10-03T03:30:00+05:30,Galle_Southern,23.5,90.24649764539811,0.0,1.23,127.26256264547774
2026-10-03T03:45:00+05:30,Galle_Southern,23.4,90.62643605035868,0.0,1.25,123.53314171300678
2026-10-03T04:00:00+05:30,Galle_Southern,23.4,90.99382225299917,0.0,1.23,119.80398003281587
2026-10-03T04:15:00+05:30,Galle_Southern,23.4,91.35305323208712,0.0,1.25,116.07522357761216
2026-10-03T04:30:00+05:30,Galle_Southern,23.3,91.7078575086062,0.0,1.24,112.34701245026174
2026-10-03T04:45:00+05:30,Galle_Southern,23.3,92.0615159322495,0.0,1.31,108.61948702736152
2026-10-03T05:00:00+05:30,Galle_Southern,23.2,92.41702633518003,0.0,1.38,104.89279175871516
2026-10-03T05:15:00+05:30,Galle_Southern,23.2,92.77723266224552,0.0,1.45,101.16708011395062
2026-10-03T05:30:00+05:30,Galle_Southern,23.2,93.14493272833425,0.0,1.45,97.44251953489689
2026-10-03T05:45:00+05:30,Galle_Southern,23.4,93.52297476847252,0.0,1.41,93.71929521492228
2026-10-03T06:00:00+05:30,Galle_Southern,23.6,93.91435030377801,0.0,1.31,89.99761601497994
2026-10-03T06:15:00+05:30,Galle_Southern,23.9,94.32229025293543,14.0,1.2,86.27772136160368
2026-10-03T06:30:00+05:30,Galle_Southern,24.2,94.7503711438427,47.0,1.07,82.5598880497674
2026-10-03T06:45:00+05:30,Galle_Southern,24.6,95.20263850850336,90.0,0.94,78.84444048825355
2026-10-03T07:00:00+05:30,Galle_Southern,24.9,95.6837565908661,141.0,0.78,75.1317636068626
2026-10-03T07:15:00+05:30,Galle_Southern,25.3,96.19919627560176,194.0,0.67,71.42231794478273
2026-10-03T07:30:00+05:30,Galle_Southern,25.7,96.75547686427984,245.0,0.55,67.7166613241177
2026-10-03T07:45:00+05:30,Galle_Southern,26.0,97.36048443587993,296.0,0.47,64.01547766549882
2026-10-03T08:00:00+05:30,Galle_Southern,26.3,98.02389984616644,348.0,0.53,60.31961448355051
2026-10-03T08:15:00+05:30,Galle_Southern,26.7,98.7577846722175,408.0,0.58,56.63013659790373
2026-10-03T08:30:00+05:30,Galle_Southern,27.0,99.57739937109261,475.0,0.68,52.94840156355102
2026-10-03T08:45:00+05:30,Galle_Southern,27.3,100.5023692506017,545.0,0.81,49.27616636550782
2026-10-03T09:00:00+05:30,Galle_Southern,27.5,101.55838120586861,613.0,0.95,45.615746146719985
2026-10-03T09:15:00+05:30,Galle_Southern,27.8,102.77971112196514,672.0,1.11,41.97025306047194
2026-10-03T09:30:00+05:30,Galle_Southern,28.1,104.21308503772832,720.0,1.29,38.34396450343732
2026-10-03T09:45:00+05:30,Galle_Southern,28.3,105.92373926249724,760.0,1.47,34.74291365657364
2026-10-03T10:00:00+05:30,Galle_Southern,28.6,108.00521220728922,795.0,1.71,31.17586658318021
2026-10-03T10:15:00+05:30,Galle_Southern,28.9,110.59564222426951,827.0,1.9,27.656002169100567
2026-10-03T10:30:00+05:30,Galle_Southern,29.1,113.90563465832156,854.0,2.1,24.203931959857485
2026-10-03T10:45:00+05:30,Galle_Southern,29.3,118.26667843126569,875.0,2.28,20.853369407492096
2026-10-03T11:00:00+05:30,Galle_Southern,29.4,124.21366585841264,892.0,2.42,17.6621950801176
2026-10-03T11:15:00+05:30,Galle_Southern,29.6,132.60718347007605,904.0,2.59,14.73435282561681
2026-10-03T11:30:00+05:30,Galle_Southern,29.7,144.70531642082062,911.0,2.71,12.25999293236245
2026-10-03T11:45:00+05:30,Galle_Southern,29.7,161.66635571074517,913.0,2.8,10.562772995009311
2026-10-03T12:00:00+05:30,Galle_Southern,29.8,182.50244077545165,910.0,2.93,10.044674823459204
2026-10-03T12:15:00+05:30,Galle_Southern,29.8,202.7155055333327,901.0,3.0,10.875539587910552
2026-10-03T12:30:00+05:30,Galle_Southern,29.8,218.47425499281655,887.0,3.07,12.795219206953533
2026-10-03T12:45:00+05:30,Galle_Southern,29.7,229.5578808318038,867.0,3.15,15.401819690589818
2026-10-03T13:00:00+05:30,Galle_Southern,29.7,237.26577072945707,844.0,3.26,18.405765743121606
2026-10-03T13:15:00+05:30,Galle_Southern,29.6,242.76915398845665,816.0,3.32,21.642218349348028
2026-10-03T13:30:00+05:30,Galle_Southern,29.5,246.83875389828086,786.0,3.35,25.021103694778887
2026-10-03T13:45:00+05:30,Galle_Southern,29.4,249.95101976871297,753.0,3.37,28.491779205309342
2026-10-03T14:00:00+05:30,Galle_Southern,29.3,252.4025712269812,713.0,3.35,32.02440143726649
2026-10-03T14:15:00+05:30,Galle_Southern,29.2,254.383249834274,666.0,3.34,35.60052012699321
2026-10-03T14:30:00+05:30,Galle_Southern,29.1,256.0185380992328,611.0,3.27,39.20822027639004
2026-10-03T14:45:00+05:30,Galle_Southern,28.9,257.3940228164133,554.0,3.16,42.83950869397618
2026-10-03T15:00:00+05:30,Galle_Southern,28.8,258.5697858685061,500.0,3.06,46.48884272994968
2026-10-03T15:15:00+05:30,Galle_Southern,28.7,259.589111576132,453.0,2.9,50.152266910102796
2026-10-03T15:30:00+05:30,Galle_Southern,28.5,260.48391391703296,413.0,2.75,53.826888019162524
2026-10-03T15:45:00+05:30,Galle_Southern,28.4,261.2782167799726,374.0,2.55,57.510542969328455
2026-10-03T16:00:00+05:30,Galle_Southern,28.2,261.990446360761,334.0,2.35,61.20158270857765
2026-10-03T16:15:00+05:30,Galle_Southern,28.0,262.63497894868624,292.0,2.11,64.898729209829
2026-10-03T16:30:00+05:30,Galle_Southern,27.8,263.2232093973842,250.0,1.92,68.60097644533282
2026-10-03T16:45:00+05:30,Galle_Southern,27.6,263.76430449245925,208.0,1.75,72.30752098424551
2026-10-03T17:00:00+05:30,Galle_Southern,27.5,264.2657448356065,164.0,1.52,76.01771385053812
2026-10-03T17:15:00+05:30,Galle_Southern,27.3,264.73372164586056,118.0,1.37,79.7310243499802
2026-10-03T17:30:00+05:30,Galle_Southern,27.1,265.17343295181183,73.0,1.21,83.44701323933668
2026-10-03T17:45:00+05:30,Galle_Southern,26.9,265.58930918390035,35.0,1.1,87.16531398268853
2026-10-03T18:00:00+05:30,Galle_Southern,26.7,265.98518844075113,7.0,0.99,90.88561723372665
2026-10-03T18:15:00+05:30,Galle_Southern,26.4,266.36445629836373,0.0,0.96,94.60765873662231
2026-10-03T18:30:00+05:30,Galle_Southern,26.2,266.7301610551913,0.0,0.93,98.33121122170697
2026-10-03T18:45:00+05:30,Galle_Southern,26.0,267.0851123716901,0.0,0.95,102.05607664386166
2026-10-03T19:00:00+05:30,Galle_Southern,25.8,267.43197028159494,0.0,1.01,105.78207975601813
2026-10-03T19:15:00+05:30,Galle_Southern,25.5,267.7733308508998,0.0,1.11,109.50906414492002
2026-10-03T19:30:00+05:30,Galle_Southern,25.3,268.111814438846,0.0,1.23,113.23688742019192
2026-10-03T19:45:00+05:30,Galle_Southern,25.1,268.45016387769095,0.0,1.35,116.96541678315043
2026-10-03T20:00:00+05:30,Galle_Southern,24.9,268.79136191273216,0.0,1.47,120.69452620931868
2026-10-03T20:15:00+05:30,Galle_Southern,24.8,269.13878055902035,0.0,1.53,124.42409194516443
2026-10-03T20:30:00+05:30,Galle_Southern,24.6,269.4963818905682,0.0,1.59,128.1539874307355
2026-10-03T20:45:00+05:30,Galle_Southern,24.5,269.86900100390653,0.0,1.59,131.88407860370978
2026-10-03T21:00:00+05:30,Galle_Southern,24.4,270.2627613644495,0.0,1.59,135.6142157084167
2026-10-03T21:15:00+05:30,Galle_Southern,24.4,270.68570957563696,0.0,1.52,139.3442216642804
2026-10-03T21:30:00+05:30,Galle_Southern,24.3,271.14882622915763,0.0,1.45,143.0738759080513
2026-10-03T21:45:00+05:30,Galle_Southern,24.3,271.6677087359736,0.0,1.35,146.80288584156068
2026-10-03T22:00:00+05:30,Galle_Southern,24.3,272.2655205581568,0.0,1.24,150.53083763679783
2026-10-03T22:15:00+05:30,Galle_Southern,24.2,272.97848544066346,0.0,1.13,154.25710691631846
2026-10-03T22:30:00+05:30,Galle_Southern,24.2,273.8669213355405,0.0,0.99,157.9806770794478
2026-10-03T22:45:00+05:30,Galle_Southern,24.2,275.0396323171797,0.0,0.92,161.69973789464657
2026-10-03T23:00:00+05:30,Galle_Southern,24.2,276.71517870244253,0.0,0.81,165.4106763111189
2026-10-03T23:15:00+05:30,Galle_Southern,24.2,279.4061226495143,0.0,0.74,169.10501842024007
2026-10-03T23:30:00+05:30,Galle_Southern,24.2,284.6488256079041,0.0,0.67,172.75713537603855
2026-10-03T23:45:00+05:30,Galle_Southern,24.1,299.65349026351697,0.0,0.64,176.24161059905683
2026-10-04T00:00:00+05:30,Galle_Southern,24.1,14.300346468202122,0.0,0.64,178.07630046055078
2026-10-04T00:15:00+05:30,Galle_Southern,24.1,66.36087560818788,0.0,0.6,175.39735652476259
2026-10-04T00:30:00+05:30,Galle_Southern,24.0,77.22840384840833,0.0,0.64,171.84061727564568
2026-10-04T00:45:00+05:30,Galle_Southern,24.0,81.54678067049247,0.0,0.68,168.17324258563718
2026-10-04T01:00:00+05:30,Galle_Southern,23.9,83.90083779475196,0.0,0.69,164.4735286765944
2026-10-04T01:15:00+05:30,Galle_Southern,23.9,85.41865815494691,0.0,0.74,160.7602265728192
2026-10-04T01:30:00+05:30,Galle_Southern,23.9,86.50584056451379,0.0,0.78,157.04003835106604
2026-10-04T01:45:00+05:30,Galle_Southern,23.8,87.34336479695935,0.0,0.83,153.3159602820341
2026-10-04T02:00:00+05:30,Galle_Southern,23.8,88.02413623825453,0.0,0.85,149.5895429902708
2026-10-04T02:15:00+05:30,Galle_Southern,23.8,88.60082659313747,0.0,0.85,145.86167993630994
2026-10-04T02:30:00+05:30,Galle_Southern,23.8,89.10562184066077,0.0,0.9,142.13293237814634
2026-10-04T02:45:00+05:30,Galle_Southern,23.7,89.55939772576232,0.0,0.95,138.40367906200999
2026-10-04T03:00:00+05:30,Galle_Southern,23.7,89.97638382930324,0.0,1.0,134.67419348777494
2026-10-04T03:15:00+05:30,Galle_Southern,23.7,90.36670927980902,0.0,1.01,130.94468655550043
2026-10-04T03:30:00+05:30,Galle_Southern,23.6,90.73787571383104,0.0,1.06,127.21533025041056
2026-10-04T03:45:00+05:30,Galle_Southern,23.6,91.09565248568634,0.0,1.12,123.48627349584237
2026-10-04T04:00:00+05:30,Galle_Southern,23.5,91.44464509480622,0.0,1.12,119.75765279928147
2026-10-04T04:15:00+05:30,Galle_Southern,23.5,91.78867122397332,0.0,1.19,116.02959841525005
2026-10-04T04:30:00+05:30,Galle_Southern,23.5,92.13101956782157,0.0,1.19,112.30224029890692
2026-10-04T04:45:00+05:30,Galle_Southern,23.5,92.47463592331894,0.0,1.19,108.5757131141598
2026-10-04T05:00:00+05:30,Galle_Southern,23.6,92.82226384239499,0.0,1.23,104.85015931123684
2026-10-04T05:15:00+05:30,Galle_Southern,23.6,93.17655700922609,0.0,1.23,101.12573362998573
2026-10-04T05:30:00+05:30,Galle_Southern,23.8,93.54017529876273,0.0,1.22,97.402607827173
2026-10-04T05:45:00+05:30,Galle_Southern,24.0,93.91587328126388,0.0,1.2,93.68097440606118
2026-10-04T06:00:00+05:30,Galle_Southern,24.2,94.30658780213923,0.0,1.24,89.96105263814187
2026-10-04T06:15:00+05:30,Galle_Southern,24.5,94.71553100020844,15.0,1.22,86.24309571969367
2026-10-04T06:30:00+05:30,Galle_Southern,24.8,95.14629529519146,50.0,1.2,82.52739800152057
2026-10-04T06:45:00+05:30,Galle_Southern,25.2,95.60297728705768,96.0,1.2,78.8143058455454
2026-10-04T07:00:00+05:30,Galle_Southern,25.5,96.0903297077736,150.0,1.21,75.1042313885999
2026-10-04T07:15:00+05:30,Galle_Southern,25.9,96.61395350690748,205.0,1.23,71.39766878612859
2026-10-04T07:30:00+05:30,Galle_Southern,26.3,97.18054603083795,258.0,1.22,67.69521744720352
2026-10-04T07:45:00+05:30,Galle_Southern,26.6,97.79822857860427,310.0,1.23,63.99761296261394
2026-10-04T08:00:00+05:30,Galle_Southern,27.0,98.47698721104268,362.0,1.28,60.305767481332765
2026-10-04T08:15:00+05:30,Galle_Southern,27.3,99.22927628924663,419.0,1.32,56.62082739306711
2026-10-04T08:30:00+05:30,Galle_Southern,27.6,100.07086067871899,480.0,1.31,52.9442543012573
2026-10-04T08:45:00+05:30,Galle_Southern,27.9,101.02201452095119,541.0,1.35,49.277939585977954
2026-10-04T09:00:00+05:30,Galle_Southern,28.1,102.10926253963567,600.0,1.35,45.624374483192064
2026-10-04T09:15:00+05:30,Galle_Southern,28.4,103.36796739236888,651.0,1.35,41.986905620835
2026-10-04T09:30:00+05:30,Galle_Southern,28.6,104.84626929549063,695.0,1.44,38.370128245137764
2026-10-04T09:45:00+05:30,Galle_Southern,28.9,106.61124170645633,732.0,1.56,34.780514904131884
2026-10-04T10:00:00+05:30,Galle_Southern,29.1,108.7587769350016,763.0,1.65,31.22745166862174
2026-10-04T10:15:00+05:30,Galle_Southern,29.3,111.42989888717523,792.0,1.81,27.725010353314254
2026-10-04T10:30:00+05:30,Galle_Southern,29.5,114.83830394802305,816.0,1.94,24.295110004920645
2026-10-04T10:45:00+05:30,Galle_Southern,29.6,119.317267486518,834.0,2.07,20.973385907498923
2026-10-04T11:00:00+05:30,Galle_Southern,29.8,125.39685148362753,849.0,2.28,17.820447685659715
2026-10-04T11:15:00+05:30,Galle_Southern,29.9,133.90969047030296,859.0,2.41,14.943530060885053
2026-10-04T11:30:00+05:30,Galle_Southern,30.0,146.021548579541,866.0,2.55,12.534170024536337
2026-10-04T11:45:00+05:30,Galle_Southern,30.0,162.69459435528108,868.0,2.69,10.906764232764885
2026-10-04T12:00:00+05:30,Galle_Southern,30.0,182.83662514998545,865.0,2.86,10.433858939598252
2026-10-04T12:15:00+05:30,Galle_Southern,30.0,202.32035130894639,856.0,3.02,11.261841883358343
2026-10-04T12:30:00+05:30,Galle_Southern,30.0,217.68854057516708,841.0,3.13,13.147180194134023
2026-10-04T12:45:00+05:30,Galle_Southern,29.9,228.66265866125266,822.0,3.29,15.713781470807461
2026-10-04T13:00:00+05:30,Galle_Southern,29.8,236.38687199965528,798.0,3.4,18.68294474488667
2026-10-04T13:15:00+05:30,Galle_Southern,29.7,241.94755396612874,770.0,3.49,21.891467051124167
2026-10-04T13:30:00+05:30,Galle_Southern,29.6,246.08189076204206,740.0,3.58,25.248248015708825
2026-10-04T13:45:00+05:30,Galle_Southern,29.5,249.2548511569513,707.0,3.63,28.701302483482486
2026-10-04T14:00:00+05:30,Galle_Southern,29.3,251.75986460646294,668.0,3.66,32.21967855074062
2026-10-04T14:15:00+05:30,Galle_Southern,29.2,253.78651875491653,623.0,3.64,35.78410014900076
2026-10-04T14:30:00+05:30,Galle_Southern,29.0,255.46098547903512,571.0,3.56,39.38205238198753
2026-10-04T14:45:00+05:30,Galle_Southern,28.8,256.8697558449768,517.0,3.42,43.00510598835489
2026-10-04T15:00:00+05:30,Galle_Southern,28.7,258.0737765790622,465.0,3.28,46.6473980518094
2026-10-04T15:15:00+05:30,Galle_Southern,28.4,259.1170811015626,421.0,3.08,50.30473462730521
2026-10-04T15:30:00+05:30,Galle_Southern,28.2,260.03220592830354,381.0,2.84,53.974042330340176
2026-10-04T15:45:00+05:30,Galle_Southern,28.0,260.84368230152216,344.0,2.61,57.65302001146474
2026-10-04T16:00:00+05:30,Galle_Southern,27.7,261.5703456095233,305.0,2.35,61.3399114154317
2026-10-04T16:15:00+05:30,Galle_Southern,27.5,262.22689977298455,265.0,2.11,65.03335426142469
2026-10-04T16:30:00+05:30,Galle_Southern,27.2,262.8249999346834,226.0,1.92,68.73227559227668
2026-10-04T16:45:00+05:30,Galle_Southern,27.0,263.3740173120984,186.0,1.81,72.43581831342868
2026-10-04T17:00:00+05:30,Galle_Southern,26.8,263.88159003103715,145.0,1.73,76.14329008433477
2026-10-04T17:15:00+05:30,Galle_Southern,26.6,264.3540266776207,103.0,1.7,79.85412496114475
2026-10-04T17:30:00+05:30,Galle_Southern,26.4,264.79660737867965,63.0,1.67,83.56785493787889
2026-10-04T17:45:00+05:30,Galle_Southern,26.2,265.21381268406986,29.0,1.66,87.28408998363919
2026-10-04T18:00:00+05:30,Galle_Southern,26.1,265.6095007004255,5.0,1.68,91.00250161292449
2026-10-04T18:15:00+05:30,Galle_Southern,25.9,265.98704743835987,0.0,1.66,94.72281010544633
2026-10-04T18:30:00+05:30,Galle_Southern,25.8,266.3494612625184,0.0,1.68,98.44477591153031
2026-10-04T18:45:00+05:30,Galle_Southern,25.7,266.6994792952537,0.0,1.7,102.16819154405262
2026-10-04T19:00:00+05:30,Galle_Southern,25.6,267.03965252348047,0.0,1.67,105.89287494546183
2026-10-04T19:15:00+05:30,Galle_Southern,25.5,267.3724254863415,0.0,1.71,109.61866543937374
2026-10-04T19:30:00+05:30,Galle_Southern,25.4,267.70021588119477,0.0,1.7,113.34541896647542
2026-10-04T19:45:00+05:30,Galle_Southern,25.3,268.0255004497719,0.0,1.7,117.07300384808892
2026-10-04T20:00:00+05:30,Galle_Southern,25.3,268.3509150142782,0.0,1.7,120.80129834693274
2026-10-04T20:15:00+05:30,Galle_Southern,25.2,268.67937905637234,0.0,1.71,124.53018678576348
2026-10-04T20:30:00+05:30,Galle_Southern,25.1,269.0142607670753,0.0,1.72,128.2595554480507
2026-10-04T20:45:00+05:30,Galle_Southern,25.0,269.3596074966765,0.0,1.73,131.98928937205275
2026-10-04T21:00:00+05:30,Galle_Southern,25.0,269.72048217159596,0.0,1.74,135.7192664693866
2026-10-04T21:15:00+05:30,Galle_Southern,24.9,270.10347607920676,0.0,1.69,139.4493495188563
2026-10-04T21:30:00+05:30,Galle_Southern,24.8,270.51752484702234,0.0,1.7,143.17937586783677
2026-10-04T21:45:00+05:30,Galle_Southern,24.8,270.97526757002686,0.0,1.7,146.90913870422617
2026-10-04T22:00:00+05:30,Galle_Southern,24.7,271.49543251816124,0.0,1.66,150.6383551169232
2026-10-04T22:15:00+05:30,Galle_Southern,24.7,272.1072930624929,0.0,1.61,154.36660889050904
2026-10-04T22:30:00+05:30,Galle_Southern,24.6,272.8596502482843,0.0,1.61,158.09323311403546
2026-10-04T22:45:00+05:30,Galle_Southern,24.6,273.84079985688567,0.0,1.61,161.81705004249818
2026-10-04T23:00:00+05:30,Galle_Southern,24.5,275.2291148427921,0.0,1.57,165.53571345992077
2026-10-04T23:15:00+05:30,Galle_Southern,24.5,277.447356089334,0.0,1.55,169.2436910148415
2026-10-04T23:30:00+05:30,Galle_Southern,24.4,281.7920750230798,0.0,1.55,172.92395714160244
2026-10-04T23:45:00+05:30,Galle_Southern,24.4,294.8181382401882,0.0,1.55,176.4880147260482
2026-10-05T00:00:00+05:30,Galle_Southern,24.3,20.457019318074913,0.0,1.59,178.42202761762854
2026-10-05T00:15:00+05:30,Galle_Southern,24.3,71.2184005130959,0.0,1.59,175.46810372014215
2026-10-05T00:30:00+05:30,Galle_Southern,24.2,79.9989667548765,0.0,1.63,171.84664944591952
2026-10-05T00:45:00+05:30,Galle_Southern,24.2,83.46119101999568,0.0,1.67,168.15496179643358
2026-10-05T01:00:00+05:30,Galle_Southern,24.1,85.36343264532627,0.0,1.66,164.4430641995506
2026-10-05T01:15:00+05:30,Galle_Southern,24.1,86.60491024884152,0.0,1.71,160.72273964210558
2026-10-05T01:30:00+05:30,Galle_Southern,24.1,87.50682228725208,0.0,1.75,156.99819532632097
2026-10-05T01:45:00+05:30,Galle_Southern,24.1,88.21223256181366,0.0,1.8,153.271320381892
2026-10-05T02:00:00+05:30,Galle_Southern,24.0,88.79458278454683,0.0,1.8,149.54310123447908
2026-10-05T02:15:00+05:30,Galle_Southern,24.0,89.29555513972963,0.0,1.85,145.81411482902067
2026-10-05T02:30:00+05:30,Galle_Southern,24.0,89.74067336315716,0.0,1.9,142.08473201734267
2026-10-05T02:45:00+05:30,Galle_Southern,23.9,90.1465461438894,0.0,1.95,138.35521091375136
2026-10-05T03:00:00+05:30,Galle_Southern,23.9,90.52454858544911,0.0,2.01,134.625745612196
2026-10-05T03:15:00+05:30,Galle_Southern,23.8,90.88283230605663,0.0,2.11,130.89649332364047
2026-10-05T03:30:00+05:30,Galle_Southern,23.7,91.2274895749747,0.0,2.16,127.16758915372233
2026-10-05T03:45:00+05:30,Galle_Southern,23.7,91.56326204728418,0.0,2.27,123.43915660836757
2026-10-05T04:00:00+05:30,Galle_Southern,23.6,91.89399215360913,0.0,2.33,119.71131491894756
2026-10-05T04:15:00+05:30,Galle_Southern,23.6,92.22292326444119,0.0,2.45,115.98418308638861
2026-10-05T04:30:00+05:30,Galle_Southern,23.6,92.55290800310195,0.0,2.51,112.25788446800263
2026-10-05T04:45:00+05:30,Galle_Southern,23.6,92.88655995911643,0.0,2.57,108.53255090790816
2026-10-05T05:00:00+05:30,Galle_Southern,23.6,93.22637056086432,0.0,2.62,104.80832526425235
2026-10-05T05:15:00+05:30,Galle_Southern,23.7,93.57480485206713,0.0,2.63,101.08536560205795
2026-10-05T05:30:00+05:30,Galle_Southern,23.8,93.93438595538674,0.0,2.62,97.36384979279306
2026-10-05T05:45:00+05:30,Galle_Southern,24.0,94.30777559920568,0.0,2.61,93.64397926993844
2026-10-05T06:00:00+05:30,Galle_Southern,24.3,94.69785645023723,0.0,2.54,89.92598522015216
2026-10-05T06:15:00+05:30,Galle_Southern,24.6,95.10782205262979,16.0,2.47,86.21013604901013
2026-10-05T06:30:00+05:30,Galle_Southern,24.9,95.54128058083893,54.0,2.4,82.49674508280874
2026-10-05T06:45:00+05:30,Galle_Southern,25.3,96.00237920431675,102.0,2.35,78.78618208868166
2026-10-05T07:00:00+05:30,Galle_Southern,25.7,96.49595821114582,159.0,2.26,75.07888793488621
2026-10-05T07:15:00+05:30,Galle_Southern,26.1,97.02774713052429,217.0,2.19,71.37539204252299
2026-10-05T07:30:00+05:30,Galle_Southern,26.5,97.60461912787031,274.0,2.14,67.67633723858496
2026-10-05T07:45:00+05:30,Galle_Southern,26.8,98.23492746673088,328.0,2.11,63.98251286285931
2026-10-05T08:00:00+05:30,Galle_Southern,27.2,98.92895867862785,382.0,2.08,60.29489810905257
2026-10-05T08:15:00+05:30,Galle_Southern,27.5,99.69955299270748,438.0,2.09,56.61472377169148
2026-10-05T08:30:00+05:30,Galle_Southern,27.8,100.56296945950385,495.0,2.06,52.94355889002975
2026-10-05T08:45:00+05:30,Galle_Southern,28.1,101.54011568714157,551.0,2.09,49.28343332267517
2026-10-05T09:00:00+05:30,Galle_Southern,28.3,102.65833064212643,604.0,2.1,45.637019344759
2026-10-05T09:15:00+05:30,Galle_Southern,28.5,103.95402665754875,653.0,2.15,42.00790403009318
2026-10-05T09:30:00+05:30,Galle_Southern,28.7,105.47669813389507,697.0,2.21,38.401007560109186
2026-10-05T09:45:00+05:30,Galle_Southern,28.9,107.29515562666774,736.0,2.28,34.82324985953935
2026-10-05T10:00:00+05:30,Galle_Southern,29.1,109.5074729070327,771.0,2.41,31.284644942657422
2026-10-05T10:15:00+05:30,Galle_Southern,29.2,112.25725224940038,805.0,2.53,27.800162195203676
2026-10-05T10:30:00+05:30,Galle_Southern,29.4,115.76071828551,840.0,2.66,24.393020390401603
2026-10-05T10:45:00+05:30,Galle_Southern,29.5,120.35189233651971,869.0,2.8,21.100731714698313
2026-10-05T11:00:00+05:30,Galle_Southern,29.6,126.55417924210883,886.0,3.0,17.98648874240297
2026-10-05T11:15:00+05:30,Galle_Southern,29.7,135.16985574430123,880.0,3.11,15.160424976075689
2026-10-05T11:30:00+05:30,Galle_Southern,29.8,147.27358700713756,849.0,3.17,12.814649867844523
2026-10-05T11:45:00+05:30,Galle_Southern,29.9,163.65130711390475,804.0,3.08,11.253630519007729
2026-10-05T12:00:00+05:30,Galle_Southern,29.9,183.1387053279721,762.0,2.89,10.82244672568281
2026-10-05T12:15:00+05:30,Galle_Southern,29.9,201.945232979384,737.0,2.69,11.647258288695895
2026-10-05T12:30:00+05:30,Galle_Southern,29.9,216.93983942187896,723.0,2.48,13.49977120394783
2026-10-05T12:45:00+05:30,Galle_Southern,29.8,227.79991846959456,715.0,2.33,16.027496577520267
2026-10-05T13:00:00+05:30,Galle_Southern,29.6,235.53223614994118,705.0,2.21,18.96229632326984
2026-10-05T13:15:00+05:30,Galle_Southern,29.4,241.14355268103813,687.0,2.06,22.142886302466167
2026-10-05T13:30:00+05:30,Galle_Southern,29.2,245.33793660535062,666.0,1.9,25.477366888687484
2026-10-05T13:45:00+05:30,Galle_Southern,28.9,248.56837277279823,643.0,1.75,28.912529464517092
2026-10-05T14:00:00+05:30,Galle_Southern,28.7,251.1246167641283,617.0,1.56,32.41636902746278
2026-10-05T14:15:00+05:30,Galle_Southern,28.4,253.1956662441871,588.0,1.43,35.96880780853942
2026-10-05T14:30:00+05:30,Galle_Southern,28.2,254.90816517455784,558.0,1.26,39.55674054444252
2026-10-05T14:45:00+05:30,Galle_Southern,27.9,256.34936979087274,525.0,1.12,43.17130477228385
2026-10-05T15:00:00+05:30,Galle_Southern,27.6,257.5810016002743,490.0,1.03,46.806317207733635
2026-10-05T15:15:00+05:30,Galle_Southern,27.3,258.64778368968507,454.0,1.0,50.45734408363024
2026-10-05T15:30:00+05:30,Galle_Southern,27.1,259.5828350397728,417.0,0.98,54.121130046765025
2026-10-05T15:45:00+05:30,Galle_Southern,26.8,260.41116663007983,378.0,1.02,57.79523400180154
2026-10-05T16:00:00+05:30,Galle_Southern,26.6,261.15200360091,336.0,1.15,61.47779068028291
2026-10-05T16:15:00+05:30,Galle_Southern,26.3,261.82036353515304,293.0,1.25,65.16735187109363
2026-10-05T16:30:00+05:30,Galle_Southern,26.1,262.42815162364377,250.0,1.37,68.86277615011461
2026-10-05T16:45:00+05:30,Galle_Southern,25.9,262.9849358571824,207.0,1.46,72.56315135058794
2026-10-05T17:00:00+05:30,Galle_Southern,25.7,263.49850604021924,161.0,1.6,76.26774046865155
2026-10-05T17:15:00+05:30,Galle_Southern,25.5,263.9752835646585,115.0,1.63,79.97594109459543
2026-10-05T17:30:00+05:30,Galle_Southern,25.4,264.42062700694834,70.0,1.72,83.68725530071416
2026-10-05T17:45:00+05:30,Galle_Southern,25.3,264.8390640309424,33.0,1.77,87.40126843026322
2026-10-05T18:00:00+05:30,Galle_Southern,25.1,265.2344701872679,6.0,1.79,91.11763172987507
2026-10-05T18:15:00+05:30,Galle_Southern,25.1,265.6102096390378,0.0,1.82,94.8360488609289
2026-10-05T18:30:00+05:30,Galle_Southern,25.0,265.9692486811147,0.0,1.84,98.55626677517924
2026-10-05T18:45:00+05:30,Galle_Southern,24.9,266.3142497838402,0.0,1.87,102.27806722944356
2026-10-05T19:00:00+05:30,Galle_Southern,24.8,266.6476526673624,0.0,1.86,106.00125989884954
2026-10-05T19:15:00+05:30,Galle_Southern,24.8,266.9717478728335,0.0,1.86,109.72567818963367
2026-10-05T19:30:00+05:30,Galle_Southern,24.7,267.28874753294076,0.0,1.85,113.4511744523871
2026-10-05T19:45:00+05:30,Galle_Southern,24.7,267.6008587224941,0.0,1.84,117.17761584618378
2026-10-05T20:00:00+05:30,Galle_Southern,24.6,267.91036574889483,0.0,1.81,120.90488215548342
2026-10-05T20:15:00+05:30,Galle_Southern,24.6,268.2197294480384,0.0,1.8,124.63286236173911
2026-10-05T20:30:00+05:30,Galle_Southern,24.6,268.53171571819496,0.0,1.77,128.36145127314717
2026-10-05T20:45:00+05:30,Galle_Southern,24.5,268.8495722220405,0.0,1.73,132.09054746419537
2026-10-05T21:00:00+05:30,Galle_Southern,24.5,269.17728383613485,0.0,1.7,135.82004917822724
2026-10-05T21:15:00+05:30,Galle_Southern,24.5,269.5199599519884,0.0,1.63,139.54984914464092
2026-10-05T21:30:00+05:30,Galle_Southern,24.5,269.8844492950053,0.0,1.6,143.27982886507726
2026-10-05T21:45:00+05:30,Galle_Southern,24.5,270.28036343102065,0.0,1.57,147.00984760224597
2026-10-05T22:00:00+05:30,Galle_Southern,24.4,270.72187489259835,0.0,1.51,150.73972405459395
2026-10-05T22:15:00+05:30,Galle_Southern,24.4,271.2310823270932,0.0,1.44,154.4692046026328
2026-10-05T22:30:00+05:30,Galle_Southern,24.4,271.8448155900487,0.0,1.42,158.1978971614522
2026-10-05T22:45:00+05:30,Galle_Southern,24.4,272.629834091096,0.0,1.39,161.9251245958099
2026-10-05T23:00:00+05:30,Galle_Southern,24.3,273.72160977142585,0.0,1.36,165.64955317582107
2026-10-05T23:15:00+05:30,Galle_Southern,24.3,275.4441076860588,0.0,1.36,169.36803958638282
2026-10-05T23:30:00+05:30,Galle_Southern,24.3,278.81077991936047,0.0,1.34,173.07078501374622
2026-10-05T23:45:00+05:30,Galle_Southern,24.2,289.30513065217644,0.0,1.34,176.70399884643922
2026-10-06T00:00:00+05:30,Galle_Southern,24.2,29.792435648399646,0.0,1.32,178.73972807224465
2026-10-06T00:15:00+05:30,Galle_Southern,24.1,76.17673589735631,0.0,1.32,175.5069144904706
2026-10-06T00:30:00+05:30,Galle_Southern,24.1,82.7594480160995,0.0,1.32,171.83538435789802
2026-10-06T00:45:00+05:30,Galle_Southern,24.0,85.36265215673683,0.0,1.32,168.12543398551912
2026-10-06T01:00:00+05:30,Galle_Southern,24.0,86.8157756188873,0.0,1.25,164.40457016330643
2026-10-06T01:15:00+05:30,Galle_Southern,23.9,87.78324252318498,0.0,1.21,160.67921741259258
2026-10-06T01:30:00+05:30,Galle_Southern,23.8,88.50156084871236,0.0,1.21,156.95167961864917
2026-10-06T01:45:00+05:30,Galle_Southern,23.8,89.07605273569703,0.0,1.21,153.22300358648226
2026-10-06T02:00:00+05:30,Galle_Southern,23.7,89.56085173882622,0.0,1.21,149.4937471327814
2026-10-06T02:15:00+05:30,Galle_Southern,23.7,89.98675491507038,0.0,1.16,145.76424713971443
2026-10-06T02:30:00+05:30,Galle_Southern,23.6,90.3726913094539,0.0,1.16,142.0347304012136
2026-10-06T02:45:00+05:30,Galle_Southern,23.6,90.73104671166601,0.0,1.16,138.3053641327067
2026-10-06T03:00:00+05:30,Galle_Southern,23.5,91.0703712485232,0.0,1.12,134.57628298839904
2026-10-06T03:15:00+05:30,Galle_Southern,23.5,91.39685921447904,0.0,1.1,130.84760441422966
2026-10-06T03:30:00+05:30,Galle_Southern,23.5,91.7152076439096,0.0,1.05,127.11943666620664
2026-10-06T03:45:00+05:30,Galle_Southern,23.5,92.02914059260559,0.0,1.01,123.39188526483471
2026-10-06T04:00:00+05:30,Galle_Southern,23.5,92.34174477115903,0.0,1.01,119.6650578098699
2026-10-06T04:15:00+05:30,Galle_Southern,23.5,92.65569466410886,0.0,0.94,115.93906644273306
2026-10-06T04:30:00+05:30,Galle_Southern,23.5,92.97341087543123,0.0,0.89,112.21403142077257
2026-10-06T04:45:00+05:30,Galle_Southern,23.6,93.29717783295649,0.0,0.83,108.49008461424087
2026-10-06T05:00:00+05:30,Galle_Southern,23.6,93.62923713116038,0.0,0.83,104.76737166004962
2026-10-06T05:15:00+05:30,Galle_Southern,23.7,93.97186687767311,0.0,0.76,101.04605597091557
2026-10-06T05:30:00+05:30,Galle_Southern,23.8,94.32745467697634,0.0,0.7,97.32632330508412
2026-10-06T05:45:00+05:30,Galle_Southern,24.0,94.69857025406299,0.0,0.63,93.60838562076377
2026-10-06T06:00:00+05:30,Galle_Southern,24.1,95.08804258255185,0.0,0.56,89.89248749546152
2026-10-06T06:15:00+05:30,Galle_Southern,24.4,95.49904675905469,16.0,0.5,86.17891395676867
2026-10-06T06:30:00+05:30,Galle_Southern,24.6,95.93520650966491,54.0,0.45,82.46799870062148
2026-10-06T06:45:00+05:30,Galle_Southern,24.8,96.40071897845314,104.0,0.43,78.76013631688134
2026-10-06T07:00:00+05:30,Galle_Southern,25.1,96.90051094422029,162.0,0.39,75.05579789248735
2026-10-06T07:15:00+05:30,Galle_Southern,25.4,97.44043885149631,220.0,0.43,71.35554971797092
2026-10-06T07:30:00+05:30,Galle_Southern,25.7,98.02754922103293,276.0,0.47,67.6600798138724
2026-10-06T07:45:00+05:30,Galle_Southern,26.0,98.67042371004015,328.0,0.55,63.970233276898085
2026-10-06T08:00:00+05:30,Galle_Southern,26.3,99.37964416798906,379.0,0.65,60.28705865768042
2026-10-06T08:15:00+05:30,Galle_Southern,26.6,100.1684292140618,429.0,0.81,56.6118738679627
2026-10-06T08:30:00+05:30,Galle_Southern,27.0,101.05352110205013,477.0,0.92,52.94635859522774
2026-10-06T08:45:00+05:30,Galle_Southern,27.3,102.05644450534146,521.0,1.03,49.29268501414516
2026-10-06T09:00:00+05:30,Galle_Southern,27.6,103.20532762595508,563.0,1.2,45.65371102897455
2026-10-06T09:15:00+05:30,Galle_Southern,27.9,104.53759341590171,602.0,1.31,42.03326960133182
2026-10-06T09:30:00+05:30,Galle_Southern,28.2,106.10402778757884,637.0,1.42,38.436612123639065
2026-10-06T09:45:00+05:30,Galle_Southern,28.5,107.97507481147915,669.0,1.53,34.871112628999484
2026-10-06T10:00:00+05:30,Galle_Southern,28.8,110.25081312592431,697.0,1.6,31.34741893159606
2026-10-06T10:15:00+05:30,Galle_Southern,29.0,113.07711312673428,722.0,1.71,27.881399186009062
2026-10-06T10:30:00+05:30,Galle_Southern,29.2,116.67217008619235,745.0,1.77,24.497558343249466
2026-10-06T10:45:00+05:30,Galle_Southern,29.4,121.36974986865681,763.0,1.84,21.23523126141191
2026-10-06T11:00:00+05:30,Galle_Southern,29.6,127.6849301070555,776.0,1.88,18.160035056907248
2026-10-06T11:15:00+05:30,Galle_Southern,29.7,136.3877156345178,780.0,1.93,15.384607517403182
2026-10-06T11:30:00+05:30,Galle_Southern,29.8,148.46383563002007,773.0,1.93,13.100880944148798
2026-10-06T11:45:00+05:30,Galle_Southern,29.8,164.5419514350292,761.0,1.93,11.602920430078896
2026-10-06T12:00:00+05:30,Galle_Southern,29.8,183.4116768542131,747.0,1.91,11.210271235670064
2026-10-06T12:15:00+05:30,Galle_Southern,29.8,201.58793911246477,736.0,1.85,12.031634252074596
2026-10-06T12:30:00+05:30,Galle_Southern,29.8,216.2252762300787,727.0,1.79,13.852713300988626
2026-10-06T12:45:00+05:30,Galle_Southern,29.7,226.9679423878238,718.0,1.72,16.34264938004557
2026-10-06T13:00:00+05:30,Galle_Southern,29.6,234.7010240891006,706.0,1.65,19.243527591755864
2026-10-06T13:15:00+05:30,Galle_Southern,29.5,240.35677235032995,690.0,1.58,22.396219062051145
2026-10-06T13:30:00+05:30,Galle_Southern,29.4,244.60673933382068,671.0,1.46,25.708235563604006
2026-10-06T13:45:00+05:30,Galle_Southern,29.2,247.89154373547137,649.0,1.35,29.125261065482135
2026-10-06T14:00:00+05:30,Galle_Southern,29.1,250.49684320275585,624.0,1.25,32.614293567043205
2026-10-06T14:15:00+05:30,Galle_Southern,28.9,252.6107372893169,597.0,1.16,36.154479067743935
2026-10-06T14:30:00+05:30,Galle_Southern,28.8,254.36013801702097,567.0,1.08,39.73213265296216
2026-10-06T14:45:00+05:30,Galle_Southern,28.6,255.83293419549614,535.0,1.01,43.337962415559645
2026-10-06T15:00:00+05:30,Galle_Southern,28.4,257.0915353663496,500.0,0.99,46.965465238563496
2026-10-06T15:15:00+05:30,Galle_Southern,28.2,258.18129660586783,464.0,0.96,50.60996663510827
2026-10-06T15:30:00+05:30,Galle_Southern,28.0,259.13588024915754,426.0,0.96,54.268027805668986
2026-10-06T15:45:00+05:30,Galle_Southern,27.8,259.9807499450243,386.0,0.97,57.93706606225405
2026-10-06T16:00:00+05:30,Galle_Southern,27.6,260.7355014672455,344.0,1.01,61.61510548478249
2026-10-06T16:15:00+05:30,Galle_Southern,27.4,261.41545228859945,300.0,1.08,65.30061037994837
2026-10-06T16:30:00+05:30,Galle_Southern,27.3,262.0327475344513,256.0,1.14,68.99236941590345
2026-10-06T16:45:00+05:30,Galle_Southern,27.1,262.597144398729,211.0,1.22,72.68941401956542
2026-10-06T17:00:00+05:30,Galle_Southern,27.0,263.11657858577814,164.0,1.26,76.39096127956665
2026-10-06T17:15:00+05:30,Galle_Southern,26.9,263.5975797891755,116.0,1.3,80.09637114850383
2026-10-06T17:30:00+05:30,Galle_Southern,26.7,264.0455814404234,69.0,1.35,83.80511464925603
2026-10-06T17:45:00+05:30,Galle_Southern,26.6,264.46515536958714,31.0,1.4,87.51675139770265
2026-10-06T18:00:00+05:30,Galle_Southern,26.5,264.8601920717757,5.0,1.45,91.23091126374686
2026-10-06T18:15:00+05:30,Galle_Southern,26.4,265.23404165652585,0.0,1.46,94.94728014796326
2026-10-06T18:30:00+05:30,Galle_Southern,26.3,265.58962630642,0.0,1.51,98.66559029734239
2026-10-06T18:45:00+05:30,Galle_Southern,26.2,265.9295318419713,0.0,1.52,102.38561140373301
2026-10-06T19:00:00+05:30,Galle_Southern,26.1,266.25608464375085,0.0,1.58,106.10714341962002
2026-10-06T19:15:00+05:30,Galle_Southern,26.0,266.57141897289495,0.0,1.58,109.83001217497706
2026-10-06T19:30:00+05:30,Galle_Southern,25.9,266.87753874113173,0.0,1.59,113.55406449836111
2026-10-06T19:45:00+05:30,Galle_Southern,25.8,267.1763781067964,0.0,1.6,117.27916408989104
2026-10-06T20:00:00+05:30,Galle_Southern,25.7,267.46986571056505,0.0,1.66,121.00518946293892
2026-10-06T20:15:00+05:30,Galle_Southern,25.6,267.75999823342437,0.0,1.66,124.73203079521998
2026-10-06T20:30:00+05:30,Galle_Southern,25.5,268.04893171748824,0.0,1.68,128.45958704090606
2026-10-06T20:45:00+05:30,Galle_Southern,25.4,268.33910341207456,0.0,1.69,132.1877646520007
2026-10-06T21:00:00+05:30,Galle_Southern,25.3,268.63340442962647,0.0,1.69,135.9164747252022
2026-10-06T21:15:00+05:30,Galle_Southern,25.2,268.9354384290628,0.0,1.66,139.6456298068819
2026-10-06T21:30:00+05:30,Galle_Southern,25.1,269.2499296478564,0.0,1.66,143.3751414350515
2026-10-06T21:45:00+05:30,Galle_Southern,25.0,269.5834001348632,0.0,1.66,147.10491463369434
2026-10-06T22:00:00+05:30,Galle_Southern,24.9,269.9453588062583,0.0,1.68,150.8348393361496
2026-09-29T22:15:00+05:30,Badulla_Uva,23.2,278.6407532095515,0.0,0.41,154.46357079650076
2026-09-29T22:30:00+05:30,Badulla_Uva,23.0,280.4975204506294,0.0,0.41,158.13576234325092
2026-09-29T22:45:00+05:30,Badulla_Uva,22.8,283.0232732934397,0.0,0.46,161.78206871287023
2026-09-29T23:00:00+05:30,Badulla_Uva,22.6,286.70901302627976,0.0,0.61,165.38296299444852
2026-09-29T23:15:00+05:30,Badulla_Uva,22.4,292.6421618053747,0.0,0.71,168.89403960244027
2026-09-29T23:30:00+05:30,Badulla_Uva,22.2,303.63666915921226,0.0,0.81,172.19300925324066
2026-09-29T23:45:00+05:30,Badulla_Uva,22.1,327.70197623882245,0.0,0.86,174.85418008408362
2026-09-30T00:00:00+05:30,Badulla_Uva,21.9,12.953575715228055,0.0,0.91,175.53524505227367
2026-09-30T00:15:00+05:30,Badulla_Uva,21.7,47.66219770588822,0.0,0.96,173.5725123674184
2026-09-30T00:30:00+05:30,Badulla_Uva,21.6,63.26104793485638,0.0,0.96,170.48085738452716
2026-09-30T00:45:00+05:30,Badulla_Uva,21.4,71.0226488944752,0.0,0.96,167.04482491183745
2026-09-30T01:00:00+05:30,Badulla_Uva,21.2,75.56455522028529,0.0,0.91,163.47797654631427
2026-09-30T01:15:00+05:30,Badulla_Uva,21.1,78.55030841961377,0.0,0.91,159.8497524355388
2026-09-30T01:30:00+05:30,Badulla_Uva,21.0,80.68033745532301,0.0,0.86,156.18828912863103
2026-09-30T01:45:00+05:30,Badulla_Uva,20.9,82.29377683043992,0.0,0.81,152.50696681124072
2026-09-30T02:00:00+05:30,Badulla_Uva,20.9,83.57328359033852,0.0,0.76,148.81292534374063
2026-09-30T02:15:00+05:30,Badulla_Uva,20.9,84.62557962496686,0.0,0.71,145.1103181438854
2026-09-30T02:30:00+05:30,Badulla_Uva,20.9,85.51713071644872,0.0,0.66,141.40173015496217
2026-09-30T02:45:00+05:30,Badulla_Uva,20.9,86.29152213212194,0.0,0.66,137.68886002948105
2026-09-30T03:00:00+05:30,Badulla_Uva,20.9,86.97858816798424,0.0,0.66,133.9728771943554
2026-09-30T03:15:00+05:30,Badulla_Uva,20.9,87.59951649189844,0.0,0.66,130.25462087048692
2026-09-30T03:30:00+05:30,Badulla_Uva,20.9,88.16985375211732,0.0,0.71,126.53471571813319
2026-09-30T03:45:00+05:30,Badulla_Uva,20.9,88.70135475147742,0.0,0.81,122.81364411827236
2026-09-30T04:00:00+05:30,Badulla_Uva,20.8,89.20316490985635,0.0,0.91,119.0917927207615
2026-09-30T04:15:00+05:30,Badulla_Uva,20.7,89.68260328649433,0.0,1.01,115.3694821570056
2026-09-30T04:30:00+05:30,Badulla_Uva,20.6,90.14569804198646,0.0,1.06,111.64698884686722
2026-09-30T04:45:00+05:30,Badulla_Uva,20.4,90.59756487680102,0.0,1.06,107.92456091654833
2026-09-30T05:00:00+05:30,Badulla_Uva,20.1,91.04268413099408,0.0,1.06,104.20242891205055
2026-09-30T05:15:00+05:30,Badulla_Uva,19.9,91.48511157288931,0.0,1.0,100.480815716319
2026-09-30T05:30:00+05:30,Badulla_Uva,19.8,91.92864654831226,0.0,0.96,96.75994514024501
2026-09-30T05:45:00+05:30,Badulla_Uva,19.7,92.37697400871616,0.0,0.96,93.04004840363207
2026-09-30T06:00:00+05:30,Badulla_Uva,19.8,92.83379220523705,1.0,0.96,89.32137208464279
2026-09-30T06:15:00+05:30,Badulla_Uva,20.0,93.30293605799591,24.0,0.96,85.60418656384034
2026-09-30T06:30:00+05:30,Badulla_Uva,20.5,93.7885052802435,64.0,0.91,81.88879402798358
2026-09-30T06:45:00+05:30,Badulla_Uva,21.4,94.29500596514407,112.0,0.81,78.17553965641874
2026-09-30T07:00:00+05:30,Badulla_Uva,22.8,94.82751615926281,167.0,0.67,74.46482529601339
2026-09-30T07:15:00+05:30,Badulla_Uva,24.1,95.39188858363383,225.0,0.52,70.75712520059416
2026-09-30T07:30:00+05:30,Badulla_Uva,25.2,95.99500735887636,288.0,0.38,67.05300830785413
2026-09-30T07:45:00+05:30,Badulla_Uva,25.9,96.64512301676285,353.0,0.22,63.353167684904804
2026-09-30T08:00:00+05:30,Badulla_Uva,26.5,97.35230092692825,420.0,0.07,59.65845878860617
2026-09-30T08:15:00+05:30,Badulla_Uva,26.9,98.12903446913731,486.0,0.1,55.96995423073672
2026-09-30T08:30:00+05:30,Badulla_Uva,27.4,98.99110209611615,549.0,0.25,52.289020835085395
2026-09-30T08:45:00+05:30,Badulla_Uva,27.9,99.95879198472045,609.0,0.36,48.61742900233154
2026-09-30T09:00:00+05:30,Badulla_Uva,28.4,101.05869116086342,666.0,0.41,44.957516036078125
2026-09-30T09:15:00+05:30,Badulla_Uva,28.9,102.32636398906533,719.0,0.52,41.312433183024595
2026-09-30T09:30:00+05:30,Badulla_Uva,29.4,103.81046929354102,769.0,0.67,37.68652890371041
2026-09-30T09:45:00+05:30,Badulla_Uva,29.9,105.57926941121929,814.0,0.91,34.08596794667846
2026-09-30T10:00:00+05:30,Badulla_Uva,30.3,107.73123767630744,851.0,1.22,30.519764556020654
2026-09-30T10:15:00+05:30,Badulla_Uva,30.8,110.41289006504189,878.0,1.51,27.001577242001282
2026-09-30T10:30:00+05:30,Badulla_Uva,31.2,113.84962123457211,888.0,1.76,23.552974078175254
2026-09-30T10:45:00+05:30,Badulla_Uva,31.5,118.39992676916586,889.0,1.91,20.209649545811814
2026-09-30T11:00:00+05:30,Badulla_Uva,31.7,124.64871254127337,894.0,2.0,17.033747933675627
2026-09-30T11:15:00+05:30,Badulla_Uva,31.9,133.54443314899027,912.0,2.1,14.138584751077033
2026-09-30T11:30:00+05:30,Badulla_Uva,32.1,146.4583112928974,947.0,2.2,11.733874308713553
2026-09-30T11:45:00+05:30,Badulla_Uva,32.5,164.5005327487503,985.0,2.4,10.173584861592957
2026-09-30T12:00:00+05:30,Badulla_Uva,32.9,186.08629330977476,1012.0,2.6,9.866812287720336
2026-09-30T12:15:00+05:30,Badulla_Uva,33.2,206.14057675237623,1017.0,2.81,10.919723947920517
2026-09-30T12:30:00+05:30,Badulla_Uva,33.4,221.25097960623256,1003.0,3.01,13.006184878330174
2026-09-30T12:45:00+05:30,Badulla_Uva,33.5,231.7226989137563,977.0,3.21,15.719892792618367
2026-09-30T13:00:00+05:30,Badulla_Uva,33.6,238.98838380257274,945.0,3.45,18.791016309428983
2026-09-30T13:15:00+05:30,Badulla_Uva,33.4,244.19278872501613,911.0,3.65,22.07083532610241
2026-09-30T13:30:00+05:30,Badulla_Uva,32.8,248.06207004480493,880.0,3.75,25.47886081761223
2026-09-30T13:45:00+05:30,Badulla_Uva,31.6,251.03963577896056,842.0,3.76,28.969857154890228
2026-09-30T14:00:00+05:30,Badulla_Uva,29.8,253.40067023638116,789.0,3.78,32.51708694018371
2026-09-30T14:15:00+05:30,Badulla_Uva,28.0,255.3214040737447,711.0,3.72,36.103952250523406
2026-09-30T14:30:00+05:30,Badulla_Uva,26.8,256.91858201216843,607.0,3.4,39.719688029270586
2026-09-30T14:45:00+05:30,Badulla_Uva,26.3,258.27206584978137,497.0,2.6,43.35704221454098
2026-09-30T15:00:00+05:30,Badulla_Uva,26.4,259.43810521818256,405.0,1.55,47.01096585846595
2026-09-30T15:15:00+05:30,Badulla_Uva,26.6,260.45737057765075,343.0,1.18,50.6778418046604
2026-09-30T15:30:00+05:30,Badulla_Uva,26.6,261.3599680694338,304.0,1.46,54.355014193340274
2026-09-30T15:45:00+05:30,Badulla_Uva,26.5,262.1686624455128,275.0,1.56,58.04048959591741
2026-09-30T16:00:00+05:30,Badulla_Uva,26.4,262.9010055964314,247.0,1.5,61.7327418806255
2026-09-30T16:15:00+05:30,Badulla_Uva,26.2,263.57077815813363,214.0,1.52,65.43058274577541
2026-09-30T16:30:00+05:30,Badulla_Uva,26.0,264.18898834722495,181.0,1.58,69.13307164080479
2026-09-30T16:45:00+05:30,Badulla_Uva,25.8,264.7645795295064,148.0,1.54,72.83945237203922
2026-09-30T17:00:00+05:30,Badulla_Uva,25.6,265.30494240100063,117.0,1.39,76.54910902703529
2026-09-30T17:15:00+05:30,Badulla_Uva,25.3,265.8162933868597,86.0,1.3,80.26153255458665
2026-09-30T17:30:00+05:30,Badulla_Uva,25.0,266.3039608261945,56.0,1.2,83.97629575541015
2026-09-30T17:45:00+05:30,Badulla_Uva,24.6,266.7726072732048,29.0,1.05,87.69303566968269
2026-09-30T18:00:00+05:30,Badulla_Uva,24.2,267.226407298714,5.0,0.96,91.41143865495485
2026-09-30T18:15:00+05:30,Badulla_Uva,23.9,267.66919546696073,0.0,1.03,95.13122841774353
2026-09-30T18:30:00+05:30,Badulla_Uva,23.6,268.1045957816325,0.0,1.05,98.85215761372184
2026-09-30T18:45:00+05:30,Badulla_Uva,23.4,268.5361414814428,0.0,0.85,102.57399934151371
2026-09-30T19:00:00+05:30,Badulla_Uva,23.3,268.96739386376447,0.0,0.52,106.296539471323
2026-09-30T19:15:00+05:30,Badulla_Uva,23.3,269.40206908033076,0.0,0.16,110.01957081217009
2026-09-30T19:30:00+05:30,Badulla_Uva,23.2,269.84418278176094,0.0,0.1,113.74288562688284
2026-09-30T19:45:00+05:30,Badulla_Uva,23.2,270.29822595030777,0.0,0.22,117.46626742486346
2026-09-30T20:00:00+05:30,Badulla_Uva,23.1,270.76939043697837,0.0,0.39,121.18948281887418
2026-09-30T20:15:00+05:30,Badulla_Uva,23.1,271.2638708765943,0.0,0.51,124.91226943481396
2026-09-30T20:30:00+05:30,Badulla_Uva,23.0,271.7892847953585,0.0,0.54,128.6343198748525
2026-09-30T20:45:00+05:30,Badulla_Uva,22.9,272.3552778244987,0.0,0.3,132.35526085350398
2026-09-30T21:00:00+05:30,Badulla_Uva,22.8,272.97442441514556,0.0,0.16,136.07462058981537
2026-09-30T21:15:00+05:30,Badulla_Uva,22.6,273.6636153962526,0.0,0.53,139.7917791973663
2026-09-30T21:30:00+05:30,Badulla_Uva,22.5,274.4462767558245,0.0,0.79,143.50589139183893
2026-09-30T21:45:00+05:30,Badulla_Uva,22.4,275.3560687846462,0.0,0.87,147.2157554603196
2026-09-30T22:00:00+05:30,Badulla_Uva,22.2,276.44336242417,0.0,0.87,150.9195837474395
2026-09-30T22:15:00+05:30,Badulla_Uva,22.1,277.78725823100706,0.0,0.84,154.6145768266631
2026-09-30T22:30:00+05:30,Badulla_Uva,22.0,279.5195319791017,0.0,0.81,158.29606672625025
2026-09-30T22:45:00+05:30,Badulla_Uva,21.9,281.8767644947718,0.0,0.81,161.95563177371656
2026-09-30T23:00:00+05:30,Badulla_Uva,21.8,285.3274076582753,0.0,0.81,165.57641855486952
2026-09-30T23:15:00+05:30,Badulla_Uva,21.7,290.93004459528936,0.0,0.76,169.11948479986665
2026-09-30T23:30:00+05:30,Badulla_Uva,21.5,301.5374178671708,0.0,0.76,172.47408128950883
2026-09-30T23:45:00+05:30,Badulla_Uva,21.4,326.0632235046289,0.0,0.76,175.22477469322308
2026-10-01T00:00:00+05:30,Badulla_Uva,21.2,15.279264612473185,0.0,0.71,175.89193157855897
2026-10-01T00:15:00+05:30,Badulla_Uva,21.1,50.80248555483206,0.0,0.71,173.7662579098527
2026-10-01T00:30:00+05:30,Badulla_Uva,20.9,65.59710355242191,0.0,0.71,170.57919567310282
2026-10-01T00:45:00+05:30,Badulla_Uva,20.7,72.78154724396495,0.0,0.71,167.09456741509655
2026-10-01T01:00:00+05:30,Badulla_Uva,20.5,76.95825945074768,0.0,0.76,163.49992670657463
2026-10-01T01:15:00+05:30,Badulla_Uva,20.2,79.7019058708309,0.0,0.8,159.85417561638684
2026-10-01T01:30:00+05:30,Badulla_Uva,20.0,81.6625548143499,0.0,0.8,156.18087681973648
2026-10-01T01:45:00+05:30,Badulla_Uva,19.9,83.15213482799902,0.0,0.75,152.49117521811473
2026-10-01T02:00:00+05:30,Badulla_Uva,19.8,84.337879434836,0.0,0.6,148.79100494934403
2026-10-01T02:15:00+05:30,Badulla_Uva,19.7,85.31726086005261,0.0,0.5,145.0838168885743
2026-10-01T02:30:00+05:30,Badulla_Uva,19.6,86.15091101749192,0.0,0.5,141.37176114451162
2026-10-01T02:45:00+05:30,Badulla_Uva,19.5,86.87857478157616,0.0,0.65,137.65625407927257
2026-10-01T03:00:00+05:30,Badulla_Uva,19.5,87.52746609050064,0.0,0.91,133.93827478095864
2026-10-01T03:15:00+05:30,Badulla_Uva,19.5,88.11693046780357,0.0,1.21,130.21853022885927
2026-10-01T03:30:00+05:30,Badulla_Uva,19.4,88.66118701608355,0.0,1.41,126.49755105803862
2026-10-01T03:45:00+05:30,Badulla_Uva,19.3,89.17101425849756,0.0,1.51,122.77575167929709
2026-10-01T04:00:00+05:30,Badulla_Uva,19.2,89.65482803207016,0.0,1.6,119.05346911485003
2026-10-01T04:15:00+05:30,Badulla_Uva,19.0,90.11939565440224,0.0,1.65,115.33098769986505
2026-10-01T04:30:00+05:30,Badulla_Uva,18.9,90.57032498083873,0.0,1.65,111.6085575494711
2026-10-01T04:45:00+05:30,Badulla_Uva,18.8,91.01241096214261,0.0,1.65,107.88640822702934
2026-10-01T05:00:00+05:30,Badulla_Uva,18.8,91.44989053572039,0.0,1.6,104.1647579363949
2026-10-01T05:15:00+05:30,Badulla_Uva,18.8,91.88663784259217,0.0,1.56,100.44382242495531
2026-10-01T05:30:00+05:30,Badulla_Uva,18.8,92.32632148836313,0.0,1.51,96.72382292914338
2026-10-01T05:45:00+05:30,Badulla_Uva,18.9,92.77253910979584,0.0,1.46,93.00499229756223
2026-10-01T06:00:00+05:30,Badulla_Uva,19.1,93.22894023248614,1.0,1.45,89.28758281085497
2026-10-01T06:15:00+05:30,Badulla_Uva,19.3,93.69934692166959,23.0,1.4,85.57187471787641
2026-10-01T06:30:00+05:30,Badulla_Uva,19.9,94.1878810292202,63.0,1.35,81.85818453590228
2026-10-01T06:45:00+05:30,Badulla_Uva,21.0,94.69910663907285,114.0,1.3,78.14687676470459
2026-10-01T07:00:00+05:30,Badulla_Uva,22.4,95.23819828465508,173.0,1.25,74.438378357343
2026-10-01T07:15:00+05:30,Badulla_Uva,23.9,95.8111483118575,231.0,1.15,70.73319559071338
2026-10-01T07:30:00+05:30,Badulla_Uva,25.0,96.42503063021468,286.0,1.0,67.03193791254378
2026-10-01T07:45:00+05:30,Badulla_Uva,25.7,97.08834575312852,338.0,0.8,63.33534954294304
2026-10-01T08:00:00+05:30,Badulla_Uva,26.2,97.81148318098178,388.0,0.56,59.644350713100124
2026-10-01T08:15:00+05:30,Badulla_Uva,26.6,98.60735378134484,441.0,0.36,55.96009657234722
2026-10-01T08:30:00+05:30,Badulla_Uva,27.0,99.49227321159645,496.0,0.3,52.284060067695094
2026-10-01T08:45:00+05:30,Badulla_Uva,27.6,100.48722274086509,551.0,0.38,48.618149628197095
2026-10-01T09:00:00+05:30,Badulla_Uva,28.1,101.61968790854968,599.0,0.49,44.96488457295687
2026-10-01T09:15:00+05:30,Badulla_Uva,28.6,102.9264043179104,635.0,0.61,41.32766003252929
2026-10-01T09:30:00+05:30,Badulla_Uva,29.1,104.45756405053686,656.0,0.78,37.71115721977147
2026-10-01T09:45:00+05:30,Badulla_Uva,29.4,106.28343573018799,666.0,0.98,34.12200406218031
2026-10-01T10:00:00+05:30,Badulla_Uva,29.6,108.50508559091708,672.0,1.22,30.56987347689053
2026-10-01T10:15:00+05:30,Badulla_Uva,29.7,111.27224056041814,679.0,1.42,27.069380860347003
2026-10-01T10:30:00+05:30,Badulla_Uva,29.9,114.81377336821527,690.0,1.63,23.643509042617765
2026-10-01T10:45:00+05:30,Badulla_Uva,30.2,119.49019497316255,698.0,1.79,20.33005286415417
2026-10-01T11:00:00+05:30,Badulla_Uva,30.5,125.88067214367737,694.0,1.87,17.194160564135515
2026-10-01T11:15:00+05:30,Badulla_Uva,30.7,134.9001738797005,668.0,1.98,14.35272781169644
2026-10-01T11:30:00+05:30,Badulla_Uva,30.7,147.80914166321003,616.0,2.02,12.016517564525017
2026-10-01T11:45:00+05:30,Badulla_Uva,30.2,165.494947071591,553.0,2.06,10.527456775865431
2026-10-01T12:00:00+05:30,Badulla_Uva,29.3,186.3122371462896,501.0,2.14,10.261239117114599
2026-10-01T12:15:00+05:30,Badulla_Uva,28.5,205.6482325259779,478.0,2.16,11.30459202737029
2026-10-01T12:30:00+05:30,Badulla_Uva,28.0,220.41717315979258,476.0,2.14,13.354007180693841
2026-10-01T12:45:00+05:30,Badulla_Uva,27.9,230.81139578149717,489.0,2.12,16.02809351468393
2026-10-01T13:00:00+05:30,Badulla_Uva,28.0,238.1076914099977,511.0,2.06,19.06578156521583
2026-10-01T13:15:00+05:30,Badulla_Uva,28.3,243.37482334043992,543.0,1.95,22.319082308214817
2026-10-01T13:30:00+05:30,Badulla_Uva,28.5,247.31052599645545,602.0,1.76,25.706243928433736
2026-10-01T13:45:00+05:30,Badulla_Uva,28.8,250.3489777749342,660.0,1.47,29.18066765320244
2026-10-01T14:00:00+05:30,Badulla_Uva,29.1,252.76310665127573,684.0,1.34,32.71453938068982
2026-10-01T14:15:00+05:30,Badulla_Uva,29.3,254.72927239245945,646.0,1.44,36.29047229171398
2026-10-01T14:30:00+05:30,Badulla_Uva,29.1,256.36506378049074,553.0,1.52,39.89713235335708
2026-10-01T14:45:00+05:30,Badulla_Uva,28.0,257.75130591513306,440.0,1.2,43.52685525361309
2026-10-01T15:00:00+05:30,Badulla_Uva,26.4,258.9451320016202,341.0,0.85,47.17428974286646
2026-10-01T15:15:00+05:30,Badulla_Uva,24.8,259.9879636211615,275.0,1.01,50.83559378148789
2026-10-01T15:30:00+05:30,Badulla_Uva,23.7,260.91052497832845,229.0,1.21,54.50794176767135
2026-10-01T15:45:00+05:30,Badulla_Uva,23.3,261.7360816403443,193.0,0.98,58.18921039213241
2026-10-01T16:00:00+05:30,Badulla_Uva,23.3,262.48258796765424,162.0,0.5,61.877772908228366
2026-10-01T16:15:00+05:30,Badulla_Uva,23.4,263.1641460645945,133.0,0.3,65.57236223645384
2026-10-01T16:30:00+05:30,Badulla_Uva,23.5,263.7920190713661,106.0,0.54,69.2719756054851
2026-10-01T16:45:00+05:30,Badulla_Uva,23.3,264.37535023971157,83.0,0.63,72.97580736052838
2026-10-01T17:00:00+05:30,Badulla_Uva,23.1,264.92168400101525,66.0,0.9,76.6832021241454
2026-10-01T17:15:00+05:30,Badulla_Uva,22.8,265.4373510296824,54.0,1.32,80.39361935787853
2026-10-01T17:30:00+05:30,Badulla_Uva,22.6,265.9277592324239,43.0,1.59,84.10660686332366
2026-10-01T17:45:00+05:30,Badulla_Uva,22.5,266.3976192723134,26.0,1.54,87.8217820872037
2026-10-01T18:00:00+05:30,Badulla_Uva,22.4,266.8511241906511,5.0,1.33,91.53881641281131
2026-10-01T18:15:00+05:30,Badulla_Uva,22.3,267.2920979013906,0.0,1.15,95.25742265433641
2026-10-01T18:30:00+05:30,Badulla_Uva,22.2,267.72412385103564,0.0,1.08,98.97734631943398
2026-10-01T18:45:00+05:30,Badulla_Uva,22.3,268.1506626265883,0.0,0.89,102.69835694840759
2026-10-01T19:00:00+05:30,Badulla_Uva,22.4,268.57516697378276,0.0,0.57,106.42024046527155
2026-10-01T19:15:00+05:30,Badulla_Uva,22.5,269.00120279465773,0.0,0.3,110.14279355670739
2026-10-01T19:30:00+05:30,Badulla_Uva,22.5,269.4325854208658,0.0,0.21,113.86581661652487
2026-10-01T19:45:00+05:30,Badulla_Uva,22.5,269.87354361114933,0.0,0.25,117.589106251819
2026-10-01T20:00:00+05:30,Badulla_Uva,22.4,270.32892842321553,0.0,0.36,121.31244821405511
2026-10-01T20:15:00+05:30,Badulla_Uva,22.4,270.80449156139576,0.0,0.49,125.03560691059337
2026-10-01T20:30:00+05:30,Badulla_Uva,22.3,271.3072717661868,0.0,0.54,128.75831172674978
2026-10-01T20:45:00+05:30,Badulla_Uva,22.4,271.84615098613784,0.0,0.47,132.48023967287213
2026-10-01T21:00:00+05:30,Badulla_Uva,22.5,272.43268232158186,0.0,0.32,136.2009880909618
2026-10-01T21:15:00+05:30,Badulla_Uva,22.6,273.0823669552214,0.0,0.16,139.92003328216623
2026-10-01T21:30:00+05:30,Badulla_Uva,22.6,273.8166999867111,0.0,0.11,143.63666638605025
2026-10-01T21:45:00+05:30,Badulla_Uva,22.5,274.6665905544643,0.0,0.18,147.3498841890932
2026-10-01T22:00:00+05:30,Badulla_Uva,22.4,275.6783718477648,0.0,0.32,151.05819746617803
2026-10-01T22:15:00+05:30,Badulla_Uva,22.2,276.9250106403506,0.0,0.43,154.75927436492748
2026-10-01T22:30:00+05:30,Badulla_Uva,22.1,278.5285965020174,0.0,0.5,158.44921852683828
2026-10-01T22:45:00+05:30,Badulla_Uva,22.1,280.70980122480614,0.0,0.46,162.12096795791973
2026-10-01T23:00:00+05:30,Badulla_Uva,22.1,283.91036418330566,0.0,0.39,165.76027206871746
2026-10-01T23:15:00+05:30,Badulla_Uva,22.0,289.14804729512826,0.0,0.32,169.33369372026576
2026-10-01T23:30:00+05:30,Badulla_Uva,22.0,299.27777728460364,0.0,0.25,172.74305991857923
2026-10-01T23:45:00+05:30,Badulla_Uva,21.9,324.1414189274659,0.0,0.29,175.58969633908734
2026-10-02T00:00:00+05:30,Badulla_Uva,21.7,18.020005566267002,0.0,0.38,176.24053647648768
2026-10-02T00:15:00+05:30,Badulla_Uva,21.6,54.12192485455205,0.0,0.49,173.94101911113881
2026-10-02T00:30:00+05:30,Badulla_Uva,21.5,67.97224001848002,0.0,0.54,170.66283976545202
2026-10-02T00:45:00+05:30,Badulla_Uva,21.4,74.54849676984617,0.0,0.54,167.1335610330222
2026-10-02T01:00:00+05:30,Badulla_Uva,21.2,78.35211786314858,0.0,0.52,163.51376193982253
2026-10-02T01:15:00+05:30,Badulla_Uva,21.1,80.85148068666757,0.0,0.46,159.85227999146696
2026-10-02T01:30:00+05:30,Badulla_Uva,21.1,82.64223780420923,0.0,0.46,156.1684336691476
2026-10-02T01:45:00+05:30,Badulla_Uva,21.1,84.00797483718713,0.0,0.46,152.47132020553516
2026-10-02T02:00:00+05:30,Badulla_Uva,21.1,85.10013795886613,0.0,0.41,148.76577657747134
2026-10-02T02:15:00+05:30,Badulla_Uva,21.1,86.00682390594034,0.0,0.41,145.05461687313579
2026-10-02T02:30:00+05:30,Badulla_Uva,21.1,86.78278638812287,0.0,0.36,141.33959809443223
2026-10-02T02:45:00+05:30,Badulla_Uva,21.1,87.46391543044354,0.0,0.32,137.6218819252457
2026-10-02T03:00:00+05:30,Badulla_Uva,21.2,88.07480145448369,0.0,0.32,133.90227606757554
2026-10-02T03:15:00+05:30,Badulla_Uva,21.2,88.63294886731967,0.0,0.27,130.18136869341123
2026-10-02T03:30:00+05:30,Badulla_Uva,21.2,89.15125162237177,0.0,0.27,126.45960620935166
2026-10-02T03:45:00+05:30,Badulla_Uva,21.1,89.6395146066593,0.0,0.32,122.73734237949326
2026-10-02T04:00:00+05:30,Badulla_Uva,21.1,90.10542653499954,0.0,0.38,119.01487021374123
2026-10-02T04:15:00+05:30,Badulla_Uva,21.0,90.55520512242384,0.0,0.47,115.29244214699845
2026-10-02T04:30:00+05:30,Badulla_Uva,21.0,90.99403971306486,0.0,0.52,111.57028550970799
2026-10-02T04:45:00+05:30,Badulla_Uva,21.0,91.4264059783136,0.0,0.52,107.84861418389143
2026-10-02T05:00:00+05:30,Badulla_Uva,21.0,91.85629863321935,0.0,0.51,104.12763644434139
2026-10-02T05:15:00+05:30,Badulla_Uva,21.1,92.28741111399165,0.0,0.5,100.40756297535796
2026-10-02T05:30:00+05:30,Badulla_Uva,21.1,92.72328197631623,0.0,0.55,96.68861426457595
2026-10-02T05:45:00+05:30,Badulla_Uva,21.2,93.16742201638868,0.0,0.6,92.97102644136288
2026-10-02T06:00:00+05:30,Badulla_Uva,21.2,93.62343229565465,1.0,0.71,89.25505903590623
2026-10-02T06:15:00+05:30,Badulla_Uva,21.3,94.09512206469924,24.0,0.81,85.5410036539786
2026-10-02T06:30:00+05:30,Badulla_Uva,21.4,94.58663510666736,65.0,0.91,81.82919262721668
2026-10-02T06:45:00+05:30,Badulla_Uva,21.7,95.10259299399388,114.0,1.02,78.12001129944201
2026-10-02T07:00:00+05:30,Badulla_Uva,22.1,95.64826587155278,172.0,1.13,74.41391334414014
2026-10-02T07:15:00+05:30,Badulla_Uva,22.5,96.22978433929501,232.0,1.18,70.7114388231507
2026-10-02T07:30:00+05:30,Badulla_Uva,23.1,96.85441004266289,293.0,1.13,67.01323966022892
2026-10-02T07:45:00+05:30,Badulla_Uva,23.7,97.53089045078644,356.0,0.96,63.32011348087822
2026-10-02T08:00:00+05:30,Badulla_Uva,24.5,98.2699347448845,419.0,0.65,59.633047919626364
2026-10-02T08:15:00+05:30,Badulla_Uva,25.3,99.0848646922235,481.0,0.4,55.95328378262675
2026-10-02T08:30:00+05:30,Badulla_Uva,25.9,99.99252327429485,542.0,0.3,52.282403895649004
2026-10-02T08:45:00+05:30,Badulla_Uva,26.5,101.01456977262842,599.0,0.46,48.62245928597041
2026-10-02T09:00:00+05:30,Badulla_Uva,26.9,102.17936472648711,653.0,0.74,44.97615688379818
2026-10-02T09:15:00+05:30,Badulla_Uva,27.4,103.52477738398318,701.0,1.04,41.347142554531366
2026-10-02T09:30:00+05:30,Badulla_Uva,27.8,105.10247124968231,742.0,1.32,37.7404385360676
2026-10-02T09:45:00+05:30,Badulla_Uva,28.2,106.98461626610685,777.0,1.46,34.16314554817575
2026-10-02T10:00:00+05:30,Badulla_Uva,28.6,109.2746872271278,807.0,1.55,30.62560520942045
2026-10-02T10:15:00+05:30,Badulla_Uva,29.0,112.12528697982407,837.0,1.6,27.143396920374904
2026-10-02T10:30:00+05:30,Badulla_Uva,29.3,115.76813932032155,873.0,1.7,23.74091247890385
2026-10-02T10:45:00+05:30,Badulla_Uva,29.5,120.56458609235585,903.0,1.91,20.458000182624517
2026-10-02T11:00:00+05:30,Badulla_Uva,29.8,127.08593980804466,909.0,2.11,17.36264884086694
2026-10-02T11:15:00+05:30,Badulla_Uva,29.9,136.21094854242097,872.0,2.31,14.574881253916686
2026-10-02T11:30:00+05:30,Badulla_Uva,29.9,149.09151218826435,783.0,2.35,12.305574690110731
2026-10-02T11:45:00+05:30,Badulla_Uva,29.8,166.4176458064794,671.0,2.3,10.884025191514297
2026-10-02T12:00:00+05:30,Badulla_Uva,29.7,186.51480585447874,567.0,2.24,10.655134556004356
2026-10-02T12:15:00+05:30,Badulla_Uva,29.4,205.18309217029213,500.0,2.07,11.68917694140056
2026-10-02T12:30:00+05:30,Badulla_Uva,29.0,219.62217858560592,463.0,1.77,13.70316491535219
2026-10-02T12:45:00+05:30,Badulla_Uva,28.4,229.9321590452345,439.0,1.1,16.338639619419936
2026-10-02T13:00:00+05:30,Badulla_Uva,27.6,237.25042151868084,414.0,0.43,19.3432038755042
2026-10-02T13:15:00+05:30,Badulla_Uva,26.8,242.57367634920277,373.0,1.1,22.56991680152359
2026-10-02T13:30:00+05:30,Badulla_Uva,25.9,246.57124206643533,314.0,1.71,25.935979082107465
2026-10-02T13:45:00+05:30,Badulla_Uva,25.0,249.66747233246792,258.0,1.91,29.39353574966909
2026-10-02T14:00:00+05:30,Badulla_Uva,24.0,252.1325451466247,222.0,1.81,32.91374414207258
2026-10-02T14:15:00+05:30,Badulla_Uva,23.1,254.14261949542754,226.0,1.6,36.478448781461765
2026-10-02T14:30:00+05:30,Badulla_Uva,22.5,255.81591800019913,272.0,1.45,40.07575413982058
2026-10-02T14:45:00+05:30,Badulla_Uva,22.3,257.23409523451335,326.0,1.4,43.69758541922906
2026-10-02T15:00:00+05:30,Badulla_Uva,22.4,258.4550814740363,354.0,1.3,47.338288350984676
2026-10-02T15:15:00+05:30,Badulla_Uva,22.6,259.5209923235703,331.0,1.25,50.99379430761411
2026-10-02T15:30:00+05:30,Badulla_Uva,22.7,260.46313150364176,272.0,1.15,54.66110593808443
2026-10-02T15:45:00+05:30,Badulla_Uva,22.6,261.3052387786661,202.0,1.06,58.33796803849258
2026-10-02T16:00:00+05:30,Badulla_Uva,22.5,262.0656521922315,143.0,0.97,62.02265135659927
2026-10-02T16:15:00+05:30,Badulla_Uva,22.3,262.7587817706673,104.0,0.9,65.71380830333561
2026-10-02T16:30:00+05:30,Badulla_Uva,22.2,263.3961356010111,75.0,0.89,69.41037231393408
2026-10-02T16:45:00+05:30,Badulla_Uva,22.2,263.9870493119636,54.0,0.85,73.11148684042807
2026-10-02T17:00:00+05:30,Badulla_Uva,22.2,264.53921528639046,40.0,0.92,76.81645572590992
2026-10-02T17:15:00+05:30,Badulla_Uva,22.2,265.05907387526423,33.0,1.05,80.52470571683821
2026-10-02T17:30:00+05:30,Badulla_Uva,22.2,265.5521088275972,29.0,1.12,84.23575845306321
2026-10-02T17:45:00+05:30,Badulla_Uva,22.2,266.0230757677094,19.0,1.06,87.94921065486193
2026-10-02T18:00:00+05:30,Badulla_Uva,22.1,266.47618343118404,3.0,0.9,91.66471760655381
2026-10-02T18:15:00+05:30,Badulla_Uva,22.0,266.91524250600867,0.0,0.78,95.38198008161366
2026-10-02T18:30:00+05:30,Badulla_Uva,22.0,267.3437933536657,0.0,0.72,99.10073523638277
2026-10-02T18:45:00+05:30,Badulla_Uva,22.0,267.7652212783241,0.0,0.67,102.82074775931738
2026-10-02T19:00:00+05:30,Badulla_Uva,22.0,268.1828675732614,0.0,0.67,106.54180220047837
2026-10-02T19:15:00+05:30,Badulla_Uva,22.1,268.6001445195683,0.0,0.65,110.26369751235362
2026-10-02T19:30:00+05:30,Badulla_Uva,22.1,269.0206630266685,0.0,0.59,113.986240361672
2026-10-02T19:45:00+05:30,Badulla_Uva,22.1,269.44838443118493,0.0,0.47,117.70923825565836
2026-10-02T20:00:00+05:30,Badulla_Uva,22.1,269.88781218084324,0.0,0.38,121.43249344464579
2026-10-02T20:15:00+05:30,Badulla_Uva,22.1,270.3442458278212,0.0,0.27,125.15579387815475
2026-10-02T20:30:00+05:30,Badulla_Uva,22.0,270.8241324798581,0.0,0.22,128.87890167519947
2026-10-02T20:45:00+05:30,Badulla_Uva,21.9,271.3355719707498,0.0,0.27,132.601538981807
2026-10-02T21:00:00+05:30,Badulla_Uva,21.8,271.889068773649,0.0,0.38,136.3233655531202
2026-10-02T21:15:00+05:30,Badulla_Uva,21.6,272.4986926672437,0.0,0.49,140.043944976205
2026-10-02T21:30:00+05:30,Badulla_Uva,21.5,273.1839414230418,0.0,0.54,143.762692727459
2026-10-02T21:45:00+05:30,Badulla_Uva,21.5,273.97286246819857,0.0,0.49,147.4787872847794
2026-10-02T22:00:00+05:30,Badulla_Uva,21.5,274.9075571716148,0.0,0.34,151.19101387626552
2026-10-02T22:15:00+05:30,Badulla_Uva,21.6,276.05449500214684,0.0,0.18,154.8974731241418
2026-10-02T22:30:00+05:30,Badulla_Uva,21.6,277.52534116730624,0.0,0.07,158.59498780755462
2026-10-02T22:45:00+05:30,Badulla_Uva,21.6,279.5231981353178,0.0,0.07,162.27777719298285
2026-10-02T23:00:00+05:30,Badulla_Uva,21.5,282.4588340750596,0.0,0.11,165.93408703862184
2026-10-02T23:15:00+05:30,Badulla_Uva,21.5,287.2963184961586,0.0,0.18,169.5359329012012
2026-10-02T23:30:00+05:30,Badulla_Uva,21.4,296.84818974631554,0.0,0.22,172.99854140006659
2026-10-02T23:45:00+05:30,Badulla_Uva,21.4,321.8663516214665,0.0,0.27,175.94748937323274
2026-10-03T00:00:00+05:30,Badulla_Uva,21.3,21.28567683894005,0.0,0.27,176.57879016825854
2026-10-03T00:15:00+05:30,Badulla_Uva,21.3,57.61334685854581,0.0,0.27,174.09529015287148
2026-10-03T00:30:00+05:30,Badulla_Uva,21.2,70.3794421674948,0.0,0.32,170.7315463327006
2026-10-03T00:45:00+05:30,Badulla_Uva,21.1,76.32027005802001,0.0,0.36,167.16184779951092
2026-10-03T01:00:00+05:30,Badulla_Uva,21.0,79.74448827174598,0.0,0.43,163.51959275595536
2026-10-03T01:15:00+05:30,Badulla_Uva,20.8,81.99808385524841,0.0,0.49,159.84419211812673
2026-10-03T01:30:00+05:30,Badulla_Uva,20.7,83.61877626235321,0.0,0.54,156.1510877903278
2026-10-03T01:45:00+05:30,Badulla_Uva,20.7,84.86086959707285,0.0,0.54,152.44752727898054
2026-10-03T02:00:00+05:30,Badulla_Uva,20.6,85.85973891078243,0.0,0.47,148.7373621072569
2026-10-03T02:15:00+05:30,Badulla_Uva,20.6,86.69401529851007,0.0,0.41,145.0228363372966
2026-10-03T02:30:00+05:30,Badulla_Uva,20.5,87.41254726417799,0.0,0.4,141.30535589385832
2026-10-03T02:45:00+05:30,Badulla_Uva,20.4,88.04736458765058,0.0,0.45,137.58585545658684
2026-10-03T03:00:00+05:30,Badulla_Uva,20.3,88.62043604977526,0.0,0.5,133.8649902742767
2026-10-03T03:15:00+05:30,Badulla_Uva,20.2,89.14742891450766,0.0,0.55,130.14324309831133
2026-10-03T03:30:00+05:30,Badulla_Uva,20.0,89.63991618144689,0.0,0.6,126.42098585417091
2026-10-03T03:45:00+05:30,Badulla_Uva,19.9,90.10673288317764,0.0,0.6,122.69851894459312
2026-10-03T04:00:00+05:30,Badulla_Uva,19.8,90.55484381646761,0.0,0.6,118.97609694043751
2026-10-03T04:15:00+05:30,Badulla_Uva,19.7,90.98991972860517,0.0,0.6,115.25394473985374
2026-10-03T04:30:00+05:30,Badulla_Uva,19.6,91.41673358259743,0.0,0.6,111.532270380029
2026-10-03T04:45:00+05:30,Badulla_Uva,19.4,91.83944346948977,0.0,0.65,107.81127491955316
2026-10-03T05:00:00+05:30,Badulla_Uva,19.2,92.26180321633183,0.0,0.7,104.09115909646277
2026-10-03T05:15:00+05:30,Badulla_Uva,19.1,92.68732657720625,0.0,0.75,100.37213058183212
2026-10-03T05:30:00+05:30,Badulla_Uva,19.1,93.11942280647588,0.0,0.75,96.65441092144462
2026-10-03T05:45:00+05:30,Badulla_Uva,19.3,93.56151635781555,0.0,0.75,92.93824116214883
2026-10-03T06:00:00+05:30,Badulla_Uva,19.6,94.01716008459141,1.0,0.7,89.22388960952152
2026-10-03T06:15:00+05:30,Badulla_Uva,20.0,94.49015042852864,24.0,0.6,85.51166069644286
2026-10-03T06:30:00+05:30,Badulla_Uva,20.5,94.98465283317114,66.0,0.55,81.80190402694615
2026-10-03T06:45:00+05:30,Badulla_Uva,20.9,95.50534575965412,120.0,0.51,78.09502728849462
2026-10-03T07:00:00+05:30,Badulla_Uva,21.5,96.05759395198902,181.0,0.43,74.39151245872198
2026-10-03T07:15:00+05:30,Badulla_Uva,22.0,96.64766470795848,243.0,0.34,70.6919351031972
2026-10-03T07:30:00+05:30,Badulla_Uva,22.5,97.28300510556477,301.0,0.28,66.99699154235029
2026-10-03T07:45:00+05:30,Badulla_Uva,23.0,97.97260620954762,357.0,0.27,63.30753499392257
2026-10-03T08:00:00+05:30,Badulla_Uva,23.5,98.72749198298749,414.0,0.25,59.624623037685794
2026-10-03T08:15:00+05:30,Badulla_Uva,24.0,99.56138789635406,477.0,0.32,55.94958513831933
2026-10-03T08:30:00+05:30,Badulla_Uva,24.5,100.49165354292222,548.0,0.39,52.28411759010239
2026-10-03T08:45:00+05:30,Badulla_Uva,25.0,101.54060998649413,623.0,0.5,48.63041835130611
2026-10-03T09:00:00+05:30,Badulla_Uva,25.5,102.73746764571592,692.0,0.65,44.991387210286405
2026-10-03T09:15:00+05:30,Badulla_Uva,26.0,104.12118956347751,746.0,0.79,41.37092708219689
2026-10-03T09:30:00+05:30,Badulla_Uva,26.5,105.74484566719633,785.0,0.97,37.77440867639708
2026-10-03T09:45:00+05:30,Badulla_Uva,27.0,107.68239792555585,812.0,1.16,34.20941377927067
2026-10-03T10:00:00+05:30,Badulla_Uva,27.5,110.03953993171609,830.0,1.35,30.686960517020935
2026-10-03T10:15:00+05:30,Badulla_Uva,27.9,112.97141053189597,844.0,1.55,27.223595629999863
2026-10-03T10:30:00+05:30,Badulla_Uva,28.3,116.71196099236317,852.0,1.75,23.845107591511336
2026-10-03T10:45:00+05:30,Badulla_Uva,28.6,121.62222118440263,851.0,1.9,20.59334048224909
2026-10-03T11:00:00+05:30,Badulla_Uva,28.9,128.2637166587649,840.0,2.05,17.538945700972278
2026-10-03T11:15:00+05:30,Badulla_Uva,29.1,137.4768337527209,816.0,2.15,14.804617764972392
2026-10-03T11:30:00+05:30,Badulla_Uva,29.1,150.308253112689,773.0,2.2,12.600495473980317
2026-10-03T11:45:00+05:30,Badulla_Uva,29.0,167.27444420662414,721.0,2.2,11.2428776706586
2026-10-03T12:00:00+05:30,Badulla_Uva,28.7,186.6960697749793,672.0,2.16,11.048362458970672
2026-10-03T12:15:00+05:30,Badulla_Uva,28.4,204.74225078570538,635.0,2.07,12.073297870708785
2026-10-03T12:30:00+05:30,Badulla_Uva,28.0,218.86310068571677,608.0,1.98,14.053353208130602
2026-10-03T12:45:00+05:30,Badulla_Uva,27.5,229.0833818478869,586.0,1.86,16.651204104247782
2026-10-03T13:00:00+05:30,Badulla_Uva,26.9,236.41581257292208,564.0,1.76,19.622985425782787
2026-10-03T13:15:00+05:30,Badulla_Uva,26.3,241.7890106366499,538.0,1.63,22.823078064334283
2026-10-03T13:30:00+05:30,Badulla_Uva,25.7,245.8440849585918,512.0,1.55,26.167837192805656
2026-10-03T13:45:00+05:30,Badulla_Uva,25.2,248.9950855307871,486.0,1.49,29.60825690039011
2026-10-03T14:00:00+05:30,Badulla_Uva,24.7,251.50900172621834,459.0,1.45,33.11451530011672
2026-10-03T14:15:00+05:30,Badulla_Uva,24.3,253.5614872140104,431.0,1.39,36.667709980935285
2026-10-03T14:30:00+05:30,Badulla_Uva,23.9,255.27120018198724,402.0,1.37,40.25539260723645
2026-10-03T14:45:00+05:30,Badulla_Uva,23.7,256.7204966852038,373.0,1.32,43.86908053466362
2026-10-03T15:00:00+05:30,Badulla_Uva,23.5,257.9680205313161,344.0,1.23,47.5028163820638
2026-10-03T15:15:00+05:30,Badulla_Uva,23.3,259.0565258127416,314.0,1.16,51.152303666995884
2026-10-03T15:30:00+05:30,Badulla_Uva,23.2,260.0178580696252,286.0,1.08,54.81437158933072
2026-10-03T15:45:00+05:30,Badulla_Uva,23.1,260.87620512659953,257.0,1.0,58.486631262017134
2026-10-03T16:00:00+05:30,Badulla_Uva,23.0,261.65027020359736,227.0,0.87,62.167249198289454
2026-10-03T16:15:00+05:30,Badulla_Uva,22.9,262.35475787233065,196.0,0.81,65.85479568740925
2026-10-03T16:30:00+05:30,Badulla_Uva,22.9,263.0014112981056,166.0,0.7,69.54813888797813
2026-10-03T16:45:00+05:30,Badulla_Uva,22.8,263.59975105137397,136.0,0.6,73.24636999280972
2026-10-03T17:00:00+05:30,Badulla_Uva,22.8,264.1576117383338,105.0,0.5,76.94875080191912
2026-10-03T17:15:00+05:30,Badulla_Uva,22.7,264.6815388612825,73.0,0.46,80.65467415831789
2026-10-03T17:30:00+05:30,Badulla_Uva,22.6,265.1770883308546,43.0,0.38,84.3636344024183
2026-10-03T17:45:00+05:30,Badulla_Uva,22.5,265.64905763306683,18.0,0.36,88.07520641783613
2026-10-03T18:00:00+05:30,Badulla_Uva,22.5,266.1016684756803,2.0,0.28,91.78902827847388
2026-10-03T18:15:00+05:30,Badulla_Uva,22.4,266.5387158094451,0.0,0.29,95.50478757696759
2026-10-03T18:30:00+05:30,Badulla_Uva,22.3,266.9636944616245,0.0,0.27,99.22221191633041
2026-10-03T18:45:00+05:30,Badulla_Uva,22.2,267.3799119204773,0.0,0.25,102.94105983505924
2026-10-03T19:00:00+05:30,Badulla_Uva,22.1,267.79059525044914,0.0,0.3,106.66111307410027
2026-10-03T19:15:00+05:30,Badulla_Uva,22.1,268.19899989955354,0.0,0.32,110.38217122216285
2026-10-03T19:30:00+05:30,Badulla_Uva,22.0,268.60852845764026,0.0,0.34,114.10404532874321
2026-10-03T19:45:00+05:30,Badulla_Uva,22.0,269.02286991287735,0.0,0.36,117.8265515686592
2026-10-03T20:00:00+05:30,Badulla_Uva,21.9,269.44617364881486,0.0,0.39,121.5495059918124
2026-10-03T20:15:00+05:30,Badulla_Uva,21.8,269.88327833630706,0.0,0.42,125.27271676873823
2026-10-03T20:30:00+05:30,Badulla_Uva,21.8,270.3400272839061,0.0,0.42,128.9959745828935
2026-10-03T20:45:00+05:30,Badulla_Uva,21.7,270.82372073930094,0.0,0.42,132.71904138111717
2026-10-03T21:00:00+05:30,Badulla_Uva,21.7,271.3437886596458,0.0,0.46,136.44163236569005
2026-10-03T21:15:00+05:30,Badulla_Uva,21.7,271.9128297142678,0.0,0.46,140.16338910345155
2026-10-03T21:30:00+05:30,Badulla_Uva,21.6,272.54828102865235,0.0,0.46,143.88383868423116
2026-10-03T21:45:00+05:30,Badulla_Uva,21.6,273.2752226404955,0.0,0.46,147.6023234127682
2026-10-03T22:00:00+05:30,Badulla_Uva,21.6,274.1313378555449,0.0,0.43,151.31787714824202
2026-10-03T22:15:00+05:30,Badulla_Uva,21.6,275.1762480220725,0.0,0.43,155.02899446271584
2026-10-03T22:30:00+05:30,Badulla_Uva,21.6,276.51047574359256,0.0,0.4,158.7331579370021
2026-10-03T22:45:00+05:30,Badulla_Uva,21.6,278.31791755561767,0.0,0.38,162.42577456321112
2026-10-03T23:00:00+05:30,Badulla_Uva,21.5,280.9740771225087,0.0,0.38,166.09744249668898
2026-10-03T23:15:00+05:30,Badulla_Uva,21.5,285.37576443773037,0.0,0.41,169.7254716706088
2026-10-03T23:30:00+05:30,Badulla_Uva,21.5,294.2405047132295,0.0,0.41,173.23901377068523
2026-10-03T23:45:00+05:30,Badulla_Uva,21.4,319.14619811819455,0.0,0.41,176.2962189524884
2026-10-04T00:00:00+05:30,Badulla_Uva,21.4,25.22066032460782,0.0,0.46,176.90357215834482
2026-10-04T00:15:00+05:30,Badulla_Uva,21.4,61.26407280550683,0.0,0.46,174.22763607563485
2026-10-04T00:30:00+05:30,Badulla_Uva,21.3,72.81112954897407,0.0,0.46,170.7851495638319
2026-10-04T00:45:00+05:30,Badulla_Uva,21.3,78.0936136796962,0.0,0.46,167.179504763095
2026-10-04T01:00:00+05:30,Badulla_Uva,21.3,81.13375197810535,0.0,0.47,163.5175463848314
2026-10-04T01:15:00+05:30,Badulla_Uva,21.2,83.14078696231985,0.0,0.47,159.83004701472413
2026-10-04T01:30:00+05:30,Badulla_Uva,21.2,84.5915739244627,0.0,0.47,156.12897153553493
2026-10-04T01:45:00+05:30,Badulla_Uva,21.1,85.71040068406819,0.0,0.47,152.41992376195537
2026-10-04T02:00:00+05:30,Badulla_Uva,21.1,86.61636745982088,0.0,0.47,148.7058837110589
2026-10-04T02:15:00+05:30,Badulla_Uva,21.0,87.37858470765934,0.0,0.52,144.98859277467983
2026-10-04T02:30:00+05:30,Badulla_Uva,21.0,88.03998565782763,0.0,0.52,141.26914793240877
2026-10-04T02:45:00+05:30,Badulla_Uva,20.9,88.6287432519905,0.0,0.52,137.54828448355553
2026-10-04T03:00:00+05:30,Badulla_Uva,20.7,89.16421137852882,0.0,0.57,133.82652407438516
2026-10-04T03:15:00+05:30,Badulla_Uva,20.6,89.66022697373853,0.0,0.57,130.10425734332313
2026-10-04T03:30:00+05:30,Badulla_Uva,20.5,90.12704801164068,0.0,0.57,126.38179141013396
2026-10-04T03:45:00+05:30,Badulla_Uva,20.3,90.57254454803149,0.0,0.57,122.65938054015314
2026-10-04T04:00:00+05:30,Badulla_Uva,20.2,91.00296137936499,0.0,0.62,118.93724639024987
2026-10-04T04:15:00+05:30,Badulla_Uva,20.0,91.42342539575105,0.0,0.62,115.21559064432685
2026-10-04T04:30:00+05:30,Badulla_Uva,19.9,91.83829563067547,0.0,0.62,111.49460550619001
2026-10-04T04:45:00+05:30,Badulla_Uva,19.9,92.2514145127522,0.0,0.62,107.77448203672427
2026-10-04T05:00:00+05:30,Badulla_Uva,19.9,92.66629646197845,0.0,0.62,104.0554158042875
2026-10-04T05:15:00+05:30,Badulla_Uva,19.9,93.08627666679371,0.0,0.61,100.33761349650587
2026-10-04T05:30:00+05:30,Badulla_Uva,20.0,93.5146358827302,0.0,0.56,96.62129950186836
2026-10-04T05:45:00+05:30,Badulla_Uva,20.2,93.95471273987266,0.0,0.51,92.90672139966738
2026-10-04T06:00:00+05:30,Badulla_Uva,20.5,94.41001213099202,1.0,0.46,89.19415777572148
2026-10-04T06:15:00+05:30,Badulla_Uva,20.9,94.88431765838095,26.0,0.4,85.4839273356499
2026-10-04T06:30:00+05:30,Badulla_Uva,21.2,95.38181608850664,69.0,0.35,81.77639839359729
2026-10-04T06:45:00+05:30,Badulla_Uva,21.6,95.90724207324087,124.0,0.25,78.0720024465292
2026-10-04T07:00:00+05:30,Badulla_Uva,22.1,96.46605380558941,186.0,0.21,74.37125132494023
2026-10-04T07:15:00+05:30,Badulla_Uva,22.6,97.06465353806539,248.0,0.1,70.67475777721252
2026-10-04T07:30:00+05:30,Badulla_Uva,23.0,97.71067122923478,307.0,0.0,66.9832643843393
2026-10-04T07:45:00+05:30,Badulla_Uva,23.5,98.41333784759303,362.0,0.1,63.29768207302399
2026-10-04T08:00:00+05:30,Badulla_Uva,23.9,99.18398679585232,415.0,0.16,59.61914081586681
2026-10-04T08:15:00+05:30,Badulla_Uva,24.3,100.03673945428062,469.0,0.25,55.949061610971576
2026-10-04T08:30:00+05:30,Badulla_Uva,24.7,100.98946050517833,523.0,0.36,52.289257633938156
2026-10-04T08:45:00+05:30,Badulla_Uva,25.1,102.0651154548438,573.0,0.46,48.642077851492054
2026-10-04T09:00:00+05:30,Badulla_Uva,25.5,103.29373795017403,620.0,0.62,45.010619782417535
2026-10-04T09:15:00+05:30,Badulla_Uva,25.9,104.7153428603853,660.0,0.72,41.39904915148645
2026-10-04T09:30:00+05:30,Badulla_Uva,26.3,106.38433864249095,693.0,0.87,37.81309171741628
2026-10-04T09:45:00+05:30,Badulla_Uva,26.7,108.37636620813998,719.0,1.03,34.26081722814496
2026-10-04T10:00:00+05:30,Badulla_Uva,27.1,110.79914385353715,740.0,1.14,30.753925865136857
2026-10-04T10:15:00+05:30,Badulla_Uva,27.5,113.81000386650726,756.0,1.29,27.309931273935028
2026-10-04T10:30:00+05:30,Badulla_Uva,27.8,117.64450944950681,766.0,1.39,23.956000012021036
2026-10-04T10:45:00+05:30,Badulla_Uva,28.0,122.66228608731177,771.0,1.49,20.73590433329528
2026-10-04T11:00:00+05:30,Badulla_Uva,28.2,129.4133321910969,772.0,1.55,17.722768314647794
2026-10-04T11:15:00+05:30,Badulla_Uva,28.3,138.69809566491034,774.0,1.54,15.041506717448485
2026-10-04T11:30:00+05:30,Badulla_Uva,28.3,151.4622122271292,778.0,1.54,12.900752454391423
2026-10-04T11:45:00+05:30,Badulla_Uva,28.1,168.07059722199472,779.0,1.43,11.603631660925814
2026-10-04T12:00:00+05:30,Badulla_Uva,27.8,186.8578422066338,772.0,1.27,11.440787035801321
2026-10-04T12:15:00+05:30,Badulla_Uva,27.4,204.32317529116168,752.0,1.12,12.456781020802211
2026-10-04T12:30:00+05:30,Badulla_Uva,27.0,218.13729550448113,721.0,0.91,14.404284741829045
2026-10-04T12:45:00+05:30,Badulla_Uva,26.5,228.2635357036718,683.0,0.65,16.965474408984534
2026-10-04T13:00:00+05:30,Badulla_Uva,26.0,235.6031163302653,640.0,0.41,19.90483771992416
2026-10-04T13:15:00+05:30,Badulla_Uva,25.4,241.0204857194468,596.0,0.25,23.078311330457396
2026-10-04T13:30:00+05:30,Badulla_Uva,24.8,245.128915802605,551.0,0.32,26.401593373254748
2026-10-04T13:45:00+05:30,Badulla_Uva,24.3,248.33177915122997,503.0,0.46,29.824629900646535
2026-10-04T14:00:00+05:30,Badulla_Uva,23.9,250.89248982429797,451.0,0.67,33.3166699009789
2026-10-04T14:15:00+05:30,Badulla_Uva,23.4,252.9859162797748,391.0,0.86,36.858087010673536
2026-10-04T14:30:00+05:30,Badulla_Uva,23.1,254.73096585959973,321.0,0.99,40.435889856086916
2026-10-04T14:45:00+05:30,Badulla_Uva,22.8,256.21057400396796,253.0,1.07,44.04119140382643
2026-10-04T15:00:00+05:30,Badulla_Uva,22.6,257.4840175502012,195.0,1.12,47.66773164959124
2026-10-04T15:15:00+05:30,Badulla_Uva,22.5,258.5946351660185,156.0,1.11,51.31098540881087
2026-10-04T15:30:00+05:30,Badulla_Uva,22.4,259.5747774127633,131.0,1.13,54.96760703386125
2026-10-04T15:45:00+05:30,Badulla_Uva,22.3,260.44905455135495,114.0,1.11,58.635072383232334
2026-10-04T16:00:00+05:30,Badulla_Uva,22.2,261.23651677493194,98.0,1.1,62.31144216668632
2026-10-04T16:15:00+05:30,Badulla_Uva,22.2,261.952150010412,82.0,1.06,65.9952030570381
2026-10-04T16:30:00+05:30,Badulla_Uva,22.2,262.60792275329493,67.0,1.08,69.68515654082091
2026-10-04T16:45:00+05:30,Badulla_Uva,22.1,263.21353316458635,54.0,1.11,73.38034025624863
2026-10-04T17:00:00+05:30,Badulla_Uva,22.1,263.7769524082857,41.0,1.08,77.07997274434982
2026-10-04T17:15:00+05:30,Badulla_Uva,22.0,264.30482666624476,29.0,1.12,80.78341179536524
2026-10-04T17:30:00+05:30,Badulla_Uva,22.0,264.80278038086885,18.0,1.07,84.49012334269497
2026-10-04T17:45:00+05:30,Badulla_Uva,21.9,265.2756498531281,8.0,1.03,88.19965934391661
2026-10-04T18:00:00+05:30,Badulla_Uva,21.8,265.7276671003821,1.0,0.89,91.9116395664599
2026-10-04T18:15:00+05:30,Badulla_Uva,21.7,266.1626088947175,0.0,0.83,95.6257372889003
2026-10-04T18:30:00+05:30,Badulla_Uva,21.6,266.5839221655826,0.0,0.7,99.34166936578042
2026-10-04T18:45:00+05:30,Badulla_Uva,21.5,266.99483415817065,0.0,0.57,103.05918688566221
2026-10-04T19:00:00+05:30,Badulla_Uva,21.5,267.39845506524426,0.0,0.45,106.77806733454237
2026-10-04T19:15:00+05:30,Badulla_Uva,21.4,267.7978804611592,0.0,0.38,110.49810929356036
2026-10-04T19:30:00+05:30,Badulla_Uva,21.3,268.19630094178103,0.0,0.35,114.2191262829541
2026-10-04T19:45:00+05:30,Badulla_Uva,21.3,268.5971285136118,0.0,0.4,117.94094087337665
2026-10-04T20:00:00+05:30,Badulla_Uva,21.2,269.0041524349586,0.0,0.46,121.66338016457743
2026-10-04T20:15:00+05:30,Badulla_Uva,21.2,269.42174230114483,0.0,0.55,125.38626914915197
2026-10-04T20:30:00+05:30,Badulla_Uva,21.1,269.8551261990226,0.0,0.6,129.1094227994684
2026-10-04T20:45:00+05:30,Badulla_Uva,21.1,270.310788374451,0.0,0.6,132.83263736693698
2026-10-04T21:00:00+05:30,Badulla_Uva,21.1,270.79705991530875,0.0,0.61,136.55567628902745
2026-10-04T21:15:00+05:30,Badulla_Uva,21.0,271.32503097403196,0.0,0.63,140.2782494331603
2026-10-04T21:30:00+05:30,Badulla_Uva,21.0,271.91001825613705,0.0,0.6,143.99998217793922
2026-10-04T21:45:00+05:30,Badulla_Uva,21.0,272.5740343871121,0.0,0.61,147.72036178756224
2026-10-04T22:00:00+05:30,Badulla_Uva,21.1,273.35016772046606,0.0,0.6,151.43864316665497
2026-10-04T22:15:00+05:30,Badulla_Uva,21.1,274.2908566672569,0.0,0.64,155.15367301198083
2026-10-04T22:30:00+05:30,Badulla_Uva,21.1,275.4847907976835,0.0,0.69,158.86352767713845
2026-10-04T22:45:00+05:30,Badulla_Uva,21.1,277.0950693967327,0.0,0.76,162.56469331804536
2026-10-04T23:00:00+05:30,Badulla_Uva,21.0,279.4576729415935,0.0,0.79,166.24993809843113
2026-10-04T23:15:00+05:30,Badulla_Uva,21.0,283.38814370405106,0.0,0.82,169.90159244762037
2026-10-04T23:30:00+05:30,Badulla_Uva,21.0,291.44877436151836,0.0,0.86,173.4628701290478
2026-10-04T23:45:00+05:30,Badulla_Uva,20.9,315.860646731415,0.0,0.86,176.63326622742625
2026-10-05T00:00:00+05:30,Badulla_Uva,20.8,30.011707344335036,0.0,0.86,177.21053459576498
2026-10-05T00:15:00+05:30,Badulla_Uva,20.8,65.05544780876596,0.0,0.81,174.3367564146705
2026-10-05T00:30:00+05:30,Badulla_Uva,20.7,75.25928888247495,0.0,0.76,170.82356674050294
2026-10-05T00:45:00+05:30,Badulla_Uva,20.6,79.86528394954269,0.0,0.71,167.18664353142663
2026-10-05T01:00:00+05:30,Badulla_Uva,20.5,82.51832497397652,0.0,0.66,163.5077659088234
2026-10-05T01:15:00+05:30,Badulla_Uva,20.4,84.27868676813205,0.0,0.61,159.80998739487023
2026-10-05T01:30:00+05:30,Badulla_Uva,20.3,85.560050843579,0.0,0.56,156.10222083447408
2026-10-05T01:45:00+05:30,Badulla_Uva,20.3,86.55616009466507,0.0,0.51,152.38863820578337
2026-10-05T02:00:00+05:30,Badulla_Uva,20.2,87.36971540223033,0.0,0.46,148.67146330889648
2026-10-05T02:15:00+05:30,Badulla_Uva,20.2,88.0602859496679,0.0,0.41,144.95200241768686
2026-10-05T02:30:00+05:30,Badulla_Uva,20.1,88.6648960599008,0.0,0.41,141.23108559865986
2026-10-05T02:45:00+05:30,Badulla_Uva,20.1,89.20787374471416,0.0,0.41,137.5092762479803
2026-10-05T03:00:00+05:30,Badulla_Uva,20.1,89.7059694402468,0.0,0.41,133.78698111782933
2026-10-05T03:15:00+05:30,Badulla_Uva,20.2,90.17119930190705,0.0,0.47,130.06451192298786
2026-10-05T03:30:00+05:30,Badulla_Uva,20.2,90.6125138685345,0.0,0.47,126.34212055940255
2026-10-05T03:45:00+05:30,Badulla_Uva,20.3,91.03682414652053,0.0,0.47,122.62002230389528
2026-10-05T04:00:00+05:30,Badulla_Uva,20.3,91.44965953267086,0.0,0.54,118.89841136593566
2026-10-05T04:15:00+05:30,Badulla_Uva,20.4,91.85560662504435,0.0,0.6,115.17747049068868
2026-10-05T04:30:00+05:30,Badulla_Uva,20.5,92.25861328666781,0.0,0.6,111.4573794647988
2026-10-05T04:45:00+05:30,Badulla_Uva,20.6,92.66220840916105,0.0,0.6,107.7383221482093
2026-10-05T05:00:00+05:30,Badulla_Uva,20.8,93.06966862533545,0.0,0.67,104.02049127691792
2026-10-05T05:15:00+05:30,Badulla_Uva,20.9,93.48415176293406,0.0,0.67,100.30409455819503
2026-10-05T05:30:00+05:30,Badulla_Uva,21.1,93.90881093052917,0.0,0.67,96.58936098424724
2026-10-05T05:45:00+05:30,Badulla_Uva,21.3,94.34689947094398,0.0,0.67,92.87654625784205
2026-10-05T06:00:00+05:30,Badulla_Uva,21.5,94.80187455264968,1.0,0.67,89.16594072715512
2026-10-05T06:15:00+05:30,Badulla_Uva,21.8,95.27750686913453,25.0,0.6,85.45787879227781
2026-10-05T06:30:00+05:30,Badulla_Uva,22.0,95.77800410562998,67.0,0.6,81.7527488822062
2026-10-05T06:45:00+05:30,Badulla_Uva,22.3,96.30815630657082,121.0,0.6,78.05100774166652
2026-10-05T07:00:00+05:30,Badulla_Uva,22.6,96.87351382604828,184.0,0.54,74.35319856369098
2026-10-05T07:15:00+05:30,Badulla_Uva,23.0,97.48061194283656,248.0,0.54,70.65997291058746
2026-10-05T07:30:00+05:30,Badulla_Uva,23.3,98.13726069755796,309.0,0.47,66.9721214291793
2026-10-05T07:45:00+05:30,Badulla_Uva,23.6,98.85292694401937,368.0,0.41,63.290614795006945
2026-10-05T08:00:00+05:30,Badulla_Uva,23.9,99.63924774756867,425.0,0.36,59.616657722216374
2026-10-05T08:15:00+05:30,Badulla_Uva,24.2,100.5107320247937,484.0,0.3,55.95176547723349
2026-10-05T08:30:00+05:30,Badulla_Uva,24.6,101.48573724208143,542.0,0.2,52.29787134013189
2026-10-05T08:45:00+05:30,Badulla_Uva,24.9,102.58785494727425,598.0,0.11,48.6574790957906
2026-10-05T09:00:00+05:30,Badulla_Uva,25.3,103.84791391968781,651.0,0.16,45.03388847623795
2026-10-05T09:15:00+05:30,Badulla_Uva,25.7,105.3069369291104,701.0,0.28,41.43153318901671
2026-10-05T09:30:00+05:30,Badulla_Uva,26.1,107.02060047194055,746.0,0.46,37.85649972451607
2026-10-05T09:45:00+05:30,Badulla_Uva,26.5,109.0661080998002,787.0,0.64,34.31735127587241
2026-10-05T10:00:00+05:30,Badulla_Uva,27.0,111.55300550287683,823.0,0.86,30.826473354495832
2026-10-05T10:15:00+05:30,Badulla_Uva,27.4,114.640475473246,859.0,1.04,27.402342350763057
2026-10-05T10:30:00+05:30,Badulla_Uva,27.7,118.56509012597485,902.0,1.22,24.073478285971376
2026-10-05T10:45:00+05:30,Badulla_Uva,28.1,123.68403629946681,938.0,1.4,20.885504986016585
2026-10-05T11:00:00+05:30,Badulla_Uva,28.4,130.53424373187818,949.0,1.51,17.913820056370184
2026-10-05T11:15:00+05:30,Badulla_Uva,28.7,139.87517100130435,915.0,1.66,15.28511658690617
2026-10-05T11:30:00+05:30,Badulla_Uva,28.9,152.5562243285068,825.0,1.78,13.205840857284585
2026-10-05T11:45:00+05:30,Badulla_Uva,28.9,168.81085961751774,710.0,1.9,11.96593108878784
2026-10-05T12:00:00+05:30,Badulla_Uva,28.7,187.00172278419862,607.0,1.97,11.832273252531252
2026-10-05T12:15:00+05:30,Badulla_Uva,28.5,203.9236512279586,548.0,2.02,12.839459125438822
2026-10-05T12:30:00+05:30,Badulla_Uva,28.3,217.4423486958085,524.0,2.04,14.755688505942302
2026-10-05T12:45:00+05:30,Badulla_Uva,28.1,227.4711698812885,517.0,1.98,17.281152100277694
2026-10-05T13:00:00+05:30,Badulla_Uva,27.9,234.8116002106762,510.0,1.82,20.1884818884962
2026-10-05T13:15:00+05:30,Badulla_Uva,27.7,240.26775923515711,492.0,1.66,23.335368345645335
2026-10-05T13:30:00+05:30,Badulla_Uva,27.4,244.4255907143027,471.0,1.5,26.637027524418528
2026-10-05T13:45:00+05:30,Badulla_Uva,27.1,247.67751066690977,448.0,1.35,30.04245746855598
2026-10-05T14:00:00+05:30,Badulla_Uva,26.8,250.2830199805078,424.0,1.14,33.52002852187579
2026-10-05T14:15:00+05:30,Badulla_Uva,26.5,252.41594583156677,400.0,0.97,37.04941438800187
2026-10-05T14:30:00+05:30,Badulla_Uva,26.1,254.1952700099451,375.0,0.76,40.617091390224815
2026-10-05T14:45:00+05:30,Badulla_Uva,25.8,255.70439115873637,349.0,0.56,44.21377231100502
2026-10-05T15:00:00+05:30,Badulla_Uva,25.4,257.00314173638446,322.0,0.4,47.83289556674444
2026-10-05T15:15:00+05:30,Badulla_Uva,25.0,258.13539274767066,295.0,0.18,51.46970682336229
2026-10-05T15:30:00+05:30,Badulla_Uva,24.7,259.13396391431775,269.0,0.05,55.120684477914686
2026-10-05T15:45:00+05:30,Badulla_Uva,24.3,260.0238628519479,241.0,0.15,58.78316777411033
2026-10-05T16:00:00+05:30,Badulla_Uva,24.0,260.8244688486367,213.0,0.32,62.45511020482776
2026-10-05T16:15:00+05:30,Badulla_Uva,23.7,261.55103619928275,184.0,0.47,66.13491345116032
2026-10-05T16:30:00+05:30,Badulla_Uva,23.4,262.215749113729,155.0,0.63,69.82131102019947
2026-10-05T16:45:00+05:30,Badulla_Uva,23.1,262.82847608409025,126.0,0.74,73.51328576390134
2026-10-05T17:00:00+05:30,Badulla_Uva,22.9,263.3973192373468,97.0,0.85,77.21001180201097
2026-10-05T17:15:00+05:30,Badulla_Uva,22.7,263.9290210223784,68.0,0.95,80.91081076143944
2026-10-05T17:30:00+05:30,Badulla_Uva,22.5,264.4292708394478,40.0,1.01,84.6151190913834
2026-10-05T17:45:00+05:30,Badulla_Uva,22.3,264.9029408154804,17.0,1.06,88.32246475547984
2026-10-05T18:00:00+05:30,Badulla_Uva,22.2,265.3542706792093,2.0,1.12,92.03244813382096
2026-10-05T18:15:00+05:30,Badulla_Uva,22.1,265.78701665855095,0.0,1.12,95.74472707233782
2026-10-05T18:30:00+05:30,Badulla_Uva,22.0,266.2045755123946,0.0,1.12,99.45900648315396
2026-10-05T18:45:00+05:30,Badulla_Uva,21.9,266.6100919290511,0.0,1.12,103.17502870597127
2026-10-05T19:00:00+05:30,Badulla_Uva,21.8,267.00655672964774,0.0,1.12,106.89256552130001
2026-10-05T19:15:00+05:30,Badulla_Uva,21.7,267.3969027571296,0.0,1.08,110.61141284610312
2026-10-05T19:30:00+05:30,Badulla_Uva,21.7,267.78410517684085,0.0,1.08,114.33138473888805
2026-10-05T19:45:00+05:30,Badulla_Uva,21.6,268.17129469426084,0.0,1.03,118.05230786284241
2026-10-05T20:00:00+05:30,Badulla_Uva,21.6,268.56189480242784,0.0,1.03,121.77401757002713
2026-10-05T20:15:00+05:30,Badulla_Uva,21.6,268.95979840297196,0.0,0.98,125.49635221253857
2026-10-05T20:30:00+05:30,Badulla_Uva,21.5,269.36960774077505,0.0,0.94,129.2191466727534
2026-10-05T20:45:00+05:30,Badulla_Uva,21.5,269.7969757897951,0.0,0.89,132.94222586418854
2026-10-05T21:00:00+05:30,Badulla_Uva,21.5,270.249112093523,0.0,0.85,136.66539402582532
2026-10-05T21:15:00+05:30,Badulla_Uva,21.4,270.73556341182496,0.0,0.78,140.38841929967188
2026-10-05T21:30:00+05:30,Badulla_Uva,21.4,271.2694702079471,0.0,0.74,144.11101147129503
2026-10-05T21:45:00+05:30,Badulla_Uva,21.4,271.8696840816542,0.0,0.69,147.83278295961844
2026-10-05T22:00:00+05:30,Badulla_Uva,21.4,272.5645324013729,0.0,0.65,151.55318047210508
2026-10-05T22:15:00+05:30,Badulla_Uva,21.4,273.3989551010912,0.0,0.58,155.27135787547138
2026-10-05T22:30:00+05:30,Badulla_Uva,21.3,274.44915410484657,0.0,0.54,158.98591284166707
2026-10-05T22:45:00+05:30,Badulla_Uva,21.3,275.8559079641316,0.0,0.5,162.69428746911737
2026-10-05T23:00:00+05:30,Badulla_Uva,21.2,277.911525922181,0.0,0.5,166.39119899007738
2026-10-05T23:15:00+05:30,Badulla_Uva,21.2,281.3361482404254,0.0,0.47,170.06360200614682
2026-10-05T23:30:00+05:30,Badulla_Uva,21.1,288.4701912253297,0.0,0.47,173.66843164416207
2026-10-05T23:45:00+05:30,Badulla_Uva,21.0,311.85320443598954,0.0,0.47,176.9550301546642
2026-10-06T00:00:00+05:30,Badulla_Uva,20.9,35.89018210084356,0.0,0.47,177.49359039523057
2026-10-06T00:15:00+05:30,Badulla_Uva,20.8,68.96280996848242,0.0,0.45,174.42155408332843
2026-10-06T00:30:00+05:30,Badulla_Uva,20.7,77.7156276593364,0.0,0.49,170.84680223351512
2026-10-06T00:45:00+05:30,Badulla_Uva,20.6,81.6320826087067,0.0,0.54,167.18340968372604
2026-10-06T01:00:00+05:30,Badulla_Uva,20.5,83.89666880250343,0.0,0.59,163.49040960901436
2026-10-06T01:15:00+05:30,Badulla_Uva,20.3,85.41090973869842,0.0,0.62,159.78416321381644
2026-10-06T01:30:00+05:30,Badulla_Uva,20.2,86.52364590096772,0.0,0.67,156.07097488308443
2026-10-06T01:45:00+05:30,Badulla_Uva,20.0,87.39775197254016,0.0,0.72,152.3538001682361
2026-10-06T02:00:00+05:30,Badulla_Uva,19.9,88.11948252895115,0.0,0.76,148.63422240117643
2026-10-06T02:15:00+05:30,Badulla_Uva,19.8,88.73887816458233,0.0,0.81,144.91318010012628
2026-10-06T02:30:00+05:30,Badulla_Uva,19.6,89.28707650138176,0.0,0.86,141.1912781704258
2026-10-06T02:45:00+05:30,Badulla_Uva,19.5,89.78458069494792,0.0,0.91,137.468935329637
2026-10-06T03:00:00+05:30,Badulla_Uva,19.4,90.24555366364825,0.0,0.95,133.74646194707998
2026-10-06T03:15:00+05:30,Badulla_Uva,19.3,90.68020294035188,0.0,0.95,130.02410385119407
2026-10-06T03:30:00+05:30,Badulla_Uva,19.2,91.09618080641542,0.0,1.0,126.30206718095316
2026-10-06T03:45:00+05:30,Badulla_Uva,19.1,91.49944614733522,0.0,1.0,122.58053528654638
2026-10-06T04:00:00+05:30,Badulla_Uva,19.1,91.89481821216646,0.0,1.05,118.85968032409599
2026-10-06T04:15:00+05:30,Badulla_Uva,19.1,92.28634730472663,0.0,1.05,115.13967032037351
2026-10-06T04:30:00+05:30,Badulla_Uva,19.1,92.67757316801271,0.0,1.05,111.42067601961615
2026-10-06T04:45:00+05:30,Badulla_Uva,19.1,93.07171347938487,0.0,1.05,107.70287683787042
2026-10-06T05:00:00+05:30,Badulla_Uva,19.2,93.4718088351957,0.0,1.05,103.98646498441494
2026-10-06T05:15:00+05:30,Badulla_Uva,19.3,93.88084098999781,0.0,1.05,100.27165116012546
2026-10-06T05:30:00+05:30,Badulla_Uva,19.4,94.30183630225469,0.0,1.0,96.55867069627472
2026-10-06T05:45:00+05:30,Badulla_Uva,19.6,94.73796337788883,0.0,0.95,92.8477889853061
2026-10-06T06:00:00+05:30,Badulla_Uva,19.9,95.19263188422082,1.0,0.91,89.13930959100149
2026-10-06T06:15:00+05:30,Badulla_Uva,20.2,95.66959949637061,28.0,0.81,85.43358400202617
2026-10-06T06:30:00+05:30,Badulla_Uva,20.5,96.1730943455338,75.0,0.72,81.73102213974906
2026-10-06T06:45:00+05:30,Badulla_Uva,20.9,96.70796097110741,135.0,0.62,78.03210739765852
2026-10-06T07:00:00+05:30,Badulla_Uva,21.4,97.27984046321131,202.0,0.49,74.33741579994361
2026-10-06T07:15:00+05:30,Badulla_Uva,21.8,97.89539901520953,270.0,0.4,70.6476393028895
2026-10-06T07:30:00+05:30,Badulla_Uva,22.3,98.56262370876749,335.0,0.32,66.96361836166304
2026-10-06T07:45:00+05:30,Badulla_Uva,22.8,99.29121294480115,396.0,0.3,63.286385359490694
2026-10-06T08:00:00+05:30,Badulla_Uva,23.3,100.09310125284236,454.0,0.36,59.617221988810506
2026-10-06T08:15:00+05:30,Badulla_Uva,23.9,100.98317615070607,512.0,0.47,55.957740377920764
2026-10-06T08:30:00+05:30,Badulla_Uva,24.4,101.98027483524987,567.0,0.6,52.30999693315963
2026-10-06T08:45:00+05:30,Badulla_Uva,24.9,103.108595490923,617.0,0.74,48.67665378413168
2026-10-06T09:00:00+05:30,Badulla_Uva,25.4,104.39973258802064,664.0,0.89,45.06121694981041
2026-10-06T09:15:00+05:30,Badulla_Uva,25.9,105.89567108791573,707.0,1.01,41.46839268846139
2026-10-06T09:30:00+05:30,Badulla_Uva,26.4,107.65328275726591,747.0,1.17,37.90463298589333
2026-10-06T09:45:00+05:30,Badulla_Uva,26.9,109.75121486026944,782.0,1.32,34.3789985339397
2026-10-06T10:00:00+05:30,Badulla_Uva,27.3,112.30064110756206,813.0,1.41,30.904561172427584
2026-10-06T10:15:00+05:30,Badulla_Uva,27.7,115.46225369104098,841.0,1.52,27.50075224151096
2026-10-06T10:30:00+05:30,Badulla_Uva,28.0,119.47304728019674,865.0,1.61,24.197414906075153
2026-10-06T10:45:00+05:30,Badulla_Uva,28.3,124.68680047662167,885.0,1.66,21.041939984446188
2026-10-06T11:00:00+05:30,Badulla_Uva,28.5,131.62603378439127,896.0,1.77,18.111792877665934
2026-10-06T11:15:00+05:30,Badulla_Uva,28.7,141.0086471698449,895.0,1.81,15.535017498664857
2026-10-06T11:30:00+05:30,Badulla_Uva,28.8,153.5930856975342,880.0,1.81,13.515278619749381
2026-10-06T11:45:00+05:30,Badulla_Uva,28.9,169.49953860980554,858.0,1.81,12.329443699104658
2026-10-06T12:00:00+05:30,Badulla_Uva,28.9,187.12913062709774,835.0,1.81,12.222687339004395
2026-10-06T12:15:00+05:30,Badulla_Uva,28.8,203.54173668811498,818.0,1.75,13.221171085173623
2026-10-06T12:30:00+05:30,Badulla_Uva,28.7,216.77605414691385,806.0,1.7,15.107308605921105
2026-10-06T12:45:00+05:30,Badulla_Uva,28.5,226.70490904297435,794.0,1.66,17.597952386873644
2026-10-06T13:00:00+05:30,Badulla_Uva,28.3,234.0405483930063,780.0,1.54,20.47364872985314
2026-10-06T13:15:00+05:30,Badulla_Uva,28.1,239.5304876406908,761.0,1.5,23.594007601933342
2026-10-06T13:30:00+05:30,Badulla_Uva,27.9,243.7339608118992,738.0,1.39,26.87392460535635
2026-10-06T13:45:00+05:30,Badulla_Uva,27.6,247.03223282380227,711.0,1.27,30.26154649870896
2026-10-06T14:00:00+05:30,Badulla_Uva,27.3,249.68059918917015,682.0,1.19,33.72441549661834
2026-10-06T14:15:00+05:30,Badulla_Uva,27.0,251.85161264961909,651.0,1.03,37.241530221648546
2026-10-06T14:30:00+05:30,Badulla_Uva,26.6,253.66416623389813,616.0,0.92,40.79884627943971
2026-10-06T14:45:00+05:30,Badulla_Uva,26.3,255.20201151231643,580.0,0.81,44.38668116198505
2026-10-06T15:00:00+05:30,Badulla_Uva,25.9,256.52546228702215,541.0,0.69,47.998173267529815
2026-10-06T15:15:00+05:30,Badulla_Uva,25.6,257.6788713781054,500.0,0.57,51.62833904622871
2026-10-06T15:30:00+05:30,Badulla_Uva,25.2,258.69549277879565,457.0,0.46,55.2734801089094
2026-10-06T15:45:00+05:30,Badulla_Uva,24.9,259.600706948177,413.0,0.35,58.93079793309293
2026-10-06T16:00:00+05:30,Badulla_Uva,24.5,260.41420473584367,366.0,0.27,62.59813753434048
2026-10-06T16:15:00+05:30,Badulla_Uva,24.2,261.1514960341158,318.0,0.2,66.27381433897762
2026-10-06T16:30:00+05:30,Badulla_Uva,23.9,261.82497129507954,270.0,0.22,69.95649265544264
2026-10-06T16:45:00+05:30,Badulla_Uva,23.7,262.4446621837609,220.0,0.28,73.64509938599377
2026-10-06T17:00:00+05:30,Badulla_Uva,23.4,263.0187962721769,169.0,0.34,77.33876311683946
2026-10-06T17:15:00+05:30,Badulla_Uva,23.2,263.55420792901305,116.0,0.38,81.03676824182536
2026-10-06T17:30:00+05:30,Badulla_Uva,23.0,264.0566479990356,65.0,0.47,84.73852067706672
2026-10-06T17:45:00+05:30,Badulla_Uva,22.8,264.5310215092049,25.0,0.52,88.44352335101622
2026-10-06T18:00:00+05:30,Badulla_Uva,22.7,264.9815733705045,2.0,0.62,92.15135619279461
2026-10-06T18:15:00+05:30,Badulla_Uva,22.5,265.4120369812465,0.0,0.67,95.86166050582644
2026-10-06T18:30:00+05:30,Badulla_Uva,22.4,265.8257567543383,0.0,0.72,99.5741280752564
2026-10-06T18:45:00+05:30,Badulla_Uva,22.3,266.2257926272326,0.0,0.76,103.28849119465782
2026-10-06T19:00:00+05:30,Badulla_Uva,22.2,266.61501370054236,0.0,0.82,107.00451448577451
2026-10-06T19:15:00+05:30,Badulla_Uva,22.1,266.9961874214975,0.0,0.82,110.7219895347711
2026-10-06T19:30:00+05:30,Badulla_Uva,22.0,267.37207033989966,0.0,0.89,114.44072898817986
2026-10-06T19:45:00+05:30,Badulla_Uva,21.9,267.745507873809,0.0,0.95,118.16056127464407
2026-10-06T20:00:00+05:30,Badulla_Uva,21.8,268.11955255824887,0.0,1.0,121.88132716090917
2026-10-06T20:15:00+05:30,Badulla_Uva,21.7,268.49761359549,0.0,1.06,125.6028748334103
2026-10-06T20:30:00+05:30,Badulla_Uva,21.7,268.8836576261653,0.0,1.11,129.32505462011002
2026-10-06T20:45:00+05:30,Badulla_Uva,21.6,269.28249231170076,0.0,1.17,133.0477143223014
2026-10-06T21:00:00+05:30,Badulla_Uva,21.5,269.7001847873804,0.0,1.17,136.77069134699096
2026-10-06T21:15:00+05:30,Badulla_Uva,21.5,270.1447062976886,0.0,1.23,140.4938017701983
2026-10-06T21:30:00+05:30,Badulla_Uva,21.4,270.62696957986213,0.0,1.23,144.21682539381408
2026-10-06T21:45:00+05:30,Badulla_Uva,21.4,271.16257872537074,0.0,1.23,147.93947913065074
2026-10-06T22:00:00+05:30,Badulla_Uva,21.3,271.7749463913622,0.0,1.3,151.66137071732487
2026-09-29T22:15:00+05:30,Jaffna_Northern,28.7,283.4102925041668,0.0,5.32,152.9230241602961
2026-09-29T22:30:00+05:30,Jaffna_Northern,28.7,286.02004899277256,0.0,5.47,156.50101748094716
2026-09-29T22:45:00+05:30,Jaffna_Northern,28.6,289.46737314410166,0.0,5.63,160.02512968024445
2026-09-29T23:00:00+05:30,Jaffna_Northern,28.6,294.26203874360874,0.0,5.78,163.460654030356
2026-09-29T23:15:00+05:30,Jaffna_Northern,28.5,301.3679164819523,0.0,5.96,166.7383371238883
2026-09-29T23:30:00+05:30,Jaffna_Northern,28.5,312.6792776542877,0.0,6.08,169.70606414651732
2026-09-29T23:45:00+05:30,Jaffna_Northern,28.5,331.5050863429556,0.0,6.11,172.01043195142822
2026-09-30T00:00:00+05:30,Jaffna_Northern,28.6,359.54788457085897,0.0,6.1,172.96597303404008
2026-09-30T00:15:00+05:30,Jaffna_Northern,28.6,27.81450590697068,0.0,6.06,172.06915343894258
2026-09-30T00:30:00+05:30,Jaffna_Northern,28.6,46.956769117347335,0.0,6.05,169.7973344273717
2026-09-30T00:45:00+05:30,Jaffna_Northern,28.6,58.459940600061486,0.0,6.04,166.84465402365117
2026-09-30T01:00:00+05:30,Jaffna_Northern,28.5,65.66997645008269,0.0,6.05,163.57439383625888
2026-09-30T01:15:00+05:30,Jaffna_Northern,28.5,70.52395686131757,0.0,6.04,160.14298290339985
2026-09-30T01:30:00+05:30,Jaffna_Northern,28.4,74.00759169859435,0.0,6.02,156.6214228551259
2026-09-30T01:45:00+05:30,Jaffna_Northern,28.4,76.64116943879179,0.0,5.97,153.04518457731749
2026-09-30T02:00:00+05:30,Jaffna_Northern,28.4,78.71733236482748,0.0,5.95,149.43362429624068
2026-09-30T02:15:00+05:30,Jaffna_Northern,28.3,80.41105760350604,0.0,5.88,145.7981095711322
2026-09-30T02:30:00+05:30,Jaffna_Northern,28.3,81.83268892115109,0.0,5.84,142.14573174228485
2026-09-30T02:45:00+05:30,Jaffna_Northern,28.3,83.05504796899652,0.0,5.81,138.48114129660013
2026-09-30T03:00:00+05:30,Jaffna_Northern,28.3,84.12810537933052,0.0,5.77,134.80752098846887
2026-09-30T03:15:00+05:30,Jaffna_Northern,28.4,85.08733703519624,0.0,5.77,131.1271322188919
2026-09-30T03:30:00+05:30,Jaffna_Northern,28.4,85.958703055505,0.0,5.77,127.44163596159626
2026-09-30T03:45:00+05:30,Jaffna_Northern,28.4,86.76173373760679,0.0,5.8,123.75229141085089
2026-09-30T04:00:00+05:30,Jaffna_Northern,28.4,87.51151095730995,0.0,5.87,120.06008319263148
2026-09-30T04:15:00+05:30,Jaffna_Northern,28.3,88.21998190042382,0.0,5.91,116.36580428277125
2026-09-30T04:30:00+05:30,Jaffna_Northern,28.3,88.89685605399143,0.0,5.91,112.6701139682643
2026-09-30T04:45:00+05:30,Jaffna_Northern,28.3,89.55023597499894,0.0,5.82,108.9735790699553
2026-09-30T05:00:00+05:30,Jaffna_Northern,28.3,90.1870746866249,0.0,5.67,105.27670291446135
2026-09-30T05:15:00+05:30,Jaffna_Northern,28.3,90.81351816107792,0.0,5.54,101.57994884456686
2026-09-30T05:30:00+05:30,Jaffna_Northern,28.3,91.43517204788634,0.0,5.41,97.88375932175462
2026-09-30T05:45:00+05:30,Jaffna_Northern,28.3,92.05731951612688,0.0,5.31,94.18857091377248
2026-09-30T06:00:00+05:30,Jaffna_Northern,28.4,92.68510890028136,0.0,5.17,90.49482948476508
2026-09-30T06:15:00+05:30,Jaffna_Northern,28.4,93.32372620235458,12.0,5.08,86.80300519743328
2026-09-30T06:30:00+05:30,Jaffna_Northern,28.5,93.97856519873562,47.0,5.04,83.1136068720932
2026-09-30T06:45:00+05:30,Jaffna_Northern,28.7,94.65540643161881,91.0,5.05,79.42719973106408
2026-09-30T07:00:00+05:30,Jaffna_Northern,29.0,95.36061778280396,142.0,5.15,75.74442627360384
2026-09-30T07:15:00+05:30,Jaffna_Northern,29.3,96.10139153198816,195.0,5.22,72.0660303496688
2026-09-30T07:30:00+05:30,Jaffna_Northern,29.5,96.88603592247284,250.0,5.27,68.39288946753527
2026-09-30T07:45:00+05:30,Jaffna_Northern,29.7,97.72434643999355,305.0,5.23,64.72605672619828
2026-09-30T08:00:00+05:30,Jaffna_Northern,29.9,98.62809213287409,362.0,5.15,61.066815035228004
2026-09-30T08:15:00+05:30,Jaffna_Northern,30.1,99.61166684585055,419.0,5.04,57.41675266047196
2026-09-30T08:30:00+05:30,Jaffna_Northern,30.2,100.6929803035822,477.0,4.95,53.777867797639225
2026-09-30T08:45:00+05:30,Jaffna_Northern,30.4,101.89470236584668,533.0,4.84,50.15271485988818
2026-09-30T09:00:00+05:30,Jaffna_Northern,30.6,103.24603361393957,586.0,4.77,46.5446177576362
2026-09-30T09:15:00+05:30,Jaffna_Northern,30.7,104.78527563081354,633.0,4.63,42.957984801412536
2026-09-30T09:30:00+05:30,Jaffna_Northern,30.9,106.56363763213369,672.0,4.56,39.39878367705443
2026-09-30T09:45:00+05:30,Jaffna_Northern,31.0,108.6509834707835,704.0,4.49,35.87528134458924
2026-09-30T10:00:00+05:30,Jaffna_Northern,31.2,111.14466453702352,733.0,4.49,32.399225492966345
2026-09-30T10:15:00+05:30,Jaffna_Northern,31.3,114.18327201028666,763.0,4.49,28.98778469709803
2026-09-30T10:30:00+05:30,Jaffna_Northern,31.4,117.96805642856214,792.0,4.49,25.66682860083
2026-09-30T10:45:00+05:30,Jaffna_Northern,31.5,122.79529871828822,818.0,4.58,22.476590809461825
2026-09-30T11:00:00+05:30,Jaffna_Northern,31.5,129.09983122584265,842.0,4.69,19.48148175978413
2026-09-30T11:15:00+05:30,Jaffna_Northern,31.5,137.49046156609006,862.0,4.82,16.786357272288527
2026-09-30T11:30:00+05:30,Jaffna_Northern,31.5,148.68566671078906,879.0,4.86,14.558853955254364
2026-09-30T11:45:00+05:30,Jaffna_Northern,31.5,163.1023167692549,893.0,4.86,13.040896015263328
2026-09-30T12:00:00+05:30,Jaffna_Northern,31.4,179.9347635041654,900.0,4.84,12.493877564617506
2026-09-30T12:15:00+05:30,Jaffna_Northern,31.3,196.767566857794,900.0,4.77,13.040577649362262
2026-09-30T12:30:00+05:30,Jaffna_Northern,31.2,211.18493562518952,892.0,4.66,14.558293147180308
2026-09-30T12:45:00+05:30,Jaffna_Northern,31.1,222.38068554285246,878.0,4.48,16.78564861636525
2026-09-30T13:00:00+05:30,Jaffna_Northern,31.0,230.7714604911559,862.0,4.27,19.480701286944154
2026-09-30T13:15:00+05:30,Jaffna_Northern,30.9,237.07573189341997,847.0,4.03,22.475792933500372
2026-09-30T13:30:00+05:30,Jaffna_Northern,30.9,241.9023569633597,832.0,3.89,25.666052575897552
2026-09-30T13:45:00+05:30,Jaffna_Northern,31.0,245.68621243813385,815.0,3.8,28.987060411349518
2026-09-30T14:00:00+05:30,Jaffna_Northern,31.3,248.72360883428755,791.0,3.73,32.39857841174126
2026-09-30T14:15:00+05:30,Jaffna_Northern,31.5,251.21581192589463,757.0,3.73,35.87473453879889
2026-09-30T14:30:00+05:30,Jaffna_Northern,31.5,253.30141795809482,716.0,3.78,39.39835884247512
2026-09-30T14:45:00+05:30,Jaffna_Northern,31.4,255.07777684405912,669.0,3.91,42.957704175248914
2026-09-30T15:00:00+05:30,Jaffna_Northern,31.2,256.61474521376397,620.0,4.07,46.54450434070012
2026-09-30T15:15:00+05:30,Jaffna_Northern,31.0,257.9635204951351,571.0,4.27,50.15279246990228
2026-09-30T15:30:00+05:30,Jaffna_Northern,30.8,259.16238894883327,522.0,4.37,53.778162503414215
2026-09-30T15:45:00+05:30,Jaffna_Northern,30.6,260.2405318548529,472.0,4.35,57.41729274524081
2026-09-30T16:00:00+05:30,Jaffna_Northern,30.4,261.22059579841743,418.0,4.29,61.06763096081597
2026-09-30T16:15:00+05:30,Jaffna_Northern,30.2,262.12046337539533,361.0,4.18,64.72718259660978
2026-09-30T16:30:00+05:30,Jaffna_Northern,30.0,262.95449658241614,303.0,4.07,68.39436308051904
2026-09-30T16:45:00+05:30,Jaffna_Northern,29.8,263.73442734405654,245.0,3.94,72.06789331788164
2026-09-30T17:00:00+05:30,Jaffna_Northern,29.7,264.4700082756646,190.0,3.83,75.74672571651222
2026-09-30T17:15:00+05:30,Jaffna_Northern,29.5,265.1694976810506,138.0,3.67,79.42998861346301
2026-09-30T17:30:00+05:30,Jaffna_Northern,29.3,265.8400296169606,89.0,3.54,83.11694449101876
2026-09-30T17:45:00+05:30,Jaffna_Northern,29.2,266.4879041772586,46.0,3.31,86.80695934052603
2026-09-30T18:00:00+05:30,Jaffna_Northern,29.0,267.1188223282712,11.0,3.04,90.49947734799665
2026-09-30T18:15:00+05:30,Jaffna_Northern,28.9,267.7380840491243,0.0,2.79,94.19400031698046
2026-09-30T18:30:00+05:30,Jaffna_Northern,28.8,268.35076447142586,0.0,2.71,97.89007179436179
2026-09-30T18:45:00+05:30,Jaffna_Northern,28.8,268.96187977000466,0.0,2.75,101.5872617201076
2026-09-30T19:00:00+05:30,Jaffna_Northern,28.8,269.5765545597547,0.0,2.9,105.28515205986517
2026-09-30T19:15:00+05:30,Jaffna_Northern,28.8,270.20020313677924,0.0,3.11,108.98332394108043
2026-09-30T19:30:00+05:30,Jaffna_Northern,28.8,270.83873831369397,0.0,3.36,112.68134228752317
2026-09-30T19:45:00+05:30,Jaffna_Northern,28.8,271.4988264685517,0.0,3.71,116.3787382059614
2026-09-30T20:00:00+05:30,Jaffna_Northern,28.8,272.1882145354301,0.0,4.09,120.07498899954048
2026-09-30T20:15:00+05:30,Jaffna_Northern,28.8,272.91616556452055,0.0,4.49,123.76949052478
2026-09-30T20:30:00+05:30,Jaffna_Northern,28.8,273.6940594772957,0.0,4.79,127.46151994641293
2026-09-30T20:45:00+05:30,Jaffna_Northern,28.8,274.5362479923634,0.0,5.04,131.15018498722924
2026-09-30T21:00:00+05:30,Jaffna_Northern,28.7,275.4613071456613,0.0,5.2,134.83434794516168
2026-09-30T21:15:00+05:30,Jaffna_Northern,28.7,276.49392952140573,0.0,5.3,138.51251119524474
2026-09-30T21:30:00+05:30,Jaffna_Northern,28.6,277.6678779205548,0.0,5.36,142.18263973632168
2026-09-30T21:45:00+05:30,Jaffna_Northern,28.5,279.03076345045685,0.0,5.32,145.84187033270794
2026-09-30T22:00:00+05:30,Jaffna_Northern,28.3,280.6520963096456,0.0,5.18,149.48601742256133
2026-09-30T22:15:00+05:30,Jaffna_Northern,28.2,282.637498014582,0.0,4.99,153.1086914478351
2026-09-30T22:30:00+05:30,Jaffna_Northern,28.1,285.1551685117548,0.0,4.81,156.69962319335013
2026-09-30T22:45:00+05:30,Jaffna_Northern,28.1,288.48827226030187,0.0,4.6,160.24125055779214
2026-09-30T23:00:00+05:30,Jaffna_Northern,28.1,293.1456686822697,0.0,4.39,163.70115622778013
2026-09-30T23:15:00+05:30,Jaffna_Northern,28.1,300.1095615806025,0.0,4.19,167.013613510898
2026-09-30T23:30:00+05:30,Jaffna_Northern,28.1,311.3795715696267,0.0,4.0,170.0303132161538
2026-09-30T23:45:00+05:30,Jaffna_Northern,28.1,330.6727592734411,0.0,3.87,172.3907480665847
2026-10-01T00:00:00+05:30,Jaffna_Northern,27.9,0.2318771045096355,0.0,3.81,173.35424425687143
2026-10-01T00:15:00+05:30,Jaffna_Northern,27.8,29.71058524608702,0.0,3.74,172.37170393147338
2026-10-01T00:30:00+05:30,Jaffna_Northern,27.7,48.89704835248472,0.0,3.76,170.00130394626905
2026-10-01T00:45:00+05:30,Jaffna_Northern,27.6,60.106293569725096,0.0,3.82,166.9803083023882
2026-10-01T01:00:00+05:30,Jaffna_Northern,27.4,67.03873453148316,0.0,4.0,163.66592638184642
2026-10-01T01:15:00+05:30,Jaffna_Northern,27.3,71.67912310751143,0.0,4.06,160.20513085985232
2026-10-01T01:30:00+05:30,Jaffna_Northern,27.1,75.00257568867158,0.0,3.95,156.66312916809903
2026-10-01T01:45:00+05:30,Jaffna_Northern,26.9,77.51465464231643,0.0,3.49,153.07211838163872
2026-10-01T02:00:00+05:30,Jaffna_Northern,26.6,79.49689983378539,0.0,2.76,149.44955697408085
2026-10-01T02:15:00+05:30,Jaffna_Northern,26.4,81.11665607634194,0.0,2.03,145.80566220007233
2026-10-01T02:30:00+05:30,Jaffna_Northern,26.2,82.47906855519142,0.0,1.56,142.1467966317115
2026-10-01T02:45:00+05:30,Jaffna_Northern,26.2,83.65337070505996,0.0,1.46,138.47713060105406
2026-10-01T03:00:00+05:30,Jaffna_Northern,26.2,84.68700786258336,0.0,1.6,134.79951976594728
2026-10-01T03:15:00+05:30,Jaffna_Northern,26.3,85.61364262651341,0.0,1.79,131.11599640265283
2026-10-01T03:30:00+05:30,Jaffna_Northern,26.3,86.45790857723398,0.0,1.82,127.42805729899334
2026-10-01T03:45:00+05:30,Jaffna_Northern,26.3,87.23834956473127,0.0,1.69,123.7368418934254
2026-10-01T04:00:00+05:30,Jaffna_Northern,26.3,87.96930386851369,0.0,1.5,120.04324634304784
2026-10-01T04:15:00+05:30,Jaffna_Northern,26.3,88.66215222850974,0.0,1.39,116.34799781389287
2026-10-01T04:30:00+05:30,Jaffna_Northern,26.3,89.32616968251449,0.0,1.43,112.65170664307824
2026-10-01T04:45:00+05:30,Jaffna_Northern,26.3,89.96912482411636,0.0,1.49,108.95490360802398
2026-10-01T05:00:00+05:30,Jaffna_Northern,26.2,90.59771495075353,0.0,1.6,105.25806617803569
2026-10-01T05:15:00+05:30,Jaffna_Northern,26.2,91.2178927420452,0.0,1.63,101.56164015687055
2026-10-01T05:30:00+05:30,Jaffna_Northern,26.2,91.83512176814173,0.0,1.61,97.86605752720013
2026-10-01T05:45:00+05:30,Jaffna_Northern,26.2,92.45458647329201,0.0,1.46,94.17175064015525
2026-10-01T06:00:00+05:30,Jaffna_Northern,26.2,93.0813745245232,0.0,1.25,90.47916696239866
2026-10-01T06:15:00+05:30,Jaffna_Northern,26.2,93.72064604923685,11.0,1.11,86.78878395213415
2026-10-01T06:30:00+05:30,Jaffna_Northern,26.4,94.37780219532772,43.0,1.03,83.10112357034791
2026-10-01T06:45:00+05:30,Jaffna_Northern,26.7,95.05866412816846,82.0,0.98,79.41677046804375
2026-10-01T07:00:00+05:30,Jaffna_Northern,27.0,95.7696751229991,127.0,1.02,75.73639362105449
2026-10-01T07:15:00+05:30,Jaffna_Northern,27.5,96.51814073530056,177.0,1.1,72.06077153973985
2026-10-01T07:30:00+05:30,Jaffna_Northern,27.9,97.31252525979608,231.0,1.12,68.39082618426036
2026-10-01T07:45:00+05:30,Jaffna_Northern,28.4,98.16282999692453,290.0,1.08,64.72766711258673
2026-10-01T08:00:00+05:30,Jaffna_Northern,28.9,99.08108910134558,351.0,0.98,61.07264874226789
2026-10-01T08:15:00+05:30,Jaffna_Northern,29.3,100.08203344700473,413.0,0.82,57.42745007039023
2026-10-01T08:30:00+05:30,Jaffna_Northern,29.8,101.18399810621202,474.0,0.67,53.794185002240596
2026-10-01T08:45:00+05:30,Jaffna_Northern,30.2,102.41018737161733,534.0,0.41,50.17555665488107
2026-10-01T09:00:00+05:30,Jaffna_Northern,30.6,103.79047058148893,591.0,0.16,46.575081904706714
2026-10-01T09:15:00+05:30,Jaffna_Northern,31.0,105.36398063003656,645.0,0.16,42.99742229138287
2026-10-01T09:30:00+05:30,Jaffna_Northern,31.3,107.18294594320793,695.0,0.45,39.448881907161876
2026-10-01T09:45:00+05:30,Jaffna_Northern,31.5,109.31844260652832,740.0,0.75,35.93818018190984
2026-10-01T10:00:00+05:30,Jaffna_Northern,31.8,111.86916587005555,780.0,1.05,32.47768010780403
2026-10-01T10:15:00+05:30,Jaffna_Northern,31.9,114.97493514390885,815.0,1.35,29.08539244777085
2026-10-01T10:30:00+05:30,Jaffna_Northern,31.8,118.83737823415294,846.0,1.65,25.7883340482784
2026-10-01T10:45:00+05:30,Jaffna_Northern,31.4,123.75033394741945,870.0,2.01,22.628251324196697
2026-10-01T11:00:00+05:30,Jaffna_Northern,30.8,130.13847247336963,886.0,2.46,19.671346193155756
2026-10-01T11:15:00+05:30,Jaffna_Northern,30.1,138.58192492916214,891.0,2.88,17.023893661090796
2026-10-01T11:30:00+05:30,Jaffna_Northern,29.8,149.7353116318368,880.0,3.11,14.852372538577654
2026-10-01T11:45:00+05:30,Jaffna_Northern,29.8,163.9203842611323,861.0,3.08,13.390417645090636
2026-10-01T12:00:00+05:30,Jaffna_Northern,30.0,180.30262559591878,844.0,2.81,12.8819549676207
2026-10-01T12:15:00+05:30,Jaffna_Northern,30.4,196.62870210115761,839.0,2.52,13.435689864636998
2026-10-01T12:30:00+05:30,Jaffna_Northern,30.7,210.68765300768956,845.0,2.25,14.933925342545422
2026-10-01T12:45:00+05:30,Jaffna_Northern,31.1,221.7112035294198,853.0,1.96,17.130592531661577
2026-10-01T13:00:00+05:30,Jaffna_Northern,31.5,230.050859388883,854.0,1.57,19.794489320018798
2026-10-01T13:15:00+05:30,Jaffna_Northern,31.8,236.3631042764096,841.0,1.25,22.762123247092077
2026-10-01T13:30:00+05:30,Jaffna_Northern,32.1,241.22164651747389,817.0,1.07,25.929371666770024
2026-10-01T13:45:00+05:30,Jaffna_Northern,32.3,245.04467951615052,785.0,1.1,29.231373169514846
2026-10-01T14:00:00+05:30,Jaffna_Northern,32.4,248.12125622078497,748.0,1.24,32.627188956505506
2026-10-01T14:15:00+05:30,Jaffna_Northern,32.5,250.64975337571542,707.0,1.39,36.09029170027335
2026-10-01T14:30:00+05:30,Jaffna_Northern,32.5,252.76782394286047,659.0,1.51,39.602974056507165
2026-10-01T14:45:00+05:30,Jaffna_Northern,32.6,254.57271174709388,609.0,1.5,43.15306768178448
2026-10-01T15:00:00+05:30,Jaffna_Northern,32.6,256.1345037951664,559.0,1.43,46.73198102477548
2026-10-01T15:15:00+05:30,Jaffna_Northern,32.5,257.50474007405313,513.0,1.32,50.33349627726943
2026-10-01T15:30:00+05:30,Jaffna_Northern,32.5,258.7220632680443,472.0,1.19,53.95301301093942
2026-10-01T15:45:00+05:30,Jaffna_Northern,32.3,259.81598422723266,429.0,1.06,57.587057991236954
2026-10-01T16:00:00+05:30,Jaffna_Northern,32.1,260.8094377662671,383.0,0.92,61.2329599927705
2026-10-01T16:15:00+05:30,Jaffna_Northern,31.9,261.72055055206215,330.0,0.81,64.88863041409847
2026-10-01T16:30:00+05:30,Jaffna_Northern,31.7,262.56388651520444,273.0,0.61,68.55240995986048
2026-10-01T16:45:00+05:30,Jaffna_Northern,31.6,263.3513410665256,217.0,0.46,72.22295997883307
2026-10-01T17:00:00+05:30,Jaffna_Northern,31.4,264.09279575643836,166.0,0.65,75.89918539942873
2026-10-01T17:15:00+05:30,Jaffna_Northern,31.3,264.7966067233012,120.0,1.03,79.58017686662501
2026-10-01T17:30:00+05:30,Jaffna_Northern,31.1,265.4699774973657,79.0,1.32,83.26516725517403
2026-10-01T17:45:00+05:30,Jaffna_Northern,30.9,266.11925121536956,42.0,1.5,86.95349979388756
2026-10-01T18:00:00+05:30,Jaffna_Northern,30.8,266.7501465296763,10.0,1.7,90.6446018607883
2026-10-01T18:15:00+05:30,Jaffna_Northern,30.5,267.3679559378169,0.0,1.66,94.33796381499
2026-10-01T18:30:00+05:30,Jaffna_Northern,30.0,267.97772116364564,0.0,1.24,98.03312278090685
2026-10-01T18:45:00+05:30,Jaffna_Northern,29.2,268.58439723480336,0.0,1.07,101.72964719118876
2026-10-01T19:00:00+05:30,Jaffna_Northern,28.2,269.1930168356058,0.0,2.76,105.42712254649535
2026-10-01T19:15:00+05:30,Jaffna_Northern,27.2,269.8088669965344,0.0,4.6,109.1251389345642
2026-10-01T19:30:00+05:30,Jaffna_Northern,26.5,270.4376914643852,0.0,5.66,112.82327634663177
2026-10-01T19:45:00+05:30,Jaffna_Northern,26.3,271.0859367743134,0.0,5.42,116.52108813312282
2026-10-01T20:00:00+05:30,Jaffna_Northern,26.3,271.7610668660727,0.0,4.37,120.21808258264711
2026-10-01T20:15:00+05:30,Jaffna_Northern,26.4,272.47198159780015,0.0,3.2,123.91369755346761
2026-10-01T20:30:00+05:30,Jaffna_Northern,26.5,273.22959388591187,0.0,2.41,127.60726650730655
2026-10-01T20:45:00+05:30,Jaffna_Northern,26.5,274.0476516301135,0.0,2.23,131.2979725305828
2026-10-01T21:00:00+05:30,Jaffna_Northern,26.4,274.94394368052895,0.0,2.27,134.98477939343275
2026-10-01T21:15:00+05:30,Jaffna_Northern,26.4,275.94212576466435,0.0,2.41,138.66632764852696
2026-10-01T21:30:00+05:30,Jaffna_Northern,26.4,277.07457911415037,0.0,2.52,142.3407735204257
2026-10-01T21:45:00+05:30,Jaffna_Northern,26.4,278.3870527241262,0.0,2.59,146.00552394508227
2026-10-01T22:00:00+05:30,Jaffna_Northern,26.3,279.94652494175654,0.0,2.69,149.656784816677
2026-10-01T22:15:00+05:30,Jaffna_Northern,26.3,281.85517552710326,0.0,2.77,153.2887508841206
2026-10-01T22:30:00+05:30,Jaffna_Northern,26.3,284.2766475059427,0.0,2.76,156.89205499099882
2026-10-01T22:45:00+05:30,Jaffna_Northern,26.3,287.488721645053,0.0,2.6,160.45057751570542
2026-10-01T23:00:00+05:30,Jaffna_Northern,26.4,291.99692787621166,0.0,2.27,163.9342717007098
2026-10-01T23:15:00+05:30,Jaffna_Northern,26.4,298.79727439964716,0.0,1.98,167.28123958568844
2026-10-01T23:30:00+05:30,Jaffna_Northern,26.4,309.9913327383141,0.0,1.69,170.34792335361064
2026-10-01T23:45:00+05:30,Jaffna_Northern,26.3,329.7467148722528,0.0,1.47,172.7682590224881
2026-10-02T00:00:00+05:30,Jaffna_Northern,26.3,0.9884315522273255,0.0,1.25,173.74100078794748
2026-10-02T00:15:00+05:30,Jaffna_Northern,26.3,31.749371686246548,0.0,1.03,172.66557907671017
2026-10-02T00:30:00+05:30,Jaffna_Northern,26.2,50.90794147046279,0.0,0.93,170.19425344398456
2026-10-02T00:45:00+05:30,Jaffna_Northern,26.2,61.780642537598055,0.0,0.92,167.1062447584332
2026-10-02T01:00:00+05:30,Jaffna_Northern,26.2,68.41835266711576,0.0,1.01,163.74952491647338
2026-10-02T01:15:00+05:30,Jaffna_Northern,26.2,72.83823359470301,0.0,1.13,160.26086381323756
2026-10-02T01:30:00+05:30,Jaffna_Northern,26.2,75.9985574949784,0.0,1.2,156.6996213485283
2026-10-02T01:45:00+05:30,Jaffna_Northern,26.2,78.38783118734437,0.0,1.17,153.09478540502147
2026-10-02T02:00:00+05:30,Jaffna_Northern,26.1,80.27557630537905,0.0,1.07,149.46198243646057
2026-10-02T02:15:00+05:30,Jaffna_Northern,26.1,81.82111830583722,0.0,1.01,145.81032916797716
2026-10-02T02:30:00+05:30,Jaffna_Northern,26.1,83.12422912791612,0.0,0.97,142.14549491789887
2026-10-02T02:45:00+05:30,Jaffna_Northern,26.1,84.25047080780058,0.0,1.0,138.4711950569447
2026-10-02T03:00:00+05:30,Jaffna_Northern,26.1,85.24472208884731,0.0,1.06,134.78997622172827
2026-10-02T03:15:00+05:30,Jaffna_Northern,26.1,86.13881116409914,0.0,1.06,131.10365475854547
2026-10-02T03:30:00+05:30,Jaffna_Northern,26.1,86.95603408149452,0.0,1.08,127.41357308569675
2026-10-02T03:45:00+05:30,Jaffna_Northern,26.1,87.7139424986052,0.0,1.05,123.72075832496972
2026-10-02T04:00:00+05:30,Jaffna_Northern,26.1,88.4261281321734,0.0,0.99,120.02602392056207
2026-10-02T04:15:00+05:30,Jaffna_Northern,26.1,89.10340379948013,0.0,0.93,116.33003576014265
2026-10-02T04:30:00+05:30,Jaffna_Northern,26.1,89.75460940529013,0.0,0.88,112.633358869173
2026-10-02T04:45:00+05:30,Jaffna_Northern,26.1,90.3871793039375,0.0,0.81,108.93649095997223
2026-10-02T05:00:00+05:30,Jaffna_Northern,26.1,91.00755497987257,0.0,0.68,105.23988613236449
2026-10-02T05:15:00+05:30,Jaffna_Northern,26.2,91.6214957913619,0.0,0.58,101.54397477659901
2026-10-02T05:30:00+05:30,Jaffna_Northern,26.3,92.23432317720062,0.0,0.51,97.84918025399685
2026-10-02T05:45:00+05:30,Jaffna_Northern,26.4,92.85112272400221,0.0,0.54,94.15593236152623
2026-10-02T06:00:00+05:30,Jaffna_Northern,26.5,93.47692116785163,0.0,0.64,90.46468170361786
2026-10-02T06:15:00+05:30,Jaffna_Northern,26.7,94.11685231887367,12.0,0.78,86.77591448640392
2026-10-02T06:30:00+05:30,Jaffna_Northern,26.9,94.7763240146291,47.0,0.86,83.09016723110088
2026-10-02T06:45:00+05:30,Jaffna_Northern,27.3,95.46119704535835,91.0,0.94,79.40804544295611
2026-10-02T07:00:00+05:30,Jaffna_Northern,27.7,96.17798865677173,142.0,0.96,75.73024604823968
2026-10-02T07:15:00+05:30,Jaffna_Northern,28.1,96.93411567797193,195.0,1.01,72.05758378445094
2026-10-02T07:30:00+05:30,Jaffna_Northern,28.4,97.738195650676,250.0,1.03,68.39102676167548
2026-10-02T07:45:00+05:30,Jaffna_Northern,28.7,98.6004317499378,306.0,1.08,64.73174288204024
2026-10-02T08:00:00+05:30,Jaffna_Northern,29.0,99.53311766185107,363.0,1.12,61.081160194761424
2026-10-02T08:15:00+05:30,Jaffna_Northern,29.2,100.55131331608436,421.0,1.15,57.44105084617305
2026-10-02T08:30:00+05:30,Jaffna_Northern,29.4,101.67376756955179,479.0,1.2,53.81364722216378
2026-10-02T08:45:00+05:30,Jaffna_Northern,29.7,102.92420210465866,535.0,1.29,50.20180431214595
2026-10-02T09:00:00+05:30,Jaffna_Northern,29.9,104.33312943087697,590.0,1.43,46.609235528476304
2026-10-02T09:15:00+05:30,Jaffna_Northern,30.1,105.94047456165254,641.0,1.57,43.04085951596966
2026-10-02T09:30:00+05:30,Jaffna_Northern,30.2,107.799423809362,692.0,1.71,39.50332061016806
2026-10-02T09:45:00+05:30,Jaffna_Northern,30.0,109.98216744817842,737.0,1.86,36.005793632033246
2026-10-02T10:00:00+05:30,Jaffna_Northern,29.6,112.58858473479864,774.0,2.06,32.56125678295861
2026-10-02T10:15:00+05:30,Jaffna_Northern,29.2,115.7594592058415,797.0,2.25,29.18855511922191
2026-10-02T10:30:00+05:30,Jaffna_Northern,28.9,119.69636101413818,802.0,2.35,25.91582634601852
2026-10-02T10:45:00+05:30,Jaffna_Northern,28.8,124.69000273512069,797.0,2.4,22.78626203225444
2026-10-02T11:00:00+05:30,Jaffna_Northern,28.8,131.15398862233917,791.0,2.41,19.86770199046113
2026-10-02T11:15:00+05:30,Jaffna_Northern,28.9,139.63931699298348,794.0,2.36,17.267537283961857
2026-10-02T11:30:00+05:30,Jaffna_Northern,29.2,150.73944847683265,804.0,2.23,15.150652627236937
2026-10-02T11:45:00+05:30,Jaffna_Northern,29.6,164.69145465365978,817.0,1.9,13.742274975968641
2026-10-02T12:00:00+05:30,Jaffna_Northern,30.2,180.6435488107992,828.0,1.5,13.269971868175304
2026-10-02T12:15:00+05:30,Jaffna_Northern,30.8,196.49291253819547,836.0,1.14,13.829991683481083
2026-10-02T12:30:00+05:30,Jaffna_Northern,31.3,210.21088927498815,842.0,0.97,15.309457876030422
2026-10-02T12:45:00+05:30,Jaffna_Northern,31.6,221.0652265464212,846.0,1.03,17.47638437197935
2026-10-02T13:00:00+05:30,Jaffna_Northern,31.8,229.3505501696565,844.0,1.17,20.109726078409608
2026-10-02T13:15:00+05:30,Jaffna_Northern,31.9,235.6664835883662,832.0,1.26,23.05014370828495
2026-10-02T13:30:00+05:30,Jaffna_Northern,32.0,240.55325963016048,810.0,1.31,26.194389694674236
2026-10-02T13:45:00+05:30,Jaffna_Northern,32.0,244.41264669038492,783.0,1.3,29.47726645229934
2026-10-02T14:00:00+05:30,Jaffna_Northern,32.1,247.52630882267442,754.0,1.19,32.857199119603926
2026-10-02T14:15:00+05:30,Jaffna_Northern,32.0,250.0895497812284,727.0,1.07,36.30704091683301
2026-10-02T14:30:00+05:30,Jaffna_Northern,32.0,252.2389265806011,703.0,0.85,39.80856598687476
2026-10-02T14:45:00+05:30,Jaffna_Northern,32.0,254.0714651345525,676.0,0.63,43.34919431582181
2026-10-02T15:00:00+05:30,Jaffna_Northern,32.0,255.65740404869416,638.0,0.58,46.92001347061375
2026-10-02T15:15:00+05:30,Jaffna_Northern,31.9,257.04857082192666,585.0,0.8,50.51455648030857
2026-10-02T15:30:00+05:30,Jaffna_Northern,31.8,258.283925900897,520.0,0.98,54.12802890303835
2026-10-02T15:45:00+05:30,Jaffna_Northern,31.5,259.39328224241524,450.0,1.17,57.756805581145194
2026-10-02T16:00:00+05:30,Jaffna_Northern,31.1,260.3998431008211,385.0,1.41,61.398095551896716
2026-10-02T16:15:00+05:30,Jaffna_Northern,30.7,261.3219647212038,328.0,1.77,65.04971525359119
2026-10-02T16:30:00+05:30,Jaffna_Northern,30.4,262.1744021671132,277.0,2.05,68.70992969421468
2026-10-02T16:45:00+05:30,Jaffna_Northern,30.2,262.9692061306253,228.0,2.15,72.37733968257069
2026-10-02T17:00:00+05:30,Jaffna_Northern,30.1,263.7163807296555,179.0,2.1,76.05080169813628
2026-10-02T17:15:00+05:30,Jaffna_Northern,30.0,264.4243748705961,130.0,2.01,79.72936773974325
2026-10-02T17:30:00+05:30,Jaffna_Northern,29.9,265.1004574056793,82.0,1.96,83.41224013765893
2026-10-02T17:45:00+05:30,Jaffna_Northern,29.6,265.75101098691323,41.0,2.02,87.09873841997228
2026-10-02T18:00:00+05:30,Jaffna_Northern,29.3,266.38176882391093,9.0,2.17,90.78827220931116
2026-10-02T18:15:00+05:30,Jaffna_Northern,29.1,266.99801301347907,0.0,2.27,94.48031944312439
2026-10-02T18:30:00+05:30,Jaffna_Northern,28.8,267.6047489915916,0.0,2.32,98.17440979555516
2026-10-02T18:45:00+05:30,Jaffna_Northern,28.7,268.20686762730224,0.0,2.32,101.870109089015
2026-10-02T19:00:00+05:30,Jaffna_Northern,28.6,268.80930634332026,0.0,2.22,105.56700514938704
2026-10-02T19:15:00+05:30,Jaffna_Northern,28.5,269.41722102672844,0.0,2.11,109.26469567332195
2026-10-02T19:30:00+05:30,Jaffna_Northern,28.4,270.0361816390499,0.0,2.05,112.96277418437984
2026-10-02T19:45:00+05:30,Jaffna_Northern,28.2,270.6724089038081,0.0,2.07,116.66081449213345
2026-10-02T20:00:00+05:30,Jaffna_Northern,28.1,271.3330759678945,0.0,2.15,120.35835377363664
2026-10-02T20:15:00+05:30,Jaffna_Northern,27.9,272.026709004021,0.0,2.39,124.05486938105187
2026-10-02T20:30:00+05:30,Jaffna_Northern,27.7,272.7637394123666,0.0,2.62,127.74974803353703
2026-10-02T20:45:00+05:30,Jaffna_Northern,27.6,273.5572906560479,0.0,2.8,131.44224445044614
2026-10-02T21:00:00+05:30,Jaffna_Northern,27.4,274.4243342734864,0.0,2.94,135.1314192419967
2026-10-02T21:15:00+05:30,Jaffna_Northern,27.3,275.38744377306364,0.0,3.05,138.81604534582902
2026-10-02T21:30:00+05:30,Jaffna_Northern,27.1,276.47754819746,0.0,3.11,142.49446293182208
2026-10-02T21:45:00+05:30,Jaffna_Northern,27.0,277.7384202889727,0.0,3.09,146.16434001221754
2026-10-02T22:00:00+05:30,Jaffna_Northern,26.9,279.2343140044376,0.0,3.05,149.82226287511747
2026-10-02T22:15:00+05:30,Jaffna_Northern,26.8,281.0636263129335,0.0,2.91,153.46299818992262
2026-10-02T22:30:00+05:30,Jaffna_Northern,26.8,283.3848051672807,0.0,2.83,157.07807060420026
2026-10-02T22:45:00+05:30,Jaffna_Northern,26.7,286.46898205771663,0.0,2.75,160.65280777606682
2026-10-02T23:00:00+05:30,Jaffna_Northern,26.7,290.81572516136714,0.0,2.63,164.1595986594772
2026-10-02T23:15:00+05:30,Jaffna_Northern,26.7,297.42951020345294,0.0,2.52,167.5406573110891
2026-10-02T23:30:00+05:30,Jaffna_Northern,26.7,308.5078217236028,0.0,2.51,170.65817170494944
2026-10-02T23:45:00+05:30,Jaffna_Northern,26.7,328.7121042820821,0.0,2.56,173.14249457158223
2026-10-03T00:00:00+05:30,Jaffna_Northern,26.6,1.8304041806367763,0.0,2.73,174.1259990806633
2026-10-03T00:15:00+05:30,Jaffna_Northern,26.6,33.94239375006936,0.0,2.84,172.94979281560552
2026-10-03T00:30:00+05:30,Jaffna_Northern,26.5,52.98833028879784,0.0,2.9,170.37563051982494
2026-10-03T00:45:00+05:30,Jaffna_Northern,26.5,63.48079988897513,0.0,2.8,167.2222874709164
2026-10-03T01:00:00+05:30,Jaffna_Northern,26.4,69.8073040099984,0.0,2.64,163.82517647789967
2026-10-03T01:15:00+05:30,Jaffna_Northern,26.3,74.00029172017366,0.0,2.44,160.31023556868797
2026-10-03T01:30:00+05:30,Jaffna_Northern,26.2,76.99486232550578,0.0,2.28,156.73098140276431
2026-10-03T01:45:00+05:30,Jaffna_Northern,26.2,79.2602166909042,0.0,2.17,153.11327978557776
2026-10-03T02:00:00+05:30,Jaffna_Northern,26.1,81.05299823537746,0.0,2.07,149.47099985384634
2026-10-03T02:15:00+05:30,Jaffna_Northern,26.1,82.52415721177954,0.0,1.92,145.81221138052882
2026-10-03T02:30:00+05:30,Jaffna_Northern,26.1,83.76793471870309,0.0,1.82,142.1419276545033
2026-10-03T02:45:00+05:30,Jaffna_Northern,26.0,84.84614777911258,0.0,1.68,138.46343508828295
2026-10-03T03:00:00+05:30,Jaffna_Northern,25.9,85.80107279962476,0.0,1.5,134.77898977057492
2026-10-03T03:15:00+05:30,Jaffna_Northern,25.9,86.66268579040366,0.0,1.39,131.09020550924512
2026-10-03T03:30:00+05:30,Jaffna_Northern,25.8,87.45293635549956,0.0,1.32,127.39828026882981
2026-10-03T03:45:00+05:30,Jaffna_Northern,25.8,88.18837955051083,0.0,1.35,123.70413634917398
2026-10-03T04:00:00+05:30,Jaffna_Northern,25.8,88.88185844488157,0.0,1.42,120.00851025641438
2026-10-03T04:15:00+05:30,Jaffna_Northern,25.8,89.54361704964128,0.0,1.5,116.31201113937904
2026-10-03T04:30:00+05:30,Jaffna_Northern,25.8,90.18205985860573,0.0,1.57,112.61516234901282
2026-10-03T04:45:00+05:30,Jaffna_Northern,25.7,90.80428699057899,0.0,1.57,108.91843150620343
2026-10-03T05:00:00+05:30,Jaffna_Northern,25.7,91.41648422183727,0.0,1.53,105.2222518214376
2026-10-03T05:15:00+05:30,Jaffna_Northern,25.6,92.02421769009226,0.0,1.48,101.52704038336594
2026-10-03T05:30:00+05:30,Jaffna_Northern,25.7,92.63266673239787,0.0,1.48,97.83321377667896
2026-10-03T05:45:00+05:30,Jaffna_Northern,25.8,93.24681798821149,0.0,1.48,94.14120089504041
2026-10-03T06:00:00+05:30,Jaffna_Northern,26.0,93.87163701139201,0.0,1.46,90.451456996515
2026-10-03T06:15:00+05:30,Jaffna_Northern,26.2,94.51223083437503,11.0,1.48,86.76447846936894
2026-10-03T06:30:00+05:30,Jaffna_Northern,26.5,95.1740132568143,47.0,1.45,83.08081778758539
2026-10-03T06:45:00+05:30,Jaffna_Northern,26.7,95.86288361805475,94.0,1.43,79.40110270948223
2026-10-03T07:00:00+05:30,Jaffna_Northern,27.0,96.58543159923425,151.0,1.46,75.72605955090884
2026-10-03T07:15:00+05:30,Jaffna_Northern,27.3,97.34918314823909,209.0,1.42,72.05654079430816
2026-10-03T07:30:00+05:30,Jaffna_Northern,27.6,98.16290604352213,265.0,1.46,68.39356234458349
2026-10-03T07:45:00+05:30,Jaffna_Northern,27.9,99.03700112419165,319.0,1.49,64.7383522577022
2026-10-03T08:00:00+05:30,Jaffna_Northern,28.2,99.98401567743656,372.0,1.52,61.09241423873772
2026-10-03T08:15:00+05:30,Jaffna_Northern,28.4,101.01933024798586,427.0,1.56,57.45761586870965
2026-10-03T08:30:00+05:30,Jaffna_Northern,28.7,102.162095301107,481.0,1.6,53.83631060203486
2026-10-03T08:45:00+05:30,Jaffna_Northern,28.9,103.43653206220648,534.0,1.7,50.231508213647466
2026-10-03T09:00:00+05:30,Jaffna_Northern,29.1,104.87376958257926,585.0,1.8,46.64712185843609
2026-10-03T09:15:00+05:30,Jaffna_Northern,29.2,106.51448448471638,631.0,1.9,43.088330625754516
2026-10-03T09:30:00+05:30,Jaffna_Northern,29.4,108.41275807258955,673.0,2.01,39.56212214494382
2026-10-03T09:45:00+05:30,Jaffna_Northern,29.5,110.64179519686422,709.0,2.17,36.07812835415601
2026-10-03T10:00:00+05:30,Jaffna_Northern,29.7,113.3024986131204,742.0,2.29,32.64994074641775
2026-10-03T10:15:00+05:30,Jaffna_Northern,29.8,116.53635491473841,771.0,2.44,29.297228007776575
2026-10-03T10:30:00+05:30,Jaffna_Northern,29.9,120.54445622475299,796.0,2.56,26.049218321899815
2026-10-03T10:45:00+05:30,Jaffna_Northern,30.0,125.6137513233586,817.0,2.67,22.950475677815163
2026-10-03T11:00:00+05:30,Jaffna_Northern,30.2,132.1459993498155,834.0,2.73,20.070320962524946
2026-10-03T11:15:00+05:30,Jaffna_Northern,30.3,140.66287086454753,850.0,2.79,17.516968176587113
2026-10-03T11:30:00+05:30,Jaffna_Northern,30.4,151.69961038359332,865.0,2.8,15.45331988038022
2026-10-03T11:45:00+05:30,Jaffna_Northern,30.5,165.41831640343003,877.0,2.75,14.096157911020242
2026-10-03T12:00:00+05:30,Jaffna_Northern,30.6,180.95942653146966,883.0,2.66,13.657766055637993
2026-10-03T12:15:00+05:30,Jaffna_Northern,30.7,196.35963541486032,880.0,2.51,14.223363161336607
2026-10-03T12:30:00+05:30,Jaffna_Northern,30.8,209.7529819606415,869.0,2.37,15.684703952690597
2026-10-03T12:45:00+05:30,Jaffna_Northern,30.9,220.4413497412035,851.0,2.18,17.822782984710187
2026-10-03T13:00:00+05:30,Jaffna_Northern,31.0,228.66965469413947,829.0,1.98,20.42615876496535
2026-10-03T13:15:00+05:30,Jaffna_Northern,31.1,234.9853806790508,803.0,1.79,23.33961317311089
2026-10-03T13:30:00+05:30,Jaffna_Northern,31.2,239.89694074597878,774.0,1.59,26.46088399316111
2026-10-03T13:45:00+05:30,Jaffna_Northern,31.2,243.78999117128686,741.0,1.45,29.724535721227547
2026-10-03T14:00:00+05:30,Jaffna_Northern,31.2,246.9387190804973,702.0,1.3,33.088419959566295
2026-10-03T14:15:00+05:30,Jaffna_Northern,31.2,249.53519691857218,657.0,1.19,36.524806065949555
2026-10-03T14:30:00+05:30,Jaffna_Northern,31.2,251.714747204286,605.0,1.1,40.01496890595719
2026-10-03T14:45:00+05:30,Jaffna_Northern,31.1,253.57407380593406,550.0,1.05,43.545926779113294
2026-10-03T15:00:00+05:30,Jaffna_Northern,30.9,255.18349239749563,497.0,1.03,47.10845126192274
2026-10-03T15:15:00+05:30,Jaffna_Northern,30.8,256.59506534020767,451.0,1.07,50.69582833200543
2026-10-03T15:30:00+05:30,Jaffna_Northern,30.6,257.8480335706628,410.0,1.1,54.30307014500328
2026-10-03T15:45:00+05:30,Jaffna_Northern,30.3,258.97248551811145,370.0,1.14,57.926399434969035
2026-10-03T16:00:00+05:30,Jaffna_Northern,30.1,259.9918735942268,328.0,1.22,61.56290490421905
2026-10-03T16:15:00+05:30,Jaffna_Northern,29.8,260.92476945000925,285.0,1.31,65.21030723186269
2026-10-03T16:30:00+05:30,Jaffna_Northern,29.6,261.786108690478,243.0,1.39,68.86679484247068
2026-10-03T16:45:00+05:30,Jaffna_Northern,29.4,262.58808922630817,200.0,1.48,72.53090708623267
2026-10-03T17:00:00+05:30,Jaffna_Northern,29.1,263.34083147770394,157.0,1.57,76.20145107445296
2026-10-03T17:15:00+05:30,Jaffna_Northern,28.9,264.0528721313301,112.0,1.61,79.87743924479766
2026-10-03T17:30:00+05:30,Jaffna_Northern,28.8,264.73154127441785,69.0,1.71,83.55804247051972
2026-10-03T17:45:00+05:30,Jaffna_Northern,28.6,265.3832576063792,32.0,1.8,87.24255566269835
2026-10-03T18:00:00+05:30,Jaffna_Northern,28.5,266.01376582381016,6.0,1.85,90.9303697531286
2026-10-03T18:15:00+05:30,Jaffna_Northern,28.5,266.6283347660899,0.0,1.91,94.62094928674917
2026-10-03T18:30:00+05:30,Jaffna_Northern,28.4,267.23193077120493,0.0,2.02,98.3138154583406
2026-10-03T18:45:00+05:30,Jaffna_Northern,28.3,267.8293776202164,0.0,2.15,102.00853036914407
2026-10-03T19:00:00+05:30,Jaffna_Northern,28.2,268.4255142425839,0.0,2.28,105.70468294858067
2026-10-03T19:15:00+05:30,Jaffna_Northern,28.2,269.0253616260028,0.0,2.36,109.40187712730955
2026-10-03T19:30:00+05:30,Jaffna_Northern,28.1,269.63431137865643,0.0,2.5,113.09971838656199
2026-10-03T19:45:00+05:30,Jaffna_Northern,28.1,270.25835263738657,0.0,2.58,116.79779916597057
2026-10-03T20:00:00+05:30,Jaffna_Northern,28.0,270.9043602043611,0.0,2.71,120.49568336227934
2026-10-03T20:15:00+05:30,Jaffna_Northern,27.9,271.580476393287,0.0,2.8,124.19288521608544
2026-10-03T20:30:00+05:30,Jaffna_Northern,27.8,272.29663699371673,0.0,2.86,127.88884152443791
2026-10-03T20:45:00+05:30,Jaffna_Northern,27.7,273.06532096119565,0.0,2.93,131.58287470859267
2026-10-03T21:00:00+05:30,Jaffna_Northern,27.6,273.90265311368023,0.0,2.98,135.2741372987365
2026-10-03T21:15:00+05:30,Jaffna_Northern,27.5,274.8300803022739,0.0,2.98,138.96152838325207
2026-10-03T21:30:00+05:30,Jaffna_Northern,27.4,275.8770099044864,0.0,3.0,142.64356412397115
2026-10-03T21:45:00+05:30,Jaffna_Northern,27.3,277.08512550586966,0.0,2.98,146.3181634425367
2026-10-03T22:00:00+05:30,Jaffna_Northern,27.2,278.5157648655321,0.0,3.01,149.98228018842462
2026-10-03T22:15:00+05:30,Jaffna_Northern,27.1,280.2631991388839,0.0,2.97,153.63123751961263
2026-10-03T22:30:00+05:30,Jaffna_Northern,27.0,282.4800304692696,0.0,2.96,157.257436171633
2026-10-03T22:45:00+05:30,Jaffna_Northern,26.9,285.4294232776869,0.0,2.94,160.84764575150376
2026-10-03T23:00:00+05:30,Jaffna_Northern,26.8,289.6021452419742,0.0,2.93,164.37673747576133
2026-10-03T23:15:00+05:30,Jaffna_Northern,26.7,296.00496291658027,0.0,2.91,167.79129373564282
2026-10-03T23:30:00+05:30,Jaffna_Northern,26.6,306.922088363666,0.0,2.85,170.96027371374043
2026-10-03T23:45:00+05:30,Jaffna_Northern,26.6,327.5511838954366,0.0,2.79,173.51290659058742
2026-10-04T00:00:00+05:30,Jaffna_Northern,26.5,2.7740676386171685,0.0,2.74,174.5089564147654
2026-10-04T00:15:00+05:30,Jaffna_Northern,26.5,36.301417143847175,0.0,2.68,173.22325194558
2026-10-04T00:30:00+05:30,Jaffna_Northern,26.5,55.13636998964148,0.0,2.63,170.54489360631544
2026-10-04T00:45:00+05:30,Jaffna_Northern,26.5,65.20436266060437,0.0,2.58,167.32828441895253
2026-10-04T01:00:00+05:30,Jaffna_Northern,26.5,71.20401325943828,0.0,2.47,163.89288420697784
2026-10-04T01:15:00+05:30,Jaffna_Northern,26.5,75.16429421862529,0.0,2.36,160.3533093944045
2026-10-04T01:30:00+05:30,Jaffna_Northern,26.5,77.99081814445043,0.0,2.32,156.75729658415057
2026-10-04T01:45:00+05:30,Jaffna_Northern,26.5,80.13133272573953,0.0,2.27,153.1276982551373
2026-10-04T02:00:00+05:30,Jaffna_Northern,26.5,81.82880526486883,0.0,2.21,149.47670925068763
2026-10-04T02:15:00+05:30,Jaffna_Northern,26.5,83.22548781837611,0.0,2.16,145.81140939538955
2026-10-04T02:30:00+05:30,Jaffna_Northern,26.5,84.40995053876532,0.0,2.1,142.13619467593384
2026-10-04T02:45:00+05:30,Jaffna_Northern,26.5,85.44020146560678,0.0,2.04,138.45394923545717
2026-10-04T03:00:00+05:30,Jaffna_Northern,26.4,86.35588446377392,0.0,2.04,134.76665741393958
2026-10-04T03:15:00+05:30,Jaffna_Northern,26.4,87.18510889205294,0.0,1.98,131.07574403070456
2026-10-04T03:30:00+05:30,Jaffna_Northern,26.4,87.9484710492855,0.0,1.97,127.38227258434242
2026-10-04T03:45:00+05:30,Jaffna_Northern,26.4,88.66152629074645,0.0,1.97,123.68706807663057
2026-10-04T04:00:00+05:30,Jaffna_Northern,26.3,89.33636781498103,0.0,1.97,119.99079586093491
2026-10-04T04:15:00+05:30,Jaffna_Northern,26.3,89.98267052157149,0.0,1.96,116.29401288476377
2026-10-04T04:30:00+05:30,Jaffna_Northern,26.3,90.60840360967393,0.0,1.96,112.5972044565619
2026-10-04T04:45:00+05:30,Jaffna_Northern,26.3,91.2203332381647,0.0,1.95,108.90081106546947
2026-10-04T05:00:00+05:30,Jaffna_Northern,26.4,91.82438976579772,0.0,1.95,105.20524750010121
2026-10-04T05:15:00+05:30,Jaffna_Northern,26.4,92.42594633430303,0.0,1.95,101.51091964791149
2026-10-04T05:30:00+05:30,Jaffna_Northern,26.5,93.03004028659007,0.0,1.95,97.818239145004
2026-10-04T05:45:00+05:30,Jaffna_Northern,26.7,93.64155926656053,0.0,1.95,94.1276356143559
2026-10-04T06:00:00+05:30,Jaffna_Northern,26.9,94.26540740409115,0.0,1.95,90.4395704642695
2026-10-04T06:15:00+05:30,Jaffna_Northern,27.1,94.90666447484898,10.0,2.01,86.7545516750256
2026-10-04T06:30:00+05:30,Jaffna_Northern,27.3,95.57074946482027,42.0,2.01,83.07314904438955
2026-10-04T06:45:00+05:30,Jaffna_Northern,27.5,96.26359911016061,86.0,2.02,79.3960139463617
2026-10-04T07:00:00+05:30,Jaffna_Northern,27.8,96.99187388103451,137.0,2.07,75.7239034865878
2026-10-04T07:15:00+05:30,Jaffna_Northern,28.0,97.76320653689186,189.0,2.09,72.0577093651064
2026-10-04T07:30:00+05:30,Jaffna_Northern,28.3,98.58651188155608,240.0,2.15,68.39849686269172
2026-10-04T07:45:00+05:30,Jaffna_Northern,28.5,99.47238394315826,289.0,2.21,64.74755591977534
2026-10-04T08:00:00+05:30,Jaffna_Northern,28.7,100.43361733472386,337.0,2.27,61.10646781627088
2026-10-04T08:15:00+05:30,Jaffna_Northern,28.8,101.48590432583444,386.0,2.34,57.47719771378747
2026-10-04T08:30:00+05:30,Jaffna_Northern,29.0,102.64878422983946,435.0,2.4,53.862222532428305
2026-10-04T08:45:00+05:30,Jaffna_Northern,29.0,103.9469592150283,483.0,2.47,50.264709477788436
2026-10-04T09:00:00+05:30,Jaffna_Northern,29.1,105.41214728801594,528.0,2.59,46.68877427295829
2026-10-04T09:15:00+05:30,Jaffna_Northern,29.1,107.08573499466837,570.0,2.72,43.13985924945029
2026-10-04T09:30:00+05:30,Jaffna_Northern,29.1,109.02263442363181,608.0,2.83,39.6252975752325
2026-10-04T09:45:00+05:30,Jaffna_Northern,29.0,111.29696427737247,641.0,2.94,36.15517883354476
2026-10-04T10:00:00+05:30,Jaffna_Northern,29.0,114.01049046334845,672.0,3.12,32.74370409143948
2026-10-04T10:15:00+05:30,Jaffna_Northern,28.9,117.30514602796956,699.0,3.23,29.411352331738236
2026-10-04T10:30:00+05:30,Jaffna_Northern,28.9,121.38114154684149,723.0,3.34,26.188408090768796
2026-10-04T10:45:00+05:30,Jaffna_Northern,28.8,126.52107372141364,744.0,3.45,23.120730690877792
2026-10-04T11:00:00+05:30,Jaffna_Northern,28.8,133.11420049178912,761.0,3.52,20.27896359511672
2026-10-04T11:15:00+05:30,Jaffna_Northern,28.8,141.65290675662027,775.0,3.58,17.771862878635346
2026-10-04T11:30:00+05:30,Jaffna_Northern,28.8,152.61733597991156,785.0,3.65,15.760008352349871
2026-10-04T11:45:00+05:30,Jaffna_Northern,28.9,166.1035703126504,792.0,3.65,14.451769042262342
2026-10-04T12:00:00+05:30,Jaffna_Northern,28.9,181.2519727416696,794.0,3.6,14.045177304011972
2026-10-04T12:15:00+05:30,Jaffna_Northern,29.0,196.22838835634516,793.0,3.56,14.615683083415092
2026-10-04T12:30:00+05:30,Jaffna_Northern,29.1,209.3124316586642,787.0,3.51,16.05948265997273
2026-10-04T12:45:00+05:30,Jaffna_Northern,29.2,219.83826811621944,776.0,3.47,18.169556387795822
2026-10-04T13:00:00+05:30,Jaffna_Northern,29.4,228.00733682617835,762.0,3.36,20.743542733203512
2026-10-04T13:15:00+05:30,Jaffna_Northern,29.5,234.31932086400542,745.0,3.29,23.630296708961524
2026-10-04T13:30:00+05:30,Jaffna_Northern,29.6,239.25243844642608,724.0,3.2,26.72863660208744
2026-10-04T13:45:00+05:30,Jaffna_Northern,29.6,243.1765911241108,700.0,3.11,29.972980216835225
2026-10-04T14:00:00+05:30,Jaffna_Northern,29.7,246.35843981628477,672.0,3.04,33.32066581154351
2026-10-04T14:15:00+05:30,Jaffna_Northern,29.7,248.98669121938872,640.0,2.95,36.743414068884974
2026-10-04T14:30:00+05:30,Jaffna_Northern,29.7,251.19530828457766,604.0,2.91,40.22202005729556
2026-10-04T14:45:00+05:30,Jaffna_Northern,29.7,253.08057617847132,566.0,2.86,43.74311077229848
2026-10-04T15:00:00+05:30,Jaffna_Northern,29.6,254.71281729669693,526.0,2.84,47.297147062605035
2026-10-04T15:15:00+05:30,Jaffna_Northern,29.5,256.14427860549324,485.0,2.84,50.877170277716644
2026-10-04T15:30:00+05:30,Jaffna_Northern,29.4,257.41444565978867,445.0,2.82,54.47800002764459
2026-10-04T15:45:00+05:30,Jaffna_Northern,29.2,258.55365656880247,404.0,2.85,58.09570694134264
2026-10-04T16:00:00+05:30,Jaffna_Northern,29.1,259.58559413974484,360.0,2.83,61.72725893359464
2026-10-04T16:15:00+05:30,Jaffna_Northern,28.9,260.529031588365,314.0,2.86,65.37028023504574
2026-10-04T16:30:00+05:30,Jaffna_Northern,28.8,261.39907468779165,269.0,2.86,69.0228818839206
2026-10-04T16:45:00+05:30,Jaffna_Northern,28.6,262.20806065533066,222.0,2.86,72.68354092174901
2026-10-04T17:00:00+05:30,Jaffna_Northern,28.5,262.96622005594133,173.0,2.86,76.35101421897866
2026-10-04T17:15:00+05:30,Jaffna_Northern,28.4,263.6821724526896,123.0,2.79,80.02427377523027
2026-10-04T17:30:00+05:30,Jaffna_Northern,28.3,264.36330515127344,74.0,2.76,83.70245812336344
2026-10-04T17:45:00+05:30,Jaffna_Northern,28.3,265.01606949464923,34.0,2.71,87.38483666076615
2026-10-04T18:00:00+05:30,Jaffna_Northern,28.2,265.64621865997105,6.0,2.62,91.0707807066619
2026-10-04T18:15:00+05:30,Jaffna_Northern,28.2,266.2590054401639,0.0,2.55,94.75974044727275
2026-10-04T18:30:00+05:30,Jaffna_Northern,28.2,266.8593543423275,0.0,2.49,98.45122757274842
2026-10-04T18:45:00+05:30,Jaffna_Northern,28.2,267.4520192201466,0.0,2.42,102.14479934640138
2026-10-04T19:00:00+05:30,Jaffna_Northern,28.2,268.0417373865638,0.0,2.33,105.84004456370411
2026-10-04T19:15:00+05:30,Jaffna_Northern,28.2,268.63339130837426,0.0,2.29,109.5365719935653
2026-10-04T19:30:00+05:30,Jaffna_Northern,28.2,269.2321898413946,0.0,2.26,113.23399746977611
2026-10-04T19:45:00+05:30,Jaffna_Northern,28.2,269.8438849751029,0.0,2.25,116.93193018266105
2026-10-04T20:00:00+05:30,Jaffna_Northern,28.2,270.4750458927747,0.0,2.25,120.62995851508103
2026-10-04T20:15:00+05:30,Jaffna_Northern,28.2,271.1334212374661,0.0,2.26,124.32763089405022
2026-10-04T20:30:00+05:30,Jaffna_Northern,28.1,271.8284375731017,0.0,2.32,128.0244308840874
2026-10-04T20:45:00+05:30,Jaffna_Northern,28.0,272.5719099154171,0.0,2.38,131.71974448369951
2026-10-04T21:00:00+05:30,Jaffna_Northern,28.0,273.3790878099465,0.0,2.47,135.41281093492358
2026-10-04T21:15:00+05:30,Jaffna_Northern,27.8,274.2702481632984,0.0,2.52,139.10264881576654
2026-10-04T21:30:00+05:30,Jaffna_Northern,27.7,275.27320872894757,0.0,2.62,142.78794166052376
2026-10-04T21:45:00+05:30,Jaffna_Northern,27.6,276.4274529197039,0.0,2.72,146.46684806550053
2026-10-04T22:00:00+05:30,Jaffna_Northern,27.5,277.79121241289124,0.0,2.82,150.1366748264664
2026-10-04T22:15:00+05:30,Jaffna_Northern,27.3,279.4542898421386,0.0,2.91,153.79328305172254
2026-10-04T22:30:00+05:30,Jaffna_Northern,27.2,281.5627828835526,0.0,3.01,157.4299281655983
2026-10-04T22:45:00+05:30,Jaffna_Northern,27.0,284.37052845112777,0.0,3.05,161.03480550981052
2026-10-04T23:00:00+05:30,Jaffna_Northern,26.9,288.356465048017,0.0,3.1,164.58529392509269
2026-10-04T23:15:00+05:30,Jaffna_Northern,26.8,294.5226207108069,0.0,3.1,168.03256455885196
2026-10-04T23:30:00+05:30,Jaffna_Northern,26.7,305.22707791422494,0.0,3.1,171.25338041980763
2026-10-04T23:45:00+05:30,Jaffna_Northern,26.6,326.2426432515448,0.0,3.0,173.87884991323165
2026-10-05T00:00:00+05:30,Jaffna_Northern,26.4,3.8402905925461823,0.0,2.91,174.88953846734805
2026-10-05T00:15:00+05:30,Jaffna_Northern,26.3,38.83807660902448,0.0,2.77,173.48475062001884
2026-10-05T00:30:00+05:30,Jaffna_Northern,26.2,57.34942366045249,0.0,2.64,170.7015201402383
2026-10-05T00:45:00+05:30,Jaffna_Northern,26.1,66.9487273071739,0.0,2.51,167.42410977353887
2026-10-05T01:00:00+05:30,Jaffna_Northern,26.0,72.60686733553712,0.0,2.36,163.9526675703974
2026-10-05T01:15:00+05:30,Jaffna_Northern,25.9,76.32923674609577,0.0,2.2,160.39015771344415
2026-10-05T01:30:00+05:30,Jaffna_Northern,25.8,78.98575882620054,0.0,2.06,156.77865895685022
2026-10-05T01:45:00+05:30,Jaffna_Northern,25.7,81.00070685635018,0.0,1.97,153.1381396805289
2026-10-05T02:00:00+05:30,Jaffna_Northern,25.6,82.60264170917475,0.0,1.83,149.4792110492225
2026-10-05T02:15:00+05:30,Jaffna_Northern,25.6,83.92482845143752,0.0,1.77,145.8080229753774
2026-10-05T02:30:00+05:30,Jaffna_Northern,25.6,85.05004396194454,0.0,1.7,142.12839415260328
2026-10-05T02:45:00+05:30,Jaffna_Northern,25.6,86.03243298499831,0.0,1.59,138.44283371557862
2026-10-05T03:00:00+05:30,Jaffna_Northern,25.5,86.90898213387834,0.0,1.52,134.75307330867824
2026-10-05T03:15:00+05:30,Jaffna_Northern,25.6,87.70592290884605,0.0,1.42,131.06036242369626
2026-10-05T03:30:00+05:30,Jaffna_Northern,25.6,88.44249345218321,0.0,1.31,127.36564012629051
2026-10-05T03:45:00+05:30,Jaffna_Northern,25.6,89.1332476010478,0.0,1.21,123.6696416559625
2026-10-05T04:00:00+05:30,Jaffna_Northern,25.6,89.78952829809668,0.0,1.12,119.97296699639614
2026-10-05T04:15:00+05:30,Jaffna_Northern,25.7,90.42044158802156,0.0,1.05,116.27612542165006
2026-10-05T04:30:00+05:30,Jaffna_Northern,25.8,91.03352187478595,0.0,1.01,112.57956781135438
2026-10-05T04:45:00+05:30,Jaffna_Northern,25.9,91.6352018946219,0.0,0.98,108.8837104709626
2026-10-05T05:00:00+05:30,Jaffna_Northern,26.0,92.23115705870663,0.0,0.96,105.18895221691088
2026-10-05T05:15:00+05:30,Jaffna_Northern,26.1,92.82656785674732,0.0,1.0,101.49568981737823
2026-10-05T05:30:00+05:30,Jaffna_Northern,26.2,93.42632981912448,0.0,1.05,97.80433176981875
2026-10-05T05:45:00+05:30,Jaffna_Northern,26.4,94.03523158401157,0.0,1.1,94.11531003855163
2026-10-05T06:00:00+05:30,Jaffna_Northern,26.6,94.65811562309324,0.0,1.2,90.42909365763747
2026-10-05T06:15:00+05:30,Jaffna_Northern,26.8,95.30003395570219,10.0,1.35,86.74620358557173
2026-10-05T06:30:00+05:30,Jaffna_Northern,27.1,95.96640993150748,43.0,1.45,83.0672282809107
2026-10-05T06:45:00+05:30,Jaffna_Northern,27.3,96.66321645335881,86.0,1.61,79.39284406599677
2026-10-05T07:00:00+05:30,Jaffna_Northern,27.6,97.3971830242694,138.0,1.76,75.72384019387363
2026-10-05T07:15:00+05:30,Jaffna_Northern,27.9,98.17604675927134,192.0,1.92,72.06114900193721
2026-10-05T07:30:00+05:30,Jaffna_Northern,28.2,99.00886607957096,244.0,2.08,68.4058866629104
2026-10-05T07:45:00+05:30,Jaffna_Northern,28.5,99.90642347123429,294.0,2.25,64.75940664762669
2026-10-05T08:00:00+05:30,Jaffna_Northern,28.7,100.88175426545331,345.0,2.35,61.123369621666654
2026-10-05T08:15:00+05:30,Jaffna_Northern,28.9,101.95085313922937,398.0,2.47,57.499840322869126
2026-10-05T08:30:00+05:30,Jaffna_Northern,29.1,103.1336349444424,453.0,2.6,53.89142133438178
2026-10-05T08:45:00+05:30,Jaffna_Northern,29.3,104.45526349416184,508.0,2.72,50.30143966273301
2026-10-05T09:00:00+05:30,Jaffna_Northern,29.4,105.94801729791601,560.0,2.78,46.734216038039605
2026-10-05T09:15:00+05:30,Jaffna_Northern,29.5,107.65395012304452,608.0,2.86,43.19545827224731
2026-10-05T09:30:00+05:30,Jaffna_Northern,29.6,109.6287395916184,650.0,2.94,39.69284650640835
2026-10-05T09:45:00+05:30,Jaffna_Northern,29.7,111.94731688769684,688.0,3.03,36.23692730238813
2026-10-05T10:00:00+05:30,Jaffna_Northern,29.8,114.71215169273268,722.0,3.07,32.84250582398928
2026-10-05T10:15:00+05:30,Jaffna_Northern,29.9,118.06537274009821,754.0,3.15,29.530855466134234
2026-10-05T10:30:00+05:30,Jaffna_Northern,29.9,122.20592447554094,787.0,3.2,26.33327956589755
2026-10-05T10:45:00+05:30,Jaffna_Northern,30.0,127.41151453446327,815.0,3.24,23.29685209198665
2026-10-05T11:00:00+05:30,Jaffna_Northern,30.0,134.05836361376709,831.0,3.32,20.493380386741947
2026-10-05T11:15:00+05:30,Jaffna_Northern,30.1,142.60982482278143,828.0,3.34,18.031895846042772
2026-10-05T11:30:00+05:30,Jaffna_Northern,30.1,153.49416071698295,801.0,3.39,16.07036094821825
2026-10-05T11:45:00+05:30,Jaffna_Northern,30.1,166.7496441998644,763.0,3.4,14.808822937897332
2026-10-05T12:00:00+05:30,Jaffna_Northern,30.1,181.5227459190508,727.0,3.49,14.432047622977052
2026-10-05T12:15:00+05:30,Jaffna_Northern,30.0,196.09875943525392,705.0,3.54,15.006829690258698
2026-10-05T12:30:00+05:30,Jaffna_Northern,30.0,208.88788516878355,693.0,3.58,16.433618939715004
2026-10-05T12:45:00+05:30,Jaffna_Northern,29.9,219.25476996866723,684.0,3.55,18.516481666980084
2026-10-05T13:00:00+05:30,Jaffna_Northern,29.8,227.36280143444702,674.0,3.44,21.0616416855308
2026-10-05T13:15:00+05:30,Jaffna_Northern,29.7,233.66784421702562,658.0,3.32,23.92196602162531
2026-10-05T13:30:00+05:30,Jaffna_Northern,29.6,238.61950567902304,638.0,3.22,26.997434800579768
2026-10-05T13:45:00+05:30,Jaffna_Northern,29.4,242.57232561531373,616.0,3.1,30.222403525792345
2026-10-05T14:00:00+05:30,Jaffna_Northern,29.3,245.78542394846636,591.0,2.98,33.55375485533004
2026-10-05T14:15:00+05:30,Jaffna_Northern,29.2,248.44402933504372,564.0,2.82,36.96269544847701
2026-10-05T14:30:00+05:30,Jaffna_Northern,29.0,250.6806329052531,535.0,2.71,40.429560204186075
2026-10-05T14:45:00+05:30,Jaffna_Northern,28.9,252.5910117066502,504.0,2.6,43.940595525387515
2026-10-05T15:00:00+05:30,Jaffna_Northern,28.7,254.2454286224595,471.0,2.45,47.485957134623625
2026-10-05T15:15:00+05:30,Jaffna_Northern,28.6,255.69626734248388,436.0,2.35,51.05844446416446
2026-10-05T15:30:00+05:30,Jaffna_Northern,28.4,256.98322357361656,400.0,2.26,54.65268566666952
2026-10-05T15:45:00+05:30,Jaffna_Northern,28.3,258.1368601644516,362.0,2.17,58.26459944871298
2026-10-05T16:00:00+05:30,Jaffna_Northern,28.1,259.18107208682346,323.0,2.09,61.8910326236503
2026-10-05T16:15:00+05:30,Jaffna_Northern,28.0,260.13482062165815,281.0,2.0,65.52951239478271
2026-10-05T16:30:00+05:30,Jaffna_Northern,27.8,261.0133715629882,240.0,1.93,69.178071694186
2026-10-05T16:45:00+05:30,Jaffna_Northern,27.7,261.82919367852514,197.0,1.85,72.83512446564089
2026-10-05T17:00:00+05:30,Jaffna_Northern,27.6,262.5926216351276,154.0,1.84,76.49937651787427
2026-10-05T17:15:00+05:30,Jaffna_Northern,27.5,263.3123530571243,109.0,1.81,80.16975857297982
2026-10-05T17:30:00+05:30,Jaffna_Northern,27.4,263.9958285271469,65.0,1.79,83.84537596905815
2026-10-05T17:45:00+05:30,Jaffna_Northern,27.3,264.6495286964673,30.0,1.77,87.5254717129923
2026-10-05T18:00:00+05:30,Jaffna_Northern,27.3,265.2792122848484,5.0,1.77,91.2093966028388
2026-10-05T18:15:00+05:30,Jaffna_Northern,27.2,265.8901133237954,0.0,1.75,94.89658551183973
2026-10-05T18:30:00+05:30,Jaffna_Northern,27.2,266.4871118388528,0.0,1.75,98.58653959800502
2026-10-05T18:45:00+05:30,Jaffna_Northern,27.1,267.0748890146649,0.0,1.75,102.27881016651773
2026-10-05T19:00:00+05:30,Jaffna_Northern,27.1,267.6580775426744,0.0,1.75,105.97298463092146
2026-10-05T19:15:00+05:30,Jaffna_Northern,27.1,268.2414178934438,0.0,1.79,109.66867518233772
2026-10-05T19:30:00+05:30,Jaffna_Northern,27.0,268.8299319559065,0.0,1.79,113.36550637189609
2026-10-05T19:45:00+05:30,Jaffna_Northern,27.0,269.4291292475783,0.0,1.79,117.06310221714028
2026-10-05T20:00:00+05:30,Jaffna_Northern,26.9,270.04526636508155,0.0,1.79,120.76107328921915
2026-10-05T20:15:00+05:30,Jaffna_Northern,26.9,270.6856888736961,0.0,1.81,124.45899941419447
2026-10-05T20:30:00+05:30,Jaffna_Northern,26.9,271.359301034943,0.0,1.81,128.1564074813627
2026-10-05T20:45:00+05:30,Jaffna_Northern,26.8,272.07723522148706,0.0,1.81,131.8527427567519
2026-10-05T21:00:00+05:30,Jaffna_Northern,26.8,272.85383815183195,0.0,1.83,135.54732571192324
2026-10-05T21:15:00+05:30,Jaffna_Northern,26.8,273.7081748758262,0.0,1.83,139.23928733581454
2026-10-05T21:30:00+05:30,Jaffna_Northern,26.8,274.6664074587334,0.0,1.81,142.92746926472302
2026-10-05T21:45:00+05:30,Jaffna_Northern,26.8,275.7657106770282,0.0,1.79,146.61025748052944
2026-10-05T22:00:00+05:30,Jaffna_Northern,26.7,277.0610234035985,0.0,1.79,150.28529533533737
2026-10-05T22:15:00+05:30,Jaffna_Northern,26.7,278.6373398024469,0.0,1.77,153.9489602132504
2026-10-05T22:30:00+05:30,Jaffna_Northern,26.7,280.6335916311059,0.0,1.77,157.59533497538757
2026-10-05T22:45:00+05:30,Jaffna_Northern,26.6,283.29289641902204,0.0,1.77,161.2140129545042
2026-10-05T23:00:00+05:30,Jaffna_Northern,26.6,287.0791677351941,0.0,1.73,164.7848823439628
2026-10-05T23:15:00+05:30,Jaffna_Northern,26.6,292.9818238335244,0.0,1.73,168.26387813955597
2026-10-05T23:30:00+05:30,Jaffna_Northern,26.5,303.41577690869553,0.0,1.68,171.53657646248
2026-10-05T23:45:00+05:30,Jaffna_Northern,26.5,324.7607649991112,0.0,1.63,174.2395569575712
2026-10-06T00:00:00+05:30,Jaffna_Northern,26.4,5.05622118647193,0.0,1.59,175.26734122312217
2026-10-06T00:15:00+05:30,Jaffna_Northern,26.4,41.56334890683581,0.0,1.52,173.73296852627584
2026-10-06T00:30:00+05:30,Jaffna_Northern,26.3,59.62401081215188,0.0,1.43,170.84501584147466
2026-10-06T00:45:00+05:30,Jaffna_Northern,26.2,68.7111088141919,0.0,1.35,167.5096663175722
2026-10-06T01:00:00+05:30,Jaffna_Northern,26.2,74.01422671422972,0.0,1.22,164.0045627969734
2026-10-06T01:15:00+05:30,Jaffna_Northern,26.1,77.494119571959,0.0,1.17,160.42086209602283
2026-10-06T01:30:00+05:30,Jaffna_Northern,26.0,79.9790273755413,0.0,1.06,156.7951653054254
2026-10-06T01:45:00+05:30,Jaffna_Northern,25.9,81.86787476140415,0.0,0.99,153.14470497433473
2026-10-06T02:00:00+05:30,Jaffna_Northern,25.8,83.37415815060734,0.0,0.94,149.47860599480197
2026-10-06T02:15:00+05:30,Jaffna_Northern,25.7,84.62190205044766,0.0,0.89,145.80215102391475
2026-10-06T02:30:00+05:30,Jaffna_Northern,25.7,85.68798566987107,0.0,0.89,142.1186225428892
2026-10-06T02:45:00+05:30,Jaffna_Northern,25.6,86.62264576618901,0.0,0.91,138.4301823837564
2026-10-06T03:00:00+05:30,Jaffna_Northern,25.6,87.46019241550675,0.0,0.9,134.73832873342516
2026-10-06T03:15:00+05:30,Jaffna_Northern,25.5,88.22497125204711,0.0,0.96,131.04414948568262
2026-10-06T03:30:00+05:30,Jaffna_Northern,25.5,88.93485937331491,0.0,0.98,127.34846932413433
2026-10-06T03:45:00+05:30,Jaffna_Northern,25.4,89.60340852650648,0.0,1.01,123.65194125795006
2026-10-06T04:00:00+05:30,Jaffna_Northern,25.4,90.24121182807329,0.0,1.05,119.95510566542072
2026-10-06T04:15:00+05:30,Jaffna_Northern,25.4,90.85680726835574,0.0,1.1,116.25842865546599
2026-10-06T04:30:00+05:30,Jaffna_Northern,25.4,91.45729532456062,0.0,1.15,112.56233027519127
2026-10-06T04:45:00+05:30,Jaffna_Northern,25.4,92.0487761008036,0.0,1.18,108.86720557124289
2026-10-06T05:00:00+05:30,Jaffna_Northern,25.5,92.63667070268514,0.0,1.24,105.1734398172797
2026-10-06T05:15:00+05:30,Jaffna_Northern,25.5,93.22596742596738,0.0,1.24,101.4814227227869
2026-10-06T05:30:00+05:30,Jaffna_Northern,25.6,93.82142024027348,0.0,1.27,97.79156143600396
2026-10-06T05:45:00+05:30,Jaffna_Northern,25.7,94.42771880320629,0.0,1.27,94.10429185296287
2026-10-06T06:00:00+05:30,Jaffna_Northern,25.8,95.04964370039653,0.0,1.24,90.42009208174406
2026-10-06T06:15:00+05:30,Jaffna_Northern,26.0,95.6922186741412,12.0,1.2,86.73949741787717
2026-10-06T06:30:00+05:30,Jaffna_Northern,26.1,96.36087056676126,50.0,1.13,83.06311628952525
2026-10-06T06:45:00+05:30,Jaffna_Northern,26.3,97.06160714200678,101.0,1.06,79.39165126069942
2026-10-06T07:00:00+05:30,Jaffna_Northern,26.5,97.8012250716908,161.0,0.96,75.7259250451578
2026-10-06T07:15:00+05:30,Jaffna_Northern,26.8,98.58756322553336,221.0,0.85,72.0669119819809
2026-10-06T07:30:00+05:30,Jaffna_Northern,27.0,99.42982004369901,279.0,0.74,68.41578058360685
2026-10-06T07:45:00+05:30,Jaffna_Northern,27.3,100.33896149260278,333.0,0.64,64.77394940950182
2026-10-06T08:00:00+05:30,Jaffna_Northern,27.5,101.32825669866452,385.0,0.54,61.143160202252574
2026-10-06T08:15:00+05:30,Jaffna_Northern,27.8,102.41399302400532,437.0,0.4,57.525579122413085
2026-10-06T08:30:00+05:30,Jaffna_Northern,28.1,103.61644703853233,485.0,0.32,53.92393640581753
2026-10-06T08:45:00+05:30,Jaffna_Northern,28.3,104.96122426565671,530.0,0.25,50.34172094573429
2026-10-06T09:00:00+05:30,Jaffna_Northern,28.6,106.48113449983578,571.0,0.18,46.78346052053057
2026-10-06T09:15:00+05:30,Jaffna_Northern,28.8,108.21885517557274,609.0,0.22,43.25513009682019
2026-10-06T09:30:00+05:30,Jaffna_Northern,29.1,110.23076342882996,644.0,0.3,39.764757411482954
2026-10-06T09:45:00+05:30,Jaffna_Northern,29.3,112.59250137709591,675.0,0.4,36.323344158755006
2026-10-06T10:00:00+05:30,Jaffna_Northern,29.5,115.40708486248207,701.0,0.5,32.946292407854536
2026-10-06T10:15:00+05:30,Jaffna_Northern,29.7,118.81659465375822,724.0,0.56,29.655651678196612
2026-10-06T10:30:00+05:30,Jaffna_Northern,29.9,123.01834521956266,746.0,0.66,26.48370347216158
2026-10-06T10:45:00+05:30,Jaffna_Northern,30.1,128.2846707473742,762.0,0.71,23.47865286746007
2026-10-06T11:00:00+05:30,Jaffna_Northern,30.2,134.97833426363707,770.0,0.81,20.713313572562754
2026-10-06T11:15:00+05:30,Jaffna_Northern,30.3,143.534097089606,766.0,0.86,18.296741125242363
2026-10-06T11:30:00+05:30,Jaffna_Northern,30.4,154.33160848032742,746.0,0.9,16.38403009382921
2026-10-06T11:45:00+05:30,Jaffna_Northern,30.4,167.3588052845937,718.0,0.95,15.16704575911804
2026-10-06T12:00:00+05:30,Jaffna_Northern,30.4,181.77316777546667,690.0,0.95,14.818221661096757
2026-10-06T12:15:00+05:30,Jaffna_Northern,30.4,195.97039724361386,672.0,0.96,15.3966813816768
2026-10-06T12:30:00+05:30,Jaffna_Northern,30.4,208.4781193020213,661.0,0.98,16.806943542072474
2026-10-06T12:45:00+05:30,Jaffna_Northern,30.3,218.68972959757352,651.0,1.01,18.863344769194043
2026-10-06T13:00:00+05:30,Jaffna_Northern,30.3,226.7352923819036,640.0,1.07,21.380227672730243
2026-10-06T13:15:00+05:30,Jaffna_Northern,30.2,233.03050503581352,624.0,1.11,24.214399626475213
2026-10-06T13:30:00+05:30,Jaffna_Northern,30.1,237.99789935798194,604.0,1.2,27.267071351427532
2026-10-06T13:45:00+05:30,Jaffna_Northern,30.0,241.97707407214108,582.0,1.31,30.472613840881955
2026-10-06T14:00:00+05:30,Jaffna_Northern,29.8,245.21962381662743,558.0,1.42,33.78750936621348
2026-10-06T14:15:00+05:30,Jaffna_Northern,29.7,247.90720737447782,532.0,1.55,37.182484559145514
2026-10-06T14:30:00+05:30,Jaffna_Northern,29.5,250.1707439530823,504.0,1.68,40.63743383258128
2026-10-06T14:45:00+05:30,Jaffna_Northern,29.4,252.1054200545064,474.0,1.81,44.13823398114302
2026-10-06T15:00:00+05:30,Jaffna_Northern,29.3,253.78137684087127,443.0,1.92,47.67474150189214
2026-10-06T15:15:00+05:30,Jaffna_Northern,29.1,255.25108919751557,409.0,2.04,51.23951688608807
2026-10-06T15:30:00+05:30,Jaffna_Northern,29.0,256.5544299215009,375.0,2.18,54.826998132025096
2026-10-06T15:45:00+05:30,Jaffna_Northern,28.8,257.7221625212188,340.0,2.32,58.43295238160827
2026-10-06T16:00:00+05:30,Jaffna_Northern,28.7,258.77837644220176,302.0,2.47,62.054105167211475
2026-10-06T16:15:00+05:30,Jaffna_Northern,28.6,259.7422078795561,263.0,2.61,65.68788618778163
2026-10-06T16:30:00+05:30,Jaffna_Northern,28.4,260.6290727349623,224.0,2.71,69.33224963167036
2026-10-06T16:45:00+05:30,Jaffna_Northern,28.3,261.4515637334814,185.0,2.8,72.98554562048204
2026-10-06T17:00:00+05:30,Jaffna_Northern,28.2,262.2201137202,143.0,2.86,76.64642812807399
2026-10-06T17:15:00+05:30,Jaffna_Northern,28.1,262.943493659558,101.0,2.91,80.31378579849877
2026-10-06T17:30:00+05:30,Jaffna_Northern,28.0,263.62919354854125,60.0,2.97,83.98668994729726
2026-10-06T17:45:00+05:30,Jaffna_Northern,28.0,264.28372008540373,26.0,2.99,87.66435633868414
2026-10-06T18:00:00+05:30,Jaffna_Northern,27.9,264.9128346677398,4.0,3.07,91.34611435577362
2026-10-06T18:15:00+05:30,Jaffna_Northern,27.9,265.521749928597,0.0,3.05,95.03138261026528
2026-10-06T18:30:00+05:30,Jaffna_Northern,27.8,266.1152988505175,0.0,3.09,98.71965070600137
2026-10-06T18:45:00+05:30,Jaffna_Northern,27.8,266.69808731195434,0.0,3.09,102.41046286651115
2026-10-06T19:00:00+05:30,Jaffna_Northern,27.7,267.27464050483036,0.0,3.11,106.10340386627793
2026-10-06T19:15:00+05:30,Jaffna_Northern,27.7,267.849553585662,0.0,3.11,109.79808788432337
2026-10-06T19:30:00+05:30,Jaffna_Northern,27.7,268.42765746106585,0.0,3.11,113.49414652541472
2026-10-06T19:45:00+05:30,Jaffna_Northern,27.7,269.01421410866607,0.0,3.11,117.19121667304805
2026-10-06T20:00:00+05:30,Jaffna_Northern,27.6,269.6151609051666,0.0,3.16,120.88892873028244
2026-10-06T20:15:00+05:30,Jaffna_Northern,27.6,270.23743137373515,0.0,3.19,124.58689104767313
2026-10-06T20:30:00+05:30,Jaffna_Northern,27.6,270.88939499393393,0.0,3.22,128.28467027787036
2026-10-06T20:45:00+05:30,Jaffna_Northern,27.6,271.58148360806825,0.0,3.26,131.98176646746307
2026-10-06T21:00:00+05:30,Jaffna_Northern,27.6,272.3271146863782,0.0,3.31,135.6775755726221
2026-10-06T21:15:00+05:30,Jaffna_Northern,27.6,273.14410110536767,0.0,3.33,139.37133351220498
2026-10-06T21:30:00+05:30,Jaffna_Northern,27.5,274.05688544706,0.0,3.4,143.06203012218225
2026-10-06T21:45:00+05:30,Jaffna_Northern,27.5,275.10022861002244,0.0,3.43,146.7482654546968
2026-10-06T22:00:00+05:30,Jaffna_Northern,27.5,276.32559436628657,0.0,3.51,150.42800127670577
2026-09-29T22:15:00+05:30,Colombo_Western,27.1,278.0247934122084,0.0,1.48,153.28546264506917
2026-09-29T22:30:00+05:30,Colombo_Western,27.0,279.70597593298857,0.0,1.54,156.9653180998033
2026-09-29T22:45:00+05:30,Colombo_Western,27.0,281.9512447516561,0.0,1.61,160.62371618246516
2026-09-29T23:00:00+05:30,Colombo_Western,27.0,285.14775526629364,0.0,1.69,164.24556137259515
2026-09-29T23:15:00+05:30,Colombo_Western,26.9,290.11816771120704,0.0,1.79,167.79811793850146
2026-09-29T23:30:00+05:30,Colombo_Western,26.9,298.8912513395845,0.0,1.83,171.19694812250577
2026-09-29T23:45:00+05:30,Colombo_Western,26.8,317.2822882130896,0.0,1.88,174.16669687282376
2026-09-30T00:00:00+05:30,Colombo_Western,26.8,357.2408340203011,0.0,1.9,175.70024445926828
2026-09-30T00:15:00+05:30,Colombo_Western,26.7,39.61830402692726,0.0,1.89,174.44345650534632
2026-09-30T00:30:00+05:30,Colombo_Western,26.7,59.81555493780712,0.0,1.87,171.56267416756896
2026-09-30T00:45:00+05:30,Colombo_Western,26.6,69.26602973969659,0.0,1.82,168.19211483773066
2026-09-30T01:00:00+05:30,Colombo_Western,26.6,74.52805612333816,0.0,1.74,164.65119721515777
2026-09-30T01:15:00+05:30,Colombo_Western,26.5,77.87194909261683,0.0,1.7,161.03519328157194
2026-09-30T01:30:00+05:30,Colombo_Western,26.4,80.20123093197776,0.0,1.56,157.38017874941266
2026-09-30T01:45:00+05:30,Colombo_Western,26.3,81.93479049688636,0.0,1.35,153.70251489643098
2026-09-30T02:00:00+05:30,Colombo_Western,26.2,83.29104893618342,0.0,1.1,150.0106384545163
2026-09-30T02:15:00+05:30,Colombo_Western,26.2,84.39450420108784,0.0,0.86,146.30933197630455
2026-09-30T02:30:00+05:30,Colombo_Western,26.1,85.32119557951455,0.0,0.69,142.601511901927
2026-09-30T02:45:00+05:30,Colombo_Western,26.0,86.12020263123304,0.0,0.6,138.88906305994652
2026-09-30T03:00:00+05:30,Colombo_Western,26.0,86.82467800107747,0.0,0.57,135.17326473809862
2026-09-30T03:15:00+05:30,Colombo_Western,26.0,87.45789797319526,0.0,0.56,131.45502346176073
2026-09-30T03:30:00+05:30,Colombo_Western,25.9,88.03676818438277,0.0,0.61,127.73500621885151
2026-09-30T03:45:00+05:30,Colombo_Western,25.9,88.57395095242208,0.0,0.76,124.01372237558036
2026-09-30T04:00:00+05:30,Colombo_Western,25.9,89.07920921263161,0.0,0.97,120.29157572855885
2026-09-30T04:15:00+05:30,Colombo_Western,25.9,89.56028668387972,0.0,1.13,116.56889746472406
2026-09-30T04:30:00+05:30,Colombo_Western,25.9,90.02350348567813,0.0,1.24,112.84596992611253
2026-09-30T04:45:00+05:30,Colombo_Western,25.9,90.47417264184764,0.0,1.19,109.12304371603865
2026-09-30T05:00:00+05:30,Colombo_Western,25.9,90.91690155611946,0.0,1.08,105.40034911932699
2026-09-30T05:15:00+05:30,Colombo_Western,26.0,91.35581836088966,0.0,0.92,101.67810640784191
2026-09-30T05:30:00+05:30,Colombo_Western,26.0,91.7947496884143,0.0,0.84,97.95653459273667
2026-09-30T05:45:00+05:30,Colombo_Western,26.0,92.23736807723537,0.0,0.89,94.2358578873195
2026-09-30T06:00:00+05:30,Colombo_Western,25.9,92.6873217660193,0.0,1.04,90.51631347901937
2026-09-30T06:15:00+05:30,Colombo_Western,25.9,93.14835735125058,11.0,1.2,86.79815963408424
2026-09-30T06:30:00+05:30,Colombo_Western,26.0,93.6244444765324,40.0,1.31,83.08168317763263
2026-09-30T06:45:00+05:30,Colombo_Western,26.2,94.11991102293621,74.0,1.27,79.36720992870247
2026-09-30T07:00:00+05:30,Colombo_Western,26.4,94.63959871852,112.0,1.1,75.65511732439931
2026-09-30T07:15:00+05:30,Colombo_Western,26.7,95.18905126455763,154.0,0.99,71.9458486979851
2026-09-30T07:30:00+05:30,Colombo_Western,27.0,95.77475015343083,200.0,0.96,68.23993351648099
2026-09-30T07:45:00+05:30,Colombo_Western,27.3,96.40441982356884,251.0,1.17,64.53801395095226
2026-09-30T08:00:00+05:30,Colombo_Western,27.6,97.08743316465439,304.0,1.52,60.8408790248038
2026-09-30T08:15:00+05:30,Colombo_Western,27.9,97.83536224441889,360.0,1.9,57.14951339941772
2026-09-30T08:30:00+05:30,Colombo_Western,28.2,98.66274301747848,417.0,2.23,53.46516556228358
2026-09-30T08:45:00+05:30,Colombo_Western,28.4,99.58816069247968,475.0,2.43,49.7894437391578
2026-09-30T09:00:00+05:30,Colombo_Western,28.7,100.63582413816147,532.0,2.61,46.12445830129727
2026-09-30T09:15:00+05:30,Colombo_Western,28.9,101.8379051229964,586.0,2.7,42.473035351275364
2026-09-30T09:30:00+05:30,Colombo_Western,29.1,103.23810486661404,634.0,2.84,38.83904478631678
2026-09-30T09:45:00+05:30,Colombo_Western,29.2,104.89724386783894,678.0,2.99,35.22792503651963
2026-09-30T10:00:00+05:30,Colombo_Western,29.3,106.90228965234769,719.0,3.15,31.64754871548083
2026-09-30T10:15:00+05:30,Colombo_Western,29.3,109.3814012716586,761.0,3.25,28.10970698624977
2026-09-30T10:30:00+05:30,Colombo_Western,29.4,112.52976982405255,803.0,3.4,24.63277412510871
2026-09-30T10:45:00+05:30,Colombo_Western,29.4,116.65503297458775,843.0,3.55,21.246714158517122
2026-09-30T11:00:00+05:30,Colombo_Western,29.5,122.25688705464148,874.0,3.66,18.00291484147762
2026-09-30T11:15:00+05:30,Colombo_Western,29.5,130.1548600039032,891.0,3.76,14.994030474329762
2026-09-30T11:30:00+05:30,Colombo_Western,29.5,141.6119097337442,892.0,3.91,12.39240846261771
2026-09-30T11:45:00+05:30,Colombo_Western,29.4,158.02568906800843,885.0,4.07,10.505146246391476
2026-09-30T12:00:00+05:30,Colombo_Western,29.4,179.0231433106503,876.0,4.19,9.756038447155845
2026-09-30T12:15:00+05:30,Colombo_Western,29.3,200.2540346601669,873.0,4.34,10.394158153114034
2026-09-30T12:30:00+05:30,Colombo_Western,29.3,217.10845574980465,878.0,4.5,12.203800392463549
2026-09-30T12:45:00+05:30,Colombo_Western,29.2,228.92759778769224,881.0,4.71,14.760171138459825
2026-09-30T13:00:00+05:30,Colombo_Western,29.2,237.0652124476929,875.0,4.86,17.743384887878747
2026-09-30T13:15:00+05:30,Colombo_Western,29.2,242.8196515749577,854.0,5.06,20.972056135363218
2026-09-30T13:30:00+05:30,Colombo_Western,29.1,247.04372386969857,821.0,5.15,24.348715249969004
2026-09-30T13:45:00+05:30,Colombo_Western,29.1,250.25806216626245,780.0,5.13,27.819504099263035
2026-09-30T14:00:00+05:30,Colombo_Western,29.0,252.7825694297186,734.0,5.11,31.353153422533616
2026-09-30T14:15:00+05:30,Colombo_Western,28.9,254.81965290796103,685.0,4.98,34.930565321881424
2026-09-30T14:30:00+05:30,Colombo_Western,28.8,256.50183009878657,631.0,4.87,38.53952735460618
2026-09-30T14:45:00+05:30,Colombo_Western,28.5,257.9187852736622,576.0,4.72,42.17191171437427
2026-09-30T15:00:00+05:30,Colombo_Western,28.2,259.1330842412843,522.0,4.52,45.822118539498334
2026-09-30T15:15:00+05:30,Colombo_Western,27.9,260.18958037796324,474.0,4.32,49.48617211066575
2026-09-30T15:30:00+05:30,Colombo_Western,27.7,261.1212240100709,431.0,4.17,53.16117618171289
2026-09-30T15:45:00+05:30,Colombo_Western,27.8,261.9527592585589,389.0,4.09,56.8449719632503
2026-09-30T16:00:00+05:30,Colombo_Western,28.0,262.70314357391965,345.0,4.11,60.53591700568545
2026-09-30T16:15:00+05:30,Colombo_Western,28.3,263.3871728909012,296.0,4.09,64.23273959976785
2026-09-30T16:30:00+05:30,Colombo_Western,28.4,264.01659905671227,246.0,4.06,67.93443840484046
2026-09-30T16:45:00+05:30,Colombo_Western,28.4,264.60091568419153,198.0,3.97,71.64021232717715
2026-09-30T17:00:00+05:30,Colombo_Western,28.4,265.1479229546823,152.0,3.86,75.34941195386152
2026-09-30T17:15:00+05:30,Colombo_Western,28.3,265.66414188069973,111.0,3.69,79.06150308230477
2026-09-30T17:30:00+05:30,Colombo_Western,28.2,266.1551251384053,74.0,3.47,82.77603960943419
2026-09-30T17:45:00+05:30,Colombo_Western,28.0,266.62569629025785,40.0,3.21,86.49264445888662
2026-09-30T18:00:00+05:30,Colombo_Western,27.9,267.0801389931688,11.0,2.94,90.21099364382131
2026-09-30T18:15:00+05:30,Colombo_Western,27.6,267.5223522606985,0.0,2.63,93.93080360260508
2026-09-30T18:30:00+05:30,Colombo_Western,27.4,267.95598390037406,0.0,2.38,97.6518223424816
2026-09-30T18:45:00+05:30,Colombo_Western,27.2,268.38455141767963,0.0,2.21,101.37382066804189
2026-09-30T19:00:00+05:30,Colombo_Western,26.9,268.81155912704133,0.0,2.1,105.09658441112688
2026-09-30T19:15:00+05:30,Colombo_Western,26.6,269.24062011981596,0.0,1.99,108.81990866187277
2026-09-30T19:30:00+05:30,Colombo_Western,26.3,269.6755922556325,0.0,1.8,112.54359052644512
2026-09-30T19:45:00+05:30,Colombo_Western,26.1,270.12074022246196,0.0,1.53,116.26742138336067
2026-09-30T20:00:00+05:30,Colombo_Western,26.0,270.5809399984384,0.0,1.47,119.99117950264609
2026-09-30T20:15:00+05:30,Colombo_Western,25.8,271.06194878104475,0.0,1.71,123.71461915038316
2026-09-30T20:30:00+05:30,Colombo_Western,25.7,271.57077614592043,0.0,1.88,127.43745640653236
2026-09-30T20:45:00+05:30,Colombo_Western,25.7,272.11621297683064,0.0,1.78,131.15935120760912
2026-09-30T21:00:00+05:30,Colombo_Western,25.6,272.7096102689313,0.0,1.45,134.87987938945744
2026-09-30T21:15:00+05:30,Colombo_Western,25.6,273.3660655949029,0.0,1.12,138.59849074146203
2026-09-30T21:30:00+05:30,Colombo_Western,25.6,274.1062973383236,0.0,0.93,142.31444482403623
2026-09-30T21:45:00+05:30,Colombo_Western,25.5,274.9597262778793,0.0,0.84,146.02670339833574
2026-09-30T22:00:00+05:30,Colombo_Western,25.4,275.96978381222596,0.0,0.76,149.7337452524846
2026-09-30T22:15:00+05:30,Colombo_Western,25.3,277.2035734209963,0.0,0.78,153.43322993153603
2026-09-30T22:30:00+05:30,Colombo_Western,25.3,278.77066659965544,0.0,0.83,157.12133730441184
2026-09-30T22:45:00+05:30,Colombo_Western,25.2,280.86282264595616,0.0,0.84,160.79135971397739
2026-09-30T23:00:00+05:30,Colombo_Western,25.2,283.84721170143865,0.0,0.81,164.43035017714482
2026-09-30T23:15:00+05:30,Colombo_Western,25.2,288.5169754078284,0.0,0.76,168.00986469940327
2026-09-30T23:30:00+05:30,Colombo_Western,25.2,296.8909898034191,0.0,0.75,171.4546689981551
2026-09-30T23:45:00+05:30,Colombo_Western,25.2,315.1834277650811,0.0,0.76,174.50510855595536
2026-10-01T00:00:00+05:30,Colombo_Western,25.1,358.1727359890748,0.0,0.76,176.0913282470059
2026-10-01T00:15:00+05:30,Colombo_Western,25.1,42.95993560498857,0.0,0.79,174.68263620558793
2026-10-01T00:30:00+05:30,Colombo_Western,25.0,62.411780704800776,0.0,0.79,171.68237454210305
2026-10-01T00:45:00+05:30,Colombo_Western,25.1,71.1869068341033,0.0,0.76,168.25259354420223
2026-10-01T01:00:00+05:30,Colombo_Western,25.1,76.02436472815589,0.0,0.75,164.6791756511662
2026-10-01T01:15:00+05:30,Colombo_Western,25.2,79.09257721348024,0.0,0.71,161.04327155540122
2026-10-01T01:30:00+05:30,Colombo_Western,25.2,81.23240758598712,0.0,0.62,157.3750888363058
2026-10-01T01:45:00+05:30,Colombo_Western,25.2,82.82934342697388,0.0,0.35,153.68823278153258
2026-10-01T02:00:00+05:30,Colombo_Western,25.1,84.08327690273376,0.0,0.16,149.9896987385521
2026-10-01T02:15:00+05:30,Colombo_Western,24.9,85.10781242682327,0.0,0.43,146.2834491355128
2026-10-01T02:30:00+05:30,Colombo_Western,24.8,85.97223257075098,0.0,0.57,142.5719021246274
2026-10-01T02:45:00+05:30,Colombo_Western,24.7,86.72123019072313,0.0,0.47,138.85662375055114
2026-10-01T03:00:00+05:30,Colombo_Western,24.5,87.38499890668595,0.0,0.54,135.13868083862548
2026-10-01T03:15:00+05:30,Colombo_Western,24.4,87.98475437563474,0.0,0.83,131.41883364773545
2026-10-01T03:30:00+05:30,Colombo_Western,24.3,88.53592875995412,0.0,0.95,127.69764589566374
2026-10-01T03:45:00+05:30,Colombo_Western,24.3,89.05010759288785,0.0,0.7,123.97555266449558
2026-10-01T04:00:00+05:30,Colombo_Western,24.4,89.53625306449936,0.0,0.29,120.2529036632346
2026-10-01T04:15:00+05:30,Colombo_Western,24.4,90.00150545566254,0.0,0.43,116.52999052390408
2026-10-01T04:30:00+05:30,Colombo_Western,24.5,90.45172608848935,0.0,0.7,112.80706681621368
2026-10-01T04:45:00+05:30,Colombo_Western,24.5,90.8918778597544,0.0,0.76,109.08436263693346
2026-10-01T05:00:00+05:30,Colombo_Western,24.5,91.32630176045797,0.0,0.89,105.36209432816337
2026-10-01T05:15:00+05:30,Colombo_Western,24.5,91.75892575351384,0.0,1.15,101.64047364102983
2026-10-01T05:30:00+05:30,Colombo_Western,24.5,92.19343030152072,0.0,1.41,97.91971574713249
2026-10-01T05:45:00+05:30,Colombo_Western,24.4,92.63338730789451,0.0,1.66,94.20004526732068
2026-10-01T06:00:00+05:30,Colombo_Western,24.3,93.08238429563914,0.0,1.86,90.48170384769439
2026-10-01T06:15:00+05:30,Colombo_Western,24.2,93.54414370500172,10.0,2.01,86.7649582928278
2026-10-01T06:30:00+05:30,Colombo_Western,24.2,94.02264613617166,40.0,2.01,83.0501082752094
2026-10-01T06:45:00+05:30,Colombo_Western,24.4,94.52226584856407,77.0,1.86,79.33749722132944
2026-10-01T07:00:00+05:30,Colombo_Western,24.7,95.04792843562365,120.0,1.61,75.62752563812442
2026-10-01T07:15:00+05:30,Colombo_Western,25.0,95.60530293436011,162.0,1.31,71.92066640226358
2026-10-01T07:30:00+05:30,Colombo_Western,25.3,96.20104387181294,199.0,1.01,68.21748640865034
2026-10-01T07:45:00+05:30,Colombo_Western,25.7,96.84310543669449,234.0,0.73,64.51867507938866
2026-10-01T08:00:00+05:30,Colombo_Western,26.1,97.54115961420791,270.0,0.45,60.825081186827035
2026-10-01T08:15:00+05:30,Colombo_Western,26.4,98.30716434462073,315.0,0.27,57.13776534819084
2026-10-01T08:30:00+05:30,Colombo_Western,26.8,99.15615218604933,370.0,0.39,53.458073406577945
2026-10-01T08:45:00+05:30,Colombo_Western,27.2,100.10734858977958,432.0,0.69,49.78773972878631
2026-10-01T09:00:00+05:30,Colombo_Western,27.6,101.18579148167134,495.0,1.08,46.12904028219815
2026-10-01T09:15:00+05:30,Colombo_Western,27.9,102.42473224696306,554.0,1.42,42.48502192365473
2026-10-01T09:30:00+05:30,Colombo_Western,28.2,103.86928534577629,609.0,1.71,38.859854041560304
2026-10-01T09:45:00+05:30,Colombo_Western,28.5,105.5821249912837,660.0,1.9,35.25938940080861
2026-10-01T10:00:00+05:30,Colombo_Western,28.7,107.65263417872757,710.0,2.05,31.692086135269278
2026-10-01T10:15:00+05:30,Colombo_Western,29.0,110.21203210198058,758.0,2.19,28.170581153874636
2026-10-01T10:30:00+05:30,Colombo_Western,29.1,113.45906075392696,806.0,2.33,24.714494859658387
2026-10-01T10:45:00+05:30,Colombo_Western,29.3,117.70433429830263,850.0,2.53,21.355647493850554
2026-10-01T11:00:00+05:30,Colombo_Western,29.4,123.44577213328392,886.0,2.78,18.148144587767533
2026-10-01T11:15:00+05:30,Colombo_Western,29.4,131.4823574630829,909.0,2.98,15.188208450925742
2026-10-01T11:30:00+05:30,Colombo_Western,29.4,142.99841561045906,918.0,3.13,12.65085127121273
2026-10-01T11:45:00+05:30,Colombo_Western,29.4,159.19590581390366,917.0,3.23,10.837102359429437
2026-10-01T12:00:00+05:30,Colombo_Western,29.3,179.52363438366,912.0,3.24,10.14289223559733
2026-10-01T12:15:00+05:30,Colombo_Western,29.1,199.95007845507436,908.0,3.24,10.786593076734249
2026-10-01T12:30:00+05:30,Colombo_Western,29.1,216.33915184642532,905.0,3.23,12.564222304233724
2026-10-01T12:45:00+05:30,Colombo_Western,29.1,228.0179486866814,898.0,3.22,15.07996172428021
2026-10-01T13:00:00+05:30,Colombo_Western,29.2,236.16488664633306,885.0,3.15,18.027389318512462
2026-10-01T13:15:00+05:30,Colombo_Western,29.3,241.97758824285359,862.0,3.1,21.227423788269917
2026-10-01T13:30:00+05:30,Colombo_Western,29.4,246.26928123677874,833.0,3.06,24.5815901444997
2026-10-01T13:45:00+05:30,Colombo_Western,29.3,249.54726041035656,797.0,3.06,28.034598993679708
2026-10-01T14:00:00+05:30,Colombo_Western,29.2,252.12776963375387,753.0,3.13,31.55399530575749
2026-10-01T14:15:00+05:30,Colombo_Western,29.1,254.21291275609013,700.0,3.09,35.119803068749874
2026-10-01T14:30:00+05:30,Colombo_Western,28.9,255.93595818868596,641.0,2.96,38.71917673022686
2026-10-01T14:45:00+05:30,Colombo_Western,28.6,257.3875730449889,577.0,2.62,42.34353164271884
2026-10-01T15:00:00+05:30,Colombo_Western,28.4,258.6312576141068,507.0,2.15,45.98693471075986
2026-10-01T15:15:00+05:30,Colombo_Western,28.1,259.71267024921116,430.0,1.81,49.64516366679223
2026-10-01T15:30:00+05:30,Colombo_Western,27.9,260.6654271790657,342.0,1.64,53.3151371274359
2026-10-01T15:45:00+05:30,Colombo_Western,27.7,261.51481326936175,259.0,1.63,56.994555303300515
2026-10-01T16:00:00+05:30,Colombo_Western,27.6,262.280220990413,193.0,1.74,60.68166696235776
2026-10-01T16:15:00+05:30,Colombo_Western,27.4,262.97679412488617,152.0,1.84,64.37511551496755
2026-10-01T16:30:00+05:30,Colombo_Western,27.3,263.6165609112001,130.0,1.79,68.07383276055727
2026-10-01T16:45:00+05:30,Colombo_Western,27.2,264.2092325123475,114.0,1.46,71.77696455400184
2026-10-01T17:00:00+05:30,Colombo_Western,27.2,264.7627776265591,96.0,1.03,75.48381918530595
2026-10-01T17:15:00+05:30,Colombo_Western,27.1,265.28384416577626,73.0,0.96,79.19382868301048
2026-10-01T17:30:00+05:30,Colombo_Western,27.0,265.77807551017133,49.0,1.07,82.9065200619244
2026-10-01T17:45:00+05:30,Colombo_Western,26.8,266.25035347492997,27.0,1.03,86.62149505374082
2026-10-01T18:00:00+05:30,Colombo_Western,26.6,266.7049897979224,7.0,0.9,90.33841329454077
2026-10-01T18:15:00+05:30,Colombo_Western,26.4,267.14588234947826,0.0,0.8,94.05697905063839
2026-10-01T18:30:00+05:30,Colombo_Western,26.3,267.57664821656584,0.0,0.76,97.77693196145793
2026-10-01T18:45:00+05:30,Colombo_Western,26.2,268.00074288952413,0.0,0.81,101.49803805397025
2026-10-01T19:00:00+05:30,Colombo_Western,26.1,268.4215741169173,0.0,0.97,105.2200819339471
2026-10-01T19:15:00+05:30,Colombo_Western,26.0,268.8426187575575,0.0,1.17,108.94286116011867
2026-10-01T19:30:00+05:30,Colombo_Western,26.0,269.2675512900938,0.0,1.25,112.66617934805244
2026-10-01T19:45:00+05:30,Colombo_Western,25.9,269.7003952441706,0.0,1.11,116.38983903188418
2026-10-01T20:00:00+05:30,Colombo_Western,25.9,270.1457126868885,0.0,0.78,120.11363521046655
2026-10-01T20:15:00+05:30,Colombo_Western,25.8,270.6088530180454,0.0,0.63,123.83734584435106
2026-10-01T20:30:00+05:30,Colombo_Western,25.8,271.0962940083996,0.0,0.65,127.56071972441728
2026-10-01T20:45:00+05:30,Colombo_Western,25.7,271.61612714699726,0.0,0.68,131.2834615568345
2026-10-01T21:00:00+05:30,Colombo_Western,25.7,272.17877218348855,0.0,0.72,135.00520858358476
2026-10-01T21:15:00+05:30,Colombo_Western,25.7,272.7980666238797,0.0,0.75,138.72549567510103
2026-10-01T21:30:00+05:30,Colombo_Western,25.6,273.4929896316396,0.0,0.81,142.44370229076404
2026-10-01T21:45:00+05:30,Colombo_Western,25.6,274.2905033153423,0.0,0.96,146.1589631615421
2026-10-01T22:00:00+05:30,Colombo_Western,25.5,275.23046329187173,0.0,1.17,149.87001430093403
2026-10-01T22:15:00+05:30,Colombo_Western,25.4,276.3745965298848,0.0,1.31,153.5749127776287
2026-10-01T22:30:00+05:30,Colombo_Western,25.4,277.8240755279205,0.0,1.45,157.2704832792462
2026-10-01T22:45:00+05:30,Colombo_Western,25.3,279.756986419237,0.0,1.52,160.95113011480845
2026-10-01T23:00:00+05:30,Colombo_Western,25.2,282.51746041788397,0.0,1.56,164.60597879220717
2026-10-01T23:15:00+05:30,Colombo_Western,25.1,286.8606767328987,0.0,1.61,168.2108406863593
2026-10-01T23:30:00+05:30,Colombo_Western,25.0,294.7691950374033,0.0,1.62,171.70014556758645
2026-10-01T23:45:00+05:30,Colombo_Western,25.0,312.8078255341628,0.0,1.62,174.8339801491071
2026-10-02T00:00:00+05:30,Colombo_Western,24.9,359.290401806829,0.0,1.58,176.48065501535328
2026-10-02T00:15:00+05:30,Colombo_Western,24.9,46.58787138183783,0.0,1.54,174.90277676941764
2026-10-02T00:30:00+05:30,Colombo_Western,24.9,65.07081687186064,0.0,1.49,171.78571358249638
2026-10-02T00:45:00+05:30,Colombo_Western,24.8,73.12105392065416,0.0,1.45,168.30118266072486
2026-10-02T01:00:00+05:30,Colombo_Western,24.8,77.52211127126492,0.0,1.38,164.69829268342818
2026-10-02T01:15:00+05:30,Colombo_Western,24.7,80.3114617632728,0.0,1.36,161.04451729537493
2026-10-02T01:30:00+05:30,Colombo_Western,24.7,82.26104352956372,0.0,1.32,157.36459520136654
2026-10-02T01:45:00+05:30,Colombo_Western,24.6,83.72129267232629,0.0,1.25,153.6696040973216
2026-10-02T02:00:00+05:30,Colombo_Western,24.5,84.87306700936438,0.0,1.14,149.9652278948295
2026-10-02T02:15:00+05:30,Colombo_Western,24.5,85.81890751711234,0.0,1.06,146.2546861818223
2026-10-02T02:30:00+05:30,Colombo_Western,24.4,86.62128093071954,0.0,1.05,142.53994707277954
2026-10-02T02:45:00+05:30,Colombo_Western,24.4,87.32047386924756,0.0,1.06,138.8222893122762
2026-10-02T03:00:00+05:30,Colombo_Western,24.4,87.94371612023326,0.0,1.13,135.10258861536565
2026-10-02T03:15:00+05:30,Colombo_Western,24.4,88.51016333864072,0.0,1.17,131.3814739525602
2026-10-02T03:30:00+05:30,Colombo_Western,24.4,89.03377665022265,0.0,1.16,127.65941659411425
2026-10-02T03:45:00+05:30,Colombo_Western,24.4,89.52506762903806,0.0,1.03,123.93678536219227
2026-10-02T04:00:00+05:30,Colombo_Western,24.3,89.99220038837052,0.0,0.87,120.21388198338026
2026-10-02T04:15:00+05:30,Colombo_Western,24.3,90.44171410351487,0.0,0.68,116.49096327977296
2026-10-02T04:30:00+05:30,Colombo_Western,24.3,90.87901326070619,0.0,0.57,112.76825782113859
2026-10-02T04:45:00+05:30,Colombo_Western,24.4,91.30871224149337,0.0,0.54,109.04597826342753
2026-10-02T05:00:00+05:30,Colombo_Western,24.5,91.7348869237747,0.0,0.59,105.32432955406112
2026-10-02T05:15:00+05:30,Colombo_Western,24.6,92.16126612565148,0.0,0.67,101.60351709422719
2026-10-02T05:30:00+05:30,Colombo_Western,24.7,92.59138492050215,0.0,0.73,97.88375411185719
2026-10-02T05:45:00+05:30,Colombo_Western,24.7,93.02871513387765,0.0,0.81,94.16526733516025
2026-10-02T06:00:00+05:30,Colombo_Western,24.7,93.47678391579211,0.0,0.92,90.44830444521665
2026-10-02T06:15:00+05:30,Colombo_Western,24.7,93.93928967551648,10.0,1.15,86.73314228648348
2026-10-02T06:30:00+05:30,Colombo_Western,24.8,94.42022385792114,41.0,1.32,83.02009486041254
2026-10-02T06:45:00+05:30,Colombo_Western,25.0,94.92400671295286,81.0,1.39,79.3095247072759
2026-10-02T07:00:00+05:30,Colombo_Western,25.3,95.45564696933013,130.0,1.44,75.60185698493716
2026-10-02T07:15:00+05:30,Colombo_Western,25.7,96.02093782227053,184.0,1.46,71.8975958246027
2026-10-02T07:30:00+05:30,Colombo_Western,26.0,96.62670504736269,246.0,1.42,68.19734744386051
2026-10-02T07:45:00+05:30,Colombo_Western,26.3,97.28112993802341,312.0,1.35,64.50185067255588
2026-10-02T08:00:00+05:30,Colombo_Western,26.6,97.99417968202602,377.0,1.29,60.812016535302654
2026-10-02T08:15:00+05:30,Colombo_Western,26.9,98.778192340761,433.0,1.23,57.12898456170522
2026-10-02T08:30:00+05:30,Colombo_Western,27.2,99.64868848429944,475.0,1.15,53.454201497759904
2026-10-02T08:45:00+05:30,Colombo_Western,27.5,100.62552076465181,505.0,1.07,49.78953215849053
2026-10-02T09:00:00+05:30,Colombo_Western,27.7,101.73453596283889,534.0,0.9,46.137423379861346
2026-10-02T09:15:00+05:30,Colombo_Western,27.9,103.01003302879826,574.0,0.81,42.50114924631215
2026-10-02T09:30:00+05:30,Colombo_Western,28.1,104.49848739840348,621.0,0.78,38.88518652024682
2026-10-02T09:45:00+05:30,Colombo_Western,28.3,106.26433911123695,673.0,0.96,35.29581165462276
2026-10-02T10:00:00+05:30,Colombo_Western,28.6,108.39923380091409,723.0,1.32,31.742078610566054
2026-10-02T10:15:00+05:30,Colombo_Western,28.8,111.03717559182257,768.0,1.68,28.237479098794424
2026-10-02T10:30:00+05:30,Colombo_Western,29.0,114.37994541643968,815.0,1.96,24.802880487719605
2026-10-02T10:45:00+05:30,Colombo_Western,29.1,118.7401627528713,857.0,2.12,21.471931715962725
2026-10-02T11:00:00+05:30,Colombo_Western,29.2,124.61217123248167,885.0,2.17,18.301344837840134
2026-10-02T11:15:00+05:30,Colombo_Western,29.2,132.77162857887743,889.0,2.18,15.390577262797734
2026-10-02T11:30:00+05:30,Colombo_Western,29.3,144.3233809899075,870.0,2.25,12.916519217143403
2026-10-02T11:45:00+05:30,Colombo_Western,29.3,160.28958542526425,835.0,2.29,11.17315934601939
2026-10-02T12:00:00+05:30,Colombo_Western,29.3,179.98041692454012,793.0,2.28,10.529919632187301
2026-10-02T12:15:00+05:30,Colombo_Western,29.3,199.661677858636,751.0,2.32,11.178358836031464
2026-10-02T12:30:00+05:30,Colombo_Western,29.2,215.60872619862633,702.0,2.37,12.925512656429092
2026-10-02T12:45:00+05:30,Colombo_Western,29.0,227.14344593317668,650.0,2.48,15.401896854780759
2026-10-02T13:00:00+05:30,Colombo_Western,28.8,235.2907089623054,603.0,2.61,18.314034461447704
2026-10-02T13:15:00+05:30,Colombo_Western,28.5,241.1542643515052,568.0,2.76,21.485448349908893
2026-10-02T13:30:00+05:30,Colombo_Western,28.3,245.50839474779136,547.0,2.84,24.816918623642138
2026-10-02T13:45:00+05:30,Colombo_Western,28.1,248.84649102358156,529.0,2.91,28.251860758486266
2026-10-02T14:00:00+05:30,Colombo_Western,28.0,251.48058234962213,502.0,3.0,31.756696290667747
2026-10-02T14:15:00+05:30,Colombo_Western,27.8,253.61208606887516,456.0,3.06,35.31059774323885
2026-10-02T14:30:00+05:30,Colombo_Western,27.7,255.37477642288582,391.0,2.97,38.9000967476841
2026-10-02T14:45:00+05:30,Colombo_Western,27.6,256.8601480571907,324.0,2.67,42.51615476997473
2026-10-02T15:00:00+05:30,Colombo_Western,27.6,258.132536090354,268.0,2.23,46.15250522639544
2026-10-02T15:15:00+05:30,Colombo_Western,27.6,259.23833860956375,236.0,1.77,49.80467773593132
2026-10-02T15:30:00+05:30,Colombo_Western,27.5,260.2117940548069,222.0,1.38,53.46940377072857
2026-10-02T15:45:00+05:30,Colombo_Western,27.4,261.07869810090176,213.0,1.17,57.14424047234837
2026-10-02T16:00:00+05:30,Colombo_Western,27.2,261.8588572665607,200.0,1.04,60.82732586390787
2026-10-02T16:15:00+05:30,Colombo_Western,27.0,262.56774816927555,175.0,1.05,64.51721667250865
2026-10-02T16:30:00+05:30,Colombo_Western,26.8,263.21766446045365,144.0,1.12,68.21277620160211
2026-10-02T16:45:00+05:30,Colombo_Western,26.6,263.8185266511478,113.0,1.25,71.91309576953319
2026-10-02T17:00:00+05:30,Colombo_Western,26.4,264.3784656887571,85.0,1.38,75.61744001249332
2026-10-02T17:15:00+05:30,Colombo_Western,26.2,264.90425147391494,61.0,1.55,79.32520593059925
2026-10-02T17:30:00+05:30,Colombo_Western,26.1,265.40161413227,39.0,1.62,83.03589247226539
2026-10-02T17:45:00+05:30,Colombo_Western,26.0,265.87549042932295,21.0,1.63,86.74907903230945
2026-10-02T18:00:00+05:30,Colombo_Western,25.9,266.33021731497325,5.0,1.66,90.46440774270492
2026-10-02T18:15:00+05:30,Colombo_Western,25.8,266.76968890072635,0.0,1.61,94.18156955693118
2026-10-02T18:30:00+05:30,Colombo_Western,25.7,267.1974890345897,0.0,1.57,97.90029456159407
2026-10-02T18:45:00+05:30,Colombo_Western,25.7,267.6170086212119,0.0,1.54,101.62034274287615
2026-10-02T19:00:00+05:30,Colombo_Western,25.6,268.03155606167786,0.0,1.5,105.3414960972799
2026-10-02T19:15:00+05:30,Colombo_Western,25.5,268.4444688034311,0.0,1.44,109.06355310221352
2026-10-02T19:30:00+05:30,Colombo_Western,25.4,268.85923413110964,0.0,1.34,112.78632210848815
2026-10-02T19:45:00+05:30,Colombo_Western,25.2,269.2796296451161,0.0,1.27,116.50961472075599
2026-10-02T20:00:00+05:30,Colombo_Western,25.0,269.7098973136224,0.0,1.42,120.23324017738359
2026-10-02T20:15:00+05:30,Colombo_Western,24.7,270.15497045040377,0.0,1.8,123.9569970965115
2026-10-02T20:30:00+05:30,Colombo_Western,24.5,270.62078358406774,0.0,2.06,127.68066320522273
2026-10-02T20:45:00+05:30,Colombo_Western,24.4,271.11471255734637,0.0,2.0,131.4039831968687
2026-10-02T21:00:00+05:30,Colombo_Western,24.3,271.64622207083164,0.0,1.8,135.12664953724334
2026-10-02T21:15:00+05:30,Colombo_Western,24.2,272.2278535350708,0.0,1.6,138.84827402659482
2026-10-02T21:30:00+05:30,Colombo_Western,24.2,272.8767903077519,0.0,1.41,142.56834502596718
2026-10-02T21:45:00+05:30,Colombo_Western,24.1,273.6174430827742,0.0,1.25,146.28615504552272
2026-10-02T22:00:00+05:30,Colombo_Western,24.1,274.4859318159616,0.0,1.04,150.00067579776004
2026-10-02T22:15:00+05:30,Colombo_Western,24.0,275.53831400893705,0.0,0.89,153.71033053929185
2026-10-02T22:30:00+05:30,Colombo_Western,24.0,276.8667843405254,0.0,0.75,157.41254200878834
2026-10-02T22:45:00+05:30,Colombo_Western,24.0,278.6344980501164,0.0,0.72,161.10275576852314
2026-10-02T23:00:00+05:30,Colombo_Western,23.9,281.1594591957572,0.0,0.85,164.77206697129822
2026-10-02T23:15:00+05:30,Colombo_Western,23.9,285.1500153019217,0.0,1.07,168.40043663363574
2026-10-02T23:30:00+05:30,Colombo_Western,23.9,292.52213443472,0.0,1.19,171.93223698788165
2026-10-02T23:45:00+05:30,Colombo_Western,23.9,310.11008195325377,0.0,1.13,175.15141048683807
2026-10-03T00:00:00+05:30,Colombo_Western,23.9,0.6596686656714041,0.0,1.0,176.86775304132033
2026-10-03T00:15:00+05:30,Colombo_Western,23.8,50.509534922839634,0.0,0.91,175.10150450939824
2026-10-03T00:30:00+05:30,Colombo_Western,23.8,67.78365080494552,0.0,0.87,171.87222956474756
2026-10-03T00:45:00+05:30,Colombo_Western,23.7,75.06431487422435,0.0,0.97,168.33787814883618
2026-10-03T01:00:00+05:30,Colombo_Western,23.7,79.01927873535828,0.0,1.16,164.70864903448145
2026-10-03T01:15:00+05:30,Colombo_Western,23.7,81.52748469793426,0.0,1.3,161.0390560819112
2026-10-03T01:30:00+05:30,Colombo_Western,23.6,83.28644328235464,0.0,1.4,157.3488272349624
2026-10-03T01:45:00+05:30,Colombo_Western,23.6,84.61016370990137,0.0,1.35,153.64675609570435
2026-10-03T02:00:00+05:30,Colombo_Western,23.6,85.66007079673807,0.0,1.17,149.93734950860204
2026-10-03T02:15:00+05:30,Colombo_Western,23.6,86.5275181383983,0.0,1.03,146.2231628887701
2026-10-03T02:30:00+05:30,Colombo_Western,23.6,87.26811922314658,0.0,0.95,142.5057629820871
2026-10-03T02:45:00+05:30,Colombo_Western,23.6,87.91774598537768,0.0,0.98,138.78617281332464
2026-10-03T03:00:00+05:30,Colombo_Western,23.6,88.50066561470607,0.0,1.07,135.06509832705675
2026-10-03T03:15:00+05:30,Colombo_Western,23.6,89.03397786721018,0.0,1.15,131.34305213473837
2026-10-03T03:30:00+05:30,Colombo_Western,23.6,89.5301773653863,0.0,1.25,127.62042382877357
2026-10-03T03:45:00+05:30,Colombo_Western,23.6,89.99870586068755,0.0,1.35,123.89752395374259
2026-10-03T04:00:00+05:30,Colombo_Western,23.6,90.44693290677651,0.0,1.41,120.17461231368067
2026-10-03T04:15:00+05:30,Colombo_Western,23.5,90.88079946788025,0.0,1.47,116.45191563065075
2026-10-03T04:30:00+05:30,Colombo_Western,23.5,91.30525553531066,0.0,1.53,112.72964121621098
2026-10-03T04:45:00+05:30,Colombo_Western,23.5,91.72456884532761,0.0,1.54,109.00798732610097
2026-10-03T05:00:00+05:30,Colombo_Western,23.4,92.14255163719338,0.0,1.54,105.28715003924009
2026-10-03T05:15:00+05:30,Colombo_Western,23.4,92.56273472441501,0.0,1.5,101.56733055434525
2026-10-03T05:30:00+05:30,Colombo_Western,23.5,92.98850864190558,0.0,1.46,97.84874203245171
2026-10-03T05:45:00+05:30,Colombo_Western,23.6,93.42324572861963,0.0,1.42,94.13161499360476
2026-10-03T06:00:00+05:30,Colombo_Western,23.8,93.87041310808263,0.0,1.38,90.41620470916538
2026-10-03T06:15:00+05:30,Colombo_Western,24.1,94.3336852584423,11.0,1.3,86.7027995471313
2026-10-03T06:30:00+05:30,Colombo_Western,24.4,94.81706430347595,45.0,1.23,82.99172929462529
2026-10-03T06:45:00+05:30,Colombo_Western,24.7,95.32501600938878,90.0,1.17,79.28337708939927
2026-10-03T07:00:00+05:30,Colombo_Western,25.0,95.86263138655761,143.0,1.1,75.57819429285088
2026-10-03T07:15:00+05:30,Colombo_Western,25.3,96.43582644232225,197.0,1.06,71.87671796163073
2026-10-03T07:30:00+05:30,Colombo_Western,25.6,97.05159618639448,250.0,1.0,68.17959548953041
2026-10-03T07:45:00+05:30,Colombo_Western,25.9,97.7183460664939,301.0,0.96,64.48761721106261
2026-10-03T08:00:00+05:30,Colombo_Western,26.2,98.44633417101875,353.0,0.95,60.80175882764797
2026-10-03T08:15:00+05:30,Colombo_Western,26.5,99.24827237823865,409.0,0.91,57.123241632434194
2026-10-03T08:30:00+05:30,Colombo_Western,26.8,100.14015992490363,470.0,0.95,53.45361667403068
2026-10-03T08:45:00+05:30,Colombo_Western,27.0,101.14246258232521,532.0,1.01,49.794883313609255
2026-10-03T09:00:00+05:30,Colombo_Western,27.3,102.28181433536417,591.0,1.04,46.14966422318228
2026-10-03T09:15:00+05:30,Colombo_Western,27.5,103.5935276114995,642.0,1.16,42.52146672210153
2026-10-03T09:30:00+05:30,Colombo_Western,27.7,105.1253836886143,684.0,1.23,38.915082119176546
2026-10-03T09:45:00+05:30,Colombo_Western,28.0,106.94349656439005,718.0,1.36,35.33721876663107
2026-10-03T10:00:00+05:30,Colombo_Western,28.2,109.14161645575757,747.0,1.49,31.79753487983165
2026-10-03T10:15:00+05:30,Colombo_Western,28.4,111.85625155406461,772.0,1.66,28.310382844302033
2026-10-03T10:30:00+05:30,Colombo_Western,28.6,115.29170845965513,791.0,1.77,24.897872344683165
2026-10-03T10:45:00+05:30,Colombo_Western,28.7,119.76166327502256,805.0,1.89,21.59544417643393
2026-10-03T11:00:00+05:30,Colombo_Western,28.8,125.75520161565464,816.0,2.01,18.46229156711709
2026-10-03T11:15:00+05:30,Colombo_Western,28.9,134.02229830504547,826.0,2.14,15.600763101003594
2026-10-03T11:30:00+05:30,Colombo_Western,29.0,145.5885060276202,837.0,2.26,13.188881437484355
2026-10-03T11:45:00+05:30,Colombo_Western,29.0,161.31207096254673,845.0,2.39,11.51281694135723
2026-10-03T12:00:00+05:30,Colombo_Western,28.9,180.39762400322593,844.0,2.48,10.916918490380624
2026-10-03T12:15:00+05:30,Colombo_Western,28.9,199.38688430969475,831.0,2.62,11.569317396222502
2026-10-03T12:30:00+05:30,Colombo_Western,28.8,214.9139117661474,808.0,2.71,13.28739290946443
2026-10-03T12:45:00+05:30,Colombo_Western,28.6,226.3020833827677,777.0,2.8,15.725645498941006
2026-10-03T13:00:00+05:30,Colombo_Western,28.5,234.44170291245607,740.0,2.92,18.603009701503737
2026-10-03T13:15:00+05:30,Colombo_Western,28.3,240.34924081455017,702.0,3.01,21.745856862378332
2026-10-03T13:30:00+05:30,Colombo_Western,28.1,244.76088316850723,662.0,3.04,25.05446195266228
2026-10-03T13:45:00+05:30,Colombo_Western,28.0,248.15569706968736,618.0,3.07,28.471077588954053
2026-10-03T14:00:00+05:30,Colombo_Western,27.8,250.84101227133743,568.0,3.07,31.961065017249076
2026-10-03T14:15:00+05:30,Colombo_Western,27.6,253.01720904286074,508.0,3.0,35.50277349449924
2026-10-03T14:30:00+05:30,Colombo_Western,27.5,254.81833751362632,437.0,2.89,39.082123465612106
2026-10-03T14:45:00+05:30,Colombo_Western,27.3,256.3365718381766,365.0,2.69,42.689626449776036
2026-10-03T15:00:00+05:30,Colombo_Western,27.2,257.63698596213305,304.0,2.42,46.318682823946425
2026-10-03T15:15:00+05:30,Colombo_Western,27.0,258.7666543595706,260.0,2.12,49.96457302062597
2026-10-03T15:30:00+05:30,Colombo_Western,26.8,259.7603950108937,230.0,1.76,53.62383970485761
2026-10-03T15:45:00+05:30,Colombo_Western,26.7,260.6444850339983,206.0,1.35,57.29389513103393
2026-10-03T16:00:00+05:30,Colombo_Western,26.5,261.4391243518887,183.0,0.94,60.97276479448389
2026-10-03T16:15:00+05:30,Colombo_Western,26.3,262.1601075993462,158.0,0.54,64.65891706827213
2026-10-03T16:30:00+05:30,Colombo_Western,26.2,262.81998298478373,134.0,0.21,68.35114522222352
2026-10-03T16:45:00+05:30,Colombo_Western,26.0,263.4288722464602,111.0,0.32,72.04848462553808
2026-10-03T17:00:00+05:30,Colombo_Western,25.9,263.99506237257935,88.0,0.6,75.75015495958402
2026-10-03T17:15:00+05:30,Colombo_Western,25.7,264.5254403904247,64.0,0.9,79.45551697969228
2026-10-03T17:30:00+05:30,Colombo_Western,25.6,265.0258192568544,42.0,1.1,83.16404041148387
2026-10-03T17:45:00+05:30,Colombo_Western,25.5,265.5011874317937,22.0,1.25,86.8752811931711
2026-10-03T18:00:00+05:30,Colombo_Western,25.5,265.9559042596964,5.0,1.3,90.58886284096421
2026-10-03T18:15:00+05:30,Colombo_Western,25.4,266.39385753831624,0.0,1.3,94.30446186492738
2026-10-03T18:30:00+05:30,Colombo_Western,25.4,266.8185954318931,0.0,1.3,98.02179761704781
2026-10-03T18:45:00+05:30,Colombo_Western,25.3,267.233441780198,0.0,1.25,101.74062277700813
2026-10-03T19:00:00+05:30,Colombo_Western,25.3,267.6416029707859,0.0,1.2,105.46071534377697
2026-10-03T19:15:00+05:30,Colombo_Western,25.3,268.0462740081506,0.0,1.11,109.18187314863319
2026-10-03T19:30:00+05:30,Colombo_Western,25.3,268.45075135970427,0.0,1.02,112.90390747501698
2026-10-03T19:45:00+05:30,Colombo_Western,25.3,268.85856217577896,0.0,0.98,116.62663688287601
2026-10-03T20:00:00+05:30,Colombo_Western,25.2,269.2736224691373,0.0,0.95,120.34988230804223
2026-10-03T20:15:00+05:30,Colombo_Western,25.2,269.700441627307,0.0,0.9,124.07345991714539
2026-10-03T20:30:00+05:30,Colombo_Western,25.2,270.14440011540063,0.0,0.87,127.7971724931501
2026-10-03T20:45:00+05:30,Colombo_Western,25.1,270.6121427425053,0.0,0.87,131.5207997810229
2026-10-03T21:00:00+05:30,Colombo_Western,25.1,271.1121565968668,0.0,0.89,135.24408306588276
2026-10-03T21:15:00+05:30,Colombo_Western,25.1,271.6556527867291,0.0,0.89,138.96670257764777
2026-10-03T21:30:00+05:30,Colombo_Western,25.0,272.2579650306865,0.0,0.94,142.6882440400904
2026-10-03T21:45:00+05:30,Colombo_Western,25.0,272.9408641398437,0.0,0.98,146.40814166489557
2026-10-03T22:00:00+05:30,Colombo_Western,24.9,273.73658136320154,0.0,1.05,150.1255798137597
2026-10-03T22:15:00+05:30,Colombo_Western,24.9,274.69522293364514,0.0,1.05,153.8393138247745
2026-10-03T22:30:00+05:30,Colombo_Western,24.9,275.899444987587,0.0,1.1,157.5473123091718
2026-10-03T22:45:00+05:30,Colombo_Western,24.8,277.49624013662407,0.0,1.1,161.24597981281113
2026-10-03T23:00:00+05:30,Colombo_Western,24.8,279.77440520429934,0.0,1.14,164.92825068493562
2026-10-03T23:15:00+05:30,Colombo_Western,24.8,283.38630031637246,0.0,1.16,168.57805446299602
2026-10-03T23:30:00+05:30,Colombo_Western,24.7,290.14747181361093,0.0,1.16,172.14975746666926
2026-10-03T23:45:00+05:30,Colombo_Western,24.7,307.0386882141606,0.0,1.19,175.45508463804347
2026-10-04T00:00:00+05:30,Colombo_Western,24.7,2.381979403585092,0.0,1.14,177.25194879177442
2026-10-04T00:15:00+05:30,Colombo_Western,24.6,54.723241029608005,0.0,1.12,175.27634773143637
2026-10-04T00:30:00+05:30,Colombo_Western,24.6,70.54005597947418,0.0,1.11,171.94155996423336
2026-10-04T00:45:00+05:30,Colombo_Western,24.5,77.01244846276956,0.0,1.1,168.36272148273315
2026-10-04T01:00:00+05:30,Colombo_Western,24.5,80.51387129690636,0.0,1.06,164.71036648795425
2026-10-04T01:15:00+05:30,Colombo_Western,24.5,82.7395513623917,0.0,1.06,161.02702398592095
2026-10-04T01:30:00+05:30,Colombo_Western,24.4,84.30792759733322,0.0,1.07,157.32791964455353
2026-10-04T01:45:00+05:30,Colombo_Western,24.4,85.49549241694353,0.0,1.08,153.61981848542393
2026-10-04T02:00:00+05:30,Colombo_Western,24.4,86.44394624608373,0.0,1.08,149.90618787244154
2026-10-04T02:15:00+05:30,Colombo_Western,24.4,87.23337676626397,0.0,1.1,146.18899857293272
2026-10-04T02:30:00+05:30,Colombo_Western,24.3,87.91252804638748,0.0,1.1,142.46946480346475
2026-10-04T02:45:00+05:30,Colombo_Western,24.3,88.51285966720974,0.0,1.1,138.74838541082522
2026-10-04T03:00:00+05:30,Colombo_Western,24.3,89.05568330445931,0.0,1.08,135.02631782264848
2026-10-04T03:15:00+05:30,Colombo_Western,24.2,89.55605027518965,0.0,1.08,131.30367313422133
2026-10-04T03:30:00+05:30,Colombo_Western,24.2,90.02499525084812,0.0,1.07,127.58076995078707
2026-10-04T03:45:00+05:30,Colombo_Western,24.1,90.47089555928255,0.0,1.06,123.85786845448077
2026-10-04T04:00:00+05:30,Colombo_Western,24.1,90.90033052629485,0.0,1.06,120.13519253391794
2026-10-04T04:15:00+05:30,Colombo_Western,24.1,91.31864633898215,0.0,1.03,116.41294347658723
2026-10-04T04:30:00+05:30,Colombo_Western,24.1,91.73034119784882,0.0,1.04,112.69131104345612
2026-10-04T04:45:00+05:30,Colombo_Western,24.1,92.13933831095181,0.0,1.05,108.97048209661357
2026-10-04T05:00:00+05:30,Colombo_Western,24.1,92.5491879199522,0.0,1.1,105.25064634610735
2026-10-04T05:15:00+05:30,Colombo_Western,24.2,92.96322408259903,0.0,1.07,101.53200291469904
2026-10-04T05:30:00+05:30,Colombo_Western,24.3,93.38469371162819,0.0,1.12,97.8147667504265
2026-10-04T05:45:00+05:30,Colombo_Western,24.4,93.8168702813536,0.0,1.12,94.09917382775937
2026-10-04T06:00:00+05:30,Colombo_Western,24.6,94.26316123566892,0.0,1.19,90.38548854285402
2026-10-04T06:15:00+05:30,Colombo_Western,24.8,94.727217193949,11.0,1.19,86.67401224692284
2026-10-04T06:30:00+05:30,Colombo_Western,25.0,95.21305073601889,42.0,1.21,82.96509195014029
2026-10-04T06:45:00+05:30,Colombo_Western,25.2,95.72517258279157,84.0,1.23,79.2591328392139
2026-10-04T07:00:00+05:30,Colombo_Western,25.5,96.26875504802467,135.0,1.19,75.55661399885496
2026-10-04T07:15:00+05:30,Colombo_Western,25.8,96.84983543481678,187.0,1.22,71.85810704545341
2026-10-04T07:30:00+05:30,Colombo_Western,26.0,97.4755757454385,238.0,1.21,68.16430235011816
2026-10-04T07:45:00+05:30,Colombo_Western,26.3,98.15460232836546,288.0,1.2,64.47604378501393
2026-10-04T08:00:00+05:30,Colombo_Western,26.5,98.89745946611731,341.0,1.2,60.794374067449056
2026-10-04T08:15:00+05:30,Colombo_Western,26.8,99.71722600586696,400.0,1.13,57.120598991386906
2026-10-04T08:30:00+05:30,Colombo_Western,27.0,100.63036976920847,467.0,1.11,53.456377150006354
2026-10-04T08:45:00+05:30,Colombo_Western,27.3,101.6579545588088,539.0,1.03,49.803846322350516
2026-10-04T09:00:00+05:30,Colombo_Western,27.5,102.82737852468881,608.0,0.95,46.16580965442325
2026-10-04T09:15:00+05:30,Colombo_Western,27.7,104.17493156058538,667.0,0.91,42.546013224887375
2026-10-04T09:30:00+05:30,Colombo_Western,28.0,105.7496430030082,715.0,0.91,38.94956931080093
2026-10-04T09:45:00+05:30,Colombo_Western,28.2,107.61920538515574,755.0,0.98,35.383625193048154
2026-10-04T10:00:00+05:30,Colombo_Western,28.5,109.87931108858345,789.0,1.11,31.85844984630109
2026-10-04T10:15:00+05:30,Colombo_Western,28.7,112.66868763678036,820.0,1.27,28.389259006242092
2026-10-04T10:30:00+05:30,Colombo_Western,28.9,116.19365642829797,846.0,1.46,24.999394647092515
2026-10-04T10:45:00+05:30,Colombo_Western,29.0,120.76803142044633,866.0,1.66,21.726043798868844
2026-10-04T11:00:00+05:30,Colombo_Western,29.2,126.87408591327608,883.0,1.84,18.6307432960089
2026-10-04T11:15:00+05:30,Colombo_Western,29.3,135.2341716558608,898.0,2.01,15.818383065582069
2026-10-04T11:30:00+05:30,Colombo_Western,29.4,146.79562033769923,914.0,2.19,13.467420826711049
2026-10-04T11:45:00+05:30,Colombo_Western,29.5,162.26831958974003,926.0,2.35,11.855608931984506
2026-10-04T12:00:00+05:30,Colombo_Western,29.5,180.77886881876154,929.0,2.51,11.303695346239891
2026-10-04T12:15:00+05:30,Colombo_Western,29.5,199.12402681278988,920.0,2.67,11.959332254968274
2026-10-04T12:30:00+05:30,Colombo_Western,29.5,214.25176851502223,900.0,2.78,13.649601035303391
2026-10-04T12:45:00+05:30,Colombo_Western,29.4,225.49197502991802,871.0,2.89,16.050892891429115
2026-10-04T13:00:00+05:30,Colombo_Western,29.3,233.61691765593696,837.0,3.0,18.894015283235987
2026-10-04T13:15:00+05:30,Colombo_Western,29.2,239.56207756842093,799.0,3.11,22.008383216783457
2026-10-04T13:30:00+05:30,Colombo_Western,29.1,244.0265595027293,759.0,3.18,25.293986031973873
2026-10-04T13:45:00+05:30,Colombo_Western,29.0,247.47481665199953,714.0,3.2,28.692041219393367
2026-10-04T14:00:00+05:30,Colombo_Western,28.9,250.20906090620105,663.0,3.2,32.166913172966176
2026-10-04T14:15:00+05:30,Colombo_Western,28.8,252.42831629416662,603.0,3.15,35.69615734483818
2026-10-04T14:30:00+05:30,Colombo_Western,28.7,254.26669383916845,533.0,3.06,39.2650958056147
2026-10-04T14:45:00+05:30,Colombo_Western,28.5,255.81690651176376,462.0,2.86,42.863794980634744
2026-10-04T15:00:00+05:30,Colombo_Western,28.4,257.1446748054582,398.0,2.59,46.48532331102245
2026-10-04T15:15:00+05:30,Colombo_Western,28.2,258.29768819884544,348.0,2.28,50.1247114405206
2026-10-04T15:30:00+05:30,Colombo_Western,28.0,259.31130261498976,309.0,1.97,53.778311901105525
2026-10-04T15:45:00+05:30,Colombo_Western,27.8,260.2122478545379,275.0,1.6,57.44339048349239
2026-10-04T16:00:00+05:30,Colombo_Western,27.6,261.0210969546337,242.0,1.18,61.11785854932744
2026-10-04T16:15:00+05:30,Colombo_Western,27.4,261.7539479639982,207.0,0.78,64.80009457627517
2026-10-04T16:30:00+05:30,Colombo_Western,27.2,262.4235929279458,175.0,0.45,68.48882035933508
2026-10-04T16:45:00+05:30,Colombo_Western,27.0,263.0403467834689,143.0,0.34,72.18301398299397
2026-10-04T17:00:00+05:30,Colombo_Western,26.9,263.61264641802296,111.0,0.47,75.88184892526506
2026-10-04T17:15:00+05:30,Colombo_Western,26.7,264.1474911785796,79.0,0.75,79.58464852303771
2026-10-04T17:30:00+05:30,Colombo_Western,26.5,264.6507729896123,49.0,0.95,83.29085215575938
2026-10-04T17:45:00+05:30,Colombo_Western,26.4,265.12752880088465,24.0,1.1,86.99999120852924
2026-10-04T18:00:00+05:30,Colombo_Western,26.2,265.58213759076,5.0,1.2,90.71166948758349
2026-10-04T18:15:00+05:30,Colombo_Western,26.1,266.0184783542294,0.0,1.25,94.42554793777713
2026-10-04T18:30:00+05:30,Colombo_Western,26.0,266.4400612072022,0.0,1.3,98.14133400339995
2026-10-04T18:45:00+05:30,Colombo_Western,25.8,266.8501405441365,0.0,1.3,101.85877179201542
2026-10-04T19:00:00+05:30,Colombo_Western,25.7,267.25181819695734,0.0,1.3,105.57763390833945
2026-10-04T19:15:00+05:30,Colombo_Western,25.6,267.64814385429304,0.0,1.3,109.29771596119387
2026-10-04T19:30:00+05:30,Colombo_Western,25.5,268.0422197484922,0.0,1.25,113.01883034558945
2026-10-04T19:45:00+05:30,Colombo_Western,25.4,268.43731832782174,0.0,1.25,116.74080042690616
2026-10-04T20:00:00+05:30,Colombo_Western,25.3,268.8370241520487,0.0,1.2,120.4634562523156
2026-10-04T20:15:00+05:30,Colombo_Western,25.2,269.2454153279952,0.0,1.2,124.18662835911728
2026-10-04T20:30:00+05:30,Colombo_Western,25.1,269.6673081075335,0.0,1.16,127.91014061299825
2026-10-04T20:45:00+05:30,Colombo_Western,25.1,270.10860182550834,0.0,1.12,131.63380273411053
2026-10-04T21:00:00+05:30,Colombo_Western,25.0,270.57678476164097,0.0,1.12,135.35739820885343
2026-10-04T21:15:00+05:30,Colombo_Western,25.0,271.08170554452636,0.0,1.08,139.08066687673673
2026-10-04T21:30:00+05:30,Colombo_Western,24.9,271.63679752333223,0.0,1.04,142.80327977501128
2026-10-04T21:45:00+05:30,Colombo_Western,24.9,272.26110806550815,0.0,1.01,146.52479590016353
2026-10-04T22:00:00+05:30,Colombo_Western,24.9,272.9828347154346,0.0,0.98,150.24458776289515
2026-10-04T22:15:00+05:30,Colombo_Western,24.9,273.84586433142135,0.0,0.89,153.9617060197666
2026-10-04T22:30:00+05:30,Colombo_Western,24.9,274.9227777669212,0.0,0.87,157.67460773112964
2026-10-04T22:45:00+05:30,Colombo_Western,24.9,276.3432146934036,0.0,0.83,161.38056277239104
2026-10-04T23:00:00+05:30,Colombo_Western,24.9,278.36373989617965,0.0,0.82,165.07418633962334
2026-10-04T23:15:00+05:30,Colombo_Western,24.8,281.5714538586135,0.0,0.78,168.74311547499696
2026-10-04T23:30:00+05:30,Colombo_Western,24.8,287.6446748141301,0.0,0.78,172.35149238660296
2026-10-04T23:45:00+05:30,Colombo_Western,24.8,303.53711343105834,0.0,0.78,175.74219097254044
2026-10-05T00:00:00+05:30,Colombo_Western,24.8,4.621434743190662,0.0,0.75,177.6322115930816
2026-10-05T00:15:00+05:30,Colombo_Western,24.7,59.215164525766454,0.0,0.72,175.4248386404886
2026-10-05T00:30:00+05:30,Colombo_Western,24.7,73.32878309472449,0.0,0.69,171.9934545385787
2026-10-05T00:45:00+05:30,Colombo_Western,24.6,78.96118353603299,0.0,0.67,168.37579978188126
2026-10-05T01:00:00+05:30,Colombo_Western,24.6,82.00393016495178,0.0,0.7,164.70358700505938
2026-10-05T01:15:00+05:30,Colombo_Western,24.6,83.9465963969073,0.0,0.73,161.00856675297877
2026-10-05T01:30:00+05:30,Colombo_Western,24.5,85.32483634041773,0.0,0.72,157.30201175876846
2026-10-05T01:45:00+05:30,Colombo_Western,24.5,86.37682684187143,0.0,0.71,153.58892282063167
2026-10-05T02:00:00+05:30,Colombo_Western,24.4,87.22435907423363,0.0,0.75,149.8718674277738
2026-10-05T02:15:00+05:30,Colombo_Western,24.4,87.93622074551081,0.0,0.75,146.15231157087027
2026-10-05T02:30:00+05:30,Colombo_Western,24.4,88.55429096430953,0.0,0.75,142.43116569655794
2026-10-05T02:45:00+05:30,Colombo_Western,24.3,89.10562970356,0.0,0.75,138.7090358582069
2026-10-05T03:00:00+05:30,Colombo_Western,24.3,89.60860584312638,0.0,0.75,134.98635206267977
2026-10-05T03:15:00+05:30,Colombo_Western,24.3,90.07623294674465,0.0,0.7,131.26343860034598
2026-10-05T03:30:00+05:30,Colombo_Western,24.2,90.51809422335697,0.0,0.7,127.54055367608298
2026-10-05T03:45:00+05:30,Colombo_Western,24.2,90.94150918532813,0.0,0.7,123.81791494186862
2026-10-05T04:00:00+05:30,Colombo_Western,24.2,91.35227204192074,0.0,0.65,120.0957163138247
2026-10-05T04:15:00+05:30,Colombo_Western,24.1,91.75513815249138,0.0,0.65,116.37413825912228
2026-10-05T04:30:00+05:30,Colombo_Western,24.1,92.15415697812466,0.0,0.66,112.65335664904494
2026-10-05T04:45:00+05:30,Colombo_Western,24.1,92.55290955032865,0.0,0.67,108.93354992743215
2026-10-05T05:00:00+05:30,Colombo_Western,24.2,92.95468591226455,0.0,0.67,105.21490390379881
2026-10-05T05:15:00+05:30,Colombo_Western,24.2,93.36262471745454,0.0,0.68,101.49761772377359
2026-10-05T05:30:00+05:30,Colombo_Western,24.3,93.77983023334616,0.0,0.68,97.78190995218483
2026-10-05T05:45:00+05:30,Colombo_Western,24.5,94.20947771845852,0.0,0.74,94.06802365640876
2026-10-05T06:00:00+05:30,Colombo_Western,24.6,94.65491528142212,0.0,0.79,90.35623386938207
2026-10-05T06:15:00+05:30,Colombo_Western,24.9,95.1197697250496,10.0,0.85,86.6468563619137
2026-10-05T06:30:00+05:30,Colombo_Western,25.1,95.60806380495967,39.0,0.9,82.94025677269549
2026-10-05T06:45:00+05:30,Colombo_Western,25.3,96.12435254569448,78.0,1.0,79.23686376288248
2026-10-05T07:00:00+05:30,Colombo_Western,25.6,96.67388846122714,125.0,1.06,75.53718562357402
2026-10-05T07:15:00+05:30,Colombo_Western,25.9,97.26282846484128,175.0,1.15,71.84183012051768
2026-10-05T07:30:00+05:30,Colombo_Western,26.1,97.89849908416784,224.0,1.2,68.15153234926476
2026-10-05T07:45:00+05:30,Colombo_Western,26.4,98.58974401586892,272.0,1.2,64.46719168231293
2026-10-05T08:00:00+05:30,Colombo_Western,26.6,99.34738863236271,323.0,1.22,60.78992010242663
2026-10-05T08:15:00+05:30,Colombo_Western,26.9,100.18487137201691,381.0,1.17,57.12111051521879
2026-10-05T08:30:00+05:30,Colombo_Western,27.1,101.11911784626852,447.0,1.08,53.46253213077178
2026-10-05T08:45:00+05:30,Colombo_Western,27.4,102.17177383461791,518.0,0.89,49.8164647801815
2026-10-05T09:00:00+05:30,Colombo_Western,27.6,103.37097729672996,586.0,0.72,46.185896378537805
2026-10-05T09:15:00+05:30,Colombo_Western,27.8,104.75395778920245,646.0,0.46,42.57481677512604
2026-10-05T09:30:00+05:30,Colombo_Western,28.0,106.37093251460067,697.0,0.35,38.98866486054922
2026-10-05T09:45:00+05:30,Colombo_Western,28.2,108.29107402513819,740.0,0.49,35.435032658840846
2026-10-05T10:00:00+05:30,Colombo_Western,28.4,110.61185098471924,779.0,0.78,31.92480446370331
2026-10-05T10:15:00+05:30,Colombo_Western,28.6,113.47392345270919,816.0,1.09,28.474058849655137
2026-10-05T10:30:00+05:30,Colombo_Western,28.7,117.08512278186515,856.0,1.43,25.107354841022513
2026-10-05T10:45:00+05:30,Colombo_Western,28.9,121.75851868498654,889.0,1.73,21.863571941379604
2026-10-05T11:00:00+05:30,Colombo_Western,29.0,127.96815443000298,906.0,2.07,18.80644277193379
2026-10-05T11:15:00+05:30,Colombo_Western,29.2,136.40722231028764,896.0,2.31,16.043047633931195
2026-10-05T11:30:00+05:30,Colombo_Western,29.3,147.9466491047084,854.0,2.41,13.751635283985536
2026-10-05T11:45:00+05:30,Colombo_Western,29.4,163.1629233650567,795.0,2.37,12.20110005670044
2026-10-05T12:00:00+05:30,Colombo_Western,29.5,181.12732772415987,741.0,2.2,11.690064464803896
2026-10-05T12:15:00+05:30,Colombo_Western,29.5,198.87166889095602,709.0,2.03,12.348268711413581
2026-10-05T12:30:00+05:30,Colombo_Western,29.5,213.61964854651865,695.0,1.85,14.011890126131476
2026-10-05T12:45:00+05:30,Colombo_Western,29.5,224.71135077312522,688.0,1.71,16.37733989915013
2026-10-05T13:00:00+05:30,Colombo_Western,29.4,232.81543030040856,680.0,1.6,19.18676247552989
2026-10-05T13:15:00+05:30,Colombo_Western,29.3,238.79233544447808,664.0,1.44,22.272768646609634
2026-10-05T13:30:00+05:30,Colombo_Western,29.2,243.3052318209153,644.0,1.28,25.535261980398943
2026-10-05T13:45:00+05:30,Colombo_Western,29.0,246.80378305272012,621.0,1.12,28.91454751114714
2026-10-05T14:00:00+05:30,Colombo_Western,28.9,249.58472632852585,596.0,0.92,32.3740560598353
2026-10-05T14:15:00+05:30,Colombo_Western,28.7,251.84544040615424,569.0,0.7,35.89057973294689
2026-10-05T14:30:00+05:30,Colombo_Western,28.6,253.71989688437844,539.0,0.49,39.44885607836381
2026-10-05T14:45:00+05:30,Colombo_Western,28.4,255.30121417900097,508.0,0.29,43.03851210917708
2026-10-05T15:00:00+05:30,Colombo_Western,28.3,256.6556708322806,475.0,0.11,46.65228605326322
2026-10-05T15:15:00+05:30,Colombo_Western,28.1,257.831511964497,439.0,0.11,50.28495860998569
2026-10-05T15:30:00+05:30,Colombo_Western,27.9,258.8645909608888,403.0,0.3,53.93269117593727
2026-10-05T15:45:00+05:30,Colombo_Western,27.8,259.7820621831159,365.0,0.45,57.592601735850266
2026-10-05T16:00:00+05:30,Colombo_Western,27.6,260.6048518700405,326.0,0.66,61.26248608371459
2026-10-05T16:15:00+05:30,Colombo_Western,27.4,261.34934711349047,284.0,0.81,64.94063139162961
2026-10-05T16:30:00+05:30,Colombo_Western,27.3,262.0285732244118,243.0,0.97,68.6256866351063
2026-10-05T16:45:00+05:30,Colombo_Western,27.1,262.6530304109875,201.0,1.13,72.31657134831246
2026-10-05T17:00:00+05:30,Colombo_Western,27.0,263.2312993938406,158.0,1.23,76.0124116156709
2026-10-05T17:15:00+05:30,Colombo_Western,26.9,263.77048709385974,113.0,1.33,79.71249222433944
2026-10-05T17:30:00+05:30,Colombo_Western,26.8,264.27656059551094,69.0,1.43,83.41622111744228
2026-10-05T17:45:00+05:30,Colombo_Western,26.7,264.7546021901131,33.0,1.48,87.12310405426679
2026-10-05T18:00:00+05:30,Colombo_Western,26.6,265.20900779090107,6.0,1.58,90.83272405405876
2026-10-05T18:15:00+05:30,Colombo_Western,26.5,265.64364517292313,0.0,1.58,94.54472539113011
2026-10-05T18:30:00+05:30,Colombo_Western,26.4,266.06198412439363,0.0,1.63,98.25880243196102
2026-10-05T18:45:00+05:30,Colombo_Western,26.3,266.4672073197456,0.0,1.63,101.97468944928224
2026-10-05T19:00:00+05:30,Colombo_Western,26.2,266.86230962584517,0.0,1.62,105.6921522542271
2026-10-05T19:15:00+05:30,Colombo_Western,26.1,267.25019271153974,0.0,1.62,109.41098264652959
2026-10-05T19:30:00+05:30,Colombo_Western,26.0,267.63376137522795,0.0,1.61,113.13099229446372
2026-10-05T19:45:00+05:30,Colombo_Western,25.9,268.0160293986728,0.0,1.61,116.85200719169731
2026-10-05T20:00:00+05:30,Colombo_Western,25.8,268.40024477487304,0.0,1.61,120.57386386870523
2026-10-05T20:15:00+05:30,Colombo_Western,25.8,268.7900474977106,0.0,1.56,124.29640400050195
2026-10-05T20:30:00+05:30,Colombo_Western,25.7,269.18968017871435,0.0,1.55,128.0194684715105
2026-10-05T20:45:00+05:30,Colombo_Western,25.6,269.60428326266157,0.0,1.55,131.74289177361305
2026-10-05T21:00:00+05:30,Colombo_Western,25.5,270.0403265137711,0.0,1.5,135.46649278512697
2026-10-05T21:15:00+05:30,Colombo_Western,25.4,270.50626613034,0.0,1.5,139.1900618383335
2026-10-05T21:30:00+05:30,Colombo_Western,25.4,271.0135878023908,0.0,1.45,142.91334276365652
2026-10-05T21:45:00+05:30,Colombo_Western,25.3,271.57853741137274,0.0,1.4,146.6360016442042
2026-10-05T22:00:00+05:30,Colombo_Western,25.2,272.2251430355545,0.0,1.4,150.3575732826872
2026-10-05T22:15:00+05:30,Colombo_Western,25.2,272.9908202626879,0.0,1.35,154.07736438458556
2026-10-05T22:30:00+05:30,Colombo_Western,25.1,273.9375678156234,0.0,1.31,157.79425803073678
2026-10-05T22:45:00+05:30,Colombo_Western,25.1,275.1765394138745,0.0,1.26,161.50628476162137
2026-10-05T23:00:00+05:30,Colombo_Western,25.0,276.9291488100072,0.0,1.27,165.20955466776607
2026-10-05T23:15:00+05:30,Colombo_Western,24.9,279.7080462789008,0.0,1.22,168.89506883332282
2026-10-05T23:30:00+05:30,Colombo_Western,24.9,285.0154371182267,0.0,1.22,172.5362195242657
2026-10-05T23:45:00+05:30,Colombo_Western,24.8,299.54673828462563,0.0,1.22,176.0093418366447
2026-10-06T00:00:00+05:30,Colombo_Western,24.8,7.6597547975520115,0.0,1.17,178.00682977024212
2026-10-06T00:15:00+05:30,Colombo_Western,24.7,63.95676636053031,0.0,1.17,175.54465384052645
2026-10-06T00:30:00+05:30,Colombo_Western,24.6,76.13781251887804,0.0,1.17,172.02778587801544
2026-10-06T00:45:00+05:30,Colombo_Western,24.6,80.90627535173508,0.0,1.17,168.37724553388105
2026-10-06T01:00:00+05:30,Colombo_Western,24.5,83.48754893842931,0.0,1.17,164.68847198798164
2026-10-06T01:15:00+05:30,Colombo_Western,24.4,85.1475895138255,0.0,1.12,160.98383927903498
2026-10-06T01:30:00+05:30,Colombo_Western,24.4,86.33653142856889,0.0,1.12,157.2712471732737
2026-10-06T01:45:00+05:30,Colombo_Western,24.3,87.25372910763849,0.0,1.12,153.55420225396347
2026-10-06T02:00:00+05:30,Colombo_Western,24.3,88.000984186903,0.0,1.12,149.83451258194881
2026-10-06T02:15:00+05:30,Colombo_Western,24.2,88.63579351546667,0.0,1.06,146.113219091792
2026-10-06T02:30:00+05:30,Colombo_Western,24.2,89.19319559787306,0.0,1.06,142.39097691343366
2026-10-06T02:45:00+05:30,Colombo_Western,24.1,89.69587354999658,0.0,1.06,138.66823040704963
2026-10-06T03:00:00+05:30,Colombo_Western,24.1,90.15927157048168,0.0,1.01,134.94530303198593
2026-10-06T03:15:00+05:30,Colombo_Western,24.1,90.5943792395745,0.0,1.01,131.22244681400747
2026-10-06T03:30:00+05:30,Colombo_Western,24.0,91.0093386410989,0.0,0.96,127.49987001581067
2026-10-06T03:45:00+05:30,Colombo_Western,24.0,91.41041923304175,0.0,0.91,123.777755494839
2026-10-06T04:00:00+05:30,Colombo_Western,24.0,91.80263596267588,0.0,0.91,120.05627305821636
2026-10-06T04:15:00+05:30,Colombo_Western,24.0,92.19015780163988,0.0,0.86,116.3355869069541
2026-10-06T04:30:00+05:30,Colombo_Western,24.0,92.57658885225817,0.0,0.81,112.61586263856042
2026-10-06T04:45:00+05:30,Colombo_Western,24.1,92.9651705442036,0.0,0.76,108.89727321179973
2026-10-06T05:00:00+05:30,Colombo_Western,24.1,93.35893467037039,0.0,0.71,105.18000297057384
2026-10-06T05:15:00+05:30,Colombo_Western,24.2,93.76082592775856,0.0,0.66,101.46425315193133
2026-10-06T05:30:00+05:30,Colombo_Western,24.3,94.17380697117108,0.0,0.61,97.75024774096843
2026-10-06T05:45:00+05:30,Colombo_Western,24.4,94.60095551536318,0.0,0.56,94.03823851141053
2026-10-06T06:00:00+05:30,Colombo_Western,24.5,95.04556067333795,0.0,0.46,90.32851261629636
2026-10-06T06:15:00+05:30,Colombo_Western,24.7,95.51122544177025,13.0,0.36,86.62140165541749
2026-10-06T06:30:00+05:30,Colombo_Western,24.9,96.00198241223683,50.0,0.27,82.91729127535605
2026-10-06T06:45:00+05:30,Colombo_Western,25.1,96.5224301727759,99.0,0.18,79.21663500166231
2026-10-06T07:00:00+05:30,Colombo_Western,25.3,97.0779002097708,158.0,0.1,75.5199717763141
2026-10-06T07:15:00+05:30,Colombo_Western,25.5,97.67466719354883,217.0,0.18,71.82794705645777
2026-10-06T07:30:00+05:30,Colombo_Western,25.8,98.32021948749923,273.0,0.29,68.14134235134694
2026-10-06T07:45:00+05:30,Colombo_Western,26.0,99.02361429050791,326.0,0.43,64.46111442235089
2026-10-06T08:00:00+05:30,Colombo_Western,26.3,99.79595257427513,377.0,0.54,60.78844666507743
2026-10-06T08:15:00+05:30,Colombo_Western,26.6,100.65102447624542,427.0,0.68,57.12482158041719
2026-10-06T08:30:00+05:30,Colombo_Western,26.9,101.60620191765594,476.0,0.78,53.472121887099966
2026-10-06T08:45:00+05:30,Colombo_Western,27.1,102.6836956815971,520.0,0.92,49.832772850452876
2026-10-06T09:00:00+05:30,Colombo_Western,27.4,103.91235794747115,562.0,1.03,46.20995108827929
2026-10-06T09:15:00+05:30,Colombo_Western,27.7,105.33031848286669,601.0,1.18,42.60789470114486
2026-10-06T09:30:00+05:30,Colombo_Western,27.9,106.98892001525911,636.0,1.27,39.03237403902007
2026-10-06T09:45:00+05:30,Colombo_Western,28.2,108.9587139898847,668.0,1.37,35.49143044677357
2026-10-06T10:00:00+05:30,Colombo_Western,28.4,111.33877693794057,696.0,1.48,31.996566135762933
2026-10-06T10:15:00+05:30,Colombo_Western,28.6,114.27141439390766,721.0,1.53,28.564718873123155
2026-10-06T10:30:00+05:30,Colombo_Western,28.8,117.96547230207238,744.0,1.58,25.221644496970697
2026-10-06T10:45:00+05:30,Colombo_Western,28.9,122.73243667791581,763.0,1.63,22.007853796875835
2026-10-06T11:00:00+05:30,Colombo_Western,29.0,129.03684551327217,775.0,1.68,18.98911910760276
2026-10-06T11:15:00+05:30,Colombo_Western,29.1,137.54157937407814,777.0,1.68,16.27436335803722
2026-10-06T11:30:00+05:30,Colombo_Western,29.2,149.04358239764287,767.0,1.68,14.04103895837713
2026-10-06T11:45:00+05:30,Colombo_Western,29.2,164.00013058082413,751.0,1.63,12.548883490159952
2026-10-06T12:00:00+05:30,Colombo_Western,29.2,181.44580628794657,734.0,1.58,12.075847282659765
2026-10-06T12:15:00+05:30,Colombo_Western,29.2,198.62857159187502,722.0,1.53,12.735994180063955
2026-10-06T12:30:00+05:30,Colombo_Western,29.1,213.01516364340085,712.0,1.43,14.374027144388435
2026-10-06T12:45:00+05:30,Colombo_Western,29.0,223.95855051599662,704.0,1.33,16.704702277452483
2026-10-06T13:00:00+05:30,Colombo_Western,28.9,232.03634675228074,692.0,1.19,19.480973487718884
2026-10-06T13:15:00+05:30,Colombo_Western,28.8,238.03957712872517,676.0,1.04,22.53876192514757
2026-10-06T13:30:00+05:30,Colombo_Western,28.7,242.59670348347242,657.0,0.9,25.778066401888026
2026-10-06T13:45:00+05:30,Colombo_Western,28.5,246.14252443071624,635.0,0.76,29.13839671316188
2026-10-06T14:00:00+05:30,Colombo_Western,28.4,248.96800258806803,611.0,0.58,32.58231282863198
2026-10-06T14:15:00+05:30,Colombo_Western,28.2,251.26861119118428,584.0,0.46,36.08587471638766
2026-10-06T14:30:00+05:30,Colombo_Western,28.0,253.1779964326479,554.0,0.34,39.63325015265822
2026-10-06T14:45:00+05:30,Colombo_Western,27.8,254.78955608469155,523.0,0.3,43.213633176400855
2026-10-06T15:00:00+05:30,Colombo_Western,27.7,256.1700420517343,489.0,0.36,46.81943409946032
2026-10-06T15:15:00+05:30,Colombo_Western,27.5,257.3681977972649,453.0,0.47,50.44518394530437
2026-10-06T15:30:00+05:30,Colombo_Western,27.3,258.4203348433033,417.0,0.6,54.08685228066315
2026-10-06T15:45:00+05:30,Colombo_Western,27.1,259.35400466042324,378.0,0.74,57.74140817289207
2026-10-06T16:00:00+05:30,Colombo_Western,26.9,260.1904671767603,337.0,0.89,61.406530583014586
2026-10-06T16:15:00+05:30,Colombo_Western,26.8,260.9463844042449,294.0,1.03,65.08041409091247
2026-10-06T16:30:00+05:30,Colombo_Western,26.6,261.6350045096965,252.0,1.18,68.76163360432523
2026-10-06T16:45:00+05:30,Colombo_Western,26.5,262.2670051561699,208.0,1.27,72.44904891579307
2026-10-06T17:00:00+05:30,Colombo_Western,26.3,262.851104913521,163.0,1.37,76.14173758053633
2026-10-06T17:15:00+05:30,Colombo_Western,26.2,263.39451359837864,116.0,1.47,79.83894474903889
2026-10-06T17:30:00+05:30,Colombo_Western,26.1,263.903269708358,71.0,1.52,83.54004586904905
2026-10-06T17:45:00+05:30,Colombo_Western,26.0,264.3824977897671,33.0,1.57,87.24452003027785
2026-10-06T18:00:00+05:30,Colombo_Western,25.9,264.8366080579963,6.0,1.57,90.95192840713766
2026-10-06T18:15:00+05:30,Colombo_Western,25.8,265.26945472680984,0.0,1.57,94.66189750853482
2026-10-06T18:30:00+05:30,Colombo_Western,25.7,265.6844650687776,0.0,1.57,98.37410746410164
2026-10-06T18:45:00+05:30,Colombo_Western,25.6,266.084747875416,0.0,1.57,102.08828145242366
2026-10-06T19:00:00+05:30,Colombo_Western,25.5,266.4731887793493,0.0,1.52,105.80417709092171
2026-10-06T19:15:00+05:30,Colombo_Western,25.5,266.85253890447996,0.0,1.48,109.52158077591854
2026-10-06T19:30:00+05:30,Colombo_Western,25.4,267.22550264770126,0.0,1.43,113.24030159580913
2026-10-06T19:45:00+05:30,Colombo_Western,25.3,267.59483146462316,0.0,1.38,116.9601659755325
2026-10-06T20:00:00+05:30,Colombo_Western,25.2,267.9634320749428,0.0,1.3,120.68101426615152
2026-10-06T20:15:00+05:30,Colombo_Western,25.2,268.334500081725,0.0,1.25,124.40269599260606
2026-10-06T20:30:00+05:30,Colombo_Western,25.1,268.7116958005362,0.0,1.15,128.12506492007938
2026-10-06T20:45:00+05:30,Colombo_Western,25.1,269.0993884674546,0.0,1.06,131.84797499455092
2026-10-06T21:00:00+05:30,Colombo_Western,25.0,269.50301122699307,0.0,1.01,135.5712735051961
2026-10-06T21:15:00+05:30,Colombo_Western,24.9,269.92960030887866,0.0,0.92,139.2947918921057
2026-10-06T21:30:00+05:30,Colombo_Western,24.9,270.3886502141592,0.0,0.87,143.0183338299566
2026-10-06T21:45:00+05:30,Colombo_Western,24.8,270.893533397438,0.0,0.83,146.7416540801751
2026-10-06T22:00:00+05:30,Colombo_Western,24.7,271.4639830872226,0.0,0.74,150.46442263227647
2026-09-29T22:15:00+05:30,Polonnaruwa_NorthCentral,28.3,280.5767404704887,0.0,2.74,154.25170284105667
2026-09-29T22:30:00+05:30,Polonnaruwa_NorthCentral,28.2,282.7805624627416,0.0,2.75,157.89096791890665
2026-09-29T22:45:00+05:30,Polonnaruwa_NorthCentral,28.1,285.7632949036821,0.0,2.72,161.49309696313497
2026-09-29T23:00:00+05:30,Polonnaruwa_NorthCentral,28.0,290.0703088345997,0.0,2.69,165.03108479657052
2026-09-29T23:15:00+05:30,Polonnaruwa_NorthCentral,27.9,296.8531327258531,0.0,2.66,168.4456858979227
2026-09-29T23:30:00+05:30,Polonnaruwa_NorthCentral,27.9,308.8160333082676,0.0,2.61,171.5851548250918
2026-09-29T23:45:00+05:30,Polonnaruwa_NorthCentral,27.8,332.13034515054375,0.0,2.53,174.00061734544113
2026-09-30T00:00:00+05:30,Polonnaruwa_NorthCentral,27.7,10.126010591097497,0.0,2.44,174.6100181879716
2026-09-30T00:15:00+05:30,Polonnaruwa_NorthCentral,27.7,41.66068142843312,0.0,2.35,172.92982680137874
2026-09-30T00:30:00+05:30,Polonnaruwa_NorthCentral,27.6,58.24171702411701,0.0,2.33,170.06029659445642
2026-09-30T00:45:00+05:30,Polonnaruwa_NorthCentral,27.5,67.10105170400703,0.0,2.36,166.75308644580826
2026-09-30T01:00:00+05:30,Polonnaruwa_NorthCentral,27.4,72.43453337846597,0.0,2.46,163.26581117107744
2026-09-30T01:15:00+05:30,Polonnaruwa_NorthCentral,27.3,75.98380414004885,0.0,2.55,159.69112589442182
2026-09-30T01:30:00+05:30,Polonnaruwa_NorthCentral,27.3,78.52923129483764,0.0,2.7,156.0682838941812
2026-09-30T01:45:00+05:30,Polonnaruwa_NorthCentral,27.3,80.460775657476,0.0,2.85,152.41637673713015
2026-09-30T02:00:00+05:30,Polonnaruwa_NorthCentral,27.3,81.99227565698726,0.0,3.06,148.74572077561814
2026-09-30T02:15:00+05:30,Polonnaruwa_NorthCentral,27.3,83.25005950406126,0.0,3.26,145.0623613444503
2026-09-30T02:30:00+05:30,Polonnaruwa_NorthCentral,27.3,84.31336719672925,0.0,3.46,141.3700761880373
2026-09-30T02:45:00+05:30,Polonnaruwa_NorthCentral,27.3,85.23440584244884,0.0,3.72,137.67135254014127
2026-09-30T03:00:00+05:30,Polonnaruwa_NorthCentral,27.3,86.04902028260233,0.0,3.98,133.96790259361458
2026-09-30T03:15:00+05:30,Polonnaruwa_NorthCentral,27.3,86.78271200040314,0.0,4.23,130.26095244330673
2026-09-30T03:30:00+05:30,Polonnaruwa_NorthCentral,27.2,87.45420600254704,0.0,4.38,126.55141126123752
2026-09-30T03:45:00+05:30,Polonnaruwa_NorthCentral,27.2,88.07765561952124,0.0,4.43,122.83997677505282
2026-09-30T04:00:00+05:30,Polonnaruwa_NorthCentral,27.1,88.66405714152239,0.0,4.38,119.12720316887489
2026-09-30T04:15:00+05:30,Polonnaruwa_NorthCentral,27.0,89.22218868103164,0.0,4.34,115.41354499489924
2026-09-30T04:30:00+05:30,Polonnaruwa_NorthCentral,27.0,89.7592529166659,0.0,4.29,111.69938871613282
2026-09-30T04:45:00+05:30,Polonnaruwa_NorthCentral,26.9,90.28133125579643,0.0,4.24,107.9850755127027
2026-09-30T05:00:00+05:30,Polonnaruwa_NorthCentral,26.8,90.79371574242003,0.0,4.14,104.27091703522271
2026-09-30T05:15:00+05:30,Polonnaruwa_NorthCentral,26.8,91.30116050957469,0.0,4.09,100.55720914365801
2026-09-30T05:30:00+05:30,Polonnaruwa_NorthCentral,26.8,91.80808099511682,0.0,4.04,96.84424352808402
2026-09-30T05:45:00+05:30,Polonnaruwa_NorthCentral,26.8,92.31872053484204,0.0,4.04,93.1323167237877
2026-09-30T06:00:00+05:30,Polonnaruwa_NorthCentral,26.8,92.83729823237968,0.0,4.09,89.42174030868436
2026-09-30T06:15:00+05:30,Polonnaruwa_NorthCentral,26.9,93.36814973538571,22.0,4.1,85.71285148402885
2026-09-30T06:30:00+05:30,Polonnaruwa_NorthCentral,27.1,93.91587126382774,62.0,4.17,82.00602325815439
2026-09-30T06:45:00+05:30,Polonnaruwa_NorthCentral,27.5,94.48547659477293,111.0,4.2,78.30167799910771
2026-09-30T07:00:00+05:30,Polonnaruwa_NorthCentral,28.1,95.0825785159941,166.0,4.28,74.60030383031483
2026-09-30T07:15:00+05:30,Polonnaruwa_NorthCentral,28.7,95.71360891216938,222.0,4.32,70.90247364939077
2026-09-30T07:30:00+05:30,Polonnaruwa_NorthCentral,29.2,96.38609536720611,277.0,4.41,67.20887149603467
2026-09-30T07:45:00+05:30,Polonnaruwa_NorthCentral,29.7,97.10901985202861,330.0,4.49,63.52032725747739
2026-09-30T08:00:00+05:30,Polonnaruwa_NorthCentral,30.1,97.89329618983032,384.0,4.57,59.837861861506056
2026-09-30T08:15:00+05:30,Polonnaruwa_NorthCentral,30.5,98.75241944076964,442.0,4.59,56.1627513601635
2026-09-30T08:30:00+05:30,Polonnaruwa_NorthCentral,30.9,99.70336856048937,504.0,4.67,52.4966167585582
2026-09-30T08:45:00+05:30,Polonnaruwa_NorthCentral,31.3,100.76788832394612,568.0,4.71,48.841551208201366
2026-09-30T09:00:00+05:30,Polonnaruwa_NorthCentral,31.8,101.97434876331204,630.0,4.75,45.200308640135255
2026-09-30T09:15:00+05:30,Polonnaruwa_NorthCentral,32.3,103.36050502012682,685.0,4.79,41.57658733842261
2026-09-30T09:30:00+05:30,Polonnaruwa_NorthCentral,32.7,104.9776943212263,732.0,4.83,37.975466759727425
2026-09-30T09:45:00+05:30,Polonnaruwa_NorthCentral,33.1,106.8973808755294,773.0,4.84,34.404105963826645
2026-09-30T10:00:00+05:30,Polonnaruwa_NorthCentral,33.5,109.2216309187445,810.0,4.87,30.872894716564844
2026-09-30T10:15:00+05:30,Polonnaruwa_NorthCentral,33.9,112.10029373648024,846.0,4.9,27.3974201048133
2026-09-30T10:30:00+05:30,Polonnaruwa_NorthCentral,34.2,115.75968813976493,878.0,4.9,24.00196338732607
2026-09-30T10:45:00+05:30,Polonnaruwa_NorthCentral,34.5,120.55042278330615,907.0,4.86,20.7259455438047
2026-09-30T11:00:00+05:30,Polonnaruwa_NorthCentral,34.8,127.02252356115355,930.0,4.83,17.63610665762262
2026-09-30T11:15:00+05:30,Polonnaruwa_NorthCentral,35.1,136.01500432805966,946.0,4.75,14.849178557123864
2026-09-30T11:30:00+05:30,Polonnaruwa_NorthCentral,35.3,148.6234449540363,954.0,4.73,12.568354893250913
2026-09-30T11:45:00+05:30,Polonnaruwa_NorthCentral,35.5,165.53405979398008,957.0,4.72,11.109878807330745
2026-09-30T12:00:00+05:30,Polonnaruwa_NorthCentral,35.6,185.27121364345084,955.0,4.71,10.811853765013424
2026-09-30T12:15:00+05:30,Polonnaruwa_NorthCentral,35.7,203.88007671537557,949.0,4.71,11.762823855321315
2026-09-30T12:30:00+05:30,Polonnaruwa_NorthCentral,35.8,218.49310960041683,937.0,4.66,13.705209188428725
2026-09-30T12:45:00+05:30,Polonnaruwa_NorthCentral,36.0,229.03255670337768,922.0,4.48,16.288090041496787
2026-09-30T13:00:00+05:30,Polonnaruwa_NorthCentral,36.3,236.5558426536418,905.0,4.26,19.255402499657905
2026-09-30T13:15:00+05:30,Polonnaruwa_NorthCentral,36.4,242.04620125606826,890.0,4.1,22.455233557717136
2026-09-30T13:30:00+05:30,Polonnaruwa_NorthCentral,36.1,246.17880774970916,885.0,4.15,25.801188022609807
2026-09-30T13:45:00+05:30,Polonnaruwa_NorthCentral,35.3,249.3862121613592,875.0,4.56,29.2431181788574
2026-09-30T14:00:00+05:30,Polonnaruwa_NorthCentral,34.0,251.9452572946756,847.0,5.26,32.75074329144863
2026-09-30T14:15:00+05:30,Polonnaruwa_NorthCentral,32.7,254.0369451769908,791.0,5.98,36.30498962570826
2026-09-30T14:30:00+05:30,Polonnaruwa_NorthCentral,31.8,255.78293274663923,705.0,6.36,39.89335828336198
2026-09-30T14:45:00+05:30,Polonnaruwa_NorthCentral,31.7,257.2673235434089,612.0,6.31,43.50736547122894
2026-09-30T15:00:00+05:30,Polonnaruwa_NorthCentral,32.0,258.54982588516333,528.0,6.0,47.14107103073149
2026-09-30T15:15:00+05:30,Polonnaruwa_NorthCentral,32.3,259.67387774001855,467.0,5.6,50.790200489576954
2026-09-30T15:30:00+05:30,Polonnaruwa_NorthCentral,32.5,260.67179399316086,424.0,5.2,54.45160398230398
2026-09-30T15:45:00+05:30,Polonnaruwa_NorthCentral,32.3,261.56811169212517,385.0,4.81,58.12291007531162
2026-09-30T16:00:00+05:30,Polonnaruwa_NorthCentral,31.9,262.381818853837,341.0,4.38,61.802298391935466
2026-09-30T16:15:00+05:30,Polonnaruwa_NorthCentral,31.5,263.12787476301503,288.0,3.96,65.48834777519336
2026-09-30T16:30:00+05:30,Polonnaruwa_NorthCentral,31.1,263.8182695954639,229.0,3.65,69.1799304101494
2026-09-30T16:45:00+05:30,Polonnaruwa_NorthCentral,30.9,264.4627789652104,173.0,3.43,72.87613706232989
2026-09-30T17:00:00+05:30,Polonnaruwa_NorthCentral,30.7,265.0695127755632,125.0,3.37,76.57622466537006
2026-09-30T17:15:00+05:30,Polonnaruwa_NorthCentral,30.5,265.6453226860432,86.0,3.23,80.27957667213225
2026-09-30T17:30:00+05:30,Polonnaruwa_NorthCentral,30.3,266.19611194055807,54.0,3.04,83.98567328607741
2026-09-30T17:45:00+05:30,Polonnaruwa_NorthCentral,29.9,266.7270775842943,26.0,2.82,87.69407011570576
2026-09-30T18:00:00+05:30,Polonnaruwa_NorthCentral,29.6,267.2429057448678,4.0,2.53,91.40438023788045
2026-09-30T18:15:00+05:30,Polonnaruwa_NorthCentral,29.2,267.7479358136279,0.0,2.2,95.1162596954522
2026-09-30T18:30:00+05:30,Polonnaruwa_NorthCentral,28.7,268.2463058797917,0.0,1.63,98.82939685775804
2026-09-30T18:45:00+05:30,Polonnaruwa_NorthCentral,28.2,268.74208928560927,0.0,0.76,102.54350182027675
2026-09-30T19:00:00+05:30,Polonnaruwa_NorthCentral,27.6,269.23943215623655,0.0,0.61,106.2582966360839
2026-09-30T19:15:00+05:30,Polonnaruwa_NorthCentral,27.1,269.74270227401524,0.0,1.68,109.97350722731632
2026-09-30T19:30:00+05:30,Polonnaruwa_NorthCentral,26.6,270.2566609527842,0.0,2.43,113.68885331236218
2026-09-30T19:45:00+05:30,Polonnaruwa_NorthCentral,26.3,270.78667380401953,0.0,2.71,117.40403704313933
2026-09-30T20:00:00+05:30,Polonnaruwa_NorthCentral,26.2,271.3389825854699,0.0,2.74,121.11873081135346
2026-09-30T20:15:00+05:30,Polonnaruwa_NorthCentral,26.0,271.9210701720715,0.0,2.62,124.8325597426433
2026-09-30T20:30:00+05:30,Polonnaruwa_NorthCentral,25.9,272.54216879821485,0.0,2.51,128.54507814544397
2026-09-30T20:45:00+05:30,Polonnaruwa_NorthCentral,25.8,273.2139916147903,0.0,2.27,132.25573786823537
2026-09-30T21:00:00+05:30,Polonnaruwa_NorthCentral,25.7,273.95181908288066,0.0,1.91,135.96383974202206
2026-09-30T21:15:00+05:30,Polonnaruwa_NorthCentral,25.6,274.77616690362544,0.0,1.51,139.66845958057255
2026-09-30T21:30:00+05:30,Polonnaruwa_NorthCentral,25.5,275.71544065247986,0.0,1.22,143.368332254106
2026-09-30T21:45:00+05:30,Polonnaruwa_NorthCentral,25.5,276.8103339182778,0.0,1.03,147.06165703238048
2026-09-30T22:00:00+05:30,Polonnaruwa_NorthCentral,25.5,278.1214640224372,0.0,0.96,150.745758470353
2026-09-30T22:15:00+05:30,Polonnaruwa_NorthCentral,25.6,279.74338061917274,0.0,0.93,154.41646166032112
2026-09-30T22:30:00+05:30,Polonnaruwa_NorthCentral,25.6,281.8320238068999,0.0,0.81,158.06685162286675
2026-09-30T22:45:00+05:30,Polonnaruwa_NorthCentral,25.6,284.66306325435573,0.0,0.6,161.68459241372386
2026-09-30T23:00:00+05:30,Polonnaruwa_NorthCentral,25.5,288.7686587625815,0.0,0.43,165.24546211660737
2026-09-30T23:15:00+05:30,Polonnaruwa_NorthCentral,25.5,295.2972307299284,0.0,0.2,168.6954013251438
2026-09-30T23:30:00+05:30,Polonnaruwa_NorthCentral,25.5,307.0602102150955,0.0,0.05,171.8913665663867
2026-09-30T23:45:00+05:30,Polonnaruwa_NorthCentral,25.4,331.0368925104684,0.0,0.16,174.3816112739991
2026-10-01T00:00:00+05:30,Polonnaruwa_NorthCentral,25.4,11.822738255011586,0.0,0.3,174.97567221967904
2026-10-01T00:15:00+05:30,Polonnaruwa_NorthCentral,25.4,44.32827538057154,0.0,0.4,173.1602315851427
2026-10-01T00:30:00+05:30,Polonnaruwa_NorthCentral,25.4,60.422484160720614,0.0,0.5,170.19282659573423
2026-10-01T00:45:00+05:30,Polonnaruwa_NorthCentral,25.4,68.80391448445016,0.0,0.6,166.83048611123536
2026-10-01T01:00:00+05:30,Polonnaruwa_NorthCentral,25.3,73.80535398071004,0.0,0.7,163.31032664793713
2026-10-01T01:15:00+05:30,Polonnaruwa_NorthCentral,25.3,77.12538238788818,0.0,0.75,159.71445809916355
2026-10-01T01:30:00+05:30,Polonnaruwa_NorthCentral,25.4,79.5070522281382,0.0,0.82,156.0771205454932
2026-10-01T01:45:00+05:30,Polonnaruwa_NorthCentral,25.5,81.31741221039289,0.0,1.0,152.41484574788353
2026-10-01T02:00:00+05:30,Polonnaruwa_NorthCentral,25.7,82.75649678527589,0.0,1.42,148.7365353472301
2026-10-01T02:15:00+05:30,Polonnaruwa_NorthCentral,25.9,83.94206612267698,0.0,1.91,145.04739805508382
2026-10-01T02:30:00+05:30,Polonnaruwa_NorthCentral,26.0,84.94783912976379,0.0,2.35,141.3506887081731
2026-10-01T02:45:00+05:30,Polonnaruwa_NorthCentral,26.1,85.82233619523282,0.0,2.67,137.64855271417326
2026-10-01T03:00:00+05:30,Polonnaruwa_NorthCentral,26.2,86.59886151007913,0.0,2.9,133.94247055446118
2026-10-01T03:15:00+05:30,Polonnaruwa_NorthCentral,26.3,87.30111756037627,0.0,3.11,130.23350660982206
2026-10-01T03:30:00+05:30,Polonnaruwa_NorthCentral,26.3,87.94652594212454,0.0,3.27,126.5224545758147
2026-10-01T03:45:00+05:30,Polonnaruwa_NorthCentral,26.3,88.54827752261531,0.0,3.28,122.80992831155683
2026-10-01T04:00:00+05:30,Polonnaruwa_NorthCentral,26.3,89.1166470158023,0.0,3.22,119.09642041629243
2026-10-01T04:15:00+05:30,Polonnaruwa_NorthCentral,26.2,89.65986541727739,0.0,3.12,115.38234005224344
2026-10-01T04:30:00+05:30,Polonnaruwa_NorthCentral,26.1,90.18471769154024,0.0,3.02,111.66804041229621
2026-10-01T04:45:00+05:30,Polonnaruwa_NorthCentral,26.1,90.69696581873598,0.0,2.98,107.95383876640129
2026-10-01T05:00:00+05:30,Polonnaruwa_NorthCentral,26.0,91.20165893200664,0.0,2.89,104.2400303348538
2026-10-01T05:15:00+05:30,Polonnaruwa_NorthCentral,26.0,91.70336944529436,0.0,2.87,100.52690075886684
2026-10-01T05:30:00+05:30,Polonnaruwa_NorthCentral,26.0,92.20638151063929,0.0,2.8,96.81473689581392
2026-10-01T05:45:00+05:30,Polonnaruwa_NorthCentral,26.1,92.71485020165926,0.0,2.75,93.10383535064327
2026-10-01T06:00:00+05:30,Polonnaruwa_NorthCentral,26.2,93.232944541128,0.0,2.76,89.39451245901762
2026-10-01T06:15:00+05:30,Polonnaruwa_NorthCentral,26.3,93.76498550181384,22.0,2.73,85.68711490799788
2026-10-01T06:30:00+05:30,Polonnaruwa_NorthCentral,26.5,94.31558904781821,61.0,2.67,81.98203019137345
2026-10-01T06:45:00+05:30,Polonnaruwa_NorthCentral,26.9,94.88982380388217,106.0,2.58,78.27970068965395
2026-10-01T07:00:00+05:30,Polonnaruwa_NorthCentral,27.4,95.49339489258887,158.0,2.45,74.58064088480103
2026-10-01T07:15:00+05:30,Polonnaruwa_NorthCentral,27.9,96.13286827901663,211.0,2.3,70.88545755764204
2026-10-01T07:30:00+05:30,Polonnaruwa_NorthCentral,28.3,96.81595383301556,264.0,2.15,67.19487779968355
2026-10-01T07:45:00+05:30,Polonnaruwa_NorthCentral,28.7,97.55187320082769,317.0,1.97,63.50978597804932
2026-10-01T08:00:00+05:30,Polonnaruwa_NorthCentral,29.1,98.35184994602616,370.0,1.82,59.83127204415736
2026-10-01T08:15:00+05:30,Polonnaruwa_NorthCentral,29.4,99.22977616472485,424.0,1.65,56.16069993382835
2026-10-01T08:30:00+05:30,Polonnaruwa_NorthCentral,29.8,100.20313838689333,479.0,1.56,52.49980343043965
2026-10-01T08:45:00+05:30,Polonnaruwa_NorthCentral,30.2,101.29433064424563,532.0,1.42,48.850821916668146
2026-10-01T09:00:00+05:30,Polonnaruwa_NorthCentral,30.6,102.5325551343833,582.0,1.18,45.21670131726527
2026-10-01T09:15:00+05:30,Polonnaruwa_NorthCentral,31.1,103.95663528498983,628.0,0.97,41.60139566471348
2026-10-01T09:30:00+05:30,Polonnaruwa_NorthCentral,31.5,105.61927746438346,668.0,0.78,38.01033064510373
2026-10-01T09:45:00+05:30,Polonnaruwa_NorthCentral,31.8,107.59368294913924,703.0,0.65,34.451142266087544
2026-10-01T10:00:00+05:30,Polonnaruwa_NorthCentral,32.2,109.9840561718633,732.0,0.57,30.934889033526666
2026-10-01T10:15:00+05:30,Polonnaruwa_NorthCentral,32.4,112.94266872779878,755.0,0.61,27.47811059767053
2026-10-01T10:30:00+05:30,Polonnaruwa_NorthCentral,32.7,116.69792780083787,770.0,0.65,24.106456903152818
2026-10-01T10:45:00+05:30,Polonnaruwa_NorthCentral,33.0,121.60005004795516,778.0,0.74,20.861293350586593
2026-10-01T11:00:00+05:30,Polonnaruwa_NorthCentral,33.2,128.1896438175434,783.0,0.89,17.81193865327296
2026-10-01T11:15:00+05:30,Polonnaruwa_NorthCentral,33.4,137.269561116121,787.0,1.0,15.077713053542823
2026-10-01T11:30:00+05:30,Polonnaruwa_NorthCentral,33.6,149.83726702766455,791.0,1.14,12.861237574772716
2026-10-01T11:45:00+05:30,Polonnaruwa_NorthCentral,33.9,166.41506129930224,791.0,1.29,11.466816743493851
2026-10-01T12:00:00+05:30,Polonnaruwa_NorthCentral,34.2,185.50739806914953,783.0,1.43,11.205677743626609
2026-10-01T12:15:00+05:30,Polonnaruwa_NorthCentral,34.3,203.49518758302855,763.0,1.63,12.151112282981074
2026-10-01T12:30:00+05:30,Polonnaruwa_NorthCentral,34.3,217.77179762405325,733.0,1.82,14.061815158588104
2026-10-01T12:45:00+05:30,Polonnaruwa_NorthCentral,34.0,228.20545343726607,695.0,2.17,16.607891923199503
2026-10-01T13:00:00+05:30,Polonnaruwa_NorthCentral,33.5,235.73318265152545,650.0,2.57,19.5425436024083
2026-10-01T13:15:00+05:30,Polonnaruwa_NorthCentral,33.0,241.26815498056078,596.0,2.92,22.715641004446468
2026-10-01T13:30:00+05:30,Polonnaruwa_NorthCentral,32.4,245.4553819203773,527.0,3.12,26.040135477785604
2026-10-01T13:45:00+05:30,Polonnaruwa_NorthCentral,31.8,248.7159701995315,457.0,3.17,29.46479519019556
2026-10-01T14:00:00+05:30,Polonnaruwa_NorthCentral,31.2,251.32297453922448,398.0,3.07,32.95837879040099
2026-10-01T14:15:00+05:30,Polonnaruwa_NorthCentral,30.6,253.45657902062595,361.0,2.83,36.50106719510742
2026-10-01T14:30:00+05:30,Polonnaruwa_NorthCentral,29.9,255.2387097150607,346.0,2.33,40.07980498076442
2026-10-01T14:45:00+05:30,Polonnaruwa_NorthCentral,29.1,256.7540804583117,338.0,1.56,43.685695727797736
2026-10-01T15:00:00+05:30,Polonnaruwa_NorthCentral,28.2,258.06306168640674,324.0,1.7,47.31249176009146
2026-10-01T15:15:00+05:30,Polonnaruwa_NorthCentral,27.4,259.20970013731323,296.0,2.91,50.955687129380884
2026-10-01T15:30:00+05:30,Polonnaruwa_NorthCentral,26.7,260.2268350199738,258.0,3.68,54.61195571622339
2026-10-01T15:45:00+05:30,Polonnaruwa_NorthCentral,26.3,261.1394410570896,218.0,3.54,58.27879034068973
2026-10-01T16:00:00+05:30,Polonnaruwa_NorthCentral,26.1,261.9668653287581,185.0,2.88,61.95426496360865
2026-10-01T16:15:00+05:30,Polonnaruwa_NorthCentral,26.0,262.7243582118709,161.0,2.06,65.63687542442558
2026-10-01T16:30:00+05:30,Polonnaruwa_NorthCentral,25.9,263.4241432349081,144.0,1.57,69.32542822313633
2026-10-01T16:45:00+05:30,Polonnaruwa_NorthCentral,25.8,264.0761804149847,128.0,1.3,73.01896188320043
2026-10-01T17:00:00+05:30,Polonnaruwa_NorthCentral,25.8,264.68872221811546,106.0,1.08,76.71669170055402
2026-10-01T17:15:00+05:30,Polonnaruwa_NorthCentral,25.8,265.2687265124743,79.0,0.87,80.41796801289091
2026-10-01T17:30:00+05:30,Polonnaruwa_NorthCentral,25.7,265.82217041537535,50.0,0.68,84.1222448927487
2026-10-01T17:45:00+05:30,Polonnaruwa_NorthCentral,25.7,266.35429521288086,24.0,0.54,87.82905768652476
2026-10-01T18:00:00+05:30,Polonnaruwa_NorthCentral,25.6,266.86980312778434,3.0,0.41,91.53800427451723
2026-10-01T18:15:00+05:30,Polonnaruwa_NorthCentral,25.5,267.3730218248147,0.0,0.36,95.24873003104236
2026-10-01T18:30:00+05:30,Polonnaruwa_NorthCentral,25.5,267.86804897879625,0.0,0.39,98.96091686487425
2026-10-01T18:45:00+05:30,Polonnaruwa_NorthCentral,25.6,268.3588866670166,0.0,0.42,102.67427250188956
2026-10-01T19:00:00+05:30,Polonnaruwa_NorthCentral,25.6,268.84957522871827,0.0,0.39,106.38852080030225
2026-10-01T19:15:00+05:30,Polonnaruwa_NorthCentral,25.7,269.3443366085704,0.0,0.39,110.10339396479878
2026-10-01T19:30:00+05:30,Polonnaruwa_NorthCentral,25.7,269.84773830321274,0.0,0.39,113.81862303243399
2026-10-01T19:45:00+05:30,Polonnaruwa_NorthCentral,25.7,270.36489298872414,0.0,0.46,117.53392740381263
2026-10-01T20:00:00+05:30,Polonnaruwa_NorthCentral,25.6,270.90171478394774,0.0,0.49,121.24900397496765
2026-10-01T20:15:00+05:30,Polonnaruwa_NorthCentral,25.4,271.4652623396412,0.0,0.57,124.9635115843312
2026-10-01T20:30:00+05:30,Polonnaruwa_NorthCentral,25.3,272.06421604017527,0.0,0.64,128.6770503157211
2026-10-01T20:45:00+05:30,Polonnaruwa_NorthCentral,25.2,272.70956487991117,0.0,0.74,132.38913407450133
2026-10-01T21:00:00+05:30,Polonnaruwa_NorthCentral,25.2,273.4156274131207,0.0,0.88,136.09914837237608
2026-10-01T21:15:00+05:30,Polonnaruwa_NorthCentral,25.1,274.2016218320708,0.0,1.03,139.80628608455999
2026-10-01T21:30:00+05:30,Polonnaruwa_NorthCentral,25.0,275.0941709191928,0.0,1.03,143.5094469835054
2026-10-01T21:45:00+05:30,Polonnaruwa_NorthCentral,25.0,276.1314657433003,0.0,0.92,147.20706842605193
2026-10-01T22:00:00+05:30,Polonnaruwa_NorthCentral,24.9,277.3705257645173,0.0,0.78,150.89682951954052
2026-10-01T22:15:00+05:30,Polonnaruwa_NorthCentral,24.8,278.90059635376866,0.0,0.57,154.57510390517604
2026-10-01T22:30:00+05:30,Polonnaruwa_NorthCentral,24.8,280.8696231748097,0.0,0.45,158.2358658718357
2026-10-01T22:45:00+05:30,Polonnaruwa_NorthCentral,24.8,283.54117016831333,0.0,0.36,161.8683046707511
2026-10-01T23:00:00+05:30,Polonnaruwa_NorthCentral,24.8,287.43032662885696,0.0,0.3,165.4509895033411
2026-10-01T23:15:00+05:30,Polonnaruwa_NorthCentral,24.8,293.67268079111597,0.0,0.3,168.9352787481842
2026-10-01T23:30:00+05:30,Polonnaruwa_NorthCentral,24.8,305.166804374806,0.0,0.3,172.18816846508503
2026-10-01T23:45:00+05:30,Polonnaruwa_NorthCentral,24.7,329.7759513564264,0.0,0.35,174.7592234388663
2026-10-02T00:00:00+05:30,Polonnaruwa_NorthCentral,24.7,13.766381646296963,0.0,0.4,175.3360928494735
2026-10-02T00:15:00+05:30,Polonnaruwa_NorthCentral,24.7,47.163710706310155,0.0,0.52,173.37555186476715
2026-10-02T00:30:00+05:30,Polonnaruwa_NorthCentral,24.6,62.65303185739873,0.0,0.57,170.3119583863162
2026-10-02T00:45:00+05:30,Polonnaruwa_NorthCentral,24.6,70.52109369347608,0.0,0.61,166.89756026139867
2026-10-02T01:00:00+05:30,Polonnaruwa_NorthCentral,24.6,75.17967826673049,0.0,0.6,163.34686800392979
2026-10-02T01:15:00+05:30,Polonnaruwa_NorthCentral,24.7,78.26683413860042,0.0,0.62,159.73150977600054
2026-10-02T01:30:00+05:30,Polonnaruwa_NorthCentral,24.7,80.48348469368523,0.0,0.65,156.08092414437917
2026-10-02T01:45:00+05:30,Polonnaruwa_NorthCentral,24.7,82.17226288190739,0.0,0.63,152.40923260133636
2026-10-02T02:00:00+05:30,Polonnaruwa_NorthCentral,24.7,83.51886969787631,0.0,0.65,148.72401673824243
2026-10-02T02:15:00+05:30,Polonnaruwa_NorthCentral,24.7,84.63229302413203,0.0,0.57,145.02970879256875
2026-10-02T02:30:00+05:30,Polonnaruwa_NorthCentral,24.7,85.58064684439756,0.0,0.53,141.32907998064803
2026-10-02T02:45:00+05:30,Polonnaruwa_NorthCentral,24.7,86.40872927531314,0.0,0.42,137.62396037283722
2026-10-02T03:00:00+05:30,Polonnaruwa_NorthCentral,24.8,87.14728882605039,0.0,0.28,133.91561715469948
2026-10-02T03:15:00+05:30,Polonnaruwa_NorthCentral,24.8,87.8182230199991,0.0,0.11,130.20496616530352
2026-10-02T03:30:00+05:30,Polonnaruwa_NorthCentral,24.8,88.43764815188717,0.0,0.05,126.49269529269557
2026-10-02T03:45:00+05:30,Polonnaruwa_NorthCentral,24.8,89.0177925471358,0.0,0.16,122.779341790333
2026-10-02T04:00:00+05:30,Polonnaruwa_NorthCentral,24.8,89.56821001955427,0.0,0.27,119.06534226125801
2026-10-02T04:15:00+05:30,Polonnaruwa_NorthCentral,24.7,90.09658538234629,0.0,0.36,115.35106486402515
2026-10-02T04:30:00+05:30,Polonnaruwa_NorthCentral,24.7,90.60928684347164,0.0,0.43,111.63683303982413
2026-10-02T04:45:00+05:30,Polonnaruwa_NorthCentral,24.7,91.11175782840837,0.0,0.49,107.92294303151732
2026-10-02T05:00:00+05:30,Polonnaruwa_NorthCentral,24.6,91.60880529905035,0.0,0.58,104.20967604426237
2026-10-02T05:15:00+05:30,Polonnaruwa_NorthCentral,24.6,92.10482053600356,0.0,0.61,100.4973095739857
2026-10-02T05:30:00+05:30,Polonnaruwa_NorthCentral,24.6,92.60395682725391,0.0,0.72,96.78612746984204
2026-10-02T05:45:00+05:30,Polonnaruwa_NorthCentral,24.6,93.11028123285365,0.0,0.85,93.07642805419137
2026-10-02T06:00:00+05:30,Polonnaruwa_NorthCentral,24.6,93.62791275471017,0.0,1.01,89.3685339593669
2026-10-02T06:15:00+05:30,Polonnaruwa_NorthCentral,24.6,94.16115753860026,20.0,1.18,85.66280283375652
2026-10-02T06:30:00+05:30,Polonnaruwa_NorthCentral,24.7,94.71465088852761,55.0,1.25,81.95963812098373
2026-10-02T06:45:00+05:30,Polonnaruwa_NorthCentral,25.0,95.293515559794,99.0,1.26,78.25950370989534
2026-10-02T07:00:00+05:30,Polonnaruwa_NorthCentral,25.3,95.90354788661335,148.0,1.28,74.56294201644891
2026-10-02T07:15:00+05:30,Polonnaruwa_NorthCentral,25.8,96.55144624488526,199.0,1.3,70.8705954128013
2026-10-02T07:30:00+05:30,Polonnaruwa_NorthCentral,26.2,97.24510036451056,248.0,1.35,67.18323593374373
2026-10-02T07:45:00+05:30,Polonnaruwa_NorthCentral,26.6,97.99396806301206,296.0,1.28,63.501804574803344
2026-10-02T08:00:00+05:30,Polonnaruwa_NorthCentral,27.1,98.80957756858731,346.0,1.19,59.827462793811044
2026-10-02T08:15:00+05:30,Polonnaruwa_NorthCentral,27.5,99.70621059288283,401.0,1.05,56.161665321143275
2026-10-02T08:30:00+05:30,Polonnaruwa_NorthCentral,28.0,100.70185023974193,462.0,1.01,52.506262172041815
2026-10-02T08:45:00+05:30,Polonnaruwa_NorthCentral,28.5,101.81952320106069,526.0,1.06,48.86364308498648
2026-10-02T09:00:00+05:30,Polonnaruwa_NorthCentral,29.1,103.08923827536597,588.0,1.12,45.236950904268625
2026-10-02T09:15:00+05:30,Polonnaruwa_NorthCentral,29.7,104.55084685563827,646.0,1.19,41.63040123192029
2026-10-02T09:30:00+05:30,Polonnaruwa_NorthCentral,30.2,106.25835917271081,699.0,1.22,38.04977263586152
2026-10-02T09:45:00+05:30,Polonnaruwa_NorthCentral,30.7,108.28660485876685,748.0,1.18,34.503185076571185
2026-10-02T10:00:00+05:30,Polonnaruwa_NorthCentral,31.2,110.74174019568363,790.0,1.1,31.002371545002525
2026-10-02T10:15:00+05:30,Polonnaruwa_NorthCentral,31.6,113.77813109148894,824.0,1.06,27.56482426585952
2026-10-02T10:30:00+05:30,Polonnaruwa_NorthCentral,32.0,117.62568621206611,847.0,1.01,24.217544478036217
2026-10-02T10:45:00+05:30,Polonnaruwa_NorthCentral,32.3,122.63319441505507,862.0,0.99,21.00377787270122
2026-10-02T11:00:00+05:30,Polonnaruwa_NorthCentral,32.6,129.3302045095263,874.0,0.96,17.9952419558674
2026-10-02T11:15:00+05:30,Polonnaruwa_NorthCentral,32.8,138.48189275316878,886.0,0.93,15.313419707516758
2026-10-02T11:30:00+05:30,Polonnaruwa_NorthCentral,33.0,150.9912335649651,903.0,0.98,13.159630959453338
2026-10-02T11:45:00+05:30,Polonnaruwa_NorthCentral,33.2,167.23649937030132,916.0,1.02,11.826011813026795
2026-10-02T12:00:00+05:30,Polonnaruwa_NorthCentral,33.5,185.72142321703944,915.0,1.15,11.599016443162753
2026-10-02T12:15:00+05:30,Polonnaruwa_NorthCentral,33.7,203.12911392441003,892.0,1.27,12.538893281812648
2026-10-02T12:30:00+05:30,Polonnaruwa_NorthCentral,33.8,217.08255564363012,848.0,1.39,14.419235130406676
2026-10-02T12:45:00+05:30,Polonnaruwa_NorthCentral,33.9,227.40709654733723,791.0,1.43,16.929506834424515
2026-10-02T13:00:00+05:30,Polonnaruwa_NorthCentral,33.9,234.93255636608205,728.0,1.46,19.83191019879743
2026-10-02T13:15:00+05:30,Polonnaruwa_NorthCentral,33.8,240.50639867327595,661.0,1.5,22.978309035101447
2026-10-02T13:30:00+05:30,Polonnaruwa_NorthCentral,33.7,244.74404666976403,581.0,1.7,26.281190019937732
2026-10-02T13:45:00+05:30,Polonnaruwa_NorthCentral,33.5,248.0548561110765,501.0,2.23,29.68834451046201
2026-10-02T14:00:00+05:30,Polonnaruwa_NorthCentral,33.3,250.70772399323045,440.0,3.11,33.16762415578545
2026-10-02T14:15:00+05:30,Polonnaruwa_NorthCentral,32.9,252.88173871189633,414.0,3.83,36.698489747375696
2026-10-02T14:30:00+05:30,Polonnaruwa_NorthCentral,32.1,254.6989073964795,427.0,3.94,40.26734045023482
2026-10-02T14:45:00+05:30,Polonnaruwa_NorthCentral,30.8,256.24442989224667,448.0,3.14,43.864871472182905
2026-10-02T15:00:00+05:30,Polonnaruwa_NorthCentral,29.1,257.579256380046,445.0,1.97,47.48452858574741
2026-10-02T15:15:00+05:30,Polonnaruwa_NorthCentral,27.4,258.74798702519644,399.0,1.92,51.121573806234764
2026-10-02T15:30:00+05:30,Polonnaruwa_NorthCentral,26.2,259.783947509357,319.0,2.7,54.772503540588325
2026-10-02T15:45:00+05:30,Polonnaruwa_NorthCentral,25.6,260.712523835267,233.0,3.08,58.43467339959813
2026-10-02T16:00:00+05:30,Polonnaruwa_NorthCentral,25.4,261.5534033743047,161.0,3.23,62.10605018312921
2026-10-02T16:15:00+05:30,Polonnaruwa_NorthCentral,25.3,262.3221139770475,115.0,3.17,65.78504527975322
2026-10-02T16:30:00+05:30,Polonnaruwa_NorthCentral,25.3,263.031102443795,84.0,3.02,69.47039814193694
2026-10-02T16:45:00+05:30,Polonnaruwa_NorthCentral,25.2,263.6905055735651,61.0,2.74,73.16109377755298
2026-10-02T17:00:00+05:30,Polonnaruwa_NorthCentral,25.1,264.30871250014394,45.0,2.34,76.85630465259354
2026-10-02T17:15:00+05:30,Polonnaruwa_NorthCentral,25.1,264.89278261987084,32.0,1.95,80.55534685842194
2026-10-02T17:30:00+05:30,Polonnaruwa_NorthCentral,25.0,265.44876309244376,23.0,1.63,84.25764725280834
2026-10-02T17:45:00+05:30,Polonnaruwa_NorthCentral,25.0,265.98193619026256,13.0,1.2,87.96271985365999
2026-10-02T18:00:00+05:30,Polonnaruwa_NorthCentral,24.9,266.4970173427821,2.0,0.96,91.6701462788255
2026-10-02T18:15:00+05:30,Polonnaruwa_NorthCentral,24.8,266.9983197891808,0.0,1.29,95.37956014041976
2026-10-02T18:30:00+05:30,Polonnaruwa_NorthCentral,24.8,267.48989812102474,0.0,1.7,99.0906357372681
2026-10-02T18:45:00+05:30,Polonnaruwa_NorthCentral,24.7,267.97568035189727,0.0,1.92,102.80307718850351
2026-10-02T19:00:00+05:30,Polonnaruwa_NorthCentral,24.6,268.45959792835765,0.0,2.03,106.51660879222081
2026-10-02T19:15:00+05:30,Polonnaruwa_NorthCentral,24.6,268.9457233258768,0.0,2.05,110.23096749685317
2026-10-02T19:30:00+05:30,Polonnaruwa_NorthCentral,24.5,269.43842578359596,0.0,1.98,113.94589388945406
2026-10-02T19:45:00+05:30,Polonnaruwa_NorthCentral,24.5,269.94255939722837,0.0,1.84,117.66112253556403
2026-10-02T20:00:00+05:30,Polonnaruwa_NorthCentral,24.6,270.4637032268539,0.0,1.66,121.37637234559448
2026-10-02T20:15:00+05:30,Polonnaruwa_NorthCentral,24.6,271.0084816456188,0.0,1.48,125.09133283500631
2026-10-02T20:30:00+05:30,Polonnaruwa_NorthCentral,24.6,271.58500917032984,0.0,1.39,128.8056460980232
2026-10-02T20:45:00+05:30,Polonnaruwa_NorthCentral,24.6,272.2035305245497,0.0,1.29,132.51888334596757
2026-10-02T21:00:00+05:30,Polonnaruwa_NorthCentral,24.6,272.8773726077808,0.0,1.2,136.23050866823732
2026-10-02T21:15:00+05:30,Polonnaruwa_NorthCentral,24.6,273.62441063018974,0.0,1.06,139.93982402991008
2026-10-02T21:30:00+05:30,Polonnaruwa_NorthCentral,24.6,274.4694124249536,0.0,0.99,143.6458834984388
2026-10-02T21:45:00+05:30,Polonnaruwa_NorthCentral,24.6,275.4479470001883,0.0,0.9,147.3473481679805
2026-10-02T22:00:00+05:30,Polonnaruwa_NorthCentral,24.5,276.61322759402395,0.0,0.9,151.04223201693802
2026-10-02T22:15:00+05:30,Polonnaruwa_NorthCentral,24.5,278.0488093551361,0.0,0.92,154.7274301104403
2026-10-02T22:30:00+05:30,Polonnaruwa_NorthCentral,24.5,279.8938740268745,0.0,1.01,158.39776945260905
2026-10-02T22:45:00+05:30,Polonnaruwa_NorthCentral,24.5,282.3982021178957,0.0,1.06,162.04392077151437
2026-10-02T23:00:00+05:30,Polonnaruwa_NorthCentral,24.6,286.0557485041321,0.0,1.08,165.64722149497288
2026-10-02T23:15:00+05:30,Polonnaruwa_NorthCentral,24.6,291.9783806053963,0.0,1.11,169.1646141718972
2026-10-02T23:30:00+05:30,Polonnaruwa_NorthCentral,24.6,303.12500408886206,0.0,1.05,172.47442534346467
2026-10-02T23:45:00+05:30,Polonnaruwa_NorthCentral,24.6,328.3102940640282,0.0,0.9,175.13271117681222
2026-10-03T00:00:00+05:30,Polonnaruwa_NorthCentral,24.6,16.011943378161163,0.0,0.65,175.6901044267684
2026-10-03T00:15:00+05:30,Polonnaruwa_NorthCentral,24.5,50.1689988130812,0.0,0.45,173.57442110844596
2026-10-03T00:30:00+05:30,Polonnaruwa_NorthCentral,24.5,64.92836369728343,0.0,0.32,170.41733123078467
2026-10-03T00:45:00+05:30,Polonnaruwa_NorthCentral,24.5,72.24971193468701,0.0,0.36,166.9542795615996
2026-10-03T01:00:00+05:30,Polonnaruwa_NorthCentral,24.5,76.55592013670412,0.0,0.46,163.37550621672068
2026-10-03T01:15:00+05:30,Polonnaruwa_NorthCentral,24.4,79.40720926392356,0.0,0.6,159.74238397680767
2026-10-03T01:30:00+05:30,Polonnaruwa_NorthCentral,24.4,81.4579070425441,0.0,0.67,156.07980763868994
2026-10-03T01:45:00+05:30,Polonnaruwa_NorthCentral,24.4,83.02488866306874,0.0,0.67,152.39965228594232
2026-10-03T02:00:00+05:30,Polonnaruwa_NorthCentral,24.4,84.27906411748859,0.0,0.64,148.7082790778215
2026-10-03T02:15:00+05:30,Polonnaruwa_NorthCentral,24.4,85.32047852923677,0.0,0.57,145.00940578931943
2026-10-03T02:30:00+05:30,Polonnaruwa_NorthCentral,24.4,86.21157406594631,0.0,0.49,141.3053600376137
2026-10-03T02:45:00+05:30,Polonnaruwa_NorthCentral,24.4,86.99340005664135,0.0,0.42,137.59768333759624
2026-10-03T03:00:00+05:30,Polonnaruwa_NorthCentral,24.5,87.69413938962168,0.0,0.32,133.88744810542872
2026-10-03T03:15:00+05:30,Polonnaruwa_NorthCentral,24.5,88.33388166882202,0.0,0.22,130.1754348404194
2026-10-03T03:30:00+05:30,Polonnaruwa_NorthCentral,24.5,88.9274378478193,0.0,0.16,126.46223529020548
2026-10-03T03:45:00+05:30,Polonnaruwa_NorthCentral,24.5,89.48607480861216,0.0,0.1,122.74831735758832
2026-10-03T04:00:00+05:30,Polonnaruwa_NorthCentral,24.5,90.01862691335162,0.0,0.11,119.03406721587797
2026-10-03T04:15:00+05:30,Polonnaruwa_NorthCentral,24.4,90.53223424415245,0.0,0.07,115.31981638712693
2026-10-03T04:30:00+05:30,Polonnaruwa_NorthCentral,24.4,91.03284956154636,0.0,0.11,111.60586205972717
2026-10-03T04:45:00+05:30,Polonnaruwa_NorthCentral,24.4,91.52559884907163,0.0,0.16,107.89248231521273
2026-10-03T05:00:00+05:30,Polonnaruwa_NorthCentral,24.3,92.01504779969042,0.0,0.16,104.17994674231751
2026-10-03T05:15:00+05:30,Polonnaruwa_NorthCentral,24.3,92.50540725332496,0.0,0.22,100.46852674545492
2026-10-03T05:30:00+05:30,Polonnaruwa_NorthCentral,24.3,93.00070011920786,0.0,0.22,96.75850497319081
2026-10-03T05:45:00+05:30,Polonnaruwa_NorthCentral,24.4,93.50490572060369,0.0,0.22,93.05018309882264
2026-10-03T06:00:00+05:30,Polonnaruwa_NorthCentral,24.6,94.02209309698043,0.0,0.22,89.34389156939334
2026-10-03T06:15:00+05:30,Polonnaruwa_NorthCentral,24.8,94.55655338400987,21.0,0.16,85.64000045139261
2026-10-03T06:30:00+05:30,Polonnaruwa_NorthCentral,25.1,95.11294076145123,58.0,0.16,81.93893057591998
2026-10-03T06:45:00+05:30,Polonnaruwa_NorthCentral,25.3,95.6964313045209,107.0,0.16,78.24116881039524
2026-10-03T07:00:00+05:30,Polonnaruwa_NorthCentral,25.6,96.3129113040157,165.0,0.11,74.54728704735717
2026-10-03T07:15:00+05:30,Polonnaruwa_NorthCentral,25.9,96.96920969853761,223.0,0.11,70.85796491205994
2026-10-03T07:30:00+05:30,Polonnaruwa_NorthCentral,26.2,97.67339341151387,280.0,0.07,67.17402122430276
2026-10-03T07:45:00+05:30,Polonnaruwa_NorthCentral,26.5,98.43515260816696,334.0,0.05,63.49645568513263
2026-10-03T08:00:00+05:30,Polonnaruwa_NorthCentral,26.8,99.2663146792321,389.0,0.0,59.826503646759846
2026-10-03T08:15:00+05:30,Polonnaruwa_NorthCentral,27.1,100.18154295929054,447.0,0.05,56.165713417172306
2026-10-03T08:30:00+05:30,Polonnaruwa_NorthCentral,27.4,101.19930535313108,507.0,0.11,52.51605451794747
2026-10-03T08:45:00+05:30,Polonnaruwa_NorthCentral,27.8,102.34324356570835,568.0,0.18,48.880070913547286
2026-10-03T09:00:00+05:30,Polonnaruwa_NorthCentral,28.1,103.64414599743515,627.0,0.21,45.26110692288159
2026-10-03T09:15:00+05:30,Polonnaruwa_NorthCentral,28.5,105.14284973644868,679.0,0.32,41.66364497566137
2026-10-03T09:30:00+05:30,Polonnaruwa_NorthCentral,28.9,106.89460099376856,725.0,0.36,38.093822319021676
2026-10-03T09:45:00+05:30,Polonnaruwa_NorthCentral,29.3,108.9757457825134,765.0,0.4,34.56024851399881
2026-10-03T10:00:00+05:30,Polonnaruwa_NorthCentral,29.7,111.49420251842872,801.0,0.51,31.07533459070317
2026-10-03T10:15:00+05:30,Polonnaruwa_NorthCentral,30.1,114.60610253203492,834.0,0.56,27.657521773300246
2026-10-03T10:30:00+05:30,Polonnaruwa_NorthCentral,30.4,118.54227993460893,860.0,0.67,24.335139391835796
2026-10-03T10:45:00+05:30,Polonnaruwa_NorthCentral,30.7,123.64911269285432,881.0,0.74,21.153240606488765
2026-10-03T11:00:00+05:30,Polonnaruwa_NorthCentral,31.0,130.44362929296392,902.0,0.83,18.185752728262614
2026-10-03T11:15:00+05:30,Polonnaruwa_NorthCentral,31.3,139.6522970661827,927.0,0.89,15.555903404857872
2026-10-03T11:30:00+05:30,Polonnaruwa_NorthCentral,31.5,152.08783803136885,958.0,1.01,13.463060330074555
2026-10-03T11:45:00+05:30,Polonnaruwa_NorthCentral,31.7,168.00281049556384,987.0,1.12,12.187113494059744
2026-10-03T12:00:00+05:30,Polonnaruwa_NorthCentral,31.9,185.91506505114205,1005.0,1.25,11.99173254219653
2026-10-03T12:15:00+05:30,Polonnaruwa_NorthCentral,32.0,202.77985794701374,1003.0,1.41,12.926011577189016
2026-10-03T12:30:00+05:30,Polonnaruwa_NorthCentral,32.1,216.4229769043001,984.0,1.54,14.77720879422634
2026-10-03T12:45:00+05:30,Polonnaruwa_NorthCentral,32.1,226.63597764341267,953.0,1.72,17.252639278360547
2026-10-03T13:00:00+05:30,Polonnaruwa_NorthCentral,32.2,234.15318003105824,914.0,1.88,20.12322130245569
2026-10-03T13:15:00+05:30,Polonnaruwa_NorthCentral,32.2,239.7605543365737,873.0,2.02,23.24298484088932
2026-10-03T13:30:00+05:30,Polonnaruwa_NorthCentral,32.2,244.04463359113595,828.0,2.13,26.524125833002238
2026-10-03T13:45:00+05:30,Polonnaruwa_NorthCentral,32.1,247.40280951093362,778.0,2.2,29.913562501630125
2026-10-03T14:00:00+05:30,Polonnaruwa_NorthCentral,32.0,250.09950219866505,720.0,2.26,33.37829317148536
2026-10-03T14:15:00+05:30,Polonnaruwa_NorthCentral,31.9,252.31245164513638,652.0,2.26,36.897084641720355
2026-10-03T14:30:00+05:30,Polonnaruwa_NorthCentral,31.6,254.16357036771268,570.0,2.15,40.45580269823289
2026-10-03T14:45:00+05:30,Polonnaruwa_NorthCentral,31.3,255.738426233726,487.0,1.97,44.04473916069434
2026-10-03T15:00:00+05:30,Polonnaruwa_NorthCentral,30.9,257.098470101031,414.0,1.72,47.65703476614664
2026-10-03T15:15:00+05:30,Polonnaruwa_NorthCentral,30.4,258.2888020112397,359.0,1.43,51.287719331407544
2026-10-03T15:30:00+05:30,Polonnaruwa_NorthCentral,29.9,259.34319727056265,317.0,1.07,54.93311085645921
2026-10-03T15:45:00+05:30,Polonnaruwa_NorthCentral,29.3,260.2874273480994,282.0,0.67,58.590426493627845
2026-10-03T16:00:00+05:30,Polonnaruwa_NorthCentral,28.7,261.1415014813911,248.0,0.25,62.2575245386073
2026-10-03T16:15:00+05:30,Polonnaruwa_NorthCentral,28.0,261.9212115910725,212.0,0.22,65.93273059765147
2026-10-03T16:30:00+05:30,Polonnaruwa_NorthCentral,27.5,262.6392178073686,178.0,0.6,69.61471580046408
2026-10-03T16:45:00+05:30,Polonnaruwa_NorthCentral,27.0,263.3058261849678,145.0,0.93,73.30241043037499
2026-10-03T17:00:00+05:30,Polonnaruwa_NorthCentral,26.5,263.92955670087986,111.0,1.22,76.9949429810345
2026-10-03T17:15:00+05:30,Polonnaruwa_NorthCentral,26.0,264.5175656566322,77.0,1.51,80.69159420495133
2026-10-03T17:30:00+05:30,Polonnaruwa_NorthCentral,25.7,265.07596647452334,45.0,1.66,84.39176268543957
2026-10-03T17:45:00+05:30,Polonnaruwa_NorthCentral,25.4,265.6100792109592,19.0,1.75,88.09494006745216
2026-10-03T18:00:00+05:30,Polonnaruwa_NorthCentral,25.2,266.1246296695697,2.0,1.72,91.800690652784
2026-10-03T18:15:00+05:30,Polonnaruwa_NorthCentral,25.1,266.6239140294825,0.0,1.68,95.50863520473152
2026-10-03T18:30:00+05:30,Polonnaruwa_NorthCentral,25.0,267.1119412068247,0.0,1.59,99.21843926254778
2026-10-03T18:45:00+05:30,Polonnaruwa_NorthCentral,25.0,267.5925624466278,0.0,1.44,102.92980209496831
2026-10-03T19:00:00+05:30,Polonnaruwa_NorthCentral,25.0,268.06959731364736,0.0,1.3,106.64244706483876
2026-10-03T19:15:00+05:30,Polonnaruwa_NorthCentral,25.0,268.54696533132324,0.0,1.11,110.35611430461537
2026-10-03T19:30:00+05:30,Polonnaruwa_NorthCentral,25.0,269.0288332313421,0.0,1.0,114.07055214644392
2026-10-03T19:45:00+05:30,Polonnaruwa_NorthCentral,25.0,269.5197911335574,0.0,0.91,117.78550819658128
2026-10-03T20:00:00+05:30,Polonnaruwa_NorthCentral,25.0,270.02507594770015,0.0,0.84,121.50072082309582
2026-10-03T20:15:00+05:30,Polonnaruwa_NorthCentral,25.0,270.55086815642625,0.0,0.78,125.21590709097102
2026-10-03T20:30:00+05:30,Polonnaruwa_NorthCentral,25.0,271.1047029911135,0.0,0.79,128.9307472064655
2026-10-03T20:45:00+05:30,Polonnaruwa_NorthCentral,25.0,271.696061621068,0.0,0.78,132.64486474224015
2026-10-03T21:00:00+05:30,Polonnaruwa_NorthCentral,25.0,272.33725071471747,0.0,0.74,136.3577959792063
2026-10-03T21:15:00+05:30,Polonnaruwa_NorthCentral,24.9,273.044758704551,0.0,0.67,140.06894355723824
2026-10-03T21:30:00+05:30,Polonnaruwa_NorthCentral,24.9,273.8414287580319,0.0,0.64,143.77750453799166
2026-10-03T21:45:00+05:30,Polonnaruwa_NorthCentral,24.9,274.760091847221,0.0,0.57,147.48234826210015
2026-10-03T22:00:00+05:30,Polonnaruwa_NorthCentral,24.9,275.84995173867725,0.0,0.49,151.1818019299685
2026-10-03T22:15:00+05:30,Polonnaruwa_NorthCentral,24.9,277.18849405377705,0.0,0.46,154.87325131824366
2026-10-03T22:30:00+05:30,Polonnaruwa_NorthCentral,24.9,278.9053720860545,0.0,0.39,158.5523326036136
2026-10-03T22:45:00+05:30,Polonnaruwa_NorthCentral,24.9,281.23488763539297,0.0,0.36,162.21113955481576
2026-10-03T23:00:00+05:30,Polonnaruwa_NorthCentral,24.9,284.6456348862381,0.0,0.29,165.8337213633376
2026-10-03T23:15:00+05:30,Polonnaruwa_NorthCentral,24.8,290.2137761918399,0.0,0.27,169.382692210306
2026-10-03T23:30:00+05:30,Polonnaruwa_NorthCentral,24.8,300.9241388536244,0.0,0.25,172.74889168908874
2026-10-03T23:45:00+05:30,Polonnaruwa_NorthCentral,24.8,326.59194684720626,0.0,0.25,175.5011333884715
2026-10-04T00:00:00+05:30,Polonnaruwa_NorthCentral,24.8,18.63033007239153,0.0,0.25,176.0361775974776
2026-10-04T00:15:00+05:30,Polonnaruwa_NorthCentral,24.7,53.34294782141052,0.0,0.3,173.75544339107125
2026-10-04T00:30:00+05:30,Polonnaruwa_NorthCentral,24.7,67.24279318446298,0.0,0.3,170.50863934951428
2026-10-04T00:45:00+05:30,Polonnaruwa_NorthCentral,24.6,73.98679936256752,0.0,0.3,167.0006462345591
2026-10-04T01:00:00+05:30,Polonnaruwa_NorthCentral,24.6,77.93249368614806,0.0,0.36,163.3963286519737
2026-10-04T01:15:00+05:30,Polonnaruwa_NorthCentral,24.5,80.54556937871706,0.0,0.36,159.74719238431226
2026-10-04T01:30:00+05:30,Polonnaruwa_NorthCentral,24.5,82.42970778490326,0.0,0.41,156.07388841921752
2026-10-04T01:45:00+05:30,Polonnaruwa_NorthCentral,24.4,83.87485766353302,0.0,0.46,152.38622176807246
2026-10-04T02:00:00+05:30,Polonnaruwa_NorthCentral,24.4,85.03675435032164,0.0,0.47,148.68943690092118
2026-10-04T02:15:00+05:30,Polonnaruwa_NorthCentral,24.4,86.00636367333533,0.0,0.52,144.98660060663187
2026-10-04T02:30:00+05:30,Polonnaruwa_NorthCentral,24.3,86.84040588865093,0.0,0.52,141.27963745876104
2026-10-04T02:45:00+05:30,Polonnaruwa_NorthCentral,24.3,87.57616390962892,0.0,0.52,137.56982737754743
2026-10-04T03:00:00+05:30,Polonnaruwa_NorthCentral,24.2,88.23925004316584,0.0,0.52,133.85806658243547
2026-10-04T03:15:00+05:30,Polonnaruwa_NorthCentral,24.1,88.84794594547503,0.0,0.47,130.14501343154006
2026-10-04T03:30:00+05:30,Polonnaruwa_NorthCentral,24.1,89.41575898564798,0.0,0.47,126.4311731736855
2026-10-04T03:45:00+05:30,Polonnaruwa_NorthCentral,24.0,89.95299684213546,0.0,0.47,122.71695158414802
2026-10-04T04:00:00+05:30,Polonnaruwa_NorthCentral,24.0,90.46777661976125,0.0,0.47,119.00268994407705
2026-10-04T04:15:00+05:30,Polonnaruwa_NorthCentral,23.9,90.96669561969657,0.0,0.43,115.28868747812425
2026-10-04T04:30:00+05:30,Polonnaruwa_NorthCentral,23.9,91.45529280234183,0.0,0.43,111.57521859804459
2026-10-04T04:45:00+05:30,Polonnaruwa_NorthCentral,23.9,91.93837805325859,0.0,0.43,107.86254606369968
2026-10-04T05:00:00+05:30,Polonnaruwa_NorthCentral,23.9,92.42027685457072,0.0,0.38,104.1509302250543
2026-10-04T05:15:00+05:30,Polonnaruwa_NorthCentral,23.9,92.90502039896307,0.0,0.38,100.44063843149958
2026-10-04T05:30:00+05:30,Polonnaruwa_NorthCentral,24.0,93.39650176169602,0.0,0.38,96.73195391803993
2026-10-04T05:45:00+05:30,Polonnaruwa_NorthCentral,24.2,93.89861283151401,0.0,0.4,93.02518332166345
2026-10-04T06:00:00+05:30,Polonnaruwa_NorthCentral,24.4,94.41537273929907,1.0,0.4,89.32066640146441
2026-10-04T06:15:00+05:30,Polonnaruwa_NorthCentral,24.6,94.95105739497944,22.0,0.43,85.61878707393247
2026-10-04T06:30:00+05:30,Polonnaruwa_NorthCentral,24.8,95.51033932719997,60.0,0.46,81.91998497402066
2026-10-04T06:45:00+05:30,Polonnaruwa_NorthCentral,25.1,96.09844702691123,109.0,0.49,78.22477138265862
2026-10-04T07:00:00+05:30,Polonnaruwa_NorthCentral,25.4,96.72135535433415,166.0,0.53,74.53374917423379
2026-10-04T07:15:00+05:30,Polonnaruwa_NorthCentral,25.7,97.38602178344729,223.0,0.57,70.8476368459799
2026-10-04T07:30:00+05:30,Polonnaruwa_NorthCentral,26.0,98.1006875270823,278.0,0.61,67.1673017834266
2026-10-04T07:45:00+05:30,Polonnaruwa_NorthCentral,26.3,98.8752709591833,332.0,0.65,63.493804394541726
2026-10-04T08:00:00+05:30,Polonnaruwa_NorthCentral,26.7,99.72189271276596,387.0,0.68,59.828456212240255
2026-10-04T08:15:00+05:30,Polonnaruwa_NorthCentral,27.0,100.65558919537551,447.0,0.68,56.17290176883669
2026-10-04T08:30:00+05:30,Polonnaruwa_NorthCentral,27.3,101.6953005934281,512.0,0.71,52.52923317745353
2026-10-04T08:45:00+05:30,Polonnaruwa_NorthCentral,27.7,102.86526497471903,578.0,0.74,48.90015222771786
2026-10-04T09:00:00+05:30,Polonnaruwa_NorthCentral,28.1,104.19702199393089,641.0,0.71,45.289208874150404
2026-10-04T09:15:00+05:30,Polonnaruwa_NorthCentral,28.5,105.73235036547715,695.0,0.74,41.701157055177276
2026-10-04T09:30:00+05:30,Polonnaruwa_NorthCentral,28.9,107.52766208307969,739.0,0.75,38.142497606036734
2026-10-04T09:45:00+05:30,Polonnaruwa_NorthCentral,29.3,109.66070484754061,775.0,0.76,34.62233395412533
2026-10-04T10:00:00+05:30,Polonnaruwa_NorthCentral,29.8,112.24096718265253,805.0,0.83,31.15375652404549
2026-10-04T10:15:00+05:30,Polonnaruwa_NorthCentral,30.2,115.42601812541989,831.0,0.84,27.75614844173232
2026-10-04T10:30:00+05:30,Polonnaruwa_NorthCentral,30.6,119.44705595874387,849.0,0.87,24.45913840073338
2026-10-04T10:45:00+05:30,Polonnaruwa_NorthCentral,30.9,124.64712362058657,863.0,0.91,21.30950642937465
2026-10-04T11:00:00+05:30,Polonnaruwa_NorthCentral,31.2,131.52945268626974,874.0,0.95,18.38319393595971
2026-10-04T11:15:00+05:30,Polonnaruwa_NorthCentral,31.5,140.78121171127253,886.0,0.95,15.80476733282164
2026-10-04T11:30:00+05:30,Polonnaruwa_NorthCentral,31.7,153.1295559639292,904.0,1.01,13.7710688258707
2026-10-04T11:45:00+05:30,Polonnaruwa_NorthCentral,31.9,168.71803447446143,918.0,1.04,12.549792207136349
2026-10-04T12:00:00+05:30,Polonnaruwa_NorthCentral,32.0,186.08990071476006,922.0,1.14,12.383688891654842
2026-10-04T12:15:00+05:30,Polonnaruwa_NorthCentral,32.0,202.4456715783865,908.0,1.21,13.312315330599333
2026-10-04T12:30:00+05:30,Polonnaruwa_NorthCentral,32.1,215.79086948105166,879.0,1.29,15.135488880065807
2026-10-04T12:45:00+05:30,Polonnaruwa_NorthCentral,32.1,225.89067304652897,839.0,1.42,17.577006270399608
2026-10-04T13:00:00+05:30,Polonnaruwa_NorthCentral,32.0,233.3942924814947,792.0,1.56,20.416204803367634
2026-10-04T13:15:00+05:30,Polonnaruwa_NorthCentral,31.9,239.03024644208233,744.0,1.68,23.509421639749448
2026-10-04T13:30:00+05:30,Polonnaruwa_NorthCentral,31.8,243.3569719482223,693.0,1.8,26.768721454578547
2026-10-04T13:45:00+05:30,Polonnaruwa_NorthCentral,31.7,246.7597675237118,639.0,1.93,30.140249007528524
2026-10-04T14:00:00+05:30,Polonnaruwa_NorthCentral,31.5,249.49830417882913,577.0,2.02,33.590202696987305
2026-10-04T14:15:00+05:30,Polonnaruwa_NorthCentral,31.3,251.7487447620428,506.0,2.1,37.09668216570676
2026-10-04T14:30:00+05:30,Polonnaruwa_NorthCentral,31.0,253.6327436527991,422.0,2.15,40.64503265281969
2026-10-04T14:45:00+05:30,Polonnaruwa_NorthCentral,30.6,255.23612502686134,339.0,2.15,44.225148247497984
2026-10-04T15:00:00+05:30,Polonnaruwa_NorthCentral,30.1,256.62076468457917,269.0,2.15,47.82986667421638
2026-10-04T15:15:00+05:30,Polonnaruwa_NorthCentral,29.6,257.8322108241971,220.0,2.13,51.453985768714745
2026-10-04T15:30:00+05:30,Polonnaruwa_NorthCentral,29.0,258.9046525662134,188.0,2.04,55.09364446994286
2026-10-04T15:45:00+05:30,Polonnaruwa_NorthCentral,28.4,259.86422163912295,164.0,1.96,58.74592042734815
2026-10-04T16:00:00+05:30,Polonnaruwa_NorthCentral,27.7,260.73123108821807,143.0,1.86,62.408562242070175
2026-10-04T16:15:00+05:30,Polonnaruwa_NorthCentral,27.0,261.52172372980993,120.0,1.74,66.07980851970316
2026-10-04T16:30:00+05:30,Polonnaruwa_NorthCentral,26.4,262.24856323204466,99.0,1.67,69.75826087710621
2026-10-04T16:45:00+05:30,Polonnaruwa_NorthCentral,25.9,262.92221748349067,80.0,1.59,73.44279373307153
2026-10-04T17:00:00+05:30,Polonnaruwa_NorthCentral,25.3,263.55133155652356,61.0,1.52,77.1324905130055
2026-10-04T17:15:00+05:30,Polonnaruwa_NorthCentral,24.9,264.1431540980921,42.0,1.45,80.82659557609107
2026-10-04T17:30:00+05:30,Polonnaruwa_NorthCentral,24.5,264.7038610706564,24.0,1.38,84.52447820069155
2026-10-04T17:45:00+05:30,Polonnaruwa_NorthCentral,24.2,265.23880716910423,10.0,1.31,88.22560663421052
2026-10-04T18:00:00+05:30,Polonnaruwa_NorthCentral,24.0,265.75272580023693,1.0,1.24,91.92952682305881
2026-10-04T18:15:00+05:30,Polonnaruwa_NorthCentral,23.9,266.24989351852116,0.0,1.24,95.63584560066292
2026-10-04T18:30:00+05:30,Polonnaruwa_NorthCentral,23.8,266.73427105631856,0.0,1.17,99.34421860228298
2026-10-04T18:45:00+05:30,Polonnaruwa_NorthCentral,23.8,267.20963028727044,0.0,1.11,103.05433899864451
2026-10-04T19:00:00+05:30,Polonnaruwa_NorthCentral,23.8,267.6796760321649,0.0,1.1,106.76592782886817
2026-10-04T19:15:00+05:30,Polonnaruwa_NorthCentral,23.8,268.1481715411566,0.0,1.12,110.47872683204676
2026-10-04T19:30:00+05:30,Polonnaruwa_NorthCentral,23.8,268.61907699664215,0.0,1.08,114.19249025412304
2026-10-04T19:45:00+05:30,Polonnaruwa_NorthCentral,23.8,269.09671341816437,0.0,1.04,117.90697657267822
2026-10-04T20:00:00+05:30,Polonnaruwa_NorthCentral,23.9,269.5859688337412,0.0,1.03,121.62194099830786
2026-10-04T20:15:00+05:30,Polonnaruwa_NorthCentral,23.9,270.09257070738283,0.0,0.97,125.33712492935278
2026-10-04T20:30:00+05:30,Polonnaruwa_NorthCentral,23.9,270.6234622328017,0.0,0.91,129.0522426644311
2026-10-04T20:45:00+05:30,Polonnaruwa_NorthCentral,23.9,271.18734267108204,0.0,0.81,132.76696501037165
2026-10-04T21:00:00+05:30,Polonnaruwa_NorthCentral,23.9,271.7954712081634,0.0,0.67,136.48089377700103
2026-10-04T21:15:00+05:30,Polonnaruwa_NorthCentral,23.9,272.4629076344725,0.0,0.54,140.19352344603078
2026-10-04T21:30:00+05:30,Polonnaruwa_NorthCentral,23.9,273.2105036079421,0.0,0.43,143.90418210382717
2026-10-04T21:45:00+05:30,Polonnaruwa_NorthCentral,23.9,274.0682404412869,0.0,0.34,147.61193074040125
2026-10-04T22:00:00+05:30,Polonnaruwa_NorthCentral,23.9,275.0811158187027,0.0,0.4,151.3153862053189
2026-10-04T22:15:00+05:30,Polonnaruwa_NorthCentral,24.0,276.32017637400133,0.0,0.56,155.01239073081206
2026-10-04T22:30:00+05:30,Polonnaruwa_NorthCentral,24.0,277.9047947681402,0.0,0.68,158.69933911046496
2026-10-04T22:45:00+05:30,Polonnaruwa_NorthCentral,24.0,280.0521000485279,0.0,0.81,162.36967459045002
2026-10-04T23:00:00+05:30,Polonnaruwa_NorthCentral,24.0,283.20098896573404,0.0,0.96,166.01006569707093
2026-10-04T23:15:00+05:30,Polonnaruwa_NorthCentral,24.0,288.3789619547614,0.0,1.06,169.58879344691587
2026-10-04T23:30:00+05:30,Polonnaruwa_NorthCentral,24.0,298.5541260250479,0.0,1.1,173.01021040085453
2026-10-04T23:45:00+05:30,Polonnaruwa_NorthCentral,24.0,324.55841896460197,0.0,1.1,175.86327334598866
2026-10-05T00:00:00+05:30,Polonnaruwa_NorthCentral,24.0,21.713265787660816,0.0,1.03,176.3722890291166
2026-10-05T00:15:00+05:30,Polonnaruwa_NorthCentral,24.0,56.680404360961916,0.0,0.99,173.91722839741158
2026-10-05T00:30:00+05:30,Polonnaruwa_NorthCentral,24.0,69.59000386210658,0.0,0.88,170.5856395393264
2026-10-05T00:45:00+05:30,Polonnaruwa_NorthCentral,24.0,75.72932371463259,0.0,0.78,167.0366945849189
2026-10-05T01:00:00+05:30,Polonnaruwa_NorthCentral,24.0,79.30782434546785,0.0,0.68,163.4094385487595
2026-10-05T01:15:00+05:30,Polonnaruwa_NorthCentral,24.0,81.68099270902155,0.0,0.56,159.74605469369772
2026-10-05T01:30:00+05:30,Polonnaruwa_NorthCentral,24.0,83.39828821495973,0.0,0.47,156.06328773240642
2026-10-05T01:45:00+05:30,Polonnaruwa_NorthCentral,24.0,84.72174682156395,0.0,0.4,152.36905944605803
2026-10-05T02:00:00+05:30,Polonnaruwa_NorthCentral,24.0,85.79162057245816,0.0,0.36,148.6676046332706
2026-10-05T02:15:00+05:30,Polonnaruwa_NorthCentral,24.0,86.68969327175733,0.0,0.4,144.96140364309335
2026-10-05T02:30:00+05:30,Polonnaruwa_NorthCentral,24.0,87.46692971540796,0.0,0.39,141.2520188893964
2026-10-05T02:45:00+05:30,Polonnaruwa_NorthCentral,23.9,88.15683746142105,0.0,0.42,137.5404957371255
2026-10-05T03:00:00+05:30,Polonnaruwa_NorthCentral,23.9,88.78245811870676,0.0,0.42,133.82757276519308
2026-10-05T03:15:00+05:30,Polonnaruwa_NorthCentral,23.9,89.36026820715313,0.0,0.42,130.11379934452117
2026-10-05T03:30:00+05:30,Polonnaruwa_NorthCentral,23.8,89.90247500482747,0.0,0.42,126.39960381835951
2026-10-05T03:45:00+05:30,Polonnaruwa_NorthCentral,23.8,90.41843032754105,0.0,0.42,122.6853370111645
2026-10-05T04:00:00+05:30,Polonnaruwa_NorthCentral,23.7,90.91553693556426,0.0,0.42,118.97130080974479
2026-10-05T04:15:00+05:30,Polonnaruwa_NorthCentral,23.7,91.3998517787852,0.0,0.46,115.25776644597795
2026-10-05T04:30:00+05:30,Polonnaruwa_NorthCentral,23.7,91.876501990159,0.0,0.43,111.54498899602572
2026-10-05T04:45:00+05:30,Polonnaruwa_NorthCentral,23.7,92.3499829216671,0.0,0.4,107.83321871462181
2026-10-05T05:00:00+05:30,Polonnaruwa_NorthCentral,23.7,92.824381051307,0.0,0.45,104.12270906488067
2026-10-05T05:15:00+05:30,Polonnaruwa_NorthCentral,23.8,93.3035488138529,0.0,0.41,100.41372535367742
2026-10-05T05:30:00+05:30,Polonnaruwa_NorthCentral,23.9,93.79125005060524,0.0,0.4,96.70655316764673
2026-10-05T05:45:00+05:30,Polonnaruwa_NorthCentral,24.0,94.29128954033132,0.0,0.4,93.00150569721627
2026-10-05T06:00:00+05:30,Polonnaruwa_NorthCentral,24.2,94.80763655228338,1.0,0.43,89.29893348840277
2026-10-05T06:15:00+05:30,Polonnaruwa_NorthCentral,24.4,95.34455152032405,21.0,0.51,85.59923571536044
2026-10-05T06:30:00+05:30,Polonnaruwa_NorthCentral,24.7,95.90672473288049,57.0,0.6,81.90287219939111
2026-10-05T06:45:00+05:30,Polonnaruwa_NorthCentral,24.9,96.49943609723391,105.0,0.71,78.21038004071893
2026-10-05T07:00:00+05:30,Polonnaruwa_NorthCentral,25.2,97.12874752450028,160.0,0.86,74.52239455957726
2026-10-05T07:15:00+05:30,Polonnaruwa_NorthCentral,25.5,97.8017428199604,216.0,1.01,70.83967469303406
2026-10-05T07:30:00+05:30,Polonnaruwa_NorthCentral,25.8,98.52683434740186,271.0,1.14,67.16313811039014
2026-10-05T07:45:00+05:30,Polonnaruwa_NorthCentral,26.1,99.31416424190053,323.0,1.23,63.49390784578061
2026-10-05T08:00:00+05:30,Polonnaruwa_NorthCentral,26.4,100.17614005100279,376.0,1.32,59.83337379340498
2026-10-05T08:15:00+05:30,Polonnaruwa_NorthCentral,26.8,101.12816216792396,433.0,1.37,56.18327920780742
2026-10-05T08:30:00+05:30,Polonnaruwa_NorthCentral,27.1,102.18962982766925,492.0,1.37,52.54584167801757
2026-10-05T08:45:00+05:30,Polonnaruwa_NorthCentral,27.5,103.38535786209212,551.0,1.3,48.92392413638635
2026-10-05T09:00:00+05:30,Polonnaruwa_NorthCentral,27.9,104.74760757806791,608.0,1.21,45.32128592826847
2026-10-05T09:15:00+05:30,Polonnaruwa_NorthCentral,28.3,106.31905362038094,660.0,1.1,41.74295657827305
2026-10-05T09:30:00+05:30,Polonnaruwa_NorthCentral,28.7,108.15720155919291,705.0,0.94,38.19580451200374
2026-10-05T09:45:00+05:30,Polonnaruwa_NorthCentral,29.2,110.34108394155112,744.0,0.78,34.68942989097229
2026-10-05T10:00:00+05:30,Polonnaruwa_NorthCentral,29.6,112.98156613652714,779.0,0.58,31.23760170436332
2026-10-05T10:15:00+05:30,Polonnaruwa_NorthCentral,30.0,116.23733037700543,813.0,0.39,27.860634451498818
2026-10-05T10:30:00+05:30,Polonnaruwa_NorthCentral,30.4,120.33939624131159,849.0,0.22,24.589422276091923
2026-10-05T10:45:00+05:30,Polonnaruwa_NorthCentral,30.8,125.62661160760598,879.0,0.18,21.472384675454606
2026-10-05T11:00:00+05:30,Polonnaruwa_NorthCentral,31.2,132.58731861301396,894.0,0.32,18.587277098547375
2026-10-05T11:15:00+05:30,Polonnaruwa_NorthCentral,31.5,141.86919929606302,884.0,0.41,16.05961486402633
2026-10-05T11:30:00+05:30,Polonnaruwa_NorthCentral,31.7,154.11882768586634,843.0,0.45,14.083217351195714
2026-10-05T11:45:00+05:30,Polonnaruwa_NorthCentral,31.7,169.38585556868884,787.0,0.3,12.91373725785408
2026-10-05T12:00:00+05:30,Polonnaruwa_NorthCentral,31.6,186.24733966330763,735.0,0.05,12.774748971390352
2026-10-05T12:15:00+05:30,Polonnaruwa_NorthCentral,31.5,202.12502244362145,703.0,0.25,13.697656211155206
2026-10-05T12:30:00+05:30,Polonnaruwa_NorthCentral,31.3,215.18423654485457,687.0,0.45,15.493840392583053
2026-10-05T12:45:00+05:30,Polonnaruwa_NorthCentral,31.1,225.16984098236915,678.0,0.5,17.902337096030976
2026-10-05T13:00:00+05:30,Polonnaruwa_NorthCentral,30.9,232.65515632649434,667.0,0.57,20.710597736500446
2026-10-05T13:15:00+05:30,Polonnaruwa_NorthCentral,30.6,238.31510299709083,649.0,0.54,23.777379175371465
2026-10-05T13:30:00+05:30,Polonnaruwa_NorthCentral,30.3,242.6808891089132,627.0,0.58,27.01476034633278
2026-10-05T13:45:00+05:30,Polonnaruwa_NorthCentral,30.0,246.12566474798513,603.0,0.64,30.36820793166858
2026-10-05T14:00:00+05:30,Polonnaruwa_NorthCentral,29.7,248.90412311995124,577.0,0.71,33.80317323025189
2026-10-05T14:15:00+05:30,Polonnaruwa_NorthCentral,29.3,251.1906440741294,549.0,0.81,37.29711607932229
2026-10-05T14:30:00+05:30,Polonnaruwa_NorthCentral,29.0,253.1064721597848,519.0,0.85,40.8348746941768
2026-10-05T14:45:00+05:30,Polonnaruwa_NorthCentral,28.6,254.73758235839972,487.0,0.88,44.40595169476418
2026-10-05T15:00:00+05:30,Polonnaruwa_NorthCentral,28.2,256.1462030279875,454.0,0.99,48.002884293912345
2026-10-05T15:15:00+05:30,Polonnaruwa_NorthCentral,27.8,257.3782806636974,419.0,1.03,51.62023892187181
2026-10-05T15:30:00+05:30,Polonnaruwa_NorthCentral,27.5,258.4683834558009,383.0,1.07,55.25397506990117
2026-10-05T15:45:00+05:30,Polonnaruwa_NorthCentral,27.1,259.44297881461614,346.0,1.11,58.90103003794378
2026-10-05T16:00:00+05:30,Polonnaruwa_NorthCentral,26.8,260.3226659188465,306.0,1.19,62.559041690018276
2026-10-05T16:15:00+05:30,Polonnaruwa_NorthCentral,26.5,261.1237255496736,265.0,1.26,66.22616052756163
2026-10-05T16:30:00+05:30,Polonnaruwa_NorthCentral,26.2,261.8592152814113,225.0,1.3,69.90091754966157
2026-10-05T16:45:00+05:30,Polonnaruwa_NorthCentral,25.9,262.5397575259149,183.0,1.35,73.58213023237865
2026-10-05T17:00:00+05:30,Polonnaruwa_NorthCentral,25.7,263.1741167874271,141.0,1.37,77.26883588917839
2026-10-05T17:15:00+05:30,Polonnaruwa_NorthCentral,25.5,263.7696295671929,98.0,1.42,80.9602414690773
2026-10-05T17:30:00+05:30,Polonnaruwa_NorthCentral,25.3,264.3325307076628,57.0,1.42,84.65568594432479
2026-10-05T17:45:00+05:30,Polonnaruwa_NorthCentral,25.1,264.8682064583455,23.0,1.42,88.35461316056707
2026-10-05T18:00:00+05:30,Polonnaruwa_NorthCentral,25.0,265.38139512450886,2.0,1.42,92.05654968346548
2026-10-05T18:15:00+05:30,Polonnaruwa_NorthCentral,24.9,265.87635114750447,0.0,1.37,95.76108734869261
2026-10-05T18:30:00+05:30,Polonnaruwa_NorthCentral,24.8,266.3569846567519,0.0,1.37,99.46787074250285
2026-10-05T18:45:00+05:30,Polonnaruwa_NorthCentral,24.8,266.8269856613643,0.0,1.33,103.17658568879244
2026-10-05T19:00:00+05:30,Polonnaruwa_NorthCentral,24.7,267.28994151276936,0.0,1.33,106.88694950690734
2026-10-05T19:15:00+05:30,Polonnaruwa_NorthCentral,24.7,267.7494560399466,0.0,1.29,110.59870394867222
2026-10-05T19:30:00+05:30,Polonnaruwa_NorthCentral,24.6,268.20927905792996,0.0,1.25,114.31160731724482
2026-10-05T19:45:00+05:30,Polonnaruwa_NorthCentral,24.6,268.6734576543881,0.0,1.21,118.02542675418671
2026-10-05T20:00:00+05:30,Polonnaruwa_NorthCentral,24.6,269.14652463383493,0.0,1.17,121.73993164106452
2026-10-05T20:15:00+05:30,Polonnaruwa_NorthCentral,24.6,269.63374584161795,0.0,1.13,125.45488441802632
2026-10-05T20:30:00+05:30,Polonnaruwa_NorthCentral,24.6,270.14146040855803,0.0,1.1,129.17002933662653
2026-10-05T20:45:00+05:30,Polonnaruwa_NorthCentral,24.6,270.6775683579272,0.0,1.06,132.88507914117974
2026-10-05T21:00:00+05:30,Polonnaruwa_NorthCentral,24.6,271.25225561684687,0.0,1.03,136.59969425223238
2026-10-05T21:15:00+05:30,Polonnaruwa_NorthCentral,24.6,271.8791136460211,0.0,0.99,140.31345176305572
2026-10-05T21:30:00+05:30,Polonnaruwa_NorthCentral,24.6,272.57693904843654,0.0,0.96,144.02579818061537
2026-10-05T21:45:00+05:30,Polonnaruwa_NorthCentral,24.6,273.37275698693827,0.0,0.93,147.7359684876278
2026-10-05T22:00:00+05:30,Polonnaruwa_NorthCentral,24.7,274.3071706276778,0.0,0.9,151.44284375496713
2026-10-05T22:15:00+05:30,Polonnaruwa_NorthCentral,24.7,275.4444312833985,0.0,0.83,155.14468495924262
2026-10-05T22:30:00+05:30,Polonnaruwa_NorthCentral,24.7,276.8928988860792,0.0,0.81,158.83858801007898
2026-10-05T22:45:00+05:30,Polonnaruwa_NorthCentral,24.7,278.8508574157705,0.0,0.78,162.51925676430824
2026-10-05T23:00:00+05:30,Polonnaruwa_NorthCentral,24.7,281.72312006954877,0.0,0.76,166.1758488880361
2026-10-05T23:15:00+05:30,Polonnaruwa_NorthCentral,24.7,286.4747786810408,0.0,0.76,169.78220283339908
2026-10-05T23:30:00+05:30,Polonnaruwa_NorthCentral,24.6,296.0060636878334,0.0,0.74,173.25691613894435
2026-10-05T23:45:00+05:30,Polonnaruwa_NorthCentral,24.6,322.1275205957768,0.0,0.74,176.21752445020837
2026-10-06T00:00:00+05:30,Polonnaruwa_NorthCentral,24.5,25.37909165697556,0.0,0.74,176.69572028592137
2026-10-06T00:15:00+05:30,Polonnaruwa_NorthCentral,24.5,60.17157261596219,0.0,0.74,174.05843622195084
2026-10-06T00:30:00+05:30,Polonnaruwa_NorthCentral,24.4,71.9631347946451,0.0,0.74,170.64815818959977
2026-10-06T00:45:00+05:30,Polonnaruwa_NorthCentral,24.4,77.47422203542573,0.0,0.74,167.06249145601362
2026-10-06T01:00:00+05:30,Polonnaruwa_NorthCentral,24.3,80.68036000144718,0.0,0.74,163.41495471764756
2026-10-06T01:15:00+05:30,Polonnaruwa_NorthCentral,24.2,82.81257896005019,0.0,0.76,159.73909830434718
2026-10-06T01:30:00+05:30,Polonnaruwa_NorthCentral,24.1,84.36306511761575,0.0,0.76,156.04813044342256
2026-10-06T01:45:00+05:30,Polonnaruwa_NorthCentral,24.0,85.56514373843652,0.0,0.76,152.34828497458057
2026-10-06T02:00:00+05:30,Polonnaruwa_NorthCentral,23.9,86.54335025787725,0.0,0.78,148.64289645675063
2026-10-06T02:15:00+05:30,Polonnaruwa_NorthCentral,23.9,87.37021713281882,0.0,0.81,144.93392402308473
2026-10-06T02:30:00+05:30,Polonnaruwa_NorthCentral,23.8,88.09093634093443,0.0,0.81,141.22260895268022
2026-10-06T02:45:00+05:30,Polonnaruwa_NorthCentral,23.7,88.73523959514341,0.0,0.81,137.50978906200777
2026-10-06T03:00:00+05:30,Polonnaruwa_NorthCentral,23.7,89.32360237903026,0.0,0.83,133.79606377071016
2026-10-06T03:15:00+05:30,Polonnaruwa_NorthCentral,23.6,89.87070162791576,0.0,0.83,130.08188653604648
2026-10-06T03:30:00+05:30,Polonnaruwa_NorthCentral,23.6,90.38744969452972,0.0,0.83,126.36761831757251
2026-10-06T03:45:00+05:30,Polonnaruwa_NorthCentral,23.6,90.8822469307546,0.0,0.83,122.6535621062899
2026-10-06T04:00:00+05:30,Polonnaruwa_NorthCentral,23.6,91.36178535493082,0.0,0.83,118.93998583801685
2026-10-06T04:15:00+05:30,Polonnaruwa_NorthCentral,23.6,91.83158445470133,0.0,0.83,115.22713701339276
2026-10-06T04:30:00+05:30,Polonnaruwa_NorthCentral,23.6,92.29636181844597,0.0,0.83,111.51525478077053
2026-10-06T04:45:00+05:30,Polonnaruwa_NorthCentral,23.7,92.76030003996692,0.0,0.83,107.80457967222716
2026-10-06T05:00:00+05:30,Polonnaruwa_NorthCentral,23.7,93.22724794082387,0.0,0.81,104.09536058812718
2026-10-06T05:15:00+05:30,Polonnaruwa_NorthCentral,23.8,93.70088017750913,0.0,0.78,100.38786277879407
2026-10-06T05:30:00+05:30,Polonnaruwa_NorthCentral,24.0,94.1848320084801,0.0,0.76,96.68237592365148
2026-10-06T05:45:00+05:30,Polonnaruwa_NorthCentral,24.2,94.68282144621583,0.0,0.74,92.97922133236159
2026-10-06T06:00:00+05:30,Polonnaruwa_NorthCentral,24.4,95.1987679367798,1.0,0.72,89.27876178411552
2026-10-06T06:15:00+05:30,Polonnaruwa_NorthCentral,24.6,95.73691615191063,24.0,0.65,85.5814130904323
2026-10-06T06:30:00+05:30,Polonnaruwa_NorthCentral,24.9,96.30197348676984,67.0,0.65,81.8876566133354
2026-10-06T06:45:00+05:30,Polonnaruwa_NorthCentral,25.2,96.89927017172681,121.0,0.67,78.19805663938683
2026-10-06T07:00:00+05:30,Polonnaruwa_NorthCentral,25.6,97.5349535201239,183.0,0.67,74.51328235545738
2026-10-06T07:15:00+05:30,Polonnaruwa_NorthCentral,25.9,98.21623129071253,245.0,0.72,70.83413465232763
2026-10-06T07:30:00+05:30,Polonnaruwa_NorthCentral,26.3,98.95168363058275,305.0,0.78,67.16158313451038
2026-10-06T07:45:00+05:30,Polonnaruwa_NorthCentral,26.7,99.75167168806502,361.0,0.89,63.49681529554899
2026-10-06T08:00:00+05:30,Polonnaruwa_NorthCentral,27.2,100.62888320551303,415.0,0.99,59.84130145318199
2026-10-06T08:15:00+05:30,Polonnaruwa_NorthCentral,27.6,101.59907295837462,469.0,1.16,56.196885932679024
2026-10-06T08:30:00+05:30,Polonnaruwa_NorthCentral,28.0,102.68208532092609,521.0,1.28,52.56591447200777
2026-10-06T08:45:00+05:30,Polonnaruwa_NorthCentral,28.4,103.90329140426252,569.0,1.41,48.951414168768125
2026-10-06T09:00:00+05:30,Polonnaruwa_NorthCentral,28.9,105.2956434169069,614.0,1.55,45.357357092146465
2026-10-06T09:15:00+05:30,Polonnaruwa_NorthCentral,29.2,106.90266479277267,657.0,1.69,41.78905181364718
2026-10-06T09:30:00+05:30,Polonnaruwa_NorthCentral,29.6,108.78288078635092,696.0,1.78,38.25373743091979
2026-10-06T09:45:00+05:30,Polonnaruwa_NorthCentral,30.0,111.01649038560208,731.0,1.88,34.76151230597777
2026-10-06T10:00:00+05:30,Polonnaruwa_NorthCentral,30.3,113.71554238354167,763.0,2.02,31.326821000790368
2026-10-06T10:15:00+05:30,Polonnaruwa_NorthCentral,30.7,117.03951285130739,791.0,2.07,27.970895562868172
2026-10-06T10:30:00+05:30,Polonnaruwa_NorthCentral,30.9,121.21872147666261,816.0,2.17,24.725856871162463
2026-10-06T10:45:00+05:30,Polonnaruwa_NorthCentral,31.2,126.58702918085788,837.0,2.22,21.641670706730494
2026-10-06T11:00:00+05:30,Polonnaruwa_NorthCentral,31.3,133.61697719914525,853.0,2.27,18.797704421058754
2026-10-06T11:15:00+05:30,Polonnaruwa_NorthCentral,31.5,142.9169318658822,862.0,2.32,16.32005161723245
2026-10-06T11:30:00+05:30,Polonnaruwa_NorthCentral,31.6,155.05804357003672,863.0,2.33,14.399084662730289
2026-10-06T11:45:00+05:30,Polonnaruwa_NorthCentral,31.6,170.0096379888048,859.0,2.33,13.278655312106338
2026-10-06T12:00:00+05:30,Polonnaruwa_NorthCentral,31.6,186.38864750167062,853.0,2.29,13.164777443265237
2026-10-06T12:15:00+05:30,Polonnaruwa_NorthCentral,31.6,201.81656366958833,846.0,2.26,14.081889511689454
2026-10-06T12:30:00+05:30,Polonnaruwa_NorthCentral,31.5,214.60125712125458,838.0,2.17,15.852039867742874
2026-10-06T12:45:00+05:30,Polonnaruwa_NorthCentral,31.4,224.4722174336421,828.0,2.09,18.22837292098002
2026-10-06T13:00:00+05:30,Polonnaruwa_NorthCentral,31.2,231.93505796606348,815.0,2.02,21.00614630487955
2026-10-06T13:15:00+05:30,Polonnaruwa_NorthCentral,31.0,237.6147558166875,797.0,1.9,24.046623928086618
2026-10-06T13:30:00+05:30,Polonnaruwa_NorthCentral,30.8,242.01621041304367,775.0,1.81,27.262031153765086
2026-10-06T13:45:00+05:30,Polonnaruwa_NorthCentral,30.6,245.50043279034483,750.0,1.73,30.597247491696805
2026-10-06T14:00:00+05:30,Polonnaruwa_NorthCentral,30.4,248.3169497086662,721.0,1.67,34.017029140634016
2026-10-06T14:15:00+05:30,Polonnaruwa_NorthCentral,30.1,250.63817389656114,690.0,1.56,37.49822382059168
2026-10-06T14:30:00+05:30,Polonnaruwa_NorthCentral,29.9,252.58479986435253,655.0,1.53,41.02517683006606
2026-10-06T14:45:00+05:30,Polonnaruwa_NorthCentral,29.6,254.24285402481362,617.0,1.53,44.58700612755409
2026-10-06T15:00:00+05:30,Polonnaruwa_NorthCentral,29.3,255.67484825613542,577.0,1.48,48.1759513554858
2026-10-06T15:15:00+05:30,Polonnaruwa_NorthCentral,29.1,256.92707937187333,534.0,1.52,51.78634845285844
2026-10-06T15:30:00+05:30,Polonnaruwa_NorthCentral,28.8,258.0344609759926,489.0,1.53,55.41397732951879
2026-10-06T15:45:00+05:30,Polonnaruwa_NorthCentral,28.5,259.02377223400504,442.0,1.61,59.05563428430415
2026-10-06T16:00:00+05:30,Polonnaruwa_NorthCentral,28.2,259.91588118392997,392.0,1.65,62.70884554628917
2026-10-06T16:15:00+05:30,Polonnaruwa_NorthCentral,28.0,260.727293895903,340.0,1.76,66.37167251645593
2026-10-06T16:30:00+05:30,Polonnaruwa_NorthCentral,27.7,261.4712523890595,289.0,1.82,70.04257455614605
2026-10-06T16:45:00+05:30,Polonnaruwa_NorthCentral,27.5,262.15852640786113,236.0,1.88,73.72031118654733
2026-10-06T17:00:00+05:30,Polonnaruwa_NorthCentral,27.3,262.79799431483343,181.0,1.9,77.40387261395983
2026-10-06T17:15:00+05:30,Polonnaruwa_NorthCentral,27.2,263.3970760487967,123.0,1.98,81.09242739992915
2026-10-06T17:30:00+05:30,Polonnaruwa_NorthCentral,27.0,263.9620617386808,69.0,1.99,84.78528323657146
2026-10-06T17:45:00+05:30,Polonnaruwa_NorthCentral,26.9,264.49836617175185,26.0,2.01,88.48185858901547
2026-10-06T18:00:00+05:30,Polonnaruwa_NorthCentral,26.8,265.01072991811685,2.0,2.01,92.18165963270107
2026-10-06T18:15:00+05:30,Polonnaruwa_NorthCentral,26.7,265.5033828978479,0.0,1.96,95.88426214481818
2026-10-06T18:30:00+05:30,Polonnaruwa_NorthCentral,26.6,265.9801823141629,0.0,1.96,99.58929852506331
2026-10-06T18:45:00+05:30,Polonnaruwa_NorthCentral,26.5,266.44473393498066,0.0,1.91,103.29644600094232
2026-10-06T19:00:00+05:30,Polonnaruwa_NorthCentral,26.5,266.90050506233473,0.0,1.9,107.00541677018235
2026-10-06T19:15:00+05:30,Polonnaruwa_NorthCentral,26.4,267.3509371407184,0.0,1.83,110.71595098948595
2026-10-06T19:30:00+05:30,Polonnaruwa_NorthCentral,26.3,267.79956603795915,0.0,1.77,114.42780913972858
2026-10-06T19:45:00+05:30,Polonnaruwa_NorthCentral,26.3,268.2501603915405,0.0,1.71,118.14076478849724
2026-10-06T20:00:00+05:30,Polonnaruwa_NorthCentral,26.2,268.70689185826643,0.0,1.65,121.8545987674791
2026-10-06T20:15:00+05:30,Polonnaruwa_NorthCentral,26.2,269.17455663177986,0.0,1.53,125.56909119185676
2026-10-06T20:30:00+05:30,Polonnaruwa_NorthCentral,26.1,269.65887854151833,0.0,1.47,129.28401202350472
2026-10-06T20:45:00+05:30,Polonnaruwa_NorthCentral,26.1,270.16694215737743,0.0,1.41,132.9991104903968
2026-10-06T21:00:00+05:30,Polonnaruwa_NorthCentral,26.0,270.70783598882144,0.0,1.35,136.7140984687114
2026-10-06T21:15:00+05:30,Polonnaruwa_NorthCentral,26.0,271.29364589193534,0.0,1.25,140.4286260624688
2026-10-06T21:30:00+05:30,Polonnaruwa_NorthCentral,26.0,271.94105357953566,0.0,1.2,144.14224499916614
2026-10-06T21:45:00+05:30,Polonnaruwa_NorthCentral,25.9,272.6740274705732,0.0,1.15,147.85434560093873
2026-10-06T22:00:00+05:30,Polonnaruwa_NorthCentral,25.9,273.5285974715989,0.0,1.05,151.5640459658399
2026-09-29T22:15:00+05:30,Matara_Southern,26.2,276.3098034645716,0.0,2.66,154.08490631881736
2026-09-29T22:30:00+05:30,Matara_Southern,26.2,277.70864723176794,0.0,2.71,157.7883251244029
2026-09-29T22:45:00+05:30,Matara_Southern,26.1,279.59855487292754,0.0,2.66,161.4774286545922
2026-09-29T23:00:00+05:30,Matara_Southern,26.1,282.3423547445558,0.0,2.62,165.14143823116916
2026-09-29T23:15:00+05:30,Matara_Southern,26.0,286.75928985455204,0.0,2.59,168.75568095527325
2026-09-29T23:30:00+05:30,Matara_Southern,26.0,295.1004721831825,0.0,2.56,172.2500910129315
2026-09-29T23:45:00+05:30,Matara_Southern,25.9,315.3719573636856,0.0,2.58,175.34627311825125
2026-09-30T00:00:00+05:30,Matara_Southern,25.9,8.230503445812985,0.0,2.65,176.6498536520457
2026-09-30T00:15:00+05:30,Matara_Southern,25.9,52.042150787495245,0.0,2.73,174.6371774572396
2026-09-30T00:30:00+05:30,Matara_Southern,25.8,67.76716796118143,0.0,2.8,171.382255332488
2026-09-30T00:45:00+05:30,Matara_Southern,25.8,74.7265303494728,0.0,2.82,167.8452073924087
2026-09-30T01:00:00+05:30,Matara_Southern,25.8,78.5933131613341,0.0,2.82,164.21462450643958
2026-09-30T01:15:00+05:30,Matara_Southern,25.7,81.06961132988198,0.0,2.8,160.54286915508277
2026-09-30T01:30:00+05:30,Matara_Southern,25.7,82.81118693230178,0.0,2.82,156.84960149485025
2026-09-30T01:45:00+05:30,Matara_Southern,25.6,84.12010588591113,0.0,2.8,153.1437777378499
2026-09-30T02:00:00+05:30,Matara_Southern,25.6,85.15404686198963,0.0,2.77,149.43005010071812
2026-09-30T02:15:00+05:30,Matara_Southern,25.5,86.00320442487066,0.0,2.75,145.71107702495507
2026-09-30T02:30:00+05:30,Matara_Southern,25.5,86.72290804798246,0.0,2.73,141.98849350095713
2026-09-30T02:45:00+05:30,Matara_Southern,25.4,87.34903845810567,0.0,2.68,138.2633656133105
2026-09-30T03:00:00+05:30,Matara_Southern,25.4,87.90595287295116,0.0,2.66,134.53642436433685
2026-09-30T03:15:00+05:30,Matara_Southern,25.4,88.41084331958075,0.0,2.69,130.80819424979336
2026-09-30T03:30:00+05:30,Matara_Southern,25.4,88.87627004963758,0.0,2.69,127.07906670682152
2026-09-30T03:45:00+05:30,Matara_Southern,25.4,89.3117042953237,0.0,2.73,123.34934606963353
2026-09-30T04:00:00+05:30,Matara_Southern,25.5,89.72450671101154,0.0,2.8,119.6192790814152
2026-09-30T04:15:00+05:30,Matara_Southern,25.5,90.12057108135542,0.0,2.94,115.88907320157786
2026-09-30T04:30:00+05:30,Matara_Southern,25.5,90.5047623434586,0.0,3.06,112.15891052870589
2026-09-30T04:45:00+05:30,Matara_Southern,25.5,90.88122513873105,0.0,3.14,108.42895808070952
2026-09-30T05:00:00+05:30,Matara_Southern,25.4,91.25360942867553,0.0,3.29,104.69937432246431
2026-09-30T05:15:00+05:30,Matara_Southern,25.4,91.62524227684304,0.0,3.38,100.97031584373676
2026-09-30T05:30:00+05:30,Matara_Southern,25.4,91.99926538648367,0.0,3.44,97.2419433096446
2026-09-30T05:45:00+05:30,Matara_Southern,25.4,92.37875205072265,0.0,3.46,93.51442565143613
2026-09-30T06:00:00+05:30,Matara_Southern,25.5,92.76681327589051,0.0,3.48,89.7879458940669
2026-09-30T06:15:00+05:30,Matara_Southern,25.6,93.16670142518115,17.0,3.51,86.06270748508811
2026-09-30T06:30:00+05:30,Matara_Southern,25.8,93.58191903847114,53.0,3.53,82.33894003619967
2026-09-30T06:45:00+05:30,Matara_Southern,26.1,94.0163402610898,94.0,3.53,78.61690794550952
2026-09-30T07:00:00+05:30,Matara_Southern,26.5,94.474353962507,141.0,3.57,74.8969210125741
2026-09-30T07:15:00+05:30,Matara_Southern,26.8,94.96104000611138,190.0,3.62,71.1793463729281
2026-09-30T07:30:00+05:30,Matara_Southern,27.1,95.48239345471927,239.0,3.7,67.46462589871182
2026-09-30T07:45:00+05:30,Matara_Southern,27.4,96.04561809532453,290.0,3.83,63.75329922238939
2026-09-30T08:00:00+05:30,Matara_Southern,27.5,96.65952034333299,342.0,4.06,60.04603333800081
2026-09-30T08:15:00+05:30,Matara_Southern,27.7,97.33504910086879,397.0,4.24,56.34366545141237
2026-09-30T08:30:00+05:30,Matara_Southern,27.9,98.08605210828597,457.0,4.41,52.647263290965334
2026-09-30T08:45:00+05:30,Matara_Southern,28.2,98.93035959164308,519.0,4.55,48.95821042251624
2026-09-30T09:00:00+05:30,Matara_Southern,28.5,99.89137273067684,579.0,4.63,45.27833427412964
2026-09-30T09:15:00+05:30,Matara_Southern,28.8,101.00045232518494,633.0,4.72,41.610100100275154
2026-09-30T09:30:00+05:30,Matara_Southern,29.0,102.30061275308901,680.0,4.81,37.956912375191024
2026-09-30T09:45:00+05:30,Matara_Southern,29.3,103.85241198482032,721.0,4.9,34.323604108412205
2026-09-30T10:00:00+05:30,Matara_Southern,29.6,105.74366899157201,758.0,5.07,30.7172585628145
2026-09-30T10:15:00+05:30,Matara_Southern,29.8,108.10610134596811,794.0,5.2,27.148650037998678
2026-09-30T10:30:00+05:30,Matara_Southern,29.9,111.1449295026539,828.0,5.38,23.634905314261886
2026-09-30T10:45:00+05:30,Matara_Southern,29.9,115.19345172844908,857.0,5.58,20.204695646065815
2026-09-30T11:00:00+05:30,Matara_Southern,29.8,120.81542911488424,878.0,5.76,16.908962735378353
2026-09-30T11:15:00+05:30,Matara_Southern,29.7,128.9877073721023,887.0,5.9,13.844108917083744
2026-09-30T11:30:00+05:30,Matara_Southern,29.5,141.32526515492538,881.0,6.03,11.201307008229733
2026-09-30T11:45:00+05:30,Matara_Southern,29.4,159.72494520148143,867.0,6.07,9.345757467060253
2026-09-30T12:00:00+05:30,Matara_Southern,29.3,183.4079394322935,854.0,6.0,8.79097762983011
2026-09-30T12:15:00+05:30,Matara_Southern,29.2,206.03020398204424,847.0,5.95,9.761334925881698
2026-09-30T12:30:00+05:30,Matara_Southern,29.1,222.5829413905916,846.0,5.95,11.889079193412655
2026-09-30T12:45:00+05:30,Matara_Southern,29.2,233.53857824137197,846.0,6.0,14.679260014723994
2026-09-30T13:00:00+05:30,Matara_Southern,29.4,240.85572404635758,843.0,6.15,17.82342995072564
2026-09-30T13:15:00+05:30,Matara_Southern,29.6,245.95487444126536,835.0,6.25,21.164394123947716
2026-09-30T13:30:00+05:30,Matara_Southern,29.7,249.67208556087354,829.0,6.3,24.62215909185656
2026-09-30T13:45:00+05:30,Matara_Southern,29.8,252.49143337669062,817.0,6.25,28.153705919256332
2026-09-30T14:00:00+05:30,Matara_Southern,30.0,254.7022261142225,795.0,6.15,31.734394943810806
2026-09-30T14:15:00+05:30,Matara_Southern,30.0,256.4847368483483,756.0,6.05,35.349278132576345
2026-09-30T14:30:00+05:30,Matara_Southern,30.0,257.95596802600977,701.0,6.0,38.98882668852819
2026-09-30T14:45:00+05:30,Matara_Southern,29.9,259.19470480323355,640.0,6.1,42.6467067772674
2026-09-30T15:00:00+05:30,Matara_Southern,29.8,260.2557482398122,581.0,6.25,46.31855543309749
2026-09-30T15:15:00+05:30,Matara_Southern,29.5,261.1783184564073,533.0,6.35,50.00127394495281
2026-09-30T15:30:00+05:30,Matara_Southern,29.4,261.9911991406989,491.0,6.41,53.6926037212491
2026-09-30T15:45:00+05:30,Matara_Southern,29.2,262.7159924661602,451.0,6.3,57.390860186544074
2026-09-30T16:00:00+05:30,Matara_Southern,29.1,263.36924123018,405.0,6.05,61.09476085050164
2026-09-30T16:15:00+05:30,Matara_Southern,29.0,263.9638505579823,353.0,5.8,64.80331242572075
2026-09-30T16:30:00+05:30,Matara_Southern,28.9,264.5100636760425,298.0,5.55,68.51573274215352
2026-09-30T16:45:00+05:30,Matara_Southern,28.7,265.0161472137794,243.0,5.36,72.23139615432758
2026-09-30T17:00:00+05:30,Matara_Southern,28.5,265.48888315438245,189.0,5.16,75.94979603124452
2026-09-30T17:15:00+05:30,Matara_Southern,28.2,265.93392919928937,137.0,4.96,79.6705163154056
2026-09-30T17:30:00+05:30,Matara_Southern,28.0,266.3560887019595,87.0,4.66,83.39321037011256
2026-09-30T17:45:00+05:30,Matara_Southern,27.7,266.75951790016745,44.0,4.27,87.11758643158278
2026-09-30T18:00:00+05:30,Matara_Southern,27.5,267.14788921969296,9.0,3.79,90.84339519262662
2026-09-30T18:15:00+05:30,Matara_Southern,27.3,267.5245245654693,0.0,3.31,94.57041996724705
2026-09-30T18:30:00+05:30,Matara_Southern,27.1,267.8925090393888,0.0,2.98,98.2984702006019
2026-09-30T18:45:00+05:30,Matara_Southern,27.0,268.25479302791206,0.0,2.84,102.02737477137464
2026-09-30T19:00:00+05:30,Matara_Southern,26.9,268.6142900606939,0.0,2.83,105.75697615443706
2026-09-30T19:15:00+05:30,Matara_Southern,26.8,268.97397768525457,0.0,2.81,109.48712658414271
2026-09-30T19:30:00+05:30,Matara_Southern,26.7,269.33700896466456,0.0,2.81,113.21768288344049
2026-09-30T19:45:00+05:30,Matara_Southern,26.6,269.7068445590203,0.0,2.79,116.94850110530557
2026-09-30T20:00:00+05:30,Matara_Southern,26.5,270.0874188828036,0.0,2.74,120.6794320781052
2026-09-30T20:15:00+05:30,Matara_Southern,26.3,270.48335944191706,0.0,2.71,124.41031428848625
2026-09-30T20:30:00+05:30,Matara_Southern,26.2,270.90028912977897,0.0,2.73,128.1409648039053
2026-09-30T20:45:00+05:30,Matara_Southern,26.2,271.34525889045443,0.0,2.8,131.87116848363894
2026-09-30T21:00:00+05:30,Matara_Southern,26.1,271.82738866854083,0.0,2.92,135.60066043439664
2026-09-30T21:15:00+05:30,Matara_Southern,26.1,272.35885153380065,0.0,2.97,139.32909971469627
2026-09-30T21:30:00+05:30,Matara_Southern,26.0,272.9564434665949,0.0,3.06,143.0560295122856
2026-09-30T21:45:00+05:30,Matara_Southern,25.9,273.64419562202283,0.0,3.09,146.78080893932113
2026-09-30T22:00:00+05:30,Matara_Southern,25.9,274.4579422919469,0.0,3.13,150.50249423839554
2026-09-30T22:15:00+05:30,Matara_Southern,25.8,275.4537959947211,0.0,3.11,154.21962004109457
2026-09-30T22:30:00+05:30,Matara_Southern,25.7,276.72505639022035,0.0,3.12,157.92975911457958
2026-09-30T22:45:00+05:30,Matara_Southern,25.6,278.4391976040473,0.0,3.16,161.62855480006755
2026-09-30T23:00:00+05:30,Matara_Southern,25.5,280.9291312353733,0.0,3.2,165.30731415344303
2026-09-30T23:15:00+05:30,Matara_Southern,25.4,284.9585602738113,0.0,3.29,168.94588757478726
2026-09-30T23:30:00+05:30,Matara_Southern,25.4,292.69576632301516,0.0,3.34,172.48553421480608
2026-09-30T23:45:00+05:30,Matara_Southern,25.4,312.5494407593859,0.0,3.4,175.67591827155078
2026-10-01T00:00:00+05:30,Matara_Southern,25.4,10.859432387556694,0.0,3.48,177.01915814030474
2026-10-01T00:15:00+05:30,Matara_Southern,25.4,55.969234930045104,0.0,3.51,174.80093867413746
2026-10-01T00:30:00+05:30,Matara_Southern,25.4,70.38789736537387,0.0,3.53,171.4483184004286
2026-10-01T00:45:00+05:30,Matara_Southern,25.4,76.60931519544613,0.0,3.48,167.86794058309522
2026-10-01T01:00:00+05:30,Matara_Southern,25.3,80.05155690347885,0.0,3.4,164.21409836463795
2026-10-01T01:15:00+05:30,Matara_Southern,25.2,82.25925959757006,0.0,3.39,160.5281846674684
2026-10-01T01:30:00+05:30,Matara_Southern,25.1,83.81783220251117,0.0,3.34,156.82558269522585
2026-10-01T01:45:00+05:30,Matara_Southern,25.0,84.99511975154962,0.0,3.33,153.11327616333364
2026-10-01T02:00:00+05:30,Matara_Southern,25.0,85.93050466190869,0.0,3.34,149.39489040659478
2026-10-01T02:15:00+05:30,Matara_Southern,25.0,86.70360599154748,0.0,3.31,145.67249955974123
2026-10-01T02:30:00+05:30,Matara_Southern,25.0,87.36324763520975,0.0,3.31,141.94738304730825
2026-10-01T02:45:00+05:30,Matara_Southern,24.9,87.94110341108302,0.0,3.26,138.2203790773965
2026-10-01T03:00:00+05:30,Matara_Southern,24.9,88.45869776927174,0.0,3.2,134.49206658566806
2026-10-01T03:15:00+05:30,Matara_Southern,24.8,88.931251193805,0.0,3.19,130.76286535140412
2026-10-01T03:30:00+05:30,Matara_Southern,24.7,89.369914173663,0.0,3.15,127.03309296859737
2026-10-01T03:45:00+05:30,Matara_Southern,24.7,89.78312750187217,0.0,3.19,123.30300083765066
2026-10-01T04:00:00+05:30,Matara_Southern,24.6,90.1774854291163,0.0,3.24,119.5727974162841
2026-10-01T04:15:00+05:30,Matara_Southern,24.6,90.55830425123605,0.0,3.3,115.8426624947949
2026-10-01T04:30:00+05:30,Matara_Southern,24.5,90.93001012849902,0.0,3.29,112.11275845129262
2026-10-01T04:45:00+05:30,Matara_Southern,24.4,91.29641337902422,0.0,3.15,108.38323875028061
2026-10-01T05:00:00+05:30,Matara_Southern,24.4,91.66091035465945,0.0,2.97,104.654253277754
2026-10-01T05:15:00+05:30,Matara_Southern,24.3,92.02663863979137,0.0,2.75,100.92595423569952
2026-10-01T05:30:00+05:30,Matara_Southern,24.3,92.39660301771124,0.0,2.59,97.19850160683025
2026-10-01T05:45:00+05:30,Matara_Southern,24.3,92.77378448952464,0.0,2.55,93.47206709383589
2026-10-01T06:00:00+05:30,Matara_Southern,24.4,93.16124123425038,0.0,2.62,89.7468398812324
2026-10-01T06:15:00+05:30,Matara_Southern,24.6,93.5622093070391,18.0,2.65,86.02303308439127
2026-10-01T06:30:00+05:30,Matara_Southern,24.8,93.98021042900774,54.0,2.68,82.30088978264739
2026-10-01T06:45:00+05:30,Matara_Southern,25.2,94.41917418361908,100.0,2.64,78.58069213160118
2026-10-01T07:00:00+05:30,Matara_Southern,25.7,94.88358374840448,152.0,2.6,74.86277270078796
2026-10-01T07:15:00+05:30,Matara_Southern,26.2,95.37865684637,207.0,2.49,71.14752742441502
2026-10-01T07:30:00+05:30,Matara_Southern,26.7,95.91057711534006,264.0,2.45,67.43543440570039
2026-10-01T07:45:00+05:30,Matara_Southern,27.2,96.48679795049469,321.0,2.44,63.72707886372474
2026-10-01T08:00:00+05:30,Matara_Southern,27.8,97.11645090443017,379.0,2.48,60.023185391658046
2026-10-01T08:15:00+05:30,Matara_Southern,28.3,97.81090572427951,437.0,2.53,56.32466450760464
2026-10-01T08:30:00+05:30,Matara_Southern,28.7,98.58455480008968,496.0,2.57,52.632678181618935
2026-10-01T08:45:00+05:30,Matara_Southern,29.1,99.4559361194253,552.0,2.59,48.948732636762095
2026-10-01T09:00:00+05:30,Matara_Southern,29.3,100.4493770331103,604.0,2.69,45.2748173118336
2026-10-01T09:15:00+05:30,Matara_Southern,29.6,101.59746107564268,649.0,2.8,41.613615151733555
2026-10-01T09:30:00+05:30,Matara_Southern,29.8,102.94483224170051,685.0,2.9,37.96882894754489
2026-10-01T09:45:00+05:30,Matara_Southern,30.0,104.55423813944367,714.0,2.97,34.34570970697331
2026-10-01T10:00:00+05:30,Matara_Southern,30.3,106.51644856577838,740.0,3.05,30.75194107743082
2026-10-01T10:15:00+05:30,Matara_Southern,30.4,108.96711367292642,769.0,3.15,27.199183081196814
2026-10-01T10:30:00+05:30,Matara_Southern,30.5,112.11643935081582,802.0,3.26,23.705904627449513
2026-10-01T10:45:00+05:30,Matara_Southern,30.3,116.30298390264858,832.0,3.46,20.30285427586483
2026-10-01T11:00:00+05:30,Matara_Southern,29.9,122.09175285377245,855.0,3.76,17.04418537329137
2026-10-01T11:15:00+05:30,Matara_Southern,29.5,130.43948876352624,866.0,4.02,14.030880744689327
2026-10-01T11:30:00+05:30,Matara_Southern,29.3,142.86216948200865,867.0,4.13,11.458204088574547
2026-10-01T11:45:00+05:30,Matara_Southern,29.3,160.97606698664265,859.0,4.14,9.68395811378359
2026-10-01T12:00:00+05:30,Matara_Southern,29.4,183.77431292292144,840.0,4.11,9.183223669173216
2026-10-01T12:15:00+05:30,Matara_Southern,29.5,205.484348784807,809.0,4.03,10.146335643367408
2026-10-01T12:30:00+05:30,Matara_Southern,29.4,221.63363421753556,757.0,3.91,12.232273755132411
2026-10-01T12:45:00+05:30,Matara_Southern,29.0,232.52545384626742,699.0,3.58,14.979069733888394
2026-10-01T13:00:00+05:30,Matara_Southern,28.4,239.8986367783786,652.0,3.1,18.088110782991023
2026-10-01T13:15:00+05:30,Matara_Southern,27.8,245.08105014101363,633.0,2.76,21.40209452802057
2026-10-01T13:30:00+05:30,Matara_Southern,27.3,248.87920426670738,643.0,2.65,24.839113282658147
2026-10-01T13:45:00+05:30,Matara_Southern,27.1,251.76950171861438,660.0,2.9,28.354445835650523
2026-10-01T14:00:00+05:30,Matara_Southern,27.1,254.04044569272506,662.0,3.36,31.922215113030134
2026-10-01T14:15:00+05:30,Matara_Southern,27.1,255.8734431950145,631.0,3.81,35.52661069943203
2026-10-01T14:30:00+05:30,Matara_Southern,27.1,257.3869936486399,569.0,4.06,39.157502591045464
2026-10-01T14:45:00+05:30,Matara_Southern,26.9,258.6612671152093,500.0,4.06,42.80813189715724
2026-10-01T15:00:00+05:30,Matara_Southern,26.7,259.75222397040193,443.0,3.96,46.47382963196238
2026-10-01T15:15:00+05:30,Matara_Southern,26.6,260.7000193308543,415.0,3.75,50.15127262072846
2026-10-01T15:30:00+05:30,Matara_Southern,26.5,261.53418018969126,410.0,3.6,53.83803469035986
2026-10-01T15:45:00+05:30,Matara_Southern,26.5,262.276896654147,407.0,3.5,57.532304120960866
2026-10-01T16:00:00+05:30,Matara_Southern,26.7,262.945175819561,390.0,3.36,61.232700558532414
2026-10-01T16:15:00+05:30,Matara_Southern,26.8,263.55228899358167,350.0,3.27,64.93815444298254
2026-10-01T16:30:00+05:30,Matara_Southern,26.9,264.10876723750016,297.0,3.09,68.64782352961747
2026-10-01T16:45:00+05:30,Matara_Southern,26.8,264.6231016928988,240.0,2.85,72.36103445772345
2026-10-01T17:00:00+05:30,Matara_Southern,26.6,265.102246793837,184.0,2.64,76.07724246801399
2026-10-01T17:15:00+05:30,Matara_Southern,26.4,265.55198892667715,130.0,2.48,79.79600094592502
2026-10-01T17:30:00+05:30,Matara_Southern,26.2,265.977222307897,79.0,2.41,83.51693878246896
2026-10-01T17:45:00+05:30,Matara_Southern,26.0,266.38216024807383,37.0,2.31,87.23974474124834
2026-10-01T18:00:00+05:30,Matara_Southern,25.8,266.77050085818473,7.0,2.22,90.96415424297729
2026-10-01T18:15:00+05:30,Matara_Southern,25.7,267.1455612826621,0.0,2.17,94.68993896674075
2026-10-01T18:30:00+05:30,Matara_Southern,25.5,267.5103909429464,0.0,2.17,98.41689997917874
2026-10-01T18:45:00+05:30,Matara_Southern,25.4,267.8678716664616,0.0,2.14,102.14486081745632
2026-10-01T19:00:00+05:30,Matara_Southern,25.4,268.2208119046031,0.0,2.17,105.87366158163935
2026-10-01T19:15:00+05:30,Matara_Southern,25.3,268.5720419192483,0.0,2.22,109.60315517996372
2026-10-01T19:30:00+05:30,Matara_Southern,25.3,268.9245169646174,0.0,2.26,113.3332024075694
2026-10-01T19:45:00+05:30,Matara_Southern,25.2,269.2814375229841,0.0,2.29,117.06366705188765
2026-10-01T20:00:00+05:30,Matara_Southern,25.2,269.64639869176654,0.0,2.28,120.79441216377546
2026-10-01T20:15:00+05:30,Matara_Southern,25.1,270.02358569254176,0.0,2.25,124.52529404970234
2026-10-01T20:30:00+05:30,Matara_Southern,25.1,270.41804191247024,0.0,2.25,128.25615484619328
2026-10-01T20:45:00+05:30,Matara_Southern,25.1,270.8360514714303,0.0,2.22,131.9868142066628
2026-10-01T21:00:00+05:30,Matara_Southern,25.1,271.28570533297284,0.0,2.16,135.71705552102222
2026-10-01T21:15:00+05:30,Matara_Southern,25.1,271.7777706636747,0.0,2.14,139.44660547228116
2026-10-01T21:30:00+05:30,Matara_Southern,25.1,272.32707910190896,0.0,2.11,143.17510360078884
2026-10-01T21:45:00+05:30,Matara_Southern,25.0,272.95484140787414,0.0,2.11,146.9020497170392
2026-10-01T22:00:00+05:30,Matara_Southern,25.0,273.69270629533474,0.0,2.14,150.62671231194776
2026-10-01T22:15:00+05:30,Matara_Southern,24.9,274.59031996365235,0.0,2.19,154.34795993537458
2026-10-01T22:30:00+05:30,Matara_Southern,24.9,275.73048937968935,0.0,2.19,158.06391984950858
2026-10-01T22:45:00+05:30,Matara_Southern,24.8,277.26260905909265,0.0,2.21,161.77122330154356
2026-10-01T23:00:00+05:30,Matara_Southern,24.8,279.48612988329455,0.0,2.22,165.46311036712467
2026-10-01T23:15:00+05:30,Matara_Southern,24.7,283.09825152437395,0.0,2.21,169.12373021203558
2026-10-01T23:30:00+05:30,Matara_Southern,24.6,290.14116533441296,0.0,2.21,172.7057030186806
2026-10-01T23:45:00+05:30,Matara_Southern,24.6,309.2651957914454,0.0,2.2,175.99211783978765
2026-10-02T00:00:00+05:30,Matara_Southern,24.5,14.191885166105067,0.0,2.16,177.38028710280634
2026-10-02T00:15:00+05:30,Matara_Southern,24.4,60.118147938192294,0.0,2.17,174.93977149860015
2026-10-02T00:30:00+05:30,Matara_Southern,24.4,73.03785703418487,0.0,2.16,171.4975768325897
2026-10-02T00:45:00+05:30,Matara_Southern,24.3,78.49353302868332,0.0,2.19,167.87906776332073
2026-10-02T01:00:00+05:30,Matara_Southern,24.2,81.50627240994248,0.0,2.23,164.20504119479375
2026-10-02T01:15:00+05:30,Matara_Southern,24.2,83.44474002999829,0.0,2.2,160.5069511420491
2026-10-02T01:30:00+05:30,Matara_Southern,24.1,84.8206146097499,0.0,2.21,156.79639293355132
2026-10-02T01:45:00+05:30,Matara_Southern,24.1,85.86674813423963,0.0,2.15,153.0786195028077
2026-10-02T02:00:00+05:30,Matara_Southern,24.1,86.70403384642071,0.0,2.09,149.35635922982783
2026-10-02T02:15:00+05:30,Matara_Southern,24.0,87.4014723488653,0.0,2.02,145.63117720371315
2026-10-02T02:30:00+05:30,Matara_Southern,24.0,88.00138018387776,0.0,1.99,141.90404365452957
2026-10-02T02:45:00+05:30,Matara_Southern,24.0,88.53123292963568,0.0,1.99,138.17559897026922
2026-10-02T03:00:00+05:30,Matara_Southern,24.1,89.00973232431306,0.0,2.06,134.4462903395456
2026-10-02T03:15:00+05:30,Matara_Southern,24.1,89.45013622941678,0.0,2.08,130.71644706310457
2026-10-02T03:30:00+05:30,Matara_Southern,24.1,89.86219266800413,0.0,2.08,126.98632318117443
2026-10-02T03:45:00+05:30,Matara_Southern,24.1,90.25331778582336,0.0,2.06,123.2561247967072
2026-10-02T04:00:00+05:30,Matara_Southern,24.1,90.6293439770044,0.0,2.04,119.5260279021152
2026-10-02T04:15:00+05:30,Matara_Southern,24.0,90.99501361041536,0.0,2.0,115.79618915215353
2026-10-02T04:30:00+05:30,Matara_Southern,24.0,91.3543168609686,0.0,1.87,112.06675481905367
2026-10-02T04:45:00+05:30,Matara_Southern,23.9,91.71073191309995,0.0,1.62,108.33786776168186
2026-10-02T05:00:00+05:30,Matara_Southern,23.7,92.06740322415328,0.0,1.32,104.6096717475363
2026-10-02T05:15:00+05:30,Matara_Southern,23.6,92.42728023401781,0.0,0.99,100.88231669767191
2026-10-02T05:30:00+05:30,Matara_Southern,23.6,92.79323182790995,0.0,0.75,97.15596376356326
2026-10-02T05:45:00+05:30,Matara_Southern,23.6,93.16814747016139,0.0,0.58,93.43078909076472
2026-10-02T06:00:00+05:30,Matara_Southern,23.7,93.55503302771314,0.0,0.51,89.70698958593304
2026-10-02T06:15:00+05:30,Matara_Southern,23.8,93.95710853359162,12.0,0.51,85.98478953413452
2026-10-02T06:30:00+05:30,Matara_Southern,24.0,94.37791493837437,38.0,0.46,82.26444697870365
2026-10-02T06:45:00+05:30,Matara_Southern,24.2,94.82143704568836,72.0,0.32,78.54626336975853
2026-10-02T07:00:00+05:30,Matara_Southern,24.5,95.29225180096694,114.0,0.5,74.83059567728797
2026-10-02T07:15:00+05:30,Matara_Southern,24.8,95.79571383074881,161.0,0.91,71.11787041777822
2026-10-02T07:30:00+05:30,Matara_Southern,25.2,96.33819382767382,217.0,1.27,67.40860392257757
2026-10-02T07:45:00+05:30,Matara_Southern,25.5,96.9273924755015,278.0,1.5,63.70342929608661
2026-10-02T08:00:00+05:30,Matara_Southern,25.9,97.57276297507406,341.0,1.66,60.003131430500005
2026-10-02T08:15:00+05:30,Matara_Southern,26.3,98.28609066857632,396.0,1.83,56.30869738606783
2026-10-02T08:30:00+05:30,Matara_Southern,26.7,99.08230461956941,439.0,1.95,52.621387305804745
2026-10-02T08:45:00+05:30,Matara_Southern,27.2,99.98063826496559,474.0,1.98,48.94283492384826
2026-10-02T09:00:00+05:30,Matara_Southern,27.6,101.00632571914991,507.0,1.96,45.275197753522306
2026-10-02T09:15:00+05:30,Matara_Southern,28.1,102.19314187042784,549.0,1.96,41.62138407038077
2026-10-02T09:30:00+05:30,Matara_Southern,28.4,103.58730805971084,599.0,1.99,37.9854046198519
2026-10-02T09:45:00+05:30,Matara_Southern,28.7,105.25367144633822,651.0,2.06,34.372940450041284
2026-10-02T10:00:00+05:30,Matara_Southern,29.0,107.28579133787889,695.0,2.12,30.79229008141028
2026-10-02T10:15:00+05:30,Matara_Southern,29.2,109.82294930758303,724.0,2.27,27.256014830642258
2026-10-02T10:30:00+05:30,Matara_Southern,29.3,113.07975011163808,740.0,2.42,23.783936395604286
2026-10-02T10:45:00+05:30,Matara_Southern,29.5,117.3988294385253,744.0,2.58,20.40886587477948
2026-10-02T11:00:00+05:30,Matara_Southern,29.6,123.34405223641,738.0,2.79,17.188063381141774
2026-10-02T11:15:00+05:30,Matara_Southern,29.6,131.8478494613227,721.0,2.9,14.226710669232219
2026-10-02T11:30:00+05:30,Matara_Southern,29.5,144.32476274286324,690.0,3.05,11.72311904864712
2026-10-02T11:45:00+05:30,Matara_Southern,29.0,162.1348387833234,649.0,3.12,10.02628753256701
2026-10-02T12:00:00+05:30,Matara_Southern,28.4,184.1031637375187,606.0,3.12,9.575185824250866
2026-10-02T12:15:00+05:30,Matara_Southern,27.8,204.9726629660524,562.0,3.11,10.531131983820742
2026-10-02T12:30:00+05:30,Matara_Southern,27.3,220.73253893344673,509.0,3.08,12.577280281658474
2026-10-02T12:45:00+05:30,Matara_Southern,27.2,231.54988617067164,459.0,2.99,15.281807560183779
2026-10-02T13:00:00+05:30,Matara_Southern,27.2,238.96771612778198,424.0,2.91,18.35596183323743
2026-10-02T13:15:00+05:30,Matara_Southern,27.4,244.2254041517865,421.0,2.91,21.642794232137746
2026-10-02T13:30:00+05:30,Matara_Southern,27.5,248.09927911394652,459.0,2.86,25.058743457514097
2026-10-02T13:45:00+05:30,Matara_Southern,27.7,251.05709431957945,504.0,2.72,28.557499588878592
2026-10-02T14:00:00+05:30,Matara_Southern,27.9,253.38587497130612,524.0,2.55,32.111993183545415
2026-10-02T14:15:00+05:30,Matara_Southern,28.1,255.26774996814493,492.0,2.35,35.70556740455356
2026-10-02T14:30:00+05:30,Matara_Southern,28.0,256.8224669818845,416.0,2.16,39.327495008756436
2026-10-02T14:45:00+05:30,Matara_Southern,27.5,258.13142842501986,325.0,2.02,42.97059124514799
2026-10-02T15:00:00+05:30,Matara_Southern,26.7,259.25165801913204,246.0,1.81,46.6298785757017
2026-10-02T15:15:00+05:30,Matara_Southern,25.8,260.2241838177663,194.0,1.65,50.301806381509245
2026-10-02T15:30:00+05:30,Matara_Southern,25.3,261.0792348876913,157.0,1.55,53.98377799772783
2026-10-02T15:45:00+05:30,Matara_Southern,25.1,261.8395611611499,130.0,1.51,57.673851899464275
2026-10-02T16:00:00+05:30,Matara_Southern,25.0,262.52261440096794,110.0,1.51,61.37054750899091
2026-10-02T16:15:00+05:30,Matara_Southern,25.1,263.14201806930697,96.0,1.51,65.07271691622049
2026-10-02T16:30:00+05:30,Matara_Southern,25.1,263.7085808133779,87.0,1.52,68.77945597108376
2026-10-02T16:45:00+05:30,Matara_Southern,25.1,264.23101063131287,80.0,1.58,72.49004197016986
2026-10-02T17:00:00+05:30,Matara_Southern,25.1,264.7164285562984,70.0,1.69,76.20389056142368
2026-10-02T17:15:00+05:30,Matara_Southern,25.0,265.17074507196145,56.0,1.75,79.92052322861673
2026-10-02T17:30:00+05:30,Matara_Southern,25.0,265.5989415564543,40.0,1.69,83.63954313564787
2026-10-02T17:45:00+05:30,Matara_Southern,24.9,266.00528530220384,23.0,1.41,87.36061836652877
2026-10-02T18:00:00+05:30,Matara_Southern,24.9,266.3934974172496,5.0,1.0,91.08346788468513
2026-10-02T18:15:00+05:30,Matara_Southern,24.8,266.766887832194,0.0,0.65,94.80785053528335
2026-10-02T18:30:00+05:30,Matara_Southern,24.8,267.12846792360546,0.0,0.53,98.53355775947082
2026-10-02T18:45:00+05:30,Matara_Southern,24.8,267.4810485444814,0.0,0.57,102.26040642009782
2026-10-02T19:00:00+05:30,Matara_Southern,24.8,267.82733045232936,0.0,0.64,105.98823277741158
2026-10-02T19:15:00+05:30,Matara_Southern,24.8,268.1699936321164,0.0,0.74,109.71688876392432
2026-10-02T19:30:00+05:30,Matara_Southern,24.8,268.51179193829705,0.0,0.87,113.44623724765754
2026-10-02T19:45:00+05:30,Matara_Southern,24.8,268.85566117807707,0.0,0.94,117.17614750420682
2026-10-02T20:00:00+05:30,Matara_Southern,24.7,269.2048512915916,0.0,1.01,120.90649210520169
2026-10-02T20:15:00+05:30,Matara_Southern,24.7,269.56309738082444,0.0,1.05,124.63714185390052
2026-10-02T20:30:00+05:30,Matara_Southern,24.6,269.93485249179673,0.0,1.11,128.36795978694664
2026-10-02T20:45:00+05:30,Matara_Southern,24.5,270.32561848213675,0.0,1.24,132.09879501319318
2026-10-02T21:00:00+05:30,Matara_Southern,24.5,270.74243464095366,0.0,1.38,135.82947221784417
2026-10-02T21:15:00+05:30,Matara_Southern,24.4,271.1946277201711,0.0,1.58,139.5597763555572
2026-10-02T21:30:00+05:30,Matara_Southern,24.3,271.6950104718796,0.0,1.64,143.28943046785088
2026-10-02T21:45:00+05:30,Matara_Southern,24.2,272.26188310213917,0.0,1.59,147.01805689635097
2026-10-02T22:00:00+05:30,Matara_Southern,24.1,272.9225515048062,0.0,1.43,150.74510984512295
2026-10-02T22:15:00+05:30,Matara_Southern,24.0,273.71990267537774,0.0,1.28,154.46975152564187
2026-10-02T22:30:00+05:30,Matara_Southern,24.0,274.7256582273726,0.0,1.14,158.19059989377627
2026-10-02T22:45:00+05:30,Matara_Southern,23.9,276.06979757849956,0.0,1.07,161.90516793279576
2026-10-02T23:00:00+05:30,Matara_Southern,23.8,278.01483216160153,0.0,1.05,165.6084437613447
2026-10-02T23:15:00+05:30,Matara_Southern,23.8,281.18035251629993,0.0,1.05,169.2885545967621
2026-10-02T23:30:00+05:30,Matara_Southern,23.7,287.4351041366462,0.0,1.1,172.9091710176437
2026-10-02T23:45:00+05:30,Matara_Southern,23.7,305.4292808911471,0.0,1.15,176.29152766936744
2026-10-03T00:00:00+05:30,Matara_Southern,23.6,18.53076658303371,0.0,1.32,177.72966120536572
2026-10-03T00:15:00+05:30,Matara_Southern,23.6,64.46334028821445,0.0,1.44,175.0518021391012
2026-10-03T00:30:00+05:30,Matara_Southern,23.6,75.70657567085482,0.0,1.52,171.52991262265715
2026-10-03T00:45:00+05:30,Matara_Southern,23.5,80.3752749861149,0.0,1.52,167.87870969559737
2026-10-03T01:00:00+05:30,Matara_Southern,23.5,82.95564489863824,0.0,1.46,164.18760772523032
2026-10-03T01:15:00+05:30,Matara_Southern,23.5,84.62505306399055,0.0,1.39,160.47932183589518
2026-10-03T01:30:00+05:30,Matara_Southern,23.5,85.81890904642887,0.0,1.39,156.7621777919942
2026-10-03T01:45:00+05:30,Matara_Southern,23.5,86.73456059763504,0.0,1.44,153.03994551168407
2026-10-03T02:00:00+05:30,Matara_Southern,23.4,87.47431512708135,0.0,1.5,149.31458754989654
2026-10-03T02:15:00+05:30,Matara_Southern,23.4,88.09655243047303,0.0,1.61,145.5872352883846
2026-10-03T02:30:00+05:30,Matara_Southern,23.4,88.63709894390263,0.0,1.66,141.85859596308893
2026-10-03T02:45:00+05:30,Matara_Southern,23.4,89.11925036324078,0.0,1.7,138.12914200408787
2026-10-03T03:00:00+05:30,Matara_Southern,23.4,89.55890105343656,0.0,1.74,134.39920900658345
2026-10-03T03:15:00+05:30,Matara_Southern,23.4,89.9673582207023,0.0,1.72,130.66904989573874
2026-10-03T03:30:00+05:30,Matara_Southern,23.4,90.35297655916133,0.0,1.71,126.93886534371113
2026-10-03T03:45:00+05:30,Matara_Southern,23.4,90.72215451360671,0.0,1.66,123.20882371934616
2026-10-03T04:00:00+05:30,Matara_Southern,23.4,91.07996791745671,0.0,1.57,119.47907430477042
2026-10-03T04:15:00+05:30,Matara_Southern,23.3,91.43058927100338,0.0,1.47,115.7497551047349
2026-10-03T04:30:00+05:30,Matara_Southern,23.3,91.7775758903868,0.0,1.38,112.02099986088366
2026-10-03T04:45:00+05:30,Matara_Southern,23.2,92.12407624326187,0.0,1.35,108.29294374323709
2026-10-03T05:00:00+05:30,Matara_Southern,23.1,92.47298476035814,0.0,1.35,104.56572683531945
2026-10-03T05:15:00+05:30,Matara_Southern,23.1,92.82706417083693,0.0,1.36,100.83949885807621
2026-10-03T05:30:00+05:30,Matara_Southern,23.2,93.18904854139237,0.0,1.33,97.11442396205508
2026-10-03T05:45:00+05:30,Matara_Southern,23.4,93.56173657862178,0.0,1.3,93.39068439074242
2026-10-03T06:00:00+05:30,Matara_Southern,23.6,93.94808234752418,0.0,1.21,89.66848631406823
2026-10-03T06:15:00+05:30,Matara_Southern,23.9,94.35129011123206,17.0,1.14,85.9480666708441
2026-10-03T06:30:00+05:30,Matara_Southern,24.3,94.77492003560462,53.0,1.08,82.22969994042039
2026-10-03T06:45:00+05:30,Matara_Southern,24.6,95.22301183060586,100.0,1.03,78.51370838284747
2026-10-03T07:00:00+05:30,Matara_Southern,25.1,95.7002355345785,155.0,0.99,74.80047497207639
2026-10-03T07:15:00+05:30,Matara_Southern,25.5,96.21208153833106,211.0,0.96,71.09045855233424
2026-10-03T07:30:00+05:30,Matara_Southern,25.9,96.76510582124786,266.0,0.92,67.38421564161621
2026-10-03T07:45:00+05:30,Matara_Southern,26.3,97.36725370366094,318.0,0.9,63.682429472068804
2026-10-03T08:00:00+05:30,Matara_Southern,26.6,98.02829609670357,372.0,0.91,59.985947860401424
2026-10-03T08:15:00+05:30,Matara_Southern,27.0,98.76042807505166,430.0,1.0,56.29583753889469
2026-10-03T08:30:00+05:30,Matara_Southern,27.3,99.57910655400428,493.0,1.06,52.61346061347077
2026-10-03T08:45:00+05:30,Matara_Southern,27.6,100.50424692305558,558.0,1.2,48.94058298078502
2026-10-03T09:00:00+05:30,Matara_Southern,27.9,101.56196896748781,620.0,1.37,45.27953599360558
2026-10-03T09:15:00+05:30,Matara_Southern,28.2,102.78720511869216,675.0,1.54,41.63346043429094
2026-10-03T09:30:00+05:30,Matara_Southern,28.4,104.22769824417298,721.0,1.73,38.00668391881231
2026-10-03T09:45:00+05:30,Matara_Southern,28.7,105.9502997818679,760.0,1.96,34.40532839028045
2026-10-03T10:00:00+05:30,Matara_Southern,28.9,108.05118982885813,794.0,2.23,30.83831971579992
2026-10-03T10:15:00+05:30,Matara_Southern,29.2,110.67297061775048,825.0,2.48,27.319132531445582
2026-10-03T10:30:00+05:30,Matara_Southern,29.4,114.03405116459305,852.0,2.69,23.86894554295671
2026-10-03T10:45:00+05:30,Matara_Southern,29.6,118.47997618483248,874.0,2.9,20.522605849793592
2026-10-03T11:00:00+05:30,Matara_Southern,29.7,124.5712122221376,890.0,3.08,17.340355474101983
2026-10-03T11:15:00+05:30,Matara_Southern,29.8,133.2122424625698,901.0,3.26,14.431172135743395
2026-10-03T11:30:00+05:30,Matara_Southern,29.9,145.715404427671,906.0,3.4,11.995419141066336
2026-10-03T11:45:00+05:30,Matara_Southern,30.0,163.20886328772178,905.0,3.54,10.372182699963844
2026-10-03T12:00:00+05:30,Matara_Southern,30.1,184.39842461153324,900.0,3.68,9.966699003048845
2026-10-03T12:15:00+05:30,Matara_Southern,30.1,204.49119368473515,892.0,3.82,10.915529657936474
2026-10-03T12:30:00+05:30,Matara_Southern,30.1,219.87587586409575,881.0,3.89,12.923742252283333
2026-10-03T12:45:00+05:30,Matara_Southern,30.0,230.60998976730133,866.0,4.0,15.587103626691118
2026-10-03T13:00:00+05:30,Matara_Southern,30.0,238.06215415404594,847.0,4.07,18.6266596344812
2026-10-03T13:15:00+05:30,Matara_Southern,29.9,243.38761388766392,824.0,4.15,21.886218470229565
2026-10-03T13:30:00+05:30,Matara_Southern,29.8,247.33220153554623,798.0,4.19,25.280813093054917
2026-10-03T13:45:00+05:30,Matara_Southern,29.7,250.3541996902103,769.0,4.2,28.76265882448994
2026-10-03T14:00:00+05:30,Matara_Southern,29.6,252.73854802343357,735.0,4.18,32.303541448724495
2026-10-03T14:15:00+05:30,Matara_Southern,29.5,254.66771316820203,696.0,4.09,35.88597589402514
2026-10-03T14:30:00+05:30,Matara_Southern,29.3,256.26245467362986,652.0,3.97,39.49864323909428
2026-10-03T14:45:00+05:30,Matara_Southern,29.1,257.60526048112285,605.0,3.77,43.13393314960829
2026-10-03T15:00:00+05:30,Matara_Southern,28.8,258.75412447056897,558.0,3.45,46.78655773934307
2026-10-03T15:15:00+05:30,Matara_Southern,28.5,259.75088697684924,512.0,3.13,50.4527364652325
2026-10-03T15:30:00+05:30,Matara_Southern,28.2,260.6264386415369,468.0,2.78,54.12969960436732
2026-10-03T15:45:00+05:30,Matara_Southern,27.9,261.4040615097837,423.0,2.42,57.815373413632784
2026-10-03T16:00:00+05:30,Matara_Southern,27.6,262.10163260198277,376.0,2.03,61.50817490683957
2026-10-03T16:15:00+05:30,Matara_Southern,27.2,262.7331136348109,328.0,1.7,65.20687587489545
2026-10-03T16:30:00+05:30,Matara_Southern,26.9,263.30958067099573,280.0,1.44,68.91050852686124
2026-10-03T16:45:00+05:30,Matara_Southern,26.6,263.8399509621744,231.0,1.32,72.61829925916149
2026-10-03T17:00:00+05:30,Matara_Southern,26.3,264.3315063293525,180.0,1.31,76.32962271628824
2026-10-03T17:15:00+05:30,Matara_Southern,26.1,264.7902768021183,127.0,1.39,80.04396717754013
2026-10-03T17:30:00+05:30,Matara_Southern,25.8,265.2213272556452,76.0,1.5,83.76090885180056
2026-10-03T17:45:00+05:30,Matara_Southern,25.6,265.62897591560625,34.0,1.61,87.48009396118425
2026-10-03T18:00:00+05:30,Matara_Southern,25.5,266.01696424917816,6.0,1.66,91.20122384184941
2026-10-03T18:15:00+05:30,Matara_Southern,25.4,266.38859258181543,0.0,1.71,94.9240433164551
2026-10-03T18:30:00+05:30,Matara_Southern,25.3,266.74683195840765,0.0,1.71,98.64833295746705
2026-10-03T18:45:00+05:30,Matara_Southern,25.2,267.0944199405187,0.0,1.72,102.3739016190804
2026-10-03T19:00:00+05:30,Matara_Southern,25.1,267.433947102387,0.0,1.69,106.10058025312651
2026-10-03T19:15:00+05:30,Matara_Southern,25.0,267.76794032370697,0.0,1.62,109.82821815394082
2026-10-03T19:30:00+05:30,Matara_Southern,25.0,268.0989486807015,0.0,1.59,113.55667833740324
2026-10-03T19:45:00+05:30,Matara_Southern,24.9,268.4296390907569,0.0,1.57,117.28583329453267
2026-10-03T20:00:00+05:30,Matara_Southern,24.8,268.76291087538436,0.0,1.54,121.01556236812235
2026-10-03T20:15:00+05:30,Matara_Southern,24.8,269.1020417002866,0.0,1.53,124.74574746940668
2026-10-03T20:30:00+05:30,Matara_Southern,24.7,269.45088415864853,0.0,1.51,128.476268269179
2026-10-03T20:45:00+05:30,Matara_Southern,24.7,269.81414343995266,0.0,1.47,132.20699785146473
2026-10-03T21:00:00+05:30,Matara_Southern,24.6,270.1977859773689,0.0,1.47,135.93779500223647
2026-10-03T21:15:00+05:30,Matara_Southern,24.6,270.60966587619635,0.0,1.47,139.66849326694177
2026-10-03T21:30:00+05:30,Matara_Southern,24.5,271.06052601630745,0.0,1.43,143.3988858228684
2026-10-03T21:45:00+05:30,Matara_Southern,24.5,271.5656716656149,0.0,1.39,147.12869852305988
2026-10-03T22:00:00+05:30,Matara_Southern,24.4,272.14791846119476,0.0,1.32,150.85754326144632
2026-10-03T22:15:00+05:30,Matara_Southern,24.4,272.84311882693333,0.0,1.29,154.58483288858343
2026-10-03T22:30:00+05:30,Matara_Southern,24.4,273.7113494252875,0.0,1.25,158.30960668466346
2026-10-03T22:45:00+05:30,Matara_Southern,24.3,274.86190452090284,0.0,1.25,162.0301407578454
2026-10-03T23:00:00+05:30,Matara_Southern,24.3,276.51700432794735,0.0,1.18,165.7429543458074
2026-10-03T23:15:00+05:30,Matara_Southern,24.3,279.20763842976913,0.0,1.18,169.43973258732507
2026-10-03T23:30:00+05:30,Matara_Southern,24.2,284.5789225487888,0.0,1.18,173.09448701532722
2026-10-03T23:45:00+05:30,Matara_Southern,24.2,300.94176213850983,0.0,1.18,176.56990575457198
2026-10-04T00:00:00+05:30,Matara_Southern,24.1,24.349792474576475,0.0,1.19,178.0613807354224
2026-10-04T00:15:00+05:30,Matara_Southern,24.1,68.96836921170973,0.0,1.23,175.13543703863303
2026-10-04T00:30:00+05:30,Matara_Southern,24.1,78.38319558176318,0.0,1.28,171.54532198113242
2026-10-04T00:45:00+05:30,Matara_Southern,24.0,82.2506940937144,0.0,1.32,167.86702872992063
2026-10-04T01:00:00+05:30,Matara_Southern,24.0,84.39791373983445,0.0,1.39,164.1619708905111
2026-10-04T01:15:00+05:30,Matara_Southern,24.0,85.79923172724239,0.0,1.43,160.44545885608795
2026-10-04T01:30:00+05:30,Matara_Southern,23.9,86.81210959774404,0.0,1.48,156.7230872051441
2026-10-04T01:45:00+05:30,Matara_Southern,23.9,87.59813811603635,0.0,1.52,152.99739380596372
2026-10-04T02:00:00+05:30,Matara_Southern,23.9,88.24103597935391,0.0,1.57,149.2697066676526
2026-10-04T02:15:00+05:30,Matara_Southern,23.8,88.78859904005782,0.0,1.62,145.5407984289609
2026-10-04T02:30:00+05:30,Matara_Southern,23.8,89.27019915615432,0.0,1.62,141.81115914935518
2026-10-04T02:45:00+05:30,Matara_Southern,23.7,89.70497978538697,0.0,1.62,138.08112285342358
2026-10-04T03:00:00+05:30,Matara_Southern,23.7,90.10604831202369,0.0,1.62,134.35093346720979
2026-10-04T03:15:00+05:30,Matara_Southern,23.6,90.48277616465941,0.0,1.62,130.62078147669988
2026-10-04T03:30:00+05:30,Matara_Southern,23.5,90.84213560237816,0.0,1.57,126.89082424553429
2026-10-04T03:45:00+05:30,Matara_Southern,23.5,91.18951541779086,0.0,1.52,123.1611998756697
2026-10-04T04:00:00+05:30,Matara_Southern,23.4,91.52924089286779,0.0,1.48,119.43203662286467
2026-10-04T04:15:00+05:30,Matara_Southern,23.3,91.86491919096147,0.0,1.43,115.70345827095909
2026-10-04T04:30:00+05:30,Matara_Southern,23.3,92.19967821461893,0.0,1.39,111.97558956417423
2026-10-04T04:45:00+05:30,Matara_Southern,23.3,92.53633934770392,0.0,1.34,108.24856086099204
2026-10-04T05:00:00+05:30,Matara_Southern,23.3,92.87754900658405,0.0,1.3,104.52251096524819
2026-10-04T05:15:00+05:30,Matara_Southern,23.4,93.22588473564588,0.0,1.32,100.79759145517397
2026-10-04T05:30:00+05:30,Matara_Southern,23.5,93.58394691536819,0.0,1.28,97.07397128622759
2026-10-04T05:45:00+05:30,Matara_Southern,23.7,93.9544442939129,0.0,1.3,93.35184043207676
2026-10-04T06:00:00+05:30,Matara_Southern,24.0,94.34027963575681,0.0,1.3,89.63141584588864
2026-10-04T06:15:00+05:30,Matara_Southern,24.3,94.74464165026791,17.0,1.33,85.9129485803676
2026-10-04T06:30:00+05:30,Matara_Southern,24.7,95.1711096385834,53.0,1.36,82.19673100409929
2026-10-04T06:45:00+05:30,Matara_Southern,25.1,95.62377780594011,100.0,1.39,78.48310767120262
2026-10-04T07:00:00+05:30,Matara_Southern,25.5,96.10740847199014,155.0,1.46,74.77248913167982
2026-10-04T07:15:00+05:30,Matara_Southern,25.9,96.62762646698297,211.0,1.49,71.06536826826257
2026-10-04T07:30:00+05:30,Matara_Southern,26.3,97.19117104112058,265.0,1.52,67.36234369416856
2026-10-04T07:45:00+05:30,Matara_Southern,26.7,97.80622916720682,318.0,1.52,63.664150950872
2026-10-04T08:00:00+05:30,Matara_Southern,27.1,98.48288508228177,371.0,1.52,59.9717033234038
2026-10-04T08:15:00+05:30,Matara_Southern,27.4,99.23373712497994,431.0,1.56,56.28615023651087
2026-10-04T08:30:00+05:30,Matara_Southern,27.7,100.07476040891959,497.0,1.51,52.60895939611083
2026-10-04T08:45:00+05:30,Matara_Southern,28.0,101.02653762365185,566.0,1.45,48.942033291284275
2026-10-04T09:00:00+05:30,Matara_Southern,28.3,102.11605150472803,632.0,1.46,45.28788255229794
2026-10-04T09:15:00+05:30,Matara_Southern,28.5,103.37935589329766,688.0,1.46,41.64988715791101
2026-10-04T09:30:00+05:30,Matara_Southern,28.8,104.86565603558358,733.0,1.51,38.032699739962894
2026-10-04T09:45:00+05:30,Matara_Southern,29.0,106.6437076384126,769.0,1.63,34.44289274783191
2026-10-04T10:00:00+05:30,Matara_Southern,29.2,108.81213641307875,799.0,1.86,30.89002978468458
2026-10-04T10:15:00+05:30,Matara_Southern,29.4,111.51654697638583,826.0,2.11,27.388507224155752
2026-10-04T10:30:00+05:30,Matara_Southern,29.6,114.97855466761553,848.0,2.34,23.96085860448227
2026-10-04T10:45:00+05:30,Matara_Southern,29.7,119.54546962327777,864.0,2.58,20.643929228344362
2026-10-04T11:00:00+05:30,Matara_Southern,29.9,125.77224878341849,873.0,2.8,17.500800419357873
2026-10-04T11:15:00+05:30,Matara_Southern,30.0,134.5323664720642,874.0,3.02,14.643828718948313
2026-10-04T11:30:00+05:30,Matara_Southern,30.0,147.0366274277785,865.0,3.16,12.274493710593802
2026-10-04T11:45:00+05:30,Matara_Southern,30.1,164.2050548208615,850.0,3.3,10.721128164560582
2026-10-04T12:00:00+05:30,Matara_Southern,30.1,184.6634694454383,832.0,3.41,10.357602961655601
2026-10-04T12:15:00+05:30,Matara_Southern,30.1,204.03653842767477,815.0,3.47,11.299344081047053
2026-10-04T12:30:00+05:30,Matara_Southern,30.0,219.06020420429655,798.0,3.54,13.271327064847895
2026-10-04T12:45:00+05:30,Matara_Southern,30.0,229.7039618218668,780.0,3.57,15.894605745287052
2026-10-04T13:00:00+05:30,Matara_Southern,29.9,237.1811474971138,759.0,3.64,18.899891067080176
2026-10-04T13:15:00+05:30,Matara_Southern,29.7,242.5673466480737,734.0,3.65,22.132098636025674
2026-10-04T13:30:00+05:30,Matara_Southern,29.6,246.57785331485402,707.0,3.66,25.505089793267487
2026-10-04T13:45:00+05:30,Matara_Southern,29.5,249.66079964675748,677.0,3.64,28.969718403070786
2026-10-04T14:00:00+05:30,Matara_Southern,29.4,252.09849490293834,644.0,3.63,32.496675057084296
2026-10-04T14:15:00+05:30,Matara_Southern,29.2,254.07338677674866,606.0,3.55,36.06766658205891
2026-10-04T14:30:00+05:30,Matara_Southern,29.1,255.70702278136315,565.0,3.47,39.6707893945848
2026-10-04T14:45:00+05:30,Matara_Southern,28.9,257.0828354598685,521.0,3.33,43.2980088737539
2026-10-04T15:00:00+05:30,Matara_Southern,28.7,258.2596985706423,478.0,3.15,46.94372568347982
2026-10-04T15:15:00+05:30,Matara_Southern,28.5,259.28020556906387,437.0,2.92,50.60392736009021
2026-10-04T15:30:00+05:30,Matara_Southern,28.3,260.1758689684708,398.0,2.69,54.275668895048085
2026-10-04T15:45:00+05:30,Matara_Southern,28.0,260.97047565269713,359.0,2.46,57.95674215354984
2026-10-04T16:00:00+05:30,Matara_Southern,27.8,261.6823087394141,319.0,2.21,61.64545973024987
2026-10-04T16:15:00+05:30,Matara_Southern,27.5,262.32565444766516,277.0,2.0,65.34051129441704
2026-10-04T16:30:00+05:30,Matara_Southern,27.3,262.9118461781304,236.0,1.82,69.04086377254173
2026-10-04T16:45:00+05:30,Matara_Southern,27.0,263.4500028968872,194.0,1.74,72.74569117831497
2026-10-04T17:00:00+05:30,Matara_Southern,26.8,263.94756144963026,151.0,1.66,76.45432579290073
2026-10-04T17:15:00+05:30,Matara_Southern,26.6,264.410666903482,107.0,1.64,80.16622142982689
2026-10-04T17:30:00+05:30,Matara_Southern,26.4,264.84446400906035,65.0,1.66,83.88092614730733
2026-10-04T17:45:00+05:30,Matara_Southern,26.3,265.2533189239008,29.0,1.7,87.59806314609035
2026-10-04T18:00:00+05:30,Matara_Southern,26.1,265.64099089197214,5.0,1.7,91.31731498252469
2026-10-04T18:15:00+05:30,Matara_Southern,26.0,266.0107683095709,0.0,1.67,95.03841127732184
2026-10-04T18:30:00+05:30,Matara_Southern,25.9,266.3655796872796,0.0,1.67,98.76112050056881
2026-10-04T18:45:00+05:30,Matara_Southern,25.8,266.70808708396055,0.0,1.67,102.48524216476774
2026-10-04T19:00:00+05:30,Matara_Southern,25.6,267.04076853590647,0.0,1.63,106.21060043801201
2026-10-04T19:15:00+05:30,Matara_Southern,25.5,267.365995163464,0.0,1.59,109.93704030486472
2026-10-04T19:30:00+05:30,Matara_Southern,25.4,267.68610811401146,0.0,1.56,113.66442298879093
2026-10-04T19:45:00+05:30,Matara_Southern,25.3,268.0035015017651,0.0,1.52,117.39262189309646
2026-10-04T20:00:00+05:30,Matara_Southern,25.2,268.3207189746062,0.0,1.52,121.12152034372954
2026-10-04T20:15:00+05:30,Matara_Southern,25.2,268.6405740017387,0.0,1.52,124.85100790997723
2026-10-04T20:30:00+05:30,Matara_Southern,25.1,268.9663093910124,0.0,1.52,128.58097654829683
2026-10-04T20:45:00+05:30,Matara_Southern,25.0,269.3018203735051,0.0,1.52,132.31131771089184
2026-10-04T21:00:00+05:30,Matara_Southern,24.9,269.65198098629025,0.0,1.56,136.04191689603286
2026-10-04T21:15:00+05:30,Matara_Southern,24.9,270.02314294849657,0.0,1.56,139.77264626672874
2026-10-04T21:30:00+05:30,Matara_Southern,24.8,270.4239322041802,0.0,1.59,143.50335529933548
2026-10-04T21:45:00+05:30,Matara_Southern,24.8,270.86658113875785,0.0,1.59,147.23385355456432
2026-10-04T22:00:00+05:30,Matara_Southern,24.7,271.36927880591816,0.0,1.63,150.96388121720673
2026-10-04T22:15:00+05:30,Matara_Southern,24.7,271.9605880182947,0.0,1.66,154.69305618442766
2026-10-04T22:30:00+05:30,Matara_Southern,24.6,272.688420738267,0.0,1.7,158.42076447568493
2026-10-04T22:45:00+05:30,Matara_Southern,24.6,273.64020045487297,0.0,1.74,162.14591491930554
2026-10-04T23:00:00+05:30,Matara_Southern,24.5,274.9946961432179,0.0,1.77,165.86631007790848
2026-10-04T23:15:00+05:30,Matara_Southern,24.5,277.18370781177777,0.0,1.81,169.57667329843724
2026-10-04T23:30:00+05:30,Matara_Southern,24.5,281.57749765778954,0.0,1.84,173.26021008937826
2026-10-04T23:45:00+05:30,Matara_Southern,24.4,295.70167695617243,0.0,1.88,176.8219496350598
2026-10-05T00:00:00+05:30,Matara_Southern,24.4,32.38168498033713,0.0,1.91,178.36531979285482
2026-10-05T00:15:00+05:30,Matara_Southern,24.4,73.58675353626052,0.0,1.95,175.1894867942128
2026-10-05T00:30:00+05:30,Matara_Southern,24.3,81.05673584239685,0.0,1.99,171.5439175157819
2026-10-05T00:45:00+05:30,Matara_Southern,24.3,84.11605150864796,0.0,2.03,167.84422703470057
2026-10-05T01:00:00+05:30,Matara_Southern,24.2,85.83138454597099,0.0,2.1,164.128320508687
2026-10-05T01:15:00+05:30,Matara_Southern,24.2,86.96634614664652,0.0,2.1,160.40553220481002
2026-10-05T01:30:00+05:30,Matara_Southern,24.2,87.79963183371518,0.0,2.14,156.67927470424473
2026-10-05T01:45:00+05:30,Matara_Southern,24.1,88.45707456363812,0.0,2.18,152.95110521665444
2026-10-05T02:00:00+05:30,Matara_Southern,24.1,89.00389178555395,0.0,2.25,149.22184762261247
2026-10-05T02:15:00+05:30,Matara_Southern,24.1,89.4773698204757,0.0,2.25,145.4919899815256
2026-10-05T02:30:00+05:30,Matara_Southern,24.1,89.90047892368614,0.0,2.29,141.76185040169085
2026-10-05T02:45:00+05:30,Matara_Southern,24.0,90.28824680282128,0.0,2.33,138.03165364660012
2026-10-05T03:00:00+05:30,Matara_Southern,24.0,90.65101906226681,0.0,2.33,134.30157160793993
2026-10-05T03:15:00+05:30,Matara_Southern,23.9,90.9962489981624,0.0,2.34,130.57174606340928
2026-10-05T03:30:00+05:30,Matara_Southern,23.9,91.32953899795939,0.0,2.34,126.84230098035084
2026-10-05T03:45:00+05:30,Matara_Southern,23.8,91.6552772979752,0.0,2.39,123.11335155156156
2026-10-05T04:00:00+05:30,Matara_Southern,23.8,91.97704531551886,0.0,2.36,119.38501060923227
2026-10-05T04:15:00+05:30,Matara_Southern,23.7,92.29788985759916,0.0,2.38,115.65739208313765
2026-10-05T04:30:00+05:30,Matara_Southern,23.7,92.62051316080039,0.0,2.38,111.93061519914814
2026-10-05T04:45:00+05:30,Matara_Southern,23.7,92.94741236181602,0.0,2.38,108.20480834537221
2026-10-05T05:00:00+05:30,Matara_Southern,23.8,93.28098801071678,0.0,2.38,104.4801114155606
2026-10-05T05:15:00+05:30,Matara_Southern,23.9,93.62363407922726,0.0,2.38,100.75667987266057
2026-10-05T05:30:00+05:30,Matara_Southern,24.0,93.97781844170174,0.0,2.38,97.03468925730951
2026-10-05T05:45:00+05:30,Matara_Southern,24.2,94.34616070352718,0.0,2.38,93.31433888066049
2026-10-05T06:00:00+05:30,Matara_Southern,24.5,94.73151281836613,0.0,2.4,89.59585797621438
2026-10-05T06:15:00+05:30,Matara_Southern,24.8,95.13704811903779,20.0,2.39,85.87951314751767
2026-10-05T06:30:00+05:30,Matara_Southern,25.2,95.5663648953498,59.0,2.41,82.16561607417407
2026-10-05T06:45:00+05:30,Matara_Southern,25.5,96.02361133699657,110.0,2.4,78.45453506340914
2026-10-05T07:00:00+05:30,Matara_Southern,26.0,96.51364109595232,169.0,2.43,74.7467097779365
2026-10-05T07:15:00+05:30,Matara_Southern,26.4,97.04221193179433,229.0,2.41,71.04266880678597
2026-10-05T07:30:00+05:30,Matara_Southern,26.8,97.61624410237096,288.0,2.41,67.34305471515736
2026-10-05T07:45:00+05:30,Matara_Southern,27.1,98.24416291963172,344.0,2.37,63.6486574677907
2026-10-05T08:00:00+05:30,Matara_Southern,27.5,98.93636112098079,399.0,2.37,59.96045827547512
2026-10-05T08:15:00+05:30,Matara_Southern,27.8,99.70583324634464,456.0,2.3,56.279692152893816
2026-10-05T08:30:00+05:30,Matara_Southern,28.1,100.5690621433489,512.0,2.25,52.607935876867636
2026-10-05T08:45:00+05:30,Matara_Southern,28.4,101.54728203026212,566.0,2.18,48.947232723704
2026-10-05T09:00:00+05:30,Matara_Southern,28.6,102.66831431206845,618.0,2.08,45.30027769552601
2026-10-05T09:15:00+05:30,Matara_Southern,28.8,103.96929591495348,666.0,1.98,41.67069613466165
2026-10-05T09:30:00+05:30,Matara_Southern,29.0,105.50083223609664,710.0,1.97,38.063473027995336
2026-10-05T09:45:00+05:30,Matara_Southern,29.1,107.3334789992195,749.0,2.0,34.48563965052223
2026-10-05T10:00:00+05:30,Matara_Southern,29.3,109.56812691472442,785.0,2.1,30.947405597757772
2026-10-05T10:15:00+05:30,Matara_Southern,29.4,112.35305935475185,818.0,2.2,27.464093763346966
2026-10-05T10:30:00+05:30,Matara_Southern,29.6,115.91250138210114,855.0,2.39,24.0595840642803
2026-10-05T10:45:00+05:30,Matara_Southern,29.7,120.59441942710026,886.0,2.59,20.77267160449979
2026-10-05T11:00:00+05:30,Matara_Southern,29.8,126.94631193474254,901.0,2.84,17.669119049852412
2026-10-05T11:15:00+05:30,Matara_Southern,29.9,135.80814846283704,887.0,3.01,14.864237301258413
2026-10-05T11:30:00+05:30,Matara_Southern,30.0,148.2910826881971,837.0,3.08,12.559755418435913
2026-10-05T11:45:00+05:30,Matara_Southern,30.1,165.12969611157575,771.0,2.97,11.072650512288476
2026-10-05T12:00:00+05:30,Matara_Southern,30.2,184.90121443262208,710.0,2.79,10.747741850787577
2026-10-05T12:15:00+05:30,Matara_Southern,30.3,203.6057580177548,674.0,2.51,11.682399305801312
2026-10-05T12:30:00+05:30,Matara_Southern,30.3,218.28239246312052,657.0,2.3,13.619723951701204
2026-10-05T12:45:00+05:30,Matara_Southern,30.2,228.83008393130638,649.0,2.17,16.20397889486489
2026-10-05T13:00:00+05:30,Matara_Southern,30.1,236.3239014182653,640.0,2.01,19.175353686198434
2026-10-05T13:15:00+05:30,Matara_Southern,29.8,241.76426179845043,622.0,1.89,22.380172860149045
2026-10-05T13:30:00+05:30,Matara_Southern,29.6,245.83610739581638,601.0,1.74,25.73134590481166
2026-10-05T13:45:00+05:30,Matara_Southern,29.4,248.976869382828,578.0,1.62,29.17847699496859
2026-10-05T14:00:00+05:30,Matara_Southern,29.2,251.46574133862129,553.0,1.44,32.691212574470335
2026-10-05T14:15:00+05:30,Matara_Southern,28.9,253.4848222601264,526.0,1.35,36.25047318414549
2026-10-05T14:30:00+05:30,Matara_Southern,28.7,255.1562361806581,497.0,1.26,39.843778916677905
2026-10-05T14:45:00+05:30,Matara_Southern,28.4,256.56422532339695,466.0,1.26,43.462673105720995
2026-10-05T15:00:00+05:30,Matara_Southern,28.1,257.76845606088506,434.0,1.28,47.10124452884682
2026-10-05T15:15:00+05:30,Matara_Southern,27.9,258.81221738091114,400.0,1.38,50.755247268843924
2026-10-05T15:30:00+05:30,Matara_Southern,27.6,259.72760481651585,366.0,1.45,54.42155913233567
2026-10-05T15:45:00+05:30,Matara_Southern,27.3,260.53888329211856,331.0,1.55,58.09783565339433
2026-10-05T16:00:00+05:30,Matara_Southern,27.0,261.26472313856493,294.0,1.68,61.78228316684395
2026-10-05T16:15:00+05:30,Matara_Southern,26.8,261.91972149265104,255.0,1.84,65.4735075265942
2026-10-05T16:30:00+05:30,Matara_Southern,26.5,262.51545912202005,217.0,1.94,69.17040882925137
2026-10-05T16:45:00+05:30,Matara_Southern,26.3,263.0612492412469,179.0,2.07,72.87210729135873
2026-10-05T17:00:00+05:30,Matara_Southern,26.1,263.5646780145451,139.0,2.2,76.57789152778835
2026-10-05T17:15:00+05:30,Matara_Southern,26.0,264.03200108729146,98.0,2.29,80.28717966637468
2026-10-05T17:30:00+05:30,Matara_Southern,25.8,264.468439512429,58.0,2.38,83.99949045163709
2026-10-05T17:45:00+05:30,Matara_Southern,25.7,264.8784044302267,26.0,2.42,87.71442292706504
2026-10-05T18:00:00+05:30,Matara_Southern,25.6,265.2656703394796,4.0,2.46,91.43163973398688
2026-10-05T18:15:00+05:30,Matara_Southern,25.5,265.6335114563974,0.0,2.45,95.15085412871534
2026-10-05T18:30:00+05:30,Matara_Southern,25.4,265.98481164384236,0.0,2.45,98.87182124915726
2026-10-05T18:45:00+05:30,Matara_Southern,25.3,266.32215535932653,0.0,2.45,102.59432993740683
2026-10-05T19:00:00+05:30,Matara_Southern,25.2,266.64790588977723,0.0,2.4,106.3181961018752
2026-10-05T19:15:00+05:30,Matara_Southern,25.1,266.96427612663047,0.0,2.4,110.0432587381533
2026-10-05T19:30:00+05:30,Matara_Southern,25.1,267.2733963790998,0.0,2.36,113.76937532338965
2026-10-05T19:45:00+05:30,Matara_Southern,25.0,267.57738436471686,0.0,2.32,117.49641784759342
2026-10-05T20:00:00+05:30,Matara_Southern,25.0,267.8784234337683,0.0,2.28,121.22427079642998
2026-10-05T20:15:00+05:30,Matara_Southern,24.9,268.1788566911847,0.0,2.25,124.95282790096027
2026-10-05T20:30:00+05:30,Matara_Southern,24.9,268.4813086570421,0.0,2.21,128.6819889760032
2026-10-05T20:45:00+05:30,Matara_Southern,24.8,268.78885250716735,0.0,2.14,132.41165812464493
2026-10-05T21:00:00+05:30,Matara_Southern,24.8,269.1052521058922,0.0,2.1,136.14174000135768
2026-10-05T21:15:00+05:30,Matara_Southern,24.7,269.435329737968,0.0,2.04,139.8721351509705
2026-10-05T21:30:00+05:30,Matara_Southern,24.7,269.78555161388215,0.0,1.97,143.6027350916334
2026-10-05T21:45:00+05:30,Matara_Southern,24.6,270.1650063617212,0.0,1.9,147.3334125823679
2026-10-05T22:00:00+05:30,Matara_Southern,24.6,270.587132481486,0.0,1.88,151.06400545818514
2026-10-05T22:15:00+05:30,Matara_Southern,24.6,271.07297116645407,0.0,1.82,154.79428873578325
2026-10-05T22:30:00+05:30,Matara_Southern,24.5,271.65779637729173,0.0,1.8,158.5239158114548
2026-10-05T22:45:00+05:30,Matara_Southern,24.5,272.4060784233451,0.0,1.79,162.25228693296867
2026-10-05T23:00:00+05:30,Matara_Southern,24.5,273.45023268478093,0.0,1.75,165.9782112341149
2026-10-05T23:15:00+05:30,Matara_Southern,24.4,275.11299602593067,0.0,1.74,169.69883432061454
2026-10-05T23:30:00+05:30,Matara_Southern,24.4,278.43979677841224,0.0,1.7,173.40495290308448
2026-10-05T23:45:00+05:30,Matara_Southern,24.3,289.62626067705594,0.0,1.67,177.04123260704043
2026-10-06T00:00:00+05:30,Matara_Southern,24.3,43.65315227392864,0.0,1.67,178.62385776205474
2026-10-06T00:15:00+05:30,Matara_Southern,24.2,78.26427452576013,0.0,1.63,175.21327337522413
2026-10-06T00:30:00+05:30,Matara_Southern,24.1,83.7163632042824,0.0,1.63,171.5259271813701
2026-10-06T00:45:00+05:30,Matara_Southern,24.1,85.96775980624267,0.0,1.59,167.8105445833761
2026-10-06T01:00:00+05:30,Matara_Southern,24.0,87.25444041525054,0.0,1.56,164.08686216283758
2026-10-06T01:15:00+05:30,Matara_Southern,23.9,88.12550792437747,0.0,1.52,160.35971913415273
2026-10-06T01:30:00+05:30,Matara_Southern,23.8,88.78091519264132,0.0,1.49,156.63089700864137
2026-10-06T01:45:00+05:30,Matara_Southern,23.7,89.31097836653271,0.0,1.46,152.9012215095562
2026-10-06T02:00:00+05:30,Matara_Southern,23.7,89.76258716035892,0.0,1.46,149.17114098487878
2026-10-06T02:15:00+05:30,Matara_Southern,23.6,90.16262840730622,0.0,1.39,145.4409318743172
2026-10-06T02:30:00+05:30,Matara_Southern,23.5,90.5277402599861,0.0,1.36,141.71078478484404
2026-10-06T02:45:00+05:30,Matara_Southern,23.5,90.86887953351248,0.0,1.33,137.9808438495671
2026-10-06T03:00:00+05:30,Matara_Southern,23.4,91.19365980076611,0.0,1.3,134.25122821703195
2026-10-06T03:15:00+05:30,Matara_Southern,23.4,91.50763648742151,0.0,1.23,130.5220444491402
2026-10-06T03:30:00+05:30,Matara_Southern,23.3,91.8150562512593,0.0,1.21,126.79339286088882
2026-10-06T03:45:00+05:30,Matara_Southern,23.3,92.11931685793354,0.0,1.14,123.0653729726699
2026-10-06T04:00:00+05:30,Matara_Southern,23.3,92.42326318753408,0.0,1.12,119.3380877010379
2026-10-06T04:15:00+05:30,Matara_Southern,23.3,92.72938709537027,0.0,1.07,115.61164541837269
2026-10-06T04:30:00+05:30,Matara_Southern,23.3,93.03996918434501,0.0,1.01,111.88616325954932
2026-10-06T04:45:00+05:30,Matara_Southern,23.4,93.35718537264347,0.0,0.94,108.16177043669197
2026-10-06T05:00:00+05:30,Matara_Southern,23.4,93.68319261906225,0.0,0.89,104.43861026657082
2026-10-06T05:15:00+05:30,Matara_Southern,23.5,94.02020301443764,0.0,0.83,100.71684409194751
2026-10-06T05:30:00+05:30,Matara_Southern,23.6,94.37055315000862,0.0,0.74,96.99665579128052
2026-10-06T05:45:00+05:30,Matara_Southern,23.7,94.73677431665118,0.0,0.65,93.27825559472147
2026-10-06T06:00:00+05:30,Matara_Southern,23.9,95.12166813277372,0.0,0.57,89.56188648423604
2026-10-06T06:15:00+05:30,Matara_Southern,24.1,95.52839269108898,21.0,0.49,85.84783202425965
2026-10-06T06:30:00+05:30,Matara_Southern,24.3,95.96056505454135,62.0,0.43,82.13642460155788
2026-10-06T06:45:00+05:30,Matara_Southern,24.5,96.42238678671879,114.0,0.38,78.42805770074304
2026-10-06T07:00:00+05:30,Matara_Southern,24.8,96.91880178533177,175.0,0.35,74.72320159645435
2026-10-06T07:15:00+05:30,Matara_Southern,25.1,97.45569904491441,236.0,0.43,71.02242220572732
2026-10-06T07:30:00+05:30,Matara_Southern,25.4,98.04017732296415,294.0,0.5,67.3264078464948
2026-10-06T07:45:00+05:30,Matara_Southern,25.7,98.68089663262509,350.0,0.6,63.636004948761155
2026-10-06T08:00:00+05:30,Matara_Southern,26.1,99.38855295483472,404.0,0.72,59.9522650067761
2026-10-06T08:15:00+05:30,Matara_Southern,26.4,100.1765293877969,458.0,0.92,56.27651139792105
2026-10-06T08:30:00+05:30,Matara_Southern,26.7,101.0618052641127,510.0,1.05,52.6104332621819
2026-10-06T08:45:00+05:30,Matara_Southern,27.1,102.06624948651256,558.0,1.19,48.95621860603731
2026-10-06T09:00:00+05:30,Matara_Southern,27.4,103.21849636978493,604.0,1.35,45.31675153194499
2026-10-06T09:15:00+05:30,Matara_Southern,27.7,104.55672555544061,647.0,1.49,41.69590836734838
2026-10-06T09:30:00+05:30,Matara_Southern,28.0,106.13287755849666,687.0,1.64,38.099012955199136
2026-10-06T09:45:00+05:30,Matara_Southern,28.3,108.01920015545954,724.0,1.8,34.53356238695237
2026-10-06T10:00:00+05:30,Matara_Southern,28.6,110.31866406622885,758.0,1.9,31.010418334465633
2026-10-06T10:15:00+05:30,Matara_Southern,28.9,113.18190461664204,788.0,2.06,27.545831376178434
2026-10-06T10:30:00+05:30,Matara_Southern,29.1,116.83516586092935,814.0,2.15,24.165013259557483
2026-10-06T10:45:00+05:30,Matara_Southern,29.3,121.62600470087546,837.0,2.25,20.908650648695485
2026-10-06T11:00:00+05:30,Matara_Southern,29.4,128.09268629426305,856.0,2.36,17.84501674763085
2026-10-06T11:15:00+05:30,Matara_Southern,29.6,137.03972390875316,870.0,2.4,15.091951396030368
2026-10-06T11:30:00+05:30,Matara_Southern,29.7,149.48149107040263,880.0,2.45,12.850641285329118
2026-10-06T11:45:00+05:30,Matara_Southern,29.7,165.98849296082437,887.0,2.5,11.426313815409898
2026-10-06T12:00:00+05:30,Matara_Southern,29.8,185.11419620990156,889.0,2.5,11.136964067419498
2026-10-06T12:15:00+05:30,Matara_Southern,29.8,203.19630362810136,887.0,2.56,12.064527220437427
2026-10-06T12:30:00+05:30,Matara_Southern,29.8,217.53958942180628,882.0,2.56,13.96864205980043
2026-10-06T12:45:00+05:30,Matara_Southern,29.7,227.98672146933245,872.0,2.56,16.514904530426975
2026-10-06T13:00:00+05:30,Matara_Southern,29.7,235.48963237390782,859.0,2.58,19.452755760986832
2026-10-06T13:15:00+05:30,Matara_Southern,29.6,240.9780121201245,841.0,2.53,22.630186271507355
2026-10-06T13:30:00+05:30,Matara_Southern,29.5,245.10682815280683,820.0,2.55,25.959358804157162
2026-10-06T13:45:00+05:30,Matara_Southern,29.4,248.30237714486316,795.0,2.52,29.388737339362216
2026-10-06T14:00:00+05:30,Matara_Southern,29.3,250.84030811604268,767.0,2.52,32.88697620687698
2026-10-06T14:15:00+05:30,Matara_Southern,29.2,252.90206781211154,735.0,2.49,36.43423290398123
2026-10-06T14:30:00+05:30,Matara_Southern,29.1,254.61015774552754,700.0,2.44,40.01746072768896
2026-10-06T14:45:00+05:30,Matara_Southern,28.9,256.0495009796249,661.0,2.4,43.62778408740913
2026-10-06T15:00:00+05:30,Matara_Southern,28.8,257.28047233642366,620.0,2.37,47.25898006423982
2026-10-06T15:15:00+05:30,Matara_Southern,28.6,258.34700038928406,575.0,2.28,50.90656819922924
2026-10-06T15:30:00+05:30,Matara_Southern,28.5,259.2817257391522,528.0,2.24,54.56724752994044
2026-10-06T15:45:00+05:30,Matara_Southern,28.3,260.1093650656625,479.0,2.19,58.23853555226263
2026-10-06T16:00:00+05:30,Matara_Southern,28.1,260.848957330098,427.0,2.13,61.91853066835036
2026-10-06T16:15:00+05:30,Matara_Southern,28.0,261.51539718695653,372.0,2.08,65.6057533449665
2026-10-06T16:30:00+05:30,Matara_Southern,27.8,262.1205029199389,317.0,2.0,69.29903539626079
2026-10-06T16:45:00+05:30,Matara_Southern,27.7,262.67377460997153,261.0,1.91,72.9974419000788
2026-10-06T17:00:00+05:30,Matara_Southern,27.6,263.1829420976152,203.0,1.9,76.7002165555298
2026-10-06T17:15:00+05:30,Matara_Southern,27.4,263.65436720288693,142.0,1.82,80.4067406284027
2026-10-06T17:30:00+05:30,Matara_Southern,27.3,264.09334376132716,83.0,1.74,84.11650241715822
2026-10-06T17:45:00+05:30,Matara_Southern,27.2,264.50432500441883,36.0,1.67,87.8290757009994
2026-10-06T18:00:00+05:30,Matara_Southern,27.1,264.89109822887946,5.0,1.59,91.5441020904809
2026-10-06T18:15:00+05:30,Matara_Southern,27.0,265.2569212970725,0.0,1.52,95.2612773262029
2026-10-06T18:30:00+05:30,Matara_Southern,26.9,265.6046314059531,0.0,1.45,98.9803419962762
2026-10-06T18:45:00+05:30,Matara_Southern,26.7,265.93673343165113,0.0,1.39,102.70107294868589
2026-10-06T19:00:00+05:30,Matara_Southern,26.6,266.2554738509767,0.0,1.3,106.42327635764966
2026-10-06T19:15:00+05:30,Matara_Southern,26.5,266.5629050509237,0.0,1.19,110.14678354590825
2026-10-06T19:30:00+05:30,Matara_Southern,26.3,266.8609438465968,0.0,1.12,113.87144627958908
2026-10-06T19:45:00+05:30,Matara_Southern,26.2,267.1514283019063,0.0,1.08,117.59713279535328
2026-10-06T20:00:00+05:30,Matara_Southern,26.1,267.43617729941525,0.0,1.0,121.32372588773833
2026-10-06T20:15:00+05:30,Matara_Southern,25.9,267.7170580359379,0.0,0.96,125.05111990836214
2026-10-06T20:30:00+05:30,Matara_Southern,25.8,267.9960691189742,0.0,0.98,128.77921804280365
2026-10-06T20:45:00+05:30,Matara_Southern,25.7,268.2754508366022,0.0,1.03,132.50793123281974
2026-10-06T21:00:00+05:30,Matara_Southern,25.6,268.55784097888386,0.0,1.05,136.2371755889948
2026-10-06T21:15:00+05:30,Matara_Southern,25.4,268.8465082227205,0.0,1.11,139.96686957493063
2026-10-06T21:30:00+05:30,Matara_Southern,25.3,269.1457208307836,0.0,1.2,143.6969321265848
2026-10-06T21:45:00+05:30,Matara_Southern,25.2,269.4613604542368,0.0,1.31,147.4272780785669
2026-10-06T22:00:00+05:30,Matara_Southern,25.1,269.80200458953925,0.0,1.38,151.15781118339896
2026-09-29T22:15:00+05:30,Gampaha_Western,25.9,278.4061592022789,0.0,1.29,153.4106026054851
2026-09-29T22:30:00+05:30,Gampaha_Western,25.8,280.1627256203018,0.0,1.29,157.08493790527714
2026-09-29T22:45:00+05:30,Gampaha_Western,25.7,282.51297298909793,0.0,1.26,160.73578963694004
2026-09-29T23:00:00+05:30,Gampaha_Western,25.6,285.8653108942395,0.0,1.23,164.3465726702958
2026-09-29T23:15:00+05:30,Gampaha_Western,25.5,291.08685395850017,0.0,1.17,167.8812709518118
2026-09-29T23:30:00+05:30,Gampaha_Western,25.4,300.3036466393816,0.0,1.17,171.24706540012772
2026-09-29T23:45:00+05:30,Gampaha_Western,25.4,319.44944945549946,0.0,1.17,174.14488837690612
2026-09-30T00:00:00+05:30,Gampaha_Western,25.3,359.28029764233867,0.0,1.19,175.5424372122237
2026-09-30T00:15:00+05:30,Gampaha_Western,25.3,39.75397308877956,0.0,1.19,174.222762056164
2026-09-30T00:30:00+05:30,Gampaha_Western,25.3,59.406127554119166,0.0,1.22,171.3512241278736
2026-09-30T00:45:00+05:30,Gampaha_Western,25.2,68.81943400330397,0.0,1.18,167.99405563557025
2026-09-30T01:00:00+05:30,Gampaha_Western,25.2,74.12701137814389,0.0,1.1,164.46301158331653
2026-09-30T01:15:00+05:30,Gampaha_Western,25.1,77.52344268531459,0.0,1.1,160.85414544906052
2026-09-30T01:30:00+05:30,Gampaha_Western,25.1,79.8992823174541,0.0,1.03,157.2044861400185
2026-09-30T01:45:00+05:30,Gampaha_Western,25.0,81.6722345916117,0.0,1.0,153.53100633653472
2026-09-30T02:00:00+05:30,Gampaha_Western,25.0,83.06175120265101,0.0,0.99,149.84251844935886
2026-09-30T02:15:00+05:30,Gampaha_Western,24.9,84.19357384211003,0.0,1.01,146.14404181570336
2026-09-30T02:30:00+05:30,Gampaha_Western,24.9,85.14479566082434,0.0,1.01,142.43864775886846
2026-09-30T02:45:00+05:30,Gampaha_Western,24.8,85.96532107866653,0.0,1.04,138.72832623124816
2026-09-30T03:00:00+05:30,Gampaha_Western,24.7,86.68893638671841,0.0,1.03,135.01443035578288
2026-09-30T03:15:00+05:30,Gampaha_Western,24.6,87.3394055422408,0.0,1.07,131.29792017319764
2026-09-30T03:30:00+05:30,Gampaha_Western,24.5,87.93401339437241,0.0,1.06,127.57950261220194
2026-09-30T03:45:00+05:30,Gampaha_Western,24.5,88.48572135369363,0.0,1.06,123.85971769403389
2026-09-30T04:00:00+05:30,Gampaha_Western,24.4,89.00453216159485,0.0,1.06,120.13899339996354
2026-09-30T04:15:00+05:30,Gampaha_Western,24.4,89.49838532036063,0.0,1.06,116.41768053718178
2026-09-30T04:30:00+05:30,Gampaha_Western,24.3,89.97376397414735,0.0,1.06,112.69607783285966
2026-09-30T04:45:00+05:30,Gampaha_Western,24.3,90.43611985333399,0.0,1.06,108.97444999789175
2026-09-30T05:00:00+05:30,Gampaha_Western,24.3,90.89018121218965,0.0,1.05,105.25303986250432
2026-09-30T05:15:00+05:30,Gampaha_Western,24.3,91.34018425322887,0.0,1.05,101.53207923832277
2026-09-30T05:30:00+05:30,Gampaha_Western,24.4,91.79005502993715,0.0,1.05,97.81179812638963
2026-09-30T05:45:00+05:30,Gampaha_Western,24.4,92.24356037200289,0.0,1.1,94.09243157690007
2026-09-30T06:00:00+05:30,Gampaha_Western,24.5,92.70444083368392,0.0,1.2,90.3742278301209
2026-09-30T06:15:00+05:30,Gampaha_Western,24.6,93.17653636358273,10.0,1.27,86.65745678992872
2026-09-30T06:30:00+05:30,Gampaha_Western,24.8,93.66391406941113,36.0,1.32,82.94241789928071
2026-09-30T06:45:00+05:30,Gampaha_Western,25.1,94.17100674621037,65.0,1.35,79.22945102437212
2026-09-30T07:00:00+05:30,Gampaha_Western,25.5,94.70277232739386,99.0,1.42,75.51894961568446
2026-09-30T07:15:00+05:30,Gampaha_Western,26.0,95.26488665555951,140.0,1.37,71.81137565478754
2026-09-30T07:30:00+05:30,Gampaha_Western,26.4,95.8639851284272,194.0,1.26,68.10728075033602
2026-09-30T07:45:00+05:30,Gampaha_Western,26.8,96.50797540877954,258.0,1.04,64.40733384061637
2026-09-30T08:00:00+05:30,Gampaha_Western,27.2,97.20645298921806,326.0,1.1,60.712356871009106
2026-09-30T08:15:00+05:30,Gampaha_Western,27.6,97.97126560454137,391.0,1.39,57.02337568731147
2026-09-30T08:30:00+05:30,Gampaha_Western,28.0,98.81729695244519,451.0,1.77,53.34169119141459
2026-09-30T08:45:00+05:30,Gampaha_Western,28.5,99.7635789941973,508.0,2.06,49.668979523124804
2026-09-30T09:00:00+05:30,Gampaha_Western,28.9,100.83490521146359,561.0,2.31,46.00744074734523
2026-09-30T09:15:00+05:30,Gampaha_Western,29.3,102.06422690266675,611.0,2.55,42.360021903411265
2026-09-30T09:30:00+05:30,Gampaha_Western,29.7,103.49630490163787,655.0,2.75,38.730759706507264
2026-09-30T09:45:00+05:30,Gampaha_Western,29.9,105.19342805371423,692.0,2.96,35.125328563322
2026-09-30T10:00:00+05:30,Gampaha_Western,30.1,107.24463582285864,723.0,3.08,31.551944341894384
2026-09-30T10:15:00+05:30,Gampaha_Western,30.2,109.78105191102225,746.0,3.18,28.022913015481734
2026-09-30T10:30:00+05:30,Gampaha_Western,30.3,113.00211798332487,753.0,3.32,24.557406344593886
2026-09-30T10:45:00+05:30,Gampaha_Western,30.4,117.22137807599972,754.0,3.45,21.18666246981968
2026-09-30T11:00:00+05:30,Gampaha_Western,30.4,122.94565782154967,759.0,3.59,17.964145573580453
2026-09-30T11:15:00+05:30,Gampaha_Western,30.3,130.99816430257283,778.0,3.73,14.985826524699675
2026-09-30T11:30:00+05:30,Gampaha_Western,30.3,142.62120627372764,814.0,3.87,12.428557010227436
2026-09-30T11:45:00+05:30,Gampaha_Western,30.2,159.1116387254874,855.0,4.03,10.601570593919888
2026-09-30T12:00:00+05:30,Gampaha_Western,30.2,179.91474812837248,888.0,4.19,9.917067591454355
2026-09-30T12:15:00+05:30,Gampaha_Western,30.1,200.72348769956565,904.0,4.29,10.598773280333162
2026-09-30T12:30:00+05:30,Gampaha_Western,30.1,217.22458263858812,908.0,4.44,12.423788401656694
2026-09-30T12:45:00+05:30,Gampaha_Western,30.1,228.85629559300708,901.0,4.59,14.979902493996661
2026-09-30T13:00:00+05:30,Gampaha_Western,30.1,236.91428154049612,885.0,4.78,17.957569312725283
2026-09-30T13:15:00+05:30,Gampaha_Western,30.0,242.6416745742356,857.0,4.92,21.179710626486894
2026-09-30T13:30:00+05:30,Gampaha_Western,30.0,246.86249666022306,815.0,5.0,24.550232903439962
2026-09-30T13:45:00+05:30,Gampaha_Western,29.9,250.08409248604045,765.0,4.97,28.015608171133792
2026-09-30T14:00:00+05:30,Gampaha_Western,29.7,252.62031030436896,717.0,4.85,31.544565331793244
2026-09-30T14:15:00+05:30,Gampaha_Western,29.5,254.67076713432587,675.0,4.72,35.11791435382569
2026-09-30T14:30:00+05:30,Gampaha_Western,29.4,256.3666878365874,639.0,4.55,38.72333847722453
2026-09-30T14:45:00+05:30,Gampaha_Western,29.2,257.79716992285466,604.0,4.34,42.352616439191
2026-09-30T15:00:00+05:30,Gampaha_Western,29.1,259.0245332203381,563.0,4.09,46.00007055621898
2026-09-30T15:15:00+05:30,Gampaha_Western,28.9,260.0935520513953,516.0,3.8,49.66166196457844
2026-09-30T15:30:00+05:30,Gampaha_Western,28.8,261.0371794712048,463.0,3.6,53.33444353887716
2026-09-30T15:45:00+05:30,Gampaha_Western,28.6,261.8802015373744,409.0,3.47,57.01621541702898
2026-09-30T16:00:00+05:30,Gampaha_Western,28.5,262.64163535177045,354.0,3.45,60.70530177863229
2026-09-30T16:15:00+05:30,Gampaha_Western,28.3,263.33634344767967,302.0,3.37,64.4004035526486
2026-09-30T16:30:00+05:30,Gampaha_Western,28.2,263.9761460209145,252.0,3.23,68.10049671784657
2026-09-30T16:45:00+05:30,Gampaha_Western,28.1,264.57060454111706,203.0,2.93,71.80476114604426
2026-09-30T17:00:00+05:30,Gampaha_Western,28.0,265.12758591382226,157.0,2.51,75.51253122609053
2026-09-30T17:15:00+05:30,Gampaha_Western,28.0,265.6536769866598,112.0,2.12,79.2232587544517
2026-09-30T17:30:00+05:30,Gampaha_Western,27.9,266.1544961500555,71.0,1.71,82.93648531176508
2026-09-30T17:45:00+05:30,Gampaha_Western,27.7,266.634933681949,37.0,1.32,86.65182276882527
2026-09-30T18:00:00+05:30,Gampaha_Western,27.5,267.0993423594303,10.0,0.89,90.36893699344517
2026-09-30T18:15:00+05:30,Gampaha_Western,27.2,267.55169441591295,0.0,0.74,94.08753487254256
2026-09-30T18:30:00+05:30,Gampaha_Western,27.0,267.9957170289251,0.0,0.8,97.80735516477532
2026-09-30T18:45:00+05:30,Gampaha_Western,26.7,268.43501573310914,0.0,0.93,101.5281594433708
2026-09-30T19:00:00+05:30,Gampaha_Western,26.5,268.87319467314177,0.0,1.01,105.2497240264379
2026-09-30T19:15:00+05:30,Gampaha_Western,26.2,269.31398260174353,0.0,1.15,108.97183387235685
2026-09-30T19:30:00+05:30,Gampaha_Western,26.0,269.76137414702447,0.0,1.27,112.69427493945105
2026-09-30T19:45:00+05:30,Gampaha_Western,25.8,270.21979894031233,0.0,1.45,116.41682594434282
2026-09-30T20:00:00+05:30,Gampaha_Western,25.7,270.69433575949256,0.0,1.73,120.13925032957468
2026-09-30T20:15:00+05:30,Gampaha_Western,25.5,271.19099600054597,0.0,1.92,123.86128448437273
2026-09-30T20:30:00+05:30,Gampaha_Western,25.4,271.7171142271099,0.0,2.1,127.58262232211658
2026-09-30T20:45:00+05:30,Gampaha_Western,25.3,272.28190556482014,0.0,2.17,131.3028955261737
2026-09-30T21:00:00+05:30,Gampaha_Western,25.2,272.89728741357857,0.0,2.15,135.02164290859187
2026-09-30T21:15:00+05:30,Gampaha_Western,25.2,273.5791325955848,0.0,2.09,138.7382643191353
2026-09-30T21:30:00+05:30,Gampaha_Western,25.1,274.3492508534311,0.0,2.0,142.45194982320723
2026-09-30T21:45:00+05:30,Gampaha_Western,25.0,275.23864992967435,0.0,1.92,146.16156105038414
2026-09-30T22:00:00+05:30,Gampaha_Western,24.9,276.2931584052783,0.0,1.79,149.86542661244582
2026-09-30T22:15:00+05:30,Gampaha_Western,24.8,277.5836696063715,0.0,1.72,153.56096983255165
2026-09-30T22:30:00+05:30,Gampaha_Western,24.7,279.2260883467516,0.0,1.63,157.2439767176907
2026-09-30T22:45:00+05:30,Gampaha_Western,24.6,281.42350872049064,0.0,1.56,160.90703287375143
2026-09-30T23:00:00+05:30,Gampaha_Western,24.5,284.5651893144105,0.0,1.45,164.5357962661651
2026-09-30T23:15:00+05:30,Gampaha_Western,24.4,289.49191354519655,0.0,1.38,168.09869599015337
2026-09-30T23:30:00+05:30,Gampaha_Western,24.4,298.3343913247555,0.0,1.38,171.5122116427076
2026-09-30T23:45:00+05:30,Gampaha_Western,24.3,317.4917809859868,0.0,1.45,174.4910983735242
2026-10-01T00:00:00+05:30,Gampaha_Western,24.3,0.3701488486889275,0.0,1.66,175.9308110463941
2026-10-01T00:15:00+05:30,Gampaha_Western,24.3,42.9678007899239,0.0,1.8,174.46163773291568
2026-10-01T00:30:00+05:30,Gampaha_Western,24.3,61.93271063053896,0.0,1.88,171.47400758272016
2026-10-01T00:45:00+05:30,Gampaha_Western,24.3,70.70667956476132,0.0,1.78,168.0579014329548
2026-10-01T01:00:00+05:30,Gampaha_Western,24.2,75.60490388746342,0.0,1.62,164.4940606089994
2026-10-01T01:15:00+05:30,Gampaha_Western,24.2,78.73283701199477,0.0,1.41,160.86495187222516
2026-10-01T01:30:00+05:30,Gampaha_Western,24.1,80.92304414030565,0.0,1.35,157.20182851345623
2026-10-01T01:45:00+05:30,Gampaha_Western,24.1,82.56160469574723,0.0,1.39,153.51891472294318
2026-10-01T02:00:00+05:30,Gampaha_Western,24.1,83.8501999719141,0.0,1.5,149.82357339666794
2026-10-01T02:15:00+05:30,Gampaha_Western,24.1,84.90403785481408,0.0,1.63,146.11999440952303
2026-10-01T02:30:00+05:30,Gampaha_Western,24.1,85.7936407428881,0.0,1.68,142.41074304758985
2026-10-01T02:45:00+05:30,Gampaha_Western,24.0,86.56462949444585,0.0,1.61,138.6974845160899
2026-10-01T03:00:00+05:30,Gampaha_Western,23.9,87.24789199099746,0.0,1.51,134.9813549745212
2026-10-01T03:15:00+05:30,Gampaha_Western,23.8,87.86516894822626,0.0,1.35,131.26316480330695
2026-10-01T03:30:00+05:30,Gampaha_Western,23.8,88.43229576244812,0.0,1.24,127.54351508875453
2026-10-01T03:45:00+05:30,Gampaha_Western,23.8,88.96117304854192,0.0,1.1,123.82286960562055
2026-10-01T04:00:00+05:30,Gampaha_Western,23.9,89.46101377970297,0.0,0.88,120.10160074242503
2026-10-01T04:15:00+05:30,Gampaha_Western,23.9,89.93916176907868,0.0,0.75,116.3800185940766
2026-10-01T04:30:00+05:30,Gampaha_Western,24.0,90.40164697565024,0.0,0.78,112.6583922274079
2026-10-01T04:45:00+05:30,Gampaha_Western,23.9,90.853575168146,0.0,1.08,108.93696517185134
2026-10-01T05:00:00+05:30,Gampaha_Western,23.9,91.2994113554521,0.0,1.58,105.21596581281901
2026-10-01T05:15:00+05:30,Gampaha_Western,23.8,91.74319403981224,0.0,2.04,101.49561708346934
2026-10-01T05:30:00+05:30,Gampaha_Western,23.7,92.18870508185717,0.0,2.39,97.77614491238323
2026-10-01T05:45:00+05:30,Gampaha_Western,23.7,92.63961230541219,0.0,2.53,94.0577846367084
2026-10-01T06:00:00+05:30,Gampaha_Western,23.6,93.09959693561439,0.0,2.62,90.34078894049185
2026-10-01T06:15:00+05:30,Gampaha_Western,23.5,93.5724759867307,10.0,2.55,86.62543635535026
2026-10-01T06:30:00+05:30,Gampaha_Western,23.6,94.06232864037821,39.0,2.5,82.91203936901874
2026-10-01T06:45:00+05:30,Gampaha_Western,23.8,94.5736351302171,74.0,2.36,79.20095576957428
2026-10-01T07:00:00+05:30,Gampaha_Western,24.2,95.11143829670891,116.0,2.18,75.49260252388552
2026-10-01T07:15:00+05:30,Gampaha_Western,24.5,95.68154037205937,162.0,1.96,71.78747175809507
2026-10-01T07:30:00+05:30,Gampaha_Western,25.0,96.29075087723015,212.0,1.75,68.08615329636878
2026-10-01T07:45:00+05:30,Gampaha_Western,25.5,96.94720835904587,266.0,1.54,64.38936434635109
2026-10-01T08:00:00+05:30,Gampaha_Western,26.1,97.66080857391921,321.0,1.33,60.69798791238081
2026-10-01T08:15:00+05:30,Gampaha_Western,26.7,98.44378628120921,374.0,1.1,57.01312748193962
2026-10-01T08:30:00+05:30,Gampaha_Western,27.2,99.31152278864909,423.0,0.87,53.33618349072631
2026-10-01T08:45:00+05:30,Gampaha_Western,27.6,100.28369087641289,470.0,0.7,49.668961052471545
2026-10-01T09:00:00+05:30,Gampaha_Western,28.0,101.38591263142382,515.0,0.74,46.01382954277408
2026-10-01T09:15:00+05:30,Gampaha_Western,28.4,102.65221624960083,562.0,1.0,42.37396166888684
2026-10-01T09:30:00+05:30,Gampaha_Western,28.7,104.12876823408368,611.0,1.3,38.75370018872689
2026-10-01T09:45:00+05:30,Gampaha_Western,29.0,105.87969323449295,659.0,1.6,35.159142617512856
2026-10-01T10:00:00+05:30,Gampaha_Western,29.3,107.99640598228814,705.0,1.88,31.599102037041447
2026-10-01T10:15:00+05:30,Gampaha_Western,29.6,110.61300098403916,749.0,2.16,28.086745328342005
2026-10-01T10:30:00+05:30,Gampaha_Western,29.8,113.93227023458667,791.0,2.4,24.64250832906275
2026-10-01T10:45:00+05:30,Gampaha_Western,30.0,118.27027659187127,830.0,2.6,21.299500376408673
2026-10-01T11:00:00+05:30,Gampaha_Western,30.2,124.13102333891129,863.0,2.7,18.113891755462987
2026-10-01T11:15:00+05:30,Gampaha_Western,30.3,132.3149499395377,887.0,2.81,15.18510303565948
2026-10-01T11:30:00+05:30,Gampaha_Western,30.4,143.98250496602316,901.0,2.91,12.692217534559603
2026-10-01T11:45:00+05:30,Gampaha_Western,30.5,160.23809207040654,908.0,3.01,10.937492866435377
2026-10-01T12:00:00+05:30,Gampaha_Western,30.6,180.37396665437137,908.0,3.1,10.305183259387022
2026-10-01T12:15:00+05:30,Gampaha_Western,30.7,200.40864693533996,903.0,3.15,10.990753891863747
2026-10-01T12:30:00+05:30,Gampaha_Western,30.7,216.465451807341,891.0,3.15,12.78390630676904
2026-10-01T12:45:00+05:30,Gampaha_Western,30.6,227.96138030349255,873.0,3.11,15.300040976376238
2026-10-01T13:00:00+05:30,Gampaha_Western,30.6,236.02701461145617,851.0,2.97,18.242398398182885
2026-10-01T13:15:00+05:30,Gampaha_Western,30.5,241.8099827247441,828.0,2.84,21.436161603687935
2026-10-01T13:30:00+05:30,Gampaha_Western,30.4,246.09610774418067,811.0,2.8,24.78431008699323
2026-10-01T13:45:00+05:30,Gampaha_Western,30.3,249.37957357003785,787.0,2.87,28.23194714745447
2026-10-01T14:00:00+05:30,Gampaha_Western,30.2,251.9704766733694,745.0,3.08,31.746652824215943
2026-10-01T14:15:00+05:30,Gampaha_Western,30.0,254.0680119946969,671.0,3.2,35.30837925116832
2026-10-01T14:30:00+05:30,Gampaha_Western,29.7,255.80406051931243,565.0,3.13,38.90418752947465
2026-10-01T14:45:00+05:30,Gampaha_Western,29.2,257.2686344770551,451.0,2.89,42.52540548386089
2026-10-01T15:00:00+05:30,Gampaha_Western,28.4,258.5249405627191,356.0,2.55,46.16602539529391
2026-10-01T15:15:00+05:30,Gampaha_Western,27.7,259.61852484245946,297.0,2.27,49.821763558789065
2026-10-01T15:30:00+05:30,Gampaha_Western,27.2,260.58298286106077,263.0,2.06,53.48948859800926
2026-10-01T15:45:00+05:30,Gampaha_Western,27.1,261.4436246991021,241.0,1.79,57.16686008521853
2026-10-01T16:00:00+05:30,Gampaha_Western,27.1,262.2198903497041,217.0,1.44,60.85209360646539
2026-10-01T16:15:00+05:30,Gampaha_Western,27.3,262.92698125517063,186.0,1.09,64.54380527132251
2026-10-01T16:30:00+05:30,Gampaha_Western,27.3,263.57698730730203,153.0,0.85,68.24090419990323
2026-10-01T16:45:00+05:30,Gampaha_Western,27.1,264.17968242897507,121.0,0.9,71.94251719442181
2026-10-01T17:00:00+05:30,Gampaha_Western,27.0,264.74309809728555,94.0,1.15,75.64793633346459
2026-10-01T17:15:00+05:30,Gampaha_Western,26.7,265.27394495149986,70.0,1.45,79.35657965209464
2026-10-01T17:30:00+05:30,Gampaha_Western,26.5,265.7779295910677,49.0,1.67,83.06796188781031
2026-10-01T17:45:00+05:30,Gampaha_Western,26.3,266.25999850048595,28.0,1.74,86.78167379855758
2026-10-01T18:00:00+05:30,Gampaha_Western,26.0,266.7245308180172,8.0,1.71,90.49736500229452
2026-10-01T18:15:00+05:30,Gampaha_Western,25.8,267.17549614638267,0.0,1.6,94.21473039786206
2026-10-01T18:30:00+05:30,Gampaha_Western,25.6,267.6165896124031,0.0,1.49,97.93350062710923
2026-10-01T18:45:00+05:30,Gampaha_Western,25.6,268.0513535000619,0.0,1.27,101.65343281667563
2026-10-01T19:00:00+05:30,Gampaha_Western,25.6,268.4832941917112,0.0,1.08,105.37430248658748
2026-10-01T19:15:00+05:30,Gampaha_Western,25.7,268.91600299732676,0.0,0.89,109.09589761126628
2026-10-01T19:30:00+05:30,Gampaha_Western,25.7,269.3532898863584,0.0,0.86,112.81801135565937
2026-10-01T19:45:00+05:30,Gampaha_Western,25.6,269.7993419283723,0.0,0.86,116.54043448036525
2026-10-01T20:00:00+05:30,Gampaha_Western,25.5,270.25892239470284,0.0,0.95,120.2629482934972
2026-10-01T20:15:00+05:30,Gampaha_Western,25.5,270.73763301880007,0.0,1.07,123.98531434432607
2026-10-01T20:30:00+05:30,Gampaha_Western,25.4,271.2422743358748,0.0,1.18,127.70726116665105
2026-10-01T20:45:00+05:30,Gampaha_Western,25.3,271.78135939748984,0.0,1.27,131.42846773502862
2026-10-01T21:00:00+05:30,Gampaha_Western,25.2,272.3658711380971,0.0,1.39,135.14853765248648
2026-10-01T21:15:00+05:30,Gampaha_Western,25.2,273.01041854225144,0.0,1.53,138.8669604837304
2026-10-01T21:30:00+05:30,Gampaha_Western,25.1,273.7350680498044,0.0,1.59,142.58305268656406
2026-10-01T21:45:00+05:30,Gampaha_Western,25.1,274.5683653176393,0.0,1.59,146.29585821335928
2026-10-01T22:00:00+05:30,Gampaha_Western,25.1,275.55256351445985,0.0,1.59,150.0039768174734
2026-10-01T22:15:00+05:30,Gampaha_Western,25.0,276.7531930879123,0.0,1.53,153.70525085818804
2026-10-01T22:30:00+05:30,Gampaha_Western,25.0,278.27781635412873,0.0,1.47,157.39614593130807
2026-10-01T22:45:00+05:30,Gampaha_Western,24.9,280.3160533287087,0.0,1.38,161.07041868284716
2026-10-01T23:00:00+05:30,Gampaha_Western,24.8,283.2348445647161,0.0,1.35,164.71590480796323
2026-10-01T23:15:00+05:30,Gampaha_Western,24.8,287.8399682309584,0.0,1.29,168.30547658998353
2026-10-01T23:30:00+05:30,Gampaha_Western,24.7,296.24065462721705,0.0,1.28,171.76549800259278
2026-10-01T23:45:00+05:30,Gampaha_Western,24.6,315.2690032376603,0.0,1.25,174.82883108977782
2026-10-02T00:00:00+05:30,Gampaha_Western,24.5,1.6688648374720287,0.0,1.28,176.31696415904494
2026-10-02T00:15:00+05:30,Gampaha_Western,24.4,46.445052263362754,0.0,1.23,174.6822649569206
2026-10-02T00:30:00+05:30,Gampaha_Western,24.4,64.5206507135851,0.0,1.22,171.58093593243444
2026-10-02T00:45:00+05:30,Gampaha_Western,24.3,72.60771483966352,0.0,1.17,168.11009884451664
2026-10-02T01:00:00+05:30,Gampaha_Western,24.3,77.08471024217215,0.0,1.1,164.51637659930893
2026-10-02T01:15:00+05:30,Gampaha_Western,24.3,79.94080961763444,0.0,1.01,160.86900223919832
2026-10-02T01:30:00+05:30,Gampaha_Western,24.2,81.94447908030668,0.0,1.01,157.19381692324876
2026-10-02T01:45:00+05:30,Gampaha_Western,24.2,83.4485165504214,0.0,0.98,153.50251118466005
2026-10-02T02:00:00+05:30,Gampaha_Western,24.1,84.63631273301775,0.0,0.97,149.80112265854956
2026-10-02T02:15:00+05:30,Gampaha_Western,24.0,85.61236201591186,0.0,0.97,146.09308639658707
2026-10-02T02:30:00+05:30,Gampaha_Western,23.9,86.44055115004562,0.0,1.01,142.380508559339
2026-10-02T02:45:00+05:30,Gampaha_Western,23.9,87.16219450696576,0.0,1.15,138.66476036187754
2026-10-02T03:00:00+05:30,Gampaha_Western,23.9,87.80527471468088,0.0,1.35,134.94678193401774
2026-10-02T03:15:00+05:30,Gampaha_Western,23.8,88.38950861398922,0.0,1.48,131.2272487212231
2026-10-02T03:30:00+05:30,Gampaha_Western,23.8,88.9292837852488,0.0,1.53,127.5066666309119
2026-10-02T03:45:00+05:30,Gampaha_Western,23.8,89.4354423486609,0.0,1.37,123.78543111191908
2026-10-02T04:00:00+05:30,Gampaha_Western,23.8,89.91640982509489,0.0,1.12,120.06386499567705
2026-10-02T04:15:00+05:30,Gampaha_Western,23.8,90.37893642773031,0.0,0.82,116.34224236198904
2026-10-02T04:30:00+05:30,Gampaha_Western,23.8,90.82860071979383,0.0,0.67,112.62080635617268
2026-10-02T04:45:00+05:30,Gampaha_Western,23.8,91.27016399519505,0.0,0.62,108.89978236796216
2026-10-02T05:00:00+05:30,Gampaha_Western,23.8,91.7078292236543,0.0,0.66,105.17938686867224
2026-10-02T05:15:00+05:30,Gampaha_Western,23.8,92.1454381596219,0.0,0.76,101.4598360711507
2026-10-02T05:30:00+05:30,Gampaha_Western,23.8,92.58662919320471,0.0,0.86,97.74135371814005
2026-10-02T05:45:00+05:30,Gampaha_Western,23.8,93.03497165045519,0.0,0.98,94.02417712678775
2026-10-02T06:00:00+05:30,Gampaha_Western,23.8,93.49408772584178,0.0,1.19,90.30856499631561
2026-10-02T06:15:00+05:30,Gampaha_Western,23.8,93.96777158197926,12.0,1.34,86.59480598412735
2026-10-02T06:30:00+05:30,Gampaha_Western,24.0,94.46011431841862,46.0,1.46,82.88322710187069
2026-10-02T06:45:00+05:30,Gampaha_Western,24.3,94.9756431707907,88.0,1.43,79.17420556413344
2026-10-02T07:00:00+05:30,Gampaha_Western,24.9,95.51948509900149,136.0,1.34,75.46818343403363
2026-10-02T07:15:00+05:30,Gampaha_Western,25.4,96.09756747618576,190.0,1.25,71.76568469231472
2026-10-02T07:30:00+05:30,Gampaha_Western,25.9,96.71687206879966,249.0,1.21,68.06733927203499
2026-10-02T07:45:00+05:30,Gampaha_Western,26.4,97.38576554015941,313.0,1.21,64.3739148044656
2026-10-02T08:00:00+05:30,Gampaha_Western,26.8,98.11443985068559,376.0,1.23,60.68635785166042
2026-10-02T08:15:00+05:30,Gampaha_Western,27.2,98.91551079900103,432.0,1.22,57.00585249074062
2026-10-02T08:30:00+05:30,Gampaha_Western,27.6,99.80484837588676,476.0,1.19,53.33390222264045
2026-10-02T08:45:00+05:30,Gampaha_Western,28.0,100.8027526465213,511.0,1.16,49.67244541326693
2026-10-02T09:00:00+05:30,Gampaha_Western,28.3,101.93565336324451,544.0,1.1,46.02402596888135
2026-10-02T09:15:00+05:30,Gampaha_Western,28.6,103.23862243580646,582.0,1.09,42.392048642450284
2026-10-02T09:30:00+05:30,Gampaha_Western,28.8,104.75917799916806,622.0,1.14,38.781169941696504
2026-10-02T09:45:00+05:30,Gampaha_Western,29.1,106.56318979141065,661.0,1.24,35.1979195146736
2026-10-02T10:00:00+05:30,Gampaha_Western,29.3,108.74429042788279,701.0,1.45,31.65171733415722
2026-10-02T10:15:00+05:30,Gampaha_Western,29.6,111.43926278378245,742.0,1.62,28.156599008265353
2026-10-02T10:30:00+05:30,Gampaha_Western,29.8,114.85372667953959,789.0,1.77,24.734262805397776
2026-10-02T10:45:00+05:30,Gampaha_Western,30.0,119.30528210496647,834.0,1.88,21.419656707710487
2026-10-02T11:00:00+05:30,Gampaha_Western,30.3,125.29332613873407,866.0,1.95,18.271536090563416
2026-10-02T11:15:00+05:30,Gampaha_Western,30.5,133.592908218787,874.0,2.0,15.392423412298257
2026-10-02T11:30:00+05:30,Gampaha_Western,30.6,145.2824119845236,860.0,2.07,12.962847573910636
2026-10-02T11:45:00+05:30,Gampaha_Western,30.8,161.29054113815232,829.0,2.21,11.277219610054857
2026-10-02T12:00:00+05:30,Gampaha_Western,30.9,180.79305130496618,789.0,2.31,10.69335237340563
2026-10-02T12:15:00+05:30,Gampaha_Western,30.9,200.10982726453392,742.0,2.44,11.382083017242053
2026-10-02T12:30:00+05:30,Gampaha_Western,30.7,215.74395071540084,681.0,2.49,13.14487167137851
2026-10-02T12:45:00+05:30,Gampaha_Western,30.3,227.10052695084124,615.0,2.43,15.622259187652702
2026-10-02T13:00:00+05:30,Gampaha_Western,29.6,235.16524036218362,556.0,2.35,18.529794301046948
2026-10-02T13:15:00+05:30,Gampaha_Western,28.9,240.99665995100614,515.0,2.2,21.695202412175377
2026-10-02T13:30:00+05:30,Gampaha_Western,28.4,245.34306305694537,495.0,2.1,25.02078416912947
2026-10-02T13:45:00+05:30,Gampaha_Western,28.3,248.68496120660208,480.0,2.04,28.450405997017185
2026-10-02T14:00:00+05:30,Gampaha_Western,28.4,251.32817751643069,456.0,2.04,31.950560418146196
2026-10-02T14:15:00+05:30,Gampaha_Western,28.5,253.47111969539446,409.0,2.02,35.50036842574149
2026-10-02T14:30:00+05:30,Gampaha_Western,28.4,255.24608900913807,337.0,1.88,39.08627956750315
2026-10-02T14:45:00+05:30,Gampaha_Western,27.9,256.74386192934116,264.0,1.49,42.69917400889428
2026-10-02T15:00:00+05:30,Gampaha_Western,27.2,258.02843497239,210.0,0.89,46.33271398711302
2026-10-02T15:15:00+05:30,Gampaha_Western,26.5,259.1460621561612,188.0,0.59,49.98236958012828
2026-10-02T15:30:00+05:30,Gampaha_Western,26.0,260.1309386581663,192.0,0.78,53.64482329564002
2026-10-02T15:45:00+05:30,Gampaha_Western,25.8,261.00886914045003,204.0,1.04,57.31759217740611
2026-10-02T16:00:00+05:30,Gampaha_Western,25.8,261.7996958162681,209.0,1.29,60.99878133497852
2026-10-02T16:15:00+05:30,Gampaha_Western,25.9,262.51894421024866,200.0,1.49,64.68692031552769
2026-10-02T16:30:00+05:30,Gampaha_Western,25.9,263.1789630493406,187.0,1.6,68.38084978989276
2026-10-02T16:45:00+05:30,Gampaha_Western,25.8,263.78973058178644,168.0,1.72,72.07964204034222
2026-10-02T17:00:00+05:30,Gampaha_Western,25.7,264.3594366348053,140.0,1.79,75.7825455053146
2026-10-02T17:15:00+05:30,Gampaha_Western,25.6,264.8949107559498,103.0,1.86,79.48894321978959
2026-10-02T17:30:00+05:30,Gampaha_Western,25.5,265.40194380903785,63.0,1.82,83.1983219101741
2026-10-02T17:45:00+05:30,Gampaha_Western,25.4,265.88553518613946,30.0,1.65,86.91025008945905
2026-10-02T18:00:00+05:30,Gampaha_Western,25.4,266.35008751229304,6.0,1.35,90.62436000881856
2026-10-02T18:15:00+05:30,Gampaha_Western,25.3,266.79956512996654,0.0,1.06,94.34033344619061
2026-10-02T18:30:00+05:30,Gampaha_Western,25.2,267.23762857383645,0.0,0.85,98.05789174786962
2026-10-02T18:45:00+05:30,Gampaha_Western,25.1,267.66775427303116,0.0,0.79,101.77678633563326
2026-10-02T19:00:00+05:30,Gampaha_Western,25.0,268.09334801896904,0.0,0.92,105.49679055204031
2026-10-02T19:15:00+05:30,Gampaha_Western,24.9,268.5178604354504,0.0,1.25,109.21769384062307
2026-10-02T19:30:00+05:30,Gampaha_Western,24.7,268.9449129314999,0.0,1.45,112.93929480120035
2026-10-02T19:45:00+05:30,Gampaha_Western,24.5,269.3784451212023,0.0,1.6,116.6613941553761
2026-10-02T20:00:00+05:30,Gampaha_Western,24.3,269.8228984093568,0.0,1.77,120.38378858980172
2026-10-02T20:15:00+05:30,Gampaha_Western,24.0,270.283456333296,0.0,1.97,124.1062617800194
2026-10-02T20:30:00+05:30,Gampaha_Western,23.9,270.7663736058822,0.0,1.97,127.82857311062654
2026-10-02T20:45:00+05:30,Gampaha_Western,23.8,271.2794444219137,0.0,1.63,131.55044407407343
2026-10-02T21:00:00+05:30,Gampaha_Western,23.8,271.8326926339939,0.0,1.25,135.27153689922054
2026-10-02T21:15:00+05:30,Gampaha_Western,23.8,272.43942607623694,0.0,1.1,138.99142274727396
2026-10-02T21:30:00+05:30,Gampaha_Western,23.7,273.117909195974,0.0,1.1,142.70953353492362
2026-10-02T21:45:00+05:30,Gampaha_Western,23.7,273.89412922129196,0.0,0.85,146.42508047407503
2026-10-02T22:00:00+05:30,Gampaha_Western,23.6,274.80659755822535,0.0,0.51,150.1369131971747
2026-10-02T22:15:00+05:30,Gampaha_Western,23.5,275.91517647342886,0.0,0.6,153.8432623394752
2026-10-02T22:30:00+05:30,Gampaha_Western,23.5,277.3184817067287,0.0,0.81,157.5412276631969
2026-10-02T22:45:00+05:30,Gampaha_Western,23.4,279.19134551719276,0.0,0.72,161.22566958986286
2026-10-02T23:00:00+05:30,Gampaha_Western,23.4,281.87516806369683,0.0,0.47,164.8865086923443
2026-10-02T23:15:00+05:30,Gampaha_Western,23.4,286.13152986294244,0.0,0.43,168.50098870777398
2026-10-02T23:30:00+05:30,Gampaha_Western,23.4,294.0177170856094,0.0,0.57,172.00577382230279
2026-10-02T23:45:00+05:30,Gampaha_Western,23.4,312.7347485451479,0.0,0.53,175.15635341790767
2026-10-03T00:00:00+05:30,Gampaha_Western,23.4,3.245802038755869,0.0,0.42,176.7002908711399
2026-10-03T00:15:00+05:30,Gampaha_Western,23.3,50.192350465582706,0.0,0.34,174.88246838636195
2026-10-03T00:30:00+05:30,Gampaha_Western,23.3,67.16176426914348,0.0,0.3,171.67155676803856
2026-10-03T00:45:00+05:30,Gampaha_Western,23.3,74.51860345863463,0.0,0.4,168.1506360747369
2026-10-03T01:00:00+05:30,Gampaha_Western,23.3,78.56447967286482,0.0,0.61,164.53005402893254
2026-10-03T01:15:00+05:30,Gampaha_Western,23.2,81.14626622947577,0.0,0.76,160.86641789853033
2026-10-03T01:30:00+05:30,Gampaha_Western,23.2,82.96290138495289,0.0,0.81,157.18057784611295
2026-10-03T01:45:00+05:30,Gampaha_Western,23.2,84.3324999842605,0.0,0.76,153.48192087781274
2026-10-03T02:00:00+05:30,Gampaha_Western,23.2,85.41974307372999,0.0,0.62,149.77528824328948
2026-10-03T02:15:00+05:30,Gampaha_Western,23.2,86.31827596100908,0.0,0.41,146.06343631439702
2026-10-03T02:30:00+05:30,Gampaha_Western,23.2,87.08530587536671,0.0,0.32,142.34805952577506
2026-10-03T02:45:00+05:30,Gampaha_Western,23.2,87.75782857861884,0.0,0.32,138.6302659955814
2026-10-03T03:00:00+05:30,Gampaha_Western,23.1,88.36092051650968,0.0,0.3,134.9108207690532
2026-10-03T03:15:00+05:30,Gampaha_Western,23.1,88.91227743911412,0.0,0.35,131.19027904776365
2026-10-03T03:30:00+05:30,Gampaha_Western,23.1,89.42484281272539,0.0,0.41,127.46906218004179
2026-10-03T03:45:00+05:30,Gampaha_Western,23.1,89.90840385891755,0.0,0.49,123.74750517350355
2026-10-03T04:00:00+05:30,Gampaha_Western,23.1,90.370601801887,0.0,0.68,120.02588729685272
2026-10-03T04:15:00+05:30,Gampaha_Western,23.1,90.81759590100188,0.0,0.85,116.3044512796149
2026-10-03T04:30:00+05:30,Gampaha_Western,23.1,91.25451548954709,0.0,0.92,112.58341805565738
2026-10-03T04:45:00+05:30,Gampaha_Western,23.1,91.68577912966828,0.0,0.93,108.86299789298323
2026-10-03T05:00:00+05:30,Gampaha_Western,23.0,92.11532913172795,0.0,0.89,105.14339785857177
2026-10-03T05:15:00+05:30,Gampaha_Western,23.0,92.54681156953649,0.0,0.84,101.42482958040459
2026-10-03T05:30:00+05:30,Gampaha_Western,23.1,92.98372215463598,0.0,0.81,97.70751648329114
2026-10-03T05:45:00+05:30,Gampaha_Western,23.2,93.42953225679292,0.0,0.81,93.99169954229303
2026-10-03T06:00:00+05:30,Gampaha_Western,23.5,93.88780534150783,0.0,0.84,90.27764502224899
2026-10-03T06:15:00+05:30,Gampaha_Western,23.8,94.36231277638848,12.0,0.83,86.56565318640419
2026-10-03T06:30:00+05:30,Gampaha_Western,24.1,94.85715736838256,45.0,0.83,82.85606702432491
2026-10-03T06:45:00+05:30,Gampaha_Western,24.5,95.37691283114475,90.0,0.85,79.14928465869261
2026-10-03T07:00:00+05:30,Gampaha_Western,24.9,95.92678933191769,143.0,0.85,75.4457747996358
2026-10-03T07:15:00+05:30,Gampaha_Western,25.2,96.51283796633459,197.0,0.9,71.74609495144342
2026-10-03T07:30:00+05:30,Gampaha_Western,25.6,97.14221063880683,250.0,0.94,68.0509170069709
2026-10-03T07:45:00+05:30,Gampaha_Western,26.0,97.82349905503355,302.0,1.0,64.36106111397376
2026-10-03T08:00:00+05:30,Gampaha_Western,26.4,98.56718690864744,354.0,1.03,60.6775398099459
2026-10-03T08:15:00+05:30,Gampaha_Western,26.7,99.38626449727604,414.0,1.06,57.001620601103674
2026-10-03T08:30:00+05:30,Gampaha_Western,27.1,100.29708081217598,481.0,1.1,53.334913433067385
2026-10-03T08:45:00+05:30,Gampaha_Western,27.4,101.32054862959001,552.0,1.16,49.67949398662874
2026-10-03T09:00:00+05:30,Gampaha_Western,27.8,102.48388298141413,619.0,1.2,46.038085604577816
2026-10-03T09:15:00+05:30,Gampaha_Western,28.2,103.8231642858517,675.0,1.27,42.414330983972725
2026-10-03T09:30:00+05:30,Gampaha_Western,28.5,105.38720544120088,717.0,1.37,38.813207359037904
2026-10-03T09:45:00+05:30,Gampaha_Western,28.9,107.24352667652244,749.0,1.49,35.24168436311134
2026-10-03T10:00:00+05:30,Gampaha_Western,29.3,109.48781613333529,774.0,1.66,31.709796613639355
2026-10-03T10:15:00+05:30,Gampaha_Western,29.6,112.25925760112557,795.0,1.85,28.23245302388974
2026-10-03T10:30:00+05:30,Gampaha_Western,29.9,115.76577652597189,810.0,1.98,24.832607103887057
2026-10-03T10:45:00+05:30,Gampaha_Western,30.1,120.32555493553497,817.0,2.13,21.54700365906919
2026-10-03T11:00:00+05:30,Gampaha_Western,30.3,126.43172578694265,820.0,2.24,18.436848639926964
2026-10-03T11:15:00+05:30,Gampaha_Western,30.5,134.8317612756615,818.0,2.3,15.607410069877375
2026-10-03T11:30:00+05:30,Gampaha_Western,30.5,146.52276021573363,813.0,2.38,13.239923518413462
2026-10-03T11:45:00+05:30,Gampaha_Western,30.5,162.27421519038137,802.0,2.39,11.620274631455686
2026-10-03T12:00:00+05:30,Gampaha_Western,30.3,181.17572667728578,786.0,2.36,11.081385570035522
2026-10-03T12:15:00+05:30,Gampaha_Western,30.1,199.8250721597239,763.0,2.28,11.77262054213881
2026-10-03T12:30:00+05:30,Gampaha_Western,29.9,215.05696704817,733.0,2.21,13.506409926839993
2026-10-03T12:45:00+05:30,Gampaha_Western,29.6,226.271811606382,698.0,2.14,15.94623254704301
2026-10-03T13:00:00+05:30,Gampaha_Western,29.2,234.32801057872487,659.0,2.02,18.819451395859943
2026-10-03T13:15:00+05:30,Gampaha_Western,28.9,240.20127438697227,618.0,1.85,21.956563296833565
2026-10-03T13:30:00+05:30,Gampaha_Western,28.5,244.60318171114395,578.0,1.75,25.259418367842088
2026-10-03T13:45:00+05:30,Gampaha_Western,28.2,248.00019686804637,534.0,1.6,28.670774091165974
2026-10-03T14:00:00+05:30,Gampaha_Western,27.9,250.69341559860965,485.0,1.51,32.15609745636372
2026-10-03T14:15:00+05:30,Gampaha_Western,27.6,252.8801246447385,427.0,1.36,35.693706437191445
2026-10-03T14:30:00+05:30,Gampaha_Western,27.3,254.69282448043106,357.0,1.18,39.26945087532624
2026-10-03T14:45:00+05:30,Gampaha_Western,27.0,256.2229125145113,288.0,0.98,42.87376747261565
2026-10-03T15:00:00+05:30,Gampaha_Western,26.8,257.5350816571852,230.0,0.78,46.499989092780105
2026-10-03T15:15:00+05:30,Gampaha_Western,26.6,258.67623197886866,192.0,0.52,50.14333869842763
2026-10-03T15:30:00+05:30,Gampaha_Western,26.4,259.68111645837814,169.0,0.27,53.800311151987216
2026-10-03T15:45:00+05:30,Gampaha_Western,26.2,260.5760054737562,153.0,0.0,57.46827925122609
2026-10-03T16:00:00+05:30,Gampaha_Western,26.0,261.38112312040664,138.0,0.32,61.14523592218519
2026-10-03T16:15:00+05:30,Gampaha_Western,25.8,262.11230437886206,121.0,0.59,64.82962253637092
2026-10-03T16:30:00+05:30,Gampaha_Western,25.7,262.782146076294,104.0,0.85,68.52020982155189
2026-10-03T16:45:00+05:30,Gampaha_Western,25.5,263.4008227424952,87.0,1.08,72.21601416111142
2026-10-03T17:00:00+05:30,Gampaha_Western,25.4,263.9766763948768,71.0,1.28,75.9162390783639
2026-10-03T17:15:00+05:30,Gampaha_Western,25.2,264.51665065626736,54.0,1.44,79.62023141208974
2026-10-03T17:30:00+05:30,Gampaha_Western,25.1,265.026616755719,36.0,1.55,83.32744873701738
2026-10-03T17:45:00+05:30,Gampaha_Western,25.0,265.5116237413931,20.0,1.6,87.03743621382533
2026-10-03T18:00:00+05:30,Gampaha_Western,24.9,265.97609490291336,5.0,1.55,90.74980762491812
2026-10-03T18:15:00+05:30,Gampaha_Western,24.9,266.4239867541804,0.0,1.5,94.46423050426478
2026-10-03T18:30:00+05:30,Gampaha_Western,24.8,266.8589227703216,0.0,1.46,98.18041572657272
2026-10-03T18:45:00+05:30,Gampaha_Western,24.8,267.28431101308297,0.0,1.37,101.89810774737575
2026-10-03T19:00:00+05:30,Gampaha_Western,24.8,267.70345397010334,0.0,1.21,105.6170763466301
2026-10-03T19:15:00+05:30,Gampaha_Western,24.7,268.1196584828691,0.0,1.05,109.33711087429559
2026-10-03T19:30:00+05:30,Gampaha_Western,24.7,268.5363536878767,0.0,0.96,113.05801356374235
2026-10-03T19:45:00+05:30,Gampaha_Western,24.7,268.9572270996912,0.0,0.87,116.7795929830146
2026-10-03T20:00:00+05:30,Gampaha_Western,24.7,269.38639222712084,0.0,0.76,120.50165865553737
2026-10-03T20:15:00+05:30,Gampaha_Western,24.7,269.8286063242349,0.0,0.68,124.2240132743652
2026-10-03T20:30:00+05:30,Gampaha_Western,24.6,270.2895671004358,0.0,0.64,127.9464431957465
2026-10-03T20:45:00+05:30,Gampaha_Western,24.6,270.77633396951535,0.0,0.64,131.66870749793196
2026-10-03T21:00:00+05:30,Gampaha_Western,24.6,271.29794831502204,0.0,0.64,135.39052063977863
2026-10-03T21:15:00+05:30,Gampaha_Western,24.5,271.8663813078471,0.0,0.67,139.1115268984854
2026-10-03T21:30:00+05:30,Gampaha_Western,24.5,272.4980394201978,0.0,0.71,142.8312621534513
2026-10-03T21:45:00+05:30,Gampaha_Western,24.4,273.2162592862435,0.0,0.75,146.5490888907846
2026-10-03T22:00:00+05:30,Gampaha_Western,24.4,274.0556508029632,0.0,0.82,150.26408377502628
2026-10-03T22:15:00+05:30,Gampaha_Western,24.3,275.07011332593305,0.0,0.86,153.9748320741832
2026-10-03T22:30:00+05:30,Gampaha_Western,24.3,276.34872839997024,0.0,0.93,157.6790166646782
2026-10-03T22:45:00+05:30,Gampaha_Western,24.2,278.050247552266,0.0,1.0,161.37252247088014
2026-10-03T23:00:00+05:30,Gampaha_Western,24.2,280.48729597650447,0.0,1.04,165.04723354471506
2026-10-03T23:15:00+05:30,Gampaha_Western,24.2,284.36767960571706,0.0,1.11,168.6846164977691
2026-10-03T23:30:00+05:30,Gampaha_Western,24.1,291.6621346934246,0.0,1.15,172.231833090269
2026-10-03T23:45:00+05:30,Gampaha_Western,24.1,309.8349461462384,0.0,1.19,175.47153236093607
2026-10-04T00:00:00+05:30,Gampaha_Western,24.0,5.204727395020768,0.0,1.19,177.07992991029664
2026-10-04T00:15:00+05:30,Gampaha_Western,24.0,54.208714129843486,0.0,1.23,175.05998528157386
2026-10-04T00:30:00+05:30,Gampaha_Western,23.9,69.84673655012949,0.0,1.23,171.74550772911073
2026-10-04T00:45:00+05:30,Gampaha_Western,23.9,76.43531726862443,0.0,1.23,168.17954449119253
2026-10-04T01:00:00+05:30,Gampaha_Western,23.8,80.04227778287691,0.0,1.28,164.53520774353123
2026-10-04T01:15:00+05:30,Gampaha_Western,23.7,82.34813370884444,0.0,1.28,160.85733044057298
2026-10-04T01:30:00+05:30,Gampaha_Western,23.7,83.97764045328398,0.0,1.28,157.1622429676445
2026-10-04T01:45:00+05:30,Gampaha_Western,23.6,85.21309467190304,0.0,1.28,153.4572713591051
2026-10-04T02:00:00+05:30,Gampaha_Western,23.6,86.20015072047465,0.0,1.28,149.7461928318674
2026-10-04T02:15:00+05:30,Gampaha_Western,23.6,87.02151296219796,0.0,1.25,146.03116221877713
2026-10-04T02:30:00+05:30,Gampaha_Western,23.5,87.72768584427865,0.0,1.25,142.31350987395166
2026-10-04T02:45:00+05:30,Gampaha_Western,23.5,88.35134491946985,0.0,1.25,138.5941117158647
2026-10-04T03:00:00+05:30,Gampaha_Western,23.4,88.91466525903036,0.0,1.25,134.8735785888177
2026-10-04T03:15:00+05:30,Gampaha_Western,23.4,89.43332760962437,0.0,1.19,131.1523600702065
2026-10-04T03:30:00+05:30,Gampaha_Western,23.3,89.91883701739158,0.0,1.19,127.43080349956217
2026-10-04T03:45:00+05:30,Gampaha_Western,23.3,90.37993064968407,0.0,1.19,123.70919126693514
2026-10-04T04:00:00+05:30,Gampaha_Western,23.2,90.82346939658152,0.0,1.16,119.98776502401375
2026-10-04T04:15:00+05:30,Gampaha_Western,23.1,91.25502474485688,0.0,1.12,116.2667407732138
2026-10-04T04:30:00+05:30,Gampaha_Western,23.1,91.67927932424197,0.0,1.12,112.546320914819
2026-10-04T04:45:00+05:30,Gampaha_Western,23.1,92.10031095374245,0.0,1.12,108.82670358035097
2026-10-04T05:00:00+05:30,Gampaha_Western,23.2,92.52180282969664,0.0,1.07,105.10808891658897
2026-10-04T05:15:00+05:30,Gampaha_Western,23.3,92.9472065202973,0.0,1.07,101.39068608176042
2026-10-04T05:30:00+05:30,Gampaha_Western,23.4,93.37987591543458,0.0,1.03,97.67472002816544
2026-10-04T05:45:00+05:30,Gampaha_Western,23.5,93.82318500024832,0.0,1.03,93.96043704501521
2026-10-04T06:00:00+05:30,Gampaha_Western,23.8,94.28063881281571,0.0,1.01,90.24811249247006
2026-10-04T06:15:00+05:30,Gampaha_Western,24.0,94.75598595433672,11.0,1.01,86.53805969558627
2026-10-04T06:30:00+05:30,Gampaha_Western,24.3,95.253340670895,42.0,1.0,82.83063905627142
2026-10-04T06:45:00+05:30,Gampaha_Western,24.6,95.77732254222798,85.0,0.99,79.126271054239
2026-10-04T07:00:00+05:30,Gampaha_Western,24.9,96.33322390527769,136.0,1.03,75.42545256393463
2026-10-04T07:15:00+05:30,Gampaha_Western,25.3,96.9272179884232,189.0,0.99,71.72877624464469
2026-10-04T07:30:00+05:30,Gampaha_Western,25.6,97.5666244981478,239.0,0.99,68.0369577463137
2026-10-04T07:45:00+05:30,Gampaha_Western,26.0,98.26025680389483,289.0,1.0,64.3508717604437
2026-10-04T08:00:00+05:30,Gampaha_Western,26.3,99.01888545568414,341.0,0.94,60.67159912996631
2026-10-04T08:15:00+05:30,Gampaha_Western,26.6,99.85586816482328,401.0,0.94,57.000493512619386
2026-10-04T08:30:00+05:30,Gampaha_Western,27.0,100.78802250329977,471.0,0.9,53.339274516014406
2026-10-04T08:45:00+05:30,Gampaha_Western,27.3,101.8368583794246,545.0,0.86,49.690158966118815
2026-10-04T09:00:00+05:30,Gampaha_Western,27.7,103.0303523380577,616.0,0.85,46.056054209660054
2026-10-04T09:15:00+05:30,Gampaha_Western,28.1,104.40555619512293,675.0,0.81,42.440846290245595
2026-10-04T09:30:00+05:30,Gampaha_Western,28.4,106.01251814150123,721.0,0.87,38.849839375684205
2026-10-04T09:45:00+05:30,Gampaha_Western,28.8,107.92031086025833,756.0,0.97,35.29044972748876
2026-10-04T10:00:00+05:30,Gampaha_Western,29.2,110.2265115746822,785.0,1.1,31.773332400606108
2026-10-04T10:15:00+05:30,Gampaha_Western,29.6,113.07241433772754,810.0,1.22,28.314270945967742
2026-10-04T10:30:00+05:30,Gampaha_Western,29.9,116.66773208098834,829.0,1.39,24.937461517642006
2026-10-04T10:45:00+05:30,Gampaha_Western,30.1,121.33030767962981,842.0,1.57,21.68139524652358
2026-10-04T11:00:00+05:30,Gampaha_Western,30.4,127.5454883211857,848.0,1.68,18.609582609761347
2026-10-04T11:15:00+05:30,Gampaha_Western,30.5,136.03140637463366,849.0,1.82,15.829677453546267
2026-10-04T11:30:00+05:30,Gampaha_Western,30.6,147.70548931941198,844.0,1.96,13.52293636830369
2026-10-04T11:45:00+05:30,Gampaha_Western,30.6,163.19394930817214,833.0,2.12,11.96621380742502
2026-10-04T12:00:00+05:30,Gampaha_Western,30.5,181.52525473970687,817.0,2.23,11.469100401105038
2026-10-04T12:15:00+05:30,Gampaha_Western,30.4,199.55269841847803,796.0,2.34,12.162228128223802
2026-10-04T12:30:00+05:30,Gampaha_Western,30.2,214.40169511451973,772.0,2.45,13.868262333091963
2026-10-04T12:45:00+05:30,Gampaha_Western,29.9,225.47342487547846,743.0,2.56,16.271652077461894
2026-10-04T13:00:00+05:30,Gampaha_Western,29.6,233.51440261428945,710.0,2.69,19.111074598657453
2026-10-04T13:15:00+05:30,Gampaha_Western,29.3,239.42339397135422,675.0,2.8,22.219981233977833
2026-10-04T13:30:00+05:30,Gampaha_Western,29.0,243.87627770538148,639.0,2.87,25.499980503684867
2026-10-04T13:45:00+05:30,Gampaha_Western,28.7,247.32521749945852,599.0,2.89,28.892844339411198
2026-10-04T14:00:00+05:30,Gampaha_Western,28.5,250.06619077812343,555.0,2.91,32.36307633851351
2026-10-04T14:15:00+05:30,Gampaha_Western,28.2,252.29505985425203,503.0,2.84,35.888220729763596
2026-10-04T14:30:00+05:30,Gampaha_Western,27.9,254.14431789809976,442.0,2.75,39.45354061048376
2026-10-04T14:45:00+05:30,Gampaha_Western,27.7,255.70584715114398,381.0,2.57,43.04903428698376
2026-10-04T15:00:00+05:30,Gampaha_Western,27.5,257.0449471735159,327.0,2.33,46.66770655030143
2026-10-04T15:15:00+05:30,Gampaha_Western,27.3,258.20910414566794,286.0,2.05,50.30453280567838
2026-10-04T15:30:00+05:30,Gampaha_Western,27.1,259.23358809137505,256.0,1.78,53.95581906878453
2026-10-04T15:45:00+05:30,Gampaha_Western,26.9,260.1451068495693,230.0,1.45,57.618792409969565
2026-10-04T16:00:00+05:30,Gampaha_Western,26.7,260.96424641847835,204.0,1.15,61.29133203820744
2026-10-04T16:15:00+05:30,Gampaha_Western,26.5,261.7071368263352,177.0,0.87,64.97178966312316
2026-10-04T16:30:00+05:30,Gampaha_Western,26.3,262.3866124047268,151.0,0.76,68.65886467045286
2026-10-04T16:45:00+05:30,Gampaha_Western,26.1,263.0130360161141,125.0,0.86,72.35151624165815
2026-10-04T17:00:00+05:30,Gampaha_Western,25.9,263.5948957769476,99.0,1.0,76.04890176159456
2026-10-04T17:15:00+05:30,Gampaha_Western,25.8,264.13924460894066,72.0,1.19,79.75033071878558
2026-10-04T17:30:00+05:30,Gampaha_Western,25.6,264.6520302591239,45.0,1.35,83.45523042818155
2026-10-04T17:45:00+05:30,Gampaha_Western,25.5,265.13834823252034,23.0,1.42,87.16312161354726
2026-10-04T18:00:00+05:30,Gampaha_Western,25.4,265.6026397187379,5.0,1.46,90.87359850353309
2026-10-04T18:15:00+05:30,Gampaha_Western,25.3,266.04885090131864,0.0,1.46,94.58631327340517
2026-10-04T18:30:00+05:30,Gampaha_Western,25.2,266.48056580918706,0.0,1.44,98.30096515847325
2026-10-04T18:45:00+05:30,Gampaha_Western,25.1,266.90112172333914,0.0,1.39,102.01729038615919
2026-10-04T19:00:00+05:30,Gampaha_Western,25.1,267.3137152390609,0.0,1.33,105.73505377952658
2026-10-04T19:15:00+05:30,Gampaha_Western,25.0,267.72150647829966,0.0,1.24,109.45404301987772
2026-10-04T19:30:00+05:30,Gampaha_Western,24.9,268.1277287984479,0.0,1.14,113.17406215323062
2026-10-04T19:45:00+05:30,Gampaha_Western,24.9,268.53581323932156,0.0,1.04,116.89492544335573
2026-10-04T20:00:00+05:30,Gampaha_Western,24.8,268.94953974289774,0.0,1.0,120.61645266256565
2026-10-04T20:15:00+05:30,Gampaha_Western,24.8,269.3732316778092,0.0,0.9,124.33846234111527
2026-10-04T20:30:00+05:30,Gampaha_Western,24.7,269.8120192387555,0.0,0.85,128.06076383089015
2026-10-04T20:45:00+05:30,Gampaha_Western,24.7,270.2722120773722,0.0,0.81,131.7831487171162
2026-10-04T21:00:00+05:30,Gampaha_Western,24.6,270.7618470805013,0.0,0.78,135.50537707044748
2026-10-04T21:15:00+05:30,Gampaha_Western,24.6,271.29152525671606,0.0,0.78,139.22715746998696
2026-10-04T21:30:00+05:30,Gampaha_Western,24.5,271.87574218918627,0.0,0.76,142.94811772940614
2026-10-04T21:45:00+05:30,Gampaha_Western,24.5,272.53509658245605,0.0,0.75,146.66775474780317
2026-10-04T22:00:00+05:30,Gampaha_Western,24.4,273.30014493791873,0.0,0.78,150.38534785945623
2026-10-04T22:15:00+05:30,Gampaha_Western,24.4,274.2185421729707,0.0,0.74,154.0998005438518
2026-10-04T22:30:00+05:30,Gampaha_Western,24.4,275.3692705660858,0.0,0.78,157.80932225140276
2026-10-04T22:45:00+05:30,Gampaha_Western,24.3,276.8937445624445,0.0,0.78,161.51073122839142
2026-10-04T23:00:00+05:30,Gampaha_Western,24.3,279.07261579737497,0.0,0.78,165.19772450157652
2026-10-04T23:15:00+05:30,Gampaha_Western,24.3,282.55012242108876,0.0,0.79,168.85576048398724
2026-10-04T23:30:00+05:30,Gampaha_Western,24.2,289.1721714829708,0.0,0.79,172.44242866379167
2026-10-04T23:45:00+05:30,Gampaha_Western,24.2,306.50796621999405,0.0,0.79,175.77173974429786
2026-10-05T00:00:00+05:30,Gampaha_Western,24.2,7.707176569470562,0.0,0.79,177.45458531678486
2026-10-05T00:15:00+05:30,Gampaha_Western,24.1,58.48309375333616,0.0,0.75,175.21254986173346
2026-10-05T00:30:00+05:30,Gampaha_Western,24.1,72.56527963100774,0.0,0.75,171.80252879690093
2026-10-05T00:45:00+05:30,Gampaha_Western,24.0,78.35378685479077,0.0,0.75,168.1968988977174
2026-10-05T01:00:00+05:30,Gampaha_Western,24.0,81.51620166656181,0.0,0.71,164.53197215460074
2026-10-05T01:15:00+05:30,Gampaha_Western,24.0,83.54536582594017,0.0,0.74,160.84188091827605
2026-10-05T01:30:00+05:30,Gampaha_Western,23.9,84.98804369187894,0.0,0.71,157.138948505207
2026-10-05T01:45:00+05:30,Gampaha_Western,23.9,86.08985190345459,0.0,0.67,153.42869198529695
2026-10-05T02:00:00+05:30,Gampaha_Western,23.9,86.97720283627194,0.0,0.71,149.7139592265814
2026-10-05T02:15:00+05:30,Gampaha_Western,23.8,87.72181099138874,0.0,0.68,145.99638116590123
2026-10-05T02:30:00+05:30,Gampaha_Western,23.8,88.3674748483063,0.0,0.72,142.2769717237908
2026-10-05T02:45:00+05:30,Gampaha_Western,23.7,88.94255834082941,0.0,0.72,138.55640540373014
2026-10-05T03:00:00+05:30,Gampaha_Western,23.7,89.46634550848665,0.0,0.74,134.835159601128
2026-10-05T03:15:00+05:30,Gampaha_Western,23.6,89.95251136117531,0.0,0.74,131.11359277278433
2026-10-05T03:30:00+05:30,Gampaha_Western,23.5,90.41113013203858,0.0,0.78,127.39198870551738
2026-10-05T03:45:00+05:30,Gampaha_Western,23.5,90.84989497573781,0.0,0.83,123.67058491886554
2026-10-05T04:00:00+05:30,Gampaha_Western,23.4,91.2748911838595,0.0,0.87,119.94959133315321
2026-10-05T04:15:00+05:30,Gampaha_Western,23.3,91.69110616360456,0.0,0.87,116.22920179845873
2026-10-05T04:30:00+05:30,Gampaha_Western,23.3,92.10277871270233,0.0,0.92,112.50960381456808
2026-10-05T04:45:00+05:30,Gampaha_Western,23.3,92.51364812889801,0.0,0.92,108.79098633194707
2026-10-05T05:00:00+05:30,Gampaha_Western,23.3,92.92714019706494,0.0,0.97,105.07354503094004
2026-10-05T05:15:00+05:30,Gampaha_Western,23.4,93.3465132568985,0.0,0.97,101.35748868805929
2026-10-05T05:30:00+05:30,Gampaha_Western,23.5,93.77498029367041,0.0,0.97,97.6430456047977
2026-10-05T05:45:00+05:30,Gampaha_Western,23.7,94.21581850601444,0.0,0.97,93.93046901685005
2026-10-05T06:00:00+05:30,Gampaha_Western,24.0,94.67247480320549,0.0,0.98,90.220044886916
2026-10-05T06:15:00+05:30,Gampaha_Western,24.3,95.14867501802144,12.0,0.94,86.51210103443147
2026-10-05T06:30:00+05:30,Gampaha_Western,24.6,95.64854450950634,45.0,0.96,82.80701667589295
2026-10-05T06:45:00+05:30,Gampaha_Western,24.9,96.17674802137356,88.0,0.99,79.10523607056379
2026-10-05T07:00:00+05:30,Gampaha_Western,25.3,96.73865889701182,139.0,0.97,75.40728573717291
2026-10-05T07:15:00+05:30,Gampaha_Western,25.7,97.34057073774034,192.0,0.97,71.7137950758898
2026-10-05T07:30:00+05:30,Gampaha_Western,26.1,97.98996848964174,243.0,0.96,68.02552523583164
2026-10-05T07:45:00+05:30,Gampaha_Western,26.4,98.69588350723416,294.0,0.92,64.3434074075445
2026-10-05T08:00:00+05:30,Gampaha_Western,26.8,99.46936792144777,346.0,0.88,60.66859297761232
2026-10-05T08:15:00+05:30,Gampaha_Western,27.1,100.32413924172448,402.0,0.85,57.00252434816143
2026-10-05T08:30:00+05:30,Gampaha_Western,27.5,101.27747248854371,462.0,0.76,53.347033832136056
2026-10-05T08:45:00+05:30,Gampaha_Western,27.8,102.35145816018394,524.0,0.7,49.704482987317746
2026-10-05T09:00:00+05:30,Gampaha_Western,28.1,103.57480924089282,583.0,0.65,46.077967380233034
2026-10-05T09:15:00+05:30,Gampaha_Western,28.4,104.98551006564901,636.0,0.62,42.4716212779196
2026-10-05T09:30:00+05:30,Gampaha_Western,28.6,106.63478229430461,682.0,0.72,38.891081194340465
2026-10-05T09:45:00+05:30,Gampaha_Western,28.9,108.59315006283595,723.0,0.88,35.34421542171918
2026-10-05T10:00:00+05:30,Gampaha_Western,29.2,110.95991006934264,759.0,1.1,31.842303266034826
2026-10-05T10:15:00+05:30,Gampaha_Western,29.4,113.87817462549765,794.0,1.37,28.40200102479063
2026-10-05T10:30:00+05:30,Gampaha_Western,29.6,117.55893370443141,832.0,1.58,25.048729678644506
2026-10-05T10:45:00+05:30,Gampaha_Western,29.8,122.31881031381579,864.0,1.81,21.822668201622378
2026-10-05T11:00:00+05:30,Gampaha_Western,30.0,128.63398800862205,880.0,2.05,18.789476049491142
2026-10-05T11:15:00+05:30,Gampaha_Western,30.2,137.1919038259362,868.0,2.24,16.058834430435127
2026-10-05T11:30:00+05:30,Gampaha_Western,30.3,148.83261401811205,822.0,2.29,13.81139275230791
2026-10-05T11:45:00+05:30,Gampaha_Western,30.4,164.05420977109418,759.0,2.15,12.314622102871198
2026-10-05T12:00:00+05:30,Gampaha_Western,30.5,181.84450847090974,702.0,1.92,11.856320679649684
2026-10-05T12:15:00+05:30,Gampaha_Western,30.6,199.29125457321476,668.0,1.64,12.550769455230721
2026-10-05T12:30:00+05:30,Gampaha_Western,30.6,213.7756037866141,654.0,1.41,14.230184706523445
2026-10-05T12:45:00+05:30,Gampaha_Western,30.5,224.70366782695282,647.0,1.27,16.598223839028364
2026-10-05T13:00:00+05:30,Gampaha_Western,30.3,232.7235214584648,639.0,1.12,19.404379545821797
2026-10-05T13:15:00+05:30,Gampaha_Western,30.1,238.66258817434982,623.0,0.96,22.485200423494476
2026-10-05T13:30:00+05:30,Gampaha_Western,29.8,243.16216068718873,603.0,0.81,25.74224357990225
2026-10-05T13:45:00+05:30,Gampaha_Western,29.6,246.65995563081805,581.0,0.61,29.116413775376685
2026-10-05T14:00:00+05:30,Gampaha_Western,29.3,249.44649974968416,556.0,0.49,32.5713130873959
2026-10-05T14:15:00+05:30,Gampaha_Western,29.1,251.7159564831656,530.0,0.38,36.08374217568694
2026-10-05T14:30:00+05:30,Gampaha_Western,28.8,253.60061945814164,502.0,0.3,39.63839133091582
2026-10-05T14:45:00+05:30,Gampaha_Western,28.5,255.19272682417966,472.0,0.35,43.2248263220178
2026-10-05T15:00:00+05:30,Gampaha_Western,28.2,256.5580987801642,441.0,0.51,46.83572576400156
2026-10-05T15:15:00+05:30,Gampaha_Western,27.9,257.7447496807064,408.0,0.68,50.4658174952833
2026-10-05T15:30:00+05:30,Gampaha_Western,27.6,258.78842695461077,374.0,0.86,54.1112177981947
2026-10-05T15:45:00+05:30,Gampaha_Western,27.3,259.7162482880795,339.0,1.05,57.769006762910884
2026-10-05T16:00:00+05:30,Gampaha_Western,27.1,260.54914198421307,302.0,1.2,61.43694851611173
2026-10-05T16:15:00+05:30,Gampaha_Western,26.8,261.3035189466328,263.0,1.35,65.11330374812529
2026-10-05T16:30:00+05:30,Gampaha_Western,26.5,261.992440567189,225.0,1.5,68.79669919858566
2026-10-05T16:45:00+05:30,Gampaha_Western,26.3,262.62645019532346,186.0,1.6,72.48603561279565
2026-10-05T17:00:00+05:30,Gampaha_Western,26.1,263.2141760326543,146.0,1.7,76.18042307125279
2026-10-05T17:15:00+05:30,Gampaha_Western,25.9,263.76277558600935,105.0,1.8,79.87913259986806
2026-10-05T17:30:00+05:30,Gampaha_Western,25.8,264.27826933025756,65.0,1.85,83.58156017839914
2026-10-05T17:45:00+05:30,Gampaha_Western,25.6,264.7657960852791,31.0,1.9,87.28720103242452
2026-10-05T18:00:00+05:30,Gampaha_Western,25.5,265.2298122384319,6.0,1.9,90.99562876859557
2026-10-05T18:15:00+05:30,Gampaha_Western,25.4,265.6742512135938,0.0,1.9,94.70647910473443
2026-10-05T18:30:00+05:30,Gampaha_Western,25.3,266.10265529258055,0.0,1.9,98.41943847140114
2026-10-05T18:45:00+05:30,Gampaha_Western,25.2,266.5182886685012,0.0,1.9,102.13423360835297
2026-10-05T19:00:00+05:30,Gampaha_Western,25.1,266.92423958885746,0.0,1.85,105.85062298414518
2026-10-05T19:15:00+05:30,Gampaha_Western,25.1,267.3235186882797,0.0,1.85,109.56839102513948
2026-10-05T19:30:00+05:30,Gampaha_Western,25.0,267.71916025786464,0.0,1.8,113.28734175069305
2026-10-05T19:45:00+05:30,Gampaha_Western,24.9,268.1143347754078,0.0,1.75,117.0072929407745
2026-10-05T20:00:00+05:30,Gampaha_Western,24.8,268.51248332935126,0.0,1.7,120.72807198470946
2026-10-05T20:15:00+05:30,Gampaha_Western,24.8,268.91748832309383,0.0,1.6,124.44951001161853
2026-10-05T20:30:00+05:30,Gampaha_Western,24.7,269.33390264769514,0.0,1.55,128.1714352980801
2026-10-05T20:45:00+05:30,Gampaha_Western,24.7,269.7672722348802,0.0,1.5,131.89366672444604
2026-10-05T21:00:00+05:30,Gampaha_Western,24.6,270.2246089325429,0.0,1.41,135.61600315462593
2026-10-05T21:15:00+05:30,Gampaha_Western,24.6,270.7151123051657,0.0,1.36,139.33820834476103
2026-10-05T21:30:00+05:30,Gampaha_Western,24.6,271.2513175509751,0.0,1.26,143.0599895206167
2026-10-05T21:45:00+05:30,Gampaha_Western,24.5,271.8510035722263,0.0,1.16,146.78096031327397
2026-10-05T22:00:00+05:30,Gampaha_Western,24.5,272.5405306822345,0.0,1.12,150.50057693930404
2026-10-05T22:15:00+05:30,Gampaha_Western,24.5,273.3610436514761,0.0,1.02,154.21802203238786
2026-10-05T22:30:00+05:30,Gampaha_Western,24.4,274.38088912344233,0.0,0.97,157.93196980691073
2026-10-05T22:45:00+05:30,Gampaha_Western,24.4,275.72294126077685,0.0,0.92,161.640069048507
2026-10-05T23:00:00+05:30,Gampaha_Western,24.3,277.6327678275597,0.0,0.89,165.3376501944972
2026-10-05T23:15:00+05:30,Gampaha_Western,24.3,280.6812305134158,0.0,0.84,169.01384613363993
2026-10-05T23:30:00+05:30,Gampaha_Western,24.2,286.54826500663427,0.0,0.79,172.63629184223487
2026-10-05T23:45:00+05:30,Gampaha_Western,24.2,302.6862933778112,0.0,0.74,176.05374820140213
2026-10-06T00:00:00+05:30,Gampaha_Western,24.1,11.016462897850943,0.0,0.74,177.82217630500674
2026-10-06T00:15:00+05:30,Gampaha_Western,24.0,62.99221827384224,0.0,0.7,175.33800910964086
2026-10-06T00:30:00+05:30,Gampaha_Western,23.9,75.30634527307757,0.0,0.7,171.84247253077035
2026-10-06T00:45:00+05:30,Gampaha_Western,23.8,80.26995351006593,0.0,0.65,168.20281745881317
2026-10-06T01:00:00+05:30,Gampaha_Western,23.8,82.98439465372468,0.0,0.65,164.5205005907261
2026-10-06T01:15:00+05:30,Gampaha_Western,23.7,84.73694893055944,0.0,0.6,160.82021936187758
2026-10-06T01:30:00+05:30,Gampaha_Western,23.6,85.99347943354019,0.0,0.6,157.11083487371067
2026-10-06T01:45:00+05:30,Gampaha_Western,23.5,86.96233648497412,0.0,0.6,153.39631367799933
2026-10-06T02:00:00+05:30,Gampaha_Western,23.4,87.75057547408852,0.0,0.56,149.6787101759241
2026-10-06T02:15:00+05:30,Gampaha_Western,23.3,88.418913945918,0.0,0.54,145.9592090707078
2026-10-06T02:30:00+05:30,Gampaha_Western,23.2,89.00446063666493,0.0,0.54,142.23855527634413
2026-10-06T02:45:00+05:30,Gampaha_Western,23.2,89.53128626107559,0.0,0.54,138.51725242822477
2026-10-06T03:00:00+05:30,Gampaha_Western,23.1,90.0157994813598,0.0,0.52,134.795665028526
2026-10-06T03:15:00+05:30,Gampaha_Western,23.1,90.4696818819084,0.0,0.47,131.07407476193634
2026-10-06T03:30:00+05:30,Gampaha_Western,23.0,90.9015863194814,0.0,0.47,127.35271219987729
2026-10-06T03:45:00+05:30,Gampaha_Western,23.0,91.31816912061362,0.0,0.47,123.63177764808631
2026-10-06T04:00:00+05:30,Gampaha_Western,23.0,91.72474545196587,0.0,0.47,119.91145510592365
2026-10-06T04:15:00+05:30,Gampaha_Western,23.0,92.12572282189763,0.0,0.43,116.19192078862571
2026-10-06T04:30:00+05:30,Gampaha_Western,23.1,92.52489939527163,0.0,0.43,112.4733508855034
2026-10-06T04:45:00+05:30,Gampaha_Western,23.1,92.92567839251325,0.0,0.43,108.75592808050494
2026-10-06T05:00:00+05:30,Gampaha_Western,23.2,93.33123003807265,0.0,0.38,105.0398460088068
2026-10-06T05:15:00+05:30,Gampaha_Western,23.3,93.74462081598313,0.0,0.36,101.32531512359195
2026-10-06T05:30:00+05:30,Gampaha_Western,23.4,94.1689237793122,0.0,0.32,97.61256887132512
2026-10-06T05:45:00+05:30,Gampaha_Western,23.6,94.60731996114839,0.0,0.27,93.90186904167706
2026-10-06T06:00:00+05:30,Gampaha_Western,23.8,95.06319843550864,0.0,0.27,90.19351367848051
2026-10-06T06:15:00+05:30,Gampaha_Western,24.1,95.54026223256034,14.0,0.21,86.48784650101173
2026-10-06T06:30:00+05:30,Gampaha_Western,24.4,96.04264743809767,53.0,0.16,82.78526691623968
2026-10-06T06:45:00+05:30,Gampaha_Western,24.7,96.57506316814482,105.0,0.11,79.0862443495133
2026-10-06T07:00:00+05:30,Gampaha_Western,25.1,97.14296248405702,167.0,0.07,75.3913364045828
2026-10-06T07:15:00+05:30,Gampaha_Western,25.5,97.75275743206902,229.0,0.05,71.70121075991463
2026-10-06T07:30:00+05:30,Gampaha_Western,25.9,98.41209541229887,289.0,0.1,68.01667574679416
2026-10-06T07:45:00+05:30,Gampaha_Western,26.3,99.13022179164847,344.0,0.15,64.33872093430776
2026-10-06T08:00:00+05:30,Gampaha_Western,26.7,99.91846461974382,397.0,0.25,60.66857038647103
2026-10-06T08:15:00+05:30,Gampaha_Western,27.2,100.79089307452881,451.0,0.3,57.00775771236954
2026-10-06T08:30:00+05:30,Gampaha_Western,27.6,101.76522780965087,501.0,0.35,53.35823078876359
2026-10-06T08:45:00+05:30,Gampaha_Western,28.1,102.86412245802063,547.0,0.4,49.7224992339296
2026-10-06T09:00:00+05:30,Gampaha_Western,28.5,104.11700014837186,590.0,0.46,46.10385068019751
2026-10-06T09:15:00+05:30,Gampaha_Western,28.9,105.5627372369546,631.0,0.51,42.50667195238688
2026-10-06T09:30:00+05:30,Gampaha_Western,29.3,107.25366494520927,668.0,0.56,38.93693650697541
2026-10-06T09:45:00+05:30,Gampaha_Western,29.6,109.26165539489892,701.0,0.61,35.40296880971548
2026-10-06T10:00:00+05:30,Gampaha_Western,30.0,111.68755294088999,731.0,0.66,31.916674241394816
2026-10-06T10:15:00+05:30,Gampaha_Western,30.3,114.67599661515032,757.0,0.66,28.49557679434068
2026-10-06T10:30:00+05:30,Gampaha_Western,30.6,118.4387541291245,780.0,0.71,25.16629947776518
2026-10-06T10:45:00+05:30,Gampaha_Western,30.8,123.2903941289718,799.0,0.71,21.970643398186724
2026-10-06T11:00:00+05:30,Gampaha_Western,31.0,129.69670718497156,810.0,0.71,18.976253994747296
2026-10-06T11:15:00+05:30,Gampaha_Western,31.1,138.3134632454179,811.0,0.7,16.29448690024192
2026-10-06T11:30:00+05:30,Gampaha_Western,31.1,149.90619561434272,799.0,0.7,14.104815971280857
2026-10-06T11:45:00+05:30,Gampaha_Western,31.1,164.85911874884198,780.0,0.65,12.665111178447674
2026-10-06T12:00:00+05:30,Gampaha_Western,31.1,182.13603028471712,760.0,0.6,12.242876159757841
2026-10-06T12:15:00+05:30,Gampaha_Western,31.0,199.03948497552628,746.0,0.55,12.938110508245629
2026-10-06T12:30:00+05:30,Gampaha_Western,30.8,213.17640648546092,736.0,0.51,14.591946267251501
2026-10-06T12:45:00+05:30,Gampaha_Western,30.6,223.96094632779295,727.0,0.47,16.92566824663318
2026-10-06T13:00:00+05:30,Gampaha_Western,30.4,231.9545004039662,715.0,0.43,19.699092525788274
2026-10-06T13:15:00+05:30,Gampaha_Western,30.2,237.91842883027564,698.0,0.39,22.751972486765425
2026-10-06T13:30:00+05:30,Gampaha_Western,29.9,242.46063611563332,678.0,0.43,25.985986047208826
2026-10-06T13:45:00+05:30,Gampaha_Western,29.6,246.00433904838388,655.0,0.5,29.34128381611268
2026-10-06T14:00:00+05:30,Gampaha_Western,29.2,248.8343354420212,629.0,0.55,32.78062758295563
2026-10-06T14:15:00+05:30,Gampaha_Western,28.9,251.14284309607967,601.0,0.68,36.28010527825815
2026-10-06T14:30:00+05:30,Gampaha_Western,28.5,253.06177777843533,571.0,0.76,39.823849165178174
2026-10-06T14:45:00+05:30,Gampaha_Western,28.2,254.68361175160092,539.0,0.89,43.40099905356996
2026-10-06T15:00:00+05:30,Gampaha_Western,27.8,256.0746036001932,504.0,1.01,47.00390983139239
2026-10-06T15:15:00+05:30,Gampaha_Western,27.4,257.28323996414576,467.0,1.15,50.627062171140146
2026-10-06T15:30:00+05:30,Gampaha_Western,27.1,258.3457071889046,428.0,1.25,54.266382034469096
2026-10-06T15:45:00+05:30,Gampaha_Western,26.7,259.28950586522603,388.0,1.35,57.918801504039045
2026-10-06T16:00:00+05:30,Gampaha_Western,26.4,260.1358874057303,346.0,1.49,61.58196842407958
2026-10-06T16:15:00+05:30,Gampaha_Western,26.0,260.9015296676595,302.0,1.56,65.25405122930987
2026-10-06T16:30:00+05:30,Gampaha_Western,25.7,261.5997108229009,258.0,1.67,68.93360280390988
2026-10-06T16:45:00+05:30,Gampaha_Western,25.5,262.2411469754248,214.0,1.74,72.61946429589844
2026-10-06T17:00:00+05:30,Gampaha_Western,25.2,262.83460048192626,167.0,1.8,76.31069736926442
2026-10-06T17:15:00+05:30,Gampaha_Western,25.0,263.3873287894992,119.0,1.87,80.00653351861745
2026-10-06T17:30:00+05:30,Gampaha_Western,24.8,263.90542137256625,72.0,1.91,83.7063363436478
2026-10-06T17:45:00+05:30,Gampaha_Western,24.7,264.39405728648455,33.0,1.94,87.4095745389169
2026-10-06T18:00:00+05:30,Gampaha_Western,24.5,264.85770548121457,6.0,1.94,91.1158000395401
2026-10-06T18:15:00+05:30,Gampaha_Western,24.4,265.30028426816915,0.0,1.91,94.8246310171534
2026-10-06T18:30:00+05:30,Gampaha_Western,24.3,265.7252919731919,0.0,1.91,98.53573994276967
2026-10-06T18:45:00+05:30,Gampaha_Western,24.2,266.1359175067865,0.0,1.91,102.24884281173331
2026-10-06T19:00:00+05:30,Gampaha_Western,24.2,266.5351384540966,0.0,1.88,105.96369033895377
2026-10-06T19:15:00+05:30,Gampaha_Western,24.1,266.92581337405716,0.0,1.84,109.68006210097116
2026-10-06T19:30:00+05:30,Gampaha_Western,24.1,267.3107744363259,0.0,1.81,113.39776023517085
2026-10-06T19:45:00+05:30,Gampaha_Western,24.0,267.6929277750307,0.0,1.74,117.11660383677187
2026-10-06T20:00:00+05:30,Gampaha_Western,24.0,268.0753707465631,0.0,1.7,120.83642524346008
2026-10-06T20:15:00+05:30,Gampaha_Western,24.0,268.4615382647115,0.0,1.63,124.55706488713629
2026-10-06T20:30:00+05:30,Gampaha_Western,23.9,268.8553969005831,0.0,1.56,128.27836581998181
2026-10-06T20:45:00+05:30,Gampaha_Western,23.9,269.2617160063792,0.0,1.49,132.00016888536544
2026-10-06T21:00:00+05:30,Gampaha_Western,23.9,269.6864634516577,0.0,1.46,135.72230474104086
2026-10-06T21:15:00+05:30,Gampaha_Western,23.8,270.1374084847595,0.0,1.39,139.44458291286458
2026-10-06T21:30:00+05:30,Gampaha_Western,23.8,270.6250801726194,0.0,1.32,143.16677706466822
2026-10-06T21:45:00+05:30,Gampaha_Western,23.8,271.1643618124232,0.0,1.25,146.88859912888717
2026-10-06T22:00:00+05:30,Gampaha_Western,23.8,271.7772850220759,0.0,1.18,150.6096550978151
2026-09-29T22:15:00+05:30,Kurunegala_NorthWestern,25.1,279.34791533435344,0.0,2.97,153.7097088225604
2026-09-29T22:30:00+05:30,Kurunegala_NorthWestern,25.0,281.29213581013255,0.0,3.0,157.36951772133108
2026-09-29T22:45:00+05:30,Kurunegala_NorthWestern,24.9,283.90422416524933,0.0,3.05,161.00042907572953
2026-09-29T23:00:00+05:30,Kurunegala_NorthWestern,24.9,287.64557061436017,0.0,3.04,164.58185615628108
2026-09-29T23:15:00+05:30,Kurunegala_NorthWestern,24.8,293.49208694531137,0.0,3.08,168.06899366648122
2026-09-29T23:30:00+05:30,Kurunegala_NorthWestern,24.7,303.79301002211184,0.0,3.07,171.34692263959067
2026-09-29T23:45:00+05:30,Kurunegala_NorthWestern,24.6,324.6212035192707,0.0,3.01,174.05849523298872
2026-09-30T00:00:00+05:30,Kurunegala_NorthWestern,24.5,3.670969709145311,0.0,2.95,175.13924083560454
2026-09-30T00:15:00+05:30,Kurunegala_NorthWestern,24.4,40.05414097685559,0.0,2.89,173.6871404388749
2026-09-30T00:30:00+05:30,Kurunegala_NorthWestern,24.3,58.49915895991762,0.0,2.84,170.83615020436662
2026-09-30T00:45:00+05:30,Kurunegala_NorthWestern,24.3,67.80103347799911,0.0,2.79,167.51012796691072
2026-09-30T01:00:00+05:30,Kurunegala_NorthWestern,24.2,73.19848800410563,0.0,2.75,164.00276314384575
2026-09-30T01:15:00+05:30,Kurunegala_NorthWestern,24.2,76.70932596767295,0.0,2.71,160.41132174450757
2026-09-30T01:30:00+05:30,Kurunegala_NorthWestern,24.1,79.18992854191714,0.0,2.67,156.7748806323291
2026-09-30T01:45:00+05:30,Kurunegala_NorthWestern,24.1,81.05311021977747,0.0,2.69,153.11180378544302
2026-09-30T02:00:00+05:30,Kurunegala_NorthWestern,24.1,82.51968199415825,0.0,2.69,149.43178335410005
2026-09-30T02:15:00+05:30,Kurunegala_NorthWestern,24.1,83.71776253111909,0.0,2.66,145.7404031300088
2026-09-30T02:30:00+05:30,Kurunegala_NorthWestern,24.1,84.72662976040476,0.0,2.64,142.04110821847786
2026-09-30T02:45:00+05:30,Kurunegala_NorthWestern,24.1,85.59796425678735,0.0,2.56,138.3361445728727
2026-09-30T03:00:00+05:30,Kurunegala_NorthWestern,24.0,86.36694808850734,0.0,2.47,134.62704637639393
2026-09-30T03:15:00+05:30,Kurunegala_NorthWestern,24.0,87.05843622947827,0.0,2.34,130.91490562859403
2026-09-30T03:30:00+05:30,Kurunegala_NorthWestern,24.0,87.6905717135395,0.0,2.27,127.20052818977796
2026-09-30T03:45:00+05:30,Kurunegala_NorthWestern,23.9,88.27699899576288,0.0,2.21,123.48453029771179
2026-09-30T04:00:00+05:30,Kurunegala_NorthWestern,23.8,88.82827261995618,0.0,2.15,119.76740025374653
2026-09-30T04:15:00+05:30,Kurunegala_NorthWestern,23.8,89.35278556591516,0.0,2.15,116.0495379328383
2026-09-30T04:30:00+05:30,Kurunegala_NorthWestern,23.7,89.85740083859935,0.0,2.15,112.33128313354537
2026-09-30T04:45:00+05:30,Kurunegala_NorthWestern,23.7,90.3478951832654,0.0,2.2,108.61293599825905
2026-09-30T05:00:00+05:30,Kurunegala_NorthWestern,23.7,90.82928156588213,0.0,2.3,104.89477091703041
2026-09-30T05:15:00+05:30,Kurunegala_NorthWestern,23.7,91.30605214600155,0.0,2.4,101.17704877101305
2026-09-30T05:30:00+05:30,Kurunegala_NorthWestern,23.8,91.78236968267419,0.0,2.5,97.46002727639299
2026-09-30T05:45:00+05:30,Kurunegala_NorthWestern,23.9,92.26222664407419,0.0,2.55,93.74396883719191
2026-09-30T06:00:00+05:30,Kurunegala_NorthWestern,24.1,92.74958557567408,0.0,2.6,90.02914961283608
2026-09-30T06:15:00+05:30,Kurunegala_NorthWestern,24.3,93.24851193295638,13.0,2.65,86.3158689210887
2026-09-30T06:30:00+05:30,Kurunegala_NorthWestern,24.5,93.76330923331989,43.0,2.66,82.60445811257944
2026-09-30T06:45:00+05:30,Kurunegala_NorthWestern,24.9,94.29866566878604,78.0,2.61,78.89529259202419
2026-09-30T07:00:00+05:30,Kurunegala_NorthWestern,25.3,94.85982292097572,119.0,2.55,75.18880634071581
2026-09-30T07:15:00+05:30,Kurunegala_NorthWestern,25.7,95.4527803043124,166.0,2.45,71.48550856091832
2026-09-30T07:30:00+05:30,Kurunegala_NorthWestern,26.1,96.08455072374721,224.0,2.45,67.78600695281054
2026-09-30T07:45:00+05:30,Kurunegala_NorthWestern,26.6,96.76349196832672,290.0,2.55,64.09103829561715
2026-09-30T08:00:00+05:30,Kurunegala_NorthWestern,27.0,97.49974703802434,360.0,2.79,60.40150801454557
2026-09-30T08:15:00+05:30,Kurunegala_NorthWestern,27.4,98.30584224286542,424.0,3.06,56.718546436898116
2026-09-30T08:30:00+05:30,Kurunegala_NorthWestern,27.8,99.19751768725064,482.0,3.29,53.043587499900696
2026-09-30T08:45:00+05:30,Kurunegala_NorthWestern,28.2,100.19490572355369,535.0,3.41,49.378479798737
2026-09-30T09:00:00+05:30,Kurunegala_NorthWestern,28.5,101.32423940951247,586.0,3.44,45.72565125279176
2026-09-30T09:15:00+05:30,Kurunegala_NorthWestern,28.8,102.62038811653838,640.0,3.43,42.088356221164226
2026-09-30T09:30:00+05:30,Kurunegala_NorthWestern,29.1,104.13071605770955,697.0,3.46,38.47105538924381
2026-09-30T09:45:00+05:30,Kurunegala_NorthWestern,29.4,105.92111046716172,753.0,3.51,34.880022803838585
2026-09-30T10:00:00+05:30,Kurunegala_NorthWestern,29.8,108.08566658073124,801.0,3.54,31.324345981747648
2026-09-30T10:15:00+05:30,Kurunegala_NorthWestern,30.1,110.7626891209029,837.0,3.64,27.81763611346966
2026-09-30T10:30:00+05:30,Kurunegala_NorthWestern,30.4,114.16177944223108,858.0,3.75,24.38108036686542
2026-09-30T10:45:00+05:30,Kurunegala_NorthWestern,30.6,118.61022315878478,869.0,3.91,21.04911674546645
2026-09-30T11:00:00+05:30,Kurunegala_NorthWestern,30.7,124.63027976064234,879.0,4.13,17.880360136702365
2026-09-30T11:15:00+05:30,Kurunegala_NorthWestern,30.8,133.048801742016,895.0,4.32,14.978796287726638
2026-09-30T11:30:00+05:30,Kurunegala_NorthWestern,30.9,145.04623462707337,918.0,4.48,12.531462956103738
2026-09-30T11:45:00+05:30,Kurunegala_NorthWestern,30.9,161.667348523447,940.0,4.58,10.850240068803075
2026-09-30T12:00:00+05:30,Kurunegala_NorthWestern,31.0,181.96626094144378,953.0,4.66,10.316745661370717
2026-09-30T12:15:00+05:30,Kurunegala_NorthWestern,31.0,201.79649140878212,951.0,4.69,11.097762679051556
2026-09-30T12:30:00+05:30,Kurunegala_NorthWestern,31.0,217.49588286378759,939.0,4.77,12.957734608051425
2026-09-30T12:45:00+05:30,Kurunegala_NorthWestern,30.9,228.69710458169388,916.0,4.85,15.513300731708412
2026-09-30T13:00:00+05:30,Kurunegala_NorthWestern,30.8,236.56754415338835,880.0,5.0,18.47805420611887
2026-09-30T13:15:00+05:30,Kurunegala_NorthWestern,30.6,242.2285467853834,827.0,5.09,21.684784405332366
2026-09-30T13:30:00+05:30,Kurunegala_NorthWestern,30.3,246.43913640320216,751.0,5.11,25.040674714585748
2026-09-30T13:45:00+05:30,Kurunegala_NorthWestern,29.9,249.67594005649255,669.0,5.01,28.493041717862717
2026-09-30T14:00:00+05:30,Kurunegala_NorthWestern,29.3,252.23850784421603,596.0,4.92,32.01065553280386
2026-09-30T14:15:00+05:30,Kurunegala_NorthWestern,28.7,254.3197317243525,545.0,4.73,35.574134653701634
2026-09-30T14:30:00+05:30,Kurunegala_NorthWestern,28.2,256.04765142719685,509.0,4.49,39.17092967538595
2026-09-30T14:45:00+05:30,Kurunegala_NorthWestern,28.0,257.5098768644442,482.0,4.21,42.79260527774381
2026-09-30T15:00:00+05:30,Kurunegala_NorthWestern,27.9,258.76807405853685,456.0,3.9,46.43330278335873
2026-09-30T15:15:00+05:30,Kurunegala_NorthWestern,27.9,259.86677984561794,429.0,3.56,50.088834933982305
2026-09-30T15:30:00+05:30,Kurunegala_NorthWestern,27.8,260.8389186676545,408.0,3.32,53.75613409843726
2026-09-30T15:45:00+05:30,Kurunegala_NorthWestern,27.6,261.70935152993036,383.0,3.16,57.4329025275794
2026-09-30T16:00:00+05:30,Kurunegala_NorthWestern,27.5,262.4972199509581,350.0,3.09,61.117384451212175
2026-09-30T16:15:00+05:30,Kurunegala_NorthWestern,27.3,263.2175326492811,303.0,2.97,64.80821494011099
2026-09-30T16:30:00+05:30,Kurunegala_NorthWestern,27.0,263.88226396828566,247.0,2.9,68.50431514712984
2026-09-30T16:45:00+05:30,Kurunegala_NorthWestern,26.6,264.5011311643942,191.0,2.84,72.20481873976723
2026-09-30T17:00:00+05:30,Kurunegala_NorthWestern,26.0,265.08215637129945,141.0,2.9,75.90902062094769
2026-09-30T17:15:00+05:30,Kurunegala_NorthWestern,25.5,265.63208123475664,99.0,2.93,79.6163383060033
2026-09-30T17:30:00+05:30,Kurunegala_NorthWestern,25.1,266.15668005035445,63.0,2.99,83.32628307499353
2026-09-30T17:45:00+05:30,Kurunegala_NorthWestern,24.9,266.6610026071829,32.0,2.96,87.03843946401724
2026-09-30T18:00:00+05:30,Kurunegala_NorthWestern,24.8,267.14956806313177,7.0,2.89,90.75244810622915
2026-09-30T18:15:00+05:30,Kurunegala_NorthWestern,24.8,267.6265259416974,0.0,2.78,94.46799198250709
2026-09-30T18:30:00+05:30,Kurunegala_NorthWestern,24.7,268.0957965846077,0.0,2.71,98.18478654909379
2026-09-30T18:45:00+05:30,Kurunegala_NorthWestern,24.7,268.56120070536696,0.0,2.65,101.90256995931665
2026-09-30T19:00:00+05:30,Kurunegala_NorthWestern,24.6,269.0265873889801,0.0,2.71,105.62109422762107
2026-09-30T19:15:00+05:30,Kurunegala_NorthWestern,24.6,269.49597007817306,0.0,2.75,109.3401182563193
2026-09-30T19:30:00+05:30,Kurunegala_NorthWestern,24.6,269.9736809663616,0.0,2.77,113.05939915501814
2026-09-30T19:45:00+05:30,Kurunegala_NorthWestern,24.6,270.4645577576696,0.0,2.72,116.77868268776038
2026-09-30T20:00:00+05:30,Kurunegala_NorthWestern,24.6,270.97418201553796,0.0,2.66,120.49769351530769
2026-09-30T20:15:00+05:30,Kurunegala_NorthWestern,24.6,271.5091965539797,0.0,2.6,124.2161210654653
2026-09-30T20:30:00+05:30,Kurunegala_NorthWestern,24.5,272.07774463291344,0.0,2.55,127.93360080091475
2026-09-30T20:45:00+05:30,Kurunegala_NorthWestern,24.5,272.69009886588265,0.0,2.55,131.6496896576825
2026-09-30T21:00:00+05:30,Kurunegala_NorthWestern,24.4,273.35959088666215,0.0,2.56,135.3638282056858
2026-09-30T21:15:00+05:30,Kurunegala_NorthWestern,24.3,274.10403248336985,0.0,2.57,139.0752834167552
2026-09-30T21:30:00+05:30,Kurunegala_NorthWestern,24.2,274.94796764846154,0.0,2.63,142.78305995861194
2026-09-30T21:45:00+05:30,Kurunegala_NorthWestern,24.2,275.92638686289155,0.0,2.7,146.48575162962763
2026-09-30T22:00:00+05:30,Kurunegala_NorthWestern,24.1,277.09114481734565,0.0,2.76,150.18128426554284
2026-09-30T22:15:00+05:30,Kurunegala_NorthWestern,24.1,278.5226757695134,0.0,2.78,153.8664458440829
2026-09-30T22:30:00+05:30,Kurunegala_NorthWestern,24.0,280.3528430654521,0.0,2.84,157.5359599123707
2026-09-30T22:45:00+05:30,Kurunegala_NorthWestern,23.9,282.8132878295913,0.0,2.85,161.18050011127139
2026-09-30T23:00:00+05:30,Kurunegala_NorthWestern,23.8,286.34867163415623,0.0,2.85,164.78194210925182
2026-09-30T23:15:00+05:30,Kurunegala_NorthWestern,23.8,291.91755558639915,0.0,2.85,168.30024414496532
2026-09-30T23:30:00+05:30,Kurunegala_NorthWestern,23.7,301.91276459573504,0.0,2.85,171.62972114602923
2026-09-30T23:45:00+05:30,Kurunegala_NorthWestern,23.6,323.0187381212447,0.0,2.9,174.42119521313558
2026-10-01T00:00:00+05:30,Kurunegala_NorthWestern,23.6,5.036858648879047,0.0,3.0,175.52007852896162
2026-10-01T00:15:00+05:30,Kurunegala_NorthWestern,23.6,42.99530541350225,0.0,3.04,173.925348126736
2026-10-01T00:30:00+05:30,Kurunegala_NorthWestern,23.5,60.87020819665872,0.0,3.09,170.96578245870256
2026-10-01T00:45:00+05:30,Kurunegala_NorthWestern,23.5,69.61041999529289,0.0,3.07,167.581679166711
2026-10-01T01:00:00+05:30,Kurunegala_NorthWestern,23.5,74.63291899616866,0.0,3.0,164.04095584642334
2026-10-01T01:15:00+05:30,Kurunegala_NorthWestern,23.4,77.89191968718382,0.0,2.94,160.42853877698747
2026-10-01T01:30:00+05:30,Kurunegala_NorthWestern,23.4,80.19588396012927,0.0,2.87,156.77797603177723
2026-10-01T01:45:00+05:30,Kurunegala_NorthWestern,23.4,81.92998110655373,0.0,2.8,153.10491729483127
2026-10-01T02:00:00+05:30,Kurunegala_NorthWestern,23.4,83.29899038710766,0.0,2.72,149.4175943313676
2026-10-01T02:15:00+05:30,Kurunegala_NorthWestern,23.3,84.42133349963945,0.0,2.67,145.72074369650767
2026-10-01T02:30:00+05:30,Kurunegala_NorthWestern,23.3,85.3701546852576,0.0,2.64,142.01728844852587
2026-10-01T02:45:00+05:30,Kurunegala_NorthWestern,23.3,86.19309516792396,0.0,2.67,138.3091369923788
2026-10-01T03:00:00+05:30,Kurunegala_NorthWestern,23.4,86.9225829200073,0.0,2.75,134.59759666439507
2026-10-01T03:15:00+05:30,Kurunegala_NorthWestern,23.4,87.58153905839174,0.0,2.83,130.88360223934797
2026-10-01T03:30:00+05:30,Kurunegala_NorthWestern,23.4,88.18671478652595,0.0,2.87,127.16784794122131
2026-10-01T03:45:00+05:30,Kurunegala_NorthWestern,23.5,88.75073221781611,0.0,2.82,123.45086930751475
2026-10-01T04:00:00+05:30,Kurunegala_NorthWestern,23.5,89.28338258364374,0.0,2.76,119.73309561211072
2026-10-01T04:15:00+05:30,Kurunegala_NorthWestern,23.5,89.79248188158158,0.0,2.71,116.01488336688432
2026-10-01T04:30:00+05:30,Kurunegala_NorthWestern,23.5,90.28445349827518,0.0,2.66,112.29654067217609
2026-10-01T04:45:00+05:30,Kurunegala_NorthWestern,23.5,90.76473829694658,0.0,2.71,108.57834494000404
2026-10-01T05:00:00+05:30,Kurunegala_NorthWestern,23.6,91.23809366808985,0.0,2.76,104.86055496637633
2026-10-01T05:15:00+05:30,Kurunegala_NorthWestern,23.6,91.70882005242936,0.0,2.87,101.14342194114559
2026-10-01T05:30:00+05:30,Kurunegala_NorthWestern,23.6,92.18094080441915,0.0,2.92,97.42719898826994
2026-10-01T05:45:00+05:30,Kurunegala_NorthWestern,23.6,92.65835333032118,0.0,2.92,93.71214854467623
2026-10-01T06:00:00+05:30,Kurunegala_NorthWestern,23.7,93.14496419835496,0.0,2.87,89.99855121142015
2026-10-01T06:15:00+05:30,Kurunegala_NorthWestern,23.7,93.64481887681501,8.0,2.82,86.28671518215316
2026-10-01T06:30:00+05:30,Kurunegala_NorthWestern,23.9,94.16223564266431,37.0,2.77,82.57698536116013
2026-10-01T06:45:00+05:30,Kurunegala_NorthWestern,24.2,94.70195266272253,84.0,2.72,78.86975586786677
2026-10-01T07:00:00+05:30,Kurunegala_NorthWestern,24.5,95.2692990008307,145.0,2.62,75.16548531461791
2026-10-01T07:15:00+05:30,Kurunegala_NorthWestern,24.9,95.87040284289407,208.0,2.52,71.46471454054434
2026-10-01T07:30:00+05:30,Kurunegala_NorthWestern,25.4,96.5124537495102,268.0,2.43,67.76809140983733
2026-10-01T07:45:00+05:30,Kurunegala_NorthWestern,25.8,97.20404298537505,322.0,2.33,64.07640348444797
2026-10-01T08:00:00+05:30,Kurunegala_NorthWestern,26.4,97.9556164127867,374.0,2.3,60.390620476154936
2026-10-01T08:15:00+05:30,Kurunegala_NorthWestern,26.9,98.78008980568183,426.0,2.23,56.711954501107904
2026-10-01T08:30:00+05:30,Kurunegala_NorthWestern,27.3,99.69370277433592,476.0,2.25,53.041944380268234
2026-10-01T08:45:00+05:30,Kurunegala_NorthWestern,27.7,100.71722903137959,520.0,2.3,49.3825746278461
2026-10-01T09:00:00+05:30,Kurunegala_NorthWestern,28.1,101.87772776746397,556.0,2.44,45.73645155884678
2026-10-01T09:15:00+05:30,Kurunegala_NorthWestern,28.5,103.21113638609677,579.0,2.62,42.10706717796672
2026-10-01T09:30:00+05:30,Kurunegala_NorthWestern,28.8,104.76620255711094,577.0,2.72,38.49920410569148
2026-10-01T09:45:00+05:30,Kurunegala_NorthWestern,29.0,106.61059916149185,565.0,2.7,34.91958061924679
2026-10-01T10:00:00+05:30,Kurunegala_NorthWestern,29.1,108.8406871416384,563.0,2.62,31.377909247379023
2026-10-01T10:15:00+05:30,Kurunegala_NorthWestern,29.2,111.5975032519683,595.0,2.51,27.888697300554895
2026-10-01T10:30:00+05:30,Kurunegala_NorthWestern,29.3,115.09347221450179,670.0,2.44,24.474435547848856
2026-10-01T10:45:00+05:30,Kurunegala_NorthWestern,29.6,119.6572186796501,762.0,2.33,21.171459514509365
2026-10-01T11:00:00+05:30,Kurunegala_NorthWestern,30.0,125.80555784979975,838.0,2.24,18.041037806053296
2026-10-01T11:15:00+05:30,Kurunegala_NorthWestern,30.3,134.33727811927747,869.0,2.13,15.19026819469083
2026-10-01T11:30:00+05:30,Kurunegala_NorthWestern,30.6,146.34437799389747,857.0,2.11,12.807312257641144
2026-10-01T11:45:00+05:30,Kurunegala_NorthWestern,30.7,162.69047976936963,823.0,2.15,11.195030091787487
2026-10-01T12:00:00+05:30,Kurunegala_NorthWestern,30.7,182.33396273425143,785.0,2.27,10.707427191779871
2026-10-01T12:15:00+05:30,Kurunegala_NorthWestern,30.6,201.45929181687717,759.0,2.4,11.488615089945952
2026-10-01T12:30:00+05:30,Kurunegala_NorthWestern,30.6,216.76037256974428,740.0,2.5,13.317147259944448
2026-10-01T12:45:00+05:30,Kurunegala_NorthWestern,30.6,227.83599844054405,720.0,2.63,15.834235694595776
2026-10-01T13:00:00+05:30,Kurunegala_NorthWestern,30.7,235.7105028341709,691.0,2.86,18.764792863303953
2026-10-01T13:15:00+05:30,Kurunegala_NorthWestern,30.7,241.42107559206724,644.0,3.1,21.943764395112083
2026-10-01T13:30:00+05:30,Kurunegala_NorthWestern,30.3,245.69169117065542,579.0,3.12,25.27757656606593
2026-10-01T13:45:00+05:30,Kurunegala_NorthWestern,29.4,248.98628149928055,508.0,2.73,28.712318151674495
2026-10-01T14:00:00+05:30,Kurunegala_NorthWestern,28.0,251.60047041882387,445.0,2.25,32.21569570220576
2026-10-01T14:15:00+05:30,Kurunegala_NorthWestern,26.7,253.7264735593127,398.0,1.99,35.76751770543045
2026-10-01T14:30:00+05:30,Kurunegala_NorthWestern,25.6,255.4927766707194,363.0,1.75,39.35463896205703
2026-10-01T14:45:00+05:30,Kurunegala_NorthWestern,25.1,256.9877505724377,334.0,1.36,42.968187730955286
2026-10-01T15:00:00+05:30,Kurunegala_NorthWestern,24.8,258.27383932843605,307.0,1.86,46.601983270405235
2026-10-01T15:15:00+05:30,Kurunegala_NorthWestern,24.6,259.39627487824333,278.0,2.92,50.25159783884691
2026-10-01T15:30:00+05:30,Kurunegala_NorthWestern,24.5,260.3885697886605,248.0,3.64,53.9137818942637
2026-10-01T15:45:00+05:30,Kurunegala_NorthWestern,24.4,261.27607004790013,220.0,3.57,57.58609833283638
2026-10-01T16:00:00+05:30,Kurunegala_NorthWestern,24.4,262.0783116237428,198.0,3.04,61.26668337622259
2026-10-01T16:15:00+05:30,Kurunegala_NorthWestern,24.5,262.8106211047028,184.0,2.34,64.9540875259377
2026-10-01T16:30:00+05:30,Kurunegala_NorthWestern,24.5,263.4852267234603,177.0,1.87,68.64716516144198
2026-10-01T16:45:00+05:30,Kurunegala_NorthWestern,24.6,264.11204612517133,167.0,1.65,72.34499690314158
2026-10-01T17:00:00+05:30,Kurunegala_NorthWestern,24.8,264.69925665604046,146.0,1.51,76.04683536647072
2026-10-01T17:15:00+05:30,Kurunegala_NorthWestern,25.0,265.25371636791436,114.0,1.44,79.75206436920038
2026-10-01T17:30:00+05:30,Kurunegala_NorthWestern,25.0,265.78128182777857,76.0,1.49,83.46016848182559
2026-10-01T17:45:00+05:30,Kurunegala_NorthWestern,24.9,266.28705415702154,39.0,1.63,87.17071135365752
2026-10-01T18:00:00+05:30,Kurunegala_NorthWestern,24.7,266.7755747761865,8.0,1.86,90.88331770755451
2026-10-01T18:15:00+05:30,Kurunegala_NorthWestern,24.5,267.25098703420394,0.0,2.06,94.59765901166912
2026-10-01T18:30:00+05:30,Kurunegala_NorthWestern,24.4,267.71717605677884,0.0,2.12,98.3134432427998
2026-10-01T18:45:00+05:30,Kurunegala_NorthWestern,24.3,268.1778963734925,0.0,2.06,102.03040493983761
2026-10-01T19:00:00+05:30,Kurunegala_NorthWestern,24.3,268.6368964769845,0.0,1.84,105.74829638852147
2026-10-01T19:15:00+05:30,Kurunegala_NorthWestern,24.3,269.09804951978055,0.0,1.64,109.4668808699775
2026-10-01T19:30:00+05:30,Kurunegala_NorthWestern,24.3,269.56550005150035,0.0,1.42,113.18592443206813
2026-10-01T19:45:00+05:30,Kurunegala_NorthWestern,24.3,270.04383996510023,0.0,1.2,116.90518708612171
2026-10-01T20:00:00+05:30,Kurunegala_NorthWestern,24.3,270.5383316655885,0.0,0.92,120.624414175663
2026-10-01T20:15:00+05:30,Kurunegala_NorthWestern,24.3,271.05520409899236,0.0,0.67,124.3433239193366
2026-10-01T20:30:00+05:30,Kurunegala_NorthWestern,24.3,271.60206158107405,0.0,0.51,128.06159113029304
2026-10-01T20:45:00+05:30,Kurunegala_NorthWestern,24.3,272.18846889287676,0.0,0.55,131.7788262821281
2026-10-01T21:00:00+05:30,Kurunegala_NorthWestern,24.3,272.8268165798302,0.0,0.82,135.49454312149305
2026-10-01T21:15:00+05:30,Kurunegala_NorthWestern,24.3,273.5336454217522,0.0,1.12,139.20810981583605
2026-10-01T21:30:00+05:30,Kurunegala_NorthWestern,24.3,274.3317496382451,0.0,1.37,142.9186735106618
2026-10-01T21:45:00+05:30,Kurunegala_NorthWestern,24.2,275.25365560744774,0.0,1.57,146.62503348349844
2026-10-01T22:00:00+05:30,Kurunegala_NorthWestern,24.2,276.34765564535434,0.0,1.74,150.32542112112594
2026-10-01T22:15:00+05:30,Kurunegala_NorthWestern,24.2,277.6888794548387,0.0,1.87,154.017096485631
2026-10-01T22:30:00+05:30,Kurunegala_NorthWestern,24.1,279.4010422496694,0.0,1.9,157.69554798442348
2026-10-01T22:45:00+05:30,Kurunegala_NorthWestern,24.1,281.702938838495,0.0,1.8,161.35276352375922
2026-10-01T23:00:00+05:30,Kurunegala_NorthWestern,24.0,285.0190790152304,0.0,1.64,164.97304498544617
2026-10-01T23:15:00+05:30,Kurunegala_NorthWestern,23.9,290.28158611120375,0.0,1.37,168.521203679135
2026-10-01T23:30:00+05:30,Kurunegala_NorthWestern,23.8,299.90261479507376,0.0,1.22,171.9016803440234
2026-10-01T23:45:00+05:30,Kurunegala_NorthWestern,23.7,321.1881331594202,0.0,1.11,174.77778926366284
2026-10-02T00:00:00+05:30,Kurunegala_NorthWestern,23.6,6.63635271730044,0.0,1.0,175.89757959159414
2026-10-02T00:15:00+05:30,Kurunegala_NorthWestern,23.5,46.1544139351214,0.0,0.95,174.1469843621976
2026-10-02T00:30:00+05:30,Kurunegala_NorthWestern,23.4,63.29893060430118,0.0,0.9,171.08068751382285
2026-10-02T00:45:00+05:30,Kurunegala_NorthWestern,23.4,71.43453489046146,0.0,0.9,167.64214264406115
2026-10-02T01:00:00+05:30,Kurunegala_NorthWestern,23.3,76.07026542654614,0.0,0.95,164.0707207577995
2026-10-02T01:15:00+05:30,Kurunegala_NorthWestern,23.3,79.07379969327076,0.0,1.05,160.43918394609034
2026-10-02T01:30:00+05:30,Kurunegala_NorthWestern,23.2,81.1999938329082,0.0,1.1,156.77583822090196
2026-10-02T01:45:00+05:30,Kurunegala_NorthWestern,23.2,82.80472584044207,0.0,1.17,153.0938033483904
2026-10-02T02:00:00+05:30,Kurunegala_NorthWestern,23.2,84.07619761251095,0.0,1.3,149.39996183513134
2026-10-02T02:15:00+05:30,Kurunegala_NorthWestern,23.1,85.12293476211306,0.0,1.42,145.69827143640487
2026-10-02T02:30:00+05:30,Kurunegala_NorthWestern,23.1,86.01187084830724,0.0,1.5,141.99117689980508
2026-10-02T02:45:00+05:30,Kurunegala_NorthWestern,23.1,86.7865774953882,0.0,1.55,138.28027810010713
2026-10-02T03:00:00+05:30,Kurunegala_NorthWestern,23.1,87.47671725108768,0.0,1.63,134.56667545339616
2026-10-02T03:15:00+05:30,Kurunegala_NorthWestern,23.1,88.10327393134764,0.0,1.66,130.85116062354683
2026-10-02T03:30:00+05:30,Kurunegala_NorthWestern,23.1,88.68160673828248,0.0,1.66,127.13432647544221
2026-10-02T03:45:00+05:30,Kurunegala_NorthWestern,23.1,89.22331655123247,0.0,1.63,123.41663551446061
2026-10-02T04:00:00+05:30,Kurunegala_NorthWestern,23.1,89.73743279694435,0.0,1.57,119.69846385292584
2026-10-02T04:15:00+05:30,Kurunegala_NorthWestern,23.1,90.23119601921496,0.0,1.52,115.98012921983182
2026-10-02T04:30:00+05:30,Kurunegala_NorthWestern,23.1,90.7105913769933,0.0,1.43,112.26191167384327
2026-10-02T04:45:00+05:30,Kurunegala_NorthWestern,23.0,91.18072504723591,0.0,1.36,108.54406887950799
2026-10-02T05:00:00+05:30,Kurunegala_NorthWestern,23.0,91.6460998325623,0.0,1.25,104.82684652684179
2026-10-02T05:15:00+05:30,Kurunegala_NorthWestern,22.9,92.11082523748632,0.0,1.22,101.11048824133056
2026-10-02T05:30:00+05:30,Kurunegala_NorthWestern,22.9,92.57878579665532,0.0,1.24,97.3952444183614
2026-10-02T05:45:00+05:30,Kurunegala_NorthWestern,22.9,93.05378424532796,0.0,1.33,93.68137920390664
2026-10-02T06:00:00+05:30,Kurunegala_NorthWestern,22.9,93.539671366746,0.0,1.53,89.96917919964135
2026-10-02T06:15:00+05:30,Kurunegala_NorthWestern,22.9,94.04047262167722,16.0,1.69,86.25896296411544
2026-10-02T06:30:00+05:30,Kurunegala_NorthWestern,23.2,94.56052078328042,52.0,1.74,82.55109042784086
2026-10-02T06:45:00+05:30,Kurunegala_NorthWestern,23.6,95.10460343676709,96.0,1.68,78.84597592472842
2026-10-02T07:00:00+05:30,Kurunegala_NorthWestern,24.2,95.6781360989379,148.0,1.47,75.14410427412483
2026-10-02T07:15:00+05:30,Kurunegala_NorthWestern,24.9,96.28737440258783,204.0,1.31,71.44604965817415
2026-10-02T07:30:00+05:30,Kurunegala_NorthWestern,25.5,96.93968245913112,263.0,1.2,67.7525019933743
2026-10-02T07:45:00+05:30,Kurunegala_NorthWestern,26.1,97.64388193870434,325.0,1.25,64.06430177048662
2026-10-02T08:00:00+05:30,Kurunegala_NorthWestern,26.6,98.41071709182472,387.0,1.4,60.38248547229739
2026-10-02T08:15:00+05:30,Kurunegala_NorthWestern,27.0,99.25348659025497,446.0,1.5,56.70834992621561
2026-10-02T08:30:00+05:30,Kurunegala_NorthWestern,27.5,100.18891979055985,497.0,1.55,53.043542322844104
2026-10-02T08:45:00+05:30,Kurunegala_NorthWestern,27.9,101.23841701191714,542.0,1.5,49.39018729276324
2026-10-02T09:00:00+05:30,Kurunegala_NorthWestern,28.2,102.42984081207192,587.0,1.36,45.751074622518345
2026-10-02T09:15:00+05:30,Kurunegala_NorthWestern,28.6,103.80016065126398,634.0,1.18,42.12994008176502
2026-10-02T09:30:00+05:30,Kurunegala_NorthWestern,28.9,105.39944926641203,683.0,1.08,38.531895463232
2026-10-02T09:45:00+05:30,Kurunegala_NorthWestern,29.3,107.2970675814488,733.0,1.01,34.964111428136356
2026-10-02T10:00:00+05:30,Kurunegala_NorthWestern,29.7,109.59147392078711,778.0,0.99,31.436933543814334
2026-10-02T10:15:00+05:30,Kurunegala_NorthWestern,30.1,112.42613770446849,816.0,0.99,27.9657698542337
2026-10-02T10:30:00+05:30,Kurunegala_NorthWestern,30.4,116.01576119807146,848.0,1.06,24.57440673209051
2026-10-02T10:45:00+05:30,Kurunegala_NorthWestern,30.7,120.68930862355205,874.0,1.16,21.301032085151377
2026-10-02T11:00:00+05:30,Kurunegala_NorthWestern,31.0,126.95642710927348,896.0,1.3,18.209423807307033
2026-10-02T11:15:00+05:30,Kurunegala_NorthWestern,31.2,135.58565783440707,916.0,1.51,15.40941192507863
2026-10-02T11:30:00+05:30,Kurunegala_NorthWestern,31.3,147.58189899484665,943.0,1.68,13.089513893992418
2026-10-02T11:45:00+05:30,Kurunegala_NorthWestern,31.4,163.64584368585975,962.0,1.88,11.542957794625977
2026-10-02T12:00:00+05:30,Kurunegala_NorthWestern,31.3,182.6692863232016,960.0,2.13,11.097919047572745
2026-10-02T12:15:00+05:30,Kurunegala_NorthWestern,31.2,201.1388941787655,922.0,2.27,11.878857890335127
2026-10-02T12:30:00+05:30,Kurunegala_NorthWestern,31.2,216.0596906132135,846.0,2.31,13.677357334038618
2026-10-02T12:45:00+05:30,Kurunegala_NorthWestern,31.3,227.0065144135078,750.0,2.06,16.157102153400984
2026-10-02T13:00:00+05:30,Kurunegala_NorthWestern,31.5,234.87745335070412,655.0,1.61,19.053928270036593
2026-10-02T13:15:00+05:30,Kurunegala_NorthWestern,31.5,240.63111117050815,575.0,1.2,22.205178413693403
2026-10-02T13:30:00+05:30,Kurunegala_NorthWestern,31.1,244.9570899377307,501.0,1.11,25.516742601535086
2026-10-02T13:45:00+05:30,Kurunegala_NorthWestern,29.9,248.30622917323694,433.0,1.62,28.933603734018554
2026-10-02T14:00:00+05:30,Kurunegala_NorthWestern,28.3,250.96977949624818,372.0,2.59,32.42246363781662
2026-10-02T14:15:00+05:30,Kurunegala_NorthWestern,26.6,253.13895538722875,321.0,3.46,35.962347436001664
2026-10-02T14:30:00+05:30,Kurunegala_NorthWestern,25.5,254.9424738925817,277.0,3.81,39.53952530714416
2026-10-02T14:45:00+05:30,Kurunegala_NorthWestern,25.0,256.46932746277685,241.0,3.3,43.14469298749219
2026-10-02T15:00:00+05:30,Kurunegala_NorthWestern,25.0,257.78264725820816,215.0,2.41,46.77134821010216
2026-10-02T15:15:00+05:30,Kurunegala_NorthWestern,25.2,258.92829995738686,200.0,1.76,50.41482180238149
2026-10-02T15:30:00+05:30,Kurunegala_NorthWestern,25.3,259.9403453807126,196.0,1.73,54.071680771532336
2026-10-02T15:45:00+05:30,Kurunegala_NorthWestern,25.3,260.84458624116576,196.0,1.86,57.73934694091357
2026-10-02T16:00:00+05:30,Kurunegala_NorthWestern,25.3,261.6609330077516,191.0,1.93,61.41584682540912
2026-10-02T16:15:00+05:30,Kurunegala_NorthWestern,25.2,262.4050157631774,177.0,1.95,65.09964475380625
2026-10-02T16:30:00+05:30,Kurunegala_NorthWestern,25.2,263.08930605369824,159.0,1.96,68.78952684795314
2026-10-02T16:45:00+05:30,Kurunegala_NorthWestern,25.2,263.7239139662734,138.0,1.85,72.48451931258667
2026-10-02T17:00:00+05:30,Kurunegala_NorthWestern,25.1,264.3171659513582,112.0,1.67,76.18383120908511
2026-10-02T17:15:00+05:30,Kurunegala_NorthWestern,25.1,264.8760316506907,82.0,1.47,79.88681146836834
2026-10-02T17:30:00+05:30,Kurunegala_NorthWestern,25.0,265.4064459921176,51.0,1.27,83.59291682217447
2026-10-02T17:45:00+05:30,Kurunegala_NorthWestern,24.9,265.9135581387988,24.0,0.94,87.30168893149951
2026-10-02T18:00:00+05:30,Kurunegala_NorthWestern,24.8,266.4019288860674,4.0,0.53,91.01273551618706
2026-10-02T18:15:00+05:30,Kurunegala_NorthWestern,24.7,266.8756927442491,0.0,0.21,94.72571541805793
2026-10-02T18:30:00+05:30,Kurunegala_NorthWestern,24.6,267.33869702465205,0.0,0.3,98.44032797100867
2026-10-02T18:45:00+05:30,Kurunegala_NorthWestern,24.5,267.7946273854649,0.0,0.36,102.15630285342169
2026-10-02T19:00:00+05:30,Kurunegala_NorthWestern,24.4,268.2471287819517,0.0,0.39,105.87339125277673
2026-10-02T19:15:00+05:30,Kurunegala_NorthWestern,24.3,268.69993067283394,0.0,0.46,109.5913592902119
2026-10-02T19:30:00+05:30,Kurunegala_NorthWestern,24.2,269.15698584200203,0.0,0.5,113.30998018723342
2026-10-02T19:45:00+05:30,Kurunegala_NorthWestern,24.1,269.6226351725835,0.0,0.43,117.02902612654735
2026-10-02T20:00:00+05:30,Kurunegala_NorthWestern,24.1,270.10181512353273,0.0,0.34,120.7482606556882
2026-10-02T20:15:00+05:30,Kurunegala_NorthWestern,24.1,270.6003316294276,0.0,0.4,124.46742776194384
2026-10-02T20:30:00+05:30,Kurunegala_NorthWestern,24.1,271.12523738043495,0.0,0.49,128.186237857719
2026-10-02T20:45:00+05:30,Kurunegala_NorthWestern,24.0,271.6853712199701,0.0,0.34,131.90435021240927
2026-10-02T21:00:00+05:30,Kurunegala_NorthWestern,24.0,272.2921559636705,0.0,0.05,135.62134564053156
2026-10-02T21:15:00+05:30,Kurunegala_NorthWestern,23.9,272.96082087032823,0.0,0.27,139.33668549006475
2026-10-02T21:30:00+05:30,Kurunegala_NorthWestern,23.8,273.7123464531312,0.0,0.45,143.04964864589806
2026-10-02T21:45:00+05:30,Kurunegala_NorthWestern,23.8,274.57668968108004,0.0,0.4,146.7592251821184
2026-10-02T22:00:00+05:30,Kurunegala_NorthWestern,23.7,275.59839805239284,0.0,0.22,150.46393154880477
2026-10-02T22:15:00+05:30,Kurunegala_NorthWestern,23.7,276.84696081597264,0.0,0.22,154.1614707982219
2026-10-02T22:30:00+05:30,Kurunegala_NorthWestern,23.6,278.4372788435029,0.0,0.25,157.8480546236775
2026-10-02T22:45:00+05:30,Kurunegala_NorthWestern,23.6,280.57385148813484,0.0,0.3,161.51692768693238
2026-10-02T23:00:00+05:30,Kurunegala_NorthWestern,23.6,283.6575021948214,0.0,0.54,165.15475312672373
2026-10-02T23:15:00+05:30,Kurunegala_NorthWestern,23.5,288.58406960714626,0.0,0.81,168.73121620791267
2026-10-02T23:30:00+05:30,Kurunegala_NorthWestern,23.5,297.7554311288237,0.0,1.03,172.16164823578507
2026-10-02T23:45:00+05:30,Kurunegala_NorthWestern,23.4,319.0845964669472,0.0,1.03,175.12697695321367
2026-10-03T00:00:00+05:30,Kurunegala_NorthWestern,23.4,8.535300206529598,0.0,0.96,176.2708842873895
2026-10-03T00:15:00+05:30,Kurunegala_NorthWestern,23.3,49.536511968074876,0.0,0.85,174.35026606538986
2026-10-03T00:30:00+05:30,Kurunegala_NorthWestern,23.2,65.77880058687424,0.0,0.78,171.18043886052897
2026-10-03T00:45:00+05:30,Kurunegala_NorthWestern,23.2,73.26992337283173,0.0,0.82,167.69149149105226
2026-10-03T01:00:00+05:30,Kurunegala_NorthWestern,23.1,77.5087289466307,0.0,0.86,164.09213885516579
2026-10-03T01:15:00+05:30,Kurunegala_NorthWestern,23.1,80.25392807915699,0.0,0.9,160.44336909808368
2026-10-03T01:30:00+05:30,Kurunegala_NorthWestern,23.1,82.2015959774447,0.0,0.94,156.76858699138336
2026-10-03T01:45:00+05:30,Kurunegala_NorthWestern,23.1,83.67688498569856,0.0,0.94,153.07858222640664
2026-10-03T02:00:00+05:30,Kurunegala_NorthWestern,23.0,84.85096240048023,0.0,0.9,149.37900416913652
2026-10-03T02:15:00+05:30,Kurunegala_NorthWestern,23.0,85.82229844437484,0.0,0.82,145.67310196286243
2026-10-03T02:30:00+05:30,Kurunegala_NorthWestern,23.0,86.65155838845857,0.0,0.82,141.96288641563868
2026-10-03T02:45:00+05:30,Kurunegala_NorthWestern,23.0,87.3782241280071,0.0,0.85,138.24967811351337
2026-10-03T03:00:00+05:30,Kurunegala_NorthWestern,23.0,88.02918706396372,0.0,0.89,134.53439054296882
2026-10-03T03:15:00+05:30,Kurunegala_NorthWestern,23.0,88.62349353615707,0.0,0.96,130.8176863693774
2026-10-03T03:30:00+05:30,Kurunegala_NorthWestern,22.9,89.17511256373348,0.0,1.0,127.10006735302346
2026-10-03T03:45:00+05:30,Kurunegala_NorthWestern,22.9,89.6946261541541,0.0,1.01,123.38193061324345
2026-10-03T04:00:00+05:30,Kurunegala_NorthWestern,22.9,90.19030425471328,0.0,1.03,119.66360493468835
2026-10-03T04:15:00+05:30,Kurunegala_NorthWestern,22.8,90.66881402792336,0.0,1.03,115.94537381767412
2026-10-03T04:30:00+05:30,Kurunegala_NorthWestern,22.8,91.13570416429559,0.0,1.01,112.227492911379
2026-10-03T04:45:00+05:30,Kurunegala_NorthWestern,22.7,91.5957476016568,0.0,1.0,108.51020309505967
2026-10-03T05:00:00+05:30,Kurunegala_NorthWestern,22.6,92.05319371273629,0.0,0.98,104.79373942196501
2026-10-03T05:15:00+05:30,Kurunegala_NorthWestern,22.5,92.51196196088347,0.0,0.92,101.07834005887919
2026-10-03T05:30:00+05:30,Kurunegala_NorthWestern,22.6,92.97579871359625,0.0,0.91,97.36425451846445
2026-10-03T05:45:00+05:30,Kurunegala_NorthWestern,22.7,93.44841245788984,0.0,0.91,93.65175031721965
2026-10-03T06:00:00+05:30,Kurunegala_NorthWestern,22.9,93.9335983861074,0.0,0.95,89.94112159557636
2026-10-03T06:15:00+05:30,Kurunegala_NorthWestern,23.2,94.43536190356667,16.0,1.0,86.23269874773955
2026-10-03T06:30:00+05:30,Kurunegala_NorthWestern,23.5,94.95804995999754,54.0,1.05,82.52685817726669
2026-10-03T06:45:00+05:30,Kurunegala_NorthWestern,23.8,95.50649891329067,104.0,1.1,78.82403590824194
2026-10-03T07:00:00+05:30,Kurunegala_NorthWestern,24.1,96.08620967706793,162.0,1.17,75.12474451233142
2026-10-03T07:15:00+05:30,Kurunegala_NorthWestern,24.5,96.70356373387267,221.0,1.23,71.4295931776115
2026-10-03T07:30:00+05:30,Kurunegala_NorthWestern,24.8,97.36609740791027,276.0,1.3,67.73931571574275
2026-10-03T07:45:00+05:30,Kurunegala_NorthWestern,25.2,98.08285939406704,330.0,1.33,64.0548076269154
2026-10-03T08:00:00+05:30,Kurunegala_NorthWestern,25.5,98.86488744161943,384.0,1.39,60.37717456275302
2026-10-03T08:15:00+05:30,Kurunegala_NorthWestern,25.9,99.72585599475599,445.0,1.43,56.707800868098616
2026-10-03T08:30:00+05:30,Kurunegala_NorthWestern,26.3,100.68297363809296,514.0,1.43,53.048445426261544
2026-10-03T08:45:00+05:30,Kurunegala_NorthWestern,26.7,101.75825150484741,585.0,1.47,49.401376950523066
2026-10-03T09:00:00+05:30,Kurunegala_NorthWestern,27.2,102.98033132073465,652.0,1.52,45.76957343843352
2026-10-03T09:15:00+05:30,Kurunegala_NorthWestern,27.6,104.38717664676125,705.0,1.56,42.15702003185049
2026-10-03T09:30:00+05:30,Kurunegala_NorthWestern,28.1,106.03012417520966,744.0,1.61,38.56916415420831
2026-10-03T09:45:00+05:30,Kurunegala_NorthWestern,28.6,107.980121660147,771.0,1.68,35.01363576137456
2026-10-03T10:00:00+05:30,Kurunegala_NorthWestern,29.1,110.33755218253589,789.0,1.81,31.501419461229382
2026-10-03T10:15:00+05:30,Kurunegala_NorthWestern,29.5,113.24801511458287,804.0,1.9,28.048825275760578
2026-10-03T10:30:00+05:30,Kurunegala_NorthWestern,29.9,116.92794892221417,810.0,2.01,24.68092154815602
2026-10-03T10:45:00+05:30,Kurunegala_NorthWestern,30.2,121.70569473646611,809.0,2.09,21.43769440118878
2026-10-03T11:00:00+05:30,Kurunegala_NorthWestern,30.5,128.08215545891449,802.0,2.17,18.385274796907808
2026-10-03T11:15:00+05:30,Kurunegala_NorthWestern,30.7,136.79389679666974,790.0,2.26,15.6358431401802
2026-10-03T11:30:00+05:30,Kurunegala_NorthWestern,30.7,148.76090562713676,773.0,2.25,13.377564981636723
2026-10-03T11:45:00+05:30,Kurunegala_NorthWestern,30.5,164.53833086487975,751.0,2.2,11.893602252889082
2026-10-03T12:00:00+05:30,Kurunegala_NorthWestern,30.2,182.97508400116547,724.0,2.1,11.48805679342506
2026-10-03T12:15:00+05:30,Kurunegala_NorthWestern,29.9,200.83335823021918,691.0,2.0,12.26834634172559
2026-10-03T12:30:00+05:30,Kurunegala_NorthWestern,29.4,215.39106172384953,653.0,1.85,14.038099299664779
2026-10-03T12:45:00+05:30,Kurunegala_NorthWestern,28.9,226.20691035157358,611.0,1.7,16.481589971072978
2026-10-03T13:00:00+05:30,Kurunegala_NorthWestern,28.3,234.06751222836897,566.0,1.5,19.34516613825133
2026-10-03T13:15:00+05:30,Kurunegala_NorthWestern,27.6,239.85823915370673,521.0,1.3,22.468764099811537
2026-10-03T13:30:00+05:30,Kurunegala_NorthWestern,27.0,244.23515329221323,475.0,1.1,25.757940608822196
2026-10-03T13:45:00+05:30,Kurunegala_NorthWestern,26.5,247.6357212604156,428.0,0.95,29.156690620104534
2026-10-03T14:00:00+05:30,Kurunegala_NorthWestern,26.0,250.3464335740931,378.0,0.75,32.630770362793655
2026-10-03T14:15:00+05:30,Kurunegala_NorthWestern,25.5,252.55720756094507,321.0,0.6,36.158449396355714
2026-10-03T14:30:00+05:30,Kurunegala_NorthWestern,25.2,254.3967907292918,257.0,0.5,39.72542554559978
2026-10-03T14:45:00+05:30,Kurunegala_NorthWestern,24.9,255.95466476650142,193.0,0.45,43.32196676731585
2026-10-03T15:00:00+05:30,Kurunegala_NorthWestern,24.7,257.29456051897506,142.0,0.41,46.94125042944887
2026-10-03T15:15:00+05:30,Kurunegala_NorthWestern,24.6,258.4629209187659,108.0,0.4,50.57836542375619
2026-10-03T15:30:00+05:30,Kurunegala_NorthWestern,24.5,259.49431320184476,88.0,0.43,54.22969408141544
2026-10-03T15:45:00+05:30,Kurunegala_NorthWestern,24.5,260.41496913662206,75.0,0.49,57.89251566700914
2026-10-03T16:00:00+05:30,Kurunegala_NorthWestern,24.4,261.2451540906667,65.0,0.53,61.56474545747224
2026-10-03T16:15:00+05:30,Kurunegala_NorthWestern,24.4,262.0007874756266,53.0,0.61,65.24476012953573
2026-10-03T16:30:00+05:30,Kurunegala_NorthWestern,24.4,262.6945737096621,43.0,0.69,68.93127615621484
2026-10-03T16:45:00+05:30,Kurunegala_NorthWestern,24.3,263.33680746496645,35.0,0.78,72.62326402670622
2026-10-03T17:00:00+05:30,Kurunegala_NorthWestern,24.3,263.9359582543548,27.0,0.83,76.3198880346939
2026-10-03T17:15:00+05:30,Kurunegala_NorthWestern,24.3,264.4991025473465,20.0,0.92,80.020461075989
2026-10-03T17:30:00+05:30,Kurunegala_NorthWestern,24.3,265.03224977049604,13.0,0.95,83.72441094049294
2026-10-03T17:45:00+05:30,Kurunegala_NorthWestern,24.2,265.54059388794735,7.0,0.98,87.43125622299726
2026-10-03T18:00:00+05:30,Kurunegala_NorthWestern,24.2,266.02871223587357,1.0,1.07,91.14058656149905
2026-10-03T18:15:00+05:30,Kurunegala_NorthWestern,24.1,266.5007278845063,0.0,1.1,94.85204706655303
2026-10-03T18:30:00+05:30,Kurunegala_NorthWestern,24.1,266.9604478073625,0.0,1.15,98.56532726721426
2026-10-03T18:45:00+05:30,Kurunegala_NorthWestern,24.0,267.4114861960649,0.0,1.2,102.28015073078542
2026-10-03T19:00:00+05:30,Kurunegala_NorthWestern,24.0,267.85738163957774,0.0,1.25,105.99626616949183
2026-10-03T19:15:00+05:30,Kurunegala_NorthWestern,23.9,268.30171664641335,0.0,1.32,109.71344098780435
2026-10-03T19:30:00+05:30,Kurunegala_NorthWestern,23.9,268.7482483017867,0.0,1.37,113.4314537839511
2026-10-03T19:45:00+05:30,Kurunegala_NorthWestern,23.8,269.20106152859046,0.0,1.43,117.15008680087043
2026-10-03T20:00:00+05:30,Kurunegala_NorthWestern,23.8,269.66476037979766,0.0,1.44,120.86911925169525
2026-10-03T20:15:00+05:30,Kurunegala_NorthWestern,23.7,270.14471907637,0.0,1.5,124.58831778834626
2026-10-03T20:30:00+05:30,Kurunegala_NorthWestern,23.7,270.64742660490396,0.0,1.52,128.30742455206172
2026-10-03T20:45:00+05:30,Kurunegala_NorthWestern,23.6,271.1809786073422,0.0,1.53,132.02614269339432
2026-10-03T21:00:00+05:30,Kurunegala_NorthWestern,23.6,271.75580472497006,0.0,1.49,135.74411373412667
2026-10-03T21:15:00+05:30,Kurunegala_NorthWestern,23.5,272.38578391948766,0.0,1.5,139.46088379319318
2026-10-03T21:30:00+05:30,Kurunegala_NorthWestern,23.4,273.09002164168464,0.0,1.46,143.17585214205312
2026-10-03T21:45:00+05:30,Kurunegala_NorthWestern,23.4,273.8958040424115,0.0,1.41,146.88818396077727
2026-10-03T22:00:00+05:30,Kurunegala_NorthWestern,23.3,274.84375731188015,0.0,1.37,150.59665854141252
2026-10-03T22:15:00+05:30,Kurunegala_NorthWestern,23.2,275.99740327419966,0.0,1.27,154.29938967743425
2026-10-03T22:30:00+05:30,Kurunegala_NorthWestern,23.2,277.46217409540793,0.0,1.23,157.99326462310046
2026-10-03T22:45:00+05:30,Kurunegala_NorthWestern,23.1,279.4268304360743,0.0,1.19,161.6727142425116
2026-10-03T23:00:00+05:30,Kurunegala_NorthWestern,23.1,282.26490633622916,0.0,1.14,165.3266674661489
2026-10-03T23:15:00+05:30,Kurunegala_NorthWestern,23.0,286.8254616578985,0.0,1.1,168.92962610841928
2026-10-03T23:30:00+05:30,Kurunegala_NorthWestern,23.0,295.4649644246426,0.0,1.05,172.40839387417037
2026-10-03T23:45:00+05:30,Kurunegala_NorthWestern,22.9,316.6532098745836,0.0,1.05,175.4671284038634
2026-10-04T00:00:00+05:30,Kurunegala_NorthWestern,22.9,10.825961612707886,0.0,1.01,176.63881176817875
2026-10-04T00:15:00+05:30,Kurunegala_NorthWestern,22.9,53.141588546269986,0.0,0.99,174.53334396929648
2026-10-04T00:30:00+05:30,Kurunegala_NorthWestern,22.8,68.30234564971317,0.0,0.99,171.26468171974946
2026-10-04T00:45:00+05:30,Kurunegala_NorthWestern,22.8,75.11302918723158,0.0,0.99,167.72973675383543
2026-10-04T01:00:00+05:30,Kurunegala_NorthWestern,22.8,78.94651790365731,0.0,0.94,164.10530986881616
2026-10-04T01:15:00+05:30,Kurunegala_NorthWestern,22.8,81.43128323030862,0.0,0.92,160.44121571683695
2026-10-04T01:30:00+05:30,Kurunegala_NorthWestern,22.8,83.20004096020091,0.0,0.92,156.75634707450672
2026-10-04T01:45:00+05:30,Kurunegala_NorthWestern,22.8,84.54600769640058,0.0,0.92,153.05937646776357
2026-10-04T02:00:00+05:30,Kurunegala_NorthWestern,22.7,85.6229489262576,0.0,0.92,149.35484022203138
2026-10-04T02:15:00+05:30,Kurunegala_NorthWestern,22.7,86.51915990841945,0.0,0.94,145.64535034486576
2026-10-04T02:30:00+05:30,Kurunegala_NorthWestern,22.7,87.28899913827308,0.0,0.94,141.9325284849719
2026-10-04T02:45:00+05:30,Kurunegala_NorthWestern,22.6,87.96784855725849,0.0,0.94,138.21744527879008
2026-10-04T03:00:00+05:30,Kurunegala_NorthWestern,22.6,88.57982815633966,0.0,0.98,134.5008472679715
2026-10-04T03:15:00+05:30,Kurunegala_NorthWestern,22.5,89.14204979433458,0.0,0.97,130.78328219458453
2026-10-04T03:30:00+05:30,Kurunegala_NorthWestern,22.4,89.66709605068178,0.0,1.01,127.06517092098564
2026-10-04T03:45:00+05:30,Kurunegala_NorthWestern,22.4,90.16453363598742,0.0,1.06,123.34685277965382
2026-10-04T04:00:00+05:30,Kurunegala_NorthWestern,22.3,90.64187613057982,0.0,1.06,119.62861502227342
2026-10-04T04:15:00+05:30,Kurunegala_NorthWestern,22.2,91.10521991202722,0.0,1.09,115.91071143948194
2026-10-04T04:30:00+05:30,Kurunegala_NorthWestern,22.2,91.55967931554977,0.0,1.14,112.1933768754258
2026-10-04T04:45:00+05:30,Kurunegala_NorthWestern,22.2,92.0096957284311,0.0,1.19,108.47683835663976
2026-10-04T05:00:00+05:30,Kurunegala_NorthWestern,22.3,92.45926641429492,0.0,1.18,104.76132274535092
2026-10-04T05:15:00+05:30,Kurunegala_NorthWestern,22.3,92.91212179629031,0.0,1.23,101.04706483641503
2026-10-04T05:30:00+05:30,Kurunegala_NorthWestern,22.5,93.37187079087522,0.0,1.27,97.33431508404006
2026-10-04T05:45:00+05:30,Kurunegala_NorthWestern,22.7,93.84212808844438,0.0,1.31,93.62334601552084
2026-10-04T06:00:00+05:30,Kurunegala_NorthWestern,22.9,94.32663348308614,0.0,1.4,89.9144608275297
2026-10-04T06:15:00+05:30,Kurunegala_NorthWestern,23.2,94.82937224736429,16.0,1.45,86.20800319632258
2026-10-04T06:30:00+05:30,Kurunegala_NorthWestern,23.5,95.35470512868852,54.0,1.55,82.50436742508238
2026-10-04T06:45:00+05:30,Kurunegala_NorthWestern,23.9,95.90751652221348,102.0,1.65,78.80401267004781
2026-10-04T07:00:00+05:30,Kurunegala_NorthWestern,24.2,96.4933915546751,159.0,1.71,75.10748076550534
2026-10-04T07:15:00+05:30,Kurunegala_NorthWestern,24.6,97.11883578748461,217.0,1.81,71.41541752870353
2026-10-04T07:30:00+05:30,Kurunegala_NorthWestern,25.0,97.79155518853435,273.0,1.87,67.72860245271272
2026-10-04T07:45:00+05:30,Kurunegala_NorthWestern,25.4,98.52082178919795,326.0,1.94,64.0479880580842
2026-10-04T08:00:00+05:30,Kurunegala_NorthWestern,25.8,99.31796153897824,379.0,1.95,60.374751469776896
2026-10-04T08:15:00+05:30,Kurunegala_NorthWestern,26.1,100.19701698167353,436.0,2.03,56.71036723147375
2026-10-04T08:30:00+05:30,Kurunegala_NorthWestern,26.5,101.17566467456788,495.0,2.01,53.056709069307985
2026-10-04T08:45:00+05:30,Kurunegala_NorthWestern,26.9,102.27650977357587,555.0,2.0,49.41619349790911
2026-10-04T09:00:00+05:30,Kurunegala_NorthWestern,27.3,103.52894761340445,611.0,1.97,45.7919911049988
2026-10-04T09:15:00+05:30,Kurunegala_NorthWestern,27.7,104.97189604893663,660.0,1.89,42.18834148436257
2026-10-04T09:30:00+05:30,Kurunegala_NorthWestern,28.1,106.6578921456724,701.0,1.89,38.61103333318221
2026-10-04T09:45:00+05:30,Kurunegala_NorthWestern,28.5,108.65936614691958,734.0,1.87,35.068161537461634
2026-10-04T10:00:00+05:30,Kurunegala_NorthWestern,29.0,111.07844991469636,762.0,1.88,31.57135369763821
2026-10-04T10:15:00+05:30,Kurunegala_NorthWestern,29.4,114.06256862423902,787.0,1.91,28.137819712004486
2026-10-04T10:30:00+05:30,Kurunegala_NorthWestern,29.7,117.82936388370865,804.0,1.97,24.79389082020208
2026-10-04T10:45:00+05:30,Kurunegala_NorthWestern,29.9,122.70563475811645,817.0,2.0,21.581288883685104
2026-10-04T11:00:00+05:30,Kurunegala_NorthWestern,30.1,129.18211888220765,827.0,2.06,18.568332080100532
2026-10-04T11:15:00+05:30,Kurunegala_NorthWestern,30.3,137.96211176442534,838.0,2.12,15.869172133090089
2026-10-04T11:30:00+05:30,Kurunegala_NorthWestern,30.3,149.88356006596007,852.0,2.15,13.670978728055744
2026-10-04T11:45:00+05:30,Kurunegala_NorthWestern,30.1,165.372433285233,863.0,2.19,12.24656974522641
2026-10-04T12:00:00+05:30,Kurunegala_NorthWestern,29.9,183.25386664071073,865.0,2.18,11.877679546641545
2026-10-04T12:15:00+05:30,Kurunegala_NorthWestern,29.6,200.54100283575903,852.0,2.12,12.656937983694604
2026-10-04T12:30:00+05:30,Kurunegala_NorthWestern,29.2,214.7519741539456,825.0,2.12,14.39912194841017
2026-10-04T12:45:00+05:30,Kurunegala_NorthWestern,28.8,225.43554640318993,790.0,2.07,16.80740315786869
2026-10-04T13:00:00+05:30,Kurunegala_NorthWestern,28.3,233.27982121489111,749.0,2.02,19.63822200154678
2026-10-04T13:15:00+05:30,Kurunegala_NorthWestern,27.8,239.10204663963543,705.0,1.97,22.734265547659646
2026-10-04T13:30:00+05:30,Kurunegala_NorthWestern,27.3,243.52569814136098,661.0,1.92,26.000942896487565
2026-10-04T13:45:00+05:30,Kurunegala_NorthWestern,26.8,246.974692395354,612.0,1.87,29.381374496450647
2026-10-04T14:00:00+05:30,Kurunegala_NorthWestern,26.4,249.73042888566306,557.0,1.78,32.84042997576971
2026-10-04T14:15:00+05:30,Kurunegala_NorthWestern,26.0,251.98125946278674,493.0,1.75,36.3556520465996
2026-10-04T14:30:00+05:30,Kurunegala_NorthWestern,25.7,253.85577489943577,418.0,1.66,39.91217940913436
2026-10-04T14:45:00+05:30,Kurunegala_NorthWestern,25.5,255.4438206055512,342.0,1.58,43.49985776350917
2026-10-04T15:00:00+05:30,Kurunegala_NorthWestern,25.3,256.80964328369816,278.0,1.48,47.111545847606514
2026-10-04T15:15:00+05:30,Kurunegala_NorthWestern,25.2,258.00020556502267,232.0,1.43,50.742090535557985
2026-10-04T15:30:00+05:30,Kurunegala_NorthWestern,25.1,259.0505433389203,201.0,1.36,54.38768856429461
2026-10-04T15:45:00+05:30,Kurunegala_NorthWestern,25.0,259.98729037883027,177.0,1.31,58.04547537657564
2026-10-04T16:00:00+05:30,Kurunegala_NorthWestern,24.9,260.83104771659015,154.0,1.32,61.71325364514355
2026-10-04T16:15:00+05:30,Kurunegala_NorthWestern,24.8,261.5980101544085,131.0,1.32,65.38931103671332
2026-10-04T16:30:00+05:30,Kurunegala_NorthWestern,24.8,262.3011046869243,109.0,1.35,69.07229307518898
2026-10-04T16:45:00+05:30,Kurunegala_NorthWestern,24.7,262.9508028156274,89.0,1.39,72.76111330749679
2026-10-04T17:00:00+05:30,Kurunegala_NorthWestern,24.7,263.555711147018,68.0,1.42,76.45489009559876
2026-10-04T17:15:00+05:30,Kurunegala_NorthWestern,24.6,264.1230082763995,48.0,1.5,80.15289919242215
2026-10-04T17:30:00+05:30,Kurunegala_NorthWestern,24.6,264.6587743215078,29.0,1.5,83.85453837414153
2026-10-04T17:45:00+05:30,Kurunegala_NorthWestern,24.5,265.16824486110056,13.0,1.5,87.55930211306656
2026-10-04T18:00:00+05:30,Kurunegala_NorthWestern,24.5,265.6560109975587,2.0,1.41,91.26676090242671
2026-10-04T18:15:00+05:30,Kurunegala_NorthWestern,24.4,266.12618182742034,0.0,1.37,94.97654502379088
2026-10-04T18:30:00+05:30,Kurunegala_NorthWestern,24.3,266.5825215448931,0.0,1.29,98.68833304642155
2026-10-04T18:45:00+05:30,Kurunegala_NorthWestern,24.3,267.02857037989133,0.0,1.2,102.40184117405752
2026-10-04T19:00:00+05:30,Kurunegala_NorthWestern,24.2,267.4677578510541,0.0,1.12,106.11681425578857
2026-10-04T19:15:00+05:30,Kurunegala_NorthWestern,24.2,267.9035164195938,0.0,1.01,109.83301940816054
2026-10-04T19:30:00+05:30,Kurunegala_NorthWestern,24.1,268.339403744707,0.0,0.94,113.55023878680235
2026-10-04T19:45:00+05:30,Kurunegala_NorthWestern,24.1,268.7792441069656,0.0,0.89,117.26826254386503
2026-10-04T20:00:00+05:30,Kurunegala_NorthWestern,24.0,269.2273030507135,0.0,0.85,120.98688296848822
2026-10-04T20:15:00+05:30,Kurunegala_NorthWestern,24.0,269.6885148631242,0.0,0.78,124.70588619464937
2026-10-04T20:30:00+05:30,Kurunegala_NorthWestern,23.9,270.16879341318753,0.0,0.79,128.42504211516143
2026-10-04T20:45:00+05:30,Kurunegala_NorthWestern,23.9,270.67547480881314,0.0,0.76,132.14409268582392
2026-10-04T21:00:00+05:30,Kurunegala_NorthWestern,23.8,271.2179714082893,0.0,0.81,135.8627335309207
2026-10-04T21:15:00+05:30,Kurunegala_NorthWestern,23.8,271.80877506553225,0.0,0.83,139.58058676340573
2026-10-04T21:30:00+05:30,Kurunegala_NorthWestern,23.8,272.4650577787435,0.0,0.83,143.29716010197015
2026-10-04T21:45:00+05:30,Kurunegala_NorthWestern,23.7,273.21133807057527,0.0,0.86,147.01177717530283
2026-10-04T22:00:00+05:30,Kurunegala_NorthWestern,23.7,274.0841516417246,0.0,0.82,150.72345622090717
2026-10-04T22:15:00+05:30,Kurunegala_NorthWestern,23.6,275.1407376912691,0.0,0.85,154.43068644948255
2026-10-04T22:30:00+05:30,Kurunegala_NorthWestern,23.6,276.4764237216871,0.0,0.85,158.13097687634752
2026-10-04T22:45:00+05:30,Kurunegala_NorthWestern,23.5,278.2628113375983,0.0,0.88,161.8198608727863
2026-10-04T23:00:00+05:30,Kurunegala_NorthWestern,23.5,280.84252333537705,0.0,0.89,165.4884059277235
2026-10-04T23:15:00+05:30,Kurunegala_NorthWestern,23.5,285.00685439153926,0.0,0.89,169.1157861134124
2026-10-04T23:30:00+05:30,Kurunegala_NorthWestern,23.4,293.0263078493537,0.0,0.93,172.64061586003567
2026-10-04T23:45:00+05:30,Kurunegala_NorthWestern,23.4,313.82698058859427,0.0,0.97,175.79618168488824
2026-10-05T00:00:00+05:30,Kurunegala_NorthWestern,23.3,13.640526703294825,0.0,0.97,176.99968140472393
2026-10-05T00:15:00+05:30,Kurunegala_NorthWestern,23.3,56.96304599803517,0.0,0.99,174.6943577508106
2026-10-05T00:30:00+05:30,Kurunegala_NorthWestern,23.2,70.86124610410485,0.0,0.99,171.3331434799395
2026-10-05T00:45:00+05:30,Kurunegala_NorthWestern,23.2,76.96023535330505,0.0,0.99,167.75692794716525
2026-10-05T01:00:00+05:30,Kurunegala_NorthWestern,23.1,80.38186080447076,0.0,1.01,164.1103516393697
2026-10-05T01:15:00+05:30,Kurunegala_NorthWestern,23.0,82.6048652729636,0.0,0.98,160.43285422518449
2026-10-05T01:30:00+05:30,Kurunegala_NorthWestern,23.0,84.19469488693551,0.0,0.98,156.73924750681942
2026-10-05T01:45:00+05:30,Kurunegala_NorthWestern,22.9,85.41165347747472,0.0,0.98,153.03631029474064
2026-10-05T02:00:00+05:30,Kurunegala_NorthWestern,22.9,86.391828112528,0.0,1.01,149.32758893267925
2026-10-05T02:15:00+05:30,Kurunegala_NorthWestern,22.8,87.21325882214398,0.0,1.01,145.61513060132867
2026-10-05T02:30:00+05:30,Kurunegala_NorthWestern,22.8,87.92397756378074,0.0,1.01,141.90021274930047
2026-10-05T02:45:00+05:30,Kurunegala_NorthWestern,22.7,88.55526573609353,0.0,1.01,138.1836853893746
2026-10-05T03:00:00+05:30,Kurunegala_NorthWestern,22.6,89.12847694577755,0.0,1.03,134.46614802961062
2026-10-05T03:15:00+05:30,Kurunegala_NorthWestern,22.5,89.65879462825296,0.0,0.98,130.74804748314216
2026-10-05T03:30:00+05:30,Kurunegala_NorthWestern,22.5,90.15742052119117,0.0,1.01,127.02973384909288
2026-10-05T03:45:00+05:30,Kurunegala_NorthWestern,22.4,90.63291077976976,0.0,1.03,123.31149621010344
2026-10-05T04:00:00+05:30,Kurunegala_NorthWestern,22.3,91.09202648611307,0.0,0.99,119.59358602914838
2026-10-05T04:15:00+05:30,Kurunegala_NorthWestern,22.3,91.54029633147235,0.0,1.01,115.87623186432572
2026-10-05T04:30:00+05:30,Kurunegala_NorthWestern,22.3,91.98240274851776,0.0,1.01,112.15965131893297
2026-10-05T04:45:00+05:30,Kurunegala_NorthWestern,22.3,92.42245749234763,0.0,1.01,108.44406047265039
2026-10-05T05:00:00+05:30,Kurunegala_NorthWestern,22.3,92.86420719324485,0.0,1.01,104.72968041421348
2026-10-05T05:15:00+05:30,Kurunegala_NorthWestern,22.4,93.31119433563015,0.0,1.01,101.01674462769543
2026-10-05T05:30:00+05:30,Kurunegala_NorthWestern,22.5,93.76689115989393,0.0,1.01,97.3055063102995
2026-10-05T05:45:00+05:30,Kurunegala_NorthWestern,22.7,94.23481903679215,0.0,0.99,93.59624461694257
2026-10-05T06:00:00+05:30,Kurunegala_NorthWestern,23.0,94.7186625507855,0.0,1.01,89.8892732956074
2026-10-05T06:15:00+05:30,Kurunegala_NorthWestern,23.3,95.22238673260335,16.0,1.03,86.18495072730195
2026-10-05T06:30:00+05:30,Kurunegala_NorthWestern,23.6,95.75036568927834,54.0,1.04,82.48369050857552
2026-10-05T06:45:00+05:30,Kurunegala_NorthWestern,24.0,96.30753102614057,104.0,1.07,78.78597634229116
2026-10-05T07:00:00+05:30,Kurunegala_NorthWestern,24.4,96.89955077202598,162.0,1.15,75.0923807967327
2026-10-05T07:15:00+05:30,Kurunegala_NorthWestern,24.8,97.53305262436356,221.0,1.2,71.40358789378732
2026-10-05T07:30:00+05:30,Kurunegala_NorthWestern,25.2,98.21590939693408,278.0,1.26,67.72042453595864
2026-10-05T07:45:00+05:30,Kurunegala_NorthWestern,25.6,98.95761246720525,332.0,1.32,64.04390219902277
2026-10-05T08:00:00+05:30,Kurunegala_NorthWestern,26.0,99.76977028602494,386.0,1.35,60.3752716883899
2026-10-05T08:15:00+05:30,Kurunegala_NorthWestern,26.3,100.6667852935218,441.0,1.36,56.71610029075012
2026-10-05T08:30:00+05:30,Kurunegala_NorthWestern,26.7,101.66679005499839,494.0,1.39,53.06837954055214
2026-10-05T08:45:00+05:30,Kurunegala_NorthWestern,27.1,102.792966005822,545.0,1.39,49.43467721381772
2026-10-05T09:00:00+05:30,Kurunegala_NorthWestern,27.5,104.07543525257728,594.0,1.32,45.818360494876885
2026-10-05T09:15:00+05:30,Kurunegala_NorthWestern,27.9,105.55402843691303,640.0,1.29,42.223927953409216
2026-10-05T09:30:00+05:30,Kurunegala_NorthWestern,28.2,107.28241721614307,682.0,1.24,38.65751436595545
2026-10-05T09:45:00+05:30,Kurunegala_NorthWestern,28.6,109.33440736497198,720.0,1.2,35.12768388426174
2026-10-05T10:00:00+05:30,Kurunegala_NorthWestern,29.0,111.81370118018305,754.0,1.18,31.64670899790677
2026-10-05T10:15:00+05:30,Kurunegala_NorthWestern,29.3,114.86924596476393,787.0,1.14,28.23269408343122
2026-10-05T10:30:00+05:30,Kurunegala_NorthWestern,29.7,118.71936532097772,823.0,1.14,24.913209009910062
2026-10-05T10:45:00+05:30,Kurunegala_NorthWestern,30.0,123.68844696971337,853.0,1.15,21.731641398485408
2026-10-05T11:00:00+05:30,Kurunegala_NorthWestern,30.3,130.2558018791484,867.0,1.17,18.758323331287258
2026-10-05T11:15:00+05:30,Kurunegala_NorthWestern,30.6,139.09056701833947,852.0,1.15,16.109006013707102
2026-10-05T11:30:00+05:30,Kurunegala_NorthWestern,30.7,150.9520528253339,802.0,1.25,13.969284957949824
2026-10-05T11:45:00+05:30,Kurunegala_NorthWestern,30.7,166.1522775639619,735.0,1.4,12.601491146201184
2026-10-05T12:00:00+05:30,Kurunegala_NorthWestern,30.7,183.50785746174148,674.0,1.61,12.26662988648306
2026-10-05T12:15:00+05:30,Kurunegala_NorthWestern,30.5,200.260368326959,637.0,1.78,13.044492827923136
2026-10-05T12:30:00+05:30,Kurunegala_NorthWestern,30.4,214.14015337509912,619.0,1.89,14.760187377766712
2026-10-05T12:45:00+05:30,Kurunegala_NorthWestern,30.2,224.69088131453026,610.0,1.84,17.13425945021443
2026-10-05T13:00:00+05:30,Kurunegala_NorthWestern,30.0,232.51354885435757,601.0,1.75,19.932821427327312
2026-10-05T13:15:00+05:30,Kurunegala_NorthWestern,29.8,238.36212360141178,583.0,1.6,23.001433797653846
2026-10-05T13:30:00+05:30,Kurunegala_NorthWestern,29.5,242.82853832790408,562.0,1.46,26.245526867658363
2026-10-05T13:45:00+05:30,Kurunegala_NorthWestern,29.2,246.32307371510342,540.0,1.31,29.607455162606804
2026-10-05T14:00:00+05:30,Kurunegala_NorthWestern,28.9,249.12175911917063,515.0,1.19,33.05126021563247
2026-10-05T14:15:00+05:30,Kurunegala_NorthWestern,28.6,251.4111390415973,489.0,1.07,36.55378729996
2026-10-05T14:30:00+05:30,Kurunegala_NorthWestern,28.3,253.3194736440817,462.0,0.94,40.09963005506819
2026-10-05T14:45:00+05:30,Kurunegala_NorthWestern,27.9,254.93685337828967,433.0,0.82,43.678218149620875
2026-10-05T15:00:00+05:30,Kurunegala_NorthWestern,27.6,256.3279605851435,403.0,0.74,47.282093968846084
2026-10-05T15:15:00+05:30,Kurunegala_NorthWestern,27.2,257.5402230106155,371.0,0.65,50.90586268698069
2026-10-05T15:30:00+05:30,Kurunegala_NorthWestern,26.9,258.6091075460913,339.0,0.59,54.54553482289298
2026-10-05T15:45:00+05:30,Kurunegala_NorthWestern,26.5,259.56162356573844,306.0,0.55,58.198100950067534
2026-10-05T16:00:00+05:30,Kurunegala_NorthWestern,26.2,260.4186889199865,272.0,0.6,61.86124993060005
2026-10-05T16:15:00+05:30,Kurunegala_NorthWestern,25.9,261.1967601062612,236.0,0.63,65.53317918630466
2026-10-05T16:30:00+05:30,Kurunegala_NorthWestern,25.6,261.908976558061,200.0,0.67,69.21246208264407
2026-10-05T16:45:00+05:30,Kurunegala_NorthWestern,25.4,262.56597895845533,165.0,0.72,72.8979540635377
2026-10-05T17:00:00+05:30,Kurunegala_NorthWestern,25.2,263.1765051203074,128.0,0.78,76.58872645055087
2026-10-05T17:15:00+05:30,Kurunegala_NorthWestern,25.0,263.7478311285695,91.0,0.85,80.28401678603836
2026-10-05T17:30:00+05:30,Kurunegala_NorthWestern,24.8,264.28610404435574,55.0,0.88,83.98319179191134
2026-10-05T17:45:00+05:30,Kurunegala_NorthWestern,24.6,264.7965979339991,25.0,0.92,87.68572078387496
2026-10-05T18:00:00+05:30,Kurunegala_NorthWestern,24.5,265.2839149555579,4.0,0.92,91.39115406309126
2026-10-05T18:15:00+05:30,Kurunegala_NorthWestern,24.4,265.7521477722513,0.0,0.93,95.09910599926616
2026-10-05T18:30:00+05:30,Kurunegala_NorthWestern,24.3,266.20501544444073,0.0,0.93,98.80924304812496
2026-10-05T18:45:00+05:30,Kurunegala_NorthWestern,24.2,266.64598185253465,0.0,0.93,102.52127279821595
2026-10-05T19:00:00+05:30,Kurunegala_NorthWestern,24.1,267.078364874965,0.0,0.93,106.23493484252195
2026-10-05T19:15:00+05:30,Kurunegala_NorthWestern,24.0,267.5054439988922,0.0,0.9,109.94999442499247
2026-10-05T19:30:00+05:30,Kurunegala_NorthWestern,24.0,267.93057395030894,0.0,0.9,113.66623541806695
2026-10-05T19:45:00+05:30,Kurunegala_NorthWestern,23.9,268.35731397390845,0.0,0.9,117.38345369947933
2026-10-05T20:00:00+05:30,Kurunegala_NorthWestern,23.9,268.7895853870472,0.0,0.87,121.1014519956449
2026-10-05T20:15:00+05:30,Kurunegala_NorthWestern,23.9,269.2318748446835,0.0,0.83,124.8200326748375
2026-10-05T20:30:00+05:30,Kurunegala_NorthWestern,23.8,269.68951040398827,0.0,0.81,128.53898929906796
2026-10-05T20:45:00+05:30,Kurunegala_NorthWestern,23.8,270.16905332347903,0.0,0.81,132.25809740555394
2026-10-05T21:00:00+05:30,Kurunegala_NorthWestern,23.8,270.6788760408926,0.0,0.74,135.9770998935537
2026-10-05T21:15:00+05:30,Kurunegala_NorthWestern,23.7,271.23004867660654,0.0,0.74,139.69568574744997
2026-10-05T21:30:00+05:30,Kurunegala_NorthWestern,23.7,271.83775473001765,0.0,0.67,143.41345864372474
2026-10-05T21:45:00+05:30,Kurunegala_NorthWestern,23.7,272.52365357320946,0.0,0.6,147.12988308735922
2026-10-05T22:00:00+05:30,Kurunegala_NorthWestern,23.7,273.32002989096526,0.0,0.56,150.8441907705445
2026-10-05T22:15:00+05:30,Kurunegala_NorthWestern,23.7,274.27753968844263,0.0,0.54,154.55520804172485
2026-10-05T22:30:00+05:30,Kurunegala_NorthWestern,23.7,275.48079498660775,0.0,0.49,158.26100595993077
2026-10-05T22:45:00+05:30,Kurunegala_NorthWestern,23.6,277.0828588214236,0.0,0.49,161.95812368457035
2026-10-05T23:00:00+05:30,Kurunegala_NorthWestern,23.6,279.39185780516846,0.0,0.43,165.6396076068595
2026-10-05T23:15:00+05:30,Kurunegala_NorthWestern,23.6,283.1300405008408,0.0,0.43,169.28906588720787
2026-10-05T23:30:00+05:30,Kurunegala_NorthWestern,23.5,290.4364377961525,0.0,0.43,172.85695628659812
2026-10-05T23:45:00+05:30,Kurunegala_NorthWestern,23.5,310.52521749556126,0.0,0.43,176.11150956927403
2026-10-06T00:00:00+05:30,Kurunegala_NorthWestern,23.4,17.172602778428427,0.0,0.43,177.35100818525578
2026-10-06T00:15:00+05:30,Kurunegala_NorthWestern,23.3,60.98629490252313,0.0,0.43,174.83151076117653
2026-10-06T00:30:00+05:30,Kurunegala_NorthWestern,23.3,73.44647591593099,0.0,0.43,171.3856429274569
2026-10-06T00:45:00+05:30,Kurunegala_NorthWestern,23.2,78.8079067813012,0.0,0.43,167.7731533509739
2026-10-06T01:00:00+05:30,Kurunegala_NorthWestern,23.1,81.81301961201143,0.0,0.43,164.10739965394737
2026-10-06T01:15:00+05:30,Kurunegala_NorthWestern,23.0,83.77370147094615,0.0,0.4,160.41842358611467
2026-10-06T01:30:00+05:30,Kurunegala_NorthWestern,22.9,85.18494226384985,0.0,0.4,156.7174213414333
2026-10-06T01:45:00+05:30,Kurunegala_NorthWestern,22.8,86.27339407303134,0.0,0.4,153.00950940511245
2026-10-06T02:00:00+05:30,Kurunegala_NorthWestern,22.7,87.15727908035979,0.0,0.43,149.29736913344152
2026-10-06T02:15:00+05:30,Kurunegala_NorthWestern,22.7,87.90434038434114,0.0,0.43,145.58255557317622
2026-10-06T02:30:00+05:30,Kurunegala_NorthWestern,22.6,88.55628185536841,0.0,0.43,141.86604690185638
2026-10-06T02:45:00+05:30,Kurunegala_NorthWestern,22.5,89.1402930838276,0.0,0.43,138.1485017008957
2026-10-06T03:00:00+05:30,Kurunegala_NorthWestern,22.4,89.67497141520516,0.0,0.46,134.43039221969207
2026-10-06T03:15:00+05:30,Kurunegala_NorthWestern,22.4,90.17358086296713,0.0,0.46,130.7120782179199
2026-10-06T03:30:00+05:30,Kurunegala_NorthWestern,22.3,90.64594970039451,0.0,0.46,126.99384907005319
2026-10-06T03:45:00+05:30,Kurunegala_NorthWestern,22.3,91.09962938572585,0.0,0.46,123.275951070209
2026-10-06T04:00:00+05:30,Kurunegala_NorthWestern,22.3,91.5406330956198,0.0,0.46,119.55860557137683
2026-10-06T04:15:00+05:30,Kurunegala_NorthWestern,22.3,91.97392541351587,0.0,0.46,115.84202032556384
2026-10-06T04:30:00+05:30,Kurunegala_NorthWestern,22.4,92.40375964529045,0.0,0.46,112.1263992208664
2026-10-06T04:45:00+05:30,Kurunegala_NorthWestern,22.4,92.83392005153513,0.0,0.46,108.41195025822776
2026-10-06T05:00:00+05:30,Kurunegala_NorthWestern,22.5,93.26790425165126,0.0,0.43,104.69889114008005
2026-10-06T05:15:00+05:30,Kurunegala_NorthWestern,22.6,93.70906798726111,0.0,0.43,100.98745607264892
2026-10-06T05:30:00+05:30,Kurunegala_NorthWestern,22.8,94.1607476520361,0.0,0.4,97.27790277255153
2026-10-06T05:45:00+05:30,Kurunegala_NorthWestern,23.0,94.62637179601558,0.0,0.38,93.57051861476198
2026-10-06T06:00:00+05:30,Kurunegala_NorthWestern,23.2,95.10956997671508,0.0,0.36,89.86562936508315
2026-10-06T06:15:00+05:30,Kurunegala_NorthWestern,23.5,95.6142868408242,19.0,0.35,86.16360950456415
2026-10-06T06:30:00+05:30,Kurunegala_NorthWestern,23.8,96.14490935582262,61.0,0.35,82.46489328981387
2026-10-06T06:45:00+05:30,Kurunegala_NorthWestern,24.2,96.70641541938926,116.0,0.36,78.76999034770908
2026-10-06T07:00:00+05:30,Kurunegala_NorthWestern,24.6,97.30455452487831,181.0,0.38,75.07950541108262
2026-10-06T07:15:00+05:30,Kurunegala_NorthWestern,25.0,97.94607439322942,246.0,0.43,71.39416223124105
2026-10-06T07:30:00+05:30,Kurunegala_NorthWestern,25.4,98.63901166178391,307.0,0.49,67.71483678603519
2026-10-06T07:45:00+05:30,Kurunegala_NorthWestern,25.9,99.39307276853424,366.0,0.57,64.04260136143894
2026-10-06T08:00:00+05:30,Kurunegala_NorthWestern,26.3,100.22014257982136,421.0,0.65,60.37878254044958
2026-10-06T08:15:00+05:30,Kurunegala_NorthWestern,26.8,101.13497471651317,477.0,0.69,56.725042759045365
2026-10-06T08:30:00+05:30,Kurunegala_NorthWestern,27.3,102.15614511061602,529.0,0.78,53.08349413017894
2026-10-06T08:45:00+05:30,Kurunegala_NorthWestern,27.7,103.30739283665059,578.0,0.87,49.45685887882458
2026-10-06T09:00:00+05:30,Kurunegala_NorthWestern,28.2,104.61953875139761,623.0,0.97,45.84870440215847
2026-10-06T09:15:00+05:30,Kurunegala_NorthWestern,28.7,106.13328323737528,666.0,1.01,42.26379219864289
2026-10-06T09:30:00+05:30,Kurunegala_NorthWestern,29.1,107.90336485252851,704.0,1.11,38.708607073928526
2026-10-06T09:45:00+05:30,Kurunegala_NorthWestern,29.5,110.00485585835395,738.0,1.15,35.19218546846746
2026-10-06T10:00:00+05:30,Kurunegala_NorthWestern,29.8,112.54284926688331,768.0,1.25,31.72744460533213
2026-10-06T10:15:00+05:30,Kurunegala_NorthWestern,30.1,115.66751317056725,795.0,1.29,28.333374736077666
2026-10-06T10:30:00+05:30,Kurunegala_NorthWestern,30.4,119.59734730220589,820.0,1.33,25.038755195631722
2026-10-06T10:45:00+05:30,Kurunegala_NorthWestern,30.7,124.65351352312848,840.0,1.38,21.888562740801788
2026-10-06T11:00:00+05:30,Kurunegala_NorthWestern,30.9,131.30279606916747,852.0,1.38,18.95496473251488
2026-10-06T11:15:00+05:30,Kurunegala_NorthWestern,31.0,140.17965980936174,853.0,1.42,16.354951093274593
2026-10-06T11:30:00+05:30,Kurunegala_NorthWestern,31.1,151.9685799640667,841.0,1.42,14.272030731157912
2026-10-06T11:45:00+05:30,Kurunegala_NorthWestern,31.1,166.88165512362912,821.0,1.42,12.95801989682542
2026-10-06T12:00:00+05:30,Kurunegala_NorthWestern,31.0,183.73903432581906,801.0,1.41,12.654753979152204
2026-10-06T12:15:00+05:30,Kurunegala_NorthWestern,30.9,199.99018357934958,787.0,1.36,13.430873595196147
2026-10-06T12:30:00+05:30,Kurunegala_NorthWestern,30.8,213.55353709379764,776.0,1.31,15.121070048211422
2026-10-06T12:45:00+05:30,Kurunegala_NorthWestern,30.6,223.97146727854548,766.0,1.25,17.461889761567278
2026-10-06T13:00:00+05:30,Kurunegala_NorthWestern,30.4,231.7678907732653,753.0,1.15,20.228699984474275
2026-10-06T13:15:00+05:30,Kurunegala_NorthWestern,30.1,237.63806344442213,735.0,1.1,23.270027036768
2026-10-06T13:30:00+05:30,Kurunegala_NorthWestern,29.8,242.14348465748418,714.0,1.0,26.491475281215536
2026-10-06T13:45:00+05:30,Kurunegala_NorthWestern,29.5,245.6807924706339,690.0,0.9,29.83473678808891
2026-10-06T14:00:00+05:30,Kurunegala_NorthWestern,29.2,248.5204147901029,662.0,0.86,33.26308269534208
2026-10-06T14:15:00+05:30,Kurunegala_NorthWestern,28.8,250.84687206085067,632.0,0.76,36.75269072749773
2026-10-06T14:30:00+05:30,Kurunegala_NorthWestern,28.4,252.7879329149174,600.0,0.68,40.287624239437996
2026-10-06T14:45:00+05:30,Kurunegala_NorthWestern,28.1,254.43382092655554,565.0,0.6,43.85690373115038
2026-10-06T15:00:00+05:30,Kurunegala_NorthWestern,27.7,255.84957747937295,528.0,0.54,47.452758013666454
2026-10-06T15:15:00+05:30,Kurunegala_NorthWestern,27.3,257.08304285072626,489.0,0.46,51.06955125750853
2026-10-06T15:30:00+05:30,Kurunegala_NorthWestern,26.9,258.1700784223129,448.0,0.43,54.70310741877285
2026-10-06T15:45:00+05:30,Kurunegala_NorthWestern,26.6,259.1380434365201,406.0,0.43,58.35027136667204
2026-10-06T16:00:00+05:30,Kurunegala_NorthWestern,26.2,260.00815412419564,361.0,0.4,62.00861710274761
2026-10-06T16:15:00+05:30,Kurunegala_NorthWestern,25.8,260.7971152388024,314.0,0.45,65.67625068438677
2026-10-06T16:30:00+05:30,Kurunegala_NorthWestern,25.5,261.518268684207,268.0,0.47,69.35167220001176
2026-10-06T16:45:00+05:30,Kurunegala_NorthWestern,25.3,262.18241679501534,220.0,0.51,73.03367790005878
2026-10-06T17:00:00+05:30,Kurunegala_NorthWestern,25.0,262.79842279056294,171.0,0.58,76.72129100865321
2026-10-06T17:15:00+05:30,Kurunegala_NorthWestern,24.8,263.3736556812406,120.0,0.61,80.41370983190478
2026-10-06T17:30:00+05:30,Kurunegala_NorthWestern,24.6,263.914325788043,71.0,0.64,84.11026902610529
2026-10-06T17:45:00+05:30,Kurunegala_NorthWestern,24.5,264.42574260253883,31.0,0.67,87.81041174346967
2026-10-06T18:00:00+05:30,Kurunegala_NorthWestern,24.4,264.9125166967728,4.0,0.71,91.51366706335965
2026-10-06T18:15:00+05:30,Kurunegala_NorthWestern,24.3,265.37872191904785,0.0,0.67,95.21963236957482
2026-10-06T18:30:00+05:30,Kurunegala_NorthWestern,24.2,265.82802993480857,0.0,0.71,98.92796085983395
2026-10-06T18:45:00+05:30,Kurunegala_NorthWestern,24.1,266.2638260009229,0.0,0.72,102.6383502571965
2026-10-06T19:00:00+05:30,Kurunegala_NorthWestern,24.0,266.6893139279385,0.0,0.76,106.35053350225812
2026-10-06T19:15:00+05:30,Kurunegala_NorthWestern,24.0,267.10761748300115,0.0,0.74,110.06427237086199
2026-10-06T19:30:00+05:30,Kurunegala_NorthWestern,23.9,267.5218851852492,0.0,0.76,113.77935059277044
2026-10-06T19:45:00+05:30,Kurunegala_NorthWestern,23.9,267.93540715719996,0.0,0.79,117.4955675624088
2026-10-06T20:00:00+05:30,Kurunegala_NorthWestern,23.9,268.3517551807667,0.0,0.79,121.21273376274374
2026-10-06T20:15:00+05:30,Kurunegala_NorthWestern,23.8,268.7749611373123,0.0,0.82,124.93066448358385
2026-10-06T20:30:00+05:30,Kurunegala_NorthWestern,23.8,269.2097573517976,0.0,0.81,128.6491727852723
2026-10-06T20:45:00+05:30,Kurunegala_NorthWestern,23.8,269.66191601571484,0.0,0.81,132.3680624272069
2026-10-06T21:00:00+05:30,Kurunegala_NorthWestern,23.8,270.1387486068588,0.0,0.85,136.08711655235754
2026-10-06T21:15:00+05:30,Kurunegala_NorthWestern,23.8,270.6498712803727,0.0,0.85,139.80608157578033
2026-10-06T21:30:00+05:30,Kurunegala_NorthWestern,23.8,271.2084276966817,0.0,0.85,143.5246441324685
2026-10-06T21:45:00+05:30,Kurunegala_NorthWestern,23.8,271.83313250867536,0.0,0.86,147.24239118316513
2026-10-06T22:00:00+05:30,Kurunegala_NorthWestern,23.8,272.55186882773893,0.0,0.91,150.95874088795168
2026-09-29T22:15:00+05:30,Kilinochchi_Northern,28.4,283.11070863096984,0.0,3.05,153.37211753459744
2026-09-29T22:30:00+05:30,Kilinochchi_Northern,28.2,285.7034624538195,0.0,3.16,156.95805310708303
2026-09-29T22:45:00+05:30,Kilinochchi_Northern,28.1,289.1522825733228,0.0,3.14,160.49123882518325
2026-09-29T23:00:00+05:30,Kilinochchi_Northern,28.0,293.995885836685,0.0,3.07,163.93661057939394
2026-09-29T23:15:00+05:30,Kilinochchi_Northern,27.9,301.27478627594985,0.0,2.99,167.22271628875106
2026-09-29T23:30:00+05:30,Kilinochchi_Northern,27.8,313.08955352364273,0.0,2.97,170.1879997871675
2026-09-29T23:45:00+05:30,Kilinochchi_Northern,27.7,333.16856334918,0.0,2.97,172.44458596806163
2026-09-30T00:00:00+05:30,Kilinochchi_Northern,27.6,2.927090082758127,0.0,3.0,173.2407741360982
2026-09-30T00:15:00+05:30,Kilinochchi_Northern,27.5,31.360100192909727,0.0,3.05,172.12066364931596
2026-09-30T00:30:00+05:30,Kilinochchi_Northern,27.4,49.64311581593739,0.0,3.07,169.69110027130915
2026-09-30T00:45:00+05:30,Kilinochchi_Northern,27.4,60.413858924939916,0.0,3.04,166.64886024622928
2026-09-30T01:00:00+05:30,Kilinochchi_Northern,27.3,67.1413749012222,0.0,3.03,163.32611311405827
2026-09-30T01:15:00+05:30,Kilinochchi_Northern,27.2,71.6778462077072,0.0,3.02,159.861362362966
2026-09-30T01:30:00+05:30,Kilinochchi_Northern,27.2,74.94317958797404,0.0,3.0,156.3169951534886
2026-09-30T01:45:00+05:30,Kilinochchi_Northern,27.1,77.4194488395558,0.0,3.0,152.72418640600824
2026-09-30T02:00:00+05:30,Kilinochchi_Northern,27.1,79.37744655665932,0.0,2.98,149.09999268724567
2026-09-30T02:15:00+05:30,Kilinochchi_Northern,27.1,80.97922667771786,0.0,3.0,145.45446346467162
2026-09-30T02:30:00+05:30,Kilinochchi_Northern,27.1,82.32715687221554,0.0,3.0,141.7938885324127
2026-09-30T02:45:00+05:30,Kilinochchi_Northern,27.1,83.48892966730494,0.0,3.05,138.12240591006213
2026-09-30T03:00:00+05:30,Kilinochchi_Northern,27.1,84.51109306373962,0.0,3.05,134.442856492406
2026-09-30T03:15:00+05:30,Kilinochchi_Northern,27.0,85.42676322770478,0.0,3.11,130.75726517229683
2026-09-30T03:30:00+05:30,Kilinochchi_Northern,27.0,86.26022595236844,0.0,3.13,127.06712402175013
2026-09-30T03:45:00+05:30,Kilinochchi_Northern,27.1,87.02979301214384,0.0,3.13,123.3735681623085
2026-09-30T04:00:00+05:30,Kilinochchi_Northern,27.1,87.74963926300785,0.0,3.13,119.67748870844405
2026-09-30T04:15:00+05:30,Kilinochchi_Northern,27.2,88.43102295082531,0.0,3.1,115.97960644779059
2026-09-30T04:30:00+05:30,Kilinochchi_Northern,27.2,89.0831206171705,0.0,3.08,112.28052364385557
2026-09-30T04:45:00+05:30,Kilinochchi_Northern,27.2,89.7136156172732,0.0,3.0,108.5807610389789
2026-09-30T05:00:00+05:30,Kilinochchi_Northern,27.1,90.32912615061605,0.0,2.91,104.880783858665
2026-09-30T05:15:00+05:30,Kilinochchi_Northern,27.0,90.9355269766391,0.0,2.87,101.18102318377844
2026-09-30T05:30:00+05:30,Kilinochchi_Northern,27.0,91.53820123134545,0.0,2.9,97.48189347140195
2026-09-30T05:45:00+05:30,Kilinochchi_Northern,27.0,92.14224744299554,0.0,3.04,93.78380633851374
2026-09-30T06:00:00+05:30,Kilinochchi_Northern,27.0,92.75265930160595,0.0,3.18,90.08718480914729
2026-09-30T06:15:00+05:30,Kilinochchi_Northern,27.2,93.37449247752392,14.0,3.43,86.39247755117414
2026-09-30T06:30:00+05:30,Kilinochchi_Northern,27.4,94.01303076161616,49.0,3.64,82.70017258866898
2026-09-30T06:45:00+05:30,Kilinochchi_Northern,27.7,94.6739625600328,94.0,3.92,79.01081447912904
2026-09-30T07:00:00+05:30,Kilinochchi_Northern,28.2,95.36358035189949,145.0,4.23,75.32502466988564
2026-09-30T07:15:00+05:30,Kilinochchi_Northern,28.7,96.08901810542227,198.0,4.55,71.64352508055754
2026-09-30T07:30:00+05:30,Kilinochchi_Northern,29.2,96.85854500713737,251.0,4.75,67.96716993844814
2026-09-30T07:45:00+05:30,Kilinochchi_Northern,29.6,97.6819413294611,304.0,4.82,64.29698725910997
2026-09-30T08:00:00+05:30,Kilinochchi_Northern,30.1,98.57099285585974,359.0,4.78,60.63423265670728
2026-09-30T08:15:00+05:30,Kilinochchi_Northern,30.6,99.54015560976916,416.0,4.74,56.98046458605538
2026-09-30T08:30:00+05:30,Kilinochchi_Northern,31.1,100.60746896913429,477.0,4.63,53.33764884905919
2026-09-30T08:45:00+05:30,Kilinochchi_Northern,31.5,101.7958358770864,539.0,4.53,49.708305318931686
2026-09-30T09:00:00+05:30,Kilinochchi_Northern,32.0,103.13485270890595,598.0,4.43,46.095722702700954
2026-09-30T09:15:00+05:30,Kilinochchi_Northern,32.4,104.66347882629873,649.0,4.29,42.50427705503993
2026-09-30T09:30:00+05:30,Kilinochchi_Northern,32.7,106.43401272195035,691.0,4.2,38.93991469318973
2026-09-30T09:45:00+05:30,Kilinochchi_Northern,33.0,108.51813476447523,727.0,4.16,35.410908927783694
2026-09-30T10:00:00+05:30,Kilinochchi_Northern,33.3,111.01626714301153,760.0,4.2,31.929076887593233
2026-09-30T10:15:00+05:30,Kilinochchi_Northern,33.5,114.07228176732764,797.0,4.19,28.511794439704992
2026-09-30T10:30:00+05:30,Kilinochchi_Northern,33.8,117.89666130275168,838.0,4.18,25.18543631469801
2026-09-30T10:45:00+05:30,Kilinochchi_Northern,34.1,122.80195612137447,878.0,4.1,21.991383991004923
2026-09-30T11:00:00+05:30,Kilinochchi_Northern,34.4,129.25113341720612,910.0,4.02,18.996572284551817
2026-09-30T11:15:00+05:30,Kilinochchi_Northern,34.7,137.89724525959724,928.0,3.92,16.311193156619836
2026-09-30T11:30:00+05:30,Kilinochchi_Northern,34.8,149.50762931517858,933.0,3.89,14.113067301025438
2026-09-30T11:45:00+05:30,Kilinochchi_Northern,34.7,164.48334891123375,928.0,3.94,12.658675114558378
2026-09-30T12:00:00+05:30,Kilinochchi_Northern,34.4,181.82245024301312,917.0,4.06,12.216629005494738
2026-09-30T12:15:00+05:30,Kilinochchi_Northern,34.1,198.84216316147896,901.0,4.14,12.891505115114356
2026-09-30T12:30:00+05:30,Kilinochchi_Northern,33.9,213.12039277871006,877.0,4.07,14.52847255936517
2026-09-30T12:45:00+05:30,Kilinochchi_Northern,33.8,224.04040668200423,848.0,3.79,16.849396790830852
2026-09-30T13:00:00+05:30,Kilinochchi_Northern,33.9,232.1544314545691,817.0,3.31,19.612920894096263
2026-09-30T13:15:00+05:30,Kilinochchi_Northern,34.0,238.22602913374234,787.0,2.89,22.657631568905273
2026-09-30T13:30:00+05:30,Kilinochchi_Northern,34.1,242.86728576696225,755.0,2.59,25.884449225415608
2026-09-30T13:45:00+05:30,Kilinochchi_Northern,34.2,246.50478869090088,723.0,2.52,29.233082953423896
2026-09-30T14:00:00+05:30,Kilinochchi_Northern,34.4,249.42566518989142,693.0,2.66,32.66603916327538
2026-09-30T14:15:00+05:30,Kilinochchi_Northern,34.6,251.82370911585133,668.0,2.95,36.15925291977388
2026-09-30T14:30:00+05:30,Kilinochchi_Northern,34.6,253.83193394205148,649.0,3.15,39.69675965564718
2026-09-30T14:45:00+05:30,Kilinochchi_Northern,34.5,255.5436186726182,629.0,3.26,43.26763328287587
2026-09-30T15:00:00+05:30,Kilinochchi_Northern,34.3,257.0256554619213,602.0,3.31,46.86417999119657
2026-09-30T15:15:00+05:30,Kilinochchi_Northern,34.0,258.32706474493585,563.0,3.31,50.48084121020632
2026-09-30T15:30:00+05:30,Kilinochchi_Northern,33.8,259.4845137198241,516.0,3.3,54.11350855742191
2026-09-30T15:45:00+05:30,Kilinochchi_Northern,33.6,260.52596208375553,464.0,3.3,57.75908183497172
2026-09-30T16:00:00+05:30,Kilinochchi_Northern,33.6,261.4731207963691,409.0,3.26,61.41517678732795
2026-09-30T16:15:00+05:30,Kilinochchi_Northern,33.4,262.3431448922231,351.0,3.26,65.07992854797621
2026-09-30T16:30:00+05:30,Kilinochchi_Northern,33.3,263.14982195128385,290.0,3.26,68.75185438058091
2026-09-30T16:45:00+05:30,Kilinochchi_Northern,33.0,263.9044234120936,231.0,3.26,72.42975647851733
2026-09-30T17:00:00+05:30,Kilinochchi_Northern,32.7,264.61632693713005,176.0,3.24,76.11265319920108
2026-09-30T17:15:00+05:30,Kilinochchi_Northern,32.3,265.293480556559,126.0,3.26,79.7997272746319
2026-09-30T17:30:00+05:30,Kilinochchi_Northern,32.0,265.9427571682321,80.0,3.26,83.49028683072378
2026-09-30T17:45:00+05:30,Kilinochchi_Northern,31.7,266.57023299811357,40.0,3.26,87.18373687285941
2026-09-30T18:00:00+05:30,Kilinochchi_Northern,31.4,267.1814132967688,9.0,3.22,90.87955561300248
2026-09-30T18:15:00+05:30,Kilinochchi_Northern,31.1,267.7814232580892,0.0,3.14,94.57727519950467
2026-09-30T18:30:00+05:30,Kilinochchi_Northern,30.7,268.37517830532994,0.0,3.03,98.27646692100723
2026-09-30T18:45:00+05:30,Kilinochchi_Northern,30.3,268.96754512011927,0.0,2.83,101.97672678208089
2026-09-30T19:00:00+05:30,Kilinochchi_Northern,29.9,269.5635048783838,0.0,2.62,105.67766197458629
2026-09-30T19:15:00+05:30,Kilinochchi_Northern,29.4,270.1683308271897,0.0,2.45,109.37887882195464
2026-09-30T19:30:00+05:30,Kilinochchi_Northern,29.1,270.78779384990355,0.0,2.42,113.07996824187754
2026-09-30T19:45:00+05:30,Kilinochchi_Northern,28.9,271.42841460792226,0.0,2.49,116.78048903873717
2026-09-30T20:00:00+05:30,Kilinochchi_Northern,28.8,272.0977880946136,0.0,2.65,120.47994896729298
2026-09-30T20:15:00+05:30,Kilinochchi_Northern,28.7,272.80501760172166,0.0,2.85,124.17777836437821
2026-09-30T20:30:00+05:30,Kilinochchi_Northern,28.6,273.5613155296987,0.0,3.04,127.87329451194735
2026-09-30T20:45:00+05:30,Kilinochchi_Northern,28.4,274.3808617221164,0.0,3.07,131.5656529748265
2026-09-30T21:00:00+05:30,Kilinochchi_Northern,28.3,275.28206631690824,0.0,3.06,135.25377437607705
2026-09-30T21:15:00+05:30,Kilinochchi_Northern,28.1,276.28948665774067,0.0,2.98,138.93623357544476
2026-09-30T21:30:00+05:30,Kilinochchi_Northern,28.0,277.43683591391215,0.0,2.89,142.61108708411516
2026-09-30T21:45:00+05:30,Kilinochchi_Northern,27.9,278.77188176359556,0.0,2.77,146.2755884097627
2026-09-30T22:00:00+05:30,Kilinochchi_Northern,27.8,280.36476543146387,0.0,2.6,149.92570097014476
2026-09-30T22:15:00+05:30,Kilinochchi_Northern,27.7,282.32283083942997,0.0,2.45,153.5552210836982
2026-09-30T22:30:00+05:30,Kilinochchi_Northern,27.6,284.8185831526169,0.0,2.35,157.15409209166438
2026-09-30T22:45:00+05:30,Kilinochchi_Northern,27.5,288.1459227857574,0.0,2.34,160.7049192333272
2026-09-30T23:00:00+05:30,Kilinochchi_Northern,27.5,292.84159542753133,0.0,2.36,164.17509387533562
2026-09-30T23:15:00+05:30,Kilinochchi_Northern,27.4,299.96492349384334,0.0,2.33,167.49704565113524
2026-09-30T23:30:00+05:30,Kilinochchi_Northern,27.4,311.73640408366765,0.0,2.28,170.51353097714554
2026-09-30T23:45:00+05:30,Kilinochchi_Northern,27.3,332.372015774995,0.0,2.1,172.82795919056434
2026-10-01T00:00:00+05:30,Kilinochchi_Northern,27.2,3.8423920777735248,0.0,1.86,173.62344089373397
2026-10-01T00:15:00+05:30,Kilinochchi_Northern,27.1,33.403537756331616,0.0,1.65,172.40657423653923
2026-10-01T00:30:00+05:30,Kilinochchi_Northern,27.0,51.613537154400206,0.0,1.52,169.87895252248268
2026-10-01T00:45:00+05:30,Kilinochchi_Northern,27.0,62.05462048222273,0.0,1.48,166.7718420911504
2026-10-01T01:00:00+05:30,Kilinochchi_Northern,27.0,68.49757532287202,0.0,1.48,163.40778717682582
2026-10-01T01:15:00+05:30,Kilinochchi_Northern,26.9,72.82067472223406,0.0,1.52,159.91562960144665
2026-10-01T01:30:00+05:30,Kilinochchi_Northern,26.9,75.92753319641594,0.0,1.59,156.35220830801802
2026-10-01T01:45:00+05:30,Kilinochchi_Northern,26.9,78.28407581882607,0.0,1.76,152.7456269155468
2026-10-01T02:00:00+05:30,Kilinochchi_Northern,26.9,80.14967658650994,0.0,2.06,149.1111745557344
2026-10-01T02:15:00+05:30,Kilinochchi_Northern,26.8,81.67872900145284,0.0,2.33,145.4578319165143
2026-10-01T02:30:00+05:30,Kilinochchi_Northern,26.8,82.96844242846822,0.0,2.55,141.79121190819055
2026-10-01T02:45:00+05:30,Kilinochchi_Northern,26.7,84.08296998507319,0.0,2.61,138.1150063628443
2026-10-01T03:00:00+05:30,Kilinochchi_Northern,26.7,85.0663766833976,0.0,2.53,134.43175198384068
2026-10-01T03:15:00+05:30,Kilinochchi_Northern,26.7,85.9499989248589,0.0,2.41,130.74326042035406
2026-10-01T03:30:00+05:30,Kilinochchi_Northern,26.7,86.75682176600395,0.0,2.37,127.05087084989543
2026-10-01T03:45:00+05:30,Kilinochchi_Northern,26.6,87.50419028002744,0.0,2.37,123.3556068478998
2026-10-01T04:00:00+05:30,Kilinochchi_Northern,26.6,88.20555091244415,0.0,2.45,119.65827714803478
2026-10-01T04:15:00+05:30,Kilinochchi_Northern,26.6,88.87160726970427,0.0,2.44,115.95954132196908
2026-10-01T04:30:00+05:30,Kilinochchi_Northern,26.5,89.51111076231268,0.0,2.43,112.25995620285946
2026-10-01T04:45:00+05:30,Kilinochchi_Northern,26.5,90.13141827599259,0.0,2.26,108.56000922231779
2026-10-01T05:00:00+05:30,Kilinochchi_Northern,26.5,90.7388984508014,0.0,2.02,104.86014189539218
2026-10-01T05:15:00+05:30,Kilinochchi_Northern,26.5,91.33923796954639,0.0,1.72,101.16076946822871
2026-10-01T05:30:00+05:30,Kilinochchi_Northern,26.5,91.93768244878373,0.0,1.54,97.46229728511477
2026-10-01T05:45:00+05:30,Kilinochchi_Northern,26.5,92.53923583491991,0.0,1.48,93.76513385166429
2026-10-01T06:00:00+05:30,Kilinochchi_Northern,26.5,93.14883508145903,0.0,1.43,90.06970469803836
2026-10-01T06:15:00+05:30,Kilinochchi_Northern,26.6,93.77151389149293,13.0,1.43,86.3764665362668
2026-10-01T06:30:00+05:30,Kilinochchi_Northern,26.8,94.41256749875981,47.0,1.48,82.68592116350177
2026-10-01T06:45:00+05:30,Kilinochchi_Northern,27.1,95.07772937037225,89.0,1.57,78.99863311643392
2026-10-01T07:00:00+05:30,Kilinochchi_Northern,27.5,95.77337241801649,139.0,1.72,75.31525082098798
2026-10-01T07:15:00+05:30,Kilinochchi_Northern,28.0,96.50674981557017,192.0,1.86,71.63653134684411
2026-10-01T07:30:00+05:30,Kilinochchi_Northern,28.5,97.28629399455986,247.0,1.9,67.96337389387647
2026-10-01T07:45:00+05:30,Kilinochchi_Northern,28.9,98.12199999628831,303.0,1.88,64.29686354530588
2026-10-01T08:00:00+05:30,Kilinochchi_Northern,29.4,99.02593010437766,360.0,1.76,60.63832819995915
2026-10-01T08:15:00+05:30,Kilinochchi_Northern,29.8,100.01289214979738,416.0,1.64,56.98941810629684
2026-10-01T08:30:00+05:30,Kilinochchi_Northern,30.2,101.1013703537975,468.0,1.47,53.35221630320914
2026-10-01T08:45:00+05:30,Kilinochchi_Northern,30.6,102.31482820163819,517.0,1.31,49.72939364037928
2026-10-01T09:00:00+05:30,Kilinochchi_Northern,31.0,103.68356624938292,565.0,1.11,46.12443525583588
2026-10-01T09:15:00+05:30,Kilinochchi_Northern,31.4,105.24742371295548,615.0,0.85,42.54197581848276
2026-10-01T09:30:00+05:30,Kilinochchi_Northern,31.8,107.05978512171072,667.0,0.68,38.98830655994985
2026-10-01T09:45:00+05:30,Kilinochchi_Northern,32.1,109.19363450745362,718.0,0.51,35.4721669033533
2026-10-01T10:00:00+05:30,Kilinochchi_Northern,32.5,111.7508593440777,760.0,0.4,32.00601143127119
2026-10-01T10:15:00+05:30,Kilinochchi_Northern,32.8,114.8767070894798,788.0,0.38,28.608094408086103
2026-10-01T10:30:00+05:30,Kilinochchi_Northern,33.1,118.78216803037486,803.0,0.39,25.305996517700905
2026-10-01T10:45:00+05:30,Kilinochchi_Northern,33.4,123.77729075771231,806.0,0.47,22.142703271349006
2026-10-01T11:00:00+05:30,Kilinochchi_Northern,33.6,130.31407252432194,796.0,0.6,19.187062730063957
2026-10-01T11:15:00+05:30,Kilinochchi_Northern,33.8,139.01387367968294,771.0,0.75,16.550767253230674
2026-10-01T11:30:00+05:30,Kilinochchi_Northern,34.0,150.57274178835445,724.0,1.0,14.410225582198834
2026-10-01T11:45:00+05:30,Kilinochchi_Northern,34.3,165.28811809634635,667.0,1.4,13.012483020245568
2026-10-01T12:00:00+05:30,Kilinochchi_Northern,34.8,182.1401834215494,616.0,1.9,12.607100541296262
2026-10-01T12:15:00+05:30,Kilinochchi_Northern,35.1,198.64001950906746,585.0,2.3,13.285243211133746
2026-10-01T12:30:00+05:30,Kilinochchi_Northern,35.0,212.57311708699444,569.0,2.4,14.899685560601384
2026-10-01T12:45:00+05:30,Kilinochchi_Northern,34.2,223.3395944208031,562.0,2.02,17.188576248681045
2026-10-01T13:00:00+05:30,Kilinochchi_Northern,33.1,231.4160718111422,558.0,1.36,19.92074581834416
2026-10-01T13:15:00+05:30,Kilinochchi_Northern,31.9,237.50376196391727,553.0,1.08,22.9383061852634
2026-10-01T13:30:00+05:30,Kilinochchi_Northern,31.1,242.18149685528874,549.0,1.25,26.142577655059064
2026-10-01T13:45:00+05:30,Kilinochchi_Northern,30.9,245.86069824534684,546.0,1.25,29.472680233070612
2026-10-01T14:00:00+05:30,Kilinochchi_Northern,31.1,248.8221428782943,542.0,1.17,32.890366996727685
2026-10-01T14:15:00+05:30,Kilinochchi_Northern,31.4,251.25723788093404,539.0,1.1,36.37090431236662
2026-10-01T14:30:00+05:30,Kilinochchi_Northern,31.6,253.29832807297942,540.0,1.2,39.897791552122406
2026-10-01T14:45:00+05:30,Kilinochchi_Northern,31.7,255.03873799924273,537.0,1.4,43.4596875340594
2026-10-01T15:00:00+05:30,Kilinochchi_Northern,31.8,256.5456753657239,523.0,1.66,47.04858007680319
2026-10-01T15:15:00+05:30,Kilinochchi_Northern,31.9,257.8685518829222,493.0,1.92,50.6586661373723
2026-10-01T15:30:00+05:30,Kilinochchi_Northern,31.9,259.04441946427585,452.0,2.08,54.28564850838429
2026-10-01T15:45:00+05:30,Kilinochchi_Northern,31.7,260.1015839660059,403.0,2.1,57.92628004861005
2026-10-01T16:00:00+05:30,Kilinochchi_Northern,31.5,261.0620543078204,353.0,2.06,61.57806126184663
2026-10-01T16:15:00+05:30,Kilinochchi_Northern,31.2,261.94323521407057,303.0,1.98,65.23903627299018
2026-10-01T16:30:00+05:30,Kilinochchi_Northern,30.9,262.75911929133906,253.0,1.91,68.90765007832134
2026-10-01T16:45:00+05:30,Kilinochchi_Northern,30.7,263.52114295933865,204.0,2.03,72.58264729600666
2026-10-01T17:00:00+05:30,Kilinochchi_Northern,30.6,264.23881325933775,158.0,2.3,76.26300039973138
2026-10-01T17:15:00+05:30,Kilinochchi_Northern,30.3,264.92017576723043,114.0,2.47,79.94785571006017
2026-10-01T17:30:00+05:30,Kilinochchi_Northern,29.9,265.57217201079055,73.0,2.33,83.63649276638589
2026-10-01T17:45:00+05:30,Kilinochchi_Northern,29.0,266.2009199465591,37.0,1.57,87.32829461598179
2026-10-01T18:00:00+05:30,Kilinochchi_Northern,27.9,266.8119407518669,7.0,1.12,91.02272328373354
2026-10-01T18:15:00+05:30,Kilinochchi_Northern,26.8,267.41034990361254,0.0,1.92,94.71929993609871
2026-10-01T18:30:00+05:30,Kilinochchi_Northern,26.0,268.00102662995965,0.0,2.61,98.41758976222182
2026-10-01T18:45:00+05:30,Kilinochchi_Northern,25.7,268.5887730004819,0.0,2.55,102.1171874564743
2026-10-01T19:00:00+05:30,Kilinochchi_Northern,25.6,269.17847393223605,0.0,2.16,105.8177038267032
2026-10-01T19:15:00+05:30,Kilinochchi_Northern,25.7,269.7752699494441,0.0,1.82,109.51875412816675
2026-10-01T19:30:00+05:30,Kilinochchi_Northern,25.8,270.3847559073532,0.0,1.79,113.21994421292001
2026-10-01T19:45:00+05:30,Kilinochchi_Northern,25.8,271.01322362107084,0.0,1.68,116.92085489568123
2026-10-01T20:00:00+05:30,Kilinochchi_Northern,25.7,271.66797327187476,0.0,1.52,120.62102458953527
2026-10-01T20:15:00+05:30,Kilinochchi_Northern,25.7,272.35772919357726,0.0,1.33,124.31992522467604
2026-10-01T20:30:00+05:30,Kilinochchi_Northern,25.7,273.09321537311035,0.0,1.27,128.0169299167951
2026-10-01T20:45:00+05:30,Kilinochchi_Northern,25.6,273.88797819601757,0.0,1.35,131.71126913083097
2026-10-01T21:00:00+05:30,Kilinochchi_Northern,25.4,274.75959869723346,0.0,1.55,135.40196460919873
2026-10-01T21:15:00+05:30,Kilinochchi_Northern,25.3,275.73153667334816,0.0,1.77,139.08772937031708
2026-10-01T21:30:00+05:30,Kilinochchi_Northern,25.2,276.8360335473368,0.0,1.92,142.76681191657542
2026-10-01T21:45:00+05:30,Kilinochchi_Northern,25.1,278.11885705009297,0.0,1.97,146.4367384003153
2026-10-01T22:00:00+05:30,Kilinochchi_Northern,25.0,279.6473994375175,0.0,2.0,150.09386981522027
2026-10-01T22:15:00+05:30,Kilinochchi_Northern,24.9,281.5252105578457,0.0,2.0,153.73260077037367
2026-10-01T22:30:00+05:30,Kilinochchi_Northern,24.9,283.9196539312025,0.0,1.95,157.3438080704957
2026-10-01T22:45:00+05:30,Kilinochchi_Northern,24.8,287.11828271206844,0.0,1.8,160.911610852788
2026-10-01T23:00:00+05:30,Kilinochchi_Northern,24.8,291.6531231004331,0.0,1.56,164.4059370018088
2026-10-01T23:15:00+05:30,Kilinochchi_Northern,24.8,298.5969384251728,0.0,1.39,167.76342457903058
2026-10-01T23:30:00+05:30,Kilinochchi_Northern,24.7,310.2858621973076,0.0,1.25,170.83222632487633
2026-10-01T23:45:00+05:30,Kilinochchi_Northern,24.7,331.4785911694265,0.0,1.16,173.20878016279403
2026-10-02T00:00:00+05:30,Kilinochchi_Northern,24.7,4.861178458564439,0.0,1.07,174.00391554667672
2026-10-02T00:15:00+05:30,Kilinochchi_Northern,24.7,35.592507425505005,0.0,1.01,172.6825452052422
2026-10-02T00:30:00+05:30,Kilinochchi_Northern,24.7,53.64853555269519,0.0,0.96,170.05537776379282
2026-10-02T00:45:00+05:30,Kilinochchi_Northern,24.6,63.719787543197185,0.0,1.01,166.88507993739108
2026-10-02T01:00:00+05:30,Kilinochchi_Northern,24.6,69.86283579413055,0.0,1.11,163.48160281819753
2026-10-02T01:15:00+05:30,Kilinochchi_Northern,24.5,73.96651366221732,0.0,1.24,159.96357497529112
2026-10-02T01:30:00+05:30,Kilinochchi_Northern,24.5,76.91236899011824,0.0,1.35,156.3822953601852
2026-10-02T01:45:00+05:30,Kilinochchi_Northern,24.4,79.14809222473923,0.0,1.38,152.76287861176445
2026-10-02T02:00:00+05:30,Kilinochchi_Northern,24.4,80.92082996401564,0.0,1.38,149.11891717295316
2026-10-02T02:15:00+05:30,Kilinochchi_Northern,24.3,82.37697636286589,0.0,1.31,145.45837399347573
2026-10-02T02:30:00+05:30,Kilinochchi_Northern,24.3,83.60843068861237,0.0,1.31,141.78622076149819
2026-10-02T02:45:00+05:30,Kilinochchi_Northern,24.3,84.67573498287913,0.0,1.27,138.10572815133403
2026-10-02T03:00:00+05:30,Kilinochchi_Northern,24.3,85.62043608831681,0.0,1.31,134.4191465284871
2026-10-02T03:15:00+05:30,Kilinochchi_Northern,24.3,86.47207292788016,0.0,1.32,130.72808728912372
2026-10-02T03:30:00+05:30,Kilinochchi_Northern,24.3,87.25232080760225,0.0,1.29,127.03374636395894
2026-10-02T03:45:00+05:30,Kilinochchi_Northern,24.3,87.97755354833964,0.0,1.22,123.33704308773115
2026-10-02T04:00:00+05:30,Kilinochchi_Northern,24.3,88.66048696283019,0.0,1.11,119.6387094651239
2026-10-02T04:15:00+05:30,Kilinochchi_Northern,24.3,89.31126901906725,0.0,1.0,115.93934830282365
2026-10-02T04:30:00+05:30,Kilinochchi_Northern,24.3,89.9382256278443,0.0,0.93,112.23947458006525
2026-10-02T04:45:00+05:30,Kilinochchi_Northern,24.3,90.54838714276013,0.0,0.93,108.53954534894987
2026-10-02T05:00:00+05:30,Kilinochchi_Northern,24.3,91.14787270506378,0.0,0.94,104.83998086646983
2026-10-02T05:15:00+05:30,Kilinochchi_Northern,24.3,91.7421809972376,0.0,0.99,101.14118264361242
2026-10-02T05:30:00+05:30,Kilinochchi_Northern,24.3,92.33642014094681,0.0,1.1,97.44354875127766
2026-10-02T05:45:00+05:30,Kilinochchi_Northern,24.4,92.93549942510782,0.0,1.21,93.74748623497416
2026-10-02T06:00:00+05:30,Kilinochchi_Northern,24.4,93.5442988470366,0.0,1.46,90.05342466129736
2026-10-02T06:15:00+05:30,Kilinochchi_Northern,24.5,94.16782973415405,14.0,1.57,86.36183023993944
2026-10-02T06:30:00+05:30,Kilinochchi_Northern,24.7,94.81139810827369,50.0,1.68,82.6732199679348
2026-10-02T06:45:00+05:30,Kilinochchi_Northern,25.1,95.4807815200461,95.0,1.66,78.98817980066733
2026-10-02T07:00:00+05:30,Kilinochchi_Northern,25.7,96.18243190530848,148.0,1.5,75.30738663813015
2026-10-02T07:15:00+05:30,Kilinochchi_Northern,26.3,96.92371964797314,205.0,1.37,71.63163429760218
2026-10-02T07:30:00+05:30,Kilinochchi_Northern,26.9,97.71323761460053,263.0,1.23,67.96186869177185
2026-10-02T07:45:00+05:30,Kilinochchi_Northern,27.5,98.56119165005452,323.0,1.1,64.29923391345882
2026-10-02T08:00:00+05:30,Kilinochchi_Northern,28.0,99.4799149042235,383.0,0.96,60.6451323455334
2026-10-02T08:15:00+05:30,Kilinochchi_Northern,28.6,100.48455892406105,443.0,0.82,57.00130854884154
2026-10-02T08:30:00+05:30,Kilinochchi_Northern,29.1,101.59404098803748,499.0,0.67,53.36996570442222
2026-10-02T08:45:00+05:30,Kilinochchi_Northern,29.5,102.83236766808454,552.0,0.46,49.75392898571044
2026-10-02T09:00:00+05:30,Kilinochchi_Northern,29.9,104.23051735597079,603.0,0.25,46.156883769896176
2026-10-02T09:15:00+05:30,Kilinochchi_Northern,30.3,105.82916852272115,652.0,0.07,42.58372753101933
2026-10-02T09:30:00+05:30,Kilinochchi_Northern,30.7,107.6827277693717,698.0,0.22,39.04110065937808
2026-10-02T09:45:00+05:30,Kilinochchi_Northern,31.1,109.86537970713897,741.0,0.42,35.53821211077257
2026-10-02T10:00:00+05:30,Kilinochchi_Northern,31.5,112.48030746102654,779.0,0.61,32.08815435406882
2026-10-02T10:15:00+05:30,Kilinochchi_Northern,31.9,115.67385073344866,811.0,0.78,28.710052451742513
2026-10-02T10:30:00+05:30,Kilinochchi_Northern,32.2,119.65703506597481,836.0,1.01,25.432665952067822
2026-10-02T10:45:00+05:30,Kilinochchi_Northern,32.4,124.7366541606919,855.0,1.21,22.300512715584063
2026-10-02T11:00:00+05:30,Kilinochchi_Northern,32.7,131.35272950799896,871.0,1.37,19.38418781399116
2026-10-02T11:15:00+05:30,Kilinochchi_Northern,32.9,140.09444632802524,888.0,1.54,16.79655126170482
2026-10-02T11:30:00+05:30,Kilinochchi_Northern,33.1,151.5898030427573,906.0,1.71,14.712125145859119
2026-10-02T11:45:00+05:30,Kilinochchi_Northern,33.3,166.04474147974713,921.0,1.88,13.368444668169047
2026-10-02T12:00:00+05:30,Kilinochchi_Northern,33.4,182.4333131284528,927.0,2.02,12.997340322129773
2026-10-02T12:15:00+05:30,Kilinochchi_Northern,33.5,198.44467180725184,920.0,2.16,13.678211902461896
2026-10-02T12:30:00+05:30,Kilinochchi_Northern,33.5,212.0486589914052,901.0,2.31,15.270984959438806
2026-10-02T12:45:00+05:30,Kilinochchi_Northern,33.4,222.6630913053247,873.0,2.47,17.528796944701753
2026-10-02T13:00:00+05:30,Kilinochchi_Northern,33.1,230.69808357000906,842.0,2.62,20.230166059155195
2026-10-02T13:15:00+05:30,Kilinochchi_Northern,32.8,236.79733696069613,813.0,2.77,23.22076976996206
2026-10-02T13:30:00+05:30,Kilinochchi_Northern,32.6,241.50781908680088,787.0,2.93,26.402468321756068
2026-10-02T13:45:00+05:30,Kilinochchi_Northern,32.3,245.22591270300893,758.0,3.03,29.713897296388737
2026-10-02T14:00:00+05:30,Kilinochchi_Northern,32.1,248.22586330296747,721.0,3.15,33.11611785232588
2026-10-02T14:15:00+05:30,Kilinochchi_Northern,31.9,250.69649107211708,668.0,3.26,36.58376070052964
2026-10-02T14:30:00+05:30,Kilinochchi_Northern,31.8,252.76931519746233,600.0,3.36,40.099806116878476
2026-10-02T14:45:00+05:30,Kilinochchi_Northern,31.7,254.5375935935425,529.0,3.39,43.65250611497356
2026-10-02T15:00:00+05:30,Kilinochchi_Northern,31.8,256.06877152258954,467.0,3.36,47.23353383070812
2026-10-02T15:15:00+05:30,Kilinochchi_Northern,31.8,257.41259788050536,424.0,3.33,50.83684302483608
2026-10-02T15:30:00+05:30,Kilinochchi_Northern,31.7,258.60647147877256,397.0,3.33,54.45794769758196
2026-10-02T15:45:00+05:30,Kilinochchi_Northern,31.6,259.6790175422066,372.0,3.39,58.09345316793414
2026-10-02T16:00:00+05:30,Kilinochchi_Northern,31.4,260.65252367623503,341.0,3.54,61.74074381074368
2026-10-02T16:15:00+05:30,Kilinochchi_Northern,31.1,261.5446301907185,298.0,3.66,65.39777173300934
2026-10-02T16:30:00+05:30,Kilinochchi_Northern,30.9,262.3695242095713,249.0,3.76,69.0629086221927
2026-10-02T16:45:00+05:30,Kilinochchi_Northern,30.6,263.1387991479412,199.0,3.84,72.73484048858494
2026-10-02T17:00:00+05:30,Kilinochchi_Northern,30.2,263.8620852238015,151.0,3.91,76.41249291553365
2026-10-02T17:15:00+05:30,Kilinochchi_Northern,29.9,264.5475206177467,108.0,3.94,80.09497482877637
2026-10-02T17:30:00+05:30,Kilinochchi_Northern,29.6,265.2021114314279,68.0,3.78,83.78153621960499
2026-10-02T17:45:00+05:30,Kilinochchi_Northern,29.4,265.8320138970696,34.0,3.37,87.47153721681696
2026-10-02T18:00:00+05:30,Kilinochchi_Northern,29.3,266.44276204494076,6.0,2.84,91.16442268934394
2026-10-02T18:15:00+05:30,Kilinochchi_Northern,29.1,267.03945875645195,0.0,2.3,94.85970182225894
2026-10-02T18:30:00+05:30,Kilinochchi_Northern,28.9,267.62694421290377,0.0,1.98,98.55693265292399
2026-10-02T18:45:00+05:30,Kilinochchi_Northern,28.5,268.2099528772909,0.0,2.01,102.25570743435757
2026-10-02T19:00:00+05:30,Kilinochchi_Northern,28.0,268.7932700816439,0.0,2.31,105.95563934684007
2026-10-02T19:15:00+05:30,Kilinochchi_Northern,27.5,269.38189974023663,0.0,2.66,109.65635118454279
2026-10-02T19:30:00+05:30,Kilinochchi_Northern,27.1,269.9812559326505,0.0,3.01,113.35746214648275
2026-10-02T19:45:00+05:30,Kilinochchi_Northern,26.7,270.59739560392654,0.0,3.15,117.05857320616903
2026-10-02T20:00:00+05:30,Kilinochchi_Northern,26.3,271.2373162283339,0.0,3.14,120.75925125049211
2026-10-02T20:15:00+05:30,Kilinochchi_Northern,26.0,271.9093525257563,0.0,3.12,124.45900717899067
2026-10-02T20:30:00+05:30,Kilinochchi_Northern,25.7,272.6237252855384,0.0,3.04,128.15726674462158
2026-10-02T20:45:00+05:30,Kilinochchi_Northern,25.6,273.39332635473556,0.0,2.98,131.85333136592436
2026-10-02T21:00:00+05:30,Kilinochchi_Northern,25.6,274.23487673806835,0.0,2.82,135.5463189699672
2026-10-02T21:15:00+05:30,Kilinochchi_Northern,25.6,275.17069189443015,0.0,2.66,139.23507450820108
2026-10-02T21:30:00+05:30,Kilinochchi_Northern,25.6,276.23146824181117,0.0,2.55,142.91803056077853
2026-10-02T21:45:00+05:30,Kilinochchi_Northern,25.6,277.46085432891516,0.0,2.5,146.59297588353877
2026-10-02T22:00:00+05:30,Kilinochchi_Northern,25.5,278.9232905439594,0.0,2.45,150.25665654318234
2026-10-02T22:15:00+05:30,Kilinochchi_Northern,25.5,280.7181692178988,0.0,2.45,153.9040508345582
2026-10-02T22:30:00+05:30,Kilinochchi_Northern,25.4,283.00702198268,0.0,2.45,157.5269554125775
2026-10-02T22:45:00+05:30,Kilinochchi_Northern,25.3,286.0696578961922,0.0,2.5,161.11100358007144
2026-10-02T23:00:00+05:30,Kilinochchi_Northern,25.3,290.4303943081737,0.0,2.55,164.62872213871404
2026-10-02T23:15:00+05:30,Kilinochchi_Northern,25.2,297.16911742659715,0.0,2.55,168.02126061077763
2026-10-02T23:30:00+05:30,Kilinochchi_Northern,25.1,308.730008576793,0.0,2.6,171.1433072370412
2026-10-02T23:45:00+05:30,Kilinochchi_Northern,25.0,330.47155805621264,0.0,2.6,173.58659720820583
2026-10-03T00:00:00+05:30,Kilinochchi_Northern,24.9,6.002439257441779,0.0,2.61,174.38182279656445
2026-10-03T00:15:00+05:30,Kilinochchi_Northern,24.8,37.936603851963014,0.0,2.55,172.94751793426593
2026-10-03T00:30:00+05:30,Kilinochchi_Northern,24.8,55.746132667746224,0.0,2.5,170.21987306479176
2026-10-03T00:45:00+05:30,Kilinochchi_Northern,24.7,65.40705885800907,0.0,2.4,166.98843394264352
2026-10-03T01:00:00+05:30,Kilinochchi_Northern,24.7,71.23564568801157,0.0,2.3,163.54756654527318
2026-10-03T01:15:00+05:30,Kilinochchi_Northern,24.7,75.11439374417938,0.0,2.2,160.00526300171325
2026-10-03T01:30:00+05:30,Kilinochchi_Northern,24.6,77.89703356939299,0.0,2.06,156.40734463910144
2026-10-03T01:45:00+05:30,Kilinochchi_Northern,24.6,80.01103085703005,0.0,1.91,152.77603965424544
2026-10-03T02:00:00+05:30,Kilinochchi_Northern,24.5,81.6905538610012,0.0,1.76,149.1233224492664
2026-10-03T02:15:00+05:30,Kilinochchi_Northern,24.5,83.07368938610688,0.0,1.61,145.45619258480193
2026-10-03T02:30:00+05:30,Kilinochchi_Northern,24.5,84.24689140873613,0.0,1.51,141.77901765952979
2026-10-03T02:45:00+05:30,Kilinochchi_Northern,24.4,85.26702844996015,0.0,1.46,138.09467290759883
2026-10-03T03:00:00+05:30,Kilinochchi_Northern,24.4,86.17309933249919,0.0,1.46,134.40514054286893
2026-10-03T03:15:00+05:30,Kilinochchi_Northern,24.4,86.99283099019794,0.0,1.45,130.7118448591395
2026-10-03T03:30:00+05:30,Kilinochchi_Northern,24.4,87.74658195764084,0.0,1.4,127.01584826580736
2026-10-03T03:45:00+05:30,Kilinochchi_Northern,24.4,88.44975153007272,0.0,1.3,123.31797320474249
2026-10-03T04:00:00+05:30,Kilinochchi_Northern,24.3,89.1143235090463,0.0,1.15,119.61888061401999
2026-10-03T04:15:00+05:30,Kilinochchi_Northern,24.3,89.7498897926265,0.0,1.0,115.91912098902115
2026-10-03T04:30:00+05:30,Kilinochchi_Northern,24.3,90.36435081143935,0.0,0.91,112.21917102681674
2026-10-03T04:45:00+05:30,Kilinochchi_Northern,24.3,90.96441059139522,0.0,0.86,108.51946032411664
2026-10-03T05:00:00+05:30,Kilinochchi_Northern,24.2,91.55593901845941,0.0,0.84,104.82039032287543
2026-10-03T05:15:00+05:30,Kilinochchi_Northern,24.2,92.14424697370595,0.0,0.83,101.12235088367403
2026-10-03T05:30:00+05:30,Kilinochchi_Northern,24.3,92.73430518456689,0.0,0.85,97.4257346298365
2026-10-03T05:45:00+05:30,Kilinochchi_Northern,24.5,93.33092824553717,0.0,0.87,93.73094878581301
2026-10-03T06:00:00+05:30,Kilinochchi_Northern,24.8,93.9389389861422,0.0,0.87,90.03842846510003
2026-10-03T06:15:00+05:30,Kilinochchi_Northern,25.1,94.56332592799976,15.0,0.9,86.34865080999259
2026-10-03T06:30:00+05:30,Kilinochchi_Northern,25.5,95.20940517627798,51.0,0.94,82.66214941691095
2026-10-03T06:45:00+05:30,Kilinochchi_Northern,25.9,95.88299730558293,99.0,1.01,78.97953307245575
2026-10-03T07:00:00+05:30,Kilinochchi_Northern,26.3,96.59063174975603,156.0,1.05,75.30150861118182
2026-10-03T07:15:00+05:30,Kilinochchi_Northern,26.8,97.33979394725026,214.0,1.12,71.62890814623658
2026-10-03T07:30:00+05:30,Kilinochchi_Northern,27.2,98.13923417447796,270.0,1.17,67.96272598973319
2026-10-03T07:45:00+05:30,Kilinochchi_Northern,27.7,98.99936483131347,324.0,1.21,64.30416710975018
2026-10-03T08:00:00+05:30,Kilinochchi_Northern,28.1,99.93278392689149,378.0,1.21,60.65471047181076
2026-10-03T08:15:00+05:30,Kilinochchi_Northern,28.5,100.95497814037589,436.0,1.25,57.01619733318003
2026-10-03T08:30:00+05:30,Kilinochchi_Northern,28.9,102.0852853720927,499.0,1.23,53.390953735486576
2026-10-03T08:45:00+05:30,Kilinochchi_Northern,29.4,103.348236968886,563.0,1.19,49.78196226171081
2026-10-03T09:00:00+05:30,Kilinochchi_Northern,29.8,104.77546169198689,623.0,1.11,46.19311196216761
2026-10-03T09:15:00+05:30,Kilinochchi_Northern,30.2,106.40843523604849,675.0,1.03,42.629566751324774
2026-10-03T09:30:00+05:30,Kilinochchi_Northern,30.6,108.30252057293467,718.0,0.96,39.09831960214425
2026-10-03T09:45:00+05:30,Kilinochchi_Northern,31.1,110.53299801791718,752.0,0.9,35.60905116666101
2026-10-03T10:00:00+05:30,Kilinochchi_Northern,31.5,113.20417581257306,781.0,0.87,32.175490296483
2026-10-03T10:15:00+05:30,Kilinochchi_Northern,31.9,116.46320557920257,806.0,0.83,28.817622279627088
2026-10-03T10:30:00+05:30,Kilinochchi_Northern,32.2,120.52069126845402,827.0,0.86,25.565354048136328
2026-10-03T10:45:00+05:30,Kilinochchi_Northern,32.5,125.6794699371701,841.0,0.88,22.46465852409061
2026-10-03T11:00:00+05:30,Kilinochchi_Northern,32.8,132.36672224344238,849.0,0.96,19.5877079672086
2026-10-03T11:15:00+05:30,Kilinochchi_Northern,32.9,141.1392734505365,847.0,1.01,17.04820891254576
2026-10-03T11:30:00+05:30,Kilinochchi_Northern,33.0,152.56057558613213,835.0,1.03,15.018377720169127
2026-10-03T11:45:00+05:30,Kilinochchi_Northern,33.0,166.75624679253224,816.0,1.05,13.72625272311744
2026-10-03T12:00:00+05:30,Kilinochchi_Northern,32.8,182.7035990894735,795.0,1.05,13.387196908133632
2026-10-03T12:15:00+05:30,Kilinochchi_Northern,32.6,198.2552473315768,778.0,0.98,14.070285376126947
2026-10-03T12:30:00+05:30,Kilinochchi_Northern,32.3,211.545227033608,763.0,0.98,15.642169327735274
2026-10-03T12:45:00+05:30,Kilinochchi_Northern,32.0,222.0094985858446,748.0,0.92,17.869807430715127
2026-10-03T13:00:00+05:30,Kilinochchi_Northern,31.6,229.99962710892572,730.0,0.92,20.540924258880068
2026-10-03T13:15:00+05:30,Kilinochchi_Northern,31.1,236.10629886855153,709.0,0.85,23.504780017819073
2026-10-03T13:30:00+05:30,Kilinochchi_Northern,30.7,240.84602070280806,685.0,0.81,26.66389896429201
2026-10-03T13:45:00+05:30,Kilinochchi_Northern,30.4,244.6003251076354,659.0,0.76,29.95653062176138
2026-10-03T14:00:00+05:30,Kilinochchi_Northern,30.0,247.6367894471664,630.0,0.76,33.34310398454252
2026-10-03T14:15:00+05:30,Kilinochchi_Northern,29.7,250.1414716414072,598.0,0.76,36.79764715636763
2026-10-03T14:30:00+05:30,Kilinochchi_Northern,29.4,252.24492168472443,564.0,0.76,40.3026387482327
2026-10-03T14:45:00+05:30,Kilinochchi_Northern,29.2,254.0402259120086,528.0,0.81,43.84593276584425
2026-10-03T15:00:00+05:30,Kilinochchi_Northern,29.1,255.59499310578306,490.0,0.9,47.41889178879912
2026-10-03T15:15:00+05:30,Kilinochchi_Northern,29.0,256.95925748072455,452.0,1.03,51.015228000004655
2026-10-03T15:30:00+05:30,Kilinochchi_Northern,28.9,258.1707282123605,414.0,1.13,54.63026689748232
2026-10-03T15:45:00+05:30,Kilinochchi_Northern,28.8,259.2583238676563,374.0,1.23,58.26046586318432
2026-10-03T16:00:00+05:30,Kilinochchi_Northern,28.7,260.2445919300221,332.0,1.37,61.90309240264419
2026-10-03T16:15:00+05:30,Kilinochchi_Northern,28.6,261.1473944851482,289.0,1.52,65.55600570788121
2026-10-03T16:30:00+05:30,Kilinochchi_Northern,28.5,261.98110285765057,247.0,1.62,69.21750320159794
2026-10-03T16:45:00+05:30,Kilinochchi_Northern,28.4,262.75745960373104,204.0,1.73,72.88621131731747
2026-10-03T17:00:00+05:30,Kilinochchi_Northern,28.4,263.48621201111473,158.0,1.82,76.56100779090202
2026-10-03T17:15:00+05:30,Kilinochchi_Northern,28.3,264.1755859981743,112.0,1.89,80.24096320823683
2026-10-03T17:30:00+05:30,Kilinochchi_Northern,28.2,264.83264824613514,67.0,1.92,83.92529707479588
2026-10-03T17:45:00+05:30,Kilinochchi_Northern,28.0,265.4635898662796,30.0,1.91,87.61334566198872
2026-10-03T18:00:00+05:30,Kilinochchi_Northern,27.9,266.0739547261672,5.0,1.95,91.3045357255221
2026-10-03T18:15:00+05:30,Kilinochchi_Northern,27.7,266.668830296308,0.0,1.98,94.99836347567972
2026-10-03T18:30:00+05:30,Kilinochchi_Northern,27.6,267.2530149310629,0.0,2.06,98.69437874420991
2026-10-03T18:45:00+05:30,Kilinochchi_Northern,27.4,267.8311725771239,0.0,2.13,102.39217020338023
2026-10-03T19:00:00+05:30,Kilinochchi_Northern,27.2,268.4079857588974,0.0,2.27,106.09135215021513
2026-10-03T19:15:00+05:30,Kilinochchi_Northern,27.1,268.9883180213817,0.0,2.44,109.79155350107166
2026-10-03T19:30:00+05:30,Kilinochchi_Northern,26.9,269.57739808080646,0.0,2.61,113.49240517462025
2026-10-03T19:45:00+05:30,Kilinochchi_Northern,26.8,270.18104219394996,0.0,2.75,117.19352640645042
2026-10-03T20:00:00+05:30,Kilinochchi_Northern,26.6,270.8059374968136,0.0,2.97,120.8945103000618
2026-10-03T20:15:00+05:30,Kilinochchi_Northern,26.5,271.46001878363876,0.0,3.09,124.59490400115382
2026-10-03T20:30:00+05:30,Kilinochchi_Northern,26.4,272.1529893148868,0.0,3.18,128.2941825608763
2026-10-03T20:45:00+05:30,Kilinochchi_Northern,26.3,272.89706591927285,0.0,3.21,131.99171420003472
2026-10-03T21:00:00+05:30,Kilinochchi_Northern,26.1,273.70807944371904,0.0,3.16,135.68670779978848
2026-10-03T21:15:00+05:30,Kilinochchi_Northern,26.0,274.60715527233117,0.0,3.1,139.37813356321868
2026-10-03T21:30:00+05:30,Kilinochchi_Northern,25.9,275.6233729095147,0.0,3.0,143.06459953543362
2026-10-03T21:45:00+05:30,Kilinochchi_Northern,25.8,276.7981440588406,0.0,2.9,146.74414591207739
2026-10-03T22:00:00+05:30,Kilinochchi_Northern,25.7,278.1927556143297,0.0,2.7,150.4138894564786
2026-10-03T22:15:00+05:30,Kilinochchi_Northern,25.7,279.90207777254886,0.0,2.55,154.06937427933565
2026-10-03T22:30:00+05:30,Kilinochchi_Northern,25.6,282.08110829803576,0.0,2.4,157.70329731424778
2026-10-03T22:45:00+05:30,Kilinochchi_Northern,25.5,285.0004615537953,0.0,2.26,161.30279497156408
2026-10-03T23:00:00+05:30,Kilinochchi_Northern,25.4,289.173529878217,0.0,2.16,164.84303379256843
2026-10-03T23:15:00+05:30,Kilinochchi_Northern,25.3,295.6800205239363,0.0,2.02,168.26994433086105
2026-10-03T23:30:00+05:30,Kilinochchi_Northern,25.3,307.06062107453533,0.0,1.92,171.44592263188926
2026-10-03T23:45:00+05:30,Kilinochchi_Northern,25.2,329.33054522770414,0.0,1.82,173.9608776076189
2026-10-04T00:00:00+05:30,Kilinochchi_Northern,25.2,7.290193089531385,0.0,1.78,174.7567113048115
2026-10-04T00:15:00+05:30,Kilinochchi_Northern,25.2,40.44498139129121,0.0,1.68,173.20033832217302
2026-10-04T00:30:00+05:30,Kilinochchi_Northern,25.1,57.90363503880246,0.0,1.63,170.37195598385455
2026-10-04T00:45:00+05:30,Kilinochchi_Northern,25.1,67.1139504093789,0.0,1.58,167.08178948564404
2026-10-04T01:00:00+05:30,Kilinochchi_Northern,25.1,72.61445803483628,0.0,1.53,163.6057007096126
2026-10-04T01:15:00+05:30,Kilinochchi_Northern,25.0,76.26334321365283,0.0,1.47,160.04076727312201
2026-10-04T01:30:00+05:30,Kilinochchi_Northern,25.0,78.88087779728124,0.0,1.42,156.42744941720775
2026-10-04T01:45:00+05:30,Kilinochchi_Northern,25.0,80.87242902618482,0.0,1.37,152.7852105789565
2026-10-04T02:00:00+05:30,Kilinochchi_Northern,25.0,82.45849883067558,0.0,1.37,149.12449299423986
2026-10-04T02:15:00+05:30,Kilinochchi_Northern,25.0,83.76859085338856,0.0,1.32,145.4513901195864
2026-10-04T02:30:00+05:30,Kilinochchi_Northern,24.9,84.88359547239634,0.0,1.32,141.769703867135
2026-10-04T02:45:00+05:30,Kilinochchi_Northern,24.9,85.85665449241151,0.0,1.32,138.08194031705943
2026-10-04T03:00:00+05:30,Kilinochchi_Northern,24.8,86.72419416052162,0.0,1.33,134.3898319813331
2026-10-04T03:15:00+05:30,Kilinochchi_Northern,24.7,87.51211806995855,0.0,1.35,130.69462932553955
2026-10-04T03:30:00+05:30,Kilinochchi_Northern,24.6,88.23946291985169,0.0,1.36,126.99727101493622
2026-10-04T03:45:00+05:30,Kilinochchi_Northern,24.5,88.9206514584057,0.0,1.42,123.29848996313365
2026-10-04T04:00:00+05:30,Kilinochchi_Northern,24.4,89.56693491978842,0.0,1.46,119.59888170665663
2026-10-04T04:15:00+05:30,Kilinochchi_Northern,24.3,90.18734925314084,0.0,1.52,115.8989488762264
2026-10-04T04:30:00+05:30,Kilinochchi_Northern,24.3,90.78936980487009,0.0,1.59,112.19913345004204
2026-10-04T04:45:00+05:30,Kilinochchi_Northern,24.3,91.37937473689698,0.0,1.66,108.49984047727854
2026-10-04T05:00:00+05:30,Kilinochchi_Northern,24.3,91.96298510008438,0.0,1.68,104.80145501361326
2026-10-04T05:15:00+05:30,Kilinochchi_Northern,24.4,92.54532428985715,0.0,1.68,101.10435734135152
2026-10-04T05:30:00+05:30,Kilinochchi_Northern,24.5,93.13122581254243,0.0,1.74,97.40893644457313
2026-10-04T05:45:00+05:30,Kilinochchi_Northern,24.7,93.72540956778266,0.0,1.79,93.71560134688697
2026-10-04T06:00:00+05:30,Kilinochchi_Northern,25.0,94.33264101109148,0.0,1.81,90.0247941994513
2026-10-04T06:15:00+05:30,Kilinochchi_Northern,25.4,94.95788540544925,15.0,1.86,86.33700448742945
2026-10-04T06:30:00+05:30,Kilinochchi_Northern,25.7,95.60646818226121,52.0,1.9,82.65278378431587
2026-10-04T06:45:00+05:30,Kilinochchi_Northern,26.1,96.28425179917411,100.0,1.95,78.97276508394391
2026-10-04T07:00:00+05:30,Kilinochchi_Northern,26.5,96.99784154478311,158.0,1.99,75.29768657667259
2026-10-04T07:15:00+05:30,Kilinochchi_Northern,27.0,97.75483559697011,216.0,2.04,71.62842017421232
2026-10-04T07:30:00+05:30,Kilinochchi_Northern,27.4,98.56413840620598,271.0,2.04,67.96601021024912
2026-10-04T07:45:00+05:30,Kilinochchi_Northern,27.9,99.43636440155535,322.0,2.04,64.31172431376264
2026-10-04T08:00:00+05:30,Kilinochchi_Northern,28.3,100.38437008179466,373.0,2.04,60.66712002479771
2026-10-04T08:15:00+05:30,Kilinochchi_Northern,28.7,101.42396820014915,428.0,2.02,57.03413753903917
2026-10-04T08:30:00+05:30,Kilinochchi_Northern,29.1,102.57490422396279,487.0,1.97,53.4152282822452
2026-10-04T08:45:00+05:30,Kilinochchi_Northern,29.5,103.86221515867544,545.0,1.9,49.81353505776363
2026-10-04T09:00:00+05:30,Kilinochchi_Northern,30.0,105.31815163733529,600.0,1.81,46.23315363029198
2026-10-04T09:15:00+05:30,Kilinochchi_Northern,30.4,106.98494326421655,645.0,1.7,42.679517427866664
2026-10-04T09:30:00+05:30,Kilinochchi_Northern,30.8,108.91884221942166,679.0,1.59,39.1599745886676
2026-10-04T09:45:00+05:30,Kilinochchi_Northern,31.2,111.19611834376474,705.0,1.43,35.68467836277927
2026-10-04T10:00:00+05:30,Kilinochchi_Northern,31.6,113.92203444566621,725.0,1.25,32.26799056741497
2026-10-04T10:15:00+05:30,Kilinochchi_Northern,32.0,117.24427830080248,740.0,1.1,28.930743273736674
2026-10-04T10:30:00+05:30,Kilinochchi_Northern,32.3,121.372593541784,752.0,0.94,25.70395523819677
2026-10-04T10:45:00+05:30,Kilinochchi_Northern,32.6,126.60521329836581,756.0,0.78,22.634972352707436
2026-10-04T11:00:00+05:30,Kilinochchi_Northern,32.9,133.35575126624911,752.0,0.69,19.79737240194204
2026-10-04T11:15:00+05:30,Kilinochchi_Northern,33.1,142.1487574460068,736.0,0.61,17.305401429158152
2026-10-04T11:30:00+05:30,Kilinochchi_Northern,33.2,153.48681362969717,704.0,0.49,15.328605364330798
2026-10-04T11:45:00+05:30,Kilinochchi_Northern,33.3,167.42543913012514,664.0,0.45,14.085613295955781
2026-10-04T12:00:00+05:30,Kilinochchi_Northern,33.3,182.95262936349843,627.0,0.45,13.776519958569352
2026-10-04T12:15:00+05:30,Kilinochchi_Northern,33.2,198.07098752484194,600.0,0.5,14.46133735249083
2026-10-04T12:30:00+05:30,Kilinochchi_Northern,33.1,211.061200164804,582.0,0.63,16.013044507512234
2026-10-04T12:45:00+05:30,Kilinochchi_Northern,32.9,221.3775118416096,568.0,0.78,18.211366021180936
2026-10-04T13:00:00+05:30,Kilinochchi_Northern,32.7,229.31989967292208,554.0,0.92,20.852771265760637
2026-10-04T13:15:00+05:30,Kilinochchi_Northern,32.5,235.43020404270013,536.0,1.05,23.790100729582747
2026-10-04T13:30:00+05:30,Kilinochchi_Northern,32.2,240.19587268224177,517.0,1.19,26.926651915536503
2026-10-04T13:45:00+05:30,Kilinochchi_Northern,32.0,243.98382878619353,498.0,1.26,30.200380385434556
2026-10-04T14:00:00+05:30,Kilinochchi_Northern,31.7,247.05488434646202,478.0,1.37,33.57114087507689
2026-10-04T14:15:00+05:30,Kilinochchi_Northern,31.5,249.5921830277341,457.0,1.42,37.01239177076547
2026-10-04T14:30:00+05:30,Kilinochchi_Northern,31.2,251.7251749498576,438.0,1.39,40.50612780784621
2026-10-04T14:45:00+05:30,Kilinochchi_Northern,31.0,253.54667697464765,417.0,1.32,44.03981422978786
2026-10-04T15:00:00+05:30,Kilinochchi_Northern,30.7,255.1243912854232,393.0,1.22,47.60450757925121
2026-10-04T15:15:00+05:30,Kilinochchi_Northern,30.4,256.5085877767291,366.0,1.06,51.193680400338245
2026-10-04T15:30:00+05:30,Kilinochchi_Northern,30.1,257.7372507538047,336.0,1.0,54.802470227695615
2026-10-04T15:45:00+05:30,Kilinochchi_Northern,29.8,258.8395668782927,304.0,0.98,58.427186297709646
2026-10-04T16:00:00+05:30,Kilinochchi_Northern,29.4,259.83832518474946,270.0,1.06,62.06497865062926
2026-10-04T16:15:00+05:30,Kilinochchi_Northern,29.1,260.7515960306922,235.0,1.22,65.71361277512564
2026-10-04T16:30:00+05:30,Kilinochchi_Northern,28.8,261.59392482641044,201.0,1.43,69.37131095607108
2026-10-04T16:45:00+05:30,Kilinochchi_Northern,28.5,262.3771955545785,166.0,1.63,73.03663914905543
2026-10-04T17:00:00+05:30,Kilinochchi_Northern,28.2,263.1112665663114,128.0,1.89,76.70842633111391
2026-10-04T17:15:00+05:30,Kilinochchi_Northern,27.9,263.80444673015137,90.0,2.07,80.38570384078028
2026-10-04T17:30:00+05:30,Kilinochchi_Northern,27.6,264.46385938027163,53.0,2.26,84.06765978864823
2026-10-04T17:45:00+05:30,Kilinochchi_Northern,27.4,265.0957271729937,23.0,2.4,87.75360566903701
2026-10-04T18:00:00+05:30,Kilinochchi_Northern,27.2,265.7056008610739,3.0,2.45,91.44294918054558
2026-10-04T18:15:00+05:30,Kilinochchi_Northern,27.0,266.29854975713096,0.0,2.5,95.13517256965638
2026-10-04T18:30:00+05:30,Kilinochchi_Northern,26.8,266.8793276874672,0.0,2.56,98.82981641230663
2026-10-04T18:45:00+05:30,Kilinochchi_Northern,26.6,267.45252526570516,0.0,2.57,102.52646465462735
2026-10-04T19:00:00+05:30,Kilinochchi_Northern,26.4,268.0227190987915,0.0,2.58,106.22473143874348
2026-10-04T19:15:00+05:30,Kilinochchi_Northern,26.3,268.5946287438458,0.0,2.59,109.92425036544297
2026-10-04T19:30:00+05:30,Kilinochchi_Northern,26.1,269.1732931439203,0.0,2.61,113.62466241503958
2026-10-04T19:45:00+05:30,Kilinochchi_Northern,26.0,269.7642822762156,0.0,2.62,117.32560313781728
2026-10-04T20:00:00+05:30,Kilinochchi_Northern,25.9,270.3739656027381,0.0,2.64,121.02668953120059
2026-10-04T20:15:00+05:30,Kilinochchi_Northern,25.7,271.00986806820015,0.0,2.61,124.72750216613551
2026-10-04T20:30:00+05:30,Kilinochchi_Northern,25.6,271.6811615904775,0.0,2.61,128.42756191993976
2026-10-04T20:45:00+05:30,Kilinochchi_Northern,25.5,272.39936819653485,0.0,2.61,132.12629946701372
2026-10-04T21:00:00+05:30,Kilinochchi_Northern,25.5,273.1793993939507,0.0,2.55,135.8230091172877
2026-10-04T21:15:00+05:30,Kilinochchi_Northern,25.4,274.04114604741983,0.0,2.52,139.51677920468535
2026-10-04T21:30:00+05:30,Kilinochchi_Northern,25.3,275.012000587061,0.0,2.46,143.20638393653735
2026-10-04T21:45:00+05:30,Kilinochchi_Northern,25.3,276.1310224806662,0.0,2.39,146.8901026697553
2026-10-04T22:00:00+05:30,Kilinochchi_Northern,25.2,277.45614607395584,0.0,2.33,150.56540660831297
2026-10-04T22:15:00+05:30,Kilinochchi_Northern,25.2,279.0773561979071,0.0,2.26,154.22838449072287
2026-10-04T22:30:00+05:30,Kilinochchi_Northern,25.2,281.1424083558792,0.0,2.21,157.8726077816829
2026-10-04T22:45:00+05:30,Kilinochchi_Northern,25.1,283.91122921889576,0.0,2.15,161.4866928264306
2026-10-04T23:00:00+05:30,Kilinochchi_Northern,25.1,287.8828644503503,0.0,2.1,165.04846228452027
2026-10-04T23:15:00+05:30,Kilinochchi_Northern,25.1,294.12854787625497,0.0,2.05,168.50885328624025
2026-10-04T23:30:00+05:30,Kilinochchi_Northern,25.1,305.2693025191518,0.0,2.0,171.73914489445565
2026-10-04T23:45:00+05:30,Kilinochchi_Northern,25.0,328.0305691164609,0.0,1.95,174.33098517066833
2026-10-05T00:00:00+05:30,Kilinochchi_Northern,25.0,8.755179749029992,0.0,1.9,175.1280280657048
2026-10-05T00:15:00+05:30,Kilinochchi_Northern,24.9,43.125865567379265,0.0,1.86,173.4397585352982
2026-10-05T00:30:00+05:30,Kilinochchi_Northern,24.9,60.11759743414649,0.0,1.82,170.51117269831704
2026-10-05T00:45:00+05:30,Kilinochchi_Northern,24.8,68.83781362861703,0.0,1.78,167.1650590210156
2026-10-05T01:00:00+05:30,Kilinochchi_Northern,24.8,73.99770009411992,0.0,1.77,163.6560435550801
2026-10-05T01:15:00+05:30,Kilinochchi_Northern,24.8,77.41239316046779,0.0,1.76,160.07017008127696
2026-10-05T01:30:00+05:30,Kilinochchi_Northern,24.7,79.86325978729212,0.0,1.75,156.44270744411034
2026-10-05T01:45:00+05:30,Kilinochchi_Northern,24.7,81.73183049520486,0.0,1.74,152.79049382354776
2026-10-05T02:00:00+05:30,Kilinochchi_Northern,24.7,83.22432024124191,0.0,1.72,149.12253165020624
2026-10-05T02:15:00+05:30,Kilinochchi_Northern,24.7,84.46140686775868,0.0,1.78,145.44406811232128
2026-10-05T02:30:00+05:30,Kilinochchi_Northern,24.6,85.51831589850224,0.0,1.73,141.75837889576
2026-10-05T02:45:00+05:30,Kilinochchi_Northern,24.6,86.44441844346443,0.0,1.69,138.06762767327064
2026-10-05T03:00:00+05:30,Kilinochchi_Northern,24.6,87.2735488520666,0.0,1.6,134.37331589966757
2026-10-05T03:15:00+05:30,Kilinochchi_Northern,24.5,88.02977912993254,0.0,1.57,130.6765335648241
2026-10-05T03:30:00+05:30,Kilinochchi_Northern,24.5,88.73082099045467,0.0,1.48,126.9781053931799
2026-10-05T03:45:00+05:30,Kilinochchi_Northern,24.4,89.39011983326463,0.0,1.39,123.27868213508879
2026-10-05T04:00:00+05:30,Kilinochchi_Northern,24.4,90.01819456828258,0.0,1.33,119.57879958116551
2026-10-05T04:15:00+05:30,Kilinochchi_Northern,24.4,90.62352585234191,0.0,1.25,115.87891692980583
2026-10-05T04:30:00+05:30,Kilinochchi_Northern,24.4,91.21316470883767,0.0,1.22,112.17944498220382
2026-10-05T04:45:00+05:30,Kilinochchi_Northern,24.4,91.79316414850473,0.0,1.2,108.48076713413414
2026-10-05T05:00:00+05:30,Kilinochchi_Northern,24.5,92.36889697739753,0.0,1.2,104.78325446452449
2026-10-05T05:15:00+05:30,Kilinochchi_Northern,24.5,92.94529953349326,0.0,1.21,101.08727973001785
2026-10-05T05:30:00+05:30,Kilinochchi_Northern,24.7,93.52706834366586,0.0,1.23,97.3932300649252
2026-10-05T05:45:00+05:30,Kilinochchi_Northern,24.9,94.11882864587892,0.0,1.3,93.70151789108237
2026-10-05T06:00:00+05:30,Kilinochchi_Northern,25.1,94.72528831880237,0.0,1.38,90.01259386655727
2026-10-05T06:15:00+05:30,Kilinochchi_Northern,25.3,95.3513888894143,15.0,1.46,86.32696120561133
2026-10-05T06:30:00+05:30,Kilinochchi_Northern,25.6,96.00246430706363,51.0,1.59,82.64519080216927
2026-10-05T06:45:00+05:30,Kilinochchi_Northern,25.9,96.68441768889727,99.0,1.72,78.96794120303383
2026-10-05T07:00:00+05:30,Kilinochchi_Northern,26.3,97.40392841944015,155.0,1.86,75.29598333260333
2026-10-05T07:15:00+05:30,Kilinochchi_Northern,26.6,98.16870494483533,212.0,1.99,71.6302303504319
2026-10-05T07:30:00+05:30,Kilinochchi_Northern,27.0,98.98780244768307,267.0,2.1,67.97177816819982
2026-10-05T07:45:00+05:30,Kilinochchi_Northern,27.3,99.87203259159111,321.0,2.17,64.32195877559899
2026-10-05T08:00:00+05:30,Kilinochchi_Northern,27.7,100.83450364545604,374.0,2.24,60.68241016912303
2026-10-05T08:15:00+05:30,Kilinochchi_Northern,28.0,101.89134492673725,429.0,2.26,57.055173571756676
2026-10-05T08:30:00+05:30,Kilinochchi_Northern,28.4,103.06269583111163,483.0,2.22,53.442828112496855
2026-10-05T08:45:00+05:30,Kilinochchi_Northern,28.8,104.37407915901474,537.0,2.14,49.848679343394004
2026-10-05T09:00:00+05:30,Kilinochchi_Northern,29.2,105.85833798139771,588.0,2.02,46.27703238519907
2026-10-05T09:15:00+05:30,Kilinochchi_Northern,29.6,107.55841138287803,635.0,1.83,42.73359267166851
2026-10-05T09:30:00+05:30,Kilinochchi_Northern,30.1,109.53137241183248,677.0,1.65,39.226065241086545
2026-10-05T09:45:00+05:30,Kilinochchi_Northern,30.5,111.85437345440306,715.0,1.43,35.7650755840358
2026-10-05T10:00:00+05:30,Kilinochchi_Northern,31.0,114.63346220050158,750.0,1.21,32.365613193004386
2026-10-05T10:15:00+05:30,Kilinochchi_Northern,31.5,118.01659288525002,783.0,0.92,29.0493407339455
2026-10-05T10:30:00+05:30,Kilinochchi_Northern,31.9,122.21223054670759,820.0,0.71,25.84834949458366
2026-10-05T10:45:00+05:30,Kilinochchi_Northern,32.3,127.51341388318485,850.0,0.5,22.811272271055856
2026-10-05T11:00:00+05:30,Kilinochchi_Northern,32.7,134.31959883173278,864.0,0.34,20.012920527464885
2026-10-05T11:15:00+05:30,Kilinochchi_Northern,33.0,143.12338428021968,846.0,0.25,17.567788971200883
2026-10-05T11:30:00+05:30,Kilinochchi_Northern,33.1,154.37025414064124,791.0,0.22,15.642440758038944
2026-10-05T11:45:00+05:30,Kilinochchi_Northern,33.1,168.05492044231005,719.0,0.25,14.44624505898787
2026-10-05T12:00:00+05:30,Kilinochchi_Northern,32.9,183.18184410663824,652.0,0.22,14.165160590970117
2026-10-05T12:15:00+05:30,Kilinochchi_Northern,32.6,197.89123354268548,613.0,0.21,14.851241708702304
2026-10-05T12:30:00+05:30,Kilinochchi_Northern,32.3,210.59511068161777,595.0,0.25,16.38342344731886
2026-10-05T12:45:00+05:30,Kilinochchi_Northern,32.1,220.76591538270017,587.0,0.3,18.553240673259737
2026-10-05T13:00:00+05:30,Kilinochchi_Northern,31.8,228.6581348685393,579.0,0.32,21.16546635485639
2026-10-05T13:15:00+05:30,Kilinochchi_Northern,31.5,234.76862089268613,562.0,0.38,24.07650225795767
2026-10-05T13:30:00+05:30,Kilinochchi_Northern,31.2,239.55714899659685,542.0,0.45,27.19051464474581
2026-10-05T13:45:00+05:30,Kilinochchi_Northern,30.9,243.37631728672113,520.0,0.51,30.4452510313535
2026-10-05T14:00:00+05:30,Kilinochchi_Northern,30.5,246.48011078942625,497.0,0.61,33.800047799969946
2026-10-05T14:15:00+05:30,Kilinochchi_Northern,30.1,249.04862870864707,472.0,0.68,37.22782620847342
2026-10-05T14:30:00+05:30,Kilinochchi_Northern,29.7,251.21010291946973,445.0,0.78,40.710115165809945
2026-10-05T14:45:00+05:30,Kilinochchi_Northern,29.3,253.0569897772287,417.0,0.88,44.23400077943824
2026-10-05T15:00:00+05:30,Kilinochchi_Northern,28.9,254.65701861202697,388.0,0.96,47.790238436446835
2026-10-05T15:15:00+05:30,Kilinochchi_Northern,28.5,256.06064758040174,358.0,1.03,51.37206327843279
2026-10-05T15:30:00+05:30,Kilinochchi_Northern,28.1,257.3061021917714,327.0,1.1,54.9744256505215
2026-10-05T15:45:00+05:30,Kilinochchi_Northern,27.7,258.42281274637173,295.0,1.17,58.593486615417575
2026-10-05T16:00:00+05:30,Kilinochchi_Northern,27.4,259.43379199550014,261.0,1.24,62.22627829053941
2026-10-05T16:15:00+05:30,Kilinochchi_Northern,27.0,260.3573053812633,226.0,1.31,65.87047178255193
2026-10-05T16:30:00+05:30,Kilinochchi_Northern,26.7,261.2080624945563,193.0,1.35,69.52421344776393
2026-10-05T16:45:00+05:30,Kilinochchi_Northern,26.4,261.9980811750531,158.0,1.39,73.18600792287258
2026-10-05T17:00:00+05:30,Kilinochchi_Northern,26.1,262.73732493855823,122.0,1.43,76.85463456591539
2026-10-05T17:15:00+05:30,Kilinochchi_Northern,25.9,263.4341809004146,86.0,1.47,80.52908459742982
2026-10-05T17:30:00+05:30,Kilinochchi_Northern,25.7,264.0958251934019,51.0,1.51,84.20851385264412
2026-10-05T17:45:00+05:30,Kilinochchi_Northern,25.6,264.7285087521449,22.0,1.55,87.89220814860955
2026-10-05T18:00:00+05:30,Kilinochchi_Northern,25.5,265.3377863307529,3.0,1.53,91.57955519581823
2026-10-05T18:15:00+05:30,Kilinochchi_Northern,25.4,265.9287064117982,0.0,1.57,95.2700222996992
2026-10-05T18:30:00+05:30,Kilinochchi_Northern,25.3,266.5059756765093,0.0,1.54,98.9631397278054
2026-10-05T18:45:00+05:30,Kilinochchi_Northern,25.2,267.07410868943657,0.0,1.52,102.65848555121876
2026-10-05T19:00:00+05:30,Kilinochchi_Northern,25.2,267.63757315304025,0.0,1.54,106.35567247496942
2026-10-05T19:15:00+05:30,Kilinochchi_Northern,25.1,268.20094117062126,0.0,1.52,110.05433732618651
2026-10-05T19:30:00+05:30,Kilinochchi_Northern,25.1,268.7690576959058,0.0,1.5,113.75412945861723
2026-10-05T19:45:00+05:30,Kilinochchi_Northern,25.1,269.3472410842851,0.0,1.49,117.454698745564
2026-10-05T20:00:00+05:30,Kilinochchi_Northern,25.1,269.94153611308775,0.0,1.52,121.15568369104685
2026-10-05T20:15:00+05:30,Kilinochchi_Northern,25.1,270.5590483852264,0.0,1.5,124.85669538421757
2026-10-05T20:30:00+05:30,Kilinochchi_Northern,25.1,271.20840524080734,0.0,1.49,128.5572969227479
2026-10-05T20:45:00+05:30,Kilinochchi_Northern,25.1,271.9004149117959,0.0,1.48,132.25697689798895
2026-10-05T21:00:00+05:30,Kilinochchi_Northern,25.2,272.64904147765105,0.0,1.47,135.95510924360116
2026-10-05T21:15:00+05:30,Kilinochchi_Northern,25.2,273.4728983671254,0.0,1.46,139.6508928753761
2026-10-05T21:30:00+05:30,Kilinochchi_Northern,25.2,274.39762292338554,0.0,1.45,143.3432581883181
2026-10-05T21:45:00+05:30,Kilinochchi_Northern,25.2,275.4598099723555,0.0,1.45,147.03071032544088
2026-10-05T22:00:00+05:30,Kilinochchi_Northern,25.3,276.71384617504407,0.0,1.45,150.71105681095963
2026-10-05T22:15:00+05:30,Kilinochchi_Northern,25.3,278.2444718581,0.0,1.4,154.38090648646482
2026-10-05T22:30:00+05:30,Kilinochchi_Northern,25.3,280.1914912761833,0.0,1.41,158.03467326706448
2026-10-05T22:45:00+05:30,Kilinochchi_Northern,25.3,282.80262122189225,0.0,1.41,161.66241748548777
2026-10-05T23:00:00+05:30,Kilinochchi_Northern,25.3,286.55896231188615,0.0,1.37,165.24460717825002
2026-10-05T23:15:00+05:30,Kilinochchi_Northern,25.3,292.5140094131345,0.0,1.37,168.73735648245577
2026-10-05T23:30:00+05:30,Kilinochchi_Northern,25.3,303.3476631358923,0.0,1.33,172.02196667010884
2026-10-05T23:45:00+05:30,Kilinochchi_Northern,25.2,326.5407656905977,0.0,1.3,174.69614958167625
2026-10-06T00:00:00+05:30,Kilinochchi_Northern,25.2,10.437232452750663,0.0,1.3,175.49508141382535
2026-10-06T00:15:00+05:30,Kilinochchi_Northern,25.1,45.98592566455454,0.0,1.26,173.66444429649354
2026-10-06T00:30:00+05:30,Kilinochchi_Northern,25.1,62.383803868872064,0.0,1.22,170.6371068682771
2026-10-06T00:45:00+05:30,Kilinochchi_Northern,25.0,70.57585729044081,0.0,1.17,167.2381840187411
2026-10-06T01:00:00+05:30,Kilinochchi_Northern,24.9,75.383784410337,0.0,1.14,163.69864948280366
2026-10-06T01:15:00+05:30,Kilinochchi_Northern,24.9,78.56058291414473,0.0,1.05,160.09356234646958
2026-10-06T01:30:00+05:30,Kilinochchi_Northern,24.8,80.84354795986974,0.0,1.01,156.45322082860437
2026-10-06T01:45:00+05:30,Kilinochchi_Northern,24.7,82.58878751515249,0.0,0.96,152.79199362326685
2026-10-06T02:00:00+05:30,Kilinochchi_Northern,24.6,83.98767982046348,0.0,0.87,149.11754140781113
2026-10-06T02:15:00+05:30,Kilinochchi_Northern,24.5,85.15186813664019,0.0,0.86,145.4343270908251
2026-10-06T02:30:00+05:30,Kilinochchi_Northern,24.4,86.15082896863692,0.0,0.78,141.7451404490414
2026-10-06T02:45:00+05:30,Kilinochchi_Northern,24.4,87.0301278917463,0.0,0.71,138.0518298334819
2026-10-06T03:00:00+05:30,Kilinochchi_Northern,24.3,87.82099318295747,0.0,0.68,134.35568441617582
2026-10-06T03:15:00+05:30,Kilinochchi_Northern,24.3,88.54566004989954,0.0,0.65,130.6576471017155
2026-10-06T03:30:00+05:30,Kilinochchi_Northern,24.2,89.2205139343248,0.0,0.6,126.95843847721903
2026-10-06T03:45:00+05:30,Kilinochchi_Northern,24.2,89.85802327005763,0.0,0.59,123.25863448028271
2026-10-06T04:00:00+05:30,Kilinochchi_Northern,24.2,90.46797566089134,0.0,0.56,119.5587167857984
2026-10-06T04:15:00+05:30,Kilinochchi_Northern,24.2,91.0582976456933,0.0,0.6,115.85910556832971
2026-10-06T04:30:00+05:30,Kilinochchi_Northern,24.2,91.63561703714487,0.0,0.6,112.16018397370277
2026-10-06T04:45:00+05:30,Kilinochchi_Northern,24.3,92.20566264825021,0.0,0.65,108.46231661331842
2026-10-06T05:00:00+05:30,Kilinochchi_Northern,24.3,92.7735597934701,0.0,0.67,104.76586297725149
2026-10-06T05:15:00+05:30,Kilinochchi_Northern,24.4,93.34405828874833,0.0,0.73,101.07119032680251
2026-10-06T05:30:00+05:30,Kilinochchi_Northern,24.6,93.92171798784324,0.0,0.79,97.37868571478982
2026-10-06T05:45:00+05:30,Kilinochchi_Northern,24.7,94.5110695309404,0.0,0.85,93.68876653816086
2026-10-06T06:00:00+05:30,Kilinochchi_Northern,24.9,95.11676301921261,0.0,0.92,90.00189340345766
2026-10-06T06:15:00+05:30,Kilinochchi_Northern,25.2,95.74371574107852,17.0,1.03,86.31858461252905
2026-10-06T06:30:00+05:30,Kilinochchi_Northern,25.4,96.39726930289316,58.0,1.1,82.63943169455095
2026-10-06T06:45:00+05:30,Kilinochchi_Northern,25.7,97.08336617723592,113.0,1.16,78.96512005532342
2026-10-06T07:00:00+05:30,Kilinochchi_Northern,26.1,97.8087579720638,176.0,1.27,75.296454686777
2026-10-06T07:15:00+05:30,Kilinochchi_Northern,26.4,98.58126077840893,240.0,1.34,71.63439138954057
2026-10-06T07:30:00+05:30,Kilinochchi_Northern,26.8,99.41007686916055,301.0,1.45,67.980079140514
2026-10-06T07:45:00+05:30,Kilinochchi_Northern,27.2,100.3062100886724,357.0,1.57,64.33491590088327
2026-10-06T08:00:00+05:30,Kilinochchi_Northern,27.6,101.28301342391057,411.0,1.63,60.70062188398853
2026-10-06T08:15:00+05:30,Kilinochchi_Northern,28.0,102.35692281801164,465.0,1.74,57.07934127664826
2026-10-06T08:30:00+05:30,Kilinochchi_Northern,28.4,103.5484574119165,514.0,1.86,53.473783017392705
2026-10-06T08:45:00+05:30,Kilinochchi_Northern,28.8,104.88360525407222,560.0,1.97,49.88741764258324
2026-10-06T09:00:00+05:30,Kilinochchi_Northern,29.1,106.39577158792713,601.0,2.08,46.324761859494984
2026-10-06T09:15:00+05:30,Kilinochchi_Northern,29.5,108.12855960656066,639.0,2.12,42.79179501298454
2026-10-06T09:30:00+05:30,Kilinochchi_Northern,29.9,110.13979400299075,674.0,2.24,39.29657992609232
2026-10-06T09:45:00+05:30,Kilinochchi_Northern,30.2,112.50740242980976,704.0,2.35,35.850212726683196
2026-10-06T10:00:00+05:30,Kilinochchi_Northern,30.6,115.33804950370438,729.0,2.39,32.468303465762574
2026-10-06T10:15:00+05:30,Kilinochchi_Northern,30.9,118.77969371019026,751.0,2.5,29.17332662666388
2026-10-06T10:30:00+05:30,Kilinochchi_Northern,31.2,123.03912569041847,771.0,2.55,25.998403372385724
2026-10-06T10:45:00+05:30,Kilinochchi_Northern,31.4,128.40365747870783,786.0,2.59,22.993364191541247
2026-10-06T11:00:00+05:30,Kilinochchi_Northern,31.6,135.25812660126707,790.0,2.64,20.23408374399
2026-10-06T11:15:00+05:30,Kilinochchi_Northern,31.8,144.06371410328927,779.0,2.69,17.835032322255046
2026-10-06T11:30:00+05:30,Kilinochchi_Northern,31.9,155.2126084221345,748.0,2.73,15.959527706724586
2026-10-06T11:45:00+05:30,Kilinochchi_Northern,32.0,168.64710605027506,707.0,2.78,14.807878714887025
2026-10-06T12:00:00+05:30,Kilinochchi_Northern,32.0,183.39255402397285,669.0,2.76,14.552971866832223
2026-10-06T12:15:00+05:30,Kilinochchi_Northern,32.0,197.71541249530574,644.0,2.8,15.239873084102797
2026-10-06T12:30:00+05:30,Kilinochchi_Northern,32.0,210.14562776083594,630.0,2.79,16.753126023746745
2026-10-06T12:45:00+05:30,Kilinochchi_Northern,31.9,220.17357579146716,619.0,2.77,18.895208751030154
2026-10-06T13:00:00+05:30,Kilinochchi_Northern,31.9,228.01360112529625,608.0,2.75,21.478777238755015
2026-10-06T13:15:00+05:30,Kilinochchi_Northern,31.8,234.12112951496243,590.0,2.74,24.363761690123596
2026-10-06T13:30:00+05:30,Kilinochchi_Northern,31.7,238.92962625548742,570.0,2.72,27.455280006168223
2026-10-06T13:45:00+05:30,Kilinochchi_Northern,31.5,242.77768384479032,547.0,2.71,30.690951530131898
2026-10-06T14:00:00+05:30,Kilinochchi_Northern,31.4,245.91243063993684,523.0,2.69,34.029648076637606
2026-10-06T14:15:00+05:30,Kilinochchi_Northern,31.2,248.51081143484424,497.0,2.67,37.44378593300016
2026-10-06T14:30:00+05:30,Kilinochchi_Northern,31.1,250.6997332193792,470.0,2.66,40.914446397935215
2026-10-06T14:45:00+05:30,Kilinochchi_Northern,30.9,252.57120746249092,441.0,2.65,44.428346394650866
2026-10-06T15:00:00+05:30,Kilinochchi_Northern,30.7,254.1929281851362,410.0,2.58,47.975945359300525
2026-10-06T15:15:00+05:30,Kilinochchi_Northern,30.6,255.61549659612606,378.0,2.57,51.55024354329481
2026-10-06T15:30:00+05:30,Kilinochchi_Northern,30.4,256.87734679645325,346.0,2.51,55.14600509512274
2026-10-06T15:45:00+05:30,Kilinochchi_Northern,30.2,258.00812907175623,312.0,2.5,58.75924305208324
2026-10-06T16:00:00+05:30,Kilinochchi_Northern,30.0,259.03106255845694,277.0,2.45,62.386871285646336
2026-10-06T16:15:00+05:30,Kilinochchi_Northern,29.8,259.96459492048024,240.0,2.45,66.02646594323083
2026-10-06T16:30:00+05:30,Kilinochchi_Northern,29.6,260.8235902423676,205.0,2.4,69.67609674346133
2026-10-06T16:45:00+05:30,Kilinochchi_Northern,29.5,261.62019280402706,168.0,2.35,73.33420622722402
2026-10-06T17:00:00+05:30,Kilinochchi_Northern,29.3,262.36446549957094,130.0,2.31,76.9995233205422
2026-10-06T17:15:00+05:30,Kilinochchi_Northern,29.2,263.06486907733284,91.0,2.26,80.67099829381276
2026-10-06T17:30:00+05:30,Kilinochchi_Northern,29.0,263.72862869066944,53.0,2.22,84.34775385259907
2026-10-06T17:45:00+05:30,Kilinochchi_Northern,28.9,264.36202035834174,23.0,2.18,88.0290492608748
2026-10-06T18:00:00+05:30,Kilinochchi_Northern,28.8,264.9706000249567,3.0,2.15,91.71425132464162
2026-10-06T18:15:00+05:30,Kilinochchi_Northern,28.7,265.5593927496802,0.0,2.06,95.40281143658895
2026-10-06T18:30:00+05:30,Kilinochchi_Northern,28.5,266.1330555427789,0.0,2.04,99.09424850873108
2026-10-06T18:45:00+05:30,Kilinochchi_Northern,28.4,266.6960243113847,0.0,1.98,102.78813358485407
2026-10-06T19:00:00+05:30,Kilinochchi_Northern,28.3,267.25265499806613,0.0,1.9,106.48407664158194
2026-10-06T19:15:00+05:30,Kilinochchi_Northern,28.1,267.8073689505586,0.0,1.86,110.18171625608488
2026-10-06T19:30:00+05:30,Kilinochchi_Northern,28.0,268.36481312564973,0.0,1.82,113.8807084389224
2026-10-06T19:45:00+05:30,Kilinochchi_Northern,27.8,268.93004918477214,0.0,1.79,117.58071535697522
2026-10-06T20:00:00+05:30,Kilinochchi_Northern,27.7,269.50879056369087,0.0,1.74,121.2813945748874
2026-10-06T20:15:00+05:30,Kilinochchi_Northern,27.6,270.10771450226133,0.0,1.7,124.98238470542243
2026-10-06T20:30:00+05:30,Kilinochchi_Northern,27.4,270.73489116692576,0.0,1.7,128.6832873411418
2026-10-06T20:45:00+05:30,Kilinochchi_Northern,27.3,271.4003968817008,0.0,1.72,132.38364427445327
2026-10-06T21:00:00+05:30,Kilinochchi_Northern,27.2,272.11722144360823,0.0,1.71,136.08290299092647
2026-10-06T21:15:00+05:30,Kilinochchi_Northern,27.0,272.9026596884646,0.0,1.74,139.78036502837548
2026-10-06T21:30:00+05:30,Kilinochchi_Northern,26.9,273.78052840373755,0.0,1.75,143.47510634550605
2026-10-06T21:45:00+05:30,Kilinochchi_Northern,26.8,274.78484906710554,0.0,1.76,147.16584343316913
2026-10-06T22:00:00+05:30,Kilinochchi_Northern,26.7,275.96627080534944,0.0,1.82,150.85070018338155
