Datetime,Location,air_temp,azimuth,ghi,wind_speed_10m,zenith
2026-09-29T18:15:00+05:30,Anuradhapura_NorthCentral,29.5,268.071798258685,0.0,4.45,94.41119033167824
2026-09-29T18:30:00+05:30,Anuradhapura_NorthCentral,29.2,268.5983684401249,0.0,4.32,98.12162609932791
2026-09-29T18:45:00+05:30,Anuradhapura_NorthCentral,29.0,269.12376159005476,0.0,4.21,101.83287833671343
2026-09-29T19:00:00+05:30,Anuradhapura_NorthCentral,28.7,269.65242183907,0.0,4.12,105.54463737529574
2026-09-29T19:15:00+05:30,Anuradhapura_NorthCentral,28.5,270.18905321936137,0.0,4.05,109.25659267745817
2026-09-29T19:30:00+05:30,Anuradhapura_NorthCentral,28.3,270.73880414674056,0.0,3.99,112.96842117478249
2026-09-29T19:45:00+05:30,Anuradhapura_NorthCentral,28.1,271.3074936591106,0.0,3.96,116.67977386996093
2026-09-29T20:00:00+05:30,Anuradhapura_NorthCentral,27.9,271.9019027486536,0.0,3.96,120.3902609505433
2026-09-29T20:15:00+05:30,Anuradhapura_NorthCentral,27.7,272.53016426632576,0.0,3.96,124.09943064765955
2026-09-29T20:30:00+05:30,Anuradhapura_NorthCentral,27.5,273.202303447968,0.0,3.96,127.80674066194358
2026-09-29T20:45:00+05:30,Anuradhapura_NorthCentral,27.4,273.93101146531853,0.0,3.97,131.51151942014613
2026-09-29T21:00:00+05:30,Anuradhapura_NorthCentral,27.2,274.7327860607145,0.0,3.95,135.2129072742814
2026-09-29T21:15:00+05:30,Anuradhapura_NorthCentral,27.1,275.6296678056665,0.0,3.97,138.9097673774668
2026-09-29T21:30:00+05:30,Anuradhapura_NorthCentral,27.0,276.6519750107895,0.0,3.98,142.60054688291996
2026-09-29T21:45:00+05:30,Anuradhapura_NorthCentral,26.9,277.8427778307469,0.0,4.09,146.28304683546588
2026-09-29T22:00:00+05:30,Anuradhapura_NorthCentral,26.8,279.2655446272929,0.0,4.2,149.95402675384202
2026-09-29T22:15:00+05:30,Anuradhapura_NorthCentral,26.7,281.01789243458677,0.0,4.34,153.6084887002348
2026-09-29T22:30:00+05:30,Anuradhapura_NorthCentral,26.7,283.2578427044683,0.0,4.41,157.23828857483886
2026-09-29T22:45:00+05:30,Anuradhapura_NorthCentral,26.6,286.257656156816,0.0,4.44,160.8292276374171
2026-09-29T23:00:00+05:30,Anuradhapura_NorthCentral,26.5,290.52379108205645,0.0,4.47,164.35434170285927
2026-09-29T23:15:00+05:30,Anuradhapura_NorthCentral,26.4,297.089109165864,0.0,4.45,167.75645750371945
2026-09-29T23:30:00+05:30,Anuradhapura_NorthCentral,26.4,308.26344215370625,0.0,4.41,170.89643137197154
2026-09-29T23:45:00+05:30,Anuradhapura_NorthCentral,26.3,329.0977133257076,0.0,4.37,173.38935114032486
2026-09-30T00:00:00+05:30,Anuradhapura_NorthCentral,26.3,3.605132110261934,0.0,4.3,174.30943352272897
2026-09-30T00:15:00+05:30,Anuradhapura_NorthCentral,26.3,35.99489947738954,0.0,4.23,173.00567805075787
2026-09-30T00:30:00+05:30,Anuradhapura_NorthCentral,26.2,54.4899323214247,0.0,4.19,170.3401068502527
2026-09-30T00:45:00+05:30,Anuradhapura_NorthCentral,26.2,64.52071061961789,0.0,4.18,167.13301448456778
2026-09-30T01:00:00+05:30,Anuradhapura_NorthCentral,26.1,70.53456141545638,0.0,4.17,163.70108831206346
2026-09-30T01:15:00+05:30,Anuradhapura_NorthCentral,26.1,74.5077054395785,0.0,4.2,160.16078045737183
2026-09-30T01:30:00+05:30,Anuradhapura_NorthCentral,26.0,77.3371127460664,0.0,4.19,156.56127349118992
2026-09-30T01:45:00+05:30,Anuradhapura_NorthCentral,26.0,79.47067982545406,0.0,4.19,152.92629954692788
2026-09-30T02:00:00+05:30,Anuradhapura_NorthCentral,25.9,81.15296948508865,0.0,4.16,149.26857876798397
2026-09-30T02:15:00+05:30,Anuradhapura_NorthCentral,25.8,82.52774314852047,0.0,4.13,145.59551007444244
2026-09-30T02:30:00+05:30,Anuradhapura_NorthCentral,25.8,83.68473731284655,0.0,4.13,141.91168630412255
2026-09-30T02:45:00+05:30,Anuradhapura_NorthCentral,25.7,84.68280507621705,0.0,4.16,138.2201130364366
2026-09-30T03:00:00+05:30,Anuradhapura_NorthCentral,25.7,85.56218189315621,0.0,4.19,134.52284732964446
2026-09-30T03:15:00+05:30,Anuradhapura_NorthCentral,25.6,86.35137651795617,0.0,4.19,130.82135365760735
2026-09-30T03:30:00+05:30,Anuradhapura_NorthCentral,25.6,87.07123860465924,0.0,4.19,127.11671150075722
2026-09-30T03:45:00+05:30,Anuradhapura_NorthCentral,25.6,87.73746351142807,0.0,4.19,123.4097438770199
2026-09-30T04:00:00+05:30,Anuradhapura_NorthCentral,25.6,88.36219349688031,0.0,4.15,119.70109963179166
2026-09-30T04:15:00+05:30,Anuradhapura_NorthCentral,25.5,88.95507643736778,0.0,4.05,115.9913066474579
2026-09-30T04:30:00+05:30,Anuradhapura_NorthCentral,25.5,89.52398777331382,0.0,4.02,112.28080957994888
2026-09-30T04:45:00+05:30,Anuradhapura_NorthCentral,25.5,90.07553834983537,0.0,3.92,108.56999691066615
2026-09-30T05:00:00+05:30,Anuradhapura_NorthCentral,25.4,90.6154435229725,0.0,3.86,104.85921969084826
2026-09-30T05:15:00+05:30,Anuradhapura_NorthCentral,25.3,91.14880086538113,0.0,3.76,101.14880744261266
2026-09-30T05:30:00+05:30,Anuradhapura_NorthCentral,25.3,91.6803082098171,0.0,3.8,97.43908138790381
2026-09-30T05:45:00+05:30,Anuradhapura_NorthCentral,25.3,92.214443904689,0.0,3.94,93.73036469804137
2026-09-30T06:00:00+05:30,Anuradhapura_NorthCentral,25.4,92.75562462366906,0.0,4.18,90.02299366978752
2026-09-30T06:15:00+05:30,Anuradhapura_NorthCentral,25.5,93.30835331779133,16.0,4.46,86.31732911378829
2026-09-30T06:30:00+05:30,Anuradhapura_NorthCentral,25.7,93.87736825472103,51.0,4.7,82.6137672358812
2026-09-30T06:45:00+05:30,Anuradhapura_NorthCentral,26.0,94.46780315399246,95.0,4.94,78.91275381809177
2026-09-30T07:00:00+05:30,Anuradhapura_NorthCentral,26.5,95.08537003081273,145.0,5.26,75.21480120687366
2026-09-30T07:15:00+05:30,Anuradhapura_NorthCentral,27.0,95.73657877140022,195.0,5.53,71.5205079130717
2026-09-30T07:30:00+05:30,Anuradhapura_NorthCentral,27.5,96.42901086205046,243.0,5.74,67.83058556027584
2026-09-30T07:45:00+05:30,Anuradhapura_NorthCentral,27.9,97.17167198343571,288.0,5.84,64.145894171241
2026-09-30T08:00:00+05:30,Anuradhapura_NorthCentral,28.3,97.97545864477286,335.0,5.87,60.46748792107831
2026-09-30T08:15:00+05:30,Anuradhapura_NorthCentral,28.8,98.8537893705186,387.0,5.83,56.796679691481394
2026-09-30T08:30:00+05:30,Anuradhapura_NorthCentral,29.2,99.82347731948988,447.0,5.84,53.13513113184632
2026-09-30T08:45:00+05:30,Anuradhapura_NorthCentral,29.7,100.90596254006812,510.0,5.81,49.48497953150634
2026-09-30T09:00:00+05:30,Anuradhapura_NorthCentral,30.2,102.12908825944834,573.0,5.78,45.84902491817101
2026-09-30T09:15:00+05:30,Anuradhapura_NorthCentral,30.6,103.52971895540293,631.0,5.76,42.23100952414514
2026-09-30T09:30:00+05:30,Anuradhapura_NorthCentral,31.1,105.1576899288525,686.0,5.76,38.6360450737262
2026-09-30T09:45:00+05:30,Anuradhapura_NorthCentral,31.5,107.08190891672757,737.0,5.77,35.071290131688556
2026-09-30T10:00:00+05:30,Anuradhapura_NorthCentral,31.9,109.4000141702279,784.0,5.77,31.547055088320143
2026-09-30T10:15:00+05:30,Anuradhapura_NorthCentral,32.3,112.25400799966485,825.0,5.78,28.078666974913574
2026-09-30T10:30:00+05:30,Anuradhapura_NorthCentral,32.6,115.85595146930336,859.0,5.79,24.689737116365876
2026-09-30T10:45:00+05:30,Anuradhapura_NorthCentral,33.0,120.53001206129863,887.0,5.84,21.41807945154602
2026-09-30T11:00:00+05:30,Anuradhapura_NorthCentral,33.4,126.77721159585718,909.0,5.87,18.32666879540885
2026-09-30T11:15:00+05:30,Anuradhapura_NorthCentral,33.7,135.351774975081,924.0,5.94,15.523624061704169
2026-09-30T11:30:00+05:30,Anuradhapura_NorthCentral,33.9,147.24173048279215,930.0,5.97,13.194084810070976
2026-09-30T11:45:00+05:30,Anuradhapura_NorthCentral,34.1,163.1546900263785,931.0,6.0,11.626293159691443
2026-09-30T12:00:00+05:30,Anuradhapura_NorthCentral,34.1,182.0615754023991,928.0,6.0,11.146478118988767
2026-09-30T12:15:00+05:30,Anuradhapura_NorthCentral,34.2,200.54202623784226,926.0,6.04,11.887134118033146
2026-09-30T12:30:00+05:30,Anuradhapura_NorthCentral,34.2,215.572425010673,924.0,6.02,13.651025745949354
2026-09-30T12:45:00+05:30,Anuradhapura_NorthCentral,34.2,226.64913929258796,919.0,6.0,16.10537507108846
2026-09-30T13:00:00+05:30,Anuradhapura_NorthCentral,34.2,234.63408923539322,907.0,5.92,18.984226818842217
2026-09-30T13:15:00+05:30,Anuradhapura_NorthCentral,34.2,240.4810150875604,887.0,5.86,22.122443700929537
2026-09-30T13:30:00+05:30,Anuradhapura_NorthCentral,34.1,244.88359569833273,859.0,5.82,25.42412989763261
2026-09-30T13:45:00+05:30,Anuradhapura_NorthCentral,34.1,248.29740259799848,825.0,5.79,28.833146922173228
2026-09-30T14:00:00+05:30,Anuradhapura_NorthCentral,34.0,251.0173361968105,787.0,5.8,32.315506143634934
2026-09-30T14:15:00+05:30,Anuradhapura_NorthCentral,33.8,253.23718206500766,747.0,5.82,35.849799617759096
2026-09-30T14:30:00+05:30,Anuradhapura_NorthCentral,33.6,255.08744277571367,705.0,5.75,39.42201724865508
2026-09-30T14:45:00+05:30,Anuradhapura_NorthCentral,33.3,256.65836780022164,659.0,5.59,43.022666888093255
2026-09-30T15:00:00+05:30,Anuradhapura_NorthCentral,32.8,258.01399677165364,610.0,5.39,46.64511569811416
2026-09-30T15:15:00+05:30,Anuradhapura_NorthCentral,32.3,259.20087513297057,558.0,5.12,50.284600413527464
2026-09-30T15:30:00+05:30,Anuradhapura_NorthCentral,31.9,260.2535895421963,503.0,4.94,53.93761769627175
2026-09-30T15:45:00+05:30,Anuradhapura_NorthCentral,31.7,261.19836909127105,447.0,4.81,57.60153474535146
2026-09-30T16:00:00+05:30,Anuradhapura_NorthCentral,31.7,262.0554850206298,390.0,4.72,61.27433395279472
2026-09-30T16:15:00+05:30,Anuradhapura_NorthCentral,31.6,262.84088694966175,332.0,4.61,64.95444250650492
2026-09-30T16:30:00+05:30,Anuradhapura_NorthCentral,31.4,263.56734246592043,276.0,4.5,68.64061391131717
2026-09-30T16:45:00+05:30,Anuradhapura_NorthCentral,31.1,264.2452478151922,221.0,4.34,72.33184448178213
2026-09-30T17:00:00+05:30,Anuradhapura_NorthCentral,30.7,264.88321688239944,169.0,4.16,76.02731473197215
2026-09-30T17:15:00+05:30,Anuradhapura_NorthCentral,30.3,265.48851783927853,120.0,4.04,79.72634524872787
2026-09-30T17:30:00+05:30,Anuradhapura_NorthCentral,30.0,266.067404599823,76.0,3.95,83.42836362051318
2026-09-30T17:45:00+05:30,Anuradhapura_NorthCentral,29.8,266.62537540135673,38.0,3.93,87.13288060221035
2026-09-30T18:00:00+05:30,Anuradhapura_NorthCentral,29.7,267.1673807313721,8.0,3.98,90.83947025885753
2026-09-30T18:15:00+05:30,Anuradhapura_NorthCentral,29.6,267.6979975487834,0.0,4.08,94.54775393940919
2026-09-30T18:30:00+05:30,Anuradhapura_NorthCentral,29.5,268.2215829509593,0.0,4.17,98.25738838303445
2026-09-30T18:45:00+05:30,Anuradhapura_NorthCentral,29.3,268.74241771505444,0.0,4.35,101.96805404280916
2026-09-30T19:00:00+05:30,Anuradhapura_NorthCentral,29.0,269.26485001855156,0.0,4.58,105.6794443418092
2026-09-30T19:15:00+05:30,Anuradhapura_NorthCentral,28.7,269.793450060428,0.0,4.75,109.39125664181181
2026-09-30T19:30:00+05:30,Anuradhapura_NorthCentral,28.5,270.3331874852618,0.0,4.85,113.10318119804845
2026-09-30T19:45:00+05:30,Anuradhapura_NorthCentral,28.2,270.88964770566173,0.0,4.77,116.81488872213752
2026-09-30T20:00:00+05:30,Anuradhapura_NorthCentral,28.0,271.4693094178955,0.0,4.55,120.52601692534436
2026-09-30T20:15:00+05:30,Anuradhapura_NorthCentral,27.8,272.0799152418961,0.0,4.32,124.23615145257793
2026-09-30T20:30:00+05:30,Anuradhapura_NorthCentral,27.6,272.73098518355465,0.0,4.14,127.94480031956319
2026-09-30T20:45:00+05:30,Anuradhapura_NorthCentral,27.4,273.43455171364496,0.0,3.98,131.6513595869124
2026-09-30T21:00:00+05:30,Anuradhapura_NorthCentral,27.3,274.2062449402357,0.0,3.82,135.3550611330375
2026-09-30T21:15:00+05:30,Anuradhapura_NorthCentral,27.1,275.06694759847016,0.0,3.67,139.0548935323665
2026-09-30T21:30:00+05:30,Anuradhapura_NorthCentral,27.0,276.0454088598559,0.0,3.6,142.74947888575852
2026-09-30T21:45:00+05:30,Anuradhapura_NorthCentral,27.0,277.1825353345514,0.0,3.67,146.43686791502762
2026-09-30T22:00:00+05:30,Anuradhapura_NorthCentral,26.9,278.53875842955983,0.0,3.78,150.114186698357
2026-09-30T22:15:00+05:30,Anuradhapura_NorthCentral,26.9,280.20736508666016,0.0,3.91,153.77699420982302
2026-09-30T22:30:00+05:30,Anuradhapura_NorthCentral,26.8,282.3401695838523,0.0,3.96,157.41802761154696
2026-09-30T22:45:00+05:30,Anuradhapura_NorthCentral,26.7,285.20080037121625,0.0,3.91,161.02454951210757
2026-09-30T23:00:00+05:30,Anuradhapura_NorthCentral,26.7,289.28568848724444,0.0,3.8,164.57213966209645
2026-09-30T23:15:00+05:30,Anuradhapura_NorthCentral,26.6,295.62817828768,0.0,3.65,168.00818117085197
2026-09-30T23:30:00+05:30,Anuradhapura_NorthCentral,26.5,306.6277514711777,0.0,3.54,171.20080789778478
2026-09-30T23:45:00+05:30,Anuradhapura_NorthCentral,26.4,327.93144242799747,0.0,3.49,173.76402690222682
2026-10-01T00:00:00+05:30,Anuradhapura_NorthCentral,26.3,4.752848979326416,0.0,3.42,174.6906146272622
2026-10-01T00:15:00+05:30,Anuradhapura_NorthCentral,26.2,38.49264538423023,0.0,3.38,173.2670682330723
2026-10-01T00:30:00+05:30,Anuradhapura_NorthCentral,26.1,56.68012561642104,0.0,3.36,170.49660404037098
2026-10-01T00:45:00+05:30,Anuradhapura_NorthCentral,26.1,66.25705911916606,0.0,3.36,167.22762060446678
2026-10-01T01:00:00+05:30,Anuradhapura_NorthCentral,26.0,71.93558826566073,0.0,3.35,163.7585043018188
2026-10-01T01:15:00+05:30,Anuradhapura_NorthCentral,26.0,75.67333589689599,0.0,3.37,160.1942633819656
2026-10-01T01:30:00+05:30,Anuradhapura_NorthCentral,25.9,78.33379040226384,0.0,3.4,156.5784164829908
2026-10-01T01:45:00+05:30,Anuradhapura_NorthCentral,25.9,80.34222492436714,0.0,3.4,152.93177659697793
2026-10-01T02:00:00+05:30,Anuradhapura_NorthCentral,25.8,81.9291403290141,0.0,3.31,149.26544972887766
2026-10-01T02:15:00+05:30,Anuradhapura_NorthCentral,25.7,83.22946022508995,0.0,3.27,145.5858823668904
2026-10-01T02:30:00+05:30,Anuradhapura_NorthCentral,25.7,84.3271964013179,0.0,3.26,141.89707382266764
2026-10-01T02:45:00+05:30,Anuradhapura_NorthCentral,25.6,85.27737171985575,0.0,3.26,138.201642826718
2026-10-01T03:00:00+05:30,Anuradhapura_NorthCentral,25.5,86.11758093944457,0.0,3.24,134.50138488552068
2026-10-01T03:15:00+05:30,Anuradhapura_NorthCentral,25.5,86.87446352932062,0.0,3.23,130.79758230912688
2026-10-01T03:30:00+05:30,Anuradhapura_NorthCentral,25.4,87.56751561197598,0.0,3.23,127.09118467878602
2026-10-01T03:45:00+05:30,Anuradhapura_NorthCentral,25.4,88.21143370679357,0.0,3.19,123.38292071741786
2026-10-01T04:00:00+05:30,Anuradhapura_NorthCentral,25.3,88.81761159417397,0.0,3.13,119.67336998574508
2026-10-01T04:15:00+05:30,Anuradhapura_NorthCentral,25.3,89.39512974143616,0.0,3.09,115.96300918441085
2026-10-01T04:30:00+05:30,Anuradhapura_NorthCentral,25.2,89.95143024546292,0.0,3.09,112.25224527297681
2026-10-01T04:45:00+05:30,Anuradhapura_NorthCentral,25.2,90.49279220896852,0.0,3.18,108.54143939336052
2026-10-01T05:00:00+05:30,Anuradhapura_NorthCentral,25.1,91.02467812171489,0.0,3.33,104.83092347796011
2026-10-01T05:15:00+05:30,Anuradhapura_NorthCentral,25.0,91.55199554815954,0.0,3.5,101.12101470065244
2026-10-01T05:30:00+05:30,Anuradhapura_NorthCentral,25.0,92.07930389146236,0.0,3.58,97.41202774851882
2026-10-01T05:45:00+05:30,Anuradhapura_NorthCentral,25.0,92.61098683026694,0.0,3.56,93.7042844901098
2026-10-01T06:00:00+05:30,Anuradhapura_NorthCentral,25.1,93.15140494583164,0.0,3.45,89.99812486304914
2026-10-01T06:15:00+05:30,Anuradhapura_NorthCentral,25.1,93.70504059430039,15.0,3.37,86.2939182440236
2026-10-01T06:30:00+05:30,Anuradhapura_NorthCentral,25.3,94.27664566236024,47.0,3.39,82.59207455335077
2026-10-01T06:45:00+05:30,Anuradhapura_NorthCentral,25.6,94.87140207161423,87.0,3.62,78.89305892044472
2026-10-01T07:00:00+05:30,Anuradhapura_NorthCentral,26.0,95.4951066426301,132.0,4.0,75.19740944929005
2026-10-01T07:15:00+05:30,Anuradhapura_NorthCentral,26.5,96.15439448149493,179.0,4.35,71.50575795145168
2026-10-01T07:30:00+05:30,Anuradhapura_NorthCentral,26.9,96.85701859019719,226.0,4.56,67.8188584830367
2026-10-01T07:45:00+05:30,Anuradhapura_NorthCentral,27.4,97.61221086735111,273.0,4.53,64.13762481701109
2026-10-01T08:00:00+05:30,Anuradhapura_NorthCentral,27.9,98.43116034332957,321.0,4.37,60.46317920721691
2026-10-01T08:15:00+05:30,Anuradhapura_NorthCentral,28.4,99.32766007896055,370.0,4.1,56.79692110232648
2026-10-01T08:30:00+05:30,Anuradhapura_NorthCentral,28.9,100.31900084303862,419.0,3.93,53.140622998811295
2026-10-01T08:45:00+05:30,Anuradhapura_NorthCentral,29.3,101.42723132380308,466.0,3.8,49.49656548584866
2026-10-01T09:00:00+05:30,Anuradhapura_NorthCentral,29.7,102.68097094699806,516.0,3.64,45.867736025066
2026-10-01T09:15:00+05:30,Anuradhapura_NorthCentral,30.1,104.11807421884475,569.0,3.54,42.25812536247889
2026-10-01T09:30:00+05:30,Anuradhapura_NorthCentral,30.5,105.78963489535465,628.0,3.45,38.67317976215724
2026-10-01T09:45:00+05:30,Anuradhapura_NorthCentral,30.9,107.76614050263424,690.0,3.31,35.12051550543786
2026-10-01T10:00:00+05:30,Anuradhapura_NorthCentral,31.3,110.14714638807493,747.0,3.12,31.611079520805013
2026-10-01T10:15:00+05:30,Anuradhapura_NorthCentral,31.7,113.07678117525296,795.0,2.94,28.161096673528142
2026-10-01T10:30:00+05:30,Anuradhapura_NorthCentral,32.1,116.7688594558706,833.0,2.76,24.795453456504006
2026-10-01T10:45:00+05:30,Anuradhapura_NorthCentral,32.4,121.54702005971677,864.0,2.59,21.55375194883601
2026-10-01T11:00:00+05:30,Anuradhapura_NorthCentral,32.6,127.90388663955332,889.0,2.4,18.501310720367982
2026-10-01T11:15:00+05:30,Anuradhapura_NorthCentral,32.9,136.5627786225632,911.0,2.22,15.748617477103267
2026-10-01T11:30:00+05:30,Anuradhapura_NorthCentral,33.2,148.42935472956458,926.0,2.1,13.480609727318452
2026-10-01T11:45:00+05:30,Anuradhapura_NorthCentral,33.5,164.0680823251589,936.0,1.92,11.975935743346241
2026-10-01T12:00:00+05:30,Anuradhapura_NorthCentral,33.9,182.40006594091054,941.0,1.79,11.537247586036841
2026-10-01T12:15:00+05:30,Anuradhapura_NorthCentral,34.3,200.26756263042182,942.0,1.66,12.27933891564686
2026-10-01T12:30:00+05:30,Anuradhapura_NorthCentral,34.6,214.9245258491352,939.0,1.57,14.0158885225203
2026-10-01T12:45:00+05:30,Anuradhapura_NorthCentral,34.7,225.86128926710344,931.0,1.56,16.434612637039265
2026-10-01T13:00:00+05:30,Anuradhapura_NorthCentral,34.8,233.8304961772434,918.0,1.56,19.280440929440317
2026-10-01T13:15:00+05:30,Anuradhapura_NorthCentral,34.8,239.711559481775,902.0,1.6,22.39108463876549
2026-10-01T13:30:00+05:30,Anuradhapura_NorthCentral,34.9,244.16351364276875,893.0,1.61,25.670425620578925
2026-10-01T13:45:00+05:30,Anuradhapura_NorthCentral,35.1,247.62791161015983,874.0,1.45,29.061378092090365
2026-10-01T14:00:00+05:30,Anuradhapura_NorthCentral,35.5,250.39455600081152,828.0,1.24,32.52902065714618
2026-10-01T14:15:00+05:30,Anuradhapura_NorthCentral,35.6,252.6557607378422,738.0,1.12,36.05119250999953
2026-10-01T14:30:00+05:30,Anuradhapura_NorthCentral,35.2,254.54196695537883,601.0,1.17,39.613310533072585
2026-10-01T14:45:00+05:30,Anuradhapura_NorthCentral,33.7,256.1438636010958,453.0,1.93,43.205453258821144
2026-10-01T15:00:00+05:30,Anuradhapura_NorthCentral,31.6,257.52606230630215,331.0,3.5,46.820665957649865
2026-10-01T15:15:00+05:30,Anuradhapura_NorthCentral,29.4,258.7356690190726,259.0,4.95,50.453942203880125
2026-10-01T15:30:00+05:30,Anuradhapura_NorthCentral,27.9,259.8077687396382,220.0,5.56,54.10159311835332
2026-10-01T15:45:00+05:30,Anuradhapura_NorthCentral,27.4,260.7690144049385,197.0,4.75,57.76084282860034
2026-10-01T16:00:00+05:30,Anuradhapura_NorthCentral,27.4,261.6400292592782,178.0,3.2,61.42956229199592
2026-10-01T16:15:00+05:30,Anuradhapura_NorthCentral,27.5,262.4370508053006,155.0,1.98,65.10609113556092
2026-10-01T16:30:00+05:30,Anuradhapura_NorthCentral,27.5,263.17307901307214,134.0,1.9,68.78911357106031
2026-10-01T16:45:00+05:30,Anuradhapura_NorthCentral,27.1,263.85869490385073,114.0,1.86,72.47757080838299
2026-10-01T17:00:00+05:30,Anuradhapura_NorthCentral,26.5,264.50265614584305,91.0,1.5,76.17059945168948
2026-10-01T17:15:00+05:30,Anuradhapura_NorthCentral,25.9,265.11233892669907,66.0,1.22,79.86748517356642
2026-10-01T17:30:00+05:30,Anuradhapura_NorthCentral,25.5,265.6940733070649,41.0,1.19,83.5676280171502
2026-10-01T17:45:00+05:30,Anuradhapura_NorthCentral,25.1,266.25340447502833,20.0,1.46,87.27051737904485
2026-10-01T18:00:00+05:30,Anuradhapura_NorthCentral,24.9,266.79530219615464,4.0,1.88,90.97571130034865
2026-10-01T18:15:00+05:30,Anuradhapura_NorthCentral,24.6,267.32433545063634,0.0,2.27,94.68281986674731
2026-10-01T18:30:00+05:30,Anuradhapura_NorthCentral,24.4,267.8448253823354,0.0,2.45,98.39149296919591
2026-10-01T18:45:00+05:30,Anuradhapura_NorthCentral,24.3,268.3609868905997,0.0,2.27,102.10140849375034
2026-10-01T19:00:00+05:30,Anuradhapura_NorthCentral,24.2,268.8770689783098,0.0,1.86,105.81226165191407
2026-10-01T19:15:00+05:30,Anuradhapura_NorthCentral,24.1,269.3975042567671,0.0,1.44,109.52375624882727
2026-10-01T19:30:00+05:30,Anuradhapura_NorthCentral,24.0,269.92707902320814,0.0,1.18,113.23559419908808
2026-10-01T19:45:00+05:30,Anuradhapura_NorthCentral,23.9,270.47113927111235,0.0,1.12,116.94746399060452
2026-10-01T20:00:00+05:30,Anuradhapura_NorthCentral,23.7,271.03585381679454,0.0,1.3,120.65902856381757
2026-10-01T20:15:00+05:30,Anuradhapura_NorthCentral,23.5,271.62856482366635,0.0,1.64,124.36990820949805
2026-10-01T20:30:00+05:30,Anuradhapura_NorthCentral,23.4,272.2582728899918,0.0,1.79,128.07965786610342
2026-10-01T20:45:00+05:30,Anuradhapura_NorthCentral,23.5,272.93633157323586,0.0,1.68,131.78773700216254
2026-10-01T21:00:00+05:30,Anuradhapura_NorthCentral,23.7,273.67747368191647,0.0,1.38,135.49346367901626
2026-10-01T21:15:00+05:30,Anuradhapura_NorthCentral,23.9,274.50137917934717,0.0,1.1,139.19594503714583
2026-10-01T21:30:00+05:30,Anuradhapura_NorthCentral,24.1,275.43515758658,0.0,0.86,142.89396922111428
2026-10-01T21:45:00+05:30,Anuradhapura_NorthCentral,24.2,276.51743676900634,0.0,0.66,146.58582496090804
2026-10-01T22:00:00+05:30,Anuradhapura_NorthCentral,24.2,277.80541393000294,0.0,0.45,150.26898958374485
2026-10-01T22:15:00+05:30,Anuradhapura_NorthCentral,24.3,279.38768906418113,0.0,0.32,153.93955928724034
2026-10-01T22:30:00+05:30,Anuradhapura_NorthCentral,24.3,281.40918039858184,0.0,0.32,157.59112914824073
2026-10-01T22:45:00+05:30,Anuradhapura_NorthCentral,24.3,284.1234504461375,0.0,0.47,161.21240364391267
2026-10-01T23:00:00+05:30,Anuradhapura_NorthCentral,24.3,288.0136700384097,0.0,0.7,164.78152717254295
2026-10-01T23:15:00+05:30,Anuradhapura_NorthCentral,24.2,294.10599357223,0.0,0.98,168.2506601800335
2026-10-01T23:30:00+05:30,Anuradhapura_NorthCentral,24.2,304.87493145717644,0.0,1.23,171.4963107580419
2026-10-01T23:45:00+05:30,Anuradhapura_NorthCentral,24.3,326.6094107093372,0.0,1.42,174.13471407134972
2026-10-02T00:00:00+05:30,Anuradhapura_NorthCentral,24.3,6.061569945802717,0.0,1.61,175.0690058503854
2026-10-02T00:15:00+05:30,Anuradhapura_NorthCentral,24.3,41.174297880834615,0.0,1.76,173.51524624575467
2026-10-02T00:30:00+05:30,Anuradhapura_NorthCentral,24.4,58.93295589910764,0.0,1.85,170.63985870618893
2026-10-02T00:45:00+05:30,Anuradhapura_NorthCentral,24.4,68.01299796284047,0.0,1.81,167.31170721251823
2026-10-02T01:00:00+05:30,Anuradhapura_NorthCentral,24.4,73.34240880246648,0.0,1.74,163.8077256774738
2026-10-02T01:15:00+05:30,Anuradhapura_NorthCentral,24.4,76.83994536189073,0.0,1.72,160.22127483240536
2026-10-02T01:30:00+05:30,Anuradhapura_NorthCentral,24.4,79.32966436740242,0.0,1.75,156.59036857849134
2026-10-02T01:45:00+05:30,Anuradhapura_NorthCentral,24.4,81.21231644786434,0.0,1.75,152.93304109472712
2026-10-02T02:00:00+05:30,Anuradhapura_NorthCentral,24.4,82.70366241779652,0.0,1.78,149.25887850281583
2026-10-02T02:15:00+05:30,Anuradhapura_NorthCentral,24.4,83.92952230533808,0.0,1.81,145.57343617104402
2026-10-02T02:30:00+05:30,Anuradhapura_NorthCentral,24.4,84.96807156170058,0.0,1.81,141.88016035756465
2026-10-02T02:45:00+05:30,Anuradhapura_NorthCentral,24.4,85.87045372330624,0.0,1.81,138.1813103653563
2026-10-02T03:00:00+05:30,Anuradhapura_NorthCentral,24.4,86.67160079875453,0.0,1.72,134.47843925183207
2026-10-02T03:15:00+05:30,Anuradhapura_NorthCentral,24.4,87.3962731619983,0.0,1.7,130.77266083344605
2026-10-02T03:30:00+05:30,Anuradhapura_NorthCentral,24.4,88.06260930963015,0.0,1.72,127.06480482222503
2026-10-02T03:45:00+05:30,Anuradhapura_NorthCentral,24.4,88.68430552914094,0.0,1.79,123.35551317255775
2026-10-02T04:00:00+05:30,Anuradhapura_NorthCentral,24.4,89.27200698679457,0.0,1.9,119.64530194330715
2026-10-02T04:15:00+05:30,Anuradhapura_NorthCentral,24.3,89.83422715783098,0.0,1.99,115.93460118378859
2026-10-02T04:30:00+05:30,Anuradhapura_NorthCentral,24.3,90.3779754136342,0.0,2.06,112.22378378314866
2026-10-02T04:45:00+05:30,Anuradhapura_NorthCentral,24.3,90.90919975812574,0.0,2.08,108.51318650720495
2026-10-02T05:00:00+05:30,Anuradhapura_NorthCentral,24.3,91.43311039575082,0.0,2.08,104.80312464425894
2026-10-02T05:15:00+05:30,Anuradhapura_NorthCentral,24.3,91.95442535542657,0.0,2.08,101.09390513675544
2026-10-02T05:30:00+05:30,Anuradhapura_NorthCentral,24.3,92.47756594935385,0.0,2.11,97.38583799161356
2026-10-02T05:45:00+05:30,Anuradhapura_NorthCentral,24.3,93.00682137187249,0.0,2.18,93.67924544150218
2026-10-02T06:00:00+05:30,Anuradhapura_NorthCentral,24.3,93.54649612207447,0.0,2.22,89.97447261310268
2026-10-02T06:15:00+05:30,Anuradhapura_NorthCentral,24.3,94.10105176859878,15.0,2.29,86.27189892462256
2026-10-02T06:30:00+05:30,Anuradhapura_NorthCentral,24.5,94.67525337903197,50.0,2.36,82.57194946579236
2026-10-02T06:45:00+05:30,Anuradhapura_NorthCentral,24.7,95.27433033145638,94.0,2.5,78.87511018972872
2026-10-02T07:00:00+05:30,Anuradhapura_NorthCentral,25.1,95.90416310572346,146.0,2.63,75.1819465023003
2026-10-02T07:15:00+05:30,Anuradhapura_NorthCentral,25.5,96.57151034286119,199.0,2.73,71.49312517895474
2026-10-02T07:30:00+05:30,Anuradhapura_NorthCentral,25.9,97.2842941316494,254.0,2.76,67.80944453757282
2026-10-02T07:45:00+05:30,Anuradhapura_NorthCentral,26.3,98.05196910332859,308.0,2.67,64.13187416539347
2026-10-02T08:00:00+05:30,Anuradhapura_NorthCentral,26.8,98.88601179184252,357.0,2.48,60.46160676402563
2026-10-02T08:15:00+05:30,Anuradhapura_NorthCentral,27.3,99.80058250442113,397.0,2.33,56.8001311068
2026-10-02T08:30:00+05:30,Anuradhapura_NorthCentral,27.8,100.81343888327638,416.0,2.2,53.14933378414246
2026-10-02T08:45:00+05:30,Anuradhapura_NorthCentral,28.1,101.947222172816,424.0,2.18,49.51164252924101
2026-10-02T09:00:00+05:30,Anuradhapura_NorthCentral,28.4,103.23130341732502,436.0,2.15,45.89023678125585
2026-10-02T09:15:00+05:30,Anuradhapura_NorthCentral,28.7,104.70448872583853,470.0,2.12,42.28936109964726
2026-10-02T09:30:00+05:30,Anuradhapura_NorthCentral,29.0,106.41906872572349,530.0,2.09,38.71480223485145
2026-10-02T09:45:00+05:30,Anuradhapura_NorthCentral,29.3,108.44700936614913,603.0,1.98,35.17464026057019
2026-10-02T10:00:00+05:30,Anuradhapura_NorthCentral,29.6,110.88961168746602,676.0,1.87,31.680463259119534
2026-10-02T10:15:00+05:30,Anuradhapura_NorthCentral,29.9,113.89283371229845,734.0,1.76,28.249392882401644
2026-10-02T10:30:00+05:30,Anuradhapura_NorthCentral,30.3,117.6717220466818,783.0,1.65,24.90757351490494
2026-10-02T10:45:00+05:30,Anuradhapura_NorthCentral,30.6,122.54848514571574,825.0,1.65,21.696336177873803
2026-10-02T11:00:00+05:30,Anuradhapura_NorthCentral,31.0,129.00594428130955,858.0,1.62,18.683183535352967
2026-10-02T11:15:00+05:30,Anuradhapura_NorthCentral,31.3,137.73518359619783,885.0,1.62,15.980603646748818
2026-10-02T11:30:00+05:30,Anuradhapura_NorthCentral,31.6,149.5620684907908,909.0,1.58,13.772696093773774
2026-10-02T11:45:00+05:30,Anuradhapura_NorthCentral,31.8,164.9235458357266,923.0,1.5,12.328200048773226
2026-10-02T12:00:00+05:30,Anuradhapura_NorthCentral,32.0,182.7103566008944,916.0,1.38,11.927792305990408
2026-10-02T12:15:00+05:30,Anuradhapura_NorthCentral,32.1,200.00495870245504,879.0,1.27,12.670850103189863
2026-10-02T12:30:00+05:30,Anuradhapura_NorthCentral,32.2,214.30568328165666,797.0,1.06,14.381202573066432
2026-10-02T12:45:00+05:30,Anuradhapura_NorthCentral,32.3,225.1016840275289,701.0,0.74,16.765362772426357
2026-10-02T13:00:00+05:30,Anuradhapura_NorthCentral,32.4,233.0492766953904,629.0,0.47,19.578683422590572
2026-10-02T13:15:00+05:30,Anuradhapura_NorthCentral,32.4,238.9588850746061,612.0,0.54,22.661867530231262
2026-10-02T13:30:00+05:30,Anuradhapura_NorthCentral,32.1,243.45596273546,653.0,0.3,25.918760286716164
2026-10-02T13:45:00+05:30,Anuradhapura_NorthCentral,31.2,246.96790094531457,709.0,0.89,29.29144455180552
2026-10-02T14:00:00+05:30,Anuradhapura_NorthCentral,29.8,249.77908043031613,738.0,2.72,32.74412716703118
2026-10-02T14:15:00+05:30,Anuradhapura_NorthCentral,28.5,252.08007436459155,709.0,4.37,36.253924445936484
2026-10-02T14:30:00+05:30,Anuradhapura_NorthCentral,27.6,254.00107297954182,635.0,5.07,39.8056942185568
2026-10-02T14:45:00+05:30,Anuradhapura_NorthCentral,27.4,255.6330770845418,544.0,4.27,43.38909164498536
2026-10-02T15:00:00+05:30,Anuradhapura_NorthCentral,27.5,257.0411848605995,457.0,2.61,46.99684208324593
2026-10-02T15:15:00+05:30,Anuradhapura_NorthCentral,27.7,258.2730050275492,388.0,1.06,50.62369600345604
2026-10-02T15:30:00+05:30,Anuradhapura_NorthCentral,27.6,259.3640813215409,330.0,1.08,54.26577814899854
2026-10-02T15:45:00+05:30,Anuradhapura_NorthCentral,27.1,260.3414628652842,277.0,1.27,57.92016835649551
2026-10-02T16:00:00+05:30,Anuradhapura_NorthCentral,26.4,261.2261052276914,226.0,1.82,61.58462480860223
2026-10-02T16:15:00+05:30,Anuradhapura_NorthCentral,25.7,262.0345195220398,175.0,2.6,65.2573982298979
2026-10-02T16:30:00+05:30,Anuradhapura_NorthCentral,25.2,262.77992754475116,124.0,2.94,68.93710224940999
2026-10-02T16:45:00+05:30,Anuradhapura_NorthCentral,25.0,263.4730871227104,82.0,2.32,72.62262175092825
2026-10-02T17:00:00+05:30,Anuradhapura_NorthCentral,24.9,264.1228935541762,51.0,1.03,76.31304827562819
2026-10-02T17:15:00+05:30,Anuradhapura_NorthCentral,25.0,264.73682616902727,34.0,0.62,80.00763148208563
2026-10-02T17:30:00+05:30,Anuradhapura_NorthCentral,24.9,265.32128719791274,24.0,1.51,83.70574281143224
2026-10-02T17:45:00+05:30,Anuradhapura_NorthCentral,24.9,265.8818654147619,15.0,1.86,87.40684926113535
2026-10-02T18:00:00+05:30,Anuradhapura_NorthCentral,24.8,266.42354689109914,3.0,1.95,91.110491808418
2026-10-02T18:15:00+05:30,Anuradhapura_NorthCentral,24.7,266.9508898668635,0.0,1.93,94.81626821024363
2026-10-02T18:30:00+05:30,Anuradhapura_NorthCentral,24.6,267.46817681829367,0.0,1.84,98.52382039229066
2026-10-02T18:45:00+05:30,Anuradhapura_NorthCentral,24.5,267.97955393845166,0.0,1.61,102.23282247495219
2026-10-02T19:00:00+05:30,Anuradhapura_NorthCentral,24.4,268.4891679345668,0.0,1.29,105.94297014009332
2026-10-02T19:15:00+05:30,Anuradhapura_NorthCentral,24.3,269.0013102019989,0.0,1.2,109.65397215655642
2026-10-02T19:30:00+05:30,Anuradhapura_NorthCentral,24.2,269.5205792761436,0.0,1.29,113.36554040513052
2026-10-02T19:45:00+05:30,Anuradhapura_NorthCentral,24.2,270.05207614412353,0.0,1.35,117.07737916425059
2026-10-02T20:00:00+05:30,Anuradhapura_NorthCentral,24.2,270.60165242909153,0.0,1.48,120.78917424284126
2026-10-02T20:15:00+05:30,Anuradhapura_NorthCentral,24.2,271.1762399699289,0.0,1.71,124.50057771515618
2026-10-02T20:30:00+05:30,Anuradhapura_NorthCentral,24.2,271.7843062575064,0.0,1.81,128.21118791418652
2026-10-02T20:45:00+05:30,Anuradhapura_NorthCentral,24.2,272.4365063702372,0.0,1.66,131.92052329519572
2026-10-02T21:00:00+05:30,Anuradhapura_NorthCentral,24.2,273.1466470351777,0.0,1.41,135.62798246874064
2026-10-02T21:15:00+05:30,Anuradhapura_NorthCentral,24.2,273.93316172342395,0.0,1.11,139.33278385405546
2026-10-02T21:30:00+05:30,Anuradhapura_NorthCentral,24.2,274.8214514543632,0.0,0.99,143.03387205738332
2026-10-02T21:45:00+05:30,Anuradhapura_NorthCentral,24.2,275.84775234388616,0.0,1.05,146.72976105016485
2026-10-02T22:00:00+05:30,Anuradhapura_NorthCentral,24.1,277.0658327326331,0.0,1.14,150.41826225359975
2026-10-02T22:15:00+05:30,Anuradhapura_NorthCentral,24.1,278.5592505775113,0.0,1.23,154.09598613488663
2026-10-02T22:30:00+05:30,Anuradhapura_NorthCentral,24.1,280.46533438992554,0.0,1.23,157.75735622316012
2026-10-02T22:45:00+05:30,Anuradhapura_NorthCentral,24.1,283.026110586642,0.0,1.05,161.39248724172347
2026-10-02T23:00:00+05:30,Anuradhapura_NorthCentral,24.1,286.70807171830995,0.0,0.82,164.98208371594393
2026-10-02T23:15:00+05:30,Anuradhapura_NorthCentral,24.1,292.5215735402474,0.0,0.63,168.48325475462093
2026-10-02T23:30:00+05:30,Anuradhapura_NorthCentral,24.1,302.99673016810664,0.0,0.61,171.7819512231643
2026-10-02T23:45:00+05:30,Anuradhapura_NorthCentral,24.1,325.10215412184925,0.0,0.65,174.5006282137042
2026-10-03T00:00:00+05:30,Anuradhapura_NorthCentral,24.1,7.56815075731555,0.0,0.65,175.44402133685932
2026-10-03T00:15:00+05:30,Anuradhapura_NorthCentral,24.1,44.04875713740944,0.0,0.66,173.74877747047586
2026-10-03T00:30:00+05:30,Anuradhapura_NorthCentral,24.1,61.24417178217226,0.0,0.72,170.76938833116603
2026-10-03T00:45:00+05:30,Anuradhapura_NorthCentral,24.1,69.78557540621239,0.0,0.78,167.38519083116967
2026-10-03T01:00:00+05:30,Anuradhapura_NorthCentral,24.0,74.75333968142434,0.0,0.82,163.84879884443183
2026-10-03T01:15:00+05:30,Anuradhapura_NorthCentral,24.0,78.00652041331233,0.0,0.93,160.24190538833955
2026-10-03T01:30:00+05:30,Anuradhapura_NorthCentral,24.0,80.32407376866803,0.0,1.0,156.59723566244213
2026-10-03T01:45:00+05:30,Anuradhapura_NorthCentral,24.0,82.08049039354506,0.0,1.06,152.93020362892793
2026-10-03T02:00:00+05:30,Anuradhapura_NorthCentral,23.9,83.47618887165726,0.0,1.12,149.24897624633041
2026-10-03T02:15:00+05:30,Anuradhapura_NorthCentral,23.9,84.62765621794506,0.0,1.17,145.55828156756417
2026-10-03T02:30:00+05:30,Anuradhapura_NorthCentral,23.9,85.60713826427889,0.0,1.23,141.86105429024695
2026-10-03T02:45:00+05:30,Anuradhapura_NorthCentral,23.8,86.46185993686566,0.0,1.23,138.15922214444768
2026-10-03T03:00:00+05:30,Anuradhapura_NorthCentral,23.8,87.22407396133474,0.0,1.25,134.45411502511547
2026-10-03T03:15:00+05:30,Anuradhapura_NorthCentral,23.7,87.91665506308817,0.0,1.25,130.74669199524845
2026-10-03T03:30:00+05:30,Anuradhapura_NorthCentral,23.6,88.55638201773132,0.0,1.25,127.03767294906368
2026-10-03T03:45:00+05:30,Anuradhapura_NorthCentral,23.6,89.15595075676458,0.0,1.25,123.3276206050458
2026-10-03T04:00:00+05:30,Anuradhapura_NorthCentral,23.5,89.7252585276023,0.0,1.21,119.61699328955467
2026-10-03T04:15:00+05:30,Anuradhapura_NorthCentral,23.4,90.27225278586337,0.0,1.23,115.90617891747328
2026-10-03T04:30:00+05:30,Anuradhapura_NorthCentral,23.4,90.80351117327814,0.0,1.23,112.19551991767412
2026-10-03T04:45:00+05:30,Anuradhapura_NorthCentral,23.4,91.32465149711675,0.0,1.25,108.48533162843265
2026-10-03T05:00:00+05:30,Anuradhapura_NorthCentral,23.4,91.84063243345474,0.0,1.25,104.775915153949
2026-10-03T05:15:00+05:30,Anuradhapura_NorthCentral,23.5,92.35598306522144,0.0,1.28,101.06756930355124
2026-10-03T05:30:00+05:30,Anuradhapura_NorthCentral,23.6,92.87498702369794,0.0,1.35,97.36060124268329
2026-10-03T05:45:00+05:30,Anuradhapura_NorthCentral,23.8,93.40183923910007,0.0,1.42,93.65533522138477
2026-10-03T06:00:00+05:30,Anuradhapura_NorthCentral,24.0,93.94078814295358,0.0,1.55,89.95212308312931
2026-10-03T06:15:00+05:30,Anuradhapura_NorthCentral,24.3,94.49627429849613,15.0,1.65,86.25135574467699
2026-10-03T06:30:00+05:30,Anuradhapura_NorthCentral,24.6,95.0730754622528,51.0,1.79,82.55347489359963
2026-10-03T06:45:00+05:30,Anuradhapura_NorthCentral,24.9,95.67646763654875,99.0,1.93,78.85898875758467
2026-10-03T07:00:00+05:30,Anuradhapura_NorthCentral,25.3,96.31241369093829,155.0,2.07,75.16849155607447
2026-10-03T07:15:00+05:30,Anuradhapura_NorthCentral,25.7,96.98779394862459,212.0,2.21,71.48268664551352
2026-10-03T07:30:00+05:30,Anuradhapura_NorthCentral,26.1,97.71069692979682,266.0,2.31,67.80241838553489
2026-10-03T07:45:00+05:30,Anuradhapura_NorthCentral,26.4,98.4907962128733,319.0,2.41,64.12871417114903
2026-10-03T08:00:00+05:30,Anuradhapura_NorthCentral,26.8,99.33985041871546,373.0,2.52,60.462839427407395
2026-10-03T08:15:00+05:30,Anuradhapura_NorthCentral,27.2,100.27237927797398,432.0,2.59,56.806374884816236
2026-10-03T08:30:00+05:30,Anuradhapura_NorthCentral,27.5,101.30659585466424,497.0,2.62,53.16132430002517
2026-10-03T08:45:00+05:30,Anuradhapura_NorthCentral,27.9,102.46571690085966,564.0,2.58,49.53026614794639
2026-10-03T09:00:00+05:30,Anuradhapura_NorthCentral,28.2,103.77983919487104,627.0,2.55,45.916576032481146
2026-10-03T09:15:00+05:30,Anuradhapura_NorthCentral,28.6,105.28868027292071,679.0,2.51,42.32475708936788
2026-10-03T09:30:00+05:30,Anuradhapura_NorthCentral,28.9,107.04566375183572,720.0,2.4,38.76094169530653
2026-10-03T09:45:00+05:30,Anuradhapura_NorthCentral,29.3,109.12412983045243,752.0,2.3,35.23367852625021
2026-10-03T10:00:00+05:30,Anuradhapura_NorthCentral,29.6,111.62695108796498,776.0,2.16,31.75519941869512
2026-10-03T10:15:00+05:30,Anuradhapura_NorthCentral,30.0,114.70161770433236,797.0,2.09,28.343518519160398
2026-10-03T10:30:00+05:30,Anuradhapura_NorthCentral,30.3,118.56389694485512,813.0,1.96,25.02601566757569
2026-10-03T10:45:00+05:30,Anuradhapura_NorthCentral,30.5,123.53371087777572,822.0,1.9,21.845684065550586
2026-10-03T11:00:00+05:30,Anuradhapura_NorthCentral,30.7,130.08282490051965,823.0,1.78,18.872042915607736
2026-10-03T11:15:00+05:30,Anuradhapura_NorthCentral,30.9,138.8691490032652,814.0,1.72,16.219217716492608
2026-10-03T11:30:00+05:30,Anuradhapura_NorthCentral,30.9,150.6418698104428,791.0,1.72,14.06989559622501
2026-10-03T11:45:00+05:30,Anuradhapura_NorthCentral,30.9,165.72503484475908,761.0,1.77,12.68272441881011
2026-10-03T12:00:00+05:30,Anuradhapura_NorthCentral,30.8,182.9947090904392,731.0,1.83,12.31795536147962
2026-10-03T12:15:00+05:30,Anuradhapura_NorthCentral,30.7,199.75282688260452,707.0,2.0,13.061532939478539
2026-10-03T12:30:00+05:30,Anuradhapura_NorthCentral,30.5,213.71360365821153,687.0,2.13,14.746734219738158
2026-10-03T12:45:00+05:30,Anuradhapura_NorthCentral,30.2,224.36873624979194,668.0,2.31,17.097343113176535
2026-10-03T13:00:00+05:30,Anuradhapura_NorthCentral,29.9,232.2895619769358,648.0,2.5,19.878676827087446
2026-10-03T13:15:00+05:30,Anuradhapura_NorthCentral,29.6,238.22255607879487,625.0,2.75,22.93453888183396
2026-10-03T13:30:00+05:30,Anuradhapura_NorthCentral,29.3,242.76073874366872,599.0,2.9,26.168905972907034
2026-10-03T13:45:00+05:30,Anuradhapura_NorthCentral,29.0,246.317288080448,573.0,3.0,29.523140261489665
2026-10-03T14:00:00+05:30,Anuradhapura_NorthCentral,28.7,249.17089197686389,544.0,3.1,32.96063716233081
2026-10-03T14:15:00+05:30,Anuradhapura_NorthCentral,28.4,251.51014108132705,512.0,3.16,36.457820712578844
2026-10-03T14:30:00+05:30,Anuradhapura_NorthCentral,28.1,253.4647990694946,478.0,3.11,39.99900447243412
2026-10-03T14:45:00+05:30,Anuradhapura_NorthCentral,27.8,255.12605809139572,443.0,2.95,43.573426872611186
2026-10-03T15:00:00+05:30,Anuradhapura_NorthCentral,27.5,256.5594211798097,407.0,2.75,47.173495879668494
2026-10-03T15:15:00+05:30,Anuradhapura_NorthCentral,27.2,257.8129441371017,373.0,2.55,50.793719315604434
2026-10-03T15:30:00+05:30,Anuradhapura_NorthCentral,26.9,258.9225909787067,340.0,2.25,54.43003500046242
2026-10-03T15:45:00+05:30,Anuradhapura_NorthCentral,26.5,259.9157800228787,307.0,1.97,58.07937747879335
2026-10-03T16:00:00+05:30,Anuradhapura_NorthCentral,26.2,260.8137798841154,273.0,1.61,61.73939097772828
2026-10-03T16:15:00+05:30,Anuradhapura_NorthCentral,25.8,261.6333612619828,237.0,1.34,65.40823609701758
2026-10-03T16:30:00+05:30,Anuradhapura_NorthCentral,25.5,262.3879573833248,202.0,1.13,69.08445468316233
2026-10-03T16:45:00+05:30,Anuradhapura_NorthCentral,25.2,263.08849501941904,166.0,1.05,72.76687413906865
2026-10-03T17:00:00+05:30,Anuradhapura_NorthCentral,25.0,263.7440010245045,129.0,1.03,76.45453984133034
2026-10-03T17:15:00+05:30,Anuradhapura_NorthCentral,24.8,264.3620530600061,91.0,1.1,80.1466643746582
2026-10-03T17:30:00+05:30,Anuradhapura_NorthCentral,24.6,264.9491216042943,55.0,1.18,83.84258954664425
2026-10-03T17:45:00+05:30,Anuradhapura_NorthCentral,24.5,265.51083570583495,25.0,1.22,87.54175893743967
2026-10-03T18:00:00+05:30,Anuradhapura_NorthCentral,24.4,266.0521948259488,4.0,1.23,91.2436954333229
2026-10-03T18:15:00+05:30,Anuradhapura_NorthCentral,24.4,266.577743765784,0.0,1.21,94.94798340458168
2026-10-03T18:30:00+05:30,Anuradhapura_NorthCentral,24.4,267.0917236936528,0.0,1.22,98.65425569466953
2026-10-03T18:45:00+05:30,Anuradhapura_NorthCentral,24.4,267.5982093572251,0.0,1.21,102.3621814534456
2026-10-03T19:00:00+05:30,Anuradhapura_NorthCentral,24.5,268.1012421581098,0.0,1.2,106.07145550544664
2026-10-03T19:15:00+05:30,Anuradhapura_NorthCentral,24.6,268.60496878680607,0.0,1.13,109.78179008289881
2026-10-03T19:30:00+05:30,Anuradhapura_NorthCentral,24.6,269.1137957794981,0.0,1.11,113.49290530371135
2026-10-03T19:45:00+05:30,Anuradhapura_NorthCentral,24.7,269.63257376054526,0.0,1.05,117.2045192111267
2026-10-03T20:00:00+05:30,Anuradhapura_NorthCentral,24.7,270.16683014815914,0.0,1.03,120.91633805595201
2026-10-03T20:15:00+05:30,Anuradhapura_NorthCentral,24.8,270.7230769900551,0.0,0.98,124.62804274330077
2026-10-03T20:30:00+05:30,Anuradhapura_NorthCentral,24.8,271.30923551115893,0.0,0.97,128.33927134176267
2026-10-03T20:45:00+05:30,Anuradhapura_NorthCentral,24.8,271.9352434865179,0.0,0.95,132.0495966832412
2026-10-03T21:00:00+05:30,Anuradhapura_NorthCentral,24.8,272.61395381100533,0.0,0.9,135.75849201936552
2026-10-03T21:15:00+05:30,Anuradhapura_NorthCentral,24.7,273.3625111928958,0.0,0.89,139.46527933372093
2026-10-03T21:30:00+05:30,Anuradhapura_NorthCentral,24.7,274.20454135630666,0.0,0.84,143.16904945025286
2026-10-03T21:45:00+05:30,Anuradhapura_NorthCentral,24.7,275.1737785638087,0.0,0.79,146.86852773755717
2026-10-03T22:00:00+05:30,Anuradhapura_NorthCentral,24.7,276.3203715497848,0.0,0.68,150.56184072217445
2026-10-03T22:15:00+05:30,Anuradhapura_NorthCentral,24.6,277.72248557489974,0.0,0.63,154.24608690145288
2026-10-03T22:30:00+05:30,Anuradhapura_NorthCentral,24.6,279.5091667605807,0.0,0.54,157.9164825397371
2026-10-03T22:45:00+05:30,Anuradhapura_NorthCentral,24.5,281.9094121402619,0.0,0.49,161.56450823279596
2026-10-03T23:00:00+05:30,Anuradhapura_NorthCentral,24.5,285.36946372547544,0.0,0.43,165.1733963788717
2026-10-03T23:15:00+05:30,Anuradhapura_NorthCentral,24.5,290.8743735584343,0.0,0.39,168.70531561488497
2026-10-03T23:30:00+05:30,Anuradhapura_NorthCentral,24.5,300.9850676809577,0.0,0.36,172.05665668298138
2026-10-03T23:45:00+05:30,Anuradhapura_NorthCentral,24.5,323.3733078416732,0.0,0.36,174.86080704773585
2026-10-04T00:00:00+05:30,Anuradhapura_NorthCentral,24.5,9.321450525899934,0.0,0.45,175.81490951457343
2026-10-04T00:15:00+05:30,Anuradhapura_NorthCentral,24.4,47.12268322857585,0.0,0.5,173.9661277993196
2026-10-04T00:30:00+05:30,Anuradhapura_NorthCentral,24.4,63.6086288417672,0.0,0.62,170.8847563902179
2026-10-04T00:45:00+05:30,Anuradhapura_NorthCentral,24.4,71.57168947678434,0.0,0.74,167.44802052305232
2026-10-04T01:00:00+05:30,Anuradhapura_NorthCentral,24.4,76.1666829471182,0.0,0.87,163.88178787484958
2026-10-04T01:15:00+05:30,Anuradhapura_NorthCentral,24.3,79.17205521758723,0.0,0.98,160.25625510785176
2026-10-04T01:30:00+05:30,Anuradhapura_NorthCentral,24.3,81.31636666644391,0.0,1.12,156.5991285983713
2026-10-04T01:45:00+05:30,Anuradhapura_NorthCentral,24.3,82.94628954512865,0.0,1.25,152.92337711442352
2026-10-04T02:00:00+05:30,Anuradhapura_NorthCentral,24.3,84.24637735194665,0.0,1.36,149.23585475724497
2026-10-04T02:15:00+05:30,Anuradhapura_NorthCentral,24.3,85.32359155798508,0.0,1.46,145.54052813166788
2026-10-04T02:30:00+05:30,Anuradhapura_NorthCentral,24.3,86.2441734269446,0.0,1.57,141.83986267040962
2026-10-04T02:45:00+05:30,Anuradhapura_NorthCentral,24.2,87.05139968936874,0.0,1.64,138.13548269444897
2026-10-04T03:00:00+05:30,Anuradhapura_NorthCentral,24.2,87.77483267856269,0.0,1.68,134.42851433665766
2026-10-04T03:15:00+05:30,Anuradhapura_NorthCentral,24.1,88.43545810055008,0.0,1.75,130.71977568034504
2026-10-04T03:30:00+05:30,Anuradhapura_NorthCentral,24.1,89.04869486208958,0.0,1.79,127.0098868491227
2026-10-04T03:45:00+05:30,Anuradhapura_NorthCentral,24.0,89.6262396487,0.0,1.79,123.29933883909995
2026-10-04T04:00:00+05:30,Anuradhapura_NorthCentral,23.9,90.17724328898555,0.0,1.84,119.58853799253022
2026-10-04T04:15:00+05:30,Anuradhapura_NorthCentral,23.9,90.70908872891914,0.0,1.84,115.87783458378719
2026-10-04T04:30:00+05:30,Anuradhapura_NorthCentral,23.8,91.22792324075459,0.0,1.84,112.16754417222391
2026-10-04T04:45:00+05:30,Anuradhapura_NorthCentral,23.8,91.73903558678705,0.0,1.84,108.45796359329108
2026-10-04T05:00:00+05:30,Anuradhapura_NorthCentral,23.8,92.24713384064859,0.0,1.88,104.74938220757709
2026-10-04T05:15:00+05:30,Anuradhapura_NorthCentral,23.9,92.75655883953686,0.0,1.88,101.042092773407
2026-10-04T05:30:00+05:30,Anuradhapura_NorthCentral,24.0,93.27145701118081,0.0,1.95,97.33640143360334
2026-10-04T05:45:00+05:30,Anuradhapura_NorthCentral,24.1,93.79592927392389,0.0,2.02,93.6326360886073
2026-10-04T06:00:00+05:30,Anuradhapura_NorthCentral,24.3,94.33416800767861,0.0,2.04,89.9311568061258
2026-10-04T06:15:00+05:30,Anuradhapura_NorthCentral,24.5,94.89059252566301,14.0,2.14,86.23236743393997
2026-10-04T06:30:00+05:30,Anuradhapura_NorthCentral,24.7,95.4699927247695,48.0,2.16,82.53672766488324
2026-10-04T06:45:00+05:30,Anuradhapura_NorthCentral,25.0,96.07769031282771,92.0,2.19,78.84476941704509
2026-10-04T07:00:00+05:30,Anuradhapura_NorthCentral,25.3,96.71972915591112,144.0,2.29,75.15711719812226
2026-10-04T07:15:00+05:30,Anuradhapura_NorthCentral,25.6,97.40310923825041,198.0,2.32,71.47451252021736
2026-10-04T07:30:00+05:30,Anuradhapura_NorthCentral,25.9,98.13608263282862,249.0,2.38,67.79784750437426
2026-10-04T07:45:00+05:30,Anuradhapura_NorthCentral,26.2,98.92853778396636,299.0,2.45,64.12820927226707
2026-10-04T08:00:00+05:30,Anuradhapura_NorthCentral,26.5,99.7925095919822,349.0,2.48,60.46693814827553
2026-10-04T08:15:00+05:30,Anuradhapura_NorthCentral,26.8,100.74286886965365,407.0,2.55,56.81570931938064
2026-10-04T08:30:00+05:30,Anuradhapura_NorthCentral,27.1,101.79827196162734,472.0,2.58,53.176646596784366
2026-10-04T08:45:00+05:30,Anuradhapura_NorthCentral,27.4,102.98249316010515,541.0,2.62,49.552482533023635
2026-10-04T09:00:00+05:30,Anuradhapura_NorthCentral,27.8,104.32632787023329,605.0,2.62,45.94679270592658
2026-10-04T09:15:00+05:30,Anuradhapura_NorthCentral,28.2,105.87036327067932,658.0,2.62,42.36434304182699
2026-10-04T09:30:00+05:30,Anuradhapura_NorthCentral,28.5,107.6690900538535,699.0,2.62,38.811615846953096
2026-10-04T09:45:00+05:30,Anuradhapura_NorthCentral,28.9,109.79711618107007,729.0,2.62,35.29763192342982
2026-10-04T10:00:00+05:30,Anuradhapura_NorthCentral,29.3,112.35870980600498,752.0,2.62,31.83526744400291
2026-10-04T10:15:00+05:30,Anuradhapura_NorthCentral,29.7,115.50259749551907,772.0,2.59,28.443421575804265
2026-10-04T10:30:00+05:30,Anuradhapura_NorthCentral,30.0,119.44476929265574,787.0,2.6,25.150682278078293
2026-10-04T10:45:00+05:30,Anuradhapura_NorthCentral,30.3,124.50205574524864,795.0,2.61,22.001631396464305
2026-10-04T11:00:00+05:30,Anuradhapura_NorthCentral,30.5,131.134066211569,795.0,2.65,19.0676312598316
2026-10-04T11:15:00+05:30,Anuradhapura_NorthCentral,30.7,139.96496077989337,784.0,2.66,16.46409123267729
2026-10-04T11:30:00+05:30,Anuradhapura_NorthCentral,30.7,151.67077193013154,759.0,2.68,14.371773594056378
2026-10-04T11:45:00+05:30,Anuradhapura_NorthCentral,30.7,166.47619225482617,727.0,2.74,13.039167175540499
2026-10-04T12:00:00+05:30,Anuradhapura_NorthCentral,30.5,183.2551375729901,694.0,2.84,12.707582017111918
2026-10-04T12:15:00+05:30,Anuradhapura_NorthCentral,30.3,199.50996097080974,669.0,2.93,13.451253485630914
2026-10-04T12:30:00+05:30,Anuradhapura_NorthCentral,30.0,213.1462111525885,650.0,3.04,15.112260557799814
2026-10-04T12:45:00+05:30,Anuradhapura_NorthCentral,29.6,223.66095851672102,632.0,3.16,17.430283397671374
2026-10-04T13:00:00+05:30,Anuradhapura_NorthCentral,29.2,231.55051452028812,613.0,3.34,20.180152806577325
2026-10-04T13:15:00+05:30,Anuradhapura_NorthCentral,28.8,237.5021430254554,591.0,3.46,23.208851540935356
2026-10-04T13:30:00+05:30,Anuradhapura_NorthCentral,28.4,242.07763670717716,567.0,3.56,26.420639337124463
2026-10-04T13:45:00+05:30,Anuradhapura_NorthCentral,28.0,245.67598866836238,542.0,3.65,29.75626280362814
2026-10-04T14:00:00+05:30,Anuradhapura_NorthCentral,27.6,248.56997189567025,516.0,3.68,33.17836528556147
2026-10-04T14:15:00+05:30,Anuradhapura_NorthCentral,27.3,250.94597869501766,487.0,3.68,36.662709561854456
2026-10-04T14:30:00+05:30,Anuradhapura_NorthCentral,27.0,252.9331839508206,456.0,3.57,40.19308039351788
2026-10-04T14:45:00+05:30,Anuradhapura_NorthCentral,26.8,254.6228576474259,424.0,3.38,43.75830675817837
2026-10-04T15:00:00+05:30,Anuradhapura_NorthCentral,26.6,256.08082972733735,391.0,3.13,47.35048224742925
2026-10-04T15:15:00+05:30,Anuradhapura_NorthCentral,26.5,257.35554946091133,359.0,2.85,50.96387286991111
2026-10-04T15:30:00+05:30,Anuradhapura_NorthCentral,26.3,258.4833638669062,327.0,2.51,54.594229258533446
2026-10-04T15:45:00+05:30,Anuradhapura_NorthCentral,26.2,259.4920341613365,295.0,2.17,58.23833987302579
2026-10-04T16:00:00+05:30,Anuradhapura_NorthCentral,26.1,260.4031231446761,262.0,1.78,61.893733960467344
2026-10-04T16:15:00+05:30,Anuradhapura_NorthCentral,26.0,261.2336473407567,227.0,1.42,65.55848088944717
2026-10-04T16:30:00+05:30,Anuradhapura_NorthCentral,25.9,261.99724118191637,194.0,1.14,69.23104961171057
2026-10-04T16:45:00+05:30,Anuradhapura_NorthCentral,25.8,262.7049926406835,159.0,0.97,72.91020896536747
2026-10-04T17:00:00+05:30,Anuradhapura_NorthCentral,25.7,263.3660541386119,124.0,0.9,76.59495710883908
2026-10-04T17:15:00+05:30,Anuradhapura_NorthCentral,25.6,263.9880969266687,87.0,0.97,80.284468532341
2026-10-04T17:30:00+05:30,Anuradhapura_NorthCentral,25.5,264.5776558691493,51.0,1.08,83.9780544084855
2026-10-04T17:45:00+05:30,Anuradhapura_NorthCentral,25.4,265.14039703590856,22.0,1.24,87.67513390248443
2026-10-04T18:00:00+05:30,Anuradhapura_NorthCentral,25.4,265.68133042325604,3.0,1.34,91.37521079738912
2026-10-04T18:15:00+05:30,Anuradhapura_NorthCentral,25.3,266.2049847633626,0.0,1.45,95.07785502479993
2026-10-04T18:30:00+05:30,Anuradhapura_NorthCentral,25.2,266.7155573572035,0.0,1.56,98.78268923445967
2026-10-04T18:45:00+05:30,Anuradhapura_NorthCentral,25.2,267.2170488652739,0.0,1.63,102.48937639704097
2026-10-04T19:00:00+05:30,Anuradhapura_NorthCentral,25.1,267.71339249370084,0.0,1.7,106.19760913883673
2026-10-04T19:15:00+05:30,Anuradhapura_NorthCentral,25.0,268.20858689109036,0.0,1.77,109.90710163756589
2026-10-04T19:30:00+05:30,Anuradhapura_NorthCentral,25.0,268.70684255148836,0.0,1.8,113.61758049290961
2026-10-04T19:45:00+05:30,Anuradhapura_NorthCentral,24.9,269.21275463164864,0.0,1.84,117.32877544223913
2026-10-04T20:00:00+05:30,Anuradhapura_NorthCentral,24.9,269.73151966529156,0.0,1.87,121.04041069367251
2026-10-04T20:15:00+05:30,Anuradhapura_NorthCentral,24.8,270.26922088598695,0.0,1.87,124.75219294280717
2026-10-04T20:30:00+05:30,Anuradhapura_NorthCentral,24.8,270.83322069831706,0.0,1.88,128.46379621538821
2026-10-04T20:45:00+05:30,Anuradhapura_NorthCentral,24.7,271.4327215845922,0.0,1.84,132.17484293082344
2026-10-04T21:00:00+05:30,Anuradhapura_NorthCentral,24.7,272.0795960319509,0.0,1.88,135.88487480407147
2026-10-04T21:15:00+05:30,Anuradhapura_NorthCentral,24.7,272.7896594014568,0.0,1.82,139.59330926411604
2026-10-04T21:30:00+05:30,Anuradhapura_NorthCentral,24.6,273.58469778483294,0.0,1.79,143.29937246663602
2026-10-04T21:45:00+05:30,Anuradhapura_NorthCentral,24.6,274.49583710318586,0.0,1.73,147.00198628210842
2026-10-04T22:00:00+05:30,Anuradhapura_NorthCentral,24.6,275.56942101931844,0.0,1.72,150.69957155001592
2026-10-04T22:15:00+05:30,Anuradhapura_NorthCentral,24.6,276.87787866647363,0.0,1.66,154.38968529232494
2026-10-04T22:30:00+05:30,Anuradhapura_NorthCentral,24.6,278.54128831449333,0.0,1.62,158.06829447357705
2026-10-04T22:45:00+05:30,Anuradhapura_NorthCentral,24.6,280.7741162823985,0.0,1.58,161.7281879883662
2026-10-04T23:00:00+05:30,Anuradhapura_NorthCentral,24.5,283.99866612580314,0.0,1.55,165.35506391708591
2026-10-04T23:15:00+05:30,Anuradhapura_NorthCentral,24.5,289.1643621398737,0.0,1.54,168.91619006962682
2026-10-04T23:30:00+05:30,Anuradhapura_NorthCentral,24.5,298.8323391575209,0.0,1.47,172.31927092571433
2026-10-04T23:45:00+05:30,Anuradhapura_NorthCentral,24.5,321.377789201754,0.0,1.41,175.2140547986395
2026-10-05T00:00:00+05:30,Anuradhapura_NorthCentral,24.4,11.387299650754017,0.0,1.35,176.18068068959462
2026-10-05T00:15:00+05:30,Anuradhapura_NorthCentral,24.4,50.39945937965467,0.0,1.3,174.16568492230923
2026-10-05T00:30:00+05:30,Anuradhapura_NorthCentral,24.4,66.02030954239734,0.0,1.25,170.98558249758986
2026-10-05T00:45:00+05:30,Anuradhapura_NorthCentral,24.3,73.36811874398529,0.0,1.2,167.5001791741251
2026-10-05T01:00:00+05:30,Anuradhapura_NorthCentral,24.3,77.58073848256225,0.0,1.12,163.9067741974551
2026-10-05T01:15:00+05:30,Anuradhapura_NorthCentral,24.3,80.33555700976746,0.0,1.08,160.2644329746231
2026-10-05T01:30:00+05:30,Anuradhapura_NorthCentral,24.2,82.30590296135932,0.0,1.04,156.59616266795564
2026-10-05T01:45:00+05:30,Anuradhapura_NorthCentral,24.2,83.80926532342005,0.0,1.01,152.9126762603864
2026-10-05T02:00:00+05:30,Anuradhapura_NorthCentral,24.2,85.01389142502359,0.0,0.94,149.21962596932394
2026-10-05T02:15:00+05:30,Anuradhapura_NorthCentral,24.2,86.01706179900856,0.0,0.92,145.52028444931685
2026-10-05T02:30:00+05:30,Anuradhapura_NorthCentral,24.1,86.87895638545103,0.0,0.96,141.81669074097687
2026-10-05T02:45:00+05:30,Anuradhapura_NorthCentral,24.0,87.63888366977875,0.0,1.08,138.11019411827672
2026-10-05T03:00:00+05:30,Anuradhapura_NorthCentral,23.8,88.32370978497215,0.0,1.23,134.40173639756713
2026-10-05T03:15:00+05:30,Anuradhapura_NorthCentral,23.7,88.95253114470887,0.0,1.46,130.69200844530525
2026-10-05T03:30:00+05:30,Anuradhapura_NorthCentral,23.6,89.539408527781,0.0,1.6,126.98154063260554
2026-10-05T03:45:00+05:30,Anuradhapura_NorthCentral,23.5,90.09504167767301,0.0,1.65,123.27075971180945
2026-10-05T04:00:00+05:30,Anuradhapura_NorthCentral,23.5,90.62783728146456,0.0,1.65,119.56002575683495
2026-10-05T04:15:00+05:30,Anuradhapura_NorthCentral,23.6,91.14461580343635,0.0,1.6,115.8496558655509
2026-10-05T04:30:00+05:30,Anuradhapura_NorthCentral,23.6,91.65109585794073,0.0,1.61,112.13994228642596
2026-10-05T04:45:00+05:30,Anuradhapura_NorthCentral,23.7,92.152238552484,0.0,1.61,108.43116625570495
2026-10-05T05:00:00+05:30,Anuradhapura_NorthCentral,23.7,92.6525024458902,0.0,1.61,104.72360780650503
2026-10-05T05:15:00+05:30,Anuradhapura_NorthCentral,23.8,93.15604093561404,0.0,1.57,101.01755570525107
2026-10-05T05:30:00+05:30,Anuradhapura_NorthCentral,24.0,93.66686378621762,0.0,1.58,97.31331686985703
2026-10-05T05:45:00+05:30,Anuradhapura_NorthCentral,24.2,94.18897818525676,0.0,1.59,93.61122446170364
2026-10-05T06:00:00+05:30,Anuradhapura_NorthCentral,24.4,94.72652047601485,0.0,1.55,89.91164825809186
2026-10-05T06:15:00+05:30,Anuradhapura_NorthCentral,24.6,95.28388844820506,18.0,1.57,86.21500644637887
2026-10-05T06:30:00+05:30,Anuradhapura_NorthCentral,24.9,95.86588353450304,61.0,1.53,82.52177809849996
2026-10-05T06:45:00+05:30,Anuradhapura_NorthCentral,25.2,96.47787214133808,115.0,1.55,78.83252020994331
2026-10-05T07:00:00+05:30,Anuradhapura_NorthCentral,25.5,97.12597761534909,179.0,1.52,75.14788901047854
2026-10-05T07:15:00+05:30,Anuradhapura_NorthCentral,25.9,97.81731741484538,243.0,1.57,71.46866569207826
2026-10-05T07:30:00+05:30,Anuradhapura_NorthCentral,26.2,98.56030406709988,304.0,1.54,67.7957917950537
2026-10-05T07:45:00+05:30,Anuradhapura_NorthCentral,26.6,99.36503651206334,360.0,1.53,64.1304160058702
2026-10-05T08:00:00+05:30,Anuradhapura_NorthCentral,27.0,100.24381974182018,414.0,1.58,60.47395562061835
2026-10-05T08:15:00+05:30,Anuradhapura_NorthCentral,27.4,101.21186681135993,468.0,1.6,56.828182636922435
2026-10-05T08:30:00+05:30,Anuradhapura_NorthCentral,27.8,102.28826454689369,517.0,1.59,53.195343614132796
2026-10-05T08:45:00+05:30,Anuradhapura_NorthCentral,28.2,103.497325946346,563.0,1.59,49.57832824699422
2026-10-05T09:00:00+05:30,Anuradhapura_NorthCentral,28.6,104.87051680072915,604.0,1.63,45.98091550835124
2026-10-05T09:15:00+05:30,Anuradhapura_NorthCentral,29.0,106.44925069772125,642.0,1.67,42.4081377567527
2026-10-05T09:30:00+05:30,Anuradhapura_NorthCentral,29.3,108.28901774112626,676.0,1.67,38.866830679561794
2026-10-05T09:45:00+05:30,Anuradhapura_NorthCentral,29.7,110.46558536975493,705.0,1.68,35.36648943065736
2026-10-05T10:00:00+05:30,Anuradhapura_NorthCentral,30.0,113.08444048978436,730.0,1.72,31.92063309910762
2026-10-05T10:15:00+05:30,Anuradhapura_NorthCentral,30.3,116.29525352038331,751.0,1.76,28.549035303966534
2026-10-05T10:30:00+05:30,Anuradhapura_NorthCentral,30.5,120.31375595669567,771.0,1.73,25.28146019173421
2026-10-05T10:45:00+05:30,Anuradhapura_NorthCentral,30.7,125.45293684711459,786.0,1.71,22.163998789805717
2026-10-05T11:00:00+05:30,Anuradhapura_NorthCentral,30.9,132.15930280578652,791.0,1.71,19.26967927928665
2026-10-05T11:15:00+05:30,Anuradhapura_NorthCentral,31.0,141.02302030835568,778.0,1.68,16.71485394535216
2026-10-05T11:30:00+05:30,Anuradhapura_NorthCentral,31.1,152.65078678879024,746.0,1.66,14.677909446931949
2026-10-05T11:45:00+05:30,Anuradhapura_NorthCentral,31.1,167.18037667641113,703.0,1.59,13.397204921747672
2026-10-05T12:00:00+05:30,Anuradhapura_NorthCentral,31.1,183.49344542095184,664.0,1.52,13.096519885555438
2026-10-05T12:15:00+05:30,Anuradhapura_NorthCentral,31.0,199.2753112982275,638.0,1.48,13.839879039053727
2026-10-05T12:30:00+05:30,Anuradhapura_NorthCentral,30.9,212.601625888461,623.0,1.41,15.477568873328153
2026-10-05T12:45:00+05:30,Anuradhapura_NorthCentral,30.7,222.97695846612513,613.0,1.34,17.763925178714587
2026-10-05T13:00:00+05:30,Anuradhapura_NorthCentral,30.6,230.8313286729085,602.0,1.25,20.482852366425718
2026-10-05T13:15:00+05:30,Anuradhapura_NorthCentral,30.4,236.79722372508877,584.0,1.21,23.484565161544964
2026-10-05T13:30:00+05:30,Anuradhapura_NorthCentral,30.1,241.40645139462617,564.0,1.1,26.67374217615474
2026-10-05T13:45:00+05:30,Anuradhapura_NorthCentral,29.9,245.0439165407367,541.0,0.99,29.99061395863574
2026-10-05T14:00:00+05:30,Anuradhapura_NorthCentral,29.6,247.97629991856905,517.0,0.9,33.39712989819045
2026-10-05T14:15:00+05:30,Anuradhapura_NorthCentral,29.3,250.38760422814573,491.0,0.75,36.8684227593349
2026-10-05T14:30:00+05:30,Anuradhapura_NorthCentral,29.0,252.4062663055247,464.0,0.64,40.38776454805279
2026-10-05T14:45:00+05:30,Anuradhapura_NorthCentral,28.7,254.1235273609373,436.0,0.53,43.943582624421694
2026-10-05T15:00:00+05:30,Anuradhapura_NorthCentral,28.4,255.6054700541025,406.0,0.43,47.52765968494023
2026-10-05T15:15:00+05:30,Anuradhapura_NorthCentral,28.1,256.90088560202884,374.0,0.34,51.134021115001595
2026-10-05T15:30:00+05:30,Anuradhapura_NorthCentral,27.8,258.0464679548932,342.0,0.3,54.75823036550801
2026-10-05T15:45:00+05:30,Anuradhapura_NorthCentral,27.5,259.07029564177645,309.0,0.25,58.39692921921707
2026-10-05T16:00:00+05:30,Anuradhapura_NorthCentral,27.3,259.994207225355,274.0,0.29,62.047531069357504
2026-10-05T16:15:00+05:30,Anuradhapura_NorthCentral,27.0,260.83545156796816,238.0,0.28,65.70801306445489
2026-10-05T16:30:00+05:30,Anuradhapura_NorthCentral,26.7,261.60785426369387,203.0,0.36,69.37677023658738
2026-10-05T16:45:00+05:30,Anuradhapura_NorthCentral,26.5,262.32265686785956,167.0,0.4,73.05251183870712
2026-10-05T17:00:00+05:30,Anuradhapura_NorthCentral,26.3,262.9891314737532,130.0,0.49,76.73418781105352
2026-10-05T17:15:00+05:30,Anuradhapura_NorthCentral,26.1,263.6150382539533,91.0,0.54,80.4209335674214
2026-10-05T17:30:00+05:30,Anuradhapura_NorthCentral,25.9,264.2069726622607,53.0,0.59,84.11202867415456
2026-10-05T17:45:00+05:30,Anuradhapura_NorthCentral,25.8,264.77063459975,23.0,0.63,87.80686690490394
2026-10-05T18:00:00+05:30,Anuradhapura_NorthCentral,25.7,265.3110418090239,3.0,0.65,91.50493194161618
2026-10-05T18:15:00+05:30,Anuradhapura_NorthCentral,25.6,265.83270439768484,0.0,0.7,95.20577823865159
2026-10-05T18:30:00+05:30,Anuradhapura_NorthCentral,25.5,266.33977332599875,0.0,0.72,98.90901714014082
2026-10-05T18:45:00+05:30,Anuradhapura_NorthCentral,25.4,266.8361726303843,0.0,0.74,102.61430422777768
2026-10-05T19:00:00+05:30,Anuradhapura_NorthCentral,25.3,267.32572456137,0.0,0.74,106.32132858110249
2026-10-05T19:15:00+05:30,Anuradhapura_NorthCentral,25.2,267.81227655200854,0.0,0.76,110.02980478883363
2026-10-05T19:30:00+05:30,Anuradhapura_NorthCentral,25.2,268.29983922091657,0.0,0.79,113.73946415166726
2026-10-05T19:45:00+05:30,Anuradhapura_NorthCentral,25.1,268.7927474251769,0.0,0.82,117.45004599236754
2026-10-05T20:00:00+05:30,Anuradhapura_NorthCentral,25.1,269.2958604950089,0.0,0.81,121.16128993536779
2026-10-05T20:15:00+05:30,Anuradhapura_NorthCentral,25.0,269.8148243123599,0.0,0.81,124.87292535126747
2026-10-05T20:30:00+05:30,Anuradhapura_NorthCentral,25.0,270.35643056986066,0.0,0.85,128.58465832567555
2026-10-05T20:45:00+05:30,Anuradhapura_NorthCentral,24.9,270.92912939293177,0.0,0.89,132.2961559090203
2026-10-05T21:00:00+05:30,Anuradhapura_NorthCentral,24.9,271.54378760253275,0.0,0.93,136.0070218509932
2026-10-05T21:15:00+05:30,Anuradhapura_NorthCentral,24.9,272.2148525441709,0.0,0.94,139.71676051976613
2026-10-05T21:30:00+05:30,Anuradhapura_NorthCentral,24.9,272.96220919084453,0.0,0.99,143.42472190345927
2026-10-05T21:45:00+05:30,Anuradhapura_NorthCentral,24.8,273.8142729627848,0.0,1.03,147.13000846561658
2026-10-05T22:00:00+05:30,Anuradhapura_NorthCentral,24.8,274.8134036426448,0.0,1.05,150.83131281482034
2026-10-05T22:15:00+05:30,Anuradhapura_NorthCentral,24.8,276.02596090852876,0.0,1.03,154.52661778404334
2026-10-05T22:30:00+05:30,Anuradhapura_NorthCentral,24.7,277.5623834952769,0.0,1.08,158.21259269739943
2026-10-05T22:45:00+05:30,Anuradhapura_NorthCentral,24.7,279.62111422210194,0.0,1.08,161.8832637114317
2026-10-05T23:00:00+05:30,Anuradhapura_NorthCentral,24.7,282.5967605557125,0.0,1.12,165.52670069320916
2026-10-05T23:15:00+05:30,Anuradhapura_NorthCentral,24.7,287.39209565822637,0.0,1.12,169.1152288287918
2026-10-05T23:30:00+05:30,Anuradhapura_NorthCentral,24.6,296.5318032093798,0.0,1.12,172.5685574947217
2026-10-05T23:45:00+05:30,Anuradhapura_NorthCentral,24.6,319.05957247111166,0.0,1.12,175.5588660829067
2026-10-06T00:00:00+05:30,Anuradhapura_NorthCentral,24.5,13.855884879707105,0.0,1.14,176.53999429471497
2026-10-06T00:15:00+05:30,Anuradhapura_NorthCentral,24.5,53.87802416405145,0.0,1.1,174.34579251449742
2026-10-06T00:30:00+05:30,Anuradhapura_NorthCentral,24.4,68.47237600265748,0.0,1.1,171.07155247711256
2026-10-06T00:45:00+05:30,Anuradhapura_NorthCentral,24.4,75.17155628796047,0.0,1.1,167.5416846880074
2026-10-06T01:00:00+05:30,Anuradhapura_NorthCentral,24.3,78.99381663180372,0.0,1.05,163.92385647875477
2026-10-06T01:15:00+05:30,Anuradhapura_NorthCentral,24.2,81.49605158535144,0.0,1.05,160.26655664603032
2026-10-06T01:30:00+05:30,Anuradhapura_NorthCentral,24.1,83.29205737125977,0.0,1.01,156.58845735696167
2026-10-06T01:45:00+05:30,Anuradhapura_NorthCentral,24.1,84.66897974952104,0.0,0.96,152.8982174073861
2026-10-06T02:00:00+05:30,Anuradhapura_NorthCentral,24.0,85.77840205805194,0.0,0.92,149.2004018267896
2026-10-06T02:15:00+05:30,Anuradhapura_NorthCentral,23.9,86.70780554517478,0.0,0.9,145.4976580134525
2026-10-06T02:30:00+05:30,Anuradhapura_NorthCentral,23.9,87.51127000084995,0.0,0.86,141.79164185739106
2026-10-06T02:45:00+05:30,Anuradhapura_NorthCentral,23.8,88.2241249425403,0.0,0.82,138.08345602387186
2026-10-06T03:00:00+05:30,Anuradhapura_NorthCentral,23.8,88.87053965063853,0.0,0.85,134.37387743901678
2026-10-06T03:15:00+05:30,Anuradhapura_NorthCentral,23.7,89.4677239747237,0.0,0.81,130.6634834649858
2026-10-06T03:30:00+05:30,Anuradhapura_NorthCentral,23.7,90.028384131184,0.0,0.81,126.952724684349
2026-10-06T03:45:00+05:30,Anuradhapura_NorthCentral,23.7,90.56222637593453,0.0,0.82,123.24197103517432
2026-10-06T04:00:00+05:30,Anuradhapura_NorthCentral,23.7,91.07691628018136,0.0,0.79,119.53154199065679
2026-10-06T04:15:00+05:30,Anuradhapura_NorthCentral,23.8,91.57871435198149,0.0,0.81,115.82172589709253
2026-10-06T04:30:00+05:30,Anuradhapura_NorthCentral,23.8,92.07291259521378,0.0,0.78,112.11279522007366
2026-10-06T04:45:00+05:30,Anuradhapura_NorthCentral,23.9,92.56414608170229,0.0,0.76,108.40501846795742
2026-10-06T05:00:00+05:30,Anuradhapura_NorthCentral,24.0,93.05662509699499,0.0,0.79,104.69866873593058
2026-10-06T05:15:00+05:30,Anuradhapura_NorthCentral,24.0,93.55431650482916,0.0,0.79,100.9940328319397
2026-10-06T05:30:00+05:30,Anuradhapura_NorthCentral,24.2,94.06109400579908,0.0,0.82,97.29142022329226
2026-10-06T05:45:00+05:30,Anuradhapura_NorthCentral,24.3,94.58087136341004,0.0,0.86,93.59117091936334
2026-10-06T06:00:00+05:30,Anuradhapura_NorthCentral,24.5,95.11772889671948,0.0,0.91,89.89366586416885
2026-10-06T06:15:00+05:30,Anuradhapura_NorthCentral,24.8,95.67604256854099,17.0,0.96,86.1993389655658
2026-10-06T06:30:00+05:30,Anuradhapura_NorthCentral,25.0,96.26062468500288,57.0,1.0,82.50869002064027
2026-10-06T06:45:00+05:30,Anuradhapura_NorthCentral,25.3,96.87688525751969,110.0,1.1,78.82230245092428
2026-10-06T07:00:00+05:30,Anuradhapura_NorthCentral,25.7,97.5310254758399,170.0,1.15,75.14086559937816
2026-10-06T07:15:00+05:30,Anuradhapura_NorthCentral,26.0,98.2302779226207,232.0,1.25,71.46520180880002
2026-10-06T07:30:00+05:30,Anuradhapura_NorthCentral,26.4,98.98321226614996,290.0,1.35,67.79630363110385
2026-10-06T07:45:00+05:30,Anuradhapura_NorthCentral,26.8,99.80013329097244,346.0,1.46,64.13538307133445
2026-10-06T08:00:00+05:30,Anuradhapura_NorthCentral,27.1,100.69360952829459,399.0,1.51,60.48393635398605
2026-10-06T08:15:00+05:30,Anuradhapura_NorthCentral,27.5,101.67918695727485,452.0,1.61,56.84383449630269
2026-10-06T08:30:00+05:30,Anuradhapura_NorthCentral,27.9,102.77636946475349,502.0,1.67,53.21744929492043
2026-10-06T08:45:00+05:30,Anuradhapura_NorthCentral,28.3,104.00998911266305,548.0,1.78,49.60783036771907
2026-10-06T09:00:00+05:30,Anuradhapura_NorthCentral,28.7,105.41215280296325,592.0,1.83,46.018963100594874
2026-10-06T09:15:00+05:30,Anuradhapura_NorthCentral,29.0,107.02505601906665,633.0,1.93,42.45614934209408
2026-10-06T09:30:00+05:30,Anuradhapura_NorthCentral,29.4,108.90511915767468,671.0,1.99,38.926580749338704
2026-10-06T09:45:00+05:30,Anuradhapura_NorthCentral,29.7,111.12915957933319,705.0,2.05,35.44022775467069
2026-10-06T10:00:00+05:30,Anuradhapura_NorthCentral,30.0,113.80370621868252,735.0,2.1,32.011248965773994
2026-10-06T10:15:00+05:30,Anuradhapura_NorthCentral,30.3,117.07908573690474,762.0,2.16,28.66027891555445
2026-10-06T10:30:00+05:30,Anuradhapura_NorthCentral,30.5,121.17030910244193,786.0,2.16,25.41822175240533
2026-10-06T10:45:00+05:30,Anuradhapura_NorthCentral,30.7,126.3858323955526,806.0,2.16,22.33259317098768
2026-10-06T11:00:00+05:30,Anuradhapura_NorthCentral,30.9,133.15826408005807,820.0,2.17,19.477907982973576
2026-10-06T11:15:00+05:30,Anuradhapura_NorthCentral,31.0,142.04383210780884,824.0,2.17,16.97113583057451
2026-10-06T11:30:00+05:30,Anuradhapura_NorthCentral,31.1,153.58391025196784,819.0,2.12,14.987897009568414
2026-10-06T11:45:00+05:30,Anuradhapura_NorthCentral,31.1,167.8406861928911,807.0,2.07,13.756531303430748
2026-10-06T12:00:00+05:30,Anuradhapura_NorthCentral,31.1,183.71125405102265,794.0,1.98,13.484619256074652
2026-10-06T12:15:00+05:30,Anuradhapura_NorthCentral,31.0,199.04796231566783,783.0,1.87,14.22727857254634
2026-10-06T12:30:00+05:30,Anuradhapura_NorthCentral,30.9,212.07814307673854,775.0,1.77,15.842456087484095
2026-10-06T12:45:00+05:30,Anuradhapura_NorthCentral,30.7,222.31543280880214,765.0,1.63,18.098021414561856
2026-10-06T13:00:00+05:30,Anuradhapura_NorthCentral,30.6,230.13123000337413,753.0,1.49,20.786525832468698
2026-10-06T13:15:00+05:30,Anuradhapura_NorthCentral,30.4,236.10738339294366,736.0,1.33,23.761446391731837
2026-10-06T13:30:00+05:30,Anuradhapura_NorthCentral,30.2,240.74697716078984,715.0,1.14,26.92800167881795
2026-10-06T13:45:00+05:30,Anuradhapura_NorthCentral,29.9,244.4209832575284,692.0,0.94,30.225999961564156
2026-10-06T14:00:00+05:30,Anuradhapura_NorthCentral,29.7,247.38985360603954,665.0,0.81,33.616753319705815
2026-10-06T14:15:00+05:30,Anuradhapura_NorthCentral,29.4,249.8350331619617,636.0,0.61,37.074795797496954
2026-10-06T14:30:00+05:30,Anuradhapura_NorthCentral,29.1,251.88408396066325,604.0,0.42,40.58290315322675
2026-10-06T14:45:00+05:30,Anuradhapura_NorthCentral,28.8,253.62811859206957,569.0,0.27,44.1291094631622
2026-10-06T15:00:00+05:30,Anuradhapura_NorthCentral,28.5,255.13340196454746,532.0,0.27,47.704890431435444
2026-10-06T15:15:00+05:30,Anuradhapura_NorthCentral,28.2,256.44901782457816,493.0,0.32,51.30403234421197
2026-10-06T15:30:00+05:30,Anuradhapura_NorthCentral,27.9,257.6119722038221,452.0,0.47,54.92191172872231
2026-10-06T15:45:00+05:30,Anuradhapura_NorthCentral,27.6,258.65063609222744,409.0,0.61,58.555023295613736
2026-10-06T16:00:00+05:30,Anuradhapura_NorthCentral,27.4,259.58710584186497,364.0,0.81,62.2006638575891
2026-10-06T16:15:00+05:30,Anuradhapura_NorthCentral,27.1,260.43884945483956,316.0,0.9,65.8567174636482
2026-10-06T16:30:00+05:30,Anuradhapura_NorthCentral,26.9,261.2198738343237,269.0,1.05,69.52150428815698
2026-10-06T16:45:00+05:30,Anuradhapura_NorthCentral,26.7,261.94156663332865,221.0,1.15,73.19367304617103
2026-10-06T17:00:00+05:30,Anuradhapura_NorthCentral,26.5,262.61331381984286,171.0,1.25,76.87212450946394
2026-10-06T17:15:00+05:30,Anuradhapura_NorthCentral,26.3,263.24295989994334,120.0,1.31,80.55595407399264
2026-10-06T17:30:00+05:30,Anuradhapura_NorthCentral,26.1,263.8371571902402,71.0,1.36,84.24440875642719
2026-10-06T17:45:00+05:30,Anuradhapura_NorthCentral,26.0,264.40163630117587,31.0,1.37,87.9368559882157
2026-10-06T18:00:00+05:30,Anuradhapura_NorthCentral,25.9,264.94142000381316,4.0,1.38,91.63275836858173
2026-09-29T18:15:00+05:30,Vavuniya_Northern,31.0,268.1182695931948,0.0,4.77,94.50885851505751
2026-09-29T18:30:00+05:30,Vavuniya_Northern,30.7,268.6735553848262,0.0,4.65,98.21517191503357
2026-09-29T18:45:00+05:30,Vavuniya_Northern,30.4,269.2283195338681,0.0,4.54,101.92229996819324
2026-09-29T19:00:00+05:30,Vavuniya_Northern,30.1,269.7872708062244,0.0,4.39,105.62989836622341
2026-09-29T19:15:00+05:30,Vavuniya_Northern,29.8,270.35541034539165,0.0,4.24,109.33761955776104
2026-09-29T19:30:00+05:30,Vavuniya_Northern,29.6,270.93822849475015,0.0,4.1,113.04509962798531
2026-09-29T19:45:00+05:30,Vavuniya_Northern,29.3,271.54194696030197,0.0,3.96,116.75194309046844
2026-09-29T20:00:00+05:30,Vavuniya_Northern,29.1,272.1738312976408,0.0,3.82,120.45770565204558
2026-09-29T20:15:00+05:30,Vavuniya_Northern,28.8,272.84260959813236,0.0,3.75,124.16186991351663
2026-09-29T20:30:00+05:30,Vavuniya_Northern,28.6,273.55905312258767,0.0,3.64,127.86381240785221
2026-09-29T20:45:00+05:30,Vavuniya_Northern,28.4,274.3368070566212,0.0,3.61,131.56275857455427
2026-09-29T21:00:00+05:30,Vavuniya_Northern,28.2,275.19361460697166,0.0,3.58,135.25771470417789
2026-09-29T21:15:00+05:30,Vavuniya_Northern,28.1,276.1531780477315,0.0,3.54,138.94736475989518
2026-09-29T21:30:00+05:30,Vavuniya_Northern,27.9,277.2480850493114,0.0,3.55,142.62990952552207
2026-09-29T21:45:00+05:30,Vavuniya_Northern,27.7,278.5245842027344,0.0,3.59,146.30280064076507
2026-09-29T22:00:00+05:30,Vavuniya_Northern,27.5,280.05071857023614,0.0,3.75,149.9622844618109
2026-09-29T22:15:00+05:30,Vavuniya_Northern,27.3,281.93088084752645,0.0,3.87,153.60257845485717
2026-09-29T22:30:00+05:30,Vavuniya_Northern,27.2,284.3334053680312,0.0,3.95,157.21428141794564
2026-09-29T22:45:00+05:30,Vavuniya_Northern,27.1,287.54651158565366,0.0,3.98,160.7810678853254
2026-09-29T23:00:00+05:30,Vavuniya_Northern,27.0,292.1006586841984,0.0,4.01,164.27215148460613
2026-09-29T23:15:00+05:30,Vavuniya_Northern,26.9,299.05656061101934,0.0,3.93,167.62310859149838
2026-09-29T23:30:00+05:30,Vavuniya_Northern,26.8,310.6922344127361,0.0,3.96,170.681329834903
2026-09-29T23:45:00+05:30,Vavuniya_Northern,26.7,331.5463202644635,0.0,4.0,173.04887884160573
2026-09-30T00:00:00+05:30,Vavuniya_Northern,26.6,4.1322144176330085,0.0,4.01,173.86566973341155
2026-09-30T00:15:00+05:30,Vavuniya_Northern,26.5,34.536900014640025,0.0,4.05,172.59909808633353
2026-09-30T00:30:00+05:30,Vavuniya_Northern,26.4,52.74521463587371,0.0,4.05,170.01266337974272
2026-09-30T00:45:00+05:30,Vavuniya_Northern,26.4,62.98643367527063,0.0,4.08,166.86423846314443
2026-09-30T01:00:00+05:30,Vavuniya_Northern,26.3,69.24408361078008,0.0,4.07,163.47203214382364
2026-09-30T01:15:00+05:30,Vavuniya_Northern,26.3,73.4200292701546,0.0,4.09,159.9595793479196
2026-09-30T01:30:00+05:30,Vavuniya_Northern,26.3,76.41068735375347,0.0,4.08,156.38059663339155
2026-09-30T01:45:00+05:30,Vavuniya_Northern,26.2,78.67327256452415,0.0,4.12,152.76143686426462
2026-09-30T02:00:00+05:30,Vavuniya_Northern,26.2,80.46069766889872,0.0,4.11,149.11636974855594
2026-09-30T02:15:00+05:30,Vavuniya_Northern,26.1,81.92290497911915,0.0,4.14,145.45375120320227
2026-09-30T02:30:00+05:30,Vavuniya_Northern,26.1,83.1540430685219,0.0,4.18,141.7787916876643
2026-09-30T02:45:00+05:30,Vavuniya_Northern,26.0,84.21612138254869,0.0,4.21,138.09491166092548
2026-09-30T03:00:00+05:30,Vavuniya_Northern,26.0,85.15166618524694,0.0,4.21,134.40445697764056
2026-09-30T03:15:00+05:30,Vavuniya_Northern,26.0,85.99087970787042,0.0,4.21,130.70909964912008
2026-09-30T03:30:00+05:30,Vavuniya_Northern,25.9,86.75588807592885,0.0,4.21,127.01007268777082
2026-09-30T03:45:00+05:30,Vavuniya_Northern,25.9,87.46336770843777,0.0,4.18,123.3083158068126
2026-09-30T04:00:00+05:30,Vavuniya_Northern,25.9,88.12622958155748,0.0,4.14,119.60456888641006
2026-09-30T04:15:00+05:30,Vavuniya_Northern,25.9,88.75473567415747,0.0,4.11,115.89943268439939
2026-09-30T04:30:00+05:30,Vavuniya_Northern,25.8,89.35726177168635,0.0,4.08,112.19341175350088
2026-09-30T04:45:00+05:30,Vavuniya_Northern,25.8,89.94083482481699,0.0,3.98,108.48694517903228
2026-09-30T05:00:00+05:30,Vavuniya_Northern,25.7,90.51152386579423,0.0,3.91,104.7804280306526
2026-09-30T05:15:00+05:30,Vavuniya_Northern,25.6,91.07473421003817,0.0,3.8,101.07422932126221
2026-09-30T05:30:00+05:30,Vavuniya_Northern,25.6,91.63543834937559,0.0,3.8,97.36870686848138
2026-09-30T05:45:00+05:30,Vavuniya_Northern,25.7,92.19836658190707,0.0,3.83,93.66421890814667
2026-09-30T06:00:00+05:30,Vavuniya_Northern,25.7,92.7681735396057,0.0,3.9,89.96113647693423
2026-09-30T06:15:00+05:30,Vavuniya_Northern,25.9,93.34959385706077,17.0,4.0,86.2598559429551
2026-09-30T06:30:00+05:30,Vavuniya_Northern,26.1,93.94759845967872,54.0,4.17,82.56081104689864
2026-09-30T06:45:00+05:30,Vavuniya_Northern,26.4,94.56756191932982,98.0,4.46,78.86448833630757
2026-09-30T07:00:00+05:30,Vavuniya_Northern,26.8,95.21545295057399,148.0,4.81,75.17144558930121
2026-09-30T07:15:00+05:30,Vavuniya_Northern,27.3,95.89806256294116,199.0,5.16,71.4823331396013
2026-09-30T07:30:00+05:30,Vavuniya_Northern,27.8,96.6232878238269,250.0,5.45,67.7979229722087
2026-09-30T07:45:00+05:30,Vavuniya_Northern,28.3,97.40049663542442,300.0,5.59,64.11914676648306
2026-09-30T08:00:00+05:30,Vavuniya_Northern,28.7,98.24100957767666,351.0,5.66,60.44714527874696
2026-09-30T08:15:00+05:30,Vavuniya_Northern,29.3,99.15875041002539,403.0,5.74,56.78333777097554
2026-09-30T08:30:00+05:30,Vavuniya_Northern,29.8,100.17114352114942,457.0,5.76,53.12951874818344
2026-09-30T08:45:00+05:30,Vavuniya_Northern,30.3,101.30037822424816,509.0,5.77,49.48799414439691
2026-09-30T09:00:00+05:30,Vavuniya_Northern,30.9,102.57522599160654,559.0,5.72,45.86178163355038
2026-09-30T09:15:00+05:30,Vavuniya_Northern,31.5,104.0337093318044,604.0,5.66,42.25490915841183
2026-09-30T09:30:00+05:30,Vavuniya_Northern,31.9,105.72710970256071,640.0,5.58,38.67287015014335
2026-09-30T09:45:00+05:30,Vavuniya_Northern,32.3,107.72612225336923,672.0,5.41,35.123342289090516
2026-09-30T10:00:00+05:30,Vavuniya_Northern,32.5,110.13051927151247,706.0,5.24,31.617354175369016
2026-09-30T10:15:00+05:30,Vavuniya_Northern,32.8,113.08461500852059,750.0,5.04,28.171240856883422
2026-09-30T10:30:00+05:30,Vavuniya_Northern,33.1,116.80225762844714,806.0,4.83,24.810037358333517
2026-09-30T10:45:00+05:30,Vavuniya_Northern,33.6,121.60663762182816,866.0,4.66,21.573538962789584
2026-09-30T11:00:00+05:30,Vavuniya_Northern,34.1,127.98859534951339,917.0,4.53,18.527283374855358
2026-09-30T11:15:00+05:30,Vavuniya_Northern,34.6,136.66634788842094,946.0,4.41,15.78188630976031
2026-09-30T11:30:00+05:30,Vavuniya_Northern,35.0,148.53389025002798,957.0,4.34,13.52191891189527
2026-09-30T11:45:00+05:30,Vavuniya_Northern,35.2,164.13871974674316,955.0,4.34,12.024326246557976
2026-09-30T12:00:00+05:30,Vavuniya_Northern,35.4,182.40209294622645,945.0,4.34,11.588572844148885
2026-09-30T12:15:00+05:30,Vavuniya_Northern,35.4,200.20496540959564,930.0,4.37,12.327787796436724
2026-09-30T12:30:00+05:30,Vavuniya_Northern,35.4,214.83370157120473,906.0,4.41,14.057818178100092
2026-09-30T12:45:00+05:30,Vavuniya_Northern,35.4,225.7733384001463,876.0,4.45,16.469308868596812
2026-09-30T13:00:00+05:30,Vavuniya_Northern,35.4,233.76064022144928,846.0,4.52,19.30857248938078
2026-09-30T13:15:00+05:30,Vavuniya_Northern,35.3,239.66519160790492,819.0,4.54,22.413596366804384
2026-09-30T13:30:00+05:30,Vavuniya_Northern,35.3,244.1417715213422,797.0,4.54,25.688153196356637
2026-09-30T13:45:00+05:30,Vavuniya_Northern,35.3,247.63039755852873,774.0,4.41,29.074977230210187
2026-09-30T14:00:00+05:30,Vavuniya_Northern,35.4,250.42044847272336,742.0,4.21,32.5389869742192
2026-09-30T14:15:00+05:30,Vavuniya_Northern,35.4,252.704232907041,698.0,4.02,36.057896754492695
2026-09-30T14:30:00+05:30,Vavuniya_Northern,35.4,254.61232987399967,642.0,4.0,39.61702942861971
2026-09-30T14:45:00+05:30,Vavuniya_Northern,35.2,256.23560403869385,582.0,4.26,43.2063928378136
2026-09-30T15:00:00+05:30,Vavuniya_Northern,34.8,257.63884259041725,522.0,4.68,46.818978399816665
2026-09-30T15:15:00+05:30,Vavuniya_Northern,34.5,258.86931526619753,468.0,5.06,50.44973780600122
2026-09-30T15:30:00+05:30,Vavuniya_Northern,34.1,259.9622576202793,415.0,5.15,54.09494876812852
2026-09-30T15:45:00+05:30,Vavuniya_Northern,33.8,260.9444621094757,365.0,4.9,57.75180798125458
2026-09-30T16:00:00+05:30,Vavuniya_Northern,33.5,261.8366838136614,316.0,4.35,61.418163158002514
2026-09-30T16:15:00+05:30,Vavuniya_Northern,33.2,262.6552879502219,268.0,3.7,65.09233354841483
2026-09-30T16:30:00+05:30,Vavuniya_Northern,32.8,263.41340155893226,221.0,3.0,68.77298486015148
2026-09-30T16:45:00+05:30,Vavuniya_Northern,32.4,264.12173545815466,177.0,2.25,72.45904088871949
2026-09-30T17:00:00+05:30,Vavuniya_Northern,32.0,264.78918320626906,136.0,1.4,76.14962126797995
2026-09-30T17:15:00+05:30,Vavuniya_Northern,31.5,265.42326644840955,99.0,0.57,79.84399457417418
2026-09-30T17:30:00+05:30,Vavuniya_Northern,31.0,266.03047402632257,66.0,0.21,83.5415431011409
2026-09-30T17:45:00+05:30,Vavuniya_Northern,30.3,266.6165274700676,35.0,0.67,87.24173730460647
2026-09-30T18:00:00+05:30,Vavuniya_Northern,29.6,267.1865953796844,7.0,1.06,90.94411452888444
2026-09-30T18:15:00+05:30,Vavuniya_Northern,28.8,267.74547398002966,0.0,1.35,94.64826176271885
2026-09-30T18:30:00+05:30,Vavuniya_Northern,28.2,268.297747356751,0.0,1.6,98.35380264198055
2026-09-30T18:45:00+05:30,Vavuniya_Northern,27.8,268.8479381714253,0.0,1.85,102.06038471394342
2026-09-30T19:00:00+05:30,Vavuniya_Northern,27.6,269.4006596463161,0.0,2.06,105.76766760449229
2026-09-30T19:15:00+05:30,Vavuniya_Northern,27.3,269.96078016292466,0.0,2.24,109.47531278814986
2026-09-30T19:30:00+05:30,Vavuniya_Northern,27.1,270.5336131783654,0.0,2.39,113.18297114202821
2026-09-30T19:45:00+05:30,Vavuniya_Northern,26.9,271.1251497254284,0.0,2.51,116.89026877797383
2026-09-30T20:00:00+05:30,Vavuniya_Northern,26.7,271.74235748943204,0.0,2.68,120.59679134556436
2026-09-30T20:15:00+05:30,Vavuniya_Northern,26.5,272.39358087860006,0.0,2.87,124.30206195755679
2026-09-30T20:30:00+05:30,Vavuniya_Northern,26.4,273.0890956414353,0.0,2.94,128.00551144677712
2026-09-30T20:45:00+05:30,Vavuniya_Northern,26.3,273.84190287851754,0.0,2.84,131.70643804886757
2026-09-30T21:00:00+05:30,Vavuniya_Northern,26.3,274.66890061102276,0.0,2.62,135.40394633298627
2026-09-30T21:15:00+05:30,Vavuniya_Northern,26.2,275.59266871499256,0.0,2.38,139.09685461643028
2026-09-30T21:30:00+05:30,Vavuniya_Northern,26.2,276.64428358647524,0.0,2.19,142.78355059560693
2026-09-30T21:45:00+05:30,Vavuniya_Northern,26.2,277.8679286629816,0.0,2.17,146.46175180682368
2026-09-30T22:00:00+05:30,Vavuniya_Northern,26.2,279.3287856294178,0.0,2.29,150.12809334285333
2026-09-30T22:15:00+05:30,Vavuniya_Northern,26.2,281.12724894179365,0.0,2.52,153.77737984084195
2026-09-30T22:30:00+05:30,Vavuniya_Northern,26.2,283.4261173180492,0.0,2.65,157.40113127273688
2026-09-30T22:45:00+05:30,Vavuniya_Northern,26.3,286.50645015434714,0.0,2.71,160.9845289794767
2026-09-30T23:00:00+05:30,Vavuniya_Northern,26.4,290.8922034172267,0.0,2.8,164.49934788418432
2026-09-30T23:15:00+05:30,Vavuniya_Northern,26.5,297.6536106468323,0.0,2.87,167.8855348928492
2026-09-30T23:30:00+05:30,Vavuniya_Northern,26.5,309.1788890235428,0.0,2.99,170.99655106133338
2026-09-30T23:45:00+05:30,Vavuniya_Northern,26.5,330.5809456386579,0.0,3.01,173.42898940870504
2026-10-01T00:00:00+05:30,Vavuniya_Northern,26.5,5.22586925017896,0.0,2.83,174.24589431173112
2026-10-01T00:15:00+05:30,Vavuniya_Northern,26.4,36.83905401694585,0.0,2.76,172.86861212511974
2026-10-01T00:30:00+05:30,Vavuniya_Northern,26.4,54.83473348604343,0.0,2.69,170.18074625089668
2026-10-01T00:45:00+05:30,Vavuniya_Northern,26.3,64.67599281617714,0.0,2.8,166.9696393865095
2026-10-01T01:00:00+05:30,Vavuniya_Northern,26.3,70.621338641987,0.0,2.99,163.53881993136537
2026-10-01T01:15:00+05:30,Vavuniya_Northern,26.3,74.5723918078071,0.0,3.14,160.0011762973109
2026-10-01T01:30:00+05:30,Vavuniya_Northern,26.2,77.39938262201866,0.0,3.25,156.40484937060347
2026-10-01T01:45:00+05:30,Vavuniya_Northern,26.2,79.53973400541406,0.0,3.2,152.7732336501472
2026-10-01T02:00:00+05:30,Vavuniya_Northern,26.2,81.23349060234546,0.0,3.08,149.11893498058635
2026-10-01T02:15:00+05:30,Vavuniya_Northern,26.2,82.62230699176104,0.0,2.94,145.44931679908177
2026-10-01T02:30:00+05:30,Vavuniya_Northern,26.1,83.79488117408556,0.0,2.84,141.7689664937776
2026-10-01T02:45:00+05:30,Vavuniya_Northern,26.0,84.80953836433383,0.0,2.8,138.0808962545379
2026-10-01T03:00:00+05:30,Vavuniya_Northern,25.9,85.70624637387078,0.0,2.76,134.38717479354247
2026-10-01T03:15:00+05:30,Vavuniya_Northern,25.7,86.51338672415727,0.0,2.77,130.68928048580082
2026-10-01T03:30:00+05:30,Vavuniya_Northern,25.6,87.2517618813805,0.0,2.75,126.98830789508338
2026-10-01T03:45:00+05:30,Vavuniya_Northern,25.6,87.93706844273845,0.0,2.68,123.28509599147947
2026-10-01T04:00:00+05:30,Vavuniya_Northern,25.5,88.58148137748299,0.0,2.53,119.58031045746466
2026-10-01T04:15:00+05:30,Vavuniya_Northern,25.5,89.1947036440065,0.0,2.45,115.8744970975646
2026-10-01T04:30:00+05:30,Vavuniya_Northern,25.5,89.78468344720659,0.0,2.37,112.16811986152767
2026-10-01T04:45:00+05:30,Vavuniya_Northern,25.4,90.35812002083651,0.0,2.41,108.46158825739776
2026-10-01T05:00:00+05:30,Vavuniya_Northern,25.3,90.92083237347015,0.0,2.47,104.75527652686696
2026-10-01T05:15:00+05:30,Vavuniya_Northern,25.3,91.47803782466826,0.0,2.55,101.04954005385963
2026-10-01T05:30:00+05:30,Vavuniya_Northern,25.3,92.03457184468425,0.0,2.62,97.34472919750716
2026-10-01T05:45:00+05:30,Vavuniya_Northern,25.3,92.59507100877187,0.0,2.58,93.64120027480512
2026-10-01T06:00:00+05:30,Vavuniya_Northern,25.3,93.16413442845146,0.0,2.55,89.93932762216271
2026-10-01T06:15:00+05:30,Vavuniya_Northern,25.4,93.74647638371954,16.0,2.51,86.2395160887284
2026-10-01T06:30:00+05:30,Vavuniya_Northern,25.6,94.34708133488078,52.0,2.59,82.54221329395386
2026-10-01T06:45:00+05:30,Vavuniya_Northern,25.9,94.97137161909563,96.0,2.85,78.84792555060218
2026-10-01T07:00:00+05:30,Vavuniya_Northern,26.4,95.62539989802491,147.0,3.23,75.15723708103012
2026-10-01T07:15:00+05:30,Vavuniya_Northern,26.8,96.31608099977745,197.0,3.61,71.47083250237638
2026-10-01T07:30:00+05:30,Vavuniya_Northern,27.3,97.05148136683647,242.0,3.8,67.78952755113681
2026-10-01T07:45:00+05:30,Vavuniya_Northern,27.7,97.84119193117624,284.0,3.76,64.11430936768342
2026-10-01T08:00:00+05:30,Vavuniya_Northern,28.1,98.69682107548226,327.0,3.61,60.44638896312403
2026-10-01T08:15:00+05:30,Vavuniya_Northern,28.6,99.63266008444197,379.0,3.4,56.787274901620464
2026-10-01T08:30:00+05:30,Vavuniya_Northern,29.0,100.66660043027878,442.0,3.17,53.13887594554281
2026-10-01T08:45:00+05:30,Vavuniya_Northern,29.5,101.82142402601471,511.0,3.02,49.50364554946979
2026-10-01T09:00:00+05:30,Vavuniya_Northern,30.1,103.12665365115697,579.0,2.9,45.88479399302514
2026-10-01T09:15:00+05:30,Vavuniya_Northern,30.6,104.62126239272197,637.0,2.8,42.28660395873623
2026-10-01T09:30:00+05:30,Vavuniya_Northern,31.1,106.35772615524093,685.0,2.62,38.71491065127509
2026-10-01T09:45:00+05:30,Vavuniya_Northern,31.5,108.40821337902901,726.0,2.45,35.17785723129061
2026-10-01T10:00:00+05:30,Vavuniya_Northern,32.0,110.87423169786126,764.0,2.3,31.687115531611937
2026-10-01T10:15:00+05:30,Vavuniya_Northern,32.4,113.90190448322079,801.0,2.09,28.259919649906053
2026-10-01T10:30:00+05:30,Vavuniya_Northern,32.8,117.70627337102923,835.0,1.91,24.922564195058186
2026-10-01T10:45:00+05:30,Vavuniya_Northern,33.2,122.60902997964723,867.0,1.75,21.716572393370228
2026-10-01T11:00:00+05:30,Vavuniya_Northern,33.5,129.09111321717387,893.0,1.66,18.709657323008827
2026-10-01T11:15:00+05:30,Vavuniya_Northern,33.8,137.83846706817576,914.0,1.57,16.01441017096532
2026-10-01T11:30:00+05:30,Vavuniya_Northern,34.1,149.66575680319153,928.0,1.47,13.81452548870024
2026-10-01T11:45:00+05:30,Vavuniya_Northern,34.5,164.99467275093173,937.0,1.38,12.377060478803045
2026-10-01T12:00:00+05:30,Vavuniya_Northern,34.9,182.71725940726824,943.0,1.25,11.979711052226861
2026-10-01T12:15:00+05:30,Vavuniya_Northern,35.2,199.9509827026848,955.0,1.17,12.720333423476092
2026-10-01T12:30:00+05:30,Vavuniya_Northern,35.5,214.22358108846234,985.0,1.04,14.424689433549162
2026-10-01T12:45:00+05:30,Vavuniya_Northern,35.8,225.02065071953024,1008.0,0.87,16.802001708280656
2026-10-01T13:00:00+05:30,Vavuniya_Northern,36.1,232.98446305680838,992.0,0.62,19.60899538654826
2026-10-01T13:15:00+05:30,Vavuniya_Northern,36.2,238.91614352836476,904.0,0.45,22.68670569372634
2026-10-01T13:30:00+05:30,Vavuniya_Northern,36.0,243.4368686329972,735.0,0.2,25.938913406660802
2026-10-01T13:45:00+05:30,Vavuniya_Northern,35.5,246.97237142925331,543.0,0.51,29.307546919799293
2026-10-01T14:00:00+05:30,Vavuniya_Northern,34.6,249.80650476149378,391.0,1.5,32.7566661762872
2026-10-01T14:15:00+05:30,Vavuniya_Northern,33.6,252.12976532913524,327.0,2.47,36.26326927558547
2026-10-01T14:30:00+05:30,Vavuniya_Northern,32.6,254.07243515085148,335.0,3.15,39.81212337386806
2026-10-01T14:45:00+05:30,Vavuniya_Northern,31.5,255.72566116654366,369.0,3.48,43.392814643999635
2026-10-01T15:00:00+05:30,Vavuniya_Northern,30.2,257.15469796125143,390.0,3.58,46.99801548601525
2026-10-01T15:15:00+05:30,Vavuniya_Northern,29.0,258.4073054650464,373.0,3.5,50.622434991938896
2026-10-01T15:30:00+05:30,Vavuniya_Northern,28.2,259.5191695845907,338.0,3.24,54.26216482561729
2026-10-01T15:45:00+05:30,Vavuniya_Northern,27.8,260.51747331020294,294.0,2.62,57.91425766624039
2026-10-01T16:00:00+05:30,Vavuniya_Northern,27.8,261.4233002114394,249.0,1.71,61.57644872761355
2026-10-01T16:15:00+05:30,Vavuniya_Northern,27.8,262.25328652612296,205.0,0.85,65.24696867238548
2026-10-01T16:30:00+05:30,Vavuniya_Northern,27.5,263.0207794102507,160.0,0.54,68.9244130013636
2026-10-01T16:45:00+05:30,Vavuniya_Northern,26.8,263.7366654258647,119.0,0.68,72.60764963749693
2026-10-01T17:00:00+05:30,Vavuniya_Northern,25.8,264.4099752016033,84.0,0.97,76.29575369531128
2026-10-01T17:15:00+05:30,Vavuniya_Northern,24.8,265.0483333811608,56.0,1.37,79.98795838932078
2026-10-01T17:30:00+05:30,Vavuniya_Northern,24.1,265.6583012035501,34.0,1.5,83.68361818310521
2026-10-01T17:45:00+05:30,Vavuniya_Northern,24.0,266.2456443742325,16.0,1.3,87.38218205294872
2026-10-01T18:00:00+05:30,Vavuniya_Northern,24.1,266.81554877036007,3.0,0.97,91.08317136591793
2026-10-01T18:15:00+05:30,Vavuniya_Northern,24.3,267.3728012815112,0.0,0.75,94.78616207053321
2026-10-01T18:30:00+05:30,Vavuniya_Northern,24.4,267.92194925250715,0.0,0.67,98.49077136821997
2026-10-01T18:45:00+05:30,Vavuniya_Northern,24.4,268.4674492216021,0.0,0.45,102.19664486558777
2026-10-01T19:00:00+05:30,Vavuniya_Northern,24.4,269.0138155524143,0.0,0.11,105.9034448473325
2026-10-01T19:15:00+05:30,Vavuniya_Northern,24.3,269.5657799893048,0.0,0.38,109.61084038966851
2026-10-01T19:30:00+05:30,Vavuniya_Northern,24.2,270.12847436885124,0.0,0.59,113.31849553577675
2026-10-01T19:45:00+05:30,Vavuniya_Northern,24.2,270.70765304631334,0.0,0.47,117.02605611164122
2026-10-01T20:00:00+05:30,Vavuniya_Northern,24.1,271.3099779679497,0.0,0.3,120.73313547870539
2026-10-01T20:15:00+05:30,Vavuniya_Northern,24.1,271.94339924171277,0.0,0.46,124.43929458021377
2026-10-01T20:30:00+05:30,Vavuniya_Northern,24.1,272.6176823780937,0.0,0.6,128.14401527757101
2026-10-01T20:45:00+05:30,Vavuniya_Northern,24.1,273.3451633994502,0.0,0.58,131.84666455135425
2026-10-01T21:00:00+05:30,Vavuniya_Northern,24.1,274.1418643428208,0.0,0.6,135.54644016581352
2026-10-01T21:15:00+05:30,Vavuniya_Northern,24.2,275.0291960756402,0.0,0.76,139.2422883365503
2026-10-01T21:30:00+05:30,Vavuniya_Northern,24.2,276.03665069198394,0.0,0.92,142.9327754045811
2026-10-01T21:45:00+05:30,Vavuniya_Northern,24.3,277.2062274585619,0.0,0.92,146.6158741878343
2026-10-01T22:00:00+05:30,Vavuniya_Northern,24.3,278.60004368946545,0.0,0.91,150.28859503317577
2026-10-01T22:15:00+05:30,Vavuniya_Northern,24.3,280.31413061616877,0.0,0.96,153.94631340142647
2026-10-01T22:30:00+05:30,Vavuniya_Northern,24.4,282.50505385650536,0.0,1.04,157.58145357131838
2026-10-01T22:45:00+05:30,Vavuniya_Northern,24.4,285.4452862463569,0.0,1.09,161.18069760138678
2026-10-01T23:00:00+05:30,Vavuniya_Northern,24.4,289.6491677689464,0.0,1.11,164.718431584114
2026-10-01T23:15:00+05:30,Vavuniya_Northern,24.4,296.18958924912056,0.0,1.1,168.13925536720035
2026-10-01T23:30:00+05:30,Vavuniya_Northern,24.4,307.5551316973183,0.0,1.2,171.30385377324677
2026-10-01T23:45:00+05:30,Vavuniya_Northern,24.3,329.4899377595282,0.0,1.35,173.8059676522164
2026-10-02T00:00:00+05:30,Vavuniya_Northern,24.3,6.459079717189525,0.0,1.58,174.6234067142548
2026-10-02T00:15:00+05:30,Vavuniya_Northern,24.2,39.30592461933253,0.0,1.81,173.12627952777265
2026-10-02T00:30:00+05:30,Vavuniya_Northern,24.2,56.98676405894872,0.0,1.94,170.3363854790482
2026-10-02T00:45:00+05:30,Vavuniya_Northern,24.1,66.38681279272356,0.0,1.96,167.0648843414499
2026-10-02T01:00:00+05:30,Vavuniya_Northern,24.1,72.0056110494312,0.0,1.91,163.5975864016423
2026-10-02T01:15:00+05:30,Vavuniya_Northern,24.0,75.72651948499345,0.0,1.87,160.036390552515
2026-10-02T01:30:00+05:30,Vavuniya_Northern,24.0,78.38778235140506,0.0,1.82,156.42395934620296
2026-10-02T01:45:00+05:30,Vavuniya_Northern,24.0,80.40508033562173,0.0,1.86,152.78084494077842
2026-10-02T02:00:00+05:30,Vavuniya_Northern,24.0,82.00486748180833,0.0,1.86,149.11807345444842
2026-10-02T02:15:00+05:30,Vavuniya_Northern,24.0,83.3202185471497,0.0,1.9,145.44207259865485
2026-10-02T02:30:00+05:30,Vavuniya_Northern,24.0,84.43425442838043,0.0,1.91,141.75684495404184
2026-10-02T02:45:00+05:30,Vavuniya_Northern,24.0,85.40155847147895,0.0,1.86,138.06502072269342
2026-10-02T03:00:00+05:30,Vavuniya_Northern,24.0,86.25951293332537,0.0,1.81,134.3684099563852
2026-10-02T03:15:00+05:30,Vavuniya_Northern,23.9,87.0346657383526,0.0,1.74,130.66831071051845
2026-10-02T03:30:00+05:30,Vavuniya_Northern,23.9,87.74648966361116,0.0,1.66,126.96568892088337
2026-10-02T03:45:00+05:30,Vavuniya_Northern,23.9,88.40969883753087,0.0,1.59,123.26129021277211
2026-10-02T04:00:00+05:30,Vavuniya_Northern,23.9,89.03573125135136,0.0,1.49,119.55571177293862
2026-10-02T04:15:00+05:30,Vavuniya_Northern,23.9,89.63373068882271,0.0,1.38,115.84944893057263
2026-10-02T04:30:00+05:30,Vavuniya_Northern,23.9,90.21121799149904,0.0,1.35,112.14292862342316
2026-10-02T04:45:00+05:30,Vavuniya_Northern,23.9,90.7745650308724,0.0,1.35,108.4365337215767
2026-10-02T05:00:00+05:30,Vavuniya_Northern,23.8,91.32934115832575,0.0,1.31,104.73062009630016
2026-10-02T05:15:00+05:30,Vavuniya_Northern,23.8,91.88057600551298,0.0,1.38,101.02553160641561
2026-10-02T05:30:00+05:30,Vavuniya_Northern,23.9,92.43296822800721,0.0,1.45,97.32161299685808
2026-10-02T05:45:00+05:30,Vavuniya_Northern,23.9,92.99106075294196,0.0,1.63,93.61922032354023
2026-10-02T06:00:00+05:30,Vavuniya_Northern,24.0,93.55939708284586,0.0,1.88,89.91873276196254
2026-10-02T06:15:00+05:30,Vavuniya_Northern,24.1,94.14267085640239,17.0,2.13,86.22056510838071
2026-10-02T06:30:00+05:30,Vavuniya_Northern,24.3,94.74587953466227,54.0,2.34,82.52518030506536
2026-10-02T06:45:00+05:30,Vavuniya_Northern,24.7,95.37449236997963,97.0,2.55,78.83310589294884
2026-10-02T07:00:00+05:30,Vavuniya_Northern,25.1,96.03464470472022,144.0,2.76,75.14495406581256
2026-10-02T07:15:00+05:30,Vavuniya_Northern,25.6,96.73337335559916,185.0,2.9,71.46144536462238
2026-10-02T07:30:00+05:30,Vavuniya_Northern,26.1,97.47891153008015,212.0,2.93,67.7834410757551
2026-10-02T07:45:00+05:30,Vavuniya_Northern,26.4,98.28106947171455,229.0,2.83,64.11198582193532
2026-10-02T08:00:00+05:30,Vavuniya_Northern,26.8,99.15173804242761,245.0,2.62,60.448363177915994
2026-10-02T08:15:00+05:30,Vavuniya_Northern,27.1,100.10556835334978,277.0,2.38,56.79417368149173
2026-10-02T08:30:00+05:30,Vavuniya_Northern,27.5,101.16090766996297,328.0,2.13,53.15144347346562
2026-10-02T08:45:00+05:30,Vavuniya_Northern,27.9,102.34111366469568,391.0,1.89,49.522777186155444
2026-10-02T09:00:00+05:30,Vavuniya_Northern,28.3,103.67643480739258,461.0,1.69,45.91158196502656
2026-10-02T09:15:00+05:30,Vavuniya_Northern,28.8,105.20675492941541,530.0,1.46,42.32240009333054
2026-10-02T09:30:00+05:30,Vavuniya_Northern,29.2,106.9856809465054,607.0,1.23,38.76141380208395
2026-10-02T09:45:00+05:30,Vavuniya_Northern,29.7,109.08675100428661,685.0,1.08,35.23723668830881
2026-10-02T10:00:00+05:30,Vavuniya_Northern,30.1,111.61303474260785,757.0,0.93,31.762186595110016
2026-10-02T10:15:00+05:30,Vavuniya_Northern,30.6,114.71216865166889,810.0,0.81,28.354392584757747
2026-10-02T10:30:00+05:30,Vavuniya_Northern,31.0,118.59987870224415,846.0,0.7,25.041386649476806
2026-10-02T10:45:00+05:30,Vavuniya_Northern,31.4,123.5955063934411,869.0,0.65,21.866353483917877
2026-10-02T11:00:00+05:30,Vavuniya_Northern,31.7,130.16884684616173,884.0,0.62,18.899014550233474
2026-10-02T11:15:00+05:30,Vavuniya_Northern,32.1,138.9726534180047,897.0,0.63,16.253575471182714
2026-10-02T11:30:00+05:30,Vavuniya_Northern,32.3,150.74537450429386,908.0,0.56,14.112285124822463
2026-10-02T11:45:00+05:30,Vavuniya_Northern,32.5,165.79732109813608,912.0,0.4,12.732135377707607
2026-10-02T12:00:00+05:30,Vavuniya_Northern,32.7,183.00670418044373,904.0,0.22,12.370581449383138
2026-10-02T12:15:00+05:30,Vavuniya_Northern,32.8,199.70722287405368,878.0,0.0,13.112162418642768
2026-10-02T12:30:00+05:30,Vavuniya_Northern,32.9,213.63994165545517,826.0,0.21,14.791877294801196
2026-10-02T12:45:00+05:30,Vavuniya_Northern,32.8,224.29445953366115,767.0,0.4,17.136021471102353
2026-10-02T13:00:00+05:30,Vavuniya_Northern,32.6,232.22971116101317,719.0,0.6,19.911270120873084
2026-10-02T13:15:00+05:30,Vavuniya_Northern,32.5,238.18339422509482,704.0,0.76,22.961809408036643
2026-10-02T13:30:00+05:30,Vavuniya_Northern,32.4,242.7442540578724,724.0,0.85,26.191594360019472
2026-10-02T13:45:00+05:30,Vavuniya_Northern,32.6,246.32370283341365,750.0,0.99,29.541857994885632
2026-10-02T14:00:00+05:30,Vavuniya_Northern,33.0,249.1998032965726,754.0,1.38,32.97586233651174
2026-10-02T14:15:00+05:30,Vavuniya_Northern,33.2,251.56100102268272,709.0,1.86,36.46992019856163
2026-10-02T14:30:00+05:30,Vavuniya_Northern,32.8,253.5371062269486,626.0,2.1,40.00825807510505
2026-10-02T14:45:00+05:30,Vavuniya_Northern,31.6,255.2194277707532,528.0,2.07,43.580047295539735
2026-10-02T15:00:00+05:30,Vavuniya_Northern,29.8,256.6736058635803,440.0,1.85,47.17764388003559
2026-10-02T15:15:00+05:30,Vavuniya_Northern,28.0,257.947834801064,374.0,1.6,50.795514856973746
2026-10-02T15:30:00+05:30,Vavuniya_Northern,26.6,259.07821224428415,323.0,1.24,54.429565352601074
2026-10-02T15:45:00+05:30,Vavuniya_Northern,26.1,260.0922845992261,279.0,0.78,58.07670306250547
2026-10-02T16:00:00+05:30,Vavuniya_Northern,25.9,261.01144453831375,237.0,0.79,61.7345495460379
2026-10-02T16:15:00+05:30,Vavuniya_Northern,25.9,261.85258520364033,196.0,1.4,65.40124567367911
2026-10-02T16:30:00+05:30,Vavuniya_Northern,25.8,262.6292633916379,158.0,1.88,69.07531555258024
2026-10-02T16:45:00+05:30,Vavuniya_Northern,25.6,263.3525334747884,124.0,1.99,72.75557009025071
2026-10-02T17:00:00+05:30,Vavuniya_Northern,25.3,264.03155700921354,93.0,2.02,76.44103878984177
2026-10-02T17:15:00+05:30,Vavuniya_Northern,25.0,264.67405675728065,65.0,2.17,80.1309184527593
2026-10-02T17:30:00+05:30,Vavuniya_Northern,24.8,265.2866623607278,40.0,2.4,83.8245346949008
2026-10-02T17:45:00+05:30,Vavuniya_Northern,24.6,265.8751803080225,19.0,2.51,87.52131400504894
2026-10-02T18:00:00+05:30,Vavuniya_Northern,24.3,266.4448107446831,3.0,2.55,91.22076076149105
2026-10-02T18:15:00+05:30,Vavuniya_Northern,24.1,267.0003284166892,0.0,2.49,94.92243883278016
2026-10-02T18:30:00+05:30,Vavuniya_Northern,24.0,267.54624115477566,0.0,2.49,98.62595789335525
2026-10-02T18:45:00+05:30,Vavuniya_Northern,23.8,268.0869364703635,0.0,2.52,102.33096043531582
2026-10-02T19:00:00+05:30,Vavuniya_Northern,23.6,268.62682665121775,0.0,2.59,106.03711011075758
2026-10-02T19:15:00+05:30,Vavuniya_Northern,23.5,269.17050305147706,0.0,2.75,109.7440821483191
2026-10-02T19:30:00+05:30,Vavuniya_Northern,23.5,269.7229113083474,0.0,2.8,113.45155210063751
2026-10-02T19:45:00+05:30,Vavuniya_Northern,23.5,270.28956329252367,0.0,2.54,117.15918356817393
2026-10-02T20:00:00+05:30,Vavuniya_Northern,23.7,270.8768075993151,0.0,2.14,120.86661532404008
2026-10-02T20:15:00+05:30,Vavuniya_Northern,23.8,271.492189755461,0.0,1.7,124.57344336180819
2026-10-02T20:30:00+05:30,Vavuniya_Northern,24.0,272.1449507523281,0.0,1.46,128.2791971586238
2026-10-02T20:45:00+05:30,Vavuniya_Northern,24.1,272.8467411338708,0.0,1.39,131.98330818571577
2026-10-02T21:00:00+05:30,Vavuniya_Northern,24.1,273.61267694854905,0.0,1.44,135.68506201780295
2026-10-02T21:15:00+05:30,Vavuniya_Northern,24.2,274.46295450534245,0.0,1.65,139.38352586574482
2026-10-02T21:30:00+05:30,Vavuniya_Northern,24.2,275.425409949199,0.0,1.75,143.07743574795805
2026-10-02T21:45:00+05:30,Vavuniya_Northern,24.3,276.53974102044776,0.0,1.75,146.7650080224544
2026-10-02T22:00:00+05:30,Vavuniya_Northern,24.3,277.86479917708056,0.0,1.7,150.44361292782003
2026-10-02T22:15:00+05:30,Vavuniya_Northern,24.4,279.4918868592671,0.0,1.6,154.10917710746418
2026-10-02T22:30:00+05:30,Vavuniya_Northern,24.4,281.570628827644,0.0,1.55,157.75500621159742
2026-10-02T22:45:00+05:30,Vavuniya_Northern,24.3,284.363434586164,0.0,1.55,161.36926521195227
2026-10-02T23:00:00+05:30,Vavuniya_Northern,24.3,288.3716948328636,0.0,1.55,164.9289782126806
2026-10-02T23:15:00+05:30,Vavuniya_Northern,24.2,294.66309541402165,0.0,1.55,168.38364144038118
2026-10-02T23:30:00+05:30,Vavuniya_Northern,24.2,305.8123920713743,0.0,1.55,171.6023339738622
2026-10-02T23:45:00+05:30,Vavuniya_Northern,24.1,328.2499855908315,0.0,1.56,174.1792202059262
2026-10-03T00:00:00+05:30,Vavuniya_Northern,24.1,7.8606229582669584,0.0,1.51,174.99768565020327
2026-10-03T00:15:00+05:30,Vavuniya_Northern,24.1,41.94641719083518,0.0,1.53,173.37084475866266
2026-10-03T00:30:00+05:30,Vavuniya_Northern,24.1,59.198043693925115,0.0,1.49,170.47909702623699
2026-10-03T00:45:00+05:30,Vavuniya_Northern,24.0,68.11623737195532,0.0,1.46,167.1498692185956
2026-10-03T01:00:00+05:30,Vavuniya_Northern,24.0,73.39530286768729,0.0,1.47,163.64836261415113
2026-10-03T01:15:00+05:30,Vavuniya_Northern,24.0,76.8814248281389,0.0,1.42,160.06530243387124
2026-10-03T01:30:00+05:30,Vavuniya_Northern,23.9,79.37523323346369,0.0,1.39,156.43802542384503
2026-10-03T01:45:00+05:30,Vavuniya_Northern,23.9,81.26884897299851,0.0,1.37,152.7843762943759
2026-10-03T02:00:00+05:30,Vavuniya_Northern,23.9,82.77448073251446,0.0,1.39,149.1138925498524
2026-10-03T02:15:00+05:30,Vavuniya_Northern,23.8,84.0163650929162,0.0,1.36,145.43212572417616
2026-10-03T02:30:00+05:30,Vavuniya_Northern,23.8,85.07193676299408,0.0,1.39,141.7425330449834
2026-10-03T02:45:00+05:30,Vavuniya_Northern,23.7,85.99198905212575,0.0,1.42,138.04738953890705
2026-10-03T03:00:00+05:30,Vavuniya_Northern,23.6,86.81129695280003,0.0,1.4,134.34826532107394
2026-10-03T03:15:00+05:30,Vavuniya_Northern,23.6,87.55456511111242,0.0,1.4,130.64629154922469
2026-10-03T03:30:00+05:30,Vavuniya_Northern,23.5,88.23993256485306,0.0,1.43,126.94231539555577
2026-10-03T03:45:00+05:30,Vavuniya_Northern,23.4,88.88112958902514,0.0,1.46,123.23699655949386
2026-10-03T04:00:00+05:30,Vavuniya_Northern,23.3,89.48885705564578,0.0,1.46,119.53086943020334
2026-10-03T04:15:00+05:30,Vavuniya_Northern,23.2,90.07169997586504,0.0,1.46,115.82438333252044
2026-10-03T04:30:00+05:30,Vavuniya_Northern,23.1,90.63675242430918,0.0,1.49,112.11793177185467
2026-10-03T04:45:00+05:30,Vavuniya_Northern,23.1,91.19005952490909,0.0,1.52,108.41187390795201
2026-10-03T05:00:00+05:30,Vavuniya_Northern,23.1,91.73694151572647,0.0,1.52,104.70654968661592
2026-10-03T05:15:00+05:30,Vavuniya_Northern,23.2,92.28224076661252,0.0,1.59,101.00229352842749
2026-10-03T05:30:00+05:30,Vavuniya_Northern,23.3,92.83051939781421,0.0,1.63,97.29944639335953
2026-10-03T05:45:00+05:30,Vavuniya_Northern,23.5,93.38622679868149,0.0,1.7,93.5983657209034
2026-10-03T06:00:00+05:30,Vavuniya_Northern,23.7,93.95385077940324,0.0,1.8,89.89943704474253
2026-10-03T06:15:00+05:30,Vavuniya_Northern,24.0,94.53806402612065,16.0,1.87,86.20308655573318
2026-10-03T06:30:00+05:30,Vavuniya_Northern,24.3,95.14387641350334,54.0,1.98,82.50979393608186
2026-10-03T06:45:00+05:30,Vavuniya_Northern,24.7,95.7768031733417,104.0,2.09,78.82010939161835
2026-10-03T07:00:00+05:30,Vavuniya_Northern,25.1,96.4430609401391,162.0,2.19,75.13467458092104
2026-10-03T07:15:00+05:30,Vavuniya_Northern,25.5,97.1498065233838,221.0,2.3,71.45424756154621
2026-10-03T07:30:00+05:30,Vavuniya_Northern,25.9,97.90543706187407,277.0,2.37,67.77973691668731
2026-10-03T07:45:00+05:30,Vavuniya_Northern,26.3,98.71997809712872,330.0,2.44,64.11224669931102
2026-10-03T08:00:00+05:30,Vavuniya_Northern,26.6,99.60559725543135,383.0,2.51,60.453135259490004
2026-10-03T08:15:00+05:30,Vavuniya_Northern,27.0,100.57729725529015,438.0,2.55,56.80409764987005
2026-10-03T08:30:00+05:30,Vavuniya_Northern,27.4,101.65386917170684,495.0,2.55,53.16728032947256
2026-10-03T08:45:00+05:30,Vavuniya_Northern,27.8,102.85922866860977,551.0,2.51,49.545442510310735
2026-10-03T09:00:00+05:30,Vavuniya_Northern,28.2,104.22432305071806,604.0,2.44,45.94219209607977
2026-10-03T09:15:00+05:30,Vavuniya_Northern,28.6,105.78990542907229,651.0,2.38,42.362335280696925
2026-10-03T09:30:00+05:30,Vavuniya_Northern,29.0,107.61064821818104,691.0,2.28,38.812405751659
2026-10-03T09:45:00+05:30,Vavuniya_Northern,29.4,109.76135329665965,724.0,2.19,35.301491219242855
2026-10-03T10:00:00+05:30,Vavuniya_Northern,29.9,112.34647703203768,753.0,2.07,31.84255630377779
2026-10-03T10:15:00+05:30,Vavuniya_Northern,30.3,115.51487427687732,778.0,1.95,28.454617770204166
2026-10-03T10:30:00+05:30,Vavuniya_Northern,30.6,119.48245925764024,798.0,1.83,25.166417891529193
2026-10-03T10:45:00+05:30,Vavuniya_Northern,30.9,124.56542214635073,814.0,1.75,22.022729569589643
2026-10-03T11:00:00+05:30,Vavuniya_Northern,31.2,131.2213233275076,824.0,1.62,19.09510975255391
2026-10-03T11:15:00+05:30,Vavuniya_Northern,31.3,140.06916614363018,831.0,1.49,16.499026586728135
2026-10-03T11:30:00+05:30,Vavuniya_Northern,31.4,151.77469653130652,835.0,1.35,14.414775429593476
2026-10-03T11:45:00+05:30,Vavuniya_Northern,31.4,166.5502141788013,833.0,1.19,13.089217804418979
2026-10-03T12:00:00+05:30,Vavuniya_Northern,31.3,183.27238673323149,827.0,1.03,12.761032544767403
2026-10-03T12:15:00+05:30,Vavuniya_Northern,31.1,199.47248472570948,816.0,0.93,13.503142718315743
2026-10-03T12:30:00+05:30,Vavuniya_Northern,30.9,213.08071356515342,799.0,0.93,15.159160680470833
2026-10-03T12:45:00+05:30,Vavuniya_Northern,30.6,223.59327184587966,778.0,1.05,17.471098685761163
2026-10-03T13:00:00+05:30,Vavuniya_Northern,30.3,231.49553770250898,753.0,1.31,20.215127982319615
2026-10-03T13:15:00+05:30,Vavuniya_Northern,29.9,237.46650532344916,725.0,1.59,23.23865913221782
2026-10-03T13:30:00+05:30,Vavuniya_Northern,29.5,242.06371516968346,694.0,1.87,26.445970909550233
2026-10-03T13:45:00+05:30,Vavuniya_Northern,29.2,245.68430081143558,661.0,2.1,29.77770581692326
2026-10-03T14:00:00+05:30,Vavuniya_Northern,28.8,248.60031945864225,623.0,2.3,33.196387551444516
2026-10-03T14:15:00+05:30,Vavuniya_Northern,28.5,250.99795241035707,579.0,2.44,36.677674955965614
2026-10-03T14:30:00+05:30,Vavuniya_Northern,28.2,253.00637676770447,528.0,2.51,40.205269571485786
2026-10-03T14:45:00+05:30,Vavuniya_Northern,27.9,254.71695002941328,475.0,2.4,43.767935324611095
2026-10-03T15:00:00+05:30,Vavuniya_Northern,27.5,256.19562005431703,426.0,2.26,47.35771499009474
2026-10-03T15:15:00+05:30,Vavuniya_Northern,27.2,257.4909617724312,384.0,2.02,50.96883444246942
2026-10-03T15:30:00+05:30,Vavuniya_Northern,26.9,258.63944719394044,347.0,1.73,54.597012056179295
2026-10-03T15:45:00+05:30,Vavuniya_Northern,26.6,259.668959723997,311.0,1.38,58.2390097847686
2026-10-03T16:00:00+05:30,Vavuniya_Northern,26.3,260.6011821747132,275.0,0.99,61.892334531254164
2026-10-03T16:15:00+05:30,Vavuniya_Northern,26.0,261.4532507413131,238.0,0.6,65.55503628487199
2026-10-03T16:30:00+05:30,Vavuniya_Northern,25.7,262.2389215570663,201.0,0.25,69.22556665992536
2026-10-03T16:45:00+05:30,Vavuniya_Northern,25.4,262.96940898880536,165.0,0.11,72.90267847071738
2026-10-03T17:00:00+05:30,Vavuniya_Northern,25.1,263.6539994626206,128.0,0.43,76.58535456735721
2026-10-03T17:15:00+05:30,Vavuniya_Northern,24.9,264.30050904698913,91.0,0.71,80.27275432581187
2026-10-03T17:30:00+05:30,Vavuniya_Northern,24.7,264.9156318491465,55.0,0.92,83.96417352130631
2026-10-03T17:45:00+05:30,Vavuniya_Northern,24.6,265.50521180373,25.0,1.06,87.65901516907881
2026-10-03T18:00:00+05:30,Vavuniya_Northern,24.5,266.0744603728774,4.0,1.2,91.35676565930558
2026-10-03T18:15:00+05:30,Vavuniya_Northern,24.4,266.6281374139088,0.0,1.24,95.05697574760252
2026-10-03T18:30:00+05:30,Vavuniya_Northern,24.3,267.1707085434918,0.0,1.31,98.75924648815993
2026-10-03T18:45:00+05:30,Vavuniya_Northern,24.3,267.7064894306616,0.0,1.34,102.46321607749081
2026-10-03T19:00:00+05:30,Vavuniya_Northern,24.3,268.23978717873763,0.0,1.38,106.16854823281427
2026-10-03T19:15:00+05:30,Vavuniya_Northern,24.3,268.77504913399025,0.0,1.38,109.87492286370592
2026-10-03T19:30:00+05:30,Vavuniya_Northern,24.3,269.3170303265895,0.0,1.38,113.58202533775292
2026-10-03T19:45:00+05:30,Vavuniya_Northern,24.3,269.87099455762996,0.0,1.38,117.28953504765737
2026-10-03T20:00:00+05:30,Vavuniya_Northern,24.3,270.44296974761994,0.0,1.34,120.99711380863715
2026-10-03T20:15:00+05:30,Vavuniya_Northern,24.2,271.04008694201633,0.0,1.34,124.70438978954205
2026-10-03T20:30:00+05:30,Vavuniya_Northern,24.2,271.671048840968,0.0,1.31,128.41093653334735
2026-10-03T20:45:00+05:30,Vavuniya_Northern,24.2,272.34680079925903,0.0,1.31,132.1162455499522
2026-10-03T21:00:00+05:30,Vavuniya_Northern,24.2,273.08152381660307,0.0,1.32,135.81968455311775
2026-10-03T21:15:00+05:30,Vavuniya_Northern,24.1,273.8941553919542,0.0,1.33,139.5204344011715
2026-10-03T21:30:00+05:30,Vavuniya_Northern,24.1,274.81080585527104,0.0,1.32,143.2173911353598
2026-10-03T21:45:00+05:30,Vavuniya_Northern,24.1,275.8687564336428,0.0,1.32,146.90900179823646
2026-10-03T22:00:00+05:30,Vavuniya_Northern,24.1,277.12339406767774,0.0,1.33,150.59297927395272
2026-10-03T22:15:00+05:30,Vavuniya_Northern,24.1,278.660928863309,0.0,1.33,154.26577840303133
2026-10-03T22:30:00+05:30,Vavuniya_Northern,24.1,280.6233321851341,0.0,1.36,157.92155699699373
2026-10-03T22:45:00+05:30,Vavuniya_Northern,24.1,283.26143520018843,0.0,1.4,161.54993265776665
2026-10-03T23:00:00+05:30,Vavuniya_Northern,24.0,287.0601497402046,0.0,1.45,165.13056847825794
2026-10-03T23:15:00+05:30,Vavuniya_Northern,24.0,293.07309782902786,0.0,1.5,168.61805053111067
2026-10-03T23:30:00+05:30,Vavuniya_Northern,24.0,303.9419816196616,0.0,1.51,171.89100468691305
2026-10-03T23:45:00+05:30,Vavuniya_Northern,24.0,326.8323157340538,0.0,1.51,174.5480293932065
2026-10-04T00:00:00+05:30,Vavuniya_Northern,24.0,9.467689269884204,0.0,1.52,175.36808038567239
2026-10-04T00:15:00+05:30,Vavuniya_Northern,24.0,44.76805354098053,0.0,1.48,173.60095687505208
2026-10-04T00:30:00+05:30,Vavuniya_Northern,24.0,61.46450558526544,0.0,1.49,170.60843175047734
2026-10-04T00:45:00+05:30,Vavuniya_Northern,24.0,69.86144896229473,0.0,1.5,167.22451915028466
2026-10-04T01:00:00+05:30,Vavuniya_Northern,24.0,74.78879301911365,0.0,1.47,163.69119638713903
2026-10-04T01:15:00+05:30,Vavuniya_Northern,24.0,78.0361238655621,0.0,1.47,160.08800148090774
2026-10-04T01:30:00+05:30,Vavuniya_Northern,24.0,80.36108894056127,0.0,1.44,156.4471513731591
2026-10-04T01:45:00+05:30,Vavuniya_Northern,24.0,82.13058314390764,0.0,1.41,152.78393557747202
2026-10-04T02:00:00+05:30,Vavuniya_Northern,24.0,83.5419868079303,0.0,1.41,149.10650028476272
2026-10-04T02:15:00+05:30,Vavuniya_Northern,23.9,84.71047456490533,0.0,1.39,145.41958279135807
2026-10-04T02:30:00+05:30,Vavuniya_Northern,23.9,85.70770340419386,0.0,1.39,141.72613540832205
2026-10-04T02:45:00+05:30,Vavuniya_Northern,23.9,86.5806378503064,0.0,1.41,138.0281052091022
2026-10-04T03:00:00+05:30,Vavuniya_Northern,23.9,87.36142924118877,0.0,1.36,134.32684126849608
2026-10-04T03:15:00+05:30,Vavuniya_Northern,23.8,88.07293240762397,0.0,1.39,130.62332133775436
2026-10-04T03:30:00+05:30,Vavuniya_Northern,23.8,88.73195053253647,0.0,1.39,126.91828370797073
2026-10-04T03:45:00+05:30,Vavuniya_Northern,23.7,89.35122988409654,0.0,1.39,123.21230956695335
2026-10-04T04:00:00+05:30,Vavuniya_Northern,23.7,89.94073487943433,0.0,1.37,119.5058761929987
2026-10-04T04:15:00+05:30,Vavuniya_Northern,23.6,90.50849269865853,0.0,1.37,115.79939136106731
2026-10-04T04:30:00+05:30,Vavuniya_Northern,23.6,91.06117161238888,0.0,1.4,112.09321870894797
2026-10-04T04:45:00+05:30,Vavuniya_Northern,23.6,91.60449086328828,0.0,1.43,108.38769659290986
2026-10-04T05:00:00+05:30,Vavuniya_Northern,23.7,92.14352229069834,0.0,1.43,104.6831514608848
2026-10-04T05:15:00+05:30,Vavuniya_Northern,23.7,92.68292154093581,0.0,1.46,100.97991036731999
2026-10-04T05:30:00+05:30,Vavuniya_Northern,23.8,93.22711454686521,0.0,1.53,97.27831229756204
2026-10-04T05:45:00+05:30,Vavuniya_Northern,24.0,93.7804573035491,0.0,1.6,93.57871769964952
2026-10-04T06:00:00+05:30,Vavuniya_Northern,24.2,94.34738184781958,0.0,1.7,89.88151996442704
2026-10-04T06:15:00+05:30,Vavuniya_Northern,24.4,94.93253957629815,14.0,1.77,86.18715810015212
2026-10-04T06:30:00+05:30,Vavuniya_Northern,24.6,95.54095213453292,47.0,1.91,82.49612992463014
2026-10-04T06:45:00+05:30,Vavuniya_Northern,24.9,96.17817971277537,91.0,2.06,78.80900970951959
2026-10-04T07:00:00+05:30,Vavuniya_Northern,25.2,96.85051872715206,143.0,2.2,75.1264700334262
2026-10-04T07:15:00+05:30,Vavuniya_Northern,25.5,97.56524381804206,196.0,2.3,71.44930801923154
2026-10-04T07:30:00+05:30,Vavuniya_Northern,25.8,98.33091300225755,247.0,2.45,67.77848123145337
2026-10-04T07:45:00+05:30,Vavuniya_Northern,26.1,99.15776281534471,296.0,2.55,64.1151550237855
2026-10-04T08:00:00+05:30,Vavuniya_Northern,26.4,100.05823155103235,348.0,2.66,60.46076462982886
2026-10-04T08:15:00+05:30,Vavuniya_Northern,26.7,101.04766481212505,407.0,2.69,56.81710202026296
2026-10-04T08:30:00+05:30,Vavuniya_Northern,27.1,102.14528483365933,477.0,2.76,53.18643672189659
2026-10-04T08:45:00+05:30,Vavuniya_Northern,27.5,103.37554662467278,551.0,2.76,49.57168565849279
2026-10-04T09:00:00+05:30,Vavuniya_Northern,27.9,104.77006831721678,622.0,2.76,45.97666099617383
2026-10-04T09:15:00+05:30,Vavuniya_Northern,28.3,106.37042935390161,679.0,2.76,42.406436588842126
2026-10-04T09:30:00+05:30,Vavuniya_Northern,28.8,108.23230033305128,723.0,2.76,38.86790116161956
2026-10-04T09:45:00+05:30,Vavuniya_Northern,29.3,110.431639007836,755.0,2.76,35.37061892220801
2026-10-04T10:00:00+05:30,Vavuniya_Northern,29.8,113.07411219260644,780.0,2.69,31.928200033329432
2026-10-04T10:15:00+05:30,Vavuniya_Northern,30.2,116.30950132976642,802.0,2.69,28.560538607418636
2026-10-04T10:30:00+05:30,Vavuniya_Northern,30.6,120.35342893945983,818.0,2.62,25.297555486586745
2026-10-04T10:45:00+05:30,Vavuniya_Northern,30.9,125.51818699633384,828.0,2.55,22.185532552380664
2026-10-04T11:00:00+05:30,Vavuniya_Northern,31.2,132.24816188137515,828.0,2.48,19.297685396196982
2026-10-04T11:15:00+05:30,Vavuniya_Northern,31.4,141.12837537479544,819.0,2.41,16.750405160813514
2026-10-04T11:30:00+05:30,Vavuniya_Northern,31.5,152.75567406179835,796.0,2.3,14.721586609202262
2026-10-04T11:45:00+05:30,Vavuniya_Northern,31.4,167.25662501460602,766.0,2.2,13.44799141982162
2026-10-04T12:00:00+05:30,Vavuniya_Northern,31.2,183.51606217616865,735.0,2.08,13.15091423274977
2026-10-04T12:15:00+05:30,Vavuniya_Northern,30.9,199.24572202003833,709.0,1.97,13.893142654672573
2026-10-04T12:30:00+05:30,Vavuniya_Northern,30.6,212.54402236383174,687.0,1.9,15.526327842930044
2026-10-04T12:45:00+05:30,Vavuniya_Northern,30.2,222.91569065800033,667.0,1.87,17.806974958072217
2026-10-04T13:00:00+05:30,Vavuniya_Northern,29.6,230.7811288722675,644.0,1.86,20.52030896020638
2026-10-04T13:15:00+05:30,Vavuniya_Northern,29.1,236.76504677199742,619.0,1.9,23.51701269977214
2026-10-04T13:30:00+05:30,Vavuniya_Northern,28.6,241.3950400037965,592.0,1.92,26.701822476700656
2026-10-04T13:45:00+05:30,Vavuniya_Northern,28.2,245.0540734521093,563.0,1.96,30.01488939204068
2026-10-04T14:00:00+05:30,Vavuniya_Northern,27.7,248.00802793811766,532.0,1.98,33.418057098258636
2026-10-04T14:15:00+05:30,Vavuniya_Northern,27.3,250.44063193768113,498.0,1.92,36.88636196740353
2026-10-04T14:30:00+05:30,Vavuniya_Northern,27.0,252.48028117951256,460.0,1.88,40.402996848552796
2026-10-04T14:45:00+05:30,Vavuniya_Northern,26.7,254.2182754725207,421.0,1.71,43.9563262617781
2026-10-04T15:00:00+05:30,Vavuniya_Northern,26.4,255.72079613214117,383.0,1.47,47.53808332211386
2026-10-04T15:15:00+05:30,Vavuniya_Northern,26.2,257.0367471077371,348.0,1.21,51.14225401305103
2026-10-04T15:30:00+05:30,Vavuniya_Northern,26.0,258.20293857093833,315.0,0.92,54.76437000996151
2026-10-04T15:45:00+05:30,Vavuniya_Northern,25.8,259.2475652307671,283.0,0.61,58.40104696516184
2026-10-04T16:00:00+05:30,Vavuniya_Northern,25.6,260.1925815165627,251.0,0.3,62.049676274058086
2026-10-04T16:15:00+05:30,Vavuniya_Northern,25.4,261.05535310332687,217.0,0.41,65.70821606800637
2026-10-04T16:30:00+05:30,Vavuniya_Northern,25.3,261.8498253397395,184.0,0.71,69.37504445445192
2026-10-04T16:45:00+05:30,Vavuniya_Northern,25.1,262.5873648970651,151.0,1.03,73.04885514596032
2026-10-04T17:00:00+05:30,Vavuniya_Northern,25.0,263.2773771050101,116.0,1.33,76.72858334476263
2026-10-04T17:15:00+05:30,Vavuniya_Northern,24.8,263.9277665983948,82.0,1.6,80.41335002736683
2026-10-04T17:30:00+05:30,Vavuniya_Northern,24.7,264.5452880760751,49.0,1.79,84.10242016465868
2026-10-04T17:45:00+05:30,Vavuniya_Northern,24.6,265.13581964204366,22.0,1.92,87.79517233213576
2026-10-04T18:00:00+05:30,Vavuniya_Northern,24.5,265.70458118571275,3.0,1.99,91.4910739466002
2026-10-04T18:15:00+05:30,Vavuniya_Northern,24.5,266.2563149993117,0.0,2.04,95.1896616229257
2026-10-04T18:30:00+05:30,Vavuniya_Northern,24.4,266.79544186592403,0.0,2.06,98.89052670635434
2026-10-04T18:45:00+05:30,Vavuniya_Northern,24.4,267.3262028926841,0.0,2.04,102.59330191188114
2026-10-04T19:00:00+05:30,Vavuniya_Northern,24.4,267.85279700765307,0.0,2.05,106.29764970502417
2026-10-04T19:15:00+05:30,Vavuniya_Northern,24.4,268.3795240798196,0.0,2.0,110.00325318556305
2026-10-04T19:30:00+05:30,Vavuniya_Northern,24.4,268.9109443135511,0.0,1.95,113.70980581309779
2026-10-04T19:45:00+05:30,Vavuniya_Northern,24.4,269.45206809846775,0.0,1.91,117.41700074256775
2026-10-04T20:00:00+05:30,Vavuniya_Northern,24.3,270.00859567599116,0.0,1.87,121.12452040002587
2026-10-04T20:15:00+05:30,Vavuniya_Northern,24.3,270.5872341343401,0.0,1.84,124.83202216175113
2026-10-04T20:30:00+05:30,Vavuniya_Northern,24.3,271.19613468378753,0.0,1.81,128.539119960189
2026-10-04T20:45:00+05:30,Vavuniya_Northern,24.2,271.8455185642182,0.0,1.82,132.24536070318175
2026-10-04T21:00:00+05:30,Vavuniya_Northern,24.2,272.54860375765895,0.0,1.76,135.95018828867916
2026-10-04T21:15:00+05:30,Vavuniya_Northern,24.2,273.3230262407579,0.0,1.78,139.65288945004784
2026-10-04T21:30:00+05:30,Vavuniya_Northern,24.1,274.1931028490542,0.0,1.75,143.35250992514918
2026-10-04T21:45:00+05:30,Vavuniya_Northern,24.1,275.1935864004571,0.0,1.72,147.04771349032487
2026-10-04T22:00:00+05:30,Vavuniya_Northern,24.0,276.3762048462727,0.0,1.74,150.73653655989173
2026-10-04T22:15:00+05:30,Vavuniya_Northern,24.0,277.8217172024198,0.0,1.7,154.4159358289017
2026-10-04T22:30:00+05:30,Vavuniya_Northern,23.9,279.6637301261546,0.0,1.68,158.08088564923227
2026-10-04T22:45:00+05:30,Vavuniya_Northern,23.9,282.139957145629,0.0,1.66,161.72241286640548
2026-10-04T23:00:00+05:30,Vavuniya_Northern,23.9,285.71513742954664,0.0,1.63,165.32279203985718
2026-10-04T23:15:00+05:30,Vavuniya_Northern,23.8,291.4190109315475,0.0,1.57,168.8418311983581
2026-10-04T23:30:00+05:30,Vavuniya_Northern,23.8,301.9353165557697,0.0,1.54,172.16879323448111
2026-10-04T23:45:00+05:30,Vavuniya_Northern,23.8,325.201160165267,0.0,1.52,174.91151502947628
2026-10-05T00:00:00+05:30,Vavuniya_Northern,23.8,11.328977819827344,0.0,1.46,175.73376080252953
2026-10-05T00:15:00+05:30,Vavuniya_Northern,23.8,47.7762141029383,0.0,1.45,173.81518140670622
2026-10-05T00:30:00+05:30,Vavuniya_Northern,23.8,63.781273394481445,0.0,1.4,170.72398457488373
2026-10-05T00:45:00+05:30,Vavuniya_Northern,23.8,71.61949375861872,0.0,1.35,167.28879000857995
2026-10-05T01:00:00+05:30,Vavuniya_Northern,23.7,76.18444885132806,0.0,1.32,163.72615212993762
2026-10-05T01:15:00+05:30,Vavuniya_Northern,23.7,79.18964148650616,0.0,1.27,160.1045859713577
2026-10-05T01:30:00+05:30,Vavuniya_Northern,23.7,81.34471304256806,0.0,1.25,156.45144534794906
2026-10-05T01:45:00+05:30,Vavuniya_Northern,23.7,82.98983376006186,0.0,1.23,152.77963245675144
2026-10-05T02:00:00+05:30,Vavuniya_Northern,23.8,84.3070475761478,0.0,1.23,149.09600482615002
2026-10-05T02:15:00+05:30,Vavuniya_Northern,23.8,85.40227851647336,0.0,1.25,145.4045494376725
2026-10-05T02:30:00+05:30,Vavuniya_Northern,23.7,86.34133185634141,0.0,1.28,141.7077548857831
2026-10-05T02:45:00+05:30,Vavuniya_Northern,23.6,87.16731389776328,0.0,1.36,138.00726781416355
2026-10-05T03:00:00+05:30,Vavuniya_Northern,23.4,87.90974115726169,0.0,1.43,134.30423525814456
2026-10-05T03:15:00+05:30,Vavuniya_Northern,23.2,88.58961518586727,0.0,1.5,130.59949507840977
2026-10-05T03:30:00+05:30,Vavuniya_Northern,23.1,89.22240307869686,0.0,1.58,126.89368656058166
2026-10-05T03:45:00+05:30,Vavuniya_Northern,23.0,89.81986813839035,0.0,1.58,123.18731977448086
2026-10-05T04:00:00+05:30,Vavuniya_Northern,23.1,90.39123977164127,0.0,1.6,119.48082055108313
2026-10-05T04:15:00+05:30,Vavuniya_Northern,23.1,90.9439887902704,0.0,1.57,115.77455954641486
2026-10-05T04:30:00+05:30,Vavuniya_Northern,23.2,91.48435897820036,0.0,1.59,112.06887406762878
2026-10-05T04:45:00+05:30,Vavuniya_Northern,23.3,92.01774480410268,0.0,1.61,108.36408455631187
2026-10-05T05:00:00+05:30,Vavuniya_Northern,23.3,92.54897058700192,0.0,1.61,104.66050636786315
2026-10-05T05:15:00+05:30,Vavuniya_Northern,23.5,93.0825058954066,0.0,1.59,100.95846124111387
2026-10-05T05:30:00+05:30,Vavuniya_Northern,23.6,93.62264088719331,0.0,1.61,97.25828797689286
2026-10-05T05:45:00+05:30,Vavuniya_Northern,23.8,94.17363833671527,0.0,1.64,93.56035163477185
2026-10-05T06:00:00+05:30,Vavuniya_Northern,24.1,94.73987442659165,0.0,1.62,89.86505493982656
2026-10-05T06:15:00+05:30,Vavuniya_Northern,24.3,95.32597889919725,19.0,1.62,86.17285111646639
2026-10-05T06:30:00+05:30,Vavuniya_Northern,24.6,95.93698447347845,61.0,1.61,82.48425747974967
2026-10-05T06:45:00+05:30,Vavuniya_Northern,25.0,96.57849519046187,116.0,1.64,78.7998737385036
2026-10-05T07:00:00+05:30,Vavuniya_Northern,25.3,97.25688561658598,181.0,1.6,75.12040480462244
2026-10-05T07:15:00+05:30,Vavuniya_Northern,25.7,97.97954589821671,245.0,1.63,71.44668836307255
2026-10-05T07:30:00+05:30,Vavuniya_Northern,26.1,98.75519166106062,306.0,1.59,67.77973258036036
2026-10-05T07:45:00+05:30,Vavuniya_Northern,26.5,99.59426584801889,363.0,1.63,64.12076589794515
2026-10-05T08:00:00+05:30,Vavuniya_Northern,27.0,100.50947095292844,417.0,1.59,60.47130243415748
2026-10-05T08:15:00+05:30,Vavuniya_Northern,27.4,101.5164862570067,471.0,1.63,56.83323333124043
2026-10-05T08:30:00+05:30,Vavuniya_Northern,27.9,102.6349518738698,521.0,1.59,53.208953732811864
2026-10-05T08:45:00+05:30,Vavuniya_Northern,28.3,103.88984268789216,567.0,1.56,49.60154112778922
2026-10-05T09:00:00+05:30,Vavuniya_Northern,28.7,105.31341859177422,609.0,1.56,46.01501505190504
2026-10-05T09:15:00+05:30,Vavuniya_Northern,29.1,106.94804109406783,648.0,1.56,42.45472018574447
2026-10-05T09:30:00+05:30,Vavuniya_Northern,29.5,108.85031014715702,683.0,1.53,38.92790301292303
2026-10-05T09:45:00+05:30,Vavuniya_Northern,29.9,111.09723015334987,713.0,1.53,35.444605324253004
2026-10-05T10:00:00+05:30,Vavuniya_Northern,30.2,113.7955020295268,739.0,1.5,32.019079616061816
2026-10-05T10:15:00+05:30,Vavuniya_Northern,30.5,117.09554670765829,761.0,1.5,28.672084006657656
2026-10-05T10:30:00+05:30,Vavuniya_Northern,30.8,121.21223395736564,781.0,1.5,25.4346819185445
2026-10-05T10:45:00+05:30,Vavuniya_Northern,31.0,126.45326842792508,797.0,1.5,22.35457988491241
2026-10-05T11:00:00+05:30,Vavuniya_Northern,31.2,133.249072978514,802.0,1.47,19.50647324458113
2026-10-05T11:15:00+05:30,Vavuniya_Northern,31.3,142.150751705542,791.0,1.43,17.007351732127447
2026-10-05T11:30:00+05:30,Vavuniya_Northern,31.4,153.6902436926764,761.0,1.43,15.03232171235959
2026-10-05T11:45:00+05:30,Vavuniya_Northern,31.4,167.91957505614073,722.0,1.39,13.808155361072082
2026-10-05T12:00:00+05:30,Vavuniya_Northern,31.3,183.73931083808742,685.0,1.35,13.540078092188324
2026-10-05T12:15:00+05:30,Vavuniya_Northern,31.3,199.02602296779148,660.0,1.35,14.282031456576618
2026-10-05T12:30:00+05:30,Vavuniya_Northern,31.1,212.02816941778545,646.0,1.31,15.893175967991965
2026-10-05T12:45:00+05:30,Vavuniya_Northern,31.0,222.26040993286404,636.0,1.27,18.14340276238336
2026-10-05T13:00:00+05:30,Vavuniya_Northern,30.7,230.08570399971984,624.0,1.24,20.826561960709483
2026-10-05T13:15:00+05:30,Vavuniya_Northern,30.5,236.07859757972483,606.0,1.21,23.79663461460727
2026-10-05T13:30:00+05:30,Vavuniya_Northern,30.2,240.7380176210683,586.0,1.19,26.95893360299651
2026-10-05T13:45:00+05:30,Vavuniya_Northern,29.9,244.4329278625945,563.0,1.14,30.253211944152547
2026-10-05T14:00:00+05:30,Vavuniya_Northern,29.6,247.42290243936816,538.0,1.16,33.64069000061503
2026-10-05T14:15:00+05:30,Vavuniya_Northern,29.3,249.88905161846338,512.0,1.12,37.0958131905817
2026-10-05T14:30:00+05:30,Vavuniya_Northern,28.9,251.9588540662739,484.0,1.14,40.601282377670216
2026-10-05T14:45:00+05:30,Vavuniya_Northern,28.6,253.72345238499304,455.0,1.17,44.14507115601777
2026-10-05T15:00:00+05:30,Vavuniya_Northern,28.2,255.24919091239818,423.0,1.2,47.7186069865285
2026-10-05T15:15:00+05:30,Vavuniya_Northern,27.9,256.5852531266785,391.0,1.2,51.31563755431576
2026-10-05T15:30:00+05:30,Vavuniya_Northern,27.5,257.7687524084292,357.0,1.25,54.931508142104626
2026-10-05T15:45:00+05:30,Vavuniya_Northern,27.2,258.82816981365687,322.0,1.32,58.562687733107616
2026-10-05T16:00:00+05:30,Vavuniya_Northern,26.9,259.78571332153126,286.0,1.32,62.206451508758974
2026-10-05T16:15:00+05:30,Vavuniya_Northern,26.6,260.65896480397936,248.0,1.39,65.86066487958709
2026-10-05T16:30:00+05:30,Vavuniya_Northern,26.3,261.46204889521675,211.0,1.41,69.5236315170061
2026-10-05T16:45:00+05:30,Vavuniya_Northern,26.0,262.20647701323327,173.0,1.42,73.19398508515374
2026-10-05T17:00:00+05:30,Vavuniya_Northern,25.8,262.9017675235688,133.0,1.49,76.87061219587648
2026-10-05T17:15:00+05:30,Vavuniya_Northern,25.6,263.55590896560824,93.0,1.5,80.5525944899362
2026-10-05T17:30:00+05:30,Vavuniya_Northern,25.4,264.1757128240735,54.0,1.5,84.23916519954211
2026-10-05T17:45:00+05:30,Vavuniya_Northern,25.2,264.7670881602844,23.0,1.5,87.92967751449821
2026-10-05T18:00:00+05:30,Vavuniya_Northern,25.1,265.335260468728,3.0,1.5,91.62357890661052
2026-10-05T18:15:00+05:30,Vavuniya_Northern,25.0,265.8849518750735,0.0,1.5,95.32039083483049
2026-10-05T18:30:00+05:30,Vavuniya_Northern,24.9,266.4205357949426,0.0,1.5,99.01969384538961
2026-10-05T18:45:00+05:30,Vavuniya_Northern,24.8,266.946176157793,0.0,1.5,102.7211139835531
2026-10-05T19:00:00+05:30,Vavuniya_Northern,24.7,267.4659608532596,0.0,1.44,106.42431113731418
2026-10-05T19:15:00+05:30,Vavuniya_Northern,24.6,267.98403896362635,0.0,1.39,110.12897008754616
2026-10-05T19:30:00+05:30,Vavuniya_Northern,24.6,268.5047718531634,0.0,1.38,113.83479063522907
2026-10-05T19:45:00+05:30,Vavuniya_Northern,24.5,269.0329114231065,0.0,1.36,117.54147762648086
2026-10-05T20:00:00+05:30,Vavuniya_Northern,24.5,269.57382358015275,0.0,1.36,121.24873160649747
2026-10-05T20:15:00+05:30,Vavuniya_Northern,24.5,270.13378244651693,0.0,1.3,124.95623611060182
2026-10-05T20:30:00+05:30,Vavuniya_Northern,24.4,270.7203751776384,0.0,1.29,128.66364165800343
2026-10-05T20:45:00+05:30,Vavuniya_Northern,24.4,271.3430808506437,0.0,1.27,132.37054573583106
2026-10-05T21:00:00+05:30,Vavuniya_Northern,24.4,272.0141276980397,0.0,1.22,136.07646220527494
2026-10-05T21:15:00+05:30,Vavuniya_Northern,24.3,272.74980923695307,0.0,1.21,139.7807754926099
2026-10-05T21:30:00+05:30,Vavuniya_Northern,24.3,273.57258371901645,0.0,1.15,143.48267005896628
2026-10-05T21:45:00+05:30,Vavuniya_Northern,24.3,274.51456747446593,0.0,1.1,147.18101139820584
2026-10-05T22:00:00+05:30,Vavuniya_Northern,24.3,275.6236405776281,0.0,1.05,150.8741385071047
2026-10-05T22:15:00+05:30,Vavuniya_Northern,24.3,276.974759862625,0.0,1.05,154.559480260646
2026-10-05T22:30:00+05:30,Vavuniya_Northern,24.3,278.6924636337963,0.0,1.0,158.23278545491925
2026-10-05T22:45:00+05:30,Vavuniya_Northern,24.3,280.99979985973187,0.0,0.95,161.8864332300547
2026-10-05T23:00:00+05:30,Vavuniya_Northern,24.2,284.3375170340747,0.0,0.96,165.50525129349637
2026-10-05T23:15:00+05:30,Vavuniya_Northern,24.2,289.70077221070954,0.0,0.96,169.05432900113107
2026-10-05T23:30:00+05:30,Vavuniya_Northern,24.2,299.7842191365131,0.0,0.91,172.43454047666012
2026-10-05T23:45:00+05:30,Vavuniya_Northern,24.1,323.3117695732459,0.0,0.86,175.26858151949654
2026-10-06T00:00:00+05:30,Vavuniya_Northern,24.1,13.509117684533805,0.0,0.86,176.0936429301738
2026-10-06T00:15:00+05:30,Vavuniya_Northern,24.0,50.97324267108701,0.0,0.81,174.0120214358119
2026-10-06T00:30:00+05:30,Vavuniya_Northern,24.0,66.14268163393592,0.0,0.76,170.82540394902168
2026-10-06T00:45:00+05:30,Vavuniya_Northern,23.9,73.38731026396658,0.0,0.71,167.34266989233424
2026-10-06T01:00:00+05:30,Vavuniya_Northern,23.8,77.58063797652358,0.0,0.71,163.7533108794238
2026-10-06T01:15:00+05:30,Vavuniya_Northern,23.7,80.3410168411811,0.0,0.7,160.1151627437864
2026-10-06T01:30:00+05:30,Vavuniya_Northern,23.7,82.32548199404619,0.0,0.65,156.45101971216621
2026-10-06T01:45:00+05:30,Vavuniya_Northern,23.6,83.84616140058694,0.0,0.6,152.77157826078425
2026-10-06T02:00:00+05:30,Vavuniya_Northern,23.5,85.06933182984744,0.0,0.55,149.08251438171115
2026-10-06T02:15:00+05:30,Vavuniya_Northern,23.5,86.09151338002158,0.0,0.5,145.38713023183135
2026-10-06T02:30:00+05:30,Vavuniya_Northern,23.4,86.97260301523454,0.0,0.45,141.6874924493316
2026-10-06T02:45:00+05:30,Vavuniya_Northern,23.4,87.75182853304017,0.0,0.4,137.9849749520285
2026-10-06T03:00:00+05:30,Vavuniya_Northern,23.3,88.45606556447058,0.0,0.36,134.28054177695844
2026-10-06T03:15:00+05:30,Vavuniya_Northern,23.3,89.10446190467025,0.0,0.36,130.57490439544534
2026-10-06T03:30:00+05:30,Vavuniya_Northern,23.3,89.71115015307225,0.0,0.34,126.86861293117471
2026-10-06T03:45:00+05:30,Vavuniya_Northern,23.3,90.28691284287277,0.0,0.32,123.16211369463376
2026-10-06T04:00:00+05:30,Vavuniya_Northern,23.3,90.8402465680615,0.0,0.32,119.45578669418711
2026-10-06T04:15:00+05:30,Vavuniya_Northern,23.3,91.37806773684383,0.0,0.35,115.74996986507517
2026-10-06T04:30:00+05:30,Vavuniya_Northern,23.3,91.90619730325488,0.0,0.36,112.04497769446968
2026-10-06T04:45:00+05:30,Vavuniya_Northern,23.4,92.42970630117497,0.0,0.38,108.3411155687443
2026-10-06T05:00:00+05:30,Vavuniya_Northern,23.5,92.95317256400426,0.0,0.38,104.63869013155673
2026-10-06T05:15:00+05:30,Vavuniya_Northern,23.6,93.48088033015631,0.0,0.41,100.93801983234626
2026-10-06T05:30:00+05:30,Vavuniya_Northern,23.7,94.01698445533845,0.0,0.45,97.23944505501093
2026-10-06T05:45:00+05:30,Vavuniya_Northern,23.9,94.56565469381928,0.0,0.5,93.54333705065322
2026-10-06T06:00:00+05:30,Vavuniya_Northern,24.1,95.13121129188045,0.0,0.55,89.85010932757805
2026-10-06T06:15:00+05:30,Vavuniya_Northern,24.4,95.71826194430815,19.0,0.6,86.16023069733123
2026-10-06T06:30:00+05:30,Vavuniya_Northern,24.6,96.3318496896216,60.0,0.65,82.47423930565769
2026-10-06T06:45:00+05:30,Vavuniya_Northern,24.9,96.97762122697418,112.0,0.71,78.7927616308111
2026-10-06T07:00:00+05:30,Vavuniya_Northern,25.3,97.66202752256936,173.0,0.81,75.11653628746144
2026-10-06T07:15:00+05:30,Vavuniya_Northern,25.6,98.39257174424807,235.0,0.86,71.44644296469227
2026-10-06T07:30:00+05:30,Vavuniya_Northern,26.0,99.17812364734306,294.0,0.96,67.78354198418384
2026-10-06T07:45:00+05:30,Vavuniya_Northern,26.4,100.02932772165133,350.0,1.06,64.12912657530607
2026-10-06T08:00:00+05:30,Vavuniya_Northern,26.8,100.95914383969597,404.0,1.12,60.484791623344464
2026-10-06T08:15:00+05:30,Vavuniya_Northern,27.3,101.98357529423225,458.0,1.22,56.85252954622375
2026-10-06T08:30:00+05:30,Vavuniya_Northern,27.7,103.12266620198858,508.0,1.27,53.234863443628896
2026-10-06T08:45:00+05:30,Vavuniya_Northern,28.1,104.40189109175162,555.0,1.36,49.63503393286293
2026-10-06T09:00:00+05:30,Vavuniya_Northern,28.5,105.85412159445048,599.0,1.42,46.057270615831214
2026-10-06T09:15:00+05:30,Vavuniya_Northern,28.9,107.5224558745794,640.0,1.53,42.50719157497032
2026-10-06T09:30:00+05:30,Vavuniya_Northern,29.2,109.46435319398483,677.0,1.58,38.99240290547338
2026-10-06T09:45:00+05:30,Vavuniya_Northern,29.6,111.75775453765834,711.0,1.68,35.52342377446169
2026-10-06T10:00:00+05:30,Vavuniya_Northern,29.9,114.51021945130066,741.0,1.74,32.115143864484615
2026-10-06T10:15:00+05:30,Vavuniya_Northern,30.2,117.87252752575921,767.0,1.83,28.78916911468845
2026-10-06T10:30:00+05:30,Vavuniya_Northern,30.5,122.05835614386882,791.0,1.88,25.577665627699545
2026-10-06T10:45:00+05:30,Vavuniya_Northern,30.7,127.37019374726196,810.0,1.93,22.529676037312527
2026-10-06T11:00:00+05:30,Vavuniya_Northern,30.9,134.2238559542826,822.0,1.99,19.721196270060474
2026-10-06T11:15:00+05:30,Vavuniya_Northern,31.1,143.13685492275664,825.0,1.99,17.269507590053152
2026-10-06T11:30:00+05:30,Vavuniya_Northern,31.2,154.58031604488735,816.0,2.05,15.346597071387052
2026-10-06T11:45:00+05:30,Vavuniya_Northern,31.2,168.541855562828,800.0,2.1,14.169423331269186
2026-10-06T12:00:00+05:30,Vavuniya_Northern,31.2,183.94356132280018,783.0,2.11,13.928377821450141
2026-10-06T12:15:00+05:30,Vavuniya_Northern,31.2,198.81259139042496,770.0,2.16,14.669679745008153
2026-10-06T12:30:00+05:30,Vavuniya_Northern,31.2,211.5316132600698,761.0,2.17,16.2595107800729
2026-10-06T12:45:00+05:30,Vavuniya_Northern,31.1,221.62620853911875,751.0,2.18,18.480145111756244
2026-10-06T13:00:00+05:30,Vavuniya_Northern,31.0,229.40851456585875,738.0,2.18,21.133644802502275
2026-10-06T13:15:00+05:30,Vavuniya_Northern,30.9,235.40674573319086,721.0,2.2,24.07729623753194
2026-10-06T13:30:00+05:30,Vavuniya_Northern,30.8,240.09243787168188,700.0,2.21,27.217094201306068
2026-10-06T13:45:00+05:30,Vavuniya_Northern,30.6,243.82076967955197,676.0,2.23,30.492481172129025
2026-10-06T14:00:00+05:30,Vavuniya_Northern,30.4,246.84491501822362,650.0,2.25,33.86410927044332
2026-10-06T14:15:00+05:30,Vavuniya_Northern,30.2,249.34322227335826,621.0,2.25,37.3058643388105
2026-10-06T14:30:00+05:30,Vavuniya_Northern,30.0,251.4421294172318,589.0,2.27,40.79997230472131
2026-10-06T14:45:00+05:30,Vavuniya_Northern,29.8,253.23252897671102,555.0,2.28,44.33402474325725
2026-10-06T15:00:00+05:30,Vavuniya_Northern,29.5,254.78086159433113,519.0,2.28,47.89914784719973
2026-10-06T15:15:00+05:30,Vavuniya_Northern,29.3,256.13654291254676,480.0,2.26,51.48885290463329
2026-10-06T15:30:00+05:30,Vavuniya_Northern,29.1,257.3369558159135,440.0,2.26,55.098299350039554
2026-10-06T15:45:00+05:30,Vavuniya_Northern,28.8,258.4108435050708,398.0,2.26,58.723809317259715
2026-10-06T16:00:00+05:30,Vavuniya_Northern,28.6,259.380649909807,353.0,2.21,62.36254120858809
2026-10-06T16:15:00+05:30,Vavuniya_Northern,28.4,260.264160116077,307.0,2.21,66.01226695637578
2026-10-06T16:30:00+05:30,Vavuniya_Northern,28.2,261.07566831447355,261.0,2.17,69.67121495112238
2026-10-06T16:45:00+05:30,Vavuniya_Northern,28.0,261.8268232524041,214.0,2.17,73.33795792767557
2026-10-06T17:00:00+05:30,Vavuniya_Northern,27.8,262.527250567143,165.0,2.12,77.01133301340448
2026-10-06T17:15:00+05:30,Vavuniya_Northern,27.6,263.1850181244082,115.0,2.1,80.69038161651673
2026-10-06T17:30:00+05:30,Vavuniya_Northern,27.5,263.80699046136806,67.0,2.06,84.3743043232237
2026-10-06T17:45:00+05:30,Vavuniya_Northern,27.3,264.3991044547472,28.0,1.99,88.06242801685352
2026-10-06T18:00:00+05:30,Vavuniya_Northern,27.2,264.96658845380676,3.0,1.97,91.7541792680441
2026-09-29T18:15:00+05:30,Hambantota_Southern,29.3,267.97799155740717,0.0,5.55,95.03730067675966
2026-09-29T18:30:00+05:30,Hambantota_Southern,29.1,268.35975623612194,0.0,5.5,98.76525008302332
2026-09-29T18:45:00+05:30,Hambantota_Southern,28.9,268.738176596518,0.0,5.5,102.4938897439703
2026-09-29T19:00:00+05:30,Hambantota_Southern,28.7,269.1163871398365,0.0,5.51,106.22305497302463
2026-09-29T19:15:00+05:30,Hambantota_Southern,28.6,269.4976585469087,0.0,5.56,109.95258644140971
2026-09-29T19:30:00+05:30,Hambantota_Southern,28.4,269.8855254714965,0.0,5.56,113.6823242730417
2026-09-29T19:45:00+05:30,Hambantota_Southern,28.3,270.2839418530035,0.0,5.51,117.4121015775789
2026-09-29T20:00:00+05:30,Hambantota_Southern,28.2,270.6974801586988,0.0,5.5,121.14173836348155
2026-09-29T20:15:00+05:30,Hambantota_Southern,28.1,271.1315982114999,0.0,5.46,124.8710320445107
2026-09-29T20:30:00+05:30,Hambantota_Southern,28.0,271.59301071034474,0.0,5.37,128.59974487466766
2026-09-29T20:45:00+05:30,Hambantota_Southern,27.8,272.0902248956821,0.0,5.27,132.32758795057
2026-09-29T21:00:00+05:30,Hambantota_Southern,27.7,272.63433860852604,0.0,5.12,136.05419572477285
2026-09-29T21:15:00+05:30,Hambantota_Southern,27.6,273.2402713559256,0.0,5.0,139.77908724470348
2026-09-29T21:30:00+05:30,Hambantota_Southern,27.5,273.92873622515714,0.0,4.9,143.50160607709927
2026-09-29T21:45:00+05:30,Hambantota_Southern,27.4,274.7295348155563,0.0,4.84,147.22081781080524
2026-09-29T22:00:00+05:30,Hambantota_Southern,27.3,275.68734322713203,0.0,4.84,150.93533020843205
2026-09-29T22:15:00+05:30,Hambantota_Southern,27.3,276.8724945630255,0.0,4.84,154.64295893962287
2026-09-29T22:30:00+05:30,Hambantota_Southern,27.2,278.4025906260144,0.0,4.85,158.3400515676637
2026-09-29T22:45:00+05:30,Hambantota_Southern,27.2,280.4899847648587,0.0,4.9,162.01999038522348
2026-09-29T23:00:00+05:30,Hambantota_Southern,27.2,283.5592846571292,0.0,5.01,165.6694371806846
2026-09-29T23:15:00+05:30,Hambantota_Southern,27.2,288.5880007109106,0.0,5.12,169.25715082700015
2026-09-29T23:30:00+05:30,Hambantota_Southern,27.2,298.3234055576063,0.0,5.12,172.69151609747175
2026-09-29T23:45:00+05:30,Hambantota_Southern,27.2,322.42681038192086,0.0,5.02,175.59755195945314
2026-09-30T00:00:00+05:30,Hambantota_Southern,27.1,16.964394854767306,0.0,4.88,176.35142699899825
2026-09-30T00:15:00+05:30,Hambantota_Southern,27.1,54.21997127922532,0.0,4.79,174.06659466634935
2026-09-30T00:30:00+05:30,Hambantota_Southern,27.1,68.18632200133459,0.0,4.7,170.77718843571807
2026-09-30T00:45:00+05:30,Hambantota_Southern,27.1,74.71867008968167,0.0,4.76,167.2377386022482
2026-09-30T01:00:00+05:30,Hambantota_Southern,27.0,78.46202677260595,0.0,4.87,163.6095111343625
2026-09-30T01:15:00+05:30,Hambantota_Southern,27.0,80.90418525454675,0.0,4.97,159.94069841930374
2026-09-30T01:30:00+05:30,Hambantota_Southern,27.0,82.64271669561174,0.0,5.03,156.25018326071398
2026-09-30T01:45:00+05:30,Hambantota_Southern,26.9,83.96039745675279,0.0,5.04,152.54680303511455
2026-09-30T02:00:00+05:30,Hambantota_Southern,26.9,85.00761492561162,0.0,5.0,148.8352340903616
2026-09-30T02:15:00+05:30,Hambantota_Southern,26.9,85.87157527808614,0.0,4.95,145.1181850005575
2026-09-30T02:30:00+05:30,Hambantota_Southern,26.8,86.6063365136032,0.0,4.9,141.39733879008946
2026-09-30T02:45:00+05:30,Hambantota_Southern,26.8,87.24724646720767,0.0,4.89,137.67380176922558
2026-09-30T03:00:00+05:30,Hambantota_Southern,26.8,87.81846371904999,0.0,4.9,133.9483374493053
2026-09-30T03:15:00+05:30,Hambantota_Southern,26.8,88.33713744318658,0.0,4.94,130.22149650950155
2026-09-30T03:30:00+05:30,Hambantota_Southern,26.8,88.8158582351627,0.0,4.97,126.4936917010172
2026-09-30T03:45:00+05:30,Hambantota_Southern,26.8,89.26416148764906,0.0,5.03,122.76524502745168
2026-09-30T04:00:00+05:30,Hambantota_Southern,26.8,89.68948688008953,0.0,5.1,119.03641822499364
2026-09-30T04:15:00+05:30,Hambantota_Southern,26.8,90.0978131753825,0.0,5.12,115.30743182578559
2026-09-30T04:30:00+05:30,Hambantota_Southern,26.8,90.49409241977486,0.0,5.23,111.57847967693809
2026-09-30T04:45:00+05:30,Hambantota_Southern,26.7,90.88255734651335,0.0,5.33,107.84973970385579
2026-09-30T05:00:00+05:30,Hambantota_Southern,26.7,91.26694731886971,0.0,5.47,104.12138084640499
2026-09-30T05:15:00+05:30,Hambantota_Southern,26.7,91.65068131499902,0.0,5.62,100.39357010028485
2026-09-30T05:30:00+05:30,Hambantota_Southern,26.7,92.03699728297079,0.0,5.76,96.66647881202881
2026-09-30T05:45:00+05:30,Hambantota_Southern,26.7,92.42907144576156,0.0,5.86,92.94028721923998
2026-09-30T06:00:00+05:30,Hambantota_Southern,26.8,92.83012734373892,1.0,5.94,89.2151906548163
2026-09-30T06:15:00+05:30,Hambantota_Southern,26.9,93.24354309589438,23.0,6.03,85.49140630582141
2026-09-30T06:30:00+05:30,Hambantota_Southern,27.0,93.67296476296076,61.0,6.08,81.76917946992296
2026-09-30T06:45:00+05:30,Hambantota_Southern,27.2,94.12243356821205,107.0,6.14,78.04879281631317
2026-09-30T07:00:00+05:30,Hambantota_Southern,27.4,94.5965365465878,160.0,6.2,74.33057781788705
2026-09-30T07:15:00+05:30,Hambantota_Southern,27.6,95.10059279541719,215.0,6.26,70.61492775844373
2026-09-30T07:30:00+05:30,Hambantota_Southern,27.8,95.64089113602927,272.0,6.27,66.90231657069768
2026-09-30T07:45:00+05:30,Hambantota_Southern,28.0,96.22500212208467,330.0,6.28,63.19332382654319
2026-09-30T08:00:00+05:30,Hambantota_Southern,28.2,96.86219781717398,389.0,6.24,59.488667084017294
2026-09-30T08:15:00+05:30,Hambantota_Southern,28.5,97.56402855351308,450.0,6.19,55.78924864787878
2026-09-30T08:30:00+05:30,Hambantota_Southern,28.7,98.3451330094648,511.0,6.09,52.09622157261926
2026-09-30T08:45:00+05:30,Hambantota_Southern,29.0,99.22440183207323,571.0,5.89,48.41108346271548
2026-09-30T09:00:00+05:30,Hambantota_Southern,29.4,100.2266879865432,629.0,5.69,44.7358174732297
2026-09-30T09:15:00+05:30,Hambantota_Southern,29.7,101.38538604881484,683.0,5.44,41.073106697730175
2026-09-30T09:30:00+05:30,Hambantota_Southern,30.0,102.74643278303762,732.0,5.35,37.426668760525324
2026-09-30T09:45:00+05:30,Hambantota_Southern,30.3,104.37470519477023,775.0,5.46,33.801801070319065
2026-09-30T10:00:00+05:30,Hambantota_Southern,30.6,106.36460583375145,813.0,5.66,30.20630067014673
2026-09-30T10:15:00+05:30,Hambantota_Southern,30.9,108.85822569972856,843.0,5.9,26.652085019195916
2026-09-30T10:30:00+05:30,Hambantota_Southern,31.1,112.07767833862704,863.0,5.99,23.158199657256205
2026-09-30T10:45:00+05:30,Hambantota_Southern,31.3,116.38448673653403,877.0,5.92,19.756707404358423
2026-09-30T11:00:00+05:30,Hambantota_Southern,31.5,122.38936945014899,890.0,5.75,16.504859934101347
2026-09-30T11:15:00+05:30,Hambantota_Southern,31.5,131.13860631098055,908.0,5.66,13.511169640444422
2026-09-30T11:30:00+05:30,Hambantota_Southern,31.6,144.29044985225585,934.0,5.74,10.98872049181584
2026-09-30T11:45:00+05:30,Hambantota_Southern,31.5,163.48174899565686,959.0,6.07,9.328001373478628
2026-09-30T12:00:00+05:30,Hambantota_Southern,31.4,187.06737105235007,972.0,6.59,9.018360169428135
2026-09-30T12:15:00+05:30,Hambantota_Southern,31.2,208.57701227292267,963.0,7.14,10.183793932188308
2026-09-30T12:30:00+05:30,Hambantota_Southern,31.0,224.05382662008506,933.0,7.6,12.415635450451106
2026-09-30T12:45:00+05:30,Hambantota_Southern,30.9,234.35269209473017,891.0,7.92,15.252723278519952
2026-09-30T13:00:00+05:30,Hambantota_Southern,30.7,241.30952493290428,849.0,8.18,18.417434147447125
2026-09-30T13:15:00+05:30,Hambantota_Southern,30.5,246.2099631932594,816.0,8.38,21.76732205346987
2026-09-30T13:30:00+05:30,Hambantota_Southern,30.4,249.81422343300747,789.0,8.44,25.2287147293312
2026-09-30T13:45:00+05:30,Hambantota_Southern,30.5,252.56759531591956,762.0,8.39,28.761364360930543
2026-09-30T14:00:00+05:30,Hambantota_Southern,30.6,254.7392928804901,732.0,8.2,32.34191127715137
2026-09-30T14:15:00+05:30,Hambantota_Southern,30.8,256.49876163510834,697.0,8.04,35.95603014274893
2026-09-30T14:30:00+05:30,Hambantota_Southern,30.9,257.9569123254446,658.0,7.85,39.59450834491414
2026-09-30T14:45:00+05:30,Hambantota_Southern,30.8,259.188962243433,617.0,7.75,43.25117766706179
2026-09-30T15:00:00+05:30,Hambantota_Southern,30.7,260.2475477243529,572.0,7.67,46.921763432934334
2026-09-30T15:15:00+05:30,Hambantota_Southern,30.5,261.1705355697735,526.0,7.6,50.60321402687628
2026-09-30T15:30:00+05:30,Hambantota_Southern,30.3,261.9858424117214,478.0,7.42,54.2932953627954
2026-09-30T15:45:00+05:30,Hambantota_Southern,30.2,262.7145043304813,428.0,7.14,57.99033471064164
2026-09-30T16:00:00+05:30,Hambantota_Southern,30.1,263.37268988489143,378.0,6.77,61.6930542239767
2026-09-30T16:15:00+05:30,Hambantota_Southern,30.0,263.9730557141007,326.0,6.38,65.40046112809577
2026-09-30T16:30:00+05:30,Hambantota_Southern,29.9,264.52568127822235,276.0,6.15,69.11177138991484
2026-09-30T16:45:00+05:30,Hambantota_Southern,29.8,265.0387281913139,226.0,6.08,72.82635613601322
2026-09-30T17:00:00+05:30,Hambantota_Southern,29.6,265.51891552580753,176.0,6.11,76.5437047206948
2026-09-30T17:15:00+05:30,Hambantota_Southern,29.4,265.97186946772354,127.0,6.13,80.26339660642446
2026-09-30T17:30:00+05:30,Hambantota_Southern,29.2,266.40238645493275,80.0,6.15,83.98508037498513
2026-09-30T17:45:00+05:30,Hambantota_Southern,29.1,266.81463630691474,38.0,6.09,87.70845924260497
2026-09-30T18:00:00+05:30,Hambantota_Southern,28.9,267.21232337996554,6.0,6.04,91.43327863881386
2026-09-30T18:15:00+05:30,Hambantota_Southern,28.8,267.5988192520972,0.0,5.94,95.15931631489968
2026-09-30T18:30:00+05:30,Hambantota_Southern,28.7,267.9772771893703,0.0,5.78,98.8863757528767
2026-09-30T18:45:00+05:30,Hambantota_Southern,28.6,268.3507363145177,0.0,5.39,102.61427932212145
2026-09-30T19:00:00+05:30,Hambantota_Southern,28.4,268.72222303381176,0.0,4.86,106.34286224372724
2026-09-30T19:15:00+05:30,Hambantota_Southern,28.3,269.0948573118584,0.0,4.35,110.0719684876505
2026-09-30T19:30:00+05:30,Hambantota_Southern,28.2,269.4719719784541,0.0,4.06,113.80144524417126
2026-09-30T19:45:00+05:30,Hambantota_Southern,28.1,269.85725597595217,0.0,4.16,117.53113707744356
2026-09-30T20:00:00+05:30,Hambantota_Southern,28.0,270.25493654542646,0.0,4.49,121.26088079249871
2026-09-30T20:15:00+05:30,Hambantota_Southern,27.9,270.6700218455424,0.0,4.82,124.99049735572825
2026-09-30T20:30:00+05:30,Hambantota_Southern,27.8,271.10863770941694,0.0,4.96,128.71978141811653
2026-09-30T20:45:00+05:30,Hambantota_Southern,27.7,271.57851253738977,0.0,4.81,132.44848843624354
2026-09-30T21:00:00+05:30,Hambantota_Southern,27.7,272.08969964022486,0.0,4.49,136.1763139132899
2026-09-30T21:15:00+05:30,Hambantota_Southern,27.6,272.6556924848113,0.0,4.15,139.90286198756718
2026-09-30T21:30:00+05:30,Hambantota_Southern,27.6,273.2952140916533,0.0,3.95,143.62759714281515
2026-09-30T21:45:00+05:30,Hambantota_Southern,27.5,274.0352143482772,0.0,3.8,147.3497613345446
2026-09-30T22:00:00+05:30,Hambantota_Southern,27.3,274.9161511552779,0.0,3.7,151.06822835259283
2026-09-30T22:15:00+05:30,Hambantota_Southern,27.2,276.00187738258734,0.0,3.6,154.78123257473183
2026-09-30T22:30:00+05:30,Hambantota_Southern,27.1,277.39958452773226,0.0,3.55,158.4858171493674
2026-09-30T22:45:00+05:30,Hambantota_Southern,27.0,279.3040299739706,0.0,3.5,162.17660285553836
2026-09-30T23:00:00+05:30,Hambantota_Southern,26.9,282.10858214672794,0.0,3.51,165.8426645126488
2026-09-30T23:15:00+05:30,Hambantota_Southern,26.8,286.7353414472374,0.0,3.53,169.4580428530037
2026-09-30T23:30:00+05:30,Hambantota_Southern,26.7,295.87678782778926,0.0,3.65,172.9442478783896
2026-09-30T23:45:00+05:30,Hambantota_Southern,26.7,320.0143744034146,0.0,3.83,175.95232085482087
2026-10-01T00:00:00+05:30,Hambantota_Southern,26.6,20.283822530886255,0.0,4.12,176.69340980036446
2026-10-01T00:15:00+05:30,Hambantota_Southern,26.6,57.81415577345632,0.0,4.37,174.2178845980888
2026-10-01T00:30:00+05:30,Hambantota_Southern,26.6,70.63752722154828,0.0,4.6,170.84136268818614
2026-10-01T00:45:00+05:30,Hambantota_Southern,26.6,76.51297376213427,0.0,4.76,167.26127596383873
2026-10-01T01:00:00+05:30,Hambantota_Southern,26.7,79.86789103986962,0.0,4.87,163.61056326296426
2026-10-01T01:15:00+05:30,Hambantota_Southern,26.7,82.05977092178733,0.0,4.95,159.92780801280674
2026-10-01T01:30:00+05:30,Hambantota_Southern,26.7,83.62568538403252,0.0,4.99,156.22798675041903
2026-10-01T01:45:00+05:30,Hambantota_Southern,26.7,84.81814215848783,0.0,5.01,152.518085455975
2026-10-01T02:00:00+05:30,Hambantota_Southern,26.7,85.7710198275455,0.0,4.97,148.80179831765776
2026-10-01T02:15:00+05:30,Hambantota_Southern,26.6,86.5618423276884,0.0,4.94,145.08126736080663
2026-10-01T02:30:00+05:30,Hambantota_Southern,26.6,87.23864570275987,0.0,4.92,141.35782727700862
2026-10-01T02:45:00+05:30,Hambantota_Southern,26.5,87.83285021046754,0.0,4.9,137.63235934083804
2026-10-01T03:00:00+05:30,Hambantota_Southern,26.4,88.3659517907106,0.0,4.89,133.9054759368254
2026-10-01T03:15:00+05:30,Hambantota_Southern,26.3,88.85323638623186,0.0,4.84,130.1776231441326
2026-10-01T03:30:00+05:30,Hambantota_Southern,26.2,89.30595643821817,0.0,4.73,126.44913965104445
2026-10-01T03:45:00+05:30,Hambantota_Southern,26.1,89.73266582098631,0.0,4.58,122.72029419785605
2026-10-01T04:00:00+05:30,Hambantota_Southern,26.1,90.14007222238081,0.0,4.32,118.9913099027393
2026-10-01T04:15:00+05:30,Hambantota_Southern,26.0,90.53360178067248,0.0,4.07,115.2623793432861
2026-10-01T04:30:00+05:30,Hambantota_Southern,25.9,90.91778619518857,0.0,3.88,111.53367643126698
2026-10-01T04:45:00+05:30,Hambantota_Southern,25.9,91.29653788780143,0.0,3.74,107.80536540559898
2026-10-01T05:00:00+05:30,Hambantota_Southern,25.9,91.67335355087562,0.0,3.68,104.07760658226387
2026-10-01T05:15:00+05:30,Hambantota_Southern,25.8,92.0514714725789,0.0,3.61,100.35056261751467
2026-10-01T05:30:00+05:30,Hambantota_Southern,25.9,92.43399997548948,0.0,3.59,96.62440432360653
2026-10-01T05:45:00+05:30,Hambantota_Southern,25.9,92.82402927223586,0.0,3.63,92.89931496667414
2026-10-01T06:00:00+05:30,Hambantota_Southern,26.0,93.22473571594281,1.0,3.7,89.17549641839697
2026-10-01T06:15:00+05:30,Hambantota_Southern,26.2,93.63948641922013,22.0,3.77,85.45317605354354
2026-10-01T06:30:00+05:30,Hambantota_Southern,26.3,94.071951853712,50.0,3.74,81.73261332360869
2026-10-01T06:45:00+05:30,Hambantota_Southern,26.5,94.52623409267505,75.0,3.68,78.01410954285029
2026-10-01T07:00:00+05:30,Hambantota_Southern,26.8,95.00702033732216,102.0,3.52,74.29802009089714
2026-10-01T07:15:00+05:30,Hambantota_Southern,27.0,95.51977414596456,140.0,3.36,70.5847685014589
2026-10-01T07:30:00+05:30,Hambantota_Southern,27.3,96.07098061411227,198.0,3.16,66.87486679374265
2026-10-01T07:45:00+05:30,Hambantota_Southern,27.7,96.66846914448797,273.0,2.92,63.168942510246836
2026-10-01T08:00:00+05:30,Hambantota_Southern,28.1,97.3218482936536,355.0,2.66,59.467773895345616
2026-10-01T08:15:00+05:30,Hambantota_Southern,28.5,98.04310346295154,429.0,2.42,55.77234060506597
2026-10-01T08:30:00+05:30,Hambantota_Southern,28.9,98.84743606941186,495.0,2.3,52.08389528609827
2026-10-01T08:45:00+05:30,Hambantota_Southern,29.2,99.7544677814331,556.0,2.28,48.4040653915938
2026-10-01T09:00:00+05:30,Hambantota_Southern,29.5,100.79000781672659,613.0,2.29,44.73500591403314
2026-10-01T09:15:00+05:30,Hambantota_Southern,29.8,101.98871227908421,667.0,2.34,41.07963131374273
2026-10-01T09:30:00+05:30,Hambantota_Southern,30.1,103.39819660717433,716.0,2.42,37.441976949545115
2026-10-01T09:45:00+05:30,Hambantota_Southern,30.3,105.08558595336365,758.0,2.55,33.82778637812385
2026-10-01T10:00:00+05:30,Hambantota_Southern,30.4,107.14829205635311,794.0,2.66,30.245498662288952
2026-10-01T10:15:00+05:30,Hambantota_Southern,30.6,109.73235845385301,823.0,2.9,26.707979503397382
2026-10-01T10:30:00+05:30,Hambantota_Southern,30.6,113.06473646846337,847.0,3.12,23.235710391349684
2026-10-01T10:45:00+05:30,Hambantota_Southern,30.6,117.51147488625787,863.0,3.42,19.862965506041775
2026-10-01T11:00:00+05:30,Hambantota_Southern,30.6,123.68188166496765,867.0,3.71,16.65035909507128
2026-10-01T11:15:00+05:30,Hambantota_Southern,30.4,132.59366315005036,857.0,4.05,13.710946596212693
2026-10-01T11:30:00+05:30,Hambantota_Southern,30.3,145.78499547830108,832.0,4.43,11.2607585935108
2026-10-01T11:45:00+05:30,Hambantota_Southern,30.0,164.60033018978777,795.0,4.97,9.678773638510293
2026-10-01T12:00:00+05:30,Hambantota_Southern,29.6,187.2718830640677,752.0,5.57,9.413402677034185
2026-10-01T12:15:00+05:30,Hambantota_Southern,29.3,207.9606844573534,706.0,6.09,10.564334889741204
2026-10-01T12:30:00+05:30,Hambantota_Southern,29.1,223.1040901208571,651.0,6.35,12.753728314194689
2026-10-01T12:45:00+05:30,Hambantota_Southern,29.1,233.36083118656072,595.0,6.19,15.54892624069349
2026-10-01T13:00:00+05:30,Hambantota_Southern,29.3,240.3758543803583,547.0,5.82,18.679916641910992
2026-10-01T13:15:00+05:30,Hambantota_Southern,29.5,245.35662198537247,518.0,5.42,22.00380708553527
2026-10-01T13:30:00+05:30,Hambantota_Southern,29.5,249.03823733174255,512.0,5.24,25.44509933190193
2026-10-01T13:45:00+05:30,Hambantota_Southern,29.1,251.85941677080996,511.0,5.48,28.961958027493402
2026-10-01T14:00:00+05:30,Hambantota_Southern,28.5,254.08872879073706,499.0,5.99,32.529866935492116
2026-10-01T14:15:00+05:30,Hambantota_Southern,27.9,255.89667836984682,460.0,6.44,36.13368950685219
2026-10-01T14:30:00+05:30,Hambantota_Southern,27.4,257.3955618546256,395.0,6.45,39.76364375573801
2026-10-01T14:45:00+05:30,Hambantota_Southern,27.0,258.6618830341658,326.0,5.71,43.41315641381485
2026-10-01T15:00:00+05:30,Hambantota_Southern,26.7,259.74936049647977,273.0,4.48,47.07765959897318
2026-10-01T15:15:00+05:30,Hambantota_Southern,26.4,260.6967379581991,249.0,3.16,50.753885622664015
2026-10-01T15:30:00+05:30,Hambantota_Southern,26.3,261.5326319943208,249.0,2.31,54.43943843688301
2026-10-01T15:45:00+05:30,Hambantota_Southern,26.4,262.2786341485703,253.0,2.11,58.132522016801246
2026-10-01T16:00:00+05:30,Hambantota_Southern,26.7,262.95135274120713,247.0,2.23,61.83176335089724
2026-10-01T16:15:00+05:30,Hambantota_Southern,26.9,263.56379181705665,220.0,2.54,65.53609533006805
2026-10-01T16:30:00+05:30,Hambantota_Southern,27.1,264.1263040828535,180.0,2.76,69.24467527695272
2026-10-01T16:45:00+05:30,Hambantota_Southern,27.2,264.64726413010663,139.0,2.94,72.95682769213187
2026-10-01T17:00:00+05:30,Hambantota_Southern,27.1,265.13355417373253,104.0,3.13,76.67200466280066
2026-10-01T17:15:00+05:30,Hambantota_Southern,27.1,265.5909213905664,78.0,3.32,80.38975580637143
2026-10-01T17:30:00+05:30,Hambantota_Southern,27.0,266.02424653802603,54.0,3.36,84.10970585229485
2026-10-01T17:45:00+05:30,Hambantota_Southern,26.9,266.43775075257145,30.0,3.26,87.83153911546023
2026-10-01T18:00:00+05:30,Hambantota_Southern,26.8,266.83515881025517,5.0,3.01,91.55498631098698
2026-10-01T18:15:00+05:30,Hambantota_Southern,26.7,267.21983249477137,0.0,2.82,95.27981413009395
2026-10-01T18:30:00+05:30,Hambantota_Southern,26.6,267.5948843464936,0.0,2.68,99.00581829784372
2026-10-01T18:45:00+05:30,Hambantota_Southern,26.5,267.963279624133,0.0,2.7,102.73281654151549
2026-10-01T19:00:00+05:30,Hambantota_Southern,26.3,268.32793381466126,0.0,2.83,106.46064252031064
2026-10-01T19:15:00+05:30,Hambantota_Southern,26.2,268.69181288829714,0.0,2.96,110.18914184808855
2026-10-01T19:30:00+05:30,Hambantota_Southern,26.1,269.0580438664078,0.0,3.1,113.91816687056686
2026-10-01T19:45:00+05:30,Hambantota_Southern,26.0,269.4300456564167,0.0,3.18,117.64757135791542
2026-10-01T20:00:00+05:30,Hambantota_Southern,26.0,269.811693678886,0.0,3.24,121.37720620125609
2026-10-01T20:15:00+05:30,Hambantota_Southern,25.9,270.20753752520295,0.0,3.31,125.10691258969482
2026-10-01T20:30:00+05:30,Hambantota_Southern,25.9,270.62310178415146,0.0,3.37,128.83651340019907
2026-10-01T20:45:00+05:30,Hambantota_Southern,25.9,271.06531829054467,0.0,3.37,132.56580311635378
2026-10-01T21:00:00+05:30,Hambantota_Southern,25.9,271.5431696423065,0.0,3.32,136.2945313304935
2026-10-01T21:15:00+05:30,Hambantota_Southern,26.0,272.0686832474934,0.0,3.32,140.0223779782119
2026-10-01T21:30:00+05:30,Hambantota_Southern,26.0,272.65852847161636,0.0,3.34,143.74891575212354
2026-10-01T21:45:00+05:30,Hambantota_Southern,26.0,273.33669776274166,0.0,3.41,147.47354512845772
2026-10-01T22:00:00+05:30,Hambantota_Southern,26.0,274.13924522819354,0.0,3.56,151.1953801034999
2026-10-01T22:15:00+05:30,Hambantota_Southern,26.0,275.12319535402685,0.0,3.74,154.91303517561545
2026-10-01T22:30:00+05:30,Hambantota_Southern,26.0,276.3846195914429,0.0,3.85,158.62418944674369
2026-10-01T22:45:00+05:30,Hambantota_Southern,26.0,278.0990690466557,0.0,3.94,162.32460749973762
2026-10-01T23:00:00+05:30,Hambantota_Southern,26.0,280.6244646232616,0.0,4.08,166.00562867695777
2026-10-01T23:15:00+05:30,Hambantota_Southern,26.0,284.8142151162803,0.0,4.17,169.64639654901765
2026-10-01T23:30:00+05:30,Hambantota_Southern,26.0,293.2538323364602,0.0,4.22,173.18195735924604
2026-10-01T23:45:00+05:30,Hambantota_Southern,26.0,317.13602390029433,0.0,4.23,176.29735838525883
2026-10-02T00:00:00+05:30,Hambantota_Southern,26.0,24.324424316018167,0.0,4.18,177.02188676836386
2026-10-02T00:15:00+05:30,Hambantota_Southern,25.9,61.574645608002925,0.0,4.16,174.34631021397195
2026-10-02T00:30:00+05:30,Hambantota_Southern,25.9,73.11317256308689,0.0,4.11,170.88991875127437
2026-10-02T00:45:00+05:30,Hambantota_Southern,25.9,78.30869571576778,0.0,4.05,167.27383291099278
2026-10-02T01:00:00+05:30,Hambantota_Southern,25.8,81.27066149357734,0.0,4.07,163.60345629368584
2026-10-02T01:15:00+05:30,Hambantota_Southern,25.8,83.21156873676489,0.0,4.03,159.90861261739008
2026-10-02T01:30:00+05:30,Hambantota_Southern,25.7,84.60507611771584,0.0,3.99,156.20079157730257
2026-10-02T01:45:00+05:30,Hambantota_Southern,25.7,85.67271079645423,0.0,3.94,152.48534133784267
2026-10-02T02:00:00+05:30,Hambantota_Southern,25.6,86.53165144031209,0.0,3.92,148.76509117328825
2026-10-02T02:15:00+05:30,Hambantota_Southern,25.6,87.24969122727714,0.0,3.86,145.04168552382126
2026-10-02T02:30:00+05:30,Hambantota_Southern,25.6,87.86883754993659,0.0,3.76,141.31615373449733
2026-10-02T02:45:00+05:30,Hambantota_Southern,25.5,88.41658830057668,0.0,3.67,137.5891801600011
2026-10-02T03:00:00+05:30,Hambantota_Southern,25.5,88.91178452341796,0.0,3.52,133.86124520496858
2026-10-02T03:15:00+05:30,Hambantota_Southern,25.5,89.36785631175314,0.0,3.42,130.13270384621796
2026-10-02T03:30:00+05:30,Hambantota_Southern,25.5,89.79472421349465,0.0,3.35,126.40383051387963
2026-10-02T03:45:00+05:30,Hambantota_Southern,25.4,90.19996566774773,0.0,3.34,122.67484799425314
2026-10-02T04:00:00+05:30,Hambantota_Southern,25.4,90.58956042361228,0.0,3.39,118.9459463812895
2026-10-02T04:15:00+05:30,Hambantota_Southern,25.4,90.9683852049809,0.0,3.39,115.21729467168345
2026-10-02T04:30:00+05:30,Hambantota_Southern,25.3,91.34055390036428,0.0,3.35,111.48905034168544
2026-10-02T04:45:00+05:30,Hambantota_Southern,25.3,91.70966062012155,0.0,3.19,107.76136680824538
2026-10-02T05:00:00+05:30,Hambantota_Southern,25.2,92.07896095617343,0.0,2.98,104.03439816322192
2026-10-02T05:15:00+05:30,Hambantota_Southern,25.2,92.45151372751866,0.0,2.72,100.30830478635532
2026-10-02T05:30:00+05:30,Hambantota_Southern,25.2,92.83029855995017,0.0,2.61,96.58325877560863
2026-10-02T05:45:00+05:30,Hambantota_Southern,25.2,93.21832033083194,0.0,2.61,92.85944807596218
2026-10-02T06:00:00+05:30,Hambantota_Southern,25.2,93.61870864790728,1.0,2.7,89.13708264766352
2026-10-02T06:15:00+05:30,Hambantota_Southern,25.3,94.03481983121412,24.0,2.8,85.41640154950055
2026-10-02T06:30:00+05:30,Hambantota_Southern,25.5,94.47034873506738,63.0,2.9,81.69767988426526
2026-10-02T06:45:00+05:30,Hambantota_Southern,25.8,94.9294579775542,110.0,2.95,77.98123915593966
2026-10-02T07:00:00+05:30,Hambantota_Southern,26.2,95.4169342800077,164.0,3.0,74.26746029577272
2026-10-02T07:15:00+05:30,Hambantota_Southern,26.6,95.93838456974527,221.0,3.06,70.5567988928069
2026-10-02T07:30:00+05:30,Hambantota_Southern,27.0,96.50048851445456,279.0,3.05,66.849807080036
2026-10-02T07:45:00+05:30,Hambantota_Southern,27.3,97.1113317943151,339.0,3.0,63.14716270934766
2026-10-02T08:00:00+05:30,Hambantota_Southern,27.7,97.78085560992633,398.0,2.96,59.44970746308066
2026-10-02T08:15:00+05:30,Hambantota_Southern,28.0,98.52147465310395,455.0,2.9,55.75850164391445
2026-10-02T08:30:00+05:30,Hambantota_Southern,28.4,99.34894430566192,509.0,2.85,52.07490150319892
2026-10-02T08:45:00+05:30,Hambantota_Southern,28.7,100.2836037080167,558.0,2.83,48.40066929445416
2026-10-02T09:00:00+05:30,Hambantota_Southern,29.1,101.35219694764226,604.0,2.8,44.738138022943694
2026-10-02T09:15:00+05:30,Hambantota_Southern,29.4,102.59060702217937,646.0,2.74,41.09046126829675
2026-10-02T09:30:00+05:30,Hambantota_Southern,29.6,104.04807023461376,681.0,2.75,37.462001835470616
2026-10-02T09:45:00+05:30,Hambantota_Southern,29.7,105.7938600232415,710.0,2.86,33.85896140278991
2026-10-02T10:00:00+05:30,Hambantota_Southern,29.7,107.92821812003751,740.0,3.15,30.290435058493877
2026-10-02T10:15:00+05:30,Hambantota_Southern,29.6,110.60080564565988,775.0,3.51,26.77025071305878
2026-10-02T10:30:00+05:30,Hambantota_Southern,29.5,114.04276011181935,823.0,3.85,23.320331866998615
2026-10-02T10:45:00+05:30,Hambantota_Southern,29.3,118.62335245965181,869.0,4.09,19.97713670328646
2026-10-02T11:00:00+05:30,Hambantota_Southern,29.1,124.94791817887943,899.0,4.3,16.804503873900046
2026-10-02T11:15:00+05:30,Hambantota_Southern,28.8,134.00147197801687,892.0,4.4,13.919572615018012
2026-10-02T11:30:00+05:30,Hambantota_Southern,28.6,147.20203404428622,841.0,4.5,11.540184356556097
2026-10-02T11:45:00+05:30,Hambantota_Southern,28.5,165.63289800534062,772.0,4.52,10.032729706129771
2026-10-02T12:00:00+05:30,Hambantota_Southern,28.3,187.45272793810742,717.0,4.45,9.807856720593506
2026-10-02T12:15:00+05:30,Hambantota_Southern,28.2,207.38185897342623,706.0,4.48,10.944907567518001
2026-10-02T12:30:00+05:30,Hambantota_Southern,28.2,222.2000416911548,733.0,4.58,13.093752474186047
2026-10-02T12:45:00+05:30,Hambantota_Southern,28.3,232.40395467953556,776.0,4.77,15.848022641991449
2026-10-02T13:00:00+05:30,Hambantota_Southern,28.4,239.46666012935364,811.0,4.97,18.945473530857015
2026-10-02T13:15:00+05:30,Hambantota_Southern,28.6,244.52042112959418,823.0,5.15,22.24318375283957
2026-10-02T13:30:00+05:30,Hambantota_Southern,28.8,248.27456184028608,827.0,5.17,25.66405824625666
2026-10-02T13:45:00+05:30,Hambantota_Southern,28.9,251.1603470929254,818.0,4.99,29.164774666007183
2026-10-02T14:00:00+05:30,Hambantota_Southern,29.1,253.44509668957556,786.0,4.7,32.71970062804355
2026-10-02T14:15:00+05:30,Hambantota_Southern,29.2,255.30000287848912,725.0,4.35,36.31290290662065
2026-10-02T14:30:00+05:30,Hambantota_Southern,29.2,256.8385207996023,633.0,4.08,39.934033832849146
2026-10-02T14:45:00+05:30,Hambantota_Southern,29.0,258.1383003886316,529.0,3.9,43.576114385286495
2026-10-02T15:00:00+05:30,Hambantota_Southern,28.8,259.2540534947029,433.0,3.84,47.234281147338045
2026-10-02T15:15:00+05:30,Hambantota_Southern,28.5,260.2253428047248,354.0,3.72,50.90504758378157
2026-10-02T15:30:00+05:30,Hambantota_Southern,28.2,261.08144610537306,281.0,3.49,54.58585295432937
2026-10-02T15:45:00+05:30,Hambantota_Southern,27.9,261.84448385857985,219.0,3.06,58.27477542624278
2026-10-02T16:00:00+05:30,Hambantota_Southern,27.6,262.5314855185892,173.0,2.57,61.9703445804692
2026-10-02T16:15:00+05:30,Hambantota_Southern,27.3,263.1557891659631,145.0,2.09,65.67141698882838
2026-10-02T16:30:00+05:30,Hambantota_Southern,27.1,263.7280109447183,134.0,1.77,69.37708957134447
2026-10-02T16:45:00+05:30,Hambantota_Southern,27.0,264.25673106564443,125.0,1.6,73.08663863134541
2026-10-02T17:00:00+05:30,Hambantota_Southern,27.0,264.7489892366857,109.0,1.49,76.7994775676595
2026-10-02T17:15:00+05:30,Hambantota_Southern,27.1,265.21064917430135,84.0,1.49,80.51512484074674
2026-10-02T17:30:00+05:30,Hambantota_Southern,26.9,265.6466723432284,54.0,1.56,84.23318009689069
2026-10-02T17:45:00+05:30,Hambantota_Southern,26.6,266.0613281591573,26.0,1.84,87.95330755923473
2026-10-02T18:00:00+05:30,Hambantota_Southern,26.0,266.45835915378814,4.0,2.4,91.67522205328797
2026-10-02T18:15:00+05:30,Hambantota_Southern,25.5,266.8411148612653,0.0,2.88,95.39867801507397
2026-10-02T18:30:00+05:30,Hambantota_Southern,25.2,267.21266470442004,0.0,3.15,99.1234621635832
2026-10-02T18:45:00+05:30,Hambantota_Southern,25.1,267.575897607233,0.0,2.93,102.84938624276388
2026-10-02T19:00:00+05:30,Hambantota_Southern,25.1,267.9336154330691,0.0,2.44,106.5762808695046
2026-10-02T19:15:00+05:30,Hambantota_Southern,25.2,268.28862703495156,0.0,1.88,110.30399162840452
2026-10-02T19:30:00+05:30,Hambantota_Southern,25.3,268.64384984522974,0.0,1.57,114.03237408777343
2026-10-02T19:45:00+05:30,Hambantota_Southern,25.3,269.0024279672544,0.0,1.59,117.76128893127805
2026-10-02T20:00:00+05:30,Hambantota_Southern,25.2,269.36787876871887,0.0,1.76,121.49059837150459
2026-10-02T20:15:00+05:30,Hambantota_Southern,25.2,269.7442848649001,0.0,1.95,125.2201604117919
2026-10-02T20:30:00+05:30,Hambantota_Southern,25.1,270.1365579096088,0.0,2.05,128.94982186945893
2026-10-02T20:45:00+05:30,Hambantota_Southern,25.1,270.55081642499243,0.0,1.91,132.67941075538835
2026-10-02T21:00:00+05:30,Hambantota_Southern,25.1,270.99494753910324,0.0,1.64,136.40872353774645
2026-10-02T21:15:00+05:30,Hambantota_Southern,25.1,271.47947471853195,0.0,1.38,140.1375062753214
2026-10-02T21:30:00+05:30,Hambantota_Southern,25.1,272.0189533842995,0.0,1.21,143.8654265509033
2026-10-02T21:45:00+05:30,Hambantota_Southern,25.1,272.634318087089,0.0,1.1,147.59202449935694
2026-10-02T22:00:00+05:30,Hambantota_Southern,25.1,273.35704227348896,0.0,1.0,151.316626732336
2026-10-02T22:15:00+05:30,Hambantota_Southern,25.1,274.2369888364438,0.0,0.96,155.0381859833745
2026-10-02T22:30:00+05:30,Hambantota_Southern,25.1,275.358425442952,0.0,0.95,158.75495102077696
2026-10-02T22:45:00+05:30,Hambantota_Southern,25.1,276.87612905564197,0.0,1.05,162.46372068464714
2026-10-02T23:00:00+05:30,Hambantota_Southern,25.1,279.10839790095565,0.0,1.15,166.15791245134807
2026-10-02T23:15:00+05:30,Hambantota_Southern,25.1,282.82626077072155,0.0,1.3,169.82147972795775
2026-10-02T23:30:00+05:30,Hambantota_Southern,25.1,290.4489753200439,0.0,1.4,173.40302328066173
2026-10-02T23:45:00+05:30,Hambantota_Southern,25.1,313.6687040399752,0.0,1.46,176.62979341671897
2026-10-03T00:00:00+05:30,Hambantota_Southern,25.1,29.301475075226335,0.0,1.51,177.33215708693334
2026-10-03T00:15:00+05:30,Hambantota_Southern,25.1,65.48031790075925,0.0,1.51,174.4504918153619
2026-10-03T00:30:00+05:30,Hambantota_Southern,25.1,75.60468911631534,0.0,1.56,170.9227738639592
2026-10-03T00:45:00+05:30,Hambantota_Southern,25.1,80.102438936878,0.0,1.61,167.27552549903228
2026-10-03T01:00:00+05:30,Hambantota_Southern,25.0,82.6686980813418,0.0,1.72,163.58833811066708
2026-10-03T01:15:00+05:30,Hambantota_Southern,25.0,84.35865153889415,0.0,1.77,159.88326011295345
2026-10-03T01:30:00+05:30,Hambantota_Southern,25.0,85.58029836143135,0.0,1.87,156.1687393317033
2026-10-03T01:45:00+05:30,Hambantota_Southern,25.0,86.52369127046279,0.0,1.97,152.44870543374054
2026-10-03T02:00:00+05:30,Hambantota_Southern,25.0,87.28920100262366,0.0,2.02,148.72524131532438
2026-10-03T02:15:00+05:30,Hambantota_Southern,24.9,87.93487733047402,0.0,2.13,144.9995629724368
2026-10-03T02:30:00+05:30,Hambantota_Southern,24.9,88.49670940265383,0.0,2.18,141.27243728900606
2026-10-03T02:45:00+05:30,Hambantota_Southern,24.9,88.9982867896307,0.0,2.23,137.54437966680464
2026-10-03T03:00:00+05:30,Hambantota_Southern,24.9,89.4558082523709,0.0,2.29,133.81575754058875
2026-10-03T03:15:00+05:30,Hambantota_Southern,24.8,89.88085824860241,0.0,2.33,130.08684816638575
2026-10-03T03:30:00+05:30,Hambantota_Southern,24.8,90.28203341690255,0.0,2.38,126.35787142972777
2026-10-03T03:45:00+05:30,Hambantota_Southern,24.8,90.66594093134808,0.0,2.43,122.62901140762838
2026-10-03T04:00:00+05:30,Hambantota_Southern,24.8,91.03783736352159,0.0,2.48,118.90043070425872
2026-10-03T04:15:00+05:30,Hambantota_Southern,24.8,91.40205370459455,0.0,2.53,115.17227906505977
2026-10-03T04:30:00+05:30,Hambantota_Southern,24.8,91.76228888717537,0.0,2.58,111.44470099410628
2026-10-03T04:45:00+05:30,Hambantota_Southern,24.8,92.12182092626722,0.0,2.63,107.71784192191663
2026-10-03T05:00:00+05:30,Hambantota_Southern,24.8,92.48366602877502,0.0,2.63,103.99185209151767
2026-10-03T05:15:00+05:30,Hambantota_Southern,24.9,92.85070485865532,0.0,2.64,100.26689164398384
2026-10-03T05:30:00+05:30,Hambantota_Southern,25.0,93.22578932665203,0.0,2.64,96.5431357627014
2026-10-03T05:45:00+05:30,Hambantota_Southern,25.2,93.61183966971726,0.0,2.64,92.82077870573715
2026-10-03T06:00:00+05:30,Hambantota_Southern,25.4,94.01193918319399,1.0,2.59,89.10004005026178
2026-10-03T06:15:00+05:30,Hambantota_Southern,25.6,94.42943357076751,22.0,2.6,85.3811720173231
2026-10-03T06:30:00+05:30,Hambantota_Southern,25.9,94.86804197448089,60.0,2.55,81.66446683359597
2026-10-03T06:45:00+05:30,Hambantota_Southern,26.2,95.33198715115475,108.0,2.5,77.9502677149629
2026-10-03T07:00:00+05:30,Hambantota_Southern,26.5,95.82615455499945,165.0,2.46,74.23898276092442
2026-10-03T07:15:00+05:30,Hambantota_Southern,26.8,96.3562931992351,222.0,2.41,70.53110138129932
2026-10-03T07:30:00+05:30,Hambantota_Southern,27.1,96.92927536340403,276.0,2.38,66.82721780903543
2026-10-03T07:45:00+05:30,Hambantota_Southern,27.4,97.55344008722466,329.0,2.34,63.1280624842658
2026-10-03T08:00:00+05:30,Hambantota_Southern,27.6,98.23905689849084,381.0,2.31,59.43454319931994
2026-10-03T08:15:00+05:30,Hambantota_Southern,27.9,98.99896336219427,434.0,2.34,55.74780409138031
2026-10-03T08:30:00+05:30,Hambantota_Southern,28.1,99.84945916919696,488.0,2.33,52.069308876558665
2026-10-03T08:45:00+05:30,Hambantota_Southern,28.3,100.81158614720096,540.0,2.35,48.40095934135603
2026-10-03T09:00:00+05:30,Hambantota_Southern,28.5,101.91300011466853,590.0,2.44,44.7452723546012
2026-10-03T09:15:00+05:30,Hambantota_Southern,28.7,103.19077380277201,637.0,2.51,41.10564786289643
2026-10-03T09:30:00+05:30,Hambantota_Southern,28.8,104.695702897481,680.0,2.63,37.48678504096
2026-10-03T09:45:00+05:30,Hambantota_Southern,29.0,106.4991039569569,720.0,2.76,33.8953543626082
2026-10-03T10:00:00+05:30,Hambantota_Southern,29.1,108.7038621226281,756.0,2.94,30.341118738728902
2026-10-03T10:15:00+05:30,Hambantota_Southern,29.3,111.46291220991009,789.0,3.05,26.83887837155006
2026-10-03T10:30:00+05:30,Hambantota_Southern,29.4,115.01092148534872,818.0,3.25,23.411997820969745
2026-10-03T10:45:00+05:30,Hambantota_Southern,29.5,119.71910602410406,843.0,3.41,20.099079339364238
2026-10-03T11:00:00+05:30,Hambantota_Southern,29.6,126.18643714436541,867.0,3.58,16.967027695941866
2026-10-03T11:15:00+05:30,Hambantota_Southern,29.7,135.3618083143735,891.0,3.75,14.13659149572527
2026-10-03T11:30:00+05:30,Hambantota_Southern,29.8,148.5446812693043,917.0,3.9,11.8263647011387
2026-10-03T11:45:00+05:30,Hambantota_Southern,29.9,166.58700626313066,940.0,4.06,10.389382893523972
2026-10-03T12:00:00+05:30,Hambantota_Southern,30.0,187.61219535057316,956.0,4.19,10.201589128054906
2026-10-03T12:15:00+05:30,Hambantota_Southern,30.0,206.83646708550174,960.0,4.3,11.325294010593439
2026-10-03T12:30:00+05:30,Hambantota_Southern,30.1,221.33832082503122,952.0,4.44,13.435352333895338
2026-10-03T12:45:00+05:30,Hambantota_Southern,30.2,231.48040952858884,936.0,4.58,16.149654747256108
2026-10-03T13:00:00+05:30,Hambantota_Southern,30.3,238.581227917289,915.0,4.67,19.213792427570667
2026-10-03T13:15:00+05:30,Hambantota_Southern,30.3,243.70107330198175,889.0,4.77,22.485185233335798
2026-10-03T13:30:00+05:30,Hambantota_Southern,30.4,247.52310115264586,861.0,4.83,25.885360355310723
2026-10-03T13:45:00+05:30,Hambantota_Southern,30.4,250.470378885184,827.0,4.88,29.36960960167142
2026-10-03T14:00:00+05:30,Hambantota_Southern,30.4,252.80843137514427,787.0,4.9,32.91122719254067
2026-10-03T14:15:00+05:30,Hambantota_Southern,30.3,254.70879060625373,739.0,4.89,36.49349978120307
2026-10-03T14:30:00+05:30,Hambantota_Southern,30.2,256.2858548175713,683.0,4.84,40.10551915933151
2026-10-03T14:45:00+05:30,Hambantota_Southern,30.1,257.61828497455065,624.0,4.76,43.73990084417181
2026-10-03T15:00:00+05:30,Hambantota_Southern,29.8,258.76169977122106,567.0,4.57,47.391484237763436
2026-10-03T15:15:00+05:30,Hambantota_Southern,29.6,259.75642423587254,516.0,4.35,51.05656165092384
2026-10-03T15:30:00+05:30,Hambantota_Southern,29.3,260.63235933142875,469.0,4.17,54.73240524292405
2026-10-03T15:45:00+05:30,Hambantota_Southern,29.0,261.4121282742897,423.0,3.93,58.41696509315291
2026-10-03T16:00:00+05:30,Hambantota_Southern,28.7,262.11316324031225,375.0,3.67,62.1086712984683
2026-10-03T16:15:00+05:30,Hambantota_Southern,28.3,262.7491231025544,325.0,3.43,65.80630224877439
2026-10-03T16:30:00+05:30,Hambantota_Southern,28.0,263.3308777120961,276.0,3.22,69.50889279385707
2026-10-03T16:45:00+05:30,Hambantota_Southern,27.7,263.86720559478437,226.0,3.06,73.21566953527464
2026-10-03T17:00:00+05:30,Hambantota_Southern,27.5,264.3652983442303,174.0,2.92,76.92600581361897
2026-10-03T17:15:00+05:30,Hambantota_Southern,27.2,264.83113180343906,120.0,2.83,80.63938766044046
2026-10-03T17:30:00+05:30,Hambantota_Southern,27.0,265.269744570724,69.0,2.74,84.3553884334644
2026-10-03T17:45:00+05:30,Hambantota_Southern,26.9,265.68545134748433,28.0,2.67,88.07365109710203
2026-10-03T18:00:00+05:30,Hambantota_Southern,26.8,266.0820098091804,3.0,2.62,91.79387342614338
2026-10-03T18:15:00+05:30,Hambantota_Southern,26.7,266.4627548494409,0.0,2.62,95.5157964156206
2026-10-03T18:30:00+05:30,Hambantota_Southern,26.6,266.8307104619429,0.0,2.57,99.2391965319946
2026-10-03T18:45:00+05:30,Hambantota_Southern,26.6,267.18868686680355,0.0,2.53,102.96387819185952
2026-10-03T19:00:00+05:30,Hambantota_Southern,26.5,267.5393697297488,0.0,2.55,106.68966748431501
2026-10-03T19:15:00+05:30,Hambantota_Southern,26.5,267.88540783190854,0.0,2.53,110.41640827686587
2026-10-03T19:30:00+05:30,Hambantota_Southern,26.5,268.2295054553802,0.0,2.55,114.14395739950189
2026-10-03T19:45:00+05:30,Hambantota_Southern,26.4,268.5745274222366,0.0,2.56,117.87218012727
2026-10-03T20:00:00+05:30,Hambantota_Southern,26.4,268.9236272069487,0.0,2.53,121.60094717736837
2026-10-03T20:15:00+05:30,Hambantota_Southern,26.4,269.28041257714057,0.0,2.55,125.33012988696363
2026-10-03T20:30:00+05:30,Hambantota_Southern,26.3,269.6491713114613,0.0,2.55,129.05959462211794
2026-10-03T20:45:00+05:30,Hambantota_Southern,26.3,270.0351929451341,0.0,2.55,132.78919726627663
2026-10-03T21:00:00+05:30,Hambantota_Southern,26.2,270.44524595358064,0.0,2.58,136.51877372259477
2026-10-03T21:15:00+05:30,Hambantota_Southern,26.1,270.88831435675485,0.0,2.55,140.2481261372633
2026-10-03T21:30:00+05:30,Hambantota_Southern,26.1,271.37678305811664,0.0,2.58,143.9770030938947
2026-10-03T21:45:00+05:30,Hambantota_Southern,26.0,271.92843428897305,0.0,2.6,147.70506457109073
2026-10-03T22:00:00+05:30,Hambantota_Southern,25.9,272.5699942063255,0.0,2.63,151.43182052812827
2026-10-03T22:15:00+05:30,Hambantota_Southern,25.8,273.34384911221133,0.0,2.66,155.1565169008676
2026-10-03T22:30:00+05:30,Hambantota_Southern,25.8,274.3218130765493,0.0,2.69,158.8778994225744
2026-10-03T22:45:00+05:30,Hambantota_Southern,25.7,275.63638563581594,0.0,2.72,162.59367709418865
2026-10-03T23:00:00+05:30,Hambantota_Southern,25.7,277.56217454785553,0.0,2.77,166.29912108912163
2026-10-03T23:15:00+05:30,Hambantota_Southern,25.6,280.77404193142144,0.0,2.76,169.98258104988292
2026-10-03T23:30:00+05:30,Hambantota_Southern,25.6,287.45983055685986,0.0,2.75,173.6057526452298
2026-10-03T23:45:00+05:30,Hambantota_Southern,25.5,309.45504364582575,0.0,2.7,176.94569784086784
2026-10-04T00:00:00+05:30,Hambantota_Southern,25.5,35.48699811778806,0.0,2.7,177.61749223095677
2026-10-04T00:15:00+05:30,Hambantota_Southern,25.5,69.50339664886235,0.0,2.6,174.52928084843276
2026-10-04T00:30:00+05:30,Hambantota_Southern,25.5,78.10323101028047,0.0,2.55,170.93993888155998
2026-10-04T00:45:00+05:30,Hambantota_Southern,25.5,81.89085620963567,0.0,2.5,167.2665058974137
2026-10-04T01:00:00+05:30,Hambantota_Southern,25.4,84.06040650751441,0.0,2.4,163.5653729130937
2026-10-04T01:15:00+05:30,Hambantota_Southern,25.4,85.50012057855048,0.0,2.3,159.85190641384713
2026-10-04T01:30:00+05:30,Hambantota_Southern,25.4,86.55077862880324,0.0,2.25,156.13197553857353
2026-10-04T01:45:00+05:30,Hambantota_Southern,25.4,87.37068171956918,0.0,2.21,152.40831411193935
2026-10-04T02:00:00+05:30,Hambantota_Southern,25.4,88.04336583770174,0.0,2.16,148.68237756242183
2026-10-04T02:15:00+05:30,Hambantota_Southern,25.4,88.6171594465099,0.0,2.11,144.95502235805432
2026-10-04T02:30:00+05:30,Hambantota_Southern,25.4,89.12206033588683,0.0,2.06,141.22679551439916
2026-10-04T02:45:00+05:30,Hambantota_Southern,25.4,89.57777228045472,0.0,2.01,137.49807119179573
2026-10-04T03:00:00+05:30,Hambantota_Southern,25.3,89.99786903566553,0.0,2.0,133.76912266917418
2026-10-04T03:15:00+05:30,Hambantota_Southern,25.3,90.39210234736237,0.0,2.0,130.04016271792185
2026-10-04T03:30:00+05:30,Hambantota_Southern,25.3,90.7677545760231,0.0,2.0,126.31136628012977
2026-10-04T03:45:00+05:30,Hambantota_Southern,25.2,91.1304698404677,0.0,2.0,122.5828858812593
2026-10-04T04:00:00+05:30,Hambantota_Southern,25.2,91.4847869717538,0.0,2.0,118.85486210525778
2026-10-04T04:15:00+05:30,Hambantota_Southern,25.1,91.83449535975114,0.0,2.06,115.12742972381204
2026-10-04T04:30:00+05:30,Hambantota_Southern,25.1,92.1828821394393,0.0,2.07,111.40072369304474
2026-10-04T04:45:00+05:30,Hambantota_Southern,25.1,92.53291165242342,0.0,2.07,107.67488425520308
2026-10-04T05:00:00+05:30,Hambantota_Southern,25.2,92.88736257308142,0.0,2.09,103.9500601509973
2026-10-04T05:15:00+05:30,Hambantota_Southern,25.3,93.24893881114838,0.0,2.15,100.2264132982366
2026-10-04T05:30:00+05:30,Hambantota_Southern,25.4,93.62036559240664,0.0,2.16,96.50412374157504
2026-10-04T05:45:00+05:30,Hambantota_Southern,25.5,94.0044792246714,0.0,2.22,92.78339366387823
2026-10-04T06:00:00+05:30,Hambantota_Southern,25.7,94.40431711149864,1.0,2.22,89.06445376643089
2026-10-04T06:15:00+05:30,Hambantota_Southern,25.9,94.82321447657375,24.0,2.28,85.34757088660197
2026-10-04T06:30:00+05:30,Hambantota_Southern,26.2,95.26491458468809,62.0,2.33,81.63305582815853
2026-10-04T06:45:00+05:30,Hambantota_Southern,26.4,95.733699823145,111.0,2.38,77.92127500885266
2026-10-04T07:00:00+05:30,Hambantota_Southern,26.7,96.23455344911213,168.0,2.44,74.21266528027797
2026-10-04T07:15:00+05:30,Hambantota_Southern,27.0,96.7733650853184,226.0,2.49,70.50775160182772
2026-10-04T07:30:00+05:30,Hambantota_Southern,27.3,97.35719740495642,281.0,2.55,66.8071722398985
2026-10-04T07:45:00+05:30,Hambantota_Southern,27.6,97.99463954395253,335.0,2.61,63.11171243704035
2026-10-04T08:00:00+05:30,Hambantota_Southern,27.9,98.69628457609053,388.0,2.64,59.42234868046792
2026-10-04T08:15:00+05:30,Hambantota_Southern,28.1,99.47538589182187,445.0,2.7,55.7403120124265
2026-10-04T08:30:00+05:30,Hambantota_Southern,28.3,100.34877697012399,503.0,2.76,52.06717730953831
2026-10-04T08:45:00+05:30,Hambantota_Southern,28.5,101.33818633946765,561.0,2.82,48.40499038515533
2026-10-04T09:00:00+05:30,Hambantota_Southern,28.7,102.4721567203108,616.0,2.89,44.75645746919055
2026-10-04T09:15:00+05:30,Hambantota_Southern,28.9,103.78891101386881,666.0,3.0,41.12523159476409
2026-10-04T09:30:00+05:30,Hambantota_Southern,29.0,105.34073938864805,710.0,3.1,37.51635639188701
2026-10-04T09:45:00+05:30,Hambantota_Southern,29.2,107.2008915627074,750.0,3.22,33.936980448842824
2026-10-04T10:00:00+05:30,Hambantota_Southern,29.3,109.47470319634056,785.0,3.36,30.3975440235901
2026-10-04T10:15:00+05:30,Hambantota_Southern,29.4,112.31803234018162,817.0,3.51,26.913825766864015
2026-10-04T10:30:00+05:30,Hambantota_Southern,29.5,115.96841998925618,843.0,3.68,23.51062344203028
2026-10-04T10:45:00+05:30,Hambantota_Southern,29.6,120.79778823572167,865.0,3.81,20.228631560621437
2026-10-04T11:00:00+05:30,Hambantota_Southern,29.7,127.39654114569436,886.0,4.02,17.13764535198159
2026-10-04T11:15:00+05:30,Hambantota_Southern,29.8,136.67469473299678,908.0,4.15,14.361541232923088
2026-10-04T11:30:00+05:30,Hambantota_Southern,29.9,149.8161318879496,933.0,4.3,12.118694308722567
2026-10-04T11:45:00+05:30,Hambantota_Southern,29.9,167.46942927890802,955.0,4.42,10.748287957228854
2026-10-04T12:00:00+05:30,Hambantota_Southern,30.0,187.75226300121125,968.0,4.51,10.594466994327775
2026-10-04T12:15:00+05:30,Hambantota_Southern,30.0,206.32097324834228,967.0,4.63,11.705288670117966
2026-10-04T12:30:00+05:30,Hambantota_Southern,30.1,220.5158454134274,952.0,4.69,13.778194831978084
2026-10-04T12:45:00+05:30,Hambantota_Southern,30.1,230.58860806297514,928.0,4.77,16.453480858316993
2026-10-04T13:00:00+05:30,Hambantota_Southern,30.1,237.71884592129453,898.0,4.86,19.484570424226504
2026-10-04T13:15:00+05:30,Hambantota_Southern,30.1,242.89828191802928,864.0,4.88,22.729550485200576
2026-10-04T13:30:00+05:30,Hambantota_Southern,30.1,246.78375086089432,827.0,4.94,26.10877852046007
2026-10-04T13:45:00+05:30,Hambantota_Southern,30.1,249.78949884438876,785.0,4.92,29.5762613279205
2026-10-04T14:00:00+05:30,Hambantota_Southern,30.0,252.17876416838652,737.0,4.92,33.10426431944822
2026-10-04T14:15:00+05:30,Hambantota_Southern,29.9,254.12309534923628,678.0,4.91,36.67531235425429
2026-10-04T14:30:00+05:30,Hambantota_Southern,29.8,255.7376292316743,610.0,4.81,40.27794315707088
2026-10-04T14:45:00+05:30,Hambantota_Southern,29.6,257.1019080701372,539.0,4.64,43.90436801387482
2026-10-04T15:00:00+05:30,Hambantota_Southern,29.3,258.27237367392337,474.0,4.45,47.54912814125653
2026-10-04T15:15:00+05:30,Hambantota_Southern,29.0,259.29005818175654,422.0,4.27,51.20829283962171
2026-10-04T15:30:00+05:30,Hambantota_Southern,28.7,260.1854484503539,378.0,4.04,54.87896507732611
2026-10-04T15:45:00+05:30,Hambantota_Southern,28.3,260.981644705995,339.0,3.82,58.55896479182675
2026-10-04T16:00:00+05:30,Hambantota_Southern,27.9,261.6964636756858,299.0,3.55,62.246620684065206
2026-10-04T16:15:00+05:30,Hambantota_Southern,27.5,262.34387192694714,257.0,3.37,65.94063121917264
2026-10-04T16:30:00+05:30,Hambantota_Southern,27.1,262.93498338024875,216.0,3.2,69.6399675983681
2026-10-04T16:45:00+05:30,Hambantota_Southern,26.8,263.4787676370454,176.0,3.06,73.34380528857406
2026-10-04T17:00:00+05:30,Hambantota_Southern,26.5,263.98256261870824,135.0,3.0,77.05147625067443
2026-10-04T17:15:00+05:30,Hambantota_Southern,26.2,264.45245192611003,94.0,2.92,80.76243285501108
2026-10-04T17:30:00+05:30,Hambantota_Southern,26.0,264.8935477621525,55.0,2.84,84.47622099612455
2026-10-04T17:45:00+05:30,Hambantota_Southern,25.9,265.31020716947245,23.0,2.77,88.19246123429622
2026-10-04T18:00:00+05:30,Hambantota_Southern,25.8,265.70620041302806,2.0,2.67,91.9108331488066
2026-10-04T18:15:00+05:30,Hambantota_Southern,25.8,266.08484542462253,0.0,2.52,95.63106311597654
2026-10-04T18:30:00+05:30,Hambantota_Southern,25.7,266.44911854416375,0.0,2.41,99.35291611166564
2026-10-04T18:45:00+05:30,Hambantota_Southern,25.7,266.8017490279809,0.0,2.3,103.0761878811702
2026-10-04T19:00:00+05:30,Hambantota_Southern,25.8,267.14530390924045,0.0,2.13,106.80069849216599
2026-10-04T19:15:00+05:30,Hambantota_Southern,25.8,267.48226912254506,0.0,1.97,110.52628839631271
2026-10-04T19:30:00+05:30,Hambantota_Southern,25.8,267.815132474107,0.0,1.86,114.2528137068322
2026-10-04T19:45:00+05:30,Hambantota_Southern,25.8,268.1464753395261,0.0,1.75,117.98014193458947
2026-10-04T20:00:00+05:30,Hambantota_Southern,25.9,268.47908188094704,0.0,1.65,121.70814944194215
2026-10-04T20:15:00+05:30,Hambantota_Southern,25.9,268.8160777246776,0.0,1.55,125.43671735241782
2026-10-04T20:30:00+05:30,Hambantota_Southern,25.9,269.16111664476665,0.0,1.46,129.16572709801335
2026-10-04T20:45:00+05:30,Hambantota_Southern,25.9,269.518644678566,0.0,1.41,132.89505664021786
2026-10-04T21:00:00+05:30,Hambantota_Southern,25.8,269.8942901815863,0.0,1.35,136.62457366208565
2026-10-04T21:15:00+05:30,Hambantota_Southern,25.8,270.2954648334685,0.0,1.3,140.3541260362659
2026-10-04T21:30:00+05:30,Hambantota_Southern,25.7,270.73233056719846,0.0,1.3,144.08352893124712
2026-10-04T21:45:00+05:30,Hambantota_Southern,25.7,271.2194296533785,0.0,1.3,147.81254147224553
2026-10-04T22:00:00+05:30,Hambantota_Southern,25.6,271.7785860504697,0.0,1.26,151.5408261372058
2026-10-04T22:15:00+05:30,Hambantota_Southern,25.5,272.4444159202268,0.0,1.27,155.2678740834339
2026-10-04T22:30:00+05:30,Hambantota_Southern,25.5,273.27567180119394,0.0,1.29,158.99284924401584
2026-10-04T22:45:00+05:30,Hambantota_Southern,25.4,274.38115984968056,0.0,1.3,162.7142327384908
2026-10-04T23:00:00+05:30,Hambantota_Southern,25.4,275.98791639696555,0.0,1.26,166.42888769104746
2026-10-04T23:15:00+05:30,Hambantota_Southern,25.3,278.66111367652184,0.0,1.28,170.12902275018496
2026-10-04T23:30:00+05:30,Hambantota_Southern,25.3,284.2882072991488,0.0,1.25,173.78841704218013
2026-10-04T23:45:00+05:30,Hambantota_Southern,25.2,304.3007711167738,0.0,1.23,177.23966701660257
2026-10-05T00:00:00+05:30,Hambantota_Southern,25.2,43.1891772369886,0.0,1.19,177.86837468737525
2026-10-05T00:15:00+05:30,Hambantota_Southern,25.1,73.61016985705044,0.0,1.12,174.58183473776222
2026-10-05T00:30:00+05:30,Hambantota_Southern,25.1,80.59986257832145,0.0,1.08,170.94151968580184
2026-10-05T00:45:00+05:30,Hambantota_Southern,25.0,83.67068687702931,0.0,1.04,167.24696087861906
2026-10-05T01:00:00+05:30,Hambantota_Southern,24.9,85.44424860187792,0.0,0.96,163.53474002734615
2026-10-05T01:15:00+05:30,Hambantota_Southern,24.9,86.63510960735249,0.0,0.92,159.81471457827814
2026-10-05T01:30:00+05:30,Hambantota_Southern,24.8,87.51596264847825,0.0,0.88,156.09064893492393
2026-10-05T01:45:00+05:30,Hambantota_Southern,24.8,88.21329196631785,0.0,0.85,152.36430472919403
2026-10-05T02:00:00+05:30,Hambantota_Southern,24.8,88.79385047749167,0.0,0.81,148.63662832273852
2026-10-05T02:15:00+05:30,Hambantota_Southern,24.7,89.29630080036213,0.0,0.78,144.90818496558978
2026-10-05T02:30:00+05:30,Hambantota_Southern,24.7,89.7446920184342,0.0,0.75,141.17934391360572
2026-10-05T02:45:00+05:30,Hambantota_Southern,24.6,90.15487273296628,0.0,0.79,137.45036545155347
2026-10-05T03:00:00+05:30,Hambantota_Southern,24.5,90.53781341928993,0.0,0.9,133.721447264525
2026-10-05T03:15:00+05:30,Hambantota_Southern,24.4,90.90144861644228,0.0,1.01,129.99275069311824
2026-10-05T03:30:00+05:30,Hambantota_Southern,24.3,91.25175760592492,0.0,1.05,126.2644152046936
2026-10-05T03:45:00+05:30,Hambantota_Southern,24.3,91.59342964991077,0.0,1.05,122.53656883122007
2026-10-05T04:00:00+05:30,Hambantota_Southern,24.3,91.9302919185269,0.0,1.03,118.80933553148525
2026-10-05T04:15:00+05:30,Hambantota_Southern,24.3,92.26559675893134,0.0,1.03,115.08283932322772
2026-10-05T04:30:00+05:30,Hambantota_Southern,24.3,92.60222295506406,0.0,0.96,111.3572089879167
2026-10-05T04:45:00+05:30,Hambantota_Southern,24.4,92.94282379111564,0.0,0.92,107.63258234375567
2026-10-05T05:00:00+05:30,Hambantota_Southern,24.4,93.28994239041873,0.0,0.89,103.90910894249981
2026-10-05T05:15:00+05:30,Hambantota_Southern,24.5,93.64610739032452,0.0,0.85,100.18695446514926
2026-10-05T05:30:00+05:30,Hambantota_Southern,24.6,94.0139184053603,0.0,0.76,96.4663055685241
2026-10-05T05:45:00+05:30,Hambantota_Southern,24.7,94.39612853818727,0.0,0.68,92.74737394734862
2026-10-05T06:00:00+05:30,Hambantota_Southern,24.9,94.79572970597695,1.0,0.57,89.03040291133796
2026-10-05T06:15:00+05:30,Hambantota_Southern,25.1,95.21604674621744,29.0,0.47,85.31567534474455
2026-10-05T06:30:00+05:30,Hambantota_Southern,25.3,95.6608468108405,74.0,0.41,81.60352204958542
2026-10-05T06:45:00+05:30,Hambantota_Southern,25.5,96.13447130484883,131.0,0.41,77.89433410936492
2026-10-05T07:00:00+05:30,Hambantota_Southern,25.8,96.64200021521879,196.0,0.47,74.18857867473925
2026-10-05T07:15:00+05:30,Hambantota_Southern,26.1,97.18946210511797,260.0,0.67,70.48681793845864
2026-10-05T07:30:00+05:30,Hambantota_Southern,26.4,97.7841075663631,322.0,0.83,66.78973607918573
2026-10-05T07:45:00+05:30,Hambantota_Southern,26.7,98.43477222592657,380.0,1.05,63.09817528440456
2026-10-05T08:00:00+05:30,Hambantota_Southern,27.0,99.1523674643812,435.0,1.25,59.4131832290679
2026-10-05T08:15:00+05:30,Hambantota_Southern,27.3,99.95055483317753,489.0,1.49,55.73608079995522
2026-10-05T08:30:00+05:30,Hambantota_Southern,27.6,100.84669023706573,541.0,1.74,52.06855755191501
2026-10-05T08:45:00+05:30,Hambantota_Southern,27.9,101.86317175911239,588.0,1.99,48.41280756625675
2026-10-05T09:00:00+05:30,Hambantota_Southern,28.3,103.02940257949092,632.0,2.23,44.7717315608997
2026-10-05T09:15:00+05:30,Hambantota_Southern,28.6,104.38471395103602,673.0,2.44,41.14924181060665
2026-10-05T09:30:00+05:30,Hambantota_Southern,28.9,105.9828224857435,709.0,2.63,37.55073361289431
2026-10-05T09:45:00+05:30,Hambantota_Southern,29.1,107.8987968657944,742.0,2.78,33.98384158779078
2026-10-05T10:00:00+05:30,Hambantota_Southern,29.4,110.24022521461256,770.0,2.93,30.459690549936376
2026-10-05T10:15:00+05:30,Hambantota_Southern,29.6,113.16553420356956,794.0,3.08,26.995039822905376
2026-10-05T10:30:00+05:30,Hambantota_Southern,29.8,116.91448808114933,816.0,3.18,23.616105796292118
2026-10-05T10:45:00+05:30,Hambantota_Southern,30.0,121.85852401165778,834.0,3.28,20.365612401935437
2026-10-05T11:00:00+05:30,Hambantota_Southern,30.1,128.57747818598028,842.0,3.34,17.316055179027742
2026-10-05T11:15:00+05:30,Hambantota_Southern,30.2,137.94037810841166,838.0,3.34,14.593957088255465
2026-10-05T11:30:00+05:30,Hambantota_Southern,30.2,151.01960975848533,818.0,3.34,12.416595778849043
2026-10-05T11:45:00+05:30,Hambantota_Southern,30.2,168.2862483148665,789.0,3.29,11.109035818786367
2026-10-05T12:00:00+05:30,Hambantota_Southern,30.2,187.87465337508007,761.0,3.19,10.98635806946335
2026-10-05T12:15:00+05:30,Hambantota_Southern,30.1,205.83229609932766,742.0,3.04,12.084697019883436
2026-10-05T12:30:00+05:30,Hambantota_Southern,30.0,219.7297905499717,729.0,2.85,14.121967696439441
2026-10-05T12:45:00+05:30,Hambantota_Southern,29.9,229.72703031446082,718.0,2.66,16.759174990284293
2026-10-05T13:00:00+05:30,Hambantota_Southern,29.7,236.8788082927512,705.0,2.42,19.757514468049223
2026-10-05T13:15:00+05:30,Hambantota_Southern,29.5,242.1117429777193,686.0,2.12,22.976024828194667
2026-10-05T13:30:00+05:30,Hambantota_Southern,29.3,246.05639860051397,664.0,1.84,26.334090191709087
2026-10-05T13:45:00+05:30,Hambantota_Southern,29.1,249.1176877564784,640.0,1.57,29.78453209575178
2026-10-05T14:00:00+05:30,Hambantota_Southern,28.8,251.55612257284236,613.0,1.26,33.29863311034509
2026-10-05T14:15:00+05:30,Hambantota_Southern,28.6,253.54296874285853,584.0,0.99,36.85817616486942
2026-10-05T14:30:00+05:30,Hambantota_Southern,28.3,255.19390843361077,552.0,0.76,40.45115259958951
2026-10-05T14:45:00+05:30,Hambantota_Southern,28.1,256.5892409206779,519.0,0.65,44.069371568473485
2026-10-05T15:00:00+05:30,Hambantota_Southern,27.8,257.78615018148344,484.0,0.65,47.7070757152027
2026-10-05T15:15:00+05:30,Hambantota_Southern,27.5,258.82632170220177,447.0,0.81,51.3601099055494
2026-10-05T15:30:00+05:30,Hambantota_Southern,27.3,259.7407917538951,408.0,1.05,55.025406134441845
2026-10-05T15:45:00+05:30,Hambantota_Southern,27.0,260.5531122822692,369.0,1.32,58.70065236386039
2026-10-05T16:00:00+05:30,Hambantota_Southern,26.8,261.28146666138593,327.0,1.58,62.38407414788092
2026-10-05T16:15:00+05:30,Hambantota_Southern,26.5,261.94011621874495,283.0,1.87,66.07428840659931
2026-10-05T16:30:00+05:30,Hambantota_Southern,26.3,262.5404094119414,240.0,2.11,69.77020120426076
2026-10-05T16:45:00+05:30,Hambantota_Southern,26.1,263.0914997519228,196.0,2.3,73.4709355052075
2026-10-05T17:00:00+05:30,Hambantota_Southern,25.9,263.6008659877919,151.0,2.49,77.17578062364788
2026-10-05T17:15:00+05:30,Hambantota_Southern,25.7,264.074695160052,104.0,2.64,80.88415407594104
2026-10-05T17:30:00+05:30,Hambantota_Southern,25.6,264.51816959721424,59.0,2.74,84.5955731499642
2026-10-05T17:45:00+05:30,Hambantota_Southern,25.4,264.9356857927214,24.0,2.84,88.30963487880355
2026-10-05T18:00:00+05:30,Hambantota_Southern,25.3,265.33102410921174,2.0,2.89,92.0259995176626
2026-10-05T18:15:00+05:30,Hambantota_Southern,25.2,265.70748327089154,0.0,2.89,95.7443776623603
2026-10-05T18:30:00+05:30,Hambantota_Southern,25.1,266.06798983146626,0.0,2.89,99.4645215628957
2026-10-05T18:45:00+05:30,Hambantota_Southern,25.0,266.41518993990235,0.0,2.89,103.18621695245665
2026-10-05T19:00:00+05:30,Hambantota_Southern,25.0,266.75152970993923,0.0,2.84,106.90927638164622
2026-10-05T19:15:00+05:30,Hambantota_Southern,24.9,267.0793296458488,0.0,2.79,110.6335351782144
2026-10-05T19:30:00+05:30,Hambantota_Southern,24.8,267.4008580021474,0.0,2.74,114.35884674433909
2026-10-05T19:45:00+05:30,Hambantota_Southern,24.8,267.7184088743763,0.0,2.64,118.08507844576391
2026-10-05T20:00:00+05:30,Hambantota_Southern,24.7,268.03439214091406,0.0,2.54,121.8121093910949
2026-10-05T20:15:00+05:30,Hambantota_Southern,24.7,268.35144460960373,0.0,2.44,125.53982689068843
2026-10-05T20:30:00+05:30,Hambantota_Southern,24.6,268.6725767861891,0.0,2.34,129.2681228725242
2026-10-05T20:45:00+05:30,Hambantota_Southern,24.6,269.00137794708536,0.0,2.25,132.99689145878145
2026-10-05T21:00:00+05:30,Hambantota_Southern,24.5,269.3423167098773,0.0,2.1,136.72602427019527
2026-10-05T21:15:00+05:30,Hambantota_Southern,24.5,269.7012023513632,0.0,1.95,140.45540425087964
2026-10-05T21:30:00+05:30,Hambantota_Southern,24.5,270.08592588419765,0.0,1.86,144.18489826438588
2026-10-05T21:45:00+05:30,Hambantota_Southern,24.4,270.5077094675239,0.0,1.76,147.91434308492572
2026-10-05T22:00:00+05:30,Hambantota_Southern,24.4,270.983333095203,0.0,1.66,151.64352145857413
2026-10-05T22:15:00+05:30,Hambantota_Southern,24.4,271.53937382455644,0.0,1.57,155.3721190797376
2026-10-05T22:30:00+05:30,Hambantota_Southern,24.3,272.2209644139415,0.0,1.47,159.09963370426377
2026-10-05T22:45:00+05:30,Hambantota_Southern,24.3,273.1119117861773,0.0,1.38,162.82516748316772
2026-10-05T23:00:00+05:30,Hambantota_Southern,24.3,274.3880690998201,0.0,1.33,166.54687818417466
2026-10-05T23:15:00+05:30,Hambantota_Southern,24.3,276.4920627152879,0.0,1.22,170.26017389882367
2026-10-05T23:30:00+05:30,Hambantota_Southern,24.2,280.94112175737706,0.0,1.17,173.94930231912073
2026-10-05T23:45:00+05:30,Hambantota_Southern,24.2,297.98474780845436,0.0,1.12,177.50431908685908
2026-10-06T00:00:00+05:30,Hambantota_Southern,24.2,52.66668109189163,0.0,1.12,178.07197013638944
2026-10-06T00:15:00+05:30,Hambantota_Southern,24.1,77.76241307501391,0.0,1.08,174.60767967677924
2026-10-06T00:30:00+05:30,Hambantota_Southern,24.1,83.0857505185125,0.0,1.08,170.92771638460692
2026-10-06T00:45:00+05:30,Hambantota_Southern,24.0,85.43879151476335,0.0,1.08,167.21711018358528
2026-10-06T01:00:00+05:30,Hambantota_Southern,24.0,86.8187520691996,0.0,1.08,163.49663294640936
2026-10-06T01:15:00+05:30,Hambantota_Southern,23.9,87.7627888953067,0.0,1.06,159.77185423435105
2026-10-06T01:30:00+05:30,Hambantota_Southern,23.9,88.4753176364614,0.0,1.06,156.0449110977038
2026-10-06T01:45:00+05:30,Hambantota_Southern,23.8,89.05114512545867,0.0,1.06,152.31681537142404
2026-10-06T02:00:00+05:30,Hambantota_Southern,23.8,89.54036796714837,0.0,1.11,148.58812139908906
2026-10-06T02:15:00+05:30,Hambantota_Southern,23.8,89.97207017393515,0.0,1.11,144.8591705538768
2026-10-06T02:30:00+05:30,Hambantota_Southern,23.7,90.36440975271307,0.0,1.11,141.13019578977773
2026-10-06T02:45:00+05:30,Hambantota_Southern,23.7,90.72941843583396,0.0,1.11,137.40137043789449
2026-10-06T03:00:00+05:30,Hambantota_Southern,23.7,91.07548935980446,0.0,1.11,133.67283484882927
2026-10-06T03:15:00+05:30,Hambantota_Southern,23.6,91.40875780763315,0.0,1.09,129.94471177291678
2026-10-06T03:30:00+05:30,Hambantota_Southern,23.6,91.73391266605978,0.0,1.09,126.21711451914604
2026-10-06T03:45:00+05:30,Hambantota_Southern,23.6,92.05469747534289,0.0,1.09,122.49015357349583
2026-10-06T04:00:00+05:30,Hambantota_Southern,23.6,92.37423443280858,0.0,1.08,118.76394157677802
2026-10-06T04:15:00+05:30,Hambantota_Southern,23.7,92.6952438054725,0.0,1.03,115.03859594719319
2026-10-06T04:30:00+05:30,Hambantota_Southern,23.7,93.0201997444097,0.0,1.02,111.31424261645188
2026-10-06T04:45:00+05:30,Hambantota_Southern,23.8,93.35144727556155,0.0,0.96,107.59101969846931
2026-10-06T05:00:00+05:30,Hambantota_Southern,23.9,93.69129607332059,0.0,0.91,103.86907983449566
2026-10-06T05:15:00+05:30,Hambantota_Southern,24.0,94.04210105935437,0.0,0.85,100.14859442390144
2026-10-06T05:30:00+05:30,Hambantota_Southern,24.1,94.40633734964689,0.0,0.8,96.42975845958497
2026-10-06T05:45:00+05:30,Hambantota_Southern,24.2,94.78667557483413,0.0,0.7,92.71279470969203
2026-10-06T06:00:00+05:30,Hambantota_Southern,24.4,95.18606255364114,1.0,0.67,88.9979605477042
2026-10-06T06:15:00+05:30,Hambantota_Southern,24.6,95.6078127869186,26.0,0.56,85.2855563080948
2026-10-06T06:30:00+05:30,Hambantota_Southern,24.8,96.05571700531698,68.0,0.53,81.57593418599495
2026-10-06T06:45:00+05:30,Hambantota_Southern,25.0,96.5341749144552,121.0,0.51,77.86951135875229
2026-10-06T07:00:00+05:30,Hambantota_Southern,25.3,97.04836201478577,182.0,0.56,74.16678678409573
2026-10-06T07:15:00+05:30,Hambantota_Southern,25.5,97.60444394955647,243.0,0.7,70.46836152369681
2026-10-06T07:30:00+05:30,Hambantota_Southern,25.8,98.20985650030508,301.0,0.82,66.77496748831429
2026-10-06T07:45:00+05:30,Hambantota_Southern,26.1,98.87367784344428,357.0,1.01,63.08750587678516
2026-10-06T08:00:00+05:30,Hambantota_Southern,26.4,99.6071319802935,410.0,1.16,59.40709793906532
2026-10-06T08:15:00+05:30,Hambantota_Southern,26.7,100.42428035782416,464.0,1.39,55.73515721286524
2026-10-06T08:30:00+05:30,Hambantota_Southern,27.0,101.34298913225706,515.0,1.6,52.07349125818737
2026-10-06T08:45:00+05:30,Hambantota_Southern,27.3,102.38630768689279,562.0,1.8,48.424446395571664
2026-10-06T09:00:00+05:30,Hambantota_Southern,27.6,103.58447169722513,607.0,2.04,44.791122564782675
2026-10-06T09:15:00+05:30,Hambantota_Southern,27.9,104.97787685830684,650.0,2.21,41.17769684964517
2026-10-06T09:30:00+05:30,Hambantota_Southern,28.2,106.62159535528411,690.0,2.42,37.58992252270491
2026-10-06T09:45:00+05:30,Hambantota_Southern,28.4,108.59239699595093,726.0,2.59,34.03592671751831
2026-10-06T10:00:00+05:30,Hambantota_Southern,28.7,110.99992033435632,759.0,2.77,30.527523669935015
2026-10-06T10:15:00+05:30,Hambantota_Southern,29.0,114.00480430973886,788.0,2.94,27.082451711980404
2026-10-06T10:30:00+05:30,Hambantota_Southern,29.2,117.84839642723404,814.0,3.08,23.7283248164931
2026-10-06T10:45:00+05:30,Hambantota_Southern,29.4,122.90051524189039,836.0,3.22,20.509823424156522
2026-10-06T11:00:00+05:30,Hambantota_Southern,29.5,129.72864012496768,855.0,3.33,17.501941671924982
2026-10-06T11:15:00+05:30,Hambantota_Southern,29.7,139.15930535179837,869.0,3.47,14.833374739963446
2026-10-06T11:30:00+05:30,Hambantota_Southern,29.8,152.15832642126497,879.0,3.54,12.719519713523255
2026-10-06T11:45:00+05:30,Hambantota_Southern,29.9,169.04292823239643,886.0,3.61,11.471249347655117
2026-10-06T12:00:00+05:30,Hambantota_Southern,29.9,187.98087670149056,888.0,3.68,11.377131255647342
2026-10-06T12:15:00+05:30,Hambantota_Southern,30.0,205.36774107673676,886.0,3.75,12.46333446088336
2026-10-06T12:30:00+05:30,Hambantota_Southern,30.0,218.97756683807728,880.0,3.78,14.466377787498601
2026-10-06T12:45:00+05:30,Hambantota_Southern,30.0,228.89422414459622,871.0,3.82,17.066426347431346
2026-10-06T13:00:00+05:30,Hambantota_Southern,30.0,236.06041736985435,857.0,3.82,20.032341447533113
2026-10-06T13:15:00+05:30,Hambantota_Southern,29.9,241.34114613711586,839.0,3.85,23.224360210067573
2026-10-06T13:30:00+05:30,Hambantota_Southern,29.9,245.3409241782881,817.0,3.85,26.561077689972024
2026-10-06T13:45:00+05:30,Hambantota_Southern,29.8,248.45492010589746,792.0,3.85,29.994228167346897
2026-10-06T14:00:00+05:30,Hambantota_Southern,29.7,250.94052962695548,763.0,3.89,33.49415829670728
2026-10-06T14:15:00+05:30,Hambantota_Southern,29.7,252.9684594923392,730.0,3.85,37.04193025199114
2026-10-06T14:30:00+05:30,Hambantota_Southern,29.6,254.6547550599736,694.0,3.85,40.62499776268873
2026-10-06T14:45:00+05:30,Hambantota_Southern,29.5,256.080353898291,655.0,3.85,44.23477076117274
2026-10-06T15:00:00+05:30,Hambantota_Southern,29.4,257.3031040628033,613.0,3.78,47.86519351156114
2026-10-06T15:15:00+05:30,Hambantota_Southern,29.3,258.36529215367784,568.0,3.78,51.51188543569668
2026-10-06T15:30:00+05:30,Hambantota_Southern,29.2,259.2984682245367,521.0,3.71,55.17160606791114
2026-10-06T15:45:00+05:30,Hambantota_Southern,29.1,260.12661113777403,472.0,3.64,58.841909780395014
2026-10-06T16:00:00+05:30,Hambantota_Southern,29.0,260.86825330001375,419.0,3.57,62.52091738829071
2026-10-06T16:15:00+05:30,Hambantota_Southern,28.8,261.5379380435428,363.0,3.5,66.20716276210807
2026-10-06T16:30:00+05:30,Hambantota_Southern,28.7,262.14723894889516,309.0,3.43,69.8994854310354
2026-10-06T16:45:00+05:30,Hambantota_Southern,28.6,262.7054863538582,252.0,3.36,73.59695455854381
2026-10-06T17:00:00+05:30,Hambantota_Southern,28.5,263.2202943997866,194.0,3.22,77.29881559629744
2026-10-06T17:15:00+05:30,Hambantota_Southern,28.4,263.6979493053125,133.0,3.15,81.00445005562433
2026-10-06T17:30:00+05:30,Hambantota_Southern,28.3,264.14370010038687,75.0,3.01,84.71334550344874
2026-10-06T17:45:00+05:30,Hambantota_Southern,28.2,264.56197989817673,29.0,2.86,88.42507435022526
2026-10-06T18:00:00+05:30,Hambantota_Southern,28.1,264.95657673432794,2.0,2.69,92.13927641687437
2026-09-29T18:15:00+05:30,Kandy_Central,23.8,268.02079405682537,0.0,0.85,94.59486884016424
2026-09-29T18:30:00+05:30,Kandy_Central,23.6,268.48005783863005,0.0,0.87,98.31414582344249
2026-09-29T18:45:00+05:30,Kandy_Central,23.5,268.93708259905503,0.0,0.83,102.03419450313424
2026-09-29T19:00:00+05:30,Kandy_Central,23.4,269.39570762945766,0.0,0.75,105.75477871657407
2026-09-29T19:15:00+05:30,Kandy_Central,23.4,269.85997339047964,0.0,0.67,109.47566502588869
2026-09-29T19:30:00+05:30,Kandy_Central,23.3,270.33427990631617,0.0,0.57,113.19661400068857
2026-09-29T19:45:00+05:30,Kandy_Central,23.3,270.82358030171054,0.0,0.46,116.9173703853194
2026-09-29T20:00:00+05:30,Kandy_Central,23.2,271.33362965796664,0.0,0.32,120.63765275507548
2026-09-29T20:15:00+05:30,Kandy_Central,23.2,271.8713181950232,0.0,0.21,124.35713839864863
2026-09-29T20:30:00+05:30,Kandy_Central,23.1,272.4451340487892,0.0,0.15,128.07544302632505
2026-09-29T20:45:00+05:30,Kandy_Central,23.0,273.06582768805964,0.0,0.15,131.79209378563118
2026-09-29T21:00:00+05:30,Kandy_Central,22.9,273.74739598858014,0.0,0.11,135.50648765510442
2026-09-29T21:15:00+05:30,Kandy_Central,22.8,274.508588805659,0.0,0.18,139.217828249627
2026-09-29T21:30:00+05:30,Kandy_Central,22.6,275.3752994269686,0.0,0.18,142.92502741262928
2026-09-29T21:45:00+05:30,Kandy_Central,22.5,276.38451159258034,0.0,0.11,146.626540283416
2026-09-29T22:00:00+05:30,Kandy_Central,22.3,277.5911263905871,0.0,0.05,150.32007929826557
2026-09-29T22:15:00+05:30,Kandy_Central,22.2,279.08043584159486,0.0,0.05,154.002090329971
2026-09-29T22:30:00+05:30,Kandy_Central,22.1,280.9924668913793,0.0,0.11,157.66671822440105
2026-09-29T22:45:00+05:30,Kandy_Central,22.0,283.5734926000232,0.0,0.16,161.30358658958198
2026-09-29T23:00:00+05:30,Kandy_Central,21.8,287.29649018542113,0.0,0.21,164.89248270884343
2026-09-29T23:15:00+05:30,Kandy_Central,21.7,293.17929206776654,0.0,0.21,168.388684425618
2026-09-29T23:30:00+05:30,Kandy_Central,21.6,303.73845996536335,0.0,0.25,171.67442530096457
2026-09-29T23:45:00+05:30,Kandy_Central,21.5,325.7129096747315,0.0,0.3,174.3682704031659
2026-09-30T00:00:00+05:30,Kandy_Central,21.4,7.0779124459539275,0.0,0.35,175.3067103737544
2026-09-30T00:15:00+05:30,Kandy_Central,21.3,43.030879380333886,0.0,0.41,173.65596063371012
2026-09-30T00:30:00+05:30,Kandy_Central,21.1,60.38556736202412,0.0,0.46,170.70618691140658
2026-09-30T00:45:00+05:30,Kandy_Central,21.0,69.07641978520462,0.0,0.56,167.33471565468585
2026-09-30T01:00:00+05:30,Kandy_Central,20.8,74.1329647154343,0.0,0.67,163.80285897500227
2026-09-30T01:15:00+05:30,Kandy_Central,20.7,77.43484509665797,0.0,0.76,160.19633864348782
2026-09-30T01:30:00+05:30,Kandy_Central,20.6,79.7762751704376,0.0,0.81,156.54968036241667
2026-09-30T01:45:00+05:30,Kandy_Central,20.5,81.54055887063862,0.0,0.81,152.8791789927862
2026-09-30T02:00:00+05:30,Kandy_Central,20.4,82.93322201308592,0.0,0.7,149.19347010227256
2026-09-30T02:15:00+05:30,Kandy_Central,20.3,84.073821434146,0.0,0.65,145.49754703228461
2026-09-30T02:30:00+05:30,Kandy_Central,20.2,85.03651663932766,0.0,0.55,141.79450074530675
2026-09-30T02:45:00+05:30,Kandy_Central,20.2,85.86975967184583,0.0,0.45,138.086352392787
2026-09-30T03:00:00+05:30,Kandy_Central,20.1,86.60660338476362,0.0,0.4,134.3744866564424
2026-09-30T03:15:00+05:30,Kandy_Central,20.1,87.27044492885977,0.0,0.3,130.65989213614552
2026-09-30T03:30:00+05:30,Kandy_Central,20.0,87.87839677123384,0.0,0.25,126.94330071261108
2026-09-30T03:45:00+05:30,Kandy_Central,20.0,88.44335438571102,0.0,0.25,123.22527407573835
2026-09-30T04:00:00+05:30,Kandy_Central,20.0,88.97531456066031,0.0,0.3,119.50625918286708
2026-09-30T04:15:00+05:30,Kandy_Central,20.0,89.48224577016788,0.0,0.35,115.78662374501044
2026-09-30T04:30:00+05:30,Kandy_Central,20.0,89.97068146231538,0.0,0.35,112.06668189418428
2026-09-30T04:45:00+05:30,Kandy_Central,20.0,90.44613779769793,0.0,0.35,108.34671276102802
2026-09-30T05:00:00+05:30,Kandy_Central,19.9,90.91341809328316,0.0,0.35,104.62697307567029
2026-09-30T05:15:00+05:30,Kandy_Central,19.9,91.37684302006926,0.0,0.3,100.90770846346582
2026-09-30T05:30:00+05:30,Kandy_Central,19.9,91.84043279041816,0.0,0.3,97.18916307708615
2026-09-30T05:45:00+05:30,Kandy_Central,19.9,92.30805950784611,0.0,0.25,93.47158689457595
2026-09-30T06:00:00+05:30,Kandy_Central,20.0,92.7835825293264,0.0,0.21,89.7552443372119
2026-09-30T06:15:00+05:30,Kandy_Central,20.1,93.270977569786,18.0,0.15,86.0404232893818
2026-09-30T06:30:00+05:30,Kandy_Central,20.4,93.77446909521194,54.0,0.16,82.32744362807071
2026-09-30T06:45:00+05:30,Kandy_Central,20.9,94.29867497306009,99.0,0.29,78.616668916198
2026-09-30T07:00:00+05:30,Kandy_Central,21.7,94.84877403449343,151.0,0.5,74.90852059527339
2026-09-30T07:15:00+05:30,Kandy_Central,22.5,95.43070968674436,204.0,0.67,71.20349428077432
2026-09-30T07:30:00+05:30,Kandy_Central,23.2,96.05144620498015,256.0,0.6,67.50218265676719
2026-09-30T07:45:00+05:30,Kandy_Central,23.9,96.71930151971327,308.0,0.3,63.80530562663024
2026-09-30T08:00:00+05:30,Kandy_Central,24.4,97.44439075036229,357.0,0.56,60.11374938926585
2026-09-30T08:15:00+05:30,Kandy_Central,25.0,98.2392302223949,403.0,1.17,56.428622141442744
2026-09-30T08:30:00+05:30,Kandy_Central,25.5,99.11957832058613,439.0,1.7,52.75133218199915
2026-09-30T08:45:00+05:30,Kandy_Central,25.9,100.10563186412895,469.0,2.09,49.08369836127102
2026-09-30T09:00:00+05:30,Kandy_Central,26.2,101.22376568965689,501.0,2.44,45.42811430717288
2026-09-30T09:15:00+05:30,Kandy_Central,26.5,102.50912309430527,546.0,2.77,41.787795626768265
2026-09-30T09:30:00+05:30,Kandy_Central,26.8,104.00957305097478,604.0,2.97,38.167161266384085
2026-09-30T09:45:00+05:30,Kandy_Central,27.1,105.79192079614955,670.0,3.08,34.57244542057922
2026-09-30T10:00:00+05:30,Kandy_Central,27.5,107.95194038469452,733.0,3.18,31.012710666156373
2026-09-30T10:15:00+05:30,Kandy_Central,27.8,110.63106038900304,784.0,3.23,27.501590859037947
2026-09-30T10:30:00+05:30,Kandy_Central,28.1,114.04483976856471,829.0,3.31,24.060424597507478
2026-09-30T10:45:00+05:30,Kandy_Central,28.3,118.53222579735387,866.0,3.46,20.724133753867065
2026-09-30T11:00:00+05:30,Kandy_Central,28.5,124.63863550864528,892.0,3.61,17.552667020255328
2026-09-30T11:15:00+05:30,Kandy_Central,28.6,133.23538360812785,904.0,3.77,14.653480374199816
2026-09-30T11:30:00+05:30,Kandy_Central,28.7,145.57242777261132,896.0,3.87,12.221939260908925
2026-09-30T11:45:00+05:30,Kandy_Central,28.8,162.72234611411636,878.0,3.92,10.58540214326186
2026-09-30T12:00:00+05:30,Kandy_Central,28.7,183.51854511929878,861.0,3.96,10.136553564607269
2026-09-30T12:15:00+05:30,Kandy_Central,28.7,203.46191573746444,856.0,3.96,11.021473716941088
2026-09-30T12:30:00+05:30,Kandy_Central,28.6,218.95322735707936,867.0,4.01,12.969969486273925
2026-09-30T12:45:00+05:30,Kandy_Central,28.4,229.8782930974611,877.0,4.17,15.588168860548748
2026-09-30T13:00:00+05:30,Kandy_Central,28.2,237.51484903801162,871.0,4.38,18.59529283702453
2026-09-30T13:15:00+05:30,Kandy_Central,27.9,242.99773513230116,832.0,4.54,21.83119093356727
2026-09-30T13:30:00+05:30,Kandy_Central,27.8,247.07470649830927,760.0,4.55,25.207890501248258
2026-09-30T13:45:00+05:30,Kandy_Central,27.8,250.20988883651572,677.0,4.32,28.675667866245966
2026-09-30T14:00:00+05:30,Kandy_Central,27.8,252.69343714624137,602.0,3.94,32.20508713094765
2026-09-30T14:15:00+05:30,Kandy_Central,27.9,254.7117530956428,550.0,3.5,35.777880598004614
2026-09-30T14:30:00+05:30,Kandy_Central,27.8,256.3884545291063,517.0,3.19,39.38221331216433
2026-09-30T14:45:00+05:30,Kandy_Central,27.4,257.8081102683855,489.0,2.93,43.01012371871973
2026-09-30T15:00:00+05:30,Kandy_Central,26.9,259.0302576903046,459.0,2.8,46.65607723069309
2026-09-30T15:15:00+05:30,Kandy_Central,26.4,260.09791328122265,417.0,2.77,50.316114648511245
2026-09-30T15:30:00+05:30,Kandy_Central,25.9,261.0428931209338,369.0,2.76,53.98733296135675
2026-09-30T15:45:00+05:30,Kandy_Central,25.4,261.88923394811553,320.0,2.83,57.6675560047519
2026-09-30T16:00:00+05:30,Kandy_Central,24.9,262.65545245633064,275.0,2.95,61.35511969610471
2026-09-30T16:15:00+05:30,Kandy_Central,24.4,263.35607491152587,238.0,3.07,65.04872958313507
2026-09-30T16:30:00+05:30,Kandy_Central,24.1,264.00269638201735,208.0,2.94,68.74736196660427
2026-09-30T16:45:00+05:30,Kandy_Central,23.9,264.6047305840341,178.0,2.38,72.450194406803
2026-09-30T17:00:00+05:30,Kandy_Central,23.8,265.16995225452933,145.0,1.5,76.15655732742756
2026-09-30T17:15:00+05:30,Kandy_Central,23.7,265.7048975335242,107.0,0.76,79.86589747370282
2026-09-30T17:30:00+05:30,Kandy_Central,23.6,266.2151665108195,68.0,0.7,83.57775059893716
2026-09-30T17:45:00+05:30,Kandy_Central,23.4,266.705658010005,34.0,0.9,87.2917221125467
2026-09-30T18:00:00+05:30,Kandy_Central,23.2,267.1807571721153,7.0,1.08,91.00747081358209
2026-09-30T18:15:00+05:30,Kandy_Central,22.9,267.6444913737101,0.0,1.12,94.72469585107868
2026-09-30T18:30:00+05:30,Kandy_Central,22.8,268.1006664071574,0.0,1.14,98.44312743751712
2026-09-30T18:45:00+05:30,Kandy_Central,22.7,268.55299227131366,0.0,1.07,102.1625175755058
2026-09-30T19:00:00+05:30,Kandy_Central,22.6,269.00520766180705,0.0,0.89,105.88263168282234
2026-09-30T19:15:00+05:30,Kandy_Central,22.6,269.46121247585273,0.0,0.74,109.60324206911484
2026-09-30T19:30:00+05:30,Kandy_Central,22.6,269.9252185512581,0.0,0.65,113.32411972523305
2026-09-30T19:45:00+05:30,Kandy_Central,22.5,270.40193237569736,0.0,0.65,117.04502529716733
2026-09-30T20:00:00+05:30,Kandy_Central,22.5,270.89678874059217,0.0,0.71,120.76569995790969
2026-09-30T20:15:00+05:30,Kandy_Central,22.4,271.4162625326856,0.0,0.78,124.48585206996424
2026-09-30T20:30:00+05:30,Kandy_Central,22.4,271.96830112480274,0.0,0.81,128.2051394960412
2026-09-30T20:45:00+05:30,Kandy_Central,22.3,272.56294499861093,0.0,0.78,131.92314646240123
2026-09-30T21:00:00+05:30,Kandy_Central,22.3,273.2132475774803,0.0,0.71,135.6393477264156
2026-09-30T21:15:00+05:30,Kandy_Central,22.2,273.93668553883214,0.0,0.6,139.3530542535962
2026-09-30T21:30:00+05:30,Kandy_Central,22.2,274.7574015169706,0.0,0.54,143.06332884070446
2026-09-30T21:45:00+05:30,Kandy_Central,22.1,275.70991839634894,0.0,0.51,146.76884414891398
2026-09-30T22:00:00+05:30,Kandy_Central,22.0,276.84558967203895,0.0,0.49,150.4676358792278
2026-09-30T22:15:00+05:30,Kandy_Central,21.9,278.2444492043128,0.0,0.45,154.15664903254233
2026-09-30T22:30:00+05:30,Kandy_Central,21.9,280.03851198962775,0.0,0.43,157.83083627328375
2026-09-30T22:45:00+05:30,Kandy_Central,21.8,282.4616161819807,0.0,0.36,161.48120627481927
2026-09-30T23:00:00+05:30,Kandy_Central,21.8,285.9679459502607,0.0,0.36,165.09009052025863
2026-09-30T23:15:00+05:30,Kandy_Central,21.7,291.5540677573585,0.0,0.3,168.61779107039985
2026-09-30T23:30:00+05:30,Kandy_Central,21.6,301.7790886785255,0.0,0.25,171.95659572484175
2026-09-30T23:45:00+05:30,Kandy_Central,21.6,324.08962296542165,0.0,0.21,174.73386316125456
2026-10-01T00:00:00+05:30,Kandy_Central,21.5,8.791339833142274,0.0,0.2,175.67992762523852
2026-10-01T00:15:00+05:30,Kandy_Central,21.4,46.06443228523074,0.0,0.16,173.87719944434218
2026-10-01T00:30:00+05:30,Kandy_Central,21.3,62.747089391929535,0.0,0.16,170.82350456618894
2026-10-01T00:45:00+05:30,Kandy_Central,21.3,70.86724669021118,0.0,0.18,167.3976553762256
2026-10-01T01:00:00+05:30,Kandy_Central,21.2,75.55189739548013,0.0,0.28,163.8346462437285
2026-10-01T01:15:00+05:30,Kandy_Central,21.2,78.60551017500313,0.0,0.39,160.2085203083067
2026-10-01T01:30:00+05:30,Kandy_Central,21.1,80.77305125175201,0.0,0.46,156.54864803856935
2026-10-01T01:45:00+05:30,Kandy_Central,21.0,82.41025410174802,0.0,0.42,152.8688001722194
2026-10-01T02:00:00+05:30,Kandy_Central,20.8,83.70682064100492,0.0,0.36,149.17625342499707
2026-10-01T02:15:00+05:30,Kandy_Central,20.7,84.77277489482356,0.0,0.32,145.4752116394239
2026-10-01T02:30:00+05:30,Kandy_Central,20.6,85.67625556425111,0.0,0.3,141.7682785162312
2026-10-01T02:45:00+05:30,Kandy_Central,20.6,86.4617511857723,0.0,0.3,138.05715967770317
2026-10-01T03:00:00+05:30,Kandy_Central,20.6,87.15961185381263,0.0,0.3,134.34302749022208
2026-10-01T03:15:00+05:30,Kandy_Central,20.6,87.7913362164768,0.0,0.3,130.62672326181
2026-10-01T03:30:00+05:30,Kandy_Central,20.6,88.37266975881386,0.0,0.3,126.90887423122115
2026-10-01T03:45:00+05:30,Kandy_Central,20.6,88.91550344937275,0.0,0.32,123.18996643895107
2026-10-01T04:00:00+05:30,Kandy_Central,20.6,89.42908384046518,0.0,0.36,119.47039154120503
2026-10-01T04:15:00+05:30,Kandy_Central,20.6,89.92081221663454,0.0,0.38,115.75047668542034
2026-10-01T04:30:00+05:30,Kandy_Central,20.5,90.39678990372602,0.0,0.43,112.03050644089149
2026-10-01T04:45:00+05:30,Kandy_Central,20.5,90.8622030544156,0.0,0.47,108.3107388574926
2026-10-01T05:00:00+05:30,Kandy_Central,20.4,91.32160413471604,0.0,0.56,104.59141635848243
2026-10-01T05:15:00+05:30,Kandy_Central,20.3,91.77912601170073,0.0,0.66,100.87277588992237
2026-10-01T05:30:00+05:30,Kandy_Central,20.3,92.23865285172019,0.0,0.7,97.15505781196961
2026-10-01T05:45:00+05:30,Kandy_Central,20.3,92.70396469602474,0.0,0.75,93.43851276913882
2026-10-01T06:00:00+05:30,Kandy_Central,20.3,93.17886772800091,0.0,0.85,89.72341012627544
2026-10-01T06:15:00+05:30,Kandy_Central,20.5,93.66732042809349,20.0,0.91,86.01004704047219
2026-10-01T06:30:00+05:30,Kandy_Central,20.7,94.17356486435261,59.0,0.92,82.29875725514816
2026-10-01T06:45:00+05:30,Kandy_Central,21.2,94.70227196077633,105.0,0.89,78.5899232943972
2026-10-01T07:00:00+05:30,Kandy_Central,21.8,95.25871142418458,158.0,0.85,74.8839914271482
2026-10-01T07:15:00+05:30,Kandy_Central,22.4,95.84895965152958,214.0,0.78,71.18148906865228
2026-10-01T07:30:00+05:30,Kandy_Central,23.0,96.4801625940708,276.0,0.71,67.48304921586062
2026-10-01T07:45:00+05:30,Kandy_Central,23.6,97.16087795628329,341.0,0.74,63.78944271525631
2026-10-01T08:00:00+05:30,Kandy_Central,24.2,97.90153182053223,407.0,0.96,60.10162026093769
2026-10-01T08:15:00+05:30,Kandy_Central,24.7,98.7150406291234,468.0,1.27,56.42077215157782
2026-10-01T08:30:00+05:30,Kandy_Central,25.2,99.61767657314743,522.0,1.41,52.748412076720115
2026-10-01T08:45:00+05:30,Kandy_Central,25.7,100.63029740923707,571.0,1.37,49.0864956533684
2026-10-01T09:00:00+05:30,Kandy_Central,26.1,101.78013142336744,616.0,1.18,45.43759634002754
2026-10-01T09:15:00+05:30,Kandy_Central,26.5,103.10342876938057,661.0,1.06,41.805169835774265
2026-10-01T09:30:00+05:30,Kandy_Central,26.9,104.64949801039637,703.0,1.03,38.193961226000425
2026-10-01T09:45:00+05:30,Kandy_Central,27.4,106.48701231165688,741.0,1.1,34.610656240227485
2026-10-01T10:00:00+05:30,Kandy_Central,27.8,108.71413270935079,776.0,1.25,31.064955341937456
2026-10-01T10:15:00+05:30,Kandy_Central,28.2,111.47519588546828,809.0,1.34,27.57141156127709
2026-10-01T10:30:00+05:30,Kandy_Central,28.6,114.98882205228347,841.0,1.45,24.15270889784145
2026-10-01T10:45:00+05:30,Kandy_Central,29.0,119.59553759793852,868.0,1.48,20.845742267745706
2026-10-01T11:00:00+05:30,Kandy_Central,29.3,125.83519508236435,891.0,1.48,17.713243076359518
2026-10-01T11:15:00+05:30,Kandy_Central,29.6,134.54908833369313,907.0,1.51,14.86595041494374
2026-10-01T11:30:00+05:30,Kandy_Central,29.6,146.89080437310827,918.0,1.64,12.500333222903208
2026-10-01T11:45:00+05:30,Kandy_Central,29.3,163.73666300038212,922.0,2.02,10.933668920064733
2026-10-01T12:00:00+05:30,Kandy_Central,28.6,183.83475649071104,919.0,2.64,10.528873843942321
2026-10-01T12:15:00+05:30,Kandy_Central,28.0,203.06530412685353,906.0,3.2,11.410286565356174
2026-10-01T12:30:00+05:30,Kandy_Central,27.6,218.17876009565086,885.0,3.34,13.32506441750111
2026-10-01T12:45:00+05:30,Kandy_Central,27.7,228.9968606338693,856.0,2.84,15.904242041111289
2026-10-01T13:00:00+05:30,Kandy_Central,28.1,236.64806328707226,818.0,1.9,18.87741317626002
2026-10-01T13:15:00+05:30,Kandy_Central,28.5,242.18584423909965,772.0,0.99,22.086011686873846
2026-10-01T13:30:00+05:30,Kandy_Central,28.4,246.3254577375684,714.0,0.68,25.44109564584555
2026-10-01T13:45:00+05:30,Kandy_Central,27.6,249.51970852207484,652.0,1.0,28.891653285730555
2026-10-01T14:00:00+05:30,Kandy_Central,26.5,252.0554966899948,591.0,1.57,32.40717665134864
2026-10-01T14:15:00+05:30,Kandy_Central,25.2,254.11887391194165,535.0,2.05,35.968594775585885
2026-10-01T14:30:00+05:30,Kandy_Central,24.3,255.8340661870249,480.0,2.25,39.563486690650514
2026-10-01T14:45:00+05:30,Kandy_Central,23.7,257.28648606410053,429.0,2.0,43.183463533797045
2026-10-01T15:00:00+05:30,Kandy_Central,23.4,258.53649235117666,382.0,1.66,46.82267621349514
2026-10-01T15:15:00+05:30,Kandy_Central,23.2,259.62781980298604,342.0,1.56,50.47693106121716
2026-10-01T15:30:00+05:30,Kandy_Central,23.0,260.59288510224286,307.0,1.63,54.14314786902744
2026-10-01T15:45:00+05:30,Kandy_Central,22.9,261.45621664815417,276.0,1.5,57.81901479895383
2026-10-01T16:00:00+05:30,Kandy_Central,22.9,262.2367290365995,245.0,1.25,61.50276263915936
2026-10-01T16:15:00+05:30,Kandy_Central,22.9,262.94926802325244,214.0,1.17,65.19301462693755
2026-10-01T16:30:00+05:30,Kandy_Central,22.9,263.6056831176919,185.0,1.23,68.88868206774613
2026-10-01T16:45:00+05:30,Kandy_Central,22.9,264.21558833434636,156.0,1.13,72.58889087717479
2026-10-01T17:00:00+05:30,Kandy_Central,23.0,264.7869131245505,125.0,0.81,76.29293029686433
2026-10-01T17:15:00+05:30,Kandy_Central,23.0,265.3263092535728,93.0,0.45,80.00021424178125
2026-10-01T17:30:00+05:30,Kandy_Central,23.0,265.83945807751434,62.0,0.2,83.71025242864347
2026-10-01T17:45:00+05:30,Kandy_Central,22.8,266.33130853833916,32.0,0.1,87.42262989111175
2026-10-01T18:00:00+05:30,Kandy_Central,22.5,266.8062666014917,6.0,0.1,91.13698989055365
2026-10-01T18:15:00+05:30,Kandy_Central,22.3,267.2683517647775,0.0,0.21,94.85302031399286
2026-10-01T18:30:00+05:30,Kandy_Central,22.1,267.72133256652467,0.0,0.3,98.57044403404137
2026-10-01T18:45:00+05:30,Kandy_Central,22.1,268.16885035133475,0.0,0.4,102.2890094731094
2026-10-01T19:00:00+05:30,Kandy_Central,22.1,268.6145401816778,0.0,0.55,106.00848225045826
2026-10-01T19:15:00+05:30,Kandy_Central,22.2,269.06215786042833,0.0,0.65,109.72863887759532
2026-10-01T19:30:00+05:30,Kandy_Central,22.2,269.51572274284575,0.0,0.7,113.44925899189458
2026-10-01T19:45:00+05:30,Kandy_Central,22.2,269.97968924507535,0.0,0.66,117.17011706755602
2026-10-01T20:00:00+05:30,Kandy_Central,22.2,270.45916475611693,0.0,0.6,120.89097439574748
2026-10-01T20:15:00+05:30,Kandy_Central,22.2,270.96019923413303,0.0,0.6,124.61156739517804
2026-10-01T20:30:00+05:30,Kandy_Central,22.1,271.4901859671479,0.0,0.67,128.3315923427212
2026-10-01T20:45:00+05:30,Kandy_Central,22.1,272.0584364168651,0.0,0.7,132.05068582547892
2026-10-01T21:00:00+05:30,Kandy_Central,22.0,272.6770325325838,0.0,0.68,135.76839431682703
2026-10-01T21:15:00+05:30,Kandy_Central,21.9,273.362135181146,0.0,0.63,139.4841281933017
2026-10-01T21:30:00+05:30,Kandy_Central,21.9,274.13606903575,0.0,0.59,143.1970906098921
2026-10-01T21:45:00+05:30,Kandy_Central,21.9,275.0307852166493,0.0,0.45,146.90615733866508
2026-10-01T22:00:00+05:30,Kandy_Central,22.0,276.0938974130706,0.0,0.29,150.60966738428013
2026-10-01T22:15:00+05:30,Kandy_Central,22.1,277.39982740599197,0.0,0.3,154.30503687751303
2026-10-01T22:30:00+05:30,Kandy_Central,22.1,279.07187665518705,0.0,0.43,157.9879871859551
2026-10-01T22:45:00+05:30,Kandy_Central,22.0,281.32992539222397,0.0,0.56,161.65086059637122
2026-10-01T23:00:00+05:30,Kandy_Central,21.9,284.605672004967,0.0,0.7,165.2784846547027
2026-10-01T23:15:00+05:30,Kandy_Central,21.8,289.8643113234998,0.0,0.87,168.8362600813723
2026-10-01T23:30:00+05:30,Kandy_Central,21.7,299.6791341812102,0.0,1.0,172.22747618769847
2026-10-01T23:45:00+05:30,Kandy_Central,21.7,322.21819737542523,0.0,0.93,175.0934712525772
2026-10-02T00:00:00+05:30,Kandy_Central,21.7,10.806398201700574,0.0,0.81,176.0483371300873
2026-10-02T00:15:00+05:30,Kandy_Central,21.7,49.30304789699068,0.0,0.7,174.08081117644224
2026-10-02T00:30:00+05:30,Kandy_Central,21.7,65.15884713367973,0.0,0.61,170.9260655900929
2026-10-02T00:45:00+05:30,Kandy_Central,21.6,72.67007555658398,0.0,0.62,167.4496271898962
2026-10-02T01:00:00+05:30,Kandy_Central,21.6,76.97261554003546,0.0,0.66,163.8581234230719
2026-10-02T01:15:00+05:30,Kandy_Central,21.6,79.77492666326123,0.0,0.71,160.21422698739661
2026-10-02T01:30:00+05:30,Kandy_Central,21.5,81.76770087491826,0.0,0.71,156.54246053288065
2026-10-02T01:45:00+05:30,Kandy_Central,21.5,83.27766366844048,0.0,0.66,152.85425736219145
2026-10-02T02:00:00+05:30,Kandy_Central,21.4,84.47822208966659,0.0,0.62,149.15564579230673
2026-10-02T02:15:00+05:30,Kandy_Central,21.4,85.4696983203803,0.0,0.57,145.4501076747942
2026-10-02T02:30:00+05:30,Kandy_Central,21.3,86.31414664870806,0.0,0.52,141.73980244826646
2026-10-02T02:45:00+05:30,Kandy_Central,21.3,87.0520683166776,0.0,0.57,138.026148696088
2026-10-02T03:00:00+05:30,Kandy_Central,21.2,87.71110266783012,0.0,0.67,134.31012602571803
2026-10-02T03:15:00+05:30,Kandy_Central,21.2,88.31084822671852,0.0,0.72,130.59244230700978
2026-10-02T03:30:00+05:30,Kandy_Central,21.2,88.86568437033975,0.0,0.76,126.87363022915238
2026-10-02T03:45:00+05:30,Kandy_Central,21.2,89.38649929371167,0.0,0.72,123.15410771838779
2026-10-02T04:00:00+05:30,Kandy_Central,21.2,89.88179120748248,0.0,0.57,119.4342168987958
2026-10-02T04:15:00+05:30,Kandy_Central,21.3,90.35839598245764,0.0,0.43,115.71424886307773
2026-10-02T04:30:00+05:30,Kandy_Central,21.3,90.82198437600107,0.0,0.38,111.99446222140891
2026-10-02T04:45:00+05:30,Kandy_Central,21.3,91.27741383943953,0.0,0.43,108.27509688642554
2026-10-02T05:00:00+05:30,Kandy_Central,21.2,91.72898705298542,0.0,0.54,104.55638343342198
2026-10-02T05:15:00+05:30,Kandy_Central,21.2,92.18064991849934,0.0,0.65,100.83855223489266
2026-10-02T05:30:00+05:30,Kandy_Central,21.2,92.63615118321599,0.0,0.7,97.12184170730633
2026-10-02T05:45:00+05:30,Kandy_Central,21.2,93.09917925001474,0.0,0.6,93.40650482830337
2026-10-02T06:00:00+05:30,Kandy_Central,21.4,93.57348734813104,0.0,0.51,89.69281746053802
2026-10-02T06:15:00+05:30,Kandy_Central,21.5,94.0630167267413,20.0,0.36,85.98108752251989
2026-10-02T06:30:00+05:30,Kandy_Central,21.7,94.57202681410598,59.0,0.29,82.27166410086033
2026-10-02T06:45:00+05:30,Kandy_Central,22.0,95.10524105487133,105.0,0.4,78.56495018961537
2026-10-02T07:00:00+05:30,Kandy_Central,22.3,95.66801912234791,159.0,0.61,74.86141847561993
2026-10-02T07:15:00+05:30,Kandy_Central,22.6,96.26656899832477,215.0,0.87,71.16162990124053
2026-10-02T07:30:00+05:30,Kandy_Central,23.0,96.90821622380861,276.0,0.95,67.46625969416581
2026-10-02T07:45:00+05:30,Kandy_Central,23.4,97.60175522201007,339.0,0.81,63.776131830491444
2026-10-02T08:00:00+05:30,Kandy_Central,23.9,98.35791857055972,403.0,0.56,60.09226403886268
2026-10-02T08:15:00+05:30,Kandy_Central,24.4,99.19001625006877,464.0,0.25,56.41593171692729
2026-10-02T08:30:00+05:30,Kandy_Central,24.9,100.11482444644366,521.0,0.22,52.748757532896654
2026-10-02T08:45:00+05:30,Kandy_Central,25.6,101.15384696752864,574.0,0.39,49.09283820843003
2026-10-02T09:00:00+05:30,Kandy_Central,26.3,102.33514248662192,623.0,0.54,45.45093230414862
2026-10-02T09:15:00+05:30,Kandy_Central,26.9,103.6960314080244,670.0,0.69,41.826742004824645
2026-10-02T09:30:00+05:30,Kandy_Central,27.5,105.28720216893879,713.0,0.87,38.22534615844737
2026-10-02T09:45:00+05:30,Kandy_Central,27.8,107.17909545354524,752.0,1.05,34.6538907242226
2026-10-02T10:00:00+05:30,Kandy_Central,28.1,109.4720849143306,786.0,1.3,31.12272281433748
2026-10-02T10:15:00+05:30,Kandy_Central,28.3,112.31310266685614,816.0,1.51,27.647320153229302
2026-10-02T10:30:00+05:30,Kandy_Central,28.5,115.92325441079879,843.0,1.69,24.25170491266438
2026-10-02T10:45:00+05:30,Kandy_Central,28.8,120.6435788484128,865.0,1.84,20.974699179720858
2026-10-02T11:00:00+05:30,Kandy_Central,29.0,127.00649990598555,878.0,1.97,17.88166562875142
2026-10-02T11:15:00+05:30,Kandy_Central,29.2,135.8209109843587,877.0,2.13,15.086220243813628
2026-10-02T11:30:00+05:30,Kandy_Central,29.3,148.14567190192196,861.0,2.18,12.78510766970831
2026-10-02T11:45:00+05:30,Kandy_Central,29.3,164.68157129975793,836.0,2.28,11.284913823759453
2026-10-02T12:00:00+05:30,Kandy_Central,29.2,184.12169196025079,808.0,2.44,10.92086222710249
2026-10-02T12:15:00+05:30,Kandy_Central,28.9,202.68950016603816,784.0,2.53,11.798597302799422
2026-10-02T12:30:00+05:30,Kandy_Central,28.5,217.4407836243973,763.0,2.46,13.681159449485236
2026-10-02T12:45:00+05:30,Kandy_Central,27.8,228.14729329661554,741.0,2.3,16.22240853920013
2026-10-02T13:00:00+05:30,Kandy_Central,27.0,235.80507759675376,709.0,2.64,19.162033863216692
2026-10-02T13:15:00+05:30,Kandy_Central,26.0,241.39120366981481,662.0,3.29,22.343328235422902
2026-10-02T13:30:00+05:30,Kandy_Central,25.2,245.58882995756193,600.0,3.57,25.67660067889608
2026-10-02T13:45:00+05:30,Kandy_Central,24.4,248.8389593176566,533.0,2.94,29.10966778906021
2026-10-02T14:00:00+05:30,Kandy_Central,23.7,251.42476907417364,467.0,1.75,32.61100426712547
2026-10-02T14:15:00+05:30,Kandy_Central,23.1,253.53163305194457,410.0,1.21,36.16075999737011
2026-10-02T14:30:00+05:30,Kandy_Central,22.7,255.2841720276254,350.0,1.5,39.745937704735915
2026-10-02T14:45:00+05:30,Kandy_Central,22.6,256.76850496166594,298.0,1.22,43.35772426405725
2026-10-02T15:00:00+05:30,Kandy_Central,22.6,258.04572281309714,261.0,0.45,46.98995611456187
2026-10-02T15:15:00+05:30,Kandy_Central,22.8,259.1602194864878,248.0,0.42,50.6382038668626
2026-10-02T15:30:00+05:30,Kandy_Central,22.8,260.1449722905687,262.0,0.83,54.299208387858705
2026-10-02T15:45:00+05:30,Kandy_Central,22.8,261.02497366154023,277.0,0.61,57.9705203287211
2026-10-02T16:00:00+05:30,Kandy_Central,22.8,261.8195166004381,272.0,0.07,61.65026357225193
2026-10-02T16:15:00+05:30,Kandy_Central,22.7,262.5437522996104,237.0,0.51,65.33697739008721
2026-10-02T16:30:00+05:30,Kandy_Central,22.7,263.20977436757147,181.0,0.82,69.029506572481
2026-10-02T16:45:00+05:30,Kandy_Central,22.6,263.82738934080896,125.0,0.74,72.726923996181
2026-10-02T17:00:00+05:30,Kandy_Central,22.5,264.4046754033206,81.0,0.81,76.42847643497217
2026-10-02T17:15:00+05:30,Kandy_Central,22.4,264.9483952244021,53.0,1.2,80.13354376887399
2026-10-02T17:30:00+05:30,Kandy_Central,22.3,265.46430758811573,33.0,1.5,83.84160853555262
2026-10-02T17:45:00+05:30,Kandy_Central,22.2,265.9574083198829,17.0,1.41,87.55223427899155
2026-10-02T18:00:00+05:30,Kandy_Central,22.2,266.43212136503666,3.0,1.12,91.26504761764636
2026-10-02T18:15:00+05:30,Kandy_Central,22.2,266.89245571273204,0.0,0.86,94.97972404941007
2026-10-02T18:30:00+05:30,Kandy_Central,22.2,267.34214007594323,0.0,0.76,98.6959779281703
2026-10-02T18:45:00+05:30,Kandy_Central,22.2,267.78474447890204,0.0,0.76,102.41355283179556
2026-10-02T19:00:00+05:30,Kandy_Central,22.2,268.2237974222999,0.0,0.72,106.13221318913051
2026-10-02T19:15:00+05:30,Kandy_Central,22.2,268.66290722253194,0.0,0.75,109.85173814675649
2026-10-02T19:30:00+05:30,Kandy_Central,22.2,269.1058966360843,0.0,0.76,113.57191418822974
2026-10-02T19:45:00+05:30,Kandy_Central,22.2,269.5569628067634,0.0,0.66,117.29252749361488
2026-10-02T20:00:00+05:30,Kandy_Central,22.3,270.0208789191717,0.0,0.55,121.01335693211307
2026-10-02T20:15:00+05:30,Kandy_Central,22.4,270.50326082467564,0.0,0.4,124.73416387384016
2026-10-02T20:30:00+05:30,Kandy_Central,22.4,271.0109349744111,0.0,0.3,128.45467914535422
2026-10-02T20:45:00+05:30,Kandy_Central,22.5,271.5524655687691,0.0,0.25,132.1745867942622
2026-10-02T21:00:00+05:30,Kandy_Central,22.5,272.1389361813308,0.0,0.2,135.89349867386827
2026-10-02T21:15:00+05:30,Kandy_Central,22.5,272.7851508520717,0.0,0.15,139.6109162224218
2026-10-02T21:30:00+05:30,Kandy_Central,22.5,273.51155135735894,0.0,0.16,143.32617170811727
2026-10-02T21:45:00+05:30,Kandy_Central,22.5,274.3474096688911,0.0,0.18,147.03832853647305
2026-10-02T22:00:00+05:30,Kandy_Central,22.4,275.33641267684345,0.0,0.14,150.74600723065504
2026-10-02T22:15:00+05:30,Kandy_Central,22.3,276.5470234962943,0.0,0.18,154.44706374136715
2026-10-02T22:30:00+05:30,Kandy_Central,22.2,278.0931363745442,0.0,0.18,158.13794258619356
2026-10-02T22:45:00+05:30,Kandy_Central,22.2,280.1791452278544,0.0,0.18,161.81225464767112
2026-10-02T23:00:00+05:30,Kandy_Central,22.2,283.2104625815501,0.0,0.14,165.4572440757028
2026-10-02T23:15:00+05:30,Kandy_Central,22.3,288.1099950801622,0.0,0.16,169.04340712004011
2026-10-02T23:30:00+05:30,Kandy_Central,22.3,297.4306321572167,0.0,0.15,172.4858269311602
2026-10-02T23:45:00+05:30,Kandy_Central,22.3,320.0455426878095,0.0,0.15,175.44572973492697
2026-10-03T00:00:00+05:30,Kandy_Central,22.2,13.20780407925713,0.0,0.16,176.41063049989324
2026-10-03T00:15:00+05:30,Kandy_Central,22.2,52.746693516658866,0.0,0.21,174.26509094629057
2026-10-03T00:30:00+05:30,Kandy_Central,22.1,67.6140225949888,0.0,0.21,171.01351611215262
2026-10-03T00:45:00+05:30,Kandy_Central,22.1,74.48152685921809,0.0,0.25,167.49063231377184
2026-10-03T01:00:00+05:30,Kandy_Central,22.1,78.39337977825937,0.0,0.27,163.8733835791822
2026-10-03T01:15:00+05:30,Kandy_Central,22.0,80.9420911120601,0.0,0.32,160.21357653481903
2026-10-03T01:30:00+05:30,Kandy_Central,22.0,82.7595821972393,0.0,0.36,156.53124102163005
2026-10-03T01:45:00+05:30,Kandy_Central,21.9,84.14234075626712,0.0,0.41,152.8356729581392
2026-10-03T02:00:00+05:30,Kandy_Central,21.9,85.24709334283546,0.0,0.41,149.13176694819217
2026-10-03T02:15:00+05:30,Kandy_Central,21.8,86.16432949584674,0.0,0.43,145.42235180452326
2026-10-03T02:30:00+05:30,Kandy_Central,21.7,86.94997407400956,0.0,0.47,141.70918620116598
2026-10-03T02:45:00+05:30,Kandy_Central,21.6,87.64052694321964,0.0,0.54,137.99343032976603
2026-10-03T03:00:00+05:30,Kandy_Central,21.5,88.26091408625246,0.0,0.54,134.27589062491893
2026-10-03T03:15:00+05:30,Kandy_Central,21.4,88.82883542494233,0.0,0.6,130.5571553516229
2026-10-03T03:30:00+05:30,Kandy_Central,21.2,89.35730701662453,0.0,0.67,126.83767270828014
2026-10-03T03:45:00+05:30,Kandy_Central,21.1,89.85621722328835,0.0,0.74,123.11780001340799
2026-10-03T04:00:00+05:30,Kandy_Central,20.9,90.33331859661939,0.0,0.81,119.39783559185067
2026-10-03T04:15:00+05:30,Kandy_Central,20.8,90.7948838945266,0.0,0.85,115.67803896178428
2026-10-03T04:30:00+05:30,Kandy_Central,20.7,91.24615521546554,0.0,0.87,111.95864635177708
2026-10-03T04:45:00+05:30,Kandy_Central,20.6,91.69166285843369,0.0,0.87,108.23988245886355
2026-10-03T05:00:00+05:30,Kandy_Central,20.6,92.13546094697148,0.0,0.9,104.52196844965673
2026-10-03T05:15:00+05:30,Kandy_Central,20.6,92.58130936406701,0.0,0.87,100.8051302069947
2026-10-03T05:30:00+05:30,Kandy_Central,20.7,93.0328221288537,0.0,0.83,97.0896060343002
2026-10-03T05:45:00+05:30,Kandy_Central,20.9,93.49359645849103,0.0,0.76,93.37565289409149
2026-10-03T06:00:00+05:30,Kandy_Central,21.1,93.96733284653095,0.0,0.65,89.66355468006186
2026-10-03T06:15:00+05:30,Kandy_Central,21.4,94.45795528385236,19.0,0.58,85.95363154251143
2026-10-03T06:30:00+05:30,Kandy_Central,21.8,94.96974025801381,60.0,0.45,82.24624936221443
2026-10-03T06:45:00+05:30,Kandy_Central,22.2,95.50746310594877,113.0,0.32,78.54183308789743
2026-10-03T07:00:00+05:30,Kandy_Central,22.6,96.07657242757796,175.0,0.2,74.84088338418667
2026-10-03T07:15:00+05:30,Kandy_Central,23.0,96.68340620717544,237.0,0.18,71.14399640471255
2026-10-03T07:30:00+05:30,Kandy_Central,23.5,97.33546724942556,296.0,0.25,67.45189148032907
2026-10-03T07:45:00+05:30,Kandy_Central,23.9,98.04178332155027,352.0,0.36,63.76544783772415
2026-10-03T08:00:00+05:30,Kandy_Central,24.3,98.81338860063988,409.0,0.51,60.08575269260415
2026-10-03T08:15:00+05:30,Kandy_Central,24.7,99.66397944922687,470.0,0.65,56.41416942186587
2026-10-03T08:30:00+05:30,Kandy_Central,25.1,100.61082545033776,536.0,0.82,52.75243309631333
2026-10-03T08:45:00+05:30,Kandy_Central,25.5,101.67606049617615,603.0,0.99,49.10278564682374
2026-10-03T09:00:00+05:30,Kandy_Central,25.9,102.88854908718736,666.0,1.17,45.4681756664638
2026-10-03T09:15:00+05:30,Kandy_Central,26.3,104.28664318883091,718.0,1.41,41.85255769798197
2026-10-03T09:30:00+05:30,Kandy_Central,26.7,105.92234851031895,758.0,1.59,38.261351178548544
2026-10-03T09:45:00+05:30,Kandy_Central,27.2,107.86776897390666,789.0,1.81,34.70216971235958
2026-10-03T10:00:00+05:30,Kandy_Central,27.6,110.22531177717553,812.0,2.06,31.18601372332609
2026-10-03T10:15:00+05:30,Kandy_Central,28.0,113.14418789962394,831.0,2.23,27.729287627335516
2026-10-03T10:30:00+05:30,Kandy_Central,28.3,116.84741689601424,844.0,2.41,24.357338584253597
2026-10-03T10:45:00+05:30,Kandy_Central,28.6,121.6755216068575,850.0,2.52,21.11086031825762
2026-10-03T11:00:00+05:30,Kandy_Central,28.8,128.1517932736504,849.0,2.66,18.057682533841515
2026-10-03T11:15:00+05:30,Kandy_Central,28.9,137.05084911891174,842.0,2.7,15.313889674873366
2026-10-03T11:30:00+05:30,Kandy_Central,28.9,149.33939326626069,828.0,2.7,13.075741880900424
2026-10-03T11:45:00+05:30,Kandy_Central,28.8,165.56231370234104,808.0,2.59,11.638717764761381
2026-10-03T12:00:00+05:30,Kandy_Central,28.5,184.38195496262517,784.0,2.45,11.312365867604015
2026-10-03T12:15:00+05:30,Kandy_Central,28.1,202.33218700082023,758.0,2.2,12.18624899851298
2026-10-03T12:30:00+05:30,Kandy_Central,27.7,216.73646018589494,729.0,1.95,14.037973776394566
2026-10-03T12:45:00+05:30,Kandy_Central,27.2,227.32789617297135,697.0,1.63,16.542351213132974
2026-10-03T13:00:00+05:30,Kandy_Central,26.6,234.98505509244904,663.0,1.31,19.448858927971045
2026-10-03T13:15:00+05:30,Kandy_Central,25.9,240.61342931207395,626.0,0.99,22.60287868220621
2026-10-03T13:30:00+05:30,Kandy_Central,25.4,244.86466198470072,589.0,0.67,25.91417451961594
2026-10-03T13:45:00+05:30,Kandy_Central,24.9,248.1675904844106,549.0,0.42,29.329504771124434
2026-10-03T14:00:00+05:30,Kandy_Central,24.4,250.8012597588293,506.0,0.16,32.816382164459576
2026-10-03T14:15:00+05:30,Kandy_Central,24.0,252.95006543351946,457.0,0.11,36.35420285416821
2026-10-03T14:30:00+05:30,Kandy_Central,23.6,254.73882281614732,400.0,0.25,39.92940410741942
2026-10-03T14:45:00+05:30,Kandy_Central,23.4,256.25422643229365,343.0,0.35,43.53275244127882
2026-10-03T15:00:00+05:30,Kandy_Central,23.2,257.5580134202665,294.0,0.41,47.15777048438114
2026-10-03T15:15:00+05:30,Kandy_Central,23.1,258.6951794684243,255.0,0.45,50.799792316066835
2026-10-03T15:30:00+05:30,Kandy_Central,23.0,259.6992234951544,225.0,0.5,54.45537846215481
2026-10-03T15:45:00+05:30,Kandy_Central,23.0,260.59557489592214,200.0,0.6,58.121940455301704
2026-10-03T16:00:00+05:30,Kandy_Central,23.0,261.4038858990108,175.0,0.69,61.79749366216836
2026-10-03T16:15:00+05:30,Kandy_Central,23.0,262.13959927463947,150.0,0.81,65.48049185594
2026-10-03T16:30:00+05:30,Kandy_Central,23.0,262.8150425116444,125.0,0.93,69.16971188342887
2026-10-03T16:45:00+05:30,Kandy_Central,23.0,263.4402069761577,102.0,1.02,72.8641722560709
2026-10-03T17:00:00+05:30,Kandy_Central,23.0,264.0233136652275,79.0,1.17,76.56307604612815
2026-10-03T17:15:00+05:30,Kandy_Central,23.0,264.57123148237093,56.0,1.21,80.26576793441244
2026-10-03T17:30:00+05:30,Kandy_Central,23.0,265.0897928481216,34.0,1.26,83.97170216273065
2026-10-03T17:45:00+05:30,Kandy_Central,23.0,265.5840372854781,16.0,1.26,87.68041969476896
2026-10-03T18:00:00+05:30,Kandy_Central,23.0,266.05840392907,2.0,1.16,91.391529414485
2026-10-03T18:15:00+05:30,Kandy_Central,22.9,266.5168886927266,0.0,1.06,95.10469331202978
2026-10-03T18:30:00+05:30,Kandy_Central,22.9,266.9631779690969,0.0,0.96,98.8196160451289
2026-10-03T18:45:00+05:30,Kandy_Central,22.9,267.4007678903886,0.0,0.81,102.53603507822206
2026-10-03T19:00:00+05:30,Kandy_Central,22.9,267.8330775861341,0.0,0.67,106.25371225039694
2026-10-03T19:15:00+05:30,Kandy_Central,22.9,268.2635646458174,0.0,0.51,109.97242775868453
2026-10-03T19:30:00+05:30,Kandy_Central,22.9,268.6958513063116,0.0,0.36,113.69197310023091
2026-10-03T19:45:00+05:30,Kandy_Central,22.9,269.13387249559645,0.0,0.22,117.41214400344927
2026-10-03T20:00:00+05:30,Kandy_Central,22.9,269.5820607327116,0.0,0.14,121.13273431580086
2026-10-03T20:15:00+05:30,Kandy_Central,22.9,270.04558904456746,0.0,0.1,124.85352717211552
2026-10-03T20:30:00+05:30,Kandy_Central,22.9,270.5307049257419,0.0,0.14,128.57428396462208
2026-10-03T20:45:00+05:30,Kandy_Central,22.8,271.04520795992926,0.0,0.18,132.2947311273688
2026-10-03T21:00:00+05:30,Kandy_Central,22.8,271.5991577113,0.0,0.22,136.01453930384804
2026-10-03T21:15:00+05:30,Kandy_Central,22.7,272.2059622304876,0.0,0.22,139.7332922460401
2026-10-03T21:30:00+05:30,Kandy_Central,22.7,272.8841182396893,0.0,0.22,143.45043946695898
2026-10-03T21:45:00+05:30,Kandy_Central,22.6,273.6601154351237,0.0,0.22,147.16521550068012
2026-10-03T22:00:00+05:30,Kandy_Central,22.6,274.5735335466724,0.0,0.22,150.876498826162
2026-10-03T22:15:00+05:30,Kandy_Central,22.5,275.68654071680146,0.0,0.22,154.58255064423955
2026-10-03T22:30:00+05:30,Kandy_Central,22.4,277.10294497876725,0.0,0.22,158.28048664735476
2026-10-03T22:45:00+05:30,Kandy_Central,22.4,279.0101374485759,0.0,0.22,161.96510747519363
2026-10-03T23:00:00+05:30,Kandy_Central,22.3,281.7833865606684,0.0,0.22,165.62596136898242
2026-10-03T23:15:00+05:30,Kandy_Central,22.3,286.2917221798027,0.0,0.18,169.23854900352916
2026-10-03T23:30:00+05:30,Kandy_Central,22.2,295.0266646287604,0.0,0.18,172.73031923729087
2026-10-03T23:45:00+05:30,Kandy_Central,22.2,317.5051102589644,0.0,0.18,175.78889279407298
2026-10-04T00:00:00+05:30,Kandy_Central,22.1,16.11263047218938,0.0,0.18,176.7649921818413
2026-10-04T00:15:00+05:30,Kandy_Central,22.1,56.389809331547156,0.0,0.18,174.4283231973135
2026-10-04T00:30:00+05:30,Kandy_Central,22.1,70.10500196622161,0.0,0.18,171.08557748954206
2026-10-04T00:45:00+05:30,Kandy_Central,22.0,76.29815146578409,0.0,0.18,167.52070893869217
2026-10-04T01:00:00+05:30,Kandy_Central,22.0,79.81246465667641,0.0,0.18,163.88053776072042
2026-10-04T01:15:00+05:30,Kandy_Central,22.0,82.10601824716525,0.0,0.21,160.20669598490565
2026-10-04T01:30:00+05:30,Kandy_Central,22.0,83.74806664466098,0.0,0.21,156.5151173460345
2026-10-04T01:45:00+05:30,Kandy_Central,21.9,85.00384726546764,0.0,0.21,152.81317144090107
2026-10-04T02:00:00+05:30,Kandy_Central,21.9,86.01310683248653,0.0,0.21,149.1047371067687
2026-10-04T02:15:00+05:30,Kandy_Central,21.8,86.85640940865022,0.0,0.25,145.39206007109053
2026-10-04T02:30:00+05:30,Kandy_Central,21.8,87.58352367255134,0.0,0.25,141.67654202319534
2026-10-04T02:45:00+05:30,Kandy_Central,21.7,88.22694350451758,0.0,0.25,137.95911344694795
2026-10-04T03:00:00+05:30,Kandy_Central,21.5,88.80888414485463,0.0,0.29,134.24042715284145
2026-10-04T03:15:00+05:30,Kandy_Central,21.4,89.34515147449702,0.0,0.32,130.52096557993883
2026-10-04T03:30:00+05:30,Kandy_Central,21.3,89.84740286870829,0.0,0.36,126.80110243691098
2026-10-04T03:45:00+05:30,Kandy_Central,21.1,90.32453096369994,0.0,0.4,123.08114188824625
2026-10-04T04:00:00+05:30,Kandy_Central,21.0,90.78354609313453,0.0,0.47,119.36134414956925
2026-10-04T04:15:00+05:30,Kandy_Central,20.8,91.23016070775668,0.0,0.47,115.64194160716579
2026-10-04T04:30:00+05:30,Kandy_Central,20.7,91.66919049782445,0.0,0.51,111.92315165621403
2026-10-04T04:45:00+05:30,Kandy_Central,20.7,92.10484039159883,0.0,0.51,108.20518666912115
2026-10-04T05:00:00+05:30,Kandy_Central,20.6,92.54091734150455,0.0,0.56,104.4882608189072
2026-10-04T05:15:00+05:30,Kandy_Central,20.7,92.98099625915967,0.0,0.56,100.77259756328222
2026-10-04T05:30:00+05:30,Kandy_Central,20.7,93.42855718632143,0.0,0.56,97.0584369013542
2026-10-04T05:45:00+05:30,Kandy_Central,20.9,93.8871066328278,0.0,0.56,93.34604141083273
2026-10-04T06:00:00+05:30,Kandy_Central,21.1,94.36029257079832,0.0,0.56,89.63570452888186
2026-10-04T06:15:00+05:30,Kandy_Central,21.3,94.85202167370016,18.0,0.49,85.92776008351615
2026-10-04T06:30:00+05:30,Kandy_Central,21.6,95.36658712538116,56.0,0.49,82.22259218035964
2026-10-04T06:45:00+05:30,Kandy_Central,21.9,95.90881543374843,105.0,0.43,78.52064917378753
2026-10-04T07:00:00+05:30,Kandy_Central,22.3,96.48424295395415,163.0,0.43,74.82246123107416
2026-10-04T07:15:00+05:30,Kandy_Central,22.6,97.09933591165526,221.0,0.36,71.12866136155696
2026-10-04T07:30:00+05:30,Kandy_Central,23.0,97.7617718113803,277.0,0.3,67.44001481499402
2026-10-04T07:45:00+05:30,Kandy_Central,23.4,98.48080807289517,330.0,0.25,63.75745811976502
2026-10-04T08:00:00+05:30,Kandy_Central,23.7,99.2677751549333,386.0,0.16,60.08215033740447
2026-10-04T08:15:00+05:30,Kandy_Central,24.1,100.13674807946609,452.0,0.14,56.41554557873505
2026-10-04T08:30:00+05:30,Kandy_Central,24.5,101.10547846422594,533.0,0.16,52.75949456653955
2026-10-04T08:45:00+05:30,Kandy_Central,24.9,102.19671327854877,619.0,0.32,49.11638829479419
2026-10-04T09:00:00+05:30,Kandy_Central,25.3,103.44009686624645,700.0,0.57,45.48936995341484
2026-10-04T09:15:00+05:30,Kandy_Central,25.8,104.87497211441371,762.0,0.79,41.88265177728265
2026-10-04T09:30:00+05:30,Kandy_Central,26.2,106.55459677588055,802.0,1.05,38.3019997836217
2026-10-04T09:45:00+05:30,Kandy_Central,26.7,108.55263035986849,826.0,1.32,34.75550132226835
2026-10-04T10:00:00+05:30,Kandy_Central,27.2,110.97333083225186,839.0,1.66,31.254814663612677
2026-10-04T10:15:00+05:30,Kandy_Central,27.7,113.96786960897202,848.0,1.99,27.817269408351358
2026-10-04T10:30:00+05:30,Kandy_Central,28.1,117.76061671108079,850.0,2.26,24.469518764301725
2026-10-04T10:45:00+05:30,Kandy_Central,28.4,122.69059713281393,841.0,2.53,21.25406366039374
2026-10-04T11:00:00+05:30,Kandy_Central,28.6,129.27043387015726,820.0,2.75,18.24102613900709
2026-10-04T11:15:00+05:30,Kandy_Central,28.8,138.2390715967299,783.0,2.91,15.548553875511061
2026-10-04T11:30:00+05:30,Kandy_Central,28.8,150.4743740832077,724.0,3.06,13.371733625425577
2026-10-04T11:45:00+05:30,Kandy_Central,28.7,166.38367586309232,655.0,3.15,11.994690039094124
2026-10-04T12:00:00+05:30,Kandy_Central,28.4,184.61783124061512,591.0,3.2,11.703234197853803
2026-10-04T12:15:00+05:30,Kandy_Central,28.1,201.99135192363514,543.0,3.24,12.573088629251984
2026-10-04T12:30:00+05:30,Kandy_Central,27.7,216.06321298536145,510.0,3.22,14.395242232241387
2026-10-04T12:45:00+05:30,Kandy_Central,27.2,226.5370676018656,484.0,3.2,16.86376724598189
2026-10-04T13:00:00+05:30,Kandy_Central,26.6,234.18717936757764,459.0,3.18,19.73760204973955
2026-10-04T13:15:00+05:30,Kandy_Central,26.0,239.85213654109876,431.0,3.1,22.864407404902238
2026-10-04T13:30:00+05:30,Kandy_Central,25.5,244.15278817747918,404.0,3.04,26.153590483239327
2026-10-04T13:45:00+05:30,Kandy_Central,25.0,247.5055474192519,377.0,2.93,29.55096108270684
2026-10-04T14:00:00+05:30,Kandy_Central,24.5,250.18497180867152,351.0,2.85,33.023125563302244
2026-10-04T14:15:00+05:30,Kandy_Central,24.1,252.37420494739678,323.0,2.69,36.54875282589374
2026-10-04T14:30:00+05:30,Kandy_Central,23.7,254.19806937353957,295.0,2.53,40.11372654214235
2026-10-04T14:45:00+05:30,Kandy_Central,23.5,255.7437108239572,268.0,2.32,43.70839757287222
2026-10-04T15:00:00+05:30,Kandy_Central,23.3,257.07343000943985,242.0,2.14,47.32597597387228
2026-10-04T15:15:00+05:30,Kandy_Central,23.1,258.23276884495,218.0,1.84,50.96155890498169
2026-10-04T15:30:00+05:30,Kandy_Central,23.0,259.25570984719315,196.0,1.61,54.61152544019009
2026-10-04T15:45:00+05:30,Kandy_Central,22.9,260.1680928698991,175.0,1.35,58.273146606840356
2026-10-04T16:00:00+05:30,Kandy_Central,22.9,260.98991053324687,154.0,1.03,61.94432780776889
2026-10-04T16:15:00+05:30,Kandy_Central,22.8,261.73688353725936,133.0,0.79,65.6234359047644
2026-10-04T16:30:00+05:30,Kandy_Central,22.8,262.4215631684433,112.0,0.67,69.30917846268866
2026-10-04T16:45:00+05:30,Kandy_Central,22.7,263.05411802415153,92.0,0.66,73.00051837339036
2026-10-04T17:00:00+05:30,Kandy_Central,22.7,263.64290606384134,71.0,0.69,76.69661382281747
2026-10-04T17:15:00+05:30,Kandy_Central,22.7,264.1948978128877,50.0,0.85,80.39677316823874
2026-10-04T17:30:00+05:30,Kandy_Central,22.6,264.71599558988794,29.0,0.93,84.10042126956779
2026-10-04T17:45:00+05:30,Kandy_Central,22.6,265.2112794832727,13.0,0.99,87.80707544088203
2026-10-04T18:00:00+05:30,Kandy_Central,22.5,265.68520108572375,2.0,1.07,91.51632575575896
2026-10-04T18:15:00+05:30,Kandy_Central,22.5,266.1417407376674,0.0,1.1,95.22781958508301
2026-10-04T18:30:00+05:30,Kandy_Central,22.4,266.5845400997237,0.0,1.08,98.9412507199138
2026-10-04T18:45:00+05:30,Kandy_Central,22.4,267.01701894267126,0.0,1.06,102.65634924046981
2026-10-04T19:00:00+05:30,Kandy_Central,22.4,267.4424843436632,0.0,1.04,106.37287298592177
2026-10-04T19:15:00+05:30,Kandy_Central,22.3,267.8642400887832,0.0,0.98,110.09060160467081
2026-10-04T19:30:00+05:30,Kandy_Central,22.3,268.28570418661104,0.0,0.92,113.80932975263605
2026-10-04T19:45:00+05:30,Kandy_Central,22.3,268.7105446835067,0.0,0.86,117.52886050940381
2026-10-04T20:00:00+05:30,Kandy_Central,22.3,269.1428473425884,0.0,0.86,121.24900004998133
2026-10-04T20:15:00+05:30,Kandy_Central,22.3,269.587334150596,0.0,0.81,124.96955000887101
2026-10-04T20:30:00+05:30,Kandy_Central,22.3,270.04966221986837,0.0,0.75,128.69029825322716
2026-10-04T20:45:00+05:30,Kandy_Central,22.3,270.5368501398912,0.0,0.7,132.41100836800481
2026-10-04T21:00:00+05:30,Kandy_Central,22.3,271.0579092421747,0.0,0.7,136.13140295204428
2026-10-04T21:15:00+05:30,Kandy_Central,22.3,271.62481451448707,0.0,0.65,139.85113895313506
2026-10-04T21:30:00+05:30,Kandy_Central,22.3,272.25405864707153,0.0,0.6,143.56977066790898
2026-10-04T21:45:00+05:30,Kandy_Central,22.4,272.9692509206701,0.0,0.56,147.28668627244963
2026-10-04T22:00:00+05:30,Kandy_Central,22.4,273.80569159657466,0.0,0.51,151.0009969280344
2026-10-04T22:15:00+05:30,Kandy_Central,22.4,274.81893082846165,0.0,0.47,154.71133135181333
2026-10-04T22:30:00+05:30,Kandy_Central,22.5,276.1020331599459,0.0,0.43,158.41541812157055
2026-10-04T22:45:00+05:30,Kandy_Central,22.5,277.82390097435945,0.0,0.38,162.10915493846352
2026-10-04T23:00:00+05:30,Kandy_Central,22.5,280.3257987538293,0.0,0.36,165.78424739226733
2026-10-04T23:15:00+05:30,Kandy_Central,22.5,284.4108067093664,0.0,0.36,169.42101243851147
2026-10-04T23:30:00+05:30,Kandy_Central,22.5,292.4619259216102,0.0,0.32,172.95954539941573
2026-10-04T23:45:00+05:30,Kandy_Central,22.5,314.5137372531128,0.0,0.32,176.12070045627664
2026-10-05T00:00:00+05:30,Kandy_Central,22.5,19.68478211083209,0.0,0.28,177.10882897738583
2026-10-05T00:15:00+05:30,Kandy_Central,22.5,60.22016546768168,0.0,0.25,174.5688441150119
2026-10-05T00:30:00+05:30,Kandy_Central,22.4,72.62349383881269,0.0,0.25,171.14205482161825
2026-10-05T00:45:00+05:30,Kandy_Central,22.4,78.11646977368014,0.0,0.22,167.539932330907
2026-10-05T01:00:00+05:30,Kandy_Central,22.3,81.22817123126146,0.0,0.22,163.87971425906068
2026-10-05T01:15:00+05:30,Kandy_Central,22.3,83.26574607200814,0.0,0.21,160.19372082454493
2026-10-05T01:30:00+05:30,Kandy_Central,22.2,84.73254155344813,0.0,0.2,156.49422136633012
2026-10-05T01:45:00+05:30,Kandy_Central,22.2,85.86175550062518,0.0,0.21,152.7868787952334
2026-10-05T02:00:00+05:30,Kandy_Central,22.2,86.77594170268776,0.0,0.21,149.07467641314994
2026-10-05T02:15:00+05:30,Kandy_Central,22.1,87.5456832955025,0.0,0.22,145.35934738373692
2026-10-05T02:30:00+05:30,Kandy_Central,22.0,88.21458385274576,0.0,0.25,141.64198025471214
2026-10-05T02:45:00+05:30,Kandy_Central,21.8,88.81113584859702,0.0,0.35,137.92330441758685
2026-10-05T03:00:00+05:30,Kandy_Central,21.6,89.3548514524947,0.0,0.52,134.2038385055721
2026-10-05T03:15:00+05:30,Kandy_Central,21.3,89.85964999800046,0.0,0.67,130.4839728144055
2026-10-05T03:30:00+05:30,Kandy_Central,21.2,90.3358365945312,0.0,0.81,126.76401648323449
2026-10-05T03:45:00+05:30,Kandy_Central,21.1,90.79131338010217,0.0,0.87,123.04422790874062
2026-10-05T04:00:00+05:30,Kandy_Central,21.1,91.2323526386167,0.0,0.87,119.32483483360127
2026-10-05T04:15:00+05:30,Kandy_Central,21.1,91.66410980284553,0.0,0.81,115.60604691087708
2026-10-05T04:30:00+05:30,Kandy_Central,21.1,92.0909767324876,0.0,0.81,111.88806620891333
2026-10-05T04:45:00+05:30,Kandy_Central,21.2,92.5168349876692,0.0,0.81,108.17109563883395
2026-10-05T05:00:00+05:30,Kandy_Central,21.2,92.94524588391954,0.0,0.74,104.45534476630422
2026-10-05T05:15:00+05:30,Kandy_Central,21.3,93.37960050476812,0.0,0.74,100.74103666237112
2026-10-05T05:30:00+05:30,Kandy_Central,21.5,93.82324572046934,0.0,0.67,97.0284148074378
2026-10-05T05:45:00+05:30,Kandy_Central,21.7,94.27959783418947,0.0,0.6,93.31774900106957
2026-10-05T06:00:00+05:30,Kandy_Central,21.9,94.75225250406095,0.0,0.49,89.6093437137802
2026-10-05T06:15:00+05:30,Kandy_Central,22.2,95.24509899252922,24.0,0.38,85.90354787343603
2026-10-05T06:30:00+05:30,Kandy_Central,22.5,95.76244675465972,72.0,0.27,82.20076520829453
2026-10-05T06:45:00+05:30,Kandy_Central,22.8,96.30917265306942,133.0,0.15,78.50146890179876
2026-10-05T07:00:00+05:30,Kandy_Central,23.2,96.8908994954565,204.0,0.05,74.8062201097455
2026-10-05T07:15:00+05:30,Kandy_Central,23.6,97.51421981067995,274.0,0.21,71.11569029375595
2026-10-05T07:30:00+05:30,Kandy_Central,24.0,98.18698300380953,341.0,0.39,67.43069237983445
2026-10-05T07:45:00+05:30,Kandy_Central,24.5,98.91867214428197,403.0,0.57,63.75222217275691
2026-10-05T08:00:00+05:30,Kandy_Central,24.9,99.72090824129168,461.0,0.79,60.08151284066771
2026-10-05T08:15:00+05:30,Kandy_Central,25.4,100.60813670459436,519.0,1.01,56.42011184465144
2026-10-05T08:30:00+05:30,Kandy_Central,25.8,101.59857908754032,572.0,1.19,52.76998862224685
2026-10-05T08:45:00+05:30,Kandy_Central,26.3,102.71557743654614,620.0,1.37,49.133686822234985
2026-10-05T09:00:00+05:30,Kandy_Central,26.7,103.98952861477699,663.0,1.55,45.51454841658321
2026-10-05T09:15:00+05:30,Kandy_Central,27.2,105.46072399590071,702.0,1.71,41.91704809882357
2026-10-05T09:30:00+05:30,Kandy_Central,27.6,107.1836058022966,736.0,1.89,38.34730359753114
2026-10-05T09:45:00+05:30,Kandy_Central,28.0,109.23327864227065,764.0,2.07,34.813880766856784
2026-10-05T10:00:00+05:30,Kandy_Central,28.3,111.71566579999137,787.0,2.22,31.329098121521127
2026-10-05T10:15:00+05:30,Kandy_Central,28.6,114.78358087914376,807.0,2.36,27.911205484748038
2026-10-05T10:30:00+05:30,Kandy_Central,28.9,118.66219314294835,825.0,2.47,24.58813767247821
2026-10-05T10:45:00+05:30,Kandy_Central,29.1,123.68810055768006,836.0,2.58,21.404130344345702
2026-10-05T11:00:00+05:30,Kandy_Central,29.3,130.36189588189393,835.0,2.65,18.431415094042464
2026-10-05T11:15:00+05:30,Kandy_Central,29.5,139.38590328650264,810.0,2.69,15.789805638926694
2026-10-05T11:30:00+05:30,Kandy_Central,29.5,151.5530349589248,758.0,2.69,13.672599492011926
2026-10-05T11:45:00+05:30,Kandy_Central,29.5,167.15002881828786,694.0,2.69,12.352465406967923
2026-10-05T12:00:00+05:30,Kandy_Central,29.5,184.8313402842045,634.0,2.69,12.093319027039158
2026-10-05T12:15:00+05:30,Kandy_Central,29.4,201.66524229269038,597.0,2.62,12.958967034294972
2026-10-05T12:30:00+05:30,Kandy_Central,29.2,215.41870139854316,578.0,2.56,14.752714168273116
2026-10-05T12:45:00+05:30,Kandy_Central,29.0,225.77329669983516,567.0,2.44,17.186367758674606
2026-10-05T13:00:00+05:30,Kandy_Central,28.8,233.41065639113003,555.0,2.35,20.027986805812404
2026-10-05T13:15:00+05:30,Kandy_Central,28.6,239.10694167294375,536.0,2.2,23.12766556492602
2026-10-05T13:30:00+05:30,Kandy_Central,28.3,243.45303902461504,515.0,2.06,26.394626861469426
2026-10-05T13:45:00+05:30,Kandy_Central,28.0,246.8527716824865,492.0,1.92,29.773837613236232
2026-10-05T14:00:00+05:30,Kandy_Central,27.6,249.57590559531485,468.0,1.77,33.23105328072118
2026-10-05T14:15:00+05:30,Kandy_Central,27.3,251.8040839825681,442.0,1.63,36.74424282306522
2026-10-05T14:30:00+05:30,Kandy_Central,26.9,253.66196200893052,416.0,1.45,40.29874906882279
2026-10-05T14:45:00+05:30,Kandy_Central,26.6,255.23701874148617,389.0,1.27,43.88451264630406
2026-10-05T15:00:00+05:30,Kandy_Central,26.2,256.5920392640141,360.0,1.14,47.494432824442114
2026-10-05T15:15:00+05:30,Kandy_Central,25.8,257.77305801364514,331.0,0.97,51.12336985566778
2026-10-05T15:30:00+05:30,Kandy_Central,25.4,258.81450413596826,302.0,0.79,54.76752054461762
2026-10-05T15:45:00+05:30,Kandy_Central,25.1,259.7426020467832,272.0,0.62,58.42401424049268
2026-10-05T16:00:00+05:30,Kandy_Central,24.7,260.57766628604014,241.0,0.45,62.09064509284927
2026-10-05T16:15:00+05:30,Kandy_Central,24.4,261.3356820625603,208.0,0.3,65.76569176087226
2026-10-05T16:30:00+05:30,Kandy_Central,24.1,262.0294145254754,177.0,0.22,69.44779127882074
2026-10-05T16:45:00+05:30,Kandy_Central,23.8,262.66920200658126,144.0,0.18,73.13584972980877
2026-10-05T17:00:00+05:30,Kandy_Central,23.6,263.2635336542001,112.0,0.2,76.82897928336389
2026-10-05T17:15:00+05:30,Kandy_Central,23.4,263.81947706640466,79.0,0.27,80.52645088845298
2026-10-05T17:30:00+05:30,Kandy_Central,23.2,264.3430007796342,47.0,0.34,84.22765896803975
2026-10-05T17:45:00+05:30,Kandy_Central,23.0,264.8392223742668,21.0,0.4,87.93209613916979
2026-10-05T18:00:00+05:30,Kandy_Central,22.9,265.3126032339428,3.0,0.43,91.63933260460759
2026-10-05T18:15:00+05:30,Kandy_Central,22.8,265.7671057022881,0.0,0.5,95.34900001920252
2026-10-05T18:30:00+05:30,Kandy_Central,22.7,266.2063243846193,0.0,0.53,99.06078013803696
2026-10-05T18:45:00+05:30,Kandy_Central,22.7,266.6336003304863,0.0,0.57,102.77439438723468
2026-10-05T19:00:00+05:30,Kandy_Central,22.6,267.0521260208984,0.0,0.6,106.48959519093346
2026-10-05T19:15:00+05:30,Kandy_Central,22.6,267.46504853711957,0.0,0.6,110.20616003661986
2026-10-05T19:30:00+05:30,Kandy_Central,22.5,267.8755781776207,0.0,0.64,113.92388486318879
2026-10-05T19:45:00+05:30,Kandy_Central,22.5,268.2871117394589,0.0,0.68,117.64257787198491
2026-10-05T20:00:00+05:30,Kandy_Central,22.5,268.7033825376459,0.0,0.68,121.36205486616173
2026-10-05T20:15:00+05:30,Kandy_Central,22.4,269.1286538452572,0.0,0.69,125.08213265019548
2026-10-05T20:30:00+05:30,Kandy_Central,22.4,269.56798171754514,0.0,0.69,128.80262137085538
2026-10-05T20:45:00+05:30,Kandy_Central,22.4,270.02758843766935,0.0,0.69,132.523316381022
2026-10-05T21:00:00+05:30,Kandy_Central,22.4,270.5154144297554,0.0,0.72,136.2439851773973
2026-10-05T21:15:00+05:30,Kandy_Central,22.4,271.0419668593205,0.0,0.7,139.9643484391138
2026-10-05T21:30:00+05:30,Kandy_Central,22.4,271.6216789760156,0.0,0.7,143.68405223166602
2026-10-05T21:45:00+05:30,Kandy_Central,22.4,272.2751872057267,0.0,0.7,147.4026199617765
2026-10-05T22:00:00+05:30,Kandy_Central,22.4,273.0333494916492,0.0,0.68,151.11936857903802
2026-10-05T22:15:00+05:30,Kandy_Central,22.4,273.94479129083135,0.0,0.73,154.83325355698614
2026-10-05T22:30:00+05:30,Kandy_Central,22.4,275.0912053133605,0.0,0.73,158.54255195093856
2026-10-05T22:45:00+05:30,Kandy_Central,22.4,276.62156946786,0.0,0.73,162.24415217350628
2026-10-05T23:00:00+05:30,Kandy_Central,22.4,278.83934563429733,0.0,0.73,165.93173570449883
2026-10-05T23:15:00+05:30,Kandy_Central,22.3,282.46934400570103,0.0,0.78,169.59014352172773
2026-10-05T23:30:00+05:30,Kandy_Central,22.3,289.73338740872947,0.0,0.78,173.17203546216334
2026-10-05T23:45:00+05:30,Kandy_Central,22.2,310.9686689167421,0.0,0.78,176.43819866480067
2026-10-06T00:00:00+05:30,Kandy_Central,22.1,24.155151318704156,0.0,0.78,177.43833092484
2026-10-06T00:15:00+05:30,Kandy_Central,22.0,64.21802209651264,0.0,0.84,174.68511852831796
2026-10-06T00:30:00+05:30,Kandy_Central,21.9,75.16068068768504,0.0,0.84,171.1828440302744
2026-10-06T00:45:00+05:30,Kandy_Central,21.7,79.93301185574762,0.0,0.84,167.5484147459411
2026-10-06T01:00:00+05:30,Kandy_Central,21.6,82.63883940794801,0.0,0.89,163.87105806100726
2026-10-06T01:15:00+05:30,Kandy_Central,21.4,84.42034091809654,0.0,0.95,160.17479457025496
2026-10-06T01:30:00+05:30,Kandy_Central,21.3,85.71241289051767,0.0,0.95,156.4686886633392
2026-10-06T01:45:00+05:30,Kandy_Central,21.1,86.71564999421906,0.0,0.95,152.75692229627435
2026-10-06T02:00:00+05:30,Kandy_Central,20.9,87.53528522717409,0.0,1.01,149.04170478244447
2026-10-06T02:15:00+05:30,Kandy_Central,20.8,88.231901848382,0.0,1.03,145.3243273867812
2026-10-06T02:30:00+05:30,Kandy_Central,20.6,88.8429466782178,0.0,1.03,141.60560922384076
2026-10-06T02:45:00+05:30,Kandy_Central,20.5,89.39292422956237,0.0,1.03,137.8861070249669
2026-10-06T03:00:00+05:30,Kandy_Central,20.4,89.89865613123237,0.0,1.1,134.16622453127167
2026-10-06T03:15:00+05:30,Kandy_Central,20.3,90.37218547526038,0.0,1.1,130.4462734451405
2026-10-06T03:30:00+05:30,Kandy_Central,20.2,90.82247322484977,0.0,1.1,126.72650815244697
2026-10-06T03:45:00+05:30,Kandy_Central,20.1,91.25643731861175,0.0,1.1,123.0071485879071
2026-10-06T04:00:00+05:30,Kandy_Central,20.0,91.67961685417924,0.0,1.12,119.28839558909735
2026-10-06T04:15:00+05:30,Kandy_Central,20.0,92.09661399677987,0.0,1.16,115.5704404219808
2026-10-06T04:30:00+05:30,Kandy_Central,20.0,92.5113996637192,0.0,1.16,111.85347329488187
2026-10-06T04:45:00+05:30,Kandy_Central,20.1,92.92753426023262,0.0,1.16,108.13769048242344
2026-10-06T05:00:00+05:30,Kandy_Central,20.1,93.34833513963713,0.0,1.21,104.42329929825961
2026-10-06T05:15:00+05:30,Kandy_Central,20.3,93.77701079044044,0.0,1.19,100.71052443664679
2026-10-06T05:30:00+05:30,Kandy_Central,20.4,94.21677576796344,0.0,1.23,96.99961461959741
2026-10-06T05:45:00+05:30,Kandy_Central,20.7,94.67095668820366,0.0,1.26,93.29084845062134
2026-10-06T06:00:00+05:30,Kandy_Central,20.9,95.14309709400732,0.0,1.26,89.5845428947687
2026-10-06T06:15:00+05:30,Kandy_Central,21.2,95.63706870732915,22.0,1.3,85.88106337438663
2026-10-06T06:30:00+05:30,Kandy_Central,21.6,96.15719676536366,66.0,1.33,82.18083461102448
2026-10-06T06:45:00+05:30,Kandy_Central,22.1,96.70840757510251,122.0,1.37,78.48435600345067
2026-10-06T07:00:00+05:30,Kandy_Central,22.6,97.29640896349258,188.0,1.41,74.79222114093146
2026-10-06T07:15:00+05:30,Kandy_Central,23.1,97.92791764959611,254.0,1.46,71.10514148310214
2026-10-06T07:30:00+05:30,Kandy_Central,23.6,98.61095190836215,317.0,1.5,67.42397932717859
2026-10-06T07:45:00+05:30,Kandy_Central,24.2,99.35521615153368,377.0,1.55,63.749791648686326
2026-10-06T08:00:00+05:30,Kandy_Central,24.8,100.17261580758122,434.0,1.6,60.08388787238678
2026-10-06T08:15:00+05:30,Kandy_Central,25.3,101.07795787150224,490.0,1.66,56.4279112867105
2026-10-06T08:30:00+05:30,Kandy_Central,25.9,102.08992102946803,544.0,1.71,52.78395290905828
2026-10-06T08:45:00+05:30,Kandy_Central,26.5,103.23242346786787,593.0,1.77,49.154712358109016
2026-10-06T09:00:00+05:30,Kandy_Central,27.1,104.53658600067405,639.0,1.83,45.5437341756002
2026-10-06T09:15:00+05:30,Kandy_Central,27.6,106.04360442377725,682.0,1.84,41.95575969610431
2026-10-06T09:30:00+05:30,Kandy_Central,28.2,107.80903580961149,721.0,1.9,38.39726261116805
2026-10-06T09:45:00+05:30,Kandy_Central,28.7,109.90931709543855,756.0,1.96,34.87729068099248
2026-10-06T10:00:00+05:30,Kandy_Central,29.1,112.4518498137619,787.0,1.99,31.408822926506012
2026-10-06T10:15:00+05:30,Kandy_Central,29.6,115.59077367672853,814.0,2.06,28.011021066915966
2026-10-06T10:30:00+05:30,Kandy_Central,29.9,119.55152178540283,839.0,2.07,24.71307189560308
2026-10-06T10:45:00+05:30,Kandy_Central,30.2,124.66739427716078,859.0,2.09,21.560866201446757
2026-10-06T11:00:00+05:30,Kandy_Central,30.5,131.4257671615449,871.0,2.11,18.628556575037436
2026-10-06T11:15:00+05:30,Kandy_Central,30.7,140.49180864471361,872.0,2.11,16.037237831301553
2026-10-06T11:30:00+05:30,Kandy_Central,30.9,152.57778750333978,861.0,2.08,13.977875305691853
2026-10-06T11:45:00+05:30,Kandy_Central,30.9,167.86536692695495,842.0,2.06,12.711701810982063
2026-10-06T12:00:00+05:30,Kandy_Central,30.9,185.02427541986424,822.0,2.01,12.482474814357658
2026-10-06T12:15:00+05:30,Kandy_Central,30.9,201.35232722366447,808.0,1.99,13.343738944930664
2026-10-06T12:30:00+05:30,Kandy_Central,30.8,214.80079712275412,797.0,1.9,15.110152401556235
2026-10-06T12:45:00+05:30,Kandy_Central,30.6,225.03515930871922,786.0,1.82,17.509877279538273
2026-10-06T13:00:00+05:30,Kandy_Central,30.5,232.65471513605036,773.0,1.76,20.319746666916444
2026-10-06T13:15:00+05:30,Kandy_Central,30.2,238.37746258789653,754.0,1.68,23.392411321328368
2026-10-06T13:30:00+05:30,Kandy_Central,30.0,242.76524117192005,732.0,1.6,26.63706718739538
2026-10-06T13:45:00+05:30,Kandy_Central,29.7,246.20920059859895,707.0,1.52,29.997939546664078
2026-10-06T14:00:00+05:30,Kandy_Central,29.4,248.97405816099592,679.0,1.48,33.43998796162522
2026-10-06T14:15:00+05:30,Kandy_Central,29.0,251.23973266902237,648.0,1.38,36.940509387665884
2026-10-06T14:30:00+05:30,Kandy_Central,28.7,253.1305497049077,615.0,1.32,40.484319332904455
2026-10-06T14:45:00+05:30,Kandy_Central,28.3,254.7342102122956,580.0,1.26,44.06095427657639
2026-10-06T15:00:00+05:30,Kandy_Central,28.0,256.1139078771169,541.0,1.19,47.66300499523851
2026-10-06T15:15:00+05:30,Kandy_Central,27.6,257.3161178425245,501.0,1.12,51.2850952260826
2026-10-06T15:30:00+05:30,Kandy_Central,27.2,258.3756799867263,459.0,1.09,54.92323896543586
2026-10-06T15:45:00+05:30,Kandy_Central,26.9,259.3191780228742,416.0,1.07,58.5744229227791
2026-10-06T16:00:00+05:30,Kandy_Central,26.5,260.16723032114623,369.0,1.05,62.23632886018804
2026-10-06T16:15:00+05:30,Kandy_Central,26.2,260.93607341859746,321.0,1.0,65.90714605723277
2026-10-06T16:30:00+05:30,Kandy_Central,25.9,261.6386765509593,273.0,1.0,69.58543985868151
2026-10-06T16:45:00+05:30,Kandy_Central,25.6,262.28554039881703,224.0,1.02,73.27005841924986
2026-10-06T17:00:00+05:30,Kandy_Central,25.3,262.885279609028,173.0,0.98,76.96006681296302
2026-10-06T17:15:00+05:30,Kandy_Central,25.1,263.4450543724707,120.0,1.0,80.65469753728429
2026-10-06T17:30:00+05:30,Kandy_Central,24.9,263.9708958259905,69.0,0.97,84.35331355201447
2026-10-06T17:45:00+05:30,Kandy_Central,24.7,264.46795603244436,28.0,0.94,88.05538175675454
2026-10-06T18:00:00+05:30,Kandy_Central,24.5,264.94070356823073,3.0,0.94,91.760451440455
2026-09-29T18:15:00+05:30,Kalutara_Western,27.5,267.88898243908767,0.0,2.15,93.90582304127331
2026-09-29T18:30:00+05:30,Kalutara_Western,27.4,268.3023522464076,0.0,2.0,97.63035389724335
2026-09-29T18:45:00+05:30,Kalutara_Western,27.2,268.7119587603615,0.0,1.8,101.35565940845531
2026-09-29T19:00:00+05:30,Kalutara_Western,27.1,269.1211930435401,0.0,1.6,105.08154661076235
2026-09-29T19:15:00+05:30,Kalutara_Western,27.0,269.53357594321847,0.0,1.4,108.80782859755689
2026-09-29T19:30:00+05:30,Kalutara_Western,27.0,269.9528924943594,0.0,1.2,112.5343176894956
2026-09-29T19:45:00+05:30,Kalutara_Western,26.9,270.3833533079796,0.0,1.07,116.26081798750099
2026-09-29T20:00:00+05:30,Kalutara_Western,26.9,270.829799353384,0.0,0.97,119.98711817551032
2026-09-29T20:15:00+05:30,Kalutara_Western,26.9,271.2979734186896,0.0,0.94,123.71298069711743
2026-09-29T20:30:00+05:30,Kalutara_Western,26.8,271.794894392759,0.0,0.92,127.43812751819581
2026-09-29T20:45:00+05:30,Kalutara_Western,26.8,272.3293915876757,0.0,0.96,131.16222194520395
2026-09-29T21:00:00+05:30,Kalutara_Western,26.7,272.91289239920843,0.0,0.96,134.88484020939438
2026-09-29T21:15:00+05:30,Kalutara_Western,26.6,273.5606231751943,0.0,1.0,138.6054287006209
2026-09-29T21:30:00+05:30,Kalutara_Western,26.6,274.2935071808643,0.0,0.97,142.32323837041284
2026-09-29T21:45:00+05:30,Kalutara_Western,26.5,275.14128641405483,0.0,0.83,146.037214710402
2026-09-29T22:00:00+05:30,Kalutara_Western,26.5,276.14790078637463,0.0,0.58,149.7458081969176
2026-09-29T22:15:00+05:30,Kalutara_Western,26.4,277.3812812982428,0.0,0.4,153.4466298249798
2026-09-29T22:30:00+05:30,Kalutara_Western,26.4,278.9524064592989,0.0,0.22,157.13577431846113
2026-09-29T22:45:00+05:30,Kalutara_Western,26.3,281.05557852700287,0.0,0.18,160.80637678045355
2026-09-29T23:00:00+05:30,Kalutara_Western,26.1,284.0629493329816,0.0,0.14,164.44517508259418
2026-09-29T23:15:00+05:30,Kalutara_Western,26.0,288.7784422886008,0.0,0.18,168.02301372576244
2026-09-29T23:30:00+05:30,Kalutara_Western,25.9,297.24641486600785,0.0,0.18,171.46276493748715
2026-09-29T23:45:00+05:30,Kalutara_Western,25.8,315.72523263306323,0.0,0.18,174.49884973231002
2026-09-30T00:00:00+05:30,Kalutara_Western,25.7,358.6842957333859,0.0,0.21,176.0523714681422
2026-09-30T00:15:00+05:30,Kalutara_Western,25.7,42.94189716374467,0.0,0.18,174.62899234975637
2026-09-30T00:30:00+05:30,Kalutara_Western,25.6,62.27045661524062,0.0,0.14,171.63018912675557
2026-09-30T00:45:00+05:30,Kalutara_Western,25.5,71.03485788325628,0.0,0.1,168.20168404327163
2026-09-30T01:00:00+05:30,Kalutara_Western,25.4,75.87476432485164,0.0,0.22,164.62843683102847
2026-09-30T01:15:00+05:30,Kalutara_Western,25.3,78.94453856798953,0.0,0.36,160.9919842616618
2026-09-30T01:30:00+05:30,Kalutara_Western,25.2,81.0833701697112,0.0,0.5,157.3228006116587
2026-09-30T01:45:00+05:30,Kalutara_Western,25.1,82.67697760266856,0.0,0.55,153.63464132350583
2026-09-30T02:00:00+05:30,Kalutara_Western,25.0,83.92569507494221,0.0,0.57,149.93458705422125
2026-09-30T02:15:00+05:30,Kalutara_Western,24.9,84.94349570246737,0.0,0.6,146.2266500926362
2026-09-30T02:30:00+05:30,Kalutara_Western,24.8,85.7999308077932,0.0,0.6,142.5132782093163
2026-09-30T02:45:00+05:30,Kalutara_Western,24.8,86.5398803039975,0.0,0.56,138.79605485809392
2026-09-30T03:00:00+05:30,Kalutara_Western,24.8,87.1936639967181,0.0,0.63,135.07605648060758
2026-09-30T03:15:00+05:30,Kalutara_Western,24.8,87.78257892478643,0.0,0.75,131.35404767755983
2026-09-30T03:30:00+05:30,Kalutara_Western,24.9,88.32210509488061,0.0,0.81,127.63059270865317
2026-09-30T03:45:00+05:30,Kalutara_Western,25.0,88.82384997549838,0.0,0.74,123.90612426502318
2026-09-30T04:00:00+05:30,Kalutara_Western,25.1,89.29677682262445,0.0,0.53,120.18098724358696
2026-09-30T04:15:00+05:30,Kalutara_Western,25.2,89.7480093238085,0.0,0.36,116.45546630326616
2026-09-30T04:30:00+05:30,Kalutara_Western,25.2,90.1833764448458,0.0,0.36,112.72980598614049
2026-09-30T04:45:00+05:30,Kalutara_Western,25.2,90.60779386932836,0.0,0.9,109.00422528670362
2026-09-30T05:00:00+05:30,Kalutara_Western,25.1,91.02554062536512,0.0,1.76,105.27892724604801
2026-09-30T05:15:00+05:30,Kalutara_Western,25.0,91.44046739175991,0.0,2.62,101.55410789670108
2026-09-30T05:30:00+05:30,Kalutara_Western,25.0,91.8561608113477,0.0,3.03,97.82996395729273
2026-09-30T05:45:00+05:30,Kalutara_Western,25.0,92.27608055294928,0.0,2.8,94.1066984307812
2026-09-30T06:00:00+05:30,Kalutara_Western,25.1,92.70368089499459,0.0,2.18,90.38452762880151
2026-09-30T06:15:00+05:30,Kalutara_Western,25.2,93.14252659189174,10.0,1.5,86.66368858502169
2026-09-30T06:30:00+05:30,Kalutara_Western,25.3,93.59641166255517,42.0,1.07,82.94444584889084
2026-09-30T06:45:00+05:30,Kalutara_Western,25.5,94.06948918312827,88.0,0.85,79.22710119443542
2026-09-30T07:00:00+05:30,Kalutara_Western,25.8,94.56642165468702,144.0,0.74,75.51200542765812
2026-09-30T07:15:00+05:30,Kalutara_Western,26.1,95.09256372875558,200.0,0.67,71.79957169837455
2026-09-30T07:30:00+05:30,Kalutara_Western,26.3,95.65419218537136,251.0,0.69,68.0902945515823
2026-09-30T07:45:00+05:30,Kalutara_Western,26.6,96.25880449280879,297.0,0.76,64.38477499368497
2026-09-30T08:00:00+05:30,Kalutara_Western,26.9,96.91551662765005,341.0,1.05,60.683752683480606
2026-09-30T08:15:00+05:30,Kalutara_Western,27.2,97.63560471941764,390.0,1.38,56.988152119670985
2026-09-30T08:30:00+05:30,Kalutara_Western,27.3,98.43325900677672,440.0,1.74,53.29914731310138
2026-09-30T08:45:00+05:30,Kalutara_Western,27.3,99.32665674233726,490.0,2.11,49.61825285667485
2026-09-30T09:00:00+05:30,Kalutara_Western,27.2,100.33952310795661,540.0,2.61,45.94745956085941
2026-09-30T09:15:00+05:30,Kalutara_Western,27.0,101.50345836761863,589.0,3.07,42.289438426690346
2026-09-30T09:30:00+05:30,Kalutara_Western,27.0,102.86150062760771,638.0,3.32,38.64785489101409
2026-09-30T09:45:00+05:30,Kalutara_Western,27.2,104.47373825165664,685.0,3.13,35.0278735634883
2026-09-30T10:00:00+05:30,Kalutara_Western,27.5,106.426432844278,728.0,2.6,31.436995039384215
2026-09-30T10:15:00+05:30,Kalutara_Western,27.8,108.84735123096328,766.0,2.06,27.886499973407865
2026-09-30T10:30:00+05:30,Kalutara_Western,28.1,111.93240194967291,799.0,1.88,24.394063294353415
2026-09-30T10:45:00+05:30,Kalutara_Western,28.4,115.99321101337205,826.0,2.18,20.988722595575922
2026-09-30T11:00:00+05:30,Kalutara_Western,28.8,121.54259295497366,850.0,2.72,17.72079443574988
2026-09-30T11:15:00+05:30,Kalutara_Western,29.1,129.43772541375466,870.0,3.32,14.682355089616465
2026-09-30T11:30:00+05:30,Kalutara_Western,29.4,141.0372791029248,888.0,3.82,12.04832936959248
2026-09-30T11:45:00+05:30,Kalutara_Western,29.6,157.9101758675024,902.0,4.11,10.138992643626395
2026-09-30T12:00:00+05:30,Kalutara_Western,29.7,179.69825445182823,911.0,4.41,9.406523612810872
2026-09-30T12:15:00+05:30,Kalutara_Western,29.8,201.5514763344595,913.0,4.61,10.110040588329554
2026-09-30T12:30:00+05:30,Kalutara_Western,29.9,218.54387607033644,910.0,4.76,11.999575125749473
2026-09-30T12:45:00+05:30,Kalutara_Western,29.9,230.23828742927518,901.0,4.91,14.622348072376397
2026-09-30T13:00:00+05:30,Kalutara_Western,29.8,238.19444242672557,886.0,5.0,17.654523890306763
2026-09-30T13:15:00+05:30,Kalutara_Western,29.8,243.78176118939913,865.0,5.05,20.91880895387085
2026-09-30T13:30:00+05:30,Kalutara_Western,29.7,247.86652999496698,836.0,5.1,24.321908433150284
2026-09-30T13:45:00+05:30,Kalutara_Western,29.7,250.96706952986827,803.0,5.06,27.81289378804992
2026-09-30T14:00:00+05:30,Kalutara_Western,29.6,253.3981592010675,768.0,4.96,31.362409231739726
2026-09-30T14:15:00+05:30,Kalutara_Western,29.5,255.3575338022631,737.0,4.86,34.9526050674165
2026-09-30T14:30:00+05:30,Kalutara_Western,29.5,256.9740490283916,710.0,4.81,38.57209940356946
2026-09-30T14:45:00+05:30,Kalutara_Western,29.4,258.3346367523256,681.0,4.81,42.21333145442362
2026-09-30T15:00:00+05:30,Kalutara_Western,29.4,259.4998089407436,643.0,4.86,45.871098721067696
2026-09-30T15:15:00+05:30,Kalutara_Western,29.3,260.5128769122899,592.0,4.86,49.54171093572052
2026-09-30T15:30:00+05:30,Kalutara_Western,29.2,261.40561930501696,531.0,4.86,53.222481655231334
2026-09-30T15:45:00+05:30,Kalutara_Western,29.1,262.20187696823393,466.0,4.81,56.911409560488806
2026-09-30T16:00:00+05:30,Kalutara_Western,29.0,262.91989993675514,403.0,4.66,60.60697269799634
2026-09-30T16:15:00+05:30,Kalutara_Western,28.8,263.5739208326015,345.0,4.51,64.30799323673978
2026-09-30T16:30:00+05:30,Kalutara_Western,28.7,264.1752350572595,291.0,4.36,68.01354423261219
2026-09-30T16:45:00+05:30,Kalutara_Western,28.5,264.7329594785185,238.0,4.16,71.72288452961116
2026-09-30T17:00:00+05:30,Kalutara_Western,28.3,265.2545770669268,186.0,3.87,75.43541380275057
2026-09-30T17:15:00+05:30,Kalutara_Western,28.2,265.74633589779637,135.0,3.61,79.15063873130373
2026-09-30T17:30:00+05:30,Kalutara_Western,28.0,266.21354813679415,86.0,3.36,82.86814786675349
2026-09-30T17:45:00+05:30,Kalutara_Western,27.9,266.6608197664216,44.0,3.16,86.58759407680652
2026-09-30T18:00:00+05:30,Kalutara_Western,27.8,267.09223189372466,11.0,2.97,90.30867980084655
2026-09-30T18:15:00+05:30,Kalutara_Western,27.7,267.5114891025808,0.0,2.76,94.03114535597821
2026-09-30T18:30:00+05:30,Kalutara_Western,27.6,267.9220464748278,0.0,2.61,97.7547609049361
2026-09-30T18:45:00+05:30,Kalutara_Western,27.5,268.32722415264436,0.0,2.51,101.47931842025933
2026-09-30T19:00:00+05:30,Kalutara_Western,27.5,268.7303177367358,0.0,2.46,105.20462461426018
2026-09-30T19:15:00+05:30,Kalutara_Western,27.4,269.13471267430555,0.0,2.35,108.93049588539327
2026-09-30T19:30:00+05:30,Kalutara_Western,27.4,269.54401122456807,0.0,2.2,112.65675185887322
2026-09-30T19:45:00+05:30,Kalutara_Western,27.3,269.9621832478646,0.0,1.9,116.38320856066768
2026-09-30T20:00:00+05:30,Kalutara_Western,27.2,270.3937560337443,0.0,1.57,120.10967217850168
2026-09-30T20:15:00+05:30,Kalutara_Western,27.1,270.8440646401806,0.0,1.25,123.83592965657505
2026-09-30T20:30:00+05:30,Kalutara_Western,27.0,271.31959606411317,0.0,1.01,127.56173654255997
2026-09-30T20:45:00+05:30,Kalutara_Western,26.9,271.82847999295075,0.0,0.83,131.2868018968109
2026-09-30T21:00:00+05:30,Kalutara_Western,26.8,272.3812122307501,0.0,0.69,135.01076451964164
2026-09-30T21:15:00+05:30,Kalutara_Western,26.6,272.99175866716587,0.0,0.58,138.7331573226974
2026-09-30T21:30:00+05:30,Kalutara_Western,26.5,273.67930309479135,0.0,0.45,142.45335302350213
2026-09-30T21:45:00+05:30,Kalutara_Western,26.4,274.4711292001118,0.0,0.34,146.17047261673008
2026-09-30T22:00:00+05:30,Kalutara_Western,26.3,275.40760330608555,0.0,0.21,149.8832274142306
2026-09-30T22:15:00+05:30,Kalutara_Western,26.2,276.5512872085385,0.0,0.15,153.58963133437786
2026-09-30T22:30:00+05:30,Kalutara_Western,26.1,278.0047822219792,0.0,0.11,157.286432423176
2026-09-30T22:45:00+05:30,Kalutara_Western,26.0,279.9487832787077,0.0,0.15,160.9678918857096
2026-09-30T23:00:00+05:30,Kalutara_Western,25.9,282.7326194614189,0.0,0.22,164.62284472287774
2026-09-30T23:15:00+05:30,Kalutara_Western,25.7,287.1230773855873,0.0,0.34,168.22643347047298
2026-09-30T23:30:00+05:30,Kalutara_Western,25.6,295.13213303039834,0.0,0.45,171.711238815037
2026-09-30T23:45:00+05:30,Kalutara_Western,25.5,313.3905547290001,0.0,0.52,174.83099317540592
2026-10-01T00:00:00+05:30,Kalutara_Western,25.4,359.86531787482465,0.0,0.65,176.44150503503184
2026-10-01T00:15:00+05:30,Kalutara_Western,25.3,46.54584789679427,0.0,0.76,174.8486597871245
2026-10-01T00:30:00+05:30,Kalutara_Western,25.2,64.91856194826534,0.0,0.81,171.7333175635709
2026-10-01T00:45:00+05:30,Kalutara_Western,25.2,72.96463344937564,0.0,0.8,168.2498340582179
2026-10-01T01:00:00+05:30,Kalutara_Western,25.2,77.37056774009369,0.0,0.85,164.6468622852397
2026-10-01T01:15:00+05:30,Kalutara_Western,25.2,80.16250665859707,0.0,0.93,160.99231943236327
2026-10-01T01:30:00+05:30,Kalutara_Western,25.2,82.11158079876566,0.0,0.96,157.3112078668301
2026-10-01T01:45:00+05:30,Kalutara_Western,25.2,83.56875968407974,0.0,0.76,153.6147471046648
2026-10-01T02:00:00+05:30,Kalutara_Western,25.1,84.71546388677285,0.0,0.46,149.90869970676601
2026-10-01T02:15:00+05:30,Kalutara_Western,25.1,85.654656933632,0.0,0.36,146.1963303893536
2026-10-01T02:30:00+05:30,Kalutara_Western,25.1,86.44910057277485,0.0,0.5,142.47963353954535
2026-10-01T02:45:00+05:30,Kalutara_Western,25.0,87.13928224539524,0.0,0.71,138.75990288895443
2026-10-01T03:00:00+05:30,Kalutara_Western,24.9,87.75256558669469,0.0,1.01,135.0380219550096
2026-10-01T03:15:00+05:30,Kalutara_Western,24.8,88.30819212946022,0.0,1.37,131.31462263606463
2026-10-01T03:30:00+05:30,Kalutara_Western,24.7,88.82017361715288,0.0,1.69,127.59017559571417
2026-10-01T03:45:00+05:30,Kalutara_Western,24.6,89.29904536111019,0.0,1.88,123.86504629721253
2026-10-01T04:00:00+05:30,Kalutara_Western,24.4,89.75297378546372,0.0,2.08,120.13953079234864
2026-10-01T04:15:00+05:30,Kalutara_Western,24.3,90.18848239663339,0.0,2.33,116.41387813737607
2026-10-01T04:30:00+05:30,Kalutara_Western,24.1,90.61094407418477,0.0,2.53,112.68830711373228
2026-10-01T04:45:00+05:30,Kalutara_Western,24.0,91.02492665591501,0.0,2.55,108.96301851922087
2026-10-01T05:00:00+05:30,Kalutara_Western,23.9,91.4344447137322,0.0,2.43,105.23820322614131
2026-10-01T05:15:00+05:30,Kalutara_Western,23.8,91.84315048067992,0.0,2.25,101.51405010104922
2026-10-01T05:30:00+05:30,Kalutara_Western,23.8,92.25448600172365,0.0,2.15,97.79075304139994
2026-10-01T05:45:00+05:30,Kalutara_Western,23.8,92.67181180425939,0.0,2.15,94.06851619830353
2026-10-01T06:00:00+05:30,Kalutara_Western,23.8,93.09852293808291,0.0,2.22,90.34756084576905
2026-10-01T06:15:00+05:30,Kalutara_Western,23.9,93.53816155615772,11.0,2.25,86.62813284996807
2026-10-01T06:30:00+05:30,Kalutara_Western,24.1,93.99453434022985,41.0,2.23,82.91050970902067
2026-10-01T06:45:00+05:30,Kalutara_Western,24.4,94.4718427034336,76.0,2.11,79.19501072047125
2026-10-01T07:00:00+05:30,Kalutara_Western,24.8,94.97483535236455,116.0,1.95,75.48200949060517
2026-10-01T07:15:00+05:30,Kalutara_Western,25.2,95.50899516872573,157.0,1.8,71.77194824949446
2026-10-01T07:30:00+05:30,Kalutara_Western,25.5,96.08077565571978,200.0,1.58,68.06535829769078
2026-10-01T07:45:00+05:30,Kalutara_Western,25.8,96.69790885689827,244.0,1.42,64.36288698774501
2026-10-01T08:00:00+05:30,Kalutara_Western,26.0,97.36981630755326,290.0,1.41,60.66533255851847
2026-10-01T08:15:00+05:30,Kalutara_Western,26.2,98.10816886360499,338.0,1.61,56.97369399262529
2026-10-01T08:30:00+05:30,Kalutara_Western,26.5,98.927665766892,386.0,1.89,53.28924083691126
2026-10-01T08:45:00+05:30,Kalutara_Western,26.8,99.84714227438246,435.0,2.09,49.613611614145036
2026-10-01T09:00:00+05:30,Kalutara_Western,27.1,100.89117867621155,487.0,2.23,45.948960101289536
2026-10-01T09:15:00+05:30,Kalutara_Western,27.5,102.09249403700647,544.0,2.34,42.29817503433628
2026-10-01T09:30:00+05:30,Kalutara_Western,27.8,103.49560025284615,611.0,2.4,38.665218106725504
2026-10-01T09:45:00+05:30,Kalutara_Western,28.2,105.16253568940658,681.0,2.49,35.05566534245196
2026-10-01T10:00:00+05:30,Kalutara_Western,28.6,107.18213513978367,745.0,2.55,31.477601627050284
2026-10-01T10:15:00+05:30,Kalutara_Western,29.0,109.68549127588625,793.0,2.66,27.943157222113257
2026-10-01T10:30:00+05:30,Kalutara_Western,29.2,112.87252025708779,823.0,2.8,24.471270422049315
2026-10-01T10:45:00+05:30,Kalutara_Western,29.4,117.0586051162922,843.0,3.03,21.092885737848107
2026-10-01T11:00:00+05:30,Kalutara_Western,29.4,122.75600021109034,860.0,3.26,17.86116887562467
2026-10-01T11:15:00+05:30,Kalutara_Western,29.4,130.8024569744096,882.0,3.45,14.872071402277868
2026-10-01T11:30:00+05:30,Kalutara_Western,29.4,142.47477008185217,907.0,3.55,12.303737693129122
2026-10-01T11:45:00+05:30,Kalutara_Western,29.4,159.12504195684505,930.0,3.5,10.47053850015861
2026-10-01T12:00:00+05:30,Kalutara_Western,29.4,180.18973955528173,945.0,3.36,9.794357168784614
2026-10-01T12:15:00+05:30,Kalutara_Western,29.3,201.19043002117576,946.0,3.19,10.501134371222165
2026-10-01T12:30:00+05:30,Kalutara_Western,29.3,217.71943732009828,938.0,3.1,12.355778262112523
2026-10-01T12:45:00+05:30,Kalutara_Western,29.2,229.29149175450658,920.0,3.03,14.936648271004145
2026-10-01T13:00:00+05:30,Kalutara_Western,29.1,237.27100370170248,890.0,3.06,17.93287407555077
2026-10-01T13:15:00+05:30,Kalutara_Western,29.0,242.92517404667197,842.0,3.05,21.168801224532146
2026-10-01T13:30:00+05:30,Kalutara_Western,28.8,247.0826267678081,778.0,3.06,24.549809549645587
2026-10-01T13:45:00+05:30,Kalutara_Western,28.6,250.24984568961082,705.0,3.01,28.023417610798376
2026-10-01T14:00:00+05:30,Kalutara_Western,28.4,252.7388212316498,630.0,2.91,31.55904417295669
2026-10-01T14:15:00+05:30,Kalutara_Western,28.2,254.74746422780987,562.0,2.81,35.137952568511956
2026-10-01T14:30:00+05:30,Kalutara_Western,27.9,256.4056480557796,493.0,2.71,38.74812975906004
2026-10-01T14:45:00+05:30,Kalutara_Western,27.6,257.8014400605704,428.0,2.61,42.38156331634382
2026-10-01T15:00:00+05:30,Kalutara_Western,27.2,258.9963768888477,369.0,2.56,46.032723145760144
2026-10-01T15:15:00+05:30,Kalutara_Western,26.8,260.03462986940536,320.0,2.46,49.69767755381833
2026-10-01T15:30:00+05:30,Kalutara_Western,26.5,260.94867812616235,279.0,2.38,53.37355931527097
2026-10-01T15:45:00+05:30,Kalutara_Western,26.3,261.7629255659952,243.0,2.3,57.05822970479328
2026-10-01T16:00:00+05:30,Kalutara_Western,26.1,262.4960719706197,208.0,2.26,60.750060908266846
2026-10-01T16:15:00+05:30,Kalutara_Western,26.0,263.1627077129518,170.0,2.19,64.44779256939972
2026-10-01T16:30:00+05:30,Kalutara_Western,25.9,263.774411335993,132.0,2.02,68.15043276930794
2026-10-01T16:45:00+05:30,Kalutara_Western,25.8,264.3405218907131,98.0,1.71,71.85718879683763
2026-10-01T17:00:00+05:30,Kalutara_Western,25.9,264.8686940340348,70.0,1.28,75.56741920211417
2026-10-01T17:15:00+05:30,Kalutara_Western,25.9,265.36530486471116,50.0,0.98,79.28059779382241
2026-10-01T17:30:00+05:30,Kalutara_Western,25.8,265.8357585991406,33.0,0.81,82.99628690327287
2026-10-01T17:45:00+05:30,Kalutara_Western,25.7,266.2847202111085,19.0,0.65,86.71411865872444
2026-10-01T18:00:00+05:30,Kalutara_Western,25.6,266.7162991195627,5.0,0.51,90.43377938311657
2026-10-01T18:15:00+05:30,Kalutara_Western,25.4,267.13419853788184,0.0,0.45,94.15499729953073
2026-10-01T18:30:00+05:30,Kalutara_Western,25.2,267.541842149129,0.0,0.51,97.87753409961947
2026-10-01T18:45:00+05:30,Kalutara_Western,25.1,267.9424869188429,0.0,0.47,101.60117668696275
2026-10-01T19:00:00+05:30,Kalutara_Western,24.9,268.33933016194845,0.0,0.4,105.3257300527437
2026-10-01T19:15:00+05:30,Kalutara_Western,24.8,268.7356186872013,0.0,0.25,109.0510123391745
2026-10-01T19:30:00+05:30,Kalutara_Western,24.7,269.134768083122,0.0,0.25,112.77684868728437
2026-10-01T19:45:00+05:30,Kalutara_Western,24.7,269.54050257969357,0.0,0.34,116.50306496052073
2026-10-01T20:00:00+05:30,Kalutara_Western,24.7,269.95702945171945,0.0,0.47,120.22948235414715
2026-10-01T20:15:00+05:30,Kalutara_Western,24.7,270.3892675401275,0.0,0.63,123.95590927209636
2026-10-01T20:30:00+05:30,Kalutara_Western,24.7,270.8431602410388,0.0,0.81,127.6821310690967
2026-10-01T20:45:00+05:30,Kalutara_Western,24.6,271.3261209874099,0.0,1.06,131.4078977799598
2026-10-01T21:00:00+05:30,Kalutara_Western,24.5,271.8476896496072,0.0,1.4,135.13290460279524
2026-10-01T21:15:00+05:30,Kalutara_Western,24.4,272.42053484111466,0.0,1.73,138.856762834328
2026-10-01T21:30:00+05:30,Kalutara_Western,24.3,273.06204310208136,0.0,1.88,142.5789559938294
2026-10-01T21:45:00+05:30,Kalutara_Western,24.2,273.796945182059,0.0,1.71,146.29876545222749
2026-10-01T22:00:00+05:30,Kalutara_Western,24.2,274.66187082563414,0.0,1.41,150.01514194576185
2026-10-01T22:15:00+05:30,Kalutara_Western,24.1,275.71371422067494,0.0,1.16,153.72647121129563
2026-10-01T22:30:00+05:30,Kalutara_Western,24.1,277.0461104454779,0.0,0.99,157.43010834775822
2026-10-01T22:45:00+05:30,Kalutara_Western,24.1,278.82486860723475,0.0,0.78,161.12137112630154
2026-10-01T23:00:00+05:30,Kalutara_Western,24.1,281.37336097544517,0.0,0.6,164.791091997685
2026-10-01T23:15:00+05:30,Kalutara_Western,24.1,285.4122651333355,0.0,0.54,168.4186158471703
2026-10-01T23:30:00+05:30,Kalutara_Western,24.1,292.8908253411031,0.0,0.49,171.94654863352798
2026-10-01T23:45:00+05:30,Kalutara_Western,24.1,310.7356194050484,0.0,0.3,175.15216406636802
2026-10-02T00:00:00+05:30,Kalutara_Western,24.0,1.311838284909868,0.0,0.54,176.82830868104497
2026-10-02T00:15:00+05:30,Kalutara_Western,23.9,50.43921650179385,0.0,1.16,175.04698232350734
2026-10-02T00:30:00+05:30,Kalutara_Western,23.8,67.62062153363502,0.0,1.55,171.81960529649191
2026-10-02T00:45:00+05:30,Kalutara_Western,23.7,74.90388954329848,0.0,1.75,168.28602479215513
2026-10-02T01:00:00+05:30,Kalutara_Western,23.6,78.86608860331,0.0,1.8,164.65644469909847
2026-10-02T01:15:00+05:30,Kalutara_Western,23.5,81.37785080734545,0.0,1.81,160.98585895488867
2026-10-02T01:30:00+05:30,Kalutara_Western,23.5,83.13675404300488,0.0,1.76,157.29424956494313
2026-10-02T01:45:00+05:30,Kalutara_Western,23.4,84.45763628548696,0.0,1.71,153.59054140120986
2026-10-02T02:00:00+05:30,Kalutara_Western,23.4,85.50260084933404,0.0,1.56,149.8793124514149
2026-10-02T02:15:00+05:30,Kalutara_Western,23.4,86.36347488727404,0.0,1.46,146.16315816329444
2026-10-02T02:30:00+05:30,Kalutara_Western,23.4,87.09619152637521,0.0,1.36,142.44366804098058
2026-10-02T02:45:00+05:30,Kalutara_Western,23.4,87.73683630869283,0.0,1.35,138.7218775893555
2026-10-02T03:00:00+05:30,Kalutara_Western,23.4,88.30981732103646,0.0,1.35,134.99849869707415
2026-10-02T03:15:00+05:30,Kalutara_Western,23.4,88.83232429539203,0.0,1.36,131.27404546946383
2026-10-02T03:30:00+05:30,Kalutara_Western,23.4,89.31690497974336,0.0,1.36,127.54890573348837
2026-10-02T03:45:00+05:30,Kalutara_Western,23.4,89.77302648504428,0.0,1.3,123.82338569577034
2026-10-02T04:00:00+05:30,Kalutara_Western,23.4,90.20806179671496,0.0,1.25,120.09773862541215
2026-10-02T04:15:00+05:30,Kalutara_Western,23.4,90.62793705157208,0.0,1.18,116.37218268712331
2026-10-02T04:30:00+05:30,Kalutara_Western,23.4,91.03757133089869,0.0,1.06,112.64691464759859
2026-10-02T04:45:00+05:30,Kalutara_Western,23.5,91.44118646761558,0.0,0.83,108.92212015322342
2026-10-02T05:00:00+05:30,Kalutara_Western,23.6,91.8425340429593,0.0,0.5,105.19798044005556
2026-10-02T05:15:00+05:30,Kalutara_Western,23.6,92.24506899333028,0.0,0.29,101.47467936813644
2026-10-02T05:30:00+05:30,Kalutara_Western,23.7,92.65208964356304,0.0,0.21,97.7524099018792
2026-10-02T05:45:00+05:30,Kalutara_Western,23.7,93.06685801685728,0.0,0.29,94.03137903585188
2026-10-02T06:00:00+05:30,Kalutara_Western,23.6,93.49271034681891,0.0,0.71,90.31181458133403
2026-10-02T06:15:00+05:30,Kalutara_Western,23.6,93.93316637525606,10.0,1.1,86.59397274029386
2026-10-02T06:30:00+05:30,Kalutara_Western,23.7,94.39204539981273,41.0,1.4,82.8781454462828
2026-10-02T06:45:00+05:30,Kalutara_Western,24.0,94.87359685209447,86.0,1.51,79.16467103582299
2026-10-02T07:00:00+05:30,Kalutara_Western,24.3,95.3826549923449,142.0,1.49,75.45394751055198
2026-10-02T07:15:00+05:30,Kalutara_Western,24.7,95.92482984745396,198.0,1.44,71.7464479120857
2026-10-02T07:30:00+05:30,Kalutara_Western,25.0,96.50674997105006,253.0,1.32,68.04274221967523
2026-10-02T07:45:00+05:30,Kalutara_Western,25.4,97.13637947911224,304.0,1.14,64.34352632823766
2026-10-02T08:00:00+05:30,Kalutara_Western,25.7,97.82344175596018,354.0,0.87,60.64965961518027
2026-10-02T08:15:00+05:30,Kalutara_Western,26.0,98.57999687112897,406.0,0.53,56.96221858114713
2026-10-02T08:30:00+05:30,Kalutara_Western,26.4,99.42124479142393,457.0,0.27,53.28257196673123
2026-10-02T08:45:00+05:30,Kalutara_Western,26.8,100.36666614817057,507.0,0.32,49.612486691485714
2026-10-02T09:00:00+05:30,Kalutara_Western,27.2,101.44167667362325,555.0,0.67,45.954285006620125
2026-10-02T09:15:00+05:30,Kalutara_Western,27.6,102.68008285466902,602.0,1.05,42.311080210271356
2026-10-02T09:30:00+05:30,Kalutara_Western,28.0,104.12781888509159,649.0,1.35,38.68713867947313
2026-10-02T09:45:00+05:30,Kalutara_Western,28.2,105.84878589941974,694.0,1.6,35.088458062052176
2026-10-02T10:00:00+05:30,Kalutara_Western,28.4,107.93423881782098,737.0,1.81,31.52371921653581
2026-10-02T10:15:00+05:30,Kalutara_Western,28.5,110.51831739331527,779.0,1.97,28.005913308049024
2026-10-02T10:30:00+05:30,Kalutara_Western,28.7,113.80441904283919,827.0,2.12,24.555246457003634
2026-10-02T10:45:00+05:30,Kalutara_Western,28.9,118.11066430444959,869.0,2.23,21.204548028357422
2026-10-02T11:00:00+05:30,Kalutara_Western,29.1,123.94679854268696,891.0,2.24,18.009727543127624
2026-10-02T11:15:00+05:30,Kalutara_Western,29.2,132.12795521316906,873.0,2.29,15.07027391717233
2026-10-02T11:30:00+05:30,Kalutara_Western,29.2,143.84752739974215,810.0,2.35,12.56670362462691
2026-10-02T11:45:00+05:30,Kalutara_Western,28.8,160.2580600830861,725.0,2.57,10.806355746276779
2026-10-02T12:00:00+05:30,Kalutara_Western,28.2,180.63662214159416,644.0,2.78,10.182299872377783
2026-10-02T12:15:00+05:30,Kalutara_Western,27.6,200.8494556818742,590.0,3.04,10.89163960742546
2026-10-02T12:30:00+05:30,Kalutara_Western,27.2,216.93724607060412,550.0,3.1,12.713101855844982
2026-10-02T12:45:00+05:30,Kalutara_Western,26.9,228.3811951656886,522.0,2.96,15.253340375250616
2026-10-02T13:00:00+05:30,Kalutara_Western,26.8,236.37411160119765,505.0,2.72,18.21405126333083
2026-10-02T13:15:00+05:30,Kalutara_Western,26.8,242.087382551642,504.0,2.44,21.421581644870344
2026-10-02T13:30:00+05:30,Kalutara_Western,26.8,246.3122297482819,526.0,2.2,24.780256352286287
2026-10-02T13:45:00+05:30,Kalutara_Western,27.0,249.54258025255237,554.0,2.08,28.236173994504433
2026-10-02T14:00:00+05:30,Kalutara_Western,27.4,252.08702450959038,567.0,2.04,31.757586075104214
2026-10-02T14:15:00+05:30,Kalutara_Western,27.7,254.14324697970807,549.0,2.02,35.32489259666496
2026-10-02T14:30:00+05:30,Kalutara_Western,27.9,255.84188709780818,509.0,1.96,38.92545772346913
2026-10-02T14:45:00+05:30,Kalutara_Western,28.0,257.27199034842073,458.0,1.91,42.55081911243976
2026-10-02T15:00:00+05:30,Kalutara_Western,28.0,258.49601797100905,402.0,1.96,46.1951180398306
2026-10-02T15:15:00+05:30,Kalutara_Western,27.9,259.55893615307565,346.0,1.91,49.85417931813339
2026-10-02T15:30:00+05:30,Kalutara_Western,27.7,260.49388104942966,285.0,1.71,53.52495260089053
2026-10-02T15:45:00+05:30,Kalutara_Western,27.4,261.3257899360392,227.0,1.36,57.20515946365642
2026-10-02T16:00:00+05:30,Kalutara_Western,26.9,262.0737915865536,174.0,1.15,60.89306411482967
2026-10-02T16:15:00+05:30,Kalutara_Western,26.3,262.7528192895908,130.0,1.36,64.58732176098637
2026-10-02T16:30:00+05:30,Kalutara_Western,25.9,263.37472389424715,90.0,1.7,68.28687379371141
2026-10-02T16:45:00+05:30,Kalutara_Western,25.7,263.9490585467686,58.0,1.84,71.99087440335418
2026-10-02T17:00:00+05:30,Kalutara_Western,25.5,264.4836434148311,37.0,1.81,75.69863961419033
2026-10-02T17:15:00+05:30,Kalutara_Western,25.4,264.9849797856168,28.0,1.7,79.4096090701141
2026-10-02T17:30:00+05:30,Kalutara_Western,25.3,265.4585600317635,24.0,1.67,83.12331766984276
2026-10-02T17:45:00+05:30,Kalutara_Western,25.2,265.9091048722828,18.0,1.71,86.83937563337095
2026-10-02T18:00:00+05:30,Kalutara_Western,25.1,266.34074922109755,6.0,1.73,90.55745201883808
2026-10-02T18:15:00+05:30,Kalutara_Western,25.0,266.7571923562307,0.0,1.77,94.27726179435008
2026-10-02T18:30:00+05:30,Kalutara_Western,24.9,267.16182409605267,0.0,1.79,97.998556975211
2026-10-02T18:45:00+05:30,Kalutara_Western,24.9,267.55783571638335,0.0,1.7,101.72111811126011
2026-10-02T19:00:00+05:30,Kalutara_Western,24.9,267.9483235310022,0.0,1.57,105.4447470650107
2026-10-02T19:15:00+05:30,Kalutara_Western,24.9,268.3363926111913,0.0,1.4,109.1692621437788
2026-10-02T19:30:00+05:30,Kalutara_Western,24.9,268.72526816141453,0.0,1.31,112.89449219493669
2026-10-02T19:45:00+05:30,Kalutara_Western,24.9,269.11842413878577,0.0,1.24,116.62027078942133
2026-10-02T20:00:00+05:30,Kalutara_Western,24.9,269.5197417851578,0.0,1.21,120.34643158197785
2026-10-02T20:15:00+05:30,Kalutara_Western,25.0,269.9337156656366,0.0,1.28,124.07280132042845
2026-10-02T20:30:00+05:30,Kalutara_Western,25.0,270.36573445560896,0.0,1.31,127.79919128293986
2026-10-02T20:45:00+05:30,Kalutara_Western,24.9,270.82247953006765,0.0,1.32,131.52538754213003
2026-10-02T21:00:00+05:30,Kalutara_Western,24.9,271.3125116682926,0.0,1.46,135.2511352871195
2026-10-02T21:15:00+05:30,Kalutara_Western,24.8,271.8471671302418,0.0,1.56,138.9761157114768
2026-10-02T21:30:00+05:30,Kalutara_Western,24.7,272.4419800472784,0.0,1.69,142.69991161490424
2026-10-02T21:45:00+05:30,Kalutara_Western,24.7,273.1190376699111,0.0,1.66,146.42194870540243
2026-10-02T22:00:00+05:30,Kalutara_Western,24.7,273.91107663439794,0.0,1.58,150.1413941755381
2026-10-02T22:15:00+05:30,Kalutara_Western,24.7,274.8690355583619,0.0,1.46,153.85697165003393
2026-10-02T22:30:00+05:30,Kalutara_Western,24.6,276.0770108245313,0.0,1.38,157.5665915013089
2026-10-02T22:45:00+05:30,Kalutara_Western,24.6,277.68466949044273,0.0,1.38,161.26654679213635
2026-10-02T23:00:00+05:30,Kalutara_Western,24.6,279.98629005448095,0.0,1.35,164.94953979166422
2026-10-02T23:15:00+05:30,Kalutara_Western,24.5,283.6471401285478,0.0,1.35,168.5989461890903
2026-10-02T23:30:00+05:30,Kalutara_Western,24.5,290.5196130104048,0.0,1.35,172.16748973363593
2026-10-02T23:45:00+05:30,Kalutara_Western,24.4,307.7074633379024,0.0,1.35,175.46008618351112
2026-10-03T00:00:00+05:30,Kalutara_Western,24.4,3.1291834824413627,0.0,1.34,177.21203483436676
2026-10-03T00:15:00+05:30,Kalutara_Western,24.3,54.620108675849224,0.0,1.35,175.2215098219997
2026-10-03T00:30:00+05:30,Kalutara_Western,24.2,70.36649904883325,0.0,1.39,171.88868320347842
2026-10-03T00:45:00+05:30,Kalutara_Western,24.2,76.84839148539561,0.0,1.4,168.31029336285968
2026-10-03T01:00:00+05:30,Kalutara_Western,24.1,80.35932716720015,0.0,1.46,164.65730406907807
2026-10-03T01:15:00+05:30,Kalutara_Western,24.0,82.58947301218552,0.0,1.52,160.97273873371512
2026-10-03T01:30:00+05:30,Kalutara_Western,23.9,84.15820899495947,0.0,1.54,157.27206130709192
2026-10-03T01:45:00+05:30,Kalutara_Western,23.9,85.34314300206881,0.0,1.57,153.5621555663375
2026-10-03T02:00:00+05:30,Kalutara_Western,23.8,86.28676464521163,0.0,1.6,149.84655179185353
2026-10-03T02:15:00+05:30,Kalutara_Western,23.8,87.06968342499266,0.0,1.64,146.1272553939738
2026-10-03T02:30:00+05:30,Kalutara_Western,23.7,87.74098613274663,0.0,1.68,142.40549970082736
2026-10-03T02:45:00+05:30,Kalutara_Western,23.7,88.3323578288717,0.0,1.72,138.68209347537936
2026-10-03T03:00:00+05:30,Kalutara_Western,23.6,88.86525756859305,0.0,1.72,134.9575982029186
2026-10-03T03:15:00+05:30,Kalutara_Western,23.5,89.35483037613284,0.0,1.77,131.23242502336694
2026-10-03T03:30:00+05:30,Kalutara_Western,23.5,89.81216631099454,0.0,1.77,127.50688961396494
2026-10-03T03:45:00+05:30,Kalutara_Western,23.4,90.24566951577015,0.0,1.77,123.78124684189093
2026-10-03T04:00:00+05:30,Kalutara_Western,23.4,90.6619237553038,0.0,1.77,120.05571320284372
2026-10-03T04:15:00+05:30,Kalutara_Western,23.3,91.06626115452696,0.0,1.74,116.33048064085627
2026-10-03T04:30:00+05:30,Kalutara_Western,23.3,91.46314965285075,0.0,1.74,112.60572761964582
2026-10-03T04:45:00+05:30,Kalutara_Western,23.3,91.85646716962037,0.0,1.71,108.8816276519598
2026-10-03T05:00:00+05:30,Kalutara_Western,23.4,92.24970393016912,0.0,1.71,105.1583548466686
2026-10-03T05:15:00+05:30,Kalutara_Western,23.4,92.64611883473009,0.0,1.68,101.43609019232048
2026-10-03T05:30:00+05:30,Kalutara_Western,23.5,93.04886743285437,0.0,1.66,97.71502758858756
2026-10-03T05:45:00+05:30,Kalutara_Western,23.7,93.46111391222217,0.0,1.63,93.99537855304006
2026-10-03T06:00:00+05:30,Kalutara_Western,23.9,93.8861361043156,0.0,1.57,90.27737898793357
2026-10-03T06:15:00+05:30,Kalutara_Western,24.1,94.3274315026743,13.0,1.54,86.561296916465
2026-10-03T06:30:00+05:30,Kalutara_Western,24.4,94.7888319180197,49.0,1.49,82.8474401697245
2026-10-03T06:45:00+05:30,Kalutara_Western,24.7,95.27463439327107,96.0,1.45,79.1361676164885
2026-10-03T07:00:00+05:30,Kalutara_Western,25.0,95.78975796433292,153.0,1.42,75.42790322100304
2026-10-03T07:15:00+05:30,Kalutara_Western,25.3,96.33993854633161,210.0,1.4,71.72315252843352
2026-10-03T07:30:00+05:30,Kalutara_Western,25.6,96.93197783768,264.0,1.36,68.02252607986173
2026-10-03T07:45:00+05:30,Kalutara_Western,25.9,97.5740692125139,316.0,1.35,64.32677045068472
2026-10-03T08:00:00+05:30,Kalutara_Western,26.2,98.27623377572536,366.0,1.36,60.63680863873626
2026-10-03T08:15:00+05:30,Kalutara_Western,26.5,99.05091472991,418.0,1.37,56.95379759426486
2026-10-03T08:30:00+05:30,Kalutara_Western,26.8,99.91380371138047,468.0,1.4,53.279208765413195
2026-10-03T08:45:00+05:30,Kalutara_Western,27.0,100.88501301823106,516.0,1.4,49.614941730775975
2026-10-03T09:00:00+05:30,Kalutara_Western,27.3,101.99077264584628,562.0,1.42,45.963492424208575
2026-10-03T09:15:00+05:30,Kalutara_Western,27.6,103.2659429807415,604.0,1.47,42.328205073548254
2026-10-03T09:30:00+05:30,Kalutara_Western,27.8,104.75782595982378,642.0,1.5,38.71365846183141
2026-10-03T09:45:00+05:30,Kalutara_Western,28.1,106.53209391882314,676.0,1.55,35.126280929098144
2026-10-03T10:00:00+05:30,Kalutara_Western,28.4,108.68226295331897,707.0,1.67,31.57535909321495
2026-10-03T10:15:00+05:30,Kalutara_Western,28.6,111.3452342086909,734.0,1.77,28.07475306773319
2026-10-03T10:30:00+05:30,Kalutara_Western,28.8,114.72735631002934,755.0,1.88,24.645935552192483
2026-10-03T10:45:00+05:30,Kalutara_Western,29.0,119.14848652124215,772.0,1.97,21.32358874125265
2026-10-03T11:00:00+05:30,Kalutara_Western,29.2,125.114027478879,790.0,2.09,18.166244837947943
2026-10-03T11:15:00+05:30,Kalutara_Western,29.3,133.41375535353978,811.0,2.15,15.276577531746469
2026-10-03T11:30:00+05:30,Kalutara_Western,29.4,145.15733279777857,839.0,2.24,12.836667572805553
2026-10-03T11:45:00+05:30,Kalutara_Western,29.5,161.3151655341269,866.0,2.28,11.145914473365707
2026-10-03T12:00:00+05:30,Kalutara_Western,29.5,181.0432928234839,883.0,2.33,10.570152086741984
2026-10-03T12:15:00+05:30,Kalutara_Western,29.5,200.5260977757408,881.0,2.28,11.281408116703162
2026-10-03T12:30:00+05:30,Kalutara_Western,29.5,216.19378328302847,862.0,2.28,13.071244605998828
2026-10-03T12:45:00+05:30,Kalutara_Western,29.4,227.50536916670683,833.0,2.24,15.572078628490118
2026-10-03T13:00:00+05:30,Kalutara_Western,29.4,235.50281894608815,796.0,2.22,18.49773817001514
2026-10-03T13:15:00+05:30,Kalutara_Western,29.3,241.26797606465342,758.0,2.14,21.67687481429003
2026-10-03T13:30:00+05:30,Kalutara_Western,29.2,245.55517798143052,717.0,2.05,25.013009565557184
2026-10-03T13:45:00+05:30,Kalutara_Western,29.1,248.84522998062315,671.0,1.97,28.45095140814901
2026-10-03T14:00:00+05:30,Kalutara_Western,28.9,251.44278305582182,618.0,1.89,31.957844185991178
2026-10-03T14:15:00+05:30,Kalutara_Western,28.8,253.5449247831989,555.0,1.81,35.51325003251828
2026-10-03T14:30:00+05:30,Kalutara_Western,28.6,255.28282359278876,479.0,1.67,39.10392011885113
2026-10-03T14:45:00+05:30,Kalutara_Western,28.4,256.7463526844487,402.0,1.52,42.72094495281311
2026-10-03T15:00:00+05:30,Kalutara_Western,28.2,257.99880122099114,335.0,1.38,46.358136875358426
2026-10-03T15:15:00+05:30,Kalutara_Western,27.9,259.08586685364213,287.0,1.17,50.01107563970703
2026-10-03T15:30:00+05:30,Kalutara_Western,27.7,260.0413002485425,253.0,1.01,53.67652578858687
2026-10-03T15:45:00+05:30,Kalutara_Western,27.4,260.89054287895823,226.0,0.83,57.35206715855925
2026-10-03T16:00:00+05:30,Kalutara_Western,27.1,261.65313204924576,200.0,0.71,61.03585404396918
2026-10-03T16:15:00+05:30,Kalutara_Western,26.8,262.3443293023027,173.0,0.62,64.72645543471447
2026-10-03T16:30:00+05:30,Kalutara_Western,26.5,262.97624706574095,146.0,0.61,68.422744416474
2026-10-03T16:45:00+05:30,Kalutara_Western,26.3,263.55864456477786,121.0,0.71,72.12382061015742
2026-10-03T17:00:00+05:30,Kalutara_Western,26.0,264.0995013550638,95.0,0.78,75.8289561688428
2026-10-03T17:15:00+05:30,Kalutara_Western,25.8,264.6054381215115,69.0,0.95,79.53755532055409
2026-10-03T17:30:00+05:30,Kalutara_Western,25.6,265.0820315399457,44.0,1.03,83.24912434686065
2026-10-03T17:45:00+05:30,Kalutara_Western,25.4,265.5340548733425,22.0,1.12,86.96325041594942
2026-10-03T18:00:00+05:30,Kalutara_Western,25.3,265.96566576433634,5.0,1.16,90.67958418833454
2026-10-03T18:15:00+05:30,Kalutara_Western,25.2,266.3805570514174,0.0,1.21,94.39782622665561
2026-10-03T18:30:00+05:30,Kalutara_Western,25.1,266.78208229676125,0.0,1.2,98.1177176681788
2026-10-03T18:45:00+05:30,Kalutara_Western,25.1,267.17336466644974,0.0,1.2,101.83903142220151
2026-10-03T19:00:00+05:30,Kalutara_Western,25.0,267.5573968760615,0.0,1.15,105.56156481066878
2026-10-03T19:15:00+05:30,Kalutara_Western,25.0,267.9371393117751,0.0,1.15,109.28513471338765
2026-10-03T19:30:00+05:30,Kalutara_Western,25.0,268.3156232765673,0.0,1.1,113.00957184737516
2026-10-03T19:45:00+05:30,Kalutara_Western,24.9,268.69606807109415,0.0,1.1,116.73471533258433
2026-10-03T20:00:00+05:30,Kalutara_Western,24.9,269.0820232305283,0.0,1.1,120.4604086846204
2026-10-03T20:15:00+05:30,Kalutara_Western,24.8,269.47755145300596,0.0,1.1,124.18649381005795
2026-10-03T20:30:00+05:30,Kalutara_Western,24.8,269.88747621907464,0.0,1.1,127.91280392526326
2026-10-03T20:45:00+05:30,Kalutara_Western,24.7,270.3177319535737,0.0,1.15,131.63915605642543
2026-10-03T21:00:00+05:30,Kalutara_Western,24.6,270.7758785041427,0.0,1.2,135.36533876247177
2026-10-03T21:15:00+05:30,Kalutara_Western,24.5,271.2718866516543,0.0,1.25,139.09109430770408
2026-10-03T21:30:00+05:30,Kalutara_Western,24.5,271.8193859450349,0.0,1.3,142.81609272528004
2026-10-03T21:45:00+05:30,Kalutara_Western,24.4,272.4377342816969,0.0,1.35,146.53988715729454
2026-10-03T22:00:00+05:30,Kalutara_Western,24.3,273.1556263560795,0.0,1.45,150.26183679455994
2026-10-03T22:15:00+05:30,Kalutara_Western,24.3,274.0177702727533,0.0,1.5,153.98096649273248
2026-10-03T22:30:00+05:30,Kalutara_Western,24.2,275.09817379116583,0.0,1.55,157.69568474783796
2026-10-03T22:45:00+05:30,Kalutara_Western,24.2,276.5291435089525,0.0,1.6,161.4031670150659
2026-10-03T23:00:00+05:30,Kalutara_Western,24.1,278.5727714879905,0.0,1.6,165.09782935769454
2026-10-03T23:15:00+05:30,Kalutara_Western,24.0,281.829453514264,0.0,1.6,168.76682580622156
2026-10-03T23:30:00+05:30,Kalutara_Western,24.0,288.01737799451155,0.0,1.6,172.37282079505525
2026-10-03T23:45:00+05:30,Kalutara_Western,23.9,304.24712722931747,0.0,1.55,175.75197700099977
2026-10-04T00:00:00+05:30,Kalutara_Western,23.9,5.48625275358944,0.0,1.5,177.59153751449298
2026-10-04T00:15:00+05:30,Kalutara_Western,23.9,59.07480655159611,0.0,1.4,175.36979705761954
2026-10-04T00:30:00+05:30,Kalutara_Western,23.8,73.14503556461125,0.0,1.3,171.94029385382032
2026-10-04T00:45:00+05:30,Kalutara_Western,23.8,78.79386968408267,0.0,1.2,168.32272292895584
2026-10-04T01:00:00+05:30,Kalutara_Western,23.7,81.84831799523067,0.0,1.05,164.64958106760497
2026-10-04T01:15:00+05:30,Kalutara_Western,23.7,83.79630279366631,0.0,0.96,160.95310484039325
2026-10-04T01:30:00+05:30,Kalutara_Western,23.7,85.17528249658477,0.0,0.86,157.2447837966127
2026-10-04T01:45:00+05:30,Kalutara_Western,23.6,86.22482644670345,0.0,0.76,153.5297232704825
2026-10-04T02:00:00+05:30,Kalutara_Western,23.6,87.06762066422937,0.0,0.66,149.81054484733494
2026-10-04T02:15:00+05:30,Kalutara_Western,23.6,87.77302033309189,0.0,0.61,146.08874354279664
2026-10-04T02:30:00+05:30,Kalutara_Western,23.6,88.38326893602175,0.0,0.56,142.36524518044948
2026-10-04T02:45:00+05:30,Kalutara_Western,23.5,88.92566296113148,0.0,0.56,138.6406631245809
2026-10-04T03:00:00+05:30,Kalutara_Western,23.5,89.4187246323163,0.0,0.55,134.91542954089184
2026-10-04T03:15:00+05:30,Kalutara_Western,23.4,89.87556461716753,0.0,0.55,131.18986731363447
2026-10-04T03:30:00+05:30,Kalutara_Western,23.4,90.30582355216268,0.0,0.6,127.46423055948968
2026-10-04T03:45:00+05:30,Kalutara_Western,23.3,90.71684906788812,0.0,0.65,123.73873064454503
2026-10-04T04:00:00+05:30,Kalutara_Western,23.3,91.1144407166438,0.0,0.7,120.01355324017888
2026-10-04T04:15:00+05:30,Kalutara_Western,23.2,91.50334049212358,0.0,0.71,116.28886869125564
2026-10-04T04:30:00+05:30,Kalutara_Western,23.2,91.88756820015738,0.0,0.76,112.5648408328571
2026-10-04T04:45:00+05:30,Kalutara_Western,23.2,92.27066017699576,0.0,0.78,108.84163402556365
2026-10-04T05:00:00+05:30,Kalutara_Western,23.3,92.65584708767011,0.0,0.84,105.11941773202014
2026-10-04T05:15:00+05:30,Kalutara_Western,23.3,93.04619316108881,0.0,0.84,101.39837218230866
2026-10-04T05:30:00+05:30,Kalutara_Western,23.4,93.44471217859996,0.0,0.85,97.67869405611019
2026-10-04T05:45:00+05:30,Kalutara_Western,23.6,93.85447118906222,0.0,0.85,93.96060105125848
2026-10-04T06:00:00+05:30,Kalutara_Western,23.8,94.27869003397666,0.0,0.83,90.24433869374482
2026-10-04T06:15:00+05:30,Kalutara_Western,24.1,94.72084409187875,12.0,0.78,86.53018828948177
2026-10-04T06:30:00+05:30,Kalutara_Western,24.3,95.18477752455999,45.0,0.74,82.81847501012024
2026-10-04T06:45:00+05:30,Kalutara_Western,24.6,95.67483448943392,88.0,0.69,79.10957971817561
2026-10-04T07:00:00+05:30,Kalutara_Western,24.9,96.1960178925774,140.0,0.61,75.40395387558299
2026-10-04T07:15:00+05:30,Kalutara_Western,25.3,96.75418810648,193.0,0.6,71.70213718735485
2026-10-04T07:30:00+05:30,Kalutara_Western,25.6,97.35631783654264,244.0,0.53,68.00478258833213
2026-10-04T07:45:00+05:30,Kalutara_Western,25.9,98.01082659052264,294.0,0.47,64.31268941013371
2026-10-04T08:00:00+05:30,Kalutara_Western,26.2,98.72802865036579,345.0,0.47,60.62684666946706
2026-10-04T08:15:00+05:30,Kalutara_Western,26.5,99.52074371149342,401.0,0.45,56.94849458645537
2026-10-04T08:30:00+05:30,Kalutara_Western,26.7,100.40514526278889,461.0,0.51,53.279210676094785
2026-10-04T08:45:00+05:30,Kalutara_Western,27.0,101.40196251496087,522.0,0.6,49.62103121607618
2026-10-04T09:00:00+05:30,Kalutara_Western,27.2,102.53821709400728,581.0,0.72,45.976630706419456
2026-10-04T09:15:00+05:30,Kalutara_Western,27.4,103.8497877268527,634.0,0.89,42.34959019404383
2026-10-04T09:30:00+05:30,Kalutara_Western,27.7,105.38528669217857,678.0,1.06,38.7448078427891
2026-10-04T09:45:00+05:30,Kalutara_Western,27.9,107.21206204979893,715.0,1.27,35.1691505673989
2026-10-04T10:00:00+05:30,Kalutara_Western,28.1,109.42572710091895,748.0,1.49,31.632518584098385
2026-10-04T10:15:00+05:30,Kalutara_Western,28.3,112.16565361171496,779.0,1.68,28.14964571718476
2026-10-04T10:30:00+05:30,Kalutara_Western,28.5,115.6406116280379,804.0,1.9,24.743264375070893
2026-10-04T10:45:00+05:30,Kalutara_Western,28.7,120.17122130576081,825.0,2.05,21.449868108851348
2026-10-04T11:00:00+05:30,Kalutara_Western,28.8,126.25683761113822,842.0,2.25,18.33047679456206
2026-10-04T11:15:00+05:30,Kalutara_Western,29.0,134.65959055698778,858.0,2.36,15.490587294333864
2026-10-04T11:30:00+05:30,Kalutara_Western,29.1,146.4061203934848,874.0,2.51,13.113085175677114
2026-10-04T11:45:00+05:30,Kalutara_Western,29.2,162.30184705467786,885.0,2.62,11.488723248546691
2026-10-04T12:00:00+05:30,Kalutara_Western,29.2,181.41356646782194,890.0,2.71,10.957723004853818
2026-10-04T12:15:00+05:30,Kalutara_Western,29.3,200.218250796839,884.0,2.8,11.670294774330884
2026-10-04T12:30:00+05:30,Kalutara_Western,29.3,215.48587630042368,870.0,2.89,13.429924166996173
2026-10-04T12:45:00+05:30,Kalutara_Western,29.3,226.66209899797383,848.0,2.97,15.892534404551313
2026-10-04T13:00:00+05:30,Kalutara_Western,29.3,234.65619829387003,821.0,3.02,18.78362844804016
2026-10-04T13:15:00+05:30,Kalutara_Western,29.3,240.46653987876402,791.0,3.04,21.934412066726026
2026-10-04T13:30:00+05:30,Kalutara_Western,29.2,244.81130325413943,759.0,3.09,25.24783442870809
2026-10-04T13:45:00+05:30,Kalutara_Western,29.2,248.1577459308652,723.0,3.09,28.66754177056439
2026-10-04T14:00:00+05:30,Kalutara_Western,29.1,250.80610731036626,680.0,3.07,32.1596307421854
2026-10-04T14:15:00+05:30,Kalutara_Western,29.1,252.95253855788727,627.0,3.07,35.702852594252576
2026-10-04T14:30:00+05:30,Kalutara_Western,29.0,254.72851450552292,563.0,3.0,39.283356611023116
2026-10-04T14:45:00+05:30,Kalutara_Western,28.9,256.2245926393142,497.0,2.93,42.891789884764464
2026-10-04T15:00:00+05:30,Kalutara_Western,28.8,257.5047968883769,438.0,2.82,46.52163619495943
2026-10-04T15:15:00+05:30,Kalutara_Western,28.6,258.6154948076314,392.0,2.69,50.168229153009975
2026-10-04T15:30:00+05:30,Kalutara_Western,28.5,259.5910100477688,356.0,2.53,53.8281465435202
2026-10-04T15:45:00+05:30,Kalutara_Western,28.3,260.45725966288734,323.0,2.38,57.49882466839694
2026-10-04T16:00:00+05:30,Kalutara_Western,28.1,261.2341693485189,291.0,2.2,61.178306149543985
2026-10-04T16:15:00+05:30,Kalutara_Western,28.0,261.9373144335715,255.0,2.0,64.8650721104966
2026-10-04T16:30:00+05:30,Kalutara_Western,27.8,262.57905831851156,220.0,1.82,68.55792581123521
2026-10-04T16:45:00+05:30,Kalutara_Western,27.6,263.169358374186,184.0,1.64,72.25591090934248
2026-10-04T17:00:00+05:30,Kalutara_Western,27.4,263.7163474819182,146.0,1.44,75.95825439380062
2026-10-04T17:15:00+05:30,Kalutara_Western,27.2,264.2267609844516,107.0,1.26,79.66432386838748
2026-10-04T17:30:00+05:30,Kalutara_Western,27.1,264.70625605561514,68.0,1.06,83.37359584603846
2026-10-04T17:45:00+05:30,Kalutara_Western,26.9,265.1596553507095,34.0,0.85,87.08563332293045
2026-10-04T18:00:00+05:30,Kalutara_Western,26.7,265.59113653085575,7.0,0.68,90.80006744677748
2026-10-04T18:15:00+05:30,Kalutara_Western,26.6,266.0043835567692,0.0,0.47,94.51658323335607
2026-10-04T18:30:00+05:30,Kalutara_Western,26.4,266.4027114239395,0.0,0.27,98.23490974936294
2026-10-04T18:45:00+05:30,Kalutara_Western,26.3,266.7891728690903,0.0,0.07,101.95481097743247
2026-10-04T19:00:00+05:30,Kalutara_Western,26.1,267.166654539206,0.0,0.15,105.67607827936885
2026-10-04T19:15:00+05:30,Kalutara_Western,25.9,267.5379693504518,0.0,0.35,109.3985255043703
2026-10-04T19:30:00+05:30,Kalutara_Western,25.8,267.90595139820084,0.0,0.56,113.12198338532015
2026-10-04T19:45:00+05:30,Kalutara_Western,25.6,268.2735612206114,0.0,0.72,116.84629439987599
2026-10-04T20:00:00+05:30,Kalutara_Western,25.5,268.64401134413106,0.0,0.86,120.5713092842228
2026-10-04T20:15:00+05:30,Kalutara_Western,25.3,269.0209255137436,0.0,1.02,124.29688185310033
2026-10-04T20:30:00+05:30,Kalutara_Western,25.2,269.4085522420313,0.0,1.12,128.02286318749447
2026-10-04T20:45:00+05:30,Kalutara_Western,25.1,269.8120651046216,0.0,1.22,131.7490960483482
2026-10-04T21:00:00+05:30,Kalutara_Western,25.0,270.2380026198589,0.0,1.27,135.47540553857706
2026-10-04T21:15:00+05:30,Kalutara_Western,25.0,270.69493912219446,0.0,1.27,139.2015858601898
2026-10-04T21:30:00+05:30,Kalutara_Western,24.9,271.19455073682957,0.0,1.32,142.92738174186084
2026-10-04T21:45:00+05:30,Kalutara_Western,24.8,271.75338549339136,0.0,1.32,146.6524560471323
2026-10-04T22:00:00+05:30,Kalutara_Western,24.7,272.395956229209,0.0,1.31,150.3763341018389
2026-10-04T22:15:00+05:30,Kalutara_Western,24.6,273.1604811891725,0.0,1.3,154.09830274827306
2026-10-04T22:30:00+05:30,Kalutara_Western,24.6,274.11035814927845,0.0,1.3,157.8172063084579
2026-10-04T22:45:00+05:30,Kalutara_Western,24.5,275.3593687958893,0.0,1.3,161.53099842445027
2026-10-04T23:00:00+05:30,Kalutara_Western,24.5,277.1344214631618,0.0,1.3,165.23562466428018
2026-10-04T23:15:00+05:30,Kalutara_Western,24.4,279.9616156354514,0.0,1.25,168.9216808871697
2026-10-04T23:30:00+05:30,Kalutara_Western,24.4,285.38521038055393,0.0,1.25,172.56128467188807
2026-10-04T23:45:00+05:30,Kalutara_Western,24.3,300.292219819862,0.0,1.25,176.0244575795338
2026-10-05T00:00:00+05:30,Kalutara_Western,24.3,8.669466705732816,0.0,1.2,177.96492061890595
2026-10-05T00:15:00+05:30,Kalutara_Western,24.3,63.7753066472128,0.0,1.2,175.48954079257447
2026-10-05T00:30:00+05:30,Kalutara_Western,24.2,75.94429798631342,0.0,1.15,171.9743018682463
2026-10-05T00:45:00+05:30,Kalutara_Western,24.2,80.7360757083681,0.0,1.1,168.32344213614687
2026-10-05T01:00:00+05:30,Kalutara_Western,24.1,83.3311451654202,0.0,1.05,164.6334359762135
2026-10-05T01:15:00+05:30,Kalutara_Western,24.1,84.9973027707764,0.0,1.0,160.92711263433318
2026-10-05T01:30:00+05:30,Kalutara_Western,24.1,86.18733186129947,0.0,0.95,157.21256211491044
2026-10-05T01:45:00+05:30,Kalutara_Western,24.1,87.10224594015756,0.0,0.9,153.49337987407225
2026-10-05T02:00:00+05:30,Kalutara_Western,24.1,87.84484225318897,0.0,0.86,149.77141878355556
2026-10-05T02:15:00+05:30,Kalutara_Western,24.0,88.47322835494532,0.0,0.81,146.04774302179885
2026-10-05T02:30:00+05:30,Kalutara_Western,24.0,89.02282747275581,0.0,0.8,142.32301930199372
2026-10-05T02:45:00+05:30,Kalutara_Western,23.8,89.51656951900247,0.0,0.85,138.5976966772427
2026-10-05T03:00:00+05:30,Kalutara_Western,23.6,89.97005753740245,0.0,0.96,134.87209886733427
2026-10-05T03:15:00+05:30,Kalutara_Western,23.5,90.39438130970115,0.0,1.03,131.14647504903428
2026-10-05T03:30:00+05:30,Kalutara_Western,23.3,90.79774218723196,0.0,1.09,127.4210282459257
2026-10-05T03:45:00+05:30,Kalutara_Western,23.3,91.18643891421755,0.0,1.06,123.69593406746755
2026-10-05T04:00:00+05:30,Kalutara_Western,23.3,91.56549259238625,0.0,1.01,119.97135323851934
2026-10-05T04:15:00+05:30,Kalutara_Western,23.3,91.93905946331279,0.0,0.9,116.24743907042199
2026-10-05T04:30:00+05:30,Kalutara_Western,23.4,92.31071454319664,0.0,0.85,112.52434439411206
2026-10-05T04:45:00+05:30,Kalutara_Western,23.4,92.68365514216379,0.0,0.81,108.8022273661794
2026-10-05T05:00:00+05:30,Kalutara_Western,23.5,93.06085431275568,0.0,0.76,105.08125525125203
2026-10-05T05:15:00+05:30,Kalutara_Western,23.6,93.44518307573617,0.0,0.65,101.36160960529446
2026-10-05T05:30:00+05:30,Kalutara_Western,23.7,93.83951450856932,0.0,0.6,97.64349170799998
2026-10-05T05:45:00+05:30,Kalutara_Western,23.8,94.24681924214508,0.0,0.49,93.92712707025493
2026-10-05T06:00:00+05:30,Kalutara_Western,24.0,94.67025953528139,0.0,0.4,90.21277235187019
2026-10-05T06:15:00+05:30,Kalutara_Western,24.2,95.11328875243316,15.0,0.29,86.50072357971817
2026-10-05T06:30:00+05:30,Kalutara_Western,24.4,95.57976318477625,56.0,0.18,82.79132467734453
2026-10-05T06:45:00+05:30,Kalutara_Western,24.6,96.07407351538046,109.0,0.05,79.08497993692619
2026-10-05T07:00:00+05:30,Kalutara_Western,24.9,96.60130548706758,172.0,0.1,75.38216981708402
2026-10-05T07:15:00+05:30,Kalutara_Western,25.2,97.16744232565901,235.0,0.25,71.68346979515195
2026-10-05T07:30:00+05:30,Kalutara_Western,25.5,97.7796253747473,295.0,0.41,67.98957697879698
2026-10-05T07:45:00+05:30,Kalutara_Western,25.9,98.44649684452975,352.0,0.57,64.30134546275558
2026-10-05T08:00:00+05:30,Kalutara_Western,26.2,99.17865924160714,406.0,0.74,60.619832593400716
2026-10-05T08:15:00+05:30,Kalutara_Western,26.5,99.98930156736179,460.0,0.92,56.94636455688337
2026-10-05T08:30:00+05:30,Kalutara_Western,26.9,100.89506860696179,511.0,1.08,53.282628127585774
2026-10-05T08:45:00+05:30,Kalutara_Western,27.2,101.91729072128675,558.0,1.23,49.630800088162154
2026-10-05T09:00:00+05:30,Kalutara_Western,27.5,103.08375714929724,601.0,1.39,45.9937380490804
2026-10-05T09:15:00+05:30,Kalutara_Western,27.8,104.43132749197406,642.0,1.55,42.37526525564382
2026-10-05T09:30:00+05:30,Kalutara_Western,28.1,106.00986436029046,678.0,1.71,38.780605450804146
2026-10-05T09:45:00+05:30,Kalutara_Western,28.4,107.88829261433449,710.0,1.82,35.21707078248528
2026-10-05T10:00:00+05:30,Kalutara_Western,28.7,110.16415469187808,738.0,1.98,31.69518092481561
2026-10-05T10:15:00+05:30,Kalutara_Western,29.0,112.97899900931793,763.0,2.07,28.23054488870396
2026-10-05T10:30:00+05:30,Kalutara_Western,29.2,116.54349138383856,786.0,2.14,24.84714244004026
2026-10-05T10:45:00+05:30,Kalutara_Western,29.4,121.17807552022401,805.0,2.18,21.58322818922815
2026-10-05T11:00:00+05:30,Kalutara_Western,29.5,127.37449334158481,815.0,2.25,18.502162836573802
2026-10-05T11:15:00+05:30,Kalutara_Western,29.6,135.86537952387027,812.0,2.23,15.711901078479144
2026-10-05T11:30:00+05:30,Kalutara_Western,29.7,147.5959368606545,794.0,2.23,13.395428679119135
2026-10-05T11:45:00+05:30,Kalutara_Western,29.7,163.2231717656332,768.0,2.17,11.834325395286967
2026-10-05T12:00:00+05:30,Kalutara_Western,29.7,181.75077762841488,742.0,2.1,11.344829610398591
2026-10-05T12:15:00+05:30,Kalutara_Western,29.7,199.92410390002337,724.0,2.04,12.058157525803267
2026-10-05T12:30:00+05:30,Kalutara_Western,29.6,214.81066300911436,713.0,1.92,13.788875476644904
2026-10-05T12:45:00+05:30,Kalutara_Western,29.5,225.84958096570526,703.0,1.8,16.214395555013525
2026-10-05T13:00:00+05:30,Kalutara_Western,29.4,233.83334490943543,691.0,1.63,19.071426885489018
2026-10-05T13:15:00+05:30,Kalutara_Western,29.3,239.68265727808495,674.0,1.46,22.193931988446636
2026-10-05T13:30:00+05:30,Kalutara_Western,29.1,244.08043096083117,653.0,1.3,25.48450129026851
2026-10-05T13:45:00+05:30,Kalutara_Western,29.0,247.480073592541,630.0,1.15,28.88574104185698
2026-10-05T14:00:00+05:30,Kalutara_Western,28.8,250.17700387576713,605.0,0.97,32.36276153545119
2026-10-05T14:15:00+05:30,Kalutara_Western,28.6,252.36612695504783,577.0,0.85,35.89353137815146
2026-10-05T14:30:00+05:30,Kalutara_Western,28.4,254.1790157590587,548.0,0.75,39.46361023201519
2026-10-05T14:45:00+05:30,Kalutara_Western,28.2,255.7067756599614,516.0,0.72,43.06320639188986
2026-10-05T15:00:00+05:30,Kalutara_Western,27.9,257.0140757847716,482.0,0.79,46.68547609539331
2026-10-05T15:15:00+05:30,Kalutara_Western,27.7,258.1478939313003,446.0,0.85,50.32550618913586
2026-10-05T15:30:00+05:30,Kalutara_Western,27.5,259.14308624980083,410.0,1.0,53.97968638223499
2026-10-05T15:45:00+05:30,Kalutara_Western,27.3,260.026017349457,371.0,1.13,57.645307883544994
2026-10-05T16:00:00+05:30,Kalutara_Western,27.1,260.8169815243053,331.0,1.28,61.32030005752097
2026-10-05T16:15:00+05:30,Kalutara_Western,26.9,261.53185363322666,289.0,1.43,65.00305464352206
2026-10-05T16:30:00+05:30,Kalutara_Western,26.7,262.183237579208,247.0,1.59,68.69230365286002
2026-10-05T16:45:00+05:30,Kalutara_Western,26.5,262.7812810372176,205.0,1.68,72.38703345597973
2026-10-05T17:00:00+05:30,Kalutara_Western,26.4,263.33426422120954,160.0,1.84,76.08642464322907
2026-10-05T17:15:00+05:30,Kalutara_Western,26.2,263.8490324488734,114.0,1.91,79.78980702819399
2026-10-05T17:30:00+05:30,Kalutara_Western,26.1,264.33131964008504,70.0,1.97,83.49662623702454
2026-10-05T17:45:00+05:30,Kalutara_Western,26.0,264.78599474547843,33.0,2.0,87.2064199976613
2026-10-05T18:00:00+05:30,Kalutara_Western,25.9,265.217252795261,6.0,2.03,90.91879884728996
2026-10-05T18:15:00+05:30,Kalutara_Western,25.8,265.62876650592216,0.0,2.02,94.63343113024624
2026-10-05T18:30:00+05:30,Kalutara_Western,25.7,266.0238100817465,0.0,1.98,98.35003265357581
2026-10-05T18:45:00+05:30,Kalutara_Western,25.6,266.40536361778413,0.0,1.95,102.06835719068454
2026-10-05T19:00:00+05:30,Kalutara_Western,25.5,266.77620535730046,0.0,1.94,105.78818872190858
2026-10-05T19:15:00+05:30,Kalutara_Western,25.4,267.1389981344762,0.0,1.91,109.5093364535617
2026-10-05T19:30:00+05:30,Kalutara_Western,25.3,267.49637575569403,0.0,1.84,113.23162926485338
2026-10-05T19:45:00+05:30,Kalutara_Western,25.2,267.85103618658025,0.0,1.77,116.95491077452712
2026-10-05T20:00:00+05:30,Kalutara_Western,25.2,268.20585003909736,0.0,1.67,120.6790362598062
2026-10-05T20:15:00+05:30,Kalutara_Western,25.1,268.5639955597759,0.0,1.61,124.40386814148141
2026-10-05T20:30:00+05:30,Kalutara_Western,25.0,268.92913727148755,0.0,1.51,128.12927120573443
2026-10-05T20:45:00+05:30,Kalutara_Western,24.9,269.30567507172617,0.0,1.42,131.85510860944612
2026-10-05T21:00:00+05:30,Kalutara_Western,24.9,269.69910731531576,0.0,1.36,135.5812349925111
2026-10-05T21:15:00+05:30,Kalutara_Western,24.8,270.1165832761592,0.0,1.27,139.30748707982855
2026-10-05T21:30:00+05:30,Kalutara_Western,24.7,270.56778048121726,0.0,1.19,143.03367130929055
2026-10-05T21:45:00+05:30,Kalutara_Western,24.7,271.0663625241733,0.0,1.11,146.7595418072628
2026-10-05T22:00:00+05:30,Kalutara_Western,24.6,271.6325305735518,0.0,1.03,150.484762871741
2026-10-05T22:15:00+05:30,Kalutara_Western,24.5,272.29777178840425,0.0,1.01,154.20884167524997
2026-10-05T22:30:00+05:30,Kalutara_Western,24.5,273.11438716530824,0.0,0.95,157.93099121930774
2026-10-05T22:45:00+05:30,Kalutara_Western,24.4,274.17653937131035,0.0,0.9,161.64982835138287
2026-10-05T23:00:00+05:30,Kalutara_Western,24.4,275.6731048331772,0.0,0.9,165.3626163709879
2026-10-05T23:15:00+05:30,Kalutara_Western,24.3,278.04672389036494,0.0,0.86,169.06297161235432
2026-10-05T23:30:00+05:30,Kalutara_Western,24.3,282.6268482041955,0.0,0.86,172.73163492988232
2026-10-05T23:45:00+05:30,Kalutara_Western,24.2,295.7824817795147,0.0,0.82,176.27348345178166
2026-10-06T00:00:00+05:30,Kalutara_Western,24.2,13.197959634930612,0.0,0.82,178.32875092131468
2026-10-06T00:15:00+05:30,Kalutara_Western,24.1,68.67806467560285,0.0,0.78,175.5787464646748
2026-10-06T00:30:00+05:30,Kalutara_Western,24.0,78.75187650091209,0.0,0.78,171.99070101691407
2026-10-06T00:45:00+05:30,Kalutara_Western,23.9,82.67083787968295,0.0,0.78,168.31262415658645
2026-10-06T01:00:00+05:30,Kalutara_Western,23.9,84.80595679387147,0.0,0.78,164.60904777668472
2026-10-06T01:15:00+05:30,Kalutara_Western,23.8,86.1914740864625,0.0,0.72,160.89492617930586
2026-10-06T01:30:00+05:30,Kalutara_Western,23.7,87.19373766013916,0.0,0.72,157.17554534021957
2026-10-06T01:45:00+05:30,Kalutara_Western,23.6,87.97497534260094,0.0,0.72,153.45326216472566
2026-10-06T02:00:00+05:30,Kalutara_Western,23.5,88.61811213198712,0.0,0.66,149.72930061852446
2026-10-06T02:15:00+05:30,Kalutara_Western,23.4,89.17005639540645,0.0,0.66,146.00437303737056
2026-10-06T02:30:00+05:30,Kalutara_Western,23.4,89.6594533510389,0.0,0.6,142.27893492439335
2026-10-06T02:45:00+05:30,Kalutara_Western,23.3,90.10489797245157,0.0,0.6,138.5533017313073
2026-10-06T03:00:00+05:30,Kalutara_Western,23.3,90.5190969728315,0.0,0.55,134.82770933287708
2026-10-06T03:15:00+05:30,Kalutara_Western,23.2,90.91113569015613,0.0,0.55,131.1023475473713
2026-10-06T03:30:00+05:30,Kalutara_Western,23.2,91.28778811032737,0.0,0.51,127.37737862731814
2026-10-06T03:45:00+05:30,Kalutara_Western,23.2,91.65431282848891,0.0,0.47,123.65295006293289
2026-10-06T04:00:00+05:30,Kalutara_Western,23.1,92.01495897455675,0.0,0.47,119.92920342425127
2026-10-06T04:15:00+05:30,Kalutara_Western,23.1,92.37330189033588,0.0,0.45,116.20627949024136
2026-10-06T04:30:00+05:30,Kalutara_Western,23.2,92.73247546383283,0.0,0.4,112.48432366423333
2026-10-06T04:45:00+05:30,Kalutara_Western,23.2,93.09534075080842,0.0,0.36,108.76349080276208
2026-10-06T05:00:00+05:30,Kalutara_Western,23.3,93.46461528232385,0.0,0.32,105.04394838585624
2026-10-06T05:15:00+05:30,Kalutara_Western,23.4,93.84297842592929,0.0,0.28,101.32588134851625
2026-10-06T05:30:00+05:30,Kalutara_Western,23.5,94.23316367185868,0.0,0.25,97.60949736354789
2026-10-06T05:45:00+05:30,Kalutara_Western,23.6,94.63804597427992,0.0,0.22,93.89503136229953
2026-10-06T06:00:00+05:30,Kalutara_Western,23.8,95.06073040943988,0.0,0.15,90.1827526196898
2026-10-06T06:15:00+05:30,Kalutara_Western,24.0,95.50464839455196,15.0,0.18,86.4729732948507
2026-10-06T06:30:00+05:30,Kalutara_Western,24.2,95.97366806655839,55.0,0.22,82.76605744868966
2026-10-06T06:45:00+05:30,Kalutara_Western,24.5,96.47222595361444,107.0,0.32,79.06243420382108
2026-10-06T07:00:00+05:30,Kalutara_Western,24.8,97.00548947398136,168.0,0.4,75.36261447655073
2026-10-06T07:15:00+05:30,Kalutara_Western,25.1,97.57956293101495,229.0,0.55,71.66721108222902
2026-10-06T07:30:00+05:30,Kalutara_Western,25.4,98.20175370959504,287.0,0.65,67.97696702359565
2026-10-06T07:45:00+05:30,Kalutara_Western,25.8,98.88092298971856,343.0,0.75,64.29279309259151
2026-10-06T08:00:00+05:30,Kalutara_Western,26.1,99.62795615203714,396.0,0.91,60.615817175529465
2026-10-06T08:15:00+05:30,Kalutara_Western,26.4,100.45640378495864,448.0,1.06,56.94745399558338
2026-10-06T08:30:00+05:30,Kalutara_Western,26.8,101.3833707013415,498.0,1.17,53.289502600880446
2026-10-06T08:45:00+05:30,Kalutara_Western,27.1,102.43077168795935,544.0,1.27,49.64428383558362
2026-10-06T09:00:00+05:30,Kalutara_Western,27.5,103.62713827472157,586.0,1.43,46.01484260595482
2026-10-06T09:15:00+05:30,Kalutara_Western,27.8,105.01027170529198,626.0,1.53,42.40524920559298
2026-10-06T09:30:00+05:30,Kalutara_Western,28.1,106.63122256587633,663.0,1.64,38.821058352530535
2026-10-06T09:45:00+05:30,Kalutara_Western,28.4,108.56039063663661,695.0,1.75,35.27003283552155
2026-10-06T10:00:00+05:30,Kalutara_Western,28.7,110.89707627972331,723.0,1.81,31.763315642584132
2026-10-06T10:15:00+05:30,Kalutara_Western,29.0,113.78470927553712,748.0,1.92,28.317389199026202
2026-10-06T10:30:00+05:30,Kalutara_Western,29.2,117.43533342689864,771.0,1.98,24.95746299354424
2026-10-06T10:45:00+05:30,Kalutara_Western,29.4,122.16831789937584,789.0,2.04,21.723494280907772
2026-10-06T11:00:00+05:30,Kalutara_Western,29.5,128.46637355979783,799.0,2.09,18.68102799635234
2026-10-06T11:15:00+05:30,Kalutara_Western,29.6,137.03121204128536,798.0,2.1,15.940112472887094
2026-10-06T11:30:00+05:30,Kalutara_Western,29.7,148.72890561232254,783.0,2.1,13.683188257115916
2026-10-06T11:45:00+05:30,Kalutara_Western,29.7,164.08381107650416,760.0,2.12,12.182295934301365
2026-10-06T12:00:00+05:30,Kalutara_Western,29.7,182.05785602406732,738.0,2.07,11.731296058751326
2026-10-06T12:15:00+05:30,Kalutara_Western,29.6,199.64209394070775,722.0,2.0,12.444857488518196
2026-10-06T12:30:00+05:30,Kalutara_Western,29.5,214.1655582495577,712.0,1.95,14.147849250892065
2026-10-06T12:45:00+05:30,Kalutara_Western,29.4,225.06611784044975,702.0,1.86,16.537365631911527
2026-10-06T13:00:00+05:30,Kalutara_Western,29.3,233.03337823709668,691.0,1.79,19.360849345125885
2026-10-06T13:15:00+05:30,Kalutara_Western,29.1,238.91591069438346,674.0,1.7,22.455180633203526
2026-10-06T13:30:00+05:30,Kalutara_Western,28.9,243.36238037898144,654.0,1.61,25.722785882013582
2026-10-06T13:45:00+05:30,Kalutara_Western,28.7,246.81215259494536,631.0,1.48,29.105349484635276
2026-10-06T14:00:00+05:30,Kalutara_Western,28.5,249.5554749245784,606.0,1.43,32.56705614418819
2026-10-06T14:15:00+05:30,Kalutara_Western,28.3,251.7857256164479,579.0,1.31,36.08512105665205
2026-10-06T14:30:00+05:30,Kalutara_Western,28.0,253.63438142405624,549.0,1.2,39.64452754392328
2026-10-06T14:45:00+05:30,Kalutara_Western,27.8,255.1929662342663,518.0,1.1,43.23505053483978
2026-10-06T15:00:00+05:30,Kalutara_Western,27.5,256.5267084438075,484.0,1.05,46.84952034711295
2026-10-06T15:15:00+05:30,Kalutara_Western,27.2,257.6831383859959,448.0,0.98,50.4827768774481
2026-10-06T15:30:00+05:30,Kalutara_Western,27.0,258.69760531010303,411.0,0.93,54.131020756858234
2026-10-06T15:45:00+05:30,Kalutara_Western,26.7,259.59689397893015,373.0,0.91,57.791396777156166
2026-10-06T16:00:00+05:30,Kalutara_Western,26.5,260.4016478628613,332.0,0.9,61.46171963076346
2026-10-06T16:15:00+05:30,Kalutara_Western,26.3,261.1280273231074,290.0,0.92,65.14029027943826
2026-10-06T16:30:00+05:30,Kalutara_Western,26.1,261.78886644330737,248.0,0.95,68.82576815967388
2026-10-06T16:45:00+05:30,Kalutara_Western,25.9,262.3944954634191,205.0,0.98,72.51708110549383
2026-10-06T17:00:00+05:30,Kalutara_Western,25.7,262.9533360131239,160.0,1.03,76.21336212883965
2026-10-06T17:15:00+05:30,Kalutara_Western,25.5,263.47233876568043,114.0,1.04,79.91390213163749
2026-10-06T17:30:00+05:30,Kalutara_Western,25.4,263.9573106931627,70.0,1.07,83.6181147663553
2026-10-06T17:45:00+05:30,Kalutara_Western,25.3,264.41316400460505,33.0,1.1,87.3255114256238
2026-10-06T18:00:00+05:30,Kalutara_Western,25.2,264.8441085154337,6.0,1.13,91.03568095784192
2026-09-29T18:15:00+05:30,Moneragala_Uva,26.0,268.0709112259942,0.0,0.81,95.29102128204998
2026-09-29T18:30:00+05:30,Moneragala_Uva,25.7,268.50189056900507,0.0,1.0,99.01370744965955
2026-09-29T18:45:00+05:30,Moneragala_Uva,25.6,268.93077110585057,0.0,1.07,102.7371068226495
2026-09-29T19:00:00+05:30,Moneragala_Uva,25.5,269.3611605792687,0.0,1.13,106.46101131531077
2026-09-29T19:15:00+05:30,Moneragala_Uva,25.5,269.7968656587314,0.0,1.13,110.1852156127156
2026-09-29T19:30:00+05:30,Moneragala_Uva,25.4,270.24204352064515,0.0,1.1,113.90950943024112
2026-09-29T19:45:00+05:30,Moneragala_Uva,25.4,270.70138831840165,0.0,1.03,117.63366877065724
2026-09-29T20:00:00+05:30,Moneragala_Uva,25.4,271.1803724740343,0.0,0.92,121.35744687460085
2026-09-29T20:15:00+05:30,Moneragala_Uva,25.4,271.6855717189102,0.0,0.78,125.08056071849097
2026-09-29T20:30:00+05:30,Moneragala_Uva,25.4,272.2251193311118,0.0,0.68,128.8026728280958
2026-09-29T20:45:00+05:30,Moneragala_Uva,25.4,272.80936246781783,0.0,0.65,132.52336713480597
2026-09-29T21:00:00+05:30,Moneragala_Uva,25.4,273.45184108893073,0.0,0.67,136.2421113065036
2026-09-29T21:15:00+05:30,Moneragala_Uva,25.4,274.1707984884548,0.0,0.72,139.95819913928085
2026-09-29T21:30:00+05:30,Moneragala_Uva,25.4,274.99159997060883,0.0,0.72,143.6706602230056
2026-09-29T21:45:00+05:30,Moneragala_Uva,25.3,275.9507699779821,0.0,0.67,147.37810679572647
2026-09-29T22:00:00+05:30,Moneragala_Uva,25.2,277.1030673025361,0.0,0.65,151.07846486908892
2026-09-29T22:15:00+05:30,Moneragala_Uva,25.2,278.53462578858034,0.0,0.61,154.76847410647457
2026-09-29T22:30:00+05:30,Moneragala_Uva,25.1,280.3891440805484,0.0,0.6,158.44268027092482
2026-09-29T22:45:00+05:30,Moneragala_Uva,25.0,282.9248652106876,0.0,0.64,162.09121508428242
2026-09-29T23:00:00+05:30,Moneragala_Uva,25.0,286.6530467871247,0.0,0.68,165.69428414333834
2026-09-29T23:15:00+05:30,Moneragala_Uva,24.9,292.7246979836033,0.0,0.76,169.20611822740807
2026-09-29T23:30:00+05:30,Moneragala_Uva,24.9,304.1908285198355,0.0,0.81,172.49733995608824
2026-09-29T23:45:00+05:30,Moneragala_Uva,24.8,329.9148296836849,0.0,0.81,175.1009267129387
2026-09-30T00:00:00+05:30,Moneragala_Uva,24.7,16.980818703933323,0.0,0.76,175.56813369542687
2026-09-30T00:15:00+05:30,Moneragala_Uva,24.6,50.1197802045956,0.0,0.68,173.4264794171561
2026-09-30T00:30:00+05:30,Moneragala_Uva,24.5,64.64413069278532,0.0,0.64,170.26814469111085
2026-09-30T00:45:00+05:30,Moneragala_Uva,24.4,71.91388429431572,0.0,0.64,166.80405343439872
2026-09-30T01:00:00+05:30,Moneragala_Uva,24.3,76.20068714396342,0.0,0.64,163.22262343405077
2026-09-30T01:15:00+05:30,Moneragala_Uva,24.2,79.03612615326233,0.0,0.65,159.58560794537823
2026-09-30T01:30:00+05:30,Moneragala_Uva,24.1,81.06869777316217,0.0,0.65,155.91827436105547
2026-09-30T01:45:00+05:30,Moneragala_Uva,24.1,82.61430768702786,0.0,0.68,152.23273412947765
2026-09-30T02:00:00+05:30,Moneragala_Uva,24.0,83.84399258557664,0.0,0.67,148.53549058157842
2026-09-30T02:15:00+05:30,Moneragala_Uva,23.9,84.8581192454152,0.0,0.67,144.83034598688369
2026-09-30T02:30:00+05:30,Moneragala_Uva,23.9,85.71942297103567,0.0,0.71,141.11967683118135
2026-09-30T02:45:00+05:30,Moneragala_Uva,23.8,86.46917083378412,0.0,0.78,137.40505058960952
2026-09-30T03:00:00+05:30,Moneragala_Uva,23.7,87.13568779622739,0.0,0.81,133.68755012361447
2026-09-30T03:15:00+05:30,Moneragala_Uva,23.7,87.73913998305102,0.0,0.88,129.96795521302883
2026-09-30T03:30:00+05:30,Moneragala_Uva,23.6,88.29435966127136,0.0,0.92,126.2468482893265
2026-09-30T03:45:00+05:30,Moneragala_Uva,23.6,88.8125879181211,0.0,0.89,122.5246808236628
2026-09-30T04:00:00+05:30,Moneragala_Uva,23.6,89.3025917644872,0.0,0.86,118.80181622469696
2026-09-30T04:15:00+05:30,Moneragala_Uva,23.5,89.77140563782734,0.0,0.83,115.07855720843126
2026-09-30T04:30:00+05:30,Moneragala_Uva,23.5,90.22483970311987,0.0,0.76,111.35516605443058
2026-09-30T04:45:00+05:30,Moneragala_Uva,23.5,90.66784006295023,0.0,0.67,107.63187946792374
2026-09-30T05:00:00+05:30,Moneragala_Uva,23.5,91.10475335697993,0.0,0.59,103.90891855542304
2026-09-30T05:15:00+05:30,Moneragala_Uva,23.4,91.53952883848137,0.0,0.52,100.18649821416497
2026-09-30T05:30:00+05:30,Moneragala_Uva,23.5,91.9758803816951,0.0,0.51,96.46483533669064
2026-09-30T05:45:00+05:30,Moneragala_Uva,23.6,92.41742416776685,0.0,0.57,92.74415500219068
2026-09-30T06:00:00+05:30,Moneragala_Uva,23.7,92.86780335430001,1.0,0.68,89.024698204801
2026-09-30T06:15:00+05:30,Moneragala_Uva,23.8,93.33080943117938,22.0,0.81,85.30673012555314
2026-09-30T06:30:00+05:30,Moneragala_Uva,24.1,93.8105091681814,56.0,0.87,81.59054800059874
2026-09-30T06:45:00+05:30,Moneragala_Uva,24.4,94.31138579970116,96.0,0.85,77.87649220212798
2026-09-30T07:00:00+05:30,Moneragala_Uva,24.8,94.83850499758842,142.0,0.76,74.16495983520771
2026-09-30T07:15:00+05:30,Moneragala_Uva,25.3,95.39771893002631,192.0,0.71,70.45642042882741
2026-09-30T07:30:00+05:30,Moneragala_Uva,25.8,95.99592555038225,245.0,0.67,66.75143820419986
2026-09-30T07:45:00+05:30,Moneragala_Uva,26.3,96.64140789087384,303.0,0.67,63.05070157104137
2026-09-30T08:00:00+05:30,Moneragala_Uva,26.7,97.34428931813056,362.0,0.71,59.355061534833894
2026-09-30T08:15:00+05:30,Moneragala_Uva,27.3,98.11715747033412,422.0,0.71,55.66558677352113
2026-09-30T08:30:00+05:30,Moneragala_Uva,27.8,98.97593835618517,483.0,0.78,51.98364129338246
2026-09-30T08:45:00+05:30,Moneragala_Uva,28.3,99.94114833429381,543.0,0.85,48.31099490577188
2026-09-30T09:00:00+05:30,Moneragala_Uva,28.9,101.03972795439984,601.0,0.99,44.64998860395377
2026-09-30T09:15:00+05:30,Moneragala_Uva,29.4,102.3077954146126,656.0,1.06,41.003785412990645
2026-09-30T09:30:00+05:30,Moneragala_Uva,29.9,103.79489297260852,706.0,1.06,37.376760862733846
2026-09-30T09:45:00+05:30,Moneragala_Uva,30.4,105.57072614174967,753.0,0.92,33.775136033513284
2026-09-30T10:00:00+05:30,Moneragala_Uva,30.8,107.73619507205694,796.0,0.64,30.208038767727857
2026-09-30T10:15:00+05:30,Moneragala_Uva,31.1,110.44203453626164,836.0,0.39,26.689356806192173
2026-09-30T10:30:00+05:30,Moneragala_Uva,31.5,113.92123846367735,872.0,0.18,23.241130168421023
2026-09-30T10:45:00+05:30,Moneragala_Uva,31.9,118.54643931393969,904.0,0.11,19.90005706882812
2026-09-30T11:00:00+05:30,Moneragala_Uva,32.3,124.92917652891236,930.0,0.21,16.73049497146218
2026-09-30T11:15:00+05:30,Moneragala_Uva,32.7,134.0652318307,949.0,0.29,13.850730158818266
2026-09-30T11:30:00+05:30,Moneragala_Uva,33.0,147.38533826750336,961.0,0.36,11.480977699151865
2026-09-30T11:45:00+05:30,Moneragala_Uva,33.3,165.96061467279424,967.0,0.45,9.991014178539558
2026-09-30T12:00:00+05:30,Moneragala_Uva,33.5,187.87024316152795,967.0,0.59,9.791096780311847
2026-09-30T12:15:00+05:30,Moneragala_Uva,33.6,207.78331745211517,961.0,0.69,10.952102889642916
2026-09-30T12:30:00+05:30,Moneragala_Uva,33.7,222.54381000628996,948.0,0.81,13.117513174133038
2026-09-30T12:45:00+05:30,Moneragala_Uva,33.8,232.70189569459484,929.0,0.94,15.881655361067672
2026-09-30T13:00:00+05:30,Moneragala_Uva,33.8,239.7394704745801,908.0,1.12,18.98476778977799
2026-09-30T13:15:00+05:30,Moneragala_Uva,33.8,244.78401350740987,890.0,1.27,22.285681354587226
2026-09-30T13:30:00+05:30,Moneragala_Uva,33.8,248.53965074940032,888.0,1.4,25.708295226863427
2026-09-30T13:45:00+05:30,Moneragala_Uva,34.0,251.4340984843036,877.0,1.43,29.20983727124915
2026-09-30T14:00:00+05:30,Moneragala_Uva,34.2,253.73246248859346,835.0,1.48,32.76498795753668
2026-09-30T14:15:00+05:30,Moneragala_Uva,34.1,255.60457180842644,736.0,1.49,36.35799898096992
2026-09-30T14:30:00+05:30,Moneragala_Uva,33.5,257.1630376929177,581.0,1.42,39.97863609525004
2026-09-30T14:45:00+05:30,Moneragala_Uva,31.9,258.4849858367653,414.0,0.96,43.61999199016497
2026-09-30T15:00:00+05:30,Moneragala_Uva,29.7,259.6248060809813,278.0,0.46,47.277249548206875
2026-09-30T15:15:00+05:30,Moneragala_Uva,27.4,260.6218718491264,201.0,0.86,50.9469523819934
2026-09-30T15:30:00+05:30,Moneragala_Uva,25.8,261.5053627147841,164.0,1.4,54.62655919979717
2026-09-30T15:45:00+05:30,Moneragala_Uva,25.1,262.2973666588215,147.0,1.66,58.314160217105304
2026-09-30T16:00:00+05:30,Moneragala_Uva,24.9,263.01493101401513,135.0,1.8,62.0082917083255
2026-09-30T16:15:00+05:30,Moneragala_Uva,25.0,263.6714530021149,120.0,1.82,65.70781285798978
2026-09-30T16:30:00+05:30,Moneragala_Uva,24.9,264.2776442023603,111.0,1.77,69.4118199087238
2026-09-30T16:45:00+05:30,Moneragala_Uva,24.7,264.84221449692956,100.0,1.41,73.11958566255984
2026-09-30T17:00:00+05:30,Moneragala_Uva,24.4,265.3723676833446,85.0,0.92,76.83051743276062
2026-09-30T17:15:00+05:30,Moneragala_Uva,24.1,265.87416803591066,64.0,0.49,80.54412507193348
2026-09-30T17:30:00+05:30,Moneragala_Uva,24.0,266.35281787122227,41.0,0.56,84.25999701819855
2026-09-30T17:45:00+05:30,Moneragala_Uva,24.0,266.81287345165174,19.0,0.83,87.97778346810962
2026-09-30T18:00:00+05:30,Moneragala_Uva,24.1,267.258417951278,3.0,1.15,91.69718205100746
2026-09-30T18:15:00+05:30,Moneragala_Uva,24.2,267.6932056987345,0.0,1.45,95.41792632516143
2026-09-30T18:30:00+05:30,Moneragala_Uva,24.3,268.1207886712643,0.0,1.49,99.13977775097005
2026-09-30T18:45:00+05:30,Moneragala_Uva,24.4,268.5446339043609,0.0,1.11,102.86251749479652
2026-09-30T19:00:00+05:30,Moneragala_Uva,24.4,268.9682403359126,0.0,0.51,106.58593902771298
2026-09-30T19:15:00+05:30,Moneragala_Uva,24.4,269.39526392049027,0.0,0.46,110.30984254190447
2026-09-30T19:30:00+05:30,Moneragala_Uva,24.5,269.82966083613167,0.0,0.75,114.03402770996865
2026-09-30T19:45:00+05:30,Moneragala_Uva,24.5,270.2758621096956,0.0,0.68,117.75828573432537
2026-09-30T20:00:00+05:30,Moneragala_Uva,24.5,270.7389982355391,0.0,0.76,121.48239149201738
2026-09-30T20:15:00+05:30,Moneragala_Uva,24.5,271.2252006514581,0.0,1.25,125.20609178583692
2026-09-30T20:30:00+05:30,Moneragala_Uva,24.5,271.74202229742076,0.0,1.55,128.92908973165302
2026-09-30T20:45:00+05:30,Moneragala_Uva,24.5,272.2990450364733,0.0,1.5,132.65102444063265
2026-09-30T21:00:00+05:30,Moneragala_Uva,24.4,272.9087861493822,0.0,1.25,136.37143913013978
2026-09-30T21:15:00+05:30,Moneragala_Uva,24.4,273.58809907130956,0.0,0.99,140.08973246985096
2026-09-30T21:30:00+05:30,Moneragala_Uva,24.3,274.3604211072136,0.0,0.79,143.80508255021354
2026-09-30T21:45:00+05:30,Moneragala_Uva,24.3,275.25953633789084,0.0,0.68,147.51631743323645
2026-09-30T22:00:00+05:30,Moneragala_Uva,24.2,276.33619653071923,0.0,0.6,151.22168730843603
2026-09-30T22:15:00+05:30,Moneragala_Uva,24.1,277.6704844035183,0.0,0.59,154.91843921801126
2026-09-30T22:30:00+05:30,Moneragala_Uva,24.1,279.39663932193605,0.0,0.63,158.6019548194185
2026-09-30T22:45:00+05:30,Moneragala_Uva,24.0,281.7576643193501,0.0,0.67,162.26383397526746
2026-09-30T23:00:00+05:30,Moneragala_Uva,24.0,285.2403291650335,0.0,0.72,165.88707255624948
2026-09-30T23:15:00+05:30,Moneragala_Uva,23.9,290.9636384062135,0.0,0.73,169.43169629897525
2026-09-30T23:30:00+05:30,Moneragala_Uva,23.9,302.0237503351788,0.0,0.76,172.78079544268414
2026-09-30T23:45:00+05:30,Moneragala_Uva,23.8,328.3664660982287,0.0,0.71,175.4767519447854
2026-10-01T00:00:00+05:30,Moneragala_Uva,23.8,19.664684996221126,0.0,0.66,175.9112140630913
2026-10-01T00:15:00+05:30,Moneragala_Uva,23.7,53.256158827111165,0.0,0.61,173.60533215333345
2026-10-01T00:30:00+05:30,Moneragala_Uva,23.7,66.94138160040268,0.0,0.56,170.3574185208197
2026-10-01T00:45:00+05:30,Moneragala_Uva,23.7,73.64389117314249,0.0,0.57,166.84785699097284
2026-10-01T01:00:00+05:30,Moneragala_Uva,23.6,77.57432945337041,0.0,0.7,163.24031025167739
2026-10-01T01:15:00+05:30,Moneragala_Uva,23.6,80.17342325986732,0.0,0.76,159.58675943441733
2026-10-01T01:30:00+05:30,Moneragala_Uva,23.6,82.04035715147671,0.0,0.76,155.90822885061652
2026-10-01T01:45:00+05:30,Moneragala_Uva,23.6,83.46462385655678,0.0,0.68,152.21474776919064
2026-10-01T02:00:00+05:30,Moneragala_Uva,23.6,84.60230408968579,0.0,0.6,148.51169160571982
2026-10-01T02:15:00+05:30,Moneragala_Uva,23.6,85.54478729090283,0.0,0.54,144.8022029825106
2026-10-01T02:30:00+05:30,Moneragala_Uva,23.6,86.34913809678858,0.0,0.54,141.08824883581198
2026-10-01T02:45:00+05:30,Moneragala_Uva,23.6,87.05288457857961,0.0,0.5,137.37113009387627
2026-10-01T03:00:00+05:30,Moneragala_Uva,23.5,87.68179660338842,0.0,0.47,133.65174953505823
2026-10-01T03:15:00+05:30,Moneragala_Uva,23.5,88.25424155160044,0.0,0.38,129.93076163526928
2026-10-01T03:30:00+05:30,Moneragala_Uva,23.5,88.78375387446931,0.0,0.36,126.20865964593226
2026-10-01T03:45:00+05:30,Moneragala_Uva,23.4,89.28061930379698,0.0,0.35,122.48583054519608
2026-10-01T04:00:00+05:30,Moneragala_Uva,23.4,89.7528903692575,0.0,0.3,118.76259066898176
2026-10-01T04:15:00+05:30,Moneragala_Uva,23.4,90.20706093099147,0.0,0.3,115.03920835348504
2026-10-01T04:30:00+05:30,Moneragala_Uva,23.3,90.64852930119457,0.0,0.25,111.3159210377389
2026-10-01T04:45:00+05:30,Moneragala_Uva,23.2,91.08192739202718,0.0,0.21,107.59294800175745
2026-10-01T05:00:00+05:30,Moneragala_Uva,23.1,91.5113636687962,0.0,0.25,103.8704989079344
2026-10-01T05:15:00+05:30,Moneragala_Uva,23.1,91.94061005238188,0.0,0.32,100.14878223808857
2026-10-01T05:30:00+05:30,Moneragala_Uva,23.0,92.37325332951804,0.0,0.45,96.42801289751692
2026-10-01T05:45:00+05:30,Moneragala_Uva,23.0,92.81282559998175,0.0,0.6,92.70841808227968
2026-10-01T06:00:00+05:30,Moneragala_Uva,23.1,93.26292429004195,1.0,0.81,88.99024490427747
2026-10-01T06:15:00+05:30,Moneragala_Uva,23.2,93.72733094660242,25.0,0.97,85.27376877700347
2026-10-01T06:30:00+05:30,Moneragala_Uva,23.4,94.21013745625874,62.0,0.97,81.55930159928279
2026-10-01T06:45:00+05:30,Moneragala_Uva,23.7,94.71588824277399,107.0,0.71,77.84720338224274
2026-10-01T07:00:00+05:30,Moneragala_Uva,24.2,95.24974905800502,158.0,0.35,74.1378966615252
2026-10-01T07:15:00+05:30,Moneragala_Uva,24.7,95.81771589414694,213.0,0.21,70.43188334230746
2026-10-01T07:30:00+05:30,Moneragala_Uva,25.2,96.42688156989976,271.0,0.39,66.72976856680751
2026-10-01T07:45:00+05:30,Moneragala_Uva,25.7,97.08578541545876,331.0,0.34,63.032292406142844
2026-10-01T08:00:00+05:30,Moneragala_Uva,26.2,97.80488298473517,392.0,0.21,59.340371302445824
2026-10-01T08:15:00+05:30,Moneragala_Uva,26.7,98.59718990704715,452.0,0.3,55.65515737107311
2026-10-01T08:30:00+05:30,Moneragala_Uva,27.2,99.47918336365467,512.0,0.57,51.978122006462385
2026-10-01T08:45:00+05:30,Moneragala_Uva,27.8,100.4720917273641,569.0,0.87,48.31117487807453
2026-10-01T09:00:00+05:30,Moneragala_Uva,28.5,101.60378014201382,620.0,1.23,44.65684170984778
2026-10-01T09:15:00+05:30,Moneragala_Uva,29.2,102.91157456287982,660.0,1.54,41.01853353902718
2026-10-01T09:30:00+05:30,Moneragala_Uva,29.7,104.44660229595445,688.0,1.79,37.400965079602116
2026-10-01T09:45:00+05:30,Moneragala_Uva,30.0,106.28064905011638,706.0,1.97,33.81083086465048
2026-10-01T10:00:00+05:30,Moneragala_Uva,30.2,108.51731239452425,717.0,2.06,30.257934237844957
2026-10-01T10:15:00+05:30,Moneragala_Uva,30.3,111.3106788575763,723.0,2.1,26.75714803353093
2026-10-01T10:30:00+05:30,Moneragala_Uva,30.4,114.89737911557137,720.0,2.15,23.331975000267363
2026-10-01T10:45:00+05:30,Moneragala_Uva,30.5,119.65210929674504,712.0,2.15,20.02129429756077
2026-10-01T11:00:00+05:30,Moneragala_Uva,30.6,126.1800518720039,709.0,2.08,16.892589823311255
2026-10-01T11:15:00+05:30,Moneragala_Uva,30.7,135.44025453572584,720.0,1.95,14.067837244891166
2026-10-01T11:30:00+05:30,Moneragala_Uva,30.9,148.74234138748625,748.0,1.88,11.76801879844973
2026-10-01T11:45:00+05:30,Moneragala_Uva,31.1,166.92211006838068,782.0,1.79,10.349237066326708
2026-10-01T12:00:00+05:30,Moneragala_Uva,31.4,188.02866653056384,812.0,1.74,10.186540883605474
2026-10-01T12:15:00+05:30,Moneragala_Uva,31.7,207.23655356596146,828.0,1.71,11.334153109453979
2026-10-01T12:30:00+05:30,Moneragala_Uva,31.8,221.68319039748167,837.0,1.7,13.461009372424272
2026-10-01T12:45:00+05:30,Moneragala_Uva,31.9,231.78054750903277,838.0,1.76,16.185564067687977
2026-10-01T13:00:00+05:30,Moneragala_Uva,31.9,238.85630199756426,828.0,1.83,19.25574117769584
2026-10-01T13:15:00+05:30,Moneragala_Uva,31.7,243.96664922142142,806.0,1.98,22.530673147169836
2026-10-01T13:30:00+05:30,Moneragala_Uva,31.4,247.78984204472687,778.0,2.09,25.932883960002258
2026-10-01T13:45:00+05:30,Moneragala_Uva,30.7,250.7454906462176,739.0,2.32,29.418226119738698
2026-10-01T14:00:00+05:30,Moneragala_Uva,29.7,253.0969235009672,684.0,2.64,32.960316096395026
2026-10-01T14:15:00+05:30,Moneragala_Uva,28.8,255.01430472253605,605.0,2.91,36.54263247005976
2026-10-01T14:30:00+05:30,Moneragala_Uva,28.1,256.6111791112553,493.0,2.83,40.15438548906457
2026-10-01T14:45:00+05:30,Moneragala_Uva,27.8,257.9656742759457,380.0,2.3,43.78826603655083
2026-10-01T15:00:00+05:30,Moneragala_Uva,27.8,259.1330795015354,294.0,1.6,47.43916255131511
2026-10-01T15:15:00+05:30,Moneragala_Uva,27.8,260.15352490080056,259.0,1.23,51.10339963965395
2026-10-01T15:30:00+05:30,Moneragala_Uva,27.8,261.0568090290661,264.0,1.35,54.77827067963681
2026-10-01T15:45:00+05:30,Moneragala_Uva,27.7,261.86551956908147,279.0,1.44,58.46173934407166
2026-10-01T16:00:00+05:30,Moneragala_Uva,27.5,262.5971043994101,281.0,1.44,62.15224384151452
2026-10-01T16:15:00+05:30,Moneragala_Uva,27.4,263.26528003700986,255.0,1.45,65.84856654334605
2026-10-01T16:30:00+05:30,Moneragala_Uva,27.2,263.881010807449,214.0,1.43,69.54974299857591
2026-10-01T16:45:00+05:30,Moneragala_Uva,27.1,264.45320438841054,169.0,1.39,73.25499774362699
2026-10-01T17:00:00+05:30,Moneragala_Uva,27.0,264.98921632448025,127.0,1.24,76.96369956753708
2026-10-01T17:15:00+05:30,Moneragala_Uva,26.8,265.49522323075803,91.0,1.11,80.67532757793465
2026-10-01T17:30:00+05:30,Moneragala_Uva,26.6,265.97650512070663,57.0,0.99,84.3894457990214
2026-10-01T17:45:00+05:30,Moneragala_Uva,26.4,266.43766447804484,27.0,0.86,88.10568529271315
2026-10-01T18:00:00+05:30,Moneragala_Uva,26.1,266.88280097805136,3.0,0.78,91.82372906927628
2026-10-01T18:15:00+05:30,Moneragala_Uva,25.8,267.3156561709076,0.0,0.74,95.54330006305696
2026-10-01T18:30:00+05:30,Moneragala_Uva,25.5,267.7397390958425,0.0,0.76,99.2641527804343
2026-10-01T18:45:00+05:30,Moneragala_Uva,25.4,268.15844138554326,0.0,0.75,102.98606495796477
2026-10-01T19:00:00+05:30,Moneragala_Uva,25.3,268.5751501524627,0.0,0.81,106.70883018980385
2026-10-01T19:15:00+05:30,Moneragala_Uva,25.2,268.99336710129853,0.0,0.76,110.43225256001081
2026-10-01T19:30:00+05:30,Moneragala_Uva,25.1,269.41684308511856,0.0,0.73,114.15613983399643
2026-10-01T19:45:00+05:30,Moneragala_Uva,25.0,269.8497405023078,0.0,0.6,117.88029622316402
2026-10-01T20:00:00+05:30,Moneragala_Uva,24.9,270.2968406835382,0.0,0.5,121.60451560595342
2026-10-01T20:15:00+05:30,Moneragala_Uva,24.8,270.7638209645395,0.0,0.36,125.32857138439972
2026-10-01T20:30:00+05:30,Moneragala_Uva,24.7,271.25764026242877,0.0,0.27,129.05220323884674
2026-10-01T20:45:00+05:30,Moneragala_Uva,24.6,271.7870954896659,0.0,0.18,132.77510034031712
2026-10-01T21:00:00+05:30,Moneragala_Uva,24.6,272.36365213152357,0.0,0.2,136.49687481762447
2026-10-01T21:15:00+05:30,Moneragala_Uva,24.5,273.0027291488801,0.0,0.36,140.21702143019212
2026-10-01T21:30:00+05:30,Moneragala_Uva,24.4,273.7257648002451,0.0,0.53,143.93485489828794
2026-10-01T21:45:00+05:30,Moneragala_Uva,24.3,274.5636844813836,0.0,0.74,147.64940270432157
2026-10-01T22:00:00+05:30,Moneragala_Uva,24.2,275.56302508774513,0.0,1.03,151.35921602267283
2026-10-01T22:15:00+05:30,Moneragala_Uva,24.2,276.79742872423424,0.0,1.25,155.06201580960416
2026-10-01T22:30:00+05:30,Moneragala_Uva,24.1,278.39088493843,0.0,1.32,158.7539708431979
2026-10-01T22:45:00+05:30,Moneragala_Uva,24.0,280.5693830499856,0.0,1.2,162.4280800102839
2026-10-01T23:00:00+05:30,Moneragala_Uva,23.9,283.7906908545161,0.0,0.92,166.0700497267614
2026-10-01T23:15:00+05:30,Moneragala_Uva,23.9,289.12849245951384,0.0,0.67,169.64573880040075
2026-10-01T23:30:00+05:30,Moneragala_Uva,23.8,299.6822511806574,0.0,0.56,173.05186807568793
2026-10-01T23:45:00+05:30,Moneragala_Uva,23.8,326.5286413870639,0.0,0.56,175.84759229678673
2026-10-02T00:00:00+05:30,Moneragala_Uva,23.7,22.81000386493264,0.0,0.57,176.24378309991982
2026-10-02T00:15:00+05:30,Moneragala_Uva,23.6,56.5515586118687,0.0,0.6,173.76492207671018
2026-10-02T00:30:00+05:30,Moneragala_Uva,23.6,69.2718945710397,0.0,0.65,170.4322279201008
2026-10-02T00:45:00+05:30,Moneragala_Uva,23.5,75.38015061772052,0.0,0.64,166.88111744043283
2026-10-02T01:00:00+05:30,Moneragala_Uva,23.4,78.94745209918898,0.0,0.67,163.25003408465335
2026-10-02T01:15:00+05:30,Moneragala_Uva,23.3,81.30840543466059,0.0,0.65,159.58170470415075
2026-10-02T01:30:00+05:30,Moneragala_Uva,23.3,83.00934165859906,0.0,0.63,155.89323846628315
2026-10-02T01:45:00+05:30,Moneragala_Uva,23.2,84.31234963320196,0.0,0.6,152.19276573391974
2026-10-02T02:00:00+05:30,Moneragala_Uva,23.2,85.35823932104302,0.0,0.54,148.48463956895034
2026-10-02T02:15:00+05:30,Moneragala_Uva,23.1,86.22931581467361,0.0,0.47,144.77140684384946
2026-10-02T02:30:00+05:30,Moneragala_Uva,23.1,86.97693676028109,0.0,0.36,141.0546655240634
2026-10-02T02:45:00+05:30,Moneragala_Uva,23.0,87.63488048435204,0.0,0.21,137.335476876359
2026-10-02T03:00:00+05:30,Moneragala_Uva,22.9,88.22636044017725,0.0,0.05,133.61458207603638
2026-10-02T03:15:00+05:30,Moneragala_Uva,22.9,88.76794725693009,0.0,0.11,129.89252341343365
2026-10-02T03:30:00+05:30,Moneragala_Uva,22.8,89.27188049711577,0.0,0.22,126.16971454008002
2026-10-02T03:45:00+05:30,Moneragala_Uva,22.8,89.74749348408938,0.0,0.22,122.44648511283714
2026-10-02T04:00:00+05:30,Moneragala_Uva,22.8,90.20212690661066,0.0,0.22,118.72310990187859
2026-10-02T04:15:00+05:30,Moneragala_Uva,22.8,90.64173629618801,0.0,0.18,114.99982718104019
2026-10-02T04:30:00+05:30,Moneragala_Uva,22.8,91.07130997502378,0.0,0.14,111.27685301133904
2026-10-02T04:45:00+05:30,Moneragala_Uva,22.7,91.49516717944175,0.0,0.14,107.55439208669183
2026-10-02T05:00:00+05:30,Moneragala_Uva,22.7,91.91717940990935,0.0,0.07,103.83264500729871
2026-10-02T05:15:00+05:30,Moneragala_Uva,22.6,92.34094219721408,0.0,0.07,100.11181588943626
2026-10-02T05:30:00+05:30,Moneragala_Uva,22.7,92.76991594465812,0.0,0.11,96.39211946099327
2026-10-02T05:45:00+05:30,Moneragala_Uva,22.8,93.20754915456297,0.0,0.25,92.67378667662256
2026-10-02T06:00:00+05:30,Moneragala_Uva,22.9,93.65739379027707,1.0,0.45,88.95707230766294
2026-10-02T06:15:00+05:30,Moneragala_Uva,23.1,94.12322150082508,26.0,0.6,85.24226348778501
2026-10-02T06:30:00+05:30,Moneragala_Uva,23.4,94.60914908512797,65.0,0.71,81.52968826584335
2026-10-02T06:45:00+05:30,Moneragala_Uva,23.9,95.1197816545507,113.0,0.68,77.81972782370892
2026-10-02T07:00:00+05:30,Moneragala_Uva,24.6,95.66038416273545,167.0,0.63,74.11283175526387
2026-10-02T07:15:00+05:30,Moneragala_Uva,25.3,96.23709504711326,224.0,0.6,70.40953612339968
2026-10-02T07:30:00+05:30,Moneragala_Uva,25.9,96.85719992220203,285.0,0.58,66.71048898467346
2026-10-02T07:45:00+05:30,Moneragala_Uva,26.5,97.52949135939105,347.0,0.49,63.016484361175486
2026-10-02T08:00:00+05:30,Moneragala_Uva,27.0,98.26475259442407,410.0,0.43,59.32850681077317
2026-10-02T08:15:00+05:30,Moneragala_Uva,27.6,99.07642056119658,472.0,0.32,55.64779507284384
2026-10-02T08:30:00+05:30,Moneragala_Uva,28.1,99.98151355859318,530.0,0.32,51.97593177631684
2026-10-02T08:45:00+05:30,Moneragala_Uva,28.6,101.00195658223566,586.0,0.45,48.31497114159204
2026-10-02T09:00:00+05:30,Moneragala_Uva,29.0,102.16651529149567,638.0,0.72,44.66762938615695
2026-10-02T09:15:00+05:30,Moneragala_Uva,29.5,103.51368475863615,689.0,0.93,41.03757263807083
2026-10-02T09:30:00+05:30,Moneragala_Uva,29.9,105.09611351447711,736.0,1.14,37.429863375245425
2026-10-02T09:45:00+05:30,Moneragala_Uva,30.3,106.98755859635696,779.0,1.24,33.85167959810528
2026-10-02T10:00:00+05:30,Moneragala_Uva,30.8,109.29412274742901,815.0,1.27,30.313510657814568
2026-10-02T10:15:00+05:30,Moneragala_Uva,31.1,112.17289264429172,842.0,1.31,26.83122200794522
2026-10-02T10:30:00+05:30,Moneragala_Uva,31.4,115.86347306976086,857.0,1.35,23.42977308439589
2026-10-02T10:45:00+05:30,Moneragala_Uva,31.5,120.74136329811466,865.0,1.4,20.15017415308762
2026-10-02T11:00:00+05:30,Moneragala_Uva,31.5,127.40313011828658,871.0,1.54,17.06286034782532
2026-10-02T11:15:00+05:30,Moneragala_Uva,31.5,136.76823061387432,881.0,1.66,14.293008565484755
2026-10-02T11:30:00+05:30,Moneragala_Uva,31.5,150.02818949303662,896.0,1.78,12.061375306378864
2026-10-02T11:45:00+05:30,Moneragala_Uva,31.8,167.8121391971997,910.0,1.89,10.709884329185186
2026-10-02T12:00:00+05:30,Moneragala_Uva,32.3,188.1686126375033,919.0,1.99,10.58134352354024
2026-10-02T12:15:00+05:30,Moneragala_Uva,32.6,206.72035005226041,923.0,2.02,11.71607461410403
2026-10-02T12:30:00+05:30,Moneragala_Uva,32.6,220.8620090589265,938.0,1.93,13.806018993099443
2026-10-02T12:45:00+05:30,Moneragala_Uva,32.3,230.89093733583084,942.0,1.75,16.491929375125935
2026-10-02T13:00:00+05:30,Moneragala_Uva,31.6,237.99610906123868,910.0,1.89,19.5294281059696
2026-10-02T13:15:00+05:30,Moneragala_Uva,30.8,243.16573723387654,811.0,2.35,22.77827688378912
2026-10-02T13:30:00+05:30,Moneragala_Uva,29.9,247.05202324344293,625.0,2.55,26.159831899889305
2026-10-02T13:45:00+05:30,Moneragala_Uva,28.8,250.06584001118304,424.0,2.13,29.628670618730283
2026-10-02T14:00:00+05:30,Moneragala_Uva,27.6,252.46824456454078,280.0,1.28,33.15738984222607
2026-10-02T14:15:00+05:30,Moneragala_Uva,26.4,254.42941166064503,258.0,0.35,36.728713243894674
2026-10-02T14:30:00+05:30,Moneragala_Uva,25.5,256.0636143929485,350.0,0.35,40.33130197647177
2026-10-02T14:45:00+05:30,Moneragala_Uva,25.1,257.4498520145823,470.0,0.67,43.95744630707938
2026-10-02T15:00:00+05:30,Moneragala_Uva,25.0,258.6442291464127,537.0,0.81,47.6017392002859
2026-10-02T15:15:00+05:30,Moneragala_Uva,25.0,259.6875770827985,496.0,0.86,51.26028437701456
2026-10-02T15:30:00+05:30,Moneragala_Uva,25.0,260.61027587282166,375.0,0.89,54.93020777898615
2026-10-02T15:45:00+05:30,Moneragala_Uva,24.9,261.43538699730004,237.0,0.89,58.609344465376346
2026-10-02T16:00:00+05:30,Moneragala_Uva,24.8,262.1807405823924,132.0,0.9,62.29603265476487
2026-10-02T16:15:00+05:30,Moneragala_Uva,24.8,262.8603592332358,85.0,1.0,65.98897615365274
2026-10-02T16:30:00+05:30,Moneragala_Uva,24.7,263.48545028424985,71.0,1.02,69.68714823236452
2026-10-02T16:45:00+05:30,Moneragala_Uva,24.6,264.0651118706986,69.0,0.81,73.38972372144963
2026-10-02T17:00:00+05:30,Moneragala_Uva,24.5,264.6068456241117,65.0,0.49,77.0960315651477
2026-10-02T17:15:00+05:30,Moneragala_Uva,24.4,265.1169360180776,52.0,0.35,80.80551889298168
2026-10-02T17:30:00+05:30,Moneragala_Uva,24.3,265.6007371039452,38.0,0.43,84.51772414724398
2026-10-02T17:45:00+05:30,Moneragala_Uva,24.3,266.06289448771633,20.0,0.43,88.23225811612336
2026-10-02T18:00:00+05:30,Moneragala_Uva,24.2,266.5075216046745,2.0,0.47,91.9487880587104
2026-10-02T18:15:00+05:30,Moneragala_Uva,24.2,266.9383446750203,0.0,0.6,95.66702512780547
2026-10-02T18:30:00+05:30,Moneragala_Uva,24.1,267.3588272870046,0.0,0.71,99.38671566076223
2026-10-02T18:45:00+05:30,Moneragala_Uva,24.1,267.77228304555956,0.0,0.6,103.10763265584274
2026-10-02T19:00:00+05:30,Moneragala_Uva,24.1,268.18198433395423,0.0,0.34,106.82956838329743
2026-10-02T19:15:00+05:30,Moneragala_Uva,24.1,268.59127522213845,0.0,0.22,110.55232918234363
2026-10-02T19:30:00+05:30,Moneragala_Uva,24.1,269.0036971074335,0.0,0.36,114.27572902074272
2026-10-02T19:45:00+05:30,Moneragala_Uva,24.0,269.4231385141014,0.0,0.5,117.99958287867457
2026-10-02T20:00:00+05:30,Moneragala_Uva,24.0,269.85402471620586,0.0,0.6,121.72370093934211
2026-10-02T20:15:00+05:30,Moneragala_Uva,23.9,270.301569603792,0.0,0.7,125.44787988799226
2026-10-02T20:30:00+05:30,Moneragala_Uva,23.9,270.7721250276064,0.0,0.75,129.17189181460606
2026-10-02T20:45:00+05:30,Moneragala_Uva,23.8,271.27368419479984,0.0,0.7,132.8954706423508
2026-10-02T21:00:00+05:30,Moneragala_Uva,23.8,271.81663297382164,0.0,0.66,136.61829049045582
2026-10-02T21:15:00+05:30,Moneragala_Uva,23.8,272.4149131393938,0.0,0.56,140.33993299629648
2026-10-02T21:30:00+05:30,Moneragala_Uva,23.8,273.0878957181254,0.0,0.51,144.05983695396094
2026-10-02T21:45:00+05:30,Moneragala_Uva,23.7,273.8635334927979,0.0,0.55,147.77721172489768
2026-10-02T22:00:00+05:30,Moneragala_Uva,23.7,274.7839474799804,0.0,0.66,151.4908842991803
2026-10-02T22:15:00+05:30,Moneragala_Uva,23.7,275.9159601684944,0.0,0.85,155.19901242339247
2026-10-02T22:30:00+05:30,Moneragala_Uva,23.6,277.3725349486862,0.0,0.94,158.89849591999567
2026-10-02T22:45:00+05:30,Moneragala_Uva,23.6,279.3608801249852,0.0,0.99,162.58364761719704
2026-10-02T23:00:00+05:30,Moneragala_Uva,23.5,282.3051489678617,0.0,1.0,166.2427658150884
2026-10-02T23:15:00+05:30,Moneragala_Uva,23.5,287.2193954107479,0.0,0.99,169.8474753769095
2026-10-02T23:30:00+05:30,Moneragala_Uva,23.4,297.15503856762473,0.0,1.03,173.30904844639713
2026-10-02T23:45:00+05:30,Moneragala_Uva,23.4,324.3219148970038,0.0,1.06,176.21207658160614
2026-10-03T00:00:00+05:30,Moneragala_Uva,23.3,26.526654083018798,0.0,1.1,176.56300068981312
2026-10-03T00:15:00+05:30,Moneragala_Uva,23.3,59.99610761020199,0.0,1.13,173.9039170931922
2026-10-03T00:30:00+05:30,Moneragala_Uva,23.2,71.62885946343499,0.0,1.17,170.49238625214696
2026-10-03T00:45:00+05:30,Moneragala_Uva,23.2,77.11958499783702,0.0,1.21,166.90389470345087
2026-10-03T01:00:00+05:30,Moneragala_Uva,23.1,80.31848488843866,0.0,1.25,163.25191228238697
2026-10-03T01:15:00+05:30,Moneragala_Uva,23.1,82.44016006992496,0.0,1.25,159.5705734006009
2026-10-03T01:30:00+05:30,Moneragala_Uva,23.1,83.97506116470828,0.0,1.29,155.87343291806502
2026-10-03T01:45:00+05:30,Moneragala_Uva,23.0,85.15706966488324,0.0,1.33,152.16691445383447
2026-10-03T02:00:00+05:30,Moneragala_Uva,23.0,86.11148558279979,0.0,1.33,148.45445694178756
2026-10-03T02:15:00+05:30,Moneragala_Uva,23.0,86.91145640988253,0.0,1.35,144.73807622331512
2026-10-03T02:30:00+05:30,Moneragala_Uva,22.9,87.60261293605674,0.0,1.35,141.01904209566683
2026-10-03T02:45:00+05:30,Moneragala_Uva,22.9,88.21498162798144,0.0,1.35,137.29820307533814
2026-10-03T03:00:00+05:30,Moneragala_Uva,22.8,88.76922301622085,0.0,1.28,133.57615717697252
2026-10-03T03:15:00+05:30,Moneragala_Uva,22.8,89.28011579312454,0.0,1.28,129.853347566712
2026-10-03T03:30:00+05:30,Moneragala_Uva,22.7,89.75860928658977,0.0,1.23,126.13011782181283
2026-10-03T03:45:00+05:30,Moneragala_Uva,22.7,90.21308845346283,0.0,1.19,122.40674740847984
2026-10-03T04:00:00+05:30,Moneragala_Uva,22.6,90.65018549834559,0.0,1.12,118.68347499429379
2026-10-03T04:15:00+05:30,Moneragala_Uva,22.5,91.07532035104822,0.0,1.08,114.96051307463034
2026-10-03T04:30:00+05:30,Moneragala_Uva,22.5,91.4930735308975,0.0,1.04,111.23805976569702
2026-10-03T04:45:00+05:30,Moneragala_Uva,22.5,91.90745333354937,0.0,1.0,107.51630799038928
2026-10-03T05:00:00+05:30,Moneragala_Uva,22.6,92.32209565238617,0.0,1.0,103.79545164755933
2026-10-03T05:15:00+05:30,Moneragala_Uva,22.7,92.7404206662186,0.0,0.96,100.07569251500239
2026-10-03T05:30:00+05:30,Moneragala_Uva,22.8,93.16576315383816,0.0,0.96,96.35724693417181
2026-10-03T05:45:00+05:30,Moneragala_Uva,22.9,93.6014885250467,0.0,0.99,92.64035124467412
2026-10-03T06:00:00+05:30,Moneragala_Uva,23.1,94.0511035407232,1.0,1.03,88.92526939764579
2026-10-03T06:15:00+05:30,Moneragala_Uva,23.4,94.51836996006602,23.0,1.06,85.2123017161214
2026-10-03T06:30:00+05:30,Moneragala_Uva,23.6,95.00742922351094,58.0,1.13,81.50179386042905
2026-10-03T06:45:00+05:30,Moneragala_Uva,23.9,95.52294652751152,103.0,1.2,77.79414969082656
2026-10-03T07:00:00+05:30,Moneragala_Uva,24.2,96.0702850084387,156.0,1.27,74.08984745640547
2026-10-03T07:15:00+05:30,Moneragala_Uva,24.5,96.65572397968367,209.0,1.35,70.38945911593345
2026-10-03T07:30:00+05:30,Moneragala_Uva,24.8,97.28673952499264,260.0,1.42,66.69367758787872
2026-10-03T07:45:00+05:30,Moneragala_Uva,25.2,97.97237405670234,311.0,1.49,63.0033530686678
2026-10-03T08:00:00+05:30,Moneragala_Uva,25.5,98.72373352487358,365.0,1.49,59.31954082284416
2026-10-03T08:15:00+05:30,Moneragala_Uva,25.9,99.55466885433339,429.0,1.49,55.64356928117003
2026-10-03T08:30:00+05:30,Moneragala_Uva,26.3,100.48272854739315,505.0,1.49,51.97713598484861
2026-10-03T08:45:00+05:30,Moneragala_Uva,26.8,101.53051763970109,587.0,1.42,48.322444156329155
2026-10-03T09:00:00+05:30,Moneragala_Uva,27.4,102.72767655801454,666.0,1.38,44.68240591299086
2026-10-03T09:15:00+05:30,Moneragala_Uva,27.9,104.11382849835337,729.0,1.27,41.06094900220236
2026-10-03T09:30:00+05:30,Moneragala_Uva,28.5,105.74307607707891,775.0,1.2,37.4634913937981
2026-10-03T09:45:00+05:30,Moneragala_Uva,29.2,107.6910342405846,809.0,1.1,33.897703183579466
2026-10-03T10:00:00+05:30,Moneragala_Uva,29.8,110.0661129231085,835.0,0.96,30.374767922780244
2026-10-03T10:15:00+05:30,Moneragala_Uva,30.4,113.0280421454134,857.0,0.85,26.91154724805174
2026-10-03T10:30:00+05:30,Moneragala_Uva,31.0,116.81874190569124,875.0,0.75,23.53444438587023
2026-10-03T10:45:00+05:30,Moneragala_Uva,31.4,121.8132996568844,884.0,0.68,20.286539462346894
2026-10-03T11:00:00+05:30,Moneragala_Uva,31.8,128.59760902084497,883.0,0.61,17.241028288045513
2026-10-03T11:15:00+05:30,Moneragala_Uva,32.0,138.04933626590838,869.0,0.58,14.52579979826487
2026-10-03T11:30:00+05:30,Moneragala_Uva,32.1,151.2460532818996,837.0,0.58,12.36048511626393
2026-10-03T11:45:00+05:30,Moneragala_Uva,32.0,168.63672964171678,796.0,0.65,11.072559100880866
2026-10-03T12:00:00+05:30,Moneragala_Uva,31.8,188.29165212703148,756.0,0.76,10.97537796491332
2026-10-03T12:15:00+05:30,Moneragala_Uva,31.4,206.23152864246595,727.0,0.87,12.097670610782686
2026-10-03T12:30:00+05:30,Moneragala_Uva,30.9,220.07741254310798,706.0,1.01,14.152226160263268
2026-10-03T12:45:00+05:30,Moneragala_Uva,30.4,230.0315353378133,688.0,1.15,16.80042177800297
2026-10-03T13:00:00+05:30,Moneragala_Uva,29.7,237.1581793085358,669.0,1.33,19.80553176668667
2026-10-03T13:15:00+05:30,Moneragala_Uva,29.0,242.3809674791783,646.0,1.51,23.028233682498495
2026-10-03T13:30:00+05:30,Moneragala_Uva,28.4,246.32607581403116,622.0,1.65,26.388911782841035
2026-10-03T13:45:00+05:30,Moneragala_Uva,27.9,249.3951209988381,596.0,1.76,29.840967789344703
2026-10-03T14:00:00+05:30,Moneragala_Uva,27.3,251.84644662135548,569.0,1.9,33.356024567931
2026-10-03T14:15:00+05:30,Moneragala_Uva,26.8,253.84993752865284,540.0,2.01,36.9160706347878
2026-10-03T14:30:00+05:30,Moneragala_Uva,26.4,255.5204010619559,510.0,2.05,40.509225668380076
2026-10-03T14:45:00+05:30,Moneragala_Uva,26.1,256.93758331593256,479.0,2.02,44.127381378595196
2026-10-03T15:00:00+05:30,Moneragala_Uva,25.9,258.15832291422606,445.0,2.0,47.76483484049162
2026-10-03T15:15:00+05:30,Moneragala_Uva,25.8,259.2240982851489,411.0,1.97,51.41746744055262
2026-10-03T15:30:00+05:30,Moneragala_Uva,25.7,260.1658342785591,375.0,1.88,55.08223587953418
2026-10-03T15:45:00+05:30,Moneragala_Uva,25.6,261.00704071854784,339.0,1.79,58.756844753086426
2026-10-03T16:00:00+05:30,Moneragala_Uva,25.5,261.7659119417675,300.0,1.7,62.43953052427821
2026-10-03T16:15:00+05:30,Moneragala_Uva,25.5,262.456763592897,260.0,1.55,66.1289168002826
2026-10-03T16:30:00+05:30,Moneragala_Uva,25.4,263.09103637891366,220.0,1.47,69.82391307541512
2026-10-03T16:45:00+05:30,Moneragala_Uva,25.4,263.67801162418317,180.0,1.35,73.52364309878695
2026-10-03T17:00:00+05:30,Moneragala_Uva,25.3,264.2253314401434,138.0,1.27,77.22739469914606
2026-10-03T17:15:00+05:30,Moneragala_Uva,25.3,264.7393837224827,94.0,1.16,80.93458183350201
2026-10-03T17:30:00+05:30,Moneragala_Uva,25.2,265.2255929453554,53.0,1.05,84.6447162185996
2026-10-03T17:45:00+05:30,Moneragala_Uva,25.1,265.6886447859416,20.0,0.95,88.35738725213741
2026-10-03T18:00:00+05:30,Moneragala_Uva,25.1,266.13266375284417,2.0,0.85,92.07224532283931
2026-10-03T18:15:00+05:30,Moneragala_Uva,25.0,266.56135825010483,0.0,0.75,95.78898865230701
2026-10-03T18:30:00+05:30,Moneragala_Uva,24.9,266.97814398218895,0.0,0.65,99.50735419489264
2026-10-03T18:45:00+05:30,Moneragala_Uva,24.8,267.38625400158367,0.0,0.55,103.22710889725948
2026-10-03T19:00:00+05:30,Moneragala_Uva,24.7,267.78884318617594,0.0,0.41,106.94804225113612
2026-10-03T19:15:00+05:30,Moneragala_Uva,24.6,268.18909474975874,0.0,0.27,110.66996119619306
2026-10-03T19:30:00+05:30,Moneragala_Uva,24.6,268.59033671513066,0.0,0.21,114.39268397966273
2026-10-03T19:45:00+05:30,Moneragala_Uva,24.5,268.9961787676326,0.0,0.21,118.11603407486945
2026-10-03T20:00:00+05:30,Moneragala_Uva,24.4,269.410683606628,0.0,0.21,121.8398352130143
2026-10-03T20:15:00+05:30,Moneragala_Uva,24.4,269.8385928434393,0.0,0.27,125.56390396364029
2026-10-03T20:30:00+05:30,Moneragala_Uva,24.3,270.28563892668734,0.0,0.29,129.28804055004377
2026-10-03T20:45:00+05:30,Moneragala_Uva,24.3,270.75899360605024,0.0,0.32,133.01201816231008
2026-10-03T21:00:00+05:30,Moneragala_Uva,24.2,271.26793676587096,0.0,0.36,136.73556572803443
2026-10-03T21:15:00+05:30,Moneragala_Uva,24.2,271.82489244469434,0.0,0.36,140.45834213762922
2026-10-03T21:30:00+05:30,Moneragala_Uva,24.1,272.4470995609766,0.0,0.36,144.17989705059895
2026-10-03T21:45:00+05:30,Moneragala_Uva,24.1,273.15942957219636,0.0,0.36,147.89960307806757
2026-10-03T22:00:00+05:30,Moneragala_Uva,24.0,273.9993950631249,0.0,0.38,151.61653594627086
2026-10-03T22:15:00+05:30,Moneragala_Uva,24.0,275.02663384840474,0.0,0.36,155.32924949699787
2026-10-03T22:30:00+05:30,Moneragala_Uva,23.9,276.34232927010373,0.0,0.35,159.0353113008096
2026-10-03T22:45:00+05:30,Moneragala_Uva,23.9,278.1331699904593,0.0,0.35,162.73024693074507
2026-10-03T23:00:00+05:30,Moneragala_Uva,23.8,280.78505275056517,0.0,0.4,166.4047872253618
2026-10-03T23:15:00+05:30,Moneragala_Uva,23.8,285.2373245205182,0.0,0.4,170.03613794375522
2026-10-03T23:30:00+05:30,Moneragala_Uva,23.8,294.4323589363155,0.0,0.4,173.55069966878057
2026-10-03T23:45:00+05:30,Moneragala_Uva,23.7,321.6386355085951,0.0,0.4,176.56833245622306
2026-10-04T00:00:00+05:30,Moneragala_Uva,23.7,30.95051135511204,0.0,0.45,176.86506842112803
2026-10-04T00:15:00+05:30,Moneragala_Uva,23.7,63.575028131303384,0.0,0.45,174.02108811025641
2026-10-04T00:30:00+05:30,Moneragala_Uva,23.6,74.00502365998295,0.0,0.45,170.53778207905907
2026-10-04T00:45:00+05:30,Moneragala_Uva,23.6,78.85910858235673,0.0,0.45,166.91628192006397
2026-10-04T01:00:00+05:30,Moneragala_Uva,23.5,81.68588413486225,0.0,0.45,163.2460780269538
2026-10-04T01:15:00+05:30,Moneragala_Uva,23.5,83.56779559255654,0.0,0.45,159.55350316811115
2026-10-04T01:30:00+05:30,Moneragala_Uva,23.5,84.93693938214733,0.0,0.45,155.8489458911407
2026-10-04T01:45:00+05:30,Moneragala_Uva,23.5,85.99837730455482,0.0,0.45,152.1373220143384
2026-10-04T02:00:00+05:30,Moneragala_Uva,23.4,86.86173547683705,0.0,0.45,148.42126638043078
2026-10-04T02:15:00+05:30,Moneragala_Uva,23.4,87.5909637052763,0.0,0.45,144.702328952093
2026-10-04T02:30:00+05:30,Moneragala_Uva,23.4,88.22596209793153,0.0,0.45,140.98149219585486
2026-10-04T02:45:00+05:30,Moneragala_Uva,23.3,88.79301151560867,0.0,0.45,137.25941870831014
2026-10-04T03:00:00+05:30,Moneragala_Uva,23.2,89.31022770494127,0.0,0.4,133.5365816885801
2026-10-04T03:15:00+05:30,Moneragala_Uva,23.2,89.79060495482588,0.0,0.4,129.81333815314886
2026-10-04T03:30:00+05:30,Moneragala_Uva,23.1,90.24380867470404,0.0,0.35,126.08997105443784
2026-10-04T03:45:00+05:30,Moneragala_Uva,23.0,90.67728055022025,0.0,0.32,122.36671673483114
2026-10-04T04:00:00+05:30,Moneragala_Uva,22.9,91.09694834558928,0.0,0.32,118.64378317284891
2026-10-04T04:15:00+05:30,Moneragala_Uva,22.9,91.50769957441747,0.0,0.29,114.92136132744076
2026-10-04T04:30:00+05:30,Moneragala_Uva,22.8,91.91370945030718,0.0,0.32,111.19963477111912
2026-10-04T04:45:00+05:30,Moneragala_Uva,22.8,92.31867727434081,0.0,0.35,107.47878743830486
2026-10-04T05:00:00+05:30,Moneragala_Uva,22.8,92.72600483144112,0.0,0.36,103.75900886188803
2026-10-04T05:15:00+05:30,Moneragala_Uva,22.9,93.13893807606843,0.0,0.36,100.040500487997
2026-10-04T05:30:00+05:30,Moneragala_Uva,23.0,93.56068697191284,0.0,0.4,96.32348204011262
2026-10-04T05:45:00+05:30,Moneragala_Uva,23.2,93.99453435919423,0.0,0.45,92.60819684730467
2026-10-04T06:00:00+05:30,Moneragala_Uva,23.4,94.44394204555499,1.0,0.51,88.89491953978103
2026-10-04T06:15:00+05:30,Moneragala_Uva,23.7,94.91266186944205,24.0,0.51,85.1839650744694
2026-10-04T06:30:00+05:30,Moneragala_Uva,24.0,95.40485957258596,62.0,0.58,81.47569816417318
2026-10-04T06:45:00+05:30,Moneragala_Uva,24.3,95.92525973259467,110.0,0.65,77.77054682128485
2026-10-04T07:00:00+05:30,Moneragala_Uva,24.6,96.47932250769486,166.0,0.65,74.06901951183339
2026-10-04T07:15:00+05:30,Moneragala_Uva,25.0,97.07346632598842,222.0,0.72,70.37172578858429
2026-10-04T07:30:00+05:30,Moneragala_Uva,25.4,97.71535515842868,277.0,0.75,66.67940532221611
2026-10-04T07:45:00+05:30,Moneragala_Uva,25.7,98.41427751705135,329.0,0.82,62.9929666359526
2026-10-04T08:00:00+05:30,Moneragala_Uva,26.1,99.18165664249233,383.0,0.82,59.31353819640925
2026-10-04T08:15:00+05:30,Moneragala_Uva,26.5,100.03174952140716,441.0,0.89,55.64254106435044
2026-10-04T08:30:00+05:30,Moneragala_Uva,26.9,100.98262310787106,506.0,0.92,51.98179119095732
2026-10-04T08:45:00+05:30,Moneragala_Uva,27.3,102.05754474501066,572.0,0.96,48.333644991343
2026-10-04T09:00:00+05:30,Moneragala_Uva,27.8,103.28700228779962,635.0,0.99,44.70121550558655
2026-10-04T09:15:00+05:30,Moneragala_Uva,28.3,104.71170385279481,690.0,0.99,41.088698058600876
2026-10-04T09:30:00+05:30,Moneragala_Uva,28.8,106.38713597119988,734.0,1.03,37.5018729444779
2026-10-04T09:45:00+05:30,Moneragala_Uva,29.3,108.39065408763707,771.0,1.04,33.94890955323658
2026-10-04T10:00:00+05:30,Moneragala_Uva,29.9,110.83277275469305,802.0,1.08,30.441691476480074
2026-10-04T10:15:00+05:30,Moneragala_Uva,30.4,113.87550573760285,829.0,1.1,26.998076148586087
2026-10-04T10:30:00+05:30,Moneragala_Uva,30.8,117.76243811040075,850.0,1.1,23.645891054493546
2026-10-04T10:45:00+05:30,Moneragala_Uva,31.2,122.86708560016706,866.0,1.1,20.430214433829747
2026-10-04T11:00:00+05:30,Moneragala_Uva,31.5,129.76282290230108,880.0,1.12,17.4267997690294
2026-10-04T11:15:00+05:30,Moneragala_Uva,31.7,139.2839446034302,897.0,1.11,14.76576465416872
2026-10-04T11:30:00+05:30,Moneragala_Uva,31.7,152.3990913083835,921.0,1.13,12.664811589108822
2026-10-04T11:45:00+05:30,Moneragala_Uva,31.6,169.40129360247624,942.0,1.17,11.436893887793815
2026-10-04T12:00:00+05:30,Moneragala_Uva,31.3,188.39916414989324,952.0,1.3,11.368516691977817
2026-10-04T12:15:00+05:30,Moneragala_Uva,31.0,205.76730916255303,941.0,1.47,12.47875330295976
2026-10-04T12:30:00+05:30,Moneragala_Uva,30.6,219.32678481898438,913.0,1.67,14.499333204956471
2026-10-04T12:45:00+05:30,Moneragala_Uva,30.1,229.20088063481717,872.0,1.95,17.110725993606778
2026-10-04T13:00:00+05:30,Moneragala_Uva,29.5,236.34181012593262,824.0,2.25,20.08376437392043
2026-10-04T13:15:00+05:30,Moneragala_Uva,28.9,241.6120253667756,774.0,2.57,23.280290436180167
2026-10-04T13:30:00+05:30,Moneragala_Uva,28.3,245.61187531711892,723.0,2.85,26.619900428016287
2026-10-04T13:45:00+05:30,Moneragala_Uva,27.8,248.73330366079284,666.0,3.08,30.054917930203942
2026-10-04T14:00:00+05:30,Moneragala_Uva,27.3,251.23154805222913,603.0,3.28,33.55603858699538
2026-10-04T14:15:00+05:30,Moneragala_Uva,26.9,253.27592615944445,528.0,3.4,37.104536823268305
2026-10-04T14:30:00+05:30,Moneragala_Uva,26.5,254.981596692015,440.0,3.43,40.68799955745121
2026-10-04T14:45:00+05:30,Moneragala_Uva,26.2,256.4289333245726,353.0,3.35,44.297922815041375
2026-10-04T15:00:00+05:30,Moneragala_Uva,26.0,257.67543020102374,279.0,3.17,47.92830794206717
2026-10-04T15:15:00+05:30,Moneragala_Uva,25.8,258.7631603595449,228.0,2.89,51.574812955023916
2026-10-04T15:30:00+05:30,Moneragala_Uva,25.6,259.7235575998554,195.0,2.59,55.23422380536218
2026-10-04T15:45:00+05:30,Moneragala_Uva,25.5,260.5805551154189,171.0,2.26,58.90411298855853
2026-10-04T16:00:00+05:30,Moneragala_Uva,25.4,261.352693700888,148.0,1.84,62.582613603641846
2026-10-04T16:15:00+05:30,Moneragala_Uva,25.3,262.0545691667238,124.0,1.46,66.2682675391159
2026-10-04T16:30:00+05:30,Moneragala_Uva,25.2,262.6978460695284,103.0,1.13,69.95991910205252
2026-10-04T16:45:00+05:30,Moneragala_Uva,25.1,263.2919817338594,82.0,0.89,73.6566396539809
2026-10-04T17:00:00+05:30,Moneragala_Uva,25.0,263.8447532039474,62.0,0.7,77.35767468421962
2026-10-04T17:15:00+05:30,Moneragala_Uva,24.9,264.36264741310026,42.0,0.68,81.06240382117896
2026-10-04T17:30:00+05:30,Moneragala_Uva,24.8,264.8511556932756,24.0,0.75,84.7703109419856
2026-10-04T17:45:00+05:30,Moneragala_Uva,24.7,265.3150007944238,9.0,0.81,88.48096295749619
2026-10-04T18:00:00+05:30,Moneragala_Uva,24.6,265.75831567174373,1.0,0.89,92.1939922819325
2026-10-04T18:15:00+05:30,Moneragala_Uva,24.6,266.1847884977693,0.0,0.93,95.90908306268156
2026-10-04T18:30:00+05:30,Moneragala_Uva,24.5,266.59778474754467,0.0,0.97,99.62596166377223
2026-10-04T18:45:00+05:30,Moneragala_Uva,24.4,267.0004545046453,0.0,0.97,103.34438766491571
2026-10-04T19:00:00+05:30,Moneragala_Uva,24.3,267.39583250215287,0.0,0.97,107.06414631385069
2026-10-04T19:15:00+05:30,Moneragala_Uva,24.2,267.7869380523723,0.0,0.93,110.78504348160268
2026-10-04T19:30:00+05:30,Moneragala_Uva,24.2,268.1768821140827,0.0,0.89,114.50689974989164
2026-10-04T19:45:00+05:30,Moneragala_Uva,24.1,268.5689908710353,0.0,0.85,118.22954477001448
2026-10-04T20:00:00+05:30,Moneragala_Uva,24.0,268.96695833588853,0.0,0.85,121.95281301349895
2026-10-04T20:15:00+05:30,Moneragala_Uva,24.0,269.37504556223575,0.0,0.78,125.67653745668272
2026-10-04T20:30:00+05:30,Moneragala_Uva,23.9,269.7983540334436,0.0,0.78,129.40054207228224
2026-10-04T20:45:00+05:30,Moneragala_Uva,23.9,270.2432173896735,0.0,0.75,133.12463366847308
2026-10-04T21:00:00+05:30,Moneragala_Uva,23.8,270.7177847705896,0.0,0.71,136.84858854927506
2026-10-04T21:15:00+05:30,Moneragala_Uva,23.7,271.2329243444215,0.0,0.68,140.57213285296396
2026-10-04T21:30:00+05:30,Moneragala_Uva,23.7,271.8036817934722,0.0,0.65,144.29491328109026
2026-10-04T21:45:00+05:30,Moneragala_Uva,23.6,272.45174456408995,0.0,0.63,148.01644603493276
2026-10-04T22:00:00+05:30,Moneragala_Uva,23.6,273.2098343219383,0.0,0.6,151.73602667593696
2026-10-04T22:15:00+05:30,Moneragala_Uva,23.5,274.13005660091653,0.0,0.54,155.45256101327664
2026-10-04T22:30:00+05:30,Moneragala_Uva,23.5,275.3010917714628,0.0,0.52,159.16421404340463
2026-10-04T22:45:00+05:30,Moneragala_Uva,23.4,276.887422649208,0.0,0.51,162.86760691018839
2026-10-04T23:00:00+05:30,Moneragala_Uva,23.4,279.23209612139425,0.0,0.45,166.5557020066023
2026-10-04T23:15:00+05:30,Moneragala_Uva,23.4,283.1842080760046,0.0,0.45,170.21097198323918
2026-10-04T23:30:00+05:30,Moneragala_Uva,23.3,291.5069765005443,0.0,0.4,173.7750712655784
2026-10-04T23:45:00+05:30,Moneragala_Uva,23.3,318.3315613437096,0.0,0.35,176.91373825415445
2026-10-05T00:00:00+05:30,Moneragala_Uva,23.2,36.24222205732099,0.0,0.36,177.14490449308144
2026-10-05T00:15:00+05:30,Moneragala_Uva,23.2,67.26850259289324,0.0,0.32,174.11536567627414
2026-10-05T00:30:00+05:30,Moneragala_Uva,23.2,76.3928194831559,0.0,0.29,170.56838323367995
2026-10-05T00:45:00+05:30,Moneragala_Uva,23.1,80.59566028232086,0.0,0.28,166.9184047804177
2026-10-05T01:00:00+05:30,Moneragala_Uva,23.1,83.04814296115421,0.0,0.25,163.2326794294342
2026-10-05T01:15:00+05:30,Moneragala_Uva,23.1,84.69044573602167,0.0,0.27,159.53063887675194
2026-10-05T01:30:00+05:30,Moneragala_Uva,23.0,85.89441616317879,0.0,0.25,155.8199143829097
2026-10-05T01:45:00+05:30,Moneragala_Uva,23.0,86.8358761369289,0.0,0.25,152.10411756496646
2026-10-05T02:00:00+05:30,Moneragala_Uva,23.0,87.60868808045859,0.0,0.3,148.3851901801687
2026-10-05T02:15:00+05:30,Moneragala_Uva,23.0,88.26759636027964,0.0,0.3,144.66428152377063
2026-10-05T02:30:00+05:30,Moneragala_Uva,22.9,88.84678211015068,0.0,0.3,140.94212741241546
2026-10-05T02:45:00+05:30,Moneragala_Uva,22.8,89.36879490747077,0.0,0.27,137.21923118095737
2026-10-05T03:00:00+05:30,Moneragala_Uva,22.6,89.84921832291707,0.0,0.32,133.49595940362903
2026-10-05T03:15:00+05:30,Moneragala_Uva,22.4,90.29927238510544,0.0,0.46,129.7725957972098
2026-10-05T03:30:00+05:30,Moneragala_Uva,22.3,90.72734649365594,0.0,0.55,126.04937204188073
2026-10-05T03:45:00+05:30,Moneragala_Uva,22.2,91.13994516631351,0.0,0.6,122.32648834612019
2026-10-05T04:00:00+05:30,Moneragala_Uva,22.3,91.542296427608,0.0,0.6,118.6041273533877
2026-10-05T04:15:00+05:30,Moneragala_Uva,22.3,91.9387589982091,0.0,0.55,114.8824626806099
2026-10-05T04:30:00+05:30,Moneragala_Uva,22.4,92.33310557936937,0.0,0.55,111.16166671367534
2026-10-05T04:45:00+05:30,Moneragala_Uva,22.5,92.72872862345355,0.0,0.55,107.44191715186707
2026-10-05T05:00:00+05:30,Moneragala_Uva,22.6,93.12879743887356,0.0,0.55,103.72340146757652
2026-10-05T05:15:00+05:30,Moneragala_Uva,22.7,93.53638496761545,0.0,0.6,100.00632275527728
2026-10-05T05:30:00+05:30,Moneragala_Uva,22.9,93.95457721370809,0.0,0.6,96.29090586530373
2026-10-05T05:45:00+05:30,Moneragala_Uva,23.1,94.38657498527806,0.0,0.6,92.57740269668116
2026-10-05T06:00:00+05:30,Moneragala_Uva,23.3,94.83579537216201,2.0,0.66,88.86610003513749
2026-10-05T06:15:00+05:30,Moneragala_Uva,23.6,95.30598021972452,30.0,0.66,85.15732889201666
2026-10-05T06:30:00+05:30,Moneragala_Uva,24.0,95.8013191612634,77.0,0.67,81.45147444048364
2026-10-05T06:45:00+05:30,Moneragala_Uva,24.4,96.3265953481411,134.0,0.68,77.74899029101715
2026-10-05T07:00:00+05:30,Moneragala_Uva,24.8,96.88736465780198,200.0,0.7,74.05041664899738
2026-10-05T07:15:00+05:30,Moneragala_Uva,25.3,97.49018268132289,266.0,0.76,70.35640231093083
2026-10-05T07:30:00+05:30,Moneragala_Uva,25.7,98.14289844155292,328.0,0.78,66.66773553078066
2026-10-05T07:45:00+05:30,Moneragala_Uva,26.2,98.85504247316231,386.0,0.81,62.98538523326422
2026-10-05T08:00:00+05:30,Moneragala_Uva,26.7,99.63834943600807,442.0,0.83,59.310555482195284
2026-10-05T08:15:00+05:30,Moneragala_Uva,27.2,100.50747385114266,496.0,0.9,55.64476276476137
2026-10-05T08:30:00+05:30,Moneragala_Uva,27.7,101.48098856417096,548.0,0.93,51.98994474666673
2026-10-05T08:45:00+05:30,Moneragala_Uva,28.2,102.58280439323323,594.0,0.96,48.34861495284176
2026-10-05T09:00:00+05:30,Moneragala_Uva,28.7,103.84422778015733,637.0,1.03,44.724091969903235
2026-10-05T09:15:00+05:30,Moneragala_Uva,29.2,105.30700651599352,677.0,1.06,41.120844055570146
2026-10-05T09:30:00+05:30,Moneragala_Uva,29.6,107.02793815399878,713.0,1.1,37.54501973638066
2026-10-05T09:45:00+05:30,Moneragala_Uva,30.0,109.0859978345967,745.0,1.13,34.00529343261488
2026-10-05T10:00:00+05:30,Moneragala_Uva,30.4,111.59359875455652,772.0,1.17,30.514252248725946
2026-10-05T10:15:00+05:30,Moneragala_Uva,30.8,114.71467843492405,796.0,1.17,27.090745129525587
2026-10-05T10:30:00+05:30,Moneragala_Uva,31.1,118.69385041222614,817.0,1.2,23.763997940194656
2026-10-05T10:45:00+05:30,Moneragala_Uva,31.3,123.9019621311387,833.0,1.2,20.58100580835479
2026-10-05T11:00:00+05:30,Moneragala_Uva,31.5,130.89824140925975,841.0,1.24,17.619867367229773
2026-10-05T11:15:00+05:30,Moneragala_Uva,31.7,140.47260412902494,833.0,1.21,15.01245732649592
2026-10-05T11:30:00+05:30,Moneragala_Uva,31.7,153.49041978225682,809.0,1.21,12.973843136519704
2026-10-05T11:45:00+05:30,Moneragala_Uva,31.7,170.11069974793872,776.0,1.18,11.802547044729138
2026-10-05T12:00:00+05:30,Moneragala_Uva,31.7,188.49236935404488,744.0,1.18,11.760632000365973
2026-10-05T12:15:00+05:30,Moneragala_Uva,31.5,205.32525369140222,723.0,1.11,12.859143125648814
2026-10-05T12:30:00+05:30,Moneragala_Uva,31.4,218.60772832242185,709.0,1.08,14.847059411989335
2026-10-05T12:45:00+05:30,Moneragala_Uva,31.2,228.39758160403198,698.0,1.01,17.422540709905206
2026-10-05T13:00:00+05:30,Moneragala_Uva,30.9,235.5463111110969,685.0,0.99,20.363847507252856
2026-10-05T13:15:00+05:30,Moneragala_Uva,30.6,240.85859323359517,666.0,0.89,23.534200362232
2026-10-05T13:30:00+05:30,Moneragala_Uva,30.2,244.90929192224073,644.0,0.83,26.852579330471286
2026-10-05T13:45:00+05:30,Moneragala_Uva,29.9,248.0803536407675,620.0,0.76,30.270325200603132
2026-10-05T14:00:00+05:30,Moneragala_Uva,29.5,250.62356433369195,593.0,0.68,33.757253712321095
2026-10-05T14:15:00+05:30,Moneragala_Uva,29.1,252.70741980916682,564.0,0.62,37.29394737324426
2026-10-05T14:30:00+05:30,Moneragala_Uva,28.7,254.44725832017795,533.0,0.55,40.867470037289095
2026-10-05T14:45:00+05:30,Moneragala_Uva,28.3,255.92396743403714,500.0,0.5,44.468925665023455
2026-10-05T15:00:00+05:30,Moneragala_Uva,27.8,257.19562124578954,465.0,0.46,48.09202058331515
2026-10-05T15:15:00+05:30,Moneragala_Uva,27.4,258.3048364550261,429.0,0.45,51.73218879746743
2026-10-05T15:30:00+05:30,Moneragala_Uva,27.0,259.2835208426132,392.0,0.43,55.38604428725799
2026-10-05T15:45:00+05:30,Moneragala_Uva,26.6,260.15600650771313,354.0,0.42,59.05102601871529
2026-10-05T16:00:00+05:30,Moneragala_Uva,26.2,260.941163256214,313.0,0.47,62.725162271076
2026-10-05T16:15:00+05:30,Moneragala_Uva,25.8,261.6538543818674,271.0,0.49,66.40691181225603
2026-10-05T16:30:00+05:30,Moneragala_Uva,25.4,262.30595889295955,229.0,0.52,70.09505243734486
2026-10-05T16:45:00+05:30,Moneragala_Uva,25.1,262.90710301258815,187.0,0.56,73.78860187668356
2026-10-05T17:00:00+05:30,Moneragala_Uva,24.8,263.4651932385996,143.0,0.55,77.48676210893905
2026-10-05T17:15:00+05:30,Moneragala_Uva,24.6,263.9868112150907,97.0,0.6,81.18887731591816
2026-10-05T17:30:00+05:30,Moneragala_Uva,24.4,264.47751162199427,54.0,0.6,84.89440245092175
2026-10-05T17:45:00+05:30,Moneragala_Uva,24.2,264.9420513412563,20.0,0.6,88.60288086268831
2026-10-05T18:00:00+05:30,Moneragala_Uva,24.1,265.3845692127562,1.0,0.6,92.31392590168724
2026-10-05T18:15:00+05:30,Moneragala_Uva,23.9,265.8087308390909,0.0,0.56,96.02720651247974
2026-10-05T18:30:00+05:30,Moneragala_Uva,23.8,266.2178492127357,0.0,0.56,99.74243726246345
2026-10-05T18:45:00+05:30,Moneragala_Uva,23.7,266.6149891476032,0.0,0.56,103.45936904995153
2026-10-05T19:00:00+05:30,Moneragala_Uva,23.7,267.0030627388008,0.0,0.51,107.17778140840605
2026-10-05T19:15:00+05:30,Moneragala_Uva,23.6,267.38492253933777,0.0,0.51,110.89747745818059
2026-10-05T19:30:00+05:30,Moneragala_Uva,23.6,267.76345899893965,0.0,0.46,114.61827814992463
2026-10-05T19:45:00+05:30,Moneragala_Uva,23.5,268.14171046031316,0.0,0.41,118.34001696601173
2026-10-05T20:00:00+05:30,Moneragala_Uva,23.5,268.5229965719659,0.0,0.38,122.06253626251822
2026-10-05T20:15:00+05:30,Moneragala_Uva,23.5,268.9110901467199,0.0,0.34,125.78568188096986
2026-10-05T20:30:00+05:30,Moneragala_Uva,23.5,269.31045097194146,0.0,0.29,129.5092970553436
2026-10-05T20:45:00+05:30,Moneragala_Uva,23.5,269.7265591187577,0.0,0.25,133.23321641523745
2026-10-05T21:00:00+05:30,Moneragala_Uva,23.5,270.1664099751387,0.0,0.21,136.9572559844318
2026-10-05T21:15:00+05:30,Moneragala_Uva,23.5,270.6392803626989,0.0,0.16,140.68119879141756
2026-10-05T21:30:00+05:30,Moneragala_Uva,23.5,271.15796577128606,0.0,0.15,144.40477418814254
2026-10-05T21:45:00+05:30,Moneragala_Uva,23.5,271.74087376424404,0.0,0.16,148.12762134638334
2026-10-05T22:00:00+05:30,Moneragala_Uva,23.5,272.4157642477367,0.0,0.18,151.84922505542698
2026-10-05T22:15:00+05:30,Moneragala_Uva,23.5,273.22688380284006,0.0,0.21,155.56879571879307
2026-10-05T22:30:00+05:30,Moneragala_Uva,23.5,274.2497264892172,0.0,0.25,159.2850187128239
2026-10-05T22:45:00+05:30,Moneragala_Uva,23.5,275.62496020875017,0.0,0.29,162.99547804191798
2026-10-05T23:00:00+05:30,Moneragala_Uva,23.4,277.6483229807126,0.0,0.34,166.6951250387537
2026-10-05T23:15:00+05:30,Moneragala_Uva,23.4,281.0630186772922,0.0,0.34,170.37124900058103
2026-10-05T23:30:00+05:30,Moneragala_Uva,23.4,288.37534778491505,0.0,0.38,173.98032503741013
2026-10-05T23:45:00+05:30,Moneragala_Uva,23.3,314.1989393351595,0.0,0.43,177.2445343250048
2026-10-06T00:00:00+05:30,Moneragala_Uva,23.3,42.5743708562087,0.0,0.43,177.39579736376896
2026-10-06T00:15:00+05:30,Moneragala_Uva,23.2,71.05193975670147,0.0,0.47,174.1858974599704
2026-10-06T00:30:00+05:30,Moneragala_Uva,23.1,78.78450656708753,0.0,0.47,170.5842394110348
2026-10-06T00:45:00+05:30,Moneragala_Uva,23.0,82.32623595741671,0.0,0.52,166.91042076909136
2026-10-06T01:00:00+05:30,Moneragala_Uva,22.9,84.40380125403158,0.0,0.52,163.21187885317846
2026-10-06T01:15:00+05:30,Moneragala_Uva,22.8,85.80727377891003,0.0,0.57,159.50213216629194
2026-10-06T01:30:00+05:30,Moneragala_Uva,22.7,86.84694989773419,0.0,0.57,155.78647839186846
2026-10-06T01:45:00+05:30,Moneragala_Uva,22.6,87.66918165459617,0.0,0.57,152.06743109782985
2026-10-06T02:00:00+05:30,Moneragala_Uva,22.5,88.35205028783895,0.0,0.63,148.34635010738847
2026-10-06T02:15:00+05:30,Moneragala_Uva,22.5,88.94111822725569,0.0,0.63,144.62404895584817
2026-10-06T02:30:00+05:30,Moneragala_Uva,22.4,89.46487427937853,0.0,0.63,140.90105716460016
2026-10-06T02:45:00+05:30,Moneragala_Uva,22.3,89.94215879688403,0.0,0.63,137.17774519200435
2026-10-06T03:00:00+05:30,Moneragala_Uva,22.2,90.38604005715001,0.0,0.68,133.45439097127831
2026-10-06T03:15:00+05:30,Moneragala_Uva,22.2,90.80597646398263,0.0,0.67,129.73121761270468
2026-10-06T03:30:00+05:30,Moneragala_Uva,22.1,91.20909083492398,0.0,0.67,126.0084147593159
2026-10-06T03:45:00+05:30,Moneragala_Uva,22.1,91.60095758348893,0.0,0.67,122.28615338727522
2026-10-06T04:00:00+05:30,Moneragala_Uva,22.1,91.98611032109085,0.0,0.72,118.56459608571627
2026-10-06T04:15:00+05:30,Moneragala_Uva,22.1,92.36838301505747,0.0,0.71,114.84390326836873
2026-10-06T04:30:00+05:30,Moneragala_Uva,22.1,92.75114892811206,0.0,0.71,111.12423944986129
2026-10-06T04:45:00+05:30,Moneragala_Uva,22.2,93.137495999478,0.0,0.7,107.40577880781088
2026-10-06T05:00:00+05:30,Moneragala_Uva,22.3,93.53036281841389,0.0,0.7,103.68870902779761
2026-10-06T05:15:00+05:30,Moneragala_Uva,22.4,93.93265060475153,0.0,0.7,99.97323680344911
2026-10-06T05:30:00+05:30,Moneragala_Uva,22.6,94.34732229999878,0.0,0.7,96.25959383104966
2026-10-06T05:45:00+05:30,Moneragala_Uva,22.8,94.7774972289078,0.0,0.71,92.54804213517305
2026-10-06T06:00:00+05:30,Moneragala_Uva,23.0,95.22654798320366,2.0,0.73,88.83888210456118
2026-10-06T06:15:00+05:30,Moneragala_Uva,23.3,95.69820630005518,31.0,0.74,85.13246219775209
2026-10-06T06:30:00+05:30,Moneragala_Uva,23.7,96.1966852231547,76.0,0.78,81.4291894287808
2026-10-06T06:45:00+05:30,Moneragala_Uva,24.1,96.72682556753142,133.0,0.83,77.72954441468082
2026-10-06T07:00:00+05:30,Moneragala_Uva,24.5,97.29427748607247,198.0,0.85,74.03410058121557
2026-10-06T07:15:00+05:30,Moneragala_Uva,25.0,97.90573159279188,262.0,0.88,70.34354756684264
2026-10-06T07:30:00+05:30,Moneragala_Uva,25.4,98.56921887788627,324.0,0.96,66.65872397643426
2026-10-06T07:45:00+05:30,Moneragala_Uva,25.9,99.29450749271325,382.0,1.04,62.980661128833034
2026-10-06T08:00:00+05:30,Moneragala_Uva,26.4,100.09363721090062,438.0,1.17,59.310640966625314
2026-10-06T08:15:00+05:30,Moneragala_Uva,26.9,100.98165098102993,493.0,1.27,55.65027805605767
2026-10-06T08:30:00+05:30,Moneragala_Uva,27.4,101.97761420577524,545.0,1.37,52.00163487669938
2026-10-06T08:45:00+05:30,Moneragala_Uva,27.9,103.10606130477186,593.0,1.46,48.36738569114252
2026-10-06T09:00:00+05:30,Moneragala_Uva,28.4,104.39908706559368,638.0,1.53,44.751058837084294
2026-10-06T09:15:00+05:30,Moneragala_Uva,28.9,105.89943184583143,681.0,1.61,41.15740023792862
2026-10-06T09:30:00+05:30,Moneragala_Uva,29.3,107.66512893823409,719.0,1.71,37.592931612540944
2026-10-06T09:45:00+05:30,Moneragala_Uva,29.7,109.77664961092813,754.0,1.81,34.06683666465284
2026-10-06T10:00:00+05:30,Moneragala_Uva,30.1,112.34809754429773,785.0,1.84,30.592407112803237
2026-10-06T10:15:00+05:30,Moneragala_Uva,30.5,115.54497599571795,812.0,1.89,27.18947531900715
2026-10-06T10:30:00+05:30,Moneragala_Uva,30.8,119.61230832997109,837.0,1.94,23.888633656940797
2026-10-06T10:45:00+05:30,Moneragala_Uva,31.0,124.91724746119132,856.0,1.99,20.73870453216476
2026-10-06T11:00:00+05:30,Moneragala_Uva,31.2,132.00346606915252,869.0,1.99,17.819912569188034
2026-10-06T11:15:00+05:30,Moneragala_Uva,31.4,141.61601657367976,873.0,1.99,15.265435038741401
2026-10-06T11:30:00+05:30,Moneragala_Uva,31.4,154.52308803230096,865.0,1.94,13.287092912087019
2026-10-06T11:45:00+05:30,Moneragala_Uva,31.4,170.76933514374446,851.0,1.89,12.169200041286373
2026-10-06T12:00:00+05:30,Moneragala_Uva,31.4,188.57235453013234,835.0,1.8,12.151596649047704
2026-10-06T12:15:00+05:30,Moneragala_Uva,31.2,204.90321806110865,823.0,1.71,13.238668148125043
2026-10-06T12:30:00+05:30,Moneragala_Uva,31.1,217.91804480920874,812.0,1.57,15.195139808850485
2026-10-06T12:45:00+05:30,Moneragala_Uva,30.9,227.62031439539007,801.0,1.44,17.735578149249278
2026-10-06T13:00:00+05:30,Moneragala_Uva,30.6,234.77100532285974,787.0,1.3,20.645512181585815
2026-10-06T13:15:00+05:30,Moneragala_Uva,30.3,240.12035103211684,768.0,1.14,23.78972324712298
2026-10-06T13:30:00+05:30,Moneragala_Uva,29.9,244.21819039662935,746.0,1.0,27.086734932501493
2026-10-06T13:45:00+05:30,Moneragala_Uva,29.6,247.4362317361984,720.0,0.88,30.486997872229523
2026-10-06T14:00:00+05:30,Moneragala_Uva,29.2,250.02250737600994,691.0,0.78,33.959495478716974
2026-10-06T14:15:00+05:30,Moneragala_Uva,28.8,252.14445838549207,660.0,0.72,37.48414142333882
2026-10-06T14:30:00+05:30,Moneragala_Uva,28.4,253.91744162496414,625.0,0.76,41.04748706181472
2026-10-06T14:45:00+05:30,Moneragala_Uva,28.0,255.42275044960272,589.0,0.87,44.640248599943604
2026-10-06T15:00:00+05:30,Moneragala_Uva,27.5,256.7189662929535,549.0,0.97,48.25583856907993
2026-10-06T15:15:00+05:30,Moneragala_Uva,27.1,257.8492001876394,507.0,1.17,51.889466698797705
2026-10-06T15:30:00+05:30,Moneragala_Uva,26.7,258.8457998441678,464.0,1.31,55.537574047733074
2026-10-06T15:45:00+05:30,Moneragala_Uva,26.3,259.7334723420696,419.0,1.5,59.1974648288536
2026-10-06T16:00:00+05:30,Moneragala_Uva,25.9,260.5313993773826,371.0,1.66,62.86706119629534
2026-10-06T16:15:00+05:30,Moneragala_Uva,25.5,261.2546992495833,321.0,1.86,66.54473750575747
2026-10-06T16:30:00+05:30,Moneragala_Uva,25.1,261.9154561571355,271.0,1.99,70.22920380229866
2026-10-06T16:45:00+05:30,Moneragala_Uva,24.8,262.52345821669513,220.0,2.12,73.91942300856587
2026-10-06T17:00:00+05:30,Moneragala_Uva,24.6,263.08673597461745,168.0,2.24,77.61455247054576
2026-10-06T17:15:00+05:30,Moneragala_Uva,24.3,263.6119615226279,115.0,2.33,81.31389984561639
2026-10-06T17:30:00+05:30,Moneragala_Uva,24.1,264.1047494385902,65.0,2.37,85.01689010686611
2026-10-06T17:45:00+05:30,Moneragala_Uva,24.0,264.5698878586204,24.0,2.42,88.72304199192949
2026-10-06T18:00:00+05:30,Moneragala_Uva,23.8,265.01151901492676,1.0,2.42,92.43194871522849
2026-09-29T18:15:00+05:30,Galle_Southern,27.3,267.87794276060083,0.0,2.84,94.13002166387356
2026-09-29T18:30:00+05:30,Galle_Southern,27.1,268.25589571647913,0.0,2.58,97.85828848500907
2026-09-29T18:45:00+05:30,Galle_Southern,26.9,268.6296522615971,0.0,2.33,101.58728167976301
2026-09-29T19:00:00+05:30,Galle_Southern,26.8,269.00228374873166,0.0,2.14,105.31683873762769
2026-09-29T19:15:00+05:30,Galle_Southern,26.7,269.3769642027496,0.0,1.9,109.04680393765113
2026-09-29T19:30:00+05:30,Galle_Southern,26.7,269.75709111733624,0.0,1.74,112.7770226740315
2026-09-29T19:45:00+05:30,Galle_Southern,26.7,270.14642999173606,0.0,1.63,116.5073353673474
2026-09-29T20:00:00+05:30,Galle_Southern,26.7,270.549297374787,0.0,1.55,120.23757196035692
2026-09-29T20:15:00+05:30,Galle_Southern,26.8,270.9708033816939,0.0,1.54,123.96754330654532
2026-09-29T20:30:00+05:30,Galle_Southern,26.8,271.41718629410286,0.0,1.54,127.69702994579748
2026-09-29T20:45:00+05:30,Galle_Southern,26.7,271.89629101464527,0.0,1.57,131.42576817814904
2026-09-29T21:00:00+05:30,Galle_Southern,26.7,272.41827610952146,0.0,1.63,135.1534278556698
2026-09-29T21:15:00+05:30,Galle_Southern,26.6,272.9966952911227,0.0,1.7,138.87957897707852
2026-09-29T21:30:00+05:30,Galle_Southern,26.5,273.65021376998175,0.0,1.78,142.6036407038026
2026-09-29T21:45:00+05:30,Galle_Southern,26.5,274.40544602204943,0.0,1.8,146.32479502300149
2026-09-29T22:00:00+05:30,Galle_Southern,26.5,275.301877706535,0.0,1.83,150.0418372641742
2026-09-29T22:15:00+05:30,Galle_Southern,26.5,276.40090259444577,0.0,1.79,153.75290287985536
2026-09-29T22:30:00+05:30,Galle_Southern,26.5,277.80360710250966,0.0,1.79,157.45492489603797
2026-09-29T22:45:00+05:30,Galle_Southern,26.4,279.68895318714794,0.0,1.75,161.1424613386855
2026-09-29T23:00:00+05:30,Galle_Southern,26.4,282.4054905274939,0.0,1.78,164.8048477214948
2026-09-29T23:15:00+05:30,Galle_Southern,26.3,286.7270470238497,0.0,1.74,168.41808332642375
2026-09-29T23:30:00+05:30,Galle_Southern,26.3,294.72402152652035,0.0,1.74,171.91586850515174
2026-09-29T23:45:00+05:30,Galle_Southern,26.2,313.4752418748835,0.0,1.77,175.04711274254083
2026-09-30T00:00:00+05:30,Galle_Southern,26.2,2.5965681178587943,0.0,1.84,176.58311290133338
2026-09-30T00:15:00+05:30,Galle_Southern,26.1,48.96236725107474,0.0,1.91,174.8245603737478
2026-09-30T00:30:00+05:30,Galle_Southern,26.0,66.28589239279319,0.0,1.92,171.64174029394889
2026-09-30T00:45:00+05:30,Galle_Southern,26.0,73.83966313018936,0.0,1.93,168.12988339366865
2026-09-30T01:00:00+05:30,Galle_Southern,25.9,77.98359466811428,0.0,1.9,164.5112778428413
2026-09-30T01:15:00+05:30,Galle_Southern,25.8,80.61378410532336,0.0,1.83,160.84640571221968
2026-09-30T01:30:00+05:30,Galle_Southern,25.7,82.451525569088,0.0,1.8,157.15760475160846
2026-09-30T01:45:00+05:30,Galle_Southern,25.6,83.82573205220882,0.0,1.8,153.4549328044111
2026-09-30T02:00:00+05:30,Galle_Southern,25.6,84.90677964838466,0.0,1.76,149.74356967528308
2026-09-30T02:15:00+05:30,Galle_Southern,25.5,85.7915436905945,0.0,1.76,146.0264556289253
2026-09-30T02:30:00+05:30,Galle_Southern,25.5,86.53916646197683,0.0,1.76,142.3053890668758
2026-09-30T02:45:00+05:30,Galle_Southern,25.5,87.1878479750182,0.0,1.84,138.58153707982154
2026-09-30T03:00:00+05:30,Galle_Southern,25.6,87.76343037863751,0.0,1.97,134.85569639455093
2026-09-30T03:15:00+05:30,Galle_Southern,25.6,88.28409719513286,0.0,2.08,131.12843612823195
2026-09-30T03:30:00+05:30,Galle_Southern,25.7,88.76309427920643,0.0,2.18,127.40017912267598
2026-09-30T03:45:00+05:30,Galle_Southern,25.7,89.21038116241556,0.0,2.21,123.67125251735959
2026-09-30T04:00:00+05:30,Galle_Southern,25.7,89.63367514700872,0.0,2.26,119.94192008481963
2026-09-30T04:15:00+05:30,Galle_Southern,25.6,90.03913619593453,0.0,2.36,116.21240233021156
2026-09-30T04:30:00+05:30,Galle_Southern,25.6,90.43183160444346,0.0,2.53,112.48289158907035
2026-09-30T04:45:00+05:30,Galle_Southern,25.5,90.81606226624922,0.0,2.86,108.75356310012455
2026-09-30T05:00:00+05:30,Galle_Southern,25.4,91.19560033062231,0.0,3.32,105.02458208192816
2026-09-30T05:15:00+05:30,Galle_Southern,25.3,91.5738693062745,0.0,3.75,101.29611079959392
2026-09-30T05:30:00+05:30,Galle_Southern,25.3,91.95408741440264,0.0,3.97,97.56831479658959
2026-09-30T05:45:00+05:30,Galle_Southern,25.2,92.33938860812356,0.0,3.91,93.84136729300843
2026-09-30T06:00:00+05:30,Galle_Southern,25.1,92.73293149137379,0.0,3.64,90.1154551678617
2026-09-30T06:15:00+05:30,Galle_Southern,25.1,93.13800478161909,10.0,3.32,86.39078540392354
2026-09-30T06:30:00+05:30,Galle_Southern,25.2,93.55813713892371,39.0,3.07,82.66759091502622
2026-09-30T06:45:00+05:30,Galle_Southern,25.4,93.99721885292564,82.0,2.91,78.94613922743525
2026-09-30T07:00:00+05:30,Galle_Southern,25.6,94.45964444007711,136.0,2.8,75.22674312763289
2026-09-30T07:15:00+05:30,Galle_Southern,26.0,94.9504874780182,193.0,2.74,71.50977259889312
2026-09-30T07:30:00+05:30,Galle_Southern,26.3,95.47572218500073,249.0,2.74,67.79567218194376
2026-09-30T07:45:00+05:30,Galle_Southern,26.7,96.04251265633616,304.0,2.91,64.08498389639617
2026-09-30T08:00:00+05:30,Galle_Southern,27.2,96.659600030035,358.0,3.13,60.37837664111667
2026-09-30T08:15:00+05:30,Galle_Southern,27.6,97.33783184305713,413.0,3.4,56.67668868029805
2026-09-30T08:30:00+05:30,Galle_Southern,27.9,98.0909019192564,466.0,3.65,52.98098731316844
2026-09-30T08:45:00+05:30,Galle_Southern,28.2,98.93640782195894,515.0,3.87,49.29265306670238
2026-09-30T09:00:00+05:30,Galle_Southern,28.4,99.89739676268186,561.0,4.07,45.61350573758533
2026-09-30T09:15:00+05:30,Galle_Southern,28.5,101.00468333219379,608.0,4.29,41.94599479361493
2026-09-30T09:30:00+05:30,Galle_Southern,28.7,102.30042164089139,653.0,4.47,38.293494206968
2026-09-30T09:45:00+05:30,Galle_Southern,28.8,103.84377890737267,695.0,4.57,34.66077930809351
2026-09-30T10:00:00+05:30,Galle_Southern,29.0,105.72025353157636,733.0,4.62,31.054823920875428
2026-09-30T10:15:00+05:30,Galle_Southern,29.1,108.05754509066225,764.0,4.62,27.48619043588051
2026-09-30T10:30:00+05:30,Galle_Southern,29.2,111.05362085425992,787.0,4.73,23.971581133286648
2026-09-30T10:45:00+05:30,Galle_Southern,29.2,115.02810372882612,804.0,4.88,20.53877723409373
2026-09-30T11:00:00+05:30,Galle_Southern,29.1,120.51803791386828,817.0,5.12,17.23675198108478
2026-09-30T11:15:00+05:30,Galle_Southern,29.0,128.44834113423508,827.0,5.32,14.15733789155307
2026-09-30T11:30:00+05:30,Galle_Southern,29.0,140.34911579156721,834.0,5.46,11.481104655894129
2026-09-30T11:45:00+05:30,Galle_Southern,29.1,158.09009881680527,837.0,5.47,9.553150150506298
2026-09-30T12:00:00+05:30,Galle_Southern,29.2,181.2700912234724,832.0,5.43,8.875314549451176
2026-09-30T12:15:00+05:30,Galle_Southern,29.2,204.0489358287782,816.0,5.4,9.712952269178558
2026-09-30T12:30:00+05:30,Galle_Southern,29.3,221.0868784787968,786.0,5.4,11.746203521799032
2026-09-30T12:45:00+05:30,Galle_Southern,29.2,232.4570645976129,750.0,5.49,14.479866515109094
2026-09-30T13:00:00+05:30,Galle_Southern,29.1,240.05665302139977,718.0,5.58,17.59035921679782
2026-09-30T13:15:00+05:30,Galle_Southern,29.0,245.3432361299152,697.0,5.72,20.9101729335391
2026-09-30T13:30:00+05:30,Galle_Southern,29.0,249.18819201658044,687.0,5.81,24.353841136584776
2026-09-30T13:45:00+05:30,Galle_Southern,29.0,252.09797340289035,679.0,5.86,27.8754827285071
2026-09-30T14:00:00+05:30,Galle_Southern,29.0,254.37521719579635,669.0,5.86,31.448896790258708
2026-09-30T14:15:00+05:30,Galle_Southern,29.0,256.2082189111078,653.0,5.81,35.058237371618524
2026-09-30T14:30:00+05:30,Galle_Southern,29.0,257.7189554457009,636.0,5.76,38.69343240728481
2026-09-30T14:45:00+05:30,Galle_Southern,29.0,258.9894022547776,614.0,5.71,42.347804167739326
2026-09-30T15:00:00+05:30,Galle_Southern,29.0,260.0764744891459,585.0,5.61,46.016763243592635
2026-09-30T15:15:00+05:30,Galle_Southern,28.9,261.02083609369646,548.0,5.51,49.69705662494004
2026-09-30T15:30:00+05:30,Galle_Southern,28.8,261.852284143667,503.0,5.41,53.38631739762563
2026-09-30T15:45:00+05:30,Galle_Southern,28.7,262.59314985548923,454.0,5.36,57.082782925384734
2026-09-30T16:00:00+05:30,Galle_Southern,28.6,263.26051237738056,404.0,5.32,60.785113147261356
2026-09-30T16:15:00+05:30,Galle_Southern,28.5,263.8676795939689,353.0,5.23,64.49227142738123
2026-09-30T16:30:00+05:30,Galle_Southern,28.3,264.42520297700605,302.0,5.09,68.20344233643388
2026-09-30T16:45:00+05:30,Galle_Southern,28.2,264.9415893386607,251.0,4.84,71.91797426425319
2026-09-30T17:00:00+05:30,Galle_Southern,28.0,265.4238110830163,199.0,4.54,75.63533997601762
2026-09-30T17:15:00+05:30,Galle_Southern,27.8,265.877679485983,146.0,4.24,79.35510680543679
2026-09-30T17:30:00+05:30,Galle_Southern,27.6,266.3081239269407,95.0,3.95,83.07691451743622
2026-09-30T17:45:00+05:30,Galle_Southern,27.4,266.71940594821126,50.0,3.71,86.80046003603945
2026-09-30T18:00:00+05:30,Galle_Southern,27.2,267.1152876666741,12.0,3.47,90.52548448498683
2026-09-30T18:15:00+05:30,Galle_Southern,27.1,267.4991689703106,0.0,3.28,94.25176293572557
2026-09-30T18:30:00+05:30,Galle_Southern,27.0,267.8742042947098,0.0,3.14,97.97909758913742
2026-09-30T18:45:00+05:30,Galle_Southern,26.9,268.2434071641711,0.0,3.04,101.7073108115152
2026-09-30T19:00:00+05:30,Galle_Southern,26.9,268.60975007720623,0.0,3.0,105.43623907200354
2026-09-30T19:15:00+05:30,Galle_Southern,26.9,268.97626710770913,0.0,2.95,109.16572890549942
2026-09-30T19:30:00+05:30,Galle_Southern,26.8,269.3461669057051,0.0,2.85,112.89563155295386
2026-09-30T19:45:00+05:30,Galle_Southern,26.8,269.72296610371427,0.0,2.69,116.62579741220142
2026-09-30T20:00:00+05:30,Galle_Southern,26.7,270.110656615338,0.0,2.49,120.35607137682754
2026-09-30T20:15:00+05:30,Galle_Southern,26.6,270.5139258348998,0.0,2.25,124.08628548091879
2026-09-30T20:30:00+05:30,Galle_Southern,26.6,270.938459281004,0.0,2.1,127.81624953086643
2026-09-30T20:45:00+05:30,Galle_Southern,26.5,271.39137255892376,0.0,2.0,131.54573994507527
2026-09-30T21:00:00+05:30,Galle_Southern,26.4,271.88184940273896,0.0,1.99,135.27448172021525
2026-09-30T21:15:00+05:30,Galle_Southern,26.3,272.42211820309745,0.0,2.01,139.0021214762491
2026-09-30T21:30:00+05:30,Galle_Southern,26.2,273.0290040265801,0.0,2.03,142.72818673847505
2026-09-30T21:45:00+05:30,Galle_Southern,26.1,273.726500356099,0.0,2.07,146.45201653684222
2026-09-30T22:00:00+05:30,Galle_Southern,26.1,274.55024334611676,0.0,2.12,150.172641125165
2026-09-30T22:15:00+05:30,Galle_Southern,26.0,275.5557612584148,0.0,2.2,153.88856184595375
2026-09-30T22:30:00+05:30,Galle_Southern,26.0,276.83480332493275,0.0,2.26,157.59731152696747
2026-09-30T22:45:00+05:30,Galle_Southern,26.0,278.55068978667236,0.0,2.33,161.29449816303344
2026-09-30T23:00:00+05:30,Galle_Southern,26.0,281.0243056670819,0.0,2.42,164.97145916540018
2026-09-30T23:15:00+05:30,Galle_Southern,26.0,284.9790292145035,0.0,2.5,168.6084624933804
2026-09-30T23:30:00+05:30,Galle_Southern,26.0,292.4110009808888,0.0,2.53,172.14963530127736
2026-09-30T23:45:00+05:30,Galle_Southern,25.9,310.70522849156964,0.0,2.53,175.36947953762262
2026-10-01T00:00:00+05:30,Galle_Southern,25.8,4.478394595520854,0.0,2.53,176.96549054624307
2026-10-01T00:15:00+05:30,Galle_Southern,25.7,52.93759757279827,0.0,2.44,175.00723400365882
2026-10-01T00:30:00+05:30,Galle_Southern,25.7,68.97707339061299,0.0,2.41,171.71753190664617
2026-10-01T00:45:00+05:30,Galle_Southern,25.6,75.76559585350532,0.0,2.33,168.15848964243168
2026-10-01T01:00:00+05:30,Galle_Southern,25.6,79.46919761119932,0.0,2.33,164.5147931493546
2026-10-01T01:15:00+05:30,Galle_Southern,25.6,81.82195208668236,0.0,2.26,160.83474670114393
2026-10-01T01:30:00+05:30,Galle_Southern,25.5,83.4714016502395,0.0,2.23,157.135982132273
2026-10-01T01:45:00+05:30,Galle_Southern,25.5,84.71059888948508,0.0,2.17,153.42640599195448
2026-10-01T02:00:00+05:30,Galle_Southern,25.5,85.69081261499332,0.0,2.19,149.71008600385352
2026-10-01T02:15:00+05:30,Galle_Southern,25.4,86.49791460464644,0.0,2.16,145.98933313845743
2026-10-01T02:30:00+05:30,Galle_Southern,25.4,87.18430096693612,0.0,2.22,142.26556451419458
2026-10-01T02:45:00+05:30,Galle_Southern,25.3,87.7838219442425,0.0,2.42,138.53970369288942
2026-10-01T03:00:00+05:30,Galle_Southern,25.1,88.31939801925864,0.0,2.67,134.81238531435307
2026-10-01T03:15:00+05:30,Galle_Southern,25.0,88.80718358699562,0.0,2.96,131.08406709258315
2026-10-01T03:30:00+05:30,Galle_Southern,24.9,89.25897611933323,0.0,3.08,127.35509340661716
2026-10-01T03:45:00+05:30,Galle_Southern,24.8,89.68367800107421,0.0,2.99,123.62573517523865
2026-10-01T04:00:00+05:30,Galle_Southern,24.8,90.08822114354717,0.0,2.8,119.89621548679912
2026-10-01T04:15:00+05:30,Galle_Southern,24.7,90.47817417070263,0.0,2.52,116.16672538738874
2026-10-01T04:30:00+05:30,Galle_Southern,24.7,90.8581552440188,0.0,2.31,112.43743612949902
2026-10-01T04:45:00+05:30,Galle_Southern,24.6,91.23212299237701,0.0,2.15,108.70850834198164
2026-10-01T05:00:00+05:30,Galle_Southern,24.6,91.60358970163821,0.0,2.09,104.98009783078948
2026-10-01T05:15:00+05:30,Galle_Southern,24.5,91.97578432936501,0.0,2.06,101.25236180347525
2026-10-01T05:30:00+05:30,Galle_Southern,24.5,92.35178392253596,0.0,2.1,97.52546457256828
2026-10-01T05:45:00+05:30,Galle_Southern,24.4,92.73462643276116,0.0,2.21,93.79958167028305
2026-10-01T06:00:00+05:30,Galle_Southern,24.4,93.12741425633237,0.0,2.35,90.07490574005419
2026-10-01T06:15:00+05:30,Galle_Southern,24.4,93.53341656911653,12.0,2.5,86.35165308084962
2026-10-01T06:30:00+05:30,Galle_Southern,24.6,93.9561779579978,43.0,2.6,82.63006974766436
2026-10-01T06:45:00+05:30,Galle_Southern,24.8,94.39964070661773,88.0,2.61,78.91044070513217
2026-10-01T07:00:00+05:30,Galle_Southern,25.2,94.8682898195226,142.0,2.62,75.19310117887775
2026-10-01T07:15:00+05:30,Galle_Southern,25.6,95.36733231624976,198.0,2.57,71.47844958587612
2026-10-01T07:30:00+05:30,Galle_Southern,26.0,95.90292569333184,254.0,2.56,67.76696627026973
2026-10-01T07:45:00+05:30,Galle_Southern,26.5,96.48247710505495,309.0,2.61,64.05923830923517
2026-10-01T08:00:00+05:30,Galle_Southern,27.0,97.11504451125109,361.0,2.75,60.3559915153848
2026-10-01T08:15:00+05:30,Galle_Southern,27.4,97.81188548657997,411.0,2.97,56.658136542578504
2026-10-01T08:30:00+05:30,Galle_Southern,27.8,98.5872241564287,451.0,3.19,52.966833649405096
2026-10-01T08:45:00+05:30,Galle_Southern,27.9,99.45934641094641,486.0,3.26,49.28358418694265
2026-10-01T09:00:00+05:30,Galle_Southern,27.9,100.45219879621675,522.0,3.26,45.61036727340928
2026-10-01T09:15:00+05:30,Galle_Southern,27.9,101.59778088664245,568.0,3.19,41.949846020250355
2026-10-01T09:30:00+05:30,Galle_Southern,28.0,102.93982238522972,626.0,3.25,38.305686465353105
2026-10-01T09:45:00+05:30,Galle_Southern,28.2,104.5396017649386,689.0,3.36,34.683072010607304
2026-10-01T10:00:00+05:30,Galle_Southern,28.5,106.48545392024312,749.0,3.47,31.089560633294454
2026-10-01T10:15:00+05:30,Galle_Southern,28.8,108.90884694926228,798.0,3.56,27.536573103244216
2026-10-01T10:30:00+05:30,Galle_Southern,29.1,112.01251612315195,836.0,3.62,24.042106514847035
2026-10-01T10:45:00+05:30,Galle_Southern,29.3,116.121141280026,868.0,3.58,20.63593646143873
2026-10-01T11:00:00+05:30,Galle_Southern,29.5,121.77322766823869,893.0,3.59,17.37010756645354
2026-10-01T11:15:00+05:30,Galle_Southern,29.7,129.8760136116644,915.0,3.57,14.340844837706427
2026-10-01T11:30:00+05:30,Galle_Southern,29.9,141.87117332257685,934.0,3.56,11.732858302810982
2026-10-01T11:45:00+05:30,Galle_Southern,30.0,159.37090502720628,947.0,3.62,9.8854123839714
2026-10-01T12:00:00+05:30,Galle_Southern,30.1,181.72346947661495,949.0,3.75,9.265218198387203
2026-10-01T12:15:00+05:30,Galle_Southern,30.1,203.5765755309597,938.0,3.8,10.1009248397786
2026-10-01T12:30:00+05:30,Galle_Southern,30.1,220.16974027498858,915.0,3.85,12.09440033330256
2026-10-01T12:45:00+05:30,Galle_Southern,29.8,231.45312361174587,881.0,3.76,14.78450320461927
2026-10-01T13:00:00+05:30,Galle_Southern,29.4,239.09978877672785,842.0,3.6,17.859152488901273
2026-10-01T13:15:00+05:30,Galle_Southern,29.0,244.46663368270572,797.0,3.5,21.15129677142771
2026-10-01T13:30:00+05:30,Galle_Southern,28.7,248.39177396161242,745.0,3.51,24.57366330098006
2026-10-01T13:45:00+05:30,Galle_Southern,28.5,251.37255691734427,690.0,3.56,28.07866056601182
2026-10-01T14:00:00+05:30,Galle_Southern,28.4,253.7102744524951,636.0,3.66,31.638822677418332
2026-10-01T14:15:00+05:30,Galle_Southern,28.3,255.59415185627387,587.0,3.86,35.23741648826503
2026-10-01T14:30:00+05:30,Galle_Southern,28.2,257.14758752466906,542.0,3.95,38.86374995413712
2026-10-01T14:45:00+05:30,Galle_Southern,28.2,258.45391671871266,499.0,3.92,42.51070671926444
2026-10-01T15:00:00+05:30,Galle_Southern,28.1,259.57120860369105,455.0,3.85,46.173381618814
2026-10-01T15:15:00+05:30,Galle_Southern,28.1,260.5410643271993,411.0,3.68,49.84829015028433
2026-10-01T15:30:00+05:30,Galle_Southern,27.9,261.3940289727857,367.0,3.53,53.53289268357059
2026-10-01T15:45:00+05:30,Galle_Southern,27.5,262.15302686780177,324.0,3.34,57.22529563713563
2026-10-01T16:00:00+05:30,Galle_Southern,27.0,262.8356063427033,280.0,3.1,60.92405823514514
2026-10-01T16:15:00+05:30,Galle_Southern,26.5,263.45544581816426,235.0,2.97,64.62806540344715
2026-10-01T16:30:00+05:30,Galle_Southern,26.1,264.02338840488216,191.0,2.77,68.33643997499692
2026-10-01T16:45:00+05:30,Galle_Southern,26.0,264.54816874824587,149.0,2.5,72.04848133524823
2026-10-01T17:00:00+05:30,Galle_Southern,26.1,265.03693463584784,111.0,2.18,75.76362311456819
2026-10-01T17:15:00+05:30,Galle_Southern,26.2,265.495628672581,77.0,1.86,79.48140130008049
2026-10-01T17:30:00+05:30,Galle_Southern,26.2,265.92927355375673,47.0,1.66,83.20143056429004
2026-10-01T17:45:00+05:30,Galle_Southern,26.2,266.34219025080074,23.0,1.57,86.9233878730329
2026-10-01T18:00:00+05:30,Galle_Southern,26.0,266.7381689198003,5.0,1.59,90.6469987013686
2026-10-01T18:15:00+05:30,Galle_Southern,25.9,267.12060713902497,0.0,1.63,94.3720261994548
2026-10-01T18:30:00+05:30,Galle_Southern,25.8,267.4926263216511,0.0,1.64,98.09826397981846
2026-10-01T18:45:00+05:30,Galle_Southern,25.7,267.8571744288157,0.0,1.6,101.82552892417036
2026-10-01T19:00:00+05:30,Galle_Southern,25.6,268.21712237725467,0.0,1.52,105.55365504386259
2026-10-01T19:15:00+05:30,Galle_Southern,25.5,268.57536116440133,0.0,1.42,109.2824895205204
2026-10-01T19:30:00+05:30,Galle_Southern,25.4,268.93490683966286,0.0,1.4,113.01188759369529
2026-10-01T19:45:00+05:30,Galle_Southern,25.3,269.29902246372797,0.0,1.37,116.74170747490001
2026-10-01T20:00:00+05:30,Galle_Southern,25.3,269.67136920740563,0.0,1.37,120.47180641246456
2026-10-01T20:15:00+05:30,Galle_Southern,25.2,270.0562035608493,0.0,1.4,124.20203444586937
2026-10-01T20:30:00+05:30,Galle_Southern,25.2,270.4586469848875,0.0,1.39,127.932226688121
2026-10-01T20:45:00+05:30,Galle_Southern,25.2,270.88506973391475,0.0,1.38,131.6621946349221
2026-10-01T21:00:00+05:30,Galle_Southern,25.2,271.34365718431445,0.0,1.41,135.39171187644484
2026-10-01T21:15:00+05:30,Galle_Southern,25.2,271.84527676199303,0.0,1.45,139.12049294889002
2026-10-01T21:30:00+05:30,Galle_Southern,25.2,272.4048573193012,0.0,1.5,142.84816189715596
2026-10-01T21:45:00+05:30,Galle_Southern,25.2,273.04367920597355,0.0,1.58,146.57419824878585
2026-10-01T22:00:00+05:30,Galle_Southern,25.1,273.79336958325604,0.0,1.76,150.29784337366087
2026-10-01T22:15:00+05:30,Galle_Southern,25.0,274.7032971109503,0.0,1.87,154.01792911066985
2026-10-01T22:30:00+05:30,Galle_Southern,24.9,275.85528701326103,0.0,1.87,157.73253359437393
2026-10-01T22:45:00+05:30,Galle_Southern,24.9,277.39572239408767,0.0,1.76,161.43822806200427
2026-10-01T23:00:00+05:30,Galle_Southern,24.8,279.61455687498983,0.0,1.58,165.12821223234613
2026-10-01T23:15:00+05:30,Galle_Southern,24.8,283.17486433751594,0.0,1.39,168.78682280243737
2026-10-01T23:30:00+05:30,Galle_Southern,24.8,289.9611299303933,0.0,1.25,172.36864785439454
2026-10-01T23:45:00+05:30,Galle_Southern,24.7,307.5250018220314,0.0,1.22,175.67817810341563
2026-10-02T00:00:00+05:30,Galle_Southern,24.7,6.870124349407547,0.0,1.3,177.34333726936666
2026-10-02T00:15:00+05:30,Galle_Southern,24.7,57.178747919877424,0.0,1.41,175.16506880972327
2026-10-02T00:30:00+05:30,Galle_Southern,24.6,71.70547653309472,0.0,1.46,171.77605098606182
2026-10-02T00:45:00+05:30,Galle_Southern,24.5,77.69488175269112,0.0,1.49,168.1751756862051
2026-10-02T01:00:00+05:30,Galle_Southern,24.3,80.95188072452197,0.0,1.55,164.50957079060493
2026-10-02T01:15:00+05:30,Galle_Southern,24.2,83.02618137185829,0.0,1.67,160.81639488408172
2026-10-02T01:30:00+05:30,Galle_Southern,24.0,84.48751011885582,0.0,1.81,157.10908300445837
2026-10-02T01:45:00+05:30,Galle_Southern,23.9,85.59212134324468,0.0,1.94,153.39364311280568
2026-10-02T02:00:00+05:30,Galle_Southern,23.8,86.47193401489989,0.0,2.07,149.67316645585282
2026-10-02T02:15:00+05:30,Galle_Southern,23.7,87.20175597856326,0.0,2.2,145.94941302833385
2026-10-02T02:30:00+05:30,Galle_Southern,23.6,87.82722850496293,0.0,2.18,142.22346677416735
2026-10-02T02:45:00+05:30,Galle_Southern,23.6,88.37785775298426,0.0,1.98,138.4960388204829
2026-10-02T03:00:00+05:30,Galle_Southern,23.6,88.87365120931764,0.0,1.73,134.7676226874304
2026-10-02T03:15:00+05:30,Galle_Southern,23.6,89.32874238149634,0.0,1.5,131.03857934349082
2026-10-02T03:30:00+05:30,Galle_Southern,23.6,89.75348730575172,0.0,1.36,127.30918527513077
2026-10-02T03:45:00+05:30,Galle_Southern,23.6,90.15573682617764,0.0,1.35,123.57966300984586
2026-10-02T04:00:00+05:30,Galle_Southern,23.6,90.54164190878436,0.0,1.45,119.85020090770085
2026-10-02T04:15:00+05:30,Galle_Southern,23.6,90.9161833437804,0.0,1.59,116.12096518650257
2026-10-02T04:30:00+05:30,Galle_Southern,23.6,91.2835329183439,0.0,1.68,112.39210970087512
2026-10-02T04:45:00+05:30,Galle_Southern,23.6,91.64730916783549,0.0,1.69,108.6637834692418
2026-10-02T05:00:00+05:30,Galle_Southern,23.6,92.01076621931367,0.0,1.71,104.93613538323417
2026-10-02T05:15:00+05:30,Galle_Southern,23.6,92.37693980773037,0.0,1.69,101.20931972723714
2026-10-02T05:30:00+05:30,Galle_Southern,23.6,92.74876682414146,0.0,1.7,97.48350145350851
2026-10-02T05:45:00+05:30,Galle_Southern,23.6,93.12918997181367,0.0,1.8,93.75886009079798
2026-10-02T06:00:00+05:30,Galle_Southern,23.6,93.52125595352175,0.0,2.06,90.0355956169926
2026-10-02T06:15:00+05:30,Galle_Southern,23.7,93.92821468918459,12.0,2.37,86.31393515157244
2026-10-02T06:30:00+05:30,Galle_Southern,23.8,94.35362674145551,39.0,2.56,82.59413938467233
2026-10-02T06:45:00+05:30,Galle_Southern,24.0,94.80148617227314,70.0,2.38,78.8765122489325
2026-10-02T07:00:00+05:30,Galle_Southern,24.3,95.2763679389418,106.0,1.97,75.16141302668268
2026-10-02T07:15:00+05:30,Galle_Southern,24.6,95.78361155600754,152.0,1.55,71.4492703328307
2026-10-02T07:30:00+05:30,Galle_Southern,25.0,96.32955629478022,213.0,1.28,67.74060228468893
2026-10-02T07:45:00+05:30,Galle_Southern,25.4,96.92185007843597,286.0,1.28,64.03604327832369
2026-10-02T08:00:00+05:30,Galle_Southern,25.8,97.56986425132874,362.0,1.52,60.33637868940402
2026-10-02T08:15:00+05:30,Galle_Southern,26.2,98.28526126603117,428.0,1.86,56.6425947230805
2026-10-02T08:30:00+05:30,Galle_Southern,26.6,99.08278773155445,480.0,2.06,52.955948436099334
2026-10-02T08:45:00+05:30,Galle_Southern,27.0,99.98140583374129,522.0,2.09,49.2780667315907
2026-10-02T09:00:00+05:30,Galle_Southern,27.3,101.00594255340513,562.0,2.09,45.61109394036084
2026-10-02T09:15:00+05:30,Galle_Southern,27.7,102.18955200594343,609.0,2.1,41.95791421939946
2026-10-02T09:30:00+05:30,Galle_Southern,28.0,103.5774889999372,662.0,2.16,38.3224949807245
2026-10-02T09:45:00+05:30,Galle_Southern,28.3,105.23305668181865,715.0,2.26,34.71043929097982
2026-10-02T10:00:00+05:30,Galle_Southern,28.6,107.24727228622152,760.0,2.4,31.12990318380818
2026-10-02T10:15:00+05:30,Galle_Southern,28.9,109.75508652439123,790.0,2.55,27.593180719231803
2026-10-02T10:30:00+05:30,Galle_Southern,29.1,112.96344992355364,803.0,2.65,24.11957410939526
2026-10-02T10:45:00+05:30,Galle_Southern,29.3,117.20099354599506,804.0,2.75,20.740840044064413
2026-10-02T11:00:00+05:30,Galle_Southern,29.4,123.00546773536223,801.0,2.82,17.511998507448865
2026-10-02T11:15:00+05:30,Galle_Southern,29.4,131.26249795135436,800.0,2.89,14.533318617250245
2026-10-02T11:30:00+05:30,Galle_Southern,29.4,143.32258106939616,799.0,2.93,11.992691435650698
2026-10-02T11:45:00+05:30,Galle_Southern,29.2,160.56062817995155,795.0,2.91,10.222145605802453
2026-10-02T12:00:00+05:30,Galle_Southern,29.0,182.13271293209863,782.0,2.85,9.655067770563264
2026-10-02T12:15:00+05:30,Galle_Southern,28.7,203.1332553487501,757.0,2.84,10.488511730355611
2026-10-02T12:30:00+05:30,Galle_Southern,28.4,219.3001544105707,722.0,2.8,12.444186254780988
2026-10-02T12:45:00+05:30,Galle_Southern,28.0,230.48739865696805,678.0,2.8,15.091943626055496
2026-10-02T13:00:00+05:30,Galle_Southern,27.5,238.16978703414537,626.0,2.9,18.131063298182553
2026-10-02T13:15:00+05:30,Galle_Southern,27.0,243.608725273968,563.0,3.14,21.39540449032937
2026-10-02T13:30:00+05:30,Galle_Southern,26.6,247.6086698683693,474.0,3.31,24.79616385141388
2026-10-02T13:45:00+05:30,Galle_Southern,26.4,250.65691257430626,386.0,3.18,28.284162860583827
2026-10-02T14:00:00+05:30,Galle_Southern,26.3,253.0527161349093,328.0,2.84,31.830720667862998
2026-10-02T14:15:00+05:30,Galle_Southern,26.3,254.98581116652065,324.0,2.47,35.41823528673781
2026-10-02T14:30:00+05:30,Galle_Southern,26.4,256.5807601533047,371.0,2.15,39.035399824547255
2026-10-02T14:45:00+05:30,Galle_Southern,26.5,257.922100070651,433.0,1.84,42.674659070649376
2026-10-02T15:00:00+05:30,Galle_Southern,26.8,259.06895465824186,476.0,1.46,46.33078986220185
2026-10-02T15:15:00+05:30,Galle_Southern,27.0,260.06379801595364,478.0,1.16,50.00007337084288
2026-10-02T15:30:00+05:30,Galle_Southern,27.2,260.9378805967358,458.0,0.99,53.67979441511712
2026-10-02T15:45:00+05:30,Galle_Southern,27.3,261.71469080853376,423.0,0.92,57.36792584508993
2026-10-02T16:00:00+05:30,Galle_Southern,27.4,262.4122259177064,374.0,0.95,61.06292382796727
2026-10-02T16:15:00+05:30,Galle_Southern,27.4,263.04452043339535,312.0,1.03,64.76359278203108
2026-10-02T16:30:00+05:30,Galle_Southern,27.3,263.62269856516883,236.0,1.07,68.46899197490899
2026-10-02T16:45:00+05:30,Galle_Southern,27.2,264.1557149306821,164.0,1.09,72.17837016126978
2026-10-02T17:00:00+05:30,Galle_Southern,27.0,264.65088670245365,110.0,1.12,75.89112037272879
2026-10-02T17:15:00+05:30,Galle_Southern,26.7,265.11428312052914,75.0,1.15,79.60674590618613
2026-10-02T17:30:00+05:30,Galle_Southern,26.4,265.5510164175479,52.0,1.1,83.32483508888035
2026-10-02T17:45:00+05:30,Galle_Southern,26.0,265.9654638468709,31.0,0.93,87.0450437249257
2026-10-02T18:00:00+05:30,Galle_Southern,25.6,266.3614408752816,8.0,0.72,90.76708046081556
2026-10-02T18:15:00+05:30,Galle_Southern,25.2,266.7423402900706,0.0,0.5,94.49069533402754
2026-10-02T18:30:00+05:30,Galle_Southern,24.9,267.1112481000381,0.0,0.45,98.21567213221117
2026-10-02T18:45:00+05:30,Galle_Southern,24.8,267.4710442796828,0.0,0.39,101.94182093370006
2026-10-02T19:00:00+05:30,Galle_Southern,24.9,267.8244955498008,0.0,0.29,105.66897184555215
2026-10-02T19:15:00+05:30,Galle_Southern,25.0,268.1743468523705,0.0,0.25,109.39697107086667
2026-10-02T19:30:00+05:30,Galle_Southern,25.1,268.52341807111844,0.0,0.25,113.12567598054878
2026-10-02T19:45:00+05:30,Galle_Southern,25.1,268.8747142420495,0.0,0.36,116.85495039594585
2026-10-02T20:00:00+05:30,Galle_Southern,25.0,269.2315600244117,0.0,0.52,120.58466127512696
2026-10-02T20:15:00+05:30,Galle_Southern,25.0,269.597773281839,0.0,0.63,124.3146734166515
2026-10-02T20:30:00+05:30,Galle_Southern,24.9,269.9779007617146,0.0,0.68,128.04484317659777
2026-10-02T20:45:00+05:30,Galle_Southern,24.9,270.377552218904,0.0,0.63,131.77501193681917
2026-10-02T21:00:00+05:30,Galle_Southern,24.9,270.8038924587301,0.0,0.51,135.50499510423117
2026-10-02T21:15:00+05:30,Galle_Southern,24.9,271.2663942553102,0.0,0.39,139.23456608848878
2026-10-02T21:30:00+05:30,Galle_Southern,24.8,271.7780371805362,0.0,0.32,142.96343307195343
2026-10-02T21:45:00+05:30,Galle_Southern,24.7,272.35730108421654,0.0,0.29,146.69119864860141
2026-10-02T22:00:00+05:30,Galle_Southern,24.6,273.03165251723556,0.0,0.25,150.41728997330208
2026-10-02T22:15:00+05:30,Galle_Southern,24.5,273.8440199169425,0.0,0.21,154.1408311958568
2026-10-02T22:30:00+05:30,Galle_Southern,24.4,274.865741402926,0.0,0.25,157.86038573912612
2026-10-02T22:45:00+05:30,Galle_Southern,24.4,276.2250086420752,0.0,0.29,161.57338932686798
2026-10-02T23:00:00+05:30,Galle_Southern,24.4,278.1776308582336,0.0,0.4,165.27473468726123
2026-10-02T23:15:00+05:30,Galle_Southern,24.3,281.3163833953494,0.0,0.47,168.9525410085097
2026-10-02T23:30:00+05:30,Galle_Southern,24.3,287.37328713103045,0.0,0.51,172.57159204114396
2026-10-02T23:45:00+05:30,Galle_Southern,24.3,303.8655701429381,0.0,0.51,175.97014467310458
2026-10-03T00:00:00+05:30,Galle_Southern,24.3,10.00991609931782,0.0,0.51,177.71470915394738
2026-10-03T00:15:00+05:30,Galle_Southern,24.2,61.66477438986533,0.0,0.49,175.29579170060936
2026-10-03T00:30:00+05:30,Galle_Southern,24.2,74.4598642932699,0.0,0.49,171.81710321255733
2026-10-03T00:45:00+05:30,Galle_Southern,24.2,79.62332665979147,0.0,0.49,168.1800441580678
2026-10-03T01:00:00+05:30,Galle_Southern,24.2,82.42971837231272,0.0,0.52,164.49575978682793
2026-10-03T01:15:00+05:30,Galle_Southern,24.2,84.22542228396674,0.0,0.52,160.79150133074558
2026-10-03T01:30:00+05:30,Galle_Southern,24.1,85.49920014824306,0.0,0.52,157.0770519803213
2026-10-03T01:45:00+05:30,Galle_Southern,24.1,86.46985440132812,0.0,0.52,153.35678143529594
2026-10-03T02:00:00+05:30,Galle_Southern,24.1,87.24981563040001,0.0,0.52,149.63294173478533
2026-10-03T02:15:00+05:30,Galle_Southern,24.1,87.90281092662065,0.0,0.52,145.90682045297734
2026-10-03T02:30:00+05:30,Galle_Southern,24.0,88.4677383399769,0.0,0.52,142.17921635876934
2026-10-03T02:45:00+05:30,Galle_Southern,24.0,88.96977590856818,0.0,0.52,138.45065907088048
2026-10-03T03:00:00+05:30,Galle_Southern,23.9,89.42603237090964,0.0,0.52,134.7215218031195
2026-10-03T03:15:00+05:30,Galle_Southern,23.8,89.84863179096249,0.0,0.49,130.99208330688336
2026-10-03T03:30:00+05:30,Galle_Southern,23.8,90.24649764539811,0.0,0.49,127.26256264547774
2026-10-03T03:45:00+05:30,Galle_Southern,23.7,90.62643605035868,0.0,0.49,123.53314171300678
2026-10-03T04:00:00+05:30,Galle_Southern,23.6,90.99382225299917,0.0,0.47,119.80398003281587
2026-10-03T04:15:00+05:30,Galle_Southern,23.5,91.35305323208712,0.0,0.43,116.07522357761216
2026-10-03T04:30:00+05:30,Galle_Southern,23.5,91.7078575086062,0.0,0.43,112.34701245026174
2026-10-03T04:45:00+05:30,Galle_Southern,23.5,92.0615159322495,0.0,0.43,108.61948702736152
2026-10-03T05:00:00+05:30,Galle_Southern,23.5,92.41702633518003,0.0,0.39,104.89279175871516
2026-10-03T05:15:00+05:30,Galle_Southern,23.5,92.77723266224552,0.0,0.39,101.16708011395062
2026-10-03T05:30:00+05:30,Galle_Southern,23.6,93.14493272833425,0.0,0.39,97.44251953489689
2026-10-03T05:45:00+05:30,Galle_Southern,23.8,93.52297476847252,0.0,0.39,93.71929521492228
2026-10-03T06:00:00+05:30,Galle_Southern,24.0,93.91435030377801,0.0,0.42,89.99761601497994
2026-10-03T06:15:00+05:30,Galle_Southern,24.2,94.32229025293543,14.0,0.42,86.27772136160368
2026-10-03T06:30:00+05:30,Galle_Southern,24.5,94.7503711438427,47.0,0.42,82.5598880497674
2026-10-03T06:45:00+05:30,Galle_Southern,24.8,95.20263850850336,90.0,0.42,78.84444048825355
2026-10-03T07:00:00+05:30,Galle_Southern,25.1,95.6837565908661,141.0,0.42,75.1317636068626
2026-10-03T07:15:00+05:30,Galle_Southern,25.4,96.19919627560176,193.0,0.42,71.42231794478273
2026-10-03T07:30:00+05:30,Galle_Southern,25.8,96.75547686427984,244.0,0.42,67.7166613241177
2026-10-03T07:45:00+05:30,Galle_Southern,26.1,97.36048443587993,293.0,0.39,64.01547766549882
2026-10-03T08:00:00+05:30,Galle_Southern,26.4,98.02389984616644,343.0,0.35,60.31961448355051
2026-10-03T08:15:00+05:30,Galle_Southern,26.7,98.7577846722175,398.0,0.28,56.63013659790373
2026-10-03T08:30:00+05:30,Galle_Southern,27.0,99.57739937109261,457.0,0.18,52.94840156355102
2026-10-03T08:45:00+05:30,Galle_Southern,27.2,100.5023692506017,517.0,0.07,49.27616636550782
2026-10-03T09:00:00+05:30,Galle_Southern,27.5,101.55838120586861,574.0,0.21,45.615746146719985
2026-10-03T09:15:00+05:30,Galle_Southern,27.8,102.77971112196514,625.0,0.4,41.97025306047194
2026-10-03T09:30:00+05:30,Galle_Southern,28.0,104.21308503772832,668.0,0.65,38.34396450343732
2026-10-03T09:45:00+05:30,Galle_Southern,28.3,105.92373926249724,704.0,0.9,34.74291365657364
2026-10-03T10:00:00+05:30,Galle_Southern,28.6,108.00521220728922,736.0,1.19,31.17586658318021
2026-10-03T10:15:00+05:30,Galle_Southern,28.8,110.59564222426951,765.0,1.44,27.656002169100567
2026-10-03T10:30:00+05:30,Galle_Southern,29.0,113.90563465832156,789.0,1.69,24.203931959857485
2026-10-03T10:45:00+05:30,Galle_Southern,29.2,118.26667843126569,808.0,1.91,20.853369407492096
2026-10-03T11:00:00+05:30,Galle_Southern,29.4,124.21366585841264,825.0,2.12,17.6621950801176
2026-10-03T11:15:00+05:30,Galle_Southern,29.5,132.60718347007605,840.0,2.3,14.73435282561681
2026-10-03T11:30:00+05:30,Galle_Southern,29.6,144.70531642082062,855.0,2.45,12.25999293236245
2026-10-03T11:45:00+05:30,Galle_Southern,29.6,161.66635571074517,866.0,2.57,10.562772995009311
2026-10-03T12:00:00+05:30,Galle_Southern,29.6,182.50244077545165,870.0,2.65,10.044674823459204
2026-10-03T12:15:00+05:30,Galle_Southern,29.5,202.7155055333327,864.0,2.74,10.875539587910552
2026-10-03T12:30:00+05:30,Galle_Southern,29.4,218.47425499281655,848.0,2.75,12.795219206953533
2026-10-03T12:45:00+05:30,Galle_Southern,29.3,229.5578808318038,825.0,2.77,15.401819690589818
2026-10-03T13:00:00+05:30,Galle_Southern,29.2,237.26577072945707,797.0,2.8,18.405765743121606
2026-10-03T13:15:00+05:30,Galle_Southern,29.0,242.76915398845665,767.0,2.82,21.642218349348028
2026-10-03T13:30:00+05:30,Galle_Southern,28.8,246.83875389828086,734.0,2.78,25.021103694778887
2026-10-03T13:45:00+05:30,Galle_Southern,28.7,249.95101976871297,697.0,2.74,28.491779205309342
2026-10-03T14:00:00+05:30,Galle_Southern,28.5,252.4025712269812,653.0,2.7,32.02440143726649
2026-10-03T14:15:00+05:30,Galle_Southern,28.3,254.383249834274,599.0,2.67,35.60052012699321
2026-10-03T14:30:00+05:30,Galle_Southern,28.1,256.0185380992328,533.0,2.6,39.20822027639004
2026-10-03T14:45:00+05:30,Galle_Southern,28.0,257.3940228164133,465.0,2.51,42.83950869397618
2026-10-03T15:00:00+05:30,Galle_Southern,27.8,258.5697858685061,405.0,2.38,46.48884272994968
2026-10-03T15:15:00+05:30,Galle_Southern,27.6,259.589111576132,361.0,2.26,50.152266910102796
2026-10-03T15:30:00+05:30,Galle_Southern,27.4,260.48391391703296,327.0,2.15,53.826888019162524
2026-10-03T15:45:00+05:30,Galle_Southern,27.2,261.2782167799726,299.0,2.0,57.510542969328455
2026-10-03T16:00:00+05:30,Galle_Southern,27.0,261.990446360761,270.0,1.87,61.20158270857765
2026-10-03T16:15:00+05:30,Galle_Southern,26.8,262.63497894868624,238.0,1.77,64.898729209829
2026-10-03T16:30:00+05:30,Galle_Southern,26.6,263.2232093973842,206.0,1.68,68.60097644533282
2026-10-03T16:45:00+05:30,Galle_Southern,26.4,263.76430449245925,174.0,1.61,72.30752098424551
2026-10-03T17:00:00+05:30,Galle_Southern,26.3,264.2657448356065,139.0,1.57,76.01771385053812
2026-10-03T17:15:00+05:30,Galle_Southern,26.1,264.73372164586056,101.0,1.56,79.7310243499802
2026-10-03T17:30:00+05:30,Galle_Southern,25.9,265.17343295181183,63.0,1.49,83.44701323933668
2026-10-03T17:45:00+05:30,Galle_Southern,25.8,265.58930918390035,31.0,1.43,87.16531398268853
2026-10-03T18:00:00+05:30,Galle_Southern,25.7,265.98518844075113,6.0,1.33,90.88561723372665
2026-10-03T18:15:00+05:30,Galle_Southern,25.5,266.36445629836373,0.0,1.28,94.60765873662231
2026-10-03T18:30:00+05:30,Galle_Southern,25.4,266.7301610551913,0.0,1.16,98.33121122170697
2026-10-03T18:45:00+05:30,Galle_Southern,25.3,267.0851123716901,0.0,1.06,102.05607664386166
2026-10-03T19:00:00+05:30,Galle_Southern,25.2,267.43197028159494,0.0,0.92,105.78207975601813
2026-10-03T19:15:00+05:30,Galle_Southern,25.1,267.7733308508998,0.0,0.85,109.50906414492002
2026-10-03T19:30:00+05:30,Galle_Southern,25.0,268.111814438846,0.0,0.75,113.23688742019192
2026-10-03T19:45:00+05:30,Galle_Southern,24.9,268.45016387769095,0.0,0.72,116.96541678315043
2026-10-03T20:00:00+05:30,Galle_Southern,24.9,268.79136191273216,0.0,0.65,120.69452620931868
2026-10-03T20:15:00+05:30,Galle_Southern,24.8,269.13878055902035,0.0,0.65,124.42409194516443
2026-10-03T20:30:00+05:30,Galle_Southern,24.7,269.4963818905682,0.0,0.64,128.1539874307355
2026-10-03T20:45:00+05:30,Galle_Southern,24.7,269.86900100390653,0.0,0.67,131.88407860370978
2026-10-03T21:00:00+05:30,Galle_Southern,24.6,270.2627613644495,0.0,0.71,135.6142157084167
2026-10-03T21:15:00+05:30,Galle_Southern,24.5,270.68570957563696,0.0,0.74,139.3442216642804
2026-10-03T21:30:00+05:30,Galle_Southern,24.5,271.14882622915763,0.0,0.78,143.0738759080513
2026-10-03T21:45:00+05:30,Galle_Southern,24.4,271.6677087359736,0.0,0.81,146.80288584156068
2026-10-03T22:00:00+05:30,Galle_Southern,24.4,272.2655205581568,0.0,0.85,150.53083763679783
2026-10-03T22:15:00+05:30,Galle_Southern,24.3,272.97848544066346,0.0,0.85,154.25710691631846
2026-10-03T22:30:00+05:30,Galle_Southern,24.3,273.8669213355405,0.0,0.89,157.9806770794478
2026-10-03T22:45:00+05:30,Galle_Southern,24.2,275.0396323171797,0.0,0.89,161.69973789464657
2026-10-03T23:00:00+05:30,Galle_Southern,24.2,276.71517870244253,0.0,0.93,165.4106763111189
2026-10-03T23:15:00+05:30,Galle_Southern,24.2,279.4061226495143,0.0,0.9,169.10501842024007
2026-10-03T23:30:00+05:30,Galle_Southern,24.1,284.6488256079041,0.0,0.9,172.75713537603855
2026-10-03T23:45:00+05:30,Galle_Southern,24.1,299.65349026351697,0.0,0.9,176.24161059905683
2026-10-04T00:00:00+05:30,Galle_Southern,24.1,14.300346468202122,0.0,0.83,178.07630046055078
2026-10-04T00:15:00+05:30,Galle_Southern,24.1,66.36087560818788,0.0,0.79,175.39735652476259
2026-10-04T00:30:00+05:30,Galle_Southern,24.1,77.22840384840833,0.0,0.72,171.84061727564568
2026-10-04T00:45:00+05:30,Galle_Southern,24.1,81.54678067049247,0.0,0.65,168.17324258563718
2026-10-04T01:00:00+05:30,Galle_Southern,24.1,83.90083779475196,0.0,0.58,164.4735286765944
2026-10-04T01:15:00+05:30,Galle_Southern,24.2,85.41865815494691,0.0,0.47,160.7602265728192
2026-10-04T01:30:00+05:30,Galle_Southern,24.2,86.50584056451379,0.0,0.4,157.04003835106604
2026-10-04T01:45:00+05:30,Galle_Southern,24.2,87.34336479695935,0.0,0.34,153.3159602820341
2026-10-04T02:00:00+05:30,Galle_Southern,24.2,88.02413623825453,0.0,0.27,149.5895429902708
2026-10-04T02:15:00+05:30,Galle_Southern,24.2,88.60082659313747,0.0,0.22,145.86167993630994
2026-10-04T02:30:00+05:30,Galle_Southern,24.2,89.10562184066077,0.0,0.21,142.13293237814634
2026-10-04T02:45:00+05:30,Galle_Southern,24.2,89.55939772576232,0.0,0.21,138.40367906200999
2026-10-04T03:00:00+05:30,Galle_Southern,24.2,89.97638382930324,0.0,0.25,134.67419348777494
2026-10-04T03:15:00+05:30,Galle_Southern,24.1,90.36670927980902,0.0,0.25,130.94468655550043
2026-10-04T03:30:00+05:30,Galle_Southern,24.1,90.73787571383104,0.0,0.3,127.21533025041056
2026-10-04T03:45:00+05:30,Galle_Southern,24.0,91.09565248568634,0.0,0.35,123.48627349584237
2026-10-04T04:00:00+05:30,Galle_Southern,24.0,91.44464509480622,0.0,0.4,119.75765279928147
2026-10-04T04:15:00+05:30,Galle_Southern,23.9,91.78867122397332,0.0,0.5,116.02959841525005
2026-10-04T04:30:00+05:30,Galle_Southern,23.9,92.13101956782157,0.0,0.55,112.30224029890692
2026-10-04T04:45:00+05:30,Galle_Southern,23.9,92.47463592331894,0.0,0.6,108.5757131141598
2026-10-04T05:00:00+05:30,Galle_Southern,23.9,92.82226384239499,0.0,0.65,104.85015931123684
2026-10-04T05:15:00+05:30,Galle_Southern,23.9,93.17655700922609,0.0,0.7,101.12573362998573
2026-10-04T05:30:00+05:30,Galle_Southern,24.0,93.54017529876273,0.0,0.71,97.402607827173
2026-10-04T05:45:00+05:30,Galle_Southern,24.2,93.91587328126388,0.0,0.73,93.68097440606118
2026-10-04T06:00:00+05:30,Galle_Southern,24.3,94.30658780213923,0.0,0.74,89.96105263814187
2026-10-04T06:15:00+05:30,Galle_Southern,24.5,94.71553100020844,14.0,0.81,86.24309571969367
2026-10-04T06:30:00+05:30,Galle_Southern,24.7,95.14629529519146,48.0,0.86,82.52739800152057
2026-10-04T06:45:00+05:30,Galle_Southern,25.0,95.60297728705768,93.0,0.96,78.8143058455454
2026-10-04T07:00:00+05:30,Galle_Southern,25.3,96.0903297077736,147.0,1.03,75.1042313885999
2026-10-04T07:15:00+05:30,Galle_Southern,25.5,96.61395350690748,202.0,1.15,71.39766878612859
2026-10-04T07:30:00+05:30,Galle_Southern,25.8,97.18054603083795,254.0,1.25,67.69521744720352
2026-10-04T07:45:00+05:30,Galle_Southern,26.1,97.79822857860427,305.0,1.37,63.99761296261394
2026-10-04T08:00:00+05:30,Galle_Southern,26.3,98.47698721104268,355.0,1.44,60.305767481332765
2026-10-04T08:15:00+05:30,Galle_Southern,26.6,99.22927628924663,408.0,1.57,56.62082739306711
2026-10-04T08:30:00+05:30,Galle_Southern,26.8,100.07086067871899,463.0,1.65,52.9442543012573
2026-10-04T08:45:00+05:30,Galle_Southern,27.1,101.02201452095119,517.0,1.73,49.277939585977954
2026-10-04T09:00:00+05:30,Galle_Southern,27.3,102.10926253963567,569.0,1.81,45.624374483192064
2026-10-04T09:15:00+05:30,Galle_Southern,27.6,103.36796739236888,616.0,1.9,41.986905620835
2026-10-04T09:30:00+05:30,Galle_Southern,27.8,104.84626929549063,657.0,2.0,38.370128245137764
2026-10-04T09:45:00+05:30,Galle_Southern,28.1,106.61124170645633,693.0,2.11,34.780514904131884
2026-10-04T10:00:00+05:30,Galle_Southern,28.3,108.7587769350016,724.0,2.18,31.22745166862174
2026-10-04T10:15:00+05:30,Galle_Southern,28.5,111.42989888717523,753.0,2.29,27.725010353314254
2026-10-04T10:30:00+05:30,Galle_Southern,28.7,114.83830394802305,776.0,2.38,24.295110004920645
2026-10-04T10:45:00+05:30,Galle_Southern,28.9,119.317267486518,795.0,2.45,20.973385907498923
2026-10-04T11:00:00+05:30,Galle_Southern,29.1,125.39685148362753,811.0,2.58,17.820447685659715
2026-10-04T11:15:00+05:30,Galle_Southern,29.2,133.90969047030296,825.0,2.66,14.943530060885053
2026-10-04T11:30:00+05:30,Galle_Southern,29.3,146.021548579541,837.0,2.72,12.534170024536337
2026-10-04T11:45:00+05:30,Galle_Southern,29.4,162.69459435528108,846.0,2.79,10.906764232764885
2026-10-04T12:00:00+05:30,Galle_Southern,29.4,182.83662514998545,849.0,2.83,10.433858939598252
2026-10-04T12:15:00+05:30,Galle_Southern,29.4,202.32035130894639,844.0,2.86,11.261841883358343
2026-10-04T12:30:00+05:30,Galle_Southern,29.4,217.68854057516708,831.0,2.86,13.147180194134023
2026-10-04T12:45:00+05:30,Galle_Southern,29.3,228.66265866125266,812.0,2.85,15.713781470807461
2026-10-04T13:00:00+05:30,Galle_Southern,29.2,236.38687199965528,789.0,2.85,18.68294474488667
2026-10-04T13:15:00+05:30,Galle_Southern,29.1,241.94755396612874,763.0,2.83,21.891467051124167
2026-10-04T13:30:00+05:30,Galle_Southern,29.0,246.08189076204206,734.0,2.82,25.248248015708825
2026-10-04T13:45:00+05:30,Galle_Southern,28.9,249.2548511569513,701.0,2.8,28.701302483482486
2026-10-04T14:00:00+05:30,Galle_Southern,28.8,251.75986460646294,663.0,2.79,32.21967855074062
2026-10-04T14:15:00+05:30,Galle_Southern,28.7,253.78651875491653,618.0,2.78,35.78410014900076
2026-10-04T14:30:00+05:30,Galle_Southern,28.6,255.46098547903512,566.0,2.77,39.38205238198753
2026-10-04T14:45:00+05:30,Galle_Southern,28.5,256.8697558449768,512.0,2.76,43.00510598835489
2026-10-04T15:00:00+05:30,Galle_Southern,28.3,258.0737765790622,460.0,2.75,46.6473980518094
2026-10-04T15:15:00+05:30,Galle_Southern,28.2,259.1170811015626,416.0,2.74,50.30473462730521
2026-10-04T15:30:00+05:30,Galle_Southern,28.1,260.03220592830354,377.0,2.73,53.974042330340176
2026-10-04T15:45:00+05:30,Galle_Southern,27.9,260.84368230152216,340.0,2.72,57.65302001146474
2026-10-04T16:00:00+05:30,Galle_Southern,27.8,261.5703456095233,302.0,2.72,61.3399114154317
2026-10-04T16:15:00+05:30,Galle_Southern,27.6,262.22689977298455,262.0,2.71,65.03335426142469
2026-10-04T16:30:00+05:30,Galle_Southern,27.4,262.8249999346834,223.0,2.66,68.73227559227668
2026-10-04T16:45:00+05:30,Galle_Southern,27.3,263.3740173120984,184.0,2.6,72.43581831342868
2026-10-04T17:00:00+05:30,Galle_Southern,27.1,263.88159003103715,144.0,2.55,76.14329008433477
2026-10-04T17:15:00+05:30,Galle_Southern,27.0,264.3540266776207,102.0,2.45,79.85412496114475
2026-10-04T17:30:00+05:30,Galle_Southern,26.8,264.79660737867965,62.0,2.35,83.56785493787889
2026-10-04T17:45:00+05:30,Galle_Southern,26.7,265.21381268406986,29.0,2.21,87.28408998363919
2026-10-04T18:00:00+05:30,Galle_Southern,26.5,265.6095007004255,5.0,1.98,91.00250161292449
2026-10-04T18:15:00+05:30,Galle_Southern,26.4,265.98704743835987,0.0,1.81,94.72281010544633
2026-10-04T18:30:00+05:30,Galle_Southern,26.2,266.3494612625184,0.0,1.62,98.44477591153031
2026-10-04T18:45:00+05:30,Galle_Southern,26.1,266.6994792952537,0.0,1.46,102.16819154405262
2026-10-04T19:00:00+05:30,Galle_Southern,25.9,267.03965252348047,0.0,1.35,105.89287494546183
2026-10-04T19:15:00+05:30,Galle_Southern,25.8,267.3724254863415,0.0,1.26,109.61866543937374
2026-10-04T19:30:00+05:30,Galle_Southern,25.7,267.70021588119477,0.0,1.28,113.34541896647542
2026-10-04T19:45:00+05:30,Galle_Southern,25.5,268.0255004497719,0.0,1.32,117.07300384808892
2026-10-04T20:00:00+05:30,Galle_Southern,25.4,268.3509150142782,0.0,1.45,120.80129834693274
2026-10-04T20:15:00+05:30,Galle_Southern,25.3,268.67937905637234,0.0,1.52,124.53018678576348
2026-10-04T20:30:00+05:30,Galle_Southern,25.2,269.0142607670753,0.0,1.66,128.2595554480507
2026-10-04T20:45:00+05:30,Galle_Southern,25.1,269.3596074966765,0.0,1.76,131.98928937205275
2026-10-04T21:00:00+05:30,Galle_Southern,25.0,269.72048217159596,0.0,1.86,135.7192664693866
2026-10-04T21:15:00+05:30,Galle_Southern,24.9,270.10347607920676,0.0,1.95,139.4493495188563
2026-10-04T21:30:00+05:30,Galle_Southern,24.8,270.51752484702234,0.0,1.99,143.17937586783677
2026-10-04T21:45:00+05:30,Galle_Southern,24.7,270.97526757002686,0.0,2.04,146.90913870422617
2026-10-04T22:00:00+05:30,Galle_Southern,24.7,271.49543251816124,0.0,2.07,150.6383551169232
2026-10-04T22:15:00+05:30,Galle_Southern,24.6,272.1072930624929,0.0,2.05,154.36660889050904
2026-10-04T22:30:00+05:30,Galle_Southern,24.5,272.8596502482843,0.0,2.08,158.09323311403546
2026-10-04T22:45:00+05:30,Galle_Southern,24.5,273.84079985688567,0.0,2.11,161.81705004249818
2026-10-04T23:00:00+05:30,Galle_Southern,24.4,275.2291148427921,0.0,2.07,165.53571345992077
2026-10-04T23:15:00+05:30,Galle_Southern,24.4,277.447356089334,0.0,2.07,169.2436910148415
2026-10-04T23:30:00+05:30,Galle_Southern,24.3,281.7920750230798,0.0,2.03,172.92395714160244
2026-10-04T23:45:00+05:30,Galle_Southern,24.3,294.8181382401882,0.0,1.96,176.4880147260482
2026-10-05T00:00:00+05:30,Galle_Southern,24.3,20.457019318074913,0.0,1.96,178.42202761762854
2026-10-05T00:15:00+05:30,Galle_Southern,24.2,71.2184005130959,0.0,1.86,175.46810372014215
2026-10-05T00:30:00+05:30,Galle_Southern,24.2,79.9989667548765,0.0,1.79,171.84664944591952
2026-10-05T00:45:00+05:30,Galle_Southern,24.2,83.46119101999568,0.0,1.69,168.15496179643358
2026-10-05T01:00:00+05:30,Galle_Southern,24.2,85.36343264532627,0.0,1.62,164.4430641995506
2026-10-05T01:15:00+05:30,Galle_Southern,24.2,86.60491024884152,0.0,1.53,160.72273964210558
2026-10-05T01:30:00+05:30,Galle_Southern,24.2,87.50682228725208,0.0,1.43,156.99819532632097
2026-10-05T01:45:00+05:30,Galle_Southern,24.2,88.21223256181366,0.0,1.34,153.271320381892
2026-10-05T02:00:00+05:30,Galle_Southern,24.2,88.79458278454683,0.0,1.25,149.54310123447908
2026-10-05T02:15:00+05:30,Galle_Southern,24.2,89.29555513972963,0.0,1.17,145.81411482902067
2026-10-05T02:30:00+05:30,Galle_Southern,24.1,89.74067336315716,0.0,1.22,142.08473201734267
2026-10-05T02:45:00+05:30,Galle_Southern,24.0,90.1465461438894,0.0,1.39,138.35521091375136
2026-10-05T03:00:00+05:30,Galle_Southern,23.8,90.52454858544911,0.0,1.68,134.625745612196
2026-10-05T03:15:00+05:30,Galle_Southern,23.6,90.88283230605663,0.0,1.99,130.89649332364047
2026-10-05T03:30:00+05:30,Galle_Southern,23.5,91.2274895749747,0.0,2.17,127.16758915372233
2026-10-05T03:45:00+05:30,Galle_Southern,23.4,91.56326204728418,0.0,2.21,123.43915660836757
2026-10-05T04:00:00+05:30,Galle_Southern,23.5,91.89399215360913,0.0,2.17,119.71131491894756
2026-10-05T04:15:00+05:30,Galle_Southern,23.5,92.22292326444119,0.0,2.09,115.98418308638861
2026-10-05T04:30:00+05:30,Galle_Southern,23.6,92.55290800310195,0.0,2.01,112.25788446800263
2026-10-05T04:45:00+05:30,Galle_Southern,23.6,92.88655995911643,0.0,1.93,108.53255090790816
2026-10-05T05:00:00+05:30,Galle_Southern,23.7,93.22637056086432,0.0,1.92,104.80832526425235
2026-10-05T05:15:00+05:30,Galle_Southern,23.8,93.57480485206713,0.0,1.84,101.08536560205795
2026-10-05T05:30:00+05:30,Galle_Southern,23.9,93.93438595538674,0.0,1.78,97.36384979279306
2026-10-05T05:45:00+05:30,Galle_Southern,24.1,94.30777559920568,0.0,1.71,93.64397926993844
2026-10-05T06:00:00+05:30,Galle_Southern,24.2,94.69785645023723,0.0,1.6,89.92598522015216
2026-10-05T06:15:00+05:30,Galle_Southern,24.4,95.10782205262979,18.0,1.55,86.21013604901013
2026-10-05T06:30:00+05:30,Galle_Southern,24.7,95.54128058083893,61.0,1.46,82.49674508280874
2026-10-05T06:45:00+05:30,Galle_Southern,24.9,96.00237920431675,115.0,1.38,78.78618208868166
2026-10-05T07:00:00+05:30,Galle_Southern,25.2,96.49595821114582,179.0,1.33,75.07888793488621
2026-10-05T07:15:00+05:30,Galle_Southern,25.6,97.02774713052429,243.0,1.28,71.37539204252299
2026-10-05T07:30:00+05:30,Galle_Southern,25.9,97.60461912787031,304.0,1.28,67.67633723858496
2026-10-05T07:45:00+05:30,Galle_Southern,26.2,98.23492746673088,362.0,1.31,63.98251286285931
2026-10-05T08:00:00+05:30,Galle_Southern,26.6,98.92895867862785,418.0,1.37,60.29489810905257
2026-10-05T08:15:00+05:30,Galle_Southern,26.9,99.69955299270748,473.0,1.5,56.61472377169148
2026-10-05T08:30:00+05:30,Galle_Southern,27.3,100.56296945950385,524.0,1.58,52.94355889002975
2026-10-05T08:45:00+05:30,Galle_Southern,27.6,101.54011568714157,572.0,1.69,49.28343332267517
2026-10-05T09:00:00+05:30,Galle_Southern,27.9,102.65833064212643,616.0,1.82,45.637019344759
2026-10-05T09:15:00+05:30,Galle_Southern,28.3,103.95402665754875,657.0,1.95,42.00790403009318
2026-10-05T09:30:00+05:30,Galle_Southern,28.6,105.47669813389507,694.0,2.1,38.401007560109186
2026-10-05T09:45:00+05:30,Galle_Southern,28.9,107.29515562666774,727.0,2.25,34.82324985953935
2026-10-05T10:00:00+05:30,Galle_Southern,29.2,109.5074729070327,756.0,2.36,31.284644942657422
2026-10-05T10:15:00+05:30,Galle_Southern,29.4,112.25725224940038,781.0,2.47,27.800162195203676
2026-10-05T10:30:00+05:30,Galle_Southern,29.6,115.76071828551,804.0,2.58,24.393020390401603
2026-10-05T10:45:00+05:30,Galle_Southern,29.8,120.35189233651971,822.0,2.64,21.100731714698313
2026-10-05T11:00:00+05:30,Galle_Southern,29.9,126.55417924210883,832.0,2.7,17.98648874240297
2026-10-05T11:15:00+05:30,Galle_Southern,30.0,135.16985574430123,829.0,2.76,15.160424976075689
2026-10-05T11:30:00+05:30,Galle_Southern,30.1,147.27358700713756,810.0,2.76,12.814649867844523
2026-10-05T11:45:00+05:30,Galle_Southern,30.1,163.65130711390475,784.0,2.71,11.253630519007729
2026-10-05T12:00:00+05:30,Galle_Southern,30.0,183.1387053279721,757.0,2.65,10.82244672568281
2026-10-05T12:15:00+05:30,Galle_Southern,30.0,201.945232979384,739.0,2.59,11.647258288695895
2026-10-05T12:30:00+05:30,Galle_Southern,29.9,216.93983942187896,727.0,2.48,13.49977120394783
2026-10-05T12:45:00+05:30,Galle_Southern,29.7,227.79991846959456,717.0,2.38,16.027496577520267
2026-10-05T13:00:00+05:30,Galle_Southern,29.6,235.53223614994118,705.0,2.21,18.96229632326984
2026-10-05T13:15:00+05:30,Galle_Southern,29.4,241.14355268103813,687.0,2.06,22.142886302466167
2026-10-05T13:30:00+05:30,Galle_Southern,29.2,245.33793660535062,666.0,1.9,25.477366888687484
2026-10-05T13:45:00+05:30,Galle_Southern,28.9,248.56837277279823,643.0,1.75,28.912529464517092
2026-10-05T14:00:00+05:30,Galle_Southern,28.7,251.1246167641283,617.0,1.56,32.41636902746278
2026-10-05T14:15:00+05:30,Galle_Southern,28.4,253.1956662441871,588.0,1.43,35.96880780853942
2026-10-05T14:30:00+05:30,Galle_Southern,28.2,254.90816517455784,558.0,1.26,39.55674054444252
2026-10-05T14:45:00+05:30,Galle_Southern,27.9,256.34936979087274,525.0,1.12,43.17130477228385
2026-10-05T15:00:00+05:30,Galle_Southern,27.6,257.5810016002743,490.0,1.03,46.806317207733635
2026-10-05T15:15:00+05:30,Galle_Southern,27.3,258.64778368968507,454.0,1.0,50.45734408363024
2026-10-05T15:30:00+05:30,Galle_Southern,27.1,259.5828350397728,417.0,0.98,54.121130046765025
2026-10-05T15:45:00+05:30,Galle_Southern,26.8,260.41116663007983,378.0,1.02,57.79523400180154
2026-10-05T16:00:00+05:30,Galle_Southern,26.6,261.15200360091,336.0,1.15,61.47779068028291
2026-10-05T16:15:00+05:30,Galle_Southern,26.3,261.82036353515304,293.0,1.25,65.16735187109363
2026-10-05T16:30:00+05:30,Galle_Southern,26.1,262.42815162364377,250.0,1.37,68.86277615011461
2026-10-05T16:45:00+05:30,Galle_Southern,25.9,262.9849358571824,207.0,1.46,72.56315135058794
2026-10-05T17:00:00+05:30,Galle_Southern,25.7,263.49850604021924,161.0,1.6,76.26774046865155
2026-10-05T17:15:00+05:30,Galle_Southern,25.5,263.9752835646585,115.0,1.63,79.97594109459543
2026-10-05T17:30:00+05:30,Galle_Southern,25.4,264.42062700694834,70.0,1.72,83.68725530071416
2026-10-05T17:45:00+05:30,Galle_Southern,25.3,264.8390640309424,33.0,1.77,87.40126843026322
2026-10-05T18:00:00+05:30,Galle_Southern,25.1,265.2344701872679,6.0,1.79,91.11763172987507
2026-10-05T18:15:00+05:30,Galle_Southern,25.1,265.6102096390378,0.0,1.82,94.8360488609289
2026-10-05T18:30:00+05:30,Galle_Southern,25.0,265.9692486811147,0.0,1.84,98.55626677517924
2026-10-05T18:45:00+05:30,Galle_Southern,24.9,266.3142497838402,0.0,1.87,102.27806722944356
2026-10-05T19:00:00+05:30,Galle_Southern,24.8,266.6476526673624,0.0,1.86,106.00125989884954
2026-10-05T19:15:00+05:30,Galle_Southern,24.8,266.9717478728335,0.0,1.86,109.72567818963367
2026-10-05T19:30:00+05:30,Galle_Southern,24.7,267.28874753294076,0.0,1.85,113.4511744523871
2026-10-05T19:45:00+05:30,Galle_Southern,24.7,267.6008587224941,0.0,1.84,117.17761584618378
2026-10-05T20:00:00+05:30,Galle_Southern,24.6,267.91036574889483,0.0,1.81,120.90488215548342
2026-10-05T20:15:00+05:30,Galle_Southern,24.6,268.2197294480384,0.0,1.8,124.63286236173911
2026-10-05T20:30:00+05:30,Galle_Southern,24.6,268.53171571819496,0.0,1.77,128.36145127314717
2026-10-05T20:45:00+05:30,Galle_Southern,24.5,268.8495722220405,0.0,1.73,132.09054746419537
2026-10-05T21:00:00+05:30,Galle_Southern,24.5,269.17728383613485,0.0,1.7,135.82004917822724
2026-10-05T21:15:00+05:30,Galle_Southern,24.5,269.5199599519884,0.0,1.63,139.54984914464092
2026-10-05T21:30:00+05:30,Galle_Southern,24.5,269.8844492950053,0.0,1.6,143.27982886507726
2026-10-05T21:45:00+05:30,Galle_Southern,24.5,270.28036343102065,0.0,1.57,147.00984760224597
2026-10-05T22:00:00+05:30,Galle_Southern,24.4,270.72187489259835,0.0,1.51,150.73972405459395
2026-10-05T22:15:00+05:30,Galle_Southern,24.4,271.2310823270932,0.0,1.44,154.4692046026328
2026-10-05T22:30:00+05:30,Galle_Southern,24.4,271.8448155900487,0.0,1.42,158.1978971614522
2026-10-05T22:45:00+05:30,Galle_Southern,24.4,272.629834091096,0.0,1.39,161.9251245958099
2026-10-05T23:00:00+05:30,Galle_Southern,24.3,273.72160977142585,0.0,1.36,165.64955317582107
2026-10-05T23:15:00+05:30,Galle_Southern,24.3,275.4441076860588,0.0,1.36,169.36803958638282
2026-10-05T23:30:00+05:30,Galle_Southern,24.3,278.81077991936047,0.0,1.34,173.07078501374622
2026-10-05T23:45:00+05:30,Galle_Southern,24.2,289.30513065217644,0.0,1.34,176.70399884643922
2026-10-06T00:00:00+05:30,Galle_Southern,24.2,29.792435648399646,0.0,1.32,178.73972807224465
2026-10-06T00:15:00+05:30,Galle_Southern,24.1,76.17673589735631,0.0,1.32,175.5069144904706
2026-10-06T00:30:00+05:30,Galle_Southern,24.1,82.7594480160995,0.0,1.32,171.83538435789802
2026-10-06T00:45:00+05:30,Galle_Southern,24.0,85.36265215673683,0.0,1.32,168.12543398551912
2026-10-06T01:00:00+05:30,Galle_Southern,24.0,86.8157756188873,0.0,1.25,164.40457016330643
2026-10-06T01:15:00+05:30,Galle_Southern,23.9,87.78324252318498,0.0,1.21,160.67921741259258
2026-10-06T01:30:00+05:30,Galle_Southern,23.8,88.50156084871236,0.0,1.21,156.95167961864917
2026-10-06T01:45:00+05:30,Galle_Southern,23.8,89.07605273569703,0.0,1.21,153.22300358648226
2026-10-06T02:00:00+05:30,Galle_Southern,23.7,89.56085173882622,0.0,1.21,149.4937471327814
2026-10-06T02:15:00+05:30,Galle_Southern,23.7,89.98675491507038,0.0,1.16,145.76424713971443
2026-10-06T02:30:00+05:30,Galle_Southern,23.6,90.3726913094539,0.0,1.16,142.0347304012136
2026-10-06T02:45:00+05:30,Galle_Southern,23.6,90.73104671166601,0.0,1.16,138.3053641327067
2026-10-06T03:00:00+05:30,Galle_Southern,23.5,91.0703712485232,0.0,1.12,134.57628298839904
2026-10-06T03:15:00+05:30,Galle_Southern,23.5,91.39685921447904,0.0,1.1,130.84760441422966
2026-10-06T03:30:00+05:30,Galle_Southern,23.5,91.7152076439096,0.0,1.05,127.11943666620664
2026-10-06T03:45:00+05:30,Galle_Southern,23.5,92.02914059260559,0.0,1.01,123.39188526483471
2026-10-06T04:00:00+05:30,Galle_Southern,23.5,92.34174477115903,0.0,1.01,119.6650578098699
2026-10-06T04:15:00+05:30,Galle_Southern,23.5,92.65569466410886,0.0,0.94,115.93906644273306
2026-10-06T04:30:00+05:30,Galle_Southern,23.5,92.97341087543123,0.0,0.89,112.21403142077257
2026-10-06T04:45:00+05:30,Galle_Southern,23.6,93.29717783295649,0.0,0.83,108.49008461424087
2026-10-06T05:00:00+05:30,Galle_Southern,23.6,93.62923713116038,0.0,0.83,104.76737166004962
2026-10-06T05:15:00+05:30,Galle_Southern,23.7,93.97186687767311,0.0,0.76,101.04605597091557
2026-10-06T05:30:00+05:30,Galle_Southern,23.8,94.32745467697634,0.0,0.7,97.32632330508412
2026-10-06T05:45:00+05:30,Galle_Southern,24.0,94.69857025406299,0.0,0.63,93.60838562076377
2026-10-06T06:00:00+05:30,Galle_Southern,24.1,95.08804258255185,0.0,0.56,89.89248749546152
2026-10-06T06:15:00+05:30,Galle_Southern,24.4,95.49904675905469,16.0,0.5,86.17891395676867
2026-10-06T06:30:00+05:30,Galle_Southern,24.6,95.93520650966491,54.0,0.45,82.46799870062148
2026-10-06T06:45:00+05:30,Galle_Southern,24.8,96.40071897845314,104.0,0.43,78.76013631688134
2026-10-06T07:00:00+05:30,Galle_Southern,25.1,96.90051094422029,162.0,0.39,75.05579789248735
2026-10-06T07:15:00+05:30,Galle_Southern,25.4,97.44043885149631,220.0,0.43,71.35554971797092
2026-10-06T07:30:00+05:30,Galle_Southern,25.7,98.02754922103293,276.0,0.47,67.6600798138724
2026-10-06T07:45:00+05:30,Galle_Southern,26.0,98.67042371004015,328.0,0.55,63.970233276898085
2026-10-06T08:00:00+05:30,Galle_Southern,26.3,99.37964416798906,379.0,0.65,60.28705865768042
2026-10-06T08:15:00+05:30,Galle_Southern,26.6,100.1684292140618,429.0,0.81,56.6118738679627
2026-10-06T08:30:00+05:30,Galle_Southern,27.0,101.05352110205013,477.0,0.92,52.94635859522774
2026-10-06T08:45:00+05:30,Galle_Southern,27.3,102.05644450534146,521.0,1.03,49.29268501414516
2026-10-06T09:00:00+05:30,Galle_Southern,27.6,103.20532762595508,563.0,1.2,45.65371102897455
2026-10-06T09:15:00+05:30,Galle_Southern,27.9,104.53759341590171,602.0,1.31,42.03326960133182
2026-10-06T09:30:00+05:30,Galle_Southern,28.2,106.10402778757884,637.0,1.42,38.436612123639065
2026-10-06T09:45:00+05:30,Galle_Southern,28.5,107.97507481147915,669.0,1.53,34.871112628999484
2026-10-06T10:00:00+05:30,Galle_Southern,28.8,110.25081312592431,697.0,1.6,31.34741893159606
2026-10-06T10:15:00+05:30,Galle_Southern,29.0,113.07711312673428,722.0,1.71,27.881399186009062
2026-10-06T10:30:00+05:30,Galle_Southern,29.2,116.67217008619235,745.0,1.77,24.497558343249466
2026-10-06T10:45:00+05:30,Galle_Southern,29.4,121.36974986865681,763.0,1.84,21.23523126141191
2026-10-06T11:00:00+05:30,Galle_Southern,29.6,127.6849301070555,776.0,1.88,18.160035056907248
2026-10-06T11:15:00+05:30,Galle_Southern,29.7,136.3877156345178,780.0,1.93,15.384607517403182
2026-10-06T11:30:00+05:30,Galle_Southern,29.8,148.46383563002007,773.0,1.93,13.100880944148798
2026-10-06T11:45:00+05:30,Galle_Southern,29.8,164.5419514350292,761.0,1.93,11.602920430078896
2026-10-06T12:00:00+05:30,Galle_Southern,29.8,183.4116768542131,747.0,1.91,11.210271235670064
2026-10-06T12:15:00+05:30,Galle_Southern,29.8,201.58793911246477,736.0,1.85,12.031634252074596
2026-10-06T12:30:00+05:30,Galle_Southern,29.8,216.2252762300787,727.0,1.79,13.852713300988626
2026-10-06T12:45:00+05:30,Galle_Southern,29.7,226.9679423878238,718.0,1.72,16.34264938004557
2026-10-06T13:00:00+05:30,Galle_Southern,29.6,234.7010240891006,706.0,1.65,19.243527591755864
2026-10-06T13:15:00+05:30,Galle_Southern,29.5,240.35677235032995,690.0,1.58,22.396219062051145
2026-10-06T13:30:00+05:30,Galle_Southern,29.4,244.60673933382068,671.0,1.46,25.708235563604006
2026-10-06T13:45:00+05:30,Galle_Southern,29.2,247.89154373547137,649.0,1.35,29.125261065482135
2026-10-06T14:00:00+05:30,Galle_Southern,29.1,250.49684320275585,624.0,1.25,32.614293567043205
2026-10-06T14:15:00+05:30,Galle_Southern,28.9,252.6107372893169,597.0,1.16,36.154479067743935
2026-10-06T14:30:00+05:30,Galle_Southern,28.8,254.36013801702097,567.0,1.08,39.73213265296216
2026-10-06T14:45:00+05:30,Galle_Southern,28.6,255.83293419549614,535.0,1.01,43.337962415559645
2026-10-06T15:00:00+05:30,Galle_Southern,28.4,257.0915353663496,500.0,0.99,46.965465238563496
2026-10-06T15:15:00+05:30,Galle_Southern,28.2,258.18129660586783,464.0,0.96,50.60996663510827
2026-10-06T15:30:00+05:30,Galle_Southern,28.0,259.13588024915754,426.0,0.96,54.268027805668986
2026-10-06T15:45:00+05:30,Galle_Southern,27.8,259.9807499450243,386.0,0.97,57.93706606225405
2026-10-06T16:00:00+05:30,Galle_Southern,27.6,260.7355014672455,344.0,1.01,61.61510548478249
2026-10-06T16:15:00+05:30,Galle_Southern,27.4,261.41545228859945,300.0,1.08,65.30061037994837
2026-10-06T16:30:00+05:30,Galle_Southern,27.3,262.0327475344513,256.0,1.14,68.99236941590345
2026-10-06T16:45:00+05:30,Galle_Southern,27.1,262.597144398729,211.0,1.22,72.68941401956542
2026-10-06T17:00:00+05:30,Galle_Southern,27.0,263.11657858577814,164.0,1.26,76.39096127956665
2026-10-06T17:15:00+05:30,Galle_Southern,26.9,263.5975797891755,116.0,1.3,80.09637114850383
2026-10-06T17:30:00+05:30,Galle_Southern,26.7,264.0455814404234,69.0,1.35,83.80511464925603
2026-10-06T17:45:00+05:30,Galle_Southern,26.6,264.46515536958714,31.0,1.4,87.51675139770265
2026-10-06T18:00:00+05:30,Galle_Southern,26.5,264.8601920717757,5.0,1.45,91.23091126374686
2026-09-29T18:15:00+05:30,Badulla_Uva,24.1,268.046453669529,0.0,0.25,95.00351497286191
2026-09-29T18:30:00+05:30,Badulla_Uva,23.9,268.48512425320985,0.0,0.32,98.72528622417524
2026-09-29T18:45:00+05:30,Badulla_Uva,23.8,268.921568963979,0.0,0.35,102.44779171807042
2026-09-29T19:00:00+05:30,Badulla_Uva,23.7,269.3594546361616,0.0,0.35,106.17081585618374
2026-09-29T19:15:00+05:30,Badulla_Uva,23.7,269.80264415396744,0.0,0.35,109.89414597916655
2026-09-29T19:30:00+05:30,Badulla_Uva,23.6,270.255349193652,0.0,0.35,113.61756438644062
2026-09-29T19:45:00+05:30,Badulla_Uva,23.6,270.72231751422385,0.0,0.32,117.34083934111662
2026-09-29T20:00:00+05:30,Badulla_Uva,23.5,271.2090746118745,0.0,0.29,121.06371573820323
2026-09-29T20:15:00+05:30,Badulla_Uva,23.4,271.72224838239424,0.0,0.27,124.78590127045454
2026-09-29T20:30:00+05:30,Badulla_Uva,23.3,272.27002167484954,0.0,0.3,128.50704783462444
2026-09-29T20:45:00+05:30,Badulla_Uva,23.1,272.862784508305,0.0,0.35,132.22672687370257
2026-09-29T21:00:00+05:30,Badulla_Uva,23.0,273.51410417476677,0.0,0.4,135.9443910513359
2026-09-29T21:15:00+05:30,Badulla_Uva,22.8,274.2422175883014,0.0,0.5,139.65931580995047
2026-09-29T21:30:00+05:30,Badulla_Uva,22.6,275.07241249299875,0.0,0.55,143.3705080214072
2026-09-29T21:45:00+05:30,Badulla_Uva,22.5,276.0409856750419,0.0,0.6,147.0765517683124
2026-09-29T22:00:00+05:30,Badulla_Uva,22.4,277.20214546193944,0.0,0.7,150.77533889278305
2026-09-29T22:15:00+05:30,Badulla_Uva,22.3,278.6407532095515,0.0,0.75,154.46357079650076
2026-09-29T22:30:00+05:30,Badulla_Uva,22.1,280.4975204506294,0.0,0.75,158.13576234325092
2026-09-29T22:45:00+05:30,Badulla_Uva,22.0,283.0232732934397,0.0,0.7,161.78206871287023
2026-09-29T23:00:00+05:30,Badulla_Uva,21.8,286.70901302627976,0.0,0.65,165.38296299444852
2026-09-29T23:15:00+05:30,Badulla_Uva,21.7,292.6421618053747,0.0,0.6,168.89403960244027
2026-09-29T23:30:00+05:30,Badulla_Uva,21.5,303.63666915921226,0.0,0.55,172.19300925324066
2026-09-29T23:45:00+05:30,Badulla_Uva,21.4,327.70197623882245,0.0,0.55,174.85418008408362
2026-09-30T00:00:00+05:30,Badulla_Uva,21.3,12.953575715228055,0.0,0.55,175.53524505227367
2026-09-30T00:15:00+05:30,Badulla_Uva,21.1,47.66219770588822,0.0,0.55,173.5725123674184
2026-09-30T00:30:00+05:30,Badulla_Uva,21.0,63.26104793485638,0.0,0.6,170.48085738452716
2026-09-30T00:45:00+05:30,Badulla_Uva,20.9,71.0226488944752,0.0,0.65,167.04482491183745
2026-09-30T01:00:00+05:30,Badulla_Uva,20.8,75.56455522028529,0.0,0.75,163.47797654631427
2026-09-30T01:15:00+05:30,Badulla_Uva,20.7,78.55030841961377,0.0,0.86,159.8497524355388
2026-09-30T01:30:00+05:30,Badulla_Uva,20.6,80.68033745532301,0.0,0.91,156.18828912863103
2026-09-30T01:45:00+05:30,Badulla_Uva,20.5,82.29377683043992,0.0,0.91,152.50696681124072
2026-09-30T02:00:00+05:30,Badulla_Uva,20.4,83.57328359033852,0.0,0.9,148.81292534374063
2026-09-30T02:15:00+05:30,Badulla_Uva,20.2,84.62557962496686,0.0,0.9,145.1103181438854
2026-09-30T02:30:00+05:30,Badulla_Uva,20.1,85.51713071644872,0.0,0.9,141.40173015496217
2026-09-30T02:45:00+05:30,Badulla_Uva,19.9,86.29152213212194,0.0,0.95,137.68886002948105
2026-09-30T03:00:00+05:30,Badulla_Uva,19.8,86.97858816798424,0.0,1.05,133.9728771943554
2026-09-30T03:15:00+05:30,Badulla_Uva,19.7,87.59951649189844,0.0,1.1,130.25462087048692
2026-09-30T03:30:00+05:30,Badulla_Uva,19.6,88.16985375211732,0.0,1.15,126.53471571813319
2026-09-30T03:45:00+05:30,Badulla_Uva,19.6,88.70135475147742,0.0,1.15,122.81364411827236
2026-09-30T04:00:00+05:30,Badulla_Uva,19.6,89.20316490985635,0.0,1.1,119.0917927207615
2026-09-30T04:15:00+05:30,Badulla_Uva,19.6,89.68260328649433,0.0,1.05,115.3694821570056
2026-09-30T04:30:00+05:30,Badulla_Uva,19.6,90.14569804198646,0.0,1.05,111.64698884686722
2026-09-30T04:45:00+05:30,Badulla_Uva,19.5,90.59756487680102,0.0,1.1,107.92456091654833
2026-09-30T05:00:00+05:30,Badulla_Uva,19.4,91.04268413099408,0.0,1.2,104.20242891205055
2026-09-30T05:15:00+05:30,Badulla_Uva,19.3,91.48511157288931,0.0,1.3,100.480815716319
2026-09-30T05:30:00+05:30,Badulla_Uva,19.3,91.92864654831226,0.0,1.35,96.75994514024501
2026-09-30T05:45:00+05:30,Badulla_Uva,19.3,92.37697400871616,0.0,1.3,93.04004840363207
2026-09-30T06:00:00+05:30,Badulla_Uva,19.4,92.83379220523705,0.0,1.2,89.32137208464279
2026-09-30T06:15:00+05:30,Badulla_Uva,19.6,93.30293605799591,22.0,1.1,85.60418656384034
2026-09-30T06:30:00+05:30,Badulla_Uva,20.0,93.7885052802435,60.0,1.0,81.88879402798358
2026-09-30T06:45:00+05:30,Badulla_Uva,20.9,94.29500596514407,106.0,0.91,78.17553965641874
2026-09-30T07:00:00+05:30,Badulla_Uva,22.2,94.82751615926281,157.0,0.86,74.46482529601339
2026-09-30T07:15:00+05:30,Badulla_Uva,23.4,95.39188858363383,210.0,0.76,70.75712520059416
2026-09-30T07:30:00+05:30,Badulla_Uva,24.5,95.99500735887636,265.0,0.65,67.05300830785413
2026-09-30T07:45:00+05:30,Badulla_Uva,25.2,96.64512301676285,321.0,0.5,63.353167684904804
2026-09-30T08:00:00+05:30,Badulla_Uva,25.7,97.35230092692825,378.0,0.32,59.65845878860617
2026-09-30T08:15:00+05:30,Badulla_Uva,26.1,98.12903446913731,437.0,0.22,55.96995423073672
2026-09-30T08:30:00+05:30,Badulla_Uva,26.6,98.99110209611615,499.0,0.27,52.289020835085395
2026-09-30T08:45:00+05:30,Badulla_Uva,27.3,99.95879198472045,562.0,0.39,48.61742900233154
2026-09-30T09:00:00+05:30,Badulla_Uva,27.9,101.05869116086342,621.0,0.57,44.957516036078125
2026-09-30T09:15:00+05:30,Badulla_Uva,28.6,102.32636398906533,674.0,0.72,41.312433183024595
2026-09-30T09:30:00+05:30,Badulla_Uva,29.2,103.81046929354102,717.0,0.92,37.68652890371041
2026-09-30T09:45:00+05:30,Badulla_Uva,29.6,105.57926941121929,755.0,1.19,34.08596794667846
2026-09-30T10:00:00+05:30,Badulla_Uva,30.0,107.73123767630744,790.0,1.48,30.519764556020654
2026-09-30T10:15:00+05:30,Badulla_Uva,30.3,110.41289006504189,828.0,1.77,27.001577242001282
2026-09-30T10:30:00+05:30,Badulla_Uva,30.7,113.84962123457211,868.0,1.95,23.552974078175254
2026-09-30T10:45:00+05:30,Badulla_Uva,31.0,118.39992676916586,906.0,2.04,20.209649545811814
2026-09-30T11:00:00+05:30,Badulla_Uva,31.3,124.64871254127337,940.0,2.06,17.033747933675627
2026-09-30T11:15:00+05:30,Badulla_Uva,31.6,133.54443314899027,965.0,2.07,14.138584751077033
2026-09-30T11:30:00+05:30,Badulla_Uva,31.8,146.4583112928974,984.0,2.15,11.733874308713553
2026-09-30T11:45:00+05:30,Badulla_Uva,32.1,164.5005327487503,995.0,2.25,10.173584861592957
2026-09-30T12:00:00+05:30,Badulla_Uva,32.4,186.08629330977476,998.0,2.36,9.866812287720336
2026-09-30T12:15:00+05:30,Badulla_Uva,32.7,206.14057675237623,993.0,2.48,10.919723947920517
2026-09-30T12:30:00+05:30,Badulla_Uva,32.8,221.25097960623256,979.0,2.6,13.006184878330174
2026-09-30T12:45:00+05:30,Badulla_Uva,32.9,231.7226989137563,956.0,2.76,15.719892792618367
2026-09-30T13:00:00+05:30,Badulla_Uva,32.9,238.98838380257274,927.0,2.96,18.791016309428983
2026-09-30T13:15:00+05:30,Badulla_Uva,32.7,244.19278872501613,892.0,3.15,22.07083532610241
2026-09-30T13:30:00+05:30,Badulla_Uva,32.1,248.06207004480493,854.0,3.19,25.47886081761223
2026-09-30T13:45:00+05:30,Badulla_Uva,30.8,251.03963577896056,810.0,3.17,28.969857154890228
2026-09-30T14:00:00+05:30,Badulla_Uva,29.0,253.40067023638116,752.0,3.15,32.51708694018371
2026-09-30T14:15:00+05:30,Badulla_Uva,27.2,255.3214040737447,675.0,3.0,36.103952250523406
2026-09-30T14:30:00+05:30,Badulla_Uva,25.9,256.91858201216843,574.0,2.62,39.719688029270586
2026-09-30T14:45:00+05:30,Badulla_Uva,25.3,258.27206584978137,470.0,1.79,43.35704221454098
2026-09-30T15:00:00+05:30,Badulla_Uva,25.2,259.43810521818256,384.0,1.03,47.01096585846595
2026-09-30T15:15:00+05:30,Badulla_Uva,25.2,260.45737057765075,329.0,1.35,50.6778418046604
2026-09-30T15:30:00+05:30,Badulla_Uva,25.2,261.3599680694338,299.0,1.91,54.355014193340274
2026-09-30T15:45:00+05:30,Badulla_Uva,25.2,262.1686624455128,278.0,1.91,58.04048959591741
2026-09-30T16:00:00+05:30,Badulla_Uva,25.2,262.9010055964314,252.0,1.52,61.7327418806255
2026-09-30T16:15:00+05:30,Badulla_Uva,25.2,263.57077815813363,214.0,1.1,65.43058274577541
2026-09-30T16:30:00+05:30,Badulla_Uva,25.1,264.18898834722495,169.0,0.9,69.13307164080479
2026-09-30T16:45:00+05:30,Badulla_Uva,25.0,264.7645795295064,126.0,0.98,72.83945237203922
2026-09-30T17:00:00+05:30,Badulla_Uva,24.8,265.30494240100063,91.0,1.16,76.54910902703529
2026-09-30T17:15:00+05:30,Badulla_Uva,24.6,265.8162933868597,65.0,1.32,80.26153255458665
2026-09-30T17:30:00+05:30,Badulla_Uva,24.3,266.3039608261945,44.0,1.3,83.97629575541015
2026-09-30T17:45:00+05:30,Badulla_Uva,24.0,266.7726072732048,23.0,1.05,87.69303566968269
2026-09-30T18:00:00+05:30,Badulla_Uva,23.7,267.226407298714,4.0,0.59,91.41143865495485
2026-09-30T18:15:00+05:30,Badulla_Uva,23.4,267.66919546696073,0.0,0.22,95.13122841774353
2026-09-30T18:30:00+05:30,Badulla_Uva,23.2,268.1045957816325,0.0,0.35,98.85215761372184
2026-09-30T18:45:00+05:30,Badulla_Uva,23.1,268.5361414814428,0.0,0.46,102.57399934151371
2026-09-30T19:00:00+05:30,Badulla_Uva,23.0,268.96739386376447,0.0,0.46,106.296539471323
2026-09-30T19:15:00+05:30,Badulla_Uva,23.0,269.40206908033076,0.0,0.45,110.01957081217009
2026-09-30T19:30:00+05:30,Badulla_Uva,23.0,269.84418278176094,0.0,0.4,113.74288562688284
2026-09-30T19:45:00+05:30,Badulla_Uva,23.0,270.29822595030777,0.0,0.3,117.46626742486346
2026-09-30T20:00:00+05:30,Badulla_Uva,22.9,270.76939043697837,0.0,0.2,121.18948281887418
2026-09-30T20:15:00+05:30,Badulla_Uva,22.9,271.2638708765943,0.0,0.1,124.91226943481396
2026-09-30T20:30:00+05:30,Badulla_Uva,22.8,271.7892847953585,0.0,0.0,128.6343198748525
2026-09-30T20:45:00+05:30,Badulla_Uva,22.8,272.3552778244987,0.0,0.05,132.35526085350398
2026-09-30T21:00:00+05:30,Badulla_Uva,22.7,272.97442441514556,0.0,0.05,136.07462058981537
2026-09-30T21:15:00+05:30,Badulla_Uva,22.7,273.6636153962526,0.0,0.0,139.7917791973663
2026-09-30T21:30:00+05:30,Badulla_Uva,22.6,274.4462767558245,0.0,0.05,143.50589139183893
2026-09-30T21:45:00+05:30,Badulla_Uva,22.4,275.3560687846462,0.0,0.15,147.2157554603196
2026-09-30T22:00:00+05:30,Badulla_Uva,22.3,276.44336242417,0.0,0.3,150.9195837474395
2026-09-30T22:15:00+05:30,Badulla_Uva,22.1,277.78725823100706,0.0,0.4,154.6145768266631
2026-09-30T22:30:00+05:30,Badulla_Uva,21.9,279.5195319791017,0.0,0.5,158.29606672625025
2026-09-30T22:45:00+05:30,Badulla_Uva,21.8,281.8767644947718,0.0,0.55,161.95563177371656
2026-09-30T23:00:00+05:30,Badulla_Uva,21.6,285.3274076582753,0.0,0.55,165.57641855486952
2026-09-30T23:15:00+05:30,Badulla_Uva,21.4,290.93004459528936,0.0,0.55,169.11948479986665
2026-09-30T23:30:00+05:30,Badulla_Uva,21.2,301.5374178671708,0.0,0.55,172.47408128950883
2026-09-30T23:45:00+05:30,Badulla_Uva,21.0,326.0632235046289,0.0,0.55,175.22477469322308
2026-10-01T00:00:00+05:30,Badulla_Uva,20.8,15.279264612473185,0.0,0.55,175.89193157855897
2026-10-01T00:15:00+05:30,Badulla_Uva,20.6,50.80248555483206,0.0,0.6,173.7662579098527
2026-10-01T00:30:00+05:30,Badulla_Uva,20.4,65.59710355242191,0.0,0.6,170.57919567310282
2026-10-01T00:45:00+05:30,Badulla_Uva,20.2,72.78154724396495,0.0,0.65,167.09456741509655
2026-10-01T01:00:00+05:30,Badulla_Uva,20.0,76.95825945074768,0.0,0.7,163.49992670657463
2026-10-01T01:15:00+05:30,Badulla_Uva,19.8,79.7019058708309,0.0,0.75,159.85417561638684
2026-10-01T01:30:00+05:30,Badulla_Uva,19.7,81.6625548143499,0.0,0.8,156.18087681973648
2026-10-01T01:45:00+05:30,Badulla_Uva,19.6,83.15213482799902,0.0,0.8,152.49117521811473
2026-10-01T02:00:00+05:30,Badulla_Uva,19.5,84.337879434836,0.0,0.8,148.79100494934403
2026-10-01T02:15:00+05:30,Badulla_Uva,19.5,85.31726086005261,0.0,0.8,145.0838168885743
2026-10-01T02:30:00+05:30,Badulla_Uva,19.4,86.15091101749192,0.0,0.85,141.37176114451162
2026-10-01T02:45:00+05:30,Badulla_Uva,19.4,86.87857478157616,0.0,0.9,137.65625407927257
2026-10-01T03:00:00+05:30,Badulla_Uva,19.4,87.52746609050064,0.0,1.0,133.93827478095864
2026-10-01T03:15:00+05:30,Badulla_Uva,19.4,88.11693046780357,0.0,1.1,130.21853022885927
2026-10-01T03:30:00+05:30,Badulla_Uva,19.3,88.66118701608355,0.0,1.21,126.49755105803862
2026-10-01T03:45:00+05:30,Badulla_Uva,19.2,89.17101425849756,0.0,1.32,122.77575167929709
2026-10-01T04:00:00+05:30,Badulla_Uva,19.1,89.65482803207016,0.0,1.42,119.05346911485003
2026-10-01T04:15:00+05:30,Badulla_Uva,18.9,90.11939565440224,0.0,1.58,115.33098769986505
2026-10-01T04:30:00+05:30,Badulla_Uva,18.8,90.57032498083873,0.0,1.63,111.6085575494711
2026-10-01T04:45:00+05:30,Badulla_Uva,18.7,91.01241096214261,0.0,1.68,107.88640822702934
2026-10-01T05:00:00+05:30,Badulla_Uva,18.6,91.44989053572039,0.0,1.62,104.1647579363949
2026-10-01T05:15:00+05:30,Badulla_Uva,18.5,91.88663784259217,0.0,1.62,100.44382242495531
2026-10-01T05:30:00+05:30,Badulla_Uva,18.5,92.32632148836313,0.0,1.61,96.72382292914338
2026-10-01T05:45:00+05:30,Badulla_Uva,18.4,92.77253910979584,0.0,1.66,93.00499229756223
2026-10-01T06:00:00+05:30,Badulla_Uva,18.4,93.22894023248614,1.0,1.71,89.28758281085497
2026-10-01T06:15:00+05:30,Badulla_Uva,18.6,93.69934692166959,25.0,1.7,85.57187471787641
2026-10-01T06:30:00+05:30,Badulla_Uva,19.1,94.1878810292202,67.0,1.65,81.85818453590228
2026-10-01T06:45:00+05:30,Badulla_Uva,20.1,94.69910663907285,117.0,1.5,78.14687676470459
2026-10-01T07:00:00+05:30,Badulla_Uva,21.6,95.23819828465508,174.0,1.25,74.438378357343
2026-10-01T07:15:00+05:30,Badulla_Uva,23.1,95.8111483118575,233.0,1.0,70.73319559071338
2026-10-01T07:30:00+05:30,Badulla_Uva,24.4,96.42503063021468,294.0,0.76,67.03193791254378
2026-10-01T07:45:00+05:30,Badulla_Uva,25.2,97.08834575312852,355.0,0.56,63.33534954294304
2026-10-01T08:00:00+05:30,Badulla_Uva,25.7,97.81148318098178,417.0,0.35,59.644350713100124
2026-10-01T08:15:00+05:30,Badulla_Uva,26.2,98.60735378134484,479.0,0.15,55.96009657234722
2026-10-01T08:30:00+05:30,Badulla_Uva,26.7,99.49227321159645,540.0,0.07,52.284060067695094
2026-10-01T08:45:00+05:30,Badulla_Uva,27.3,100.48722274086509,599.0,0.34,48.618149628197095
2026-10-01T09:00:00+05:30,Badulla_Uva,27.9,101.61968790854968,656.0,0.65,44.96488457295687
2026-10-01T09:15:00+05:30,Badulla_Uva,28.4,102.9264043179104,709.0,0.92,41.32766003252929
2026-10-01T09:30:00+05:30,Badulla_Uva,28.9,104.45756405053686,759.0,1.19,37.71115721977147
2026-10-01T09:45:00+05:30,Badulla_Uva,29.3,106.28343573018799,804.0,1.48,34.12200406218031
2026-10-01T10:00:00+05:30,Badulla_Uva,29.7,108.50508559091708,842.0,1.74,30.56987347689053
2026-10-01T10:15:00+05:30,Badulla_Uva,30.0,111.27224056041814,870.0,1.99,27.069380860347003
2026-10-01T10:30:00+05:30,Badulla_Uva,30.3,114.81377336821527,887.0,2.15,23.643509042617765
2026-10-01T10:45:00+05:30,Badulla_Uva,30.6,119.49019497316255,894.0,2.19,20.33005286415417
2026-10-01T11:00:00+05:30,Badulla_Uva,30.8,125.88067214367737,893.0,2.2,17.194160564135515
2026-10-01T11:15:00+05:30,Badulla_Uva,31.0,134.9001738797005,884.0,2.15,14.35272781169644
2026-10-01T11:30:00+05:30,Badulla_Uva,31.2,147.80914166321003,864.0,2.17,12.016517564525017
2026-10-01T11:45:00+05:30,Badulla_Uva,31.3,165.494947071591,838.0,2.23,10.527456775865431
2026-10-01T12:00:00+05:30,Badulla_Uva,31.3,186.3122371462896,808.0,2.32,10.261239117114599
2026-10-01T12:15:00+05:30,Badulla_Uva,31.3,205.6482325259779,780.0,2.36,11.30459202737029
2026-10-01T12:30:00+05:30,Badulla_Uva,31.2,220.41717315979258,752.0,2.25,13.354007180693841
2026-10-01T12:45:00+05:30,Badulla_Uva,31.0,230.81139578149717,722.0,1.87,16.02809351468393
2026-10-01T13:00:00+05:30,Badulla_Uva,30.8,238.1076914099977,690.0,1.5,19.06578156521583
2026-10-01T13:15:00+05:30,Badulla_Uva,30.5,243.37482334043992,657.0,1.41,22.319082308214817
2026-10-01T13:30:00+05:30,Badulla_Uva,30.0,247.31052599645545,623.0,1.34,25.706243928433736
2026-10-01T13:45:00+05:30,Badulla_Uva,29.4,250.3489777749342,588.0,0.87,29.18066765320244
2026-10-01T14:00:00+05:30,Badulla_Uva,28.7,252.76310665127573,550.0,0.22,32.71453938068982
2026-10-01T14:15:00+05:30,Badulla_Uva,27.9,254.72927239245945,505.0,0.85,36.29047229171398
2026-10-01T14:30:00+05:30,Badulla_Uva,27.4,256.36506378049074,453.0,1.3,39.89713235335708
2026-10-01T14:45:00+05:30,Badulla_Uva,27.2,257.75130591513306,401.0,1.23,43.52685525361309
2026-10-01T15:00:00+05:30,Badulla_Uva,27.2,258.9451320016202,357.0,0.86,47.17428974286646
2026-10-01T15:15:00+05:30,Badulla_Uva,27.3,259.9879636211615,328.0,0.36,50.83559378148789
2026-10-01T15:30:00+05:30,Badulla_Uva,27.2,260.91052497832845,314.0,0.07,54.50794176767135
2026-10-01T15:45:00+05:30,Badulla_Uva,26.8,261.7360816403443,301.0,0.35,58.18921039213241
2026-10-01T16:00:00+05:30,Badulla_Uva,26.4,262.48258796765424,279.0,0.71,61.877772908228366
2026-10-01T16:15:00+05:30,Badulla_Uva,25.9,263.1641460645945,240.0,1.02,65.57236223645384
2026-10-01T16:30:00+05:30,Badulla_Uva,25.4,263.7920190713661,190.0,1.23,69.2719756054851
2026-10-01T16:45:00+05:30,Badulla_Uva,25.1,264.37535023971157,141.0,1.27,72.97580736052838
2026-10-01T17:00:00+05:30,Badulla_Uva,24.8,264.92168400101525,101.0,1.21,76.6832021241454
2026-10-01T17:15:00+05:30,Badulla_Uva,24.5,265.4373510296824,74.0,1.1,80.39361935787853
2026-10-01T17:30:00+05:30,Badulla_Uva,24.2,265.9277592324239,52.0,1.0,84.10660686332366
2026-10-01T17:45:00+05:30,Badulla_Uva,23.9,266.3976192723134,29.0,0.9,87.8217820872037
2026-10-01T18:00:00+05:30,Badulla_Uva,23.7,266.8511241906511,5.0,0.8,91.53881641281131
2026-10-01T18:15:00+05:30,Badulla_Uva,23.4,267.2920979013906,0.0,0.7,95.25742265433641
2026-10-01T18:30:00+05:30,Badulla_Uva,23.2,267.72412385103564,0.0,0.55,98.97734631943398
2026-10-01T18:45:00+05:30,Badulla_Uva,23.0,268.1506626265883,0.0,0.4,102.69835694840759
2026-10-01T19:00:00+05:30,Badulla_Uva,22.8,268.57516697378276,0.0,0.27,106.42024046527155
2026-10-01T19:15:00+05:30,Badulla_Uva,22.7,269.00120279465773,0.0,0.16,110.14279355670739
2026-10-01T19:30:00+05:30,Badulla_Uva,22.6,269.4325854208658,0.0,0.22,113.86581661652487
2026-10-01T19:45:00+05:30,Badulla_Uva,22.6,269.87354361114933,0.0,0.35,117.589106251819
2026-10-01T20:00:00+05:30,Badulla_Uva,22.7,270.32892842321553,0.0,0.47,121.31244821405511
2026-10-01T20:15:00+05:30,Badulla_Uva,22.8,270.80449156139576,0.0,0.63,125.03560691059337
2026-10-01T20:30:00+05:30,Badulla_Uva,22.8,271.3072717661868,0.0,0.72,128.75831172674978
2026-10-01T20:45:00+05:30,Badulla_Uva,22.7,271.84615098613784,0.0,0.76,132.48023967287213
2026-10-01T21:00:00+05:30,Badulla_Uva,22.5,272.43268232158186,0.0,0.81,136.2009880909618
2026-10-01T21:15:00+05:30,Badulla_Uva,22.4,273.0823669552214,0.0,0.85,139.92003328216623
2026-10-01T21:30:00+05:30,Badulla_Uva,22.2,273.8166999867111,0.0,0.79,143.63666638605025
2026-10-01T21:45:00+05:30,Badulla_Uva,22.1,274.6665905544643,0.0,0.68,147.3498841890932
2026-10-01T22:00:00+05:30,Badulla_Uva,21.9,275.6783718477648,0.0,0.47,151.05819746617803
2026-10-01T22:15:00+05:30,Badulla_Uva,21.8,276.9250106403506,0.0,0.27,154.75927436492748
2026-10-01T22:30:00+05:30,Badulla_Uva,21.7,278.5285965020174,0.0,0.16,158.44921852683828
2026-10-01T22:45:00+05:30,Badulla_Uva,21.7,280.70980122480614,0.0,0.1,162.12096795791973
2026-10-01T23:00:00+05:30,Badulla_Uva,21.7,283.91036418330566,0.0,0.1,165.76027206871746
2026-10-01T23:15:00+05:30,Badulla_Uva,21.8,289.14804729512826,0.0,0.15,169.33369372026576
2026-10-01T23:30:00+05:30,Badulla_Uva,21.8,299.27777728460364,0.0,0.2,172.74305991857923
2026-10-01T23:45:00+05:30,Badulla_Uva,21.7,324.1414189274659,0.0,0.25,175.58969633908734
2026-10-02T00:00:00+05:30,Badulla_Uva,21.6,18.020005566267002,0.0,0.3,176.24053647648768
2026-10-02T00:15:00+05:30,Badulla_Uva,21.5,54.12192485455205,0.0,0.41,173.94101911113881
2026-10-02T00:30:00+05:30,Badulla_Uva,21.3,67.97224001848002,0.0,0.46,170.66283976545202
2026-10-02T00:45:00+05:30,Badulla_Uva,21.2,74.54849676984617,0.0,0.51,167.1335610330222
2026-10-02T01:00:00+05:30,Badulla_Uva,21.0,78.35211786314858,0.0,0.51,163.51376193982253
2026-10-02T01:15:00+05:30,Badulla_Uva,20.8,80.85148068666757,0.0,0.55,159.85227999146696
2026-10-02T01:30:00+05:30,Badulla_Uva,20.7,82.64223780420923,0.0,0.55,156.1684336691476
2026-10-02T01:45:00+05:30,Badulla_Uva,20.7,84.00797483718713,0.0,0.55,152.47132020553516
2026-10-02T02:00:00+05:30,Badulla_Uva,20.7,85.10013795886613,0.0,0.5,148.76577657747134
2026-10-02T02:15:00+05:30,Badulla_Uva,20.7,86.00682390594034,0.0,0.46,145.05461687313579
2026-10-02T02:30:00+05:30,Badulla_Uva,20.7,86.78278638812287,0.0,0.46,141.33959809443223
2026-10-02T02:45:00+05:30,Badulla_Uva,20.7,87.46391543044354,0.0,0.56,137.6218819252457
2026-10-02T03:00:00+05:30,Badulla_Uva,20.6,88.07480145448369,0.0,0.66,133.90227606757554
2026-10-02T03:15:00+05:30,Badulla_Uva,20.5,88.63294886731967,0.0,0.81,130.18136869341123
2026-10-02T03:30:00+05:30,Badulla_Uva,20.4,89.15125162237177,0.0,0.91,126.45960620935166
2026-10-02T03:45:00+05:30,Badulla_Uva,20.3,89.6395146066593,0.0,0.96,122.73734237949326
2026-10-02T04:00:00+05:30,Badulla_Uva,20.2,90.10542653499954,0.0,1.02,119.01487021374123
2026-10-02T04:15:00+05:30,Badulla_Uva,20.2,90.55520512242384,0.0,1.03,115.29244214699845
2026-10-02T04:30:00+05:30,Badulla_Uva,20.1,90.99403971306486,0.0,1.03,111.57028550970799
2026-10-02T04:45:00+05:30,Badulla_Uva,20.0,91.4264059783136,0.0,0.92,107.84861418389143
2026-10-02T05:00:00+05:30,Badulla_Uva,19.9,91.85629863321935,0.0,0.76,104.12763644434139
2026-10-02T05:15:00+05:30,Badulla_Uva,19.9,92.28741111399165,0.0,0.66,100.40756297535796
2026-10-02T05:30:00+05:30,Badulla_Uva,19.9,92.72328197631623,0.0,0.55,96.68861426457595
2026-10-02T05:45:00+05:30,Badulla_Uva,20.1,93.16742201638868,0.0,0.6,92.97102644136288
2026-10-02T06:00:00+05:30,Badulla_Uva,20.5,93.62343229565465,1.0,0.71,89.25505903590623
2026-10-02T06:15:00+05:30,Badulla_Uva,20.9,94.09512206469924,24.0,0.81,85.5410036539786
2026-10-02T06:30:00+05:30,Badulla_Uva,21.4,94.58663510666736,66.0,0.81,81.82919262721668
2026-10-02T06:45:00+05:30,Badulla_Uva,22.1,95.10259299399388,119.0,0.66,78.12001129944201
2026-10-02T07:00:00+05:30,Badulla_Uva,23.0,95.64826587155278,179.0,0.45,74.41391334414014
2026-10-02T07:15:00+05:30,Badulla_Uva,23.9,96.22978433929501,239.0,0.21,70.7114388231507
2026-10-02T07:30:00+05:30,Badulla_Uva,24.6,96.85441004266289,297.0,0.16,67.01323966022892
2026-10-02T07:45:00+05:30,Badulla_Uva,25.2,97.53089045078644,352.0,0.32,63.32011348087822
2026-10-02T08:00:00+05:30,Badulla_Uva,25.6,98.2699347448845,407.0,0.51,59.633047919626364
2026-10-02T08:15:00+05:30,Badulla_Uva,25.9,99.0848646922235,467.0,0.72,55.95328378262675
2026-10-02T08:30:00+05:30,Badulla_Uva,26.3,99.99252327429485,531.0,0.92,52.282403895649004
2026-10-02T08:45:00+05:30,Badulla_Uva,26.8,101.01456977262842,597.0,1.14,48.62245928597041
2026-10-02T09:00:00+05:30,Badulla_Uva,27.2,102.17936472648711,660.0,1.43,44.97615688379818
2026-10-02T09:15:00+05:30,Badulla_Uva,27.7,103.52477738398318,716.0,1.7,41.347142554531366
2026-10-02T09:30:00+05:30,Badulla_Uva,28.1,105.10247124968231,764.0,1.88,37.7404385360676
2026-10-02T09:45:00+05:30,Badulla_Uva,28.5,106.98461626610685,804.0,1.97,34.16314554817575
2026-10-02T10:00:00+05:30,Badulla_Uva,28.8,109.2746872271278,838.0,2.02,30.62560520942045
2026-10-02T10:15:00+05:30,Badulla_Uva,29.2,112.12528697982407,866.0,2.0,27.143396920374904
2026-10-02T10:30:00+05:30,Badulla_Uva,29.5,115.76813932032155,890.0,2.04,23.74091247890385
2026-10-02T10:45:00+05:30,Badulla_Uva,29.7,120.56458609235585,904.0,2.11,20.458000182624517
2026-10-02T11:00:00+05:30,Badulla_Uva,29.9,127.08593980804466,902.0,2.19,17.36264884086694
2026-10-02T11:15:00+05:30,Badulla_Uva,30.1,136.21094854242097,872.0,2.24,14.574881253916686
2026-10-02T11:30:00+05:30,Badulla_Uva,30.1,149.09151218826435,810.0,2.25,12.305574690110731
2026-10-02T11:45:00+05:30,Badulla_Uva,29.9,166.4176458064794,731.0,2.34,10.884025191514297
2026-10-02T12:00:00+05:30,Badulla_Uva,29.7,186.51480585447874,656.0,2.6,10.655134556004356
2026-10-02T12:15:00+05:30,Badulla_Uva,29.3,205.18309217029213,607.0,2.76,11.68917694140056
2026-10-02T12:30:00+05:30,Badulla_Uva,28.7,219.62217858560592,580.0,2.61,13.70316491535219
2026-10-02T12:45:00+05:30,Badulla_Uva,27.9,229.9321590452345,560.0,1.9,16.338639619419936
2026-10-02T13:00:00+05:30,Badulla_Uva,26.9,237.25042151868084,531.0,1.16,19.3432038755042
2026-10-02T13:15:00+05:30,Badulla_Uva,25.9,242.57367634920277,478.0,1.7,22.56991680152359
2026-10-02T13:30:00+05:30,Badulla_Uva,25.0,246.57124206643533,400.0,2.42,25.935979082107465
2026-10-02T13:45:00+05:30,Badulla_Uva,24.3,249.66747233246792,318.0,2.58,29.39353574966909
2026-10-02T14:00:00+05:30,Badulla_Uva,23.7,252.1325451466247,255.0,2.4,32.91374414207258
2026-10-02T14:15:00+05:30,Badulla_Uva,23.1,254.14261949542754,229.0,2.2,36.478448781461765
2026-10-02T14:30:00+05:30,Badulla_Uva,22.7,255.81591800019913,234.0,2.15,40.07575413982058
2026-10-02T14:45:00+05:30,Badulla_Uva,22.4,257.23409523451335,251.0,2.22,43.69758541922906
2026-10-02T15:00:00+05:30,Badulla_Uva,22.2,258.4550814740363,260.0,2.32,47.338288350984676
2026-10-02T15:15:00+05:30,Badulla_Uva,22.1,259.5209923235703,250.0,2.38,50.99379430761411
2026-10-02T15:30:00+05:30,Badulla_Uva,22.1,260.46313150364176,228.0,2.29,54.66110593808443
2026-10-02T15:45:00+05:30,Badulla_Uva,22.3,261.3052387786661,202.0,2.06,58.33796803849258
2026-10-02T16:00:00+05:30,Badulla_Uva,22.6,262.0656521922315,176.0,1.7,62.02265135659927
2026-10-02T16:15:00+05:30,Badulla_Uva,22.9,262.7587817706673,154.0,1.37,65.71380830333561
2026-10-02T16:30:00+05:30,Badulla_Uva,23.0,263.3961356010111,133.0,1.11,69.41037231393408
2026-10-02T16:45:00+05:30,Badulla_Uva,23.0,263.9870493119636,112.0,0.85,73.11148684042807
2026-10-02T17:00:00+05:30,Badulla_Uva,22.8,264.53921528639046,91.0,0.62,76.81645572590992
2026-10-02T17:15:00+05:30,Badulla_Uva,22.6,265.05907387526423,69.0,0.4,80.52470571683821
2026-10-02T17:30:00+05:30,Badulla_Uva,22.4,265.5521088275972,47.0,0.27,84.23575845306321
2026-10-02T17:45:00+05:30,Badulla_Uva,22.3,266.0230757677094,24.0,0.11,87.94921065486193
2026-10-02T18:00:00+05:30,Badulla_Uva,22.3,266.47618343118404,4.0,0.1,91.66471760655381
2026-10-02T18:15:00+05:30,Badulla_Uva,22.2,266.91524250600867,0.0,0.22,95.38198008161366
2026-10-02T18:30:00+05:30,Badulla_Uva,22.1,267.3437933536657,0.0,0.32,99.10073523638277
2026-10-02T18:45:00+05:30,Badulla_Uva,22.1,267.7652212783241,0.0,0.3,102.82074775931738
2026-10-02T19:00:00+05:30,Badulla_Uva,22.0,268.1828675732614,0.0,0.32,106.54180220047837
2026-10-02T19:15:00+05:30,Badulla_Uva,22.0,268.6001445195683,0.0,0.43,110.26369751235362
2026-10-02T19:30:00+05:30,Badulla_Uva,21.9,269.0206630266685,0.0,0.51,113.986240361672
2026-10-02T19:45:00+05:30,Badulla_Uva,21.9,269.44838443118493,0.0,0.5,117.70923825565836
2026-10-02T20:00:00+05:30,Badulla_Uva,21.9,269.88781218084324,0.0,0.45,121.43249344464579
2026-10-02T20:15:00+05:30,Badulla_Uva,21.9,270.3442458278212,0.0,0.35,125.15579387815475
2026-10-02T20:30:00+05:30,Badulla_Uva,21.9,270.8241324798581,0.0,0.3,128.87890167519947
2026-10-02T20:45:00+05:30,Badulla_Uva,21.8,271.3355719707498,0.0,0.3,132.601538981807
2026-10-02T21:00:00+05:30,Badulla_Uva,21.7,271.889068773649,0.0,0.38,136.3233655531202
2026-10-02T21:15:00+05:30,Badulla_Uva,21.6,272.4986926672437,0.0,0.47,140.043944976205
2026-10-02T21:30:00+05:30,Badulla_Uva,21.6,273.1839414230418,0.0,0.5,143.762692727459
2026-10-02T21:45:00+05:30,Badulla_Uva,21.6,273.97286246819857,0.0,0.43,147.4787872847794
2026-10-02T22:00:00+05:30,Badulla_Uva,21.6,274.9075571716148,0.0,0.29,151.19101387626552
2026-10-02T22:15:00+05:30,Badulla_Uva,21.6,276.05449500214684,0.0,0.16,154.8974731241418
2026-10-02T22:30:00+05:30,Badulla_Uva,21.6,277.52534116730624,0.0,0.1,158.59498780755462
2026-10-02T22:45:00+05:30,Badulla_Uva,21.6,279.5231981353178,0.0,0.15,162.27777719298285
2026-10-02T23:00:00+05:30,Badulla_Uva,21.5,282.4588340750596,0.0,0.25,165.93408703862184
2026-10-02T23:15:00+05:30,Badulla_Uva,21.5,287.2963184961586,0.0,0.35,169.5359329012012
2026-10-02T23:30:00+05:30,Badulla_Uva,21.4,296.84818974631554,0.0,0.4,172.99854140006659
2026-10-02T23:45:00+05:30,Badulla_Uva,21.3,321.8663516214665,0.0,0.4,175.94748937323274
2026-10-03T00:00:00+05:30,Badulla_Uva,21.2,21.28567683894005,0.0,0.4,176.57879016825854
2026-10-03T00:15:00+05:30,Badulla_Uva,21.1,57.61334685854581,0.0,0.35,174.09529015287148
2026-10-03T00:30:00+05:30,Badulla_Uva,21.0,70.3794421674948,0.0,0.35,170.7315463327006
2026-10-03T00:45:00+05:30,Badulla_Uva,20.9,76.32027005802001,0.0,0.35,167.16184779951092
2026-10-03T01:00:00+05:30,Badulla_Uva,20.8,79.74448827174598,0.0,0.35,163.51959275595536
2026-10-03T01:15:00+05:30,Badulla_Uva,20.6,81.99808385524841,0.0,0.35,159.84419211812673
2026-10-03T01:30:00+05:30,Badulla_Uva,20.5,83.61877626235321,0.0,0.35,156.1510877903278
2026-10-03T01:45:00+05:30,Badulla_Uva,20.4,84.86086959707285,0.0,0.35,152.44752727898054
2026-10-03T02:00:00+05:30,Badulla_Uva,20.3,85.85973891078243,0.0,0.35,148.7373621072569
2026-10-03T02:15:00+05:30,Badulla_Uva,20.2,86.69401529851007,0.0,0.35,145.0228363372966
2026-10-03T02:30:00+05:30,Badulla_Uva,20.1,87.41254726417799,0.0,0.35,141.30535589385832
2026-10-03T02:45:00+05:30,Badulla_Uva,19.9,88.04736458765058,0.0,0.4,137.58585545658684
2026-10-03T03:00:00+05:30,Badulla_Uva,19.8,88.62043604977526,0.0,0.45,133.8649902742767
2026-10-03T03:15:00+05:30,Badulla_Uva,19.6,89.14742891450766,0.0,0.5,130.14324309831133
2026-10-03T03:30:00+05:30,Badulla_Uva,19.4,89.63991618144689,0.0,0.55,126.42098585417091
2026-10-03T03:45:00+05:30,Badulla_Uva,19.2,90.10673288317764,0.0,0.6,122.69851894459312
2026-10-03T04:00:00+05:30,Badulla_Uva,19.0,90.55484381646761,0.0,0.71,118.97609694043751
2026-10-03T04:15:00+05:30,Badulla_Uva,18.9,90.98991972860517,0.0,0.76,115.25394473985374
2026-10-03T04:30:00+05:30,Badulla_Uva,18.8,91.41673358259743,0.0,0.81,111.532270380029
2026-10-03T04:45:00+05:30,Badulla_Uva,18.7,91.83944346948977,0.0,0.86,107.81127491955316
2026-10-03T05:00:00+05:30,Badulla_Uva,18.7,92.26180321633183,0.0,0.86,104.09115909646277
2026-10-03T05:15:00+05:30,Badulla_Uva,18.8,92.68732657720625,0.0,0.86,100.37213058183212
2026-10-03T05:30:00+05:30,Badulla_Uva,19.0,93.11942280647588,0.0,0.86,96.65441092144462
2026-10-03T05:45:00+05:30,Badulla_Uva,19.4,93.56151635781555,0.0,0.81,92.93824116214883
2026-10-03T06:00:00+05:30,Badulla_Uva,19.8,94.01716008459141,1.0,0.76,89.22388960952152
2026-10-03T06:15:00+05:30,Badulla_Uva,20.3,94.49015042852864,24.0,0.7,85.51166069644286
2026-10-03T06:30:00+05:30,Badulla_Uva,20.9,94.98465283317114,67.0,0.6,81.80190402694615
2026-10-03T06:45:00+05:30,Badulla_Uva,21.5,95.50534575965412,121.0,0.5,78.09502728849462
2026-10-03T07:00:00+05:30,Badulla_Uva,22.2,96.05759395198902,184.0,0.4,74.39151245872198
2026-10-03T07:15:00+05:30,Badulla_Uva,22.9,96.64766470795848,248.0,0.25,70.6919351031972
2026-10-03T07:30:00+05:30,Badulla_Uva,23.5,97.28300510556477,308.0,0.16,66.99699154235029
2026-10-03T07:45:00+05:30,Badulla_Uva,24.1,97.97260620954762,364.0,0.1,63.30753499392257
2026-10-03T08:00:00+05:30,Badulla_Uva,24.7,98.72749198298749,422.0,0.14,59.624623037685794
2026-10-03T08:15:00+05:30,Badulla_Uva,25.3,99.56138789635406,485.0,0.29,55.94958513831933
2026-10-03T08:30:00+05:30,Badulla_Uva,25.8,100.49165354292222,554.0,0.43,52.28411759010239
2026-10-03T08:45:00+05:30,Badulla_Uva,26.3,101.54060998649413,626.0,0.57,48.63041835130611
2026-10-03T09:00:00+05:30,Badulla_Uva,26.7,102.73746764571592,692.0,0.78,44.991387210286405
2026-10-03T09:15:00+05:30,Badulla_Uva,27.1,104.12118956347751,746.0,0.92,41.37092708219689
2026-10-03T09:30:00+05:30,Badulla_Uva,27.4,105.74484566719633,785.0,1.12,37.77440867639708
2026-10-03T09:45:00+05:30,Badulla_Uva,27.8,107.68239792555585,814.0,1.32,34.20941377927067
2026-10-03T10:00:00+05:30,Badulla_Uva,28.1,110.03953993171609,834.0,1.52,30.686960517020935
2026-10-03T10:15:00+05:30,Badulla_Uva,28.4,112.97141053189597,850.0,1.77,27.223595629999863
2026-10-03T10:30:00+05:30,Badulla_Uva,28.6,116.71196099236317,859.0,1.92,23.845107591511336
2026-10-03T10:45:00+05:30,Badulla_Uva,28.7,121.62222118440263,861.0,2.07,20.59334048224909
2026-10-03T11:00:00+05:30,Badulla_Uva,28.8,128.2637166587649,854.0,2.16,17.538945700972278
2026-10-03T11:15:00+05:30,Badulla_Uva,28.9,137.4768337527209,835.0,2.27,14.804617764972392
2026-10-03T11:30:00+05:30,Badulla_Uva,28.8,150.308253112689,802.0,2.27,12.600495473980317
2026-10-03T11:45:00+05:30,Badulla_Uva,28.6,167.27444420662414,761.0,2.22,11.2428776706586
2026-10-03T12:00:00+05:30,Badulla_Uva,28.4,186.6960697749793,721.0,2.13,11.048362458970672
2026-10-03T12:15:00+05:30,Badulla_Uva,28.0,204.74225078570538,687.0,1.98,12.073297870708785
2026-10-03T12:30:00+05:30,Badulla_Uva,27.6,218.86310068571677,659.0,1.84,14.053353208130602
2026-10-03T12:45:00+05:30,Badulla_Uva,27.2,229.0833818478869,634.0,1.66,16.651204104247782
2026-10-03T13:00:00+05:30,Badulla_Uva,26.6,236.41581257292208,607.0,1.44,19.622985425782787
2026-10-03T13:15:00+05:30,Badulla_Uva,26.0,241.7890106366499,578.0,1.21,22.823078064334283
2026-10-03T13:30:00+05:30,Badulla_Uva,25.5,245.8440849585918,548.0,1.05,26.167837192805656
2026-10-03T13:45:00+05:30,Badulla_Uva,25.1,248.9950855307871,517.0,0.89,29.60825690039011
2026-10-03T14:00:00+05:30,Badulla_Uva,24.6,251.50900172621834,485.0,0.81,33.11451530011672
2026-10-03T14:15:00+05:30,Badulla_Uva,24.2,253.5614872140104,449.0,0.65,36.667709980935285
2026-10-03T14:30:00+05:30,Badulla_Uva,23.9,255.27120018198724,410.0,0.6,40.25539260723645
2026-10-03T14:45:00+05:30,Badulla_Uva,23.6,256.7204966852038,371.0,0.52,43.86908053466362
2026-10-03T15:00:00+05:30,Badulla_Uva,23.5,257.9680205313161,334.0,0.46,47.5028163820638
2026-10-03T15:15:00+05:30,Badulla_Uva,23.4,259.0565258127416,301.0,0.4,51.152303666995884
2026-10-03T15:30:00+05:30,Badulla_Uva,23.3,260.0178580696252,271.0,0.3,54.81437158933072
2026-10-03T15:45:00+05:30,Badulla_Uva,23.2,260.87620512659953,242.0,0.21,58.486631262017134
2026-10-03T16:00:00+05:30,Badulla_Uva,23.2,261.65027020359736,213.0,0.16,62.167249198289454
2026-10-03T16:15:00+05:30,Badulla_Uva,23.2,262.35475787233065,184.0,0.11,65.85479568740925
2026-10-03T16:30:00+05:30,Badulla_Uva,23.1,263.0014112981056,155.0,0.11,69.54813888797813
2026-10-03T16:45:00+05:30,Badulla_Uva,23.1,263.59975105137397,127.0,0.18,73.24636999280972
2026-10-03T17:00:00+05:30,Badulla_Uva,23.0,264.1576117383338,98.0,0.22,76.94875080191912
2026-10-03T17:15:00+05:30,Badulla_Uva,23.0,264.6815388612825,69.0,0.27,80.65467415831789
2026-10-03T17:30:00+05:30,Badulla_Uva,22.9,265.1770883308546,41.0,0.32,84.3636344024183
2026-10-03T17:45:00+05:30,Badulla_Uva,22.8,265.64905763306683,18.0,0.3,88.07520641783613
2026-10-03T18:00:00+05:30,Badulla_Uva,22.7,266.1016684756803,2.0,0.35,91.78902827847388
2026-10-03T18:15:00+05:30,Badulla_Uva,22.6,266.5387158094451,0.0,0.3,95.50478757696759
2026-10-03T18:30:00+05:30,Badulla_Uva,22.5,266.9636944616245,0.0,0.3,99.22221191633041
2026-10-03T18:45:00+05:30,Badulla_Uva,22.4,267.3799119204773,0.0,0.27,102.94105983505924
2026-10-03T19:00:00+05:30,Badulla_Uva,22.3,267.79059525044914,0.0,0.29,106.66111307410027
2026-10-03T19:15:00+05:30,Badulla_Uva,22.2,268.19899989955354,0.0,0.25,110.38217122216285
2026-10-03T19:30:00+05:30,Badulla_Uva,22.1,268.60852845764026,0.0,0.25,114.10404532874321
2026-10-03T19:45:00+05:30,Badulla_Uva,22.0,269.02286991287735,0.0,0.27,117.8265515686592
2026-10-03T20:00:00+05:30,Badulla_Uva,21.9,269.44617364881486,0.0,0.32,121.5495059918124
2026-10-03T20:15:00+05:30,Badulla_Uva,21.9,269.88327833630706,0.0,0.3,125.27271676873823
2026-10-03T20:30:00+05:30,Badulla_Uva,21.8,270.3400272839061,0.0,0.35,128.9959745828935
2026-10-03T20:45:00+05:30,Badulla_Uva,21.7,270.82372073930094,0.0,0.4,132.71904138111717
2026-10-03T21:00:00+05:30,Badulla_Uva,21.6,271.3437886596458,0.0,0.4,136.44163236569005
2026-10-03T21:15:00+05:30,Badulla_Uva,21.5,271.9128297142678,0.0,0.46,140.16338910345155
2026-10-03T21:30:00+05:30,Badulla_Uva,21.5,272.54828102865235,0.0,0.46,143.88383868423116
2026-10-03T21:45:00+05:30,Badulla_Uva,21.4,273.2752226404955,0.0,0.46,147.6023234127682
2026-10-03T22:00:00+05:30,Badulla_Uva,21.3,274.1313378555449,0.0,0.52,151.31787714824202
2026-10-03T22:15:00+05:30,Badulla_Uva,21.2,275.1762480220725,0.0,0.52,155.02899446271584
2026-10-03T22:30:00+05:30,Badulla_Uva,21.2,276.51047574359256,0.0,0.52,158.7331579370021
2026-10-03T22:45:00+05:30,Badulla_Uva,21.1,278.31791755561767,0.0,0.52,162.42577456321112
2026-10-03T23:00:00+05:30,Badulla_Uva,21.1,280.9740771225087,0.0,0.59,166.09744249668898
2026-10-03T23:15:00+05:30,Badulla_Uva,21.0,285.37576443773037,0.0,0.59,169.7254716706088
2026-10-03T23:30:00+05:30,Badulla_Uva,21.0,294.2405047132295,0.0,0.59,173.23901377068523
2026-10-03T23:45:00+05:30,Badulla_Uva,20.9,319.14619811819455,0.0,0.59,176.2962189524884
2026-10-04T00:00:00+05:30,Badulla_Uva,20.9,25.22066032460782,0.0,0.59,176.90357215834482
2026-10-04T00:15:00+05:30,Badulla_Uva,20.9,61.26407280550683,0.0,0.59,174.22763607563485
2026-10-04T00:30:00+05:30,Badulla_Uva,20.8,72.81112954897407,0.0,0.59,170.7851495638319
2026-10-04T00:45:00+05:30,Badulla_Uva,20.8,78.0936136796962,0.0,0.59,167.179504763095
2026-10-04T01:00:00+05:30,Badulla_Uva,20.8,81.13375197810535,0.0,0.59,163.5175463848314
2026-10-04T01:15:00+05:30,Badulla_Uva,20.8,83.14078696231985,0.0,0.54,159.83004701472413
2026-10-04T01:30:00+05:30,Badulla_Uva,20.7,84.5915739244627,0.0,0.54,156.12897153553493
2026-10-04T01:45:00+05:30,Badulla_Uva,20.7,85.71040068406819,0.0,0.54,152.41992376195537
2026-10-04T02:00:00+05:30,Badulla_Uva,20.7,86.61636745982088,0.0,0.54,148.7058837110589
2026-10-04T02:15:00+05:30,Badulla_Uva,20.6,87.37858470765934,0.0,0.54,144.98859277467983
2026-10-04T02:30:00+05:30,Badulla_Uva,20.6,88.03998565782763,0.0,0.54,141.26914793240877
2026-10-04T02:45:00+05:30,Badulla_Uva,20.5,88.6287432519905,0.0,0.59,137.54828448355553
2026-10-04T03:00:00+05:30,Badulla_Uva,20.4,89.16421137852882,0.0,0.63,133.82652407438516
2026-10-04T03:15:00+05:30,Badulla_Uva,20.2,89.66022697373853,0.0,0.68,130.10425734332313
2026-10-04T03:30:00+05:30,Badulla_Uva,20.1,90.12704801164068,0.0,0.73,126.38179141013396
2026-10-04T03:45:00+05:30,Badulla_Uva,19.9,90.57254454803149,0.0,0.78,122.65938054015314
2026-10-04T04:00:00+05:30,Badulla_Uva,19.7,91.00296137936499,0.0,0.87,118.93724639024987
2026-10-04T04:15:00+05:30,Badulla_Uva,19.6,91.42342539575105,0.0,0.92,115.21559064432685
2026-10-04T04:30:00+05:30,Badulla_Uva,19.5,91.83829563067547,0.0,0.97,111.49460550619001
2026-10-04T04:45:00+05:30,Badulla_Uva,19.4,92.2514145127522,0.0,1.02,107.77448203672427
2026-10-04T05:00:00+05:30,Badulla_Uva,19.4,92.66629646197845,0.0,1.07,104.0554158042875
2026-10-04T05:15:00+05:30,Badulla_Uva,19.5,93.08627666679371,0.0,1.07,100.33761349650587
2026-10-04T05:30:00+05:30,Badulla_Uva,19.6,93.5146358827302,0.0,1.07,96.62129950186836
2026-10-04T05:45:00+05:30,Badulla_Uva,19.9,93.95471273987266,0.0,1.02,92.90672139966738
2026-10-04T06:00:00+05:30,Badulla_Uva,20.2,94.41001213099202,1.0,0.97,89.19415777572148
2026-10-04T06:15:00+05:30,Badulla_Uva,20.6,94.88431765838095,24.0,0.91,85.4839273356499
2026-10-04T06:30:00+05:30,Badulla_Uva,21.0,95.38181608850664,67.0,0.81,81.77639839359729
2026-10-04T06:45:00+05:30,Badulla_Uva,21.5,95.90724207324087,121.0,0.72,78.0720024465292
2026-10-04T07:00:00+05:30,Badulla_Uva,22.0,96.46605380558941,183.0,0.61,74.37125132494023
2026-10-04T07:15:00+05:30,Badulla_Uva,22.6,97.06465353806539,245.0,0.46,70.67475777721252
2026-10-04T07:30:00+05:30,Badulla_Uva,23.1,97.71067122923478,302.0,0.35,66.9832643843393
2026-10-04T07:45:00+05:30,Badulla_Uva,23.6,98.41333784759303,356.0,0.25,63.29768207302399
2026-10-04T08:00:00+05:30,Badulla_Uva,24.1,99.18398679585232,410.0,0.1,59.61914081586681
2026-10-04T08:15:00+05:30,Badulla_Uva,24.6,100.03673945428062,471.0,0.05,55.949061610971576
2026-10-04T08:30:00+05:30,Badulla_Uva,25.0,100.98946050517833,539.0,0.18,52.289257633938156
2026-10-04T08:45:00+05:30,Badulla_Uva,25.5,102.0651154548438,609.0,0.36,48.642077851492054
2026-10-04T09:00:00+05:30,Badulla_Uva,25.9,103.29373795017403,674.0,0.5,45.010619782417535
2026-10-04T09:15:00+05:30,Badulla_Uva,26.2,104.7153428603853,721.0,0.71,41.39904915148645
2026-10-04T09:30:00+05:30,Badulla_Uva,26.6,106.38433864249095,752.0,0.89,37.81309171741628
2026-10-04T09:45:00+05:30,Badulla_Uva,27.0,108.37636620813998,769.0,1.1,34.26081722814496
2026-10-04T10:00:00+05:30,Badulla_Uva,27.4,110.79914385353715,776.0,1.28,30.753925865136857
2026-10-04T10:15:00+05:30,Badulla_Uva,27.7,113.81000386650726,779.0,1.49,27.309931273935028
2026-10-04T10:30:00+05:30,Badulla_Uva,28.0,117.64450944950681,774.0,1.67,23.956000012021036
2026-10-04T10:45:00+05:30,Badulla_Uva,28.2,122.66228608731177,761.0,1.81,20.73590433329528
2026-10-04T11:00:00+05:30,Badulla_Uva,28.4,129.4133321910969,737.0,1.92,17.722768314647794
2026-10-04T11:15:00+05:30,Badulla_Uva,28.5,138.69809566491034,698.0,1.96,15.041506717448485
2026-10-04T11:30:00+05:30,Badulla_Uva,28.5,151.4622122271292,641.0,2.0,12.900752454391423
2026-10-04T11:45:00+05:30,Badulla_Uva,28.3,168.07059722199472,575.0,1.94,11.603631660925814
2026-10-04T12:00:00+05:30,Badulla_Uva,28.0,186.8578422066338,514.0,1.82,11.440787035801321
2026-10-04T12:15:00+05:30,Badulla_Uva,27.7,204.32317529116168,467.0,1.66,12.456781020802211
2026-10-04T12:30:00+05:30,Badulla_Uva,27.3,218.13729550448113,434.0,1.48,14.404284741829045
2026-10-04T12:45:00+05:30,Badulla_Uva,26.8,228.2635357036718,408.0,1.3,16.965474408984534
2026-10-04T13:00:00+05:30,Badulla_Uva,26.2,235.6031163302653,383.0,1.1,19.90483771992416
2026-10-04T13:15:00+05:30,Badulla_Uva,25.7,241.0204857194468,356.0,0.96,23.078311330457396
2026-10-04T13:30:00+05:30,Badulla_Uva,25.1,245.128915802605,331.0,0.89,26.401593373254748
2026-10-04T13:45:00+05:30,Badulla_Uva,24.6,248.33177915122997,306.0,0.88,29.824629900646535
2026-10-04T14:00:00+05:30,Badulla_Uva,24.2,250.89248982429797,281.0,0.94,33.3166699009789
2026-10-04T14:15:00+05:30,Badulla_Uva,23.8,252.9859162797748,256.0,1.03,36.858087010673536
2026-10-04T14:30:00+05:30,Badulla_Uva,23.4,254.73096585959973,230.0,1.08,40.435889856086916
2026-10-04T14:45:00+05:30,Badulla_Uva,23.2,256.21057400396796,206.0,1.11,44.04119140382643
2026-10-04T15:00:00+05:30,Badulla_Uva,23.0,257.4840175502012,183.0,1.1,47.66773164959124
2026-10-04T15:15:00+05:30,Badulla_Uva,22.9,258.5946351660185,163.0,1.05,51.31098540881087
2026-10-04T15:30:00+05:30,Badulla_Uva,22.8,259.5747774127633,145.0,1.02,54.96760703386125
2026-10-04T15:45:00+05:30,Badulla_Uva,22.7,260.44905455135495,129.0,1.0,58.635072383232334
2026-10-04T16:00:00+05:30,Badulla_Uva,22.6,261.23651677493194,113.0,0.94,62.31144216668632
2026-10-04T16:15:00+05:30,Badulla_Uva,22.6,261.952150010412,96.0,0.94,65.9952030570381
2026-10-04T16:30:00+05:30,Badulla_Uva,22.5,262.60792275329493,80.0,0.92,69.68515654082091
2026-10-04T16:45:00+05:30,Badulla_Uva,22.5,263.21353316458635,65.0,0.92,73.38034025624863
2026-10-04T17:00:00+05:30,Badulla_Uva,22.4,263.7769524082857,50.0,0.93,77.07997274434982
2026-10-04T17:15:00+05:30,Badulla_Uva,22.4,264.30482666624476,35.0,0.96,80.78341179536524
2026-10-04T17:30:00+05:30,Badulla_Uva,22.3,264.80278038086885,20.0,0.98,84.49012334269497
2026-10-04T17:45:00+05:30,Badulla_Uva,22.3,265.2756498531281,9.0,1.01,88.19965934391661
2026-10-04T18:00:00+05:30,Badulla_Uva,22.2,265.7276671003821,1.0,1.06,91.9116395664599
2026-10-04T18:15:00+05:30,Badulla_Uva,22.1,266.1626088947175,0.0,1.06,95.6257372889003
2026-10-04T18:30:00+05:30,Badulla_Uva,22.0,266.5839221655826,0.0,1.11,99.34166936578042
2026-10-04T18:45:00+05:30,Badulla_Uva,22.0,266.99483415817065,0.0,1.11,103.05918688566221
2026-10-04T19:00:00+05:30,Badulla_Uva,21.9,267.39845506524426,0.0,1.15,106.77806733454237
2026-10-04T19:15:00+05:30,Badulla_Uva,21.8,267.7978804611592,0.0,1.17,110.49810929356036
2026-10-04T19:30:00+05:30,Badulla_Uva,21.8,268.19630094178103,0.0,1.17,114.2191262829541
2026-10-04T19:45:00+05:30,Badulla_Uva,21.7,268.5971285136118,0.0,1.17,117.94094087337665
2026-10-04T20:00:00+05:30,Badulla_Uva,21.6,269.0041524349586,0.0,1.17,121.66338016457743
2026-10-04T20:15:00+05:30,Badulla_Uva,21.6,269.42174230114483,0.0,1.12,125.38626914915197
2026-10-04T20:30:00+05:30,Badulla_Uva,21.5,269.8551261990226,0.0,1.12,129.1094227994684
2026-10-04T20:45:00+05:30,Badulla_Uva,21.5,270.310788374451,0.0,1.08,132.83263736693698
2026-10-04T21:00:00+05:30,Badulla_Uva,21.4,270.79705991530875,0.0,1.08,136.55567628902745
2026-10-04T21:15:00+05:30,Badulla_Uva,21.4,271.32503097403196,0.0,1.01,140.2782494331603
2026-10-04T21:30:00+05:30,Badulla_Uva,21.3,271.91001825613705,0.0,0.97,143.99998217793922
2026-10-04T21:45:00+05:30,Badulla_Uva,21.3,272.5740343871121,0.0,0.92,147.72036178756224
2026-10-04T22:00:00+05:30,Badulla_Uva,21.2,273.35016772046606,0.0,0.85,151.43864316665497
2026-10-04T22:15:00+05:30,Badulla_Uva,21.2,274.2908566672569,0.0,0.76,155.15367301198083
2026-10-04T22:30:00+05:30,Badulla_Uva,21.1,275.4847907976835,0.0,0.7,158.86352767713845
2026-10-04T22:45:00+05:30,Badulla_Uva,21.1,277.0950693967327,0.0,0.63,162.56469331804536
2026-10-04T23:00:00+05:30,Badulla_Uva,21.0,279.4576729415935,0.0,0.59,166.24993809843113
2026-10-04T23:15:00+05:30,Badulla_Uva,21.0,283.38814370405106,0.0,0.52,169.90159244762037
2026-10-04T23:30:00+05:30,Badulla_Uva,21.0,291.44877436151836,0.0,0.47,173.4628701290478
2026-10-04T23:45:00+05:30,Badulla_Uva,20.9,315.860646731415,0.0,0.43,176.63326622742625
2026-10-05T00:00:00+05:30,Badulla_Uva,20.9,30.011707344335036,0.0,0.41,177.21053459576498
2026-10-05T00:15:00+05:30,Badulla_Uva,20.9,65.05544780876596,0.0,0.36,174.3367564146705
2026-10-05T00:30:00+05:30,Badulla_Uva,20.9,75.25928888247495,0.0,0.36,170.82356674050294
2026-10-05T00:45:00+05:30,Badulla_Uva,20.9,79.86528394954269,0.0,0.36,167.18664353142663
2026-10-05T01:00:00+05:30,Badulla_Uva,20.9,82.51832497397652,0.0,0.32,163.5077659088234
2026-10-05T01:15:00+05:30,Badulla_Uva,20.9,84.27868676813205,0.0,0.32,159.80998739487023
2026-10-05T01:30:00+05:30,Badulla_Uva,20.9,85.560050843579,0.0,0.32,156.10222083447408
2026-10-05T01:45:00+05:30,Badulla_Uva,20.9,86.55616009466507,0.0,0.32,152.38863820578337
2026-10-05T02:00:00+05:30,Badulla_Uva,20.9,87.36971540223033,0.0,0.27,148.67146330889648
2026-10-05T02:15:00+05:30,Badulla_Uva,20.9,88.0602859496679,0.0,0.27,144.95200241768686
2026-10-05T02:30:00+05:30,Badulla_Uva,20.8,88.6648960599008,0.0,0.32,141.23108559865986
2026-10-05T02:45:00+05:30,Badulla_Uva,20.7,89.20787374471416,0.0,0.43,137.5092762479803
2026-10-05T03:00:00+05:30,Badulla_Uva,20.5,89.7059694402468,0.0,0.63,133.78698111782933
2026-10-05T03:15:00+05:30,Badulla_Uva,20.3,90.17119930190705,0.0,0.82,130.06451192298786
2026-10-05T03:30:00+05:30,Badulla_Uva,20.1,90.6125138685345,0.0,0.93,126.34212055940255
2026-10-05T03:45:00+05:30,Badulla_Uva,20.1,91.03682414652053,0.0,0.98,122.62002230389528
2026-10-05T04:00:00+05:30,Badulla_Uva,20.1,91.44965953267086,0.0,0.98,118.89841136593566
2026-10-05T04:15:00+05:30,Badulla_Uva,20.2,91.85560662504435,0.0,0.93,115.17747049068868
2026-10-05T04:30:00+05:30,Badulla_Uva,20.2,92.25861328666781,0.0,0.93,111.4573794647988
2026-10-05T04:45:00+05:30,Badulla_Uva,20.3,92.66220840916105,0.0,0.93,107.7383221482093
2026-10-05T05:00:00+05:30,Badulla_Uva,20.4,93.06966862533545,0.0,0.89,104.02049127691792
2026-10-05T05:15:00+05:30,Badulla_Uva,20.5,93.48415176293406,0.0,0.87,100.30409455819503
2026-10-05T05:30:00+05:30,Badulla_Uva,20.7,93.90881093052917,0.0,0.82,96.58936098424724
2026-10-05T05:45:00+05:30,Badulla_Uva,20.9,94.34689947094398,0.0,0.76,92.87654625784205
2026-10-05T06:00:00+05:30,Badulla_Uva,21.1,94.80187455264968,1.0,0.67,89.16594072715512
2026-10-05T06:15:00+05:30,Badulla_Uva,21.4,95.27750686913453,29.0,0.56,85.45787879227781
2026-10-05T06:30:00+05:30,Badulla_Uva,21.7,95.77800410562998,79.0,0.45,81.7527488822062
2026-10-05T06:45:00+05:30,Badulla_Uva,22.0,96.30815630657082,142.0,0.3,78.05100774166652
2026-10-05T07:00:00+05:30,Badulla_Uva,22.4,96.87351382604828,214.0,0.16,74.35319856369098
2026-10-05T07:15:00+05:30,Badulla_Uva,22.8,97.48061194283656,285.0,0.1,70.65997291058746
2026-10-05T07:30:00+05:30,Badulla_Uva,23.2,98.13726069755796,351.0,0.21,66.9721214291793
2026-10-05T07:45:00+05:30,Badulla_Uva,23.6,98.85292694401937,413.0,0.36,63.290614795006945
2026-10-05T08:00:00+05:30,Badulla_Uva,24.1,99.63924774756867,472.0,0.51,59.616657722216374
2026-10-05T08:15:00+05:30,Badulla_Uva,24.5,100.5107320247937,528.0,0.74,55.95176547723349
2026-10-05T08:30:00+05:30,Badulla_Uva,25.0,101.48573724208143,581.0,0.89,52.29787134013189
2026-10-05T08:45:00+05:30,Badulla_Uva,25.4,102.58785494727425,627.0,1.05,48.6574790957906
2026-10-05T09:00:00+05:30,Badulla_Uva,25.9,103.84791391968781,669.0,1.27,45.03388847623795
2026-10-05T09:15:00+05:30,Badulla_Uva,26.3,105.3069369291104,706.0,1.43,41.43153318901671
2026-10-05T09:30:00+05:30,Badulla_Uva,26.7,107.02060047194055,738.0,1.59,37.85649972451607
2026-10-05T09:45:00+05:30,Badulla_Uva,27.0,109.0661080998002,765.0,1.75,34.31735127587241
2026-10-05T10:00:00+05:30,Badulla_Uva,27.4,111.55300550287683,786.0,1.86,30.826473354495832
2026-10-05T10:15:00+05:30,Badulla_Uva,27.7,114.640475473246,802.0,1.95,27.402342350763057
2026-10-05T10:30:00+05:30,Badulla_Uva,28.0,118.56509012597485,818.0,2.06,24.073478285971376
2026-10-05T10:45:00+05:30,Badulla_Uva,28.2,123.68403629946681,828.0,2.15,20.885504986016585
2026-10-05T11:00:00+05:30,Badulla_Uva,28.4,130.53424373187818,823.0,2.22,17.913820056370184
2026-10-05T11:15:00+05:30,Badulla_Uva,28.5,139.87517100130435,794.0,2.27,15.28511658690617
2026-10-05T11:30:00+05:30,Badulla_Uva,28.6,152.5562243285068,734.0,2.27,13.205840857284585
2026-10-05T11:45:00+05:30,Badulla_Uva,28.6,168.81085961751774,662.0,2.27,11.96593108878784
2026-10-05T12:00:00+05:30,Badulla_Uva,28.5,187.00172278419862,596.0,2.2,11.832273252531252
2026-10-05T12:15:00+05:30,Badulla_Uva,28.5,203.9236512279586,554.0,2.15,12.839459125438822
2026-10-05T12:30:00+05:30,Badulla_Uva,28.3,217.4423486958085,534.0,2.04,14.755688505942302
2026-10-05T12:45:00+05:30,Badulla_Uva,28.2,227.4711698812885,522.0,1.93,17.281152100277694
2026-10-05T13:00:00+05:30,Badulla_Uva,27.9,234.8116002106762,511.0,1.82,20.1884818884962
2026-10-05T13:15:00+05:30,Badulla_Uva,27.7,240.26775923515711,492.0,1.66,23.335368345645335
2026-10-05T13:30:00+05:30,Badulla_Uva,27.4,244.4255907143027,471.0,1.5,26.637027524418528
2026-10-05T13:45:00+05:30,Badulla_Uva,27.1,247.67751066690977,448.0,1.35,30.04245746855598
2026-10-05T14:00:00+05:30,Badulla_Uva,26.8,250.2830199805078,424.0,1.14,33.52002852187579
2026-10-05T14:15:00+05:30,Badulla_Uva,26.5,252.41594583156677,400.0,0.97,37.04941438800187
2026-10-05T14:30:00+05:30,Badulla_Uva,26.1,254.1952700099451,375.0,0.76,40.617091390224815
2026-10-05T14:45:00+05:30,Badulla_Uva,25.8,255.70439115873637,349.0,0.56,44.21377231100502
2026-10-05T15:00:00+05:30,Badulla_Uva,25.4,257.00314173638446,322.0,0.4,47.83289556674444
2026-10-05T15:15:00+05:30,Badulla_Uva,25.0,258.13539274767066,295.0,0.18,51.46970682336229
2026-10-05T15:30:00+05:30,Badulla_Uva,24.7,259.13396391431775,269.0,0.05,55.120684477914686
2026-10-05T15:45:00+05:30,Badulla_Uva,24.3,260.0238628519479,241.0,0.15,58.78316777411033
2026-10-05T16:00:00+05:30,Badulla_Uva,24.0,260.8244688486367,213.0,0.32,62.45511020482776
2026-10-05T16:15:00+05:30,Badulla_Uva,23.7,261.55103619928275,184.0,0.47,66.13491345116032
2026-10-05T16:30:00+05:30,Badulla_Uva,23.4,262.215749113729,155.0,0.63,69.82131102019947
2026-10-05T16:45:00+05:30,Badulla_Uva,23.1,262.82847608409025,126.0,0.74,73.51328576390134
2026-10-05T17:00:00+05:30,Badulla_Uva,22.9,263.3973192373468,97.0,0.85,77.21001180201097
2026-10-05T17:15:00+05:30,Badulla_Uva,22.7,263.9290210223784,68.0,0.95,80.91081076143944
2026-10-05T17:30:00+05:30,Badulla_Uva,22.5,264.4292708394478,40.0,1.01,84.6151190913834
2026-10-05T17:45:00+05:30,Badulla_Uva,22.3,264.9029408154804,17.0,1.06,88.32246475547984
2026-10-05T18:00:00+05:30,Badulla_Uva,22.2,265.3542706792093,2.0,1.12,92.03244813382096
2026-10-05T18:15:00+05:30,Badulla_Uva,22.1,265.78701665855095,0.0,1.12,95.74472707233782
2026-10-05T18:30:00+05:30,Badulla_Uva,22.0,266.2045755123946,0.0,1.12,99.45900648315396
2026-10-05T18:45:00+05:30,Badulla_Uva,21.9,266.6100919290511,0.0,1.12,103.17502870597127
2026-10-05T19:00:00+05:30,Badulla_Uva,21.8,267.00655672964774,0.0,1.12,106.89256552130001
2026-10-05T19:15:00+05:30,Badulla_Uva,21.7,267.3969027571296,0.0,1.08,110.61141284610312
2026-10-05T19:30:00+05:30,Badulla_Uva,21.7,267.78410517684085,0.0,1.08,114.33138473888805
2026-10-05T19:45:00+05:30,Badulla_Uva,21.6,268.17129469426084,0.0,1.03,118.05230786284241
2026-10-05T20:00:00+05:30,Badulla_Uva,21.6,268.56189480242784,0.0,1.03,121.77401757002713
2026-10-05T20:15:00+05:30,Badulla_Uva,21.6,268.95979840297196,0.0,0.98,125.49635221253857
2026-10-05T20:30:00+05:30,Badulla_Uva,21.5,269.36960774077505,0.0,0.94,129.2191466727534
2026-10-05T20:45:00+05:30,Badulla_Uva,21.5,269.7969757897951,0.0,0.89,132.94222586418854
2026-10-05T21:00:00+05:30,Badulla_Uva,21.5,270.249112093523,0.0,0.85,136.66539402582532
2026-10-05T21:15:00+05:30,Badulla_Uva,21.4,270.73556341182496,0.0,0.78,140.38841929967188
2026-10-05T21:30:00+05:30,Badulla_Uva,21.4,271.2694702079471,0.0,0.74,144.11101147129503
2026-10-05T21:45:00+05:30,Badulla_Uva,21.4,271.8696840816542,0.0,0.69,147.83278295961844
2026-10-05T22:00:00+05:30,Badulla_Uva,21.4,272.5645324013729,0.0,0.65,151.55318047210508
2026-10-05T22:15:00+05:30,Badulla_Uva,21.4,273.3989551010912,0.0,0.58,155.27135787547138
2026-10-05T22:30:00+05:30,Badulla_Uva,21.3,274.44915410484657,0.0,0.54,158.98591284166707
2026-10-05T22:45:00+05:30,Badulla_Uva,21.3,275.8559079641316,0.0,0.5,162.69428746911737
2026-10-05T23:00:00+05:30,Badulla_Uva,21.2,277.911525922181,0.0,0.5,166.39119899007738
2026-10-05T23:15:00+05:30,Badulla_Uva,21.2,281.3361482404254,0.0,0.47,170.06360200614682
2026-10-05T23:30:00+05:30,Badulla_Uva,21.1,288.4701912253297,0.0,0.47,173.66843164416207
2026-10-05T23:45:00+05:30,Badulla_Uva,21.0,311.85320443598954,0.0,0.47,176.9550301546642
2026-10-06T00:00:00+05:30,Badulla_Uva,20.9,35.89018210084356,0.0,0.47,177.49359039523057
2026-10-06T00:15:00+05:30,Badulla_Uva,20.8,68.96280996848242,0.0,0.45,174.42155408332843
2026-10-06T00:30:00+05:30,Badulla_Uva,20.7,77.7156276593364,0.0,0.49,170.84680223351512
2026-10-06T00:45:00+05:30,Badulla_Uva,20.6,81.6320826087067,0.0,0.54,167.18340968372604
2026-10-06T01:00:00+05:30,Badulla_Uva,20.5,83.89666880250343,0.0,0.59,163.49040960901436
2026-10-06T01:15:00+05:30,Badulla_Uva,20.3,85.41090973869842,0.0,0.62,159.78416321381644
2026-10-06T01:30:00+05:30,Badulla_Uva,20.2,86.52364590096772,0.0,0.67,156.07097488308443
2026-10-06T01:45:00+05:30,Badulla_Uva,20.0,87.39775197254016,0.0,0.72,152.3538001682361
2026-10-06T02:00:00+05:30,Badulla_Uva,19.9,88.11948252895115,0.0,0.76,148.63422240117643
2026-10-06T02:15:00+05:30,Badulla_Uva,19.8,88.73887816458233,0.0,0.81,144.91318010012628
2026-10-06T02:30:00+05:30,Badulla_Uva,19.6,89.28707650138176,0.0,0.86,141.1912781704258
2026-10-06T02:45:00+05:30,Badulla_Uva,19.5,89.78458069494792,0.0,0.91,137.468935329637
2026-10-06T03:00:00+05:30,Badulla_Uva,19.4,90.24555366364825,0.0,0.95,133.74646194707998
2026-10-06T03:15:00+05:30,Badulla_Uva,19.3,90.68020294035188,0.0,0.95,130.02410385119407
2026-10-06T03:30:00+05:30,Badulla_Uva,19.2,91.09618080641542,0.0,1.0,126.30206718095316
2026-10-06T03:45:00+05:30,Badulla_Uva,19.1,91.49944614733522,0.0,1.0,122.58053528654638
2026-10-06T04:00:00+05:30,Badulla_Uva,19.1,91.89481821216646,0.0,1.05,118.85968032409599
2026-10-06T04:15:00+05:30,Badulla_Uva,19.1,92.28634730472663,0.0,1.05,115.13967032037351
2026-10-06T04:30:00+05:30,Badulla_Uva,19.1,92.67757316801271,0.0,1.05,111.42067601961615
2026-10-06T04:45:00+05:30,Badulla_Uva,19.1,93.07171347938487,0.0,1.05,107.70287683787042
2026-10-06T05:00:00+05:30,Badulla_Uva,19.2,93.4718088351957,0.0,1.05,103.98646498441494
2026-10-06T05:15:00+05:30,Badulla_Uva,19.3,93.88084098999781,0.0,1.05,100.27165116012546
2026-10-06T05:30:00+05:30,Badulla_Uva,19.4,94.30183630225469,0.0,1.0,96.55867069627472
2026-10-06T05:45:00+05:30,Badulla_Uva,19.6,94.73796337788883,0.0,0.95,92.8477889853061
2026-10-06T06:00:00+05:30,Badulla_Uva,19.9,95.19263188422082,1.0,0.91,89.13930959100149
2026-10-06T06:15:00+05:30,Badulla_Uva,20.2,95.66959949637061,28.0,0.81,85.43358400202617
2026-10-06T06:30:00+05:30,Badulla_Uva,20.5,96.1730943455338,75.0,0.72,81.73102213974906
2026-10-06T06:45:00+05:30,Badulla_Uva,20.9,96.70796097110741,135.0,0.62,78.03210739765852
2026-10-06T07:00:00+05:30,Badulla_Uva,21.4,97.27984046321131,202.0,0.49,74.33741579994361
2026-10-06T07:15:00+05:30,Badulla_Uva,21.8,97.89539901520953,270.0,0.4,70.6476393028895
2026-10-06T07:30:00+05:30,Badulla_Uva,22.3,98.56262370876749,335.0,0.32,66.96361836166304
2026-10-06T07:45:00+05:30,Badulla_Uva,22.8,99.29121294480115,396.0,0.3,63.286385359490694
2026-10-06T08:00:00+05:30,Badulla_Uva,23.3,100.09310125284236,454.0,0.36,59.617221988810506
2026-10-06T08:15:00+05:30,Badulla_Uva,23.9,100.98317615070607,512.0,0.47,55.957740377920764
2026-10-06T08:30:00+05:30,Badulla_Uva,24.4,101.98027483524987,567.0,0.6,52.30999693315963
2026-10-06T08:45:00+05:30,Badulla_Uva,24.9,103.108595490923,617.0,0.74,48.67665378413168
2026-10-06T09:00:00+05:30,Badulla_Uva,25.4,104.39973258802064,664.0,0.89,45.06121694981041
2026-10-06T09:15:00+05:30,Badulla_Uva,25.9,105.89567108791573,707.0,1.01,41.46839268846139
2026-10-06T09:30:00+05:30,Badulla_Uva,26.4,107.65328275726591,747.0,1.17,37.90463298589333
2026-10-06T09:45:00+05:30,Badulla_Uva,26.9,109.75121486026944,782.0,1.32,34.3789985339397
2026-10-06T10:00:00+05:30,Badulla_Uva,27.3,112.30064110756206,813.0,1.41,30.904561172427584
2026-10-06T10:15:00+05:30,Badulla_Uva,27.7,115.46225369104098,841.0,1.52,27.50075224151096
2026-10-06T10:30:00+05:30,Badulla_Uva,28.0,119.47304728019674,865.0,1.61,24.197414906075153
2026-10-06T10:45:00+05:30,Badulla_Uva,28.3,124.68680047662167,885.0,1.66,21.041939984446188
2026-10-06T11:00:00+05:30,Badulla_Uva,28.5,131.62603378439127,896.0,1.77,18.111792877665934
2026-10-06T11:15:00+05:30,Badulla_Uva,28.7,141.0086471698449,895.0,1.81,15.535017498664857
2026-10-06T11:30:00+05:30,Badulla_Uva,28.8,153.5930856975342,880.0,1.81,13.515278619749381
2026-10-06T11:45:00+05:30,Badulla_Uva,28.9,169.49953860980554,858.0,1.81,12.329443699104658
2026-10-06T12:00:00+05:30,Badulla_Uva,28.9,187.12913062709774,835.0,1.81,12.222687339004395
2026-10-06T12:15:00+05:30,Badulla_Uva,28.8,203.54173668811498,818.0,1.75,13.221171085173623
2026-10-06T12:30:00+05:30,Badulla_Uva,28.7,216.77605414691385,806.0,1.7,15.107308605921105
2026-10-06T12:45:00+05:30,Badulla_Uva,28.5,226.70490904297435,794.0,1.66,17.597952386873644
2026-10-06T13:00:00+05:30,Badulla_Uva,28.3,234.0405483930063,780.0,1.54,20.47364872985314
2026-10-06T13:15:00+05:30,Badulla_Uva,28.1,239.5304876406908,761.0,1.5,23.594007601933342
2026-10-06T13:30:00+05:30,Badulla_Uva,27.9,243.7339608118992,738.0,1.39,26.87392460535635
2026-10-06T13:45:00+05:30,Badulla_Uva,27.6,247.03223282380227,711.0,1.27,30.26154649870896
2026-10-06T14:00:00+05:30,Badulla_Uva,27.3,249.68059918917015,682.0,1.19,33.72441549661834
2026-10-06T14:15:00+05:30,Badulla_Uva,27.0,251.85161264961909,651.0,1.03,37.241530221648546
2026-10-06T14:30:00+05:30,Badulla_Uva,26.6,253.66416623389813,616.0,0.92,40.79884627943971
2026-10-06T14:45:00+05:30,Badulla_Uva,26.3,255.20201151231643,580.0,0.81,44.38668116198505
2026-10-06T15:00:00+05:30,Badulla_Uva,25.9,256.52546228702215,541.0,0.69,47.998173267529815
2026-10-06T15:15:00+05:30,Badulla_Uva,25.6,257.6788713781054,500.0,0.57,51.62833904622871
2026-10-06T15:30:00+05:30,Badulla_Uva,25.2,258.69549277879565,457.0,0.46,55.2734801089094
2026-10-06T15:45:00+05:30,Badulla_Uva,24.9,259.600706948177,413.0,0.35,58.93079793309293
2026-10-06T16:00:00+05:30,Badulla_Uva,24.5,260.41420473584367,366.0,0.27,62.59813753434048
2026-10-06T16:15:00+05:30,Badulla_Uva,24.2,261.1514960341158,318.0,0.2,66.27381433897762
2026-10-06T16:30:00+05:30,Badulla_Uva,23.9,261.82497129507954,270.0,0.22,69.95649265544264
2026-10-06T16:45:00+05:30,Badulla_Uva,23.7,262.4446621837609,220.0,0.28,73.64509938599377
2026-10-06T17:00:00+05:30,Badulla_Uva,23.4,263.0187962721769,169.0,0.34,77.33876311683946
2026-10-06T17:15:00+05:30,Badulla_Uva,23.2,263.55420792901305,116.0,0.38,81.03676824182536
2026-10-06T17:30:00+05:30,Badulla_Uva,23.0,264.0566479990356,65.0,0.47,84.73852067706672
2026-10-06T17:45:00+05:30,Badulla_Uva,22.8,264.5310215092049,25.0,0.52,88.44352335101622
2026-10-06T18:00:00+05:30,Badulla_Uva,22.7,264.9815733705045,2.0,0.62,92.15135619279461
2026-09-29T18:15:00+05:30,Jaffna_Northern,29.1,268.1083230074511,0.0,6.02,94.04855106789257
2026-09-29T18:30:00+05:30,Jaffna_Northern,29.0,268.7238015358037,0.0,5.93,97.74537858143064
2026-09-29T18:45:00+05:30,Jaffna_Northern,29.0,269.33923432544714,0.0,5.88,101.44307424994882
2026-09-29T19:00:00+05:30,Jaffna_Northern,29.0,269.9598345021712,0.0,5.84,105.1412153111053
2026-09-29T19:15:00+05:30,Jaffna_Northern,29.0,270.5911396413174,0.0,5.79,108.83937260675387
2026-09-29T19:30:00+05:30,Jaffna_Northern,29.0,271.2392267657284,0.0,5.73,112.5370944900535
2026-09-29T19:45:00+05:30,Jaffna_Northern,29.0,271.9109759583179,0.0,5.71,116.23388809658216
2026-09-29T20:00:00+05:30,Jaffna_Northern,29.0,272.6144091325148,0.0,5.64,119.92919771798103
2026-09-29T20:15:00+05:30,Jaffna_Northern,28.9,273.35914176065205,0.0,5.65,123.62237480159223
2026-09-29T20:30:00+05:30,Jaffna_Northern,28.9,274.157005903196,0.0,5.63,127.31263731863385
2026-09-29T20:45:00+05:30,Jaffna_Northern,28.8,275.0229360250927,0.0,5.65,130.99901410114282
2026-09-29T21:00:00+05:30,Jaffna_Northern,28.8,275.976264646787,0.0,5.68,134.68026164173293
2026-09-29T21:15:00+05:30,Jaffna_Northern,28.8,277.0426751429178,0.0,5.71,138.35473878408078
2026-09-29T21:30:00+05:30,Jaffna_Northern,28.8,278.25724048617565,0.0,5.74,142.02021269745762
2026-09-29T21:45:00+05:30,Jaffna_Northern,28.8,279.66931914747715,0.0,5.79,145.6735419494359
2026-09-29T22:00:00+05:30,Jaffna_Northern,28.7,281.35076103582406,0.0,5.84,149.3101402028875
2026-09-29T22:15:00+05:30,Jaffna_Northern,28.7,283.4102925041668,0.0,5.88,152.9230241602961
2026-09-29T22:30:00+05:30,Jaffna_Northern,28.7,286.02004899277256,0.0,5.95,156.50101748094716
2026-09-29T22:45:00+05:30,Jaffna_Northern,28.6,289.46737314410166,0.0,6.07,160.02512968024445
2026-09-29T23:00:00+05:30,Jaffna_Northern,28.6,294.26203874360874,0.0,6.25,163.460654030356
2026-09-29T23:15:00+05:30,Jaffna_Northern,28.6,301.3679164819523,0.0,6.43,166.7383371238883
2026-09-29T23:30:00+05:30,Jaffna_Northern,28.5,312.6792776542877,0.0,6.51,169.70606414651732
2026-09-29T23:45:00+05:30,Jaffna_Northern,28.5,331.5050863429556,0.0,6.55,172.01043195142822
2026-09-30T00:00:00+05:30,Jaffna_Northern,28.5,359.54788457085897,0.0,6.52,172.96597303404008
2026-09-30T00:15:00+05:30,Jaffna_Northern,28.5,27.81450590697068,0.0,6.45,172.06915343894258
2026-09-30T00:30:00+05:30,Jaffna_Northern,28.5,46.956769117347335,0.0,6.42,169.7973344273717
2026-09-30T00:45:00+05:30,Jaffna_Northern,28.5,58.459940600061486,0.0,6.38,166.84465402365117
2026-09-30T01:00:00+05:30,Jaffna_Northern,28.4,65.66997645008269,0.0,6.36,163.57439383625888
2026-09-30T01:15:00+05:30,Jaffna_Northern,28.4,70.52395686131757,0.0,6.27,160.14298290339985
2026-09-30T01:30:00+05:30,Jaffna_Northern,28.3,74.00759169859435,0.0,6.18,156.6214228551259
2026-09-30T01:45:00+05:30,Jaffna_Northern,28.3,76.64116943879179,0.0,6.06,153.04518457731749
2026-09-30T02:00:00+05:30,Jaffna_Northern,28.3,78.71733236482748,0.0,5.9,149.43362429624068
2026-09-30T02:15:00+05:30,Jaffna_Northern,28.2,80.41105760350604,0.0,5.79,145.7981095711322
2026-09-30T02:30:00+05:30,Jaffna_Northern,28.2,81.83268892115109,0.0,5.68,142.14573174228485
2026-09-30T02:45:00+05:30,Jaffna_Northern,28.2,83.05504796899652,0.0,5.61,138.48114129660013
2026-09-30T03:00:00+05:30,Jaffna_Northern,28.2,84.12810537933052,0.0,5.64,134.80752098846887
2026-09-30T03:15:00+05:30,Jaffna_Northern,28.3,85.08733703519624,0.0,5.61,131.1271322188919
2026-09-30T03:30:00+05:30,Jaffna_Northern,28.3,85.958703055505,0.0,5.59,127.44163596159626
2026-09-30T03:45:00+05:30,Jaffna_Northern,28.3,86.76173373760679,0.0,5.55,123.75229141085089
2026-09-30T04:00:00+05:30,Jaffna_Northern,28.3,87.51151095730995,0.0,5.48,120.06008319263148
2026-09-30T04:15:00+05:30,Jaffna_Northern,28.2,88.21998190042382,0.0,5.42,116.36580428277125
2026-09-30T04:30:00+05:30,Jaffna_Northern,28.2,88.89685605399143,0.0,5.37,112.6701139682643
2026-09-30T04:45:00+05:30,Jaffna_Northern,28.2,89.55023597499894,0.0,5.33,108.9735790699553
2026-09-30T05:00:00+05:30,Jaffna_Northern,28.2,90.1870746866249,0.0,5.3,105.27670291446135
2026-09-30T05:15:00+05:30,Jaffna_Northern,28.1,90.81351816107792,0.0,5.26,101.57994884456686
2026-09-30T05:30:00+05:30,Jaffna_Northern,28.1,91.43517204788634,0.0,5.19,97.88375932175462
2026-09-30T05:45:00+05:30,Jaffna_Northern,28.1,92.05731951612688,0.0,5.12,94.18857091377248
2026-09-30T06:00:00+05:30,Jaffna_Northern,28.1,92.68510890028136,0.0,5.01,90.49482948476508
2026-09-30T06:15:00+05:30,Jaffna_Northern,28.2,93.32372620235458,11.0,4.92,86.80300519743328
2026-09-30T06:30:00+05:30,Jaffna_Northern,28.3,93.97856519873562,44.0,4.84,83.1136068720932
2026-09-30T06:45:00+05:30,Jaffna_Northern,28.5,94.65540643161881,87.0,4.84,79.42719973106408
2026-09-30T07:00:00+05:30,Jaffna_Northern,28.8,95.36061778280396,137.0,4.81,75.74442627360384
2026-09-30T07:15:00+05:30,Jaffna_Northern,29.2,96.10139153198816,191.0,4.85,72.0660303496688
2026-09-30T07:30:00+05:30,Jaffna_Northern,29.5,96.88603592247284,249.0,4.83,68.39288946753527
2026-09-30T07:45:00+05:30,Jaffna_Northern,29.7,97.72434643999355,310.0,4.74,64.72605672619828
2026-09-30T08:00:00+05:30,Jaffna_Northern,30.0,98.62809213287409,371.0,4.62,61.066815035228004
2026-09-30T08:15:00+05:30,Jaffna_Northern,30.2,99.61166684585055,430.0,4.51,57.41675266047196
2026-09-30T08:30:00+05:30,Jaffna_Northern,30.4,100.6929803035822,485.0,4.4,53.777867797639225
2026-09-30T08:45:00+05:30,Jaffna_Northern,30.6,101.89470236584668,535.0,4.26,50.15271485988818
2026-09-30T09:00:00+05:30,Jaffna_Northern,30.9,103.24603361393957,583.0,4.15,46.5446177576362
2026-09-30T09:15:00+05:30,Jaffna_Northern,31.1,104.78527563081354,630.0,4.02,42.957984801412536
2026-09-30T09:30:00+05:30,Jaffna_Northern,31.3,106.56363763213369,677.0,3.95,39.39878367705443
2026-09-30T09:45:00+05:30,Jaffna_Northern,31.5,108.6509834707835,720.0,3.91,35.87528134458924
2026-09-30T10:00:00+05:30,Jaffna_Northern,31.7,111.14466453702352,758.0,3.9,32.399225492966345
2026-09-30T10:15:00+05:30,Jaffna_Northern,31.9,114.18327201028666,787.0,3.93,28.98778469709803
2026-09-30T10:30:00+05:30,Jaffna_Northern,32.0,117.96805642856214,806.0,3.89,25.66682860083
2026-09-30T10:45:00+05:30,Jaffna_Northern,32.2,122.79529871828822,817.0,3.82,22.476590809461825
2026-09-30T11:00:00+05:30,Jaffna_Northern,32.3,129.09983122584265,829.0,3.75,19.48148175978413
2026-09-30T11:15:00+05:30,Jaffna_Northern,32.4,137.49046156609006,848.0,3.61,16.786357272288527
2026-09-30T11:30:00+05:30,Jaffna_Northern,32.5,148.68566671078906,873.0,3.51,14.558853955254364
2026-09-30T11:45:00+05:30,Jaffna_Northern,32.7,163.1023167692549,899.0,3.36,13.040896015263328
2026-09-30T12:00:00+05:30,Jaffna_Northern,32.8,179.9347635041654,919.0,3.22,12.493877564617506
2026-09-30T12:15:00+05:30,Jaffna_Northern,33.0,196.767566857794,929.0,3.08,13.040577649362262
2026-09-30T12:30:00+05:30,Jaffna_Northern,33.1,211.18493562518952,932.0,3.05,14.558293147180308
2026-09-30T12:45:00+05:30,Jaffna_Northern,33.2,222.38068554285246,929.0,3.09,16.78564861636525
2026-09-30T13:00:00+05:30,Jaffna_Northern,33.3,230.7714604911559,917.0,3.19,19.480701286944154
2026-09-30T13:15:00+05:30,Jaffna_Northern,33.4,237.07573189341997,895.0,3.3,22.475792933500372
2026-09-30T13:30:00+05:30,Jaffna_Northern,33.4,241.9023569633597,863.0,3.37,25.666052575897552
2026-09-30T13:45:00+05:30,Jaffna_Northern,33.4,245.68621243813385,825.0,3.4,28.987060411349518
2026-09-30T14:00:00+05:30,Jaffna_Northern,33.4,248.72360883428755,786.0,3.43,32.39857841174126
2026-09-30T14:15:00+05:30,Jaffna_Northern,33.3,251.21581192589463,750.0,3.47,35.87473453879889
2026-09-30T14:30:00+05:30,Jaffna_Northern,33.2,253.30141795809482,718.0,3.47,39.39835884247512
2026-09-30T14:45:00+05:30,Jaffna_Northern,33.2,255.07777684405912,684.0,3.5,42.957704175248914
2026-09-30T15:00:00+05:30,Jaffna_Northern,33.1,256.61474521376397,644.0,3.55,46.54450434070012
2026-09-30T15:15:00+05:30,Jaffna_Northern,33.0,257.9635204951351,593.0,3.56,50.15279246990228
2026-09-30T15:30:00+05:30,Jaffna_Northern,32.8,259.16238894883327,535.0,3.58,53.778162503414215
2026-09-30T15:45:00+05:30,Jaffna_Northern,32.6,260.2405318548529,474.0,3.62,57.41729274524081
2026-09-30T16:00:00+05:30,Jaffna_Northern,32.3,261.22059579841743,413.0,3.62,61.06763096081597
2026-09-30T16:15:00+05:30,Jaffna_Northern,32.0,262.12046337539533,356.0,3.65,64.72718259660978
2026-09-30T16:30:00+05:30,Jaffna_Northern,31.7,262.95449658241614,302.0,3.64,68.39436308051904
2026-09-30T16:45:00+05:30,Jaffna_Northern,31.5,263.73442734405654,249.0,3.56,72.06789331788164
2026-09-30T17:00:00+05:30,Jaffna_Northern,31.4,264.4700082756646,195.0,3.46,75.74672571651222
2026-09-30T17:15:00+05:30,Jaffna_Northern,31.3,265.1694976810506,141.0,3.31,79.42998861346301
2026-09-30T17:30:00+05:30,Jaffna_Northern,31.1,265.8400296169606,89.0,3.13,83.11694449101876
2026-09-30T17:45:00+05:30,Jaffna_Northern,31.0,266.4879041772586,45.0,2.93,86.80695934052603
2026-09-30T18:00:00+05:30,Jaffna_Northern,30.8,267.1188223282712,11.0,2.66,90.49947734799665
2026-09-30T18:15:00+05:30,Jaffna_Northern,30.6,267.7380840491243,0.0,2.47,94.19400031698046
2026-09-30T18:30:00+05:30,Jaffna_Northern,30.4,268.35076447142586,0.0,2.4,97.89007179436179
2026-09-30T18:45:00+05:30,Jaffna_Northern,30.3,268.96187977000466,0.0,2.45,101.5872617201076
2026-09-30T19:00:00+05:30,Jaffna_Northern,30.2,269.5765545597547,0.0,2.6,105.28515205986517
2026-09-30T19:15:00+05:30,Jaffna_Northern,30.1,270.20020313677924,0.0,2.8,108.98332394108043
2026-09-30T19:30:00+05:30,Jaffna_Northern,30.0,270.83873831369397,0.0,3.06,112.68134228752317
2026-09-30T19:45:00+05:30,Jaffna_Northern,29.8,271.4988264685517,0.0,3.42,116.3787382059614
2026-09-30T20:00:00+05:30,Jaffna_Northern,29.6,272.1882145354301,0.0,3.89,120.07498899954048
2026-09-30T20:15:00+05:30,Jaffna_Northern,29.4,272.91616556452055,0.0,4.36,123.76949052478
2026-09-30T20:30:00+05:30,Jaffna_Northern,29.2,273.6940594772957,0.0,4.66,127.46151994641293
2026-09-30T20:45:00+05:30,Jaffna_Northern,29.1,274.5362479923634,0.0,4.73,131.15018498722924
2026-09-30T21:00:00+05:30,Jaffna_Northern,29.1,275.4613071456613,0.0,4.7,134.83434794516168
2026-09-30T21:15:00+05:30,Jaffna_Northern,29.0,276.49392952140573,0.0,4.7,138.51251119524474
2026-09-30T21:30:00+05:30,Jaffna_Northern,28.9,277.6678779205548,0.0,4.66,142.18263973632168
2026-09-30T21:45:00+05:30,Jaffna_Northern,28.7,279.03076345045685,0.0,4.75,145.84187033270794
2026-09-30T22:00:00+05:30,Jaffna_Northern,28.5,280.6520963096456,0.0,4.93,149.48601742256133
2026-09-30T22:15:00+05:30,Jaffna_Northern,28.2,282.637498014582,0.0,5.05,153.1086914478351
2026-09-30T22:30:00+05:30,Jaffna_Northern,27.9,285.1551685117548,0.0,4.82,156.69962319335013
2026-09-30T22:45:00+05:30,Jaffna_Northern,27.5,288.48827226030187,0.0,3.99,160.24125055779214
2026-09-30T23:00:00+05:30,Jaffna_Northern,27.0,293.1456686822697,0.0,2.71,163.70115622778013
2026-09-30T23:15:00+05:30,Jaffna_Northern,26.6,300.1095615806025,0.0,1.45,167.013613510898
2026-09-30T23:30:00+05:30,Jaffna_Northern,26.3,311.3795715696267,0.0,0.6,170.0303132161538
2026-09-30T23:45:00+05:30,Jaffna_Northern,26.1,330.6727592734411,0.0,0.43,172.3907480665847
2026-10-01T00:00:00+05:30,Jaffna_Northern,26.0,0.2318771045096355,0.0,1.12,173.35424425687143
2026-10-01T00:15:00+05:30,Jaffna_Northern,25.9,29.71058524608702,0.0,1.92,172.37170393147338
2026-10-01T00:30:00+05:30,Jaffna_Northern,25.9,48.89704835248472,0.0,2.38,170.00130394626905
2026-10-01T00:45:00+05:30,Jaffna_Northern,25.8,60.106293569725096,0.0,2.41,166.9803083023882
2026-10-01T01:00:00+05:30,Jaffna_Northern,25.7,67.03873453148316,0.0,2.29,163.66592638184642
2026-10-01T01:15:00+05:30,Jaffna_Northern,25.6,71.67912310751143,0.0,2.11,160.20513085985232
2026-10-01T01:30:00+05:30,Jaffna_Northern,25.5,75.00257568867158,0.0,2.03,156.66312916809903
2026-10-01T01:45:00+05:30,Jaffna_Northern,25.5,77.51465464231643,0.0,2.02,153.07211838163872
2026-10-01T02:00:00+05:30,Jaffna_Northern,25.5,79.49689983378539,0.0,2.02,149.44955697408085
2026-10-01T02:15:00+05:30,Jaffna_Northern,25.5,81.11665607634194,0.0,1.95,145.80566220007233
2026-10-01T02:30:00+05:30,Jaffna_Northern,25.5,82.47906855519142,0.0,1.88,142.1467966317115
2026-10-01T02:45:00+05:30,Jaffna_Northern,25.5,83.65337070505996,0.0,1.74,138.47713060105406
2026-10-01T03:00:00+05:30,Jaffna_Northern,25.6,84.68700786258336,0.0,1.52,134.79951976594728
2026-10-01T03:15:00+05:30,Jaffna_Northern,25.7,85.61364262651341,0.0,1.28,131.11599640265283
2026-10-01T03:30:00+05:30,Jaffna_Northern,25.8,86.45790857723398,0.0,1.03,127.42805729899334
2026-10-01T03:45:00+05:30,Jaffna_Northern,25.9,87.23834956473127,0.0,0.81,123.7368418934254
2026-10-01T04:00:00+05:30,Jaffna_Northern,25.9,87.96930386851369,0.0,0.95,120.04324634304784
2026-10-01T04:15:00+05:30,Jaffna_Northern,25.9,88.66215222850974,0.0,1.42,116.34799781389287
2026-10-01T04:30:00+05:30,Jaffna_Northern,25.9,89.32616968251449,0.0,1.81,112.65170664307824
2026-10-01T04:45:00+05:30,Jaffna_Northern,25.8,89.96912482411636,0.0,1.98,108.95490360802398
2026-10-01T05:00:00+05:30,Jaffna_Northern,25.7,90.59771495075353,0.0,2.08,105.25806617803569
2026-10-01T05:15:00+05:30,Jaffna_Northern,25.5,91.2178927420452,0.0,2.1,101.56164015687055
2026-10-01T05:30:00+05:30,Jaffna_Northern,25.5,91.83512176814173,0.0,2.09,97.86605752720013
2026-10-01T05:45:00+05:30,Jaffna_Northern,25.5,92.45458647329201,0.0,2.14,94.17175064015525
2026-10-01T06:00:00+05:30,Jaffna_Northern,25.5,93.0813745245232,0.0,2.14,90.47916696239866
2026-10-01T06:15:00+05:30,Jaffna_Northern,25.6,93.72064604923685,11.0,2.06,86.78878395213415
2026-10-01T06:30:00+05:30,Jaffna_Northern,25.8,94.37780219532772,42.0,1.85,83.10112357034791
2026-10-01T06:45:00+05:30,Jaffna_Northern,26.1,95.05866412816846,80.0,1.36,79.41677046804375
2026-10-01T07:00:00+05:30,Jaffna_Northern,26.5,95.7696751229991,124.0,0.67,75.73639362105449
2026-10-01T07:15:00+05:30,Jaffna_Northern,26.9,96.51814073530056,175.0,0.43,72.06077153973985
2026-10-01T07:30:00+05:30,Jaffna_Northern,27.4,97.31252525979608,235.0,0.76,68.39082618426036
2026-10-01T07:45:00+05:30,Jaffna_Northern,27.8,98.16282999692453,302.0,0.82,64.72766711258673
2026-10-01T08:00:00+05:30,Jaffna_Northern,28.3,99.08108910134558,372.0,0.73,61.07264874226789
2026-10-01T08:15:00+05:30,Jaffna_Northern,28.7,100.08203344700473,437.0,0.78,57.42745007039023
2026-10-01T08:30:00+05:30,Jaffna_Northern,29.1,101.18399810621202,494.0,0.94,53.794185002240596
2026-10-01T08:45:00+05:30,Jaffna_Northern,29.5,102.41018737161733,546.0,1.01,50.17555665488107
2026-10-01T09:00:00+05:30,Jaffna_Northern,29.9,103.79047058148893,594.0,1.06,46.575081904706714
2026-10-01T09:15:00+05:30,Jaffna_Northern,30.3,105.36398063003656,643.0,1.13,42.99742229138287
2026-10-01T09:30:00+05:30,Jaffna_Northern,30.6,107.18294594320793,689.0,1.22,39.448881907161876
2026-10-01T09:45:00+05:30,Jaffna_Northern,30.9,109.31844260652832,731.0,1.35,35.93818018190984
2026-10-01T10:00:00+05:30,Jaffna_Northern,31.1,111.86916587005555,771.0,1.52,32.47768010780403
2026-10-01T10:15:00+05:30,Jaffna_Northern,31.2,114.97493514390885,807.0,1.72,29.08539244777085
2026-10-01T10:30:00+05:30,Jaffna_Northern,31.3,118.83737823415294,841.0,1.9,25.7883340482784
2026-10-01T10:45:00+05:30,Jaffna_Northern,31.4,123.75033394741945,872.0,2.14,22.628251324196697
2026-10-01T11:00:00+05:30,Jaffna_Northern,31.4,130.13847247336963,895.0,2.42,19.671346193155756
2026-10-01T11:15:00+05:30,Jaffna_Northern,31.4,138.58192492916214,911.0,2.66,17.023893661090796
2026-10-01T11:30:00+05:30,Jaffna_Northern,31.4,149.7353116318368,917.0,2.82,14.852372538577654
2026-10-01T11:45:00+05:30,Jaffna_Northern,31.4,163.9203842611323,916.0,2.88,13.390417645090636
2026-10-01T12:00:00+05:30,Jaffna_Northern,31.4,180.30262559591878,912.0,2.91,12.8819549676207
2026-10-01T12:15:00+05:30,Jaffna_Northern,31.4,196.62870210115761,907.0,2.9,13.435689864636998
2026-10-01T12:30:00+05:30,Jaffna_Northern,31.4,210.68765300768956,901.0,2.84,14.933925342545422
2026-10-01T12:45:00+05:30,Jaffna_Northern,31.4,221.7112035294198,892.0,2.77,17.130592531661577
2026-10-01T13:00:00+05:30,Jaffna_Northern,31.4,230.050859388883,878.0,2.77,19.794489320018798
2026-10-01T13:15:00+05:30,Jaffna_Northern,31.4,236.3631042764096,859.0,2.7,22.762123247092077
2026-10-01T13:30:00+05:30,Jaffna_Northern,31.5,241.22164651747389,833.0,2.58,25.929371666770024
2026-10-01T13:45:00+05:30,Jaffna_Northern,31.5,245.04467951615052,804.0,2.34,29.231373169514846
2026-10-01T14:00:00+05:30,Jaffna_Northern,31.6,248.12125622078497,771.0,1.99,32.627188956505506
2026-10-01T14:15:00+05:30,Jaffna_Northern,31.7,250.64975337571542,737.0,1.66,36.09029170027335
2026-10-01T14:30:00+05:30,Jaffna_Northern,31.8,252.76782394286047,701.0,1.45,39.602974056507165
2026-10-01T14:45:00+05:30,Jaffna_Northern,32.0,254.57271174709388,662.0,1.42,43.15306768178448
2026-10-01T15:00:00+05:30,Jaffna_Northern,32.1,256.1345037951664,619.0,1.49,46.73198102477548
2026-10-01T15:15:00+05:30,Jaffna_Northern,32.3,257.50474007405313,570.0,1.56,50.33349627726943
2026-10-01T15:30:00+05:30,Jaffna_Northern,32.3,258.7220632680443,517.0,1.55,53.95301301093942
2026-10-01T15:45:00+05:30,Jaffna_Northern,32.3,259.81598422723266,462.0,1.45,57.587057991236954
2026-10-01T16:00:00+05:30,Jaffna_Northern,32.2,260.8094377662671,405.0,1.32,61.2329599927705
2026-10-01T16:15:00+05:30,Jaffna_Northern,32.0,261.72055055206215,345.0,1.15,64.88863041409847
2026-10-01T16:30:00+05:30,Jaffna_Northern,31.8,262.56388651520444,285.0,0.98,68.55240995986048
2026-10-01T16:45:00+05:30,Jaffna_Northern,31.5,263.3513410665256,227.0,0.72,72.22295997883307
2026-10-01T17:00:00+05:30,Jaffna_Northern,31.2,264.09279575643836,173.0,0.43,75.89918539942873
2026-10-01T17:15:00+05:30,Jaffna_Northern,30.9,264.7966067233012,123.0,0.14,79.58017686662501
2026-10-01T17:30:00+05:30,Jaffna_Northern,30.5,265.4699774973657,78.0,0.49,83.26516725517403
2026-10-01T17:45:00+05:30,Jaffna_Northern,30.2,266.11925121536956,40.0,1.07,86.95349979388756
2026-10-01T18:00:00+05:30,Jaffna_Northern,29.8,266.7501465296763,9.0,1.72,90.6446018607883
2026-10-01T18:15:00+05:30,Jaffna_Northern,29.3,267.3679559378169,0.0,2.39,94.33796381499
2026-10-01T18:30:00+05:30,Jaffna_Northern,28.7,267.97772116364564,0.0,2.98,98.03312278090685
2026-10-01T18:45:00+05:30,Jaffna_Northern,27.6,268.58439723480336,0.0,3.43,101.72964719118876
2026-10-01T19:00:00+05:30,Jaffna_Northern,26.2,269.1930168356058,0.0,3.87,105.42712254649535
2026-10-01T19:15:00+05:30,Jaffna_Northern,25.0,269.8088669965344,0.0,4.13,109.1251389345642
2026-10-01T19:30:00+05:30,Jaffna_Northern,24.2,270.4376914643852,0.0,4.23,112.82327634663177
2026-10-01T19:45:00+05:30,Jaffna_Northern,24.2,271.0859367743134,0.0,4.01,116.52108813312282
2026-10-01T20:00:00+05:30,Jaffna_Northern,24.6,271.7610668660727,0.0,3.54,120.21808258264711
2026-10-01T20:15:00+05:30,Jaffna_Northern,25.2,272.47198159780015,0.0,3.04,123.91369755346761
2026-10-01T20:30:00+05:30,Jaffna_Northern,25.6,273.22959388591187,0.0,2.66,127.60726650730655
2026-10-01T20:45:00+05:30,Jaffna_Northern,25.8,274.0476516301135,0.0,2.55,131.2979725305828
2026-10-01T21:00:00+05:30,Jaffna_Northern,25.9,274.94394368052895,0.0,2.63,134.98477939343275
2026-10-01T21:15:00+05:30,Jaffna_Northern,26.0,275.94212576466435,0.0,2.78,138.66632764852696
2026-10-01T21:30:00+05:30,Jaffna_Northern,26.1,277.07457911415037,0.0,2.79,142.3407735204257
2026-10-01T21:45:00+05:30,Jaffna_Northern,26.1,278.3870527241262,0.0,2.57,146.00552394508227
2026-10-01T22:00:00+05:30,Jaffna_Northern,26.1,279.94652494175654,0.0,2.17,149.656784816677
2026-10-01T22:15:00+05:30,Jaffna_Northern,26.1,281.85517552710326,0.0,1.82,153.2887508841206
2026-10-01T22:30:00+05:30,Jaffna_Northern,26.1,284.2766475059427,0.0,1.62,156.89205499099882
2026-10-01T22:45:00+05:30,Jaffna_Northern,26.1,287.488721645053,0.0,1.66,160.45057751570542
2026-10-01T23:00:00+05:30,Jaffna_Northern,26.1,291.99692787621166,0.0,1.85,163.9342717007098
2026-10-01T23:15:00+05:30,Jaffna_Northern,26.1,298.79727439964716,0.0,2.11,167.28123958568844
2026-10-01T23:30:00+05:30,Jaffna_Northern,26.2,309.9913327383141,0.0,2.22,170.34792335361064
2026-10-01T23:45:00+05:30,Jaffna_Northern,26.2,329.7467148722528,0.0,2.18,172.7682590224881
2026-10-02T00:00:00+05:30,Jaffna_Northern,26.2,0.9884315522273255,0.0,2.09,173.74100078794748
2026-10-02T00:15:00+05:30,Jaffna_Northern,26.3,31.749371686246548,0.0,1.94,172.66557907671017
2026-10-02T00:30:00+05:30,Jaffna_Northern,26.3,50.90794147046279,0.0,1.8,170.19425344398456
2026-10-02T00:45:00+05:30,Jaffna_Northern,26.3,61.780642537598055,0.0,1.71,167.1062447584332
2026-10-02T01:00:00+05:30,Jaffna_Northern,26.3,68.41835266711576,0.0,1.61,163.74952491647338
2026-10-02T01:15:00+05:30,Jaffna_Northern,26.3,72.83823359470301,0.0,1.53,160.26086381323756
2026-10-02T01:30:00+05:30,Jaffna_Northern,26.3,75.9985574949784,0.0,1.55,156.6996213485283
2026-10-02T01:45:00+05:30,Jaffna_Northern,26.3,78.38783118734437,0.0,1.62,153.09478540502147
2026-10-02T02:00:00+05:30,Jaffna_Northern,26.3,80.27557630537905,0.0,1.76,149.46198243646057
2026-10-02T02:15:00+05:30,Jaffna_Northern,26.3,81.82111830583722,0.0,1.87,145.81032916797716
2026-10-02T02:30:00+05:30,Jaffna_Northern,26.3,83.12422912791612,0.0,1.98,142.14549491789887
2026-10-02T02:45:00+05:30,Jaffna_Northern,26.3,84.25047080780058,0.0,2.04,138.4711950569447
2026-10-02T03:00:00+05:30,Jaffna_Northern,26.3,85.24472208884731,0.0,2.08,134.78997622172827
2026-10-02T03:15:00+05:30,Jaffna_Northern,26.3,86.13881116409914,0.0,2.06,131.10365475854547
2026-10-02T03:30:00+05:30,Jaffna_Northern,26.3,86.95603408149452,0.0,2.01,127.41357308569675
2026-10-02T03:45:00+05:30,Jaffna_Northern,26.3,87.7139424986052,0.0,1.9,123.72075832496972
2026-10-02T04:00:00+05:30,Jaffna_Northern,26.3,88.4261281321734,0.0,1.72,120.02602392056207
2026-10-02T04:15:00+05:30,Jaffna_Northern,26.4,89.10340379948013,0.0,1.57,116.33003576014265
2026-10-02T04:30:00+05:30,Jaffna_Northern,26.4,89.75460940529013,0.0,1.39,112.633358869173
2026-10-02T04:45:00+05:30,Jaffna_Northern,26.3,90.3871793039375,0.0,1.23,108.93649095997223
2026-10-02T05:00:00+05:30,Jaffna_Northern,26.3,91.00755497987257,0.0,1.12,105.23988613236449
2026-10-02T05:15:00+05:30,Jaffna_Northern,26.2,91.6214957913619,0.0,1.01,101.54397477659901
2026-10-02T05:30:00+05:30,Jaffna_Northern,26.3,92.23432317720062,0.0,0.92,97.84918025399685
2026-10-02T05:45:00+05:30,Jaffna_Northern,26.4,92.85112272400221,0.0,0.89,94.15593236152623
2026-10-02T06:00:00+05:30,Jaffna_Northern,26.5,93.47692116785163,0.0,0.96,90.46468170361786
2026-10-02T06:15:00+05:30,Jaffna_Northern,26.7,94.11685231887367,12.0,1.07,86.77591448640392
2026-10-02T06:30:00+05:30,Jaffna_Northern,27.0,94.7763240146291,46.0,1.15,83.09016723110088
2026-10-02T06:45:00+05:30,Jaffna_Northern,27.3,95.46119704535835,89.0,1.25,79.40804544295611
2026-10-02T07:00:00+05:30,Jaffna_Northern,27.7,96.17798865677173,138.0,1.31,75.73024604823968
2026-10-02T07:15:00+05:30,Jaffna_Northern,28.2,96.93411567797193,191.0,1.42,72.05758378445094
2026-10-02T07:30:00+05:30,Jaffna_Northern,28.5,97.738195650676,248.0,1.54,68.39102676167548
2026-10-02T07:45:00+05:30,Jaffna_Northern,28.8,98.6004317499378,308.0,1.62,64.73174288204024
2026-10-02T08:00:00+05:30,Jaffna_Northern,29.1,99.53311766185107,369.0,1.66,61.081160194761424
2026-10-02T08:15:00+05:30,Jaffna_Northern,29.3,100.55131331608436,426.0,1.75,57.44105084617305
2026-10-02T08:30:00+05:30,Jaffna_Northern,29.6,101.67376756955179,479.0,1.79,53.81364722216378
2026-10-02T08:45:00+05:30,Jaffna_Northern,29.8,102.92420210465866,528.0,1.88,50.20180431214595
2026-10-02T09:00:00+05:30,Jaffna_Northern,30.1,104.33312943087697,575.0,1.99,46.609235528476304
2026-10-02T09:15:00+05:30,Jaffna_Northern,30.3,105.94047456165254,623.0,2.08,43.04085951596966
2026-10-02T09:30:00+05:30,Jaffna_Northern,30.3,107.799423809362,673.0,2.19,39.50332061016806
2026-10-02T09:45:00+05:30,Jaffna_Northern,30.2,109.98216744817842,722.0,2.35,36.005793632033246
2026-10-02T10:00:00+05:30,Jaffna_Northern,29.9,112.58858473479864,764.0,2.46,32.56125678295861
2026-10-02T10:15:00+05:30,Jaffna_Northern,29.6,115.7594592058415,795.0,2.62,29.18855511922191
2026-10-02T10:30:00+05:30,Jaffna_Northern,29.3,119.69636101413818,816.0,2.73,25.91582634601852
2026-10-02T10:45:00+05:30,Jaffna_Northern,29.2,124.69000273512069,827.0,2.77,22.78626203225444
2026-10-02T11:00:00+05:30,Jaffna_Northern,29.1,131.15398862233917,832.0,2.8,19.86770199046113
2026-10-02T11:15:00+05:30,Jaffna_Northern,29.1,139.63931699298348,832.0,2.8,17.267537283961857
2026-10-02T11:30:00+05:30,Jaffna_Northern,29.2,150.73944847683265,823.0,2.8,15.150652627236937
2026-10-02T11:45:00+05:30,Jaffna_Northern,29.4,164.69145465365978,808.0,2.88,13.742274975968641
2026-10-02T12:00:00+05:30,Jaffna_Northern,29.9,180.6435488107992,796.0,3.02,13.269971868175304
2026-10-02T12:15:00+05:30,Jaffna_Northern,30.3,196.49291253819547,794.0,3.14,13.829991683481083
2026-10-02T12:30:00+05:30,Jaffna_Northern,30.6,210.21088927498815,805.0,3.15,15.309457876030422
2026-10-02T12:45:00+05:30,Jaffna_Northern,30.9,221.0652265464212,817.0,3.09,17.47638437197935
2026-10-02T13:00:00+05:30,Jaffna_Northern,31.1,229.3505501696565,819.0,3.0,20.109726078409608
2026-10-02T13:15:00+05:30,Jaffna_Northern,31.2,235.6664835883662,796.0,2.8,23.05014370828495
2026-10-02T13:30:00+05:30,Jaffna_Northern,31.3,240.55325963016048,750.0,2.48,26.194389694674236
2026-10-02T13:45:00+05:30,Jaffna_Northern,31.1,244.41264669038492,696.0,1.91,29.47726645229934
2026-10-02T14:00:00+05:30,Jaffna_Northern,30.9,247.52630882267442,650.0,1.11,32.857199119603926
2026-10-02T14:15:00+05:30,Jaffna_Northern,30.6,250.0895497812284,627.0,0.4,36.30704091683301
2026-10-02T14:30:00+05:30,Jaffna_Northern,30.5,252.2389265806011,626.0,0.35,39.80856598687476
2026-10-02T14:45:00+05:30,Jaffna_Northern,30.6,254.0714651345525,627.0,0.47,43.34919431582181
2026-10-02T15:00:00+05:30,Jaffna_Northern,30.9,255.65740404869416,612.0,0.49,46.92001347061375
2026-10-02T15:15:00+05:30,Jaffna_Northern,31.2,257.04857082192666,569.0,0.62,50.51455648030857
2026-10-02T15:30:00+05:30,Jaffna_Northern,31.1,258.283925900897,505.0,0.82,54.12802890303835
2026-10-02T15:45:00+05:30,Jaffna_Northern,30.6,259.39328224241524,435.0,1.12,57.756805581145194
2026-10-02T16:00:00+05:30,Jaffna_Northern,29.8,260.3998431008211,368.0,1.66,61.398095551896716
2026-10-02T16:15:00+05:30,Jaffna_Northern,28.9,261.3219647212038,311.0,2.26,65.04971525359119
2026-10-02T16:30:00+05:30,Jaffna_Northern,28.3,262.1744021671132,260.0,2.59,68.70992969421468
2026-10-02T16:45:00+05:30,Jaffna_Northern,28.1,262.9692061306253,213.0,2.51,72.37733968257069
2026-10-02T17:00:00+05:30,Jaffna_Northern,28.0,263.7163807296555,166.0,2.18,76.05080169813628
2026-10-02T17:15:00+05:30,Jaffna_Northern,28.0,264.4243748705961,121.0,1.74,79.72936773974325
2026-10-02T17:30:00+05:30,Jaffna_Northern,28.0,265.1004574056793,78.0,1.38,83.41224013765893
2026-10-02T17:45:00+05:30,Jaffna_Northern,28.1,265.75101098691323,40.0,1.07,87.09873841997228
2026-10-02T18:00:00+05:30,Jaffna_Northern,28.2,266.38176882391093,9.0,0.87,90.78827220931116
2026-10-02T18:15:00+05:30,Jaffna_Northern,28.2,266.99801301347907,0.0,0.93,94.48031944312439
2026-10-02T18:30:00+05:30,Jaffna_Northern,28.2,267.6047489915916,0.0,1.2,98.17440979555516
2026-10-02T18:45:00+05:30,Jaffna_Northern,28.0,268.20686762730224,0.0,1.64,101.870109089015
2026-10-02T19:00:00+05:30,Jaffna_Northern,27.8,268.80930634332026,0.0,2.33,105.56700514938704
2026-10-02T19:15:00+05:30,Jaffna_Northern,27.4,269.41722102672844,0.0,2.96,109.26469567332195
2026-10-02T19:30:00+05:30,Jaffna_Northern,27.2,270.0361816390499,0.0,3.4,112.96277418437984
2026-10-02T19:45:00+05:30,Jaffna_Northern,27.1,270.6724089038081,0.0,3.45,116.66081449213345
2026-10-02T20:00:00+05:30,Jaffna_Northern,27.1,271.3330759678945,0.0,3.21,120.35835377363664
2026-10-02T20:15:00+05:30,Jaffna_Northern,27.0,272.026709004021,0.0,2.98,124.05486938105187
2026-10-02T20:30:00+05:30,Jaffna_Northern,27.0,272.7637394123666,0.0,2.8,127.74974803353703
2026-10-02T20:45:00+05:30,Jaffna_Northern,27.0,273.5572906560479,0.0,2.77,131.44224445044614
2026-10-02T21:00:00+05:30,Jaffna_Northern,27.1,274.4243342734864,0.0,2.75,135.1314192419967
2026-10-02T21:15:00+05:30,Jaffna_Northern,27.1,275.38744377306364,0.0,2.82,138.81604534582902
2026-10-02T21:30:00+05:30,Jaffna_Northern,27.1,276.47754819746,0.0,2.89,142.49446293182208
2026-10-02T21:45:00+05:30,Jaffna_Northern,27.0,277.7384202889727,0.0,3.04,146.16434001221754
2026-10-02T22:00:00+05:30,Jaffna_Northern,26.9,279.2343140044376,0.0,3.22,149.82226287511747
2026-10-02T22:15:00+05:30,Jaffna_Northern,26.8,281.0636263129335,0.0,3.4,153.46299818992262
2026-10-02T22:30:00+05:30,Jaffna_Northern,26.7,283.3848051672807,0.0,3.45,157.07807060420026
2026-10-02T22:45:00+05:30,Jaffna_Northern,26.6,286.46898205771663,0.0,3.34,160.65280777606682
2026-10-02T23:00:00+05:30,Jaffna_Northern,26.6,290.81572516136714,0.0,3.1,164.1595986594772
2026-10-02T23:15:00+05:30,Jaffna_Northern,26.5,297.42951020345294,0.0,2.89,167.5406573110891
2026-10-02T23:30:00+05:30,Jaffna_Northern,26.4,308.5078217236028,0.0,2.72,170.65817170494944
2026-10-02T23:45:00+05:30,Jaffna_Northern,26.4,328.7121042820821,0.0,2.61,173.14249457158223
2026-10-03T00:00:00+05:30,Jaffna_Northern,26.3,1.8304041806367763,0.0,2.45,174.1259990806633
2026-10-03T00:15:00+05:30,Jaffna_Northern,26.3,33.94239375006936,0.0,2.35,172.94979281560552
2026-10-03T00:30:00+05:30,Jaffna_Northern,26.3,52.98833028879784,0.0,2.21,170.37563051982494
2026-10-03T00:45:00+05:30,Jaffna_Northern,26.2,63.48079988897513,0.0,2.0,167.2222874709164
2026-10-03T01:00:00+05:30,Jaffna_Northern,26.2,69.8073040099984,0.0,1.8,163.82517647789967
2026-10-03T01:15:00+05:30,Jaffna_Northern,26.2,74.00029172017366,0.0,1.6,160.31023556868797
2026-10-03T01:30:00+05:30,Jaffna_Northern,26.1,76.99486232550578,0.0,1.45,156.73098140276431
2026-10-03T01:45:00+05:30,Jaffna_Northern,26.1,79.2602166909042,0.0,1.3,153.11327978557776
2026-10-03T02:00:00+05:30,Jaffna_Northern,26.1,81.05299823537746,0.0,1.2,149.47099985384634
2026-10-03T02:15:00+05:30,Jaffna_Northern,26.1,82.52415721177954,0.0,1.1,145.81221138052882
2026-10-03T02:30:00+05:30,Jaffna_Northern,26.0,83.76793471870309,0.0,1.05,142.1419276545033
2026-10-03T02:45:00+05:30,Jaffna_Northern,26.0,84.84614777911258,0.0,1.05,138.46343508828295
2026-10-03T03:00:00+05:30,Jaffna_Northern,25.9,85.80107279962476,0.0,1.1,134.77898977057492
2026-10-03T03:15:00+05:30,Jaffna_Northern,25.9,86.66268579040366,0.0,1.15,131.09020550924512
2026-10-03T03:30:00+05:30,Jaffna_Northern,25.8,87.45293635549956,0.0,1.25,127.39828026882981
2026-10-03T03:45:00+05:30,Jaffna_Northern,25.8,88.18837955051083,0.0,1.35,123.70413634917398
2026-10-03T04:00:00+05:30,Jaffna_Northern,25.7,88.88185844488157,0.0,1.45,120.00851025641438
2026-10-03T04:15:00+05:30,Jaffna_Northern,25.6,89.54361704964128,0.0,1.6,116.31201113937904
2026-10-03T04:30:00+05:30,Jaffna_Northern,25.6,90.18205985860573,0.0,1.7,112.61516234901282
2026-10-03T04:45:00+05:30,Jaffna_Northern,25.6,90.80428699057899,0.0,1.8,108.91843150620343
2026-10-03T05:00:00+05:30,Jaffna_Northern,25.7,91.41648422183727,0.0,1.91,105.2222518214376
2026-10-03T05:15:00+05:30,Jaffna_Northern,25.7,92.02421769009226,0.0,2.01,101.52704038336594
2026-10-03T05:30:00+05:30,Jaffna_Northern,25.8,92.63266673239787,0.0,2.06,97.83321377667896
2026-10-03T05:45:00+05:30,Jaffna_Northern,26.0,93.24681798821149,0.0,2.11,94.14120089504041
2026-10-03T06:00:00+05:30,Jaffna_Northern,26.2,93.87163701139201,0.0,2.12,90.451456996515
2026-10-03T06:15:00+05:30,Jaffna_Northern,26.4,94.51223083437503,11.0,2.09,86.76447846936894
2026-10-03T06:30:00+05:30,Jaffna_Northern,26.7,95.1740132568143,46.0,2.1,83.08081778758539
2026-10-03T06:45:00+05:30,Jaffna_Northern,27.0,95.86288361805475,93.0,2.06,79.40110270948223
2026-10-03T07:00:00+05:30,Jaffna_Northern,27.3,96.58543159923425,149.0,2.09,75.72605955090884
2026-10-03T07:15:00+05:30,Jaffna_Northern,27.6,97.34918314823909,206.0,2.06,72.05654079430816
2026-10-03T07:30:00+05:30,Jaffna_Northern,27.9,98.16290604352213,260.0,2.04,68.39356234458349
2026-10-03T07:45:00+05:30,Jaffna_Northern,28.1,99.03700112419165,312.0,2.04,64.7383522577022
2026-10-03T08:00:00+05:30,Jaffna_Northern,28.4,99.98401567743656,364.0,2.06,61.09241423873772
2026-10-03T08:15:00+05:30,Jaffna_Northern,28.7,101.01933024798586,419.0,2.1,57.45761586870965
2026-10-03T08:30:00+05:30,Jaffna_Northern,28.9,102.162095301107,476.0,2.13,53.83631060203486
2026-10-03T08:45:00+05:30,Jaffna_Northern,29.1,103.43653206220648,532.0,2.2,50.231508213647466
2026-10-03T09:00:00+05:30,Jaffna_Northern,29.2,104.87376958257926,585.0,2.29,46.64712185843609
2026-10-03T09:15:00+05:30,Jaffna_Northern,29.3,106.51448448471638,631.0,2.36,43.088330625754516
2026-10-03T09:30:00+05:30,Jaffna_Northern,29.4,108.41275807258955,669.0,2.43,39.56212214494382
2026-10-03T09:45:00+05:30,Jaffna_Northern,29.5,110.64179519686422,700.0,2.5,36.07812835415601
2026-10-03T10:00:00+05:30,Jaffna_Northern,29.6,113.3024986131204,726.0,2.63,32.64994074641775
2026-10-03T10:15:00+05:30,Jaffna_Northern,29.7,116.53635491473841,749.0,2.75,29.297228007776575
2026-10-03T10:30:00+05:30,Jaffna_Northern,29.7,120.54445622475299,769.0,2.82,26.049218321899815
2026-10-03T10:45:00+05:30,Jaffna_Northern,29.8,125.6137513233586,783.0,2.88,22.950475677815163
2026-10-03T11:00:00+05:30,Jaffna_Northern,29.8,132.1459993498155,789.0,2.88,20.070320962524946
2026-10-03T11:15:00+05:30,Jaffna_Northern,29.8,140.66287086454753,786.0,2.93,17.516968176587113
2026-10-03T11:30:00+05:30,Jaffna_Northern,29.8,151.69961038359332,769.0,2.88,15.45331988038022
2026-10-03T11:45:00+05:30,Jaffna_Northern,29.8,165.41831640343003,745.0,2.82,14.096157911020242
2026-10-03T12:00:00+05:30,Jaffna_Northern,29.8,180.95942653146966,722.0,2.7,13.657766055637993
2026-10-03T12:15:00+05:30,Jaffna_Northern,29.8,196.35963541486032,706.0,2.59,14.223363161336607
2026-10-03T12:30:00+05:30,Jaffna_Northern,29.7,209.7529819606415,696.0,2.41,15.684703952690597
2026-10-03T12:45:00+05:30,Jaffna_Northern,29.7,220.4413497412035,687.0,2.23,17.822782984710187
2026-10-03T13:00:00+05:30,Jaffna_Northern,29.6,228.66965469413947,677.0,2.01,20.42615876496535
2026-10-03T13:15:00+05:30,Jaffna_Northern,29.5,234.9853806790508,663.0,1.8,23.33961317311089
2026-10-03T13:30:00+05:30,Jaffna_Northern,29.4,239.89694074597878,646.0,1.62,26.46088399316111
2026-10-03T13:45:00+05:30,Jaffna_Northern,29.3,243.78999117128686,628.0,1.48,29.724535721227547
2026-10-03T14:00:00+05:30,Jaffna_Northern,29.3,246.9387190804973,609.0,1.35,33.088419959566295
2026-10-03T14:15:00+05:30,Jaffna_Northern,29.2,249.53519691857218,589.0,1.21,36.524806065949555
2026-10-03T14:30:00+05:30,Jaffna_Northern,29.1,251.714747204286,571.0,1.16,40.01496890595719
2026-10-03T14:45:00+05:30,Jaffna_Northern,29.1,253.57407380593406,550.0,1.19,43.545926779113294
2026-10-03T15:00:00+05:30,Jaffna_Northern,29.0,255.18349239749563,525.0,1.26,47.10845126192274
2026-10-03T15:15:00+05:30,Jaffna_Northern,29.0,256.59506534020767,492.0,1.35,50.69582833200543
2026-10-03T15:30:00+05:30,Jaffna_Northern,28.9,257.8480335706628,455.0,1.48,54.30307014500328
2026-10-03T15:45:00+05:30,Jaffna_Northern,28.9,258.97248551811145,414.0,1.62,57.926399434969035
2026-10-03T16:00:00+05:30,Jaffna_Northern,28.8,259.9918735942268,370.0,1.81,61.56290490421905
2026-10-03T16:15:00+05:30,Jaffna_Northern,28.7,260.92476945000925,324.0,2.01,65.21030723186269
2026-10-03T16:30:00+05:30,Jaffna_Northern,28.7,261.786108690478,278.0,2.15,68.86679484247068
2026-10-03T16:45:00+05:30,Jaffna_Northern,28.6,262.58808922630817,230.0,2.3,72.53090708623267
2026-10-03T17:00:00+05:30,Jaffna_Northern,28.6,263.34083147770394,180.0,2.5,76.20145107445296
2026-10-03T17:15:00+05:30,Jaffna_Northern,28.5,264.0528721313301,129.0,2.6,79.87743924479766
2026-10-03T17:30:00+05:30,Jaffna_Northern,28.4,264.73154127441785,79.0,2.75,83.55804247051972
2026-10-03T17:45:00+05:30,Jaffna_Northern,28.4,265.3832576063792,37.0,2.85,87.24255566269835
2026-10-03T18:00:00+05:30,Jaffna_Northern,28.3,266.01376582381016,7.0,2.95,90.9303697531286
2026-10-03T18:15:00+05:30,Jaffna_Northern,28.2,266.6283347660899,0.0,3.01,94.62094928674917
2026-10-03T18:30:00+05:30,Jaffna_Northern,28.1,267.23193077120493,0.0,3.06,98.3138154583406
2026-10-03T18:45:00+05:30,Jaffna_Northern,28.1,267.8293776202164,0.0,3.11,102.00853036914407
2026-10-03T19:00:00+05:30,Jaffna_Northern,28.0,268.4255142425839,0.0,3.18,105.70468294858067
2026-10-03T19:15:00+05:30,Jaffna_Northern,27.9,269.0253616260028,0.0,3.23,109.40187712730955
2026-10-03T19:30:00+05:30,Jaffna_Northern,27.8,269.63431137865643,0.0,3.29,113.09971838656199
2026-10-03T19:45:00+05:30,Jaffna_Northern,27.7,270.25835263738657,0.0,3.35,116.79779916597057
2026-10-03T20:00:00+05:30,Jaffna_Northern,27.7,270.9043602043611,0.0,3.35,120.49568336227934
2026-10-03T20:15:00+05:30,Jaffna_Northern,27.6,271.580476393287,0.0,3.4,124.19288521608544
2026-10-03T20:30:00+05:30,Jaffna_Northern,27.5,272.29663699371673,0.0,3.41,127.88884152443791
2026-10-03T20:45:00+05:30,Jaffna_Northern,27.4,273.06532096119565,0.0,3.41,131.58287470859267
2026-10-03T21:00:00+05:30,Jaffna_Northern,27.3,273.90265311368023,0.0,3.42,135.2741372987365
2026-10-03T21:15:00+05:30,Jaffna_Northern,27.2,274.8300803022739,0.0,3.42,138.96152838325207
2026-10-03T21:30:00+05:30,Jaffna_Northern,27.1,275.8770099044864,0.0,3.42,142.64356412397115
2026-10-03T21:45:00+05:30,Jaffna_Northern,27.0,277.08512550586966,0.0,3.42,146.3181634425367
2026-10-03T22:00:00+05:30,Jaffna_Northern,26.9,278.5157648655321,0.0,3.37,149.98228018842462
2026-10-03T22:15:00+05:30,Jaffna_Northern,26.9,280.2631991388839,0.0,3.37,153.63123751961263
2026-10-03T22:30:00+05:30,Jaffna_Northern,26.8,282.4800304692696,0.0,3.32,157.257436171633
2026-10-03T22:45:00+05:30,Jaffna_Northern,26.7,285.4294232776869,0.0,3.32,160.84764575150376
2026-10-03T23:00:00+05:30,Jaffna_Northern,26.6,289.6021452419742,0.0,3.27,164.37673747576133
2026-10-03T23:15:00+05:30,Jaffna_Northern,26.6,296.00496291658027,0.0,3.26,167.79129373564282
2026-10-03T23:30:00+05:30,Jaffna_Northern,26.5,306.922088363666,0.0,3.2,170.96027371374043
2026-10-03T23:45:00+05:30,Jaffna_Northern,26.5,327.5511838954366,0.0,3.19,173.51290659058742
2026-10-04T00:00:00+05:30,Jaffna_Northern,26.4,2.7740676386171685,0.0,3.13,174.5089564147654
2026-10-04T00:15:00+05:30,Jaffna_Northern,26.4,36.301417143847175,0.0,3.11,173.22325194558
2026-10-04T00:30:00+05:30,Jaffna_Northern,26.4,55.13636998964148,0.0,3.06,170.54489360631544
2026-10-04T00:45:00+05:30,Jaffna_Northern,26.3,65.20436266060437,0.0,3.05,167.32828441895253
2026-10-04T01:00:00+05:30,Jaffna_Northern,26.3,71.20401325943828,0.0,3.0,163.89288420697784
2026-10-04T01:15:00+05:30,Jaffna_Northern,26.3,75.16429421862529,0.0,3.01,160.3533093944045
2026-10-04T01:30:00+05:30,Jaffna_Northern,26.3,77.99081814445043,0.0,2.97,156.75729658415057
2026-10-04T01:45:00+05:30,Jaffna_Northern,26.3,80.13133272573953,0.0,2.93,153.1276982551373
2026-10-04T02:00:00+05:30,Jaffna_Northern,26.3,81.82880526486883,0.0,2.94,149.47670925068763
2026-10-04T02:15:00+05:30,Jaffna_Northern,26.3,83.22548781837611,0.0,2.91,145.81140939538955
2026-10-04T02:30:00+05:30,Jaffna_Northern,26.3,84.40995053876532,0.0,2.87,142.13619467593384
2026-10-04T02:45:00+05:30,Jaffna_Northern,26.3,85.44020146560678,0.0,2.84,138.45394923545717
2026-10-04T03:00:00+05:30,Jaffna_Northern,26.3,86.35588446377392,0.0,2.79,134.76665741393958
2026-10-04T03:15:00+05:30,Jaffna_Northern,26.3,87.18510889205294,0.0,2.73,131.07574403070456
2026-10-04T03:30:00+05:30,Jaffna_Northern,26.3,87.9484710492855,0.0,2.68,127.38227258434242
2026-10-04T03:45:00+05:30,Jaffna_Northern,26.3,88.66152629074645,0.0,2.63,123.68706807663057
2026-10-04T04:00:00+05:30,Jaffna_Northern,26.3,89.33636781498103,0.0,2.57,119.99079586093491
2026-10-04T04:15:00+05:30,Jaffna_Northern,26.3,89.98267052157149,0.0,2.51,116.29401288476377
2026-10-04T04:30:00+05:30,Jaffna_Northern,26.3,90.60840360967393,0.0,2.46,112.5972044565619
2026-10-04T04:45:00+05:30,Jaffna_Northern,26.4,91.2203332381647,0.0,2.41,108.90081106546947
2026-10-04T05:00:00+05:30,Jaffna_Northern,26.4,91.82438976579772,0.0,2.4,105.20524750010121
2026-10-04T05:15:00+05:30,Jaffna_Northern,26.5,92.42594633430303,0.0,2.35,101.51091964791149
2026-10-04T05:30:00+05:30,Jaffna_Northern,26.6,93.03004028659007,0.0,2.35,97.818239145004
2026-10-04T05:45:00+05:30,Jaffna_Northern,26.7,93.64155926656053,0.0,2.36,94.1276356143559
2026-10-04T06:00:00+05:30,Jaffna_Northern,26.9,94.26540740409115,0.0,2.38,90.4395704642695
2026-10-04T06:15:00+05:30,Jaffna_Northern,27.0,94.90666447484898,10.0,2.39,86.7545516750256
2026-10-04T06:30:00+05:30,Jaffna_Northern,27.2,95.57074946482027,42.0,2.47,83.07314904438955
2026-10-04T06:45:00+05:30,Jaffna_Northern,27.4,96.26359911016061,85.0,2.55,79.3960139463617
2026-10-04T07:00:00+05:30,Jaffna_Northern,27.6,96.99187388103451,136.0,2.63,75.7239034865878
2026-10-04T07:15:00+05:30,Jaffna_Northern,27.9,97.76320653689186,188.0,2.69,72.0577093651064
2026-10-04T07:30:00+05:30,Jaffna_Northern,28.1,98.58651188155608,239.0,2.78,68.39849686269172
2026-10-04T07:45:00+05:30,Jaffna_Northern,28.3,99.47238394315826,287.0,2.84,64.74755591977534
2026-10-04T08:00:00+05:30,Jaffna_Northern,28.5,100.43361733472386,335.0,2.93,61.10646781627088
2026-10-04T08:15:00+05:30,Jaffna_Northern,28.6,101.48590432583444,384.0,3.0,57.47719771378747
2026-10-04T08:30:00+05:30,Jaffna_Northern,28.8,102.64878422983946,432.0,3.06,53.862222532428305
2026-10-04T08:45:00+05:30,Jaffna_Northern,28.9,103.9469592150283,479.0,3.13,50.264709477788436
2026-10-04T09:00:00+05:30,Jaffna_Northern,29.0,105.41214728801594,523.0,3.18,46.68877427295829
2026-10-04T09:15:00+05:30,Jaffna_Northern,29.0,107.08573499466837,565.0,3.27,43.13985924945029
2026-10-04T09:30:00+05:30,Jaffna_Northern,29.1,109.02263442363181,604.0,3.31,39.6252975752325
2026-10-04T09:45:00+05:30,Jaffna_Northern,29.1,111.29696427737247,639.0,3.36,36.15517883354476
2026-10-04T10:00:00+05:30,Jaffna_Northern,29.1,114.01049046334845,671.0,3.43,32.74370409143948
2026-10-04T10:15:00+05:30,Jaffna_Northern,29.2,117.30514602796956,700.0,3.45,29.411352331738236
2026-10-04T10:30:00+05:30,Jaffna_Northern,29.2,121.38114154684149,725.0,3.5,26.188408090768796
2026-10-04T10:45:00+05:30,Jaffna_Northern,29.2,126.52107372141364,747.0,3.55,23.120730690877792
2026-10-04T11:00:00+05:30,Jaffna_Northern,29.2,133.11420049178912,766.0,3.59,20.27896359511672
2026-10-04T11:15:00+05:30,Jaffna_Northern,29.3,141.65290675662027,786.0,3.59,17.771862878635346
2026-10-04T11:30:00+05:30,Jaffna_Northern,29.3,152.61733597991156,808.0,3.61,15.760008352349871
2026-10-04T11:45:00+05:30,Jaffna_Northern,29.4,166.1035703126504,827.0,3.63,14.451769042262342
2026-10-04T12:00:00+05:30,Jaffna_Northern,29.4,181.2519727416696,839.0,3.62,14.045177304011972
2026-10-04T12:15:00+05:30,Jaffna_Northern,29.5,196.22838835634516,841.0,3.6,14.615683083415092
2026-10-04T12:30:00+05:30,Jaffna_Northern,29.6,209.3124316586642,833.0,3.6,16.05948265997273
2026-10-04T12:45:00+05:30,Jaffna_Northern,29.7,219.83826811621944,819.0,3.6,18.169556387795822
2026-10-04T13:00:00+05:30,Jaffna_Northern,29.7,228.00733682617835,799.0,3.61,20.743542733203512
2026-10-04T13:15:00+05:30,Jaffna_Northern,29.8,234.31932086400542,776.0,3.55,23.630296708961524
2026-10-04T13:30:00+05:30,Jaffna_Northern,29.9,239.25243844642608,751.0,3.56,26.72863660208744
2026-10-04T13:45:00+05:30,Jaffna_Northern,29.9,243.1765911241108,720.0,3.55,29.972980216835225
2026-10-04T14:00:00+05:30,Jaffna_Northern,29.9,246.35843981628477,685.0,3.57,33.32066581154351
2026-10-04T14:15:00+05:30,Jaffna_Northern,29.9,248.98669121938872,643.0,3.56,36.743414068884974
2026-10-04T14:30:00+05:30,Jaffna_Northern,29.9,251.19530828457766,593.0,3.56,40.22202005729556
2026-10-04T14:45:00+05:30,Jaffna_Northern,29.9,253.08057617847132,541.0,3.56,43.74311077229848
2026-10-04T15:00:00+05:30,Jaffna_Northern,29.8,254.71281729669693,491.0,3.53,47.297147062605035
2026-10-04T15:15:00+05:30,Jaffna_Northern,29.8,256.14427860549324,447.0,3.54,50.877170277716644
2026-10-04T15:30:00+05:30,Jaffna_Northern,29.7,257.41444565978867,406.0,3.51,54.47800002764459
2026-10-04T15:45:00+05:30,Jaffna_Northern,29.6,258.55365656880247,367.0,3.52,58.09570694134264
2026-10-04T16:00:00+05:30,Jaffna_Northern,29.5,259.58559413974484,326.0,3.51,61.72725893359464
2026-10-04T16:15:00+05:30,Jaffna_Northern,29.3,260.529031588365,284.0,3.46,65.37028023504574
2026-10-04T16:30:00+05:30,Jaffna_Northern,29.2,261.39907468779165,242.0,3.45,69.0228818839206
2026-10-04T16:45:00+05:30,Jaffna_Northern,29.1,262.20806065533066,200.0,3.4,72.68354092174901
2026-10-04T17:00:00+05:30,Jaffna_Northern,29.0,262.96622005594133,156.0,3.4,76.35101421897866
2026-10-04T17:15:00+05:30,Jaffna_Northern,28.9,263.6821724526896,110.0,3.34,80.02427377523027
2026-10-04T17:30:00+05:30,Jaffna_Northern,28.8,264.36330515127344,66.0,3.28,83.70245812336344
2026-10-04T17:45:00+05:30,Jaffna_Northern,28.7,265.01606949464923,30.0,3.23,87.38483666076615
2026-10-04T18:00:00+05:30,Jaffna_Northern,28.6,265.64621865997105,5.0,3.12,91.0707807066619
2026-10-04T18:15:00+05:30,Jaffna_Northern,28.5,266.2590054401639,0.0,3.07,94.75974044727275
2026-10-04T18:30:00+05:30,Jaffna_Northern,28.5,266.8593543423275,0.0,2.98,98.45122757274842
2026-10-04T18:45:00+05:30,Jaffna_Northern,28.4,267.4520192201466,0.0,2.91,102.14479934640138
2026-10-04T19:00:00+05:30,Jaffna_Northern,28.4,268.0417373865638,0.0,2.85,105.84004456370411
2026-10-04T19:15:00+05:30,Jaffna_Northern,28.3,268.63339130837426,0.0,2.81,109.5365719935653
2026-10-04T19:30:00+05:30,Jaffna_Northern,28.2,269.2321898413946,0.0,2.79,113.23399746977611
2026-10-04T19:45:00+05:30,Jaffna_Northern,28.2,269.8438849751029,0.0,2.78,116.93193018266105
2026-10-04T20:00:00+05:30,Jaffna_Northern,28.1,270.4750458927747,0.0,2.82,120.62995851508103
2026-10-04T20:15:00+05:30,Jaffna_Northern,28.0,271.1334212374661,0.0,2.86,124.32763089405022
2026-10-04T20:30:00+05:30,Jaffna_Northern,27.9,271.8284375731017,0.0,2.9,128.0244308840874
2026-10-04T20:45:00+05:30,Jaffna_Northern,27.8,272.5719099154171,0.0,2.96,131.71974448369951
2026-10-04T21:00:00+05:30,Jaffna_Northern,27.7,273.3790878099465,0.0,3.05,135.41281093492358
2026-10-04T21:15:00+05:30,Jaffna_Northern,27.6,274.2702481632984,0.0,3.15,139.10264881576654
2026-10-04T21:30:00+05:30,Jaffna_Northern,27.5,275.27320872894757,0.0,3.23,142.78794166052376
2026-10-04T21:45:00+05:30,Jaffna_Northern,27.4,276.4274529197039,0.0,3.3,146.46684806550053
2026-10-04T22:00:00+05:30,Jaffna_Northern,27.3,277.79121241289124,0.0,3.42,150.1366748264664
2026-10-04T22:15:00+05:30,Jaffna_Northern,27.1,279.4542898421386,0.0,3.49,153.79328305172254
2026-10-04T22:30:00+05:30,Jaffna_Northern,27.0,281.5627828835526,0.0,3.57,157.4299281655983
2026-10-04T22:45:00+05:30,Jaffna_Northern,26.9,284.37052845112777,0.0,3.65,161.03480550981052
2026-10-04T23:00:00+05:30,Jaffna_Northern,26.8,288.356465048017,0.0,3.69,164.58529392509269
2026-10-04T23:15:00+05:30,Jaffna_Northern,26.7,294.5226207108069,0.0,3.78,168.03256455885196
2026-10-04T23:30:00+05:30,Jaffna_Northern,26.6,305.22707791422494,0.0,3.77,171.25338041980763
2026-10-04T23:45:00+05:30,Jaffna_Northern,26.5,326.2426432515448,0.0,3.77,173.87884991323165
2026-10-05T00:00:00+05:30,Jaffna_Northern,26.4,3.8402905925461823,0.0,3.71,174.88953846734805
2026-10-05T00:15:00+05:30,Jaffna_Northern,26.4,38.83807660902448,0.0,3.61,173.48475062001884
2026-10-05T00:30:00+05:30,Jaffna_Northern,26.3,57.34942366045249,0.0,3.51,170.7015201402383
2026-10-05T00:45:00+05:30,Jaffna_Northern,26.2,66.9487273071739,0.0,3.4,167.42410977353887
2026-10-05T01:00:00+05:30,Jaffna_Northern,26.1,72.60686733553712,0.0,3.25,163.9526675703974
2026-10-05T01:15:00+05:30,Jaffna_Northern,26.0,76.32923674609577,0.0,3.1,160.39015771344415
2026-10-05T01:30:00+05:30,Jaffna_Northern,26.0,78.98575882620054,0.0,2.95,156.77865895685022
2026-10-05T01:45:00+05:30,Jaffna_Northern,25.9,81.00070685635018,0.0,2.8,153.1381396805289
2026-10-05T02:00:00+05:30,Jaffna_Northern,25.9,82.60264170917475,0.0,2.7,149.4792110492225
2026-10-05T02:15:00+05:30,Jaffna_Northern,25.8,83.92482845143752,0.0,2.6,145.8080229753774
2026-10-05T02:30:00+05:30,Jaffna_Northern,25.8,85.05004396194454,0.0,2.45,142.12839415260328
2026-10-05T02:45:00+05:30,Jaffna_Northern,25.8,86.03243298499831,0.0,2.3,138.44283371557862
2026-10-05T03:00:00+05:30,Jaffna_Northern,25.8,86.90898213387834,0.0,2.15,134.75307330867824
2026-10-05T03:15:00+05:30,Jaffna_Northern,25.9,87.70592290884605,0.0,2.06,131.06036242369626
2026-10-05T03:30:00+05:30,Jaffna_Northern,25.9,88.44249345218321,0.0,1.91,127.36564012629051
2026-10-05T03:45:00+05:30,Jaffna_Northern,25.9,89.1332476010478,0.0,1.81,123.6696416559625
2026-10-05T04:00:00+05:30,Jaffna_Northern,25.9,89.78952829809668,0.0,1.71,119.97296699639614
2026-10-05T04:15:00+05:30,Jaffna_Northern,25.9,90.42044158802156,0.0,1.6,116.27612542165006
2026-10-05T04:30:00+05:30,Jaffna_Northern,25.9,91.03352187478595,0.0,1.5,112.57956781135438
2026-10-05T04:45:00+05:30,Jaffna_Northern,25.9,91.6352018946219,0.0,1.45,108.8837104709626
2026-10-05T05:00:00+05:30,Jaffna_Northern,25.9,92.23115705870663,0.0,1.4,105.18895221691088
2026-10-05T05:15:00+05:30,Jaffna_Northern,26.0,92.82656785674732,0.0,1.35,101.49568981737823
2026-10-05T05:30:00+05:30,Jaffna_Northern,26.1,93.42632981912448,0.0,1.35,97.80433176981875
2026-10-05T05:45:00+05:30,Jaffna_Northern,26.2,94.03523158401157,0.0,1.36,94.11531003855163
2026-10-05T06:00:00+05:30,Jaffna_Northern,26.3,94.65811562309324,0.0,1.41,90.42909365763747
2026-10-05T06:15:00+05:30,Jaffna_Northern,26.4,95.30003395570219,12.0,1.47,86.74620358557173
2026-10-05T06:30:00+05:30,Jaffna_Northern,26.5,95.96640993150748,50.0,1.53,83.0672282809107
2026-10-05T06:45:00+05:30,Jaffna_Northern,26.7,96.66321645335881,101.0,1.64,79.39284406599677
2026-10-05T07:00:00+05:30,Jaffna_Northern,26.9,97.3971830242694,162.0,1.75,75.72384019387363
2026-10-05T07:15:00+05:30,Jaffna_Northern,27.1,98.17604675927134,224.0,1.86,72.06114900193721
2026-10-05T07:30:00+05:30,Jaffna_Northern,27.3,99.00886607957096,282.0,1.96,68.4058866629104
2026-10-05T07:45:00+05:30,Jaffna_Northern,27.5,99.90642347123429,337.0,2.07,64.75940664762669
2026-10-05T08:00:00+05:30,Jaffna_Northern,27.7,100.88175426545331,390.0,2.25,61.123369621666654
2026-10-05T08:15:00+05:30,Jaffna_Northern,28.0,101.95085313922937,442.0,2.37,57.499840322869126
2026-10-05T08:30:00+05:30,Jaffna_Northern,28.2,103.1336349444424,491.0,2.53,53.89142133438178
2026-10-05T08:45:00+05:30,Jaffna_Northern,28.4,104.45526349416184,537.0,2.69,50.30143966273301
2026-10-05T09:00:00+05:30,Jaffna_Northern,28.6,105.94801729791601,579.0,2.85,46.734216038039605
2026-10-05T09:15:00+05:30,Jaffna_Northern,28.8,107.65395012304452,618.0,2.96,43.19545827224731
2026-10-05T09:30:00+05:30,Jaffna_Northern,29.0,109.6287395916184,654.0,3.11,39.69284650640835
2026-10-05T09:45:00+05:30,Jaffna_Northern,29.2,111.94731688769684,686.0,3.23,36.23692730238813
2026-10-05T10:00:00+05:30,Jaffna_Northern,29.4,114.71215169273268,714.0,3.34,32.84250582398928
2026-10-05T10:15:00+05:30,Jaffna_Northern,29.5,118.06537274009821,739.0,3.43,29.530855466134234
2026-10-05T10:30:00+05:30,Jaffna_Northern,29.7,122.20592447554094,761.0,3.54,26.33327956589755
2026-10-05T10:45:00+05:30,Jaffna_Northern,29.8,127.41151453446327,779.0,3.59,23.29685209198665
2026-10-05T11:00:00+05:30,Jaffna_Northern,29.9,134.05836361376709,788.0,3.68,20.493380386741947
2026-10-05T11:15:00+05:30,Jaffna_Northern,30.0,142.60982482278143,786.0,3.73,18.031895846042772
2026-10-05T11:30:00+05:30,Jaffna_Northern,30.0,153.49416071698295,770.0,3.73,16.07036094821825
2026-10-05T11:45:00+05:30,Jaffna_Northern,30.0,166.7496441998644,747.0,3.72,14.808822937897332
2026-10-05T12:00:00+05:30,Jaffna_Northern,30.0,181.5227459190508,723.0,3.7,14.432047622977052
2026-10-05T12:15:00+05:30,Jaffna_Northern,30.0,196.09875943525392,707.0,3.64,15.006829690258698
2026-10-05T12:30:00+05:30,Jaffna_Northern,30.0,208.88788516878355,696.0,3.58,16.433618939715004
2026-10-05T12:45:00+05:30,Jaffna_Northern,29.9,219.25476996866723,686.0,3.52,18.516481666980084
2026-10-05T13:00:00+05:30,Jaffna_Northern,29.8,227.36280143444702,675.0,3.4,21.0616416855308
2026-10-05T13:15:00+05:30,Jaffna_Northern,29.7,233.66784421702562,658.0,3.34,23.92196602162531
2026-10-05T13:30:00+05:30,Jaffna_Northern,29.6,238.61950567902304,638.0,3.22,26.997434800579768
2026-10-05T13:45:00+05:30,Jaffna_Northern,29.4,242.57232561531373,616.0,3.1,30.222403525792345
2026-10-05T14:00:00+05:30,Jaffna_Northern,29.3,245.78542394846636,591.0,2.98,33.55375485533004
2026-10-05T14:15:00+05:30,Jaffna_Northern,29.2,248.44402933504372,564.0,2.82,36.96269544847701
2026-10-05T14:30:00+05:30,Jaffna_Northern,29.0,250.6806329052531,535.0,2.71,40.429560204186075
2026-10-05T14:45:00+05:30,Jaffna_Northern,28.9,252.5910117066502,504.0,2.6,43.940595525387515
2026-10-05T15:00:00+05:30,Jaffna_Northern,28.7,254.2454286224595,471.0,2.45,47.485957134623625
2026-10-05T15:15:00+05:30,Jaffna_Northern,28.6,255.69626734248388,436.0,2.35,51.05844446416446
2026-10-05T15:30:00+05:30,Jaffna_Northern,28.4,256.98322357361656,400.0,2.26,54.65268566666952
2026-10-05T15:45:00+05:30,Jaffna_Northern,28.3,258.1368601644516,362.0,2.17,58.26459944871298
2026-10-05T16:00:00+05:30,Jaffna_Northern,28.1,259.18107208682346,323.0,2.09,61.8910326236503
2026-10-05T16:15:00+05:30,Jaffna_Northern,28.0,260.13482062165815,281.0,2.0,65.52951239478271
2026-10-05T16:30:00+05:30,Jaffna_Northern,27.8,261.0133715629882,240.0,1.93,69.178071694186
2026-10-05T16:45:00+05:30,Jaffna_Northern,27.7,261.82919367852514,197.0,1.85,72.83512446564089
2026-10-05T17:00:00+05:30,Jaffna_Northern,27.6,262.5926216351276,154.0,1.84,76.49937651787427
2026-10-05T17:15:00+05:30,Jaffna_Northern,27.5,263.3123530571243,109.0,1.81,80.16975857297982
2026-10-05T17:30:00+05:30,Jaffna_Northern,27.4,263.9958285271469,65.0,1.79,83.84537596905815
2026-10-05T17:45:00+05:30,Jaffna_Northern,27.3,264.6495286964673,30.0,1.77,87.5254717129923
2026-10-05T18:00:00+05:30,Jaffna_Northern,27.3,265.2792122848484,5.0,1.77,91.2093966028388
2026-10-05T18:15:00+05:30,Jaffna_Northern,27.2,265.8901133237954,0.0,1.75,94.89658551183973
2026-10-05T18:30:00+05:30,Jaffna_Northern,27.2,266.4871118388528,0.0,1.75,98.58653959800502
2026-10-05T18:45:00+05:30,Jaffna_Northern,27.1,267.0748890146649,0.0,1.75,102.27881016651773
2026-10-05T19:00:00+05:30,Jaffna_Northern,27.1,267.6580775426744,0.0,1.75,105.97298463092146
2026-10-05T19:15:00+05:30,Jaffna_Northern,27.1,268.2414178934438,0.0,1.79,109.66867518233772
2026-10-05T19:30:00+05:30,Jaffna_Northern,27.0,268.8299319559065,0.0,1.79,113.36550637189609
2026-10-05T19:45:00+05:30,Jaffna_Northern,27.0,269.4291292475783,0.0,1.79,117.06310221714028
2026-10-05T20:00:00+05:30,Jaffna_Northern,26.9,270.04526636508155,0.0,1.79,120.76107328921915
2026-10-05T20:15:00+05:30,Jaffna_Northern,26.9,270.6856888736961,0.0,1.81,124.45899941419447
2026-10-05T20:30:00+05:30,Jaffna_Northern,26.9,271.359301034943,0.0,1.81,128.1564074813627
2026-10-05T20:45:00+05:30,Jaffna_Northern,26.8,272.07723522148706,0.0,1.81,131.8527427567519
2026-10-05T21:00:00+05:30,Jaffna_Northern,26.8,272.85383815183195,0.0,1.83,135.54732571192324
2026-10-05T21:15:00+05:30,Jaffna_Northern,26.8,273.7081748758262,0.0,1.83,139.23928733581454
2026-10-05T21:30:00+05:30,Jaffna_Northern,26.8,274.6664074587334,0.0,1.81,142.92746926472302
2026-10-05T21:45:00+05:30,Jaffna_Northern,26.8,275.7657106770282,0.0,1.79,146.61025748052944
2026-10-05T22:00:00+05:30,Jaffna_Northern,26.7,277.0610234035985,0.0,1.79,150.28529533533737
2026-10-05T22:15:00+05:30,Jaffna_Northern,26.7,278.6373398024469,0.0,1.77,153.9489602132504
2026-10-05T22:30:00+05:30,Jaffna_Northern,26.7,280.6335916311059,0.0,1.77,157.59533497538757
2026-10-05T22:45:00+05:30,Jaffna_Northern,26.6,283.29289641902204,0.0,1.77,161.2140129545042
2026-10-05T23:00:00+05:30,Jaffna_Northern,26.6,287.0791677351941,0.0,1.73,164.7848823439628
2026-10-05T23:15:00+05:30,Jaffna_Northern,26.6,292.9818238335244,0.0,1.73,168.26387813955597
2026-10-05T23:30:00+05:30,Jaffna_Northern,26.5,303.41577690869553,0.0,1.68,171.53657646248
2026-10-05T23:45:00+05:30,Jaffna_Northern,26.5,324.7607649991112,0.0,1.63,174.2395569575712
2026-10-06T00:00:00+05:30,Jaffna_Northern,26.4,5.05622118647193,0.0,1.59,175.26734122312217
2026-10-06T00:15:00+05:30,Jaffna_Northern,26.4,41.56334890683581,0.0,1.52,173.73296852627584
2026-10-06T00:30:00+05:30,Jaffna_Northern,26.3,59.62401081215188,0.0,1.43,170.84501584147466
2026-10-06T00:45:00+05:30,Jaffna_Northern,26.2,68.7111088141919,0.0,1.35,167.5096663175722
2026-10-06T01:00:00+05:30,Jaffna_Northern,26.2,74.01422671422972,0.0,1.22,164.0045627969734
2026-10-06T01:15:00+05:30,Jaffna_Northern,26.1,77.494119571959,0.0,1.17,160.42086209602283
2026-10-06T01:30:00+05:30,Jaffna_Northern,26.0,79.9790273755413,0.0,1.06,156.7951653054254
2026-10-06T01:45:00+05:30,Jaffna_Northern,25.9,81.86787476140415,0.0,0.99,153.14470497433473
2026-10-06T02:00:00+05:30,Jaffna_Northern,25.8,83.37415815060734,0.0,0.94,149.47860599480197
2026-10-06T02:15:00+05:30,Jaffna_Northern,25.7,84.62190205044766,0.0,0.89,145.80215102391475
2026-10-06T02:30:00+05:30,Jaffna_Northern,25.7,85.68798566987107,0.0,0.89,142.1186225428892
2026-10-06T02:45:00+05:30,Jaffna_Northern,25.6,86.62264576618901,0.0,0.91,138.4301823837564
2026-10-06T03:00:00+05:30,Jaffna_Northern,25.6,87.46019241550675,0.0,0.9,134.73832873342516
2026-10-06T03:15:00+05:30,Jaffna_Northern,25.5,88.22497125204711,0.0,0.96,131.04414948568262
2026-10-06T03:30:00+05:30,Jaffna_Northern,25.5,88.93485937331491,0.0,0.98,127.34846932413433
2026-10-06T03:45:00+05:30,Jaffna_Northern,25.4,89.60340852650648,0.0,1.01,123.65194125795006
2026-10-06T04:00:00+05:30,Jaffna_Northern,25.4,90.24121182807329,0.0,1.05,119.95510566542072
2026-10-06T04:15:00+05:30,Jaffna_Northern,25.4,90.85680726835574,0.0,1.1,116.25842865546599
2026-10-06T04:30:00+05:30,Jaffna_Northern,25.4,91.45729532456062,0.0,1.15,112.56233027519127
2026-10-06T04:45:00+05:30,Jaffna_Northern,25.4,92.0487761008036,0.0,1.18,108.86720557124289
2026-10-06T05:00:00+05:30,Jaffna_Northern,25.5,92.63667070268514,0.0,1.24,105.1734398172797
2026-10-06T05:15:00+05:30,Jaffna_Northern,25.5,93.22596742596738,0.0,1.24,101.4814227227869
2026-10-06T05:30:00+05:30,Jaffna_Northern,25.6,93.82142024027348,0.0,1.27,97.79156143600396
2026-10-06T05:45:00+05:30,Jaffna_Northern,25.7,94.42771880320629,0.0,1.27,94.10429185296287
2026-10-06T06:00:00+05:30,Jaffna_Northern,25.8,95.04964370039653,0.0,1.24,90.42009208174406
2026-10-06T06:15:00+05:30,Jaffna_Northern,26.0,95.6922186741412,12.0,1.2,86.73949741787717
2026-10-06T06:30:00+05:30,Jaffna_Northern,26.1,96.36087056676126,50.0,1.13,83.06311628952525
2026-10-06T06:45:00+05:30,Jaffna_Northern,26.3,97.06160714200678,101.0,1.06,79.39165126069942
2026-10-06T07:00:00+05:30,Jaffna_Northern,26.5,97.8012250716908,161.0,0.96,75.7259250451578
2026-10-06T07:15:00+05:30,Jaffna_Northern,26.8,98.58756322553336,221.0,0.85,72.0669119819809
2026-10-06T07:30:00+05:30,Jaffna_Northern,27.0,99.42982004369901,279.0,0.74,68.41578058360685
2026-10-06T07:45:00+05:30,Jaffna_Northern,27.3,100.33896149260278,333.0,0.64,64.77394940950182
2026-10-06T08:00:00+05:30,Jaffna_Northern,27.5,101.32825669866452,385.0,0.54,61.143160202252574
2026-10-06T08:15:00+05:30,Jaffna_Northern,27.8,102.41399302400532,437.0,0.4,57.525579122413085
2026-10-06T08:30:00+05:30,Jaffna_Northern,28.1,103.61644703853233,485.0,0.32,53.92393640581753
2026-10-06T08:45:00+05:30,Jaffna_Northern,28.3,104.96122426565671,530.0,0.25,50.34172094573429
2026-10-06T09:00:00+05:30,Jaffna_Northern,28.6,106.48113449983578,571.0,0.18,46.78346052053057
2026-10-06T09:15:00+05:30,Jaffna_Northern,28.8,108.21885517557274,609.0,0.22,43.25513009682019
2026-10-06T09:30:00+05:30,Jaffna_Northern,29.1,110.23076342882996,644.0,0.3,39.764757411482954
2026-10-06T09:45:00+05:30,Jaffna_Northern,29.3,112.59250137709591,675.0,0.4,36.323344158755006
2026-10-06T10:00:00+05:30,Jaffna_Northern,29.5,115.40708486248207,701.0,0.5,32.946292407854536
2026-10-06T10:15:00+05:30,Jaffna_Northern,29.7,118.81659465375822,724.0,0.56,29.655651678196612
2026-10-06T10:30:00+05:30,Jaffna_Northern,29.9,123.01834521956266,746.0,0.66,26.48370347216158
2026-10-06T10:45:00+05:30,Jaffna_Northern,30.1,128.2846707473742,762.0,0.71,23.47865286746007
2026-10-06T11:00:00+05:30,Jaffna_Northern,30.2,134.97833426363707,770.0,0.81,20.713313572562754
2026-10-06T11:15:00+05:30,Jaffna_Northern,30.3,143.534097089606,766.0,0.86,18.296741125242363
2026-10-06T11:30:00+05:30,Jaffna_Northern,30.4,154.33160848032742,746.0,0.9,16.38403009382921
2026-10-06T11:45:00+05:30,Jaffna_Northern,30.4,167.3588052845937,718.0,0.95,15.16704575911804
2026-10-06T12:00:00+05:30,Jaffna_Northern,30.4,181.77316777546667,690.0,0.95,14.818221661096757
2026-10-06T12:15:00+05:30,Jaffna_Northern,30.4,195.97039724361386,672.0,0.96,15.3966813816768
2026-10-06T12:30:00+05:30,Jaffna_Northern,30.4,208.4781193020213,661.0,0.98,16.806943542072474
2026-10-06T12:45:00+05:30,Jaffna_Northern,30.3,218.68972959757352,651.0,1.01,18.863344769194043
2026-10-06T13:00:00+05:30,Jaffna_Northern,30.3,226.7352923819036,640.0,1.07,21.380227672730243
2026-10-06T13:15:00+05:30,Jaffna_Northern,30.2,233.03050503581352,624.0,1.11,24.214399626475213
2026-10-06T13:30:00+05:30,Jaffna_Northern,30.1,237.99789935798194,604.0,1.2,27.267071351427532
2026-10-06T13:45:00+05:30,Jaffna_Northern,30.0,241.97707407214108,582.0,1.31,30.472613840881955
2026-10-06T14:00:00+05:30,Jaffna_Northern,29.8,245.21962381662743,558.0,1.42,33.78750936621348
2026-10-06T14:15:00+05:30,Jaffna_Northern,29.7,247.90720737447782,532.0,1.55,37.182484559145514
2026-10-06T14:30:00+05:30,Jaffna_Northern,29.5,250.1707439530823,504.0,1.68,40.63743383258128
2026-10-06T14:45:00+05:30,Jaffna_Northern,29.4,252.1054200545064,474.0,1.81,44.13823398114302
2026-10-06T15:00:00+05:30,Jaffna_Northern,29.3,253.78137684087127,443.0,1.92,47.67474150189214
2026-10-06T15:15:00+05:30,Jaffna_Northern,29.1,255.25108919751557,409.0,2.04,51.23951688608807
2026-10-06T15:30:00+05:30,Jaffna_Northern,29.0,256.5544299215009,375.0,2.18,54.826998132025096
2026-10-06T15:45:00+05:30,Jaffna_Northern,28.8,257.7221625212188,340.0,2.32,58.43295238160827
2026-10-06T16:00:00+05:30,Jaffna_Northern,28.7,258.77837644220176,302.0,2.47,62.054105167211475
2026-10-06T16:15:00+05:30,Jaffna_Northern,28.6,259.7422078795561,263.0,2.61,65.68788618778163
2026-10-06T16:30:00+05:30,Jaffna_Northern,28.4,260.6290727349623,224.0,2.71,69.33224963167036
2026-10-06T16:45:00+05:30,Jaffna_Northern,28.3,261.4515637334814,185.0,2.8,72.98554562048204
2026-10-06T17:00:00+05:30,Jaffna_Northern,28.2,262.2201137202,143.0,2.86,76.64642812807399
2026-10-06T17:15:00+05:30,Jaffna_Northern,28.1,262.943493659558,101.0,2.91,80.31378579849877
2026-10-06T17:30:00+05:30,Jaffna_Northern,28.0,263.62919354854125,60.0,2.97,83.98668994729726
2026-10-06T17:45:00+05:30,Jaffna_Northern,28.0,264.28372008540373,26.0,2.99,87.66435633868414
2026-10-06T18:00:00+05:30,Jaffna_Northern,27.9,264.9128346677398,4.0,3.07,91.34611435577362
2026-09-29T18:15:00+05:30,Colombo_Western,27.7,267.89901791590137,0.0,2.07,93.80316089950229
2026-09-29T18:30:00+05:30,Colombo_Western,27.6,268.3354121866769,0.0,1.94,97.52508283730467
2026-09-29T18:45:00+05:30,Colombo_Western,27.5,268.76834652677974,0.0,1.82,101.24780733108616
2026-09-29T19:00:00+05:30,Colombo_Western,27.5,269.2014189291618,0.0,1.74,104.9711200661316
2026-09-29T19:15:00+05:30,Colombo_Western,27.4,269.63837540377386,0.0,1.63,108.69481213224812
2026-09-29T19:30:00+05:30,Colombo_Western,27.4,270.083253202745,0.0,1.56,112.41867237387069
2026-09-29T19:45:00+05:30,Colombo_Western,27.3,270.540553173302,0.0,1.52,116.14247897266735
2026-09-29T20:00:00+05:30,Colombo_Western,27.3,271.0154587131171,0.0,1.47,119.8659910342598
2026-09-29T20:15:00+05:30,Colombo_Western,27.3,271.5141261205943,0.0,1.46,123.58893617092295
2026-09-29T20:30:00+05:30,Colombo_Western,27.2,272.04408478011686,0.0,1.45,127.3109940893274
2026-09-29T20:45:00+05:30,Colombo_Western,27.2,272.6148079396106,0.0,1.41,131.03177533580688
2026-09-29T21:00:00+05:30,Colombo_Western,27.1,273.2385529284577,0.0,1.38,134.75078839978255
2026-09-29T21:15:00+05:30,Colombo_Western,27.0,273.93163974626935,0.0,1.36,138.46739019894804
2026-09-29T21:30:00+05:30,Colombo_Western,27.0,274.71646701670784,0.0,1.35,142.18070996711765
2026-09-29T21:45:00+05:30,Colombo_Western,26.9,275.6248178073128,0.0,1.29,145.8895222346097
2026-09-29T22:00:00+05:30,Colombo_Western,26.9,276.70353380558686,0.0,1.24,149.59202861656664
2026-09-29T22:15:00+05:30,Colombo_Western,26.8,278.0247934122084,0.0,1.19,153.28546264506917
2026-09-29T22:30:00+05:30,Colombo_Western,26.7,279.70597593298857,0.0,1.14,156.9653180998033
2026-09-29T22:45:00+05:30,Colombo_Western,26.7,281.9512447516561,0.0,1.09,160.62371618246516
2026-09-29T23:00:00+05:30,Colombo_Western,26.6,285.14775526629364,0.0,1.04,164.24556137259515
2026-09-29T23:15:00+05:30,Colombo_Western,26.5,290.11816771120704,0.0,1.01,167.79811793850146
2026-09-29T23:30:00+05:30,Colombo_Western,26.5,298.8912513395845,0.0,0.98,171.19694812250577
2026-09-29T23:45:00+05:30,Colombo_Western,26.4,317.2822882130896,0.0,1.03,174.16669687282376
2026-09-30T00:00:00+05:30,Colombo_Western,26.4,357.2408340203011,0.0,1.11,175.70024445926828
2026-09-30T00:15:00+05:30,Colombo_Western,26.3,39.61830402692726,0.0,1.17,174.44345650534632
2026-09-30T00:30:00+05:30,Colombo_Western,26.2,59.81555493780712,0.0,1.24,171.56267416756896
2026-09-30T00:45:00+05:30,Colombo_Western,26.1,69.26602973969659,0.0,1.24,168.19211483773066
2026-09-30T01:00:00+05:30,Colombo_Western,26.0,74.52805612333816,0.0,1.2,164.65119721515777
2026-09-30T01:15:00+05:30,Colombo_Western,25.9,77.87194909261683,0.0,1.17,161.03519328157194
2026-09-30T01:30:00+05:30,Colombo_Western,25.8,80.20123093197776,0.0,1.14,157.38017874941266
2026-09-30T01:45:00+05:30,Colombo_Western,25.8,81.93479049688636,0.0,1.07,153.70251489643098
2026-09-30T02:00:00+05:30,Colombo_Western,25.8,83.29104893618342,0.0,0.99,150.0106384545163
2026-09-30T02:15:00+05:30,Colombo_Western,25.9,84.39450420108784,0.0,0.96,146.30933197630455
2026-09-30T02:30:00+05:30,Colombo_Western,25.9,85.32119557951455,0.0,0.88,142.601511901927
2026-09-30T02:45:00+05:30,Colombo_Western,25.9,86.12020263123304,0.0,0.85,138.88906305994652
2026-09-30T03:00:00+05:30,Colombo_Western,25.9,86.82467800107747,0.0,0.86,135.17326473809862
2026-09-30T03:15:00+05:30,Colombo_Western,25.8,87.45789797319526,0.0,0.87,131.45502346176073
2026-09-30T03:30:00+05:30,Colombo_Western,25.8,88.03676818438277,0.0,0.89,127.73500621885151
2026-09-30T03:45:00+05:30,Colombo_Western,25.8,88.57395095242208,0.0,0.89,124.01372237558036
2026-09-30T04:00:00+05:30,Colombo_Western,25.9,89.07920921263161,0.0,0.94,120.29157572855885
2026-09-30T04:15:00+05:30,Colombo_Western,25.9,89.56028668387972,0.0,0.94,116.56889746472406
2026-09-30T04:30:00+05:30,Colombo_Western,25.9,90.02350348567813,0.0,0.98,112.84596992611253
2026-09-30T04:45:00+05:30,Colombo_Western,25.9,90.47417264184764,0.0,1.08,109.12304371603865
2026-09-30T05:00:00+05:30,Colombo_Western,25.9,90.91690155611946,0.0,1.23,105.40034911932699
2026-09-30T05:15:00+05:30,Colombo_Western,25.9,91.35581836088966,0.0,1.38,101.67810640784191
2026-09-30T05:30:00+05:30,Colombo_Western,25.8,91.7947496884143,0.0,1.49,97.95653459273667
2026-09-30T05:45:00+05:30,Colombo_Western,25.7,92.23736807723537,0.0,1.6,94.2358578873195
2026-09-30T06:00:00+05:30,Colombo_Western,25.6,92.6873217660193,0.0,1.73,90.51631347901937
2026-09-30T06:15:00+05:30,Colombo_Western,25.4,93.14835735125058,11.0,1.79,86.79815963408424
2026-09-30T06:30:00+05:30,Colombo_Western,25.4,93.6244444765324,39.0,1.75,83.08168317763263
2026-09-30T06:45:00+05:30,Colombo_Western,25.6,94.11991102293621,69.0,1.54,79.36720992870247
2026-09-30T07:00:00+05:30,Colombo_Western,25.9,94.63959871852,103.0,1.19,75.65511732439931
2026-09-30T07:15:00+05:30,Colombo_Western,26.2,95.18905126455763,142.0,0.83,71.9458486979851
2026-09-30T07:30:00+05:30,Colombo_Western,26.5,95.77475015343083,189.0,0.68,68.23993351648099
2026-09-30T07:45:00+05:30,Colombo_Western,26.9,96.40441982356884,243.0,0.75,64.53801395095226
2026-09-30T08:00:00+05:30,Colombo_Western,27.2,97.08743316465439,300.0,0.93,60.8408790248038
2026-09-30T08:15:00+05:30,Colombo_Western,27.6,97.83536224441889,357.0,1.23,57.14951339941772
2026-09-30T08:30:00+05:30,Colombo_Western,27.9,98.66274301747848,411.0,1.54,53.46516556228358
2026-09-30T08:45:00+05:30,Colombo_Western,28.1,99.58816069247968,464.0,1.92,49.7894437391578
2026-09-30T09:00:00+05:30,Colombo_Western,28.4,100.63582413816147,517.0,2.45,46.12445830129727
2026-09-30T09:15:00+05:30,Colombo_Western,28.6,101.8379051229964,573.0,2.93,42.473035351275364
2026-09-30T09:30:00+05:30,Colombo_Western,28.8,103.23810486661404,630.0,3.31,38.83904478631678
2026-09-30T09:45:00+05:30,Colombo_Western,29.0,104.89724386783894,687.0,3.49,35.22792503651963
2026-09-30T10:00:00+05:30,Colombo_Western,29.2,106.90228965234769,741.0,3.57,31.64754871548083
2026-09-30T10:15:00+05:30,Colombo_Western,29.4,109.3814012716586,789.0,3.6,28.10970698624977
2026-09-30T10:30:00+05:30,Colombo_Western,29.5,112.52976982405255,831.0,3.64,24.63277412510871
2026-09-30T10:45:00+05:30,Colombo_Western,29.5,116.65503297458775,867.0,3.68,21.246714158517122
2026-09-30T11:00:00+05:30,Colombo_Western,29.5,122.25688705464148,897.0,3.78,18.00291484147762
2026-09-30T11:15:00+05:30,Colombo_Western,29.5,130.1548600039032,918.0,3.83,14.994030474329762
2026-09-30T11:30:00+05:30,Colombo_Western,29.5,141.6119097337442,930.0,3.88,12.39240846261771
2026-09-30T11:45:00+05:30,Colombo_Western,29.5,158.02568906800843,934.0,3.99,10.505146246391476
2026-09-30T12:00:00+05:30,Colombo_Western,29.5,179.0231433106503,934.0,4.1,9.756038447155845
2026-09-30T12:15:00+05:30,Colombo_Western,29.5,200.2540346601669,931.0,4.21,10.394158153114034
2026-09-30T12:30:00+05:30,Colombo_Western,29.4,217.10845574980465,926.0,4.32,12.203800392463549
2026-09-30T12:45:00+05:30,Colombo_Western,29.4,228.92759778769224,917.0,4.41,14.760171138459825
2026-09-30T13:00:00+05:30,Colombo_Western,29.3,237.0652124476929,901.0,4.55,17.743384887878747
2026-09-30T13:15:00+05:30,Colombo_Western,29.3,242.8196515749577,875.0,4.63,20.972056135363218
2026-09-30T13:30:00+05:30,Colombo_Western,29.2,247.04372386969857,839.0,4.73,24.348715249969004
2026-09-30T13:45:00+05:30,Colombo_Western,29.2,250.25806216626245,799.0,4.77,27.819504099263035
2026-09-30T14:00:00+05:30,Colombo_Western,29.1,252.7825694297186,758.0,4.77,31.353153422533616
2026-09-30T14:15:00+05:30,Colombo_Western,29.1,254.81965290796103,722.0,4.72,34.930565321881424
2026-09-30T14:30:00+05:30,Colombo_Western,29.0,256.50183009878657,691.0,4.73,38.53952735460618
2026-09-30T14:45:00+05:30,Colombo_Western,29.0,257.9187852736622,658.0,4.68,42.17191171437427
2026-09-30T15:00:00+05:30,Colombo_Western,29.0,259.1330842412843,620.0,4.7,45.822118539498334
2026-09-30T15:15:00+05:30,Colombo_Western,29.0,260.18958037796324,573.0,4.67,49.48617211066575
2026-09-30T15:30:00+05:30,Colombo_Western,28.9,261.1212240100709,522.0,4.58,53.16117618171289
2026-09-30T15:45:00+05:30,Colombo_Western,28.8,261.9527592585589,467.0,4.49,56.8449719632503
2026-09-30T16:00:00+05:30,Colombo_Western,28.8,262.70314357391965,408.0,4.34,60.53591700568545
2026-09-30T16:15:00+05:30,Colombo_Western,28.6,263.3871728909012,345.0,4.2,64.23273959976785
2026-09-30T16:30:00+05:30,Colombo_Western,28.5,264.01659905671227,279.0,4.05,67.93443840484046
2026-09-30T16:45:00+05:30,Colombo_Western,28.4,264.60091568419153,216.0,3.92,71.64021232717715
2026-09-30T17:00:00+05:30,Colombo_Western,28.3,265.1479229546823,160.0,3.78,75.34941195386152
2026-09-30T17:15:00+05:30,Colombo_Western,28.1,265.66414188069973,113.0,3.64,79.06150308230477
2026-09-30T17:30:00+05:30,Colombo_Western,28.0,266.1551251384053,72.0,3.5,82.77603960943419
2026-09-30T17:45:00+05:30,Colombo_Western,27.9,266.62569629025785,38.0,3.28,86.49264445888662
2026-09-30T18:00:00+05:30,Colombo_Western,27.9,267.0801389931688,11.0,3.01,90.21099364382131
2026-09-30T18:15:00+05:30,Colombo_Western,27.8,267.5223522606985,0.0,2.73,93.93080360260508
2026-09-30T18:30:00+05:30,Colombo_Western,27.8,267.95598390037406,0.0,2.52,97.6518223424816
2026-09-30T18:45:00+05:30,Colombo_Western,27.7,268.38455141767963,0.0,2.44,101.37382066804189
2026-09-30T19:00:00+05:30,Colombo_Western,27.7,268.81155912704133,0.0,2.42,105.09658441112688
2026-09-30T19:15:00+05:30,Colombo_Western,27.6,269.24062011981596,0.0,2.41,108.81990866187277
2026-09-30T19:30:00+05:30,Colombo_Western,27.5,269.6755922556325,0.0,2.28,112.54359052644512
2026-09-30T19:45:00+05:30,Colombo_Western,27.5,270.12074022246196,0.0,2.04,116.26742138336067
2026-09-30T20:00:00+05:30,Colombo_Western,27.4,270.5809399984384,0.0,1.7,119.99117950264609
2026-09-30T20:15:00+05:30,Colombo_Western,27.3,271.06194878104475,0.0,1.37,123.71461915038316
2026-09-30T20:30:00+05:30,Colombo_Western,27.2,271.57077614592043,0.0,1.1,127.43745640653236
2026-09-30T20:45:00+05:30,Colombo_Western,27.1,272.11621297683064,0.0,0.94,131.15935120760912
2026-09-30T21:00:00+05:30,Colombo_Western,27.1,272.7096102689313,0.0,0.81,134.87987938945744
2026-09-30T21:15:00+05:30,Colombo_Western,27.0,273.3660655949029,0.0,0.76,138.59849074146203
2026-09-30T21:30:00+05:30,Colombo_Western,26.9,274.1062973383236,0.0,0.7,142.31444482403623
2026-09-30T21:45:00+05:30,Colombo_Western,26.8,274.9597262778793,0.0,0.7,146.02670339833574
2026-09-30T22:00:00+05:30,Colombo_Western,26.8,275.96978381222596,0.0,0.7,149.7337452524846
2026-09-30T22:15:00+05:30,Colombo_Western,26.7,277.2035734209963,0.0,0.7,153.43322993153603
2026-09-30T22:30:00+05:30,Colombo_Western,26.6,278.77066659965544,0.0,0.76,157.12133730441184
2026-09-30T22:45:00+05:30,Colombo_Western,26.4,280.86282264595616,0.0,0.89,160.79135971397739
2026-09-30T23:00:00+05:30,Colombo_Western,26.2,283.84721170143865,0.0,1.03,164.43035017714482
2026-09-30T23:15:00+05:30,Colombo_Western,26.0,288.5169754078284,0.0,1.19,168.00986469940327
2026-09-30T23:30:00+05:30,Colombo_Western,25.8,296.8909898034191,0.0,1.29,171.4546689981551
2026-09-30T23:45:00+05:30,Colombo_Western,25.7,315.1834277650811,0.0,1.31,174.50510855595536
2026-10-01T00:00:00+05:30,Colombo_Western,25.7,358.1727359890748,0.0,1.27,176.0913282470059
2026-10-01T00:15:00+05:30,Colombo_Western,25.7,42.95993560498857,0.0,1.24,174.68263620558793
2026-10-01T00:30:00+05:30,Colombo_Western,25.6,62.411780704800776,0.0,1.14,171.68237454210305
2026-10-01T00:45:00+05:30,Colombo_Western,25.6,71.1869068341033,0.0,0.96,168.25259354420223
2026-10-01T01:00:00+05:30,Colombo_Western,25.5,76.02436472815589,0.0,0.71,164.6791756511662
2026-10-01T01:15:00+05:30,Colombo_Western,25.5,79.09257721348024,0.0,0.54,161.04327155540122
2026-10-01T01:30:00+05:30,Colombo_Western,25.4,81.23240758598712,0.0,0.36,157.3750888363058
2026-10-01T01:45:00+05:30,Colombo_Western,25.4,82.82934342697388,0.0,0.25,153.68823278153258
2026-10-01T02:00:00+05:30,Colombo_Western,25.4,84.08327690273376,0.0,0.2,149.9896987385521
2026-10-01T02:15:00+05:30,Colombo_Western,25.4,85.10781242682327,0.0,0.15,146.2834491355128
2026-10-01T02:30:00+05:30,Colombo_Western,25.3,85.97223257075098,0.0,0.11,142.5719021246274
2026-10-01T02:45:00+05:30,Colombo_Western,25.3,86.72123019072313,0.0,0.25,138.85662375055114
2026-10-01T03:00:00+05:30,Colombo_Western,25.2,87.38499890668595,0.0,0.45,135.13868083862548
2026-10-01T03:15:00+05:30,Colombo_Western,25.1,87.98475437563474,0.0,0.65,131.41883364773545
2026-10-01T03:30:00+05:30,Colombo_Western,25.0,88.53592875995412,0.0,0.7,127.69764589566374
2026-10-01T03:45:00+05:30,Colombo_Western,25.0,89.05010759288785,0.0,0.56,123.97555266449558
2026-10-01T04:00:00+05:30,Colombo_Western,25.0,89.53625306449936,0.0,0.4,120.2529036632346
2026-10-01T04:15:00+05:30,Colombo_Western,25.0,90.00150545566254,0.0,0.46,116.52999052390408
2026-10-01T04:30:00+05:30,Colombo_Western,25.0,90.45172608848935,0.0,0.56,112.80706681621368
2026-10-01T04:45:00+05:30,Colombo_Western,25.0,90.8918778597544,0.0,0.54,109.08436263693346
2026-10-01T05:00:00+05:30,Colombo_Western,25.0,91.32630176045797,0.0,0.42,105.36209432816337
2026-10-01T05:15:00+05:30,Colombo_Western,24.9,91.75892575351384,0.0,0.36,101.64047364102983
2026-10-01T05:30:00+05:30,Colombo_Western,24.9,92.19343030152072,0.0,0.36,97.91971574713249
2026-10-01T05:45:00+05:30,Colombo_Western,24.9,92.63338730789451,0.0,0.36,94.20004526732068
2026-10-01T06:00:00+05:30,Colombo_Western,25.0,93.08238429563914,0.0,0.36,90.48170384769439
2026-10-01T06:15:00+05:30,Colombo_Western,25.0,93.54414370500172,11.0,0.41,86.7649582928278
2026-10-01T06:30:00+05:30,Colombo_Western,25.2,94.02264613617166,43.0,0.5,83.0501082752094
2026-10-01T06:45:00+05:30,Colombo_Western,25.4,94.52226584856407,82.0,0.61,79.33749722132944
2026-10-01T07:00:00+05:30,Colombo_Western,25.7,95.04792843562365,128.0,0.76,75.62752563812442
2026-10-01T07:15:00+05:30,Colombo_Western,26.1,95.60530293436011,177.0,0.87,71.92066640226358
2026-10-01T07:30:00+05:30,Colombo_Western,26.4,96.20104387181294,228.0,1.08,68.21748640865034
2026-10-01T07:45:00+05:30,Colombo_Western,26.6,96.84310543669449,280.0,1.32,64.51867507938866
2026-10-01T08:00:00+05:30,Colombo_Western,26.9,97.54115961420791,334.0,1.62,60.825081186827035
2026-10-01T08:15:00+05:30,Colombo_Western,27.2,98.30716434462073,390.0,1.86,57.13776534819084
2026-10-01T08:30:00+05:30,Colombo_Western,27.4,99.15615218604933,446.0,2.11,53.458073406577945
2026-10-01T08:45:00+05:30,Colombo_Western,27.7,100.10734858977958,502.0,2.26,49.78773972878631
2026-10-01T09:00:00+05:30,Colombo_Western,28.0,101.18579148167134,557.0,2.38,46.12904028219815
2026-10-01T09:15:00+05:30,Colombo_Western,28.3,102.42473224696306,612.0,2.48,42.48502192365473
2026-10-01T09:30:00+05:30,Colombo_Western,28.6,103.86928534577629,666.0,2.59,38.859854041560304
2026-10-01T09:45:00+05:30,Colombo_Western,28.8,105.5821249912837,717.0,2.68,35.25938940080861
2026-10-01T10:00:00+05:30,Colombo_Western,28.9,107.65263417872757,764.0,2.82,31.692086135269278
2026-10-01T10:15:00+05:30,Colombo_Western,29.0,110.21203210198058,804.0,2.91,28.170581153874636
2026-10-01T10:30:00+05:30,Colombo_Western,29.1,113.45906075392696,837.0,3.0,24.714494859658387
2026-10-01T10:45:00+05:30,Colombo_Western,29.2,117.70433429830263,862.0,3.1,21.355647493850554
2026-10-01T11:00:00+05:30,Colombo_Western,29.2,123.44577213328392,883.0,3.2,18.148144587767533
2026-10-01T11:15:00+05:30,Colombo_Western,29.2,131.4823574630829,900.0,3.3,15.188208450925742
2026-10-01T11:30:00+05:30,Colombo_Western,29.1,142.99841561045906,916.0,3.3,12.65085127121273
2026-10-01T11:45:00+05:30,Colombo_Western,29.1,159.19590581390366,926.0,3.25,10.837102359429437
2026-10-01T12:00:00+05:30,Colombo_Western,28.9,179.52363438366,923.0,3.1,10.14289223559733
2026-10-01T12:15:00+05:30,Colombo_Western,28.8,199.95007845507436,902.0,2.95,10.786593076734249
2026-10-01T12:30:00+05:30,Colombo_Western,28.8,216.33915184642532,862.0,2.86,12.564222304233724
2026-10-01T12:45:00+05:30,Colombo_Western,28.8,228.0179486866814,811.0,2.82,15.07996172428021
2026-10-01T13:00:00+05:30,Colombo_Western,28.8,236.16488664633306,756.0,2.78,18.027389318512462
2026-10-01T13:15:00+05:30,Colombo_Western,28.9,241.97758824285359,705.0,2.8,21.227423788269917
2026-10-01T13:30:00+05:30,Colombo_Western,28.8,246.26928123677874,655.0,2.81,24.5815901444997
2026-10-01T13:45:00+05:30,Colombo_Western,28.7,249.54726041035656,604.0,2.95,28.034598993679708
2026-10-01T14:00:00+05:30,Colombo_Western,28.4,252.12776963375387,551.0,3.15,31.55399530575749
2026-10-01T14:15:00+05:30,Colombo_Western,28.2,254.21291275609013,494.0,3.27,35.119803068749874
2026-10-01T14:30:00+05:30,Colombo_Western,27.9,255.93595818868596,433.0,3.15,38.71917673022686
2026-10-01T14:45:00+05:30,Colombo_Western,27.7,257.3875730449889,373.0,2.61,42.34353164271884
2026-10-01T15:00:00+05:30,Colombo_Western,27.4,258.6312576141068,320.0,1.79,45.98693471075986
2026-10-01T15:15:00+05:30,Colombo_Western,27.2,259.71267024921116,281.0,0.98,49.64516366679223
2026-10-01T15:30:00+05:30,Colombo_Western,27.1,260.6654271790657,252.0,0.47,53.3151371274359
2026-10-01T15:45:00+05:30,Colombo_Western,27.1,261.51481326936175,228.0,0.5,56.994555303300515
2026-10-01T16:00:00+05:30,Colombo_Western,27.3,262.280220990413,203.0,0.87,60.68166696235776
2026-10-01T16:15:00+05:30,Colombo_Western,27.4,262.97679412488617,174.0,1.38,64.37511551496755
2026-10-01T16:30:00+05:30,Colombo_Western,27.4,263.6165609112001,144.0,1.68,68.07383276055727
2026-10-01T16:45:00+05:30,Colombo_Western,27.2,264.2092325123475,116.0,1.75,71.77696455400184
2026-10-01T17:00:00+05:30,Colombo_Western,26.9,264.7627776265591,89.0,1.72,75.48381918530595
2026-10-01T17:15:00+05:30,Colombo_Western,26.5,265.28384416577626,64.0,1.65,79.19382868301048
2026-10-01T17:30:00+05:30,Colombo_Western,26.3,265.77807551017133,41.0,1.65,82.9065200619244
2026-10-01T17:45:00+05:30,Colombo_Western,26.1,266.25035347492997,21.0,1.75,86.62149505374082
2026-10-01T18:00:00+05:30,Colombo_Western,26.0,266.7049897979224,6.0,1.9,90.33841329454077
2026-10-01T18:15:00+05:30,Colombo_Western,25.9,267.14588234947826,0.0,2.0,94.05697905063839
2026-10-01T18:30:00+05:30,Colombo_Western,25.8,267.57664821656584,0.0,2.0,97.77693196145793
2026-10-01T18:45:00+05:30,Colombo_Western,25.8,268.00074288952413,0.0,1.9,101.49803805397025
2026-10-01T19:00:00+05:30,Colombo_Western,25.8,268.4215741169173,0.0,1.71,105.2200819339471
2026-10-01T19:15:00+05:30,Colombo_Western,25.7,268.8426187575575,0.0,1.49,108.94286116011867
2026-10-01T19:30:00+05:30,Colombo_Western,25.7,269.2675512900938,0.0,1.33,112.66617934805244
2026-10-01T19:45:00+05:30,Colombo_Western,25.7,269.7003952441706,0.0,1.21,116.38983903188418
2026-10-01T20:00:00+05:30,Colombo_Western,25.6,270.1457126868885,0.0,1.1,120.11363521046655
2026-10-01T20:15:00+05:30,Colombo_Western,25.6,270.6088530180454,0.0,1.0,123.83734584435106
2026-10-01T20:30:00+05:30,Colombo_Western,25.5,271.0962940083996,0.0,1.0,127.56071972441728
2026-10-01T20:45:00+05:30,Colombo_Western,25.4,271.61612714699726,0.0,1.12,131.2834615568345
2026-10-01T21:00:00+05:30,Colombo_Western,25.3,272.17877218348855,0.0,1.32,135.00520858358476
2026-10-01T21:15:00+05:30,Colombo_Western,25.2,272.7980666238797,0.0,1.55,138.72549567510103
2026-10-01T21:30:00+05:30,Colombo_Western,25.2,273.4929896316396,0.0,1.72,142.44370229076404
2026-10-01T21:45:00+05:30,Colombo_Western,25.1,274.2905033153423,0.0,1.81,146.1589631615421
2026-10-01T22:00:00+05:30,Colombo_Western,25.1,275.23046329187173,0.0,1.89,149.87001430093403
2026-10-01T22:15:00+05:30,Colombo_Western,25.1,276.3745965298848,0.0,1.88,153.5749127776287
2026-10-01T22:30:00+05:30,Colombo_Western,25.1,277.8240755279205,0.0,1.88,157.2704832792462
2026-10-01T22:45:00+05:30,Colombo_Western,25.0,279.756986419237,0.0,1.78,160.95113011480845
2026-10-01T23:00:00+05:30,Colombo_Western,25.0,282.51746041788397,0.0,1.6,164.60597879220717
2026-10-01T23:15:00+05:30,Colombo_Western,24.9,286.8606767328987,0.0,1.47,168.2108406863593
2026-10-01T23:30:00+05:30,Colombo_Western,24.9,294.7691950374033,0.0,1.39,171.70014556758645
2026-10-01T23:45:00+05:30,Colombo_Western,24.8,312.8078255341628,0.0,1.5,174.8339801491071
2026-10-02T00:00:00+05:30,Colombo_Western,24.8,359.290401806829,0.0,1.68,176.48065501535328
2026-10-02T00:15:00+05:30,Colombo_Western,24.7,46.58787138183783,0.0,1.9,174.90277676941764
2026-10-02T00:30:00+05:30,Colombo_Western,24.7,65.07081687186064,0.0,1.95,171.78571358249638
2026-10-02T00:45:00+05:30,Colombo_Western,24.6,73.12105392065416,0.0,1.82,168.30118266072486
2026-10-02T01:00:00+05:30,Colombo_Western,24.6,77.52211127126492,0.0,1.59,164.69829268342818
2026-10-02T01:15:00+05:30,Colombo_Western,24.5,80.3114617632728,0.0,1.48,161.04451729537493
2026-10-02T01:30:00+05:30,Colombo_Western,24.4,82.26104352956372,0.0,1.46,157.36459520136654
2026-10-02T01:45:00+05:30,Colombo_Western,24.3,83.72129267232629,0.0,1.53,153.6696040973216
2026-10-02T02:00:00+05:30,Colombo_Western,24.2,84.87306700936438,0.0,1.69,149.9652278948295
2026-10-02T02:15:00+05:30,Colombo_Western,24.0,85.81890751711234,0.0,1.82,146.2546861818223
2026-10-02T02:30:00+05:30,Colombo_Western,23.9,86.62128093071954,0.0,1.84,142.53994707277954
2026-10-02T02:45:00+05:30,Colombo_Western,23.9,87.32047386924756,0.0,1.72,138.8222893122762
2026-10-02T03:00:00+05:30,Colombo_Western,23.8,87.94371612023326,0.0,1.54,135.10258861536565
2026-10-02T03:15:00+05:30,Colombo_Western,23.8,88.51016333864072,0.0,1.33,131.3814739525602
2026-10-02T03:30:00+05:30,Colombo_Western,23.8,89.03377665022265,0.0,1.25,127.65941659411425
2026-10-02T03:45:00+05:30,Colombo_Western,23.8,89.52506762903806,0.0,1.3,123.93678536219227
2026-10-02T04:00:00+05:30,Colombo_Western,23.8,89.99220038837052,0.0,1.45,120.21388198338026
2026-10-02T04:15:00+05:30,Colombo_Western,23.8,90.44171410351487,0.0,1.6,116.49096327977296
2026-10-02T04:30:00+05:30,Colombo_Western,23.8,90.87901326070619,0.0,1.58,112.76825782113859
2026-10-02T04:45:00+05:30,Colombo_Western,23.8,91.30871224149337,0.0,1.33,109.04597826342753
2026-10-02T05:00:00+05:30,Colombo_Western,23.7,91.7348869237747,0.0,0.92,105.32432955406112
2026-10-02T05:15:00+05:30,Colombo_Western,23.7,92.16126612565148,0.0,0.57,101.60351709422719
2026-10-02T05:30:00+05:30,Colombo_Western,23.7,92.59138492050215,0.0,0.46,97.88375411185719
2026-10-02T05:45:00+05:30,Colombo_Western,23.8,93.02871513387765,0.0,0.57,94.16526733516025
2026-10-02T06:00:00+05:30,Colombo_Western,23.8,93.47678391579211,0.0,0.76,90.44830444521665
2026-10-02T06:15:00+05:30,Colombo_Western,24.0,93.93928967551648,8.0,1.03,86.73314228648348
2026-10-02T06:30:00+05:30,Colombo_Western,24.1,94.42022385792114,36.0,1.2,83.02009486041254
2026-10-02T06:45:00+05:30,Colombo_Western,24.4,94.92400671295286,77.0,1.27,79.3095247072759
2026-10-02T07:00:00+05:30,Colombo_Western,24.7,95.45564696933013,131.0,1.25,75.60185698493716
2026-10-02T07:15:00+05:30,Colombo_Western,25.0,96.02093782227053,188.0,1.19,71.8975958246027
2026-10-02T07:30:00+05:30,Colombo_Western,25.4,96.62670504736269,248.0,1.15,68.19734744386051
2026-10-02T07:45:00+05:30,Colombo_Western,25.8,97.28112993802341,308.0,1.1,64.50185067255588
2026-10-02T08:00:00+05:30,Colombo_Western,26.2,97.99417968202602,366.0,1.08,60.812016535302654
2026-10-02T08:15:00+05:30,Colombo_Western,26.7,98.778192340761,417.0,1.15,57.12898456170522
2026-10-02T08:30:00+05:30,Colombo_Western,27.0,99.64868848429944,452.0,1.15,53.454201497759904
2026-10-02T08:45:00+05:30,Colombo_Western,27.3,100.62552076465181,477.0,1.11,49.78953215849053
2026-10-02T09:00:00+05:30,Colombo_Western,27.5,101.73453596283889,504.0,1.03,46.137423379861346
2026-10-02T09:15:00+05:30,Colombo_Western,27.7,103.01003302879826,547.0,1.06,42.50114924631215
2026-10-02T09:30:00+05:30,Colombo_Western,27.9,104.49848739840348,608.0,1.14,38.88518652024682
2026-10-02T09:45:00+05:30,Colombo_Western,28.2,106.26433911123695,679.0,1.23,35.29581165462276
2026-10-02T10:00:00+05:30,Colombo_Western,28.4,108.39923380091409,745.0,1.34,31.742078610566054
2026-10-02T10:15:00+05:30,Colombo_Western,28.6,111.03717559182257,795.0,1.41,28.237479098794424
2026-10-02T10:30:00+05:30,Colombo_Western,28.8,114.37994541643968,830.0,1.55,24.802880487719605
2026-10-02T10:45:00+05:30,Colombo_Western,29.0,118.7401627528713,856.0,1.76,21.471931715962725
2026-10-02T11:00:00+05:30,Colombo_Western,29.2,124.61217123248167,875.0,1.96,18.301344837840134
2026-10-02T11:15:00+05:30,Colombo_Western,29.2,132.77162857887743,890.0,2.18,15.390577262797734
2026-10-02T11:30:00+05:30,Colombo_Western,29.2,144.3233809899075,903.0,2.39,12.916519217143403
2026-10-02T11:45:00+05:30,Colombo_Western,28.9,160.28958542526425,908.0,2.62,11.17315934601939
2026-10-02T12:00:00+05:30,Colombo_Western,28.3,179.98041692454012,898.0,2.9,10.529919632187301
2026-10-02T12:15:00+05:30,Colombo_Western,27.8,199.661677858636,865.0,3.14,11.178358836031464
2026-10-02T12:30:00+05:30,Colombo_Western,27.5,215.60872619862633,805.0,3.25,12.925512656429092
2026-10-02T12:45:00+05:30,Colombo_Western,27.5,227.14344593317668,733.0,3.16,15.401896854780759
2026-10-02T13:00:00+05:30,Colombo_Western,27.7,235.2907089623054,666.0,3.02,18.314034461447704
2026-10-02T13:15:00+05:30,Colombo_Western,27.9,241.1542643515052,619.0,2.91,21.485448349908893
2026-10-02T13:30:00+05:30,Colombo_Western,28.0,245.50839474779136,590.0,2.8,24.816918623642138
2026-10-02T13:45:00+05:30,Colombo_Western,28.1,248.84649102358156,567.0,2.73,28.251860758486266
2026-10-02T14:00:00+05:30,Colombo_Western,28.1,251.48058234962213,536.0,2.62,31.756696290667747
2026-10-02T14:15:00+05:30,Colombo_Western,28.1,253.61208606887516,490.0,2.5,35.31059774323885
2026-10-02T14:30:00+05:30,Colombo_Western,28.1,255.37477642288582,431.0,2.4,38.9000967476841
2026-10-02T14:45:00+05:30,Colombo_Western,28.0,256.8601480571907,369.0,2.26,42.51615476997473
2026-10-02T15:00:00+05:30,Colombo_Western,27.9,258.132536090354,313.0,2.16,46.15250522639544
2026-10-02T15:15:00+05:30,Colombo_Western,27.8,259.23833860956375,268.0,2.01,49.80467773593132
2026-10-02T15:30:00+05:30,Colombo_Western,27.6,260.2117940548069,229.0,1.85,53.46940377072857
2026-10-02T15:45:00+05:30,Colombo_Western,27.5,261.07869810090176,196.0,1.7,57.14424047234837
2026-10-02T16:00:00+05:30,Colombo_Western,27.4,261.8588572665607,169.0,1.66,60.82732586390787
2026-10-02T16:15:00+05:30,Colombo_Western,27.3,262.56774816927555,149.0,1.65,64.51721667250865
2026-10-02T16:30:00+05:30,Colombo_Western,27.1,263.21766446045365,136.0,1.65,68.21277620160211
2026-10-02T16:45:00+05:30,Colombo_Western,26.9,263.8185266511478,123.0,1.53,71.91309576953319
2026-10-02T17:00:00+05:30,Colombo_Western,26.7,264.3784656887571,105.0,1.35,75.61744001249332
2026-10-02T17:15:00+05:30,Colombo_Western,26.4,264.90425147391494,80.0,1.35,79.32520593059925
2026-10-02T17:30:00+05:30,Colombo_Western,26.2,265.40161413227,53.0,1.39,83.03589247226539
2026-10-02T17:45:00+05:30,Colombo_Western,26.0,265.87549042932295,28.0,1.39,86.74907903230945
2026-10-02T18:00:00+05:30,Colombo_Western,25.8,266.33021731497325,7.0,1.28,90.46440774270492
2026-10-02T18:15:00+05:30,Colombo_Western,25.7,266.76968890072635,0.0,1.14,94.18156955693118
2026-10-02T18:30:00+05:30,Colombo_Western,25.6,267.1974890345897,0.0,0.96,97.90029456159407
2026-10-02T18:45:00+05:30,Colombo_Western,25.6,267.6170086212119,0.0,0.72,101.62034274287615
2026-10-02T19:00:00+05:30,Colombo_Western,25.6,268.03155606167786,0.0,0.43,105.3414960972799
2026-10-02T19:15:00+05:30,Colombo_Western,25.7,268.4444688034311,0.0,0.35,109.06355310221352
2026-10-02T19:30:00+05:30,Colombo_Western,25.7,268.85923413110964,0.0,0.45,112.78632210848815
2026-10-02T19:45:00+05:30,Colombo_Western,25.7,269.2796296451161,0.0,0.63,116.50961472075599
2026-10-02T20:00:00+05:30,Colombo_Western,25.6,269.7098973136224,0.0,0.85,120.23324017738359
2026-10-02T20:15:00+05:30,Colombo_Western,25.5,270.15497045040377,0.0,1.1,123.9569970965115
2026-10-02T20:30:00+05:30,Colombo_Western,25.5,270.62078358406774,0.0,1.27,127.68066320522273
2026-10-02T20:45:00+05:30,Colombo_Western,25.5,271.11471255734637,0.0,1.25,131.4039831968687
2026-10-02T21:00:00+05:30,Colombo_Western,25.4,271.64622207083164,0.0,1.16,135.12664953724334
2026-10-02T21:15:00+05:30,Colombo_Western,25.4,272.2278535350708,0.0,1.08,138.84827402659482
2026-10-02T21:30:00+05:30,Colombo_Western,25.4,272.8767903077519,0.0,1.03,142.56834502596718
2026-10-02T21:45:00+05:30,Colombo_Western,25.4,273.6174430827742,0.0,1.07,146.28615504552272
2026-10-02T22:00:00+05:30,Colombo_Western,25.4,274.4859318159616,0.0,1.19,150.00067579776004
2026-10-02T22:15:00+05:30,Colombo_Western,25.3,275.53831400893705,0.0,1.32,153.71033053929185
2026-10-02T22:30:00+05:30,Colombo_Western,25.3,276.8667843405254,0.0,1.41,157.41254200878834
2026-10-02T22:45:00+05:30,Colombo_Western,25.2,278.6344980501164,0.0,1.43,161.10275576852314
2026-10-02T23:00:00+05:30,Colombo_Western,25.2,281.1594591957572,0.0,1.39,164.77206697129822
2026-10-02T23:15:00+05:30,Colombo_Western,25.2,285.1500153019217,0.0,1.37,168.40043663363574
2026-10-02T23:30:00+05:30,Colombo_Western,25.1,292.52213443472,0.0,1.36,171.93223698788165
2026-10-02T23:45:00+05:30,Colombo_Western,25.1,310.11008195325377,0.0,1.39,175.15141048683807
2026-10-03T00:00:00+05:30,Colombo_Western,25.0,0.6596686656714041,0.0,1.42,176.86775304132033
2026-10-03T00:15:00+05:30,Colombo_Western,24.9,50.509534922839634,0.0,1.45,175.10150450939824
2026-10-03T00:30:00+05:30,Colombo_Western,24.9,67.78365080494552,0.0,1.49,171.87222956474756
2026-10-03T00:45:00+05:30,Colombo_Western,24.8,75.06431487422435,0.0,1.52,168.33787814883618
2026-10-03T01:00:00+05:30,Colombo_Western,24.7,79.01927873535828,0.0,1.59,164.70864903448145
2026-10-03T01:15:00+05:30,Colombo_Western,24.6,81.52748469793426,0.0,1.63,161.0390560819112
2026-10-03T01:30:00+05:30,Colombo_Western,24.6,83.28644328235464,0.0,1.67,157.3488272349624
2026-10-03T01:45:00+05:30,Colombo_Western,24.5,84.61016370990137,0.0,1.7,153.64675609570435
2026-10-03T02:00:00+05:30,Colombo_Western,24.4,85.66007079673807,0.0,1.74,149.93734950860204
2026-10-03T02:15:00+05:30,Colombo_Western,24.4,86.5275181383983,0.0,1.74,146.2231628887701
2026-10-03T02:30:00+05:30,Colombo_Western,24.3,87.26811922314658,0.0,1.78,142.5057629820871
2026-10-03T02:45:00+05:30,Colombo_Western,24.3,87.91774598537768,0.0,1.78,138.78617281332464
2026-10-03T03:00:00+05:30,Colombo_Western,24.2,88.50066561470607,0.0,1.82,135.06509832705675
2026-10-03T03:15:00+05:30,Colombo_Western,24.2,89.03397786721018,0.0,1.85,131.34305213473837
2026-10-03T03:30:00+05:30,Colombo_Western,24.1,89.5301773653863,0.0,1.85,127.62042382877357
2026-10-03T03:45:00+05:30,Colombo_Western,24.1,89.99870586068755,0.0,1.85,123.89752395374259
2026-10-03T04:00:00+05:30,Colombo_Western,24.0,90.44693290677651,0.0,1.88,120.17461231368067
2026-10-03T04:15:00+05:30,Colombo_Western,23.9,90.88079946788025,0.0,1.88,116.45191563065075
2026-10-03T04:30:00+05:30,Colombo_Western,23.9,91.30525553531066,0.0,1.88,112.72964121621098
2026-10-03T04:45:00+05:30,Colombo_Western,23.9,91.72456884532761,0.0,1.84,109.00798732610097
2026-10-03T05:00:00+05:30,Colombo_Western,24.0,92.14255163719338,0.0,1.87,105.28715003924009
2026-10-03T05:15:00+05:30,Colombo_Western,24.0,92.56273472441501,0.0,1.84,101.56733055434525
2026-10-03T05:30:00+05:30,Colombo_Western,24.1,92.98850864190558,0.0,1.8,97.84874203245171
2026-10-03T05:45:00+05:30,Colombo_Western,24.3,93.42324572861963,0.0,1.77,94.13161499360476
2026-10-03T06:00:00+05:30,Colombo_Western,24.4,93.87041310808263,0.0,1.74,90.41620470916538
2026-10-03T06:15:00+05:30,Colombo_Western,24.7,94.3336852584423,11.0,1.71,86.7027995471313
2026-10-03T06:30:00+05:30,Colombo_Western,24.9,94.81706430347595,45.0,1.68,82.99172929462529
2026-10-03T06:45:00+05:30,Colombo_Western,25.1,95.32501600938878,89.0,1.65,79.28337708939927
2026-10-03T07:00:00+05:30,Colombo_Western,25.4,95.86263138655761,142.0,1.64,75.57819429285088
2026-10-03T07:15:00+05:30,Colombo_Western,25.7,96.43582644232225,195.0,1.66,71.87671796163073
2026-10-03T07:30:00+05:30,Colombo_Western,26.0,97.05159618639448,246.0,1.61,68.17959548953041
2026-10-03T07:45:00+05:30,Colombo_Western,26.2,97.7183460664939,294.0,1.57,64.48761721106261
2026-10-03T08:00:00+05:30,Colombo_Western,26.5,98.44633417101875,341.0,1.58,60.80175882764797
2026-10-03T08:15:00+05:30,Colombo_Western,26.7,99.24827237823865,388.0,1.55,57.123241632434194
2026-10-03T08:30:00+05:30,Colombo_Western,26.9,100.14015992490363,433.0,1.52,53.45361667403068
2026-10-03T08:45:00+05:30,Colombo_Western,27.1,101.14246258232521,474.0,1.5,49.794883313609255
2026-10-03T09:00:00+05:30,Colombo_Western,27.3,102.28181433536417,513.0,1.55,46.14966422318228
2026-10-03T09:15:00+05:30,Colombo_Western,27.5,103.5935276114995,550.0,1.61,42.52146672210153
2026-10-03T09:30:00+05:30,Colombo_Western,27.6,105.1253836886143,584.0,1.64,38.915082119176546
2026-10-03T09:45:00+05:30,Colombo_Western,27.8,106.94349656439005,615.0,1.69,35.33721876663107
2026-10-03T10:00:00+05:30,Colombo_Western,27.9,109.14161645575757,643.0,1.81,31.79753487983165
2026-10-03T10:15:00+05:30,Colombo_Western,28.1,111.85625155406461,667.0,1.88,28.310382844302033
2026-10-03T10:30:00+05:30,Colombo_Western,28.2,115.29170845965513,687.0,1.98,24.897872344683165
2026-10-03T10:45:00+05:30,Colombo_Western,28.3,119.76166327502256,703.0,2.07,21.59544417643393
2026-10-03T11:00:00+05:30,Colombo_Western,28.4,125.75520161565464,720.0,2.16,18.46229156711709
2026-10-03T11:15:00+05:30,Colombo_Western,28.5,134.02229830504547,741.0,2.26,15.600763101003594
2026-10-03T11:30:00+05:30,Colombo_Western,28.6,145.5885060276202,769.0,2.33,13.188881437484355
2026-10-03T11:45:00+05:30,Colombo_Western,28.6,161.31207096254673,798.0,2.37,11.51281694135723
2026-10-03T12:00:00+05:30,Colombo_Western,28.7,180.39762400322593,816.0,2.41,10.916918490380624
2026-10-03T12:15:00+05:30,Colombo_Western,28.7,199.38688430969475,815.0,2.46,11.569317396222502
2026-10-03T12:30:00+05:30,Colombo_Western,28.7,214.9139117661474,798.0,2.51,13.28739290946443
2026-10-03T12:45:00+05:30,Colombo_Western,28.7,226.3020833827677,770.0,2.54,15.725645498941006
2026-10-03T13:00:00+05:30,Colombo_Western,28.7,234.44170291245607,736.0,2.56,18.603009701503737
2026-10-03T13:15:00+05:30,Colombo_Western,28.7,240.34924081455017,700.0,2.55,21.745856862378332
2026-10-03T13:30:00+05:30,Colombo_Western,28.6,244.76088316850723,661.0,2.55,25.05446195266228
2026-10-03T13:45:00+05:30,Colombo_Western,28.6,248.15569706968736,618.0,2.53,28.471077588954053
2026-10-03T14:00:00+05:30,Colombo_Western,28.5,250.84101227133743,568.0,2.51,31.961065017249076
2026-10-03T14:15:00+05:30,Colombo_Western,28.4,253.01720904286074,507.0,2.44,35.50277349449924
2026-10-03T14:30:00+05:30,Colombo_Western,28.3,254.81833751362632,434.0,2.33,39.082123465612106
2026-10-03T14:45:00+05:30,Colombo_Western,28.2,256.3365718381766,360.0,2.19,42.689626449776036
2026-10-03T15:00:00+05:30,Colombo_Western,28.0,257.63698596213305,297.0,2.01,46.318682823946425
2026-10-03T15:15:00+05:30,Colombo_Western,27.9,258.7666543595706,253.0,1.75,49.96457302062597
2026-10-03T15:30:00+05:30,Colombo_Western,27.7,259.7603950108937,223.0,1.54,53.62383970485761
2026-10-03T15:45:00+05:30,Colombo_Western,27.5,260.6444850339983,200.0,1.34,57.29389513103393
2026-10-03T16:00:00+05:30,Colombo_Western,27.2,261.4391243518887,178.0,1.12,60.97276479448389
2026-10-03T16:15:00+05:30,Colombo_Western,27.0,262.1601075993462,154.0,1.02,64.65891706827213
2026-10-03T16:30:00+05:30,Colombo_Western,26.8,262.81998298478373,132.0,1.05,68.35114522222352
2026-10-03T16:45:00+05:30,Colombo_Western,26.6,263.4288722464602,109.0,1.17,72.04848462553808
2026-10-03T17:00:00+05:30,Colombo_Western,26.4,263.99506237257935,87.0,1.28,75.75015495958402
2026-10-03T17:15:00+05:30,Colombo_Western,26.2,264.5254403904247,64.0,1.46,79.45551697969228
2026-10-03T17:30:00+05:30,Colombo_Western,26.0,265.0258192568544,41.0,1.56,83.16404041148387
2026-10-03T17:45:00+05:30,Colombo_Western,25.9,265.5011874317937,21.0,1.66,86.8752811931711
2026-10-03T18:00:00+05:30,Colombo_Western,25.8,265.9559042596964,5.0,1.7,90.58886284096421
2026-10-03T18:15:00+05:30,Colombo_Western,25.7,266.39385753831624,0.0,1.73,94.30446186492738
2026-10-03T18:30:00+05:30,Colombo_Western,25.6,266.8185954318931,0.0,1.73,98.02179761704781
2026-10-03T18:45:00+05:30,Colombo_Western,25.6,267.233441780198,0.0,1.7,101.74062277700813
2026-10-03T19:00:00+05:30,Colombo_Western,25.5,267.6416029707859,0.0,1.67,105.46071534377697
2026-10-03T19:15:00+05:30,Colombo_Western,25.4,268.0462740081506,0.0,1.61,109.18187314863319
2026-10-03T19:30:00+05:30,Colombo_Western,25.4,268.45075135970427,0.0,1.58,112.90390747501698
2026-10-03T19:45:00+05:30,Colombo_Western,25.3,268.85856217577896,0.0,1.55,116.62663688287601
2026-10-03T20:00:00+05:30,Colombo_Western,25.3,269.2736224691373,0.0,1.53,120.34988230804223
2026-10-03T20:15:00+05:30,Colombo_Western,25.2,269.700441627307,0.0,1.53,124.07345991714539
2026-10-03T20:30:00+05:30,Colombo_Western,25.1,270.14440011540063,0.0,1.48,127.7971724931501
2026-10-03T20:45:00+05:30,Colombo_Western,25.1,270.6121427425053,0.0,1.47,131.5207997810229
2026-10-03T21:00:00+05:30,Colombo_Western,25.0,271.1121565968668,0.0,1.46,135.24408306588276
2026-10-03T21:15:00+05:30,Colombo_Western,24.9,271.6556527867291,0.0,1.49,138.96670257764777
2026-10-03T21:30:00+05:30,Colombo_Western,24.9,272.2579650306865,0.0,1.52,142.6882440400904
2026-10-03T21:45:00+05:30,Colombo_Western,24.8,272.9408641398437,0.0,1.53,146.40814166489557
2026-10-03T22:00:00+05:30,Colombo_Western,24.7,273.73658136320154,0.0,1.6,150.1255798137597
2026-10-03T22:15:00+05:30,Colombo_Western,24.7,274.69522293364514,0.0,1.66,153.8393138247745
2026-10-03T22:30:00+05:30,Colombo_Western,24.6,275.899444987587,0.0,1.7,157.5473123091718
2026-10-03T22:45:00+05:30,Colombo_Western,24.6,277.49624013662407,0.0,1.77,161.24597981281113
2026-10-03T23:00:00+05:30,Colombo_Western,24.5,279.77440520429934,0.0,1.8,164.92825068493562
2026-10-03T23:15:00+05:30,Colombo_Western,24.5,283.38630031637246,0.0,1.83,168.57805446299602
2026-10-03T23:30:00+05:30,Colombo_Western,24.4,290.14747181361093,0.0,1.82,172.14975746666926
2026-10-03T23:45:00+05:30,Colombo_Western,24.4,307.0386882141606,0.0,1.77,175.45508463804347
2026-10-04T00:00:00+05:30,Colombo_Western,24.4,2.381979403585092,0.0,1.72,177.25194879177442
2026-10-04T00:15:00+05:30,Colombo_Western,24.3,54.723241029608005,0.0,1.58,175.27634773143637
2026-10-04T00:30:00+05:30,Colombo_Western,24.3,70.54005597947418,0.0,1.49,171.94155996423336
2026-10-04T00:45:00+05:30,Colombo_Western,24.3,77.01244846276956,0.0,1.35,168.36272148273315
2026-10-04T01:00:00+05:30,Colombo_Western,24.3,80.51387129690636,0.0,1.23,164.71036648795425
2026-10-04T01:15:00+05:30,Colombo_Western,24.3,82.7395513623917,0.0,1.08,161.02702398592095
2026-10-04T01:30:00+05:30,Colombo_Western,24.3,84.30792759733322,0.0,0.96,157.32791964455353
2026-10-04T01:45:00+05:30,Colombo_Western,24.3,85.49549241694353,0.0,0.85,153.61981848542393
2026-10-04T02:00:00+05:30,Colombo_Western,24.3,86.44394624608373,0.0,0.82,149.90618787244154
2026-10-04T02:15:00+05:30,Colombo_Western,24.3,87.23337676626397,0.0,0.76,146.18899857293272
2026-10-04T02:30:00+05:30,Colombo_Western,24.3,87.91252804638748,0.0,0.72,142.46946480346475
2026-10-04T02:45:00+05:30,Colombo_Western,24.2,88.51285966720974,0.0,0.7,138.74838541082522
2026-10-04T03:00:00+05:30,Colombo_Western,24.2,89.05568330445931,0.0,0.65,135.02631782264848
2026-10-04T03:15:00+05:30,Colombo_Western,24.2,89.55605027518965,0.0,0.65,131.30367313422133
2026-10-04T03:30:00+05:30,Colombo_Western,24.1,90.02499525084812,0.0,0.63,127.58076995078707
2026-10-04T03:45:00+05:30,Colombo_Western,24.1,90.47089555928255,0.0,0.61,123.85786845448077
2026-10-04T04:00:00+05:30,Colombo_Western,24.0,90.90033052629485,0.0,0.6,120.13519253391794
2026-10-04T04:15:00+05:30,Colombo_Western,24.0,91.31864633898215,0.0,0.64,116.41294347658723
2026-10-04T04:30:00+05:30,Colombo_Western,24.0,91.73034119784882,0.0,0.68,112.69131104345612
2026-10-04T04:45:00+05:30,Colombo_Western,24.0,92.13933831095181,0.0,0.72,108.97048209661357
2026-10-04T05:00:00+05:30,Colombo_Western,24.0,92.5491879199522,0.0,0.72,105.25064634610735
2026-10-04T05:15:00+05:30,Colombo_Western,24.1,92.96322408259903,0.0,0.72,101.53200291469904
2026-10-04T05:30:00+05:30,Colombo_Western,24.2,93.38469371162819,0.0,0.75,97.8147667504265
2026-10-04T05:45:00+05:30,Colombo_Western,24.3,93.8168702813536,0.0,0.74,94.09917382775937
2026-10-04T06:00:00+05:30,Colombo_Western,24.5,94.26316123566892,0.0,0.78,90.38548854285402
2026-10-04T06:15:00+05:30,Colombo_Western,24.8,94.727217193949,11.0,0.83,86.67401224692284
2026-10-04T06:30:00+05:30,Colombo_Western,25.0,95.21305073601889,43.0,0.87,82.96509195014029
2026-10-04T06:45:00+05:30,Colombo_Western,25.3,95.72517258279157,87.0,0.98,79.2591328392139
2026-10-04T07:00:00+05:30,Colombo_Western,25.6,96.26875504802467,140.0,1.11,75.55661399885496
2026-10-04T07:15:00+05:30,Colombo_Western,25.9,96.84983543481678,194.0,1.2,71.85810704545341
2026-10-04T07:30:00+05:30,Colombo_Western,26.2,97.4755757454385,247.0,1.35,68.16430235011816
2026-10-04T07:45:00+05:30,Colombo_Western,26.5,98.15460232836546,298.0,1.46,64.47604378501393
2026-10-04T08:00:00+05:30,Colombo_Western,26.8,98.89745946611731,350.0,1.57,60.794374067449056
2026-10-04T08:15:00+05:30,Colombo_Western,27.0,99.71722600586696,408.0,1.7,57.120598991386906
2026-10-04T08:30:00+05:30,Colombo_Western,27.3,100.63036976920847,472.0,1.77,53.456377150006354
2026-10-04T08:45:00+05:30,Colombo_Western,27.5,101.6579545588088,538.0,1.85,49.803846322350516
2026-10-04T09:00:00+05:30,Colombo_Western,27.7,102.82737852468881,602.0,1.9,46.16580965442325
2026-10-04T09:15:00+05:30,Colombo_Western,27.9,104.17493156058538,657.0,1.95,42.546013224887375
2026-10-04T09:30:00+05:30,Colombo_Western,28.0,105.7496430030082,703.0,2.02,38.94956931080093
2026-10-04T09:45:00+05:30,Colombo_Western,28.2,107.61920538515574,741.0,2.09,35.383625193048154
2026-10-04T10:00:00+05:30,Colombo_Western,28.3,109.87931108858345,774.0,2.14,31.85844984630109
2026-10-04T10:15:00+05:30,Colombo_Western,28.5,112.66868763678036,804.0,2.2,28.389259006242092
2026-10-04T10:30:00+05:30,Colombo_Western,28.6,116.19365642829797,828.0,2.26,24.999394647092515
2026-10-04T10:45:00+05:30,Colombo_Western,28.7,120.76803142044633,847.0,2.34,21.726043798868844
2026-10-04T11:00:00+05:30,Colombo_Western,28.8,126.87408591327608,862.0,2.41,18.6307432960089
2026-10-04T11:15:00+05:30,Colombo_Western,28.8,135.2341716558608,876.0,2.46,15.818383065582069
2026-10-04T11:30:00+05:30,Colombo_Western,28.9,146.79562033769923,890.0,2.54,13.467420826711049
2026-10-04T11:45:00+05:30,Colombo_Western,28.9,162.26831958974003,900.0,2.62,11.855608931984506
2026-10-04T12:00:00+05:30,Colombo_Western,28.9,180.77886881876154,902.0,2.7,11.303695346239891
2026-10-04T12:15:00+05:30,Colombo_Western,28.9,199.12402681278988,893.0,2.79,11.959332254968274
2026-10-04T12:30:00+05:30,Colombo_Western,28.8,214.25176851502223,874.0,2.83,13.649601035303391
2026-10-04T12:45:00+05:30,Colombo_Western,28.8,225.49197502991802,848.0,2.87,16.050892891429115
2026-10-04T13:00:00+05:30,Colombo_Western,28.7,233.61691765593696,816.0,2.98,18.894015283235987
2026-10-04T13:15:00+05:30,Colombo_Western,28.6,239.56207756842093,781.0,2.98,22.008383216783457
2026-10-04T13:30:00+05:30,Colombo_Western,28.6,244.0265595027293,744.0,3.03,25.293986031973873
2026-10-04T13:45:00+05:30,Colombo_Western,28.5,247.47481665199953,703.0,3.03,28.692041219393367
2026-10-04T14:00:00+05:30,Colombo_Western,28.4,250.20906090620105,654.0,3.0,32.166913172966176
2026-10-04T14:15:00+05:30,Colombo_Western,28.3,252.42831629416662,595.0,3.0,35.69615734483818
2026-10-04T14:30:00+05:30,Colombo_Western,28.3,254.26669383916845,523.0,2.93,39.2650958056147
2026-10-04T14:45:00+05:30,Colombo_Western,28.2,255.81690651176376,450.0,2.82,42.863794980634744
2026-10-04T15:00:00+05:30,Colombo_Western,28.2,257.1446748054582,386.0,2.69,46.48532331102245
2026-10-04T15:15:00+05:30,Colombo_Western,28.2,258.29768819884544,340.0,2.53,50.1247114405206
2026-10-04T15:30:00+05:30,Colombo_Western,28.1,259.31130261498976,307.0,2.35,53.778311901105525
2026-10-04T15:45:00+05:30,Colombo_Western,28.1,260.2122478545379,279.0,2.13,57.44339048349239
2026-10-04T16:00:00+05:30,Colombo_Western,28.0,261.0210969546337,252.0,1.9,61.11785854932744
2026-10-04T16:15:00+05:30,Colombo_Western,28.0,261.7539479639982,222.0,1.68,64.80009457627517
2026-10-04T16:30:00+05:30,Colombo_Western,27.9,262.4235929279458,193.0,1.46,68.48882035933508
2026-10-04T16:45:00+05:30,Colombo_Western,27.9,263.0403467834689,163.0,1.23,72.18301398299397
2026-10-04T17:00:00+05:30,Colombo_Western,27.8,263.61264641802296,130.0,1.04,75.88184892526506
2026-10-04T17:15:00+05:30,Colombo_Western,27.7,264.1474911785796,96.0,0.82,79.58464852303771
2026-10-04T17:30:00+05:30,Colombo_Western,27.6,264.6507729896123,61.0,0.67,83.29085215575938
2026-10-04T17:45:00+05:30,Colombo_Western,27.5,265.12752880088465,30.0,0.53,86.99999120852924
2026-10-04T18:00:00+05:30,Colombo_Western,27.4,265.58213759076,7.0,0.45,90.71166948758349
2026-10-04T18:15:00+05:30,Colombo_Western,27.2,266.0184783542294,0.0,0.41,94.42554793777713
2026-10-04T18:30:00+05:30,Colombo_Western,27.1,266.4400612072022,0.0,0.4,98.14133400339995
2026-10-04T18:45:00+05:30,Colombo_Western,26.9,266.8501405441365,0.0,0.43,101.85877179201542
2026-10-04T19:00:00+05:30,Colombo_Western,26.8,267.25181819695734,0.0,0.5,105.57763390833945
2026-10-04T19:15:00+05:30,Colombo_Western,26.6,267.64814385429304,0.0,0.6,109.29771596119387
2026-10-04T19:30:00+05:30,Colombo_Western,26.4,268.0422197484922,0.0,0.67,113.01883034558945
2026-10-04T19:45:00+05:30,Colombo_Western,26.3,268.43731832782174,0.0,0.75,116.74080042690616
2026-10-04T20:00:00+05:30,Colombo_Western,26.1,268.8370241520487,0.0,0.86,120.4634562523156
2026-10-04T20:15:00+05:30,Colombo_Western,26.0,269.2454153279952,0.0,0.94,124.18662835911728
2026-10-04T20:30:00+05:30,Colombo_Western,25.8,269.6673081075335,0.0,1.03,127.91014061299825
2026-10-04T20:45:00+05:30,Colombo_Western,25.7,270.10860182550834,0.0,1.12,131.63380273411053
2026-10-04T21:00:00+05:30,Colombo_Western,25.6,270.57678476164097,0.0,1.16,135.35739820885343
2026-10-04T21:15:00+05:30,Colombo_Western,25.5,271.08170554452636,0.0,1.25,139.08066687673673
2026-10-04T21:30:00+05:30,Colombo_Western,25.4,271.63679752333223,0.0,1.3,142.80327977501128
2026-10-04T21:45:00+05:30,Colombo_Western,25.3,272.26110806550815,0.0,1.35,146.52479590016353
2026-10-04T22:00:00+05:30,Colombo_Western,25.2,272.9828347154346,0.0,1.39,150.24458776289515
2026-10-04T22:15:00+05:30,Colombo_Western,25.1,273.84586433142135,0.0,1.39,153.9617060197666
2026-10-04T22:30:00+05:30,Colombo_Western,25.0,274.9227777669212,0.0,1.44,157.67460773112964
2026-10-04T22:45:00+05:30,Colombo_Western,25.0,276.3432146934036,0.0,1.49,161.38056277239104
2026-10-04T23:00:00+05:30,Colombo_Western,24.9,278.36373989617965,0.0,1.49,165.07418633962334
2026-10-04T23:15:00+05:30,Colombo_Western,24.8,281.5714538586135,0.0,1.53,168.74311547499696
2026-10-04T23:30:00+05:30,Colombo_Western,24.8,287.6446748141301,0.0,1.53,172.35149238660296
2026-10-04T23:45:00+05:30,Colombo_Western,24.7,303.53711343105834,0.0,1.53,175.74219097254044
2026-10-05T00:00:00+05:30,Colombo_Western,24.7,4.621434743190662,0.0,1.53,177.6322115930816
2026-10-05T00:15:00+05:30,Colombo_Western,24.7,59.215164525766454,0.0,1.47,175.4248386404886
2026-10-05T00:30:00+05:30,Colombo_Western,24.6,73.32878309472449,0.0,1.47,171.9934545385787
2026-10-05T00:45:00+05:30,Colombo_Western,24.6,78.96118353603299,0.0,1.42,168.37579978188126
2026-10-05T01:00:00+05:30,Colombo_Western,24.6,82.00393016495178,0.0,1.42,164.70358700505938
2026-10-05T01:15:00+05:30,Colombo_Western,24.6,83.9465963969073,0.0,1.36,161.00856675297877
2026-10-05T01:30:00+05:30,Colombo_Western,24.6,85.32483634041773,0.0,1.31,157.30201175876846
2026-10-05T01:45:00+05:30,Colombo_Western,24.6,86.37682684187143,0.0,1.26,153.58892282063167
2026-10-05T02:00:00+05:30,Colombo_Western,24.6,87.22435907423363,0.0,1.22,149.8718674277738
2026-10-05T02:15:00+05:30,Colombo_Western,24.6,87.93622074551081,0.0,1.15,146.15231157087027
2026-10-05T02:30:00+05:30,Colombo_Western,24.6,88.55429096430953,0.0,1.11,142.43116569655794
2026-10-05T02:45:00+05:30,Colombo_Western,24.5,89.10562970356,0.0,1.04,138.7090358582069
2026-10-05T03:00:00+05:30,Colombo_Western,24.3,89.60860584312638,0.0,1.04,134.98635206267977
2026-10-05T03:15:00+05:30,Colombo_Western,24.2,90.07623294674465,0.0,1.03,131.26343860034598
2026-10-05T03:30:00+05:30,Colombo_Western,24.1,90.51809422335697,0.0,0.97,127.54055367608298
2026-10-05T03:45:00+05:30,Colombo_Western,24.1,90.94150918532813,0.0,0.91,123.81791494186862
2026-10-05T04:00:00+05:30,Colombo_Western,24.1,91.35227204192074,0.0,0.81,120.0957163138247
2026-10-05T04:15:00+05:30,Colombo_Western,24.2,91.75513815249138,0.0,0.76,116.37413825912228
2026-10-05T04:30:00+05:30,Colombo_Western,24.2,92.15415697812466,0.0,0.66,112.65335664904494
2026-10-05T04:45:00+05:30,Colombo_Western,24.3,92.55290955032865,0.0,0.61,108.93354992743215
2026-10-05T05:00:00+05:30,Colombo_Western,24.3,92.95468591226455,0.0,0.51,105.21490390379881
2026-10-05T05:15:00+05:30,Colombo_Western,24.4,93.36262471745454,0.0,0.46,101.49761772377359
2026-10-05T05:30:00+05:30,Colombo_Western,24.5,93.77983023334616,0.0,0.36,97.78190995218483
2026-10-05T05:45:00+05:30,Colombo_Western,24.6,94.20947771845852,0.0,0.27,94.06802365640876
2026-10-05T06:00:00+05:30,Colombo_Western,24.8,94.65491528142212,0.0,0.18,90.35623386938207
2026-10-05T06:15:00+05:30,Colombo_Western,24.9,95.1197697250496,14.0,0.16,86.6468563619137
2026-10-05T06:30:00+05:30,Colombo_Western,25.1,95.60806380495967,54.0,0.16,82.94025677269549
2026-10-05T06:45:00+05:30,Colombo_Western,25.3,96.12435254569448,107.0,0.25,79.23686376288248
2026-10-05T07:00:00+05:30,Colombo_Western,25.6,96.67388846122714,170.0,0.36,75.53718562357402
2026-10-05T07:15:00+05:30,Colombo_Western,25.8,97.26282846484128,234.0,0.47,71.84183012051768
2026-10-05T07:30:00+05:30,Colombo_Western,26.1,97.89849908416784,295.0,0.63,68.15153234926476
2026-10-05T07:45:00+05:30,Colombo_Western,26.3,98.58974401586892,352.0,0.78,64.46719168231293
2026-10-05T08:00:00+05:30,Colombo_Western,26.6,99.34738863236271,406.0,0.94,60.78992010242663
2026-10-05T08:15:00+05:30,Colombo_Western,26.9,100.18487137201691,460.0,1.08,57.12111051521879
2026-10-05T08:30:00+05:30,Colombo_Western,27.2,101.11911784626852,511.0,1.23,53.46253213077178
2026-10-05T08:45:00+05:30,Colombo_Western,27.4,102.17177383461791,557.0,1.39,49.8164647801815
2026-10-05T09:00:00+05:30,Colombo_Western,27.7,103.37097729672996,600.0,1.5,46.185896378537805
2026-10-05T09:15:00+05:30,Colombo_Western,28.0,104.75395778920245,641.0,1.64,42.57481677512604
2026-10-05T09:30:00+05:30,Colombo_Western,28.2,106.37093251460067,677.0,1.76,38.98866486054922
2026-10-05T09:45:00+05:30,Colombo_Western,28.5,108.29107402513819,710.0,1.87,35.435032658840846
2026-10-05T10:00:00+05:30,Colombo_Western,28.7,110.61185098471924,738.0,1.96,31.92480446370331
2026-10-05T10:15:00+05:30,Colombo_Western,28.9,113.47392345270919,763.0,2.02,28.474058849655137
2026-10-05T10:30:00+05:30,Colombo_Western,29.1,117.08512278186515,786.0,2.07,25.107354841022513
2026-10-05T10:45:00+05:30,Colombo_Western,29.2,121.75851868498654,803.0,2.12,21.863571941379604
2026-10-05T11:00:00+05:30,Colombo_Western,29.4,127.96815443000298,812.0,2.17,18.80644277193379
2026-10-05T11:15:00+05:30,Colombo_Western,29.5,136.40722231028764,808.0,2.17,16.043047633931195
2026-10-05T11:30:00+05:30,Colombo_Western,29.5,147.9466491047084,788.0,2.17,13.751635283985536
2026-10-05T11:45:00+05:30,Colombo_Western,29.6,163.1629233650567,760.0,2.12,12.20110005670044
2026-10-05T12:00:00+05:30,Colombo_Western,29.6,181.12732772415987,733.0,2.06,11.690064464803896
2026-10-05T12:15:00+05:30,Colombo_Western,29.6,198.87166889095602,714.0,1.96,12.348268711413581
2026-10-05T12:30:00+05:30,Colombo_Western,29.5,213.61964854651865,702.0,1.85,14.011890126131476
2026-10-05T12:45:00+05:30,Colombo_Western,29.5,224.71135077312522,692.0,1.74,16.37733989915013
2026-10-05T13:00:00+05:30,Colombo_Western,29.4,232.81543030040856,681.0,1.6,19.18676247552989
2026-10-05T13:15:00+05:30,Colombo_Western,29.3,238.79233544447808,664.0,1.44,22.272768646609634
2026-10-05T13:30:00+05:30,Colombo_Western,29.2,243.3052318209153,644.0,1.28,25.535261980398943
2026-10-05T13:45:00+05:30,Colombo_Western,29.0,246.80378305272012,621.0,1.12,28.91454751114714
2026-10-05T14:00:00+05:30,Colombo_Western,28.9,249.58472632852585,596.0,0.92,32.3740560598353
2026-10-05T14:15:00+05:30,Colombo_Western,28.7,251.84544040615424,569.0,0.7,35.89057973294689
2026-10-05T14:30:00+05:30,Colombo_Western,28.6,253.71989688437844,539.0,0.49,39.44885607836381
2026-10-05T14:45:00+05:30,Colombo_Western,28.4,255.30121417900097,508.0,0.29,43.03851210917708
2026-10-05T15:00:00+05:30,Colombo_Western,28.3,256.6556708322806,475.0,0.11,46.65228605326322
2026-10-05T15:15:00+05:30,Colombo_Western,28.1,257.831511964497,439.0,0.11,50.28495860998569
2026-10-05T15:30:00+05:30,Colombo_Western,27.9,258.8645909608888,403.0,0.3,53.93269117593727
2026-10-05T15:45:00+05:30,Colombo_Western,27.8,259.7820621831159,365.0,0.45,57.592601735850266
2026-10-05T16:00:00+05:30,Colombo_Western,27.6,260.6048518700405,326.0,0.66,61.26248608371459
2026-10-05T16:15:00+05:30,Colombo_Western,27.4,261.34934711349047,284.0,0.81,64.94063139162961
2026-10-05T16:30:00+05:30,Colombo_Western,27.3,262.0285732244118,243.0,0.97,68.6256866351063
2026-10-05T16:45:00+05:30,Colombo_Western,27.1,262.6530304109875,201.0,1.13,72.31657134831246
2026-10-05T17:00:00+05:30,Colombo_Western,27.0,263.2312993938406,158.0,1.23,76.0124116156709
2026-10-05T17:15:00+05:30,Colombo_Western,26.9,263.77048709385974,113.0,1.33,79.71249222433944
2026-10-05T17:30:00+05:30,Colombo_Western,26.8,264.27656059551094,69.0,1.43,83.41622111744228
2026-10-05T17:45:00+05:30,Colombo_Western,26.7,264.7546021901131,33.0,1.48,87.12310405426679
2026-10-05T18:00:00+05:30,Colombo_Western,26.6,265.20900779090107,6.0,1.58,90.83272405405876
2026-10-05T18:15:00+05:30,Colombo_Western,26.5,265.64364517292313,0.0,1.58,94.54472539113011
2026-10-05T18:30:00+05:30,Colombo_Western,26.4,266.06198412439363,0.0,1.63,98.25880243196102
2026-10-05T18:45:00+05:30,Colombo_Western,26.3,266.4672073197456,0.0,1.63,101.97468944928224
2026-10-05T19:00:00+05:30,Colombo_Western,26.2,266.86230962584517,0.0,1.62,105.6921522542271
2026-10-05T19:15:00+05:30,Colombo_Western,26.1,267.25019271153974,0.0,1.62,109.41098264652959
2026-10-05T19:30:00+05:30,Colombo_Western,26.0,267.63376137522795,0.0,1.61,113.13099229446372
2026-10-05T19:45:00+05:30,Colombo_Western,25.9,268.0160293986728,0.0,1.61,116.85200719169731
2026-10-05T20:00:00+05:30,Colombo_Western,25.8,268.40024477487304,0.0,1.61,120.57386386870523
2026-10-05T20:15:00+05:30,Colombo_Western,25.8,268.7900474977106,0.0,1.56,124.29640400050195
2026-10-05T20:30:00+05:30,Colombo_Western,25.7,269.18968017871435,0.0,1.55,128.0194684715105
2026-10-05T20:45:00+05:30,Colombo_Western,25.6,269.60428326266157,0.0,1.55,131.74289177361305
2026-10-05T21:00:00+05:30,Colombo_Western,25.5,270.0403265137711,0.0,1.5,135.46649278512697
2026-10-05T21:15:00+05:30,Colombo_Western,25.4,270.50626613034,0.0,1.5,139.1900618383335
2026-10-05T21:30:00+05:30,Colombo_Western,25.4,271.0135878023908,0.0,1.45,142.91334276365652
2026-10-05T21:45:00+05:30,Colombo_Western,25.3,271.57853741137274,0.0,1.4,146.6360016442042
2026-10-05T22:00:00+05:30,Colombo_Western,25.2,272.2251430355545,0.0,1.4,150.3575732826872
2026-10-05T22:15:00+05:30,Colombo_Western,25.2,272.9908202626879,0.0,1.35,154.07736438458556
2026-10-05T22:30:00+05:30,Colombo_Western,25.1,273.9375678156234,0.0,1.31,157.79425803073678
2026-10-05T22:45:00+05:30,Colombo_Western,25.1,275.1765394138745,0.0,1.26,161.50628476162137
2026-10-05T23:00:00+05:30,Colombo_Western,25.0,276.9291488100072,0.0,1.27,165.20955466776607
2026-10-05T23:15:00+05:30,Colombo_Western,24.9,279.7080462789008,0.0,1.22,168.89506883332282
2026-10-05T23:30:00+05:30,Colombo_Western,24.9,285.0154371182267,0.0,1.22,172.5362195242657
2026-10-05T23:45:00+05:30,Colombo_Western,24.8,299.54673828462563,0.0,1.22,176.0093418366447
2026-10-06T00:00:00+05:30,Colombo_Western,24.8,7.6597547975520115,0.0,1.17,178.00682977024212
2026-10-06T00:15:00+05:30,Colombo_Western,24.7,63.95676636053031,0.0,1.17,175.54465384052645
2026-10-06T00:30:00+05:30,Colombo_Western,24.6,76.13781251887804,0.0,1.17,172.02778587801544
2026-10-06T00:45:00+05:30,Colombo_Western,24.6,80.90627535173508,0.0,1.17,168.37724553388105
2026-10-06T01:00:00+05:30,Colombo_Western,24.5,83.48754893842931,0.0,1.17,164.68847198798164
2026-10-06T01:15:00+05:30,Colombo_Western,24.4,85.1475895138255,0.0,1.12,160.98383927903498
2026-10-06T01:30:00+05:30,Colombo_Western,24.4,86.33653142856889,0.0,1.12,157.2712471732737
2026-10-06T01:45:00+05:30,Colombo_Western,24.3,87.25372910763849,0.0,1.12,153.55420225396347
2026-10-06T02:00:00+05:30,Colombo_Western,24.3,88.000984186903,0.0,1.12,149.83451258194881
2026-10-06T02:15:00+05:30,Colombo_Western,24.2,88.63579351546667,0.0,1.06,146.113219091792
2026-10-06T02:30:00+05:30,Colombo_Western,24.2,89.19319559787306,0.0,1.06,142.39097691343366
2026-10-06T02:45:00+05:30,Colombo_Western,24.1,89.69587354999658,0.0,1.06,138.66823040704963
2026-10-06T03:00:00+05:30,Colombo_Western,24.1,90.15927157048168,0.0,1.01,134.94530303198593
2026-10-06T03:15:00+05:30,Colombo_Western,24.1,90.5943792395745,0.0,1.01,131.22244681400747
2026-10-06T03:30:00+05:30,Colombo_Western,24.0,91.0093386410989,0.0,0.96,127.49987001581067
2026-10-06T03:45:00+05:30,Colombo_Western,24.0,91.41041923304175,0.0,0.91,123.777755494839
2026-10-06T04:00:00+05:30,Colombo_Western,24.0,91.80263596267588,0.0,0.91,120.05627305821636
2026-10-06T04:15:00+05:30,Colombo_Western,24.0,92.19015780163988,0.0,0.86,116.3355869069541
2026-10-06T04:30:00+05:30,Colombo_Western,24.0,92.57658885225817,0.0,0.81,112.61586263856042
2026-10-06T04:45:00+05:30,Colombo_Western,24.1,92.9651705442036,0.0,0.76,108.89727321179973
2026-10-06T05:00:00+05:30,Colombo_Western,24.1,93.35893467037039,0.0,0.71,105.18000297057384
2026-10-06T05:15:00+05:30,Colombo_Western,24.2,93.76082592775856,0.0,0.66,101.46425315193133
2026-10-06T05:30:00+05:30,Colombo_Western,24.3,94.17380697117108,0.0,0.61,97.75024774096843
2026-10-06T05:45:00+05:30,Colombo_Western,24.4,94.60095551536318,0.0,0.56,94.03823851141053
2026-10-06T06:00:00+05:30,Colombo_Western,24.5,95.04556067333795,0.0,0.46,90.32851261629636
2026-10-06T06:15:00+05:30,Colombo_Western,24.7,95.51122544177025,13.0,0.36,86.62140165541749
2026-10-06T06:30:00+05:30,Colombo_Western,24.9,96.00198241223683,50.0,0.27,82.91729127535605
2026-10-06T06:45:00+05:30,Colombo_Western,25.1,96.5224301727759,99.0,0.18,79.21663500166231
2026-10-06T07:00:00+05:30,Colombo_Western,25.3,97.0779002097708,158.0,0.1,75.5199717763141
2026-10-06T07:15:00+05:30,Colombo_Western,25.5,97.67466719354883,217.0,0.18,71.82794705645777
2026-10-06T07:30:00+05:30,Colombo_Western,25.8,98.32021948749923,273.0,0.29,68.14134235134694
2026-10-06T07:45:00+05:30,Colombo_Western,26.0,99.02361429050791,326.0,0.43,64.46111442235089
2026-10-06T08:00:00+05:30,Colombo_Western,26.3,99.79595257427513,377.0,0.54,60.78844666507743
2026-10-06T08:15:00+05:30,Colombo_Western,26.6,100.65102447624542,427.0,0.68,57.12482158041719
2026-10-06T08:30:00+05:30,Colombo_Western,26.9,101.60620191765594,476.0,0.78,53.472121887099966
2026-10-06T08:45:00+05:30,Colombo_Western,27.1,102.6836956815971,520.0,0.92,49.832772850452876
2026-10-06T09:00:00+05:30,Colombo_Western,27.4,103.91235794747115,562.0,1.03,46.20995108827929
2026-10-06T09:15:00+05:30,Colombo_Western,27.7,105.33031848286669,601.0,1.18,42.60789470114486
2026-10-06T09:30:00+05:30,Colombo_Western,27.9,106.98892001525911,636.0,1.27,39.03237403902007
2026-10-06T09:45:00+05:30,Colombo_Western,28.2,108.9587139898847,668.0,1.37,35.49143044677357
2026-10-06T10:00:00+05:30,Colombo_Western,28.4,111.33877693794057,696.0,1.48,31.996566135762933
2026-10-06T10:15:00+05:30,Colombo_Western,28.6,114.27141439390766,721.0,1.53,28.564718873123155
2026-10-06T10:30:00+05:30,Colombo_Western,28.8,117.96547230207238,744.0,1.58,25.221644496970697
2026-10-06T10:45:00+05:30,Colombo_Western,28.9,122.73243667791581,763.0,1.63,22.007853796875835
2026-10-06T11:00:00+05:30,Colombo_Western,29.0,129.03684551327217,775.0,1.68,18.98911910760276
2026-10-06T11:15:00+05:30,Colombo_Western,29.1,137.54157937407814,777.0,1.68,16.27436335803722
2026-10-06T11:30:00+05:30,Colombo_Western,29.2,149.04358239764287,767.0,1.68,14.04103895837713
2026-10-06T11:45:00+05:30,Colombo_Western,29.2,164.00013058082413,751.0,1.63,12.548883490159952
2026-10-06T12:00:00+05:30,Colombo_Western,29.2,181.44580628794657,734.0,1.58,12.075847282659765
2026-10-06T12:15:00+05:30,Colombo_Western,29.2,198.62857159187502,722.0,1.53,12.735994180063955
2026-10-06T12:30:00+05:30,Colombo_Western,29.1,213.01516364340085,712.0,1.43,14.374027144388435
2026-10-06T12:45:00+05:30,Colombo_Western,29.0,223.95855051599662,704.0,1.33,16.704702277452483
2026-10-06T13:00:00+05:30,Colombo_Western,28.9,232.03634675228074,692.0,1.19,19.480973487718884
2026-10-06T13:15:00+05:30,Colombo_Western,28.8,238.03957712872517,676.0,1.04,22.53876192514757
2026-10-06T13:30:00+05:30,Colombo_Western,28.7,242.59670348347242,657.0,0.9,25.778066401888026
2026-10-06T13:45:00+05:30,Colombo_Western,28.5,246.14252443071624,635.0,0.76,29.13839671316188
2026-10-06T14:00:00+05:30,Colombo_Western,28.4,248.96800258806803,611.0,0.58,32.58231282863198
2026-10-06T14:15:00+05:30,Colombo_Western,28.2,251.26861119118428,584.0,0.46,36.08587471638766
2026-10-06T14:30:00+05:30,Colombo_Western,28.0,253.1779964326479,554.0,0.34,39.63325015265822
2026-10-06T14:45:00+05:30,Colombo_Western,27.8,254.78955608469155,523.0,0.3,43.213633176400855
2026-10-06T15:00:00+05:30,Colombo_Western,27.7,256.1700420517343,489.0,0.36,46.81943409946032
2026-10-06T15:15:00+05:30,Colombo_Western,27.5,257.3681977972649,453.0,0.47,50.44518394530437
2026-10-06T15:30:00+05:30,Colombo_Western,27.3,258.4203348433033,417.0,0.6,54.08685228066315
2026-10-06T15:45:00+05:30,Colombo_Western,27.1,259.35400466042324,378.0,0.74,57.74140817289207
2026-10-06T16:00:00+05:30,Colombo_Western,26.9,260.1904671767603,337.0,0.89,61.406530583014586
2026-10-06T16:15:00+05:30,Colombo_Western,26.8,260.9463844042449,294.0,1.03,65.08041409091247
2026-10-06T16:30:00+05:30,Colombo_Western,26.6,261.6350045096965,252.0,1.18,68.76163360432523
2026-10-06T16:45:00+05:30,Colombo_Western,26.5,262.2670051561699,208.0,1.27,72.44904891579307
2026-10-06T17:00:00+05:30,Colombo_Western,26.3,262.851104913521,163.0,1.37,76.14173758053633
2026-10-06T17:15:00+05:30,Colombo_Western,26.2,263.39451359837864,116.0,1.47,79.83894474903889
2026-10-06T17:30:00+05:30,Colombo_Western,26.1,263.903269708358,71.0,1.52,83.54004586904905
2026-10-06T17:45:00+05:30,Colombo_Western,26.0,264.3824977897671,33.0,1.57,87.24452003027785
2026-10-06T18:00:00+05:30,Colombo_Western,25.9,264.8366080579963,6.0,1.57,90.95192840713766
2026-09-29T18:15:00+05:30,Polonnaruwa_NorthCentral,29.8,268.1229825089182,0.0,3.27,94.9822683475061
2026-09-29T18:30:00+05:30,Polonnaruwa_NorthCentral,29.7,268.6245862888318,0.0,3.17,98.69619449603316
2026-09-29T18:45:00+05:30,Polonnaruwa_NorthCentral,29.5,269.12520179751425,0.0,3.07,102.41088367378913
2026-09-29T19:00:00+05:30,Polonnaruwa_NorthCentral,29.4,269.629077732508,0.0,2.97,106.12605477871215
2026-09-29T19:15:00+05:30,Polonnaruwa_NorthCentral,29.3,270.14072394714924,0.0,2.89,109.84142593564559
2026-09-29T19:30:00+05:30,Polonnaruwa_NorthCentral,29.1,270.6650909579999,0.0,2.85,113.55670380508715
2026-09-29T19:45:00+05:30,Polonnaruwa_NorthCentral,29.0,271.20779144249775,0.0,2.89,117.27157126045532
2026-09-29T20:00:00+05:30,Polonnaruwa_NorthCentral,28.8,271.7753870811082,0.0,2.98,120.98567376659221
2026-09-29T20:15:00+05:30,Polonnaruwa_NorthCentral,28.7,272.37577452491087,0.0,3.02,124.69859979709867
2026-09-29T20:30:00+05:30,Polonnaruwa_NorthCentral,28.6,273.01872330775296,0.0,3.11,128.4098542593517
2026-09-29T20:45:00+05:30,Polonnaruwa_NorthCentral,28.4,273.7166498924555,0.0,3.16,132.11882239521861
2026-09-29T21:00:00+05:30,Polonnaruwa_NorthCentral,28.3,274.4857658849837,0.0,3.27,135.82471455276897
2026-09-29T21:15:00+05:30,Polonnaruwa_NorthCentral,28.2,275.34783759758153,0.0,3.32,139.52648196390774
2026-09-29T21:30:00+05:30,Polonnaruwa_NorthCentral,28.1,276.3329792360422,0.0,3.38,143.22268470345472
2026-09-29T21:45:00+05:30,Polonnaruwa_NorthCentral,28.0,277.4842645834648,0.0,3.44,146.91127077283375
2026-09-29T22:00:00+05:30,Polonnaruwa_NorthCentral,27.9,278.8656968454344,0.0,3.47,150.58919248379624
2026-09-29T22:15:00+05:30,Polonnaruwa_NorthCentral,27.8,280.5767404704887,0.0,3.44,154.25170284105667
2026-09-29T22:30:00+05:30,Polonnaruwa_NorthCentral,27.8,282.7805624627416,0.0,3.43,157.89096791890665
2026-09-29T22:45:00+05:30,Polonnaruwa_NorthCentral,27.7,285.7632949036821,0.0,3.34,161.49309696313497
2026-09-29T23:00:00+05:30,Polonnaruwa_NorthCentral,27.7,290.0703088345997,0.0,3.2,165.03108479657052
2026-09-29T23:15:00+05:30,Polonnaruwa_NorthCentral,27.7,296.8531327258531,0.0,3.02,168.4456858979227
2026-09-29T23:30:00+05:30,Polonnaruwa_NorthCentral,27.6,308.8160333082676,0.0,2.89,171.5851548250918
2026-09-29T23:45:00+05:30,Polonnaruwa_NorthCentral,27.6,332.13034515054375,0.0,2.75,174.00061734544113
2026-09-30T00:00:00+05:30,Polonnaruwa_NorthCentral,27.5,10.126010591097497,0.0,2.6,174.6100181879716
2026-09-30T00:15:00+05:30,Polonnaruwa_NorthCentral,27.5,41.66068142843312,0.0,2.53,172.92982680137874
2026-09-30T00:30:00+05:30,Polonnaruwa_NorthCentral,27.4,58.24171702411701,0.0,2.44,170.06029659445642
2026-09-30T00:45:00+05:30,Polonnaruwa_NorthCentral,27.4,67.10105170400703,0.0,2.38,166.75308644580826
2026-09-30T01:00:00+05:30,Polonnaruwa_NorthCentral,27.3,72.43453337846597,0.0,2.29,163.26581117107744
2026-09-30T01:15:00+05:30,Polonnaruwa_NorthCentral,27.3,75.98380414004885,0.0,2.26,159.69112589442182
2026-09-30T01:30:00+05:30,Polonnaruwa_NorthCentral,27.2,78.52923129483764,0.0,2.26,156.0682838941812
2026-09-30T01:45:00+05:30,Polonnaruwa_NorthCentral,27.2,80.460775657476,0.0,2.29,152.41637673713015
2026-09-30T02:00:00+05:30,Polonnaruwa_NorthCentral,27.1,81.99227565698726,0.0,2.35,148.74572077561814
2026-09-30T02:15:00+05:30,Polonnaruwa_NorthCentral,27.1,83.25005950406126,0.0,2.43,145.0623613444503
2026-09-30T02:30:00+05:30,Polonnaruwa_NorthCentral,27.0,84.31336719672925,0.0,2.57,141.3700761880373
2026-09-30T02:45:00+05:30,Polonnaruwa_NorthCentral,27.0,85.23440584244884,0.0,2.76,137.67135254014127
2026-09-30T03:00:00+05:30,Polonnaruwa_NorthCentral,27.0,86.04902028260233,0.0,2.95,133.96790259361458
2026-09-30T03:15:00+05:30,Polonnaruwa_NorthCentral,27.0,86.78271200040314,0.0,3.15,130.26095244330673
2026-09-30T03:30:00+05:30,Polonnaruwa_NorthCentral,27.0,87.45420600254704,0.0,3.3,126.55141126123752
2026-09-30T03:45:00+05:30,Polonnaruwa_NorthCentral,27.0,88.07765561952124,0.0,3.4,122.83997677505282
2026-09-30T04:00:00+05:30,Polonnaruwa_NorthCentral,27.0,88.66405714152239,0.0,3.45,119.12720316887489
2026-09-30T04:15:00+05:30,Polonnaruwa_NorthCentral,26.9,89.22218868103164,0.0,3.46,115.41354499489924
2026-09-30T04:30:00+05:30,Polonnaruwa_NorthCentral,26.9,89.7592529166659,0.0,3.52,111.69938871613282
2026-09-30T04:45:00+05:30,Polonnaruwa_NorthCentral,26.9,90.28133125579643,0.0,3.62,107.9850755127027
2026-09-30T05:00:00+05:30,Polonnaruwa_NorthCentral,26.9,90.79371574242003,0.0,3.73,104.27091703522271
2026-09-30T05:15:00+05:30,Polonnaruwa_NorthCentral,26.9,91.30116050957469,0.0,3.84,100.55720914365801
2026-09-30T05:30:00+05:30,Polonnaruwa_NorthCentral,26.9,91.80808099511682,0.0,3.9,96.84424352808402
2026-09-30T05:45:00+05:30,Polonnaruwa_NorthCentral,26.9,92.31872053484204,0.0,3.91,93.1323167237877
2026-09-30T06:00:00+05:30,Polonnaruwa_NorthCentral,26.9,92.83729823237968,0.0,3.93,89.42174030868436
2026-09-30T06:15:00+05:30,Polonnaruwa_NorthCentral,27.0,93.36814973538571,21.0,3.95,85.71285148402885
2026-09-30T06:30:00+05:30,Polonnaruwa_NorthCentral,27.2,93.91587126382774,60.0,3.99,82.00602325815439
2026-09-30T06:45:00+05:30,Polonnaruwa_NorthCentral,27.6,94.48547659477293,108.0,4.13,78.30167799910771
2026-09-30T07:00:00+05:30,Polonnaruwa_NorthCentral,28.1,95.0825785159941,163.0,4.27,74.60030383031483
2026-09-30T07:15:00+05:30,Polonnaruwa_NorthCentral,28.7,95.71360891216938,222.0,4.48,70.90247364939077
2026-09-30T07:30:00+05:30,Polonnaruwa_NorthCentral,29.3,96.38609536720611,282.0,4.62,67.20887149603467
2026-09-30T07:45:00+05:30,Polonnaruwa_NorthCentral,29.7,97.10901985202861,343.0,4.73,63.52032725747739
2026-09-30T08:00:00+05:30,Polonnaruwa_NorthCentral,30.2,97.89329618983032,403.0,4.83,59.837861861506056
2026-09-30T08:15:00+05:30,Polonnaruwa_NorthCentral,30.6,98.75241944076964,462.0,4.94,56.1627513601635
2026-09-30T08:30:00+05:30,Polonnaruwa_NorthCentral,31.0,99.70336856048937,515.0,5.01,52.4966167585582
2026-09-30T08:45:00+05:30,Polonnaruwa_NorthCentral,31.4,100.76788832394612,565.0,5.03,48.841551208201366
2026-09-30T09:00:00+05:30,Polonnaruwa_NorthCentral,31.8,101.97434876331204,613.0,5.04,45.200308640135255
2026-09-30T09:15:00+05:30,Polonnaruwa_NorthCentral,32.2,103.36050502012682,664.0,5.02,41.57658733842261
2026-09-30T09:30:00+05:30,Polonnaruwa_NorthCentral,32.6,104.9776943212263,720.0,5.03,37.975466759727425
2026-09-30T09:45:00+05:30,Polonnaruwa_NorthCentral,33.0,106.8973808755294,775.0,5.09,34.404105963826645
2026-09-30T10:00:00+05:30,Polonnaruwa_NorthCentral,33.4,109.2216309187445,822.0,5.17,30.872894716564844
2026-09-30T10:15:00+05:30,Polonnaruwa_NorthCentral,33.9,112.10029373648024,853.0,5.25,27.3974201048133
2026-09-30T10:30:00+05:30,Polonnaruwa_NorthCentral,34.2,115.75968813976493,862.0,5.27,24.00196338732607
2026-09-30T10:45:00+05:30,Polonnaruwa_NorthCentral,34.4,120.55042278330615,861.0,5.19,20.7259455438047
2026-09-30T11:00:00+05:30,Polonnaruwa_NorthCentral,34.4,127.02252356115355,859.0,5.12,17.63610665762262
2026-09-30T11:15:00+05:30,Polonnaruwa_NorthCentral,34.5,136.01500432805966,869.0,5.0,14.849178557123864
2026-09-30T11:30:00+05:30,Polonnaruwa_NorthCentral,34.6,148.6234449540363,887.0,4.88,12.568354893250913
2026-09-30T11:45:00+05:30,Polonnaruwa_NorthCentral,34.8,165.53405979398008,908.0,4.82,11.109878807330745
2026-09-30T12:00:00+05:30,Polonnaruwa_NorthCentral,35.1,185.27121364345084,924.0,4.75,10.811853765013424
2026-09-30T12:15:00+05:30,Polonnaruwa_NorthCentral,35.3,203.88007671537557,930.0,4.69,11.762823855321315
2026-09-30T12:30:00+05:30,Polonnaruwa_NorthCentral,35.5,218.49310960041683,930.0,4.74,13.705209188428725
2026-09-30T12:45:00+05:30,Polonnaruwa_NorthCentral,35.7,229.03255670337768,923.0,4.89,16.288090041496787
2026-09-30T13:00:00+05:30,Polonnaruwa_NorthCentral,35.8,236.5558426536418,909.0,5.17,19.255402499657905
2026-09-30T13:15:00+05:30,Polonnaruwa_NorthCentral,35.9,242.04620125606826,885.0,5.42,22.455233557717136
2026-09-30T13:30:00+05:30,Polonnaruwa_NorthCentral,35.7,246.17880774970916,853.0,5.56,25.801188022609807
2026-09-30T13:45:00+05:30,Polonnaruwa_NorthCentral,35.0,249.3862121613592,813.0,5.5,29.2431181788574
2026-09-30T14:00:00+05:30,Polonnaruwa_NorthCentral,34.0,251.9452572946756,771.0,5.35,32.75074329144863
2026-09-30T14:15:00+05:30,Polonnaruwa_NorthCentral,33.0,254.0369451769908,729.0,5.26,36.30498962570826
2026-09-30T14:30:00+05:30,Polonnaruwa_NorthCentral,32.3,255.78293274663923,689.0,5.22,39.89335828336198
2026-09-30T14:45:00+05:30,Polonnaruwa_NorthCentral,32.0,257.2673235434089,645.0,5.36,43.50736547122894
2026-09-30T15:00:00+05:30,Polonnaruwa_NorthCentral,32.0,258.54982588516333,594.0,5.6,47.14107103073149
2026-09-30T15:15:00+05:30,Polonnaruwa_NorthCentral,32.0,259.67387774001855,534.0,5.85,50.790200489576954
2026-09-30T15:30:00+05:30,Polonnaruwa_NorthCentral,32.1,260.67179399316086,467.0,5.89,54.45160398230398
2026-09-30T15:45:00+05:30,Polonnaruwa_NorthCentral,32.0,261.56811169212517,397.0,5.59,58.12291007531162
2026-09-30T16:00:00+05:30,Polonnaruwa_NorthCentral,32.0,262.381818853837,331.0,5.01,61.802298391935466
2026-09-30T16:15:00+05:30,Polonnaruwa_NorthCentral,32.0,263.12787476301503,272.0,4.43,65.48834777519336
2026-09-30T16:30:00+05:30,Polonnaruwa_NorthCentral,31.9,263.8182695954639,216.0,4.08,69.1799304101494
2026-09-30T16:45:00+05:30,Polonnaruwa_NorthCentral,31.9,264.4627789652104,165.0,4.1,72.87613706232989
2026-09-30T17:00:00+05:30,Polonnaruwa_NorthCentral,31.8,265.0695127755632,121.0,4.37,76.57622466537006
2026-09-30T17:15:00+05:30,Polonnaruwa_NorthCentral,31.6,265.6453226860432,83.0,4.55,80.27957667213225
2026-09-30T17:30:00+05:30,Polonnaruwa_NorthCentral,31.2,266.19611194055807,50.0,4.31,83.98567328607741
2026-09-30T17:45:00+05:30,Polonnaruwa_NorthCentral,30.4,266.7270775842943,24.0,3.46,87.69407011570576
2026-09-30T18:00:00+05:30,Polonnaruwa_NorthCentral,29.4,267.2429057448678,4.0,2.4,91.40438023788045
2026-09-30T18:15:00+05:30,Polonnaruwa_NorthCentral,28.3,267.7479358136279,0.0,2.06,95.1162596954522
2026-09-30T18:30:00+05:30,Polonnaruwa_NorthCentral,27.5,268.2463058797917,0.0,2.45,98.82939685775804
2026-09-30T18:45:00+05:30,Polonnaruwa_NorthCentral,27.0,268.74208928560927,0.0,2.72,102.54350182027675
2026-09-30T19:00:00+05:30,Polonnaruwa_NorthCentral,26.7,269.23943215623655,0.0,2.79,106.2582966360839
2026-09-30T19:15:00+05:30,Polonnaruwa_NorthCentral,26.5,269.74270227401524,0.0,2.78,109.97350722731632
2026-09-30T19:30:00+05:30,Polonnaruwa_NorthCentral,26.3,270.2566609527842,0.0,2.71,113.68885331236218
2026-09-30T19:45:00+05:30,Polonnaruwa_NorthCentral,26.2,270.78667380401953,0.0,2.63,117.40403704313933
2026-09-30T20:00:00+05:30,Polonnaruwa_NorthCentral,26.1,271.3389825854699,0.0,2.42,121.11873081135346
2026-09-30T20:15:00+05:30,Polonnaruwa_NorthCentral,26.0,271.9210701720715,0.0,2.18,124.8325597426433
2026-09-30T20:30:00+05:30,Polonnaruwa_NorthCentral,26.0,272.54216879821485,0.0,1.93,128.54507814544397
2026-09-30T20:45:00+05:30,Polonnaruwa_NorthCentral,26.0,273.2139916147903,0.0,1.66,132.25573786823537
2026-09-30T21:00:00+05:30,Polonnaruwa_NorthCentral,26.0,273.95181908288066,0.0,1.49,135.96383974202206
2026-09-30T21:15:00+05:30,Polonnaruwa_NorthCentral,26.1,274.77616690362544,0.0,1.41,139.66845958057255
2026-09-30T21:30:00+05:30,Polonnaruwa_NorthCentral,26.1,275.71544065247986,0.0,1.42,143.368332254106
2026-09-30T21:45:00+05:30,Polonnaruwa_NorthCentral,26.0,276.8103339182778,0.0,1.35,147.06165703238048
2026-09-30T22:00:00+05:30,Polonnaruwa_NorthCentral,26.0,278.1214640224372,0.0,1.23,150.745758470353
2026-09-30T22:15:00+05:30,Polonnaruwa_NorthCentral,25.9,279.74338061917274,0.0,1.14,154.41646166032112
2026-09-30T22:30:00+05:30,Polonnaruwa_NorthCentral,25.9,281.8320238068999,0.0,1.17,158.06685162286675
2026-09-30T22:45:00+05:30,Polonnaruwa_NorthCentral,25.8,284.66306325435573,0.0,1.15,161.68459241372386
2026-09-30T23:00:00+05:30,Polonnaruwa_NorthCentral,25.8,288.7686587625815,0.0,1.12,165.24546211660737
2026-09-30T23:15:00+05:30,Polonnaruwa_NorthCentral,25.7,295.2972307299284,0.0,1.05,168.6954013251438
2026-09-30T23:30:00+05:30,Polonnaruwa_NorthCentral,25.6,307.0602102150955,0.0,0.96,171.8913665663867
2026-09-30T23:45:00+05:30,Polonnaruwa_NorthCentral,25.6,331.0368925104684,0.0,0.92,174.3816112739991
2026-10-01T00:00:00+05:30,Polonnaruwa_NorthCentral,25.5,11.822738255011586,0.0,0.82,174.97567221967904
2026-10-01T00:15:00+05:30,Polonnaruwa_NorthCentral,25.4,44.32827538057154,0.0,0.8,173.1602315851427
2026-10-01T00:30:00+05:30,Polonnaruwa_NorthCentral,25.4,60.422484160720614,0.0,0.86,170.19282659573423
2026-10-01T00:45:00+05:30,Polonnaruwa_NorthCentral,25.4,68.80391448445016,0.0,1.02,166.83048611123536
2026-10-01T01:00:00+05:30,Polonnaruwa_NorthCentral,25.5,73.80535398071004,0.0,1.2,163.31032664793713
2026-10-01T01:15:00+05:30,Polonnaruwa_NorthCentral,25.5,77.12538238788818,0.0,1.41,159.71445809916355
2026-10-01T01:30:00+05:30,Polonnaruwa_NorthCentral,25.6,79.5070522281382,0.0,1.66,156.0771205454932
2026-10-01T01:45:00+05:30,Polonnaruwa_NorthCentral,25.7,81.31741221039289,0.0,1.95,152.41484574788353
2026-10-01T02:00:00+05:30,Polonnaruwa_NorthCentral,25.9,82.75649678527589,0.0,2.23,148.7365353472301
2026-10-01T02:15:00+05:30,Polonnaruwa_NorthCentral,26.0,83.94206612267698,0.0,2.57,145.04739805508382
2026-10-01T02:30:00+05:30,Polonnaruwa_NorthCentral,26.1,84.94783912976379,0.0,2.76,141.3506887081731
2026-10-01T02:45:00+05:30,Polonnaruwa_NorthCentral,26.1,85.82233619523282,0.0,2.85,137.64855271417326
2026-10-01T03:00:00+05:30,Polonnaruwa_NorthCentral,26.1,86.59886151007913,0.0,2.8,133.94247055446118
2026-10-01T03:15:00+05:30,Polonnaruwa_NorthCentral,26.1,87.30111756037627,0.0,2.75,130.23350660982206
2026-10-01T03:30:00+05:30,Polonnaruwa_NorthCentral,26.1,87.94652594212454,0.0,2.75,126.5224545758147
2026-10-01T03:45:00+05:30,Polonnaruwa_NorthCentral,26.1,88.54827752261531,0.0,2.81,122.80992831155683
2026-10-01T04:00:00+05:30,Polonnaruwa_NorthCentral,26.1,89.1166470158023,0.0,2.92,119.09642041629243
2026-10-01T04:15:00+05:30,Polonnaruwa_NorthCentral,26.1,89.65986541727739,0.0,2.99,115.38234005224344
2026-10-01T04:30:00+05:30,Polonnaruwa_NorthCentral,26.1,90.18471769154024,0.0,2.96,111.66804041229621
2026-10-01T04:45:00+05:30,Polonnaruwa_NorthCentral,26.1,90.69696581873598,0.0,2.8,107.95383876640129
2026-10-01T05:00:00+05:30,Polonnaruwa_NorthCentral,26.0,91.20165893200664,0.0,2.52,104.2400303348538
2026-10-01T05:15:00+05:30,Polonnaruwa_NorthCentral,25.9,91.70336944529436,0.0,2.26,100.52690075886684
2026-10-01T05:30:00+05:30,Polonnaruwa_NorthCentral,25.8,92.20638151063929,0.0,2.09,96.81473689581392
2026-10-01T05:45:00+05:30,Polonnaruwa_NorthCentral,25.8,92.71485020165926,0.0,2.07,93.10383535064327
2026-10-01T06:00:00+05:30,Polonnaruwa_NorthCentral,25.8,93.232944541128,0.0,2.17,89.39451245901762
2026-10-01T06:15:00+05:30,Polonnaruwa_NorthCentral,25.8,93.76498550181384,21.0,2.2,85.68711490799788
2026-10-01T06:30:00+05:30,Polonnaruwa_NorthCentral,26.0,94.31558904781821,59.0,2.2,81.98203019137345
2026-10-01T06:45:00+05:30,Polonnaruwa_NorthCentral,26.3,94.88982380388217,106.0,1.99,78.27970068965395
2026-10-01T07:00:00+05:30,Polonnaruwa_NorthCentral,26.8,95.49339489258887,160.0,1.65,74.58064088480103
2026-10-01T07:15:00+05:30,Polonnaruwa_NorthCentral,27.4,96.13286827901663,217.0,1.39,70.88545755764204
2026-10-01T07:30:00+05:30,Polonnaruwa_NorthCentral,27.9,96.81595383301556,274.0,1.27,67.19487779968355
2026-10-01T07:45:00+05:30,Polonnaruwa_NorthCentral,28.5,97.55187320082769,331.0,1.41,63.50978597804932
2026-10-01T08:00:00+05:30,Polonnaruwa_NorthCentral,29.1,98.35184994602616,388.0,1.73,59.83127204415736
2026-10-01T08:15:00+05:30,Polonnaruwa_NorthCentral,29.7,99.22977616472485,446.0,2.09,56.16069993382835
2026-10-01T08:30:00+05:30,Polonnaruwa_NorthCentral,30.3,100.20313838689333,505.0,2.31,52.49980343043965
2026-10-01T08:45:00+05:30,Polonnaruwa_NorthCentral,30.8,101.29433064424563,561.0,2.42,48.850821916668146
2026-10-01T09:00:00+05:30,Polonnaruwa_NorthCentral,31.4,102.5325551343833,614.0,2.52,45.21670131726527
2026-10-01T09:15:00+05:30,Polonnaruwa_NorthCentral,31.9,103.95663528498983,661.0,2.52,41.60139566471348
2026-10-01T09:30:00+05:30,Polonnaruwa_NorthCentral,32.3,105.61927746438346,700.0,2.42,38.01033064510373
2026-10-01T09:45:00+05:30,Polonnaruwa_NorthCentral,32.7,107.59368294913924,732.0,2.19,34.451142266087544
2026-10-01T10:00:00+05:30,Polonnaruwa_NorthCentral,33.1,109.9840561718633,763.0,1.9,30.934889033526666
2026-10-01T10:15:00+05:30,Polonnaruwa_NorthCentral,33.4,112.94266872779878,797.0,1.58,27.47811059767053
2026-10-01T10:30:00+05:30,Polonnaruwa_NorthCentral,33.8,116.69792780083787,834.0,1.27,24.106456903152818
2026-10-01T10:45:00+05:30,Polonnaruwa_NorthCentral,34.1,121.60005004795516,870.0,0.99,20.861293350586593
2026-10-01T11:00:00+05:30,Polonnaruwa_NorthCentral,34.5,128.1896438175434,899.0,0.64,17.81193865327296
2026-10-01T11:15:00+05:30,Polonnaruwa_NorthCentral,34.8,137.269561116121,916.0,0.28,15.077713053542823
2026-10-01T11:30:00+05:30,Polonnaruwa_NorthCentral,35.1,149.83726702766455,925.0,0.05,12.861237574772716
2026-10-01T11:45:00+05:30,Polonnaruwa_NorthCentral,35.3,166.41506129930224,925.0,0.34,11.466816743493851
2026-10-01T12:00:00+05:30,Polonnaruwa_NorthCentral,35.5,185.50739806914953,909.0,0.65,11.205677743626609
2026-10-01T12:15:00+05:30,Polonnaruwa_NorthCentral,35.6,203.49518758302855,872.0,0.92,12.151112282981074
2026-10-01T12:30:00+05:30,Polonnaruwa_NorthCentral,35.6,217.77179762405325,813.0,1.27,14.061815158588104
2026-10-01T12:45:00+05:30,Polonnaruwa_NorthCentral,35.6,228.20545343726607,740.0,1.73,16.607891923199503
2026-10-01T13:00:00+05:30,Polonnaruwa_NorthCentral,35.6,235.73318265152545,666.0,2.23,19.5425436024083
2026-10-01T13:15:00+05:30,Polonnaruwa_NorthCentral,35.4,241.26815498056078,596.0,2.69,22.715641004446468
2026-10-01T13:30:00+05:30,Polonnaruwa_NorthCentral,35.0,245.4553819203773,525.0,2.99,26.040135477785604
2026-10-01T13:45:00+05:30,Polonnaruwa_NorthCentral,34.1,248.7159701995315,456.0,3.3,29.46479519019556
2026-10-01T14:00:00+05:30,Polonnaruwa_NorthCentral,33.0,251.32297453922448,397.0,3.74,32.95837879040099
2026-10-01T14:15:00+05:30,Polonnaruwa_NorthCentral,31.8,253.45657902062595,354.0,4.11,36.50106719510742
2026-10-01T14:30:00+05:30,Polonnaruwa_NorthCentral,30.9,255.2387097150607,326.0,4.08,40.07980498076442
2026-10-01T14:45:00+05:30,Polonnaruwa_NorthCentral,30.4,256.7540804583117,305.0,3.16,43.685695727797736
2026-10-01T15:00:00+05:30,Polonnaruwa_NorthCentral,30.1,258.06306168640674,282.0,1.61,47.31249176009146
2026-10-01T15:15:00+05:30,Polonnaruwa_NorthCentral,29.8,259.20970013731323,251.0,1.03,50.955687129380884
2026-10-01T15:30:00+05:30,Polonnaruwa_NorthCentral,29.5,260.2268350199738,213.0,1.75,54.61195571622339
2026-10-01T15:45:00+05:30,Polonnaruwa_NorthCentral,28.9,261.1394410570896,177.0,1.96,58.27879034068973
2026-10-01T16:00:00+05:30,Polonnaruwa_NorthCentral,28.3,261.9668653287581,148.0,1.96,61.95426496360865
2026-10-01T16:15:00+05:30,Polonnaruwa_NorthCentral,27.7,262.7243582118709,130.0,2.02,65.63687542442558
2026-10-01T16:30:00+05:30,Polonnaruwa_NorthCentral,27.3,263.4241432349081,121.0,2.04,69.32542822313633
2026-10-01T16:45:00+05:30,Polonnaruwa_NorthCentral,27.1,264.0761804149847,111.0,1.69,73.01896188320043
2026-10-01T17:00:00+05:30,Polonnaruwa_NorthCentral,27.0,264.68872221811546,95.0,1.27,76.71669170055402
2026-10-01T17:15:00+05:30,Polonnaruwa_NorthCentral,27.0,265.2687265124743,71.0,1.39,80.41796801289091
2026-10-01T17:30:00+05:30,Polonnaruwa_NorthCentral,26.9,265.82217041537535,44.0,1.76,84.1222448927487
2026-10-01T17:45:00+05:30,Polonnaruwa_NorthCentral,26.7,266.35429521288086,20.0,1.84,87.82905768652476
2026-10-01T18:00:00+05:30,Polonnaruwa_NorthCentral,26.5,266.86980312778434,3.0,1.74,91.53800427451723
2026-10-01T18:15:00+05:30,Polonnaruwa_NorthCentral,26.3,267.3730218248147,0.0,1.55,95.24873003104236
2026-10-01T18:30:00+05:30,Polonnaruwa_NorthCentral,26.1,267.86804897879625,0.0,1.5,98.96091686487425
2026-10-01T18:45:00+05:30,Polonnaruwa_NorthCentral,26.0,268.3588866670166,0.0,1.6,102.67427250188956
2026-10-01T19:00:00+05:30,Polonnaruwa_NorthCentral,25.9,268.84957522871827,0.0,1.71,106.38852080030225
2026-10-01T19:15:00+05:30,Polonnaruwa_NorthCentral,25.8,269.3443366085704,0.0,1.87,110.10339396479878
2026-10-01T19:30:00+05:30,Polonnaruwa_NorthCentral,25.8,269.84773830321274,0.0,1.91,113.81862303243399
2026-10-01T19:45:00+05:30,Polonnaruwa_NorthCentral,25.8,270.36489298872414,0.0,1.84,117.53392740381263
2026-10-01T20:00:00+05:30,Polonnaruwa_NorthCentral,25.8,270.90171478394774,0.0,1.66,121.24900397496765
2026-10-01T20:15:00+05:30,Polonnaruwa_NorthCentral,25.8,271.4652623396412,0.0,1.41,124.9635115843312
2026-10-01T20:30:00+05:30,Polonnaruwa_NorthCentral,25.8,272.06421604017527,0.0,1.27,128.6770503157211
2026-10-01T20:45:00+05:30,Polonnaruwa_NorthCentral,25.8,272.70956487991117,0.0,1.14,132.38913407450133
2026-10-01T21:00:00+05:30,Polonnaruwa_NorthCentral,25.8,273.4156274131207,0.0,1.05,136.09914837237608
2026-10-01T21:15:00+05:30,Polonnaruwa_NorthCentral,25.8,274.2016218320708,0.0,1.03,139.80628608455999
2026-10-01T21:30:00+05:30,Polonnaruwa_NorthCentral,25.8,275.0941709191928,0.0,0.98,143.5094469835054
2026-10-01T21:45:00+05:30,Polonnaruwa_NorthCentral,25.7,276.1314657433003,0.0,1.0,147.20706842605193
2026-10-01T22:00:00+05:30,Polonnaruwa_NorthCentral,25.6,277.3705257645173,0.0,1.13,150.89682951954052
2026-10-01T22:15:00+05:30,Polonnaruwa_NorthCentral,25.4,278.90059635376866,0.0,1.23,154.57510390517604
2026-10-01T22:30:00+05:30,Polonnaruwa_NorthCentral,25.3,280.8696231748097,0.0,1.27,158.2358658718357
2026-10-01T22:45:00+05:30,Polonnaruwa_NorthCentral,25.2,283.54117016831333,0.0,1.12,161.8683046707511
2026-10-01T23:00:00+05:30,Polonnaruwa_NorthCentral,25.2,287.43032662885696,0.0,0.91,165.4509895033411
2026-10-01T23:15:00+05:30,Polonnaruwa_NorthCentral,25.1,293.67268079111597,0.0,0.76,168.9352787481842
2026-10-01T23:30:00+05:30,Polonnaruwa_NorthCentral,25.1,305.166804374806,0.0,0.74,172.18816846508503
2026-10-01T23:45:00+05:30,Polonnaruwa_NorthCentral,25.0,329.7759513564264,0.0,0.72,174.7592234388663
2026-10-02T00:00:00+05:30,Polonnaruwa_NorthCentral,25.0,13.766381646296963,0.0,0.65,175.3360928494735
2026-10-02T00:15:00+05:30,Polonnaruwa_NorthCentral,25.0,47.163710706310155,0.0,0.58,173.37555186476715
2026-10-02T00:30:00+05:30,Polonnaruwa_NorthCentral,24.9,62.65303185739873,0.0,0.56,170.3119583863162
2026-10-02T00:45:00+05:30,Polonnaruwa_NorthCentral,24.9,70.52109369347608,0.0,0.59,166.89756026139867
2026-10-02T01:00:00+05:30,Polonnaruwa_NorthCentral,24.9,75.17967826673049,0.0,0.67,163.34686800392979
2026-10-02T01:15:00+05:30,Polonnaruwa_NorthCentral,24.8,78.26683413860042,0.0,0.76,159.73150977600054
2026-10-02T01:30:00+05:30,Polonnaruwa_NorthCentral,24.8,80.48348469368523,0.0,0.8,156.08092414437917
2026-10-02T01:45:00+05:30,Polonnaruwa_NorthCentral,24.8,82.17226288190739,0.0,0.8,152.40923260133636
2026-10-02T02:00:00+05:30,Polonnaruwa_NorthCentral,24.8,83.51886969787631,0.0,0.7,148.72401673824243
2026-10-02T02:15:00+05:30,Polonnaruwa_NorthCentral,24.8,84.63229302413203,0.0,0.61,145.02970879256875
2026-10-02T02:30:00+05:30,Polonnaruwa_NorthCentral,24.8,85.58064684439756,0.0,0.56,141.32907998064803
2026-10-02T02:45:00+05:30,Polonnaruwa_NorthCentral,24.9,86.40872927531314,0.0,0.5,137.62396037283722
2026-10-02T03:00:00+05:30,Polonnaruwa_NorthCentral,24.9,87.14728882605039,0.0,0.47,133.91561715469948
2026-10-02T03:15:00+05:30,Polonnaruwa_NorthCentral,25.0,87.8182230199991,0.0,0.5,130.20496616530352
2026-10-02T03:30:00+05:30,Polonnaruwa_NorthCentral,25.0,88.43764815188717,0.0,0.53,126.49269529269557
2026-10-02T03:45:00+05:30,Polonnaruwa_NorthCentral,25.0,89.0177925471358,0.0,0.5,122.779341790333
2026-10-02T04:00:00+05:30,Polonnaruwa_NorthCentral,24.9,89.56821001955427,0.0,0.43,119.06534226125801
2026-10-02T04:15:00+05:30,Polonnaruwa_NorthCentral,24.9,90.09658538234629,0.0,0.32,115.35106486402515
2026-10-02T04:30:00+05:30,Polonnaruwa_NorthCentral,24.9,90.60928684347164,0.0,0.29,111.63683303982413
2026-10-02T04:45:00+05:30,Polonnaruwa_NorthCentral,24.8,91.11175782840837,0.0,0.3,107.92294303151732
2026-10-02T05:00:00+05:30,Polonnaruwa_NorthCentral,24.7,91.60880529905035,0.0,0.4,104.20967604426237
2026-10-02T05:15:00+05:30,Polonnaruwa_NorthCentral,24.7,92.10482053600356,0.0,0.52,100.4973095739857
2026-10-02T05:30:00+05:30,Polonnaruwa_NorthCentral,24.7,92.60395682725391,0.0,0.67,96.78612746984204
2026-10-02T05:45:00+05:30,Polonnaruwa_NorthCentral,24.7,93.11028123285365,0.0,0.83,93.07642805419137
2026-10-02T06:00:00+05:30,Polonnaruwa_NorthCentral,24.8,93.62791275471017,0.0,1.0,89.3685339593669
2026-10-02T06:15:00+05:30,Polonnaruwa_NorthCentral,24.9,94.16115753860026,21.0,1.13,85.66280283375652
2026-10-02T06:30:00+05:30,Polonnaruwa_NorthCentral,25.1,94.71465088852761,59.0,1.27,81.95963812098373
2026-10-02T06:45:00+05:30,Polonnaruwa_NorthCentral,25.4,95.293515559794,104.0,1.35,78.25950370989534
2026-10-02T07:00:00+05:30,Polonnaruwa_NorthCentral,25.7,95.90354788661335,158.0,1.35,74.56294201644891
2026-10-02T07:15:00+05:30,Polonnaruwa_NorthCentral,26.2,96.55144624488526,214.0,1.36,70.8705954128013
2026-10-02T07:30:00+05:30,Polonnaruwa_NorthCentral,26.6,97.24510036451056,273.0,1.36,67.18323593374373
2026-10-02T07:45:00+05:30,Polonnaruwa_NorthCentral,27.1,97.99396806301206,334.0,1.36,63.501804574803344
2026-10-02T08:00:00+05:30,Polonnaruwa_NorthCentral,27.7,98.80957756858731,396.0,1.28,59.827462793811044
2026-10-02T08:15:00+05:30,Polonnaruwa_NorthCentral,28.3,99.70621059288283,458.0,1.24,56.161665321143275
2026-10-02T08:30:00+05:30,Polonnaruwa_NorthCentral,28.8,100.70185023974193,517.0,1.24,52.506262172041815
2026-10-02T08:45:00+05:30,Polonnaruwa_NorthCentral,29.4,101.81952320106069,574.0,1.27,48.86364308498648
2026-10-02T09:00:00+05:30,Polonnaruwa_NorthCentral,30.0,103.08923827536597,628.0,1.43,45.236950904268625
2026-10-02T09:15:00+05:30,Polonnaruwa_NorthCentral,30.5,104.55084685563827,681.0,1.55,41.63040123192029
2026-10-02T09:30:00+05:30,Polonnaruwa_NorthCentral,31.0,106.25835917271081,729.0,1.61,38.04977263586152
2026-10-02T09:45:00+05:30,Polonnaruwa_NorthCentral,31.5,108.28660485876685,774.0,1.54,34.503185076571185
2026-10-02T10:00:00+05:30,Polonnaruwa_NorthCentral,31.9,110.74174019568363,813.0,1.41,31.002371545002525
2026-10-02T10:15:00+05:30,Polonnaruwa_NorthCentral,32.3,113.77813109148894,847.0,1.23,27.56482426585952
2026-10-02T10:30:00+05:30,Polonnaruwa_NorthCentral,32.6,117.62568621206611,878.0,1.1,24.217544478036217
2026-10-02T10:45:00+05:30,Polonnaruwa_NorthCentral,33.0,122.63319441505507,902.0,0.97,21.00377787270122
2026-10-02T11:00:00+05:30,Polonnaruwa_NorthCentral,33.3,129.3302045095263,908.0,0.84,17.9952419558674
2026-10-02T11:15:00+05:30,Polonnaruwa_NorthCentral,33.5,138.48189275316878,887.0,0.76,15.313419707516758
2026-10-02T11:30:00+05:30,Polonnaruwa_NorthCentral,33.7,150.9912335649651,837.0,0.65,13.159630959453338
2026-10-02T11:45:00+05:30,Polonnaruwa_NorthCentral,34.0,167.23649937030132,768.0,0.55,11.826011813026795
2026-10-02T12:00:00+05:30,Polonnaruwa_NorthCentral,34.2,185.72142321703944,696.0,0.45,11.599016443162753
2026-10-02T12:15:00+05:30,Polonnaruwa_NorthCentral,34.3,203.12911392441003,631.0,0.49,12.538893281812648
2026-10-02T12:30:00+05:30,Polonnaruwa_NorthCentral,34.0,217.08255564363012,556.0,0.65,14.419235130406676
2026-10-02T12:45:00+05:30,Polonnaruwa_NorthCentral,33.3,227.40709654733723,486.0,1.04,16.929506834424515
2026-10-02T13:00:00+05:30,Polonnaruwa_NorthCentral,32.2,234.93255636608205,438.0,1.63,19.83191019879743
2026-10-02T13:15:00+05:30,Polonnaruwa_NorthCentral,31.0,240.50639867327595,429.0,2.09,22.978309035101447
2026-10-02T13:30:00+05:30,Polonnaruwa_NorthCentral,30.2,244.74404666976403,467.0,2.22,26.281190019937732
2026-10-02T13:45:00+05:30,Polonnaruwa_NorthCentral,29.9,248.0548561110765,518.0,1.98,29.68834451046201
2026-10-02T14:00:00+05:30,Polonnaruwa_NorthCentral,29.9,250.70772399323045,549.0,2.01,33.16762415578545
2026-10-02T14:15:00+05:30,Polonnaruwa_NorthCentral,29.9,252.88173871189633,534.0,2.51,36.698489747375696
2026-10-02T14:30:00+05:30,Polonnaruwa_NorthCentral,29.7,254.6989073964795,486.0,2.68,40.26734045023482
2026-10-02T14:45:00+05:30,Polonnaruwa_NorthCentral,29.1,256.24442989224667,425.0,1.9,43.864871472182905
2026-10-02T15:00:00+05:30,Polonnaruwa_NorthCentral,28.4,257.579256380046,365.0,0.59,47.48452858574741
2026-10-02T15:15:00+05:30,Polonnaruwa_NorthCentral,27.5,258.74798702519644,318.0,1.32,51.121573806234764
2026-10-02T15:30:00+05:30,Polonnaruwa_NorthCentral,26.9,259.783947509357,275.0,2.35,54.772503540588325
2026-10-02T15:45:00+05:30,Polonnaruwa_NorthCentral,26.4,260.712523835267,236.0,2.73,58.43467339959813
2026-10-02T16:00:00+05:30,Polonnaruwa_NorthCentral,25.9,261.5534033743047,201.0,2.82,62.10605018312921
2026-10-02T16:15:00+05:30,Polonnaruwa_NorthCentral,25.6,262.3221139770475,169.0,2.72,65.78504527975322
2026-10-02T16:30:00+05:30,Polonnaruwa_NorthCentral,25.4,263.031102443795,141.0,2.53,69.47039814193694
2026-10-02T16:45:00+05:30,Polonnaruwa_NorthCentral,25.3,263.6905055735651,114.0,2.1,73.16109377755298
2026-10-02T17:00:00+05:30,Polonnaruwa_NorthCentral,25.3,264.30871250014394,89.0,1.47,76.85630465259354
2026-10-02T17:15:00+05:30,Polonnaruwa_NorthCentral,25.3,264.89278261987084,64.0,0.76,80.55534685842194
2026-10-02T17:30:00+05:30,Polonnaruwa_NorthCentral,25.4,265.44876309244376,40.0,0.25,84.25764725280834
2026-10-02T17:45:00+05:30,Polonnaruwa_NorthCentral,25.4,265.98193619026256,19.0,0.07,87.96271985365999
2026-10-02T18:00:00+05:30,Polonnaruwa_NorthCentral,25.3,266.4970173427821,3.0,0.32,91.6701462788255
2026-10-02T18:15:00+05:30,Polonnaruwa_NorthCentral,25.3,266.9983197891808,0.0,0.5,95.37956014041976
2026-10-02T18:30:00+05:30,Polonnaruwa_NorthCentral,25.3,267.48989812102474,0.0,0.69,99.0906357372681
2026-10-02T18:45:00+05:30,Polonnaruwa_NorthCentral,25.2,267.97568035189727,0.0,0.87,102.80307718850351
2026-10-02T19:00:00+05:30,Polonnaruwa_NorthCentral,25.1,268.45959792835765,0.0,1.1,106.51660879222081
2026-10-02T19:15:00+05:30,Polonnaruwa_NorthCentral,25.0,268.9457233258768,0.0,1.32,110.23096749685317
2026-10-02T19:30:00+05:30,Polonnaruwa_NorthCentral,24.9,269.43842578359596,0.0,1.44,113.94589388945406
2026-10-02T19:45:00+05:30,Polonnaruwa_NorthCentral,24.9,269.94255939722837,0.0,1.38,117.66112253556403
2026-10-02T20:00:00+05:30,Polonnaruwa_NorthCentral,24.8,270.4637032268539,0.0,1.2,121.37637234559448
2026-10-02T20:15:00+05:30,Polonnaruwa_NorthCentral,24.8,271.0084816456188,0.0,1.05,125.09133283500631
2026-10-02T20:30:00+05:30,Polonnaruwa_NorthCentral,24.7,271.58500917032984,0.0,0.87,128.8056460980232
2026-10-02T20:45:00+05:30,Polonnaruwa_NorthCentral,24.7,272.2035305245497,0.0,0.7,132.51888334596757
2026-10-02T21:00:00+05:30,Polonnaruwa_NorthCentral,24.7,272.8773726077808,0.0,0.47,136.23050866823732
2026-10-02T21:15:00+05:30,Polonnaruwa_NorthCentral,24.7,273.62441063018974,0.0,0.28,139.93982402991008
2026-10-02T21:30:00+05:30,Polonnaruwa_NorthCentral,24.7,274.4694124249536,0.0,0.21,143.6458834984388
2026-10-02T21:45:00+05:30,Polonnaruwa_NorthCentral,24.7,275.4479470001883,0.0,0.25,147.3473481679805
2026-10-02T22:00:00+05:30,Polonnaruwa_NorthCentral,24.7,276.61322759402395,0.0,0.25,151.04223201693802
2026-10-02T22:15:00+05:30,Polonnaruwa_NorthCentral,24.7,278.0488093551361,0.0,0.3,154.7274301104403
2026-10-02T22:30:00+05:30,Polonnaruwa_NorthCentral,24.7,279.8938740268745,0.0,0.35,158.39776945260905
2026-10-02T22:45:00+05:30,Polonnaruwa_NorthCentral,24.7,282.3982021178957,0.0,0.4,162.04392077151437
2026-10-02T23:00:00+05:30,Polonnaruwa_NorthCentral,24.6,286.0557485041321,0.0,0.45,165.64722149497288
2026-10-02T23:15:00+05:30,Polonnaruwa_NorthCentral,24.6,291.9783806053963,0.0,0.5,169.1646141718972
2026-10-02T23:30:00+05:30,Polonnaruwa_NorthCentral,24.6,303.12500408886206,0.0,0.5,172.47442534346467
2026-10-02T23:45:00+05:30,Polonnaruwa_NorthCentral,24.6,328.3102940640282,0.0,0.5,175.13271117681222
2026-10-03T00:00:00+05:30,Polonnaruwa_NorthCentral,24.5,16.011943378161163,0.0,0.5,175.6901044267684
2026-10-03T00:15:00+05:30,Polonnaruwa_NorthCentral,24.5,50.1689988130812,0.0,0.45,173.57442110844596
2026-10-03T00:30:00+05:30,Polonnaruwa_NorthCentral,24.5,64.92836369728343,0.0,0.45,170.41733123078467
2026-10-03T00:45:00+05:30,Polonnaruwa_NorthCentral,24.5,72.24971193468701,0.0,0.4,166.9542795615996
2026-10-03T01:00:00+05:30,Polonnaruwa_NorthCentral,24.5,76.55592013670412,0.0,0.4,163.37550621672068
2026-10-03T01:15:00+05:30,Polonnaruwa_NorthCentral,24.5,79.40720926392356,0.0,0.35,159.74238397680767
2026-10-03T01:30:00+05:30,Polonnaruwa_NorthCentral,24.5,81.4579070425441,0.0,0.3,156.07980763868994
2026-10-03T01:45:00+05:30,Polonnaruwa_NorthCentral,24.5,83.02488866306874,0.0,0.25,152.39965228594232
2026-10-03T02:00:00+05:30,Polonnaruwa_NorthCentral,24.5,84.27906411748859,0.0,0.25,148.7082790778215
2026-10-03T02:15:00+05:30,Polonnaruwa_NorthCentral,24.5,85.32047852923677,0.0,0.2,145.00940578931943
2026-10-03T02:30:00+05:30,Polonnaruwa_NorthCentral,24.5,86.21157406594631,0.0,0.2,141.3053600376137
2026-10-03T02:45:00+05:30,Polonnaruwa_NorthCentral,24.4,86.99340005664135,0.0,0.2,137.59768333759624
2026-10-03T03:00:00+05:30,Polonnaruwa_NorthCentral,24.4,87.69413938962168,0.0,0.2,133.88744810542872
2026-10-03T03:15:00+05:30,Polonnaruwa_NorthCentral,24.4,88.33388166882202,0.0,0.15,130.1754348404194
2026-10-03T03:30:00+05:30,Polonnaruwa_NorthCentral,24.3,88.9274378478193,0.0,0.15,126.46223529020548
2026-10-03T03:45:00+05:30,Polonnaruwa_NorthCentral,24.3,89.48607480861216,0.0,0.15,122.74831735758832
2026-10-03T04:00:00+05:30,Polonnaruwa_NorthCentral,24.2,90.01862691335162,0.0,0.11,119.03406721587797
2026-10-03T04:15:00+05:30,Polonnaruwa_NorthCentral,24.2,90.53223424415245,0.0,0.07,115.31981638712693
2026-10-03T04:30:00+05:30,Polonnaruwa_NorthCentral,24.2,91.03284956154636,0.0,0.07,111.60586205972717
2026-10-03T04:45:00+05:30,Polonnaruwa_NorthCentral,24.2,91.52559884907163,0.0,0.07,107.89248231521273
2026-10-03T05:00:00+05:30,Polonnaruwa_NorthCentral,24.2,92.01504779969042,0.0,0.07,104.17994674231751
2026-10-03T05:15:00+05:30,Polonnaruwa_NorthCentral,24.3,92.50540725332496,0.0,0.07,100.46852674545492
2026-10-03T05:30:00+05:30,Polonnaruwa_NorthCentral,24.4,93.00070011920786,0.0,0.11,96.75850497319081
2026-10-03T05:45:00+05:30,Polonnaruwa_NorthCentral,24.5,93.50490572060369,0.0,0.16,93.05018309882264
2026-10-03T06:00:00+05:30,Polonnaruwa_NorthCentral,24.7,94.02209309698043,0.0,0.21,89.34389156939334
2026-10-03T06:15:00+05:30,Polonnaruwa_NorthCentral,24.9,94.55655338400987,22.0,0.25,85.64000045139261
2026-10-03T06:30:00+05:30,Polonnaruwa_NorthCentral,25.1,95.11294076145123,60.0,0.3,81.93893057591998
2026-10-03T06:45:00+05:30,Polonnaruwa_NorthCentral,25.4,95.6964313045209,109.0,0.35,78.24116881039524
2026-10-03T07:00:00+05:30,Polonnaruwa_NorthCentral,25.6,96.3129113040157,166.0,0.45,74.54728704735717
2026-10-03T07:15:00+05:30,Polonnaruwa_NorthCentral,25.9,96.96920969853761,224.0,0.5,70.85796491205994
2026-10-03T07:30:00+05:30,Polonnaruwa_NorthCentral,26.2,97.67339341151387,280.0,0.55,67.17402122430276
2026-10-03T07:45:00+05:30,Polonnaruwa_NorthCentral,26.5,98.43515260816696,334.0,0.6,63.49645568513263
2026-10-03T08:00:00+05:30,Polonnaruwa_NorthCentral,26.8,99.2663146792321,388.0,0.65,59.826503646759846
2026-10-03T08:15:00+05:30,Polonnaruwa_NorthCentral,27.2,100.18154295929054,445.0,0.71,56.165713417172306
2026-10-03T08:30:00+05:30,Polonnaruwa_NorthCentral,27.5,101.19930535313108,505.0,0.71,52.51605451794747
2026-10-03T08:45:00+05:30,Polonnaruwa_NorthCentral,27.9,102.34324356570835,565.0,0.72,48.880070913547286
2026-10-03T09:00:00+05:30,Polonnaruwa_NorthCentral,28.3,103.64414599743515,621.0,0.73,45.26110692288159
2026-10-03T09:15:00+05:30,Polonnaruwa_NorthCentral,28.7,105.14284973644868,672.0,0.74,41.66364497566137
2026-10-03T09:30:00+05:30,Polonnaruwa_NorthCentral,29.1,106.89460099376856,716.0,0.76,38.093822319021676
2026-10-03T09:45:00+05:30,Polonnaruwa_NorthCentral,29.6,108.9757457825134,754.0,0.78,34.56024851399881
2026-10-03T10:00:00+05:30,Polonnaruwa_NorthCentral,30.0,111.49420251842872,788.0,0.83,31.07533459070317
2026-10-03T10:15:00+05:30,Polonnaruwa_NorthCentral,30.5,114.60610253203492,817.0,0.85,27.657521773300246
2026-10-03T10:30:00+05:30,Polonnaruwa_NorthCentral,30.9,118.54227993460893,841.0,0.88,24.335139391835796
2026-10-03T10:45:00+05:30,Polonnaruwa_NorthCentral,31.3,123.64911269285432,860.0,0.88,21.153240606488765
2026-10-03T11:00:00+05:30,Polonnaruwa_NorthCentral,31.7,130.44362929296392,878.0,0.96,18.185752728262614
2026-10-03T11:15:00+05:30,Polonnaruwa_NorthCentral,32.0,139.6522970661827,898.0,0.94,15.555903404857872
2026-10-03T11:30:00+05:30,Polonnaruwa_NorthCentral,32.3,152.08783803136885,924.0,0.96,13.463060330074555
2026-10-03T11:45:00+05:30,Polonnaruwa_NorthCentral,32.5,168.00281049556384,948.0,0.97,12.187113494059744
2026-10-03T12:00:00+05:30,Polonnaruwa_NorthCentral,32.8,185.91506505114205,962.0,0.97,11.99173254219653
2026-10-03T12:15:00+05:30,Polonnaruwa_NorthCentral,33.0,202.77985794701374,957.0,1.0,12.926011577189016
2026-10-03T12:30:00+05:30,Polonnaruwa_NorthCentral,33.2,216.4229769043001,935.0,1.05,14.77720879422634
2026-10-03T12:45:00+05:30,Polonnaruwa_NorthCentral,33.3,226.63597764341267,903.0,1.12,17.252639278360547
2026-10-03T13:00:00+05:30,Polonnaruwa_NorthCentral,33.5,234.15318003105824,864.0,1.2,20.12322130245569
2026-10-03T13:15:00+05:30,Polonnaruwa_NorthCentral,33.6,239.7605543365737,822.0,1.25,23.24298484088932
2026-10-03T13:30:00+05:30,Polonnaruwa_NorthCentral,33.6,244.04463359113595,778.0,1.36,26.524125833002238
2026-10-03T13:45:00+05:30,Polonnaruwa_NorthCentral,33.6,247.40280951093362,729.0,1.42,29.913562501630125
2026-10-03T14:00:00+05:30,Polonnaruwa_NorthCentral,33.5,250.09950219866505,672.0,1.51,33.37829317148536
2026-10-03T14:15:00+05:30,Polonnaruwa_NorthCentral,33.4,252.31245164513638,606.0,1.54,36.897084641720355
2026-10-03T14:30:00+05:30,Polonnaruwa_NorthCentral,33.1,254.16357036771268,526.0,1.5,40.45580269823289
2026-10-03T14:45:00+05:30,Polonnaruwa_NorthCentral,32.7,255.738426233726,446.0,1.43,44.04473916069434
2026-10-03T15:00:00+05:30,Polonnaruwa_NorthCentral,32.2,257.098470101031,375.0,1.26,47.65703476614664
2026-10-03T15:15:00+05:30,Polonnaruwa_NorthCentral,31.6,258.2888020112397,323.0,1.05,51.287719331407544
2026-10-03T15:30:00+05:30,Polonnaruwa_NorthCentral,30.9,259.34319727056265,284.0,0.87,54.93311085645921
2026-10-03T15:45:00+05:30,Polonnaruwa_NorthCentral,30.2,260.2874273480994,252.0,0.67,58.590426493627845
2026-10-03T16:00:00+05:30,Polonnaruwa_NorthCentral,29.4,261.1415014813911,221.0,0.56,62.2575245386073
2026-10-03T16:15:00+05:30,Polonnaruwa_NorthCentral,28.5,261.9212115910725,188.0,0.53,65.93273059765147
2026-10-03T16:30:00+05:30,Polonnaruwa_NorthCentral,27.8,262.6392178073686,158.0,0.6,69.61471580046408
2026-10-03T16:45:00+05:30,Polonnaruwa_NorthCentral,27.1,263.3058261849678,128.0,0.76,73.30241043037499
2026-10-03T17:00:00+05:30,Polonnaruwa_NorthCentral,26.5,263.92955670087986,98.0,0.9,76.9949429810345
2026-10-03T17:15:00+05:30,Polonnaruwa_NorthCentral,25.9,264.5175656566322,68.0,1.0,80.69159420495133
2026-10-03T17:30:00+05:30,Polonnaruwa_NorthCentral,25.5,265.07596647452334,40.0,1.11,84.39176268543957
2026-10-03T17:45:00+05:30,Polonnaruwa_NorthCentral,25.2,265.6100792109592,17.0,1.12,88.09494006745216
2026-10-03T18:00:00+05:30,Polonnaruwa_NorthCentral,25.0,266.1246296695697,2.0,1.07,91.800690652784
2026-10-03T18:15:00+05:30,Polonnaruwa_NorthCentral,24.9,266.6239140294825,0.0,1.02,95.50863520473152
2026-10-03T18:30:00+05:30,Polonnaruwa_NorthCentral,24.8,267.1119412068247,0.0,0.92,99.21843926254778
2026-10-03T18:45:00+05:30,Polonnaruwa_NorthCentral,24.8,267.5925624466278,0.0,0.82,102.92980209496831
2026-10-03T19:00:00+05:30,Polonnaruwa_NorthCentral,24.8,268.06959731364736,0.0,0.68,106.64244706483876
2026-10-03T19:15:00+05:30,Polonnaruwa_NorthCentral,24.9,268.54696533132324,0.0,0.52,110.35611430461537
2026-10-03T19:30:00+05:30,Polonnaruwa_NorthCentral,25.0,269.0288332313421,0.0,0.38,114.07055214644392
2026-10-03T19:45:00+05:30,Polonnaruwa_NorthCentral,25.0,269.5197911335574,0.0,0.29,117.78550819658128
2026-10-03T20:00:00+05:30,Polonnaruwa_NorthCentral,25.1,270.02507594770015,0.0,0.18,121.50072082309582
2026-10-03T20:15:00+05:30,Polonnaruwa_NorthCentral,25.1,270.55086815642625,0.0,0.07,125.21590709097102
2026-10-03T20:30:00+05:30,Polonnaruwa_NorthCentral,25.2,271.1047029911135,0.0,0.05,128.9307472064655
2026-10-03T20:45:00+05:30,Polonnaruwa_NorthCentral,25.2,271.696061621068,0.0,0.05,132.64486474224015
2026-10-03T21:00:00+05:30,Polonnaruwa_NorthCentral,25.2,272.33725071471747,0.0,0.05,136.3577959792063
2026-10-03T21:15:00+05:30,Polonnaruwa_NorthCentral,25.1,273.044758704551,0.0,0.05,140.06894355723824
2026-10-03T21:30:00+05:30,Polonnaruwa_NorthCentral,25.1,273.8414287580319,0.0,0.07,143.77750453799166
2026-10-03T21:45:00+05:30,Polonnaruwa_NorthCentral,25.1,274.760091847221,0.0,0.11,147.48234826210015
2026-10-03T22:00:00+05:30,Polonnaruwa_NorthCentral,25.1,275.84995173867725,0.0,0.16,151.1818019299685
2026-10-03T22:15:00+05:30,Polonnaruwa_NorthCentral,25.1,277.18849405377705,0.0,0.21,154.87325131824366
2026-10-03T22:30:00+05:30,Polonnaruwa_NorthCentral,25.1,278.9053720860545,0.0,0.25,158.5523326036136
2026-10-03T22:45:00+05:30,Polonnaruwa_NorthCentral,25.1,281.23488763539297,0.0,0.3,162.21113955481576
2026-10-03T23:00:00+05:30,Polonnaruwa_NorthCentral,25.1,284.6456348862381,0.0,0.35,165.8337213633376
2026-10-03T23:15:00+05:30,Polonnaruwa_NorthCentral,25.0,290.2137761918399,0.0,0.35,169.382692210306
2026-10-03T23:30:00+05:30,Polonnaruwa_NorthCentral,25.0,300.9241388536244,0.0,0.4,172.74889168908874
2026-10-03T23:45:00+05:30,Polonnaruwa_NorthCentral,25.0,326.59194684720626,0.0,0.4,175.5011333884715
2026-10-04T00:00:00+05:30,Polonnaruwa_NorthCentral,25.0,18.63033007239153,0.0,0.45,176.0361775974776
2026-10-04T00:15:00+05:30,Polonnaruwa_NorthCentral,25.0,53.34294782141052,0.0,0.46,173.75544339107125
2026-10-04T00:30:00+05:30,Polonnaruwa_NorthCentral,24.9,67.24279318446298,0.0,0.46,170.50863934951428
2026-10-04T00:45:00+05:30,Polonnaruwa_NorthCentral,24.9,73.98679936256752,0.0,0.46,167.0006462345591
2026-10-04T01:00:00+05:30,Polonnaruwa_NorthCentral,24.8,77.93249368614806,0.0,0.52,163.3963286519737
2026-10-04T01:15:00+05:30,Polonnaruwa_NorthCentral,24.8,80.54556937871706,0.0,0.52,159.74719238431226
2026-10-04T01:30:00+05:30,Polonnaruwa_NorthCentral,24.8,82.42970778490326,0.0,0.52,156.07388841921752
2026-10-04T01:45:00+05:30,Polonnaruwa_NorthCentral,24.8,83.87485766353302,0.0,0.52,152.38622176807246
2026-10-04T02:00:00+05:30,Polonnaruwa_NorthCentral,24.7,85.03675435032164,0.0,0.54,148.68943690092118
2026-10-04T02:15:00+05:30,Polonnaruwa_NorthCentral,24.7,86.00636367333533,0.0,0.54,144.98660060663187
2026-10-04T02:30:00+05:30,Polonnaruwa_NorthCentral,24.7,86.84040588865093,0.0,0.54,141.27963745876104
2026-10-04T02:45:00+05:30,Polonnaruwa_NorthCentral,24.6,87.57616390962892,0.0,0.54,137.56982737754743
2026-10-04T03:00:00+05:30,Polonnaruwa_NorthCentral,24.6,88.23925004316584,0.0,0.49,133.85806658243547
2026-10-04T03:15:00+05:30,Polonnaruwa_NorthCentral,24.5,88.84794594547503,0.0,0.49,130.14501343154006
2026-10-04T03:30:00+05:30,Polonnaruwa_NorthCentral,24.4,89.41575898564798,0.0,0.45,126.4311731736855
2026-10-04T03:45:00+05:30,Polonnaruwa_NorthCentral,24.4,89.95299684213546,0.0,0.45,122.71695158414802
2026-10-04T04:00:00+05:30,Polonnaruwa_NorthCentral,24.3,90.46777661976125,0.0,0.38,119.00268994407705
2026-10-04T04:15:00+05:30,Polonnaruwa_NorthCentral,24.2,90.96669561969657,0.0,0.38,115.28868747812425
2026-10-04T04:30:00+05:30,Polonnaruwa_NorthCentral,24.2,91.45529280234183,0.0,0.34,111.57521859804459
2026-10-04T04:45:00+05:30,Polonnaruwa_NorthCentral,24.2,91.93837805325859,0.0,0.29,107.86254606369968
2026-10-04T05:00:00+05:30,Polonnaruwa_NorthCentral,24.2,92.42027685457072,0.0,0.29,104.1509302250543
2026-10-04T05:15:00+05:30,Polonnaruwa_NorthCentral,24.2,92.90502039896307,0.0,0.25,100.44063843149958
2026-10-04T05:30:00+05:30,Polonnaruwa_NorthCentral,24.3,93.39650176169602,0.0,0.28,96.73195391803993
2026-10-04T05:45:00+05:30,Polonnaruwa_NorthCentral,24.5,93.89861283151401,0.0,0.32,93.02518332166345
2026-10-04T06:00:00+05:30,Polonnaruwa_NorthCentral,24.6,94.41537273929907,1.0,0.36,89.32066640146441
2026-10-04T06:15:00+05:30,Polonnaruwa_NorthCentral,24.8,94.95105739497944,22.0,0.4,85.61878707393247
2026-10-04T06:30:00+05:30,Polonnaruwa_NorthCentral,25.1,95.51033932719997,60.0,0.45,81.91998497402066
2026-10-04T06:45:00+05:30,Polonnaruwa_NorthCentral,25.3,96.09844702691123,110.0,0.49,78.22477138265862
2026-10-04T07:00:00+05:30,Polonnaruwa_NorthCentral,25.6,96.72135535433415,167.0,0.59,74.53374917423379
2026-10-04T07:15:00+05:30,Polonnaruwa_NorthCentral,25.9,97.38602178344729,225.0,0.7,70.8476368459799
2026-10-04T07:30:00+05:30,Polonnaruwa_NorthCentral,26.2,98.1006875270823,281.0,0.74,67.1673017834266
2026-10-04T07:45:00+05:30,Polonnaruwa_NorthCentral,26.5,98.8752709591833,335.0,0.79,63.493804394541726
2026-10-04T08:00:00+05:30,Polonnaruwa_NorthCentral,26.8,99.72189271276596,389.0,0.85,59.828456212240255
2026-10-04T08:15:00+05:30,Polonnaruwa_NorthCentral,27.1,100.65558919537551,446.0,0.87,56.17290176883669
2026-10-04T08:30:00+05:30,Polonnaruwa_NorthCentral,27.5,101.6953005934281,506.0,0.87,52.52923317745353
2026-10-04T08:45:00+05:30,Polonnaruwa_NorthCentral,27.9,102.86526497471903,567.0,0.83,48.90015222771786
2026-10-04T09:00:00+05:30,Polonnaruwa_NorthCentral,28.3,104.19702199393089,624.0,0.81,45.289208874150404
2026-10-04T09:15:00+05:30,Polonnaruwa_NorthCentral,28.8,105.73235036547715,674.0,0.72,41.701157055177276
2026-10-04T09:30:00+05:30,Polonnaruwa_NorthCentral,29.2,107.52766208307969,716.0,0.64,38.142497606036734
2026-10-04T09:45:00+05:30,Polonnaruwa_NorthCentral,29.7,109.66070484754061,751.0,0.57,34.62233395412533
2026-10-04T10:00:00+05:30,Polonnaruwa_NorthCentral,30.2,112.24096718265253,781.0,0.47,31.15375652404549
2026-10-04T10:15:00+05:30,Polonnaruwa_NorthCentral,30.7,115.42601812541989,806.0,0.43,27.75614844173232
2026-10-04T10:30:00+05:30,Polonnaruwa_NorthCentral,31.1,119.44705595874387,825.0,0.45,24.45913840073338
2026-10-04T10:45:00+05:30,Polonnaruwa_NorthCentral,31.4,124.64712362058657,838.0,0.5,21.30950642937465
2026-10-04T11:00:00+05:30,Polonnaruwa_NorthCentral,31.6,131.52945268626974,850.0,0.61,18.38319393595971
2026-10-04T11:15:00+05:30,Polonnaruwa_NorthCentral,31.7,140.78121171127253,867.0,0.76,15.80476733282164
2026-10-04T11:30:00+05:30,Polonnaruwa_NorthCentral,31.7,153.1295559639292,890.0,0.95,13.7710688258707
2026-10-04T11:45:00+05:30,Polonnaruwa_NorthCentral,31.5,168.71803447446143,913.0,1.25,12.549792207136349
2026-10-04T12:00:00+05:30,Polonnaruwa_NorthCentral,31.1,186.08990071476006,923.0,1.62,12.383688891654842
2026-10-04T12:15:00+05:30,Polonnaruwa_NorthCentral,30.7,202.4456715783865,912.0,2.1,13.312315330599333
2026-10-04T12:30:00+05:30,Polonnaruwa_NorthCentral,30.1,215.79086948105166,883.0,2.55,15.135488880065807
2026-10-04T12:45:00+05:30,Polonnaruwa_NorthCentral,29.5,225.89067304652897,841.0,3.05,17.577006270399608
2026-10-04T13:00:00+05:30,Polonnaruwa_NorthCentral,28.8,233.3942924814947,792.0,3.62,20.416204803367634
2026-10-04T13:15:00+05:30,Polonnaruwa_NorthCentral,28.0,239.03024644208233,742.0,4.2,23.509421639749448
2026-10-04T13:30:00+05:30,Polonnaruwa_NorthCentral,27.4,243.3569719482223,689.0,4.66,26.768721454578547
2026-10-04T13:45:00+05:30,Polonnaruwa_NorthCentral,26.8,246.7597675237118,632.0,5.06,30.140249007528524
2026-10-04T14:00:00+05:30,Polonnaruwa_NorthCentral,26.2,249.49830417882913,568.0,5.37,33.590202696987305
2026-10-04T14:15:00+05:30,Polonnaruwa_NorthCentral,25.7,251.7487447620428,493.0,5.62,37.09668216570676
2026-10-04T14:30:00+05:30,Polonnaruwa_NorthCentral,25.4,253.6327436527991,405.0,5.68,40.64503265281969
2026-10-04T14:45:00+05:30,Polonnaruwa_NorthCentral,25.2,255.23612502686134,318.0,5.59,44.225148247497984
2026-10-04T15:00:00+05:30,Polonnaruwa_NorthCentral,25.1,256.62076468457917,245.0,5.28,47.82986667421638
2026-10-04T15:15:00+05:30,Polonnaruwa_NorthCentral,25.1,257.8322108241971,196.0,4.9,51.453985768714745
2026-10-04T15:30:00+05:30,Polonnaruwa_NorthCentral,25.1,258.9046525662134,165.0,4.47,55.09364446994286
2026-10-04T15:45:00+05:30,Polonnaruwa_NorthCentral,25.1,259.86422163912295,144.0,3.94,58.74592042734815
2026-10-04T16:00:00+05:30,Polonnaruwa_NorthCentral,25.2,260.73123108821807,125.0,3.36,62.408562242070175
2026-10-04T16:15:00+05:30,Polonnaruwa_NorthCentral,25.4,261.52172372980993,104.0,2.71,66.07980851970316
2026-10-04T16:30:00+05:30,Polonnaruwa_NorthCentral,25.5,262.24856323204466,86.0,2.14,69.75826087710621
2026-10-04T16:45:00+05:30,Polonnaruwa_NorthCentral,25.6,262.92221748349067,69.0,1.61,73.44279373307153
2026-10-04T17:00:00+05:30,Polonnaruwa_NorthCentral,25.7,263.55133155652356,52.0,1.13,77.1324905130055
2026-10-04T17:15:00+05:30,Polonnaruwa_NorthCentral,25.7,264.1431540980921,36.0,0.75,80.82659557609107
2026-10-04T17:30:00+05:30,Polonnaruwa_NorthCentral,25.8,264.7038610706564,21.0,0.46,84.52447820069155
2026-10-04T17:45:00+05:30,Polonnaruwa_NorthCentral,25.8,265.23880716910423,9.0,0.38,88.22560663421052
2026-10-04T18:00:00+05:30,Polonnaruwa_NorthCentral,25.7,265.75272580023693,1.0,0.42,91.92952682305881
2026-10-04T18:15:00+05:30,Polonnaruwa_NorthCentral,25.6,266.24989351852116,0.0,0.47,95.63584560066292
2026-10-04T18:30:00+05:30,Polonnaruwa_NorthCentral,25.5,266.73427105631856,0.0,0.56,99.34421860228298
2026-10-04T18:45:00+05:30,Polonnaruwa_NorthCentral,25.4,267.20963028727044,0.0,0.6,103.05433899864451
2026-10-04T19:00:00+05:30,Polonnaruwa_NorthCentral,25.4,267.6796760321649,0.0,0.6,106.76592782886817
2026-10-04T19:15:00+05:30,Polonnaruwa_NorthCentral,25.3,268.1481715411566,0.0,0.63,110.47872683204676
2026-10-04T19:30:00+05:30,Polonnaruwa_NorthCentral,25.2,268.61907699664215,0.0,0.63,114.19249025412304
2026-10-04T19:45:00+05:30,Polonnaruwa_NorthCentral,25.1,269.09671341816437,0.0,0.63,117.90697657267822
2026-10-04T20:00:00+05:30,Polonnaruwa_NorthCentral,25.0,269.5859688337412,0.0,0.65,121.62194099830786
2026-10-04T20:15:00+05:30,Polonnaruwa_NorthCentral,24.9,270.09257070738283,0.0,0.61,125.33712492935278
2026-10-04T20:30:00+05:30,Polonnaruwa_NorthCentral,24.8,270.6234622328017,0.0,0.61,129.0522426644311
2026-10-04T20:45:00+05:30,Polonnaruwa_NorthCentral,24.8,271.18734267108204,0.0,0.57,132.76696501037165
2026-10-04T21:00:00+05:30,Polonnaruwa_NorthCentral,24.7,271.7954712081634,0.0,0.57,136.48089377700103
2026-10-04T21:15:00+05:30,Polonnaruwa_NorthCentral,24.7,272.4629076344725,0.0,0.57,140.19352344603078
2026-10-04T21:30:00+05:30,Polonnaruwa_NorthCentral,24.6,273.2105036079421,0.0,0.53,143.90418210382717
2026-10-04T21:45:00+05:30,Polonnaruwa_NorthCentral,24.6,274.0682404412869,0.0,0.5,147.61193074040125
2026-10-04T22:00:00+05:30,Polonnaruwa_NorthCentral,24.6,275.0811158187027,0.0,0.51,151.3153862053189
2026-10-04T22:15:00+05:30,Polonnaruwa_NorthCentral,24.5,276.32017637400133,0.0,0.52,155.01239073081206
2026-10-04T22:30:00+05:30,Polonnaruwa_NorthCentral,24.5,277.9047947681402,0.0,0.51,158.69933911046496
2026-10-04T22:45:00+05:30,Polonnaruwa_NorthCentral,24.5,280.0521000485279,0.0,0.5,162.36967459045002
2026-10-04T23:00:00+05:30,Polonnaruwa_NorthCentral,24.5,283.20098896573404,0.0,0.5,166.01006569707093
2026-10-04T23:15:00+05:30,Polonnaruwa_NorthCentral,24.4,288.3789619547614,0.0,0.51,169.58879344691587
2026-10-04T23:30:00+05:30,Polonnaruwa_NorthCentral,24.4,298.5541260250479,0.0,0.52,173.01021040085453
2026-10-04T23:45:00+05:30,Polonnaruwa_NorthCentral,24.4,324.55841896460197,0.0,0.49,175.86327334598866
2026-10-05T00:00:00+05:30,Polonnaruwa_NorthCentral,24.4,21.713265787660816,0.0,0.49,176.3722890291166
2026-10-05T00:15:00+05:30,Polonnaruwa_NorthCentral,24.4,56.680404360961916,0.0,0.47,173.91722839741158
2026-10-05T00:30:00+05:30,Polonnaruwa_NorthCentral,24.4,69.59000386210658,0.0,0.43,170.5856395393264
2026-10-05T00:45:00+05:30,Polonnaruwa_NorthCentral,24.4,75.72932371463259,0.0,0.42,167.0366945849189
2026-10-05T01:00:00+05:30,Polonnaruwa_NorthCentral,24.4,79.30782434546785,0.0,0.39,163.4094385487595
2026-10-05T01:15:00+05:30,Polonnaruwa_NorthCentral,24.3,81.68099270902155,0.0,0.4,159.74605469369772
2026-10-05T01:30:00+05:30,Polonnaruwa_NorthCentral,24.3,83.39828821495973,0.0,0.38,156.06328773240642
2026-10-05T01:45:00+05:30,Polonnaruwa_NorthCentral,24.3,84.72174682156395,0.0,0.36,152.36905944605803
2026-10-05T02:00:00+05:30,Polonnaruwa_NorthCentral,24.3,85.79162057245816,0.0,0.4,148.6676046332706
2026-10-05T02:15:00+05:30,Polonnaruwa_NorthCentral,24.3,86.68969327175733,0.0,0.4,144.96140364309335
2026-10-05T02:30:00+05:30,Polonnaruwa_NorthCentral,24.3,87.46692971540796,0.0,0.35,141.2520188893964
2026-10-05T02:45:00+05:30,Polonnaruwa_NorthCentral,24.1,88.15683746142105,0.0,0.3,137.5404957371255
2026-10-05T03:00:00+05:30,Polonnaruwa_NorthCentral,23.9,88.78245811870676,0.0,0.22,133.82757276519308
2026-10-05T03:15:00+05:30,Polonnaruwa_NorthCentral,23.7,89.36026820715313,0.0,0.21,130.11379934452117
2026-10-05T03:30:00+05:30,Polonnaruwa_NorthCentral,23.6,89.90247500482747,0.0,0.25,126.39960381835951
2026-10-05T03:45:00+05:30,Polonnaruwa_NorthCentral,23.6,90.41843032754105,0.0,0.25,122.6853370111645
2026-10-05T04:00:00+05:30,Polonnaruwa_NorthCentral,23.6,90.91553693556426,0.0,0.25,118.97130080974479
2026-10-05T04:15:00+05:30,Polonnaruwa_NorthCentral,23.7,91.3998517787852,0.0,0.21,115.25776644597795
2026-10-05T04:30:00+05:30,Polonnaruwa_NorthCentral,23.8,91.876501990159,0.0,0.21,111.54498899602572
2026-10-05T04:45:00+05:30,Polonnaruwa_NorthCentral,23.8,92.3499829216671,0.0,0.21,107.83321871462181
2026-10-05T05:00:00+05:30,Polonnaruwa_NorthCentral,23.9,92.824381051307,0.0,0.18,104.12270906488067
2026-10-05T05:15:00+05:30,Polonnaruwa_NorthCentral,24.0,93.3035488138529,0.0,0.18,100.41372535367742
2026-10-05T05:30:00+05:30,Polonnaruwa_NorthCentral,24.2,93.79125005060524,0.0,0.18,96.70655316764673
2026-10-05T05:45:00+05:30,Polonnaruwa_NorthCentral,24.4,94.29128954033132,0.0,0.18,93.00150569721627
2026-10-05T06:00:00+05:30,Polonnaruwa_NorthCentral,24.6,94.80763655228338,1.0,0.21,89.29893348840277
2026-10-05T06:15:00+05:30,Polonnaruwa_NorthCentral,24.8,95.34455152032405,25.0,0.21,85.59923571536044
2026-10-05T06:30:00+05:30,Polonnaruwa_NorthCentral,25.1,95.90672473288049,70.0,0.21,81.90287219939111
2026-10-05T06:45:00+05:30,Polonnaruwa_NorthCentral,25.4,96.49943609723391,127.0,0.21,78.21038004071893
2026-10-05T07:00:00+05:30,Polonnaruwa_NorthCentral,25.8,97.12874752450028,193.0,0.25,74.52239455957726
2026-10-05T07:15:00+05:30,Polonnaruwa_NorthCentral,26.2,97.8017428199604,259.0,0.28,70.83967469303406
2026-10-05T07:30:00+05:30,Polonnaruwa_NorthCentral,26.6,98.52683434740186,321.0,0.28,67.16313811039014
2026-10-05T07:45:00+05:30,Polonnaruwa_NorthCentral,27.0,99.31416424190053,379.0,0.28,63.49390784578061
2026-10-05T08:00:00+05:30,Polonnaruwa_NorthCentral,27.4,100.17614005100279,434.0,0.35,59.83337379340498
2026-10-05T08:15:00+05:30,Polonnaruwa_NorthCentral,27.9,101.12816216792396,488.0,0.35,56.18327920780742
2026-10-05T08:30:00+05:30,Polonnaruwa_NorthCentral,28.3,102.18962982766925,540.0,0.35,52.54584167801757
2026-10-05T08:45:00+05:30,Polonnaruwa_NorthCentral,28.7,103.38535786209212,587.0,0.35,48.92392413638635
2026-10-05T09:00:00+05:30,Polonnaruwa_NorthCentral,29.1,104.74760757806791,630.0,0.39,45.32128592826847
2026-10-05T09:15:00+05:30,Polonnaruwa_NorthCentral,29.5,106.31905362038094,670.0,0.39,41.74295657827305
2026-10-05T09:30:00+05:30,Polonnaruwa_NorthCentral,29.9,108.15720155919291,706.0,0.39,38.19580451200374
2026-10-05T09:45:00+05:30,Polonnaruwa_NorthCentral,30.2,110.34108394155112,737.0,0.39,34.68942989097229
2026-10-05T10:00:00+05:30,Polonnaruwa_NorthCentral,30.5,112.98156613652714,764.0,0.43,31.23760170436332
2026-10-05T10:15:00+05:30,Polonnaruwa_NorthCentral,30.8,116.23733037700543,788.0,0.43,27.860634451498818
2026-10-05T10:30:00+05:30,Polonnaruwa_NorthCentral,31.1,120.33939624131159,809.0,0.43,24.589422276091923
2026-10-05T10:45:00+05:30,Polonnaruwa_NorthCentral,31.3,125.62661160760598,825.0,0.43,21.472384675454606
2026-10-05T11:00:00+05:30,Polonnaruwa_NorthCentral,31.4,132.58731861301396,832.0,0.45,18.587277098547375
2026-10-05T11:15:00+05:30,Polonnaruwa_NorthCentral,31.6,141.86919929606302,824.0,0.45,16.05961486402633
2026-10-05T11:30:00+05:30,Polonnaruwa_NorthCentral,31.6,154.11882768586634,798.0,0.43,14.083217351195714
2026-10-05T11:45:00+05:30,Polonnaruwa_NorthCentral,31.6,169.38585556868884,763.0,0.41,12.91373725785408
2026-10-05T12:00:00+05:30,Polonnaruwa_NorthCentral,31.5,186.24733966330763,729.0,0.46,12.774748971390352
2026-10-05T12:15:00+05:30,Polonnaruwa_NorthCentral,31.4,202.12502244362145,706.0,0.45,13.697656211155206
2026-10-05T12:30:00+05:30,Polonnaruwa_NorthCentral,31.3,215.18423654485457,692.0,0.45,15.493840392583053
2026-10-05T12:45:00+05:30,Polonnaruwa_NorthCentral,31.1,225.16984098236915,681.0,0.45,17.902337096030976
2026-10-05T13:00:00+05:30,Polonnaruwa_NorthCentral,30.9,232.65515632649434,667.0,0.47,20.710597736500446
2026-10-05T13:15:00+05:30,Polonnaruwa_NorthCentral,30.6,238.31510299709083,649.0,0.54,23.777379175371465
2026-10-05T13:30:00+05:30,Polonnaruwa_NorthCentral,30.3,242.6808891089132,627.0,0.58,27.01476034633278
2026-10-05T13:45:00+05:30,Polonnaruwa_NorthCentral,30.0,246.12566474798513,603.0,0.64,30.36820793166858
2026-10-05T14:00:00+05:30,Polonnaruwa_NorthCentral,29.7,248.90412311995124,577.0,0.71,33.80317323025189
2026-10-05T14:15:00+05:30,Polonnaruwa_NorthCentral,29.3,251.1906440741294,549.0,0.81,37.29711607932229
2026-10-05T14:30:00+05:30,Polonnaruwa_NorthCentral,29.0,253.1064721597848,519.0,0.85,40.8348746941768
2026-10-05T14:45:00+05:30,Polonnaruwa_NorthCentral,28.6,254.73758235839972,487.0,0.88,44.40595169476418
2026-10-05T15:00:00+05:30,Polonnaruwa_NorthCentral,28.2,256.1462030279875,454.0,0.99,48.002884293912345
2026-10-05T15:15:00+05:30,Polonnaruwa_NorthCentral,27.8,257.3782806636974,419.0,1.03,51.62023892187181
2026-10-05T15:30:00+05:30,Polonnaruwa_NorthCentral,27.5,258.4683834558009,383.0,1.07,55.25397506990117
2026-10-05T15:45:00+05:30,Polonnaruwa_NorthCentral,27.1,259.44297881461614,346.0,1.11,58.90103003794378
2026-10-05T16:00:00+05:30,Polonnaruwa_NorthCentral,26.8,260.3226659188465,306.0,1.19,62.559041690018276
2026-10-05T16:15:00+05:30,Polonnaruwa_NorthCentral,26.5,261.1237255496736,265.0,1.26,66.22616052756163
2026-10-05T16:30:00+05:30,Polonnaruwa_NorthCentral,26.2,261.8592152814113,225.0,1.3,69.90091754966157
2026-10-05T16:45:00+05:30,Polonnaruwa_NorthCentral,25.9,262.5397575259149,183.0,1.35,73.58213023237865
2026-10-05T17:00:00+05:30,Polonnaruwa_NorthCentral,25.7,263.1741167874271,141.0,1.37,77.26883588917839
2026-10-05T17:15:00+05:30,Polonnaruwa_NorthCentral,25.5,263.7696295671929,98.0,1.42,80.9602414690773
2026-10-05T17:30:00+05:30,Polonnaruwa_NorthCentral,25.3,264.3325307076628,57.0,1.42,84.65568594432479
2026-10-05T17:45:00+05:30,Polonnaruwa_NorthCentral,25.1,264.8682064583455,23.0,1.42,88.35461316056707
2026-10-05T18:00:00+05:30,Polonnaruwa_NorthCentral,25.0,265.38139512450886,2.0,1.42,92.05654968346548
2026-10-05T18:15:00+05:30,Polonnaruwa_NorthCentral,24.9,265.87635114750447,0.0,1.37,95.76108734869261
2026-10-05T18:30:00+05:30,Polonnaruwa_NorthCentral,24.8,266.3569846567519,0.0,1.37,99.46787074250285
2026-10-05T18:45:00+05:30,Polonnaruwa_NorthCentral,24.8,266.8269856613643,0.0,1.33,103.17658568879244
2026-10-05T19:00:00+05:30,Polonnaruwa_NorthCentral,24.7,267.28994151276936,0.0,1.33,106.88694950690734
2026-10-05T19:15:00+05:30,Polonnaruwa_NorthCentral,24.7,267.7494560399466,0.0,1.29,110.59870394867222
2026-10-05T19:30:00+05:30,Polonnaruwa_NorthCentral,24.6,268.20927905792996,0.0,1.25,114.31160731724482
2026-10-05T19:45:00+05:30,Polonnaruwa_NorthCentral,24.6,268.6734576543881,0.0,1.21,118.02542675418671
2026-10-05T20:00:00+05:30,Polonnaruwa_NorthCentral,24.6,269.14652463383493,0.0,1.17,121.73993164106452
2026-10-05T20:15:00+05:30,Polonnaruwa_NorthCentral,24.6,269.63374584161795,0.0,1.13,125.45488441802632
2026-10-05T20:30:00+05:30,Polonnaruwa_NorthCentral,24.6,270.14146040855803,0.0,1.1,129.17002933662653
2026-10-05T20:45:00+05:30,Polonnaruwa_NorthCentral,24.6,270.6775683579272,0.0,1.06,132.88507914117974
2026-10-05T21:00:00+05:30,Polonnaruwa_NorthCentral,24.6,271.25225561684687,0.0,1.03,136.59969425223238
2026-10-05T21:15:00+05:30,Polonnaruwa_NorthCentral,24.6,271.8791136460211,0.0,0.99,140.31345176305572
2026-10-05T21:30:00+05:30,Polonnaruwa_NorthCentral,24.6,272.57693904843654,0.0,0.96,144.02579818061537
2026-10-05T21:45:00+05:30,Polonnaruwa_NorthCentral,24.6,273.37275698693827,0.0,0.93,147.7359684876278
2026-10-05T22:00:00+05:30,Polonnaruwa_NorthCentral,24.7,274.3071706276778,0.0,0.9,151.44284375496713
2026-10-05T22:15:00+05:30,Polonnaruwa_NorthCentral,24.7,275.4444312833985,0.0,0.83,155.14468495924262
2026-10-05T22:30:00+05:30,Polonnaruwa_NorthCentral,24.7,276.8928988860792,0.0,0.81,158.83858801007898
2026-10-05T22:45:00+05:30,Polonnaruwa_NorthCentral,24.7,278.8508574157705,0.0,0.78,162.51925676430824
2026-10-05T23:00:00+05:30,Polonnaruwa_NorthCentral,24.7,281.72312006954877,0.0,0.76,166.1758488880361
2026-10-05T23:15:00+05:30,Polonnaruwa_NorthCentral,24.7,286.4747786810408,0.0,0.76,169.78220283339908
2026-10-05T23:30:00+05:30,Polonnaruwa_NorthCentral,24.6,296.0060636878334,0.0,0.74,173.25691613894435
2026-10-05T23:45:00+05:30,Polonnaruwa_NorthCentral,24.6,322.1275205957768,0.0,0.74,176.21752445020837
2026-10-06T00:00:00+05:30,Polonnaruwa_NorthCentral,24.5,25.37909165697556,0.0,0.74,176.69572028592137
2026-10-06T00:15:00+05:30,Polonnaruwa_NorthCentral,24.5,60.17157261596219,0.0,0.74,174.05843622195084
2026-10-06T00:30:00+05:30,Polonnaruwa_NorthCentral,24.4,71.9631347946451,0.0,0.74,170.64815818959977
2026-10-06T00:45:00+05:30,Polonnaruwa_NorthCentral,24.4,77.47422203542573,0.0,0.74,167.06249145601362
2026-10-06T01:00:00+05:30,Polonnaruwa_NorthCentral,24.3,80.68036000144718,0.0,0.74,163.41495471764756
2026-10-06T01:15:00+05:30,Polonnaruwa_NorthCentral,24.2,82.81257896005019,0.0,0.76,159.73909830434718
2026-10-06T01:30:00+05:30,Polonnaruwa_NorthCentral,24.1,84.36306511761575,0.0,0.76,156.04813044342256
2026-10-06T01:45:00+05:30,Polonnaruwa_NorthCentral,24.0,85.56514373843652,0.0,0.76,152.34828497458057
2026-10-06T02:00:00+05:30,Polonnaruwa_NorthCentral,23.9,86.54335025787725,0.0,0.78,148.64289645675063
2026-10-06T02:15:00+05:30,Polonnaruwa_NorthCentral,23.9,87.37021713281882,0.0,0.81,144.93392402308473
2026-10-06T02:30:00+05:30,Polonnaruwa_NorthCentral,23.8,88.09093634093443,0.0,0.81,141.22260895268022
2026-10-06T02:45:00+05:30,Polonnaruwa_NorthCentral,23.7,88.73523959514341,0.0,0.81,137.50978906200777
2026-10-06T03:00:00+05:30,Polonnaruwa_NorthCentral,23.7,89.32360237903026,0.0,0.83,133.79606377071016
2026-10-06T03:15:00+05:30,Polonnaruwa_NorthCentral,23.6,89.87070162791576,0.0,0.83,130.08188653604648
2026-10-06T03:30:00+05:30,Polonnaruwa_NorthCentral,23.6,90.38744969452972,0.0,0.83,126.36761831757251
2026-10-06T03:45:00+05:30,Polonnaruwa_NorthCentral,23.6,90.8822469307546,0.0,0.83,122.6535621062899
2026-10-06T04:00:00+05:30,Polonnaruwa_NorthCentral,23.6,91.36178535493082,0.0,0.83,118.93998583801685
2026-10-06T04:15:00+05:30,Polonnaruwa_NorthCentral,23.6,91.83158445470133,0.0,0.83,115.22713701339276
2026-10-06T04:30:00+05:30,Polonnaruwa_NorthCentral,23.6,92.29636181844597,0.0,0.83,111.51525478077053
2026-10-06T04:45:00+05:30,Polonnaruwa_NorthCentral,23.7,92.76030003996692,0.0,0.83,107.80457967222716
2026-10-06T05:00:00+05:30,Polonnaruwa_NorthCentral,23.7,93.22724794082387,0.0,0.81,104.09536058812718
2026-10-06T05:15:00+05:30,Polonnaruwa_NorthCentral,23.8,93.70088017750913,0.0,0.78,100.38786277879407
2026-10-06T05:30:00+05:30,Polonnaruwa_NorthCentral,24.0,94.1848320084801,0.0,0.76,96.68237592365148
2026-10-06T05:45:00+05:30,Polonnaruwa_NorthCentral,24.2,94.68282144621583,0.0,0.74,92.97922133236159
2026-10-06T06:00:00+05:30,Polonnaruwa_NorthCentral,24.4,95.1987679367798,1.0,0.72,89.27876178411552
2026-10-06T06:15:00+05:30,Polonnaruwa_NorthCentral,24.6,95.73691615191063,24.0,0.65,85.5814130904323
2026-10-06T06:30:00+05:30,Polonnaruwa_NorthCentral,24.9,96.30197348676984,67.0,0.65,81.8876566133354
2026-10-06T06:45:00+05:30,Polonnaruwa_NorthCentral,25.2,96.89927017172681,121.0,0.67,78.19805663938683
2026-10-06T07:00:00+05:30,Polonnaruwa_NorthCentral,25.6,97.5349535201239,183.0,0.67,74.51328235545738
2026-10-06T07:15:00+05:30,Polonnaruwa_NorthCentral,25.9,98.21623129071253,245.0,0.72,70.83413465232763
2026-10-06T07:30:00+05:30,Polonnaruwa_NorthCentral,26.3,98.95168363058275,305.0,0.78,67.16158313451038
2026-10-06T07:45:00+05:30,Polonnaruwa_NorthCentral,26.7,99.75167168806502,361.0,0.89,63.49681529554899
2026-10-06T08:00:00+05:30,Polonnaruwa_NorthCentral,27.2,100.62888320551303,415.0,0.99,59.84130145318199
2026-10-06T08:15:00+05:30,Polonnaruwa_NorthCentral,27.6,101.59907295837462,469.0,1.16,56.196885932679024
2026-10-06T08:30:00+05:30,Polonnaruwa_NorthCentral,28.0,102.68208532092609,521.0,1.28,52.56591447200777
2026-10-06T08:45:00+05:30,Polonnaruwa_NorthCentral,28.4,103.90329140426252,569.0,1.41,48.951414168768125
2026-10-06T09:00:00+05:30,Polonnaruwa_NorthCentral,28.9,105.2956434169069,614.0,1.55,45.357357092146465
2026-10-06T09:15:00+05:30,Polonnaruwa_NorthCentral,29.2,106.90266479277267,657.0,1.69,41.78905181364718
2026-10-06T09:30:00+05:30,Polonnaruwa_NorthCentral,29.6,108.78288078635092,696.0,1.78,38.25373743091979
2026-10-06T09:45:00+05:30,Polonnaruwa_NorthCentral,30.0,111.01649038560208,731.0,1.88,34.76151230597777
2026-10-06T10:00:00+05:30,Polonnaruwa_NorthCentral,30.3,113.71554238354167,763.0,2.02,31.326821000790368
2026-10-06T10:15:00+05:30,Polonnaruwa_NorthCentral,30.7,117.03951285130739,791.0,2.07,27.970895562868172
2026-10-06T10:30:00+05:30,Polonnaruwa_NorthCentral,30.9,121.21872147666261,816.0,2.17,24.725856871162463
2026-10-06T10:45:00+05:30,Polonnaruwa_NorthCentral,31.2,126.58702918085788,837.0,2.22,21.641670706730494
2026-10-06T11:00:00+05:30,Polonnaruwa_NorthCentral,31.3,133.61697719914525,853.0,2.27,18.797704421058754
2026-10-06T11:15:00+05:30,Polonnaruwa_NorthCentral,31.5,142.9169318658822,862.0,2.32,16.32005161723245
2026-10-06T11:30:00+05:30,Polonnaruwa_NorthCentral,31.6,155.05804357003672,863.0,2.33,14.399084662730289
2026-10-06T11:45:00+05:30,Polonnaruwa_NorthCentral,31.6,170.0096379888048,859.0,2.33,13.278655312106338
2026-10-06T12:00:00+05:30,Polonnaruwa_NorthCentral,31.6,186.38864750167062,853.0,2.29,13.164777443265237
2026-10-06T12:15:00+05:30,Polonnaruwa_NorthCentral,31.6,201.81656366958833,846.0,2.26,14.081889511689454
2026-10-06T12:30:00+05:30,Polonnaruwa_NorthCentral,31.5,214.60125712125458,838.0,2.17,15.852039867742874
2026-10-06T12:45:00+05:30,Polonnaruwa_NorthCentral,31.4,224.4722174336421,828.0,2.09,18.22837292098002
2026-10-06T13:00:00+05:30,Polonnaruwa_NorthCentral,31.2,231.93505796606348,815.0,2.02,21.00614630487955
2026-10-06T13:15:00+05:30,Polonnaruwa_NorthCentral,31.0,237.6147558166875,797.0,1.9,24.046623928086618
2026-10-06T13:30:00+05:30,Polonnaruwa_NorthCentral,30.8,242.01621041304367,775.0,1.81,27.262031153765086
2026-10-06T13:45:00+05:30,Polonnaruwa_NorthCentral,30.6,245.50043279034483,750.0,1.73,30.597247491696805
2026-10-06T14:00:00+05:30,Polonnaruwa_NorthCentral,30.4,248.3169497086662,721.0,1.67,34.017029140634016
2026-10-06T14:15:00+05:30,Polonnaruwa_NorthCentral,30.1,250.63817389656114,690.0,1.56,37.49822382059168
2026-10-06T14:30:00+05:30,Polonnaruwa_NorthCentral,29.9,252.58479986435253,655.0,1.53,41.02517683006606
2026-10-06T14:45:00+05:30,Polonnaruwa_NorthCentral,29.6,254.24285402481362,617.0,1.53,44.58700612755409
2026-10-06T15:00:00+05:30,Polonnaruwa_NorthCentral,29.3,255.67484825613542,577.0,1.48,48.1759513554858
2026-10-06T15:15:00+05:30,Polonnaruwa_NorthCentral,29.1,256.92707937187333,534.0,1.52,51.78634845285844
2026-10-06T15:30:00+05:30,Polonnaruwa_NorthCentral,28.8,258.0344609759926,489.0,1.53,55.41397732951879
2026-10-06T15:45:00+05:30,Polonnaruwa_NorthCentral,28.5,259.02377223400504,442.0,1.61,59.05563428430415
2026-10-06T16:00:00+05:30,Polonnaruwa_NorthCentral,28.2,259.91588118392997,392.0,1.65,62.70884554628917
2026-10-06T16:15:00+05:30,Polonnaruwa_NorthCentral,28.0,260.727293895903,340.0,1.76,66.37167251645593
2026-10-06T16:30:00+05:30,Polonnaruwa_NorthCentral,27.7,261.4712523890595,289.0,1.82,70.04257455614605
2026-10-06T16:45:00+05:30,Polonnaruwa_NorthCentral,27.5,262.15852640786113,236.0,1.88,73.72031118654733
2026-10-06T17:00:00+05:30,Polonnaruwa_NorthCentral,27.3,262.79799431483343,181.0,1.9,77.40387261395983
2026-10-06T17:15:00+05:30,Polonnaruwa_NorthCentral,27.2,263.3970760487967,123.0,1.98,81.09242739992915
2026-10-06T17:30:00+05:30,Polonnaruwa_NorthCentral,27.0,263.9620617386808,69.0,1.99,84.78528323657146
2026-10-06T17:45:00+05:30,Polonnaruwa_NorthCentral,26.9,264.49836617175185,26.0,2.01,88.48185858901547
2026-10-06T18:00:00+05:30,Polonnaruwa_NorthCentral,26.8,265.01072991811685,2.0,2.01,92.18165963270107
2026-09-29T18:15:00+05:30,Matara_Southern,27.6,267.90369417799445,0.0,3.7,94.44940943406314
2026-09-29T18:30:00+05:30,Matara_Southern,27.4,268.2747353743489,0.0,3.5,98.17838373169711
2026-09-29T18:45:00+05:30,Matara_Southern,27.2,268.6417217998344,0.0,3.3,101.90806315488724
2026-09-29T19:00:00+05:30,Matara_Southern,27.1,269.00766933032213,0.0,3.06,105.63829109766228
2026-09-29T19:15:00+05:30,Matara_Southern,27.0,269.37569965697685,0.0,2.87,109.36891748736193
2026-09-29T19:30:00+05:30,Matara_Southern,26.9,269.7491598630347,0.0,2.74,113.0997932949449
2026-09-29T19:45:00+05:30,Matara_Southern,26.8,270.13176602862893,0.0,2.7,116.83076463345938
2026-09-29T20:00:00+05:30,Matara_Southern,26.7,270.52778569446286,0.0,2.75,120.56166745677282
2026-09-29T20:15:00+05:30,Matara_Southern,26.6,270.9422803372766,0.0,2.85,124.29231918095475
2026-09-29T20:30:00+05:30,Matara_Southern,26.6,271.38144085696587,0.0,2.86,128.02250774091345
2026-09-29T20:45:00+05:30,Matara_Southern,26.5,271.85306863917674,0.0,2.85,131.7519780160892
2026-09-29T21:00:00+05:30,Matara_Southern,26.5,272.36728854110424,0.0,2.85,135.48041007261705
2026-09-29T21:15:00+05:30,Matara_Southern,26.4,272.9376429652,0.0,2.82,139.20738633788758
2026-09-29T21:30:00+05:30,Matara_Southern,26.3,273.5828345094232,0.0,2.82,142.9323413487027
2026-09-29T21:45:00+05:30,Matara_Southern,26.2,274.3296194763481,0.0,2.8,146.6544762665328
2026-09-29T22:00:00+05:30,Matara_Southern,26.1,275.2178520296596,0.0,2.77,150.3726101315563
2026-09-29T22:15:00+05:30,Matara_Southern,26.0,276.3098034645716,0.0,2.75,154.08490631881736
2026-09-29T22:30:00+05:30,Matara_Southern,26.0,277.70864723176794,0.0,2.75,157.7883251244029
2026-09-29T22:45:00+05:30,Matara_Southern,25.9,279.59855487292754,0.0,2.75,161.4774286545922
2026-09-29T23:00:00+05:30,Matara_Southern,25.9,282.3423547445558,0.0,2.75,165.14143823116916
2026-09-29T23:15:00+05:30,Matara_Southern,25.9,286.75928985455204,0.0,2.75,168.75568095527325
2026-09-29T23:30:00+05:30,Matara_Southern,25.9,295.1004721831825,0.0,2.77,172.2500910129315
2026-09-29T23:45:00+05:30,Matara_Southern,25.8,315.3719573636856,0.0,2.8,175.34627311825125
2026-09-30T00:00:00+05:30,Matara_Southern,25.8,8.230503445812985,0.0,2.77,176.6498536520457
2026-09-30T00:15:00+05:30,Matara_Southern,25.8,52.042150787495245,0.0,2.8,174.6371774572396
2026-09-30T00:30:00+05:30,Matara_Southern,25.7,67.76716796118143,0.0,2.78,171.382255332488
2026-09-30T00:45:00+05:30,Matara_Southern,25.7,74.7265303494728,0.0,2.74,167.8452073924087
2026-09-30T01:00:00+05:30,Matara_Southern,25.6,78.5933131613341,0.0,2.74,164.21462450643958
2026-09-30T01:15:00+05:30,Matara_Southern,25.6,81.06961132988198,0.0,2.67,160.54286915508277
2026-09-30T01:30:00+05:30,Matara_Southern,25.6,82.81118693230178,0.0,2.64,156.84960149485025
2026-09-30T01:45:00+05:30,Matara_Southern,25.5,84.12010588591113,0.0,2.66,153.1437777378499
2026-09-30T02:00:00+05:30,Matara_Southern,25.5,85.15404686198963,0.0,2.71,149.43005010071812
2026-09-30T02:15:00+05:30,Matara_Southern,25.5,86.00320442487066,0.0,2.78,145.71107702495507
2026-09-30T02:30:00+05:30,Matara_Southern,25.4,86.72290804798246,0.0,2.8,141.98849350095713
2026-09-30T02:45:00+05:30,Matara_Southern,25.4,87.34903845810567,0.0,2.85,138.2633656133105
2026-09-30T03:00:00+05:30,Matara_Southern,25.4,87.90595287295116,0.0,2.87,134.53642436433685
2026-09-30T03:15:00+05:30,Matara_Southern,25.3,88.41084331958075,0.0,2.89,130.80819424979336
2026-09-30T03:30:00+05:30,Matara_Southern,25.3,88.87627004963758,0.0,2.95,127.07906670682152
2026-09-30T03:45:00+05:30,Matara_Southern,25.3,89.3117042953237,0.0,3.05,123.34934606963353
2026-09-30T04:00:00+05:30,Matara_Southern,25.4,89.72450671101154,0.0,3.14,119.6192790814152
2026-09-30T04:15:00+05:30,Matara_Southern,25.4,90.12057108135542,0.0,3.23,115.88907320157786
2026-09-30T04:30:00+05:30,Matara_Southern,25.4,90.5047623434586,0.0,3.31,112.15891052870589
2026-09-30T04:45:00+05:30,Matara_Southern,25.3,90.88122513873105,0.0,3.32,108.42895808070952
2026-09-30T05:00:00+05:30,Matara_Southern,25.3,91.25360942867553,0.0,3.31,104.69937432246431
2026-09-30T05:15:00+05:30,Matara_Southern,25.2,91.62524227684304,0.0,3.37,100.97031584373676
2026-09-30T05:30:00+05:30,Matara_Southern,25.2,91.99926538648367,0.0,3.45,97.2419433096446
2026-09-30T05:45:00+05:30,Matara_Southern,25.3,92.37875205072265,0.0,3.65,93.51442565143613
2026-09-30T06:00:00+05:30,Matara_Southern,25.3,92.76681327589051,0.0,3.9,89.7879458940669
2026-09-30T06:15:00+05:30,Matara_Southern,25.4,93.16670142518115,14.0,4.16,86.06270748508811
2026-09-30T06:30:00+05:30,Matara_Southern,25.6,93.58191903847114,39.0,4.32,82.33894003619967
2026-09-30T06:45:00+05:30,Matara_Southern,25.7,94.0163402610898,67.0,4.32,78.61690794550952
2026-09-30T07:00:00+05:30,Matara_Southern,25.9,94.474353962507,100.0,4.26,74.8969210125741
2026-09-30T07:15:00+05:30,Matara_Southern,26.1,94.96104000611138,143.0,4.1,71.1793463729281
2026-09-30T07:30:00+05:30,Matara_Southern,26.3,95.48239345471927,206.0,4.06,67.46462589871182
2026-09-30T07:45:00+05:30,Matara_Southern,26.7,96.04561809532453,283.0,4.04,63.75329922238939
2026-09-30T08:00:00+05:30,Matara_Southern,27.1,96.65952034333299,364.0,4.09,60.04603333800081
2026-09-30T08:15:00+05:30,Matara_Southern,27.6,97.33504910086879,431.0,4.14,56.34366545141237
2026-09-30T08:30:00+05:30,Matara_Southern,28.0,98.08605210828597,480.0,4.25,52.647263290965334
2026-09-30T08:45:00+05:30,Matara_Southern,28.4,98.93035959164308,516.0,4.4,48.95821042251624
2026-09-30T09:00:00+05:30,Matara_Southern,28.7,99.89137273067684,549.0,4.59,45.27833427412964
2026-09-30T09:15:00+05:30,Matara_Southern,29.0,101.00045232518494,591.0,4.79,41.610100100275154
2026-09-30T09:30:00+05:30,Matara_Southern,29.3,102.30061275308901,639.0,4.97,37.956912375191024
2026-09-30T09:45:00+05:30,Matara_Southern,29.6,103.85241198482032,688.0,5.06,34.323604108412205
2026-09-30T10:00:00+05:30,Matara_Southern,29.8,105.74366899157201,732.0,5.05,30.7172585628145
2026-09-30T10:15:00+05:30,Matara_Southern,30.0,108.10610134596811,767.0,5.05,27.148650037998678
2026-09-30T10:30:00+05:30,Matara_Southern,30.1,111.1449295026539,794.0,5.1,23.634905314261886
2026-09-30T10:45:00+05:30,Matara_Southern,30.3,115.19345172844908,814.0,5.16,20.204695646065815
2026-09-30T11:00:00+05:30,Matara_Southern,30.4,120.81542911488424,828.0,5.28,16.908962735378353
2026-09-30T11:15:00+05:30,Matara_Southern,30.5,128.9877073721023,836.0,5.35,13.844108917083744
2026-09-30T11:30:00+05:30,Matara_Southern,30.5,141.32526515492538,836.0,5.51,11.201307008229733
2026-09-30T11:45:00+05:30,Matara_Southern,30.3,159.72494520148143,830.0,5.69,9.345757467060253
2026-09-30T12:00:00+05:30,Matara_Southern,30.1,183.4079394322935,823.0,5.97,8.79097762983011
2026-09-30T12:15:00+05:30,Matara_Southern,29.8,206.03020398204424,819.0,6.21,9.761334925881698
2026-09-30T12:30:00+05:30,Matara_Southern,29.6,222.5829413905916,820.0,6.4,11.889079193412655
2026-09-30T12:45:00+05:30,Matara_Southern,29.4,233.53857824137197,820.0,6.46,14.679260014723994
2026-09-30T13:00:00+05:30,Matara_Southern,29.2,240.85572404635758,814.0,6.47,17.82342995072564
2026-09-30T13:15:00+05:30,Matara_Southern,29.1,245.95487444126536,795.0,6.44,21.164394123947716
2026-09-30T13:30:00+05:30,Matara_Southern,29.0,249.67208556087354,763.0,6.41,24.62215909185656
2026-09-30T13:45:00+05:30,Matara_Southern,29.0,252.49143337669062,726.0,6.45,28.153705919256332
2026-09-30T14:00:00+05:30,Matara_Southern,29.1,254.7022261142225,693.0,6.49,31.734394943810806
2026-09-30T14:15:00+05:30,Matara_Southern,29.1,256.4847368483483,668.0,6.48,35.349278132576345
2026-09-30T14:30:00+05:30,Matara_Southern,29.2,257.95596802600977,653.0,6.47,38.98882668852819
2026-09-30T14:45:00+05:30,Matara_Southern,29.3,259.19470480323355,638.0,6.37,42.6467067772674
2026-09-30T15:00:00+05:30,Matara_Southern,29.3,260.2557482398122,615.0,6.27,46.31855543309749
2026-09-30T15:15:00+05:30,Matara_Southern,29.4,261.1783184564073,577.0,6.12,50.00127394495281
2026-09-30T15:30:00+05:30,Matara_Southern,29.4,261.9911991406989,531.0,6.02,53.6926037212491
2026-09-30T15:45:00+05:30,Matara_Southern,29.3,262.7159924661602,479.0,5.92,57.390860186544074
2026-09-30T16:00:00+05:30,Matara_Southern,29.2,263.36924123018,423.0,5.86,61.09476085050164
2026-09-30T16:15:00+05:30,Matara_Southern,29.0,263.9638505579823,365.0,5.76,64.80331242572075
2026-09-30T16:30:00+05:30,Matara_Southern,28.8,264.5100636760425,304.0,5.66,68.51573274215352
2026-09-30T16:45:00+05:30,Matara_Southern,28.6,265.0161472137794,245.0,5.45,72.23139615432758
2026-09-30T17:00:00+05:30,Matara_Southern,28.4,265.48888315438245,188.0,5.25,75.94979603124452
2026-09-30T17:15:00+05:30,Matara_Southern,28.2,265.93392919928937,135.0,5.0,79.6705163154056
2026-09-30T17:30:00+05:30,Matara_Southern,28.0,266.3560887019595,86.0,4.75,83.39321037011256
2026-09-30T17:45:00+05:30,Matara_Southern,27.8,266.75951790016745,44.0,4.4,87.11758643158278
2026-09-30T18:00:00+05:30,Matara_Southern,27.6,267.14788921969296,9.0,4.07,90.84339519262662
2026-09-30T18:15:00+05:30,Matara_Southern,27.4,267.5245245654693,0.0,3.73,94.57041996724705
2026-09-30T18:30:00+05:30,Matara_Southern,27.2,267.8925090393888,0.0,3.45,98.2984702006019
2026-09-30T18:45:00+05:30,Matara_Southern,27.1,268.25479302791206,0.0,3.31,102.02737477137464
2026-09-30T19:00:00+05:30,Matara_Southern,27.0,268.6142900606939,0.0,3.28,105.75697615443706
2026-09-30T19:15:00+05:30,Matara_Southern,26.9,268.97397768525457,0.0,3.23,109.48712658414271
2026-09-30T19:30:00+05:30,Matara_Southern,26.8,269.33700896466456,0.0,3.14,113.21768288344049
2026-09-30T19:45:00+05:30,Matara_Southern,26.6,269.7068445590203,0.0,2.97,116.94850110530557
2026-09-30T20:00:00+05:30,Matara_Southern,26.5,270.0874188828036,0.0,2.7,120.6794320781052
2026-09-30T20:15:00+05:30,Matara_Southern,26.4,270.48335944191706,0.0,2.46,124.41031428848625
2026-09-30T20:30:00+05:30,Matara_Southern,26.3,270.90028912977897,0.0,2.37,128.1409648039053
2026-09-30T20:45:00+05:30,Matara_Southern,26.2,271.34525889045443,0.0,2.39,131.87116848363894
2026-09-30T21:00:00+05:30,Matara_Southern,26.2,271.82738866854083,0.0,2.53,135.60066043439664
2026-09-30T21:15:00+05:30,Matara_Southern,26.2,272.35885153380065,0.0,2.64,139.32909971469627
2026-09-30T21:30:00+05:30,Matara_Southern,26.1,272.9564434665949,0.0,2.73,143.0560295122856
2026-09-30T21:45:00+05:30,Matara_Southern,26.0,273.64419562202283,0.0,2.73,146.78080893932113
2026-09-30T22:00:00+05:30,Matara_Southern,25.9,274.4579422919469,0.0,2.71,150.50249423839554
2026-09-30T22:15:00+05:30,Matara_Southern,25.8,275.4537959947211,0.0,2.68,154.21962004109457
2026-09-30T22:30:00+05:30,Matara_Southern,25.8,276.72505639022035,0.0,2.69,157.92975911457958
2026-09-30T22:45:00+05:30,Matara_Southern,25.8,278.4391976040473,0.0,2.74,161.62855480006755
2026-09-30T23:00:00+05:30,Matara_Southern,25.8,280.9291312353733,0.0,2.88,165.30731415344303
2026-09-30T23:15:00+05:30,Matara_Southern,25.8,284.9585602738113,0.0,3.0,168.94588757478726
2026-09-30T23:30:00+05:30,Matara_Southern,25.8,292.69576632301516,0.0,3.12,172.48553421480608
2026-09-30T23:45:00+05:30,Matara_Southern,25.8,312.5494407593859,0.0,3.17,175.67591827155078
2026-10-01T00:00:00+05:30,Matara_Southern,25.7,10.859432387556694,0.0,3.22,177.01915814030474
2026-10-01T00:15:00+05:30,Matara_Southern,25.7,55.969234930045104,0.0,3.23,174.80093867413746
2026-10-01T00:30:00+05:30,Matara_Southern,25.7,70.38789736537387,0.0,3.23,171.4483184004286
2026-10-01T00:45:00+05:30,Matara_Southern,25.6,76.60931519544613,0.0,3.27,167.86794058309522
2026-10-01T01:00:00+05:30,Matara_Southern,25.6,80.05155690347885,0.0,3.3,164.21409836463795
2026-10-01T01:15:00+05:30,Matara_Southern,25.6,82.25925959757006,0.0,3.28,160.5281846674684
2026-10-01T01:30:00+05:30,Matara_Southern,25.5,83.81783220251117,0.0,3.24,156.82558269522585
2026-10-01T01:45:00+05:30,Matara_Southern,25.5,84.99511975154962,0.0,3.13,153.11327616333364
2026-10-01T02:00:00+05:30,Matara_Southern,25.4,85.93050466190869,0.0,2.99,149.39489040659478
2026-10-01T02:15:00+05:30,Matara_Southern,25.3,86.70360599154748,0.0,2.95,145.67249955974123
2026-10-01T02:30:00+05:30,Matara_Southern,25.2,87.36324763520975,0.0,2.94,141.94738304730825
2026-10-01T02:45:00+05:30,Matara_Southern,25.1,87.94110341108302,0.0,3.02,138.2203790773965
2026-10-01T03:00:00+05:30,Matara_Southern,25.0,88.45869776927174,0.0,3.11,134.49206658566806
2026-10-01T03:15:00+05:30,Matara_Southern,24.9,88.931251193805,0.0,3.19,130.76286535140412
2026-10-01T03:30:00+05:30,Matara_Southern,24.8,89.369914173663,0.0,3.23,127.03309296859737
2026-10-01T03:45:00+05:30,Matara_Southern,24.7,89.78312750187217,0.0,3.16,123.30300083765066
2026-10-01T04:00:00+05:30,Matara_Southern,24.7,90.1774854291163,0.0,2.97,119.5727974162841
2026-10-01T04:15:00+05:30,Matara_Southern,24.7,90.55830425123605,0.0,2.83,115.8426624947949
2026-10-01T04:30:00+05:30,Matara_Southern,24.7,90.93001012849902,0.0,2.72,112.11275845129262
2026-10-01T04:45:00+05:30,Matara_Southern,24.7,91.29641337902422,0.0,2.66,108.38323875028061
2026-10-01T05:00:00+05:30,Matara_Southern,24.7,91.66091035465945,0.0,2.68,104.654253277754
2026-10-01T05:15:00+05:30,Matara_Southern,24.6,92.02663863979137,0.0,2.7,100.92595423569952
2026-10-01T05:30:00+05:30,Matara_Southern,24.6,92.39660301771124,0.0,2.76,97.19850160683025
2026-10-01T05:45:00+05:30,Matara_Southern,24.6,92.77378448952464,0.0,2.83,93.47206709383589
2026-10-01T06:00:00+05:30,Matara_Southern,24.6,93.16124123425038,0.0,2.95,89.7468398812324
2026-10-01T06:15:00+05:30,Matara_Southern,24.7,93.5622093070391,15.0,3.04,86.02303308439127
2026-10-01T06:30:00+05:30,Matara_Southern,24.9,93.98021042900774,50.0,3.03,82.30088978264739
2026-10-01T06:45:00+05:30,Matara_Southern,25.3,94.41917418361908,98.0,2.95,78.58069213160118
2026-10-01T07:00:00+05:30,Matara_Southern,25.8,94.88358374840448,157.0,2.73,74.86277270078796
2026-10-01T07:15:00+05:30,Matara_Southern,26.4,95.37865684637,220.0,2.55,71.14752742441502
2026-10-01T07:30:00+05:30,Matara_Southern,26.9,95.91057711534006,282.0,2.52,67.43543440570039
2026-10-01T07:45:00+05:30,Matara_Southern,27.4,96.48679795049469,345.0,2.69,63.72707886372474
2026-10-01T08:00:00+05:30,Matara_Southern,27.9,97.11645090443017,406.0,3.07,60.023185391658046
2026-10-01T08:15:00+05:30,Matara_Southern,28.4,97.81090572427951,465.0,3.44,56.32466450760464
2026-10-01T08:30:00+05:30,Matara_Southern,28.8,98.58455480008968,517.0,3.68,52.632678181618935
2026-10-01T08:45:00+05:30,Matara_Southern,29.1,99.4559361194253,564.0,3.7,48.948732636762095
2026-10-01T09:00:00+05:30,Matara_Southern,29.5,100.4493770331103,606.0,3.59,45.2748173118336
2026-10-01T09:15:00+05:30,Matara_Southern,29.7,101.59746107564268,644.0,3.48,41.613615151733555
2026-10-01T09:30:00+05:30,Matara_Southern,29.9,102.94483224170051,676.0,3.39,37.96882894754489
2026-10-01T09:45:00+05:30,Matara_Southern,30.1,104.55423813944367,703.0,3.36,34.34570970697331
2026-10-01T10:00:00+05:30,Matara_Southern,30.1,106.51644856577838,730.0,3.35,30.75194107743082
2026-10-01T10:15:00+05:30,Matara_Southern,30.2,108.96711367292642,760.0,3.36,27.199183081196814
2026-10-01T10:30:00+05:30,Matara_Southern,30.2,112.11643935081582,797.0,3.42,23.705904627449513
2026-10-01T10:45:00+05:30,Matara_Southern,30.1,116.30298390264858,834.0,3.52,20.30285427586483
2026-10-01T11:00:00+05:30,Matara_Southern,30.0,122.09175285377245,864.0,3.67,17.04418537329137
2026-10-01T11:15:00+05:30,Matara_Southern,29.9,130.43948876352624,881.0,3.82,14.030880744689327
2026-10-01T11:30:00+05:30,Matara_Southern,29.8,142.86216948200865,885.0,3.93,11.458204088574547
2026-10-01T11:45:00+05:30,Matara_Southern,30.0,160.97606698664265,880.0,3.98,9.68395811378359
2026-10-01T12:00:00+05:30,Matara_Southern,30.3,183.77431292292144,868.0,4.07,9.183223669173216
2026-10-01T12:15:00+05:30,Matara_Southern,30.5,205.484348784807,851.0,4.15,10.146335643367408
2026-10-01T12:30:00+05:30,Matara_Southern,30.5,221.63363421753556,828.0,4.23,12.232273755132411
2026-10-01T12:45:00+05:30,Matara_Southern,30.2,232.52545384626742,798.0,4.23,14.979069733888394
2026-10-01T13:00:00+05:30,Matara_Southern,29.7,239.8986367783786,761.0,4.22,18.088110782991023
2026-10-01T13:15:00+05:30,Matara_Southern,29.2,245.08105014101363,715.0,4.16,21.40209452802057
2026-10-01T13:30:00+05:30,Matara_Southern,28.7,248.87920426670738,652.0,4.01,24.839113282658147
2026-10-01T13:45:00+05:30,Matara_Southern,28.4,251.76950171861438,588.0,3.85,28.354445835650523
2026-10-01T14:00:00+05:30,Matara_Southern,28.2,254.04044569272506,535.0,3.81,31.922215113030134
2026-10-01T14:15:00+05:30,Matara_Southern,28.1,255.8734431950145,505.0,3.9,35.52661069943203
2026-10-01T14:30:00+05:30,Matara_Southern,28.0,257.3869936486399,499.0,4.0,39.157502591045464
2026-10-01T14:45:00+05:30,Matara_Southern,28.0,258.6612671152093,499.0,3.78,42.80813189715724
2026-10-01T15:00:00+05:30,Matara_Southern,28.0,259.75222397040193,488.0,3.45,46.47382963196238
2026-10-01T15:15:00+05:30,Matara_Southern,28.1,260.7000193308543,456.0,3.14,50.15127262072846
2026-10-01T15:30:00+05:30,Matara_Southern,27.9,261.53418018969126,414.0,2.95,53.83803469035986
2026-10-01T15:45:00+05:30,Matara_Southern,27.5,262.276896654147,365.0,2.85,57.532304120960866
2026-10-01T16:00:00+05:30,Matara_Southern,26.9,262.945175819561,311.0,2.9,61.232700558532414
2026-10-01T16:15:00+05:30,Matara_Southern,26.3,263.55228899358167,251.0,2.98,64.93815444298254
2026-10-01T16:30:00+05:30,Matara_Southern,25.8,264.10876723750016,185.0,3.06,68.64782352961747
2026-10-01T16:45:00+05:30,Matara_Southern,25.5,264.6231016928988,125.0,2.96,72.36103445772345
2026-10-01T17:00:00+05:30,Matara_Southern,25.3,265.102246793837,80.0,2.67,76.07724246801399
2026-10-01T17:15:00+05:30,Matara_Southern,25.2,265.55198892667715,52.0,2.44,79.79600094592502
2026-10-01T17:30:00+05:30,Matara_Southern,25.1,265.977222307897,34.0,2.28,83.51693878246896
2026-10-01T17:45:00+05:30,Matara_Southern,25.0,266.38216024807383,19.0,2.24,87.23974474124834
2026-10-01T18:00:00+05:30,Matara_Southern,25.0,266.77050085818473,4.0,2.23,90.96415424297729
2026-10-01T18:15:00+05:30,Matara_Southern,24.9,267.1455612826621,0.0,2.29,94.68993896674075
2026-10-01T18:30:00+05:30,Matara_Southern,24.9,267.5103909429464,0.0,2.28,98.41689997917874
2026-10-01T18:45:00+05:30,Matara_Southern,24.9,267.8678716664616,0.0,2.25,102.14486081745632
2026-10-01T19:00:00+05:30,Matara_Southern,24.9,268.2208119046031,0.0,2.16,105.87366158163935
2026-10-01T19:15:00+05:30,Matara_Southern,24.9,268.5720419192483,0.0,2.11,109.60315517996372
2026-10-01T19:30:00+05:30,Matara_Southern,24.9,268.9245169646174,0.0,2.08,113.3332024075694
2026-10-01T19:45:00+05:30,Matara_Southern,24.9,269.2814375229841,0.0,2.11,117.06366705188765
2026-10-01T20:00:00+05:30,Matara_Southern,24.9,269.64639869176654,0.0,2.15,120.79441216377546
2026-10-01T20:15:00+05:30,Matara_Southern,24.9,270.02358569254176,0.0,2.24,124.52529404970234
2026-10-01T20:30:00+05:30,Matara_Southern,24.9,270.41804191247024,0.0,2.3,128.25615484619328
2026-10-01T20:45:00+05:30,Matara_Southern,24.9,270.8360514714303,0.0,2.31,131.9868142066628
2026-10-01T21:00:00+05:30,Matara_Southern,24.8,271.28570533297284,0.0,2.28,135.71705552102222
2026-10-01T21:15:00+05:30,Matara_Southern,24.8,271.7777706636747,0.0,2.26,139.44660547228116
2026-10-01T21:30:00+05:30,Matara_Southern,24.8,272.32707910190896,0.0,2.25,143.17510360078884
2026-10-01T21:45:00+05:30,Matara_Southern,24.7,272.95484140787414,0.0,2.22,146.9020497170392
2026-10-01T22:00:00+05:30,Matara_Southern,24.7,273.69270629533474,0.0,2.24,150.62671231194776
2026-10-01T22:15:00+05:30,Matara_Southern,24.7,274.59031996365235,0.0,2.24,154.34795993537458
2026-10-01T22:30:00+05:30,Matara_Southern,24.6,275.73048937968935,0.0,2.21,158.06391984950858
2026-10-01T22:45:00+05:30,Matara_Southern,24.6,277.26260905909265,0.0,2.19,161.77122330154356
2026-10-01T23:00:00+05:30,Matara_Southern,24.6,279.48612988329455,0.0,2.17,165.46311036712467
2026-10-01T23:15:00+05:30,Matara_Southern,24.6,283.09825152437395,0.0,2.15,169.12373021203558
2026-10-01T23:30:00+05:30,Matara_Southern,24.6,290.14116533441296,0.0,2.15,172.7057030186806
2026-10-01T23:45:00+05:30,Matara_Southern,24.6,309.2651957914454,0.0,2.21,175.99211783978765
2026-10-02T00:00:00+05:30,Matara_Southern,24.5,14.191885166105067,0.0,2.3,177.38028710280634
2026-10-02T00:15:00+05:30,Matara_Southern,24.5,60.118147938192294,0.0,2.38,174.93977149860015
2026-10-02T00:30:00+05:30,Matara_Southern,24.4,73.03785703418487,0.0,2.39,171.4975768325897
2026-10-02T00:45:00+05:30,Matara_Southern,24.3,78.49353302868332,0.0,2.31,167.87906776332073
2026-10-02T01:00:00+05:30,Matara_Southern,24.2,81.50627240994248,0.0,2.23,164.20504119479375
2026-10-02T01:15:00+05:30,Matara_Southern,24.1,83.44474002999829,0.0,2.11,160.5069511420491
2026-10-02T01:30:00+05:30,Matara_Southern,24.0,84.8206146097499,0.0,2.11,156.79639293355132
2026-10-02T01:45:00+05:30,Matara_Southern,23.9,85.86674813423963,0.0,2.11,153.0786195028077
2026-10-02T02:00:00+05:30,Matara_Southern,23.9,86.70403384642071,0.0,2.12,149.35635922982783
2026-10-02T02:15:00+05:30,Matara_Southern,23.8,87.4014723488653,0.0,2.17,145.63117720371315
2026-10-02T02:30:00+05:30,Matara_Southern,23.7,88.00138018387776,0.0,2.16,141.90404365452957
2026-10-02T02:45:00+05:30,Matara_Southern,23.7,88.53123292963568,0.0,2.17,138.17559897026922
2026-10-02T03:00:00+05:30,Matara_Southern,23.6,89.00973232431306,0.0,2.12,134.4462903395456
2026-10-02T03:15:00+05:30,Matara_Southern,23.6,89.45013622941678,0.0,2.15,130.71644706310457
2026-10-02T03:30:00+05:30,Matara_Southern,23.6,89.86219266800413,0.0,2.1,126.98632318117443
2026-10-02T03:45:00+05:30,Matara_Southern,23.6,90.25331778582336,0.0,2.06,123.2561247967072
2026-10-02T04:00:00+05:30,Matara_Southern,23.6,90.6293439770044,0.0,1.97,119.5260279021152
2026-10-02T04:15:00+05:30,Matara_Southern,23.6,90.99501361041536,0.0,1.89,115.79618915215353
2026-10-02T04:30:00+05:30,Matara_Southern,23.6,91.3543168609686,0.0,1.87,112.06675481905367
2026-10-02T04:45:00+05:30,Matara_Southern,23.6,91.71073191309995,0.0,1.86,108.33786776168186
2026-10-02T05:00:00+05:30,Matara_Southern,23.6,92.06740322415328,0.0,1.89,104.6096717475363
2026-10-02T05:15:00+05:30,Matara_Southern,23.6,92.42728023401781,0.0,1.88,100.88231669767191
2026-10-02T05:30:00+05:30,Matara_Southern,23.6,92.79323182790995,0.0,1.98,97.15596376356326
2026-10-02T05:45:00+05:30,Matara_Southern,23.6,93.16814747016139,0.0,2.23,93.43078909076472
2026-10-02T06:00:00+05:30,Matara_Southern,23.7,93.55503302771314,0.0,2.58,89.70698958593304
2026-10-02T06:15:00+05:30,Matara_Southern,23.7,93.95710853359162,17.0,2.8,85.98478953413452
2026-10-02T06:30:00+05:30,Matara_Southern,23.8,94.37791493837437,43.0,2.8,82.26444697870365
2026-10-02T06:45:00+05:30,Matara_Southern,23.9,94.82143704568836,66.0,2.26,78.54626336975853
2026-10-02T07:00:00+05:30,Matara_Southern,24.0,95.29225180096694,90.0,1.5,74.83059567728797
2026-10-02T07:15:00+05:30,Matara_Southern,24.2,95.79571383074881,126.0,0.9,71.11787041777822
2026-10-02T07:30:00+05:30,Matara_Southern,24.5,96.33819382767382,183.0,0.74,67.40860392257757
2026-10-02T07:45:00+05:30,Matara_Southern,24.9,96.9273924755015,260.0,0.6,63.70342929608661
2026-10-02T08:00:00+05:30,Matara_Southern,25.4,97.57276297507406,343.0,0.99,60.003131430500005
2026-10-02T08:15:00+05:30,Matara_Southern,25.9,98.28609066857632,418.0,1.74,56.30869738606783
2026-10-02T08:30:00+05:30,Matara_Southern,26.4,99.08230461956941,484.0,2.29,52.621387305804745
2026-10-02T08:45:00+05:30,Matara_Southern,26.8,99.98063826496559,543.0,2.57,48.94283492384826
2026-10-02T09:00:00+05:30,Matara_Southern,27.3,101.00632571914991,599.0,2.71,45.275197753522306
2026-10-02T09:15:00+05:30,Matara_Southern,27.7,102.19314187042784,652.0,2.8,41.62138407038077
2026-10-02T09:30:00+05:30,Matara_Southern,28.1,103.58730805971084,699.0,2.93,37.9854046198519
2026-10-02T09:45:00+05:30,Matara_Southern,28.4,105.25367144633822,740.0,3.01,34.372940450041284
2026-10-02T10:00:00+05:30,Matara_Southern,28.7,107.28579133787889,776.0,2.98,30.79229008141028
2026-10-02T10:15:00+05:30,Matara_Southern,28.9,109.82294930758303,809.0,2.91,27.256014830642258
2026-10-02T10:30:00+05:30,Matara_Southern,29.2,113.07975011163808,844.0,2.91,23.783936395604286
2026-10-02T10:45:00+05:30,Matara_Southern,29.6,117.3988294385253,873.0,2.87,20.40886587477948
2026-10-02T11:00:00+05:30,Matara_Southern,30.1,123.34405223641,883.0,2.84,17.188063381141774
2026-10-02T11:15:00+05:30,Matara_Southern,30.4,131.8478494613227,864.0,2.82,14.226710669232219
2026-10-02T11:30:00+05:30,Matara_Southern,30.2,144.32476274286324,807.0,2.93,11.72311904864712
2026-10-02T11:45:00+05:30,Matara_Southern,29.3,162.1348387833234,732.0,3.25,10.02628753256701
2026-10-02T12:00:00+05:30,Matara_Southern,27.9,184.1031637375187,663.0,3.76,9.575185824250866
2026-10-02T12:15:00+05:30,Matara_Southern,26.5,204.9726629660524,621.0,4.18,10.531131983820742
2026-10-02T12:30:00+05:30,Matara_Southern,25.7,220.73253893344673,598.0,4.29,12.577280281658474
2026-10-02T12:45:00+05:30,Matara_Southern,25.6,231.54988617067164,584.0,3.91,15.281807560183779
2026-10-02T13:00:00+05:30,Matara_Southern,26.0,238.96771612778198,574.0,3.19,18.35596183323743
2026-10-02T13:15:00+05:30,Matara_Southern,26.5,244.2254041517865,562.0,2.48,21.642794232137746
2026-10-02T13:30:00+05:30,Matara_Southern,26.8,248.09927911394652,550.0,2.06,25.058743457514097
2026-10-02T13:45:00+05:30,Matara_Southern,26.8,251.05709431957945,540.0,2.04,28.557499588878592
2026-10-02T14:00:00+05:30,Matara_Southern,26.7,253.38587497130612,534.0,2.26,32.111993183545415
2026-10-02T14:15:00+05:30,Matara_Southern,26.6,255.26774996814493,534.0,2.5,35.70556740455356
2026-10-02T14:30:00+05:30,Matara_Southern,26.5,256.8224669818845,544.0,2.55,39.327495008756436
2026-10-02T14:45:00+05:30,Matara_Southern,26.6,258.13142842501986,552.0,2.35,42.97059124514799
2026-10-02T15:00:00+05:30,Matara_Southern,26.9,259.25165801913204,549.0,2.0,46.6298785757017
2026-10-02T15:15:00+05:30,Matara_Southern,27.1,260.2241838177663,526.0,1.66,50.301806381509245
2026-10-02T15:30:00+05:30,Matara_Southern,27.2,261.0792348876913,492.0,1.4,53.98377799772783
2026-10-02T15:45:00+05:30,Matara_Southern,27.3,261.8395611611499,449.0,1.3,57.673851899464275
2026-10-02T16:00:00+05:30,Matara_Southern,27.3,262.52261440096794,399.0,1.33,61.37054750899091
2026-10-02T16:15:00+05:30,Matara_Southern,27.3,263.14201806930697,344.0,1.41,65.07271691622049
2026-10-02T16:30:00+05:30,Matara_Southern,27.2,263.7085808133779,286.0,1.45,68.77945597108376
2026-10-02T16:45:00+05:30,Matara_Southern,27.0,264.23101063131287,227.0,1.39,72.49004197016986
2026-10-02T17:00:00+05:30,Matara_Southern,26.7,264.7164285562984,170.0,1.26,76.20389056142368
2026-10-02T17:15:00+05:30,Matara_Southern,26.3,265.17074507196145,117.0,1.17,79.92052322861673
2026-10-02T17:30:00+05:30,Matara_Southern,26.1,265.5989415564543,69.0,1.05,83.63954313564787
2026-10-02T17:45:00+05:30,Matara_Southern,25.9,266.00528530220384,31.0,0.96,87.36061836652877
2026-10-02T18:00:00+05:30,Matara_Southern,25.7,266.3934974172496,5.0,0.82,91.08346788468513
2026-10-02T18:15:00+05:30,Matara_Southern,25.6,266.766887832194,0.0,0.72,94.80785053528335
2026-10-02T18:30:00+05:30,Matara_Southern,25.5,267.12846792360546,0.0,0.63,98.53355775947082
2026-10-02T18:45:00+05:30,Matara_Southern,25.5,267.4810485444814,0.0,0.49,102.26040642009782
2026-10-02T19:00:00+05:30,Matara_Southern,25.5,267.82733045232936,0.0,0.35,105.98823277741158
2026-10-02T19:15:00+05:30,Matara_Southern,25.6,268.1699936321164,0.0,0.29,109.71688876392432
2026-10-02T19:30:00+05:30,Matara_Southern,25.6,268.51179193829705,0.0,0.39,113.44623724765754
2026-10-02T19:45:00+05:30,Matara_Southern,25.5,268.85566117807707,0.0,0.5,117.17614750420682
2026-10-02T20:00:00+05:30,Matara_Southern,25.4,269.2048512915916,0.0,0.57,120.90649210520169
2026-10-02T20:15:00+05:30,Matara_Southern,25.4,269.56309738082444,0.0,0.67,124.63714185390052
2026-10-02T20:30:00+05:30,Matara_Southern,25.3,269.93485249179673,0.0,0.78,128.36795978694664
2026-10-02T20:45:00+05:30,Matara_Southern,25.2,270.32561848213675,0.0,0.88,132.09879501319318
2026-10-02T21:00:00+05:30,Matara_Southern,25.1,270.74243464095366,0.0,0.92,135.82947221784417
2026-10-02T21:15:00+05:30,Matara_Southern,25.1,271.1946277201711,0.0,0.96,139.5597763555572
2026-10-02T21:30:00+05:30,Matara_Southern,25.0,271.6950104718796,0.0,1.0,143.28943046785088
2026-10-02T21:45:00+05:30,Matara_Southern,25.0,272.26188310213917,0.0,1.0,147.01805689635097
2026-10-02T22:00:00+05:30,Matara_Southern,24.9,272.9225515048062,0.0,0.92,150.74510984512295
2026-10-02T22:15:00+05:30,Matara_Southern,24.8,273.71990267537774,0.0,0.88,154.46975152564187
2026-10-02T22:30:00+05:30,Matara_Southern,24.8,274.7256582273726,0.0,0.89,158.19059989377627
2026-10-02T22:45:00+05:30,Matara_Southern,24.7,276.06979757849956,0.0,1.01,161.90516793279576
2026-10-02T23:00:00+05:30,Matara_Southern,24.6,278.01483216160153,0.0,1.25,165.6084437613447
2026-10-02T23:15:00+05:30,Matara_Southern,24.5,281.18035251629993,0.0,1.52,169.2885545967621
2026-10-02T23:30:00+05:30,Matara_Southern,24.5,287.4351041366462,0.0,1.66,172.9091710176437
2026-10-02T23:45:00+05:30,Matara_Southern,24.4,305.4292808911471,0.0,1.66,176.29152766936744
2026-10-03T00:00:00+05:30,Matara_Southern,24.4,18.53076658303371,0.0,1.63,177.72966120536572
2026-10-03T00:15:00+05:30,Matara_Southern,24.4,64.46334028821445,0.0,1.54,175.0518021391012
2026-10-03T00:30:00+05:30,Matara_Southern,24.3,75.70657567085482,0.0,1.42,171.52991262265715
2026-10-03T00:45:00+05:30,Matara_Southern,24.3,80.3752749861149,0.0,1.32,167.87870969559737
2026-10-03T01:00:00+05:30,Matara_Southern,24.3,82.95564489863824,0.0,1.23,164.18760772523032
2026-10-03T01:15:00+05:30,Matara_Southern,24.3,84.62505306399055,0.0,1.14,160.47932183589518
2026-10-03T01:30:00+05:30,Matara_Southern,24.3,85.81890904642887,0.0,1.1,156.7621777919942
2026-10-03T01:45:00+05:30,Matara_Southern,24.3,86.73456059763504,0.0,1.07,153.03994551168407
2026-10-03T02:00:00+05:30,Matara_Southern,24.2,87.47431512708135,0.0,1.1,149.31458754989654
2026-10-03T02:15:00+05:30,Matara_Southern,24.2,88.09655243047303,0.0,1.1,145.5872352883846
2026-10-03T02:30:00+05:30,Matara_Southern,24.2,88.63709894390263,0.0,1.08,141.85859596308893
2026-10-03T02:45:00+05:30,Matara_Southern,24.1,89.11925036324078,0.0,1.08,138.12914200408787
2026-10-03T03:00:00+05:30,Matara_Southern,24.1,89.55890105343656,0.0,1.05,134.39920900658345
2026-10-03T03:15:00+05:30,Matara_Southern,24.0,89.9673582207023,0.0,1.03,130.66904989573874
2026-10-03T03:30:00+05:30,Matara_Southern,23.9,90.35297655916133,0.0,1.04,126.93886534371113
2026-10-03T03:45:00+05:30,Matara_Southern,23.9,90.72215451360671,0.0,1.03,123.20882371934616
2026-10-03T04:00:00+05:30,Matara_Southern,23.8,91.07996791745671,0.0,1.06,119.47907430477042
2026-10-03T04:15:00+05:30,Matara_Southern,23.7,91.43058927100338,0.0,1.08,115.7497551047349
2026-10-03T04:30:00+05:30,Matara_Southern,23.7,91.7775758903868,0.0,1.12,112.02099986088366
2026-10-03T04:45:00+05:30,Matara_Southern,23.7,92.12407624326187,0.0,1.14,108.29294374323709
2026-10-03T05:00:00+05:30,Matara_Southern,23.7,92.47298476035814,0.0,1.22,104.56572683531945
2026-10-03T05:15:00+05:30,Matara_Southern,23.7,92.82706417083693,0.0,1.25,100.83949885807621
2026-10-03T05:30:00+05:30,Matara_Southern,23.8,93.18904854139237,0.0,1.25,97.11442396205508
2026-10-03T05:45:00+05:30,Matara_Southern,24.0,93.56173657862178,0.0,1.25,93.39068439074242
2026-10-03T06:00:00+05:30,Matara_Southern,24.2,93.94808234752418,0.0,1.22,89.66848631406823
2026-10-03T06:15:00+05:30,Matara_Southern,24.4,94.35129011123206,16.0,1.21,85.9480666708441
2026-10-03T06:30:00+05:30,Matara_Southern,24.6,94.77492003560462,49.0,1.19,82.22969994042039
2026-10-03T06:45:00+05:30,Matara_Southern,24.9,95.22301183060586,91.0,1.19,78.51370838284747
2026-10-03T07:00:00+05:30,Matara_Southern,25.2,95.7002355345785,141.0,1.17,74.80047497207639
2026-10-03T07:15:00+05:30,Matara_Southern,25.5,96.21208153833106,192.0,1.17,71.09045855233424
2026-10-03T07:30:00+05:30,Matara_Southern,25.8,96.76510582124786,242.0,1.18,67.38421564161621
2026-10-03T07:45:00+05:30,Matara_Southern,26.1,97.36725370366094,291.0,1.21,63.682429472068804
2026-10-03T08:00:00+05:30,Matara_Southern,26.4,98.02829609670357,343.0,1.25,59.985947860401424
2026-10-03T08:15:00+05:30,Matara_Southern,26.7,98.76042807505166,399.0,1.25,56.29583753889469
2026-10-03T08:30:00+05:30,Matara_Southern,27.0,99.57910655400428,463.0,1.32,52.61346061347077
2026-10-03T08:45:00+05:30,Matara_Southern,27.3,100.50424692305558,529.0,1.35,48.94058298078502
2026-10-03T09:00:00+05:30,Matara_Southern,27.6,101.56196896748781,593.0,1.46,45.27953599360558
2026-10-03T09:15:00+05:30,Matara_Southern,27.9,102.78720511869216,648.0,1.55,41.63346043429094
2026-10-03T09:30:00+05:30,Matara_Southern,28.2,104.22769824417298,695.0,1.68,38.00668391881231
2026-10-03T09:45:00+05:30,Matara_Southern,28.5,105.9502997818679,734.0,1.84,34.40532839028045
2026-10-03T10:00:00+05:30,Matara_Southern,28.8,108.05118982885813,768.0,2.04,30.83831971579992
2026-10-03T10:15:00+05:30,Matara_Southern,29.1,110.67297061775048,799.0,2.27,27.319132531445582
2026-10-03T10:30:00+05:30,Matara_Southern,29.4,114.03405116459305,826.0,2.48,23.86894554295671
2026-10-03T10:45:00+05:30,Matara_Southern,29.6,118.47997618483248,848.0,2.65,20.522605849793592
2026-10-03T11:00:00+05:30,Matara_Southern,29.8,124.5712122221376,865.0,2.87,17.340355474101983
2026-10-03T11:15:00+05:30,Matara_Southern,30.0,133.2122424625698,877.0,2.97,14.431172135743395
2026-10-03T11:30:00+05:30,Matara_Southern,30.1,145.715404427671,885.0,3.11,11.995419141066336
2026-10-03T11:45:00+05:30,Matara_Southern,30.2,163.20886328772178,888.0,3.22,10.372182699963844
2026-10-03T12:00:00+05:30,Matara_Southern,30.3,184.39842461153324,886.0,3.29,9.966699003048845
2026-10-03T12:15:00+05:30,Matara_Southern,30.3,204.49119368473515,879.0,3.33,10.915529657936474
2026-10-03T12:30:00+05:30,Matara_Southern,30.3,219.87587586409575,867.0,3.37,12.923742252283333
2026-10-03T12:45:00+05:30,Matara_Southern,30.3,230.60998976730133,851.0,3.43,15.587103626691118
2026-10-03T13:00:00+05:30,Matara_Southern,30.3,238.06215415404594,830.0,3.47,18.6266596344812
2026-10-03T13:15:00+05:30,Matara_Southern,30.2,243.38761388766392,806.0,3.49,21.886218470229565
2026-10-03T13:30:00+05:30,Matara_Southern,30.1,247.33220153554623,778.0,3.51,25.280813093054917
2026-10-03T13:45:00+05:30,Matara_Southern,30.0,250.3541996902103,747.0,3.54,28.76265882448994
2026-10-03T14:00:00+05:30,Matara_Southern,29.9,252.73854802343357,710.0,3.58,32.303541448724495
2026-10-03T14:15:00+05:30,Matara_Southern,29.7,254.66771316820203,668.0,3.57,35.88597589402514
2026-10-03T14:30:00+05:30,Matara_Southern,29.5,256.26245467362986,619.0,3.53,39.49864323909428
2026-10-03T14:45:00+05:30,Matara_Southern,29.3,257.60526048112285,568.0,3.44,43.13393314960829
2026-10-03T15:00:00+05:30,Matara_Southern,29.0,258.75412447056897,518.0,3.36,46.78655773934307
2026-10-03T15:15:00+05:30,Matara_Southern,28.7,259.75088697684924,472.0,3.25,50.4527364652325
2026-10-03T15:30:00+05:30,Matara_Southern,28.4,260.6264386415369,430.0,3.13,54.12969960436732
2026-10-03T15:45:00+05:30,Matara_Southern,28.0,261.4040615097837,388.0,3.01,57.815373413632784
2026-10-03T16:00:00+05:30,Matara_Southern,27.6,262.10163260198277,344.0,2.85,61.50817490683957
2026-10-03T16:15:00+05:30,Matara_Southern,27.2,262.7331136348109,299.0,2.7,65.20687587489545
2026-10-03T16:30:00+05:30,Matara_Southern,26.8,263.30958067099573,256.0,2.56,68.91050852686124
2026-10-03T16:45:00+05:30,Matara_Southern,26.5,263.8399509621744,211.0,2.43,72.61829925916149
2026-10-03T17:00:00+05:30,Matara_Southern,26.2,264.3315063293525,164.0,2.29,76.32962271628824
2026-10-03T17:15:00+05:30,Matara_Southern,25.9,264.7902768021183,116.0,2.17,80.04396717754013
2026-10-03T17:30:00+05:30,Matara_Southern,25.6,265.2213272556452,69.0,2.1,83.76090885180056
2026-10-03T17:45:00+05:30,Matara_Southern,25.4,265.62897591560625,31.0,2.02,87.48009396118425
2026-10-03T18:00:00+05:30,Matara_Southern,25.3,266.01696424917816,5.0,1.95,91.20122384184941
2026-10-03T18:15:00+05:30,Matara_Southern,25.2,266.38859258181543,0.0,1.92,94.9240433164551
2026-10-03T18:30:00+05:30,Matara_Southern,25.1,266.74683195840765,0.0,1.86,98.64833295746705
2026-10-03T18:45:00+05:30,Matara_Southern,25.0,267.0944199405187,0.0,1.79,102.3739016190804
2026-10-03T19:00:00+05:30,Matara_Southern,25.0,267.433947102387,0.0,1.71,106.10058025312651
2026-10-03T19:15:00+05:30,Matara_Southern,24.9,267.76794032370697,0.0,1.69,109.82821815394082
2026-10-03T19:30:00+05:30,Matara_Southern,24.9,268.0989486807015,0.0,1.61,113.55667833740324
2026-10-03T19:45:00+05:30,Matara_Southern,24.8,268.4296390907569,0.0,1.57,117.28583329453267
2026-10-03T20:00:00+05:30,Matara_Southern,24.8,268.76291087538436,0.0,1.52,121.01556236812235
2026-10-03T20:15:00+05:30,Matara_Southern,24.8,269.1020417002866,0.0,1.49,124.74574746940668
2026-10-03T20:30:00+05:30,Matara_Southern,24.7,269.45088415864853,0.0,1.48,128.476268269179
2026-10-03T20:45:00+05:30,Matara_Southern,24.7,269.81414343995266,0.0,1.49,132.20699785146473
2026-10-03T21:00:00+05:30,Matara_Southern,24.6,270.1977859773689,0.0,1.46,135.93779500223647
2026-10-03T21:15:00+05:30,Matara_Southern,24.5,270.60966587619635,0.0,1.51,139.66849326694177
2026-10-03T21:30:00+05:30,Matara_Southern,24.5,271.06052601630745,0.0,1.53,143.3988858228684
2026-10-03T21:45:00+05:30,Matara_Southern,24.4,271.5656716656149,0.0,1.54,147.12869852305988
2026-10-03T22:00:00+05:30,Matara_Southern,24.3,272.14791846119476,0.0,1.61,150.85754326144632
2026-10-03T22:15:00+05:30,Matara_Southern,24.3,272.84311882693333,0.0,1.68,154.58483288858343
2026-10-03T22:30:00+05:30,Matara_Southern,24.2,273.7113494252875,0.0,1.71,158.30960668466346
2026-10-03T22:45:00+05:30,Matara_Southern,24.2,274.86190452090284,0.0,1.74,162.0301407578454
2026-10-03T23:00:00+05:30,Matara_Southern,24.1,276.51700432794735,0.0,1.79,165.7429543458074
2026-10-03T23:15:00+05:30,Matara_Southern,24.1,279.20763842976913,0.0,1.82,169.43973258732507
2026-10-03T23:30:00+05:30,Matara_Southern,24.0,284.5789225487888,0.0,1.87,173.09448701532722
2026-10-03T23:45:00+05:30,Matara_Southern,24.0,300.94176213850983,0.0,1.87,176.56990575457198
2026-10-04T00:00:00+05:30,Matara_Southern,23.9,24.349792474576475,0.0,1.87,178.0613807354224
2026-10-04T00:15:00+05:30,Matara_Southern,23.9,68.96836921170973,0.0,1.87,175.13543703863303
2026-10-04T00:30:00+05:30,Matara_Southern,23.9,78.38319558176318,0.0,1.87,171.54532198113242
2026-10-04T00:45:00+05:30,Matara_Southern,23.9,82.2506940937144,0.0,1.82,167.86702872992063
2026-10-04T01:00:00+05:30,Matara_Southern,23.8,84.39791373983445,0.0,1.82,164.1619708905111
2026-10-04T01:15:00+05:30,Matara_Southern,23.8,85.79923172724239,0.0,1.79,160.44545885608795
2026-10-04T01:30:00+05:30,Matara_Southern,23.8,86.81210959774404,0.0,1.74,156.7230872051441
2026-10-04T01:45:00+05:30,Matara_Southern,23.8,87.59813811603635,0.0,1.69,152.99739380596372
2026-10-04T02:00:00+05:30,Matara_Southern,23.8,88.24103597935391,0.0,1.66,149.2697066676526
2026-10-04T02:15:00+05:30,Matara_Southern,23.8,88.78859904005782,0.0,1.66,145.5407984289609
2026-10-04T02:30:00+05:30,Matara_Southern,23.8,89.27019915615432,0.0,1.62,141.81115914935518
2026-10-04T02:45:00+05:30,Matara_Southern,23.7,89.70497978538697,0.0,1.62,138.08112285342358
2026-10-04T03:00:00+05:30,Matara_Southern,23.7,90.10604831202369,0.0,1.57,134.35093346720979
2026-10-04T03:15:00+05:30,Matara_Southern,23.7,90.48277616465941,0.0,1.59,130.62078147669988
2026-10-04T03:30:00+05:30,Matara_Southern,23.6,90.84213560237816,0.0,1.59,126.89082424553429
2026-10-04T03:45:00+05:30,Matara_Southern,23.6,91.18951541779086,0.0,1.59,123.1611998756697
2026-10-04T04:00:00+05:30,Matara_Southern,23.5,91.52924089286779,0.0,1.57,119.43203662286467
2026-10-04T04:15:00+05:30,Matara_Southern,23.5,91.86491919096147,0.0,1.57,115.70345827095909
2026-10-04T04:30:00+05:30,Matara_Southern,23.5,92.19967821461893,0.0,1.54,111.97558956417423
2026-10-04T04:45:00+05:30,Matara_Southern,23.5,92.53633934770392,0.0,1.53,108.24856086099204
2026-10-04T05:00:00+05:30,Matara_Southern,23.6,92.87754900658405,0.0,1.53,104.52251096524819
2026-10-04T05:15:00+05:30,Matara_Southern,23.6,93.22588473564588,0.0,1.51,100.79759145517397
2026-10-04T05:30:00+05:30,Matara_Southern,23.8,93.58394691536819,0.0,1.5,97.07397128622759
2026-10-04T05:45:00+05:30,Matara_Southern,24.0,93.9544442939129,0.0,1.49,93.35184043207676
2026-10-04T06:00:00+05:30,Matara_Southern,24.2,94.34027963575681,0.0,1.49,89.63141584588864
2026-10-04T06:15:00+05:30,Matara_Southern,24.5,94.74464165026791,17.0,1.49,85.9129485803676
2026-10-04T06:30:00+05:30,Matara_Southern,24.8,95.1711096385834,52.0,1.49,82.19673100409929
2026-10-04T06:45:00+05:30,Matara_Southern,25.1,95.62377780594011,98.0,1.47,78.48310767120262
2026-10-04T07:00:00+05:30,Matara_Southern,25.4,96.10740847199014,151.0,1.53,74.77248913167982
2026-10-04T07:15:00+05:30,Matara_Southern,25.8,96.62762646698297,205.0,1.52,71.06536826826257
2026-10-04T07:30:00+05:30,Matara_Southern,26.1,97.19117104112058,258.0,1.57,67.36234369416856
2026-10-04T07:45:00+05:30,Matara_Southern,26.5,97.80622916720682,309.0,1.63,63.664150950872
2026-10-04T08:00:00+05:30,Matara_Southern,26.8,98.48288508228177,361.0,1.65,59.9717033234038
2026-10-04T08:15:00+05:30,Matara_Southern,27.1,99.23373712497994,414.0,1.73,56.28615023651087
2026-10-04T08:30:00+05:30,Matara_Southern,27.4,100.07476040891959,469.0,1.81,52.60895939611083
2026-10-04T08:45:00+05:30,Matara_Southern,27.6,101.02653762365185,524.0,1.9,48.942033291284275
2026-10-04T09:00:00+05:30,Matara_Southern,27.9,102.11605150472803,576.0,2.01,45.28788255229794
2026-10-04T09:15:00+05:30,Matara_Southern,28.1,103.37935589329766,624.0,2.08,41.64988715791101
2026-10-04T09:30:00+05:30,Matara_Southern,28.4,104.86565603558358,666.0,2.22,38.032699739962894
2026-10-04T09:45:00+05:30,Matara_Southern,28.6,106.6437076384126,704.0,2.37,34.44289274783191
2026-10-04T10:00:00+05:30,Matara_Southern,28.8,108.81213641307875,738.0,2.55,30.89002978468458
2026-10-04T10:15:00+05:30,Matara_Southern,29.0,111.51654697638583,769.0,2.68,27.388507224155752
2026-10-04T10:30:00+05:30,Matara_Southern,29.2,114.97855466761553,795.0,2.87,23.96085860448227
2026-10-04T10:45:00+05:30,Matara_Southern,29.4,119.54546962327777,817.0,2.98,20.643929228344362
2026-10-04T11:00:00+05:30,Matara_Southern,29.6,125.77224878341849,837.0,3.15,17.500800419357873
2026-10-04T11:15:00+05:30,Matara_Southern,29.7,134.5323664720642,858.0,3.27,14.643828718948313
2026-10-04T11:30:00+05:30,Matara_Southern,29.8,147.0366274277785,880.0,3.37,12.274493710593802
2026-10-04T11:45:00+05:30,Matara_Southern,29.9,164.2050548208615,900.0,3.47,10.721128164560582
2026-10-04T12:00:00+05:30,Matara_Southern,30.0,184.6634694454383,912.0,3.54,10.357602961655601
2026-10-04T12:15:00+05:30,Matara_Southern,30.0,204.03653842767477,912.0,3.57,11.299344081047053
2026-10-04T12:30:00+05:30,Matara_Southern,30.1,219.06020420429655,900.0,3.61,13.271327064847895
2026-10-04T12:45:00+05:30,Matara_Southern,30.1,229.7039618218668,880.0,3.61,15.894605745287052
2026-10-04T13:00:00+05:30,Matara_Southern,30.1,237.1811474971138,854.0,3.65,18.899891067080176
2026-10-04T13:15:00+05:30,Matara_Southern,30.1,242.5673466480737,826.0,3.62,22.132098636025674
2026-10-04T13:30:00+05:30,Matara_Southern,30.1,246.57785331485402,794.0,3.59,25.505089793267487
2026-10-04T13:45:00+05:30,Matara_Southern,30.0,249.66079964675748,757.0,3.56,28.969718403070786
2026-10-04T14:00:00+05:30,Matara_Southern,30.0,252.09849490293834,714.0,3.54,32.496675057084296
2026-10-04T14:15:00+05:30,Matara_Southern,29.9,254.07338677674866,663.0,3.48,36.06766658205891
2026-10-04T14:30:00+05:30,Matara_Southern,29.8,255.70702278136315,603.0,3.43,39.6707893945848
2026-10-04T14:45:00+05:30,Matara_Southern,29.6,257.0828354598685,541.0,3.36,43.2980088737539
2026-10-04T15:00:00+05:30,Matara_Southern,29.4,258.2596985706423,483.0,3.24,46.94372568347982
2026-10-04T15:15:00+05:30,Matara_Southern,29.2,259.28020556906387,434.0,3.18,50.60392736009021
2026-10-04T15:30:00+05:30,Matara_Southern,29.0,260.1758689684708,392.0,3.05,54.275668895048085
2026-10-04T15:45:00+05:30,Matara_Southern,28.7,260.97047565269713,352.0,2.94,57.95674215354984
2026-10-04T16:00:00+05:30,Matara_Southern,28.4,261.6823087394141,312.0,2.83,61.64545973024987
2026-10-04T16:15:00+05:30,Matara_Southern,28.1,262.32565444766516,270.0,2.73,65.34051129441704
2026-10-04T16:30:00+05:30,Matara_Southern,27.9,262.9118461781304,228.0,2.66,69.04086377254173
2026-10-04T16:45:00+05:30,Matara_Southern,27.6,263.4500028968872,187.0,2.6,72.74569117831497
2026-10-04T17:00:00+05:30,Matara_Southern,27.4,263.94756144963026,145.0,2.51,76.45432579290073
2026-10-04T17:15:00+05:30,Matara_Southern,27.1,264.410666903482,103.0,2.48,80.16622142982689
2026-10-04T17:30:00+05:30,Matara_Southern,26.9,264.84446400906035,63.0,2.41,83.88092614730733
2026-10-04T17:45:00+05:30,Matara_Southern,26.7,265.2533189239008,29.0,2.36,87.59806314609035
2026-10-04T18:00:00+05:30,Matara_Southern,26.5,265.64099089197214,5.0,2.29,91.31731498252469
2026-10-04T18:15:00+05:30,Matara_Southern,26.3,266.0107683095709,0.0,2.21,95.03841127732184
2026-10-04T18:30:00+05:30,Matara_Southern,26.1,266.3655796872796,0.0,2.17,98.76112050056881
2026-10-04T18:45:00+05:30,Matara_Southern,26.0,266.70808708396055,0.0,2.09,102.48524216476774
2026-10-04T19:00:00+05:30,Matara_Southern,25.8,267.04076853590647,0.0,2.07,106.21060043801201
2026-10-04T19:15:00+05:30,Matara_Southern,25.7,267.365995163464,0.0,2.02,109.93704030486472
2026-10-04T19:30:00+05:30,Matara_Southern,25.5,267.68610811401146,0.0,1.98,113.66442298879093
2026-10-04T19:45:00+05:30,Matara_Southern,25.4,268.0035015017651,0.0,1.99,117.39262189309646
2026-10-04T20:00:00+05:30,Matara_Southern,25.3,268.3207189746062,0.0,1.94,121.12152034372954
2026-10-04T20:15:00+05:30,Matara_Southern,25.2,268.6405740017387,0.0,1.93,124.85100790997723
2026-10-04T20:30:00+05:30,Matara_Southern,25.1,268.9663093910124,0.0,1.92,128.58097654829683
2026-10-04T20:45:00+05:30,Matara_Southern,25.0,269.3018203735051,0.0,1.92,132.31131771089184
2026-10-04T21:00:00+05:30,Matara_Southern,24.9,269.65198098629025,0.0,1.95,136.04191689603286
2026-10-04T21:15:00+05:30,Matara_Southern,24.9,270.02314294849657,0.0,1.98,139.77264626672874
2026-10-04T21:30:00+05:30,Matara_Southern,24.8,270.4239322041802,0.0,1.96,143.50335529933548
2026-10-04T21:45:00+05:30,Matara_Southern,24.8,270.86658113875785,0.0,1.94,147.23385355456432
2026-10-04T22:00:00+05:30,Matara_Southern,24.8,271.36927880591816,0.0,1.93,150.96388121720673
2026-10-04T22:15:00+05:30,Matara_Southern,24.8,271.9605880182947,0.0,1.93,154.69305618442766
2026-10-04T22:30:00+05:30,Matara_Southern,24.8,272.688420738267,0.0,1.92,158.42076447568493
2026-10-04T22:45:00+05:30,Matara_Southern,24.8,273.64020045487297,0.0,1.92,162.14591491930554
2026-10-04T23:00:00+05:30,Matara_Southern,24.7,274.9946961432179,0.0,1.9,165.86631007790848
2026-10-04T23:15:00+05:30,Matara_Southern,24.7,277.18370781177777,0.0,1.9,169.57667329843724
2026-10-04T23:30:00+05:30,Matara_Southern,24.7,281.57749765778954,0.0,1.9,173.26021008937826
2026-10-04T23:45:00+05:30,Matara_Southern,24.6,295.70167695617243,0.0,1.9,176.8219496350598
2026-10-05T00:00:00+05:30,Matara_Southern,24.6,32.38168498033713,0.0,1.9,178.36531979285482
2026-10-05T00:15:00+05:30,Matara_Southern,24.5,73.58675353626052,0.0,1.86,175.1894867942128
2026-10-05T00:30:00+05:30,Matara_Southern,24.5,81.05673584239685,0.0,1.86,171.5439175157819
2026-10-05T00:45:00+05:30,Matara_Southern,24.4,84.11605150864796,0.0,1.86,167.84422703470057
2026-10-05T01:00:00+05:30,Matara_Southern,24.4,85.83138454597099,0.0,1.81,164.128320508687
2026-10-05T01:15:00+05:30,Matara_Southern,24.3,86.96634614664652,0.0,1.81,160.40553220481002
2026-10-05T01:30:00+05:30,Matara_Southern,24.2,87.79963183371518,0.0,1.76,156.67927470424473
2026-10-05T01:45:00+05:30,Matara_Southern,24.2,88.45707456363812,0.0,1.71,152.95110521665444
2026-10-05T02:00:00+05:30,Matara_Southern,24.1,89.00389178555395,0.0,1.72,149.22184762261247
2026-10-05T02:15:00+05:30,Matara_Southern,24.1,89.4773698204757,0.0,1.68,145.4919899815256
2026-10-05T02:30:00+05:30,Matara_Southern,24.0,89.90047892368614,0.0,1.69,141.76185040169085
2026-10-05T02:45:00+05:30,Matara_Southern,23.9,90.28824680282128,0.0,1.74,138.03165364660012
2026-10-05T03:00:00+05:30,Matara_Southern,23.8,90.65101906226681,0.0,1.85,134.30157160793993
2026-10-05T03:15:00+05:30,Matara_Southern,23.6,90.9962489981624,0.0,1.94,130.57174606340928
2026-10-05T03:30:00+05:30,Matara_Southern,23.5,91.32953899795939,0.0,2.01,126.84230098035084
2026-10-05T03:45:00+05:30,Matara_Southern,23.5,91.6552772979752,0.0,2.02,123.11335155156156
2026-10-05T04:00:00+05:30,Matara_Southern,23.5,91.97704531551886,0.0,1.98,119.38501060923227
2026-10-05T04:15:00+05:30,Matara_Southern,23.5,92.29788985759916,0.0,1.95,115.65739208313765
2026-10-05T04:30:00+05:30,Matara_Southern,23.5,92.62051316080039,0.0,1.92,111.93061519914814
2026-10-05T04:45:00+05:30,Matara_Southern,23.6,92.94741236181602,0.0,1.9,108.20480834537221
2026-10-05T05:00:00+05:30,Matara_Southern,23.6,93.28098801071678,0.0,1.88,104.4801114155606
2026-10-05T05:15:00+05:30,Matara_Southern,23.7,93.62363407922726,0.0,1.84,100.75667987266057
2026-10-05T05:30:00+05:30,Matara_Southern,23.8,93.97781844170174,0.0,1.78,97.03468925730951
2026-10-05T05:45:00+05:30,Matara_Southern,24.0,94.34616070352718,0.0,1.72,93.31433888066049
2026-10-05T06:00:00+05:30,Matara_Southern,24.2,94.73151281836613,0.0,1.64,89.59585797621438
2026-10-05T06:15:00+05:30,Matara_Southern,24.4,95.13704811903779,22.0,1.59,85.87951314751767
2026-10-05T06:30:00+05:30,Matara_Southern,24.6,95.5663648953498,66.0,1.52,82.16561607417407
2026-10-05T06:45:00+05:30,Matara_Southern,24.9,96.02361133699657,123.0,1.46,78.45453506340914
2026-10-05T07:00:00+05:30,Matara_Southern,25.2,96.51364109595232,190.0,1.39,74.7467097779365
2026-10-05T07:15:00+05:30,Matara_Southern,25.6,97.04221193179433,256.0,1.37,71.04266880678597
2026-10-05T07:30:00+05:30,Matara_Southern,25.9,97.61624410237096,319.0,1.35,67.34305471515736
2026-10-05T07:45:00+05:30,Matara_Southern,26.3,98.24416291963172,378.0,1.36,63.6486574677907
2026-10-05T08:00:00+05:30,Matara_Southern,26.6,98.93636112098079,433.0,1.45,59.96045827547512
2026-10-05T08:15:00+05:30,Matara_Southern,27.0,99.70583324634464,489.0,1.52,56.279692152893816
2026-10-05T08:30:00+05:30,Matara_Southern,27.4,100.5690621433489,540.0,1.61,52.607935876867636
2026-10-05T08:45:00+05:30,Matara_Southern,27.7,101.54728203026212,587.0,1.73,48.947232723704
2026-10-05T09:00:00+05:30,Matara_Southern,28.1,102.66831431206845,630.0,1.83,45.30027769552601
2026-10-05T09:15:00+05:30,Matara_Southern,28.5,103.96929591495348,670.0,1.93,41.67069613466165
2026-10-05T09:30:00+05:30,Matara_Southern,28.8,105.50083223609664,706.0,2.05,38.063473027995336
2026-10-05T09:45:00+05:30,Matara_Southern,29.1,107.3334789992195,736.0,2.18,34.48563965052223
2026-10-05T10:00:00+05:30,Matara_Southern,29.4,109.56812691472442,763.0,2.31,30.947405597757772
2026-10-05T10:15:00+05:30,Matara_Southern,29.7,112.35305935475185,785.0,2.38,27.464093763346966
2026-10-05T10:30:00+05:30,Matara_Southern,29.9,115.91250138210114,806.0,2.48,24.0595840642803
2026-10-05T10:45:00+05:30,Matara_Southern,30.1,120.59441942710026,822.0,2.51,20.77267160449979
2026-10-05T11:00:00+05:30,Matara_Southern,30.3,126.94631193474254,827.0,2.58,17.669119049852412
2026-10-05T11:15:00+05:30,Matara_Southern,30.4,135.80814846283704,816.0,2.58,14.864237301258413
2026-10-05T11:30:00+05:30,Matara_Southern,30.5,148.2910826881971,784.0,2.58,12.559755418435913
2026-10-05T11:45:00+05:30,Matara_Southern,30.5,165.12969611157575,743.0,2.55,11.072650512288476
2026-10-05T12:00:00+05:30,Matara_Southern,30.5,184.90121443262208,704.0,2.48,10.747741850787577
2026-10-05T12:15:00+05:30,Matara_Southern,30.4,203.6057580177548,678.0,2.41,11.682399305801312
2026-10-05T12:30:00+05:30,Matara_Southern,30.3,218.28239246312052,663.0,2.3,13.619723951701204
2026-10-05T12:45:00+05:30,Matara_Southern,30.2,228.83008393130638,652.0,2.17,16.20397889486489
2026-10-05T13:00:00+05:30,Matara_Southern,30.0,236.3239014182653,640.0,2.04,19.175353686198434
2026-10-05T13:15:00+05:30,Matara_Southern,29.8,241.76426179845043,622.0,1.89,22.380172860149045
2026-10-05T13:30:00+05:30,Matara_Southern,29.6,245.83610739581638,601.0,1.74,25.73134590481166
2026-10-05T13:45:00+05:30,Matara_Southern,29.4,248.976869382828,578.0,1.62,29.17847699496859
2026-10-05T14:00:00+05:30,Matara_Southern,29.2,251.46574133862129,553.0,1.44,32.691212574470335
2026-10-05T14:15:00+05:30,Matara_Southern,28.9,253.4848222601264,526.0,1.35,36.25047318414549
2026-10-05T14:30:00+05:30,Matara_Southern,28.7,255.1562361806581,497.0,1.26,39.843778916677905
2026-10-05T14:45:00+05:30,Matara_Southern,28.4,256.56422532339695,466.0,1.26,43.462673105720995
2026-10-05T15:00:00+05:30,Matara_Southern,28.1,257.76845606088506,434.0,1.28,47.10124452884682
2026-10-05T15:15:00+05:30,Matara_Southern,27.9,258.81221738091114,400.0,1.38,50.755247268843924
2026-10-05T15:30:00+05:30,Matara_Southern,27.6,259.72760481651585,366.0,1.45,54.42155913233567
2026-10-05T15:45:00+05:30,Matara_Southern,27.3,260.53888329211856,331.0,1.55,58.09783565339433
2026-10-05T16:00:00+05:30,Matara_Southern,27.0,261.26472313856493,294.0,1.68,61.78228316684395
2026-10-05T16:15:00+05:30,Matara_Southern,26.8,261.91972149265104,255.0,1.84,65.4735075265942
2026-10-05T16:30:00+05:30,Matara_Southern,26.5,262.51545912202005,217.0,1.94,69.17040882925137
2026-10-05T16:45:00+05:30,Matara_Southern,26.3,263.0612492412469,179.0,2.07,72.87210729135873
2026-10-05T17:00:00+05:30,Matara_Southern,26.1,263.5646780145451,139.0,2.2,76.57789152778835
2026-10-05T17:15:00+05:30,Matara_Southern,26.0,264.03200108729146,98.0,2.29,80.28717966637468
2026-10-05T17:30:00+05:30,Matara_Southern,25.8,264.468439512429,58.0,2.38,83.99949045163709
2026-10-05T17:45:00+05:30,Matara_Southern,25.7,264.8784044302267,26.0,2.42,87.71442292706504
2026-10-05T18:00:00+05:30,Matara_Southern,25.6,265.2656703394796,4.0,2.46,91.43163973398688
2026-10-05T18:15:00+05:30,Matara_Southern,25.5,265.6335114563974,0.0,2.45,95.15085412871534
2026-10-05T18:30:00+05:30,Matara_Southern,25.4,265.98481164384236,0.0,2.45,98.87182124915726
2026-10-05T18:45:00+05:30,Matara_Southern,25.3,266.32215535932653,0.0,2.45,102.59432993740683
2026-10-05T19:00:00+05:30,Matara_Southern,25.2,266.64790588977723,0.0,2.4,106.3181961018752
2026-10-05T19:15:00+05:30,Matara_Southern,25.1,266.96427612663047,0.0,2.4,110.0432587381533
2026-10-05T19:30:00+05:30,Matara_Southern,25.1,267.2733963790998,0.0,2.36,113.76937532338965
2026-10-05T19:45:00+05:30,Matara_Southern,25.0,267.57738436471686,0.0,2.32,117.49641784759342
2026-10-05T20:00:00+05:30,Matara_Southern,25.0,267.8784234337683,0.0,2.28,121.22427079642998
2026-10-05T20:15:00+05:30,Matara_Southern,24.9,268.1788566911847,0.0,2.25,124.95282790096027
2026-10-05T20:30:00+05:30,Matara_Southern,24.9,268.4813086570421,0.0,2.21,128.6819889760032
2026-10-05T20:45:00+05:30,Matara_Southern,24.8,268.78885250716735,0.0,2.14,132.41165812464493
2026-10-05T21:00:00+05:30,Matara_Southern,24.8,269.1052521058922,0.0,2.1,136.14174000135768
2026-10-05T21:15:00+05:30,Matara_Southern,24.7,269.435329737968,0.0,2.04,139.8721351509705
2026-10-05T21:30:00+05:30,Matara_Southern,24.7,269.78555161388215,0.0,1.97,143.6027350916334
2026-10-05T21:45:00+05:30,Matara_Southern,24.6,270.1650063617212,0.0,1.9,147.3334125823679
2026-10-05T22:00:00+05:30,Matara_Southern,24.6,270.587132481486,0.0,1.88,151.06400545818514
2026-10-05T22:15:00+05:30,Matara_Southern,24.6,271.07297116645407,0.0,1.82,154.79428873578325
2026-10-05T22:30:00+05:30,Matara_Southern,24.5,271.65779637729173,0.0,1.8,158.5239158114548
2026-10-05T22:45:00+05:30,Matara_Southern,24.5,272.4060784233451,0.0,1.79,162.25228693296867
2026-10-05T23:00:00+05:30,Matara_Southern,24.5,273.45023268478093,0.0,1.75,165.9782112341149
2026-10-05T23:15:00+05:30,Matara_Southern,24.4,275.11299602593067,0.0,1.74,169.69883432061454
2026-10-05T23:30:00+05:30,Matara_Southern,24.4,278.43979677841224,0.0,1.7,173.40495290308448
2026-10-05T23:45:00+05:30,Matara_Southern,24.3,289.62626067705594,0.0,1.67,177.04123260704043
2026-10-06T00:00:00+05:30,Matara_Southern,24.3,43.65315227392864,0.0,1.67,178.62385776205474
2026-10-06T00:15:00+05:30,Matara_Southern,24.2,78.26427452576013,0.0,1.63,175.21327337522413
2026-10-06T00:30:00+05:30,Matara_Southern,24.1,83.7163632042824,0.0,1.63,171.5259271813701
2026-10-06T00:45:00+05:30,Matara_Southern,24.1,85.96775980624267,0.0,1.59,167.8105445833761
2026-10-06T01:00:00+05:30,Matara_Southern,24.0,87.25444041525054,0.0,1.56,164.08686216283758
2026-10-06T01:15:00+05:30,Matara_Southern,23.9,88.12550792437747,0.0,1.52,160.35971913415273
2026-10-06T01:30:00+05:30,Matara_Southern,23.8,88.78091519264132,0.0,1.49,156.63089700864137
2026-10-06T01:45:00+05:30,Matara_Southern,23.7,89.31097836653271,0.0,1.46,152.9012215095562
2026-10-06T02:00:00+05:30,Matara_Southern,23.7,89.76258716035892,0.0,1.46,149.17114098487878
2026-10-06T02:15:00+05:30,Matara_Southern,23.6,90.16262840730622,0.0,1.39,145.4409318743172
2026-10-06T02:30:00+05:30,Matara_Southern,23.5,90.5277402599861,0.0,1.36,141.71078478484404
2026-10-06T02:45:00+05:30,Matara_Southern,23.5,90.86887953351248,0.0,1.33,137.9808438495671
2026-10-06T03:00:00+05:30,Matara_Southern,23.4,91.19365980076611,0.0,1.3,134.25122821703195
2026-10-06T03:15:00+05:30,Matara_Southern,23.4,91.50763648742151,0.0,1.23,130.5220444491402
2026-10-06T03:30:00+05:30,Matara_Southern,23.3,91.8150562512593,0.0,1.21,126.79339286088882
2026-10-06T03:45:00+05:30,Matara_Southern,23.3,92.11931685793354,0.0,1.14,123.0653729726699
2026-10-06T04:00:00+05:30,Matara_Southern,23.3,92.42326318753408,0.0,1.12,119.3380877010379
2026-10-06T04:15:00+05:30,Matara_Southern,23.3,92.72938709537027,0.0,1.07,115.61164541837269
2026-10-06T04:30:00+05:30,Matara_Southern,23.3,93.03996918434501,0.0,1.01,111.88616325954932
2026-10-06T04:45:00+05:30,Matara_Southern,23.4,93.35718537264347,0.0,0.94,108.16177043669197
2026-10-06T05:00:00+05:30,Matara_Southern,23.4,93.68319261906225,0.0,0.89,104.43861026657082
2026-10-06T05:15:00+05:30,Matara_Southern,23.5,94.02020301443764,0.0,0.83,100.71684409194751
2026-10-06T05:30:00+05:30,Matara_Southern,23.6,94.37055315000862,0.0,0.74,96.99665579128052
2026-10-06T05:45:00+05:30,Matara_Southern,23.7,94.73677431665118,0.0,0.65,93.27825559472147
2026-10-06T06:00:00+05:30,Matara_Southern,23.9,95.12166813277372,0.0,0.57,89.56188648423604
2026-10-06T06:15:00+05:30,Matara_Southern,24.1,95.52839269108898,21.0,0.49,85.84783202425965
2026-10-06T06:30:00+05:30,Matara_Southern,24.3,95.96056505454135,62.0,0.43,82.13642460155788
2026-10-06T06:45:00+05:30,Matara_Southern,24.5,96.42238678671879,114.0,0.38,78.42805770074304
2026-10-06T07:00:00+05:30,Matara_Southern,24.8,96.91880178533177,175.0,0.35,74.72320159645435
2026-10-06T07:15:00+05:30,Matara_Southern,25.1,97.45569904491441,236.0,0.43,71.02242220572732
2026-10-06T07:30:00+05:30,Matara_Southern,25.4,98.04017732296415,294.0,0.5,67.3264078464948
2026-10-06T07:45:00+05:30,Matara_Southern,25.7,98.68089663262509,350.0,0.6,63.636004948761155
2026-10-06T08:00:00+05:30,Matara_Southern,26.1,99.38855295483472,404.0,0.72,59.9522650067761
2026-10-06T08:15:00+05:30,Matara_Southern,26.4,100.1765293877969,458.0,0.92,56.27651139792105
2026-10-06T08:30:00+05:30,Matara_Southern,26.7,101.0618052641127,510.0,1.05,52.6104332621819
2026-10-06T08:45:00+05:30,Matara_Southern,27.1,102.06624948651256,558.0,1.19,48.95621860603731
2026-10-06T09:00:00+05:30,Matara_Southern,27.4,103.21849636978493,604.0,1.35,45.31675153194499
2026-10-06T09:15:00+05:30,Matara_Southern,27.7,104.55672555544061,647.0,1.49,41.69590836734838
2026-10-06T09:30:00+05:30,Matara_Southern,28.0,106.13287755849666,687.0,1.64,38.099012955199136
2026-10-06T09:45:00+05:30,Matara_Southern,28.3,108.01920015545954,724.0,1.8,34.53356238695237
2026-10-06T10:00:00+05:30,Matara_Southern,28.6,110.31866406622885,758.0,1.9,31.010418334465633
2026-10-06T10:15:00+05:30,Matara_Southern,28.9,113.18190461664204,788.0,2.06,27.545831376178434
2026-10-06T10:30:00+05:30,Matara_Southern,29.1,116.83516586092935,814.0,2.15,24.165013259557483
2026-10-06T10:45:00+05:30,Matara_Southern,29.3,121.62600470087546,837.0,2.25,20.908650648695485
2026-10-06T11:00:00+05:30,Matara_Southern,29.4,128.09268629426305,856.0,2.36,17.84501674763085
2026-10-06T11:15:00+05:30,Matara_Southern,29.6,137.03972390875316,870.0,2.4,15.091951396030368
2026-10-06T11:30:00+05:30,Matara_Southern,29.7,149.48149107040263,880.0,2.45,12.850641285329118
2026-10-06T11:45:00+05:30,Matara_Southern,29.7,165.98849296082437,887.0,2.5,11.426313815409898
2026-10-06T12:00:00+05:30,Matara_Southern,29.8,185.11419620990156,889.0,2.5,11.136964067419498
2026-10-06T12:15:00+05:30,Matara_Southern,29.8,203.19630362810136,887.0,2.56,12.064527220437427
2026-10-06T12:30:00+05:30,Matara_Southern,29.8,217.53958942180628,882.0,2.56,13.96864205980043
2026-10-06T12:45:00+05:30,Matara_Southern,29.7,227.98672146933245,872.0,2.56,16.514904530426975
2026-10-06T13:00:00+05:30,Matara_Southern,29.7,235.48963237390782,859.0,2.58,19.452755760986832
2026-10-06T13:15:00+05:30,Matara_Southern,29.6,240.9780121201245,841.0,2.53,22.630186271507355
2026-10-06T13:30:00+05:30,Matara_Southern,29.5,245.10682815280683,820.0,2.55,25.959358804157162
2026-10-06T13:45:00+05:30,Matara_Southern,29.4,248.30237714486316,795.0,2.52,29.388737339362216
2026-10-06T14:00:00+05:30,Matara_Southern,29.3,250.84030811604268,767.0,2.52,32.88697620687698
2026-10-06T14:15:00+05:30,Matara_Southern,29.2,252.90206781211154,735.0,2.49,36.43423290398123
2026-10-06T14:30:00+05:30,Matara_Southern,29.1,254.61015774552754,700.0,2.44,40.01746072768896
2026-10-06T14:45:00+05:30,Matara_Southern,28.9,256.0495009796249,661.0,2.4,43.62778408740913
2026-10-06T15:00:00+05:30,Matara_Southern,28.8,257.28047233642366,620.0,2.37,47.25898006423982
2026-10-06T15:15:00+05:30,Matara_Southern,28.6,258.34700038928406,575.0,2.28,50.90656819922924
2026-10-06T15:30:00+05:30,Matara_Southern,28.5,259.2817257391522,528.0,2.24,54.56724752994044
2026-10-06T15:45:00+05:30,Matara_Southern,28.3,260.1093650656625,479.0,2.19,58.23853555226263
2026-10-06T16:00:00+05:30,Matara_Southern,28.1,260.848957330098,427.0,2.13,61.91853066835036
2026-10-06T16:15:00+05:30,Matara_Southern,28.0,261.51539718695653,372.0,2.08,65.6057533449665
2026-10-06T16:30:00+05:30,Matara_Southern,27.8,262.1205029199389,317.0,2.0,69.29903539626079
2026-10-06T16:45:00+05:30,Matara_Southern,27.7,262.67377460997153,261.0,1.91,72.9974419000788
2026-10-06T17:00:00+05:30,Matara_Southern,27.6,263.1829420976152,203.0,1.9,76.7002165555298
2026-10-06T17:15:00+05:30,Matara_Southern,27.4,263.65436720288693,142.0,1.82,80.4067406284027
2026-10-06T17:30:00+05:30,Matara_Southern,27.3,264.09334376132716,83.0,1.74,84.11650241715822
2026-10-06T17:45:00+05:30,Matara_Southern,27.2,264.50432500441883,36.0,1.67,87.8290757009994
2026-10-06T18:00:00+05:30,Matara_Southern,27.1,264.89109822887946,5.0,1.59,91.5441020904809
2026-09-29T18:15:00+05:30,Gampaha_Western,27.4,267.9280794811934,0.0,1.37,93.95886480680284
2026-09-29T18:30:00+05:30,Gampaha_Western,27.2,268.3749271714257,0.0,1.21,97.67957276068168
2026-09-29T18:45:00+05:30,Gampaha_Western,27.0,268.81865352950274,0.0,1.08,101.40108324865957
2026-09-29T19:00:00+05:30,Gampaha_Western,26.9,269.2629575280433,0.0,1.05,105.12317201878331
2026-09-29T19:15:00+05:30,Gampaha_Western,26.8,269.71170198409925,0.0,1.02,108.84561948547857
2026-09-29T19:30:00+05:30,Gampaha_Western,26.7,270.1690621076216,0.0,1.06,112.56820265160565
2026-09-29T19:45:00+05:30,Gampaha_Western,26.6,270.63970497064815,0.0,1.14,116.29068615214219
2026-09-29T20:00:00+05:30,Gampaha_Western,26.5,271.1290181954725,0.0,1.23,120.01281313269952
2026-09-29T20:15:00+05:30,Gampaha_Western,26.4,271.643413901107,0.0,1.3,123.7342918689088
2026-09-29T20:30:00+05:30,Gampaha_Western,26.3,272.19074833122534,0.0,1.39,127.45477800024629
2026-09-29T20:45:00+05:30,Gampaha_Western,26.2,272.7809211317219,0.0,1.4,131.1738513130383
2026-09-29T21:00:00+05:30,Gampaha_Western,26.1,273.42675845824215,0.0,1.42,134.89097991343792
2026-09-29T21:15:00+05:30,Gampaha_Western,26.1,274.14535807438284,0.0,1.41,138.60546619099443
2026-09-29T21:30:00+05:30,Gampaha_Western,26.0,274.96021199648396,0.0,1.42,142.31636347483862
2026-09-29T21:45:00+05:30,Gampaha_Western,25.9,275.90469018997004,0.0,1.42,146.02233697102372
2026-09-29T22:00:00+05:30,Gampaha_Western,25.8,277.0280249499582,0.0,1.38,149.7214245227347
2026-09-29T22:15:00+05:30,Gampaha_Western,25.7,278.4061592022789,0.0,1.38,153.4106026054851
2026-09-29T22:30:00+05:30,Gampaha_Western,25.6,280.1627256203018,0.0,1.38,157.08493790527714
2026-09-29T22:45:00+05:30,Gampaha_Western,25.5,282.51297298909793,0.0,1.38,160.73578963694004
2026-09-29T23:00:00+05:30,Gampaha_Western,25.4,285.8653108942395,0.0,1.41,164.3465726702958
2026-09-29T23:15:00+05:30,Gampaha_Western,25.3,291.08685395850017,0.0,1.38,167.8812709518118
2026-09-29T23:30:00+05:30,Gampaha_Western,25.2,300.3036466393816,0.0,1.38,171.24706540012772
2026-09-29T23:45:00+05:30,Gampaha_Western,25.1,319.44944945549946,0.0,1.32,174.14488837690612
2026-09-30T00:00:00+05:30,Gampaha_Western,25.0,359.28029764233867,0.0,1.3,175.5424372122237
2026-09-30T00:15:00+05:30,Gampaha_Western,24.9,39.75397308877956,0.0,1.25,174.222762056164
2026-09-30T00:30:00+05:30,Gampaha_Western,24.9,59.406127554119166,0.0,1.21,171.3512241278736
2026-09-30T00:45:00+05:30,Gampaha_Western,24.8,68.81943400330397,0.0,1.16,167.99405563557025
2026-09-30T01:00:00+05:30,Gampaha_Western,24.8,74.12701137814389,0.0,1.12,164.46301158331653
2026-09-30T01:15:00+05:30,Gampaha_Western,24.7,77.52344268531459,0.0,1.1,160.85414544906052
2026-09-30T01:30:00+05:30,Gampaha_Western,24.7,79.8992823174541,0.0,1.1,157.2044861400185
2026-09-30T01:45:00+05:30,Gampaha_Western,24.7,81.6722345916117,0.0,1.07,153.53100633653472
2026-09-30T02:00:00+05:30,Gampaha_Western,24.6,83.06175120265101,0.0,1.08,149.84251844935886
2026-09-30T02:15:00+05:30,Gampaha_Western,24.6,84.19357384211003,0.0,1.09,146.14404181570336
2026-09-30T02:30:00+05:30,Gampaha_Western,24.6,85.14479566082434,0.0,1.08,142.43864775886846
2026-09-30T02:45:00+05:30,Gampaha_Western,24.6,85.96532107866653,0.0,1.07,138.72832623124816
2026-09-30T03:00:00+05:30,Gampaha_Western,24.6,86.68893638671841,0.0,1.07,135.01443035578288
2026-09-30T03:15:00+05:30,Gampaha_Western,24.6,87.3394055422408,0.0,1.02,131.29792017319764
2026-09-30T03:30:00+05:30,Gampaha_Western,24.6,87.93401339437241,0.0,1.02,127.57950261220194
2026-09-30T03:45:00+05:30,Gampaha_Western,24.5,88.48572135369363,0.0,1.07,123.85971769403389
2026-09-30T04:00:00+05:30,Gampaha_Western,24.5,89.00453216159485,0.0,1.08,120.13899339996354
2026-09-30T04:15:00+05:30,Gampaha_Western,24.4,89.49838532036063,0.0,1.14,116.41768053718178
2026-09-30T04:30:00+05:30,Gampaha_Western,24.4,89.97376397414735,0.0,1.14,112.69607783285966
2026-09-30T04:45:00+05:30,Gampaha_Western,24.4,90.43611985333399,0.0,1.08,108.97444999789175
2026-09-30T05:00:00+05:30,Gampaha_Western,24.4,90.89018121218965,0.0,0.91,105.25303986250432
2026-09-30T05:15:00+05:30,Gampaha_Western,24.5,91.34018425322887,0.0,0.81,101.53207923832277
2026-09-30T05:30:00+05:30,Gampaha_Western,24.5,91.79005502993715,0.0,0.72,97.81179812638963
2026-09-30T05:45:00+05:30,Gampaha_Western,24.6,92.24356037200289,0.0,0.76,94.09243157690007
2026-09-30T06:00:00+05:30,Gampaha_Western,24.6,92.70444083368392,0.0,0.96,90.3742278301209
2026-09-30T06:15:00+05:30,Gampaha_Western,24.6,93.17653636358273,11.0,1.28,86.65745678992872
2026-09-30T06:30:00+05:30,Gampaha_Western,24.8,93.66391406941113,39.0,1.5,82.94241789928071
2026-09-30T06:45:00+05:30,Gampaha_Western,25.0,94.17100674621037,70.0,1.66,79.22945102437212
2026-09-30T07:00:00+05:30,Gampaha_Western,25.3,94.70277232739386,104.0,1.75,75.51894961568446
2026-09-30T07:15:00+05:30,Gampaha_Western,25.7,95.26488665555951,142.0,1.77,71.81137565478754
2026-09-30T07:30:00+05:30,Gampaha_Western,26.0,95.8639851284272,183.0,1.81,68.10728075033602
2026-09-30T07:45:00+05:30,Gampaha_Western,26.4,96.50797540877954,230.0,1.81,64.40733384061637
2026-09-30T08:00:00+05:30,Gampaha_Western,26.7,97.20645298921806,282.0,1.79,60.712356871009106
2026-09-30T08:15:00+05:30,Gampaha_Western,27.0,97.97126560454137,341.0,1.71,57.02337568731147
2026-09-30T08:30:00+05:30,Gampaha_Western,27.4,98.81729695244519,412.0,1.58,53.34169119141459
2026-09-30T08:45:00+05:30,Gampaha_Western,27.9,99.7635789941973,490.0,1.54,49.668979523124804
2026-09-30T09:00:00+05:30,Gampaha_Western,28.3,100.83490521146359,564.0,1.88,46.00744074734523
2026-09-30T09:15:00+05:30,Gampaha_Western,28.8,102.06422690266675,621.0,2.52,42.360021903411265
2026-09-30T09:30:00+05:30,Gampaha_Western,29.2,103.49630490163787,655.0,3.06,38.730759706507264
2026-09-30T09:45:00+05:30,Gampaha_Western,29.5,105.19342805371423,676.0,3.36,35.125328563322
2026-09-30T10:00:00+05:30,Gampaha_Western,29.7,107.24463582285864,698.0,3.53,31.551944341894384
2026-09-30T10:15:00+05:30,Gampaha_Western,29.9,109.78105191102225,735.0,3.56,28.022913015481734
2026-09-30T10:30:00+05:30,Gampaha_Western,30.1,113.00211798332487,786.0,3.64,24.557406344593886
2026-09-30T10:45:00+05:30,Gampaha_Western,30.3,117.22137807599972,841.0,3.67,21.18666246981968
2026-09-30T11:00:00+05:30,Gampaha_Western,30.4,122.94565782154967,888.0,3.72,17.964145573580453
2026-09-30T11:15:00+05:30,Gampaha_Western,30.6,130.99816430257283,917.0,3.7,14.985826524699675
2026-09-30T11:30:00+05:30,Gampaha_Western,30.7,142.62120627372764,931.0,3.75,12.428557010227436
2026-09-30T11:45:00+05:30,Gampaha_Western,30.7,159.1116387254874,933.0,3.85,10.601570593919888
2026-09-30T12:00:00+05:30,Gampaha_Western,30.6,179.91474812837248,929.0,4.05,9.917067591454355
2026-09-30T12:15:00+05:30,Gampaha_Western,30.5,200.72348769956565,923.0,4.21,10.598773280333162
2026-09-30T12:30:00+05:30,Gampaha_Western,30.4,217.22458263858812,913.0,4.35,12.423788401656694
2026-09-30T12:45:00+05:30,Gampaha_Western,30.3,228.85629559300708,898.0,4.5,14.979902493996661
2026-09-30T13:00:00+05:30,Gampaha_Western,30.2,236.91428154049612,876.0,4.6,17.957569312725283
2026-09-30T13:15:00+05:30,Gampaha_Western,30.1,242.6416745742356,846.0,4.68,21.179710626486894
2026-09-30T13:30:00+05:30,Gampaha_Western,29.9,246.86249666022306,807.0,4.77,24.550232903439962
2026-09-30T13:45:00+05:30,Gampaha_Western,29.8,250.08409248604045,763.0,4.81,28.015608171133792
2026-09-30T14:00:00+05:30,Gampaha_Western,29.6,252.62031030436896,719.0,4.83,31.544565331793244
2026-09-30T14:15:00+05:30,Gampaha_Western,29.5,254.67076713432587,675.0,4.82,35.11791435382569
2026-09-30T14:30:00+05:30,Gampaha_Western,29.4,256.3666878365874,632.0,4.76,38.72333847722453
2026-09-30T14:45:00+05:30,Gampaha_Western,29.3,257.79716992285466,589.0,4.6,42.352616439191
2026-09-30T15:00:00+05:30,Gampaha_Western,29.3,259.0245332203381,546.0,4.39,46.00007055621898
2026-09-30T15:15:00+05:30,Gampaha_Western,29.3,260.0935520513953,506.0,4.14,49.66166196457844
2026-09-30T15:30:00+05:30,Gampaha_Western,29.2,261.0371794712048,472.0,4.0,53.33444353887716
2026-09-30T15:45:00+05:30,Gampaha_Western,29.1,261.8802015373744,435.0,3.91,57.01621541702898
2026-09-30T16:00:00+05:30,Gampaha_Western,29.0,262.64163535177045,391.0,3.95,60.70530177863229
2026-09-30T16:15:00+05:30,Gampaha_Western,28.9,263.33634344767967,334.0,3.94,64.4004035526486
2026-09-30T16:30:00+05:30,Gampaha_Western,28.7,263.9761460209145,271.0,3.87,68.10049671784657
2026-09-30T16:45:00+05:30,Gampaha_Western,28.6,264.57060454111706,209.0,3.68,71.80476114604426
2026-09-30T17:00:00+05:30,Gampaha_Western,28.4,265.12758591382226,154.0,3.4,75.51253122609053
2026-09-30T17:15:00+05:30,Gampaha_Western,28.2,265.6536769866598,109.0,3.08,79.2232587544517
2026-09-30T17:30:00+05:30,Gampaha_Western,28.0,266.1544961500555,70.0,2.74,82.93648531176508
2026-09-30T17:45:00+05:30,Gampaha_Western,27.8,266.634933681949,38.0,2.4,86.65182276882527
2026-09-30T18:00:00+05:30,Gampaha_Western,27.6,267.0993423594303,10.0,2.04,90.36893699344517
2026-09-30T18:15:00+05:30,Gampaha_Western,27.4,267.55169441591295,0.0,1.66,94.08753487254256
2026-09-30T18:30:00+05:30,Gampaha_Western,27.3,267.9957170289251,0.0,1.33,97.80735516477532
2026-09-30T18:45:00+05:30,Gampaha_Western,27.1,268.43501573310914,0.0,1.06,101.5281594433708
2026-09-30T19:00:00+05:30,Gampaha_Western,27.0,268.87319467314177,0.0,0.87,105.2497240264379
2026-09-30T19:15:00+05:30,Gampaha_Western,26.8,269.31398260174353,0.0,0.8,108.97183387235685
2026-09-30T19:30:00+05:30,Gampaha_Western,26.7,269.76137414702447,0.0,0.84,112.69427493945105
2026-09-30T19:45:00+05:30,Gampaha_Western,26.6,270.21979894031233,0.0,0.87,116.41682594434282
2026-09-30T20:00:00+05:30,Gampaha_Western,26.5,270.69433575949256,0.0,0.85,120.13925032957468
2026-09-30T20:15:00+05:30,Gampaha_Western,26.3,271.19099600054597,0.0,0.88,123.86128448437273
2026-09-30T20:30:00+05:30,Gampaha_Western,26.2,271.7171142271099,0.0,0.9,127.58262232211658
2026-09-30T20:45:00+05:30,Gampaha_Western,26.1,272.28190556482014,0.0,1.05,131.3028955261737
2026-09-30T21:00:00+05:30,Gampaha_Western,25.9,272.89728741357857,0.0,1.2,135.02164290859187
2026-09-30T21:15:00+05:30,Gampaha_Western,25.7,273.5791325955848,0.0,1.33,138.7382643191353
2026-09-30T21:30:00+05:30,Gampaha_Western,25.6,274.3492508534311,0.0,1.48,142.45194982320723
2026-09-30T21:45:00+05:30,Gampaha_Western,25.5,275.23864992967435,0.0,1.53,146.16156105038414
2026-09-30T22:00:00+05:30,Gampaha_Western,25.4,276.2931584052783,0.0,1.59,149.86542661244582
2026-09-30T22:15:00+05:30,Gampaha_Western,25.3,277.5836696063715,0.0,1.6,153.56096983255165
2026-09-30T22:30:00+05:30,Gampaha_Western,25.2,279.2260883467516,0.0,1.63,157.2439767176907
2026-09-30T22:45:00+05:30,Gampaha_Western,25.2,281.42350872049064,0.0,1.66,160.90703287375143
2026-09-30T23:00:00+05:30,Gampaha_Western,25.1,284.5651893144105,0.0,1.72,164.5357962661651
2026-09-30T23:15:00+05:30,Gampaha_Western,25.0,289.49191354519655,0.0,1.72,168.09869599015337
2026-09-30T23:30:00+05:30,Gampaha_Western,25.0,298.3343913247555,0.0,1.73,171.5122116427076
2026-09-30T23:45:00+05:30,Gampaha_Western,24.9,317.4917809859868,0.0,1.68,174.4910983735242
2026-10-01T00:00:00+05:30,Gampaha_Western,24.8,0.3701488486889275,0.0,1.56,175.9308110463941
2026-10-01T00:15:00+05:30,Gampaha_Western,24.8,42.9678007899239,0.0,1.45,174.46163773291568
2026-10-01T00:30:00+05:30,Gampaha_Western,24.7,61.93271063053896,0.0,1.34,171.47400758272016
2026-10-01T00:45:00+05:30,Gampaha_Western,24.7,70.70667956476132,0.0,1.17,168.0579014329548
2026-10-01T01:00:00+05:30,Gampaha_Western,24.8,75.60490388746342,0.0,0.96,164.4940606089994
2026-10-01T01:15:00+05:30,Gampaha_Western,24.8,78.73283701199477,0.0,0.79,160.86495187222516
2026-10-01T01:30:00+05:30,Gampaha_Western,24.8,80.92304414030565,0.0,0.74,157.20182851345623
2026-10-01T01:45:00+05:30,Gampaha_Western,24.8,82.56160469574723,0.0,0.89,153.51891472294318
2026-10-01T02:00:00+05:30,Gampaha_Western,24.8,83.8501999719141,0.0,1.21,149.82357339666794
2026-10-01T02:15:00+05:30,Gampaha_Western,24.8,84.90403785481408,0.0,1.5,146.11999440952303
2026-10-01T02:30:00+05:30,Gampaha_Western,24.7,85.7936407428881,0.0,1.61,142.41074304758985
2026-10-01T02:45:00+05:30,Gampaha_Western,24.7,86.56462949444585,0.0,1.41,138.6974845160899
2026-10-01T03:00:00+05:30,Gampaha_Western,24.6,87.24789199099746,0.0,1.01,134.9813549745212
2026-10-01T03:15:00+05:30,Gampaha_Western,24.5,87.86516894822626,0.0,0.64,131.26316480330695
2026-10-01T03:30:00+05:30,Gampaha_Western,24.4,88.43229576244812,0.0,0.47,127.54351508875453
2026-10-01T03:45:00+05:30,Gampaha_Western,24.4,88.96117304854192,0.0,0.6,123.82286960562055
2026-10-01T04:00:00+05:30,Gampaha_Western,24.5,89.46101377970297,0.0,0.86,120.10160074242503
2026-10-01T04:15:00+05:30,Gampaha_Western,24.5,89.93916176907868,0.0,1.25,116.3800185940766
2026-10-01T04:30:00+05:30,Gampaha_Western,24.5,90.40164697565024,0.0,1.5,112.6583922274079
2026-10-01T04:45:00+05:30,Gampaha_Western,24.4,90.853575168146,0.0,1.66,108.93696517185134
2026-10-01T05:00:00+05:30,Gampaha_Western,24.3,91.2994113554521,0.0,1.7,105.21596581281901
2026-10-01T05:15:00+05:30,Gampaha_Western,24.2,91.74319403981224,0.0,1.7,101.49561708346934
2026-10-01T05:30:00+05:30,Gampaha_Western,24.1,92.18870508185717,0.0,1.68,97.77614491238323
2026-10-01T05:45:00+05:30,Gampaha_Western,24.1,92.63961230541219,0.0,1.6,94.0577846367084
2026-10-01T06:00:00+05:30,Gampaha_Western,24.1,93.09959693561439,0.0,1.52,90.34078894049185
2026-10-01T06:15:00+05:30,Gampaha_Western,24.2,93.5724759867307,10.0,1.39,86.62543635535026
2026-10-01T06:30:00+05:30,Gampaha_Western,24.3,94.06232864037821,41.0,1.27,82.91203936901874
2026-10-01T06:45:00+05:30,Gampaha_Western,24.6,94.5736351302171,80.0,1.22,79.20095576957428
2026-10-01T07:00:00+05:30,Gampaha_Western,25.0,95.11143829670891,127.0,1.17,75.49260252388552
2026-10-01T07:15:00+05:30,Gampaha_Western,25.4,95.68154037205937,176.0,1.07,71.78747175809507
2026-10-01T07:30:00+05:30,Gampaha_Western,25.8,96.29075087723015,227.0,0.87,68.08615329636878
2026-10-01T07:45:00+05:30,Gampaha_Western,26.1,96.94720835904587,279.0,0.54,64.38936434635109
2026-10-01T08:00:00+05:30,Gampaha_Western,26.4,97.66080857391921,330.0,0.16,60.69798791238081
2026-10-01T08:15:00+05:30,Gampaha_Western,26.7,98.44378628120921,381.0,0.41,57.01312748193962
2026-10-01T08:30:00+05:30,Gampaha_Western,27.0,99.31152278864909,427.0,0.85,53.33618349072631
2026-10-01T08:45:00+05:30,Gampaha_Western,27.4,100.28369087641289,471.0,1.25,49.668961052471545
2026-10-01T09:00:00+05:30,Gampaha_Western,27.8,101.38591263142382,516.0,1.61,46.01382954277408
2026-10-01T09:15:00+05:30,Gampaha_Western,28.2,102.65221624960083,567.0,1.97,42.37396166888684
2026-10-01T09:30:00+05:30,Gampaha_Western,28.6,104.12876823408368,627.0,2.23,38.75370018872689
2026-10-01T09:45:00+05:30,Gampaha_Western,29.0,105.87969323449295,690.0,2.32,35.159142617512856
2026-10-01T10:00:00+05:30,Gampaha_Western,29.4,107.99640598228814,748.0,2.36,31.599102037041447
2026-10-01T10:15:00+05:30,Gampaha_Western,29.7,110.61300098403916,792.0,2.3,28.086745328342005
2026-10-01T10:30:00+05:30,Gampaha_Western,29.9,113.93227023458667,823.0,2.35,24.64250832906275
2026-10-01T10:45:00+05:30,Gampaha_Western,30.0,118.27027659187127,845.0,2.45,21.299500376408673
2026-10-01T11:00:00+05:30,Gampaha_Western,30.0,124.13102333891129,862.0,2.6,18.113891755462987
2026-10-01T11:15:00+05:30,Gampaha_Western,29.9,132.3149499395377,877.0,2.71,15.18510303565948
2026-10-01T11:30:00+05:30,Gampaha_Western,29.8,143.98250496602316,889.0,2.82,12.692217534559603
2026-10-01T11:45:00+05:30,Gampaha_Western,29.7,160.23809207040654,897.0,2.82,10.937492866435377
2026-10-01T12:00:00+05:30,Gampaha_Western,29.5,180.37396665437137,899.0,2.77,10.305183259387022
2026-10-01T12:15:00+05:30,Gampaha_Western,29.4,200.40864693533996,894.0,2.73,10.990753891863747
2026-10-01T12:30:00+05:30,Gampaha_Western,29.3,216.465451807341,882.0,2.71,12.78390630676904
2026-10-01T12:45:00+05:30,Gampaha_Western,29.4,227.96138030349255,865.0,2.74,15.300040976376238
2026-10-01T13:00:00+05:30,Gampaha_Western,29.6,236.02701461145617,842.0,2.8,18.242398398182885
2026-10-01T13:15:00+05:30,Gampaha_Western,29.8,241.8099827247441,815.0,2.93,21.436161603687935
2026-10-01T13:30:00+05:30,Gampaha_Western,29.8,246.09610774418067,787.0,2.93,24.78431008699323
2026-10-01T13:45:00+05:30,Gampaha_Western,29.6,249.37957357003785,754.0,2.7,28.23194714745447
2026-10-01T14:00:00+05:30,Gampaha_Western,29.1,251.9704766733694,710.0,2.42,31.746652824215943
2026-10-01T14:15:00+05:30,Gampaha_Western,28.7,254.0680119946969,649.0,2.12,35.30837925116832
2026-10-01T14:30:00+05:30,Gampaha_Western,28.2,255.80406051931243,572.0,1.98,38.90418752947465
2026-10-01T14:45:00+05:30,Gampaha_Western,27.8,257.2686344770551,490.0,1.94,42.52540548386089
2026-10-01T15:00:00+05:30,Gampaha_Western,27.5,258.5249405627191,417.0,2.08,46.16602539529391
2026-10-01T15:15:00+05:30,Gampaha_Western,27.1,259.61852484245946,359.0,2.34,49.821763558789065
2026-10-01T15:30:00+05:30,Gampaha_Western,26.9,260.58298286106077,313.0,2.44,53.48948859800926
2026-10-01T15:45:00+05:30,Gampaha_Western,26.7,261.4436246991021,273.0,2.23,57.16686008521853
2026-10-01T16:00:00+05:30,Gampaha_Western,26.7,262.2198903497041,235.0,1.9,60.85209360646539
2026-10-01T16:15:00+05:30,Gampaha_Western,26.6,262.92698125517063,198.0,1.76,64.54380527132251
2026-10-01T16:30:00+05:30,Gampaha_Western,26.5,263.57698730730203,163.0,1.79,68.24090419990323
2026-10-01T16:45:00+05:30,Gampaha_Western,26.3,264.17968242897507,130.0,1.84,71.94251719442181
2026-10-01T17:00:00+05:30,Gampaha_Western,26.0,264.74309809728555,100.0,1.91,75.64793633346459
2026-10-01T17:15:00+05:30,Gampaha_Western,25.7,265.27394495149986,73.0,1.87,79.35657965209464
2026-10-01T17:30:00+05:30,Gampaha_Western,25.5,265.7779295910677,49.0,1.87,83.06796188781031
2026-10-01T17:45:00+05:30,Gampaha_Western,25.4,266.25999850048595,27.0,1.94,86.78167379855758
2026-10-01T18:00:00+05:30,Gampaha_Western,25.3,266.7245308180172,7.0,1.98,90.49736500229452
2026-10-01T18:15:00+05:30,Gampaha_Western,25.2,267.17549614638267,0.0,1.98,94.21473039786206
2026-10-01T18:30:00+05:30,Gampaha_Western,25.2,267.6165896124031,0.0,1.98,97.93350062710923
2026-10-01T18:45:00+05:30,Gampaha_Western,25.1,268.0513535000619,0.0,1.87,101.65343281667563
2026-10-01T19:00:00+05:30,Gampaha_Western,25.1,268.4832941917112,0.0,1.7,105.37430248658748
2026-10-01T19:15:00+05:30,Gampaha_Western,25.1,268.91600299732676,0.0,1.52,109.09589761126628
2026-10-01T19:30:00+05:30,Gampaha_Western,25.0,269.3532898863584,0.0,1.42,112.81801135565937
2026-10-01T19:45:00+05:30,Gampaha_Western,25.0,269.7993419283723,0.0,1.46,116.54043448036525
2026-10-01T20:00:00+05:30,Gampaha_Western,24.9,270.25892239470284,0.0,1.53,120.2629482934972
2026-10-01T20:15:00+05:30,Gampaha_Western,24.9,270.73763301880007,0.0,1.6,123.98531434432607
2026-10-01T20:30:00+05:30,Gampaha_Western,24.9,271.2422743358748,0.0,1.63,127.70726116665105
2026-10-01T20:45:00+05:30,Gampaha_Western,24.9,271.78135939748984,0.0,1.59,131.42846773502862
2026-10-01T21:00:00+05:30,Gampaha_Western,24.9,272.3658711380971,0.0,1.49,135.14853765248648
2026-10-01T21:15:00+05:30,Gampaha_Western,24.9,273.01041854225144,0.0,1.42,138.8669604837304
2026-10-01T21:30:00+05:30,Gampaha_Western,24.8,273.7350680498044,0.0,1.41,142.58305268656406
2026-10-01T21:45:00+05:30,Gampaha_Western,24.8,274.5683653176393,0.0,1.45,146.29585821335928
2026-10-01T22:00:00+05:30,Gampaha_Western,24.7,275.55256351445985,0.0,1.52,150.0039768174734
2026-10-01T22:15:00+05:30,Gampaha_Western,24.6,276.7531930879123,0.0,1.61,153.70525085818804
2026-10-01T22:30:00+05:30,Gampaha_Western,24.5,278.27781635412873,0.0,1.66,157.39614593130807
2026-10-01T22:45:00+05:30,Gampaha_Western,24.4,280.3160533287087,0.0,1.7,161.07041868284716
2026-10-01T23:00:00+05:30,Gampaha_Western,24.4,283.2348445647161,0.0,1.81,164.71590480796323
2026-10-01T23:15:00+05:30,Gampaha_Western,24.3,287.8399682309584,0.0,1.91,168.30547658998353
2026-10-01T23:30:00+05:30,Gampaha_Western,24.2,296.24065462721705,0.0,2.02,171.76549800259278
2026-10-01T23:45:00+05:30,Gampaha_Western,24.2,315.2690032376603,0.0,2.04,174.82883108977782
2026-10-02T00:00:00+05:30,Gampaha_Western,24.1,1.6688648374720287,0.0,2.05,176.31696415904494
2026-10-02T00:15:00+05:30,Gampaha_Western,24.1,46.445052263362754,0.0,2.03,174.6822649569206
2026-10-02T00:30:00+05:30,Gampaha_Western,24.0,64.5206507135851,0.0,1.99,171.58093593243444
2026-10-02T00:45:00+05:30,Gampaha_Western,24.0,72.60771483966352,0.0,1.86,168.11009884451664
2026-10-02T01:00:00+05:30,Gampaha_Western,23.9,77.08471024217215,0.0,1.71,164.51637659930893
2026-10-02T01:15:00+05:30,Gampaha_Western,23.9,79.94080961763444,0.0,1.59,160.86900223919832
2026-10-02T01:30:00+05:30,Gampaha_Western,23.8,81.94447908030668,0.0,1.53,157.19381692324876
2026-10-02T01:45:00+05:30,Gampaha_Western,23.8,83.4485165504214,0.0,1.63,153.50251118466005
2026-10-02T02:00:00+05:30,Gampaha_Western,23.8,84.63631273301775,0.0,1.74,149.80112265854956
2026-10-02T02:15:00+05:30,Gampaha_Western,23.8,85.61236201591186,0.0,1.87,146.09308639658707
2026-10-02T02:30:00+05:30,Gampaha_Western,23.8,86.44055115004562,0.0,1.88,142.380508559339
2026-10-02T02:45:00+05:30,Gampaha_Western,23.7,87.16219450696576,0.0,1.68,138.66476036187754
2026-10-02T03:00:00+05:30,Gampaha_Western,23.6,87.80527471468088,0.0,1.3,134.94678193401774
2026-10-02T03:15:00+05:30,Gampaha_Western,23.5,88.38950861398922,0.0,0.97,131.2272487212231
2026-10-02T03:30:00+05:30,Gampaha_Western,23.4,88.9292837852488,0.0,0.78,127.5066666309119
2026-10-02T03:45:00+05:30,Gampaha_Western,23.3,89.4354423486609,0.0,0.78,123.78543111191908
2026-10-02T04:00:00+05:30,Gampaha_Western,23.4,89.91640982509489,0.0,0.93,120.06386499567705
2026-10-02T04:15:00+05:30,Gampaha_Western,23.4,90.37893642773031,0.0,1.08,116.34224236198904
2026-10-02T04:30:00+05:30,Gampaha_Western,23.4,90.82860071979383,0.0,1.12,112.62080635617268
2026-10-02T04:45:00+05:30,Gampaha_Western,23.4,91.27016399519505,0.0,1.0,108.89978236796216
2026-10-02T05:00:00+05:30,Gampaha_Western,23.3,91.7078292236543,0.0,0.81,105.17938686867224
2026-10-02T05:15:00+05:30,Gampaha_Western,23.3,92.1454381596219,0.0,0.63,101.4598360711507
2026-10-02T05:30:00+05:30,Gampaha_Western,23.3,92.58662919320471,0.0,0.63,97.74135371814005
2026-10-02T05:45:00+05:30,Gampaha_Western,23.4,93.03497165045519,0.0,0.78,94.02417712678775
2026-10-02T06:00:00+05:30,Gampaha_Western,23.4,93.49408772584178,0.0,1.04,90.30856499631561
2026-10-02T06:15:00+05:30,Gampaha_Western,23.5,93.96777158197926,11.0,1.35,86.59480598412735
2026-10-02T06:30:00+05:30,Gampaha_Western,23.7,94.46011431841862,44.0,1.48,82.88322710187069
2026-10-02T06:45:00+05:30,Gampaha_Western,24.0,94.9756431707907,89.0,1.45,79.17420556413344
2026-10-02T07:00:00+05:30,Gampaha_Western,24.4,95.51948509900149,144.0,1.31,75.46818343403363
2026-10-02T07:15:00+05:30,Gampaha_Western,24.9,96.09756747618576,200.0,1.13,71.76568469231472
2026-10-02T07:30:00+05:30,Gampaha_Western,25.3,96.71687206879966,255.0,0.99,68.06733927203499
2026-10-02T07:45:00+05:30,Gampaha_Western,25.8,97.38576554015941,306.0,0.97,64.3739148044656
2026-10-02T08:00:00+05:30,Gampaha_Western,26.4,98.11443985068559,355.0,0.98,60.68635785166042
2026-10-02T08:15:00+05:30,Gampaha_Western,26.9,98.91551079900103,400.0,1.04,57.00585249074062
2026-10-02T08:30:00+05:30,Gampaha_Western,27.4,99.80484837588676,436.0,1.05,53.33390222264045
2026-10-02T08:45:00+05:30,Gampaha_Western,27.7,100.8027526465213,466.0,1.06,49.67244541326693
2026-10-02T09:00:00+05:30,Gampaha_Western,27.8,101.93565336324451,497.0,1.05,46.02402596888135
2026-10-02T09:15:00+05:30,Gampaha_Western,28.0,103.23862243580646,538.0,1.13,42.392048642450284
2026-10-02T09:30:00+05:30,Gampaha_Western,28.2,104.75917799916806,590.0,1.28,38.781169941696504
2026-10-02T09:45:00+05:30,Gampaha_Western,28.6,106.56318979141065,648.0,1.33,35.1979195146736
2026-10-02T10:00:00+05:30,Gampaha_Western,29.0,108.74429042788279,705.0,1.35,31.65171733415722
2026-10-02T10:15:00+05:30,Gampaha_Western,29.5,111.43926278378245,754.0,1.32,28.156599008265353
2026-10-02T10:30:00+05:30,Gampaha_Western,29.8,114.85372667953959,802.0,1.39,24.734262805397776
2026-10-02T10:45:00+05:30,Gampaha_Western,30.1,119.30528210496647,845.0,1.52,21.419656707710487
2026-10-02T11:00:00+05:30,Gampaha_Western,30.4,125.29332613873407,873.0,1.71,18.271536090563416
2026-10-02T11:15:00+05:30,Gampaha_Western,30.6,133.592908218787,879.0,1.91,15.392423412298257
2026-10-02T11:30:00+05:30,Gampaha_Western,30.6,145.2824119845236,863.0,2.14,12.962847573910636
2026-10-02T11:45:00+05:30,Gampaha_Western,30.4,161.29054113815232,830.0,2.4,11.277219610054857
2026-10-02T12:00:00+05:30,Gampaha_Western,30.1,180.79305130496618,788.0,2.77,10.69335237340563
2026-10-02T12:15:00+05:30,Gampaha_Western,29.6,200.10982726453392,741.0,3.05,11.382083017242053
2026-10-02T12:30:00+05:30,Gampaha_Western,29.3,215.74395071540084,676.0,3.15,13.14487167137851
2026-10-02T12:45:00+05:30,Gampaha_Western,28.9,227.10052695084124,609.0,2.93,15.622259187652702
2026-10-02T13:00:00+05:30,Gampaha_Western,28.6,235.16524036218362,557.0,2.53,18.529794301046948
2026-10-02T13:15:00+05:30,Gampaha_Western,28.3,240.99665995100614,537.0,2.25,21.695202412175377
2026-10-02T13:30:00+05:30,Gampaha_Western,28.1,245.34306305694537,552.0,2.12,25.02078416912947
2026-10-02T13:45:00+05:30,Gampaha_Western,28.1,248.68496120660208,578.0,2.09,28.450405997017185
2026-10-02T14:00:00+05:30,Gampaha_Western,28.2,251.32817751643069,587.0,2.02,31.950560418146196
2026-10-02T14:15:00+05:30,Gampaha_Western,28.3,253.47111969539446,563.0,1.99,35.50036842574149
2026-10-02T14:30:00+05:30,Gampaha_Western,28.2,255.24608900913807,514.0,1.89,39.08627956750315
2026-10-02T14:45:00+05:30,Gampaha_Western,27.9,256.74386192934116,454.0,1.77,42.69917400889428
2026-10-02T15:00:00+05:30,Gampaha_Western,27.5,258.02843497239,393.0,1.63,46.33271398711302
2026-10-02T15:15:00+05:30,Gampaha_Western,27.0,259.1460621561612,335.0,1.53,49.98236958012828
2026-10-02T15:30:00+05:30,Gampaha_Western,26.6,260.1309386581663,274.0,1.38,53.64482329564002
2026-10-02T15:45:00+05:30,Gampaha_Western,26.4,261.00886914045003,217.0,1.25,57.31759217740611
2026-10-02T16:00:00+05:30,Gampaha_Western,26.3,261.7996958162681,174.0,1.3,60.99878133497852
2026-10-02T16:15:00+05:30,Gampaha_Western,26.2,262.51894421024866,150.0,1.52,64.68692031552769
2026-10-02T16:30:00+05:30,Gampaha_Western,26.1,263.1789630493406,142.0,1.76,68.38084978989276
2026-10-02T16:45:00+05:30,Gampaha_Western,25.8,263.78973058178644,135.0,2.01,72.07964204034222
2026-10-02T17:00:00+05:30,Gampaha_Western,25.4,264.3594366348053,118.0,2.18,75.7825455053146
2026-10-02T17:15:00+05:30,Gampaha_Western,25.1,264.8949107559498,88.0,2.33,79.48894321978959
2026-10-02T17:30:00+05:30,Gampaha_Western,24.8,265.40194380903785,54.0,2.29,83.1983219101741
2026-10-02T17:45:00+05:30,Gampaha_Western,24.7,265.88553518613946,26.0,2.06,86.91025008945905
2026-10-02T18:00:00+05:30,Gampaha_Western,24.6,266.35008751229304,5.0,1.66,90.62436000881856
2026-10-02T18:15:00+05:30,Gampaha_Western,24.6,266.79956512996654,0.0,1.28,94.34033344619061
2026-10-02T18:30:00+05:30,Gampaha_Western,24.6,267.23762857383645,0.0,1.04,98.05789174786962
2026-10-02T18:45:00+05:30,Gampaha_Western,24.6,267.66775427303116,0.0,0.81,101.77678633563326
2026-10-02T19:00:00+05:30,Gampaha_Western,24.6,268.09334801896904,0.0,0.53,105.49679055204031
2026-10-02T19:15:00+05:30,Gampaha_Western,24.6,268.5178604354504,0.0,0.29,109.21769384062307
2026-10-02T19:30:00+05:30,Gampaha_Western,24.6,268.9449129314999,0.0,0.15,112.93929480120035
2026-10-02T19:45:00+05:30,Gampaha_Western,24.6,269.3784451212023,0.0,0.2,116.6613941553761
2026-10-02T20:00:00+05:30,Gampaha_Western,24.6,269.8228984093568,0.0,0.3,120.38378858980172
2026-10-02T20:15:00+05:30,Gampaha_Western,24.5,270.283456333296,0.0,0.47,124.1062617800194
2026-10-02T20:30:00+05:30,Gampaha_Western,24.5,270.7663736058822,0.0,0.57,127.82857311062654
2026-10-02T20:45:00+05:30,Gampaha_Western,24.5,271.2794444219137,0.0,0.6,131.55044407407343
2026-10-02T21:00:00+05:30,Gampaha_Western,24.5,271.8326926339939,0.0,0.66,135.27153689922054
2026-10-02T21:15:00+05:30,Gampaha_Western,24.5,272.43942607623694,0.0,0.74,138.99142274727396
2026-10-02T21:30:00+05:30,Gampaha_Western,24.5,273.117909195974,0.0,0.78,142.70953353492362
2026-10-02T21:45:00+05:30,Gampaha_Western,24.5,273.89412922129196,0.0,0.76,146.42508047407503
2026-10-02T22:00:00+05:30,Gampaha_Western,24.5,274.80659755822535,0.0,0.72,150.1369131971747
2026-10-02T22:15:00+05:30,Gampaha_Western,24.4,275.91517647342886,0.0,0.68,153.8432623394752
2026-10-02T22:30:00+05:30,Gampaha_Western,24.4,277.3184817067287,0.0,0.64,157.5412276631969
2026-10-02T22:45:00+05:30,Gampaha_Western,24.4,279.19134551719276,0.0,0.64,161.22566958986286
2026-10-02T23:00:00+05:30,Gampaha_Western,24.4,281.87516806369683,0.0,0.64,164.8865086923443
2026-10-02T23:15:00+05:30,Gampaha_Western,24.4,286.13152986294244,0.0,0.68,168.50098870777398
2026-10-02T23:30:00+05:30,Gampaha_Western,24.4,294.0177170856094,0.0,0.71,172.00577382230279
2026-10-02T23:45:00+05:30,Gampaha_Western,24.3,312.7347485451479,0.0,0.74,175.15635341790767
2026-10-03T00:00:00+05:30,Gampaha_Western,24.3,3.245802038755869,0.0,0.81,176.7002908711399
2026-10-03T00:15:00+05:30,Gampaha_Western,24.2,50.192350465582706,0.0,0.88,174.88246838636195
2026-10-03T00:30:00+05:30,Gampaha_Western,24.2,67.16176426914348,0.0,0.96,171.67155676803856
2026-10-03T00:45:00+05:30,Gampaha_Western,24.1,74.51860345863463,0.0,1.03,168.1506360747369
2026-10-03T01:00:00+05:30,Gampaha_Western,24.1,78.56447967286482,0.0,1.06,164.53005402893254
2026-10-03T01:15:00+05:30,Gampaha_Western,24.0,81.14626622947577,0.0,1.13,160.86641789853033
2026-10-03T01:30:00+05:30,Gampaha_Western,23.9,82.96290138495289,0.0,1.17,157.18057784611295
2026-10-03T01:45:00+05:30,Gampaha_Western,23.9,84.3324999842605,0.0,1.21,153.48192087781274
2026-10-03T02:00:00+05:30,Gampaha_Western,23.8,85.41974307372999,0.0,1.28,149.77528824328948
2026-10-03T02:15:00+05:30,Gampaha_Western,23.8,86.31827596100908,0.0,1.32,146.06343631439702
2026-10-03T02:30:00+05:30,Gampaha_Western,23.7,87.08530587536671,0.0,1.32,142.34805952577506
2026-10-03T02:45:00+05:30,Gampaha_Western,23.7,87.75782857861884,0.0,1.32,138.6302659955814
2026-10-03T03:00:00+05:30,Gampaha_Western,23.6,88.36092051650968,0.0,1.32,134.9108207690532
2026-10-03T03:15:00+05:30,Gampaha_Western,23.5,88.91227743911412,0.0,1.25,131.19027904776365
2026-10-03T03:30:00+05:30,Gampaha_Western,23.5,89.42484281272539,0.0,1.25,127.46906218004179
2026-10-03T03:45:00+05:30,Gampaha_Western,23.4,89.90840385891755,0.0,1.21,123.74750517350355
2026-10-03T04:00:00+05:30,Gampaha_Western,23.3,90.370601801887,0.0,1.21,120.02588729685272
2026-10-03T04:15:00+05:30,Gampaha_Western,23.3,90.81759590100188,0.0,1.14,116.3044512796149
2026-10-03T04:30:00+05:30,Gampaha_Western,23.3,91.25451548954709,0.0,1.1,112.58341805565738
2026-10-03T04:45:00+05:30,Gampaha_Western,23.3,91.68577912966828,0.0,1.07,108.86299789298323
2026-10-03T05:00:00+05:30,Gampaha_Western,23.3,92.11532913172795,0.0,1.03,105.14339785857177
2026-10-03T05:15:00+05:30,Gampaha_Western,23.4,92.54681156953649,0.0,1.0,101.42482958040459
2026-10-03T05:30:00+05:30,Gampaha_Western,23.5,92.98372215463598,0.0,0.97,97.70751648329114
2026-10-03T05:45:00+05:30,Gampaha_Western,23.6,93.42953225679292,0.0,0.94,93.99169954229303
2026-10-03T06:00:00+05:30,Gampaha_Western,23.9,93.88780534150783,0.0,0.99,90.27764502224899
2026-10-03T06:15:00+05:30,Gampaha_Western,24.1,94.36231277638848,12.0,1.01,86.56565318640419
2026-10-03T06:30:00+05:30,Gampaha_Western,24.4,94.85715736838256,46.0,1.03,82.85606702432491
2026-10-03T06:45:00+05:30,Gampaha_Western,24.7,95.37691283114475,91.0,1.06,79.14928465869261
2026-10-03T07:00:00+05:30,Gampaha_Western,25.1,95.92678933191769,144.0,1.11,75.4457747996358
2026-10-03T07:15:00+05:30,Gampaha_Western,25.5,96.51283796633459,198.0,1.14,71.74609495144342
2026-10-03T07:30:00+05:30,Gampaha_Western,25.8,97.14221063880683,250.0,1.18,68.0509170069709
2026-10-03T07:45:00+05:30,Gampaha_Western,26.1,97.82349905503355,299.0,1.22,64.36106111397376
2026-10-03T08:00:00+05:30,Gampaha_Western,26.4,98.56718690864744,346.0,1.26,60.6775398099459
2026-10-03T08:15:00+05:30,Gampaha_Western,26.7,99.38626449727604,394.0,1.25,57.001620601103674
2026-10-03T08:30:00+05:30,Gampaha_Western,27.0,100.29708081217598,442.0,1.3,53.334913433067385
2026-10-03T08:45:00+05:30,Gampaha_Western,27.2,101.32054862959001,487.0,1.32,49.67949398662874
2026-10-03T09:00:00+05:30,Gampaha_Western,27.4,102.48388298141413,529.0,1.39,46.038085604577816
2026-10-03T09:15:00+05:30,Gampaha_Western,27.6,103.8231642858517,567.0,1.44,42.414330983972725
2026-10-03T09:30:00+05:30,Gampaha_Western,27.8,105.38720544120088,600.0,1.5,38.813207359037904
2026-10-03T09:45:00+05:30,Gampaha_Western,27.9,107.24352667652244,628.0,1.57,35.24168436311134
2026-10-03T10:00:00+05:30,Gampaha_Western,28.1,109.48781613333529,652.0,1.68,31.709796613639355
2026-10-03T10:15:00+05:30,Gampaha_Western,28.2,112.25925760112557,672.0,1.81,28.23245302388974
2026-10-03T10:30:00+05:30,Gampaha_Western,28.3,115.76577652597189,688.0,1.91,24.832607103887057
2026-10-03T10:45:00+05:30,Gampaha_Western,28.4,120.32555493553497,699.0,2.02,21.54700365906919
2026-10-03T11:00:00+05:30,Gampaha_Western,28.5,126.43172578694265,708.0,2.1,18.436848639926964
2026-10-03T11:15:00+05:30,Gampaha_Western,28.6,134.8317612756615,717.0,2.18,15.607410069877375
2026-10-03T11:30:00+05:30,Gampaha_Western,28.6,146.52276021573363,728.0,2.23,13.239923518413462
2026-10-03T11:45:00+05:30,Gampaha_Western,28.6,162.27421519038137,736.0,2.29,11.620274631455686
2026-10-03T12:00:00+05:30,Gampaha_Western,28.6,181.17572667728578,737.0,2.31,11.081385570035522
2026-10-03T12:15:00+05:30,Gampaha_Western,28.6,199.8250721597239,727.0,2.28,11.77262054213881
2026-10-03T12:30:00+05:30,Gampaha_Western,28.5,215.05696704817,707.0,2.3,13.506409926839993
2026-10-03T12:45:00+05:30,Gampaha_Western,28.4,226.271811606382,680.0,2.28,15.94623254704301
2026-10-03T13:00:00+05:30,Gampaha_Western,28.4,234.32801057872487,648.0,2.28,18.819451395859943
2026-10-03T13:15:00+05:30,Gampaha_Western,28.2,240.20127438697227,615.0,2.25,21.956563296833565
2026-10-03T13:30:00+05:30,Gampaha_Western,28.1,244.60318171114395,581.0,2.18,25.259418367842088
2026-10-03T13:45:00+05:30,Gampaha_Western,28.0,248.00019686804637,543.0,2.12,28.670774091165974
2026-10-03T14:00:00+05:30,Gampaha_Western,27.9,250.69341559860965,500.0,2.06,32.15609745636372
2026-10-03T14:15:00+05:30,Gampaha_Western,27.7,252.8801246447385,448.0,1.94,35.693706437191445
2026-10-03T14:30:00+05:30,Gampaha_Western,27.6,254.69282448043106,385.0,1.79,39.26945087532624
2026-10-03T14:45:00+05:30,Gampaha_Western,27.4,256.2229125145113,321.0,1.58,42.87376747261565
2026-10-03T15:00:00+05:30,Gampaha_Western,27.2,257.5350816571852,267.0,1.35,46.499989092780105
2026-10-03T15:15:00+05:30,Gampaha_Western,27.1,258.67623197886866,229.0,1.05,50.14333869842763
2026-10-03T15:30:00+05:30,Gampaha_Western,26.9,259.68111645837814,203.0,0.79,53.800311151987216
2026-10-03T15:45:00+05:30,Gampaha_Western,26.7,260.5760054737562,184.0,0.54,57.46827925122609
2026-10-03T16:00:00+05:30,Gampaha_Western,26.4,261.38112312040664,165.0,0.41,61.14523592218519
2026-10-03T16:15:00+05:30,Gampaha_Western,26.2,262.11230437886206,144.0,0.6,64.82962253637092
2026-10-03T16:30:00+05:30,Gampaha_Western,26.0,262.782146076294,124.0,0.89,68.52020982155189
2026-10-03T16:45:00+05:30,Gampaha_Western,25.8,263.4008227424952,104.0,1.17,72.21601416111142
2026-10-03T17:00:00+05:30,Gampaha_Western,25.7,263.9766763948768,83.0,1.41,75.9162390783639
2026-10-03T17:15:00+05:30,Gampaha_Western,25.5,264.51665065626736,61.0,1.66,79.62023141208974
2026-10-03T17:30:00+05:30,Gampaha_Western,25.4,265.026616755719,40.0,1.81,83.32744873701738
2026-10-03T17:45:00+05:30,Gampaha_Western,25.3,265.5116237413931,21.0,1.87,87.03743621382533
2026-10-03T18:00:00+05:30,Gampaha_Western,25.1,265.97609490291336,5.0,1.87,90.74980762491812
2026-10-03T18:15:00+05:30,Gampaha_Western,25.1,266.4239867541804,0.0,1.83,94.46423050426478
2026-10-03T18:30:00+05:30,Gampaha_Western,25.0,266.8589227703216,0.0,1.8,98.18041572657272
2026-10-03T18:45:00+05:30,Gampaha_Western,24.9,267.28431101308297,0.0,1.73,101.89810774737575
2026-10-03T19:00:00+05:30,Gampaha_Western,24.9,267.70345397010334,0.0,1.66,105.6170763466301
2026-10-03T19:15:00+05:30,Gampaha_Western,24.8,268.1196584828691,0.0,1.54,109.33711087429559
2026-10-03T19:30:00+05:30,Gampaha_Western,24.8,268.5363536878767,0.0,1.44,113.05801356374235
2026-10-03T19:45:00+05:30,Gampaha_Western,24.7,268.9572270996912,0.0,1.39,116.7795929830146
2026-10-03T20:00:00+05:30,Gampaha_Western,24.7,269.38639222712084,0.0,1.31,120.50165865553737
2026-10-03T20:15:00+05:30,Gampaha_Western,24.6,269.8286063242349,0.0,1.24,124.2240132743652
2026-10-03T20:30:00+05:30,Gampaha_Western,24.6,270.2895671004358,0.0,1.21,127.9464431957465
2026-10-03T20:45:00+05:30,Gampaha_Western,24.5,270.77633396951535,0.0,1.18,131.66870749793196
2026-10-03T21:00:00+05:30,Gampaha_Western,24.5,271.29794831502204,0.0,1.15,135.39052063977863
2026-10-03T21:15:00+05:30,Gampaha_Western,24.4,271.8663813078471,0.0,1.15,139.1115268984854
2026-10-03T21:30:00+05:30,Gampaha_Western,24.4,272.4980394201978,0.0,1.15,142.8312621534513
2026-10-03T21:45:00+05:30,Gampaha_Western,24.3,273.2162592862435,0.0,1.15,146.5490888907846
2026-10-03T22:00:00+05:30,Gampaha_Western,24.3,274.0556508029632,0.0,1.15,150.26408377502628
2026-10-03T22:15:00+05:30,Gampaha_Western,24.2,275.07011332593305,0.0,1.14,153.9748320741832
2026-10-03T22:30:00+05:30,Gampaha_Western,24.2,276.34872839997024,0.0,1.14,157.6790166646782
2026-10-03T22:45:00+05:30,Gampaha_Western,24.1,278.050247552266,0.0,1.14,161.37252247088014
2026-10-03T23:00:00+05:30,Gampaha_Western,24.1,280.48729597650447,0.0,1.1,165.04723354471506
2026-10-03T23:15:00+05:30,Gampaha_Western,24.0,284.36767960571706,0.0,1.1,168.6846164977691
2026-10-03T23:30:00+05:30,Gampaha_Western,24.0,291.6621346934246,0.0,1.06,172.231833090269
2026-10-03T23:45:00+05:30,Gampaha_Western,23.9,309.8349461462384,0.0,1.06,175.47153236093607
2026-10-04T00:00:00+05:30,Gampaha_Western,23.9,5.204727395020768,0.0,1.03,177.07992991029664
2026-10-04T00:15:00+05:30,Gampaha_Western,23.8,54.208714129843486,0.0,0.99,175.05998528157386
2026-10-04T00:30:00+05:30,Gampaha_Western,23.8,69.84673655012949,0.0,0.96,171.74550772911073
2026-10-04T00:45:00+05:30,Gampaha_Western,23.7,76.43531726862443,0.0,0.92,168.17954449119253
2026-10-04T01:00:00+05:30,Gampaha_Western,23.7,80.04227778287691,0.0,0.88,164.53520774353123
2026-10-04T01:15:00+05:30,Gampaha_Western,23.7,82.34813370884444,0.0,0.85,160.85733044057298
2026-10-04T01:30:00+05:30,Gampaha_Western,23.6,83.97764045328398,0.0,0.81,157.1622429676445
2026-10-04T01:45:00+05:30,Gampaha_Western,23.6,85.21309467190304,0.0,0.78,153.4572713591051
2026-10-04T02:00:00+05:30,Gampaha_Western,23.6,86.20015072047465,0.0,0.78,149.7461928318674
2026-10-04T02:15:00+05:30,Gampaha_Western,23.5,87.02151296219796,0.0,0.75,146.03116221877713
2026-10-04T02:30:00+05:30,Gampaha_Western,23.5,87.72768584427865,0.0,0.72,142.31350987395166
2026-10-04T02:45:00+05:30,Gampaha_Western,23.4,88.35134491946985,0.0,0.69,138.5941117158647
2026-10-04T03:00:00+05:30,Gampaha_Western,23.4,88.91466525903036,0.0,0.74,134.8735785888177
2026-10-04T03:15:00+05:30,Gampaha_Western,23.3,89.43332760962437,0.0,0.76,131.1523600702065
2026-10-04T03:30:00+05:30,Gampaha_Western,23.2,89.91883701739158,0.0,0.79,127.43080349956217
2026-10-04T03:45:00+05:30,Gampaha_Western,23.2,90.37993064968407,0.0,0.82,123.70919126693514
2026-10-04T04:00:00+05:30,Gampaha_Western,23.1,90.82346939658152,0.0,0.91,119.98776502401375
2026-10-04T04:15:00+05:30,Gampaha_Western,23.0,91.25502474485688,0.0,0.96,116.2667407732138
2026-10-04T04:30:00+05:30,Gampaha_Western,23.0,91.67927932424197,0.0,1.0,112.546320914819
2026-10-04T04:45:00+05:30,Gampaha_Western,23.0,92.10031095374245,0.0,1.05,108.82670358035097
2026-10-04T05:00:00+05:30,Gampaha_Western,23.0,92.52180282969664,0.0,1.05,105.10808891658897
2026-10-04T05:15:00+05:30,Gampaha_Western,23.1,92.9472065202973,0.0,1.05,101.39068608176042
2026-10-04T05:30:00+05:30,Gampaha_Western,23.2,93.37987591543458,0.0,1.06,97.67472002816544
2026-10-04T05:45:00+05:30,Gampaha_Western,23.4,93.82318500024832,0.0,1.07,93.96043704501521
2026-10-04T06:00:00+05:30,Gampaha_Western,23.6,94.28063881281571,0.0,1.04,90.24811249247006
2026-10-04T06:15:00+05:30,Gampaha_Western,23.9,94.75598595433672,12.0,1.05,86.53805969558627
2026-10-04T06:30:00+05:30,Gampaha_Western,24.2,95.253340670895,46.0,1.05,82.83063905627142
2026-10-04T06:45:00+05:30,Gampaha_Western,24.6,95.77732254222798,92.0,1.1,79.126271054239
2026-10-04T07:00:00+05:30,Gampaha_Western,25.0,96.33322390527769,148.0,1.13,75.42545256393463
2026-10-04T07:15:00+05:30,Gampaha_Western,25.3,96.9272179884232,205.0,1.22,71.72877624464469
2026-10-04T07:30:00+05:30,Gampaha_Western,25.7,97.5666244981478,259.0,1.3,68.0369577463137
2026-10-04T07:45:00+05:30,Gampaha_Western,26.1,98.26025680389483,312.0,1.35,64.3508717604437
2026-10-04T08:00:00+05:30,Gampaha_Western,26.4,99.01888545568414,365.0,1.46,60.67159912996631
2026-10-04T08:15:00+05:30,Gampaha_Western,26.8,99.85586816482328,425.0,1.53,57.000493512619386
2026-10-04T08:30:00+05:30,Gampaha_Western,27.1,100.78802250329977,490.0,1.56,53.339274516014406
2026-10-04T08:45:00+05:30,Gampaha_Western,27.5,101.8368583794246,557.0,1.6,49.690158966118815
2026-10-04T09:00:00+05:30,Gampaha_Western,27.8,103.0303523380577,621.0,1.61,46.056054209660054
2026-10-04T09:15:00+05:30,Gampaha_Western,28.1,104.40555619512293,676.0,1.64,42.440846290245595
2026-10-04T09:30:00+05:30,Gampaha_Western,28.4,106.01251814150123,719.0,1.69,38.849839375684205
2026-10-04T09:45:00+05:30,Gampaha_Western,28.8,107.92031086025833,755.0,1.77,35.29044972748876
2026-10-04T10:00:00+05:30,Gampaha_Western,29.1,110.2265115746822,784.0,1.84,31.773332400606108
2026-10-04T10:15:00+05:30,Gampaha_Western,29.4,113.07241433772754,810.0,1.96,28.314270945967742
2026-10-04T10:30:00+05:30,Gampaha_Western,29.7,116.66773208098834,830.0,2.05,24.937461517642006
2026-10-04T10:45:00+05:30,Gampaha_Western,29.9,121.33030767962981,844.0,2.12,21.68139524652358
2026-10-04T11:00:00+05:30,Gampaha_Western,30.1,127.5454883211857,853.0,2.23,18.609582609761347
2026-10-04T11:15:00+05:30,Gampaha_Western,30.3,136.03140637463366,857.0,2.32,15.829677453546267
2026-10-04T11:30:00+05:30,Gampaha_Western,30.4,147.70548931941198,857.0,2.4,13.52293636830369
2026-10-04T11:45:00+05:30,Gampaha_Western,30.4,163.19394930817214,852.0,2.48,11.96621380742502
2026-10-04T12:00:00+05:30,Gampaha_Western,30.4,181.52525473970687,842.0,2.52,11.469100401105038
2026-10-04T12:15:00+05:30,Gampaha_Western,30.3,199.55269841847803,825.0,2.57,12.162228128223802
2026-10-04T12:30:00+05:30,Gampaha_Western,30.2,214.40169511451973,803.0,2.57,13.868262333091963
2026-10-04T12:45:00+05:30,Gampaha_Western,30.0,225.47342487547846,776.0,2.57,16.271652077461894
2026-10-04T13:00:00+05:30,Gampaha_Western,29.9,233.51440261428945,746.0,2.57,19.111074598657453
2026-10-04T13:15:00+05:30,Gampaha_Western,29.7,239.42339397135422,712.0,2.54,22.219981233977833
2026-10-04T13:30:00+05:30,Gampaha_Western,29.5,243.87627770538148,678.0,2.5,25.499980503684867
2026-10-04T13:45:00+05:30,Gampaha_Western,29.3,247.32521749945852,640.0,2.45,28.892844339411198
2026-10-04T14:00:00+05:30,Gampaha_Western,29.1,250.06619077812343,596.0,2.39,32.36307633851351
2026-10-04T14:15:00+05:30,Gampaha_Western,28.9,252.29505985425203,542.0,2.3,35.888220729763596
2026-10-04T14:30:00+05:30,Gampaha_Western,28.7,254.14431789809976,476.0,2.15,39.45354061048376
2026-10-04T14:45:00+05:30,Gampaha_Western,28.5,255.70584715114398,409.0,1.96,43.04903428698376
2026-10-04T15:00:00+05:30,Gampaha_Western,28.3,257.0449471735159,352.0,1.74,46.66770655030143
2026-10-04T15:15:00+05:30,Gampaha_Western,28.1,258.20910414566794,310.0,1.52,50.30453280567838
2026-10-04T15:30:00+05:30,Gampaha_Western,27.9,259.23358809137505,281.0,1.27,53.95581906878453
2026-10-04T15:45:00+05:30,Gampaha_Western,27.7,260.1451068495693,258.0,1.01,57.618792409969565
2026-10-04T16:00:00+05:30,Gampaha_Western,27.5,260.96424641847835,234.0,0.79,61.29133203820744
2026-10-04T16:15:00+05:30,Gampaha_Western,27.3,261.7071368263352,207.0,0.65,64.97178966312316
2026-10-04T16:30:00+05:30,Gampaha_Western,27.1,262.3866124047268,181.0,0.65,68.65886467045286
2026-10-04T16:45:00+05:30,Gampaha_Western,26.9,263.0130360161141,154.0,0.75,72.35151624165815
2026-10-04T17:00:00+05:30,Gampaha_Western,26.7,263.5948957769476,124.0,0.94,76.04890176159456
2026-10-04T17:15:00+05:30,Gampaha_Western,26.5,264.13924460894066,92.0,1.09,79.75033071878558
2026-10-04T17:30:00+05:30,Gampaha_Western,26.3,264.6520302591239,59.0,1.27,83.45523042818155
2026-10-04T17:45:00+05:30,Gampaha_Western,26.2,265.13834823252034,30.0,1.41,87.16312161354726
2026-10-04T18:00:00+05:30,Gampaha_Western,26.0,265.6026397187379,6.0,1.46,90.87359850353309
2026-10-04T18:15:00+05:30,Gampaha_Western,25.8,266.04885090131864,0.0,1.51,94.58631327340517
2026-10-04T18:30:00+05:30,Gampaha_Western,25.7,266.48056580918706,0.0,1.56,98.30096515847325
2026-10-04T18:45:00+05:30,Gampaha_Western,25.5,266.90112172333914,0.0,1.56,102.01729038615919
2026-10-04T19:00:00+05:30,Gampaha_Western,25.4,267.3137152390609,0.0,1.56,105.73505377952658
2026-10-04T19:15:00+05:30,Gampaha_Western,25.2,267.72150647829966,0.0,1.51,109.45404301987772
2026-10-04T19:30:00+05:30,Gampaha_Western,25.1,268.1277287984479,0.0,1.51,113.17406215323062
2026-10-04T19:45:00+05:30,Gampaha_Western,24.9,268.53581323932156,0.0,1.51,116.89492544335573
2026-10-04T20:00:00+05:30,Gampaha_Western,24.8,268.94953974289774,0.0,1.46,120.61645266256565
2026-10-04T20:15:00+05:30,Gampaha_Western,24.7,269.3732316778092,0.0,1.47,124.33846234111527
2026-10-04T20:30:00+05:30,Gampaha_Western,24.6,269.8120192387555,0.0,1.42,128.06076383089015
2026-10-04T20:45:00+05:30,Gampaha_Western,24.5,270.2722120773722,0.0,1.38,131.7831487171162
2026-10-04T21:00:00+05:30,Gampaha_Western,24.5,270.7618470805013,0.0,1.38,135.50537707044748
2026-10-04T21:15:00+05:30,Gampaha_Western,24.4,271.29152525671606,0.0,1.35,139.22715746998696
2026-10-04T21:30:00+05:30,Gampaha_Western,24.4,271.87574218918627,0.0,1.31,142.94811772940614
2026-10-04T21:45:00+05:30,Gampaha_Western,24.3,272.53509658245605,0.0,1.28,146.66775474780317
2026-10-04T22:00:00+05:30,Gampaha_Western,24.3,273.30014493791873,0.0,1.21,150.38534785945623
2026-10-04T22:15:00+05:30,Gampaha_Western,24.3,274.2185421729707,0.0,1.14,154.0998005438518
2026-10-04T22:30:00+05:30,Gampaha_Western,24.2,275.3692705660858,0.0,1.12,157.80932225140276
2026-10-04T22:45:00+05:30,Gampaha_Western,24.2,276.8937445624445,0.0,1.11,161.51073122839142
2026-10-04T23:00:00+05:30,Gampaha_Western,24.2,279.07261579737497,0.0,1.07,165.19772450157652
2026-10-04T23:15:00+05:30,Gampaha_Western,24.1,282.55012242108876,0.0,1.06,168.85576048398724
2026-10-04T23:30:00+05:30,Gampaha_Western,24.1,289.1721714829708,0.0,1.06,172.44242866379167
2026-10-04T23:45:00+05:30,Gampaha_Western,24.0,306.50796621999405,0.0,1.06,175.77173974429786
2026-10-05T00:00:00+05:30,Gampaha_Western,24.0,7.707176569470562,0.0,1.06,177.45458531678486
2026-10-05T00:15:00+05:30,Gampaha_Western,24.0,58.48309375333616,0.0,1.06,175.21254986173346
2026-10-05T00:30:00+05:30,Gampaha_Western,23.9,72.56527963100774,0.0,1.06,171.80252879690093
2026-10-05T00:45:00+05:30,Gampaha_Western,23.9,78.35378685479077,0.0,1.1,168.1968988977174
2026-10-05T01:00:00+05:30,Gampaha_Western,23.8,81.51620166656181,0.0,1.11,164.53197215460074
2026-10-05T01:15:00+05:30,Gampaha_Western,23.8,83.54536582594017,0.0,1.08,160.84188091827605
2026-10-05T01:30:00+05:30,Gampaha_Western,23.8,84.98804369187894,0.0,1.12,157.138948505207
2026-10-05T01:45:00+05:30,Gampaha_Western,23.8,86.08985190345459,0.0,1.12,153.42869198529695
2026-10-05T02:00:00+05:30,Gampaha_Western,23.8,86.97720283627194,0.0,1.14,149.7139592265814
2026-10-05T02:15:00+05:30,Gampaha_Western,23.7,87.72181099138874,0.0,1.14,145.99638116590123
2026-10-05T02:30:00+05:30,Gampaha_Western,23.7,88.3674748483063,0.0,1.1,142.2769717237908
2026-10-05T02:45:00+05:30,Gampaha_Western,23.6,88.94255834082941,0.0,1.01,138.55640540373014
2026-10-05T03:00:00+05:30,Gampaha_Western,23.4,89.46634550848665,0.0,0.93,134.835159601128
2026-10-05T03:15:00+05:30,Gampaha_Western,23.2,89.95251136117531,0.0,0.85,131.11359277278433
2026-10-05T03:30:00+05:30,Gampaha_Western,23.1,90.41113013203858,0.0,0.78,127.39198870551738
2026-10-05T03:45:00+05:30,Gampaha_Western,23.1,90.84989497573781,0.0,0.74,123.67058491886554
2026-10-05T04:00:00+05:30,Gampaha_Western,23.1,91.2748911838595,0.0,0.74,119.94959133315321
2026-10-05T04:15:00+05:30,Gampaha_Western,23.1,91.69110616360456,0.0,0.67,116.22920179845873
2026-10-05T04:30:00+05:30,Gampaha_Western,23.2,92.10277871270233,0.0,0.67,112.50960381456808
2026-10-05T04:45:00+05:30,Gampaha_Western,23.2,92.51364812889801,0.0,0.64,108.79098633194707
2026-10-05T05:00:00+05:30,Gampaha_Western,23.3,92.92714019706494,0.0,0.6,105.07354503094004
2026-10-05T05:15:00+05:30,Gampaha_Western,23.4,93.3465132568985,0.0,0.57,101.35748868805929
2026-10-05T05:30:00+05:30,Gampaha_Western,23.6,93.77498029367041,0.0,0.54,97.6430456047977
2026-10-05T05:45:00+05:30,Gampaha_Western,23.8,94.21581850601444,0.0,0.51,93.93046901685005
2026-10-05T06:00:00+05:30,Gampaha_Western,24.0,94.67247480320549,0.0,0.47,90.220044886916
2026-10-05T06:15:00+05:30,Gampaha_Western,24.2,95.14867501802144,15.0,0.46,86.51210103443147
2026-10-05T06:30:00+05:30,Gampaha_Western,24.5,95.64854450950634,55.0,0.45,82.80701667589295
2026-10-05T06:45:00+05:30,Gampaha_Western,24.8,96.17674802137356,108.0,0.46,79.10523607056379
2026-10-05T07:00:00+05:30,Gampaha_Western,25.1,96.73865889701182,169.0,0.49,75.40728573717291
2026-10-05T07:15:00+05:30,Gampaha_Western,25.5,97.34057073774034,231.0,0.61,71.7137950758898
2026-10-05T07:30:00+05:30,Gampaha_Western,25.8,97.98996848964174,291.0,0.67,68.02552523583164
2026-10-05T07:45:00+05:30,Gampaha_Western,26.2,98.69588350723416,347.0,0.74,64.3434074075445
2026-10-05T08:00:00+05:30,Gampaha_Western,26.6,99.46936792144777,401.0,0.89,60.66859297761232
2026-10-05T08:15:00+05:30,Gampaha_Western,27.0,100.32413924172448,455.0,0.97,57.00252434816143
2026-10-05T08:30:00+05:30,Gampaha_Western,27.4,101.27747248854371,504.0,1.05,53.347033832136056
2026-10-05T08:45:00+05:30,Gampaha_Western,27.8,102.35145816018394,550.0,1.14,49.704482987317746
2026-10-05T09:00:00+05:30,Gampaha_Western,28.2,103.57480924089282,592.0,1.25,46.077967380233034
2026-10-05T09:15:00+05:30,Gampaha_Western,28.6,104.98551006564901,631.0,1.34,42.4716212779196
2026-10-05T09:30:00+05:30,Gampaha_Western,29.0,106.63478229430461,666.0,1.43,38.891081194340465
2026-10-05T09:45:00+05:30,Gampaha_Western,29.3,108.59315006283595,697.0,1.52,35.34421542171918
2026-10-05T10:00:00+05:30,Gampaha_Western,29.6,110.95991006934264,723.0,1.62,31.842303266034826
2026-10-05T10:15:00+05:30,Gampaha_Western,29.9,113.87817462549765,746.0,1.66,28.40200102479063
2026-10-05T10:30:00+05:30,Gampaha_Western,30.1,117.55893370443141,768.0,1.71,25.048729678644506
2026-10-05T10:45:00+05:30,Gampaha_Western,30.3,122.31881031381579,784.0,1.76,21.822668201622378
2026-10-05T11:00:00+05:30,Gampaha_Western,30.5,128.63398800862205,791.0,1.76,18.789476049491142
2026-10-05T11:15:00+05:30,Gampaha_Western,30.6,137.1919038259362,784.0,1.76,16.058834430435127
2026-10-05T11:30:00+05:30,Gampaha_Western,30.7,148.83261401811205,760.0,1.71,13.81139275230791
2026-10-05T11:45:00+05:30,Gampaha_Western,30.8,164.05420977109418,726.0,1.66,12.314622102871198
2026-10-05T12:00:00+05:30,Gampaha_Western,30.7,181.84450847090974,694.0,1.62,11.856320679649684
2026-10-05T12:15:00+05:30,Gampaha_Western,30.7,199.29125457321476,673.0,1.5,12.550769455230721
2026-10-05T12:30:00+05:30,Gampaha_Western,30.6,213.7756037866141,660.0,1.41,14.230184706523445
2026-10-05T12:45:00+05:30,Gampaha_Western,30.4,224.70366782695282,651.0,1.25,16.598223839028364
2026-10-05T13:00:00+05:30,Gampaha_Western,30.3,232.7235214584648,640.0,1.16,19.404379545821797
2026-10-05T13:15:00+05:30,Gampaha_Western,30.0,238.66258817434982,623.0,0.96,22.485200423494476
2026-10-05T13:30:00+05:30,Gampaha_Western,29.8,243.16216068718873,603.0,0.81,25.74224357990225
2026-10-05T13:45:00+05:30,Gampaha_Western,29.6,246.65995563081805,581.0,0.61,29.116413775376685
2026-10-05T14:00:00+05:30,Gampaha_Western,29.3,249.44649974968416,556.0,0.49,32.5713130873959
2026-10-05T14:15:00+05:30,Gampaha_Western,29.1,251.7159564831656,530.0,0.38,36.08374217568694
2026-10-05T14:30:00+05:30,Gampaha_Western,28.8,253.60061945814164,502.0,0.3,39.63839133091582
2026-10-05T14:45:00+05:30,Gampaha_Western,28.5,255.19272682417966,472.0,0.35,43.2248263220178
2026-10-05T15:00:00+05:30,Gampaha_Western,28.2,256.5580987801642,441.0,0.51,46.83572576400156
2026-10-05T15:15:00+05:30,Gampaha_Western,27.9,257.7447496807064,408.0,0.68,50.4658174952833
2026-10-05T15:30:00+05:30,Gampaha_Western,27.6,258.78842695461077,374.0,0.86,54.1112177981947
2026-10-05T15:45:00+05:30,Gampaha_Western,27.3,259.7162482880795,339.0,1.05,57.769006762910884
2026-10-05T16:00:00+05:30,Gampaha_Western,27.1,260.54914198421307,302.0,1.2,61.43694851611173
2026-10-05T16:15:00+05:30,Gampaha_Western,26.8,261.3035189466328,263.0,1.35,65.11330374812529
2026-10-05T16:30:00+05:30,Gampaha_Western,26.5,261.992440567189,225.0,1.5,68.79669919858566
2026-10-05T16:45:00+05:30,Gampaha_Western,26.3,262.62645019532346,186.0,1.6,72.48603561279565
2026-10-05T17:00:00+05:30,Gampaha_Western,26.1,263.2141760326543,146.0,1.7,76.18042307125279
2026-10-05T17:15:00+05:30,Gampaha_Western,25.9,263.76277558600935,105.0,1.8,79.87913259986806
2026-10-05T17:30:00+05:30,Gampaha_Western,25.8,264.27826933025756,65.0,1.85,83.58156017839914
2026-10-05T17:45:00+05:30,Gampaha_Western,25.6,264.7657960852791,31.0,1.9,87.28720103242452
2026-10-05T18:00:00+05:30,Gampaha_Western,25.5,265.2298122384319,6.0,1.9,90.99562876859557
2026-10-05T18:15:00+05:30,Gampaha_Western,25.4,265.6742512135938,0.0,1.9,94.70647910473443
2026-10-05T18:30:00+05:30,Gampaha_Western,25.3,266.10265529258055,0.0,1.9,98.41943847140114
2026-10-05T18:45:00+05:30,Gampaha_Western,25.2,266.5182886685012,0.0,1.9,102.13423360835297
2026-10-05T19:00:00+05:30,Gampaha_Western,25.1,266.92423958885746,0.0,1.85,105.85062298414518
2026-10-05T19:15:00+05:30,Gampaha_Western,25.1,267.3235186882797,0.0,1.85,109.56839102513948
2026-10-05T19:30:00+05:30,Gampaha_Western,25.0,267.71916025786464,0.0,1.8,113.28734175069305
2026-10-05T19:45:00+05:30,Gampaha_Western,24.9,268.1143347754078,0.0,1.75,117.0072929407745
2026-10-05T20:00:00+05:30,Gampaha_Western,24.8,268.51248332935126,0.0,1.7,120.72807198470946
2026-10-05T20:15:00+05:30,Gampaha_Western,24.8,268.91748832309383,0.0,1.6,124.44951001161853
2026-10-05T20:30:00+05:30,Gampaha_Western,24.7,269.33390264769514,0.0,1.55,128.1714352980801
2026-10-05T20:45:00+05:30,Gampaha_Western,24.7,269.7672722348802,0.0,1.5,131.89366672444604
2026-10-05T21:00:00+05:30,Gampaha_Western,24.6,270.2246089325429,0.0,1.41,135.61600315462593
2026-10-05T21:15:00+05:30,Gampaha_Western,24.6,270.7151123051657,0.0,1.36,139.33820834476103
2026-10-05T21:30:00+05:30,Gampaha_Western,24.6,271.2513175509751,0.0,1.26,143.0599895206167
2026-10-05T21:45:00+05:30,Gampaha_Western,24.5,271.8510035722263,0.0,1.16,146.78096031327397
2026-10-05T22:00:00+05:30,Gampaha_Western,24.5,272.5405306822345,0.0,1.12,150.50057693930404
2026-10-05T22:15:00+05:30,Gampaha_Western,24.5,273.3610436514761,0.0,1.02,154.21802203238786
2026-10-05T22:30:00+05:30,Gampaha_Western,24.4,274.38088912344233,0.0,0.97,157.93196980691073
2026-10-05T22:45:00+05:30,Gampaha_Western,24.4,275.72294126077685,0.0,0.92,161.640069048507
2026-10-05T23:00:00+05:30,Gampaha_Western,24.3,277.6327678275597,0.0,0.89,165.3376501944972
2026-10-05T23:15:00+05:30,Gampaha_Western,24.3,280.6812305134158,0.0,0.84,169.01384613363993
2026-10-05T23:30:00+05:30,Gampaha_Western,24.2,286.54826500663427,0.0,0.79,172.63629184223487
2026-10-05T23:45:00+05:30,Gampaha_Western,24.2,302.6862933778112,0.0,0.74,176.05374820140213
2026-10-06T00:00:00+05:30,Gampaha_Western,24.1,11.016462897850943,0.0,0.74,177.82217630500674
2026-10-06T00:15:00+05:30,Gampaha_Western,24.0,62.99221827384224,0.0,0.7,175.33800910964086
2026-10-06T00:30:00+05:30,Gampaha_Western,23.9,75.30634527307757,0.0,0.7,171.84247253077035
2026-10-06T00:45:00+05:30,Gampaha_Western,23.8,80.26995351006593,0.0,0.65,168.20281745881317
2026-10-06T01:00:00+05:30,Gampaha_Western,23.8,82.98439465372468,0.0,0.65,164.5205005907261
2026-10-06T01:15:00+05:30,Gampaha_Western,23.7,84.73694893055944,0.0,0.6,160.82021936187758
2026-10-06T01:30:00+05:30,Gampaha_Western,23.6,85.99347943354019,0.0,0.6,157.11083487371067
2026-10-06T01:45:00+05:30,Gampaha_Western,23.5,86.96233648497412,0.0,0.6,153.39631367799933
2026-10-06T02:00:00+05:30,Gampaha_Western,23.4,87.75057547408852,0.0,0.56,149.6787101759241
2026-10-06T02:15:00+05:30,Gampaha_Western,23.3,88.418913945918,0.0,0.54,145.9592090707078
2026-10-06T02:30:00+05:30,Gampaha_Western,23.2,89.00446063666493,0.0,0.54,142.23855527634413
2026-10-06T02:45:00+05:30,Gampaha_Western,23.2,89.53128626107559,0.0,0.54,138.51725242822477
2026-10-06T03:00:00+05:30,Gampaha_Western,23.1,90.0157994813598,0.0,0.52,134.795665028526
2026-10-06T03:15:00+05:30,Gampaha_Western,23.1,90.4696818819084,0.0,0.47,131.07407476193634
2026-10-06T03:30:00+05:30,Gampaha_Western,23.0,90.9015863194814,0.0,0.47,127.35271219987729
2026-10-06T03:45:00+05:30,Gampaha_Western,23.0,91.31816912061362,0.0,0.47,123.63177764808631
2026-10-06T04:00:00+05:30,Gampaha_Western,23.0,91.72474545196587,0.0,0.47,119.91145510592365
2026-10-06T04:15:00+05:30,Gampaha_Western,23.0,92.12572282189763,0.0,0.43,116.19192078862571
2026-10-06T04:30:00+05:30,Gampaha_Western,23.1,92.52489939527163,0.0,0.43,112.4733508855034
2026-10-06T04:45:00+05:30,Gampaha_Western,23.1,92.92567839251325,0.0,0.43,108.75592808050494
2026-10-06T05:00:00+05:30,Gampaha_Western,23.2,93.33123003807265,0.0,0.38,105.0398460088068
2026-10-06T05:15:00+05:30,Gampaha_Western,23.3,93.74462081598313,0.0,0.36,101.32531512359195
2026-10-06T05:30:00+05:30,Gampaha_Western,23.4,94.1689237793122,0.0,0.32,97.61256887132512
2026-10-06T05:45:00+05:30,Gampaha_Western,23.6,94.60731996114839,0.0,0.27,93.90186904167706
2026-10-06T06:00:00+05:30,Gampaha_Western,23.8,95.06319843550864,0.0,0.27,90.19351367848051
2026-10-06T06:15:00+05:30,Gampaha_Western,24.1,95.54026223256034,14.0,0.21,86.48784650101173
2026-10-06T06:30:00+05:30,Gampaha_Western,24.4,96.04264743809767,53.0,0.16,82.78526691623968
2026-10-06T06:45:00+05:30,Gampaha_Western,24.7,96.57506316814482,105.0,0.11,79.0862443495133
2026-10-06T07:00:00+05:30,Gampaha_Western,25.1,97.14296248405702,167.0,0.07,75.3913364045828
2026-10-06T07:15:00+05:30,Gampaha_Western,25.5,97.75275743206902,229.0,0.05,71.70121075991463
2026-10-06T07:30:00+05:30,Gampaha_Western,25.9,98.41209541229887,289.0,0.1,68.01667574679416
2026-10-06T07:45:00+05:30,Gampaha_Western,26.3,99.13022179164847,344.0,0.15,64.33872093430776
2026-10-06T08:00:00+05:30,Gampaha_Western,26.7,99.91846461974382,397.0,0.25,60.66857038647103
2026-10-06T08:15:00+05:30,Gampaha_Western,27.2,100.79089307452881,451.0,0.3,57.00775771236954
2026-10-06T08:30:00+05:30,Gampaha_Western,27.6,101.76522780965087,501.0,0.35,53.35823078876359
2026-10-06T08:45:00+05:30,Gampaha_Western,28.1,102.86412245802063,547.0,0.4,49.7224992339296
2026-10-06T09:00:00+05:30,Gampaha_Western,28.5,104.11700014837186,590.0,0.46,46.10385068019751
2026-10-06T09:15:00+05:30,Gampaha_Western,28.9,105.5627372369546,631.0,0.51,42.50667195238688
2026-10-06T09:30:00+05:30,Gampaha_Western,29.3,107.25366494520927,668.0,0.56,38.93693650697541
2026-10-06T09:45:00+05:30,Gampaha_Western,29.6,109.26165539489892,701.0,0.61,35.40296880971548
2026-10-06T10:00:00+05:30,Gampaha_Western,30.0,111.68755294088999,731.0,0.66,31.916674241394816
2026-10-06T10:15:00+05:30,Gampaha_Western,30.3,114.67599661515032,757.0,0.66,28.49557679434068
2026-10-06T10:30:00+05:30,Gampaha_Western,30.6,118.4387541291245,780.0,0.71,25.16629947776518
2026-10-06T10:45:00+05:30,Gampaha_Western,30.8,123.2903941289718,799.0,0.71,21.970643398186724
2026-10-06T11:00:00+05:30,Gampaha_Western,31.0,129.69670718497156,810.0,0.71,18.976253994747296
2026-10-06T11:15:00+05:30,Gampaha_Western,31.1,138.3134632454179,811.0,0.7,16.29448690024192
2026-10-06T11:30:00+05:30,Gampaha_Western,31.1,149.90619561434272,799.0,0.7,14.104815971280857
2026-10-06T11:45:00+05:30,Gampaha_Western,31.1,164.85911874884198,780.0,0.65,12.665111178447674
2026-10-06T12:00:00+05:30,Gampaha_Western,31.1,182.13603028471712,760.0,0.6,12.242876159757841
2026-10-06T12:15:00+05:30,Gampaha_Western,31.0,199.03948497552628,746.0,0.55,12.938110508245629
2026-10-06T12:30:00+05:30,Gampaha_Western,30.8,213.17640648546092,736.0,0.51,14.591946267251501
2026-10-06T12:45:00+05:30,Gampaha_Western,30.6,223.96094632779295,727.0,0.47,16.92566824663318
2026-10-06T13:00:00+05:30,Gampaha_Western,30.4,231.9545004039662,715.0,0.43,19.699092525788274
2026-10-06T13:15:00+05:30,Gampaha_Western,30.2,237.91842883027564,698.0,0.39,22.751972486765425
2026-10-06T13:30:00+05:30,Gampaha_Western,29.9,242.46063611563332,678.0,0.43,25.985986047208826
2026-10-06T13:45:00+05:30,Gampaha_Western,29.6,246.00433904838388,655.0,0.5,29.34128381611268
2026-10-06T14:00:00+05:30,Gampaha_Western,29.2,248.8343354420212,629.0,0.55,32.78062758295563
2026-10-06T14:15:00+05:30,Gampaha_Western,28.9,251.14284309607967,601.0,0.68,36.28010527825815
2026-10-06T14:30:00+05:30,Gampaha_Western,28.5,253.06177777843533,571.0,0.76,39.823849165178174
2026-10-06T14:45:00+05:30,Gampaha_Western,28.2,254.68361175160092,539.0,0.89,43.40099905356996
2026-10-06T15:00:00+05:30,Gampaha_Western,27.8,256.0746036001932,504.0,1.01,47.00390983139239
2026-10-06T15:15:00+05:30,Gampaha_Western,27.4,257.28323996414576,467.0,1.15,50.627062171140146
2026-10-06T15:30:00+05:30,Gampaha_Western,27.1,258.3457071889046,428.0,1.25,54.266382034469096
2026-10-06T15:45:00+05:30,Gampaha_Western,26.7,259.28950586522603,388.0,1.35,57.918801504039045
2026-10-06T16:00:00+05:30,Gampaha_Western,26.4,260.1358874057303,346.0,1.49,61.58196842407958
2026-10-06T16:15:00+05:30,Gampaha_Western,26.0,260.9015296676595,302.0,1.56,65.25405122930987
2026-10-06T16:30:00+05:30,Gampaha_Western,25.7,261.5997108229009,258.0,1.67,68.93360280390988
2026-10-06T16:45:00+05:30,Gampaha_Western,25.5,262.2411469754248,214.0,1.74,72.61946429589844
2026-10-06T17:00:00+05:30,Gampaha_Western,25.2,262.83460048192626,167.0,1.8,76.31069736926442
2026-10-06T17:15:00+05:30,Gampaha_Western,25.0,263.3873287894992,119.0,1.87,80.00653351861745
2026-10-06T17:30:00+05:30,Gampaha_Western,24.8,263.90542137256625,72.0,1.91,83.7063363436478
2026-10-06T17:45:00+05:30,Gampaha_Western,24.7,264.39405728648455,33.0,1.94,87.4095745389169
2026-10-06T18:00:00+05:30,Gampaha_Western,24.5,264.85770548121457,6.0,1.94,91.1158000395401
2026-09-29T18:15:00+05:30,Kurunegala_NorthWestern,27.2,268.00222964453894,0.0,2.55,94.33683287209487
2026-09-29T18:30:00+05:30,Kurunegala_NorthWestern,26.9,268.4744755599746,0.0,2.43,98.05447593718401
2026-09-29T18:45:00+05:30,Kurunegala_NorthWestern,26.7,268.9444535175044,0.0,2.42,101.77291564091666
2026-09-29T19:00:00+05:30,Kurunegala_NorthWestern,26.5,269.4161101437452,0.0,2.48,105.49190236977006
2026-09-29T19:15:00+05:30,Kurunegala_NorthWestern,26.3,269.89359563360426,0.0,2.53,109.211189129519
2026-09-29T19:30:00+05:30,Kurunegala_NorthWestern,26.2,270.3814255285706,0.0,2.55,112.93052235248487
2026-09-29T19:45:00+05:30,Kurunegala_NorthWestern,26.0,270.88467792040217,0.0,2.56,116.6496315283416
2026-09-29T20:00:00+05:30,Kurunegala_NorthWestern,25.8,271.40924644539007,0.0,2.55,120.36821821678095
2026-09-29T20:15:00+05:30,Kurunegala_NorthWestern,25.7,271.9621782433702,0.0,2.51,124.08594011939712
2026-09-29T20:30:00+05:30,Kurunegala_NorthWestern,25.6,272.55214229501576,0.0,2.55,127.8023897226623
2026-09-29T20:45:00+05:30,Kurunegala_NorthWestern,25.5,273.19010019225476,0.0,2.64,131.5170658642388
2026-09-29T21:00:00+05:30,Kurunegala_NorthWestern,25.4,273.890296962961,0.0,2.79,135.22933009880927
2026-09-29T21:15:00+05:30,Kurunegala_NorthWestern,25.3,274.67177338435533,0.0,2.9,138.93834059153687
2026-09-29T21:30:00+05:30,Kurunegala_NorthWestern,25.3,275.5607571027842,0.0,3.01,142.64294943248655
2026-09-29T21:45:00+05:30,Kurunegala_NorthWestern,25.2,276.59459420150455,0.0,3.07,146.3415313010964
2026-09-29T22:00:00+05:30,Kurunegala_NorthWestern,25.1,277.82851469304194,0.0,3.07,150.03168776703674
2026-09-29T22:15:00+05:30,Kurunegala_NorthWestern,25.0,279.34791533435344,0.0,3.08,153.7097088225604
2026-09-29T22:30:00+05:30,Kurunegala_NorthWestern,24.9,281.29213581013255,0.0,3.08,157.36951772133108
2026-09-29T22:45:00+05:30,Kurunegala_NorthWestern,24.8,283.90422416524933,0.0,3.07,161.00042907572953
2026-09-29T23:00:00+05:30,Kurunegala_NorthWestern,24.8,287.64557061436017,0.0,3.01,164.58185615628108
2026-09-29T23:15:00+05:30,Kurunegala_NorthWestern,24.7,293.49208694531137,0.0,2.98,168.06899366648122
2026-09-29T23:30:00+05:30,Kurunegala_NorthWestern,24.6,303.79301002211184,0.0,2.92,171.34692263959067
2026-09-29T23:45:00+05:30,Kurunegala_NorthWestern,24.6,324.6212035192707,0.0,2.86,174.05849523298872
2026-09-30T00:00:00+05:30,Kurunegala_NorthWestern,24.5,3.670969709145311,0.0,2.8,175.13924083560454
2026-09-30T00:15:00+05:30,Kurunegala_NorthWestern,24.4,40.05414097685559,0.0,2.75,173.6871404388749
2026-09-30T00:30:00+05:30,Kurunegala_NorthWestern,24.4,58.49915895991762,0.0,2.69,170.83615020436662
2026-09-30T00:45:00+05:30,Kurunegala_NorthWestern,24.3,67.80103347799911,0.0,2.64,167.51012796691072
2026-09-30T01:00:00+05:30,Kurunegala_NorthWestern,24.2,73.19848800410563,0.0,2.65,164.00276314384575
2026-09-30T01:15:00+05:30,Kurunegala_NorthWestern,24.2,76.70932596767295,0.0,2.61,160.41132174450757
2026-09-30T01:30:00+05:30,Kurunegala_NorthWestern,24.1,79.18992854191714,0.0,2.56,156.7748806323291
2026-09-30T01:45:00+05:30,Kurunegala_NorthWestern,24.1,81.05311021977747,0.0,2.51,153.11180378544302
2026-09-30T02:00:00+05:30,Kurunegala_NorthWestern,24.0,82.51968199415825,0.0,2.45,149.43178335410005
2026-09-30T02:15:00+05:30,Kurunegala_NorthWestern,24.0,83.71776253111909,0.0,2.4,145.7404031300088
2026-09-30T02:30:00+05:30,Kurunegala_NorthWestern,24.0,84.72662976040476,0.0,2.34,142.04110821847786
2026-09-30T02:45:00+05:30,Kurunegala_NorthWestern,23.9,85.59796425678735,0.0,2.29,138.3361445728727
2026-09-30T03:00:00+05:30,Kurunegala_NorthWestern,23.9,86.36694808850734,0.0,2.24,134.62704637639393
2026-09-30T03:15:00+05:30,Kurunegala_NorthWestern,23.9,87.05843622947827,0.0,2.18,130.91490562859403
2026-09-30T03:30:00+05:30,Kurunegala_NorthWestern,23.9,87.6905717135395,0.0,2.17,127.20052818977796
2026-09-30T03:45:00+05:30,Kurunegala_NorthWestern,23.8,88.27699899576288,0.0,2.21,123.48453029771179
2026-09-30T04:00:00+05:30,Kurunegala_NorthWestern,23.8,88.82827261995618,0.0,2.25,119.76740025374653
2026-09-30T04:15:00+05:30,Kurunegala_NorthWestern,23.7,89.35278556591516,0.0,2.35,116.0495379328383
2026-09-30T04:30:00+05:30,Kurunegala_NorthWestern,23.7,89.85740083859935,0.0,2.4,112.33128313354537
2026-09-30T04:45:00+05:30,Kurunegala_NorthWestern,23.7,90.3478951832654,0.0,2.45,108.61293599825905
2026-09-30T05:00:00+05:30,Kurunegala_NorthWestern,23.7,90.82928156588213,0.0,2.45,104.89477091703041
2026-09-30T05:15:00+05:30,Kurunegala_NorthWestern,23.7,91.30605214600155,0.0,2.5,101.17704877101305
2026-09-30T05:30:00+05:30,Kurunegala_NorthWestern,23.8,91.78236968267419,0.0,2.55,97.46002727639299
2026-09-30T05:45:00+05:30,Kurunegala_NorthWestern,23.8,92.26222664407419,0.0,2.65,93.74396883719191
2026-09-30T06:00:00+05:30,Kurunegala_NorthWestern,23.9,92.74958557567408,0.0,2.75,90.02914961283608
2026-09-30T06:15:00+05:30,Kurunegala_NorthWestern,24.0,93.24851193295638,12.0,2.8,86.3158689210887
2026-09-30T06:30:00+05:30,Kurunegala_NorthWestern,24.2,93.76330923331989,42.0,2.85,82.60445811257944
2026-09-30T06:45:00+05:30,Kurunegala_NorthWestern,24.5,94.29866566878604,80.0,2.8,78.89529259202419
2026-09-30T07:00:00+05:30,Kurunegala_NorthWestern,25.0,94.85982292097572,125.0,2.7,75.18880634071581
2026-09-30T07:15:00+05:30,Kurunegala_NorthWestern,25.5,95.4527803043124,175.0,2.65,71.48550856091832
2026-09-30T07:30:00+05:30,Kurunegala_NorthWestern,25.9,96.08455072374721,232.0,2.61,67.78600695281054
2026-09-30T07:45:00+05:30,Kurunegala_NorthWestern,26.3,96.76349196832672,295.0,2.72,64.09103829561715
2026-09-30T08:00:00+05:30,Kurunegala_NorthWestern,26.7,97.49974703802434,359.0,3.05,60.40150801454557
2026-09-30T08:15:00+05:30,Kurunegala_NorthWestern,27.0,98.30584224286542,422.0,3.41,56.718546436898116
2026-09-30T08:30:00+05:30,Kurunegala_NorthWestern,27.4,99.19751768725064,482.0,3.72,53.043587499900696
2026-09-30T08:45:00+05:30,Kurunegala_NorthWestern,27.8,100.19490572355369,539.0,3.81,49.378479798737
2026-09-30T09:00:00+05:30,Kurunegala_NorthWestern,28.2,101.32423940951247,591.0,3.81,45.72565125279176
2026-09-30T09:15:00+05:30,Kurunegala_NorthWestern,28.7,102.62038811653838,639.0,3.73,42.088356221164226
2026-09-30T09:30:00+05:30,Kurunegala_NorthWestern,29.0,104.13071605770955,679.0,3.73,38.47105538924381
2026-09-30T09:45:00+05:30,Kurunegala_NorthWestern,29.3,105.92111046716172,712.0,3.78,34.880022803838585
2026-09-30T10:00:00+05:30,Kurunegala_NorthWestern,29.5,108.08566658073124,741.0,3.89,31.324345981747648
2026-09-30T10:15:00+05:30,Kurunegala_NorthWestern,29.7,110.7626891209029,766.0,4.02,27.81763611346966
2026-09-30T10:30:00+05:30,Kurunegala_NorthWestern,29.9,114.16177944223108,783.0,4.12,24.38108036686542
2026-09-30T10:45:00+05:30,Kurunegala_NorthWestern,30.1,118.61022315878478,796.0,4.17,21.04911674546645
2026-09-30T11:00:00+05:30,Kurunegala_NorthWestern,30.3,124.63027976064234,810.0,4.22,17.880360136702365
2026-09-30T11:15:00+05:30,Kurunegala_NorthWestern,30.4,133.048801742016,829.0,4.22,14.978796287726638
2026-09-30T11:30:00+05:30,Kurunegala_NorthWestern,30.6,145.04623462707337,856.0,4.26,12.531462956103738
2026-09-30T11:45:00+05:30,Kurunegala_NorthWestern,30.8,161.667348523447,884.0,4.27,10.850240068803075
2026-09-30T12:00:00+05:30,Kurunegala_NorthWestern,31.0,181.96626094144378,906.0,4.33,10.316745661370717
2026-09-30T12:15:00+05:30,Kurunegala_NorthWestern,31.2,201.79649140878212,915.0,4.39,11.097762679051556
2026-09-30T12:30:00+05:30,Kurunegala_NorthWestern,31.2,217.49588286378759,920.0,4.5,12.957734608051425
2026-09-30T12:45:00+05:30,Kurunegala_NorthWestern,31.1,228.69710458169388,915.0,4.7,15.513300731708412
2026-09-30T13:00:00+05:30,Kurunegala_NorthWestern,30.7,236.56754415338835,894.0,4.99,18.47805420611887
2026-09-30T13:15:00+05:30,Kurunegala_NorthWestern,30.4,242.2285467853834,846.0,5.25,21.684784405332366
2026-09-30T13:30:00+05:30,Kurunegala_NorthWestern,30.1,246.43913640320216,766.0,5.37,25.040674714585748
2026-09-30T13:45:00+05:30,Kurunegala_NorthWestern,30.0,249.67594005649255,676.0,5.33,28.493041717862717
2026-09-30T14:00:00+05:30,Kurunegala_NorthWestern,29.9,252.23850784421603,602.0,5.14,32.01065553280386
2026-09-30T14:15:00+05:30,Kurunegala_NorthWestern,29.8,254.3197317243525,565.0,4.84,35.574134653701634
2026-09-30T14:30:00+05:30,Kurunegala_NorthWestern,29.7,256.04765142719685,561.0,4.67,39.17092967538595
2026-09-30T14:45:00+05:30,Kurunegala_NorthWestern,29.8,257.5098768644442,565.0,4.54,42.79260527774381
2026-09-30T15:00:00+05:30,Kurunegala_NorthWestern,29.8,258.76807405853685,555.0,4.4,46.43330278335873
2026-09-30T15:15:00+05:30,Kurunegala_NorthWestern,29.9,259.86677984561794,514.0,4.24,50.088834933982305
2026-09-30T15:30:00+05:30,Kurunegala_NorthWestern,29.8,260.8389186676545,451.0,4.07,53.75613409843726
2026-09-30T15:45:00+05:30,Kurunegala_NorthWestern,29.4,261.70935152993036,381.0,3.82,57.4329025275794
2026-09-30T16:00:00+05:30,Kurunegala_NorthWestern,28.9,262.4972199509581,319.0,3.6,61.117384451212175
2026-09-30T16:15:00+05:30,Kurunegala_NorthWestern,28.3,263.2175326492811,270.0,3.45,64.80821494011099
2026-09-30T16:30:00+05:30,Kurunegala_NorthWestern,27.8,263.88226396828566,231.0,3.29,68.50431514712984
2026-09-30T16:45:00+05:30,Kurunegala_NorthWestern,27.5,264.5011311643942,193.0,3.11,72.20481873976723
2026-09-30T17:00:00+05:30,Kurunegala_NorthWestern,27.2,265.08215637129945,155.0,2.85,75.90902062094769
2026-09-30T17:15:00+05:30,Kurunegala_NorthWestern,27.0,265.63208123475664,113.0,2.62,79.6163383060033
2026-09-30T17:30:00+05:30,Kurunegala_NorthWestern,26.7,266.15668005035445,73.0,2.45,83.32628307499353
2026-09-30T17:45:00+05:30,Kurunegala_NorthWestern,26.5,266.6610026071829,37.0,2.38,87.03843946401724
2026-09-30T18:00:00+05:30,Kurunegala_NorthWestern,26.3,267.14956806313177,8.0,2.4,90.75244810622915
2026-09-30T18:15:00+05:30,Kurunegala_NorthWestern,26.1,267.6265259416974,0.0,2.42,94.46799198250709
2026-09-30T18:30:00+05:30,Kurunegala_NorthWestern,25.9,268.0957965846077,0.0,2.49,98.18478654909379
2026-09-30T18:45:00+05:30,Kurunegala_NorthWestern,25.7,268.56120070536696,0.0,2.49,101.90256995931665
2026-09-30T19:00:00+05:30,Kurunegala_NorthWestern,25.5,269.0265873889801,0.0,2.47,105.62109422762107
2026-09-30T19:15:00+05:30,Kurunegala_NorthWestern,25.3,269.49597007817306,0.0,2.45,109.3401182563193
2026-09-30T19:30:00+05:30,Kurunegala_NorthWestern,25.2,269.9736809663616,0.0,2.5,113.05939915501814
2026-09-30T19:45:00+05:30,Kurunegala_NorthWestern,25.0,270.4645577576696,0.0,2.55,116.77868268776038
2026-09-30T20:00:00+05:30,Kurunegala_NorthWestern,24.9,270.97418201553796,0.0,2.65,120.49769351530769
2026-09-30T20:15:00+05:30,Kurunegala_NorthWestern,24.8,271.5091965539797,0.0,2.7,124.2161210654653
2026-09-30T20:30:00+05:30,Kurunegala_NorthWestern,24.8,272.07774463291344,0.0,2.76,127.93360080091475
2026-09-30T20:45:00+05:30,Kurunegala_NorthWestern,24.8,272.69009886588265,0.0,2.81,131.6496896576825
2026-09-30T21:00:00+05:30,Kurunegala_NorthWestern,24.8,273.35959088666215,0.0,2.81,135.3638282056858
2026-09-30T21:15:00+05:30,Kurunegala_NorthWestern,24.8,274.10403248336985,0.0,2.81,139.0752834167552
2026-09-30T21:30:00+05:30,Kurunegala_NorthWestern,24.8,274.94796764846154,0.0,2.81,142.78305995861194
2026-09-30T21:45:00+05:30,Kurunegala_NorthWestern,24.7,275.92638686289155,0.0,2.81,146.48575162962763
2026-09-30T22:00:00+05:30,Kurunegala_NorthWestern,24.7,277.09114481734565,0.0,2.82,150.18128426554284
2026-09-30T22:15:00+05:30,Kurunegala_NorthWestern,24.6,278.5226757695134,0.0,2.82,153.8664458440829
2026-09-30T22:30:00+05:30,Kurunegala_NorthWestern,24.5,280.3528430654521,0.0,2.78,157.5359599123707
2026-09-30T22:45:00+05:30,Kurunegala_NorthWestern,24.5,282.8132878295913,0.0,2.73,161.18050011127139
2026-09-30T23:00:00+05:30,Kurunegala_NorthWestern,24.4,286.34867163415623,0.0,2.58,164.78194210925182
2026-09-30T23:15:00+05:30,Kurunegala_NorthWestern,24.3,291.91755558639915,0.0,2.47,168.30024414496532
2026-09-30T23:30:00+05:30,Kurunegala_NorthWestern,24.2,301.91276459573504,0.0,2.43,171.62972114602923
2026-09-30T23:45:00+05:30,Kurunegala_NorthWestern,24.2,323.0187381212447,0.0,2.43,174.42119521313558
2026-10-01T00:00:00+05:30,Kurunegala_NorthWestern,24.1,5.036858648879047,0.0,2.42,175.52007852896162
2026-10-01T00:15:00+05:30,Kurunegala_NorthWestern,24.1,42.99530541350225,0.0,2.41,173.925348126736
2026-10-01T00:30:00+05:30,Kurunegala_NorthWestern,24.0,60.87020819665872,0.0,2.41,170.96578245870256
2026-10-01T00:45:00+05:30,Kurunegala_NorthWestern,24.0,69.61041999529289,0.0,2.31,167.581679166711
2026-10-01T01:00:00+05:30,Kurunegala_NorthWestern,24.0,74.63291899616866,0.0,2.16,164.04095584642334
2026-10-01T01:15:00+05:30,Kurunegala_NorthWestern,24.0,77.89191968718382,0.0,2.02,160.42853877698747
2026-10-01T01:30:00+05:30,Kurunegala_NorthWestern,24.0,80.19588396012927,0.0,1.97,156.77797603177723
2026-10-01T01:45:00+05:30,Kurunegala_NorthWestern,23.9,81.92998110655373,0.0,2.03,153.10491729483127
2026-10-01T02:00:00+05:30,Kurunegala_NorthWestern,23.9,83.29899038710766,0.0,2.15,149.4175943313676
2026-10-01T02:15:00+05:30,Kurunegala_NorthWestern,23.9,84.42133349963945,0.0,2.32,145.72074369650767
2026-10-01T02:30:00+05:30,Kurunegala_NorthWestern,23.8,85.3701546852576,0.0,2.46,142.01728844852587
2026-10-01T02:45:00+05:30,Kurunegala_NorthWestern,23.8,86.19309516792396,0.0,2.6,138.3091369923788
2026-10-01T03:00:00+05:30,Kurunegala_NorthWestern,23.8,86.9225829200073,0.0,2.73,134.59759666439507
2026-10-01T03:15:00+05:30,Kurunegala_NorthWestern,23.8,87.58153905839174,0.0,2.86,130.88360223934797
2026-10-01T03:30:00+05:30,Kurunegala_NorthWestern,23.8,88.18671478652595,0.0,2.95,127.16784794122131
2026-10-01T03:45:00+05:30,Kurunegala_NorthWestern,23.8,88.75073221781611,0.0,3.0,123.45086930751475
2026-10-01T04:00:00+05:30,Kurunegala_NorthWestern,23.8,89.28338258364374,0.0,3.05,119.73309561211072
2026-10-01T04:15:00+05:30,Kurunegala_NorthWestern,23.8,89.79248188158158,0.0,3.06,116.01488336688432
2026-10-01T04:30:00+05:30,Kurunegala_NorthWestern,23.7,90.28445349827518,0.0,3.01,112.29654067217609
2026-10-01T04:45:00+05:30,Kurunegala_NorthWestern,23.7,90.76473829694658,0.0,2.9,108.57834494000404
2026-10-01T05:00:00+05:30,Kurunegala_NorthWestern,23.6,91.23809366808985,0.0,2.72,104.86055496637633
2026-10-01T05:15:00+05:30,Kurunegala_NorthWestern,23.5,91.70882005242936,0.0,2.63,101.14342194114559
2026-10-01T05:30:00+05:30,Kurunegala_NorthWestern,23.5,92.18094080441915,0.0,2.56,97.42719898826994
2026-10-01T05:45:00+05:30,Kurunegala_NorthWestern,23.4,92.65835333032118,0.0,2.53,93.71214854467623
2026-10-01T06:00:00+05:30,Kurunegala_NorthWestern,23.4,93.14496419835496,0.0,2.52,89.99855121142015
2026-10-01T06:15:00+05:30,Kurunegala_NorthWestern,23.5,93.64481887681501,17.0,2.42,86.28671518215316
2026-10-01T06:30:00+05:30,Kurunegala_NorthWestern,23.6,94.16223564266431,55.0,2.36,82.57698536116013
2026-10-01T06:45:00+05:30,Kurunegala_NorthWestern,24.0,94.70195266272253,103.0,2.2,78.86975586786677
2026-10-01T07:00:00+05:30,Kurunegala_NorthWestern,24.5,95.2692990008307,157.0,1.96,75.16548531461791
2026-10-01T07:15:00+05:30,Kurunegala_NorthWestern,25.0,95.87040284289407,210.0,1.77,71.46471454054434
2026-10-01T07:30:00+05:30,Kurunegala_NorthWestern,25.5,96.5124537495102,259.0,1.7,67.76809140983733
2026-10-01T07:45:00+05:30,Kurunegala_NorthWestern,25.9,97.20404298537505,303.0,1.83,64.07640348444797
2026-10-01T08:00:00+05:30,Kurunegala_NorthWestern,26.4,97.9556164127867,345.0,2.1,60.390620476154936
2026-10-01T08:15:00+05:30,Kurunegala_NorthWestern,26.8,98.78008980568183,390.0,2.39,56.711954501107904
2026-10-01T08:30:00+05:30,Kurunegala_NorthWestern,27.2,99.69370277433592,435.0,2.55,53.041944380268234
2026-10-01T08:45:00+05:30,Kurunegala_NorthWestern,27.6,100.71722903137959,481.0,2.54,49.3825746278461
2026-10-01T09:00:00+05:30,Kurunegala_NorthWestern,27.9,101.87772776746397,528.0,2.46,45.73645155884678
2026-10-01T09:15:00+05:30,Kurunegala_NorthWestern,28.2,103.21113638609677,578.0,2.37,42.10706717796672
2026-10-01T09:30:00+05:30,Kurunegala_NorthWestern,28.5,104.76620255711094,634.0,2.3,38.49920410569148
2026-10-01T09:45:00+05:30,Kurunegala_NorthWestern,28.9,106.61059916149185,692.0,2.26,34.91958061924679
2026-10-01T10:00:00+05:30,Kurunegala_NorthWestern,29.3,108.8406871416384,745.0,2.23,31.377909247379023
2026-10-01T10:15:00+05:30,Kurunegala_NorthWestern,29.7,111.5975032519683,788.0,2.22,27.888697300554895
2026-10-01T10:30:00+05:30,Kurunegala_NorthWestern,30.1,115.09347221450179,821.0,2.19,24.474435547848856
2026-10-01T10:45:00+05:30,Kurunegala_NorthWestern,30.4,119.6572186796501,845.0,2.2,21.171459514509365
2026-10-01T11:00:00+05:30,Kurunegala_NorthWestern,30.6,125.80555784979975,865.0,2.23,18.041037806053296
2026-10-01T11:15:00+05:30,Kurunegala_NorthWestern,30.8,134.33727811927747,883.0,2.32,15.19026819469083
2026-10-01T11:30:00+05:30,Kurunegala_NorthWestern,31.0,146.34437799389747,898.0,2.43,12.807312257641144
2026-10-01T11:45:00+05:30,Kurunegala_NorthWestern,31.4,162.69047976936963,909.0,2.46,11.195030091787487
2026-10-01T12:00:00+05:30,Kurunegala_NorthWestern,31.8,182.33396273425143,910.0,2.48,10.707427191779871
2026-10-01T12:15:00+05:30,Kurunegala_NorthWestern,32.0,201.45929181687717,902.0,2.5,11.488615089945952
2026-10-01T12:30:00+05:30,Kurunegala_NorthWestern,31.8,216.76037256974428,885.0,2.66,13.317147259944448
2026-10-01T12:45:00+05:30,Kurunegala_NorthWestern,30.9,227.83599844054405,859.0,3.0,15.834235694595776
2026-10-01T13:00:00+05:30,Kurunegala_NorthWestern,29.5,235.7105028341709,825.0,3.44,18.764792863303953
2026-10-01T13:15:00+05:30,Kurunegala_NorthWestern,28.1,241.42107559206724,783.0,3.82,21.943764395112083
2026-10-01T13:30:00+05:30,Kurunegala_NorthWestern,27.2,245.69169117065542,732.0,3.94,25.27757656606593
2026-10-01T13:45:00+05:30,Kurunegala_NorthWestern,27.0,248.98628149928055,676.0,3.66,28.712318151674495
2026-10-01T14:00:00+05:30,Kurunegala_NorthWestern,27.2,251.60047041882387,616.0,3.13,32.21569570220576
2026-10-01T14:15:00+05:30,Kurunegala_NorthWestern,27.5,253.7264735593127,555.0,2.58,35.76751770543045
2026-10-01T14:30:00+05:30,Kurunegala_NorthWestern,27.6,255.4927766707194,486.0,2.25,39.35463896205703
2026-10-01T14:45:00+05:30,Kurunegala_NorthWestern,27.3,256.9877505724377,420.0,2.04,42.968187730955286
2026-10-01T15:00:00+05:30,Kurunegala_NorthWestern,26.8,258.27383932843605,366.0,1.91,46.601983270405235
2026-10-01T15:15:00+05:30,Kurunegala_NorthWestern,26.3,259.39627487824333,331.0,1.86,50.25159783884691
2026-10-01T15:30:00+05:30,Kurunegala_NorthWestern,26.0,260.3885697886605,313.0,1.87,53.9137818942637
2026-10-01T15:45:00+05:30,Kurunegala_NorthWestern,25.8,261.27607004790013,300.0,2.11,57.58609833283638
2026-10-01T16:00:00+05:30,Kurunegala_NorthWestern,25.8,262.0783116237428,284.0,2.45,61.26668337622259
2026-10-01T16:15:00+05:30,Kurunegala_NorthWestern,25.8,262.8106211047028,259.0,2.8,64.9540875259377
2026-10-01T16:30:00+05:30,Kurunegala_NorthWestern,25.8,263.4852267234603,231.0,2.95,68.64716516144198
2026-10-01T16:45:00+05:30,Kurunegala_NorthWestern,25.8,264.11204612517133,200.0,2.85,72.34499690314158
2026-10-01T17:00:00+05:30,Kurunegala_NorthWestern,25.8,264.69925665604046,163.0,2.66,76.04683536647072
2026-10-01T17:15:00+05:30,Kurunegala_NorthWestern,25.8,265.25371636791436,121.0,2.37,79.75206436920038
2026-10-01T17:30:00+05:30,Kurunegala_NorthWestern,25.7,265.78128182777857,77.0,2.23,83.46016848182559
2026-10-01T17:45:00+05:30,Kurunegala_NorthWestern,25.6,266.28705415702154,38.0,2.27,87.17071135365752
2026-10-01T18:00:00+05:30,Kurunegala_NorthWestern,25.4,266.7755747761865,8.0,2.36,90.88331770755451
2026-10-01T18:15:00+05:30,Kurunegala_NorthWestern,25.2,267.25098703420394,0.0,2.45,94.59765901166912
2026-10-01T18:30:00+05:30,Kurunegala_NorthWestern,25.0,267.71717605677884,0.0,2.45,98.3134432427998
2026-10-01T18:45:00+05:30,Kurunegala_NorthWestern,24.9,268.1778963734925,0.0,2.25,102.03040493983761
2026-10-01T19:00:00+05:30,Kurunegala_NorthWestern,24.9,268.6368964769845,0.0,1.92,105.74829638852147
2026-10-01T19:15:00+05:30,Kurunegala_NorthWestern,24.9,269.09804951978055,0.0,1.6,109.4668808699775
2026-10-01T19:30:00+05:30,Kurunegala_NorthWestern,24.9,269.56550005150035,0.0,1.36,113.18592443206813
2026-10-01T19:45:00+05:30,Kurunegala_NorthWestern,24.9,270.04383996510023,0.0,1.29,116.90518708612171
2026-10-01T20:00:00+05:30,Kurunegala_NorthWestern,24.8,270.5383316655885,0.0,1.35,120.624414175663
2026-10-01T20:15:00+05:30,Kurunegala_NorthWestern,24.8,271.05520409899236,0.0,1.45,124.3433239193366
2026-10-01T20:30:00+05:30,Kurunegala_NorthWestern,24.8,271.60206158107405,0.0,1.47,128.06159113029304
2026-10-01T20:45:00+05:30,Kurunegala_NorthWestern,24.7,272.18846889287676,0.0,1.33,131.7788262821281
2026-10-01T21:00:00+05:30,Kurunegala_NorthWestern,24.6,272.8268165798302,0.0,1.13,135.49454312149305
2026-10-01T21:15:00+05:30,Kurunegala_NorthWestern,24.5,273.5336454217522,0.0,0.92,139.20810981583605
2026-10-01T21:30:00+05:30,Kurunegala_NorthWestern,24.5,274.3317496382451,0.0,0.86,142.9186735106618
2026-10-01T21:45:00+05:30,Kurunegala_NorthWestern,24.4,275.25365560744774,0.0,0.96,146.62503348349844
2026-10-01T22:00:00+05:30,Kurunegala_NorthWestern,24.4,276.34765564535434,0.0,1.25,150.32542112112594
2026-10-01T22:15:00+05:30,Kurunegala_NorthWestern,24.3,277.6888794548387,0.0,1.55,154.017096485631
2026-10-01T22:30:00+05:30,Kurunegala_NorthWestern,24.3,279.4010422496694,0.0,1.73,157.69554798442348
2026-10-01T22:45:00+05:30,Kurunegala_NorthWestern,24.2,281.702938838495,0.0,1.74,161.35276352375922
2026-10-01T23:00:00+05:30,Kurunegala_NorthWestern,24.1,285.0190790152304,0.0,1.68,164.97304498544617
2026-10-01T23:15:00+05:30,Kurunegala_NorthWestern,24.0,290.28158611120375,0.0,1.65,168.521203679135
2026-10-01T23:30:00+05:30,Kurunegala_NorthWestern,23.9,299.90261479507376,0.0,1.65,171.9016803440234
2026-10-01T23:45:00+05:30,Kurunegala_NorthWestern,23.9,321.1881331594202,0.0,1.66,174.77778926366284
2026-10-02T00:00:00+05:30,Kurunegala_NorthWestern,23.8,6.63635271730044,0.0,1.7,175.89757959159414
2026-10-02T00:15:00+05:30,Kurunegala_NorthWestern,23.7,46.1544139351214,0.0,1.7,174.1469843621976
2026-10-02T00:30:00+05:30,Kurunegala_NorthWestern,23.7,63.29893060430118,0.0,1.7,171.08068751382285
2026-10-02T00:45:00+05:30,Kurunegala_NorthWestern,23.6,71.43453489046146,0.0,1.71,167.64214264406115
2026-10-02T01:00:00+05:30,Kurunegala_NorthWestern,23.5,76.07026542654614,0.0,1.73,164.0707207577995
2026-10-02T01:15:00+05:30,Kurunegala_NorthWestern,23.4,79.07379969327076,0.0,1.7,160.43918394609034
2026-10-02T01:30:00+05:30,Kurunegala_NorthWestern,23.3,81.1999938329082,0.0,1.72,156.77583822090196
2026-10-02T01:45:00+05:30,Kurunegala_NorthWestern,23.2,82.80472584044207,0.0,1.74,153.0938033483904
2026-10-02T02:00:00+05:30,Kurunegala_NorthWestern,23.2,84.07619761251095,0.0,1.77,149.39996183513134
2026-10-02T02:15:00+05:30,Kurunegala_NorthWestern,23.1,85.12293476211306,0.0,1.76,145.69827143640487
2026-10-02T02:30:00+05:30,Kurunegala_NorthWestern,23.1,86.01187084830724,0.0,1.74,141.99117689980508
2026-10-02T02:45:00+05:30,Kurunegala_NorthWestern,23.1,86.7865774953882,0.0,1.65,138.28027810010713
2026-10-02T03:00:00+05:30,Kurunegala_NorthWestern,23.1,87.47671725108768,0.0,1.61,134.56667545339616
2026-10-02T03:15:00+05:30,Kurunegala_NorthWestern,23.0,88.10327393134764,0.0,1.6,130.85116062354683
2026-10-02T03:30:00+05:30,Kurunegala_NorthWestern,23.0,88.68160673828248,0.0,1.61,127.13432647544221
2026-10-02T03:45:00+05:30,Kurunegala_NorthWestern,23.0,89.22331655123247,0.0,1.5,123.41663551446061
2026-10-02T04:00:00+05:30,Kurunegala_NorthWestern,22.9,89.73743279694435,0.0,1.38,119.69846385292584
2026-10-02T04:15:00+05:30,Kurunegala_NorthWestern,22.8,90.23119601921496,0.0,1.23,115.98012921983182
2026-10-02T04:30:00+05:30,Kurunegala_NorthWestern,22.8,90.7105913769933,0.0,1.15,112.26191167384327
2026-10-02T04:45:00+05:30,Kurunegala_NorthWestern,22.7,91.18072504723591,0.0,1.15,108.54406887950799
2026-10-02T05:00:00+05:30,Kurunegala_NorthWestern,22.7,91.6460998325623,0.0,1.1,104.82684652684179
2026-10-02T05:15:00+05:30,Kurunegala_NorthWestern,22.6,92.11082523748632,0.0,1.15,101.11048824133056
2026-10-02T05:30:00+05:30,Kurunegala_NorthWestern,22.6,92.57878579665532,0.0,1.2,97.3952444183614
2026-10-02T05:45:00+05:30,Kurunegala_NorthWestern,22.7,93.05378424532796,0.0,1.35,93.68137920390664
2026-10-02T06:00:00+05:30,Kurunegala_NorthWestern,22.7,93.539671366746,0.0,1.58,89.96917919964135
2026-10-02T06:15:00+05:30,Kurunegala_NorthWestern,22.8,94.04047262167722,16.0,1.77,86.25896296411544
2026-10-02T06:30:00+05:30,Kurunegala_NorthWestern,23.1,94.56052078328042,52.0,1.9,82.55109042784086
2026-10-02T06:45:00+05:30,Kurunegala_NorthWestern,23.6,95.10460343676709,98.0,1.85,78.84597592472842
2026-10-02T07:00:00+05:30,Kurunegala_NorthWestern,24.3,95.6781360989379,152.0,1.64,75.14410427412483
2026-10-02T07:15:00+05:30,Kurunegala_NorthWestern,25.0,96.28737440258783,209.0,1.47,71.44604965817415
2026-10-02T07:30:00+05:30,Kurunegala_NorthWestern,25.6,96.93968245913112,269.0,1.39,67.7525019933743
2026-10-02T07:45:00+05:30,Kurunegala_NorthWestern,26.1,97.64388193870434,330.0,1.46,64.06430177048662
2026-10-02T08:00:00+05:30,Kurunegala_NorthWestern,26.6,98.41071709182472,389.0,1.7,60.38248547229739
2026-10-02T08:15:00+05:30,Kurunegala_NorthWestern,27.0,99.25348659025497,443.0,1.92,56.70834992621561
2026-10-02T08:30:00+05:30,Kurunegala_NorthWestern,27.4,100.18891979055985,486.0,2.01,53.043542322844104
2026-10-02T08:45:00+05:30,Kurunegala_NorthWestern,27.7,101.23841701191714,521.0,1.91,49.39018729276324
2026-10-02T09:00:00+05:30,Kurunegala_NorthWestern,28.0,102.42984081207192,555.0,1.7,45.751074622518345
2026-10-02T09:15:00+05:30,Kurunegala_NorthWestern,28.3,103.80016065126398,595.0,1.53,42.12994008176502
2026-10-02T09:30:00+05:30,Kurunegala_NorthWestern,28.6,105.39944926641203,639.0,1.38,38.531895463232
2026-10-02T09:45:00+05:30,Kurunegala_NorthWestern,29.0,107.2970675814488,684.0,1.38,34.964111428136356
2026-10-02T10:00:00+05:30,Kurunegala_NorthWestern,29.3,109.59147392078711,729.0,1.37,31.436933543814334
2026-10-02T10:15:00+05:30,Kurunegala_NorthWestern,29.7,112.42613770446849,775.0,1.45,27.9657698542337
2026-10-02T10:30:00+05:30,Kurunegala_NorthWestern,30.0,116.01576119807146,826.0,1.55,24.57440673209051
2026-10-02T10:45:00+05:30,Kurunegala_NorthWestern,30.3,120.68930862355205,875.0,1.66,21.301032085151377
2026-10-02T11:00:00+05:30,Kurunegala_NorthWestern,30.6,126.95642710927348,915.0,1.78,18.209423807307033
2026-10-02T11:15:00+05:30,Kurunegala_NorthWestern,30.9,135.58565783440707,940.0,1.87,15.40941192507863
2026-10-02T11:30:00+05:30,Kurunegala_NorthWestern,31.1,147.58189899484665,951.0,1.91,13.089513893992418
2026-10-02T11:45:00+05:30,Kurunegala_NorthWestern,31.3,163.64584368585975,950.0,1.8,11.542957794625977
2026-10-02T12:00:00+05:30,Kurunegala_NorthWestern,31.4,182.6692863232016,938.0,1.58,11.097919047572745
2026-10-02T12:15:00+05:30,Kurunegala_NorthWestern,31.5,201.1388941787655,913.0,1.53,11.878857890335127
2026-10-02T12:30:00+05:30,Kurunegala_NorthWestern,31.2,216.0596906132135,877.0,1.69,13.677357334038618
2026-10-02T12:45:00+05:30,Kurunegala_NorthWestern,30.6,227.0065144135078,830.0,2.43,16.157102153400984
2026-10-02T13:00:00+05:30,Kurunegala_NorthWestern,29.7,234.87745335070412,770.0,3.6,19.053928270036593
2026-10-02T13:15:00+05:30,Kurunegala_NorthWestern,28.7,240.63111117050815,697.0,4.72,22.205178413693403
2026-10-02T13:30:00+05:30,Kurunegala_NorthWestern,27.9,244.9570899377307,604.0,5.07,25.516742601535086
2026-10-02T13:45:00+05:30,Kurunegala_NorthWestern,27.2,248.30622917323694,506.0,4.36,28.933603734018554
2026-10-02T14:00:00+05:30,Kurunegala_NorthWestern,26.5,250.96977949624818,416.0,3.14,32.42246363781662
2026-10-02T14:15:00+05:30,Kurunegala_NorthWestern,26.0,253.13895538722875,342.0,2.51,35.962347436001664
2026-10-02T14:30:00+05:30,Kurunegala_NorthWestern,25.5,254.9424738925817,273.0,2.69,39.53952530714416
2026-10-02T14:45:00+05:30,Kurunegala_NorthWestern,25.2,256.46932746277685,216.0,2.67,43.14469298749219
2026-10-02T15:00:00+05:30,Kurunegala_NorthWestern,25.1,257.78264725820816,181.0,2.34,46.77134821010216
2026-10-02T15:15:00+05:30,Kurunegala_NorthWestern,25.0,258.92829995738686,174.0,1.95,50.41482180238149
2026-10-02T15:30:00+05:30,Kurunegala_NorthWestern,24.9,259.9403453807126,197.0,1.71,54.071680771532336
2026-10-02T15:45:00+05:30,Kurunegala_NorthWestern,24.9,260.84458624116576,225.0,1.84,57.73934694091357
2026-10-02T16:00:00+05:30,Kurunegala_NorthWestern,25.0,261.6609330077516,236.0,2.3,61.41584682540912
2026-10-02T16:15:00+05:30,Kurunegala_NorthWestern,25.1,262.4050157631774,217.0,2.81,65.09964475380625
2026-10-02T16:30:00+05:30,Kurunegala_NorthWestern,25.1,263.08930605369824,180.0,3.16,68.78952684795314
2026-10-02T16:45:00+05:30,Kurunegala_NorthWestern,24.9,263.7239139662734,138.0,3.18,72.48451931258667
2026-10-02T17:00:00+05:30,Kurunegala_NorthWestern,24.6,264.3171659513582,101.0,2.98,76.18383120908511
2026-10-02T17:15:00+05:30,Kurunegala_NorthWestern,24.2,264.8760316506907,71.0,2.68,79.88681146836834
2026-10-02T17:30:00+05:30,Kurunegala_NorthWestern,24.0,265.4064459921176,45.0,2.35,83.59291682217447
2026-10-02T17:45:00+05:30,Kurunegala_NorthWestern,24.0,265.9135581387988,22.0,1.92,87.30168893149951
2026-10-02T18:00:00+05:30,Kurunegala_NorthWestern,24.0,266.4019288860674,4.0,1.42,91.01273551618706
2026-10-02T18:15:00+05:30,Kurunegala_NorthWestern,24.0,266.8756927442491,0.0,0.96,94.72571541805793
2026-10-02T18:30:00+05:30,Kurunegala_NorthWestern,24.0,267.33869702465205,0.0,0.6,98.44032797100867
2026-10-02T18:45:00+05:30,Kurunegala_NorthWestern,24.0,267.7946273854649,0.0,0.42,102.15630285342169
2026-10-02T19:00:00+05:30,Kurunegala_NorthWestern,24.0,268.2471287819517,0.0,0.32,105.87339125277673
2026-10-02T19:15:00+05:30,Kurunegala_NorthWestern,23.9,268.69993067283394,0.0,0.28,109.5913592902119
2026-10-02T19:30:00+05:30,Kurunegala_NorthWestern,23.9,269.15698584200203,0.0,0.25,113.30998018723342
2026-10-02T19:45:00+05:30,Kurunegala_NorthWestern,23.8,269.6226351725835,0.0,0.25,117.02902612654735
2026-10-02T20:00:00+05:30,Kurunegala_NorthWestern,23.8,270.10181512353273,0.0,0.25,120.7482606556882
2026-10-02T20:15:00+05:30,Kurunegala_NorthWestern,23.7,270.6003316294276,0.0,0.25,124.46742776194384
2026-10-02T20:30:00+05:30,Kurunegala_NorthWestern,23.6,271.12523738043495,0.0,0.29,128.186237857719
2026-10-02T20:45:00+05:30,Kurunegala_NorthWestern,23.6,271.6853712199701,0.0,0.32,131.90435021240927
2026-10-02T21:00:00+05:30,Kurunegala_NorthWestern,23.6,272.2921559636705,0.0,0.3,135.62134564053156
2026-10-02T21:15:00+05:30,Kurunegala_NorthWestern,23.5,272.96082087032823,0.0,0.35,139.33668549006475
2026-10-02T21:30:00+05:30,Kurunegala_NorthWestern,23.5,273.7123464531312,0.0,0.4,143.04964864589806
2026-10-02T21:45:00+05:30,Kurunegala_NorthWestern,23.4,274.57668968108004,0.0,0.47,146.7592251821184
2026-10-02T22:00:00+05:30,Kurunegala_NorthWestern,23.3,275.59839805239284,0.0,0.6,150.46393154880477
2026-10-02T22:15:00+05:30,Kurunegala_NorthWestern,23.2,276.84696081597264,0.0,0.72,154.1614707982219
2026-10-02T22:30:00+05:30,Kurunegala_NorthWestern,23.2,278.4372788435029,0.0,0.82,157.8480546236775
2026-10-02T22:45:00+05:30,Kurunegala_NorthWestern,23.1,280.57385148813484,0.0,0.85,161.51692768693238
2026-10-02T23:00:00+05:30,Kurunegala_NorthWestern,23.1,283.6575021948214,0.0,0.85,165.15475312672373
2026-10-02T23:15:00+05:30,Kurunegala_NorthWestern,23.0,288.58406960714626,0.0,0.81,168.73121620791267
2026-10-02T23:30:00+05:30,Kurunegala_NorthWestern,23.0,297.7554311288237,0.0,0.81,172.16164823578507
2026-10-02T23:45:00+05:30,Kurunegala_NorthWestern,22.9,319.0845964669472,0.0,0.85,175.12697695321367
2026-10-03T00:00:00+05:30,Kurunegala_NorthWestern,22.9,8.535300206529598,0.0,0.88,176.2708842873895
2026-10-03T00:15:00+05:30,Kurunegala_NorthWestern,22.9,49.536511968074876,0.0,0.89,174.35026606538986
2026-10-03T00:30:00+05:30,Kurunegala_NorthWestern,22.9,65.77880058687424,0.0,0.97,171.18043886052897
2026-10-03T00:45:00+05:30,Kurunegala_NorthWestern,22.9,73.26992337283173,0.0,1.05,167.69149149105226
2026-10-03T01:00:00+05:30,Kurunegala_NorthWestern,22.8,77.5087289466307,0.0,1.12,164.09213885516579
2026-10-03T01:15:00+05:30,Kurunegala_NorthWestern,22.8,80.25392807915699,0.0,1.16,160.44336909808368
2026-10-03T01:30:00+05:30,Kurunegala_NorthWestern,22.8,82.2015959774447,0.0,1.23,156.76858699138336
2026-10-03T01:45:00+05:30,Kurunegala_NorthWestern,22.8,83.67688498569856,0.0,1.26,153.07858222640664
2026-10-03T02:00:00+05:30,Kurunegala_NorthWestern,22.8,84.85096240048023,0.0,1.36,149.37900416913652
2026-10-03T02:15:00+05:30,Kurunegala_NorthWestern,22.8,85.82229844437484,0.0,1.35,145.67310196286243
2026-10-03T02:30:00+05:30,Kurunegala_NorthWestern,22.8,86.65155838845857,0.0,1.38,141.96288641563868
2026-10-03T02:45:00+05:30,Kurunegala_NorthWestern,22.7,87.3782241280071,0.0,1.37,138.24967811351337
2026-10-03T03:00:00+05:30,Kurunegala_NorthWestern,22.7,88.02918706396372,0.0,1.37,134.53439054296882
2026-10-03T03:15:00+05:30,Kurunegala_NorthWestern,22.6,88.62349353615707,0.0,1.32,130.8176863693774
2026-10-03T03:30:00+05:30,Kurunegala_NorthWestern,22.5,89.17511256373348,0.0,1.27,127.10006735302346
2026-10-03T03:45:00+05:30,Kurunegala_NorthWestern,22.5,89.6946261541541,0.0,1.22,123.38193061324345
2026-10-03T04:00:00+05:30,Kurunegala_NorthWestern,22.4,90.19030425471328,0.0,1.16,119.66360493468835
2026-10-03T04:15:00+05:30,Kurunegala_NorthWestern,22.3,90.66881402792336,0.0,1.11,115.94537381767412
2026-10-03T04:30:00+05:30,Kurunegala_NorthWestern,22.3,91.13570416429559,0.0,1.05,112.227492911379
2026-10-03T04:45:00+05:30,Kurunegala_NorthWestern,22.3,91.5957476016568,0.0,1.0,108.51020309505967
2026-10-03T05:00:00+05:30,Kurunegala_NorthWestern,22.3,92.05319371273629,0.0,0.95,104.79373942196501
2026-10-03T05:15:00+05:30,Kurunegala_NorthWestern,22.4,92.51196196088347,0.0,0.95,101.07834005887919
2026-10-03T05:30:00+05:30,Kurunegala_NorthWestern,22.5,92.97579871359625,0.0,0.95,97.36425451846445
2026-10-03T05:45:00+05:30,Kurunegala_NorthWestern,22.7,93.44841245788984,0.0,1.0,93.65175031721965
2026-10-03T06:00:00+05:30,Kurunegala_NorthWestern,22.9,93.9335983861074,0.0,1.05,89.94112159557636
2026-10-03T06:15:00+05:30,Kurunegala_NorthWestern,23.2,94.43536190356667,16.0,1.16,86.23269874773955
2026-10-03T06:30:00+05:30,Kurunegala_NorthWestern,23.5,94.95804995999754,54.0,1.27,82.52685817726669
2026-10-03T06:45:00+05:30,Kurunegala_NorthWestern,23.9,95.50649891329067,103.0,1.37,78.82403590824194
2026-10-03T07:00:00+05:30,Kurunegala_NorthWestern,24.2,96.08620967706793,160.0,1.53,75.12474451233142
2026-10-03T07:15:00+05:30,Kurunegala_NorthWestern,24.6,96.70356373387267,218.0,1.64,71.4295931776115
2026-10-03T07:30:00+05:30,Kurunegala_NorthWestern,25.0,97.36609740791027,274.0,1.75,67.73931571574275
2026-10-03T07:45:00+05:30,Kurunegala_NorthWestern,25.4,98.08285939406704,328.0,1.81,64.0548076269154
2026-10-03T08:00:00+05:30,Kurunegala_NorthWestern,25.8,98.86488744161943,383.0,1.92,60.37717456275302
2026-10-03T08:15:00+05:30,Kurunegala_NorthWestern,26.1,99.72585599475599,445.0,1.93,56.707800868098616
2026-10-03T08:30:00+05:30,Kurunegala_NorthWestern,26.5,100.68297363809296,514.0,1.96,53.048445426261544
2026-10-03T08:45:00+05:30,Kurunegala_NorthWestern,26.9,101.75825150484741,586.0,1.95,49.401376950523066
2026-10-03T09:00:00+05:30,Kurunegala_NorthWestern,27.3,102.98033132073465,653.0,1.9,45.76957343843352
2026-10-03T09:15:00+05:30,Kurunegala_NorthWestern,27.8,104.38717664676125,708.0,1.89,42.15702003185049
2026-10-03T09:30:00+05:30,Kurunegala_NorthWestern,28.2,106.03012417520966,750.0,1.82,38.56916415420831
2026-10-03T09:45:00+05:30,Kurunegala_NorthWestern,28.6,107.980121660147,780.0,1.8,35.01363576137456
2026-10-03T10:00:00+05:30,Kurunegala_NorthWestern,29.1,110.33755218253589,803.0,1.81,31.501419461229382
2026-10-03T10:15:00+05:30,Kurunegala_NorthWestern,29.5,113.24801511458287,822.0,1.82,28.048825275760578
2026-10-03T10:30:00+05:30,Kurunegala_NorthWestern,29.9,116.92794892221417,834.0,1.83,24.68092154815602
2026-10-03T10:45:00+05:30,Kurunegala_NorthWestern,30.2,121.70569473646611,839.0,1.87,21.43769440118878
2026-10-03T11:00:00+05:30,Kurunegala_NorthWestern,30.4,128.08215545891449,838.0,1.93,18.385274796907808
2026-10-03T11:15:00+05:30,Kurunegala_NorthWestern,30.6,136.79389679666974,831.0,1.95,15.6358431401802
2026-10-03T11:30:00+05:30,Kurunegala_NorthWestern,30.6,148.76090562713676,819.0,1.99,13.377564981636723
2026-10-03T11:45:00+05:30,Kurunegala_NorthWestern,30.5,164.53833086487975,801.0,1.99,11.893602252889082
2026-10-03T12:00:00+05:30,Kurunegala_NorthWestern,30.4,182.97508400116547,778.0,1.95,11.48805679342506
2026-10-03T12:15:00+05:30,Kurunegala_NorthWestern,30.1,200.83335823021918,751.0,1.92,12.26834634172559
2026-10-03T12:30:00+05:30,Kurunegala_NorthWestern,29.8,215.39106172384953,718.0,1.85,14.038099299664779
2026-10-03T12:45:00+05:30,Kurunegala_NorthWestern,29.4,226.20691035157358,682.0,1.79,16.481589971072978
2026-10-03T13:00:00+05:30,Kurunegala_NorthWestern,28.9,234.06751222836897,643.0,1.74,19.34516613825133
2026-10-03T13:15:00+05:30,Kurunegala_NorthWestern,28.4,239.85823915370673,602.0,1.73,22.468764099811537
2026-10-03T13:30:00+05:30,Kurunegala_NorthWestern,28.0,244.23515329221323,561.0,1.71,25.757940608822196
2026-10-03T13:45:00+05:30,Kurunegala_NorthWestern,27.6,247.6357212604156,518.0,1.7,29.156690620104534
2026-10-03T14:00:00+05:30,Kurunegala_NorthWestern,27.2,250.3464335740931,470.0,1.7,32.630770362793655
2026-10-03T14:15:00+05:30,Kurunegala_NorthWestern,26.8,252.55720756094507,416.0,1.71,36.158449396355714
2026-10-03T14:30:00+05:30,Kurunegala_NorthWestern,26.5,254.3967907292918,354.0,1.69,39.72542554559978
2026-10-03T14:45:00+05:30,Kurunegala_NorthWestern,26.2,255.95466476650142,292.0,1.71,43.32196676731585
2026-10-03T15:00:00+05:30,Kurunegala_NorthWestern,26.0,257.29456051897506,239.0,1.66,46.94125042944887
2026-10-03T15:15:00+05:30,Kurunegala_NorthWestern,25.8,258.4629209187659,200.0,1.63,50.57836542375619
2026-10-03T15:30:00+05:30,Kurunegala_NorthWestern,25.6,259.49431320184476,173.0,1.61,54.22969408141544
2026-10-03T15:45:00+05:30,Kurunegala_NorthWestern,25.5,260.41496913662206,152.0,1.59,57.89251566700914
2026-10-03T16:00:00+05:30,Kurunegala_NorthWestern,25.3,261.2451540906667,132.0,1.52,61.56474545747224
2026-10-03T16:15:00+05:30,Kurunegala_NorthWestern,25.2,262.0007874756266,112.0,1.5,65.24476012953573
2026-10-03T16:30:00+05:30,Kurunegala_NorthWestern,25.1,262.6945737096621,94.0,1.44,68.93127615621484
2026-10-03T16:45:00+05:30,Kurunegala_NorthWestern,25.0,263.33680746496645,77.0,1.42,72.62326402670622
2026-10-03T17:00:00+05:30,Kurunegala_NorthWestern,24.8,263.9359582543548,60.0,1.36,76.3198880346939
2026-10-03T17:15:00+05:30,Kurunegala_NorthWestern,24.7,264.4991025473465,42.0,1.36,80.020461075989
2026-10-03T17:30:00+05:30,Kurunegala_NorthWestern,24.6,265.03224977049604,26.0,1.3,83.72441094049294
2026-10-03T17:45:00+05:30,Kurunegala_NorthWestern,24.5,265.54059388794735,12.0,1.24,87.43125622299726
2026-10-03T18:00:00+05:30,Kurunegala_NorthWestern,24.5,266.02871223587357,2.0,1.23,91.14058656149905
2026-10-03T18:15:00+05:30,Kurunegala_NorthWestern,24.4,266.5007278845063,0.0,1.18,94.85204706655303
2026-10-03T18:30:00+05:30,Kurunegala_NorthWestern,24.3,266.9604478073625,0.0,1.12,98.56532726721426
2026-10-03T18:45:00+05:30,Kurunegala_NorthWestern,24.3,267.4114861960649,0.0,1.06,102.28015073078542
2026-10-03T19:00:00+05:30,Kurunegala_NorthWestern,24.2,267.85738163957774,0.0,1.01,105.99626616949183
2026-10-03T19:15:00+05:30,Kurunegala_NorthWestern,24.2,268.30171664641335,0.0,0.96,109.71344098780435
2026-10-03T19:30:00+05:30,Kurunegala_NorthWestern,24.2,268.7482483017867,0.0,0.91,113.4314537839511
2026-10-03T19:45:00+05:30,Kurunegala_NorthWestern,24.1,269.20106152859046,0.0,0.86,117.15008680087043
2026-10-03T20:00:00+05:30,Kurunegala_NorthWestern,24.1,269.66476037979766,0.0,0.85,120.86911925169525
2026-10-03T20:15:00+05:30,Kurunegala_NorthWestern,24.1,270.14471907637,0.0,0.8,124.58831778834626
2026-10-03T20:30:00+05:30,Kurunegala_NorthWestern,24.1,270.64742660490396,0.0,0.8,128.30742455206172
2026-10-03T20:45:00+05:30,Kurunegala_NorthWestern,24.0,271.1809786073422,0.0,0.8,132.02614269339432
2026-10-03T21:00:00+05:30,Kurunegala_NorthWestern,24.0,271.75580472497006,0.0,0.85,135.74411373412667
2026-10-03T21:15:00+05:30,Kurunegala_NorthWestern,24.0,272.38578391948766,0.0,0.85,139.46088379319318
2026-10-03T21:30:00+05:30,Kurunegala_NorthWestern,24.0,273.09002164168464,0.0,0.91,143.17585214205312
2026-10-03T21:45:00+05:30,Kurunegala_NorthWestern,24.0,273.8958040424115,0.0,0.96,146.88818396077727
2026-10-03T22:00:00+05:30,Kurunegala_NorthWestern,24.0,274.84375731188015,0.0,1.02,150.59665854141252
2026-10-03T22:15:00+05:30,Kurunegala_NorthWestern,23.9,275.99740327419966,0.0,1.12,154.29938967743425
2026-10-03T22:30:00+05:30,Kurunegala_NorthWestern,23.9,277.46217409540793,0.0,1.18,157.99326462310046
2026-10-03T22:45:00+05:30,Kurunegala_NorthWestern,23.9,279.4268304360743,0.0,1.23,161.6727142425116
2026-10-03T23:00:00+05:30,Kurunegala_NorthWestern,23.9,282.26490633622916,0.0,1.29,165.3266674661489
2026-10-03T23:15:00+05:30,Kurunegala_NorthWestern,23.9,286.8254616578985,0.0,1.33,168.92962610841928
2026-10-03T23:30:00+05:30,Kurunegala_NorthWestern,23.8,295.4649644246426,0.0,1.33,172.40839387417037
2026-10-03T23:45:00+05:30,Kurunegala_NorthWestern,23.8,316.6532098745836,0.0,1.33,175.4671284038634
2026-10-04T00:00:00+05:30,Kurunegala_NorthWestern,23.7,10.825961612707886,0.0,1.33,176.63881176817875
2026-10-04T00:15:00+05:30,Kurunegala_NorthWestern,23.7,53.141588546269986,0.0,1.33,174.53334396929648
2026-10-04T00:30:00+05:30,Kurunegala_NorthWestern,23.6,68.30234564971317,0.0,1.33,171.26468171974946
2026-10-04T00:45:00+05:30,Kurunegala_NorthWestern,23.6,75.11302918723158,0.0,1.33,167.72973675383543
2026-10-04T01:00:00+05:30,Kurunegala_NorthWestern,23.5,78.94651790365731,0.0,1.32,164.10530986881616
2026-10-04T01:15:00+05:30,Kurunegala_NorthWestern,23.4,81.43128323030862,0.0,1.32,160.44121571683695
2026-10-04T01:30:00+05:30,Kurunegala_NorthWestern,23.4,83.20004096020091,0.0,1.32,156.75634707450672
2026-10-04T01:45:00+05:30,Kurunegala_NorthWestern,23.3,84.54600769640058,0.0,1.32,153.05937646776357
2026-10-04T02:00:00+05:30,Kurunegala_NorthWestern,23.3,85.6229489262576,0.0,1.31,149.35484022203138
2026-10-04T02:15:00+05:30,Kurunegala_NorthWestern,23.2,86.51915990841945,0.0,1.26,145.64535034486576
2026-10-04T02:30:00+05:30,Kurunegala_NorthWestern,23.1,87.28899913827308,0.0,1.25,141.9325284849719
2026-10-04T02:45:00+05:30,Kurunegala_NorthWestern,23.0,87.96784855725849,0.0,1.25,138.21744527879008
2026-10-04T03:00:00+05:30,Kurunegala_NorthWestern,23.0,88.57982815633966,0.0,1.2,134.5008472679715
2026-10-04T03:15:00+05:30,Kurunegala_NorthWestern,22.9,89.14204979433458,0.0,1.2,130.78328219458453
2026-10-04T03:30:00+05:30,Kurunegala_NorthWestern,22.8,89.66709605068178,0.0,1.2,127.06517092098564
2026-10-04T03:45:00+05:30,Kurunegala_NorthWestern,22.7,90.16453363598742,0.0,1.2,123.34685277965382
2026-10-04T04:00:00+05:30,Kurunegala_NorthWestern,22.6,90.64187613057982,0.0,1.21,119.62861502227342
2026-10-04T04:15:00+05:30,Kurunegala_NorthWestern,22.5,91.10521991202722,0.0,1.21,115.91071143948194
2026-10-04T04:30:00+05:30,Kurunegala_NorthWestern,22.4,91.55967931554977,0.0,1.22,112.1933768754258
2026-10-04T04:45:00+05:30,Kurunegala_NorthWestern,22.4,92.0096957284311,0.0,1.23,108.47683835663976
2026-10-04T05:00:00+05:30,Kurunegala_NorthWestern,22.4,92.45926641429492,0.0,1.29,104.76132274535092
2026-10-04T05:15:00+05:30,Kurunegala_NorthWestern,22.5,92.91212179629031,0.0,1.29,101.04706483641503
2026-10-04T05:30:00+05:30,Kurunegala_NorthWestern,22.6,93.37187079087522,0.0,1.35,97.33431508404006
2026-10-04T05:45:00+05:30,Kurunegala_NorthWestern,22.7,93.84212808844438,0.0,1.41,93.62334601552084
2026-10-04T06:00:00+05:30,Kurunegala_NorthWestern,22.9,94.32663348308614,0.0,1.52,89.9144608275297
2026-10-04T06:15:00+05:30,Kurunegala_NorthWestern,23.2,94.82937224736429,16.0,1.61,86.20800319632258
2026-10-04T06:30:00+05:30,Kurunegala_NorthWestern,23.5,95.35470512868852,54.0,1.72,82.50436742508238
2026-10-04T06:45:00+05:30,Kurunegala_NorthWestern,23.8,95.90751652221348,104.0,1.83,78.80401267004781
2026-10-04T07:00:00+05:30,Kurunegala_NorthWestern,24.1,96.4933915546751,162.0,1.98,75.10748076550534
2026-10-04T07:15:00+05:30,Kurunegala_NorthWestern,24.5,97.11883578748461,221.0,2.14,71.41541752870353
2026-10-04T07:30:00+05:30,Kurunegala_NorthWestern,24.9,97.79155518853435,277.0,2.25,67.72860245271272
2026-10-04T07:45:00+05:30,Kurunegala_NorthWestern,25.2,98.52082178919795,331.0,2.36,64.0479880580842
2026-10-04T08:00:00+05:30,Kurunegala_NorthWestern,25.6,99.31796153897824,385.0,2.42,60.374751469776896
2026-10-04T08:15:00+05:30,Kurunegala_NorthWestern,25.9,100.19701698167353,443.0,2.5,56.71036723147375
2026-10-04T08:30:00+05:30,Kurunegala_NorthWestern,26.3,101.17566467456788,507.0,2.53,53.056709069307985
2026-10-04T08:45:00+05:30,Kurunegala_NorthWestern,26.7,102.27650977357587,571.0,2.55,49.41619349790911
2026-10-04T09:00:00+05:30,Kurunegala_NorthWestern,27.1,103.52894761340445,631.0,2.57,45.7919911049988
2026-10-04T09:15:00+05:30,Kurunegala_NorthWestern,27.5,104.97189604893663,681.0,2.52,42.18834148436257
2026-10-04T09:30:00+05:30,Kurunegala_NorthWestern,28.0,106.6578921456724,720.0,2.56,38.61103333318221
2026-10-04T09:45:00+05:30,Kurunegala_NorthWestern,28.4,108.65936614691958,749.0,2.58,35.068161537461634
2026-10-04T10:00:00+05:30,Kurunegala_NorthWestern,28.9,111.07844991469636,771.0,2.62,31.57135369763821
2026-10-04T10:15:00+05:30,Kurunegala_NorthWestern,29.3,114.06256862423902,790.0,2.69,28.137819712004486
2026-10-04T10:30:00+05:30,Kurunegala_NorthWestern,29.7,117.82936388370865,801.0,2.74,24.79389082020208
2026-10-04T10:45:00+05:30,Kurunegala_NorthWestern,30.0,122.70563475811645,807.0,2.82,21.581288883685104
2026-10-04T11:00:00+05:30,Kurunegala_NorthWestern,30.2,129.18211888220765,807.0,2.86,18.568332080100532
2026-10-04T11:15:00+05:30,Kurunegala_NorthWestern,30.3,137.96211176442534,803.0,2.87,15.869172133090089
2026-10-04T11:30:00+05:30,Kurunegala_NorthWestern,30.3,149.88356006596007,795.0,2.85,13.670978728055744
2026-10-04T11:45:00+05:30,Kurunegala_NorthWestern,30.2,165.372433285233,782.0,2.8,12.24656974522641
2026-10-04T12:00:00+05:30,Kurunegala_NorthWestern,29.9,183.25386664071073,764.0,2.73,11.877679546641545
2026-10-04T12:15:00+05:30,Kurunegala_NorthWestern,29.5,200.54100283575903,739.0,2.57,12.656937983694604
2026-10-04T12:30:00+05:30,Kurunegala_NorthWestern,29.0,214.7519741539456,708.0,2.49,14.39912194841017
2026-10-04T12:45:00+05:30,Kurunegala_NorthWestern,28.5,225.43554640318993,673.0,2.37,16.80740315786869
2026-10-04T13:00:00+05:30,Kurunegala_NorthWestern,27.9,233.27982121489111,635.0,2.23,19.63822200154678
2026-10-04T13:15:00+05:30,Kurunegala_NorthWestern,27.2,239.10204663963543,595.0,2.16,22.734265547659646
2026-10-04T13:30:00+05:30,Kurunegala_NorthWestern,26.6,243.52569814136098,554.0,2.07,26.000942896487565
2026-10-04T13:45:00+05:30,Kurunegala_NorthWestern,26.1,246.974692395354,511.0,2.04,29.381374496450647
2026-10-04T14:00:00+05:30,Kurunegala_NorthWestern,25.6,249.73042888566306,464.0,2.02,32.84042997576971
2026-10-04T14:15:00+05:30,Kurunegala_NorthWestern,25.2,251.98125946278674,410.0,1.99,36.3556520465996
2026-10-04T14:30:00+05:30,Kurunegala_NorthWestern,24.8,253.85577489943577,348.0,2.0,39.91217940913436
2026-10-04T14:45:00+05:30,Kurunegala_NorthWestern,24.6,255.4438206055512,287.0,1.97,43.49985776350917
2026-10-04T15:00:00+05:30,Kurunegala_NorthWestern,24.4,256.80964328369816,234.0,1.96,47.111545847606514
2026-10-04T15:15:00+05:30,Kurunegala_NorthWestern,24.3,258.00020556502267,197.0,1.95,50.742090535557985
2026-10-04T15:30:00+05:30,Kurunegala_NorthWestern,24.3,259.0505433389203,170.0,1.9,54.38768856429461
2026-10-04T15:45:00+05:30,Kurunegala_NorthWestern,24.2,259.98729037883027,149.0,1.85,58.04547537657564
2026-10-04T16:00:00+05:30,Kurunegala_NorthWestern,24.2,260.83104771659015,130.0,1.81,61.71325364514355
2026-10-04T16:15:00+05:30,Kurunegala_NorthWestern,24.3,261.5980101544085,110.0,1.77,65.38931103671332
2026-10-04T16:30:00+05:30,Kurunegala_NorthWestern,24.3,262.3011046869243,92.0,1.73,69.07229307518898
2026-10-04T16:45:00+05:30,Kurunegala_NorthWestern,24.3,262.9508028156274,75.0,1.69,72.76111330749679
2026-10-04T17:00:00+05:30,Kurunegala_NorthWestern,24.3,263.555711147018,58.0,1.65,76.45489009559876
2026-10-04T17:15:00+05:30,Kurunegala_NorthWestern,24.3,264.1230082763995,41.0,1.66,80.15289919242215
2026-10-04T17:30:00+05:30,Kurunegala_NorthWestern,24.3,264.6587743215078,25.0,1.61,83.85453837414153
2026-10-04T17:45:00+05:30,Kurunegala_NorthWestern,24.3,265.16824486110056,12.0,1.61,87.55930211306656
2026-10-04T18:00:00+05:30,Kurunegala_NorthWestern,24.2,265.6560109975587,2.0,1.57,91.26676090242671
2026-10-04T18:15:00+05:30,Kurunegala_NorthWestern,24.2,266.12618182742034,0.0,1.55,94.97654502379088
2026-10-04T18:30:00+05:30,Kurunegala_NorthWestern,24.2,266.5825215448931,0.0,1.55,98.68833304642155
2026-10-04T18:45:00+05:30,Kurunegala_NorthWestern,24.2,267.02857037989133,0.0,1.54,102.40184117405752
2026-10-04T19:00:00+05:30,Kurunegala_NorthWestern,24.2,267.4677578510541,0.0,1.54,106.11681425578857
2026-10-04T19:15:00+05:30,Kurunegala_NorthWestern,24.1,267.9035164195938,0.0,1.53,109.83301940816054
2026-10-04T19:30:00+05:30,Kurunegala_NorthWestern,24.1,268.339403744707,0.0,1.52,113.55023878680235
2026-10-04T19:45:00+05:30,Kurunegala_NorthWestern,24.1,268.7792441069656,0.0,1.51,117.26826254386503
2026-10-04T20:00:00+05:30,Kurunegala_NorthWestern,24.1,269.2273030507135,0.0,1.51,120.98688296848822
2026-10-04T20:15:00+05:30,Kurunegala_NorthWestern,24.1,269.6885148631242,0.0,1.51,124.70588619464937
2026-10-04T20:30:00+05:30,Kurunegala_NorthWestern,24.0,270.16879341318753,0.0,1.51,128.42504211516143
2026-10-04T20:45:00+05:30,Kurunegala_NorthWestern,24.0,270.67547480881314,0.0,1.51,132.14409268582392
2026-10-04T21:00:00+05:30,Kurunegala_NorthWestern,23.9,271.2179714082893,0.0,1.51,135.8627335309207
2026-10-04T21:15:00+05:30,Kurunegala_NorthWestern,23.9,271.80877506553225,0.0,1.52,139.58058676340573
2026-10-04T21:30:00+05:30,Kurunegala_NorthWestern,23.8,272.4650577787435,0.0,1.53,143.29716010197015
2026-10-04T21:45:00+05:30,Kurunegala_NorthWestern,23.8,273.21133807057527,0.0,1.54,147.01177717530283
2026-10-04T22:00:00+05:30,Kurunegala_NorthWestern,23.7,274.0841516417246,0.0,1.6,150.72345622090717
2026-10-04T22:15:00+05:30,Kurunegala_NorthWestern,23.7,275.1407376912691,0.0,1.63,154.43068644948255
2026-10-04T22:30:00+05:30,Kurunegala_NorthWestern,23.6,276.4764237216871,0.0,1.64,158.13097687634752
2026-10-04T22:45:00+05:30,Kurunegala_NorthWestern,23.6,278.2628113375983,0.0,1.66,161.8198608727863
2026-10-04T23:00:00+05:30,Kurunegala_NorthWestern,23.5,280.84252333537705,0.0,1.68,165.4884059277235
2026-10-04T23:15:00+05:30,Kurunegala_NorthWestern,23.5,285.00685439153926,0.0,1.66,169.1157861134124
2026-10-04T23:30:00+05:30,Kurunegala_NorthWestern,23.4,293.0263078493537,0.0,1.68,172.64061586003567
2026-10-04T23:45:00+05:30,Kurunegala_NorthWestern,23.4,313.82698058859427,0.0,1.66,175.79618168488824
2026-10-05T00:00:00+05:30,Kurunegala_NorthWestern,23.3,13.640526703294825,0.0,1.66,176.99968140472393
2026-10-05T00:15:00+05:30,Kurunegala_NorthWestern,23.3,56.96304599803517,0.0,1.61,174.6943577508106
2026-10-05T00:30:00+05:30,Kurunegala_NorthWestern,23.2,70.86124610410485,0.0,1.57,171.3331434799395
2026-10-05T00:45:00+05:30,Kurunegala_NorthWestern,23.2,76.96023535330505,0.0,1.53,167.75692794716525
2026-10-05T01:00:00+05:30,Kurunegala_NorthWestern,23.1,80.38186080447076,0.0,1.48,164.1103516393697
2026-10-05T01:15:00+05:30,Kurunegala_NorthWestern,23.1,82.6048652729636,0.0,1.42,160.43285422518449
2026-10-05T01:30:00+05:30,Kurunegala_NorthWestern,23.1,84.19469488693551,0.0,1.37,156.73924750681942
2026-10-05T01:45:00+05:30,Kurunegala_NorthWestern,23.0,85.41165347747472,0.0,1.33,153.03631029474064
2026-10-05T02:00:00+05:30,Kurunegala_NorthWestern,23.0,86.391828112528,0.0,1.26,149.32758893267925
2026-10-05T02:15:00+05:30,Kurunegala_NorthWestern,23.0,87.21325882214398,0.0,1.22,145.61513060132867
2026-10-05T02:30:00+05:30,Kurunegala_NorthWestern,22.9,87.92397756378074,0.0,1.22,141.90021274930047
2026-10-05T02:45:00+05:30,Kurunegala_NorthWestern,22.8,88.55526573609353,0.0,1.26,138.1836853893746
2026-10-05T03:00:00+05:30,Kurunegala_NorthWestern,22.6,89.12847694577755,0.0,1.42,134.46614802961062
2026-10-05T03:15:00+05:30,Kurunegala_NorthWestern,22.4,89.65879462825296,0.0,1.53,130.74804748314216
2026-10-05T03:30:00+05:30,Kurunegala_NorthWestern,22.3,90.15742052119117,0.0,1.61,127.02973384909288
2026-10-05T03:45:00+05:30,Kurunegala_NorthWestern,22.2,90.63291077976976,0.0,1.61,123.31149621010344
2026-10-05T04:00:00+05:30,Kurunegala_NorthWestern,22.2,91.09202648611307,0.0,1.61,119.59358602914838
2026-10-05T04:15:00+05:30,Kurunegala_NorthWestern,22.2,91.54029633147235,0.0,1.61,115.87623186432572
2026-10-05T04:30:00+05:30,Kurunegala_NorthWestern,22.3,91.98240274851776,0.0,1.54,112.15965131893297
2026-10-05T04:45:00+05:30,Kurunegala_NorthWestern,22.3,92.42245749234763,0.0,1.52,108.44406047265039
2026-10-05T05:00:00+05:30,Kurunegala_NorthWestern,22.4,92.86420719324485,0.0,1.45,104.72968041421348
2026-10-05T05:15:00+05:30,Kurunegala_NorthWestern,22.5,93.31119433563015,0.0,1.43,101.01674462769543
2026-10-05T05:30:00+05:30,Kurunegala_NorthWestern,22.7,93.76689115989393,0.0,1.37,97.3055063102995
2026-10-05T05:45:00+05:30,Kurunegala_NorthWestern,22.9,94.23481903679215,0.0,1.35,93.59624461694257
2026-10-05T06:00:00+05:30,Kurunegala_NorthWestern,23.1,94.7186625507855,0.0,1.26,89.8892732956074
2026-10-05T06:15:00+05:30,Kurunegala_NorthWestern,23.4,95.22238673260335,20.0,1.24,86.18495072730195
2026-10-05T06:30:00+05:30,Kurunegala_NorthWestern,23.7,95.75036568927834,64.0,1.17,82.48369050857552
2026-10-05T06:45:00+05:30,Kurunegala_NorthWestern,24.0,96.30753102614057,121.0,1.1,78.78597634229116
2026-10-05T07:00:00+05:30,Kurunegala_NorthWestern,24.4,96.89955077202598,187.0,1.05,75.0923807967327
2026-10-05T07:15:00+05:30,Kurunegala_NorthWestern,24.8,97.53305262436356,253.0,1.01,71.40358789378732
2026-10-05T07:30:00+05:30,Kurunegala_NorthWestern,25.2,98.21590939693408,316.0,1.0,67.72042453595864
2026-10-05T07:45:00+05:30,Kurunegala_NorthWestern,25.6,98.95761246720525,375.0,1.01,64.04390219902277
2026-10-05T08:00:00+05:30,Kurunegala_NorthWestern,26.1,99.76977028602494,430.0,1.04,60.3752716883899
2026-10-05T08:15:00+05:30,Kurunegala_NorthWestern,26.5,100.6667852935218,486.0,1.13,56.71610029075012
2026-10-05T08:30:00+05:30,Kurunegala_NorthWestern,27.0,101.66679005499839,537.0,1.2,53.06837954055214
2026-10-05T08:45:00+05:30,Kurunegala_NorthWestern,27.4,102.792966005822,584.0,1.29,49.43467721381772
2026-10-05T09:00:00+05:30,Kurunegala_NorthWestern,27.9,104.07543525257728,627.0,1.42,45.818360494876885
2026-10-05T09:15:00+05:30,Kurunegala_NorthWestern,28.3,105.55402843691303,666.0,1.48,42.223927953409216
2026-10-05T09:30:00+05:30,Kurunegala_NorthWestern,28.7,107.28241721614307,700.0,1.59,38.65751436595545
2026-10-05T09:45:00+05:30,Kurunegala_NorthWestern,29.0,109.33440736497198,730.0,1.66,35.12768388426174
2026-10-05T10:00:00+05:30,Kurunegala_NorthWestern,29.4,111.81370118018305,755.0,1.79,31.64670899790677
2026-10-05T10:15:00+05:30,Kurunegala_NorthWestern,29.7,114.86924596476393,777.0,1.83,28.23269408343122
2026-10-05T10:30:00+05:30,Kurunegala_NorthWestern,30.0,118.71936532097772,796.0,1.92,24.913209009910062
2026-10-05T10:45:00+05:30,Kurunegala_NorthWestern,30.2,123.68844696971337,811.0,1.95,21.731641398485408
2026-10-05T11:00:00+05:30,Kurunegala_NorthWestern,30.4,130.2558018791484,814.0,2.0,18.758323331287258
2026-10-05T11:15:00+05:30,Kurunegala_NorthWestern,30.5,139.09056701833947,799.0,2.04,16.109006013707102
2026-10-05T11:30:00+05:30,Kurunegala_NorthWestern,30.6,150.9520528253339,761.0,2.04,13.969284957949824
2026-10-05T11:45:00+05:30,Kurunegala_NorthWestern,30.6,166.1522775639619,713.0,2.04,12.601491146201184
2026-10-05T12:00:00+05:30,Kurunegala_NorthWestern,30.6,183.50785746174148,669.0,1.99,12.26662988648306
2026-10-05T12:15:00+05:30,Kurunegala_NorthWestern,30.5,200.260368326959,640.0,1.94,13.044492827923136
2026-10-05T12:30:00+05:30,Kurunegala_NorthWestern,30.4,214.14015337509912,623.0,1.89,14.760187377766712
2026-10-05T12:45:00+05:30,Kurunegala_NorthWestern,30.2,224.69088131453026,613.0,1.8,17.13425945021443
2026-10-05T13:00:00+05:30,Kurunegala_NorthWestern,30.0,232.51354885435757,601.0,1.7,19.932821427327312
2026-10-05T13:15:00+05:30,Kurunegala_NorthWestern,29.8,238.36212360141178,583.0,1.6,23.001433797653846
2026-10-05T13:30:00+05:30,Kurunegala_NorthWestern,29.5,242.82853832790408,562.0,1.46,26.245526867658363
2026-10-05T13:45:00+05:30,Kurunegala_NorthWestern,29.2,246.32307371510342,540.0,1.31,29.607455162606804
2026-10-05T14:00:00+05:30,Kurunegala_NorthWestern,28.9,249.12175911917063,515.0,1.19,33.05126021563247
2026-10-05T14:15:00+05:30,Kurunegala_NorthWestern,28.6,251.4111390415973,489.0,1.07,36.55378729996
2026-10-05T14:30:00+05:30,Kurunegala_NorthWestern,28.3,253.3194736440817,462.0,0.94,40.09963005506819
2026-10-05T14:45:00+05:30,Kurunegala_NorthWestern,27.9,254.93685337828967,433.0,0.82,43.678218149620875
2026-10-05T15:00:00+05:30,Kurunegala_NorthWestern,27.6,256.3279605851435,403.0,0.74,47.282093968846084
2026-10-05T15:15:00+05:30,Kurunegala_NorthWestern,27.2,257.5402230106155,371.0,0.65,50.90586268698069
2026-10-05T15:30:00+05:30,Kurunegala_NorthWestern,26.9,258.6091075460913,339.0,0.59,54.54553482289298
2026-10-05T15:45:00+05:30,Kurunegala_NorthWestern,26.5,259.56162356573844,306.0,0.55,58.198100950067534
2026-10-05T16:00:00+05:30,Kurunegala_NorthWestern,26.2,260.4186889199865,272.0,0.6,61.86124993060005
2026-10-05T16:15:00+05:30,Kurunegala_NorthWestern,25.9,261.1967601062612,236.0,0.63,65.53317918630466
2026-10-05T16:30:00+05:30,Kurunegala_NorthWestern,25.6,261.908976558061,200.0,0.67,69.21246208264407
2026-10-05T16:45:00+05:30,Kurunegala_NorthWestern,25.4,262.56597895845533,165.0,0.72,72.8979540635377
2026-10-05T17:00:00+05:30,Kurunegala_NorthWestern,25.2,263.1765051203074,128.0,0.78,76.58872645055087
2026-10-05T17:15:00+05:30,Kurunegala_NorthWestern,25.0,263.7478311285695,91.0,0.85,80.28401678603836
2026-10-05T17:30:00+05:30,Kurunegala_NorthWestern,24.8,264.28610404435574,55.0,0.88,83.98319179191134
2026-10-05T17:45:00+05:30,Kurunegala_NorthWestern,24.6,264.7965979339991,25.0,0.92,87.68572078387496
2026-10-05T18:00:00+05:30,Kurunegala_NorthWestern,24.5,265.2839149555579,4.0,0.92,91.39115406309126
2026-10-05T18:15:00+05:30,Kurunegala_NorthWestern,24.4,265.7521477722513,0.0,0.93,95.09910599926616
2026-10-05T18:30:00+05:30,Kurunegala_NorthWestern,24.3,266.20501544444073,0.0,0.93,98.80924304812496
2026-10-05T18:45:00+05:30,Kurunegala_NorthWestern,24.2,266.64598185253465,0.0,0.93,102.52127279821595
2026-10-05T19:00:00+05:30,Kurunegala_NorthWestern,24.1,267.078364874965,0.0,0.93,106.23493484252195
2026-10-05T19:15:00+05:30,Kurunegala_NorthWestern,24.0,267.5054439988922,0.0,0.9,109.94999442499247
2026-10-05T19:30:00+05:30,Kurunegala_NorthWestern,24.0,267.93057395030894,0.0,0.9,113.66623541806695
2026-10-05T19:45:00+05:30,Kurunegala_NorthWestern,23.9,268.35731397390845,0.0,0.9,117.38345369947933
2026-10-05T20:00:00+05:30,Kurunegala_NorthWestern,23.9,268.7895853870472,0.0,0.87,121.1014519956449
2026-10-05T20:15:00+05:30,Kurunegala_NorthWestern,23.9,269.2318748446835,0.0,0.83,124.8200326748375
2026-10-05T20:30:00+05:30,Kurunegala_NorthWestern,23.8,269.68951040398827,0.0,0.81,128.53898929906796
2026-10-05T20:45:00+05:30,Kurunegala_NorthWestern,23.8,270.16905332347903,0.0,0.81,132.25809740555394
2026-10-05T21:00:00+05:30,Kurunegala_NorthWestern,23.8,270.6788760408926,0.0,0.74,135.9770998935537
2026-10-05T21:15:00+05:30,Kurunegala_NorthWestern,23.7,271.23004867660654,0.0,0.74,139.69568574744997
2026-10-05T21:30:00+05:30,Kurunegala_NorthWestern,23.7,271.83775473001765,0.0,0.67,143.41345864372474
2026-10-05T21:45:00+05:30,Kurunegala_NorthWestern,23.7,272.52365357320946,0.0,0.6,147.12988308735922
2026-10-05T22:00:00+05:30,Kurunegala_NorthWestern,23.7,273.32002989096526,0.0,0.56,150.8441907705445
2026-10-05T22:15:00+05:30,Kurunegala_NorthWestern,23.7,274.27753968844263,0.0,0.54,154.55520804172485
2026-10-05T22:30:00+05:30,Kurunegala_NorthWestern,23.7,275.48079498660775,0.0,0.49,158.26100595993077
2026-10-05T22:45:00+05:30,Kurunegala_NorthWestern,23.6,277.0828588214236,0.0,0.49,161.95812368457035
2026-10-05T23:00:00+05:30,Kurunegala_NorthWestern,23.6,279.39185780516846,0.0,0.43,165.6396076068595
2026-10-05T23:15:00+05:30,Kurunegala_NorthWestern,23.6,283.1300405008408,0.0,0.43,169.28906588720787
2026-10-05T23:30:00+05:30,Kurunegala_NorthWestern,23.5,290.4364377961525,0.0,0.43,172.85695628659812
2026-10-05T23:45:00+05:30,Kurunegala_NorthWestern,23.5,310.52521749556126,0.0,0.43,176.11150956927403
2026-10-06T00:00:00+05:30,Kurunegala_NorthWestern,23.4,17.172602778428427,0.0,0.43,177.35100818525578
2026-10-06T00:15:00+05:30,Kurunegala_NorthWestern,23.3,60.98629490252313,0.0,0.43,174.83151076117653
2026-10-06T00:30:00+05:30,Kurunegala_NorthWestern,23.3,73.44647591593099,0.0,0.43,171.3856429274569
2026-10-06T00:45:00+05:30,Kurunegala_NorthWestern,23.2,78.8079067813012,0.0,0.43,167.7731533509739
2026-10-06T01:00:00+05:30,Kurunegala_NorthWestern,23.1,81.81301961201143,0.0,0.43,164.10739965394737
2026-10-06T01:15:00+05:30,Kurunegala_NorthWestern,23.0,83.77370147094615,0.0,0.4,160.41842358611467
2026-10-06T01:30:00+05:30,Kurunegala_NorthWestern,22.9,85.18494226384985,0.0,0.4,156.7174213414333
2026-10-06T01:45:00+05:30,Kurunegala_NorthWestern,22.8,86.27339407303134,0.0,0.4,153.00950940511245
2026-10-06T02:00:00+05:30,Kurunegala_NorthWestern,22.7,87.15727908035979,0.0,0.43,149.29736913344152
2026-10-06T02:15:00+05:30,Kurunegala_NorthWestern,22.7,87.90434038434114,0.0,0.43,145.58255557317622
2026-10-06T02:30:00+05:30,Kurunegala_NorthWestern,22.6,88.55628185536841,0.0,0.43,141.86604690185638
2026-10-06T02:45:00+05:30,Kurunegala_NorthWestern,22.5,89.1402930838276,0.0,0.43,138.1485017008957
2026-10-06T03:00:00+05:30,Kurunegala_NorthWestern,22.4,89.67497141520516,0.0,0.46,134.43039221969207
2026-10-06T03:15:00+05:30,Kurunegala_NorthWestern,22.4,90.17358086296713,0.0,0.46,130.7120782179199
2026-10-06T03:30:00+05:30,Kurunegala_NorthWestern,22.3,90.64594970039451,0.0,0.46,126.99384907005319
2026-10-06T03:45:00+05:30,Kurunegala_NorthWestern,22.3,91.09962938572585,0.0,0.46,123.275951070209
2026-10-06T04:00:00+05:30,Kurunegala_NorthWestern,22.3,91.5406330956198,0.0,0.46,119.55860557137683
2026-10-06T04:15:00+05:30,Kurunegala_NorthWestern,22.3,91.97392541351587,0.0,0.46,115.84202032556384
2026-10-06T04:30:00+05:30,Kurunegala_NorthWestern,22.4,92.40375964529045,0.0,0.46,112.1263992208664
2026-10-06T04:45:00+05:30,Kurunegala_NorthWestern,22.4,92.83392005153513,0.0,0.46,108.41195025822776
2026-10-06T05:00:00+05:30,Kurunegala_NorthWestern,22.5,93.26790425165126,0.0,0.43,104.69889114008005
2026-10-06T05:15:00+05:30,Kurunegala_NorthWestern,22.6,93.70906798726111,0.0,0.43,100.98745607264892
2026-10-06T05:30:00+05:30,Kurunegala_NorthWestern,22.8,94.1607476520361,0.0,0.4,97.27790277255153
2026-10-06T05:45:00+05:30,Kurunegala_NorthWestern,23.0,94.62637179601558,0.0,0.38,93.57051861476198
2026-10-06T06:00:00+05:30,Kurunegala_NorthWestern,23.2,95.10956997671508,0.0,0.36,89.86562936508315
2026-10-06T06:15:00+05:30,Kurunegala_NorthWestern,23.5,95.6142868408242,19.0,0.35,86.16360950456415
2026-10-06T06:30:00+05:30,Kurunegala_NorthWestern,23.8,96.14490935582262,61.0,0.35,82.46489328981387
2026-10-06T06:45:00+05:30,Kurunegala_NorthWestern,24.2,96.70641541938926,116.0,0.36,78.76999034770908
2026-10-06T07:00:00+05:30,Kurunegala_NorthWestern,24.6,97.30455452487831,181.0,0.38,75.07950541108262
2026-10-06T07:15:00+05:30,Kurunegala_NorthWestern,25.0,97.94607439322942,246.0,0.43,71.39416223124105
2026-10-06T07:30:00+05:30,Kurunegala_NorthWestern,25.4,98.63901166178391,307.0,0.49,67.71483678603519
2026-10-06T07:45:00+05:30,Kurunegala_NorthWestern,25.9,99.39307276853424,366.0,0.57,64.04260136143894
2026-10-06T08:00:00+05:30,Kurunegala_NorthWestern,26.3,100.22014257982136,421.0,0.65,60.37878254044958
2026-10-06T08:15:00+05:30,Kurunegala_NorthWestern,26.8,101.13497471651317,477.0,0.69,56.725042759045365
2026-10-06T08:30:00+05:30,Kurunegala_NorthWestern,27.3,102.15614511061602,529.0,0.78,53.08349413017894
2026-10-06T08:45:00+05:30,Kurunegala_NorthWestern,27.7,103.30739283665059,578.0,0.87,49.45685887882458
2026-10-06T09:00:00+05:30,Kurunegala_NorthWestern,28.2,104.61953875139761,623.0,0.97,45.84870440215847
2026-10-06T09:15:00+05:30,Kurunegala_NorthWestern,28.7,106.13328323737528,666.0,1.01,42.26379219864289
2026-10-06T09:30:00+05:30,Kurunegala_NorthWestern,29.1,107.90336485252851,704.0,1.11,38.708607073928526
2026-10-06T09:45:00+05:30,Kurunegala_NorthWestern,29.5,110.00485585835395,738.0,1.15,35.19218546846746
2026-10-06T10:00:00+05:30,Kurunegala_NorthWestern,29.8,112.54284926688331,768.0,1.25,31.72744460533213
2026-10-06T10:15:00+05:30,Kurunegala_NorthWestern,30.1,115.66751317056725,795.0,1.29,28.333374736077666
2026-10-06T10:30:00+05:30,Kurunegala_NorthWestern,30.4,119.59734730220589,820.0,1.33,25.038755195631722
2026-10-06T10:45:00+05:30,Kurunegala_NorthWestern,30.7,124.65351352312848,840.0,1.38,21.888562740801788
2026-10-06T11:00:00+05:30,Kurunegala_NorthWestern,30.9,131.30279606916747,852.0,1.38,18.95496473251488
2026-10-06T11:15:00+05:30,Kurunegala_NorthWestern,31.0,140.17965980936174,853.0,1.42,16.354951093274593
2026-10-06T11:30:00+05:30,Kurunegala_NorthWestern,31.1,151.9685799640667,841.0,1.42,14.272030731157912
2026-10-06T11:45:00+05:30,Kurunegala_NorthWestern,31.1,166.88165512362912,821.0,1.42,12.95801989682542
2026-10-06T12:00:00+05:30,Kurunegala_NorthWestern,31.0,183.73903432581906,801.0,1.41,12.654753979152204
2026-10-06T12:15:00+05:30,Kurunegala_NorthWestern,30.9,199.99018357934958,787.0,1.36,13.430873595196147
2026-10-06T12:30:00+05:30,Kurunegala_NorthWestern,30.8,213.55353709379764,776.0,1.31,15.121070048211422
2026-10-06T12:45:00+05:30,Kurunegala_NorthWestern,30.6,223.97146727854548,766.0,1.25,17.461889761567278
2026-10-06T13:00:00+05:30,Kurunegala_NorthWestern,30.4,231.7678907732653,753.0,1.15,20.228699984474275
2026-10-06T13:15:00+05:30,Kurunegala_NorthWestern,30.1,237.63806344442213,735.0,1.1,23.270027036768
2026-10-06T13:30:00+05:30,Kurunegala_NorthWestern,29.8,242.14348465748418,714.0,1.0,26.491475281215536
2026-10-06T13:45:00+05:30,Kurunegala_NorthWestern,29.5,245.6807924706339,690.0,0.9,29.83473678808891
2026-10-06T14:00:00+05:30,Kurunegala_NorthWestern,29.2,248.5204147901029,662.0,0.86,33.26308269534208
2026-10-06T14:15:00+05:30,Kurunegala_NorthWestern,28.8,250.84687206085067,632.0,0.76,36.75269072749773
2026-10-06T14:30:00+05:30,Kurunegala_NorthWestern,28.4,252.7879329149174,600.0,0.68,40.287624239437996
2026-10-06T14:45:00+05:30,Kurunegala_NorthWestern,28.1,254.43382092655554,565.0,0.6,43.85690373115038
2026-10-06T15:00:00+05:30,Kurunegala_NorthWestern,27.7,255.84957747937295,528.0,0.54,47.452758013666454
2026-10-06T15:15:00+05:30,Kurunegala_NorthWestern,27.3,257.08304285072626,489.0,0.46,51.06955125750853
2026-10-06T15:30:00+05:30,Kurunegala_NorthWestern,26.9,258.1700784223129,448.0,0.43,54.70310741877285
2026-10-06T15:45:00+05:30,Kurunegala_NorthWestern,26.6,259.1380434365201,406.0,0.43,58.35027136667204
2026-10-06T16:00:00+05:30,Kurunegala_NorthWestern,26.2,260.00815412419564,361.0,0.4,62.00861710274761
2026-10-06T16:15:00+05:30,Kurunegala_NorthWestern,25.8,260.7971152388024,314.0,0.45,65.67625068438677
2026-10-06T16:30:00+05:30,Kurunegala_NorthWestern,25.5,261.518268684207,268.0,0.47,69.35167220001176
2026-10-06T16:45:00+05:30,Kurunegala_NorthWestern,25.3,262.18241679501534,220.0,0.51,73.03367790005878
2026-10-06T17:00:00+05:30,Kurunegala_NorthWestern,25.0,262.79842279056294,171.0,0.58,76.72129100865321
2026-10-06T17:15:00+05:30,Kurunegala_NorthWestern,24.8,263.3736556812406,120.0,0.61,80.41370983190478
2026-10-06T17:30:00+05:30,Kurunegala_NorthWestern,24.6,263.914325788043,71.0,0.64,84.11026902610529
2026-10-06T17:45:00+05:30,Kurunegala_NorthWestern,24.5,264.42574260253883,31.0,0.67,87.81041174346967
2026-10-06T18:00:00+05:30,Kurunegala_NorthWestern,24.4,264.9125166967728,4.0,0.71,91.51366706335965
2026-09-29T18:15:00+05:30,Kilinochchi_Northern,30.4,268.15260349568814,0.0,4.44,94.43374923974488
2026-09-29T18:30:00+05:30,Kilinochchi_Northern,30.2,268.74932080733316,0.0,4.28,98.13368538663183
2026-09-29T18:45:00+05:30,Kilinochchi_Northern,30.0,269.3461871868679,0.0,4.17,101.83444649862525
2026-09-29T19:00:00+05:30,Kilinochchi_Northern,29.8,269.9482766502938,0.0,4.0,105.53563492518572
2026-09-29T19:15:00+05:30,Kilinochchi_Northern,29.6,270.5609911661087,0.0,3.87,109.23684669147967
2026-09-29T19:30:00+05:30,Kilinochchi_Northern,29.5,271.19027275411497,0.0,3.74,112.93765622596251
2026-09-29T19:45:00+05:30,Kilinochchi_Northern,29.3,271.842864717601,0.0,3.61,116.63759852889446
2026-09-29T20:00:00+05:30,Kilinochchi_Northern,29.1,272.5266487346659,0.0,3.47,120.33614858436135
2026-09-29T20:15:00+05:30,Kilinochchi_Northern,28.9,273.2510960994556,0.0,3.37,124.03269261412645
2026-09-29T20:30:00+05:30,Kilinochchi_Northern,28.8,274.02789245343627,0.0,3.27,127.72648901606013
2026-09-29T20:45:00+05:30,Kilinochchi_Northern,28.6,274.8718295130186,0.0,3.22,131.4166147171158
2026-09-29T21:00:00+05:30,Kilinochchi_Northern,28.5,275.8021149409912,0.0,3.21,135.1018845942006
2026-09-29T21:15:00+05:30,Kilinochchi_Northern,28.4,276.8443560171805,0.0,3.16,138.78072957738058
2026-09-29T21:30:00+05:30,Kilinochchi_Northern,28.3,278.0336634384114,0.0,3.18,142.4510069783605
2026-09-29T21:45:00+05:30,Kilinochchi_Northern,28.2,279.4196847016141,0.0,3.2,146.10968874346594
2026-09-29T22:00:00+05:30,Kilinochchi_Northern,28.2,281.07510706578853,0.0,3.24,149.75233006192383
2026-09-29T22:15:00+05:30,Kilinochchi_Northern,28.1,283.11070863096984,0.0,3.22,153.37211753459744
2026-09-29T22:30:00+05:30,Kilinochchi_Northern,28.0,285.7034624538195,0.0,3.27,156.95805310708303
2026-09-29T22:45:00+05:30,Kilinochchi_Northern,27.9,289.1522825733228,0.0,3.31,160.49123882518325
2026-09-29T23:00:00+05:30,Kilinochchi_Northern,27.8,293.995885836685,0.0,3.31,163.93661057939394
2026-09-29T23:15:00+05:30,Kilinochchi_Northern,27.8,301.27478627594985,0.0,3.36,167.22271628875106
2026-09-29T23:30:00+05:30,Kilinochchi_Northern,27.7,313.08955352364273,0.0,3.36,170.1879997871675
2026-09-29T23:45:00+05:30,Kilinochchi_Northern,27.6,333.16856334918,0.0,3.36,172.44458596806163
2026-09-30T00:00:00+05:30,Kilinochchi_Northern,27.6,2.927090082758127,0.0,3.36,173.2407741360982
2026-09-30T00:15:00+05:30,Kilinochchi_Northern,27.5,31.360100192909727,0.0,3.33,172.12066364931596
2026-09-30T00:30:00+05:30,Kilinochchi_Northern,27.5,49.64311581593739,0.0,3.33,169.69110027130915
2026-09-30T00:45:00+05:30,Kilinochchi_Northern,27.4,60.413858924939916,0.0,3.33,166.64886024622928
2026-09-30T01:00:00+05:30,Kilinochchi_Northern,27.4,67.1413749012222,0.0,3.35,163.32611311405827
2026-09-30T01:15:00+05:30,Kilinochchi_Northern,27.4,71.6778462077072,0.0,3.35,159.861362362966
2026-09-30T01:30:00+05:30,Kilinochchi_Northern,27.4,74.94317958797404,0.0,3.35,156.3169951534886
2026-09-30T01:45:00+05:30,Kilinochchi_Northern,27.4,77.4194488395558,0.0,3.35,152.72418640600824
2026-09-30T02:00:00+05:30,Kilinochchi_Northern,27.3,79.37744655665932,0.0,3.35,149.09999268724567
2026-09-30T02:15:00+05:30,Kilinochchi_Northern,27.3,80.97922667771786,0.0,3.38,145.45446346467162
2026-09-30T02:30:00+05:30,Kilinochchi_Northern,27.3,82.32715687221554,0.0,3.33,141.7938885324127
2026-09-30T02:45:00+05:30,Kilinochchi_Northern,27.3,83.48892966730494,0.0,3.27,138.12240591006213
2026-09-30T03:00:00+05:30,Kilinochchi_Northern,27.2,84.51109306373962,0.0,3.14,134.442856492406
2026-09-30T03:15:00+05:30,Kilinochchi_Northern,27.2,85.42676322770478,0.0,3.08,130.75726517229683
2026-09-30T03:30:00+05:30,Kilinochchi_Northern,27.2,86.26022595236844,0.0,3.0,127.06712402175013
2026-09-30T03:45:00+05:30,Kilinochchi_Northern,27.1,87.02979301214384,0.0,2.97,123.3735681623085
2026-09-30T04:00:00+05:30,Kilinochchi_Northern,27.1,87.74963926300785,0.0,2.94,119.67748870844405
2026-09-30T04:15:00+05:30,Kilinochchi_Northern,27.0,88.43102295082531,0.0,2.96,115.97960644779059
2026-09-30T04:30:00+05:30,Kilinochchi_Northern,27.0,89.0831206171705,0.0,2.93,112.28052364385557
2026-09-30T04:45:00+05:30,Kilinochchi_Northern,27.0,89.7136156172732,0.0,2.87,108.5807610389789
2026-09-30T05:00:00+05:30,Kilinochchi_Northern,27.0,90.32912615061605,0.0,2.78,104.880783858665
2026-09-30T05:15:00+05:30,Kilinochchi_Northern,27.0,90.9355269766391,0.0,2.69,101.18102318377844
2026-09-30T05:30:00+05:30,Kilinochchi_Northern,27.1,91.53820123134545,0.0,2.68,97.48189347140195
2026-09-30T05:45:00+05:30,Kilinochchi_Northern,27.1,92.14224744299554,0.0,2.77,93.78380633851374
2026-09-30T06:00:00+05:30,Kilinochchi_Northern,27.1,92.75265930160595,0.0,2.9,90.08718480914729
2026-09-30T06:15:00+05:30,Kilinochchi_Northern,27.2,93.37449247752392,14.0,3.1,86.39247755117414
2026-09-30T06:30:00+05:30,Kilinochchi_Northern,27.4,94.01303076161616,50.0,3.37,82.70017258866898
2026-09-30T06:45:00+05:30,Kilinochchi_Northern,27.7,94.6739625600328,95.0,3.72,79.01081447912904
2026-09-30T07:00:00+05:30,Kilinochchi_Northern,28.2,95.36358035189949,149.0,4.14,75.32502466988564
2026-09-30T07:15:00+05:30,Kilinochchi_Northern,28.7,96.08901810542227,205.0,4.53,71.64352508055754
2026-09-30T07:30:00+05:30,Kilinochchi_Northern,29.2,96.85854500713737,262.0,4.81,67.96716993844814
2026-09-30T07:45:00+05:30,Kilinochchi_Northern,29.7,97.6819413294611,321.0,4.95,64.29698725910997
2026-09-30T08:00:00+05:30,Kilinochchi_Northern,30.2,98.57099285585974,379.0,4.99,60.63423265670728
2026-09-30T08:15:00+05:30,Kilinochchi_Northern,30.7,99.54015560976916,434.0,4.99,56.98046458605538
2026-09-30T08:30:00+05:30,Kilinochchi_Northern,31.2,100.60746896913429,483.0,4.92,53.33764884905919
2026-09-30T08:45:00+05:30,Kilinochchi_Northern,31.6,101.7958358770864,528.0,4.82,49.708305318931686
2026-09-30T09:00:00+05:30,Kilinochchi_Northern,32.0,103.13485270890595,572.0,4.7,46.095722702700954
2026-09-30T09:15:00+05:30,Kilinochchi_Northern,32.4,104.66347882629873,621.0,4.51,42.50427705503993
2026-09-30T09:30:00+05:30,Kilinochchi_Northern,32.8,106.43401272195035,676.0,4.37,38.93991469318973
2026-09-30T09:45:00+05:30,Kilinochchi_Northern,33.2,108.51813476447523,732.0,4.26,35.410908927783694
2026-09-30T10:00:00+05:30,Kilinochchi_Northern,33.6,111.01626714301153,784.0,4.14,31.929076887593233
2026-09-30T10:15:00+05:30,Kilinochchi_Northern,33.9,114.07228176732764,826.0,4.0,28.511794439704992
2026-09-30T10:30:00+05:30,Kilinochchi_Northern,34.3,117.89666130275168,862.0,3.87,25.18543631469801
2026-09-30T10:45:00+05:30,Kilinochchi_Northern,34.6,122.80195612137447,890.0,3.72,21.991383991004923
2026-09-30T11:00:00+05:30,Kilinochchi_Northern,34.8,129.25113341720612,911.0,3.56,18.996572284551817
2026-09-30T11:15:00+05:30,Kilinochchi_Northern,35.1,137.89724525959724,924.0,3.39,16.311193156619836
2026-09-30T11:30:00+05:30,Kilinochchi_Northern,35.2,149.50762931517858,927.0,3.28,14.113067301025438
2026-09-30T11:45:00+05:30,Kilinochchi_Northern,35.3,164.48334891123375,923.0,3.23,12.658675114558378
2026-09-30T12:00:00+05:30,Kilinochchi_Northern,35.4,181.82245024301312,914.0,3.26,12.216629005494738
2026-09-30T12:15:00+05:30,Kilinochchi_Northern,35.3,198.84216316147896,905.0,3.25,12.891505115114356
2026-09-30T12:30:00+05:30,Kilinochchi_Northern,35.3,213.12039277871006,895.0,3.3,14.52847255936517
2026-09-30T12:45:00+05:30,Kilinochchi_Northern,35.1,224.04040668200423,881.0,3.36,16.849396790830852
2026-09-30T13:00:00+05:30,Kilinochchi_Northern,34.9,232.1544314545691,859.0,3.36,19.612920894096263
2026-09-30T13:15:00+05:30,Kilinochchi_Northern,34.7,238.22602913374234,826.0,3.36,22.657631568905273
2026-09-30T13:30:00+05:30,Kilinochchi_Northern,34.5,242.86728576696225,779.0,3.36,25.884449225415608
2026-09-30T13:45:00+05:30,Kilinochchi_Northern,34.4,246.50478869090088,727.0,3.31,29.233082953423896
2026-09-30T14:00:00+05:30,Kilinochchi_Northern,34.4,249.42566518989142,680.0,3.18,32.66603916327538
2026-09-30T14:15:00+05:30,Kilinochchi_Northern,34.3,251.82370911585133,645.0,3.09,36.15925291977388
2026-09-30T14:30:00+05:30,Kilinochchi_Northern,34.3,253.83193394205148,623.0,3.06,39.69675965564718
2026-09-30T14:45:00+05:30,Kilinochchi_Northern,34.1,255.5436186726182,602.0,3.07,43.26763328287587
2026-09-30T15:00:00+05:30,Kilinochchi_Northern,33.9,257.0256554619213,573.0,3.17,46.86417999119657
2026-09-30T15:15:00+05:30,Kilinochchi_Northern,33.7,258.32706474493585,529.0,3.22,50.48084121020632
2026-09-30T15:30:00+05:30,Kilinochchi_Northern,33.5,259.4845137198241,475.0,3.16,54.11350855742191
2026-09-30T15:45:00+05:30,Kilinochchi_Northern,33.5,260.52596208375553,418.0,2.99,57.75908183497172
2026-09-30T16:00:00+05:30,Kilinochchi_Northern,33.6,261.4731207963691,361.0,2.72,61.41517678732795
2026-09-30T16:15:00+05:30,Kilinochchi_Northern,33.7,262.3431448922231,307.0,2.4,65.07992854797621
2026-09-30T16:30:00+05:30,Kilinochchi_Northern,33.7,263.14982195128385,256.0,2.2,68.75185438058091
2026-09-30T16:45:00+05:30,Kilinochchi_Northern,33.6,263.9044234120936,206.0,2.11,72.42975647851733
2026-09-30T17:00:00+05:30,Kilinochchi_Northern,33.4,264.61632693713005,160.0,2.07,76.11265319920108
2026-09-30T17:15:00+05:30,Kilinochchi_Northern,33.2,265.293480556559,116.0,2.02,79.7997272746319
2026-09-30T17:30:00+05:30,Kilinochchi_Northern,33.0,265.9427571682321,75.0,1.84,83.49028683072378
2026-09-30T17:45:00+05:30,Kilinochchi_Northern,32.6,266.57023299811357,39.0,1.47,87.18373687285941
2026-09-30T18:00:00+05:30,Kilinochchi_Northern,32.2,267.1814132967688,8.0,1.05,90.87955561300248
2026-09-30T18:15:00+05:30,Kilinochchi_Northern,31.7,267.7814232580892,0.0,0.67,94.57727519950467
2026-09-30T18:30:00+05:30,Kilinochchi_Northern,31.3,268.37517830532994,0.0,0.74,98.27646692100723
2026-09-30T18:45:00+05:30,Kilinochchi_Northern,31.0,268.96754512011927,0.0,1.2,101.97672678208089
2026-09-30T19:00:00+05:30,Kilinochchi_Northern,30.6,269.5635048783838,0.0,1.79,105.67766197458629
2026-09-30T19:15:00+05:30,Kilinochchi_Northern,30.3,270.1683308271897,0.0,2.36,109.37887882195464
2026-09-30T19:30:00+05:30,Kilinochchi_Northern,30.0,270.78779384990355,0.0,2.85,113.07996824187754
2026-09-30T19:45:00+05:30,Kilinochchi_Northern,29.6,271.42841460792226,0.0,3.16,116.78048903873717
2026-09-30T20:00:00+05:30,Kilinochchi_Northern,29.2,272.0977880946136,0.0,3.43,120.47994896729298
2026-09-30T20:15:00+05:30,Kilinochchi_Northern,28.9,272.80501760172166,0.0,3.54,124.17777836437821
2026-09-30T20:30:00+05:30,Kilinochchi_Northern,28.6,273.5613155296987,0.0,3.66,127.87329451194735
2026-09-30T20:45:00+05:30,Kilinochchi_Northern,28.3,274.3808617221164,0.0,3.72,131.5656529748265
2026-09-30T21:00:00+05:30,Kilinochchi_Northern,28.1,275.28206631690824,0.0,3.71,135.25377437607705
2026-09-30T21:15:00+05:30,Kilinochchi_Northern,28.0,276.28948665774067,0.0,3.69,138.93623357544476
2026-09-30T21:30:00+05:30,Kilinochchi_Northern,27.8,277.43683591391215,0.0,3.61,142.61108708411516
2026-09-30T21:45:00+05:30,Kilinochchi_Northern,27.7,278.77188176359556,0.0,3.48,146.2755884097627
2026-09-30T22:00:00+05:30,Kilinochchi_Northern,27.6,280.36476543146387,0.0,3.33,149.92570097014476
2026-09-30T22:15:00+05:30,Kilinochchi_Northern,27.4,282.32283083942997,0.0,3.14,153.5552210836982
2026-09-30T22:30:00+05:30,Kilinochchi_Northern,27.3,284.8185831526169,0.0,2.93,157.15409209166438
2026-09-30T22:45:00+05:30,Kilinochchi_Northern,27.2,288.1459227857574,0.0,2.7,160.7049192333272
2026-09-30T23:00:00+05:30,Kilinochchi_Northern,27.1,292.84159542753133,0.0,2.46,164.17509387533562
2026-09-30T23:15:00+05:30,Kilinochchi_Northern,27.0,299.96492349384334,0.0,2.2,167.49704565113524
2026-09-30T23:30:00+05:30,Kilinochchi_Northern,26.9,311.73640408366765,0.0,1.88,170.51353097714554
2026-09-30T23:45:00+05:30,Kilinochchi_Northern,26.8,332.372015774995,0.0,1.47,172.82795919056434
2026-10-01T00:00:00+05:30,Kilinochchi_Northern,26.9,3.8423920777735248,0.0,0.96,173.62344089373397
2026-10-01T00:15:00+05:30,Kilinochchi_Northern,26.9,33.403537756331616,0.0,0.54,172.40657423653923
2026-10-01T00:30:00+05:30,Kilinochchi_Northern,26.7,51.613537154400206,0.0,0.67,169.87895252248268
2026-10-01T00:45:00+05:30,Kilinochchi_Northern,26.4,62.05462048222273,0.0,1.25,166.7718420911504
2026-10-01T01:00:00+05:30,Kilinochchi_Northern,26.0,68.49757532287202,0.0,1.99,163.40778717682582
2026-10-01T01:15:00+05:30,Kilinochchi_Northern,25.5,72.82067472223406,0.0,2.67,159.91562960144665
2026-10-01T01:30:00+05:30,Kilinochchi_Northern,25.2,75.92753319641594,0.0,2.97,156.35220830801802
2026-10-01T01:45:00+05:30,Kilinochchi_Northern,25.1,78.28407581882607,0.0,2.81,152.7456269155468
2026-10-01T02:00:00+05:30,Kilinochchi_Northern,25.2,80.14967658650994,0.0,2.45,149.1111745557344
2026-10-01T02:15:00+05:30,Kilinochchi_Northern,25.2,81.67872900145284,0.0,2.17,145.4578319165143
2026-10-01T02:30:00+05:30,Kilinochchi_Northern,25.3,82.96844242846822,0.0,2.13,141.79121190819055
2026-10-01T02:45:00+05:30,Kilinochchi_Northern,25.3,84.08296998507319,0.0,2.02,138.1150063628443
2026-10-01T03:00:00+05:30,Kilinochchi_Northern,25.3,85.0663766833976,0.0,1.79,134.43175198384068
2026-10-01T03:15:00+05:30,Kilinochchi_Northern,25.2,85.9499989248589,0.0,1.57,130.74326042035406
2026-10-01T03:30:00+05:30,Kilinochchi_Northern,25.2,86.75682176600395,0.0,1.41,127.05087084989543
2026-10-01T03:45:00+05:30,Kilinochchi_Northern,25.2,87.50419028002744,0.0,1.26,123.3556068478998
2026-10-01T04:00:00+05:30,Kilinochchi_Northern,25.2,88.20555091244415,0.0,1.12,119.65827714803478
2026-10-01T04:15:00+05:30,Kilinochchi_Northern,25.2,88.87160726970427,0.0,1.06,115.95954132196908
2026-10-01T04:30:00+05:30,Kilinochchi_Northern,25.2,89.51111076231268,0.0,1.01,112.25995620285946
2026-10-01T04:45:00+05:30,Kilinochchi_Northern,25.2,90.13141827599259,0.0,0.93,108.56000922231779
2026-10-01T05:00:00+05:30,Kilinochchi_Northern,25.2,90.7388984508014,0.0,0.86,104.86014189539218
2026-10-01T05:15:00+05:30,Kilinochchi_Northern,25.1,91.33923796954639,0.0,0.8,101.16076946822871
2026-10-01T05:30:00+05:30,Kilinochchi_Northern,25.2,91.93768244878373,0.0,0.76,97.46229728511477
2026-10-01T05:45:00+05:30,Kilinochchi_Northern,25.2,92.53923583491991,0.0,0.79,93.76513385166429
2026-10-01T06:00:00+05:30,Kilinochchi_Northern,25.3,93.14883508145903,0.0,0.81,90.06970469803836
2026-10-01T06:15:00+05:30,Kilinochchi_Northern,25.3,93.77151389149293,13.0,0.81,86.3764665362668
2026-10-01T06:30:00+05:30,Kilinochchi_Northern,25.5,94.41256749875981,45.0,0.93,82.68592116350177
2026-10-01T06:45:00+05:30,Kilinochchi_Northern,25.8,95.07772937037225,85.0,1.25,78.99863311643392
2026-10-01T07:00:00+05:30,Kilinochchi_Northern,26.2,95.77337241801649,132.0,1.71,75.31525082098798
2026-10-01T07:15:00+05:30,Kilinochchi_Northern,26.6,96.50674981557017,184.0,2.2,71.63653134684411
2026-10-01T07:30:00+05:30,Kilinochchi_Northern,27.1,97.28629399455986,242.0,2.45,67.96337389387647
2026-10-01T07:45:00+05:30,Kilinochchi_Northern,27.6,98.12199999628831,304.0,2.4,64.29686354530588
2026-10-01T08:00:00+05:30,Kilinochchi_Northern,28.1,99.02593010437766,368.0,2.23,60.63832819995915
2026-10-01T08:15:00+05:30,Kilinochchi_Northern,28.7,100.01289214979738,431.0,2.09,56.98941810629684
2026-10-01T08:30:00+05:30,Kilinochchi_Northern,29.3,101.1013703537975,491.0,1.99,53.35221630320914
2026-10-01T08:45:00+05:30,Kilinochchi_Northern,29.9,102.31482820163819,548.0,1.91,49.72939364037928
2026-10-01T09:00:00+05:30,Kilinochchi_Northern,30.5,103.68356624938292,601.0,1.84,46.12443525583588
2026-10-01T09:15:00+05:30,Kilinochchi_Northern,31.1,105.24742371295548,653.0,1.8,42.54197581848276
2026-10-01T09:30:00+05:30,Kilinochchi_Northern,31.6,107.05978512171072,701.0,1.7,38.98830655994985
2026-10-01T09:45:00+05:30,Kilinochchi_Northern,32.0,109.19363450745362,745.0,1.45,35.4721669033533
2026-10-01T10:00:00+05:30,Kilinochchi_Northern,32.4,111.7508593440777,784.0,1.14,32.00601143127119
2026-10-01T10:15:00+05:30,Kilinochchi_Northern,32.7,114.8767070894798,817.0,0.81,28.608094408086103
2026-10-01T10:30:00+05:30,Kilinochchi_Northern,33.0,118.78216803037486,844.0,0.56,25.305996517700905
2026-10-01T10:45:00+05:30,Kilinochchi_Northern,33.3,123.77729075771231,865.0,0.4,22.142703271349006
2026-10-01T11:00:00+05:30,Kilinochchi_Northern,33.5,130.31407252432194,881.0,0.45,19.187062730063957
2026-10-01T11:15:00+05:30,Kilinochchi_Northern,33.8,139.01387367968294,895.0,0.57,16.550767253230674
2026-10-01T11:30:00+05:30,Kilinochchi_Northern,34.0,150.57274178835445,904.0,0.75,14.410225582198834
2026-10-01T11:45:00+05:30,Kilinochchi_Northern,34.2,165.28811809634635,908.0,0.92,13.012483020245568
2026-10-01T12:00:00+05:30,Kilinochchi_Northern,34.5,182.1401834215494,908.0,1.03,12.607100541296262
2026-10-01T12:15:00+05:30,Kilinochchi_Northern,34.7,198.64001950906746,904.0,1.21,13.285243211133746
2026-10-01T12:30:00+05:30,Kilinochchi_Northern,34.9,212.57311708699444,905.0,1.35,14.899685560601384
2026-10-01T12:45:00+05:30,Kilinochchi_Northern,35.1,223.3395944208031,898.0,1.54,17.188576248681045
2026-10-01T13:00:00+05:30,Kilinochchi_Northern,35.4,231.4160718111422,871.0,1.9,19.92074581834416
2026-10-01T13:15:00+05:30,Kilinochchi_Northern,35.6,237.50376196391727,807.0,2.26,22.9383061852634
2026-10-01T13:30:00+05:30,Kilinochchi_Northern,35.4,242.18149685528874,697.0,2.51,26.142577655059064
2026-10-01T13:45:00+05:30,Kilinochchi_Northern,34.8,245.86069824534684,578.0,2.55,29.472680233070612
2026-10-01T14:00:00+05:30,Kilinochchi_Northern,33.8,248.8221428782943,487.0,2.51,32.890366996727685
2026-10-01T14:15:00+05:30,Kilinochchi_Northern,32.8,251.25723788093404,455.0,2.44,36.37090431236662
2026-10-01T14:30:00+05:30,Kilinochchi_Northern,32.0,253.29832807297942,476.0,2.36,39.897791552122406
2026-10-01T14:45:00+05:30,Kilinochchi_Northern,31.6,255.03873799924273,513.0,2.2,43.4596875340594
2026-10-01T15:00:00+05:30,Kilinochchi_Northern,31.5,256.5456753657239,533.0,1.98,47.04858007680319
2026-10-01T15:15:00+05:30,Kilinochchi_Northern,31.4,257.8685518829222,515.0,1.76,50.6586661373723
2026-10-01T15:30:00+05:30,Kilinochchi_Northern,31.2,259.04441946427585,477.0,1.63,54.28564850838429
2026-10-01T15:45:00+05:30,Kilinochchi_Northern,30.9,260.1015839660059,427.0,1.57,57.92628004861005
2026-10-01T16:00:00+05:30,Kilinochchi_Northern,30.6,261.0620543078204,371.0,1.53,61.57806126184663
2026-10-01T16:15:00+05:30,Kilinochchi_Northern,30.2,261.94323521407057,312.0,1.47,65.23903627299018
2026-10-01T16:30:00+05:30,Kilinochchi_Northern,29.9,262.75911929133906,248.0,1.3,68.90765007832134
2026-10-01T16:45:00+05:30,Kilinochchi_Northern,29.5,263.52114295933865,188.0,1.01,72.58264729600666
2026-10-01T17:00:00+05:30,Kilinochchi_Northern,29.1,264.23881325933775,136.0,0.82,76.26300039973138
2026-10-01T17:15:00+05:30,Kilinochchi_Northern,28.6,264.92017576723043,95.0,1.06,79.94785571006017
2026-10-01T17:30:00+05:30,Kilinochchi_Northern,28.0,265.57217201079055,61.0,1.59,83.63649276638589
2026-10-01T17:45:00+05:30,Kilinochchi_Northern,27.2,266.2009199465591,32.0,2.44,87.32829461598179
2026-10-01T18:00:00+05:30,Kilinochchi_Northern,26.1,266.8119407518669,7.0,3.46,91.02272328373354
2026-10-01T18:15:00+05:30,Kilinochchi_Northern,25.2,267.41034990361254,0.0,4.33,94.71929993609871
2026-10-01T18:30:00+05:30,Kilinochchi_Northern,24.5,268.00102662995965,0.0,4.75,98.41758976222182
2026-10-01T18:45:00+05:30,Kilinochchi_Northern,24.3,268.5887730004819,0.0,4.37,102.1171874564743
2026-10-01T19:00:00+05:30,Kilinochchi_Northern,24.4,269.17847393223605,0.0,3.43,105.8177038267032
2026-10-01T19:15:00+05:30,Kilinochchi_Northern,24.7,269.7752699494441,0.0,2.44,109.51875412816675
2026-10-01T19:30:00+05:30,Kilinochchi_Northern,24.8,270.3847559073532,0.0,1.76,113.21994421292001
2026-10-01T19:45:00+05:30,Kilinochchi_Northern,24.9,271.01322362107084,0.0,1.55,116.92085489568123
2026-10-01T20:00:00+05:30,Kilinochchi_Northern,24.9,271.66797327187476,0.0,1.6,120.62102458953527
2026-10-01T20:15:00+05:30,Kilinochchi_Northern,25.0,272.35772919357726,0.0,1.75,124.31992522467604
2026-10-01T20:30:00+05:30,Kilinochchi_Northern,25.0,273.09321537311035,0.0,1.84,128.0169299167951
2026-10-01T20:45:00+05:30,Kilinochchi_Northern,25.0,273.88797819601757,0.0,1.92,131.71126913083097
2026-10-01T21:00:00+05:30,Kilinochchi_Northern,25.0,274.75959869723346,0.0,2.11,135.40196460919873
2026-10-01T21:15:00+05:30,Kilinochchi_Northern,25.0,275.73153667334816,0.0,2.25,139.08772937031708
2026-10-01T21:30:00+05:30,Kilinochchi_Northern,25.0,276.8360335473368,0.0,2.3,142.76681191657542
2026-10-01T21:45:00+05:30,Kilinochchi_Northern,25.0,278.11885705009297,0.0,2.25,146.4367384003153
2026-10-01T22:00:00+05:30,Kilinochchi_Northern,24.9,279.6473994375175,0.0,2.07,150.09386981522027
2026-10-01T22:15:00+05:30,Kilinochchi_Northern,24.9,281.5252105578457,0.0,1.95,153.73260077037367
2026-10-01T22:30:00+05:30,Kilinochchi_Northern,24.9,283.9196539312025,0.0,1.83,157.3438080704957
2026-10-01T22:45:00+05:30,Kilinochchi_Northern,24.9,287.11828271206844,0.0,1.74,160.911610852788
2026-10-01T23:00:00+05:30,Kilinochchi_Northern,24.9,291.6531231004331,0.0,1.71,164.4059370018088
2026-10-01T23:15:00+05:30,Kilinochchi_Northern,24.8,298.5969384251728,0.0,1.64,167.76342457903058
2026-10-01T23:30:00+05:30,Kilinochchi_Northern,24.8,310.2858621973076,0.0,1.51,170.83222632487633
2026-10-01T23:45:00+05:30,Kilinochchi_Northern,24.8,331.4785911694265,0.0,1.4,173.20878016279403
2026-10-02T00:00:00+05:30,Kilinochchi_Northern,24.8,4.861178458564439,0.0,1.21,174.00391554667672
2026-10-02T00:15:00+05:30,Kilinochchi_Northern,24.8,35.592507425505005,0.0,1.11,172.6825452052422
2026-10-02T00:30:00+05:30,Kilinochchi_Northern,24.7,53.64853555269519,0.0,1.07,170.05537776379282
2026-10-02T00:45:00+05:30,Kilinochchi_Northern,24.7,63.719787543197185,0.0,1.04,166.88507993739108
2026-10-02T01:00:00+05:30,Kilinochchi_Northern,24.7,69.86283579413055,0.0,1.1,163.48160281819753
2026-10-02T01:15:00+05:30,Kilinochchi_Northern,24.6,73.96651366221732,0.0,1.1,159.96357497529112
2026-10-02T01:30:00+05:30,Kilinochchi_Northern,24.6,76.91236899011824,0.0,1.17,156.3822953601852
2026-10-02T01:45:00+05:30,Kilinochchi_Northern,24.5,79.14809222473923,0.0,1.28,152.76287861176445
2026-10-02T02:00:00+05:30,Kilinochchi_Northern,24.5,80.92082996401564,0.0,1.38,149.11891717295316
2026-10-02T02:15:00+05:30,Kilinochchi_Northern,24.4,82.37697636286589,0.0,1.52,145.45837399347573
2026-10-02T02:30:00+05:30,Kilinochchi_Northern,24.4,83.60843068861237,0.0,1.59,141.78622076149819
2026-10-02T02:45:00+05:30,Kilinochchi_Northern,24.4,84.67573498287913,0.0,1.63,138.10572815133403
2026-10-02T03:00:00+05:30,Kilinochchi_Northern,24.4,85.62043608831681,0.0,1.64,134.4191465284871
2026-10-02T03:15:00+05:30,Kilinochchi_Northern,24.4,86.47207292788016,0.0,1.62,130.72808728912372
2026-10-02T03:30:00+05:30,Kilinochchi_Northern,24.4,87.25232080760225,0.0,1.64,127.03374636395894
2026-10-02T03:45:00+05:30,Kilinochchi_Northern,24.4,87.97755354833964,0.0,1.61,123.33704308773115
2026-10-02T04:00:00+05:30,Kilinochchi_Northern,24.4,88.66048696283019,0.0,1.57,119.6387094651239
2026-10-02T04:15:00+05:30,Kilinochchi_Northern,24.4,89.31126901906725,0.0,1.48,115.93934830282365
2026-10-02T04:30:00+05:30,Kilinochchi_Northern,24.4,89.9382256278443,0.0,1.42,112.23947458006525
2026-10-02T04:45:00+05:30,Kilinochchi_Northern,24.3,90.54838714276013,0.0,1.3,108.53954534894987
2026-10-02T05:00:00+05:30,Kilinochchi_Northern,24.3,91.14787270506378,0.0,1.23,104.83998086646983
2026-10-02T05:15:00+05:30,Kilinochchi_Northern,24.3,91.7421809972376,0.0,1.1,101.14118264361242
2026-10-02T05:30:00+05:30,Kilinochchi_Northern,24.3,92.33642014094681,0.0,1.1,97.44354875127766
2026-10-02T05:45:00+05:30,Kilinochchi_Northern,24.3,92.93549942510782,0.0,1.21,93.74748623497416
2026-10-02T06:00:00+05:30,Kilinochchi_Northern,24.3,93.5442988470366,0.0,1.39,90.05342466129736
2026-10-02T06:15:00+05:30,Kilinochchi_Northern,24.4,94.16782973415405,14.0,1.53,86.36183023993944
2026-10-02T06:30:00+05:30,Kilinochchi_Northern,24.6,94.81139810827369,48.0,1.64,82.6732199679348
2026-10-02T06:45:00+05:30,Kilinochchi_Northern,25.0,95.4807815200461,90.0,1.64,78.98817980066733
2026-10-02T07:00:00+05:30,Kilinochchi_Northern,25.5,96.18243190530848,139.0,1.58,75.30738663813015
2026-10-02T07:15:00+05:30,Kilinochchi_Northern,26.0,96.92371964797314,193.0,1.5,71.63163429760218
2026-10-02T07:30:00+05:30,Kilinochchi_Northern,26.5,97.71323761460053,253.0,1.46,67.96186869177185
2026-10-02T07:45:00+05:30,Kilinochchi_Northern,27.1,98.56119165005452,318.0,1.52,64.29923391345882
2026-10-02T08:00:00+05:30,Kilinochchi_Northern,27.7,99.4799149042235,384.0,1.56,60.6451323455334
2026-10-02T08:15:00+05:30,Kilinochchi_Northern,28.2,100.48455892406105,447.0,1.63,57.00130854884154
2026-10-02T08:30:00+05:30,Kilinochchi_Northern,28.8,101.59404098803748,503.0,1.59,53.36996570442222
2026-10-02T08:45:00+05:30,Kilinochchi_Northern,29.3,102.83236766808454,555.0,1.45,49.75392898571044
2026-10-02T09:00:00+05:30,Kilinochchi_Northern,29.8,104.23051735597079,604.0,1.2,46.156883769896176
2026-10-02T09:15:00+05:30,Kilinochchi_Northern,30.2,105.82916852272115,651.0,0.92,42.58372753101933
2026-10-02T09:30:00+05:30,Kilinochchi_Northern,30.6,107.6827277693717,696.0,0.67,39.04110065937808
2026-10-02T09:45:00+05:30,Kilinochchi_Northern,31.0,109.86537970713897,738.0,0.47,35.53821211077257
2026-10-02T10:00:00+05:30,Kilinochchi_Northern,31.4,112.48030746102654,775.0,0.3,32.08815435406882
2026-10-02T10:15:00+05:30,Kilinochchi_Northern,31.7,115.67385073344866,808.0,0.32,28.710052451742513
2026-10-02T10:30:00+05:30,Kilinochchi_Northern,32.1,119.65703506597481,835.0,0.47,25.432665952067822
2026-10-02T10:45:00+05:30,Kilinochchi_Northern,32.4,124.7366541606919,857.0,0.7,22.300512715584063
2026-10-02T11:00:00+05:30,Kilinochchi_Northern,32.7,131.35272950799896,876.0,0.91,19.38418781399116
2026-10-02T11:15:00+05:30,Kilinochchi_Northern,33.0,140.09444632802524,895.0,1.19,16.79655126170482
2026-10-02T11:30:00+05:30,Kilinochchi_Northern,33.2,151.5898030427573,916.0,1.41,14.712125145859119
2026-10-02T11:45:00+05:30,Kilinochchi_Northern,33.5,166.04474147974713,933.0,1.61,13.368444668169047
2026-10-02T12:00:00+05:30,Kilinochchi_Northern,33.8,182.4333131284528,941.0,1.77,12.997340322129773
2026-10-02T12:15:00+05:30,Kilinochchi_Northern,33.9,198.44467180725184,937.0,1.92,13.678211902461896
2026-10-02T12:30:00+05:30,Kilinochchi_Northern,33.9,212.0486589914052,923.0,2.05,15.270984959438806
2026-10-02T12:45:00+05:30,Kilinochchi_Northern,33.5,222.6630913053247,899.0,2.22,17.528796944701753
2026-10-02T13:00:00+05:30,Kilinochchi_Northern,33.0,230.69808357000906,864.0,2.45,20.230166059155195
2026-10-02T13:15:00+05:30,Kilinochchi_Northern,32.3,236.79733696069613,813.0,2.66,23.22076976996206
2026-10-02T13:30:00+05:30,Kilinochchi_Northern,31.6,241.50781908680088,741.0,2.71,26.402468321756068
2026-10-02T13:45:00+05:30,Kilinochchi_Northern,30.9,245.22591270300893,664.0,2.6,29.713897296388737
2026-10-02T14:00:00+05:30,Kilinochchi_Northern,30.1,248.22586330296747,597.0,2.45,33.11611785232588
2026-10-02T14:15:00+05:30,Kilinochchi_Northern,29.4,250.69649107211708,554.0,2.36,36.58376070052964
2026-10-02T14:30:00+05:30,Kilinochchi_Northern,29.1,252.76931519746233,529.0,2.3,40.099806116878476
2026-10-02T14:45:00+05:30,Kilinochchi_Northern,29.2,254.5375935935425,512.0,1.95,43.65250611497356
2026-10-02T15:00:00+05:30,Kilinochchi_Northern,29.8,256.06877152258954,495.0,1.36,47.23353383070812
2026-10-02T15:15:00+05:30,Kilinochchi_Northern,30.4,257.41259788050536,472.0,0.95,50.83684302483608
2026-10-02T15:30:00+05:30,Kilinochchi_Northern,30.8,258.60647147877256,450.0,0.89,54.45794769758196
2026-10-02T15:45:00+05:30,Kilinochchi_Northern,31.0,259.6790175422066,425.0,1.06,58.09345316793414
2026-10-02T16:00:00+05:30,Kilinochchi_Northern,31.2,260.65252367623503,390.0,1.41,61.74074381074368
2026-10-02T16:15:00+05:30,Kilinochchi_Northern,31.2,261.5446301907185,342.0,1.87,65.39777173300934
2026-10-02T16:30:00+05:30,Kilinochchi_Northern,30.9,262.3695242095713,288.0,2.04,69.0629086221927
2026-10-02T16:45:00+05:30,Kilinochchi_Northern,30.3,263.1387991479412,231.0,1.99,72.73484048858494
2026-10-02T17:00:00+05:30,Kilinochchi_Northern,29.4,263.8620852238015,174.0,2.21,76.41249291553365
2026-10-02T17:15:00+05:30,Kilinochchi_Northern,28.4,264.5475206177467,119.0,2.63,80.09497482877637
2026-10-02T17:30:00+05:30,Kilinochchi_Northern,27.6,265.2021114314279,68.0,2.85,83.78153621960499
2026-10-02T17:45:00+05:30,Kilinochchi_Northern,27.1,265.8320138970696,29.0,2.58,87.47153721681696
2026-10-02T18:00:00+05:30,Kilinochchi_Northern,26.8,266.44276204494076,4.0,2.11,91.16442268934394
2026-10-02T18:15:00+05:30,Kilinochchi_Northern,26.6,267.03945875645195,0.0,2.05,94.85970182225894
2026-10-02T18:30:00+05:30,Kilinochchi_Northern,26.4,267.62694421290377,0.0,2.28,98.55693265292399
2026-10-02T18:45:00+05:30,Kilinochchi_Northern,26.3,268.2099528772909,0.0,2.37,102.25570743435757
2026-10-02T19:00:00+05:30,Kilinochchi_Northern,26.2,268.7932700816439,0.0,2.23,105.95563934684007
2026-10-02T19:15:00+05:30,Kilinochchi_Northern,26.2,269.38189974023663,0.0,2.07,109.65635118454279
2026-10-02T19:30:00+05:30,Kilinochchi_Northern,26.2,269.9812559326505,0.0,2.05,113.35746214648275
2026-10-02T19:45:00+05:30,Kilinochchi_Northern,26.1,270.59739560392654,0.0,2.21,117.05857320616903
2026-10-02T20:00:00+05:30,Kilinochchi_Northern,26.0,271.2373162283339,0.0,2.56,120.75925125049211
2026-10-02T20:15:00+05:30,Kilinochchi_Northern,25.8,271.9093525257563,0.0,2.88,124.45900717899067
2026-10-02T20:30:00+05:30,Kilinochchi_Northern,25.7,272.6237252855384,0.0,3.07,128.15726674462158
2026-10-02T20:45:00+05:30,Kilinochchi_Northern,25.6,273.39332635473556,0.0,3.02,131.85333136592436
2026-10-02T21:00:00+05:30,Kilinochchi_Northern,25.5,274.23487673806835,0.0,2.88,135.5463189699672
2026-10-02T21:15:00+05:30,Kilinochchi_Northern,25.4,275.17069189443015,0.0,2.63,139.23507450820108
2026-10-02T21:30:00+05:30,Kilinochchi_Northern,25.3,276.23146824181117,0.0,2.45,142.91803056077853
2026-10-02T21:45:00+05:30,Kilinochchi_Northern,25.2,277.46085432891516,0.0,2.33,146.59297588353877
2026-10-02T22:00:00+05:30,Kilinochchi_Northern,25.1,278.9232905439594,0.0,2.22,150.25665654318234
2026-10-02T22:15:00+05:30,Kilinochchi_Northern,25.0,280.7181692178988,0.0,2.11,153.9040508345582
2026-10-02T22:30:00+05:30,Kilinochchi_Northern,25.0,283.00702198268,0.0,2.01,157.5269554125775
2026-10-02T22:45:00+05:30,Kilinochchi_Northern,24.9,286.0696578961922,0.0,1.86,161.11100358007144
2026-10-02T23:00:00+05:30,Kilinochchi_Northern,24.8,290.4303943081737,0.0,1.72,164.62872213871404
2026-10-02T23:15:00+05:30,Kilinochchi_Northern,24.8,297.16911742659715,0.0,1.59,168.02126061077763
2026-10-02T23:30:00+05:30,Kilinochchi_Northern,24.7,308.730008576793,0.0,1.49,171.1433072370412
2026-10-02T23:45:00+05:30,Kilinochchi_Northern,24.7,330.47155805621264,0.0,1.38,173.58659720820583
2026-10-03T00:00:00+05:30,Kilinochchi_Northern,24.6,6.002439257441779,0.0,1.32,174.38182279656445
2026-10-03T00:15:00+05:30,Kilinochchi_Northern,24.6,37.936603851963014,0.0,1.27,172.94751793426593
2026-10-03T00:30:00+05:30,Kilinochchi_Northern,24.5,55.746132667746224,0.0,1.21,170.21987306479176
2026-10-03T00:45:00+05:30,Kilinochchi_Northern,24.5,65.40705885800907,0.0,1.15,166.98843394264352
2026-10-03T01:00:00+05:30,Kilinochchi_Northern,24.4,71.23564568801157,0.0,1.15,163.54756654527318
2026-10-03T01:15:00+05:30,Kilinochchi_Northern,24.4,75.11439374417938,0.0,1.1,160.00526300171325
2026-10-03T01:30:00+05:30,Kilinochchi_Northern,24.4,77.89703356939299,0.0,1.1,156.40734463910144
2026-10-03T01:45:00+05:30,Kilinochchi_Northern,24.4,80.01103085703005,0.0,1.1,152.77603965424544
2026-10-03T02:00:00+05:30,Kilinochchi_Northern,24.3,81.6905538610012,0.0,1.06,149.1233224492664
2026-10-03T02:15:00+05:30,Kilinochchi_Northern,24.3,83.07368938610688,0.0,1.07,145.45619258480193
2026-10-03T02:30:00+05:30,Kilinochchi_Northern,24.3,84.24689140873613,0.0,1.08,141.77901765952979
2026-10-03T02:45:00+05:30,Kilinochchi_Northern,24.2,85.26702844996015,0.0,1.09,138.09467290759883
2026-10-03T03:00:00+05:30,Kilinochchi_Northern,24.2,86.17309933249919,0.0,1.11,134.40514054286893
2026-10-03T03:15:00+05:30,Kilinochchi_Northern,24.1,86.99283099019794,0.0,1.14,130.7118448591395
2026-10-03T03:30:00+05:30,Kilinochchi_Northern,24.0,87.74658195764084,0.0,1.16,127.01584826580736
2026-10-03T03:45:00+05:30,Kilinochchi_Northern,24.0,88.44975153007272,0.0,1.19,123.31797320474249
2026-10-03T04:00:00+05:30,Kilinochchi_Northern,23.9,89.1143235090463,0.0,1.23,119.61888061401999
2026-10-03T04:15:00+05:30,Kilinochchi_Northern,23.8,89.7498897926265,0.0,1.3,115.91912098902115
2026-10-03T04:30:00+05:30,Kilinochchi_Northern,23.8,90.36435081143935,0.0,1.33,112.21917102681674
2026-10-03T04:45:00+05:30,Kilinochchi_Northern,23.9,90.96441059139522,0.0,1.36,108.51946032411664
2026-10-03T05:00:00+05:30,Kilinochchi_Northern,23.9,91.55593901845941,0.0,1.39,104.82039032287543
2026-10-03T05:15:00+05:30,Kilinochchi_Northern,24.0,92.14424697370595,0.0,1.46,101.12235088367403
2026-10-03T05:30:00+05:30,Kilinochchi_Northern,24.2,92.73430518456689,0.0,1.49,97.4257346298365
2026-10-03T05:45:00+05:30,Kilinochchi_Northern,24.4,93.33092824553717,0.0,1.56,93.73094878581301
2026-10-03T06:00:00+05:30,Kilinochchi_Northern,24.7,93.9389389861422,0.0,1.59,90.03842846510003
2026-10-03T06:15:00+05:30,Kilinochchi_Northern,25.0,94.56332592799976,15.0,1.67,86.34865080999259
2026-10-03T06:30:00+05:30,Kilinochchi_Northern,25.4,95.20940517627798,51.0,1.74,82.66214941691095
2026-10-03T06:45:00+05:30,Kilinochchi_Northern,25.8,95.88299730558293,99.0,1.81,78.97953307245575
2026-10-03T07:00:00+05:30,Kilinochchi_Northern,26.2,96.59063174975603,156.0,1.84,75.30150861118182
2026-10-03T07:15:00+05:30,Kilinochchi_Northern,26.7,97.33979394725026,214.0,1.88,71.62890814623658
2026-10-03T07:30:00+05:30,Kilinochchi_Northern,27.1,98.13923417447796,269.0,1.91,67.96272598973319
2026-10-03T07:45:00+05:30,Kilinochchi_Northern,27.6,98.99936483131347,322.0,1.91,64.30416710975018
2026-10-03T08:00:00+05:30,Kilinochchi_Northern,28.0,99.93278392689149,376.0,1.98,60.65471047181076
2026-10-03T08:15:00+05:30,Kilinochchi_Northern,28.4,100.95497814037589,437.0,1.95,57.01619733318003
2026-10-03T08:30:00+05:30,Kilinochchi_Northern,28.8,102.0852853720927,507.0,1.95,53.390953735486576
2026-10-03T08:45:00+05:30,Kilinochchi_Northern,29.3,103.348236968886,581.0,1.88,49.78196226171081
2026-10-03T09:00:00+05:30,Kilinochchi_Northern,29.7,104.77546169198689,650.0,1.81,46.19311196216761
2026-10-03T09:15:00+05:30,Kilinochchi_Northern,30.2,106.40843523604849,705.0,1.74,42.629566751324774
2026-10-03T09:30:00+05:30,Kilinochchi_Northern,30.7,108.30252057293467,744.0,1.63,39.09831960214425
2026-10-03T09:45:00+05:30,Kilinochchi_Northern,31.2,110.53299801791718,771.0,1.52,35.60905116666101
2026-10-03T10:00:00+05:30,Kilinochchi_Northern,31.7,113.20417581257306,789.0,1.38,32.175490296483
2026-10-03T10:15:00+05:30,Kilinochchi_Northern,32.2,116.46320557920257,804.0,1.24,28.817622279627088
2026-10-03T10:30:00+05:30,Kilinochchi_Northern,32.6,120.52069126845402,815.0,1.13,25.565354048136328
2026-10-03T10:45:00+05:30,Kilinochchi_Northern,32.9,125.6794699371701,817.0,1.03,22.46465852409061
2026-10-03T11:00:00+05:30,Kilinochchi_Northern,33.1,132.36672224344238,806.0,0.92,19.5877079672086
2026-10-03T11:15:00+05:30,Kilinochchi_Northern,33.3,141.1392734505365,776.0,0.85,17.04820891254576
2026-10-03T11:30:00+05:30,Kilinochchi_Northern,33.3,152.56057558613213,719.0,0.81,15.018377720169127
2026-10-03T11:45:00+05:30,Kilinochchi_Northern,33.2,166.75624679253224,651.0,0.78,13.72625272311744
2026-10-03T12:00:00+05:30,Kilinochchi_Northern,32.9,182.7035990894735,590.0,0.82,13.387196908133632
2026-10-03T12:15:00+05:30,Kilinochchi_Northern,32.5,198.2552473315768,554.0,0.86,14.070285376126947
2026-10-03T12:30:00+05:30,Kilinochchi_Northern,32.1,211.545227033608,537.0,0.9,15.642169327735274
2026-10-03T12:45:00+05:30,Kilinochchi_Northern,31.6,222.0094985858446,531.0,0.94,17.869807430715127
2026-10-03T13:00:00+05:30,Kilinochchi_Northern,31.0,229.99962710892572,526.0,1.05,20.540924258880068
2026-10-03T13:15:00+05:30,Kilinochchi_Northern,30.3,236.10629886855153,517.0,1.14,23.504780017819073
2026-10-03T13:30:00+05:30,Kilinochchi_Northern,29.8,240.84602070280806,505.0,1.21,26.66389896429201
2026-10-03T13:45:00+05:30,Kilinochchi_Northern,29.3,244.6003251076354,495.0,1.28,29.95653062176138
2026-10-03T14:00:00+05:30,Kilinochchi_Northern,28.8,247.6367894471664,487.0,1.35,33.34310398454252
2026-10-03T14:15:00+05:30,Kilinochchi_Northern,28.4,250.1414716414072,486.0,1.37,36.79764715636763
2026-10-03T14:30:00+05:30,Kilinochchi_Northern,28.0,252.24492168472443,493.0,1.43,40.3026387482327
2026-10-03T14:45:00+05:30,Kilinochchi_Northern,27.8,254.0402259120086,499.0,1.45,43.84593276584425
2026-10-03T15:00:00+05:30,Kilinochchi_Northern,27.7,255.59499310578306,495.0,1.48,47.41889178879912
2026-10-03T15:15:00+05:30,Kilinochchi_Northern,27.7,256.95925748072455,474.0,1.49,51.015228000004655
2026-10-03T15:30:00+05:30,Kilinochchi_Northern,27.6,258.1707282123605,443.0,1.55,54.63026689748232
2026-10-03T15:45:00+05:30,Kilinochchi_Northern,27.6,259.2583238676563,405.0,1.63,58.26046586318432
2026-10-03T16:00:00+05:30,Kilinochchi_Northern,27.7,260.2445919300221,362.0,1.71,61.90309240264419
2026-10-03T16:15:00+05:30,Kilinochchi_Northern,27.7,261.1473944851482,318.0,1.81,65.55600570788121
2026-10-03T16:30:00+05:30,Kilinochchi_Northern,27.8,261.98110285765057,273.0,1.93,69.21750320159794
2026-10-03T16:45:00+05:30,Kilinochchi_Northern,27.8,262.75745960373104,226.0,2.07,72.88621131731747
2026-10-03T17:00:00+05:30,Kilinochchi_Northern,27.8,263.48621201111473,176.0,2.16,76.56100779090202
2026-10-03T17:15:00+05:30,Kilinochchi_Northern,27.8,264.1755859981743,124.0,2.25,80.24096320823683
2026-10-03T17:30:00+05:30,Kilinochchi_Northern,27.7,264.83264824613514,73.0,2.35,83.92529707479588
2026-10-03T17:45:00+05:30,Kilinochchi_Northern,27.6,265.4635898662796,32.0,2.4,87.61334566198872
2026-10-03T18:00:00+05:30,Kilinochchi_Northern,27.4,266.0739547261672,5.0,2.46,91.3045357255221
2026-10-03T18:15:00+05:30,Kilinochchi_Northern,27.2,266.668830296308,0.0,2.51,94.99836347567972
2026-10-03T18:30:00+05:30,Kilinochchi_Northern,27.0,267.2530149310629,0.0,2.52,98.69437874420991
2026-10-03T18:45:00+05:30,Kilinochchi_Northern,26.7,267.8311725771239,0.0,2.52,102.39217020338023
2026-10-03T19:00:00+05:30,Kilinochchi_Northern,26.5,268.4079857588974,0.0,2.53,106.09135215021513
2026-10-03T19:15:00+05:30,Kilinochchi_Northern,26.3,268.9883180213817,0.0,2.54,109.79155350107166
2026-10-03T19:30:00+05:30,Kilinochchi_Northern,26.0,269.57739808080646,0.0,2.55,113.49240517462025
2026-10-03T19:45:00+05:30,Kilinochchi_Northern,25.8,270.18104219394996,0.0,2.56,117.19352640645042
2026-10-03T20:00:00+05:30,Kilinochchi_Northern,25.6,270.8059374968136,0.0,2.56,120.8945103000618
2026-10-03T20:15:00+05:30,Kilinochchi_Northern,25.4,271.46001878363876,0.0,2.51,124.59490400115382
2026-10-03T20:30:00+05:30,Kilinochchi_Northern,25.3,272.1529893148868,0.0,2.51,128.2941825608763
2026-10-03T20:45:00+05:30,Kilinochchi_Northern,25.2,272.89706591927285,0.0,2.51,131.99171420003472
2026-10-03T21:00:00+05:30,Kilinochchi_Northern,25.1,273.70807944371904,0.0,2.5,135.68670779978848
2026-10-03T21:15:00+05:30,Kilinochchi_Northern,25.0,274.60715527233117,0.0,2.44,139.37813356321868
2026-10-03T21:30:00+05:30,Kilinochchi_Northern,24.9,275.6233729095147,0.0,2.43,143.06459953543362
2026-10-03T21:45:00+05:30,Kilinochchi_Northern,24.9,276.7981440588406,0.0,2.43,146.74414591207739
2026-10-03T22:00:00+05:30,Kilinochchi_Northern,24.9,278.1927556143297,0.0,2.41,150.4138894564786
2026-10-03T22:15:00+05:30,Kilinochchi_Northern,24.8,279.90207777254886,0.0,2.36,154.06937427933565
2026-10-03T22:30:00+05:30,Kilinochchi_Northern,24.8,282.08110829803576,0.0,2.35,157.70329731424778
2026-10-03T22:45:00+05:30,Kilinochchi_Northern,24.8,285.0004615537953,0.0,2.3,161.30279497156408
2026-10-03T23:00:00+05:30,Kilinochchi_Northern,24.8,289.173529878217,0.0,2.3,164.84303379256843
2026-10-03T23:15:00+05:30,Kilinochchi_Northern,24.7,295.6800205239363,0.0,2.25,168.26994433086105
2026-10-03T23:30:00+05:30,Kilinochchi_Northern,24.7,307.06062107453533,0.0,2.21,171.44592263188926
2026-10-03T23:45:00+05:30,Kilinochchi_Northern,24.7,329.33054522770414,0.0,2.16,173.9608776076189
2026-10-04T00:00:00+05:30,Kilinochchi_Northern,24.7,7.290193089531385,0.0,2.11,174.7567113048115
2026-10-04T00:15:00+05:30,Kilinochchi_Northern,24.7,40.44498139129121,0.0,2.07,173.20033832217302
2026-10-04T00:30:00+05:30,Kilinochchi_Northern,24.6,57.90363503880246,0.0,2.02,170.37195598385455
2026-10-04T00:45:00+05:30,Kilinochchi_Northern,24.6,67.1139504093789,0.0,1.98,167.08178948564404
2026-10-04T01:00:00+05:30,Kilinochchi_Northern,24.6,72.61445803483628,0.0,1.89,163.6057007096126
2026-10-04T01:15:00+05:30,Kilinochchi_Northern,24.5,76.26334321365283,0.0,1.8,160.04076727312201
2026-10-04T01:30:00+05:30,Kilinochchi_Northern,24.5,78.88087779728124,0.0,1.76,156.42744941720775
2026-10-04T01:45:00+05:30,Kilinochchi_Northern,24.5,80.87242902618482,0.0,1.72,152.7852105789565
2026-10-04T02:00:00+05:30,Kilinochchi_Northern,24.5,82.45849883067558,0.0,1.68,149.12449299423986
2026-10-04T02:15:00+05:30,Kilinochchi_Northern,24.5,83.76859085338856,0.0,1.64,145.4513901195864
2026-10-04T02:30:00+05:30,Kilinochchi_Northern,24.5,84.88359547239634,0.0,1.64,141.769703867135
2026-10-04T02:45:00+05:30,Kilinochchi_Northern,24.4,85.85665449241151,0.0,1.66,138.08194031705943
2026-10-04T03:00:00+05:30,Kilinochchi_Northern,24.4,86.72419416052162,0.0,1.66,134.3898319813331
2026-10-04T03:15:00+05:30,Kilinochchi_Northern,24.3,87.51211806995855,0.0,1.68,130.69462932553955
2026-10-04T03:30:00+05:30,Kilinochchi_Northern,24.3,88.23946291985169,0.0,1.68,126.99727101493622
2026-10-04T03:45:00+05:30,Kilinochchi_Northern,24.2,88.9206514584057,0.0,1.68,123.29848996313365
2026-10-04T04:00:00+05:30,Kilinochchi_Northern,24.1,89.56693491978842,0.0,1.73,119.59888170665663
2026-10-04T04:15:00+05:30,Kilinochchi_Northern,24.1,90.18734925314084,0.0,1.75,115.8989488762264
2026-10-04T04:30:00+05:30,Kilinochchi_Northern,24.1,90.78936980487009,0.0,1.79,112.19913345004204
2026-10-04T04:45:00+05:30,Kilinochchi_Northern,24.1,91.37937473689698,0.0,1.84,108.49984047727854
2026-10-04T05:00:00+05:30,Kilinochchi_Northern,24.2,91.96298510008438,0.0,1.86,104.80145501361326
2026-10-04T05:15:00+05:30,Kilinochchi_Northern,24.3,92.54532428985715,0.0,1.9,101.10435734135152
2026-10-04T05:30:00+05:30,Kilinochchi_Northern,24.4,93.13122581254243,0.0,1.97,97.40893644457313
2026-10-04T05:45:00+05:30,Kilinochchi_Northern,24.7,93.72540956778266,0.0,2.04,93.71560134688697
2026-10-04T06:00:00+05:30,Kilinochchi_Northern,24.9,94.33264101109148,0.0,2.08,90.0247941994513
2026-10-04T06:15:00+05:30,Kilinochchi_Northern,25.3,94.95788540544925,15.0,2.19,86.33700448742945
2026-10-04T06:30:00+05:30,Kilinochchi_Northern,25.6,95.60646818226121,52.0,2.26,82.65278378431587
2026-10-04T06:45:00+05:30,Kilinochchi_Northern,26.0,96.28425179917411,100.0,2.33,78.97276508394391
2026-10-04T07:00:00+05:30,Kilinochchi_Northern,26.4,96.99784154478311,157.0,2.44,75.29768657667259
2026-10-04T07:15:00+05:30,Kilinochchi_Northern,26.9,97.75483559697011,215.0,2.48,71.62842017421232
2026-10-04T07:30:00+05:30,Kilinochchi_Northern,27.3,98.56413840620598,270.0,2.55,67.96601021024912
2026-10-04T07:45:00+05:30,Kilinochchi_Northern,27.7,99.43636440155535,322.0,2.62,64.31172431376264
2026-10-04T08:00:00+05:30,Kilinochchi_Northern,28.1,100.38437008179466,376.0,2.62,60.66712002479771
2026-10-04T08:15:00+05:30,Kilinochchi_Northern,28.6,101.42396820014915,435.0,2.64,57.03413753903917
2026-10-04T08:30:00+05:30,Kilinochchi_Northern,29.0,102.57490422396279,501.0,2.64,53.4152282822452
2026-10-04T08:45:00+05:30,Kilinochchi_Northern,29.4,103.86221515867544,570.0,2.59,49.81353505776363
2026-10-04T09:00:00+05:30,Kilinochchi_Northern,29.8,105.31815163733529,635.0,2.51,46.23315363029198
2026-10-04T09:15:00+05:30,Kilinochchi_Northern,30.2,106.98494326421655,687.0,2.39,42.679517427866664
2026-10-04T09:30:00+05:30,Kilinochchi_Northern,30.7,108.91884221942166,725.0,2.31,39.1599745886676
2026-10-04T09:45:00+05:30,Kilinochchi_Northern,31.1,111.19611834376474,753.0,2.22,35.68467836277927
2026-10-04T10:00:00+05:30,Kilinochchi_Northern,31.6,113.92203444566621,773.0,2.07,32.26799056741497
2026-10-04T10:15:00+05:30,Kilinochchi_Northern,32.0,117.24427830080248,789.0,1.91,28.930743273736674
2026-10-04T10:30:00+05:30,Kilinochchi_Northern,32.4,121.372593541784,800.0,1.83,25.70395523819677
2026-10-04T10:45:00+05:30,Kilinochchi_Northern,32.7,126.60521329836581,804.0,1.75,22.634972352707436
2026-10-04T11:00:00+05:30,Kilinochchi_Northern,33.0,133.35575126624911,797.0,1.67,19.79737240194204
2026-10-04T11:15:00+05:30,Kilinochchi_Northern,33.2,142.1487574460068,775.0,1.59,17.305401429158152
2026-10-04T11:30:00+05:30,Kilinochchi_Northern,33.3,153.48681362969717,734.0,1.52,15.328605364330798
2026-10-04T11:45:00+05:30,Kilinochchi_Northern,33.3,167.42543913012514,683.0,1.52,14.085613295955781
2026-10-04T12:00:00+05:30,Kilinochchi_Northern,33.2,182.95262936349843,637.0,1.52,13.776519958569352
2026-10-04T12:15:00+05:30,Kilinochchi_Northern,33.0,198.07098752484194,605.0,1.53,14.46133735249083
2026-10-04T12:30:00+05:30,Kilinochchi_Northern,32.8,211.061200164804,585.0,1.57,16.013044507512234
2026-10-04T12:45:00+05:30,Kilinochchi_Northern,32.6,221.3775118416096,572.0,1.61,18.211366021180936
2026-10-04T13:00:00+05:30,Kilinochchi_Northern,32.2,229.31989967292208,559.0,1.69,20.852771265760637
2026-10-04T13:15:00+05:30,Kilinochchi_Northern,31.9,235.43020404270013,541.0,1.73,23.790100729582747
2026-10-04T13:30:00+05:30,Kilinochchi_Northern,31.5,240.19587268224177,523.0,1.78,26.926651915536503
2026-10-04T13:45:00+05:30,Kilinochchi_Northern,31.2,243.98382878619353,504.0,1.82,30.200380385434556
2026-10-04T14:00:00+05:30,Kilinochchi_Northern,30.9,247.05488434646202,485.0,1.84,33.57114087507689
2026-10-04T14:15:00+05:30,Kilinochchi_Northern,30.5,249.5921830277341,468.0,1.84,37.01239177076547
2026-10-04T14:30:00+05:30,Kilinochchi_Northern,30.2,251.7251749498576,453.0,1.84,40.50612780784621
2026-10-04T14:45:00+05:30,Kilinochchi_Northern,29.9,253.54667697464765,436.0,1.8,44.03981422978786
2026-10-04T15:00:00+05:30,Kilinochchi_Northern,29.6,255.1243912854232,416.0,1.76,47.60450757925121
2026-10-04T15:15:00+05:30,Kilinochchi_Northern,29.3,256.5085877767291,389.0,1.68,51.193680400338245
2026-10-04T15:30:00+05:30,Kilinochchi_Northern,29.0,257.7372507538047,359.0,1.6,54.802470227695615
2026-10-04T15:45:00+05:30,Kilinochchi_Northern,28.7,258.8395668782927,325.0,1.52,58.427186297709646
2026-10-04T16:00:00+05:30,Kilinochchi_Northern,28.3,259.83832518474946,289.0,1.45,62.06497865062926
2026-10-04T16:15:00+05:30,Kilinochchi_Northern,28.0,260.7515960306922,252.0,1.38,65.71361277512564
2026-10-04T16:30:00+05:30,Kilinochchi_Northern,27.7,261.59392482641044,215.0,1.32,69.37131095607108
2026-10-04T16:45:00+05:30,Kilinochchi_Northern,27.4,262.3771955545785,177.0,1.3,73.03663914905543
2026-10-04T17:00:00+05:30,Kilinochchi_Northern,27.2,263.1112665663114,137.0,1.27,76.70842633111391
2026-10-04T17:15:00+05:30,Kilinochchi_Northern,26.9,263.80444673015137,97.0,1.28,80.38570384078028
2026-10-04T17:30:00+05:30,Kilinochchi_Northern,26.7,264.46385938027163,58.0,1.29,84.06765978864823
2026-10-04T17:45:00+05:30,Kilinochchi_Northern,26.6,265.0957271729937,26.0,1.36,87.75360566903701
2026-10-04T18:00:00+05:30,Kilinochchi_Northern,26.4,265.7056008610739,4.0,1.45,91.44294918054558
2026-10-04T18:15:00+05:30,Kilinochchi_Northern,26.4,266.29854975713096,0.0,1.55,95.13517256965638
2026-10-04T18:30:00+05:30,Kilinochchi_Northern,26.3,266.8793276874672,0.0,1.72,98.82981641230663
2026-10-04T18:45:00+05:30,Kilinochchi_Northern,26.2,267.45252526570516,0.0,1.89,102.52646465462735
2026-10-04T19:00:00+05:30,Kilinochchi_Northern,26.2,268.0227190987915,0.0,2.07,106.22473143874348
2026-10-04T19:15:00+05:30,Kilinochchi_Northern,26.2,268.5946287438458,0.0,2.21,109.92425036544297
2026-10-04T19:30:00+05:30,Kilinochchi_Northern,26.2,269.1732931439203,0.0,2.39,113.62466241503958
2026-10-04T19:45:00+05:30,Kilinochchi_Northern,26.1,269.7642822762156,0.0,2.52,117.32560313781728
2026-10-04T20:00:00+05:30,Kilinochchi_Northern,26.1,270.3739656027381,0.0,2.65,121.02668953120059
2026-10-04T20:15:00+05:30,Kilinochchi_Northern,26.1,271.00986806820015,0.0,2.76,124.72750216613551
2026-10-04T20:30:00+05:30,Kilinochchi_Northern,26.0,271.6811615904775,0.0,2.82,128.42756191993976
2026-10-04T20:45:00+05:30,Kilinochchi_Northern,26.0,272.39936819653485,0.0,2.82,132.12629946701372
2026-10-04T21:00:00+05:30,Kilinochchi_Northern,25.9,273.1793993939507,0.0,2.8,135.8230091172877
2026-10-04T21:15:00+05:30,Kilinochchi_Northern,25.8,274.04114604741983,0.0,2.74,139.51677920468535
2026-10-04T21:30:00+05:30,Kilinochchi_Northern,25.7,275.012000587061,0.0,2.66,143.20638393653735
2026-10-04T21:45:00+05:30,Kilinochchi_Northern,25.6,276.1310224806662,0.0,2.58,146.8901026697553
2026-10-04T22:00:00+05:30,Kilinochchi_Northern,25.5,277.45614607395584,0.0,2.49,150.56540660831297
2026-10-04T22:15:00+05:30,Kilinochchi_Northern,25.4,279.0773561979071,0.0,2.35,154.22838449072287
2026-10-04T22:30:00+05:30,Kilinochchi_Northern,25.3,281.1424083558792,0.0,2.29,157.8726077816829
2026-10-04T22:45:00+05:30,Kilinochchi_Northern,25.2,283.91122921889576,0.0,2.22,161.4866928264306
2026-10-04T23:00:00+05:30,Kilinochchi_Northern,25.2,287.8828644503503,0.0,2.11,165.04846228452027
2026-10-04T23:15:00+05:30,Kilinochchi_Northern,25.1,294.12854787625497,0.0,2.05,168.50885328624025
2026-10-04T23:30:00+05:30,Kilinochchi_Northern,25.0,305.2693025191518,0.0,2.0,171.73914489445565
2026-10-04T23:45:00+05:30,Kilinochchi_Northern,25.0,328.0305691164609,0.0,2.0,174.33098517066833
2026-10-05T00:00:00+05:30,Kilinochchi_Northern,24.9,8.755179749029992,0.0,2.0,175.1280280657048
2026-10-05T00:15:00+05:30,Kilinochchi_Northern,24.9,43.125865567379265,0.0,2.0,173.4397585352982
2026-10-05T00:30:00+05:30,Kilinochchi_Northern,24.9,60.11759743414649,0.0,2.0,170.51117269831704
2026-10-05T00:45:00+05:30,Kilinochchi_Northern,24.9,68.83781362861703,0.0,2.0,167.1650590210156
2026-10-05T01:00:00+05:30,Kilinochchi_Northern,24.8,73.99770009411992,0.0,2.05,163.6560435550801
2026-10-05T01:15:00+05:30,Kilinochchi_Northern,24.8,77.41239316046779,0.0,2.05,160.07017008127696
2026-10-05T01:30:00+05:30,Kilinochchi_Northern,24.8,79.86325978729212,0.0,2.05,156.44270744411034
2026-10-05T01:45:00+05:30,Kilinochchi_Northern,24.8,81.73183049520486,0.0,2.05,152.79049382354776
2026-10-05T02:00:00+05:30,Kilinochchi_Northern,24.8,83.22432024124191,0.0,2.05,149.12253165020624
2026-10-05T02:15:00+05:30,Kilinochchi_Northern,24.8,84.46140686775868,0.0,2.05,145.44406811232128
2026-10-05T02:30:00+05:30,Kilinochchi_Northern,24.8,85.51831589850224,0.0,2.0,141.75837889576
2026-10-05T02:45:00+05:30,Kilinochchi_Northern,24.6,86.44441844346443,0.0,1.91,138.06762767327064
2026-10-05T03:00:00+05:30,Kilinochchi_Northern,24.4,87.2735488520666,0.0,1.77,134.37331589966757
2026-10-05T03:15:00+05:30,Kilinochchi_Northern,24.2,88.02977912993254,0.0,1.64,130.6765335648241
2026-10-05T03:30:00+05:30,Kilinochchi_Northern,24.0,88.73082099045467,0.0,1.55,126.9781053931799
2026-10-05T03:45:00+05:30,Kilinochchi_Northern,24.0,89.39011983326463,0.0,1.52,123.27868213508879
2026-10-05T04:00:00+05:30,Kilinochchi_Northern,24.0,90.01819456828258,0.0,1.47,119.57879958116551
2026-10-05T04:15:00+05:30,Kilinochchi_Northern,24.1,90.62352585234191,0.0,1.44,115.87891692980583
2026-10-05T04:30:00+05:30,Kilinochchi_Northern,24.1,91.21316470883767,0.0,1.39,112.17944498220382
2026-10-05T04:45:00+05:30,Kilinochchi_Northern,24.2,91.79316414850473,0.0,1.35,108.48076713413414
2026-10-05T05:00:00+05:30,Kilinochchi_Northern,24.3,92.36889697739753,0.0,1.32,104.78325446452449
2026-10-05T05:15:00+05:30,Kilinochchi_Northern,24.4,92.94529953349326,0.0,1.27,101.08727973001785
2026-10-05T05:30:00+05:30,Kilinochchi_Northern,24.6,93.52706834366586,0.0,1.23,97.3932300649252
2026-10-05T05:45:00+05:30,Kilinochchi_Northern,24.8,94.11882864587892,0.0,1.19,93.70151789108237
2026-10-05T06:00:00+05:30,Kilinochchi_Northern,25.0,94.72528831880237,0.0,1.14,90.01259386655727
2026-10-05T06:15:00+05:30,Kilinochchi_Northern,25.3,95.3513888894143,17.0,1.1,86.32696120561133
2026-10-05T06:30:00+05:30,Kilinochchi_Northern,25.6,96.00246430706363,59.0,1.05,82.64519080216927
2026-10-05T06:45:00+05:30,Kilinochchi_Northern,26.0,96.68441768889727,113.0,1.01,78.96794120303383
2026-10-05T07:00:00+05:30,Kilinochchi_Northern,26.4,97.40392841944015,178.0,0.94,75.29598333260333
2026-10-05T07:15:00+05:30,Kilinochchi_Northern,26.8,98.16870494483533,242.0,0.86,71.6302303504319
2026-10-05T07:30:00+05:30,Kilinochchi_Northern,27.2,98.98780244768307,304.0,0.79,67.97177816819982
2026-10-05T07:45:00+05:30,Kilinochchi_Northern,27.6,99.87203259159111,361.0,0.72,64.32195877559899
2026-10-05T08:00:00+05:30,Kilinochchi_Northern,28.1,100.83450364545604,415.0,0.64,60.68241016912303
2026-10-05T08:15:00+05:30,Kilinochchi_Northern,28.6,101.89134492673725,469.0,0.53,57.055173571756676
2026-10-05T08:30:00+05:30,Kilinochchi_Northern,29.0,103.06269583111163,519.0,0.49,53.442828112496855
2026-10-05T08:45:00+05:30,Kilinochchi_Northern,29.5,104.37407915901474,564.0,0.46,49.848679343394004
2026-10-05T09:00:00+05:30,Kilinochchi_Northern,29.9,105.85833798139771,605.0,0.4,46.27703238519907
2026-10-05T09:15:00+05:30,Kilinochchi_Northern,30.4,107.55841138287803,643.0,0.34,42.73359267166851
2026-10-05T09:30:00+05:30,Kilinochchi_Northern,30.8,109.53137241183248,677.0,0.32,39.226065241086545
2026-10-05T09:45:00+05:30,Kilinochchi_Northern,31.1,111.85437345440306,705.0,0.3,35.7650755840358
2026-10-05T10:00:00+05:30,Kilinochchi_Northern,31.5,114.63346220050158,730.0,0.25,32.365613193004386
2026-10-05T10:15:00+05:30,Kilinochchi_Northern,31.8,118.01659288525002,750.0,0.2,29.0493407339455
2026-10-05T10:30:00+05:30,Kilinochchi_Northern,32.1,122.21223054670759,770.0,0.21,25.84834949458366
2026-10-05T10:45:00+05:30,Kilinochchi_Northern,32.3,127.51341388318485,784.0,0.21,22.811272271055856
2026-10-05T11:00:00+05:30,Kilinochchi_Northern,32.5,134.31959883173278,787.0,0.22,20.012920527464885
2026-10-05T11:15:00+05:30,Kilinochchi_Northern,32.6,143.12338428021968,772.0,0.22,17.567788971200883
2026-10-05T11:30:00+05:30,Kilinochchi_Northern,32.7,154.37025414064124,735.0,0.22,15.642440758038944
2026-10-05T11:45:00+05:30,Kilinochchi_Northern,32.7,168.05492044231005,689.0,0.22,14.44624505898787
2026-10-05T12:00:00+05:30,Kilinochchi_Northern,32.6,183.18184410663824,645.0,0.21,14.165160590970117
2026-10-05T12:15:00+05:30,Kilinochchi_Northern,32.5,197.89123354268548,617.0,0.25,14.851241708702304
2026-10-05T12:30:00+05:30,Kilinochchi_Northern,32.3,210.59511068161777,601.0,0.25,16.38342344731886
2026-10-05T12:45:00+05:30,Kilinochchi_Northern,32.1,220.76591538270017,591.0,0.3,18.553240673259737
2026-10-05T13:00:00+05:30,Kilinochchi_Northern,31.8,228.6581348685393,580.0,0.32,21.16546635485639
2026-10-05T13:15:00+05:30,Kilinochchi_Northern,31.5,234.76862089268613,562.0,0.38,24.07650225795767
2026-10-05T13:30:00+05:30,Kilinochchi_Northern,31.2,239.55714899659685,542.0,0.45,27.19051464474581
2026-10-05T13:45:00+05:30,Kilinochchi_Northern,30.9,243.37631728672113,520.0,0.51,30.4452510313535
2026-10-05T14:00:00+05:30,Kilinochchi_Northern,30.5,246.48011078942625,497.0,0.61,33.800047799969946
2026-10-05T14:15:00+05:30,Kilinochchi_Northern,30.1,249.04862870864707,472.0,0.68,37.22782620847342
2026-10-05T14:30:00+05:30,Kilinochchi_Northern,29.7,251.21010291946973,445.0,0.78,40.710115165809945
2026-10-05T14:45:00+05:30,Kilinochchi_Northern,29.3,253.0569897772287,417.0,0.88,44.23400077943824
2026-10-05T15:00:00+05:30,Kilinochchi_Northern,28.9,254.65701861202697,388.0,0.96,47.790238436446835
2026-10-05T15:15:00+05:30,Kilinochchi_Northern,28.5,256.06064758040174,358.0,1.03,51.37206327843279
2026-10-05T15:30:00+05:30,Kilinochchi_Northern,28.1,257.3061021917714,327.0,1.1,54.9744256505215
2026-10-05T15:45:00+05:30,Kilinochchi_Northern,27.7,258.42281274637173,295.0,1.17,58.593486615417575
2026-10-05T16:00:00+05:30,Kilinochchi_Northern,27.4,259.43379199550014,261.0,1.24,62.22627829053941
2026-10-05T16:15:00+05:30,Kilinochchi_Northern,27.0,260.3573053812633,226.0,1.31,65.87047178255193
2026-10-05T16:30:00+05:30,Kilinochchi_Northern,26.7,261.2080624945563,193.0,1.35,69.52421344776393
2026-10-05T16:45:00+05:30,Kilinochchi_Northern,26.4,261.9980811750531,158.0,1.39,73.18600792287258
2026-10-05T17:00:00+05:30,Kilinochchi_Northern,26.1,262.73732493855823,122.0,1.43,76.85463456591539
2026-10-05T17:15:00+05:30,Kilinochchi_Northern,25.9,263.4341809004146,86.0,1.47,80.52908459742982
2026-10-05T17:30:00+05:30,Kilinochchi_Northern,25.7,264.0958251934019,51.0,1.51,84.20851385264412
2026-10-05T17:45:00+05:30,Kilinochchi_Northern,25.6,264.7285087521449,22.0,1.55,87.89220814860955
2026-10-05T18:00:00+05:30,Kilinochchi_Northern,25.5,265.3377863307529,3.0,1.53,91.57955519581823
2026-10-05T18:15:00+05:30,Kilinochchi_Northern,25.4,265.9287064117982,0.0,1.57,95.2700222996992
2026-10-05T18:30:00+05:30,Kilinochchi_Northern,25.3,266.5059756765093,0.0,1.54,98.9631397278054
2026-10-05T18:45:00+05:30,Kilinochchi_Northern,25.2,267.07410868943657,0.0,1.52,102.65848555121876
2026-10-05T19:00:00+05:30,Kilinochchi_Northern,25.2,267.63757315304025,0.0,1.54,106.35567247496942
2026-10-05T19:15:00+05:30,Kilinochchi_Northern,25.1,268.20094117062126,0.0,1.52,110.05433732618651
2026-10-05T19:30:00+05:30,Kilinochchi_Northern,25.1,268.7690576959058,0.0,1.5,113.75412945861723
2026-10-05T19:45:00+05:30,Kilinochchi_Northern,25.1,269.3472410842851,0.0,1.49,117.454698745564
2026-10-05T20:00:00+05:30,Kilinochchi_Northern,25.1,269.94153611308775,0.0,1.52,121.15568369104685
2026-10-05T20:15:00+05:30,Kilinochchi_Northern,25.1,270.5590483852264,0.0,1.5,124.85669538421757
2026-10-05T20:30:00+05:30,Kilinochchi_Northern,25.1,271.20840524080734,0.0,1.49,128.5572969227479
2026-10-05T20:45:00+05:30,Kilinochchi_Northern,25.1,271.9004149117959,0.0,1.48,132.25697689798895
2026-10-05T21:00:00+05:30,Kilinochchi_Northern,25.2,272.64904147765105,0.0,1.47,135.95510924360116
2026-10-05T21:15:00+05:30,Kilinochchi_Northern,25.2,273.4728983671254,0.0,1.46,139.6508928753761
2026-10-05T21:30:00+05:30,Kilinochchi_Northern,25.2,274.39762292338554,0.0,1.45,143.3432581883181
2026-10-05T21:45:00+05:30,Kilinochchi_Northern,25.2,275.4598099723555,0.0,1.45,147.03071032544088
2026-10-05T22:00:00+05:30,Kilinochchi_Northern,25.3,276.71384617504407,0.0,1.45,150.71105681095963
2026-10-05T22:15:00+05:30,Kilinochchi_Northern,25.3,278.2444718581,0.0,1.4,154.38090648646482
2026-10-05T22:30:00+05:30,Kilinochchi_Northern,25.3,280.1914912761833,0.0,1.41,158.03467326706448
2026-10-05T22:45:00+05:30,Kilinochchi_Northern,25.3,282.80262122189225,0.0,1.41,161.66241748548777
2026-10-05T23:00:00+05:30,Kilinochchi_Northern,25.3,286.55896231188615,0.0,1.37,165.24460717825002
2026-10-05T23:15:00+05:30,Kilinochchi_Northern,25.3,292.5140094131345,0.0,1.37,168.73735648245577
2026-10-05T23:30:00+05:30,Kilinochchi_Northern,25.3,303.3476631358923,0.0,1.33,172.02196667010884
2026-10-05T23:45:00+05:30,Kilinochchi_Northern,25.2,326.5407656905977,0.0,1.3,174.69614958167625
2026-10-06T00:00:00+05:30,Kilinochchi_Northern,25.2,10.437232452750663,0.0,1.3,175.49508141382535
2026-10-06T00:15:00+05:30,Kilinochchi_Northern,25.1,45.98592566455454,0.0,1.26,173.66444429649354
2026-10-06T00:30:00+05:30,Kilinochchi_Northern,25.1,62.383803868872064,0.0,1.22,170.6371068682771
2026-10-06T00:45:00+05:30,Kilinochchi_Northern,25.0,70.57585729044081,0.0,1.17,167.2381840187411
2026-10-06T01:00:00+05:30,Kilinochchi_Northern,24.9,75.383784410337,0.0,1.14,163.69864948280366
2026-10-06T01:15:00+05:30,Kilinochchi_Northern,24.9,78.56058291414473,0.0,1.05,160.09356234646958
2026-10-06T01:30:00+05:30,Kilinochchi_Northern,24.8,80.84354795986974,0.0,1.01,156.45322082860437
2026-10-06T01:45:00+05:30,Kilinochchi_Northern,24.7,82.58878751515249,0.0,0.96,152.79199362326685
2026-10-06T02:00:00+05:30,Kilinochchi_Northern,24.6,83.98767982046348,0.0,0.87,149.11754140781113
2026-10-06T02:15:00+05:30,Kilinochchi_Northern,24.5,85.15186813664019,0.0,0.86,145.4343270908251
2026-10-06T02:30:00+05:30,Kilinochchi_Northern,24.4,86.15082896863692,0.0,0.78,141.7451404490414
2026-10-06T02:45:00+05:30,Kilinochchi_Northern,24.4,87.0301278917463,0.0,0.71,138.0518298334819
2026-10-06T03:00:00+05:30,Kilinochchi_Northern,24.3,87.82099318295747,0.0,0.68,134.35568441617582
2026-10-06T03:15:00+05:30,Kilinochchi_Northern,24.3,88.54566004989954,0.0,0.65,130.6576471017155
2026-10-06T03:30:00+05:30,Kilinochchi_Northern,24.2,89.2205139343248,0.0,0.6,126.95843847721903
2026-10-06T03:45:00+05:30,Kilinochchi_Northern,24.2,89.85802327005763,0.0,0.59,123.25863448028271
2026-10-06T04:00:00+05:30,Kilinochchi_Northern,24.2,90.46797566089134,0.0,0.56,119.5587167857984
2026-10-06T04:15:00+05:30,Kilinochchi_Northern,24.2,91.0582976456933,0.0,0.6,115.85910556832971
2026-10-06T04:30:00+05:30,Kilinochchi_Northern,24.2,91.63561703714487,0.0,0.6,112.16018397370277
2026-10-06T04:45:00+05:30,Kilinochchi_Northern,24.3,92.20566264825021,0.0,0.65,108.46231661331842
2026-10-06T05:00:00+05:30,Kilinochchi_Northern,24.3,92.7735597934701,0.0,0.67,104.76586297725149
2026-10-06T05:15:00+05:30,Kilinochchi_Northern,24.4,93.34405828874833,0.0,0.73,101.07119032680251
2026-10-06T05:30:00+05:30,Kilinochchi_Northern,24.6,93.92171798784324,0.0,0.79,97.37868571478982
2026-10-06T05:45:00+05:30,Kilinochchi_Northern,24.7,94.5110695309404,0.0,0.85,93.68876653816086
2026-10-06T06:00:00+05:30,Kilinochchi_Northern,24.9,95.11676301921261,0.0,0.92,90.00189340345766
2026-10-06T06:15:00+05:30,Kilinochchi_Northern,25.2,95.74371574107852,17.0,1.03,86.31858461252905
2026-10-06T06:30:00+05:30,Kilinochchi_Northern,25.4,96.39726930289316,58.0,1.1,82.63943169455095
2026-10-06T06:45:00+05:30,Kilinochchi_Northern,25.7,97.08336617723592,113.0,1.16,78.96512005532342
2026-10-06T07:00:00+05:30,Kilinochchi_Northern,26.1,97.8087579720638,176.0,1.27,75.296454686777
2026-10-06T07:15:00+05:30,Kilinochchi_Northern,26.4,98.58126077840893,240.0,1.34,71.63439138954057
2026-10-06T07:30:00+05:30,Kilinochchi_Northern,26.8,99.41007686916055,301.0,1.45,67.980079140514
2026-10-06T07:45:00+05:30,Kilinochchi_Northern,27.2,100.3062100886724,357.0,1.57,64.33491590088327
2026-10-06T08:00:00+05:30,Kilinochchi_Northern,27.6,101.28301342391057,411.0,1.63,60.70062188398853
2026-10-06T08:15:00+05:30,Kilinochchi_Northern,28.0,102.35692281801164,465.0,1.74,57.07934127664826
2026-10-06T08:30:00+05:30,Kilinochchi_Northern,28.4,103.5484574119165,514.0,1.86,53.473783017392705
2026-10-06T08:45:00+05:30,Kilinochchi_Northern,28.8,104.88360525407222,560.0,1.97,49.88741764258324
2026-10-06T09:00:00+05:30,Kilinochchi_Northern,29.1,106.39577158792713,601.0,2.08,46.324761859494984
2026-10-06T09:15:00+05:30,Kilinochchi_Northern,29.5,108.12855960656066,639.0,2.12,42.79179501298454
2026-10-06T09:30:00+05:30,Kilinochchi_Northern,29.9,110.13979400299075,674.0,2.24,39.29657992609232
2026-10-06T09:45:00+05:30,Kilinochchi_Northern,30.2,112.50740242980976,704.0,2.35,35.850212726683196
2026-10-06T10:00:00+05:30,Kilinochchi_Northern,30.6,115.33804950370438,729.0,2.39,32.468303465762574
2026-10-06T10:15:00+05:30,Kilinochchi_Northern,30.9,118.77969371019026,751.0,2.5,29.17332662666388
2026-10-06T10:30:00+05:30,Kilinochchi_Northern,31.2,123.03912569041847,771.0,2.55,25.998403372385724
2026-10-06T10:45:00+05:30,Kilinochchi_Northern,31.4,128.40365747870783,786.0,2.59,22.993364191541247
2026-10-06T11:00:00+05:30,Kilinochchi_Northern,31.6,135.25812660126707,790.0,2.64,20.23408374399
2026-10-06T11:15:00+05:30,Kilinochchi_Northern,31.8,144.06371410328927,779.0,2.69,17.835032322255046
2026-10-06T11:30:00+05:30,Kilinochchi_Northern,31.9,155.2126084221345,748.0,2.73,15.959527706724586
2026-10-06T11:45:00+05:30,Kilinochchi_Northern,32.0,168.64710605027506,707.0,2.78,14.807878714887025
2026-10-06T12:00:00+05:30,Kilinochchi_Northern,32.0,183.39255402397285,669.0,2.76,14.552971866832223
2026-10-06T12:15:00+05:30,Kilinochchi_Northern,32.0,197.71541249530574,644.0,2.8,15.239873084102797
2026-10-06T12:30:00+05:30,Kilinochchi_Northern,32.0,210.14562776083594,630.0,2.79,16.753126023746745
2026-10-06T12:45:00+05:30,Kilinochchi_Northern,31.9,220.17357579146716,619.0,2.77,18.895208751030154
2026-10-06T13:00:00+05:30,Kilinochchi_Northern,31.9,228.01360112529625,608.0,2.75,21.478777238755015
2026-10-06T13:15:00+05:30,Kilinochchi_Northern,31.8,234.12112951496243,590.0,2.74,24.363761690123596
2026-10-06T13:30:00+05:30,Kilinochchi_Northern,31.7,238.92962625548742,570.0,2.72,27.455280006168223
2026-10-06T13:45:00+05:30,Kilinochchi_Northern,31.5,242.77768384479032,547.0,2.71,30.690951530131898
2026-10-06T14:00:00+05:30,Kilinochchi_Northern,31.4,245.91243063993684,523.0,2.69,34.029648076637606
2026-10-06T14:15:00+05:30,Kilinochchi_Northern,31.2,248.51081143484424,497.0,2.67,37.44378593300016
2026-10-06T14:30:00+05:30,Kilinochchi_Northern,31.1,250.6997332193792,470.0,2.66,40.914446397935215
2026-10-06T14:45:00+05:30,Kilinochchi_Northern,30.9,252.57120746249092,441.0,2.65,44.428346394650866
2026-10-06T15:00:00+05:30,Kilinochchi_Northern,30.7,254.1929281851362,410.0,2.58,47.975945359300525
2026-10-06T15:15:00+05:30,Kilinochchi_Northern,30.6,255.61549659612606,378.0,2.57,51.55024354329481
2026-10-06T15:30:00+05:30,Kilinochchi_Northern,30.4,256.87734679645325,346.0,2.51,55.14600509512274
2026-10-06T15:45:00+05:30,Kilinochchi_Northern,30.2,258.00812907175623,312.0,2.5,58.75924305208324
2026-10-06T16:00:00+05:30,Kilinochchi_Northern,30.0,259.03106255845694,277.0,2.45,62.386871285646336
2026-10-06T16:15:00+05:30,Kilinochchi_Northern,29.8,259.96459492048024,240.0,2.45,66.02646594323083
2026-10-06T16:30:00+05:30,Kilinochchi_Northern,29.6,260.8235902423676,205.0,2.4,69.67609674346133
2026-10-06T16:45:00+05:30,Kilinochchi_Northern,29.5,261.62019280402706,168.0,2.35,73.33420622722402
2026-10-06T17:00:00+05:30,Kilinochchi_Northern,29.3,262.36446549957094,130.0,2.31,76.9995233205422
2026-10-06T17:15:00+05:30,Kilinochchi_Northern,29.2,263.06486907733284,91.0,2.26,80.67099829381276
2026-10-06T17:30:00+05:30,Kilinochchi_Northern,29.0,263.72862869066944,53.0,2.22,84.34775385259907
2026-10-06T17:45:00+05:30,Kilinochchi_Northern,28.9,264.36202035834174,23.0,2.18,88.0290492608748
2026-10-06T18:00:00+05:30,Kilinochchi_Northern,28.8,264.9706000249567,3.0,2.15,91.71425132464162
