Datetime,Location,air_temp,azimuth,ghi,wind_speed_10m,zenith
2026-09-27T21:15:00+05:30,Anuradhapura_NorthCentral,27.2,276.7458500226669,0.0,4.15,138.60787212729463
2026-09-27T21:30:00+05:30,Anuradhapura_NorthCentral,27.1,277.8532330790275,0.0,4.09,142.28997215646035
2026-09-27T21:45:00+05:30,Anuradhapura_NorthCentral,27.0,279.1477438529222,0.0,4.06,145.9614735943537
2026-09-27T22:00:00+05:30,Anuradhapura_NorthCentral,26.9,280.6983287585321,0.0,4.0,149.6183642483177
2026-09-27T22:15:00+05:30,Anuradhapura_NorthCentral,26.9,282.6101996905478,0.0,4.03,153.2544860808619
2026-09-27T22:30:00+05:30,Anuradhapura_NorthCentral,26.8,285.05177062867284,0.0,4.03,156.85988581015118
2026-09-27T22:45:00+05:30,Anuradhapura_NorthCentral,26.7,288.3084674067392,0.0,4.08,160.41742836122
2026-09-27T23:00:00+05:30,Anuradhapura_NorthCentral,26.6,292.8979545131065,0.0,4.1,163.89521109707124
2026-09-27T23:15:00+05:30,Anuradhapura_NorthCentral,26.5,299.8328650230369,0.0,4.18,167.22775774163833
2026-09-27T23:30:00+05:30,Anuradhapura_NorthCentral,26.5,311.2159892454989,0.0,4.2,170.2646069127428
2026-09-27T23:45:00+05:30,Anuradhapura_NorthCentral,26.4,331.0546567702129,0.0,4.23,172.63051799094382
2026-09-28T00:00:00+05:30,Anuradhapura_NorthCentral,26.4,1.6860734777164907,0.0,4.29,173.54048823400421
2026-09-28T00:15:00+05:30,Anuradhapura_NorthCentral,26.3,31.509302991275035,0.0,4.32,172.4484458211288
2026-09-28T00:30:00+05:30,Anuradhapura_NorthCentral,26.3,50.31008380179492,0.0,4.34,169.98948758003166
2026-09-28T00:45:00+05:30,Anuradhapura_NorthCentral,26.2,61.117688670422865,0.0,4.36,166.91273282590203
2026-09-28T01:00:00+05:30,Anuradhapura_NorthCentral,26.2,67.75648185254505,0.0,4.34,163.56157877643352
2026-09-28T01:15:00+05:30,Anuradhapura_NorthCentral,26.1,72.18344499439638,0.0,4.37,160.074090915567
2026-09-28T01:30:00+05:30,Anuradhapura_NorthCentral,26.0,75.34402151963468,0.0,4.35,156.51102207020222
2026-09-28T01:45:00+05:30,Anuradhapura_NorthCentral,26.0,77.72511203987199,0.0,4.37,152.9022828786658
2026-09-28T02:00:00+05:30,Anuradhapura_NorthCentral,25.9,79.59708769477186,0.0,4.36,149.26407455258743
2026-09-28T02:15:00+05:30,Anuradhapura_NorthCentral,25.9,81.12044776025954,0.0,4.36,145.60587276188244
2026-09-28T02:30:00+05:30,Anuradhapura_NorthCentral,25.8,82.39597059907317,0.0,4.31,141.93357363508864
2026-09-28T02:45:00+05:30,Anuradhapura_NorthCentral,25.8,83.48998308783234,0.0,4.25,138.25103637869518
2026-09-28T03:00:00+05:30,Anuradhapura_NorthCentral,25.7,84.44791348411655,0.0,4.18,134.56089737974943
2026-09-28T03:15:00+05:30,Anuradhapura_NorthCentral,25.6,85.30196636288917,0.0,4.11,130.86502594251425
2026-09-28T03:30:00+05:30,Anuradhapura_NorthCentral,25.5,86.07567793991586,0.0,4.08,127.1647912019642
2026-09-28T03:45:00+05:30,Anuradhapura_NorthCentral,25.5,86.78673182549,0.0,4.06,123.46122727204062
2026-09-28T04:00:00+05:30,Anuradhapura_NorthCentral,25.4,87.4487633900876,0.0,4.07,119.75513888046855
2026-09-28T04:15:00+05:30,Anuradhapura_NorthCentral,25.4,88.07255427104877,0.0,4.09,116.04716987881478
2026-09-28T04:30:00+05:30,Anuradhapura_NorthCentral,25.3,88.66684687687416,0.0,4.07,112.3378512223928
2026-09-28T04:45:00+05:30,Anuradhapura_NorthCentral,25.3,89.23891638696767,0.0,4.05,108.62763500045259
2026-09-28T05:00:00+05:30,Anuradhapura_NorthCentral,25.2,89.79498489298425,0.0,4.02,104.91691797004668
2026-09-28T05:15:00+05:30,Anuradhapura_NorthCentral,25.2,90.34053090890808,0.0,3.98,101.20606074389887
2026-09-28T05:30:00+05:30,Anuradhapura_NorthCentral,25.2,90.88052983554189,0.0,3.96,97.49540322527032
2026-09-28T05:45:00+05:30,Anuradhapura_NorthCentral,25.2,91.41964975724846,0.0,3.89,93.78527625597148
2026-09-28T06:00:00+05:30,Anuradhapura_NorthCentral,25.2,91.962419533608,0.0,3.8,90.07601354646036
2026-09-28T06:15:00+05:30,Anuradhapura_NorthCentral,25.3,92.5133828143903,15.0,3.8,86.36796327442094
2026-09-28T06:30:00+05:30,Anuradhapura_NorthCentral,25.5,93.07724952184071,51.0,3.87,82.66149865828378
2026-09-28T06:45:00+05:30,Anuradhapura_NorthCentral,25.9,93.65905507025047,94.0,4.18,78.9570313121768
2026-09-28T07:00:00+05:30,Anuradhapura_NorthCentral,26.4,94.26433891222985,142.0,4.59,75.25502681942497
2026-09-28T07:15:00+05:30,Anuradhapura_NorthCentral,26.9,94.89935611098997,191.0,5.04,71.55602222053173
2026-09-28T07:30:00+05:30,Anuradhapura_NorthCentral,27.4,95.57133873747614,242.0,5.36,67.8606499607521
2026-09-28T07:45:00+05:30,Anuradhapura_NorthCentral,27.9,96.28883079122426,291.0,5.53,64.16966900314586
2026-09-28T08:00:00+05:30,Anuradhapura_NorthCentral,28.3,97.06213030884851,339.0,5.59,60.484004801296436
2026-09-28T08:15:00+05:30,Anuradhapura_NorthCentral,28.7,97.90388705335386,382.0,5.63,56.80480583571073
2026-09-28T08:30:00+05:30,Anuradhapura_NorthCentral,29.1,98.82992971096195,415.0,5.65,53.13352244074315
2026-09-28T08:45:00+05:30,Anuradhapura_NorthCentral,29.4,99.86043683751586,441.0,5.57,49.47201775222546
2026-09-28T09:00:00+05:30,Anuradhapura_NorthCentral,29.7,101.02163107106054,471.0,5.43,45.82273189968712
2026-09-28T09:15:00+05:30,Anuradhapura_NorthCentral,29.9,102.34828918784166,517.0,5.33,42.18892798788601
2026-09-28T09:30:00+05:30,Anuradhapura_NorthCentral,30.2,103.88755519380601,582.0,5.22,38.57506960412037
2026-09-28T09:45:00+05:30,Anuradhapura_NorthCentral,30.6,105.70488666838605,656.0,5.21,34.98742300262648
2026-09-28T10:00:00+05:30,Anuradhapura_NorthCentral,31.0,107.89358898650636,726.0,5.24,31.435047280983852
2026-09-28T10:15:00+05:30,Anuradhapura_NorthCentral,31.4,110.59053140385316,776.0,5.27,27.931483774721386
2026-09-28T10:30:00+05:30,Anuradhapura_NorthCentral,31.7,114.00268036603029,809.0,5.27,24.497763266635275
2026-09-28T10:45:00+05:30,Anuradhapura_NorthCentral,32.1,118.45240324543477,832.0,5.27,21.16797962120299
2026-09-28T11:00:00+05:30,Anuradhapura_NorthCentral,32.4,124.45273126945256,849.0,5.23,17.99998292007335
2026-09-28T11:15:00+05:30,Anuradhapura_NorthCentral,32.7,132.81403582377163,870.0,5.23,15.096048939197445
2026-09-28T11:30:00+05:30,Anuradhapura_NorthCentral,32.9,144.69395377036744,891.0,5.2,12.639581558335081
2026-09-28T11:45:00+05:30,Anuradhapura_NorthCentral,33.1,161.1365637894387,908.0,5.2,10.936435329030502
2026-09-28T12:00:00+05:30,Anuradhapura_NorthCentral,33.3,181.2894193604936,919.0,5.2,10.364905821204147
2026-09-28T12:15:00+05:30,Anuradhapura_NorthCentral,33.4,201.1331582388768,921.0,5.23,11.101185893693
2026-09-28T12:30:00+05:30,Anuradhapura_NorthCentral,33.5,216.9657922010878,915.0,5.27,12.92364793979705
2026-09-28T12:45:00+05:30,Anuradhapura_NorthCentral,33.6,228.3164378658066,902.0,5.31,15.452629705610121
2026-09-28T13:00:00+05:30,Anuradhapura_NorthCentral,33.8,236.31201168001036,883.0,5.45,18.39903746387337
2026-09-28T13:15:00+05:30,Anuradhapura_NorthCentral,33.9,242.07202914301192,859.0,5.52,21.59262955281183
2026-09-28T13:30:00+05:30,Anuradhapura_NorthCentral,33.8,246.36215627114422,830.0,5.56,24.938585280732354
2026-09-28T13:45:00+05:30,Anuradhapura_NorthCentral,33.7,249.66514029081992,797.0,5.6,28.383027843159503
2026-09-28T14:00:00+05:30,Anuradhapura_NorthCentral,33.4,252.2848707046252,757.0,5.6,31.894017956159146
2026-09-28T14:15:00+05:30,Anuradhapura_NorthCentral,33.0,254.41715340515998,710.0,5.6,35.4517396627225
2026-09-28T14:30:00+05:30,Anuradhapura_NorthCentral,32.6,256.191988641052,658.0,5.53,39.04336691381319
2026-09-28T14:45:00+05:30,Anuradhapura_NorthCentral,32.1,257.69833553182673,601.0,5.39,42.66028087680288
2026-09-28T15:00:00+05:30,Anuradhapura_NorthCentral,31.5,258.9988185581305,541.0,5.1,46.29649608329209
2026-09-28T15:15:00+05:30,Anuradhapura_NorthCentral,30.9,260.13868100640957,478.0,4.88,49.947734049609466
2026-09-28T15:30:00+05:30,Anuradhapura_NorthCentral,30.5,261.1513896224826,411.0,4.74,53.610858763504716
2026-09-28T15:45:00+05:30,Anuradhapura_NorthCentral,30.3,262.06224031268755,345.0,4.74,57.28351901893253
2026-09-28T16:00:00+05:30,Anuradhapura_NorthCentral,30.3,262.89073978251633,284.0,4.8,60.96391539567448
2026-09-28T16:15:00+05:30,Anuradhapura_NorthCentral,30.3,263.6522181582982,233.0,4.89,64.65064569211793
2026-09-28T16:30:00+05:30,Anuradhapura_NorthCentral,30.3,264.35894601671157,187.0,5.01,68.34259776793257
2026-09-28T16:45:00+05:30,Anuradhapura_NorthCentral,30.0,265.0209257569734,146.0,5.14,72.03887421238767
2026-09-28T17:00:00+05:30,Anuradhapura_NorthCentral,29.7,265.6464649595799,112.0,5.29,75.73873969218577
2026-09-28T17:15:00+05:30,Anuradhapura_NorthCentral,29.4,266.24260092641214,82.0,5.42,79.4415811777008
2026-09-28T17:30:00+05:30,Anuradhapura_NorthCentral,29.1,266.8154231558256,56.0,5.45,83.14687805683356
2026-09-28T17:45:00+05:30,Anuradhapura_NorthCentral,28.9,267.37032570537804,32.0,5.38,86.85418061011482
2026-09-28T18:00:00+05:30,Anuradhapura_NorthCentral,28.7,267.9122113936237,8.0,5.21,90.56309177875967
2026-09-28T18:15:00+05:30,Anuradhapura_NorthCentral,28.6,268.4456646310789,0.0,5.02,94.27325221911096
2026-09-28T18:30:00+05:30,Anuradhapura_NorthCentral,28.4,268.97510601871005,0.0,4.87,97.98432901652856
2026-09-28T18:45:00+05:30,Anuradhapura_NorthCentral,28.1,269.50493928711944,0.0,4.78,101.69600418931564
2026-09-28T19:00:00+05:30,Anuradhapura_NorthCentral,27.8,270.03970120832537,0.0,4.66,105.40796368948821
2026-09-28T19:15:00+05:30,Anuradhapura_NorthCentral,27.5,270.5842257799786,0.0,4.56,109.11988764787331
2026-09-28T19:30:00+05:30,Anuradhapura_NorthCentral,27.2,271.1438354695958,0.0,4.44,112.83143804607909
2026-09-28T19:45:00+05:30,Anuradhapura_NorthCentral,27.1,271.7245769614737,0.0,4.32,116.5422442923721
2026-09-28T20:00:00+05:30,Anuradhapura_NorthCentral,26.9,272.33352572037694,0.0,4.16,120.25188682678623
2026-09-28T20:15:00+05:30,Anuradhapura_NorthCentral,26.8,272.9791942897201,0.0,4.0,123.95987380090999
2026-09-28T20:30:00+05:30,Anuradhapura_NorthCentral,26.7,273.6720985427423,0.0,3.91,127.66560934587247
2026-09-28T20:45:00+05:30,Anuradhapura_NorthCentral,26.6,274.4255675874734,0.0,3.87,131.3683502304013
2026-09-28T21:00:00+05:30,Anuradhapura_NorthCentral,26.5,275.256936396556,0.0,3.81,135.06714023147902
2026-09-28T21:15:00+05:30,Anuradhapura_NorthCentral,26.4,276.18935746038403,0.0,3.83,138.76071067046135
2026-09-28T21:30:00+05:30,Anuradhapura_NorthCentral,26.3,277.25464644566387,0.0,3.82,142.44732553718407
2026-09-28T21:45:00+05:30,Anuradhapura_NorthCentral,26.2,278.4979203359981,0.0,3.79,146.1245256300114
2026-09-28T22:00:00+05:30,Anuradhapura_NorthCentral,26.1,279.9854858747317,0.0,3.72,149.78869043750146
2026-09-28T22:15:00+05:30,Anuradhapura_NorthCentral,26.0,281.8189340710272,0.0,3.71,153.43424864099347
2026-09-28T22:30:00+05:30,Anuradhapura_NorthCentral,26.0,284.1618147095955,0.0,3.71,157.05215743906228
2026-09-28T22:45:00+05:30,Anuradhapura_NorthCentral,25.9,287.2936351114443,0.0,3.8,160.6267486714258
2026-09-28T23:00:00+05:30,Anuradhapura_NorthCentral,25.9,291.7278564197236,0.0,3.94,164.12855745145453
2026-09-28T23:15:00+05:30,Anuradhapura_NorthCentral,25.9,298.4901284355822,0.0,4.03,167.4961142626623
2026-09-28T23:30:00+05:30,Anuradhapura_NorthCentral,25.8,309.79019819749004,0.0,4.12,170.58408807941905
2026-09-28T23:45:00+05:30,Anuradhapura_NorthCentral,25.8,330.1322276712232,0.0,4.11,173.01133436720613
2026-09-29T00:00:00+05:30,Anuradhapura_NorthCentral,25.7,2.5901872233231416,0.0,4.01,173.92593049423874
2026-09-29T00:15:00+05:30,Anuradhapura_NorthCentral,25.6,33.67078014212359,0.0,3.95,172.7324000831822
2026-09-29T00:30:00+05:30,Anuradhapura_NorthCentral,25.5,52.36574453281952,0.0,3.87,170.17088594190733
2026-09-29T00:45:00+05:30,Anuradhapura_NorthCentral,25.5,62.806727768652934,0.0,3.83,167.02800360144332
2026-09-29T01:00:00+05:30,Anuradhapura_NorthCentral,25.4,69.14098551026746,0.0,3.82,163.63544952357344
2026-09-29T01:15:00+05:30,Anuradhapura_NorthCentral,25.4,73.34407012423549,0.0,3.82,160.12074584671376
2026-09-29T01:30:00+05:30,Anuradhapura_NorthCentral,25.3,76.34029887783993,0.0,3.82,156.53883962138912
2026-09-29T01:45:00+05:30,Anuradhapura_NorthCentral,25.3,78.59815065362471,0.0,3.9,152.9165025927527
2026-09-29T02:00:00+05:30,Anuradhapura_NorthCentral,25.2,80.3755004860476,0.0,3.95,149.26815599494796
2026-09-29T02:15:00+05:30,Anuradhapura_NorthCentral,25.2,81.82464641720793,0.0,4.08,145.602209581125
2026-09-29T02:30:00+05:30,Anuradhapura_NorthCentral,25.2,83.04091979413545,0.0,4.13,141.9238889484919
2026-09-29T02:45:00+05:30,Anuradhapura_NorthCentral,25.1,84.0869450041804,0.0,4.18,138.23661339276546
2026-09-29T03:00:00+05:30,Anuradhapura_NorthCentral,25.1,85.00557054869978,0.0,4.22,134.54272037397175
2026-09-29T03:15:00+05:30,Anuradhapura_NorthCentral,25.1,85.82716133948753,0.0,4.24,130.84387008372914
2026-09-29T03:30:00+05:30,Anuradhapura_NorthCentral,25.0,86.57391442332306,0.0,4.24,127.14128187931405
2026-09-29T03:45:00+05:30,Anuradhapura_NorthCentral,25.0,87.26252129959761,0.0,4.17,123.43588058890288
2026-09-29T04:00:00+05:30,Anuradhapura_NorthCentral,25.0,87.90587171601732,0.0,4.1,119.72839011735995
2026-09-29T04:15:00+05:30,Anuradhapura_NorthCentral,24.9,88.51418080200494,0.0,3.99,116.01939406534044
2026-09-29T04:30:00+05:30,Anuradhapura_NorthCentral,24.9,89.09575756918565,0.0,3.94,112.30937842100174
2026-09-29T04:45:00+05:30,Anuradhapura_NorthCentral,24.8,89.65754498077109,0.0,3.93,108.59876197884242
2026-09-29T05:00:00+05:30,Anuradhapura_NorthCentral,24.8,90.20551165683162,0.0,3.98,104.88791739589453
2026-09-29T05:15:00+05:30,Anuradhapura_NorthCentral,24.7,90.74494552906663,0.0,4.04,101.17718867088898
2026-09-29T05:30:00+05:30,Anuradhapura_NorthCentral,24.7,91.28068312287968,0.0,4.08,97.46690542755738
2026-09-29T05:45:00+05:30,Anuradhapura_NorthCentral,24.7,91.8172976026404,0.0,4.08,93.757393825237
2026-09-29T06:00:00+05:30,Anuradhapura_NorthCentral,24.8,92.35926173833616,0.0,4.02,90.0489880794936
2026-09-29T06:15:00+05:30,Anuradhapura_NorthCentral,24.9,92.91109890565906,13.0,4.01,86.34204192959861
2026-09-29T06:30:00+05:30,Anuradhapura_NorthCentral,25.0,93.47753336741175,46.0,4.05,82.63693934252157
2026-09-29T06:45:00+05:30,Anuradhapura_NorthCentral,25.3,94.06364998004585,87.0,4.14,78.93410825381298
2026-09-29T07:00:00+05:30,Anuradhapura_NorthCentral,25.6,94.67507492941087,136.0,4.23,75.23403682757908
2026-09-29T07:15:00+05:30,Anuradhapura_NorthCentral,26.0,95.3181913653396,190.0,4.33,71.53729197279598
2026-09-29T07:30:00+05:30,Anuradhapura_NorthCentral,26.5,96.00040705527209,250.0,4.47,67.84454476173963
2026-09-29T07:45:00+05:30,Anuradhapura_NorthCentral,27.0,96.73049827914832,315.0,4.66,64.1566035948394
2026-09-29T08:00:00+05:30,Anuradhapura_NorthCentral,27.6,97.51906441266277,381.0,4.96,60.47445702017849
2026-09-29T08:15:00+05:30,Anuradhapura_NorthCentral,28.3,98.37914269745369,442.0,5.26,56.7993342276125
2026-09-29T08:30:00+05:30,Anuradhapura_NorthCentral,28.9,99.3270586810894,498.0,5.48,53.13278942999733
2026-09-29T08:45:00+05:30,Anuradhapura_NorthCentral,29.4,100.38362869065838,548.0,5.59,49.476820692721454
2026-09-29T09:00:00+05:30,Anuradhapura_NorthCentral,29.9,101.57589654737677,592.0,5.64,45.83404549296148
2026-09-29T09:15:00+05:30,Anuradhapura_NorthCentral,30.4,102.9397001554147,631.0,5.67,42.20796335528623
2026-09-29T09:30:00+05:30,Anuradhapura_NorthCentral,30.8,104.52355731380578,657.0,5.66,38.603358195903574
2026-09-29T09:45:00+05:30,Anuradhapura_NorthCentral,31.2,106.39469787610881,676.0,5.56,35.02693817263065
2026-09-29T10:00:00+05:30,Anuradhapura_NorthCentral,31.5,108.64867525889895,698.0,5.38,31.488383744648225
2026-09-29T10:15:00+05:30,Anuradhapura_NorthCentral,31.8,111.42507067664053,733.0,5.19,28.0021263413537
2026-09-29T10:30:00+05:30,Anuradhapura_NorthCentral,32.1,114.93366349254126,783.0,5.08,24.590490210015815
2026-09-29T10:45:00+05:30,Anuradhapura_NorthCentral,32.4,119.49820838332857,838.0,5.02,21.289450240178397
2026-09-29T11:00:00+05:30,Anuradhapura_NorthCentral,32.6,125.626575593501,887.0,5.08,18.159487769742256
2026-09-29T11:15:00+05:30,Anuradhapura_NorthCentral,32.8,134.10215138385456,919.0,5.1,15.30598324226439
2026-09-29T11:30:00+05:30,Anuradhapura_NorthCentral,33.0,145.99723212300023,935.0,5.1,12.913583351302734
2026-09-29T11:45:00+05:30,Anuradhapura_NorthCentral,33.2,162.17907334423614,941.0,5.05,11.279656375580686
2026-09-29T12:00:00+05:30,Anuradhapura_NorthCentral,33.3,181.69232922478417,941.0,4.98,10.755643269575444
2026-09-29T12:15:00+05:30,Anuradhapura_NorthCentral,33.4,200.82994601802375,937.0,4.95,11.494371047503464
2026-09-29T12:30:00+05:30,Anuradhapura_NorthCentral,33.4,216.25191476440676,927.0,4.9,13.286859511272922
2026-09-29T12:45:00+05:30,Anuradhapura_NorthCentral,33.5,227.4669243249052,912.0,4.9,15.777944856356427
2026-09-29T13:00:00+05:30,Anuradhapura_NorthCentral,33.7,235.46095368588922,891.0,4.9,18.69032738298344
2026-09-29T13:15:00+05:30,Anuradhapura_NorthCentral,33.7,241.26769171797622,867.0,4.98,21.856203921833583
2026-09-29T13:30:00+05:30,Anuradhapura_NorthCentral,33.6,245.6164109354538,842.0,5.03,25.180104868268828
2026-09-29T13:45:00+05:30,Anuradhapura_NorthCentral,33.1,248.97645377198393,812.0,5.2,28.606959907025
2026-09-29T14:00:00+05:30,Anuradhapura_NorthCentral,32.5,251.6474368646925,770.0,5.45,32.1037744842115
2026-09-29T14:15:00+05:30,Anuradhapura_NorthCentral,31.8,253.82431970737287,711.0,5.61,35.64992263946013
2026-09-29T14:30:00+05:30,Anuradhapura_NorthCentral,31.1,255.63746270985604,636.0,5.51,39.231980328258125
2026-09-29T14:45:00+05:30,Anuradhapura_NorthCentral,30.4,257.17654111242166,556.0,4.87,42.84088989598814
2026-09-29T15:00:00+05:30,Anuradhapura_NorthCentral,29.6,258.50493338424735,482.0,3.95,46.47034179813074
2026-09-29T15:15:00+05:30,Anuradhapura_NorthCentral,29.0,259.6685647285825,422.0,3.08,50.11581556520196
2026-09-29T15:30:00+05:30,Anuradhapura_NorthCentral,28.6,260.7014827404073,371.0,2.68,53.77399225361906
2026-09-29T15:45:00+05:30,Anuradhapura_NorthCentral,28.7,261.629464369705,325.0,2.97,57.4423806956159
2026-09-29T16:00:00+05:30,Anuradhapura_NorthCentral,29.1,262.47240879481717,282.0,3.8,61.11907321318729
2026-09-29T16:15:00+05:30,Anuradhapura_NorthCentral,29.6,263.2459632471732,240.0,4.76,64.80258309157107
2026-09-29T16:30:00+05:30,Anuradhapura_NorthCentral,29.9,263.9626522278244,199.0,5.33,68.49173174897189
2026-09-29T16:45:00+05:30,Anuradhapura_NorthCentral,29.8,264.63267913814775,161.0,5.42,72.18556931629522
2026-09-29T17:00:00+05:30,Anuradhapura_NorthCentral,29.7,265.2645078546889,126.0,5.24,75.88331901161203
2026-09-29T17:15:00+05:30,Anuradhapura_NorthCentral,29.4,265.8652936037062,93.0,4.92,79.58433520057066
2026-09-29T17:30:00+05:30,Anuradhapura_NorthCentral,29.2,266.4412101259587,62.0,4.63,83.28807192824802
2026-09-29T17:45:00+05:30,Anuradhapura_NorthCentral,29.0,266.9977052960326,34.0,4.33,86.99406025153752
2026-09-29T18:00:00+05:30,Anuradhapura_NorthCentral,28.7,267.5397073005918,8.0,3.98,90.70188920608143
2026-09-29T18:15:00+05:30,Anuradhapura_NorthCentral,28.5,268.071798258685,0.0,3.61,94.41119033167824
2026-09-29T18:30:00+05:30,Anuradhapura_NorthCentral,28.3,268.5983684401249,0.0,3.36,98.12162609932791
2026-09-29T18:45:00+05:30,Anuradhapura_NorthCentral,28.1,269.12376159005476,0.0,3.22,101.83287833671343
2026-09-29T19:00:00+05:30,Anuradhapura_NorthCentral,28.0,269.65242183907,0.0,3.11,105.54463737529574
2026-09-29T19:15:00+05:30,Anuradhapura_NorthCentral,27.9,270.18905321936137,0.0,3.08,109.25659267745817
2026-09-29T19:30:00+05:30,Anuradhapura_NorthCentral,27.7,270.73880414674056,0.0,3.04,112.96842117478249
2026-09-29T19:45:00+05:30,Anuradhapura_NorthCentral,27.6,271.3074936591106,0.0,3.08,116.67977386996093
2026-09-29T20:00:00+05:30,Anuradhapura_NorthCentral,27.5,271.9019027486536,0.0,3.16,120.3902609505433
2026-09-29T20:15:00+05:30,Anuradhapura_NorthCentral,27.4,272.53016426632576,0.0,3.19,124.09943064765955
2026-09-29T20:30:00+05:30,Anuradhapura_NorthCentral,27.2,273.202303447968,0.0,3.27,127.80674066194358
2026-09-29T20:45:00+05:30,Anuradhapura_NorthCentral,27.0,273.93101146531853,0.0,3.28,131.51151942014613
2026-09-29T21:00:00+05:30,Anuradhapura_NorthCentral,26.9,274.7327860607145,0.0,3.26,135.2129072742814
2026-09-29T21:15:00+05:30,Anuradhapura_NorthCentral,26.7,275.6296678056665,0.0,3.24,138.9097673774668
2026-09-29T21:30:00+05:30,Anuradhapura_NorthCentral,26.5,276.6519750107895,0.0,3.29,142.60054688291996
2026-09-29T21:45:00+05:30,Anuradhapura_NorthCentral,26.3,277.8427778307469,0.0,3.4,146.28304683546588
2026-09-29T22:00:00+05:30,Anuradhapura_NorthCentral,26.2,279.2655446272929,0.0,3.54,149.95402675384202
2026-09-29T22:15:00+05:30,Anuradhapura_NorthCentral,26.1,281.01789243458677,0.0,3.74,153.6084887002348
2026-09-29T22:30:00+05:30,Anuradhapura_NorthCentral,26.0,283.2578427044683,0.0,3.88,157.23828857483886
2026-09-29T22:45:00+05:30,Anuradhapura_NorthCentral,25.9,286.257656156816,0.0,4.02,160.8292276374171
2026-09-29T23:00:00+05:30,Anuradhapura_NorthCentral,25.9,290.52379108205645,0.0,4.09,164.35434170285927
2026-09-29T23:15:00+05:30,Anuradhapura_NorthCentral,25.8,297.089109165864,0.0,4.23,167.75645750371945
2026-09-29T23:30:00+05:30,Anuradhapura_NorthCentral,25.8,308.26344215370625,0.0,4.3,170.89643137197154
2026-09-29T23:45:00+05:30,Anuradhapura_NorthCentral,25.7,329.0977133257076,0.0,4.37,173.38935114032486
2026-09-30T00:00:00+05:30,Anuradhapura_NorthCentral,25.7,3.605132110261934,0.0,4.44,174.30943352272897
2026-09-30T00:15:00+05:30,Anuradhapura_NorthCentral,25.6,35.99489947738954,0.0,4.47,173.00567805075787
2026-09-30T00:30:00+05:30,Anuradhapura_NorthCentral,25.5,54.4899323214247,0.0,4.5,170.3401068502527
2026-09-30T00:45:00+05:30,Anuradhapura_NorthCentral,25.5,64.52071061961789,0.0,4.53,167.13301448456778
2026-09-30T01:00:00+05:30,Anuradhapura_NorthCentral,25.4,70.53456141545638,0.0,4.52,163.70108831206346
2026-09-30T01:15:00+05:30,Anuradhapura_NorthCentral,25.3,74.5077054395785,0.0,4.55,160.16078045737183
2026-09-30T01:30:00+05:30,Anuradhapura_NorthCentral,25.3,77.3371127460664,0.0,4.51,156.56127349118992
2026-09-30T01:45:00+05:30,Anuradhapura_NorthCentral,25.2,79.47067982545406,0.0,4.47,152.92629954692788
2026-09-30T02:00:00+05:30,Anuradhapura_NorthCentral,25.1,81.15296948508865,0.0,4.4,149.26857876798397
2026-09-30T02:15:00+05:30,Anuradhapura_NorthCentral,25.1,82.52774314852047,0.0,4.33,145.59551007444244
2026-09-30T02:30:00+05:30,Anuradhapura_NorthCentral,25.0,83.68473731284655,0.0,4.26,141.91168630412255
2026-09-30T02:45:00+05:30,Anuradhapura_NorthCentral,25.0,84.68280507621705,0.0,4.23,138.2201130364366
2026-09-30T03:00:00+05:30,Anuradhapura_NorthCentral,25.0,85.56218189315621,0.0,4.15,134.52284732964446
2026-09-30T03:15:00+05:30,Anuradhapura_NorthCentral,25.0,86.35137651795617,0.0,4.14,130.82135365760735
2026-09-30T03:30:00+05:30,Anuradhapura_NorthCentral,25.0,87.07123860465924,0.0,4.14,127.11671150075722
2026-09-30T03:45:00+05:30,Anuradhapura_NorthCentral,25.0,87.73746351142807,0.0,4.18,123.4097438770199
2026-09-30T04:00:00+05:30,Anuradhapura_NorthCentral,25.0,88.36219349688031,0.0,4.29,119.70109963179166
2026-09-30T04:15:00+05:30,Anuradhapura_NorthCentral,25.0,88.95507643736778,0.0,4.37,115.9913066474579
2026-09-30T04:30:00+05:30,Anuradhapura_NorthCentral,25.0,89.52398777331382,0.0,4.4,112.28080957994888
2026-09-30T04:45:00+05:30,Anuradhapura_NorthCentral,24.9,90.07553834983537,0.0,4.4,108.56999691066615
2026-09-30T05:00:00+05:30,Anuradhapura_NorthCentral,24.9,90.6154435229725,0.0,4.33,104.85921969084826
2026-09-30T05:15:00+05:30,Anuradhapura_NorthCentral,24.8,91.14880086538113,0.0,4.26,101.14880744261266
2026-09-30T05:30:00+05:30,Anuradhapura_NorthCentral,24.8,91.6803082098171,0.0,4.26,97.43908138790381
2026-09-30T05:45:00+05:30,Anuradhapura_NorthCentral,24.8,92.214443904689,0.0,4.34,93.73036469804137
2026-09-30T06:00:00+05:30,Anuradhapura_NorthCentral,24.9,92.75562462366906,0.0,4.49,90.02299366978752
2026-09-30T06:15:00+05:30,Anuradhapura_NorthCentral,24.9,93.30835331779133,12.0,4.67,86.31732911378829
2026-09-30T06:30:00+05:30,Anuradhapura_NorthCentral,25.1,93.87736825472103,41.0,4.84,82.6137672358812
2026-09-30T06:45:00+05:30,Anuradhapura_NorthCentral,25.4,94.46780315399246,75.0,5.08,78.91275381809177
2026-09-30T07:00:00+05:30,Anuradhapura_NorthCentral,25.9,95.08537003081273,114.0,5.45,75.21480120687366
2026-09-30T07:15:00+05:30,Anuradhapura_NorthCentral,26.3,95.73657877140022,155.0,5.73,71.5205079130717
2026-09-30T07:30:00+05:30,Anuradhapura_NorthCentral,26.8,96.42901086205046,197.0,5.91,67.83058556027584
2026-09-30T07:45:00+05:30,Anuradhapura_NorthCentral,27.2,97.17167198343571,239.0,5.91,64.145894171241
2026-09-30T08:00:00+05:30,Anuradhapura_NorthCentral,27.6,97.97545864477286,278.0,5.81,60.46748792107831
2026-09-30T08:15:00+05:30,Anuradhapura_NorthCentral,28.0,98.8537893705186,310.0,5.69,56.796679691481394
2026-09-30T08:30:00+05:30,Anuradhapura_NorthCentral,28.4,99.82347731948988,325.0,5.6,53.13513113184632
2026-09-30T08:45:00+05:30,Anuradhapura_NorthCentral,28.7,100.90596254006812,331.0,5.52,49.48497953150634
2026-09-30T09:00:00+05:30,Anuradhapura_NorthCentral,29.1,102.12908825944834,345.0,5.52,45.84902491817101
2026-09-30T09:15:00+05:30,Anuradhapura_NorthCentral,29.4,103.52971895540293,385.0,5.5,42.23100952414514
2026-09-30T09:30:00+05:30,Anuradhapura_NorthCentral,29.8,105.1576899288525,456.0,5.42,38.6360450737262
2026-09-30T09:45:00+05:30,Anuradhapura_NorthCentral,30.2,107.08190891672757,545.0,5.3,35.071290131688556
2026-09-30T10:00:00+05:30,Anuradhapura_NorthCentral,30.7,109.4000141702279,633.0,5.12,31.547055088320143
2026-09-30T10:15:00+05:30,Anuradhapura_NorthCentral,31.1,112.25400799966485,703.0,4.96,28.078666974913574
2026-09-30T10:30:00+05:30,Anuradhapura_NorthCentral,31.5,115.85595146930336,763.0,4.81,24.689737116365876
2026-09-30T10:45:00+05:30,Anuradhapura_NorthCentral,31.9,120.53001206129863,815.0,4.72,21.41807945154602
2026-09-30T11:00:00+05:30,Anuradhapura_NorthCentral,32.2,126.77721159585718,852.0,4.73,18.32666879540885
2026-09-30T11:15:00+05:30,Anuradhapura_NorthCentral,32.6,135.351774975081,872.0,4.71,15.523624061704169
2026-09-30T11:30:00+05:30,Anuradhapura_NorthCentral,32.8,147.24173048279215,867.0,4.69,13.194084810070976
2026-09-30T11:45:00+05:30,Anuradhapura_NorthCentral,33.0,163.1546900263785,848.0,4.67,11.626293159691443
2026-09-30T12:00:00+05:30,Anuradhapura_NorthCentral,33.2,182.0615754023991,830.0,4.65,11.146478118988767
2026-09-30T12:15:00+05:30,Anuradhapura_NorthCentral,33.3,200.54202623784226,825.0,4.7,11.887134118033146
2026-09-30T12:30:00+05:30,Anuradhapura_NorthCentral,33.4,215.572425010673,831.0,4.68,13.651025745949354
2026-09-30T12:45:00+05:30,Anuradhapura_NorthCentral,33.4,226.64913929258796,838.0,4.73,16.10537507108846
2026-09-30T13:00:00+05:30,Anuradhapura_NorthCentral,33.5,234.63408923539322,837.0,4.73,18.984226818842217
2026-09-30T13:15:00+05:30,Anuradhapura_NorthCentral,33.5,240.4810150875604,820.0,4.76,22.122443700929537
2026-09-30T13:30:00+05:30,Anuradhapura_NorthCentral,33.4,244.88359569833273,790.0,4.78,25.42412989763261
2026-09-30T13:45:00+05:30,Anuradhapura_NorthCentral,33.2,248.29740259799848,752.0,4.82,28.833146922173228
2026-09-30T14:00:00+05:30,Anuradhapura_NorthCentral,32.9,251.0173361968105,711.0,4.85,32.315506143634934
2026-09-30T14:15:00+05:30,Anuradhapura_NorthCentral,32.6,253.23718206500766,670.0,4.85,35.849799617759096
2026-09-30T14:30:00+05:30,Anuradhapura_NorthCentral,32.2,255.08744277571367,627.0,4.72,39.42201724865508
2026-09-30T14:45:00+05:30,Anuradhapura_NorthCentral,31.7,256.65836780022164,582.0,4.35,43.022666888093255
2026-09-30T15:00:00+05:30,Anuradhapura_NorthCentral,31.0,258.01399677165364,538.0,3.8,46.64511569811416
2026-09-30T15:15:00+05:30,Anuradhapura_NorthCentral,30.4,259.20087513297057,498.0,3.26,50.284600413527464
2026-09-30T15:30:00+05:30,Anuradhapura_NorthCentral,30.1,260.2535895421963,464.0,2.86,53.93761769627175
2026-09-30T15:45:00+05:30,Anuradhapura_NorthCentral,30.1,261.19836909127105,429.0,2.7,57.60153474535146
2026-09-30T16:00:00+05:30,Anuradhapura_NorthCentral,30.3,262.0554850206298,386.0,2.77,61.27433395279472
2026-09-30T16:15:00+05:30,Anuradhapura_NorthCentral,30.6,262.84088694966175,331.0,2.98,64.95444250650492
2026-09-30T16:30:00+05:30,Anuradhapura_NorthCentral,30.6,263.56734246592043,270.0,3.18,68.64061391131717
2026-09-30T16:45:00+05:30,Anuradhapura_NorthCentral,30.4,264.2452478151922,209.0,3.31,72.33184448178213
2026-09-30T17:00:00+05:30,Anuradhapura_NorthCentral,30.1,264.88321688239944,156.0,3.44,76.02731473197215
2026-09-30T17:15:00+05:30,Anuradhapura_NorthCentral,29.7,265.48851783927853,111.0,3.49,79.72634524872787
2026-09-30T17:30:00+05:30,Anuradhapura_NorthCentral,29.4,266.067404599823,72.0,3.47,83.42836362051318
2026-09-30T17:45:00+05:30,Anuradhapura_NorthCentral,29.0,266.62537540135673,38.0,3.22,87.13288060221035
2026-09-30T18:00:00+05:30,Anuradhapura_NorthCentral,28.6,267.1673807313721,8.0,2.84,90.83947025885753
2026-09-30T18:15:00+05:30,Anuradhapura_NorthCentral,28.3,267.6979975487834,0.0,2.51,94.54775393940919
2026-09-30T18:30:00+05:30,Anuradhapura_NorthCentral,28.0,268.2215829509593,0.0,2.33,98.25738838303445
2026-09-30T18:45:00+05:30,Anuradhapura_NorthCentral,27.8,268.74241771505444,0.0,2.43,101.96805404280916
2026-09-30T19:00:00+05:30,Anuradhapura_NorthCentral,27.7,269.26485001855156,0.0,2.67,105.6794443418092
2026-09-30T19:15:00+05:30,Anuradhapura_NorthCentral,27.7,269.793450060428,0.0,2.92,109.39125664181181
2026-09-30T19:30:00+05:30,Anuradhapura_NorthCentral,27.6,270.3331874852618,0.0,3.12,113.10318119804845
2026-09-30T19:45:00+05:30,Anuradhapura_NorthCentral,27.5,270.88964770566173,0.0,3.18,116.81488872213752
2026-09-30T20:00:00+05:30,Anuradhapura_NorthCentral,27.3,271.4693094178955,0.0,3.19,120.52601692534436
2026-09-30T20:15:00+05:30,Anuradhapura_NorthCentral,27.2,272.0799152418961,0.0,3.22,124.23615145257793
2026-09-30T20:30:00+05:30,Anuradhapura_NorthCentral,27.1,272.73098518355465,0.0,3.22,127.94480031956319
2026-09-30T20:45:00+05:30,Anuradhapura_NorthCentral,26.9,273.43455171364496,0.0,3.26,131.6513595869124
2026-09-30T21:00:00+05:30,Anuradhapura_NorthCentral,26.8,274.2062449402357,0.0,3.24,135.3550611330375
2026-09-30T21:15:00+05:30,Anuradhapura_NorthCentral,26.6,275.06694759847016,0.0,3.26,139.0548935323665
2026-09-30T21:30:00+05:30,Anuradhapura_NorthCentral,26.5,276.0454088598559,0.0,3.22,142.74947888575852
2026-09-30T21:45:00+05:30,Anuradhapura_NorthCentral,26.4,277.1825353345514,0.0,3.19,146.43686791502762
2026-09-30T22:00:00+05:30,Anuradhapura_NorthCentral,26.3,278.53875842955983,0.0,3.13,150.114186698357
2026-09-30T22:15:00+05:30,Anuradhapura_NorthCentral,26.2,280.20736508666016,0.0,3.08,153.77699420982302
2026-09-30T22:30:00+05:30,Anuradhapura_NorthCentral,26.1,282.3401695838523,0.0,3.07,157.41802761154696
2026-09-30T22:45:00+05:30,Anuradhapura_NorthCentral,26.0,285.20080037121625,0.0,3.06,161.02454951210757
2026-09-30T23:00:00+05:30,Anuradhapura_NorthCentral,25.9,289.28568848724444,0.0,3.04,164.57213966209645
2026-09-30T23:15:00+05:30,Anuradhapura_NorthCentral,25.8,295.62817828768,0.0,3.07,168.00818117085197
2026-09-30T23:30:00+05:30,Anuradhapura_NorthCentral,25.7,306.6277514711777,0.0,3.1,171.20080789778478
2026-09-30T23:45:00+05:30,Anuradhapura_NorthCentral,25.7,327.93144242799747,0.0,3.15,173.76402690222682
2026-10-01T00:00:00+05:30,Anuradhapura_NorthCentral,25.6,4.752848979326416,0.0,3.18,174.6906146272622
2026-10-01T00:15:00+05:30,Anuradhapura_NorthCentral,25.5,38.49264538423023,0.0,3.27,173.2670682330723
2026-10-01T00:30:00+05:30,Anuradhapura_NorthCentral,25.5,56.68012561642104,0.0,3.29,170.49660404037098
2026-10-01T00:45:00+05:30,Anuradhapura_NorthCentral,25.4,66.25705911916606,0.0,3.36,167.22762060446678
2026-10-01T01:00:00+05:30,Anuradhapura_NorthCentral,25.4,71.93558826566073,0.0,3.42,163.7585043018188
2026-10-01T01:15:00+05:30,Anuradhapura_NorthCentral,25.3,75.67333589689599,0.0,3.49,160.1942633819656
2026-10-01T01:30:00+05:30,Anuradhapura_NorthCentral,25.3,78.33379040226384,0.0,3.49,156.5784164829908
2026-10-01T01:45:00+05:30,Anuradhapura_NorthCentral,25.2,80.34222492436714,0.0,3.44,152.93177659697793
2026-10-01T02:00:00+05:30,Anuradhapura_NorthCentral,25.2,81.9291403290141,0.0,3.4,149.26544972887766
2026-10-01T02:15:00+05:30,Anuradhapura_NorthCentral,25.1,83.22946022508995,0.0,3.35,145.5858823668904
2026-10-01T02:30:00+05:30,Anuradhapura_NorthCentral,25.1,84.3271964013179,0.0,3.24,141.89707382266764
2026-10-01T02:45:00+05:30,Anuradhapura_NorthCentral,25.0,85.27737171985575,0.0,3.11,138.201642826718
2026-10-01T03:00:00+05:30,Anuradhapura_NorthCentral,25.0,86.11758093944457,0.0,2.98,134.50138488552068
2026-10-01T03:15:00+05:30,Anuradhapura_NorthCentral,24.9,86.87446352932062,0.0,2.84,130.79758230912688
2026-10-01T03:30:00+05:30,Anuradhapura_NorthCentral,24.9,87.56751561197598,0.0,2.71,127.09118467878602
2026-10-01T03:45:00+05:30,Anuradhapura_NorthCentral,24.8,88.21143370679357,0.0,2.69,123.38292071741786
2026-10-01T04:00:00+05:30,Anuradhapura_NorthCentral,24.8,88.81761159417397,0.0,2.69,119.67336998574508
2026-10-01T04:15:00+05:30,Anuradhapura_NorthCentral,24.8,89.39512974143616,0.0,2.69,115.96300918441085
2026-10-01T04:30:00+05:30,Anuradhapura_NorthCentral,24.7,89.95143024546292,0.0,2.69,112.25224527297681
2026-10-01T04:45:00+05:30,Anuradhapura_NorthCentral,24.7,90.49279220896852,0.0,2.67,108.54143939336052
2026-10-01T05:00:00+05:30,Anuradhapura_NorthCentral,24.6,91.02467812171489,0.0,2.62,104.83092347796011
2026-10-01T05:15:00+05:30,Anuradhapura_NorthCentral,24.6,91.55199554815954,0.0,2.62,101.12101470065244
2026-10-01T05:30:00+05:30,Anuradhapura_NorthCentral,24.6,92.07930389146236,0.0,2.64,97.41202774851882
2026-10-01T05:45:00+05:30,Anuradhapura_NorthCentral,24.8,92.61098683026694,0.0,2.69,93.7042844901098
2026-10-01T06:00:00+05:30,Anuradhapura_NorthCentral,25.1,93.15140494583164,0.0,2.78,89.99812486304914
2026-10-01T06:15:00+05:30,Anuradhapura_NorthCentral,25.4,93.70504059430039,14.0,2.92,86.2939182440236
2026-10-01T06:30:00+05:30,Anuradhapura_NorthCentral,25.7,94.27664566236024,48.0,3.04,82.59207455335077
2026-10-01T06:45:00+05:30,Anuradhapura_NorthCentral,26.1,94.87140207161423,94.0,3.16,78.89305892044472
2026-10-01T07:00:00+05:30,Anuradhapura_NorthCentral,26.5,95.4951066426301,149.0,3.36,75.19740944929005
2026-10-01T07:15:00+05:30,Anuradhapura_NorthCentral,26.9,96.15439448149493,205.0,3.53,71.50575795145168
2026-10-01T07:30:00+05:30,Anuradhapura_NorthCentral,27.3,96.85701859019719,259.0,3.66,67.8188584830367
2026-10-01T07:45:00+05:30,Anuradhapura_NorthCentral,27.7,97.61221086735111,312.0,3.8,64.13762481701109
2026-10-01T08:00:00+05:30,Anuradhapura_NorthCentral,28.1,98.43116034332957,363.0,3.9,60.46317920721691
2026-10-01T08:15:00+05:30,Anuradhapura_NorthCentral,28.5,99.32766007896055,417.0,3.97,56.79692110232648
2026-10-01T08:30:00+05:30,Anuradhapura_NorthCentral,28.9,100.31900084303862,472.0,4.0,53.140622998811295
2026-10-01T08:45:00+05:30,Anuradhapura_NorthCentral,29.3,101.42723132380308,526.0,3.96,49.49656548584866
2026-10-01T09:00:00+05:30,Anuradhapura_NorthCentral,29.8,102.68097094699806,578.0,3.86,45.867736025066
2026-10-01T09:15:00+05:30,Anuradhapura_NorthCentral,30.2,104.11807421884475,626.0,3.75,42.25812536247889
2026-10-01T09:30:00+05:30,Anuradhapura_NorthCentral,30.6,105.78963489535465,670.0,3.57,38.67317976215724
2026-10-01T09:45:00+05:30,Anuradhapura_NorthCentral,31.1,107.76614050263424,710.0,3.39,35.12051550543786
2026-10-01T10:00:00+05:30,Anuradhapura_NorthCentral,31.6,110.14714638807493,747.0,3.22,31.611079520805013
2026-10-01T10:15:00+05:30,Anuradhapura_NorthCentral,32.0,113.07678117525296,780.0,3.04,28.161096673528142
2026-10-01T10:30:00+05:30,Anuradhapura_NorthCentral,32.4,116.7688594558706,808.0,2.87,24.795453456504006
2026-10-01T10:45:00+05:30,Anuradhapura_NorthCentral,32.7,121.54702005971677,832.0,2.73,21.55375194883601
2026-10-01T11:00:00+05:30,Anuradhapura_NorthCentral,33.0,127.90388663955332,857.0,2.62,18.501310720367982
2026-10-01T11:15:00+05:30,Anuradhapura_NorthCentral,33.2,136.5627786225632,888.0,2.56,15.748617477103267
2026-10-01T11:30:00+05:30,Anuradhapura_NorthCentral,33.3,148.42935472956458,928.0,2.54,13.480609727318452
2026-10-01T11:45:00+05:30,Anuradhapura_NorthCentral,33.3,164.0680823251589,967.0,2.63,11.975935743346241
2026-10-01T12:00:00+05:30,Anuradhapura_NorthCentral,33.2,182.40006594091054,994.0,2.78,11.537247586036841
2026-10-01T12:15:00+05:30,Anuradhapura_NorthCentral,33.1,200.26756263042182,999.0,3.04,12.27933891564686
2026-10-01T12:30:00+05:30,Anuradhapura_NorthCentral,32.9,214.9245258491352,985.0,3.27,14.0158885225203
2026-10-01T12:45:00+05:30,Anuradhapura_NorthCentral,32.6,225.86128926710344,958.0,3.54,16.434612637039265
2026-10-01T13:00:00+05:30,Anuradhapura_NorthCentral,32.4,233.8304961772434,922.0,3.88,19.280440929440317
2026-10-01T13:15:00+05:30,Anuradhapura_NorthCentral,32.0,239.711559481775,884.0,4.23,22.39108463876549
2026-10-01T13:30:00+05:30,Anuradhapura_NorthCentral,31.7,244.16351364276875,843.0,4.46,25.670425620578925
2026-10-01T13:45:00+05:30,Anuradhapura_NorthCentral,31.4,247.62791161015983,795.0,4.65,29.061378092090365
2026-10-01T14:00:00+05:30,Anuradhapura_NorthCentral,31.1,250.39455600081152,740.0,4.84,32.52902065714618
2026-10-01T14:15:00+05:30,Anuradhapura_NorthCentral,30.8,252.6557607378422,672.0,4.98,36.05119250999953
2026-10-01T14:30:00+05:30,Anuradhapura_NorthCentral,30.4,254.54196695537883,591.0,4.97,39.613310533072585
2026-10-01T14:45:00+05:30,Anuradhapura_NorthCentral,30.1,256.1438636010958,508.0,4.86,43.205453258821144
2026-10-01T15:00:00+05:30,Anuradhapura_NorthCentral,29.8,257.52606230630215,435.0,4.64,46.820665957649865
2026-10-01T15:15:00+05:30,Anuradhapura_NorthCentral,29.5,258.7356690190726,380.0,4.32,50.453942203880125
2026-10-01T15:30:00+05:30,Anuradhapura_NorthCentral,29.1,259.8077687396382,337.0,4.0,54.10159311835332
2026-10-01T15:45:00+05:30,Anuradhapura_NorthCentral,28.8,260.7690144049385,301.0,3.64,57.76084282860034
2026-10-01T16:00:00+05:30,Anuradhapura_NorthCentral,28.4,261.6400292592782,266.0,3.17,61.42956229199592
2026-10-01T16:15:00+05:30,Anuradhapura_NorthCentral,28.0,262.4370508053006,229.0,2.71,65.10609113556092
2026-10-01T16:30:00+05:30,Anuradhapura_NorthCentral,27.7,263.17307901307214,194.0,2.29,68.78911357106031
2026-10-01T16:45:00+05:30,Anuradhapura_NorthCentral,27.4,263.85869490385073,160.0,1.93,72.47757080838299
2026-10-01T17:00:00+05:30,Anuradhapura_NorthCentral,27.1,264.50265614584305,124.0,1.53,76.17059945168948
2026-10-01T17:15:00+05:30,Anuradhapura_NorthCentral,26.8,265.11233892669907,88.0,1.23,79.86748517356642
2026-10-01T17:30:00+05:30,Anuradhapura_NorthCentral,26.5,265.6940733070649,53.0,0.94,83.5676280171502
2026-10-01T17:45:00+05:30,Anuradhapura_NorthCentral,26.3,266.25340447502833,25.0,0.76,87.27051737904485
2026-10-01T18:00:00+05:30,Anuradhapura_NorthCentral,26.1,266.79530219615464,5.0,0.64,90.97571130034865
2026-10-01T18:15:00+05:30,Anuradhapura_NorthCentral,26.0,267.32433545063634,0.0,0.61,94.68281986674731
2026-10-01T18:30:00+05:30,Anuradhapura_NorthCentral,25.9,267.8448253823354,0.0,0.59,98.39149296919591
2026-10-01T18:45:00+05:30,Anuradhapura_NorthCentral,25.8,268.3609868905997,0.0,0.61,102.10140849375034
2026-10-01T19:00:00+05:30,Anuradhapura_NorthCentral,25.7,268.8770689783098,0.0,0.7,105.81226165191407
2026-10-01T19:15:00+05:30,Anuradhapura_NorthCentral,25.6,269.3975042567671,0.0,0.76,109.52375624882727
2026-10-01T19:30:00+05:30,Anuradhapura_NorthCentral,25.6,269.92707902320814,0.0,0.87,113.23559419908808
2026-10-01T19:45:00+05:30,Anuradhapura_NorthCentral,25.5,270.47113927111235,0.0,0.98,116.94746399060452
2026-10-01T20:00:00+05:30,Anuradhapura_NorthCentral,25.4,271.03585381679454,0.0,1.04,120.65902856381757
2026-10-01T20:15:00+05:30,Anuradhapura_NorthCentral,25.4,271.62856482366635,0.0,1.15,124.36990820949805
2026-10-01T20:30:00+05:30,Anuradhapura_NorthCentral,25.3,272.2582728899918,0.0,1.22,128.07965786610342
2026-10-01T20:45:00+05:30,Anuradhapura_NorthCentral,25.3,272.93633157323586,0.0,1.28,131.78773700216254
2026-10-01T21:00:00+05:30,Anuradhapura_NorthCentral,25.2,273.67747368191647,0.0,1.33,135.49346367901626
2026-10-01T21:15:00+05:30,Anuradhapura_NorthCentral,25.2,274.50137917934717,0.0,1.38,139.19594503714583
2026-10-01T21:30:00+05:30,Anuradhapura_NorthCentral,25.2,275.43515758658,0.0,1.42,142.89396922111428
2026-10-01T21:45:00+05:30,Anuradhapura_NorthCentral,25.1,276.51743676900634,0.0,1.47,146.58582496090804
2026-10-01T22:00:00+05:30,Anuradhapura_NorthCentral,25.1,277.80541393000294,0.0,1.5,150.26898958374485
2026-10-01T22:15:00+05:30,Anuradhapura_NorthCentral,25.1,279.38768906418113,0.0,1.54,153.93955928724034
2026-10-01T22:30:00+05:30,Anuradhapura_NorthCentral,25.1,281.40918039858184,0.0,1.58,157.59112914824073
2026-10-01T22:45:00+05:30,Anuradhapura_NorthCentral,25.1,284.1234504461375,0.0,1.62,161.21240364391267
2026-10-01T23:00:00+05:30,Anuradhapura_NorthCentral,25.1,288.0136700384097,0.0,1.61,164.78152717254295
2026-10-01T23:15:00+05:30,Anuradhapura_NorthCentral,25.0,294.10599357223,0.0,1.66,168.2506601800335
2026-10-01T23:30:00+05:30,Anuradhapura_NorthCentral,25.0,304.87493145717644,0.0,1.65,171.4963107580419
2026-10-01T23:45:00+05:30,Anuradhapura_NorthCentral,25.0,326.6094107093372,0.0,1.65,174.13471407134972
2026-10-02T00:00:00+05:30,Anuradhapura_NorthCentral,25.0,6.061569945802717,0.0,1.7,175.0690058503854
2026-10-02T00:15:00+05:30,Anuradhapura_NorthCentral,25.0,41.174297880834615,0.0,1.7,173.51524624575467
2026-10-02T00:30:00+05:30,Anuradhapura_NorthCentral,24.9,58.93295589910764,0.0,1.7,170.63985870618893
2026-10-02T00:45:00+05:30,Anuradhapura_NorthCentral,24.9,68.01299796284047,0.0,1.71,167.31170721251823
2026-10-02T01:00:00+05:30,Anuradhapura_NorthCentral,24.8,73.34240880246648,0.0,1.72,163.8077256774738
2026-10-02T01:15:00+05:30,Anuradhapura_NorthCentral,24.8,76.83994536189073,0.0,1.73,160.22127483240536
2026-10-02T01:30:00+05:30,Anuradhapura_NorthCentral,24.8,79.32966436740242,0.0,1.74,156.59036857849134
2026-10-02T01:45:00+05:30,Anuradhapura_NorthCentral,24.8,81.21231644786434,0.0,1.75,152.93304109472712
2026-10-02T02:00:00+05:30,Anuradhapura_NorthCentral,24.7,82.70366241779652,0.0,1.76,149.25887850281583
2026-10-02T02:15:00+05:30,Anuradhapura_NorthCentral,24.7,83.92952230533808,0.0,1.72,145.57343617104402
2026-10-02T02:30:00+05:30,Anuradhapura_NorthCentral,24.7,84.96807156170058,0.0,1.72,141.88016035756465
2026-10-02T02:45:00+05:30,Anuradhapura_NorthCentral,24.6,85.87045372330624,0.0,1.72,138.1813103653563
2026-10-02T03:00:00+05:30,Anuradhapura_NorthCentral,24.6,86.67160079875453,0.0,1.68,134.47843925183207
2026-10-02T03:15:00+05:30,Anuradhapura_NorthCentral,24.5,87.3962731619983,0.0,1.68,130.77266083344605
2026-10-02T03:30:00+05:30,Anuradhapura_NorthCentral,24.4,88.06260930963015,0.0,1.61,127.06480482222503
2026-10-02T03:45:00+05:30,Anuradhapura_NorthCentral,24.4,88.68430552914094,0.0,1.55,123.35551317255775
2026-10-02T04:00:00+05:30,Anuradhapura_NorthCentral,24.3,89.27200698679457,0.0,1.54,119.64530194330715
2026-10-02T04:15:00+05:30,Anuradhapura_NorthCentral,24.2,89.83422715783098,0.0,1.48,115.93460118378859
2026-10-02T04:30:00+05:30,Anuradhapura_NorthCentral,24.2,90.3779754136342,0.0,1.47,112.22378378314866
2026-10-02T04:45:00+05:30,Anuradhapura_NorthCentral,24.2,90.90919975812574,0.0,1.47,108.51318650720495
2026-10-02T05:00:00+05:30,Anuradhapura_NorthCentral,24.3,91.43311039575082,0.0,1.41,104.80312464425894
2026-10-02T05:15:00+05:30,Anuradhapura_NorthCentral,24.3,91.95442535542657,0.0,1.41,101.09390513675544
2026-10-02T05:30:00+05:30,Anuradhapura_NorthCentral,24.4,92.47756594935385,0.0,1.42,97.38583799161356
2026-10-02T05:45:00+05:30,Anuradhapura_NorthCentral,24.6,93.00682137187249,0.0,1.43,93.67924544150218
2026-10-02T06:00:00+05:30,Anuradhapura_NorthCentral,24.8,93.54649612207447,0.0,1.5,89.97447261310268
2026-10-02T06:15:00+05:30,Anuradhapura_NorthCentral,25.1,94.10105176859878,15.0,1.57,86.27189892462256
2026-10-02T06:30:00+05:30,Anuradhapura_NorthCentral,25.4,94.67525337903197,51.0,1.64,82.57194946579236
2026-10-02T06:45:00+05:30,Anuradhapura_NorthCentral,25.7,95.27433033145638,99.0,1.73,78.87511018972872
2026-10-02T07:00:00+05:30,Anuradhapura_NorthCentral,26.0,95.90416310572346,156.0,1.81,75.1819465023003
2026-10-02T07:15:00+05:30,Anuradhapura_NorthCentral,26.4,96.57151034286119,214.0,1.9,71.49312517895474
2026-10-02T07:30:00+05:30,Anuradhapura_NorthCentral,26.8,97.2842941316494,270.0,1.99,67.80944453757282
2026-10-02T07:45:00+05:30,Anuradhapura_NorthCentral,27.1,98.05196910332859,323.0,2.08,64.13187416539347
2026-10-02T08:00:00+05:30,Anuradhapura_NorthCentral,27.5,98.88601179184252,377.0,2.14,60.46160676402563
2026-10-02T08:15:00+05:30,Anuradhapura_NorthCentral,27.8,99.80058250442113,435.0,2.21,56.8001311068
2026-10-02T08:30:00+05:30,Anuradhapura_NorthCentral,28.2,100.81343888327638,499.0,2.23,53.14933378414246
2026-10-02T08:45:00+05:30,Anuradhapura_NorthCentral,28.6,101.947222172816,564.0,2.23,49.51164252924101
2026-10-02T09:00:00+05:30,Anuradhapura_NorthCentral,28.9,103.23130341732502,626.0,2.25,45.89023678125585
2026-10-02T09:15:00+05:30,Anuradhapura_NorthCentral,29.3,104.70448872583853,679.0,2.22,42.28936109964726
2026-10-02T09:30:00+05:30,Anuradhapura_NorthCentral,29.7,106.41906872572349,722.0,2.2,38.71480223485145
2026-10-02T09:45:00+05:30,Anuradhapura_NorthCentral,30.1,108.44700936614913,756.0,2.17,35.17464026057019
2026-10-02T10:00:00+05:30,Anuradhapura_NorthCentral,30.6,110.88961168746602,785.0,2.08,31.680463259119534
2026-10-02T10:15:00+05:30,Anuradhapura_NorthCentral,31.0,113.89283371229845,810.0,2.06,28.249392882401644
2026-10-02T10:30:00+05:30,Anuradhapura_NorthCentral,31.3,117.6717220466818,829.0,1.99,24.90757351490494
2026-10-02T10:45:00+05:30,Anuradhapura_NorthCentral,31.6,122.54848514571574,841.0,1.95,21.696336177873803
2026-10-02T11:00:00+05:30,Anuradhapura_NorthCentral,31.9,129.00594428130955,849.0,1.88,18.683183535352967
2026-10-02T11:15:00+05:30,Anuradhapura_NorthCentral,32.1,137.73518359619783,855.0,1.81,15.980603646748818
2026-10-02T11:30:00+05:30,Anuradhapura_NorthCentral,32.2,149.5620684907908,858.0,1.78,13.772696093773774
2026-10-02T11:45:00+05:30,Anuradhapura_NorthCentral,32.2,164.9235458357266,857.0,1.74,12.328200048773226
2026-10-02T12:00:00+05:30,Anuradhapura_NorthCentral,32.2,182.7103566008944,849.0,1.78,11.927792305990408
2026-10-02T12:15:00+05:30,Anuradhapura_NorthCentral,32.1,200.00495870245504,833.0,1.95,12.670850103189863
2026-10-02T12:30:00+05:30,Anuradhapura_NorthCentral,31.9,214.30568328165666,809.0,2.14,14.381202573066432
2026-10-02T12:45:00+05:30,Anuradhapura_NorthCentral,31.7,225.1016840275289,778.0,2.42,16.765362772426357
2026-10-02T13:00:00+05:30,Anuradhapura_NorthCentral,31.5,233.0492766953904,744.0,2.8,19.578683422590572
2026-10-02T13:15:00+05:30,Anuradhapura_NorthCentral,31.2,238.9588850746061,706.0,3.22,22.661867530231262
2026-10-02T13:30:00+05:30,Anuradhapura_NorthCentral,31.0,243.45596273546,667.0,3.55,25.918760286716164
2026-10-02T13:45:00+05:30,Anuradhapura_NorthCentral,30.7,246.96790094531457,625.0,3.83,29.29144455180552
2026-10-02T14:00:00+05:30,Anuradhapura_NorthCentral,30.4,249.77908043031613,577.0,4.12,32.74412716703118
2026-10-02T14:15:00+05:30,Anuradhapura_NorthCentral,30.1,252.08007436459155,521.0,4.31,36.253924445936484
2026-10-02T14:30:00+05:30,Anuradhapura_NorthCentral,29.8,254.00107297954182,457.0,4.37,39.8056942185568
2026-10-02T14:45:00+05:30,Anuradhapura_NorthCentral,29.4,255.6330770845418,391.0,4.26,43.38909164498536
2026-10-02T15:00:00+05:30,Anuradhapura_NorthCentral,29.1,257.0411848605995,334.0,4.05,46.99684208324593
2026-10-02T15:15:00+05:30,Anuradhapura_NorthCentral,28.7,258.2730050275492,290.0,3.72,50.62369600345604
2026-10-02T15:30:00+05:30,Anuradhapura_NorthCentral,28.3,259.3640813215409,256.0,3.34,54.26577814899854
2026-10-02T15:45:00+05:30,Anuradhapura_NorthCentral,27.8,260.3414628652842,227.0,2.9,57.92016835649551
2026-10-02T16:00:00+05:30,Anuradhapura_NorthCentral,27.4,261.2261052276914,200.0,2.41,61.58462480860223
2026-10-02T16:15:00+05:30,Anuradhapura_NorthCentral,26.9,262.0345195220398,171.0,1.9,65.2573982298979
2026-10-02T16:30:00+05:30,Anuradhapura_NorthCentral,26.5,262.77992754475116,145.0,1.52,68.93710224940999
2026-10-02T16:45:00+05:30,Anuradhapura_NorthCentral,26.1,263.4730871227104,118.0,1.25,72.62262175092825
2026-10-02T17:00:00+05:30,Anuradhapura_NorthCentral,25.8,264.1228935541762,92.0,1.06,76.31304827562819
2026-10-02T17:15:00+05:30,Anuradhapura_NorthCentral,25.5,264.73682616902727,66.0,1.01,80.00763148208563
2026-10-02T17:30:00+05:30,Anuradhapura_NorthCentral,25.2,265.32128719791274,41.0,1.08,83.70574281143224
2026-10-02T17:45:00+05:30,Anuradhapura_NorthCentral,25.0,265.8818654147619,20.0,1.15,87.40684926113535
2026-10-02T18:00:00+05:30,Anuradhapura_NorthCentral,24.9,266.42354689109914,4.0,1.2,91.110491808418
2026-10-02T18:15:00+05:30,Anuradhapura_NorthCentral,24.8,266.9508898668635,0.0,1.25,94.81626821024363
2026-10-02T18:30:00+05:30,Anuradhapura_NorthCentral,24.7,267.46817681829367,0.0,1.25,98.52382039229066
2026-10-02T18:45:00+05:30,Anuradhapura_NorthCentral,24.7,267.97955393845166,0.0,1.26,102.23282247495219
2026-10-02T19:00:00+05:30,Anuradhapura_NorthCentral,24.6,268.4891679345668,0.0,1.27,105.94297014009332
2026-10-02T19:15:00+05:30,Anuradhapura_NorthCentral,24.6,269.0013102019989,0.0,1.29,109.65397215655642
2026-10-02T19:30:00+05:30,Anuradhapura_NorthCentral,24.6,269.5205792761436,0.0,1.31,113.36554040513052
2026-10-02T19:45:00+05:30,Anuradhapura_NorthCentral,24.6,270.05207614412353,0.0,1.33,117.07737916425059
2026-10-02T20:00:00+05:30,Anuradhapura_NorthCentral,24.6,270.60165242909153,0.0,1.37,120.78917424284126
2026-10-02T20:15:00+05:30,Anuradhapura_NorthCentral,24.6,271.1762399699289,0.0,1.34,124.50057771515618
2026-10-02T20:30:00+05:30,Anuradhapura_NorthCentral,24.6,271.7843062575064,0.0,1.36,128.21118791418652
2026-10-02T20:45:00+05:30,Anuradhapura_NorthCentral,24.6,272.4365063702372,0.0,1.36,131.92052329519572
2026-10-02T21:00:00+05:30,Anuradhapura_NorthCentral,24.6,273.1466470351777,0.0,1.32,135.62798246874064
2026-10-02T21:15:00+05:30,Anuradhapura_NorthCentral,24.6,273.93316172342395,0.0,1.32,139.33278385405546
2026-10-02T21:30:00+05:30,Anuradhapura_NorthCentral,24.6,274.8214514543632,0.0,1.28,143.03387205738332
2026-10-02T21:45:00+05:30,Anuradhapura_NorthCentral,24.6,275.84775234388616,0.0,1.28,146.72976105016485
2026-10-02T22:00:00+05:30,Anuradhapura_NorthCentral,24.6,277.0658327326331,0.0,1.23,150.41826225359975
2026-10-02T22:15:00+05:30,Anuradhapura_NorthCentral,24.6,278.5592505775113,0.0,1.23,154.09598613488663
2026-10-02T22:30:00+05:30,Anuradhapura_NorthCentral,24.6,280.46533438992554,0.0,1.19,157.75735622316012
2026-10-02T22:45:00+05:30,Anuradhapura_NorthCentral,24.6,283.026110586642,0.0,1.15,161.39248724172347
2026-10-02T23:00:00+05:30,Anuradhapura_NorthCentral,24.6,286.70807171830995,0.0,1.15,164.98208371594393
2026-10-02T23:15:00+05:30,Anuradhapura_NorthCentral,24.6,292.5215735402474,0.0,1.08,168.48325475462093
2026-10-02T23:30:00+05:30,Anuradhapura_NorthCentral,24.6,302.99673016810664,0.0,1.08,171.7819512231643
2026-10-02T23:45:00+05:30,Anuradhapura_NorthCentral,24.6,325.10215412184925,0.0,1.08,174.5006282137042
2026-10-03T00:00:00+05:30,Anuradhapura_NorthCentral,24.6,7.56815075731555,0.0,1.04,175.44402133685932
2026-10-03T00:15:00+05:30,Anuradhapura_NorthCentral,24.6,44.04875713740944,0.0,1.04,173.74877747047586
2026-10-03T00:30:00+05:30,Anuradhapura_NorthCentral,24.5,61.24417178217226,0.0,1.04,170.76938833116603
2026-10-03T00:45:00+05:30,Anuradhapura_NorthCentral,24.5,69.78557540621239,0.0,1.04,167.38519083116967
2026-10-03T01:00:00+05:30,Anuradhapura_NorthCentral,24.5,74.75333968142434,0.0,1.04,163.84879884443183
2026-10-03T01:15:00+05:30,Anuradhapura_NorthCentral,24.4,78.00652041331233,0.0,1.04,160.24190538833955
2026-10-03T01:30:00+05:30,Anuradhapura_NorthCentral,24.4,80.32407376866803,0.0,1.04,156.59723566244213
2026-10-03T01:45:00+05:30,Anuradhapura_NorthCentral,24.3,82.08049039354506,0.0,1.04,152.93020362892793
2026-10-03T02:00:00+05:30,Anuradhapura_NorthCentral,24.3,83.47618887165726,0.0,1.04,149.24897624633041
2026-10-03T02:15:00+05:30,Anuradhapura_NorthCentral,24.3,84.62765621794506,0.0,1.04,145.55828156756417
2026-10-03T02:30:00+05:30,Anuradhapura_NorthCentral,24.2,85.60713826427889,0.0,1.04,141.86105429024695
2026-10-03T02:45:00+05:30,Anuradhapura_NorthCentral,24.2,86.46185993686566,0.0,1.04,138.15922214444768
2026-10-03T03:00:00+05:30,Anuradhapura_NorthCentral,24.1,87.22407396133474,0.0,1.08,134.45411502511547
2026-10-03T03:15:00+05:30,Anuradhapura_NorthCentral,24.0,87.91665506308817,0.0,1.05,130.74669199524845
2026-10-03T03:30:00+05:30,Anuradhapura_NorthCentral,24.0,88.55638201773132,0.0,1.1,127.03767294906368
2026-10-03T03:45:00+05:30,Anuradhapura_NorthCentral,23.9,89.15595075676458,0.0,1.1,123.3276206050458
2026-10-03T04:00:00+05:30,Anuradhapura_NorthCentral,23.8,89.7252585276023,0.0,1.14,119.61699328955467
2026-10-03T04:15:00+05:30,Anuradhapura_NorthCentral,23.8,90.27225278586337,0.0,1.14,115.90617891747328
2026-10-03T04:30:00+05:30,Anuradhapura_NorthCentral,23.8,90.80351117327814,0.0,1.19,112.19551991767412
2026-10-03T04:45:00+05:30,Anuradhapura_NorthCentral,23.8,91.32465149711675,0.0,1.23,108.48533162843265
2026-10-03T05:00:00+05:30,Anuradhapura_NorthCentral,23.8,91.84063243345474,0.0,1.23,104.775915153949
2026-10-03T05:15:00+05:30,Anuradhapura_NorthCentral,23.9,92.35598306522144,0.0,1.27,101.06756930355124
2026-10-03T05:30:00+05:30,Anuradhapura_NorthCentral,24.0,92.87498702369794,0.0,1.32,97.36060124268329
2026-10-03T05:45:00+05:30,Anuradhapura_NorthCentral,24.2,93.40183923910007,0.0,1.37,93.65533522138477
2026-10-03T06:00:00+05:30,Anuradhapura_NorthCentral,24.4,93.94078814295358,0.0,1.39,89.95212308312931
2026-10-03T06:15:00+05:30,Anuradhapura_NorthCentral,24.7,94.49627429849613,15.0,1.43,86.25135574467699
2026-10-03T06:30:00+05:30,Anuradhapura_NorthCentral,25.0,95.0730754622528,52.0,1.5,82.55347489359963
2026-10-03T06:45:00+05:30,Anuradhapura_NorthCentral,25.3,95.67646763654875,100.0,1.57,78.85898875758467
2026-10-03T07:00:00+05:30,Anuradhapura_NorthCentral,25.6,96.31241369093829,158.0,1.61,75.16849155607447
2026-10-03T07:15:00+05:30,Anuradhapura_NorthCentral,26.0,96.98779394862459,217.0,1.68,71.48268664551352
2026-10-03T07:30:00+05:30,Anuradhapura_NorthCentral,26.3,97.71069692979682,273.0,1.74,67.80241838553489
2026-10-03T07:45:00+05:30,Anuradhapura_NorthCentral,26.7,98.4907962128733,327.0,1.77,64.12871417114903
2026-10-03T08:00:00+05:30,Anuradhapura_NorthCentral,27.0,99.33985041871546,381.0,1.79,60.462839427407395
2026-10-03T08:15:00+05:30,Anuradhapura_NorthCentral,27.4,100.27237927797398,438.0,1.79,56.806374884816236
2026-10-03T08:30:00+05:30,Anuradhapura_NorthCentral,27.7,101.30659585466424,495.0,1.78,53.16132430002517
2026-10-03T08:45:00+05:30,Anuradhapura_NorthCentral,28.1,102.46571690085966,552.0,1.73,49.53026614794639
2026-10-03T09:00:00+05:30,Anuradhapura_NorthCentral,28.4,103.77983919487104,607.0,1.68,45.916576032481146
2026-10-03T09:15:00+05:30,Anuradhapura_NorthCentral,28.8,105.28868027292071,657.0,1.56,42.32475708936788
2026-10-03T09:30:00+05:30,Anuradhapura_NorthCentral,29.2,107.04566375183572,702.0,1.49,38.76094169530653
2026-10-03T09:45:00+05:30,Anuradhapura_NorthCentral,29.5,109.12412983045243,741.0,1.38,35.23367852625021
2026-10-03T10:00:00+05:30,Anuradhapura_NorthCentral,29.9,111.62695108796498,777.0,1.32,31.75519941869512
2026-10-03T10:15:00+05:30,Anuradhapura_NorthCentral,30.3,114.70161770433236,812.0,1.23,28.343518519160398
2026-10-03T10:30:00+05:30,Anuradhapura_NorthCentral,30.6,118.56389694485512,848.0,1.16,25.02601566757569
2026-10-03T10:45:00+05:30,Anuradhapura_NorthCentral,30.9,123.53371087777572,879.0,1.11,21.845684065550586
2026-10-03T11:00:00+05:30,Anuradhapura_NorthCentral,31.2,130.08282490051965,895.0,1.12,18.872042915607736
2026-10-03T11:15:00+05:30,Anuradhapura_NorthCentral,31.5,138.8691490032652,883.0,1.1,16.219217716492608
2026-10-03T11:30:00+05:30,Anuradhapura_NorthCentral,31.6,150.6418698104428,838.0,1.1,14.06989559622501
2026-10-03T11:45:00+05:30,Anuradhapura_NorthCentral,31.7,165.72503484475908,776.0,1.05,12.68272441881011
2026-10-03T12:00:00+05:30,Anuradhapura_NorthCentral,31.6,182.9947090904392,720.0,1.02,12.31795536147962
2026-10-03T12:15:00+05:30,Anuradhapura_NorthCentral,31.5,199.75282688260452,687.0,0.97,13.061532939478539
2026-10-03T12:30:00+05:30,Anuradhapura_NorthCentral,31.3,213.71360365821153,671.0,0.94,14.746734219738158
2026-10-03T12:45:00+05:30,Anuradhapura_NorthCentral,31.1,224.36873624979194,664.0,0.87,17.097343113176535
2026-10-03T13:00:00+05:30,Anuradhapura_NorthCentral,30.9,232.2895619769358,655.0,0.81,19.878676827087446
2026-10-03T13:15:00+05:30,Anuradhapura_NorthCentral,30.7,238.22255607879487,638.0,0.68,22.93453888183396
2026-10-03T13:30:00+05:30,Anuradhapura_NorthCentral,30.4,242.76073874366872,618.0,0.61,26.168905972907034
2026-10-03T13:45:00+05:30,Anuradhapura_NorthCentral,30.1,246.317288080448,595.0,0.5,29.523140261489665
2026-10-03T14:00:00+05:30,Anuradhapura_NorthCentral,29.8,249.17089197686389,570.0,0.45,32.96063716233081
2026-10-03T14:15:00+05:30,Anuradhapura_NorthCentral,29.4,251.51014108132705,543.0,0.38,36.457820712578844
2026-10-03T14:30:00+05:30,Anuradhapura_NorthCentral,29.1,253.4647990694946,514.0,0.35,39.99900447243412
2026-10-03T14:45:00+05:30,Anuradhapura_NorthCentral,28.7,255.12605809139572,484.0,0.38,43.573426872611186
2026-10-03T15:00:00+05:30,Anuradhapura_NorthCentral,28.4,256.5594211798097,451.0,0.4,47.173495879668494
2026-10-03T15:15:00+05:30,Anuradhapura_NorthCentral,28.0,257.8129441371017,417.0,0.5,50.793719315604434
2026-10-03T15:30:00+05:30,Anuradhapura_NorthCentral,27.6,258.9225909787067,382.0,0.56,54.43003500046242
2026-10-03T15:45:00+05:30,Anuradhapura_NorthCentral,27.3,259.9157800228787,345.0,0.62,58.07937747879335
2026-10-03T16:00:00+05:30,Anuradhapura_NorthCentral,26.9,260.8137798841154,307.0,0.7,61.73939097772828
2026-10-03T16:15:00+05:30,Anuradhapura_NorthCentral,26.6,261.6333612619828,267.0,0.72,65.40823609701758
2026-10-03T16:30:00+05:30,Anuradhapura_NorthCentral,26.3,262.3879573833248,228.0,0.78,69.08445468316233
2026-10-03T16:45:00+05:30,Anuradhapura_NorthCentral,26.1,263.08849501941904,188.0,0.85,72.76687413906865
2026-10-03T17:00:00+05:30,Anuradhapura_NorthCentral,25.8,263.7440010245045,146.0,0.85,76.45453984133034
2026-10-03T17:15:00+05:30,Anuradhapura_NorthCentral,25.6,264.3620530600061,104.0,0.87,80.1466643746582
2026-10-03T17:30:00+05:30,Anuradhapura_NorthCentral,25.4,264.9491216042943,63.0,0.87,83.84258954664425
2026-10-03T17:45:00+05:30,Anuradhapura_NorthCentral,25.3,265.51083570583495,29.0,0.83,87.54175893743967
2026-10-03T18:00:00+05:30,Anuradhapura_NorthCentral,25.1,266.0521948259488,5.0,0.83,91.2436954333229
2026-10-03T18:15:00+05:30,Anuradhapura_NorthCentral,25.0,266.577743765784,0.0,0.75,94.94798340458168
2026-10-03T18:30:00+05:30,Anuradhapura_NorthCentral,24.9,267.0917236936528,0.0,0.68,98.65425569466953
2026-10-03T18:45:00+05:30,Anuradhapura_NorthCentral,24.8,267.5982093572251,0.0,0.61,102.3621814534456
2026-10-03T19:00:00+05:30,Anuradhapura_NorthCentral,24.8,268.1012421581098,0.0,0.5,106.07145550544664
2026-10-03T19:15:00+05:30,Anuradhapura_NorthCentral,24.7,268.60496878680607,0.0,0.39,109.78179008289881
2026-10-03T19:30:00+05:30,Anuradhapura_NorthCentral,24.6,269.1137957794981,0.0,0.28,113.49290530371135
2026-10-03T19:45:00+05:30,Anuradhapura_NorthCentral,24.6,269.63257376054526,0.0,0.18,117.2045192111267
2026-10-03T20:00:00+05:30,Anuradhapura_NorthCentral,24.5,270.16683014815914,0.0,0.11,120.91633805595201
2026-10-03T20:15:00+05:30,Anuradhapura_NorthCentral,24.5,270.7230769900551,0.0,0.16,124.62804274330077
2026-10-03T20:30:00+05:30,Anuradhapura_NorthCentral,24.5,271.30923551115893,0.0,0.3,128.33927134176267
2026-10-03T20:45:00+05:30,Anuradhapura_NorthCentral,24.5,271.9352434865179,0.0,0.45,132.0495966832412
2026-10-03T21:00:00+05:30,Anuradhapura_NorthCentral,24.4,272.61395381100533,0.0,0.57,135.75849201936552
2026-10-03T21:15:00+05:30,Anuradhapura_NorthCentral,24.4,273.3625111928958,0.0,0.74,139.46527933372093
2026-10-03T21:30:00+05:30,Anuradhapura_NorthCentral,24.4,274.20454135630666,0.0,0.85,143.16904945025286
2026-10-03T21:45:00+05:30,Anuradhapura_NorthCentral,24.4,275.1737785638087,0.0,0.97,146.86852773755717
2026-10-03T22:00:00+05:30,Anuradhapura_NorthCentral,24.4,276.3203715497848,0.0,1.14,150.56184072217445
2026-10-03T22:15:00+05:30,Anuradhapura_NorthCentral,24.4,277.72248557489974,0.0,1.25,154.24608690145288
2026-10-03T22:30:00+05:30,Anuradhapura_NorthCentral,24.4,279.5091667605807,0.0,1.37,157.9164825397371
2026-10-03T22:45:00+05:30,Anuradhapura_NorthCentral,24.4,281.9094121402619,0.0,1.48,161.56450823279596
2026-10-03T23:00:00+05:30,Anuradhapura_NorthCentral,24.4,285.36946372547544,0.0,1.54,165.1733963788717
2026-10-03T23:15:00+05:30,Anuradhapura_NorthCentral,24.3,290.8743735584343,0.0,1.63,168.70531561488497
2026-10-03T23:30:00+05:30,Anuradhapura_NorthCentral,24.3,300.9850676809577,0.0,1.7,172.05665668298138
2026-10-03T23:45:00+05:30,Anuradhapura_NorthCentral,24.3,323.3733078416732,0.0,1.75,174.86080704773585
2026-10-04T00:00:00+05:30,Anuradhapura_NorthCentral,24.3,9.321450525899934,0.0,1.81,175.81490951457343
2026-10-04T00:15:00+05:30,Anuradhapura_NorthCentral,24.2,47.12268322857585,0.0,1.86,173.9661277993196
2026-10-04T00:30:00+05:30,Anuradhapura_NorthCentral,24.2,63.6086288417672,0.0,1.9,170.8847563902179
2026-10-04T00:45:00+05:30,Anuradhapura_NorthCentral,24.1,71.57168947678434,0.0,1.95,167.44802052305232
2026-10-04T01:00:00+05:30,Anuradhapura_NorthCentral,24.1,76.1666829471182,0.0,1.95,163.88178787484958
2026-10-04T01:15:00+05:30,Anuradhapura_NorthCentral,24.0,79.17205521758723,0.0,2.0,160.25625510785176
2026-10-04T01:30:00+05:30,Anuradhapura_NorthCentral,23.9,81.31636666644391,0.0,2.0,156.5991285983713
2026-10-04T01:45:00+05:30,Anuradhapura_NorthCentral,23.9,82.94628954512865,0.0,2.04,152.92337711442352
2026-10-04T02:00:00+05:30,Anuradhapura_NorthCentral,23.8,84.24637735194665,0.0,2.04,149.23585475724497
2026-10-04T02:15:00+05:30,Anuradhapura_NorthCentral,23.8,85.32359155798508,0.0,2.07,145.54052813166788
2026-10-04T02:30:00+05:30,Anuradhapura_NorthCentral,23.7,86.2441734269446,0.0,2.07,141.83986267040962
2026-10-04T02:45:00+05:30,Anuradhapura_NorthCentral,23.7,87.05139968936874,0.0,2.07,138.13548269444897
2026-10-04T03:00:00+05:30,Anuradhapura_NorthCentral,23.7,87.77483267856269,0.0,2.12,134.42851433665766
2026-10-04T03:15:00+05:30,Anuradhapura_NorthCentral,23.6,88.43545810055008,0.0,2.12,130.71977568034504
2026-10-04T03:30:00+05:30,Anuradhapura_NorthCentral,23.6,89.04869486208958,0.0,2.12,127.0098868491227
2026-10-04T03:45:00+05:30,Anuradhapura_NorthCentral,23.6,89.6262396487,0.0,2.12,123.29933883909995
2026-10-04T04:00:00+05:30,Anuradhapura_NorthCentral,23.7,90.17724328898555,0.0,2.12,119.58853799253022
2026-10-04T04:15:00+05:30,Anuradhapura_NorthCentral,23.7,90.70908872891914,0.0,2.07,115.87783458378719
2026-10-04T04:30:00+05:30,Anuradhapura_NorthCentral,23.8,91.22792324075459,0.0,2.07,112.16754417222391
2026-10-04T04:45:00+05:30,Anuradhapura_NorthCentral,23.8,91.73903558678705,0.0,2.07,108.45796359329108
2026-10-04T05:00:00+05:30,Anuradhapura_NorthCentral,23.9,92.24713384064859,0.0,2.09,104.74938220757709
2026-10-04T05:15:00+05:30,Anuradhapura_NorthCentral,24.0,92.75655883953686,0.0,2.09,101.042092773407
2026-10-04T05:30:00+05:30,Anuradhapura_NorthCentral,24.2,93.27145701118081,0.0,2.11,97.33640143360334
2026-10-04T05:45:00+05:30,Anuradhapura_NorthCentral,24.4,93.79592927392389,0.0,2.13,93.6326360886073
2026-10-04T06:00:00+05:30,Anuradhapura_NorthCentral,24.6,94.33416800767861,0.0,2.1,89.9311568061258
2026-10-04T06:15:00+05:30,Anuradhapura_NorthCentral,24.8,94.89059252566301,18.0,2.12,86.23236743393997
2026-10-04T06:30:00+05:30,Anuradhapura_NorthCentral,25.1,95.4699927247695,61.0,2.1,82.53672766488324
2026-10-04T06:45:00+05:30,Anuradhapura_NorthCentral,25.4,96.07769031282771,117.0,2.11,78.84476941704509
2026-10-04T07:00:00+05:30,Anuradhapura_NorthCentral,25.8,96.71972915591112,182.0,2.14,75.15711719812226
2026-10-04T07:15:00+05:30,Anuradhapura_NorthCentral,26.2,97.40310923825041,247.0,2.15,71.47451252021736
2026-10-04T07:30:00+05:30,Anuradhapura_NorthCentral,26.5,98.13608263282862,308.0,2.17,67.79784750437426
2026-10-04T07:45:00+05:30,Anuradhapura_NorthCentral,26.9,98.92853778396636,366.0,2.2,64.12820927226707
2026-10-04T08:00:00+05:30,Anuradhapura_NorthCentral,27.3,99.7925095919822,420.0,2.26,60.46693814827553
2026-10-04T08:15:00+05:30,Anuradhapura_NorthCentral,27.7,100.74286886965365,474.0,2.26,56.81570931938064
2026-10-04T08:30:00+05:30,Anuradhapura_NorthCentral,28.1,101.79827196162734,524.0,2.3,53.176646596784366
2026-10-04T08:45:00+05:30,Anuradhapura_NorthCentral,28.5,102.98249316010515,569.0,2.34,49.552482533023635
2026-10-04T09:00:00+05:30,Anuradhapura_NorthCentral,28.9,104.32632787023329,611.0,2.39,45.94679270592658
2026-10-04T09:15:00+05:30,Anuradhapura_NorthCentral,29.3,105.87036327067932,649.0,2.4,42.36434304182699
2026-10-04T09:30:00+05:30,Anuradhapura_NorthCentral,29.7,107.6690900538535,684.0,2.45,38.811615846953096
2026-10-04T09:45:00+05:30,Anuradhapura_NorthCentral,30.0,109.79711618107007,713.0,2.47,35.29763192342982
2026-10-04T10:00:00+05:30,Anuradhapura_NorthCentral,30.3,112.35870980600498,738.0,2.53,31.83526744400291
2026-10-04T10:15:00+05:30,Anuradhapura_NorthCentral,30.6,115.50259749551907,759.0,2.57,28.443421575804265
2026-10-04T10:30:00+05:30,Anuradhapura_NorthCentral,30.9,119.44476929265574,779.0,2.59,25.150682278078293
2026-10-04T10:45:00+05:30,Anuradhapura_NorthCentral,31.1,124.50205574524864,794.0,2.64,22.001631396464305
2026-10-04T11:00:00+05:30,Anuradhapura_NorthCentral,31.3,131.134066211569,797.0,2.62,19.0676312598316
2026-10-04T11:15:00+05:30,Anuradhapura_NorthCentral,31.4,139.96496077989337,784.0,2.62,16.46409123267729
2026-10-04T11:30:00+05:30,Anuradhapura_NorthCentral,31.5,151.67077193013154,749.0,2.62,14.371773594056378
2026-10-04T11:45:00+05:30,Anuradhapura_NorthCentral,31.5,166.47619225482617,704.0,2.62,13.039167175540499
2026-10-04T12:00:00+05:30,Anuradhapura_NorthCentral,31.5,183.2551375729901,662.0,2.57,12.707582017111918
2026-10-04T12:15:00+05:30,Anuradhapura_NorthCentral,31.4,199.50996097080974,634.0,2.55,13.451253485630914
2026-10-04T12:30:00+05:30,Anuradhapura_NorthCentral,31.3,213.1462111525885,619.0,2.51,15.112260557799814
2026-10-04T12:45:00+05:30,Anuradhapura_NorthCentral,31.2,223.66095851672102,608.0,2.46,17.430283397671374
2026-10-04T13:00:00+05:30,Anuradhapura_NorthCentral,31.0,231.55051452028812,597.0,2.38,20.180152806577325
2026-10-04T13:15:00+05:30,Anuradhapura_NorthCentral,30.8,237.5021430254554,579.0,2.32,23.208851540935356
2026-10-04T13:30:00+05:30,Anuradhapura_NorthCentral,30.6,242.07763670717716,559.0,2.23,26.420639337124463
2026-10-04T13:45:00+05:30,Anuradhapura_NorthCentral,30.4,245.67598866836238,537.0,2.18,29.75626280362814
2026-10-04T14:00:00+05:30,Anuradhapura_NorthCentral,30.2,248.56997189567025,513.0,2.1,33.17836528556147
2026-10-04T14:15:00+05:30,Anuradhapura_NorthCentral,29.9,250.94597869501766,487.0,2.06,36.662709561854456
2026-10-04T14:30:00+05:30,Anuradhapura_NorthCentral,29.6,252.9331839508206,460.0,2.02,40.19308039351788
2026-10-04T14:45:00+05:30,Anuradhapura_NorthCentral,29.3,254.6228576474259,432.0,1.98,43.75830675817837
2026-10-04T15:00:00+05:30,Anuradhapura_NorthCentral,29.0,256.08082972733735,402.0,1.88,47.35048224742925
2026-10-04T15:15:00+05:30,Anuradhapura_NorthCentral,28.7,257.35554946091133,370.0,1.83,50.96387286991111
2026-10-04T15:30:00+05:30,Anuradhapura_NorthCentral,28.4,258.4833638669062,339.0,1.82,54.594229258533446
2026-10-04T15:45:00+05:30,Anuradhapura_NorthCentral,28.1,259.4920341613365,306.0,1.81,58.23833987302579
2026-10-04T16:00:00+05:30,Anuradhapura_NorthCentral,27.9,260.4031231446761,272.0,1.81,61.893733960467344
2026-10-04T16:15:00+05:30,Anuradhapura_NorthCentral,27.6,261.2336473407567,236.0,1.77,65.55848088944717
2026-10-04T16:30:00+05:30,Anuradhapura_NorthCentral,27.4,261.99724118191637,200.0,1.79,69.23104961171057
2026-10-04T16:45:00+05:30,Anuradhapura_NorthCentral,27.2,262.7049926406835,165.0,1.81,72.91020896536747
2026-10-04T17:00:00+05:30,Anuradhapura_NorthCentral,26.9,263.3660541386119,128.0,1.8,76.59495710883908
2026-10-04T17:15:00+05:30,Anuradhapura_NorthCentral,26.7,263.9880969266687,91.0,1.83,80.284468532341
2026-10-04T17:30:00+05:30,Anuradhapura_NorthCentral,26.6,264.5776558691493,55.0,1.82,83.9780544084855
2026-10-04T17:45:00+05:30,Anuradhapura_NorthCentral,26.4,265.14039703590856,25.0,1.87,87.67513390248443
2026-10-04T18:00:00+05:30,Anuradhapura_NorthCentral,26.3,265.68133042325604,4.0,1.86,91.37521079738912
2026-10-04T18:15:00+05:30,Anuradhapura_NorthCentral,26.2,266.2049847633626,0.0,1.91,95.07785502479993
2026-10-04T18:30:00+05:30,Anuradhapura_NorthCentral,26.1,266.7155573572035,0.0,1.91,98.78268923445967
2026-10-04T18:45:00+05:30,Anuradhapura_NorthCentral,26.0,267.2170488652739,0.0,1.91,102.48937639704097
2026-10-04T19:00:00+05:30,Anuradhapura_NorthCentral,25.8,267.71339249370084,0.0,1.95,106.19760913883673
2026-10-04T19:15:00+05:30,Anuradhapura_NorthCentral,25.7,268.20858689109036,0.0,1.95,109.90710163756589
2026-10-04T19:30:00+05:30,Anuradhapura_NorthCentral,25.6,268.70684255148836,0.0,1.95,113.61758049290961
2026-10-04T19:45:00+05:30,Anuradhapura_NorthCentral,25.5,269.21275463164864,0.0,1.95,117.32877544223913
2026-10-04T20:00:00+05:30,Anuradhapura_NorthCentral,25.4,269.73151966529156,0.0,2.0,121.04041069367251
2026-10-04T20:15:00+05:30,Anuradhapura_NorthCentral,25.4,270.26922088598695,0.0,2.06,124.75219294280717
2026-10-04T20:30:00+05:30,Anuradhapura_NorthCentral,25.3,270.83322069831706,0.0,2.06,128.46379621538821
2026-10-04T20:45:00+05:30,Anuradhapura_NorthCentral,25.2,271.4327215845922,0.0,2.06,132.17484293082344
2026-10-04T21:00:00+05:30,Anuradhapura_NorthCentral,25.1,272.0795960319509,0.0,2.11,135.88487480407147
2026-09-27T21:15:00+05:30,Vavuniya_Northern,28.0,277.26461327630625,0.0,3.84,138.63680502598493
2026-09-27T21:30:00+05:30,Vavuniya_Northern,27.9,278.44340256917576,0.0,3.88,142.31000150311664
2026-09-27T21:45:00+05:30,Vavuniya_Northern,27.7,279.8218478741888,0.0,3.92,145.9710831766002
2026-09-27T22:00:00+05:30,Vavuniya_Northern,27.6,281.47310612474627,0.0,3.94,149.61548589070128
2026-09-27T22:15:00+05:30,Vavuniya_Northern,27.5,283.50848570413416,0.0,3.95,153.23621648803925
2026-09-27T22:30:00+05:30,Vavuniya_Northern,27.4,286.105364691412,0.0,4.0,156.82200371529814
2026-09-27T22:45:00+05:30,Vavuniya_Northern,27.3,289.56225252056174,0.0,4.07,160.35353269196048
2026-09-27T23:00:00+05:30,Vavuniya_Northern,27.2,294.41423585094077,0.0,4.13,163.7951214568865
2026-09-27T23:15:00+05:30,Vavuniya_Northern,27.1,301.6862606007549,0.0,4.2,167.07455811656746
2026-09-27T23:30:00+05:30,Vavuniya_Northern,27.1,313.42047361187065,0.0,4.27,170.03035879468865
2026-09-27T23:45:00+05:30,Vavuniya_Northern,27.0,333.17286416385855,0.0,4.27,172.2811738411956
2026-09-28T00:00:00+05:30,Vavuniya_Northern,26.9,2.2780350815709767,0.0,4.27,173.0987182507327
2026-09-28T00:15:00+05:30,Vavuniya_Northern,26.8,30.38770864694021,0.0,4.25,172.02905310609208
2026-09-28T00:30:00+05:30,Vavuniya_Northern,26.7,48.76292797745896,0.0,4.2,169.64122764801616
2026-09-28T00:45:00+05:30,Vavuniya_Northern,26.7,59.68079741270378,0.0,4.16,166.62352316675168
2026-09-28T01:00:00+05:30,Vavuniya_Northern,26.6,66.51684084819169,0.0,4.13,163.31435503144274
2026-09-28T01:15:00+05:30,Vavuniya_Northern,26.5,71.12453972329729,0.0,4.09,159.8569674608605
2026-09-28T01:30:00+05:30,Vavuniya_Northern,26.5,74.4350452599881,0.0,4.05,156.31629765079242
2026-09-28T01:45:00+05:30,Vavuniya_Northern,26.4,76.93887669844196,0.0,4.04,152.72488182038617
2026-09-28T02:00:00+05:30,Vavuniya_Northern,26.3,78.91226981264242,0.0,4.06,149.10053830384774
2026-09-28T02:15:00+05:30,Vavuniya_Northern,26.2,80.52073730063415,0.0,4.02,145.45376514465292
2026-09-28T02:30:00+05:30,Vavuniya_Northern,26.2,81.86888080542622,0.0,4.01,141.791127930183
2026-09-28T02:45:00+05:30,Vavuniya_Northern,26.1,83.02586749882789,0.0,3.97,138.1169397956302
2026-09-28T03:00:00+05:30,Vavuniya_Northern,26.1,84.03923746879764,0.0,3.93,134.4341550199828
2026-09-28T03:15:00+05:30,Vavuniya_Northern,26.0,84.94278265686472,0.0,3.82,130.74487219070656
2026-09-28T03:30:00+05:30,Vavuniya_Northern,26.0,85.76125031346521,0.0,3.78,127.05063035747098
2026-09-28T03:45:00+05:30,Vavuniya_Northern,25.9,86.51326336055496,0.0,3.71,123.35259278362646
2026-09-28T04:00:00+05:30,Vavuniya_Northern,25.9,87.21319845505468,0.0,3.67,119.6516647766079
2026-09-28T04:15:00+05:30,Vavuniya_Northern,25.8,87.87243285037437,0.0,3.6,115.94857042295075
2026-09-28T04:30:00+05:30,Vavuniya_Northern,25.8,88.50019657024018,0.0,3.57,112.24390626483593
2026-09-28T04:45:00+05:30,Vavuniya_Northern,25.7,89.10417197848267,0.0,3.61,108.53817938612424
2026-09-28T05:00:00+05:30,Vavuniya_Northern,25.7,89.69092851052329,0.0,3.62,104.83183392010916
2026-09-28T05:15:00+05:30,Vavuniya_Northern,25.6,90.26624790073618,0.0,3.66,101.1252724869339
2026-09-28T05:30:00+05:30,Vavuniya_Northern,25.6,90.83537699453132,0.0,3.74,97.41887339763625
2026-09-28T05:45:00+05:30,Vavuniya_Northern,25.6,91.40323359705712,0.0,3.76,93.71300376103598
2026-09-28T06:00:00+05:30,Vavuniya_Northern,25.7,91.97458308352998,0.0,3.77,90.00803268242043
2026-09-28T06:15:00+05:30,Vavuniya_Northern,25.7,92.55420002204073,16.0,3.83,86.30434403916009
2026-09-28T06:30:00+05:30,Vavuniya_Northern,25.9,93.14702687039181,53.0,3.94,82.60234822507464
2026-09-28T06:45:00+05:30,Vavuniya_Northern,26.3,93.75834045241982,100.0,4.22,78.90249674712877
2026-09-28T07:00:00+05:30,Vavuniya_Northern,26.7,94.39393827182249,154.0,4.52,75.20529920003575
2026-09-28T07:15:00+05:30,Vavuniya_Northern,27.2,95.06035887689751,208.0,4.9,71.51134242003255
2026-09-28T07:30:00+05:30,Vavuniya_Northern,27.7,95.7651536481012,259.0,5.13,67.82131649205581
2026-09-28T07:45:00+05:30,Vavuniya_Northern,28.2,96.51723446914923,308.0,5.26,64.13604849788211
2026-09-28T08:00:00+05:30,Vavuniya_Northern,28.7,97.32733194128889,356.0,5.36,60.456545955568416
2026-09-28T08:15:00+05:30,Vavuniya_Northern,29.2,98.20861381514334,409.0,5.39,56.784058018020986
2026-09-28T08:30:00+05:30,Vavuniya_Northern,29.7,99.1775393236606,467.0,5.38,53.120160705698325
2026-09-28T08:45:00+05:30,Vavuniya_Northern,30.2,100.25506596511735,527.0,5.34,49.46687683484371
2026-09-28T09:00:00+05:30,Vavuniya_Northern,30.7,101.46839105598667,585.0,5.27,45.82685303789744
2026-09-28T09:15:00+05:30,Vavuniya_Northern,31.1,102.85352363732619,638.0,5.17,42.203624427574255
2026-09-28T09:30:00+05:30,Vavuniya_Northern,31.6,104.45917549776459,686.0,5.06,38.60201983023942
2026-09-28T09:45:00+05:30,Vavuniya_Northern,32.0,106.3527963446407,728.0,4.88,35.02880581372628
2026-09-28T10:00:00+05:30,Vavuniya_Northern,32.4,108.63018004928875,766.0,4.7,31.49374082284175
2026-09-28T10:15:00+05:30,Vavuniya_Northern,32.8,111.43113845041842,801.0,4.48,28.011362503143424
2026-09-28T10:30:00+05:30,Vavuniya_Northern,33.1,114.9655696436821,833.0,4.33,24.604140888610274
2026-09-28T10:45:00+05:30,Vavuniya_Northern,33.5,119.55693434723077,859.0,4.19,21.30824687736198
2026-09-28T11:00:00+05:30,Vavuniya_Northern,33.8,125.71155909452227,879.0,4.11,18.184400089066784
2026-09-28T11:15:00+05:30,Vavuniya_Northern,34.1,134.2078906533028,892.0,4.0,15.338164882128225
2026-09-28T11:30:00+05:30,Vavuniya_Northern,34.4,146.10567934426075,895.0,3.93,12.953918873297738
2026-09-28T11:45:00+05:30,Vavuniya_Northern,34.6,162.25115059788823,892.0,3.86,11.32730936715744
2026-09-28T12:00:00+05:30,Vavuniya_Northern,34.8,181.68550055491644,886.0,3.78,10.806107132385279
2026-09-28T12:15:00+05:30,Vavuniya_Northern,35.0,200.74931498588384,879.0,3.71,11.54107561190159
2026-09-28T12:30:00+05:30,Vavuniya_Northern,35.1,216.14275999167313,874.0,3.64,13.325960576075872
2026-09-28T12:45:00+05:30,Vavuniya_Northern,35.4,227.36467284993964,865.0,3.57,15.809038871387173
2026-09-28T13:00:00+05:30,Vavuniya_Northern,35.7,235.38080971277725,846.0,3.52,18.71439871555721
2026-09-28T13:15:00+05:30,Vavuniya_Northern,35.8,241.21396523675122,812.0,3.47,21.87438173259976
2026-09-28T13:30:00+05:30,Vavuniya_Northern,35.5,245.58928636482096,764.0,3.34,25.193313922510754
2026-09-28T13:45:00+05:30,Vavuniya_Northern,34.4,248.97487546759726,708.0,3.22,28.615893962733146
2026-09-28T14:00:00+05:30,Vavuniya_Northern,32.8,251.67015408299235,653.0,3.5,32.108942034560926
2026-09-28T14:15:00+05:30,Vavuniya_Northern,31.1,253.870226290381,602.0,4.15,35.651695163285844
2026-09-28T14:30:00+05:30,Vavuniya_Northern,29.8,255.70568477061704,554.0,4.58,39.23062943238068
2026-09-28T14:45:00+05:30,Vavuniya_Northern,29.0,257.26643993154084,507.0,4.34,42.836613662238506
2026-09-28T15:00:00+05:30,Vavuniya_Northern,28.5,258.61608375932775,462.0,3.68,46.463283050384604
2026-09-28T15:15:00+05:30,Vavuniya_Northern,28.1,259.8007299100936,417.0,2.91,50.106074487982184
2026-09-28T15:30:00+05:30,Vavuniya_Northern,27.9,260.8545928258577,376.0,2.26,53.76163512508755
2026-09-28T15:45:00+05:30,Vavuniya_Northern,27.7,261.8035998775406,335.0,2.05,57.4274459302351
2026-09-28T16:00:00+05:30,Vavuniya_Northern,27.7,262.6677894113983,294.0,2.72,61.10157550641203
2026-09-28T16:15:00+05:30,Vavuniya_Northern,27.8,263.4629412732749,251.0,3.73,64.78251619059169
2026-09-28T16:30:00+05:30,Vavuniya_Northern,27.8,264.2017102139353,208.0,4.29,68.46907018983515
2026-09-28T16:45:00+05:30,Vavuniya_Northern,27.8,264.8944313419082,167.0,4.1,72.16026935146824
2026-09-28T17:00:00+05:30,Vavuniya_Northern,27.8,265.5497053425853,129.0,3.34,75.85531886793723
2026-09-28T17:15:00+05:30,Vavuniya_Northern,27.8,266.17483298917915,94.0,2.48,79.55355474213495
2026-09-28T17:30:00+05:30,Vavuniya_Northern,27.7,266.7761461403554,63.0,1.7,83.25441175752748
2026-09-28T17:45:00+05:30,Vavuniya_Northern,27.5,267.3592676067956,34.0,1.04,86.95740023855997
2026-09-28T18:00:00+05:30,Vavuniya_Northern,27.3,267.92932220732365,8.0,0.52,90.66208639993987
2026-09-28T18:15:00+05:30,Vavuniya_Northern,27.1,268.49111619020914,0.0,0.51,94.36807617145385
2026-09-28T18:30:00+05:30,Vavuniya_Northern,26.9,269.0492985443058,0.0,0.65,98.07500278421705
2026-09-28T18:45:00+05:30,Vavuniya_Northern,26.8,269.60851515668907,0.0,0.54,101.78251417604855
2026-09-28T19:00:00+05:30,Vavuniya_Northern,26.7,270.1735669344548,0.0,0.73,105.49026084546007
2026-09-28T19:15:00+05:30,Vavuniya_Northern,26.6,270.74958379895196,0.0,1.32,109.19788481620219
2026-09-28T19:30:00+05:30,Vavuniya_Northern,26.6,271.34222810860587,0.0,1.91,112.90500579530601
2026-09-28T19:45:00+05:30,Vavuniya_Northern,26.5,271.9579460628197,0.0,2.42,116.61120486326494
2026-09-28T20:00:00+05:30,Vavuniya_Northern,26.5,272.60429299377563,0.0,2.97,120.31600562690392
2026-09-28T20:15:00+05:30,Vavuniya_Northern,26.5,273.2903697677351,0.0,3.47,124.01884759955121
2026-09-28T20:30:00+05:30,Vavuniya_Northern,26.4,274.0274280513618,0.0,3.78,127.71904988608867
2026-09-28T20:45:00+05:30,Vavuniya_Northern,26.4,274.82973562449797,0.0,3.9,131.4157612873467
2026-09-28T21:00:00+05:30,Vavuniya_Northern,26.3,275.71584943277725,0.0,3.87,135.10788503597283
2026-09-28T21:15:00+05:30,Vavuniya_Northern,26.2,276.71054671166564,0.0,3.78,138.7939647427212
2026-09-28T21:30:00+05:30,Vavuniya_Northern,26.1,277.8478523869507,0.0,3.71,142.4720067159612
2026-09-28T21:45:00+05:30,Vavuniya_Northern,26.1,279.17596020029987,0.0,3.64,146.13918720426489
2026-09-28T22:00:00+05:30,Vavuniya_Northern,26.0,280.76557133333665,0.0,3.51,149.79135220530313
2026-09-28T22:15:00+05:30,Vavuniya_Northern,26.0,282.724714732242,0.0,3.38,153.42211888581272
2026-09-28T22:30:00+05:30,Vavuniya_Northern,26.0,285.2265780348655,0.0,3.29,157.02115380238286
2026-09-28T22:45:00+05:30,Vavuniya_Northern,25.9,288.5651745769543,0.0,3.22,160.57062944474507
2026-09-28T23:00:00+05:30,Vavuniya_Northern,25.9,293.27459133519585,0.0,3.2,164.03726810258254
2026-09-28T23:15:00+05:30,Vavuniya_Northern,25.8,300.40013620444665,0.0,3.2,167.35258674917858
2026-09-28T23:30:00+05:30,Vavuniya_Northern,25.7,312.103460649156,0.0,3.24,170.3590152467696
2026-09-28T23:45:00+05:30,Vavuniya_Northern,25.7,332.4050833350864,0.0,3.34,172.6661330321238
2026-09-29T00:00:00+05:30,Vavuniya_Northern,25.6,3.1555647791344654,0.0,3.47,173.48315919455501
2026-09-29T00:15:00+05:30,Vavuniya_Northern,25.5,32.38978176588694,0.0,3.64,172.31889294339192
2026-09-29T00:30:00+05:30,Vavuniya_Northern,25.5,50.720693950873624,0.0,3.73,169.83264734488787
2026-09-29T00:45:00+05:30,Vavuniya_Northern,25.4,61.32060960738528,0.0,3.79,166.74881352308563
2026-09-29T01:00:00+05:30,Vavuniya_Northern,25.4,67.87541034222801,0.0,3.87,163.3972091690843
2026-09-29T01:15:00+05:30,Vavuniya_Northern,25.3,72.2704181171706,0.0,3.93,159.91152942795222
2026-09-29T01:30:00+05:30,Vavuniya_Northern,25.3,75.42235449633534,0.0,3.92,156.35110806734178
2026-09-29T01:45:00+05:30,Vavuniya_Northern,25.2,77.80616308235261,0.0,3.91,152.74535222486753
2026-09-29T02:00:00+05:30,Vavuniya_Northern,25.2,79.68683943104338,0.0,3.83,149.11027189497673
2026-09-29T02:15:00+05:30,Vavuniya_Northern,25.1,81.22228892716578,0.0,3.76,145.45526904754306
2026-09-29T02:30:00+05:30,Vavuniya_Northern,25.1,82.51196697406954,0.0,3.72,141.78621407798673
2026-09-29T02:45:00+05:30,Vavuniya_Northern,25.0,83.62150014010507,0.0,3.72,138.1069613478304
2026-09-29T03:00:00+05:30,Vavuniya_Northern,25.0,84.59594060137249,0.0,3.76,134.4201520271247
2026-09-29T03:15:00+05:30,Vavuniya_Northern,25.0,85.46729515874728,0.0,3.76,130.72766492907084
2026-09-29T03:30:00+05:30,Vavuniya_Northern,25.0,86.25900554947191,0.0,3.84,127.03088126093967
2026-09-29T03:45:00+05:30,Vavuniya_Northern,25.0,86.98872407349273,0.0,3.92,123.33084885173483
2026-09-29T04:00:00+05:30,Vavuniya_Northern,25.0,87.67009589326051,0.0,4.01,119.6283874636227
2026-09-29T04:15:00+05:30,Vavuniya_Northern,24.9,88.31394128167886,0.0,4.06,115.92415728526773
2026-09-29T04:30:00+05:30,Vavuniya_Northern,24.9,88.92906343100805,0.0,4.15,112.21870706869922
2026-09-29T04:45:00+05:30,Vavuniya_Northern,24.9,89.52281709461352,0.0,4.19,108.51250842289173
2026-09-29T05:00:00+05:30,Vavuniya_Northern,24.8,90.10152151063483,0.0,4.16,104.80597971302203
2026-09-29T05:15:00+05:30,Vavuniya_Northern,24.8,90.67077017552623,0.0,4.16,101.09950569490354
2026-09-29T05:30:00+05:30,Vavuniya_Northern,24.8,91.23567273314734,0.0,4.16,97.3934535001851
2026-09-29T05:45:00+05:30,Vavuniya_Northern,24.8,91.80105323913199,0.0,4.13,93.68818495910044
2026-09-29T06:00:00+05:30,Vavuniya_Northern,24.9,92.37162175039782,0.0,4.13,89.98406935921884
2026-09-29T06:15:00+05:30,Vavuniya_Northern,25.0,92.9521329911621,17.0,4.18,86.28149607298405
2026-09-29T06:30:00+05:30,Vavuniya_Northern,25.2,93.54754386942182,54.0,4.25,82.58088642749354
2026-09-29T06:45:00+05:30,Vavuniya_Northern,25.5,94.16318042547562,99.0,4.48,78.88270869338949
2026-09-29T07:00:00+05:30,Vavuniya_Northern,26.0,94.80492628143173,150.0,4.83,75.18749576373023
2026-09-29T07:15:00+05:30,Vavuniya_Northern,26.5,95.47944696516817,203.0,5.13,71.49586536654452
2026-09-29T07:30:00+05:30,Vavuniya_Northern,27.0,96.19446778218406,257.0,5.36,67.80854758787356
2026-09-29T07:45:00+05:30,Vavuniya_Northern,27.5,96.95913018526937,311.0,5.4,64.12642073418519
2026-09-29T08:00:00+05:30,Vavuniya_Northern,28.1,97.7844620267897,363.0,5.42,60.450557702498045
2026-09-29T08:15:00+05:30,Vavuniya_Northern,28.6,98.68401237448478,409.0,5.37,56.78229124677368
2026-09-29T08:30:00+05:30,Vavuniya_Northern,29.1,99.67472795919184,447.0,5.27,53.12330490644157
2026-09-29T08:45:00+05:30,Vavuniya_Northern,29.6,100.7781896221926,477.0,5.15,49.47576099328273
2026-09-29T09:00:00+05:30,Vavuniya_Northern,30.1,102.02239322326284,506.0,4.89,45.842489187880304
2026-09-29T09:15:00+05:30,Vavuniya_Northern,30.5,103.4443726268255,537.0,4.7,42.22726807649096
2026-09-29T09:30:00+05:30,Vavuniya_Northern,30.9,105.09415373351618,568.0,4.51,38.63525537411821
2026-09-29T09:45:00+05:30,Vavuniya_Northern,31.2,107.04085767899369,599.0,4.4,35.07366949032004
2026-09-29T10:00:00+05:30,Vavuniya_Northern,31.4,109.38235091880802,636.0,4.37,31.55290056874292
2026-09-29T10:15:00+05:30,Vavuniya_Northern,31.6,112.26084310011703,686.0,4.35,28.088383755765342
2026-09-29T10:30:00+05:30,Vavuniya_Northern,31.9,115.88846999272715,754.0,4.27,24.703877436915874
2026-09-29T10:45:00+05:30,Vavuniya_Northern,32.3,120.58902479759809,829.0,4.17,21.437390033194205
2026-09-29T11:00:00+05:30,Vavuniya_Northern,32.7,126.86185827548877,893.0,4.09,18.352124794665485
2026-09-29T11:15:00+05:30,Vavuniya_Northern,33.2,135.45615780999515,930.0,3.98,15.55635554988659
2026-09-29T11:30:00+05:30,Vavuniya_Northern,33.5,147.34783434315898,943.0,3.9,13.234900525361823
2026-09-29T11:45:00+05:30,Vavuniya_Northern,33.9,163.22560840821552,940.0,3.85,11.674284633927115
2026-09-29T12:00:00+05:30,Vavuniya_Northern,34.2,182.0590034248628,930.0,3.8,11.197319798921498
2026-09-29T12:15:00+05:30,Vavuniya_Northern,34.4,200.4705494500603,922.0,3.74,11.934657711027484
2026-09-29T12:30:00+05:30,Vavuniya_Northern,34.3,215.47258792779485,920.0,3.69,13.69149455603258
2026-09-29T12:45:00+05:30,Vavuniya_Northern,33.7,226.55411490608384,910.0,3.64,16.13822373978931
2026-09-29T13:00:00+05:30,Vavuniya_Northern,32.8,234.55912070446857,874.0,3.61,19.010278524547388
2026-09-29T13:15:00+05:30,Vavuniya_Northern,31.8,240.43098312961985,793.0,3.62,22.14273540180011
2026-09-29T13:30:00+05:30,Vavuniya_Northern,31.1,244.85917463559718,658.0,3.47,25.439542703305648
2026-09-29T13:45:00+05:30,Vavuniya_Northern,30.9,248.2978704251377,510.0,3.26,28.844356420286267
2026-09-29T14:00:00+05:30,Vavuniya_Northern,30.9,251.04165793938972,393.0,3.07,32.32301501207739
2026-09-29T14:15:00+05:30,Vavuniya_Northern,30.9,253.28439117898904,341.0,2.9,35.85397938409717
2026-09-29T14:30:00+05:30,Vavuniya_Northern,30.6,255.15675745076487,347.0,2.6,39.42314234575224
2026-09-29T14:45:00+05:30,Vavuniya_Northern,29.6,256.7492116388769,372.0,1.89,43.02093954130688
2026-09-29T15:00:00+05:30,Vavuniya_Northern,28.2,258.12598798209456,379.0,1.06,46.64068351212316
2026-09-29T15:15:00+05:30,Vavuniya_Northern,26.9,259.3338081321475,343.0,1.01,50.277568689190886
2026-09-29T15:30:00+05:30,Vavuniya_Northern,25.9,260.4074175288391,277.0,1.63,53.92805804703254
2026-09-29T15:45:00+05:30,Vavuniya_Northern,25.6,261.37319030400863,206.0,1.96,57.58949111875535
2026-09-29T16:00:00+05:30,Vavuniya_Northern,25.6,262.2515332565174,150.0,2.15,61.25982680085146
2026-09-29T16:15:00+05:30,Vavuniya_Northern,25.8,263.0585262170117,120.0,2.21,64.9374716073091
2026-09-29T16:30:00+05:30,Vavuniya_Northern,25.9,263.8070654726718,106.0,2.18,68.62116017794206
2026-09-29T16:45:00+05:30,Vavuniya_Northern,25.8,264.5076780568116,97.0,2.06,72.30987097250129
2026-09-29T17:00:00+05:30,Vavuniya_Northern,25.7,265.1691142364923,84.0,1.81,76.00276700032924
2026-09-29T17:15:00+05:30,Vavuniya_Northern,25.7,265.79878771803516,65.0,1.53,79.69915111310253
2026-09-29T17:30:00+05:30,Vavuniya_Northern,25.6,266.40311089832835,44.0,1.35,83.39843238611786
2026-09-29T17:45:00+05:30,Vavuniya_Northern,25.6,266.9877576906333,24.0,1.2,87.10010173167451
2026-09-29T18:00:00+05:30,Vavuniya_Northern,25.6,267.5578763574177,5.0,1.03,90.80371144701344
2026-09-29T18:15:00+05:30,Vavuniya_Northern,25.6,268.1182695931948,0.0,0.9,94.50885851505751
2026-09-29T18:30:00+05:30,Vavuniya_Northern,25.6,268.6735553848262,0.0,0.74,98.21517191503357
2026-09-29T18:45:00+05:30,Vavuniya_Northern,25.7,269.2283195338681,0.0,0.59,101.92229996819324
2026-09-29T19:00:00+05:30,Vavuniya_Northern,25.8,269.7872708062244,0.0,0.5,105.62989836622341
2026-09-29T19:15:00+05:30,Vavuniya_Northern,25.9,270.35541034539165,0.0,0.4,109.33761955776104
2026-09-29T19:30:00+05:30,Vavuniya_Northern,25.9,270.93822849475015,0.0,0.43,113.04509962798531
2026-09-29T19:45:00+05:30,Vavuniya_Northern,26.0,271.54194696030197,0.0,0.74,116.75194309046844
2026-09-29T20:00:00+05:30,Vavuniya_Northern,26.1,272.1738312976408,0.0,1.28,120.45770565204558
2026-09-29T20:15:00+05:30,Vavuniya_Northern,26.1,272.84260959813236,0.0,1.84,124.16186991351663
2026-09-29T20:30:00+05:30,Vavuniya_Northern,26.1,273.55905312258767,0.0,2.3,127.86381240785221
2026-09-29T20:45:00+05:30,Vavuniya_Northern,26.0,274.3368070566212,0.0,2.55,131.56275857455427
2026-09-29T21:00:00+05:30,Vavuniya_Northern,25.9,275.19361460697166,0.0,2.69,135.25771470417789
2026-09-29T21:15:00+05:30,Vavuniya_Northern,25.8,276.1531780477315,0.0,2.8,138.94736475989518
2026-09-29T21:30:00+05:30,Vavuniya_Northern,25.6,277.2480850493114,0.0,2.9,142.62990952552207
2026-09-29T21:45:00+05:30,Vavuniya_Northern,25.5,278.5245842027344,0.0,3.01,146.30280064076507
2026-09-29T22:00:00+05:30,Vavuniya_Northern,25.4,280.05071857023614,0.0,3.12,149.9622844618109
2026-09-29T22:15:00+05:30,Vavuniya_Northern,25.4,281.93088084752645,0.0,3.24,153.60257845485717
2026-09-29T22:30:00+05:30,Vavuniya_Northern,25.3,284.3334053680312,0.0,3.36,157.21428141794564
2026-09-29T22:45:00+05:30,Vavuniya_Northern,25.3,287.54651158565366,0.0,3.51,160.7810678853254
2026-09-29T23:00:00+05:30,Vavuniya_Northern,25.3,292.1006586841984,0.0,3.65,164.27215148460613
2026-09-29T23:15:00+05:30,Vavuniya_Northern,25.3,299.05656061101934,0.0,3.83,167.62310859149838
2026-09-29T23:30:00+05:30,Vavuniya_Northern,25.3,310.6922344127361,0.0,3.93,170.681329834903
2026-09-29T23:45:00+05:30,Vavuniya_Northern,25.3,331.5463202644635,0.0,3.99,173.04887884160573
2026-09-30T00:00:00+05:30,Vavuniya_Northern,25.2,4.1322144176330085,0.0,4.08,173.86566973341155
2026-09-30T00:15:00+05:30,Vavuniya_Northern,25.2,34.536900014640025,0.0,4.11,172.59909808633353
2026-09-30T00:30:00+05:30,Vavuniya_Northern,25.2,52.74521463587371,0.0,4.18,170.01266337974272
2026-09-30T00:45:00+05:30,Vavuniya_Northern,25.2,62.98643367527063,0.0,4.25,166.86423846314443
2026-09-30T01:00:00+05:30,Vavuniya_Northern,25.2,69.24408361078008,0.0,4.25,163.47203214382364
2026-09-30T01:15:00+05:30,Vavuniya_Northern,25.1,73.4200292701546,0.0,4.32,159.9595793479196
2026-09-30T01:30:00+05:30,Vavuniya_Northern,25.1,76.41068735375347,0.0,4.32,156.38059663339155
2026-09-30T01:45:00+05:30,Vavuniya_Northern,25.1,78.67327256452415,0.0,4.32,152.76143686426462
2026-09-30T02:00:00+05:30,Vavuniya_Northern,25.1,80.46069766889872,0.0,4.28,149.11636974855594
2026-09-30T02:15:00+05:30,Vavuniya_Northern,25.0,81.92290497911915,0.0,4.21,145.45375120320227
2026-09-30T02:30:00+05:30,Vavuniya_Northern,25.0,83.1540430685219,0.0,4.17,141.7787916876643
2026-09-30T02:45:00+05:30,Vavuniya_Northern,24.9,84.21612138254869,0.0,4.1,138.09491166092548
2026-09-30T03:00:00+05:30,Vavuniya_Northern,24.9,85.15166618524694,0.0,4.07,134.40445697764056
2026-09-30T03:15:00+05:30,Vavuniya_Northern,24.9,85.99087970787042,0.0,4.03,130.70909964912008
2026-09-30T03:30:00+05:30,Vavuniya_Northern,24.9,86.75588807592885,0.0,4.0,127.01007268777082
2026-09-30T03:45:00+05:30,Vavuniya_Northern,24.9,87.46336770843777,0.0,4.03,123.3083158068126
2026-09-30T04:00:00+05:30,Vavuniya_Northern,24.9,88.12622958155748,0.0,4.07,119.60456888641006
2026-09-30T04:15:00+05:30,Vavuniya_Northern,24.9,88.75473567415747,0.0,4.1,115.89943268439939
2026-09-30T04:30:00+05:30,Vavuniya_Northern,24.9,89.35726177168635,0.0,4.17,112.19341175350088
2026-09-30T04:45:00+05:30,Vavuniya_Northern,24.9,89.94083482481699,0.0,4.24,108.48694517903228
2026-09-30T05:00:00+05:30,Vavuniya_Northern,24.9,90.51152386579423,0.0,4.28,104.7804280306526
2026-09-30T05:15:00+05:30,Vavuniya_Northern,24.9,91.07473421003817,0.0,4.31,101.07422932126221
2026-09-30T05:30:00+05:30,Vavuniya_Northern,24.9,91.63543834937559,0.0,4.35,97.36870686848138
2026-09-30T05:45:00+05:30,Vavuniya_Northern,24.9,92.19836658190707,0.0,4.35,93.66421890814667
2026-09-30T06:00:00+05:30,Vavuniya_Northern,24.9,92.7681735396057,0.0,4.32,89.96113647693423
2026-09-30T06:15:00+05:30,Vavuniya_Northern,24.9,93.34959385706077,14.0,4.32,86.2598559429551
2026-09-30T06:30:00+05:30,Vavuniya_Northern,25.1,93.94759845967872,44.0,4.42,82.56081104689864
2026-09-30T06:45:00+05:30,Vavuniya_Northern,25.3,94.56756191932982,80.0,4.67,78.86448833630757
2026-09-30T07:00:00+05:30,Vavuniya_Northern,25.7,95.21545295057399,122.0,5.06,75.17144558930121
2026-09-30T07:15:00+05:30,Vavuniya_Northern,26.1,95.89806256294116,166.0,5.41,71.4823331396013
2026-09-30T07:30:00+05:30,Vavuniya_Northern,26.5,96.6232878238269,212.0,5.66,67.7979229722087
2026-09-30T07:45:00+05:30,Vavuniya_Northern,27.0,97.40049663542442,260.0,5.7,64.11914676648306
2026-09-30T08:00:00+05:30,Vavuniya_Northern,27.5,98.24100957767666,307.0,5.69,60.44714527874696
2026-09-30T08:15:00+05:30,Vavuniya_Northern,28.0,99.15875041002539,351.0,5.54,56.78333777097554
2026-09-30T08:30:00+05:30,Vavuniya_Northern,28.5,100.17114352114942,388.0,5.46,53.12951874818344
2026-09-30T08:45:00+05:30,Vavuniya_Northern,28.9,101.30037822424816,420.0,5.35,49.48799414439691
2026-09-30T09:00:00+05:30,Vavuniya_Northern,29.2,102.57522599160654,457.0,5.23,45.86178163355038
2026-09-30T09:15:00+05:30,Vavuniya_Northern,29.5,104.0337093318044,507.0,5.11,42.25490915841183
2026-09-30T09:30:00+05:30,Vavuniya_Northern,29.9,105.72710970256071,574.0,4.99,38.67287015014335
2026-09-30T09:45:00+05:30,Vavuniya_Northern,30.3,107.72612225336923,649.0,4.88,35.123342289090516
2026-09-30T10:00:00+05:30,Vavuniya_Northern,30.8,110.13051927151247,719.0,4.74,31.617354175369016
2026-09-30T10:15:00+05:30,Vavuniya_Northern,31.3,113.08461500852059,770.0,4.65,28.171240856883422
2026-09-30T10:30:00+05:30,Vavuniya_Northern,31.7,116.80225762844714,802.0,4.52,24.810037358333517
2026-09-30T10:45:00+05:30,Vavuniya_Northern,32.1,121.60663762182816,823.0,4.38,21.573538962789584
2026-09-30T11:00:00+05:30,Vavuniya_Northern,32.4,127.98859534951339,839.0,4.3,18.527283374855358
2026-09-30T11:15:00+05:30,Vavuniya_Northern,32.7,136.66634788842094,856.0,4.14,15.78188630976031
2026-09-30T11:30:00+05:30,Vavuniya_Northern,32.9,148.53389025002798,872.0,4.04,13.52191891189527
2026-09-30T11:45:00+05:30,Vavuniya_Northern,33.1,164.13871974674316,884.0,3.92,12.024326246557976
2026-09-30T12:00:00+05:30,Vavuniya_Northern,33.2,182.40209294622645,889.0,3.85,11.588572844148885
2026-09-30T12:15:00+05:30,Vavuniya_Northern,33.2,200.20496540959564,888.0,3.79,12.327787796436724
2026-09-30T12:30:00+05:30,Vavuniya_Northern,33.3,214.83370157120473,884.0,3.69,14.057818178100092
2026-09-30T12:45:00+05:30,Vavuniya_Northern,33.6,225.7733384001463,872.0,3.56,16.469308868596812
2026-09-30T13:00:00+05:30,Vavuniya_Northern,34.0,233.76064022144928,848.0,3.4,19.30857248938078
2026-09-30T13:15:00+05:30,Vavuniya_Northern,34.2,239.66519160790492,807.0,3.32,22.413596366804384
2026-09-30T13:30:00+05:30,Vavuniya_Northern,34.0,244.1417715213422,746.0,3.36,25.688153196356637
2026-09-30T13:45:00+05:30,Vavuniya_Northern,33.0,247.63039755852873,677.0,3.69,29.074977230210187
2026-09-30T14:00:00+05:30,Vavuniya_Northern,31.6,250.42044847272336,613.0,4.22,32.5389869742192
2026-09-30T14:15:00+05:30,Vavuniya_Northern,30.2,252.704232907041,561.0,4.75,36.057896754492695
2026-09-30T14:30:00+05:30,Vavuniya_Northern,29.3,254.61232987399967,516.0,4.94,39.61702942861971
2026-09-30T14:45:00+05:30,Vavuniya_Northern,29.1,256.23560403869385,476.0,4.72,43.2063928378136
2026-09-30T15:00:00+05:30,Vavuniya_Northern,29.4,257.63884259041725,441.0,4.23,46.818978399816665
2026-09-30T15:15:00+05:30,Vavuniya_Northern,29.9,258.86931526619753,412.0,3.65,50.44973780600122
2026-09-30T15:30:00+05:30,Vavuniya_Northern,30.2,259.9622576202793,391.0,3.23,54.09494876812852
2026-09-30T15:45:00+05:30,Vavuniya_Northern,30.2,260.9444621094757,370.0,3.07,57.75180798125458
2026-09-30T16:00:00+05:30,Vavuniya_Northern,30.2,261.8366838136614,340.0,3.02,61.418163158002514
2026-09-30T16:15:00+05:30,Vavuniya_Northern,30.1,262.6552879502219,297.0,3.0,65.09233354841483
2026-09-30T16:30:00+05:30,Vavuniya_Northern,30.0,263.41340155893226,246.0,2.95,68.77298486015148
2026-09-30T16:45:00+05:30,Vavuniya_Northern,29.9,264.12173545815466,194.0,2.76,72.45904088871949
2026-09-30T17:00:00+05:30,Vavuniya_Northern,29.8,264.78918320626906,147.0,2.57,76.14962126797995
2026-09-30T17:15:00+05:30,Vavuniya_Northern,29.6,265.42326644840955,105.0,2.29,79.84399457417418
2026-09-30T17:30:00+05:30,Vavuniya_Northern,29.4,266.03047402632257,68.0,2.06,83.5415431011409
2026-09-30T17:45:00+05:30,Vavuniya_Northern,29.1,266.6165274700676,35.0,1.82,87.24173730460647
2026-09-30T18:00:00+05:30,Vavuniya_Northern,28.8,267.1865953796844,7.0,1.64,90.94411452888444
2026-09-30T18:15:00+05:30,Vavuniya_Northern,28.5,267.74547398002966,0.0,1.49,94.64826176271885
2026-09-30T18:30:00+05:30,Vavuniya_Northern,28.2,268.297747356751,0.0,1.45,98.35380264198055
2026-09-30T18:45:00+05:30,Vavuniya_Northern,28.1,268.8479381714253,0.0,1.45,102.06038471394342
2026-09-30T19:00:00+05:30,Vavuniya_Northern,28.0,269.4006596463161,0.0,1.41,105.76766760449229
2026-09-30T19:15:00+05:30,Vavuniya_Northern,27.9,269.96078016292466,0.0,1.46,109.47531278814986
2026-09-30T19:30:00+05:30,Vavuniya_Northern,27.8,270.5336131783654,0.0,1.57,113.18297114202821
2026-09-30T19:45:00+05:30,Vavuniya_Northern,27.8,271.1251497254284,0.0,1.74,116.89026877797383
2026-09-30T20:00:00+05:30,Vavuniya_Northern,27.7,271.74235748943204,0.0,1.98,120.59679134556436
2026-09-30T20:15:00+05:30,Vavuniya_Northern,27.6,272.39358087860006,0.0,2.28,124.30206195755679
2026-09-30T20:30:00+05:30,Vavuniya_Northern,27.6,273.0890956414353,0.0,2.5,128.00551144677712
2026-09-30T20:45:00+05:30,Vavuniya_Northern,27.5,273.84190287851754,0.0,2.64,131.70643804886757
2026-09-30T21:00:00+05:30,Vavuniya_Northern,27.4,274.66890061102276,0.0,2.77,135.40394633298627
2026-09-30T21:15:00+05:30,Vavuniya_Northern,27.3,275.59266871499256,0.0,2.83,139.09685461643028
2026-09-30T21:30:00+05:30,Vavuniya_Northern,27.2,276.64428358647524,0.0,2.9,142.78355059560693
2026-09-30T21:45:00+05:30,Vavuniya_Northern,27.1,277.8679286629816,0.0,2.9,146.46175180682368
2026-09-30T22:00:00+05:30,Vavuniya_Northern,26.9,279.3287856294178,0.0,2.9,150.12809334285333
2026-09-30T22:15:00+05:30,Vavuniya_Northern,26.8,281.12724894179365,0.0,2.87,153.77737984084195
2026-09-30T22:30:00+05:30,Vavuniya_Northern,26.6,283.4261173180492,0.0,2.84,157.40113127273688
2026-09-30T22:45:00+05:30,Vavuniya_Northern,26.5,286.50645015434714,0.0,2.82,160.9845289794767
2026-09-30T23:00:00+05:30,Vavuniya_Northern,26.3,290.8922034172267,0.0,2.83,164.49934788418432
2026-09-30T23:15:00+05:30,Vavuniya_Northern,26.2,297.6536106468323,0.0,2.84,167.8855348928492
2026-09-30T23:30:00+05:30,Vavuniya_Northern,26.1,309.1788890235428,0.0,2.89,170.99655106133338
2026-09-30T23:45:00+05:30,Vavuniya_Northern,26.0,330.5809456386579,0.0,2.93,173.42898940870504
2026-10-01T00:00:00+05:30,Vavuniya_Northern,25.9,5.22586925017896,0.0,3.0,174.24589431173112
2026-10-01T00:15:00+05:30,Vavuniya_Northern,25.8,36.83905401694585,0.0,3.02,172.86861212511974
2026-10-01T00:30:00+05:30,Vavuniya_Northern,25.7,54.83473348604343,0.0,3.06,170.18074625089668
2026-10-01T00:45:00+05:30,Vavuniya_Northern,25.6,64.67599281617714,0.0,3.11,166.9696393865095
2026-10-01T01:00:00+05:30,Vavuniya_Northern,25.6,70.621338641987,0.0,3.13,163.53881993136537
2026-10-01T01:15:00+05:30,Vavuniya_Northern,25.5,74.5723918078071,0.0,3.18,160.0011762973109
2026-10-01T01:30:00+05:30,Vavuniya_Northern,25.4,77.39938262201866,0.0,3.16,156.40484937060347
2026-10-01T01:45:00+05:30,Vavuniya_Northern,25.4,79.53973400541406,0.0,3.15,152.7732336501472
2026-10-01T02:00:00+05:30,Vavuniya_Northern,25.3,81.23349060234546,0.0,3.11,149.11893498058635
2026-10-01T02:15:00+05:30,Vavuniya_Northern,25.3,82.62230699176104,0.0,3.02,145.44931679908177
2026-10-01T02:30:00+05:30,Vavuniya_Northern,25.2,83.79488117408556,0.0,2.95,141.7689664937776
2026-10-01T02:45:00+05:30,Vavuniya_Northern,25.2,84.80953836433383,0.0,2.84,138.0808962545379
2026-10-01T03:00:00+05:30,Vavuniya_Northern,25.2,85.70624637387078,0.0,2.7,134.38717479354247
2026-10-01T03:15:00+05:30,Vavuniya_Northern,25.1,86.51338672415727,0.0,2.57,130.68928048580082
2026-10-01T03:30:00+05:30,Vavuniya_Northern,25.1,87.2517618813805,0.0,2.5,126.98830789508338
2026-10-01T03:45:00+05:30,Vavuniya_Northern,25.0,87.93706844273845,0.0,2.47,123.28509599147947
2026-10-01T04:00:00+05:30,Vavuniya_Northern,25.0,88.58148137748299,0.0,2.49,119.58031045746466
2026-10-01T04:15:00+05:30,Vavuniya_Northern,24.9,89.1947036440065,0.0,2.49,115.8744970975646
2026-10-01T04:30:00+05:30,Vavuniya_Northern,24.9,89.78468344720659,0.0,2.49,112.16811986152767
2026-10-01T04:45:00+05:30,Vavuniya_Northern,24.8,90.35812002083651,0.0,2.43,108.46158825739776
2026-10-01T05:00:00+05:30,Vavuniya_Northern,24.7,90.92083237347015,0.0,2.32,104.75527652686696
2026-10-01T05:15:00+05:30,Vavuniya_Northern,24.7,91.47803782466826,0.0,2.2,101.04954005385963
2026-10-01T05:30:00+05:30,Vavuniya_Northern,24.7,92.03457184468425,0.0,2.19,97.34472919750716
2026-10-01T05:45:00+05:30,Vavuniya_Northern,24.9,92.59507100877187,0.0,2.23,93.64120027480512
2026-10-01T06:00:00+05:30,Vavuniya_Northern,25.1,93.16413442845146,0.0,2.33,89.93932762216271
2026-10-01T06:15:00+05:30,Vavuniya_Northern,25.4,93.74647638371954,15.0,2.44,86.2395160887284
2026-10-01T06:30:00+05:30,Vavuniya_Northern,25.8,94.34708133488078,52.0,2.58,82.54221329395386
2026-10-01T06:45:00+05:30,Vavuniya_Northern,26.1,94.97137161909563,100.0,2.72,78.84792555060218
2026-10-01T07:00:00+05:30,Vavuniya_Northern,26.5,95.62539989802491,157.0,2.93,75.15723708103012
2026-10-01T07:15:00+05:30,Vavuniya_Northern,26.9,96.31608099977745,215.0,3.11,71.47083250237638
2026-10-01T07:30:00+05:30,Vavuniya_Northern,27.3,97.05148136683647,272.0,3.25,67.78952755113681
2026-10-01T07:45:00+05:30,Vavuniya_Northern,27.7,97.84119193117624,326.0,3.36,64.11430936768342
2026-10-01T08:00:00+05:30,Vavuniya_Northern,28.1,98.69682107548226,379.0,3.46,60.44638896312403
2026-10-01T08:15:00+05:30,Vavuniya_Northern,28.5,99.63266008444197,436.0,3.46,56.787274901620464
2026-10-01T08:30:00+05:30,Vavuniya_Northern,28.9,100.66660043027878,494.0,3.46,53.13887594554281
2026-10-01T08:45:00+05:30,Vavuniya_Northern,29.3,101.82142402601471,552.0,3.39,49.50364554946979
2026-10-01T09:00:00+05:30,Vavuniya_Northern,29.7,103.12665365115697,607.0,3.25,45.88479399302514
2026-10-01T09:15:00+05:30,Vavuniya_Northern,30.0,104.62126239272197,657.0,3.08,42.28660395873623
2026-10-01T09:30:00+05:30,Vavuniya_Northern,30.4,106.35772615524093,702.0,2.86,38.71491065127509
2026-10-01T09:45:00+05:30,Vavuniya_Northern,30.8,108.40821337902901,741.0,2.62,35.17785723129061
2026-10-01T10:00:00+05:30,Vavuniya_Northern,31.2,110.87423169786126,777.0,2.33,31.687115531611937
2026-10-01T10:15:00+05:30,Vavuniya_Northern,31.6,113.90190448322079,809.0,2.09,28.259919649906053
2026-10-01T10:30:00+05:30,Vavuniya_Northern,32.0,117.70627337102923,835.0,1.81,24.922564195058186
2026-10-01T10:45:00+05:30,Vavuniya_Northern,32.3,122.60902997964723,857.0,1.59,21.716572393370228
2026-10-01T11:00:00+05:30,Vavuniya_Northern,32.6,129.09111321717387,877.0,1.35,18.709657323008827
2026-10-01T11:15:00+05:30,Vavuniya_Northern,32.9,137.83846706817576,899.0,1.17,16.01441017096532
2026-10-01T11:30:00+05:30,Vavuniya_Northern,33.1,149.66575680319153,923.0,0.96,13.81452548870024
2026-10-01T11:45:00+05:30,Vavuniya_Northern,33.3,164.99467275093173,945.0,0.79,12.377060478803045
2026-10-01T12:00:00+05:30,Vavuniya_Northern,33.5,182.71725940726824,958.0,0.7,11.979711052226861
2026-10-01T12:15:00+05:30,Vavuniya_Northern,33.7,199.9509827026848,956.0,0.65,12.720333423476092
2026-10-01T12:30:00+05:30,Vavuniya_Northern,33.9,214.22358108846234,941.0,0.72,14.424689433549162
2026-10-01T12:45:00+05:30,Vavuniya_Northern,34.0,225.02065071953024,916.0,0.83,16.802001708280656
2026-10-01T13:00:00+05:30,Vavuniya_Northern,34.2,232.98446305680838,886.0,1.0,19.60899538654826
2026-10-01T13:15:00+05:30,Vavuniya_Northern,34.2,238.91614352836476,852.0,1.24,22.68670569372634
2026-10-01T13:30:00+05:30,Vavuniya_Northern,34.3,243.4368686329972,816.0,1.38,25.938913406660802
2026-10-01T13:45:00+05:30,Vavuniya_Northern,34.3,246.97237142925331,775.0,1.49,29.307546919799293
2026-10-01T14:00:00+05:30,Vavuniya_Northern,34.2,249.80650476149378,726.0,1.59,32.7566661762872
2026-10-01T14:15:00+05:30,Vavuniya_Northern,34.1,252.12976532913524,668.0,1.7,36.26326927558547
2026-10-01T14:30:00+05:30,Vavuniya_Northern,33.8,254.07243515085148,600.0,1.7,39.81212337386806
2026-10-01T14:45:00+05:30,Vavuniya_Northern,33.5,255.72566116654366,529.0,1.63,43.392814643999635
2026-10-01T15:00:00+05:30,Vavuniya_Northern,33.0,257.15469796125143,465.0,1.6,46.99801548601525
2026-10-01T15:15:00+05:30,Vavuniya_Northern,32.5,258.4073054650464,413.0,1.5,50.622434991938896
2026-10-01T15:30:00+05:30,Vavuniya_Northern,32.0,259.5191695845907,371.0,1.52,54.26216482561729
2026-10-01T15:45:00+05:30,Vavuniya_Northern,31.4,260.51747331020294,333.0,1.6,57.91425766624039
2026-10-01T16:00:00+05:30,Vavuniya_Northern,30.7,261.4233002114394,295.0,1.72,61.57644872761355
2026-10-01T16:15:00+05:30,Vavuniya_Northern,30.0,262.25328652612296,255.0,1.99,65.24696867238548
2026-10-01T16:30:00+05:30,Vavuniya_Northern,29.3,263.0207794102507,216.0,2.22,68.9244130013636
2026-10-01T16:45:00+05:30,Vavuniya_Northern,28.7,263.7366654258647,177.0,2.48,72.60764963749693
2026-10-01T17:00:00+05:30,Vavuniya_Northern,28.2,264.4099752016033,138.0,2.69,76.29575369531128
2026-10-01T17:15:00+05:30,Vavuniya_Northern,27.7,265.0483333811608,98.0,2.87,79.98795838932078
2026-10-01T17:30:00+05:30,Vavuniya_Northern,27.2,265.6583012035501,60.0,3.03,83.68361818310521
2026-10-01T17:45:00+05:30,Vavuniya_Northern,26.9,266.2456443742325,28.0,3.08,87.38218205294872
2026-10-01T18:00:00+05:30,Vavuniya_Northern,26.7,266.81554877036007,5.0,3.02,91.08317136591793
2026-10-01T18:15:00+05:30,Vavuniya_Northern,26.5,267.3728012815112,0.0,2.97,94.78616207053321
2026-10-01T18:30:00+05:30,Vavuniya_Northern,26.3,267.92194925250715,0.0,2.85,98.49077136821997
2026-10-01T18:45:00+05:30,Vavuniya_Northern,26.2,268.4674492216021,0.0,2.69,102.19664486558777
2026-10-01T19:00:00+05:30,Vavuniya_Northern,26.1,269.0138155524143,0.0,2.53,105.9034448473325
2026-10-01T19:15:00+05:30,Vavuniya_Northern,26.0,269.5657799893048,0.0,2.3,109.61084038966851
2026-10-01T19:30:00+05:30,Vavuniya_Northern,26.0,270.12847436885124,0.0,2.15,113.31849553577675
2026-10-01T19:45:00+05:30,Vavuniya_Northern,25.9,270.70765304631334,0.0,2.01,117.02605611164122
2026-10-01T20:00:00+05:30,Vavuniya_Northern,25.9,271.3099779679497,0.0,1.88,120.73313547870539
2026-10-01T20:15:00+05:30,Vavuniya_Northern,25.8,271.94339924171277,0.0,1.75,124.43929458021377
2026-10-01T20:30:00+05:30,Vavuniya_Northern,25.7,272.6176823780937,0.0,1.68,128.14401527757101
2026-10-01T20:45:00+05:30,Vavuniya_Northern,25.6,273.3451633994502,0.0,1.61,131.84666455135425
2026-10-01T21:00:00+05:30,Vavuniya_Northern,25.5,274.1418643428208,0.0,1.61,135.54644016581352
2026-10-01T21:15:00+05:30,Vavuniya_Northern,25.4,275.0291960756402,0.0,1.55,139.2422883365503
2026-10-01T21:30:00+05:30,Vavuniya_Northern,25.3,276.03665069198394,0.0,1.55,142.9327754045811
2026-10-01T21:45:00+05:30,Vavuniya_Northern,25.2,277.2062274585619,0.0,1.5,146.6158741878343
2026-10-01T22:00:00+05:30,Vavuniya_Northern,25.2,278.60004368946545,0.0,1.5,150.28859503317577
2026-10-01T22:15:00+05:30,Vavuniya_Northern,25.1,280.31413061616877,0.0,1.45,153.94631340142647
2026-10-01T22:30:00+05:30,Vavuniya_Northern,25.0,282.50505385650536,0.0,1.45,157.58145357131838
2026-10-01T22:45:00+05:30,Vavuniya_Northern,25.0,285.4452862463569,0.0,1.45,161.18069760138678
2026-10-01T23:00:00+05:30,Vavuniya_Northern,24.9,289.6491677689464,0.0,1.45,164.718431584114
2026-10-01T23:15:00+05:30,Vavuniya_Northern,24.8,296.18958924912056,0.0,1.4,168.13925536720035
2026-10-01T23:30:00+05:30,Vavuniya_Northern,24.8,307.5551316973183,0.0,1.4,171.30385377324677
2026-10-01T23:45:00+05:30,Vavuniya_Northern,24.7,329.4899377595282,0.0,1.4,173.8059676522164
2026-10-02T00:00:00+05:30,Vavuniya_Northern,24.7,6.459079717189525,0.0,1.35,174.6234067142548
2026-10-02T00:15:00+05:30,Vavuniya_Northern,24.6,39.30592461933253,0.0,1.3,173.12627952777265
2026-10-02T00:30:00+05:30,Vavuniya_Northern,24.6,56.98676405894872,0.0,1.3,170.3363854790482
2026-10-02T00:45:00+05:30,Vavuniya_Northern,24.5,66.38681279272356,0.0,1.3,167.0648843414499
2026-10-02T01:00:00+05:30,Vavuniya_Northern,24.5,72.0056110494312,0.0,1.25,163.5975864016423
2026-10-02T01:15:00+05:30,Vavuniya_Northern,24.5,75.72651948499345,0.0,1.25,160.036390552515
2026-10-02T01:30:00+05:30,Vavuniya_Northern,24.5,78.38778235140506,0.0,1.25,156.42395934620296
2026-10-02T01:45:00+05:30,Vavuniya_Northern,24.5,80.40508033562173,0.0,1.25,152.78084494077842
2026-10-02T02:00:00+05:30,Vavuniya_Northern,24.4,82.00486748180833,0.0,1.2,149.11807345444842
2026-10-02T02:15:00+05:30,Vavuniya_Northern,24.4,83.3202185471497,0.0,1.2,145.44207259865485
2026-10-02T02:30:00+05:30,Vavuniya_Northern,24.4,84.43425442838043,0.0,1.2,141.75684495404184
2026-10-02T02:45:00+05:30,Vavuniya_Northern,24.3,85.40155847147895,0.0,1.21,138.06502072269342
2026-10-02T03:00:00+05:30,Vavuniya_Northern,24.3,86.25951293332537,0.0,1.21,134.3684099563852
2026-10-02T03:15:00+05:30,Vavuniya_Northern,24.2,87.0346657383526,0.0,1.22,130.66831071051845
2026-10-02T03:30:00+05:30,Vavuniya_Northern,24.1,87.74648966361116,0.0,1.22,126.96568892088337
2026-10-02T03:45:00+05:30,Vavuniya_Northern,24.1,88.40969883753087,0.0,1.22,123.26129021277211
2026-10-02T04:00:00+05:30,Vavuniya_Northern,24.0,89.03573125135136,0.0,1.23,119.55571177293862
2026-10-02T04:15:00+05:30,Vavuniya_Northern,23.9,89.63373068882271,0.0,1.23,115.84944893057263
2026-10-02T04:30:00+05:30,Vavuniya_Northern,23.9,90.21121799149904,0.0,1.24,112.14292862342316
2026-10-02T04:45:00+05:30,Vavuniya_Northern,23.9,90.7745650308724,0.0,1.25,108.4365337215767
2026-10-02T05:00:00+05:30,Vavuniya_Northern,24.0,91.32934115832575,0.0,1.31,104.73062009630016
2026-10-02T05:15:00+05:30,Vavuniya_Northern,24.1,91.88057600551298,0.0,1.33,101.02553160641561
2026-10-02T05:30:00+05:30,Vavuniya_Northern,24.2,92.43296822800721,0.0,1.39,97.32161299685808
2026-10-02T05:45:00+05:30,Vavuniya_Northern,24.4,92.99106075294196,0.0,1.46,93.61922032354023
2026-10-02T06:00:00+05:30,Vavuniya_Northern,24.7,93.55939708284586,0.0,1.54,89.91873276196254
2026-10-02T06:15:00+05:30,Vavuniya_Northern,25.0,94.14267085640239,16.0,1.68,86.22056510838071
2026-10-02T06:30:00+05:30,Vavuniya_Northern,25.4,94.74587953466227,54.0,1.77,82.52518030506536
2026-10-02T06:45:00+05:30,Vavuniya_Northern,25.7,95.37449236997963,103.0,1.9,78.83310589294884
2026-10-02T07:00:00+05:30,Vavuniya_Northern,26.1,96.03464470472022,161.0,2.02,75.14495406581256
2026-10-02T07:15:00+05:30,Vavuniya_Northern,26.6,96.73337335559916,219.0,2.16,71.46144536462238
2026-10-02T07:30:00+05:30,Vavuniya_Northern,27.0,97.47891153008015,275.0,2.26,67.7834410757551
2026-10-02T07:45:00+05:30,Vavuniya_Northern,27.4,98.28106947171455,328.0,2.36,64.11198582193532
2026-10-02T08:00:00+05:30,Vavuniya_Northern,27.8,99.15173804242761,382.0,2.43,60.448363177915994
2026-10-02T08:15:00+05:30,Vavuniya_Northern,28.2,100.10556835334978,442.0,2.46,56.79417368149173
2026-10-02T08:30:00+05:30,Vavuniya_Northern,28.6,101.16090766996297,507.0,2.46,53.15144347346562
2026-10-02T08:45:00+05:30,Vavuniya_Northern,29.0,102.34111366469568,575.0,2.39,49.522777186155444
2026-10-02T09:00:00+05:30,Vavuniya_Northern,29.4,103.67643480739258,638.0,2.25,45.91158196502656
2026-10-02T09:15:00+05:30,Vavuniya_Northern,29.8,105.20675492941541,690.0,2.11,42.32240009333054
2026-10-02T09:30:00+05:30,Vavuniya_Northern,30.2,106.9856809465054,730.0,1.93,38.76141380208395
2026-10-02T09:45:00+05:30,Vavuniya_Northern,30.7,109.08675100428661,760.0,1.72,35.23723668830881
2026-10-02T10:00:00+05:30,Vavuniya_Northern,31.1,111.61303474260785,783.0,1.51,31.762186595110016
2026-10-02T10:15:00+05:30,Vavuniya_Northern,31.5,114.71216865166889,802.0,1.26,28.354392584757747
2026-10-02T10:30:00+05:30,Vavuniya_Northern,31.9,118.59987870224415,816.0,1.08,25.041386649476806
2026-10-02T10:45:00+05:30,Vavuniya_Northern,32.2,123.5955063934411,823.0,0.9,21.866353483917877
2026-10-02T11:00:00+05:30,Vavuniya_Northern,32.4,130.16884684616173,822.0,0.76,18.899014550233474
2026-10-02T11:15:00+05:30,Vavuniya_Northern,32.6,138.9726534180047,812.0,0.68,16.253575471182714
2026-10-02T11:30:00+05:30,Vavuniya_Northern,32.6,150.74537450429386,790.0,0.6,14.112285124822463
2026-10-02T11:45:00+05:30,Vavuniya_Northern,32.6,165.79732109813608,761.0,0.64,12.732135377707607
2026-10-02T12:00:00+05:30,Vavuniya_Northern,32.4,183.00670418044373,731.0,0.78,12.370581449383138
2026-10-02T12:15:00+05:30,Vavuniya_Northern,32.2,199.70722287405368,706.0,0.97,13.112162418642768
2026-10-02T12:30:00+05:30,Vavuniya_Northern,31.9,213.63994165545517,683.0,1.2,14.791877294801196
2026-10-02T12:45:00+05:30,Vavuniya_Northern,31.6,224.29445953366115,660.0,1.44,17.136021471102353
2026-10-02T13:00:00+05:30,Vavuniya_Northern,31.2,232.22971116101317,635.0,1.74,19.911270120873084
2026-10-02T13:15:00+05:30,Vavuniya_Northern,30.8,238.18339422509482,608.0,2.04,22.961809408036643
2026-10-02T13:30:00+05:30,Vavuniya_Northern,30.4,242.7442540578724,579.0,2.29,26.191594360019472
2026-10-02T13:45:00+05:30,Vavuniya_Northern,30.0,246.32370283341365,549.0,2.49,29.541857994885632
2026-10-02T14:00:00+05:30,Vavuniya_Northern,29.6,249.1998032965726,516.0,2.64,32.97586233651174
2026-10-02T14:15:00+05:30,Vavuniya_Northern,29.3,251.56100102268272,479.0,2.8,36.46992019856163
2026-10-02T14:30:00+05:30,Vavuniya_Northern,28.9,253.5371062269486,439.0,2.8,40.00825807510505
2026-10-02T14:45:00+05:30,Vavuniya_Northern,28.6,255.2194277707532,397.0,2.72,43.580047295539735
2026-10-02T15:00:00+05:30,Vavuniya_Northern,28.4,256.6736058635803,358.0,2.55,47.17764388003559
2026-10-02T15:15:00+05:30,Vavuniya_Northern,28.2,257.947834801064,323.0,2.34,50.795514856973746
2026-10-02T15:30:00+05:30,Vavuniya_Northern,28.0,259.07821224428415,292.0,2.15,54.429565352601074
2026-10-02T15:45:00+05:30,Vavuniya_Northern,27.8,260.0922845992261,262.0,1.93,58.07670306250547
2026-10-02T16:00:00+05:30,Vavuniya_Northern,27.6,261.01144453831375,232.0,1.7,61.7345495460379
2026-10-02T16:15:00+05:30,Vavuniya_Northern,27.4,261.85258520364033,201.0,1.54,65.40124567367911
2026-10-02T16:30:00+05:30,Vavuniya_Northern,27.2,262.6292633916379,171.0,1.46,69.07531555258024
2026-10-02T16:45:00+05:30,Vavuniya_Northern,27.0,263.3525334747884,140.0,1.47,72.75557009025071
2026-10-02T17:00:00+05:30,Vavuniya_Northern,26.8,264.03155700921354,109.0,1.5,76.44103878984177
2026-10-02T17:15:00+05:30,Vavuniya_Northern,26.6,264.67405675728065,77.0,1.62,80.1309184527593
2026-10-02T17:30:00+05:30,Vavuniya_Northern,26.5,265.2866623607278,46.0,1.7,83.8245346949008
2026-10-02T17:45:00+05:30,Vavuniya_Northern,26.3,265.8751803080225,21.0,1.76,87.52131400504894
2026-10-02T18:00:00+05:30,Vavuniya_Northern,26.1,266.4448107446831,3.0,1.76,91.22076076149105
2026-10-02T18:15:00+05:30,Vavuniya_Northern,26.0,267.0003284166892,0.0,1.78,94.92243883278016
2026-10-02T18:30:00+05:30,Vavuniya_Northern,25.8,267.54624115477566,0.0,1.77,98.62595789335525
2026-10-02T18:45:00+05:30,Vavuniya_Northern,25.7,268.0869364703635,0.0,1.75,102.33096043531582
2026-10-02T19:00:00+05:30,Vavuniya_Northern,25.5,268.62682665121775,0.0,1.75,106.03711011075758
2026-10-02T19:15:00+05:30,Vavuniya_Northern,25.4,269.17050305147706,0.0,1.72,109.7440821483191
2026-10-02T19:30:00+05:30,Vavuniya_Northern,25.3,269.7229113083474,0.0,1.75,113.45155210063751
2026-10-02T19:45:00+05:30,Vavuniya_Northern,25.2,270.28956329252367,0.0,1.79,117.15918356817393
2026-10-02T20:00:00+05:30,Vavuniya_Northern,25.0,270.8768075993151,0.0,1.77,120.86661532404008
2026-10-02T20:15:00+05:30,Vavuniya_Northern,24.9,271.492189755461,0.0,1.83,124.57344336180819
2026-10-02T20:30:00+05:30,Vavuniya_Northern,24.8,272.1449507523281,0.0,1.81,128.2791971586238
2026-10-02T20:45:00+05:30,Vavuniya_Northern,24.7,272.8467411338708,0.0,1.77,131.98330818571577
2026-10-02T21:00:00+05:30,Vavuniya_Northern,24.7,273.61267694854905,0.0,1.72,135.68506201780295
2026-10-02T21:15:00+05:30,Vavuniya_Northern,24.6,274.46295450534245,0.0,1.61,139.38352586574482
2026-10-02T21:30:00+05:30,Vavuniya_Northern,24.5,275.425409949199,0.0,1.54,143.07743574795805
2026-10-02T21:45:00+05:30,Vavuniya_Northern,24.5,276.53974102044776,0.0,1.48,146.7650080224544
2026-10-02T22:00:00+05:30,Vavuniya_Northern,24.4,277.86479917708056,0.0,1.34,150.44361292782003
2026-10-02T22:15:00+05:30,Vavuniya_Northern,24.4,279.4918868592671,0.0,1.21,154.10917710746418
2026-10-02T22:30:00+05:30,Vavuniya_Northern,24.4,281.570628827644,0.0,1.14,157.75500621159742
2026-10-02T22:45:00+05:30,Vavuniya_Northern,24.3,284.363434586164,0.0,1.08,161.36926521195227
2026-10-02T23:00:00+05:30,Vavuniya_Northern,24.3,288.3716948328636,0.0,1.01,164.9289782126806
2026-10-02T23:15:00+05:30,Vavuniya_Northern,24.3,294.66309541402165,0.0,0.95,168.38364144038118
2026-10-02T23:30:00+05:30,Vavuniya_Northern,24.2,305.8123920713743,0.0,0.9,171.6023339738622
2026-10-02T23:45:00+05:30,Vavuniya_Northern,24.2,328.2499855908315,0.0,0.9,174.1792202059262
2026-10-03T00:00:00+05:30,Vavuniya_Northern,24.1,7.8606229582669584,0.0,0.92,174.99768565020327
2026-10-03T00:15:00+05:30,Vavuniya_Northern,24.1,41.94641719083518,0.0,0.96,173.37084475866266
2026-10-03T00:30:00+05:30,Vavuniya_Northern,24.1,59.198043693925115,0.0,0.99,170.47909702623699
2026-10-03T00:45:00+05:30,Vavuniya_Northern,24.0,68.11623737195532,0.0,1.01,167.1498692185956
2026-10-03T01:00:00+05:30,Vavuniya_Northern,24.0,73.39530286768729,0.0,1.11,163.64836261415113
2026-10-03T01:15:00+05:30,Vavuniya_Northern,24.0,76.8814248281389,0.0,1.17,160.06530243387124
2026-10-03T01:30:00+05:30,Vavuniya_Northern,24.0,79.37523323346369,0.0,1.24,156.43802542384503
2026-10-03T01:45:00+05:30,Vavuniya_Northern,24.0,81.26884897299851,0.0,1.27,152.7843762943759
2026-10-03T02:00:00+05:30,Vavuniya_Northern,23.9,82.77448073251446,0.0,1.38,149.1138925498524
2026-10-03T02:15:00+05:30,Vavuniya_Northern,23.9,84.0163650929162,0.0,1.41,145.43212572417616
2026-10-03T02:30:00+05:30,Vavuniya_Northern,23.9,85.07193676299408,0.0,1.48,141.7425330449834
2026-10-03T02:45:00+05:30,Vavuniya_Northern,23.8,85.99198905212575,0.0,1.52,138.04738953890705
2026-10-03T03:00:00+05:30,Vavuniya_Northern,23.8,86.81129695280003,0.0,1.52,134.34826532107394
2026-10-03T03:15:00+05:30,Vavuniya_Northern,23.7,87.55456511111242,0.0,1.56,130.64629154922469
2026-10-03T03:30:00+05:30,Vavuniya_Northern,23.6,88.23993256485306,0.0,1.59,126.94231539555577
2026-10-03T03:45:00+05:30,Vavuniya_Northern,23.6,88.88112958902514,0.0,1.63,123.23699655949386
2026-10-03T04:00:00+05:30,Vavuniya_Northern,23.5,89.48885705564578,0.0,1.64,119.53086943020334
2026-10-03T04:15:00+05:30,Vavuniya_Northern,23.4,90.07169997586504,0.0,1.61,115.82438333252044
2026-10-03T04:30:00+05:30,Vavuniya_Northern,23.4,90.63675242430918,0.0,1.65,112.11793177185467
2026-10-03T04:45:00+05:30,Vavuniya_Northern,23.4,91.19005952490909,0.0,1.69,108.41187390795201
2026-10-03T05:00:00+05:30,Vavuniya_Northern,23.5,91.73694151572647,0.0,1.66,104.70654968661592
2026-10-03T05:15:00+05:30,Vavuniya_Northern,23.6,92.28224076661252,0.0,1.71,101.00229352842749
2026-10-03T05:30:00+05:30,Vavuniya_Northern,23.7,92.83051939781421,0.0,1.71,97.29944639335953
2026-10-03T05:45:00+05:30,Vavuniya_Northern,23.9,93.38622679868149,0.0,1.71,93.5983657209034
2026-10-03T06:00:00+05:30,Vavuniya_Northern,24.2,93.95385077940324,0.0,1.71,89.89943704474253
2026-10-03T06:15:00+05:30,Vavuniya_Northern,24.6,94.53806402612065,16.0,1.73,86.20308655573318
2026-10-03T06:30:00+05:30,Vavuniya_Northern,24.9,95.14387641350334,54.0,1.73,82.50979393608186
2026-10-03T06:45:00+05:30,Vavuniya_Northern,25.3,95.7768031733417,103.0,1.76,78.82010939161835
2026-10-03T07:00:00+05:30,Vavuniya_Northern,25.8,96.4430609401391,161.0,1.75,75.13467458092104
2026-10-03T07:15:00+05:30,Vavuniya_Northern,26.2,97.1498065233838,220.0,1.75,71.45424756154621
2026-10-03T07:30:00+05:30,Vavuniya_Northern,26.7,97.90543706187407,277.0,1.74,67.77973691668731
2026-10-03T07:45:00+05:30,Vavuniya_Northern,27.1,98.71997809712872,332.0,1.7,64.11224669931102
2026-10-03T08:00:00+05:30,Vavuniya_Northern,27.5,99.60559725543135,386.0,1.74,60.453135259490004
2026-10-03T08:15:00+05:30,Vavuniya_Northern,27.9,100.57729725529015,443.0,1.7,56.80409764987005
2026-10-03T08:30:00+05:30,Vavuniya_Northern,28.3,101.65386917170684,500.0,1.66,53.16728032947256
2026-10-03T08:45:00+05:30,Vavuniya_Northern,28.7,102.85922866860977,556.0,1.63,49.545442510310735
2026-10-03T09:00:00+05:30,Vavuniya_Northern,29.1,104.22432305071806,609.0,1.56,45.94219209607977
2026-10-03T09:15:00+05:30,Vavuniya_Northern,29.4,105.78990542907229,659.0,1.45,42.362335280696925
2026-10-03T09:30:00+05:30,Vavuniya_Northern,29.8,107.61064821818104,703.0,1.39,38.812405751659
2026-10-03T09:45:00+05:30,Vavuniya_Northern,30.1,109.76135329665965,743.0,1.29,35.301491219242855
2026-10-03T10:00:00+05:30,Vavuniya_Northern,30.5,112.34647703203768,779.0,1.21,31.84255630377779
2026-10-03T10:15:00+05:30,Vavuniya_Northern,30.8,115.51487427687732,813.0,1.12,28.454617770204166
2026-10-03T10:30:00+05:30,Vavuniya_Northern,31.1,119.48245925764024,850.0,1.03,25.166417891529193
2026-10-03T10:45:00+05:30,Vavuniya_Northern,31.3,124.56542214635073,880.0,1.0,22.022729569589643
2026-10-03T11:00:00+05:30,Vavuniya_Northern,31.6,131.2213233275076,896.0,0.92,19.09510975255391
2026-10-03T11:15:00+05:30,Vavuniya_Northern,31.8,140.06916614363018,885.0,0.91,16.499026586728135
2026-10-03T11:30:00+05:30,Vavuniya_Northern,32.0,151.77469653130652,842.0,0.86,14.414775429593476
2026-10-03T11:45:00+05:30,Vavuniya_Northern,32.2,166.5502141788013,783.0,0.76,13.089217804418979
2026-10-03T12:00:00+05:30,Vavuniya_Northern,32.4,183.27238673323149,729.0,0.7,12.761032544767403
2026-10-03T12:15:00+05:30,Vavuniya_Northern,32.6,199.47248472570948,697.0,0.61,13.503142718315743
2026-10-03T12:30:00+05:30,Vavuniya_Northern,32.6,213.08071356515342,682.0,0.6,15.159160680470833
2026-10-03T12:45:00+05:30,Vavuniya_Northern,32.5,223.59327184587966,675.0,0.61,17.471098685761163
2026-10-03T13:00:00+05:30,Vavuniya_Northern,32.2,231.49553770250898,666.0,0.65,20.215127982319615
2026-10-03T13:15:00+05:30,Vavuniya_Northern,31.9,237.46650532344916,649.0,0.63,23.23865913221782
2026-10-03T13:30:00+05:30,Vavuniya_Northern,31.6,242.06371516968346,629.0,0.67,26.445970909550233
2026-10-03T13:45:00+05:30,Vavuniya_Northern,31.3,245.68430081143558,605.0,0.7,29.77770581692326
2026-10-03T14:00:00+05:30,Vavuniya_Northern,31.0,248.60031945864225,580.0,0.7,33.196387551444516
2026-10-03T14:15:00+05:30,Vavuniya_Northern,30.6,250.99795241035707,553.0,0.73,36.677674955965614
2026-10-03T14:30:00+05:30,Vavuniya_Northern,30.2,253.00637676770447,523.0,0.78,40.205269571485786
2026-10-03T14:45:00+05:30,Vavuniya_Northern,29.9,254.71695002941328,492.0,0.82,43.767935324611095
2026-10-03T15:00:00+05:30,Vavuniya_Northern,29.5,256.19562005431703,459.0,0.91,47.35771499009474
2026-10-03T15:15:00+05:30,Vavuniya_Northern,29.1,257.4909617724312,425.0,0.96,50.96883444246942
2026-10-03T15:30:00+05:30,Vavuniya_Northern,28.7,258.63944719394044,389.0,1.01,54.597012056179295
2026-10-03T15:45:00+05:30,Vavuniya_Northern,28.4,259.668959723997,352.0,1.06,58.2390097847686
2026-10-03T16:00:00+05:30,Vavuniya_Northern,28.0,260.6011821747132,313.0,1.1,61.892334531254164
2026-10-03T16:15:00+05:30,Vavuniya_Northern,27.6,261.4532507413131,272.0,1.1,65.55503628487199
2026-10-03T16:30:00+05:30,Vavuniya_Northern,27.3,262.2389215570663,232.0,1.15,69.22556665992536
2026-10-03T16:45:00+05:30,Vavuniya_Northern,27.0,262.96940898880536,191.0,1.2,72.90267847071738
2026-10-03T17:00:00+05:30,Vavuniya_Northern,26.8,263.6539994626206,148.0,1.25,76.58535456735721
2026-10-03T17:15:00+05:30,Vavuniya_Northern,26.5,264.30050904698913,104.0,1.25,80.27275432581187
2026-10-03T17:30:00+05:30,Vavuniya_Northern,26.3,264.9156318491465,61.0,1.3,83.96417352130631
2026-10-03T17:45:00+05:30,Vavuniya_Northern,26.1,265.50521180373,27.0,1.35,87.65901516907881
2026-10-03T18:00:00+05:30,Vavuniya_Northern,26.0,266.0744603728774,4.0,1.35,91.35676565930558
2026-10-03T18:15:00+05:30,Vavuniya_Northern,25.9,266.6281374139088,0.0,1.41,95.05697574760252
2026-10-03T18:30:00+05:30,Vavuniya_Northern,25.7,267.1707085434918,0.0,1.41,98.75924648815993
2026-10-03T18:45:00+05:30,Vavuniya_Northern,25.6,267.7064894306616,0.0,1.41,102.46321607749081
2026-10-03T19:00:00+05:30,Vavuniya_Northern,25.5,268.23978717873763,0.0,1.46,106.16854823281427
2026-10-03T19:15:00+05:30,Vavuniya_Northern,25.4,268.77504913399025,0.0,1.47,109.87492286370592
2026-10-03T19:30:00+05:30,Vavuniya_Northern,25.3,269.3170303265895,0.0,1.48,113.58202533775292
2026-10-03T19:45:00+05:30,Vavuniya_Northern,25.2,269.87099455762996,0.0,1.49,117.28953504765737
2026-10-03T20:00:00+05:30,Vavuniya_Northern,25.1,270.44296974761994,0.0,1.49,120.99711380863715
2026-10-03T20:15:00+05:30,Vavuniya_Northern,25.0,271.04008694201633,0.0,1.5,124.70438978954205
2026-10-03T20:30:00+05:30,Vavuniya_Northern,24.9,271.671048840968,0.0,1.52,128.41093653334735
2026-10-03T20:45:00+05:30,Vavuniya_Northern,24.9,272.34680079925903,0.0,1.53,132.1162455499522
2026-10-03T21:00:00+05:30,Vavuniya_Northern,24.8,273.08152381660307,0.0,1.6,135.81968455311775
2026-10-03T21:15:00+05:30,Vavuniya_Northern,24.7,273.8941553919542,0.0,1.62,139.5204344011715
2026-10-03T21:30:00+05:30,Vavuniya_Northern,24.7,274.81080585527104,0.0,1.63,143.2173911353598
2026-10-03T21:45:00+05:30,Vavuniya_Northern,24.6,275.8687564336428,0.0,1.66,146.90900179823646
2026-10-03T22:00:00+05:30,Vavuniya_Northern,24.6,277.12339406767774,0.0,1.68,150.59297927395272
2026-10-03T22:15:00+05:30,Vavuniya_Northern,24.5,278.660928863309,0.0,1.68,154.26577840303133
2026-10-03T22:30:00+05:30,Vavuniya_Northern,24.5,280.6233321851341,0.0,1.7,157.92155699699373
2026-10-03T22:45:00+05:30,Vavuniya_Northern,24.4,283.26143520018843,0.0,1.72,161.54993265776665
2026-10-03T23:00:00+05:30,Vavuniya_Northern,24.4,287.0601497402046,0.0,1.72,165.13056847825794
2026-10-03T23:15:00+05:30,Vavuniya_Northern,24.3,293.07309782902786,0.0,1.75,168.61805053111067
2026-10-03T23:30:00+05:30,Vavuniya_Northern,24.3,303.9419816196616,0.0,1.75,171.89100468691305
2026-10-03T23:45:00+05:30,Vavuniya_Northern,24.2,326.8323157340538,0.0,1.75,174.5480293932065
2026-10-04T00:00:00+05:30,Vavuniya_Northern,24.2,9.467689269884204,0.0,1.78,175.36808038567239
2026-10-04T00:15:00+05:30,Vavuniya_Northern,24.1,44.76805354098053,0.0,1.78,173.60095687505208
2026-10-04T00:30:00+05:30,Vavuniya_Northern,24.0,61.46450558526544,0.0,1.78,170.60843175047734
2026-10-04T00:45:00+05:30,Vavuniya_Northern,23.9,69.86144896229473,0.0,1.78,167.22451915028466
2026-10-04T01:00:00+05:30,Vavuniya_Northern,23.9,74.78879301911365,0.0,1.8,163.69119638713903
2026-10-04T01:15:00+05:30,Vavuniya_Northern,23.8,78.0361238655621,0.0,1.8,160.08800148090774
2026-10-04T01:30:00+05:30,Vavuniya_Northern,23.7,80.36108894056127,0.0,1.8,156.4471513731591
2026-10-04T01:45:00+05:30,Vavuniya_Northern,23.6,82.13058314390764,0.0,1.8,152.78393557747202
2026-10-04T02:00:00+05:30,Vavuniya_Northern,23.5,83.5419868079303,0.0,1.83,149.10650028476272
2026-10-04T02:15:00+05:30,Vavuniya_Northern,23.4,84.71047456490533,0.0,1.83,145.41958279135807
2026-10-04T02:30:00+05:30,Vavuniya_Northern,23.4,85.70770340419386,0.0,1.83,141.72613540832205
2026-10-04T02:45:00+05:30,Vavuniya_Northern,23.3,86.5806378503064,0.0,1.83,138.0281052091022
2026-10-04T03:00:00+05:30,Vavuniya_Northern,23.3,87.36142924118877,0.0,1.83,134.32684126849608
2026-10-04T03:15:00+05:30,Vavuniya_Northern,23.3,88.07293240762397,0.0,1.82,130.62332133775436
2026-10-04T03:30:00+05:30,Vavuniya_Northern,23.3,88.73195053253647,0.0,1.82,126.91828370797073
2026-10-04T03:45:00+05:30,Vavuniya_Northern,23.3,89.35122988409654,0.0,1.82,123.21230956695335
2026-10-04T04:00:00+05:30,Vavuniya_Northern,23.3,89.94073487943433,0.0,1.85,119.5058761929987
2026-10-04T04:15:00+05:30,Vavuniya_Northern,23.3,90.50849269865853,0.0,1.85,115.79939136106731
2026-10-04T04:30:00+05:30,Vavuniya_Northern,23.4,91.06117161238888,0.0,1.85,112.09321870894797
2026-10-04T04:45:00+05:30,Vavuniya_Northern,23.4,91.60449086328828,0.0,1.85,108.38769659290986
2026-10-04T05:00:00+05:30,Vavuniya_Northern,23.5,92.14352229069834,0.0,1.85,104.6831514608848
2026-10-04T05:15:00+05:30,Vavuniya_Northern,23.7,92.68292154093581,0.0,1.88,100.97991036731999
2026-10-04T05:30:00+05:30,Vavuniya_Northern,23.8,93.22711454686521,0.0,1.88,97.27831229756204
2026-10-04T05:45:00+05:30,Vavuniya_Northern,24.0,93.7804573035491,0.0,1.88,93.57871769964952
2026-10-04T06:00:00+05:30,Vavuniya_Northern,24.3,94.34738184781958,0.0,1.91,89.88151996442704
2026-10-04T06:15:00+05:30,Vavuniya_Northern,24.6,94.93253957629815,21.0,1.91,86.18715810015212
2026-10-04T06:30:00+05:30,Vavuniya_Northern,24.9,95.54095213453292,67.0,1.95,82.49612992463014
2026-10-04T06:45:00+05:30,Vavuniya_Northern,25.3,96.17817971277537,125.0,1.95,78.80900970951959
2026-10-04T07:00:00+05:30,Vavuniya_Northern,25.7,96.85051872715206,193.0,1.98,75.1264700334262
2026-10-04T07:15:00+05:30,Vavuniya_Northern,26.1,97.56524381804206,261.0,2.02,71.44930801923154
2026-10-04T07:30:00+05:30,Vavuniya_Northern,26.6,98.33091300225755,325.0,2.05,67.77848123145337
2026-10-04T07:45:00+05:30,Vavuniya_Northern,27.0,99.15776281534471,385.0,2.09,64.1151550237855
2026-10-04T08:00:00+05:30,Vavuniya_Northern,27.5,100.05823155103235,442.0,2.12,60.46076462982886
2026-10-04T08:15:00+05:30,Vavuniya_Northern,28.0,101.04766481212505,498.0,2.16,56.81710202026296
2026-10-04T08:30:00+05:30,Vavuniya_Northern,28.5,102.14528483365933,548.0,2.19,53.18643672189659
2026-10-04T08:45:00+05:30,Vavuniya_Northern,29.0,103.37554662467278,594.0,2.23,49.57168565849279
2026-10-04T09:00:00+05:30,Vavuniya_Northern,29.5,104.77006831721678,635.0,2.26,45.97666099617383
2026-10-04T09:15:00+05:30,Vavuniya_Northern,30.0,106.37042935390161,672.0,2.26,42.406436588842126
2026-10-04T09:30:00+05:30,Vavuniya_Northern,30.4,108.23230033305128,704.0,2.3,38.86790116161956
2026-10-04T09:45:00+05:30,Vavuniya_Northern,30.8,110.431639007836,731.0,2.34,35.37061892220801
2026-10-04T10:00:00+05:30,Vavuniya_Northern,31.1,113.07411219260644,752.0,2.37,31.928200033329432
2026-10-04T10:15:00+05:30,Vavuniya_Northern,31.5,116.30950132976642,770.0,2.41,28.560538607418636
2026-10-04T10:30:00+05:30,Vavuniya_Northern,31.7,120.35342893945983,787.0,2.41,25.297555486586745
2026-10-04T10:45:00+05:30,Vavuniya_Northern,32.0,125.51818699633384,797.0,2.41,22.185532552380664
2026-10-04T11:00:00+05:30,Vavuniya_Northern,32.1,132.24816188137515,794.0,2.45,19.297685396196982
2026-10-04T11:15:00+05:30,Vavuniya_Northern,32.3,141.12837537479544,768.0,2.41,16.750405160813514
2026-10-04T11:30:00+05:30,Vavuniya_Northern,32.3,152.75567406179835,714.0,2.41,14.721586609202262
2026-10-04T11:45:00+05:30,Vavuniya_Northern,32.3,167.25662501460602,648.0,2.41,13.44799141982162
2026-10-04T12:00:00+05:30,Vavuniya_Northern,32.2,183.51606217616865,587.0,2.38,13.15091423274977
2026-10-04T12:15:00+05:30,Vavuniya_Northern,32.1,199.24572202003833,549.0,2.38,13.893142654672573
2026-10-04T12:30:00+05:30,Vavuniya_Northern,31.9,212.54402236383174,530.0,2.35,15.526327842930044
2026-10-04T12:45:00+05:30,Vavuniya_Northern,31.6,222.91569065800033,519.0,2.32,17.806974958072217
2026-10-04T13:00:00+05:30,Vavuniya_Northern,31.3,230.7811288722675,508.0,2.32,20.52030896020638
2026-10-04T13:15:00+05:30,Vavuniya_Northern,31.0,236.76504677199742,491.0,2.29,23.51701269977214
2026-10-04T13:30:00+05:30,Vavuniya_Northern,30.6,241.3950400037965,470.0,2.26,26.701822476700656
2026-10-04T13:45:00+05:30,Vavuniya_Northern,30.2,245.0540734521093,449.0,2.23,30.01488939204068
2026-10-04T14:00:00+05:30,Vavuniya_Northern,29.8,248.00802793811766,426.0,2.21,33.418057098258636
2026-10-04T14:15:00+05:30,Vavuniya_Northern,29.4,250.44063193768113,402.0,2.14,36.88636196740353
2026-10-04T14:30:00+05:30,Vavuniya_Northern,29.0,252.48028117951256,378.0,2.11,40.402996848552796
2026-10-04T14:45:00+05:30,Vavuniya_Northern,28.5,254.2182754725207,352.0,2.08,43.9563262617781
2026-10-04T15:00:00+05:30,Vavuniya_Northern,28.1,255.72079613214117,326.0,2.02,47.53808332211386
2026-10-04T15:15:00+05:30,Vavuniya_Northern,27.6,257.0367471077371,299.0,2.02,51.14225401305103
2026-10-04T15:30:00+05:30,Vavuniya_Northern,27.2,258.20293857093833,273.0,1.99,54.76437000996151
2026-10-04T15:45:00+05:30,Vavuniya_Northern,26.7,259.2475652307671,245.0,1.97,58.40104696516184
2026-10-04T16:00:00+05:30,Vavuniya_Northern,26.3,260.1925815165627,217.0,1.97,62.049676274058086
2026-10-04T16:15:00+05:30,Vavuniya_Northern,25.9,261.05535310332687,188.0,1.9,65.70821606800637
2026-10-04T16:30:00+05:30,Vavuniya_Northern,25.6,261.8498253397395,159.0,1.9,69.37504445445192
2026-10-04T16:45:00+05:30,Vavuniya_Northern,25.3,262.5873648970651,130.0,1.9,73.04885514596032
2026-10-04T17:00:00+05:30,Vavuniya_Northern,25.0,263.2773771050101,101.0,1.83,76.72858334476263
2026-10-04T17:15:00+05:30,Vavuniya_Northern,24.7,263.9277665983948,72.0,1.83,80.41335002736683
2026-10-04T17:30:00+05:30,Vavuniya_Northern,24.5,264.5452880760751,44.0,1.79,84.10242016465868
2026-10-04T17:45:00+05:30,Vavuniya_Northern,24.4,265.13581964204366,20.0,1.79,87.79517233213576
2026-10-04T18:00:00+05:30,Vavuniya_Northern,24.2,265.70458118571275,3.0,1.77,91.4910739466002
2026-10-04T18:15:00+05:30,Vavuniya_Northern,24.2,266.2563149993117,0.0,1.77,95.1896616229257
2026-10-04T18:30:00+05:30,Vavuniya_Northern,24.1,266.79544186592403,0.0,1.75,98.89052670635434
2026-10-04T18:45:00+05:30,Vavuniya_Northern,24.0,267.3262028926841,0.0,1.73,102.59330191188114
2026-10-04T19:00:00+05:30,Vavuniya_Northern,24.0,267.85279700765307,0.0,1.69,106.29764970502417
2026-10-04T19:15:00+05:30,Vavuniya_Northern,23.9,268.3795240798196,0.0,1.68,110.00325318556305
2026-10-04T19:30:00+05:30,Vavuniya_Northern,23.9,268.9109443135511,0.0,1.67,113.70980581309779
2026-10-04T19:45:00+05:30,Vavuniya_Northern,23.9,269.45206809846775,0.0,1.67,117.41700074256775
2026-10-04T20:00:00+05:30,Vavuniya_Northern,24.0,270.00859567599116,0.0,1.66,121.12452040002587
2026-10-04T20:15:00+05:30,Vavuniya_Northern,24.0,270.5872341343401,0.0,1.7,124.83202216175113
2026-10-04T20:30:00+05:30,Vavuniya_Northern,24.0,271.19613468378753,0.0,1.7,128.539119960189
2026-10-04T20:45:00+05:30,Vavuniya_Northern,24.1,271.8455185642182,0.0,1.7,132.24536070318175
2026-10-04T21:00:00+05:30,Vavuniya_Northern,24.1,272.54860375765895,0.0,1.75,135.95018828867916
2026-09-27T21:15:00+05:30,Hambantota_Southern,27.6,274.401296248226,0.0,5.76,139.51931014089473
2026-09-27T21:30:00+05:30,Hambantota_Southern,27.6,275.18529599998266,0.0,5.82,143.2361839978727
2026-09-27T21:45:00+05:30,Hambantota_Southern,27.5,276.10438644514295,0.0,5.96,146.94807027670106
2026-09-27T22:00:00+05:30,Hambantota_Southern,27.5,277.2110959233093,0.0,6.17,150.65297465021484
2026-09-27T22:15:00+05:30,Hambantota_Southern,27.5,278.5876298764674,0.0,6.31,154.34777330373453
2026-09-27T22:30:00+05:30,Hambantota_Southern,27.5,280.3702157158038,0.0,6.46,158.02727094758615
2026-09-27T22:45:00+05:30,Hambantota_Southern,27.5,282.80150156984433,0.0,6.5,161.6821483093371
2026-09-27T23:00:00+05:30,Hambantota_Southern,27.4,286.35614389726584,0.0,6.44,165.2939415099427
2026-09-27T23:15:00+05:30,Hambantota_Southern,27.4,292.08544247205134,0.0,6.43,168.8207160011441
2026-09-27T23:30:00+05:30,Hambantota_Southern,27.4,302.72030337967897,0.0,6.37,172.1469777273783
2026-09-27T23:45:00+05:30,Hambantota_Southern,27.3,326.2119035194505,0.0,6.35,174.86679267381703
2026-09-28T00:00:00+05:30,Hambantota_Southern,27.3,11.87757750701212,0.0,6.28,175.63922622712266
2026-09-28T00:15:00+05:30,Hambantota_Southern,27.3,47.58200491989311,0.0,6.26,173.70163847217486
2026-09-28T00:30:00+05:30,Hambantota_Southern,27.2,63.38911673135971,0.0,6.2,170.60276215719722
2026-09-28T00:45:00+05:30,Hambantota_Southern,27.2,71.14793270023227,0.0,6.14,167.15744711236118
2026-09-28T01:00:00+05:30,Hambantota_Southern,27.1,75.6477451574828,0.0,6.07,163.58242838775465
2026-09-28T01:15:00+05:30,Hambantota_Southern,27.0,78.58548048558339,0.0,6.01,159.94702050779625
2026-09-28T01:30:00+05:30,Hambantota_Southern,27.0,80.66848446733525,0.0,5.96,156.27904033579898
2026-09-28T01:45:00+05:30,Hambantota_Southern,26.9,82.23707541770489,0.0,5.96,152.59163387114876
2026-09-28T02:00:00+05:30,Hambantota_Southern,26.9,83.47374840042414,0.0,6.03,148.89178361862915
2026-09-28T02:15:00+05:30,Hambantota_Southern,26.9,84.48478100299417,0.0,6.04,145.1835353450415
2026-09-28T02:30:00+05:30,Hambantota_Southern,26.8,85.33618409001377,0.0,6.05,141.4693970796078
2026-09-28T02:45:00+05:30,Hambantota_Southern,26.8,86.07113943517186,0.0,6.02,137.751009610191
2026-09-28T03:00:00+05:30,Hambantota_Southern,26.8,86.71913374441147,0.0,5.93,134.02949638841315
2026-09-28T03:15:00+05:30,Hambantota_Southern,26.7,87.30105290975496,0.0,5.85,130.30565805307094
2026-09-28T03:30:00+05:30,Hambantota_Southern,26.7,87.83217537178376,0.0,5.81,126.5800851324827
2026-09-28T03:45:00+05:30,Hambantota_Southern,26.6,88.32401022416138,0.0,5.81,122.85322830801564
2026-09-28T04:00:00+05:30,Hambantota_Southern,26.6,88.7854703029713,0.0,5.82,119.12544349034283
2026-09-28T04:15:00+05:30,Hambantota_Southern,26.5,89.22364725834194,0.0,5.82,115.39702038437557
2026-09-28T04:30:00+05:30,Hambantota_Southern,26.5,89.6443400886468,0.0,5.81,111.66820332317137
2026-09-28T04:45:00+05:30,Hambantota_Southern,26.4,90.05242722926096,0.0,5.74,107.93920629717603
2026-09-28T05:00:00+05:30,Hambantota_Southern,26.3,90.45213747572899,0.0,5.61,104.21022277834676
2026-09-28T05:15:00+05:30,Hambantota_Southern,26.3,90.84725444541345,0.0,5.48,100.48143470169632
2026-09-28T05:30:00+05:30,Hambantota_Southern,26.3,91.2412778865862,0.0,5.37,96.75302000793555
2026-09-28T05:45:00+05:30,Hambantota_Southern,26.3,91.63755796583195,0.0,5.28,93.02515790349251
2026-09-28T06:00:00+05:30,Hambantota_Southern,26.3,92.03941394291036,1.0,5.25,89.2980353482077
2026-09-28T06:15:00+05:30,Hambantota_Southern,26.4,92.4502467237844,23.0,5.18,85.5718537141718
2026-09-28T06:30:00+05:30,Hambantota_Southern,26.5,92.87365371599066,61.0,5.1,81.84683455399846
2026-09-28T06:45:00+05:30,Hambantota_Southern,26.7,93.31355391493389,106.0,4.97,78.12322796656989
2026-09-28T07:00:00+05:30,Hambantota_Southern,26.9,93.7743326340252,159.0,4.78,74.40132264656275
2026-09-28T07:15:00+05:30,Hambantota_Southern,27.1,94.26101752662021,215.0,4.6,70.68145691024752
2026-09-28T07:30:00+05:30,Hambantota_Southern,27.4,94.77950077748102,275.0,4.51,66.96403476378444
2026-09-28T07:45:00+05:30,Hambantota_Southern,27.8,95.33682890440247,337.0,4.55,63.24954705716547
2026-09-28T08:00:00+05:30,Hambantota_Southern,28.2,95.94159131052584,401.0,4.65,59.53859849961958
2026-09-28T08:15:00+05:30,Hambantota_Southern,28.6,96.60445342258186,463.0,4.74,55.83194696125258
2026-09-28T08:30:00+05:30,Hambantota_Southern,28.9,97.33890569454041,525.0,4.87,52.13055888696371
2026-09-28T08:45:00+05:30,Hambantota_Southern,29.2,98.16234113378073,584.0,5.0,48.43568782358025
2026-09-28T09:00:00+05:30,Hambantota_Southern,29.5,99.09764331069368,636.0,5.12,44.74899295638003
2026-09-28T09:15:00+05:30,Hambantota_Southern,29.7,100.17559045388259,676.0,5.3,41.07271971956739
2026-09-28T09:30:00+05:30,Hambantota_Southern,29.9,101.43860427004694,697.0,5.37,37.40998233392427
2026-09-28T09:45:00+05:30,Hambantota_Southern,30.0,102.94678934549074,708.0,5.3,33.765226689079654
2026-09-28T10:00:00+05:30,Hambantota_Southern,30.1,104.78802674602821,721.0,5.21,30.14501619696925
2026-09-28T10:15:00+05:30,Hambantota_Southern,30.1,107.09554448169342,750.0,5.09,26.559428835153142
2026-09-28T10:30:00+05:30,Hambantota_Southern,30.1,110.07987144984872,797.0,5.14,23.024684517130524
2026-09-28T10:45:00+05:30,Hambantota_Southern,30.2,114.08952248114286,850.0,5.29,19.5683941454501
2026-09-28T11:00:00+05:30,Hambantota_Southern,30.4,119.72978975157503,898.0,5.51,16.24076265210924
2026-09-28T11:15:00+05:30,Hambantota_Southern,30.5,128.0890101053136,928.0,5.76,13.139942093720876
2026-09-28T11:30:00+05:30,Hambantota_Southern,30.6,141.05714490746522,944.0,6.01,10.469477630117566
2026-09-28T11:45:00+05:30,Hambantota_Southern,30.7,160.95185613999183,950.0,6.26,8.638204434567953
2026-09-28T12:00:00+05:30,Hambantota_Southern,30.7,186.57615333805944,953.0,6.57,8.227044344316553
2026-09-28T12:15:00+05:30,Hambantota_Southern,30.7,209.94168962433366,956.0,6.86,9.423753638872498
2026-09-28T12:30:00+05:30,Hambantota_Southern,30.6,226.10531216794067,962.0,6.95,11.746791233146581
2026-09-28T12:45:00+05:30,Hambantota_Southern,30.3,236.44826919221825,963.0,6.87,14.67051022690336
2026-09-28T13:00:00+05:30,Hambantota_Southern,29.9,243.253128726219,949.0,6.69,17.90298577995108
2026-09-28T13:15:00+05:30,Hambantota_Southern,29.5,247.96914924712243,911.0,6.57,21.304118162948882
2026-09-28T13:30:00+05:30,Hambantota_Southern,29.3,251.40345678210173,845.0,6.57,24.804607607327
2026-09-28T13:45:00+05:30,Hambantota_Southern,29.4,254.01127331027027,771.0,6.68,28.367675281701395
2026-09-28T14:00:00+05:30,Hambantota_Southern,29.6,256.06105748666016,704.0,6.87,31.9723838515224
2026-09-28T14:15:00+05:30,Hambantota_Southern,29.8,257.71892008363966,658.0,7.04,35.606064633342946
2026-09-28T14:30:00+05:30,Hambantota_Southern,30.0,259.09227679236506,629.0,7.13,39.260648400625605
2026-09-28T14:45:00+05:30,Hambantota_Southern,30.1,260.25333090389273,605.0,7.08,42.93077063958278
2026-09-28T15:00:00+05:30,Hambantota_Southern,30.1,261.25227769654236,577.0,6.98,46.612733233499874
2026-09-28T15:15:00+05:30,Hambantota_Southern,30.2,262.1250515314038,540.0,6.78,50.303906448072006
2026-09-28T15:30:00+05:30,Hambantota_Southern,30.1,262.89805049751243,498.0,6.7,54.00237057713872
2026-09-28T15:45:00+05:30,Hambantota_Southern,30.0,263.59111881074745,453.0,6.67,57.706691006404085
2026-09-28T16:00:00+05:30,Hambantota_Southern,29.9,264.2194889129321,404.0,6.62,61.41577281427371
2026-09-28T16:15:00+05:30,Hambantota_Southern,29.7,264.79508212012576,351.0,6.55,65.12876545041522
2026-09-28T16:30:00+05:30,Hambantota_Southern,29.5,265.32740172997615,297.0,6.46,68.84499653450708
2026-09-28T16:45:00+05:30,Hambantota_Southern,29.3,265.82416116682094,242.0,6.22,72.56392546426243
2026-09-28T17:00:00+05:30,Hambantota_Southern,29.0,266.29173614418806,188.0,5.84,76.28511165946831
2026-09-28T17:15:00+05:30,Hambantota_Southern,28.8,266.735497397532,135.0,5.48,80.00819019333719
2026-09-28T17:30:00+05:30,Hambantota_Southern,28.5,267.16006176255246,85.0,5.28,83.73285353906822
2026-09-28T17:45:00+05:30,Hambantota_Southern,28.3,267.56948716564347,42.0,5.31,87.45883907477314
2026-09-28T18:00:00+05:30,Hambantota_Southern,28.2,267.9674289502256,7.0,5.47,91.18591807795367
2026-09-28T18:15:00+05:30,Hambantota_Southern,28.0,268.3572706907561,0.0,5.66,94.91388680620578
2026-09-28T18:30:00+05:30,Hambantota_Southern,27.9,268.74223964206857,0.0,5.78,98.64256050066268
2026-09-28T18:45:00+05:30,Hambantota_Southern,27.7,269.125514876715,0.0,5.79,102.37176680671303
2026-09-28T19:00:00+05:30,Hambantota_Southern,27.6,269.510336056725,0.0,5.82,106.1013396724257
2026-09-28T19:15:00+05:30,Hambantota_Southern,27.5,269.9001211584862,0.0,5.77,109.83111483471389
2026-09-28T19:30:00+05:30,Hambantota_Southern,27.4,270.29860248913093,0.0,5.68,113.56092347212893
2026-09-28T19:45:00+05:30,Hambantota_Southern,27.3,270.7099937002803,0.0,5.53,117.29058503058047
2026-09-28T20:00:00+05:30,Hambantota_Southern,27.2,271.13920556056746,0.0,5.32,121.01990007191256
2026-09-28T20:15:00+05:30,Hambantota_Southern,27.1,271.59213620437794,0.0,5.14,124.74863921602324
2026-09-28T20:30:00+05:30,Hambantota_Southern,27.1,272.07607619405434,0.0,5.0,128.47652826918514
2026-09-28T20:45:00+05:30,Hambantota_Southern,27.0,272.6002930029258,0.0,4.93,132.20322881372323
2026-09-28T21:00:00+05:30,Hambantota_Southern,27.0,273.1769015446072,0.0,4.87,135.92830755486403
2026-09-28T21:15:00+05:30,Hambantota_Southern,26.9,273.822205458167,0.0,4.87,139.6511895623907
2026-09-28T21:30:00+05:30,Hambantota_Southern,26.9,274.55884143345884,0.0,4.83,143.3710854216801
2026-09-28T21:45:00+05:30,Hambantota_Southern,26.8,275.4193525541984,0.0,4.79,147.08686756777706
2026-09-28T22:00:00+05:30,Hambantota_Southern,26.7,276.4524403110581,0.0,4.8,150.79685375883486
2026-09-28T22:15:00+05:30,Hambantota_Southern,26.7,277.73455818674597,0.0,4.76,154.49840577866863
2026-09-28T22:30:00+05:30,Hambantota_Southern,26.6,279.3929902621705,0.0,4.77,158.18712276364943
2026-09-28T22:45:00+05:30,Hambantota_Southern,26.6,281.6560541169266,0.0,4.78,161.8550687504245
2026-09-28T23:00:00+05:30,Hambantota_Southern,26.5,284.97542247592634,0.0,4.79,165.48638088346922
2026-09-28T23:15:00+05:30,Hambantota_Southern,26.5,290.3713903934096,0.0,4.8,169.0444617995058
2026-09-28T23:30:00+05:30,Hambantota_Southern,26.5,300.6014933519695,0.0,4.8,172.42528743294636
2026-09-28T23:45:00+05:30,Hambantota_Southern,26.5,324.4682814236278,0.0,4.8,175.2351766002244
2026-09-29T00:00:00+05:30,Hambantota_Southern,26.5,14.202969490160058,0.0,4.8,175.99924475361053
2026-09-29T00:15:00+05:30,Hambantota_Southern,26.5,50.80651635693579,0.0,4.79,173.89397401385932
2026-09-29T00:30:00+05:30,Hambantota_Southern,26.5,65.76767715249201,0.0,4.79,170.6975689355993
2026-09-29T00:45:00+05:30,Hambantota_Southern,26.4,72.92919434387409,0.0,4.83,167.20314226051465
2026-09-29T01:00:00+05:30,Hambantota_Southern,26.4,77.05474427149557,0.0,4.88,163.60016976489476
2026-09-29T01:15:00+05:30,Hambantota_Southern,26.3,79.74576372011421,0.0,4.86,159.94714520818863
2026-09-29T01:30:00+05:30,Hambantota_Southern,26.3,81.65677607758715,0.0,4.9,156.26724452143907
2026-09-29T01:45:00+05:30,Hambantota_Southern,26.2,83.0998981983077,0.0,4.89,152.5713619235796
2026-09-29T02:00:00+05:30,Hambantota_Southern,26.2,84.24175104328253,0.0,4.89,148.86527092956152
2026-09-29T02:15:00+05:30,Hambantota_Southern,26.1,85.17913777465458,0.0,4.84,145.15231503397126
2026-09-29T02:30:00+05:30,Hambantota_Southern,26.1,85.97211401890439,0.0,4.83,141.43456847893503
2026-09-29T02:45:00+05:30,Hambantota_Southern,26.0,86.65995125594105,0.0,4.87,137.7133907681407
2026-09-29T03:00:00+05:30,Hambantota_Southern,25.9,87.26947339618295,0.0,4.92,133.9897157641816
2026-09-29T03:15:00+05:30,Hambantota_Southern,25.9,87.81969728116667,0.0,4.96,130.2642123198891
2026-09-29T03:30:00+05:30,Hambantota_Southern,25.8,88.32455612747378,0.0,4.96,126.5373771185883
2026-09-29T03:45:00+05:30,Hambantota_Southern,25.8,88.79457079403915,0.0,4.88,122.80959279880511
2026-09-29T04:00:00+05:30,Hambantota_Southern,25.8,89.23791626642742,0.0,4.73,119.0811653482038
2026-09-29T04:15:00+05:30,Hambantota_Southern,25.9,89.66112664951407,0.0,4.65,115.35234766500531
2026-09-29T04:30:00+05:30,Hambantota_Southern,25.9,90.06957653873798,0.0,4.68,111.62335706293096
2026-09-29T04:45:00+05:30,Hambantota_Southern,25.9,90.46782075136872,0.0,4.9,107.89438804340936
2026-09-29T05:00:00+05:30,Hambantota_Southern,25.8,90.85984273887823,0.0,5.25,104.16562059233534
2026-09-29T05:15:00+05:30,Hambantota_Southern,25.8,91.24924329108438,0.0,5.61,100.4372281262495
2026-09-29T05:30:00+05:30,Hambantota_Southern,25.8,91.63939085237479,0.0,5.74,96.7093843626558
2026-09-29T05:45:00+05:30,Hambantota_Southern,25.9,92.03354830652563,0.0,5.53,92.98226818192894
2026-09-29T06:00:00+05:30,Hambantota_Southern,25.9,92.4349868290052,1.0,5.18,89.25606994048282
2026-09-29T06:15:00+05:30,Hambantota_Southern,26.0,92.84709579307844,19.0,4.75,85.53099815286447
2026-09-29T06:30:00+05:30,Hambantota_Southern,26.0,93.27349688445531,46.0,4.47,81.8072854794214
2026-09-29T06:45:00+05:30,Hambantota_Southern,26.1,93.71817026908559,75.0,4.38,78.08519751052116
2026-09-29T07:00:00+05:30,Hambantota_Southern,26.1,94.18560230772482,106.0,4.45,74.36504348349699
2026-09-29T07:15:00+05:30,Hambantota_Southern,26.2,94.68096673422201,139.0,4.61,70.64718826699678
2026-09-29T07:30:00+05:30,Hambantota_Southern,26.3,95.21035464893595,176.0,4.81,66.93206977797558
2026-09-29T07:45:00+05:30,Hambantota_Southern,26.5,95.78107552991207,216.0,5.15,63.22022200906878
2026-09-29T08:00:00+05:30,Hambantota_Southern,26.8,96.40206156773718,261.0,5.58,59.5123046515141
2026-09-29T08:15:00+05:30,Hambantota_Southern,27.1,97.08442288907207,312.0,5.95,55.80914605248838
2026-09-29T08:30:00+05:30,Hambantota_Southern,27.4,97.84222755204837,372.0,6.16,52.111803825700434
2026-09-29T08:45:00+05:30,Hambantota_Southern,27.7,98.69362289216446,438.0,6.06,48.421650879022195
2026-09-29T09:00:00+05:30,Hambantota_Southern,28.0,99.66248604485395,506.0,5.77,44.740505006812874
2026-09-29T09:15:00+05:30,Hambantota_Southern,28.4,100.78091805644118,575.0,5.45,41.07082615129212
2026-09-29T09:30:00+05:30,Hambantota_Southern,28.7,102.09312309127051,649.0,5.28,37.416024660689274
2026-09-29T09:45:00+05:30,Hambantota_Southern,29.1,103.66163591076338,722.0,5.28,33.780965002028815
2026-09-29T10:00:00+05:30,Hambantota_Southern,29.6,105.5776790729036,784.0,5.35,30.17281832540118
2026-09-29T10:15:00+05:30,Hambantota_Southern,30.0,107.9790672857294,821.0,5.45,26.602571621011748
2026-09-29T10:30:00+05:30,Hambantota_Southern,30.2,111.08243484961162,831.0,5.52,23.08784757534346
2026-09-29T10:45:00+05:30,Hambantota_Southern,30.3,115.2434607458282,823.0,5.52,19.658483415601566
2026-09-29T11:00:00+05:30,Hambantota_Southern,30.2,121.07156500345485,812.0,5.59,16.368252733701112
2026-09-29T11:15:00+05:30,Hambantota_Southern,30.1,129.63679450758787,810.0,5.67,13.320689318244817
2026-09-29T11:30:00+05:30,Hambantota_Southern,29.9,142.71542085089385,815.0,5.79,10.72473075857188
2026-09-29T11:45:00+05:30,Hambantota_Southern,29.6,162.26872584712225,820.0,5.87,8.980947767559826
2026-09-29T12:00:00+05:30,Hambantota_Southern,29.2,186.83651527600574,816.0,5.96,8.622862621539625
2026-09-29T12:15:00+05:30,Hambantota_Southern,28.8,209.2355371879882,796.0,6.01,9.803517009735387
2026-09-29T12:30:00+05:30,Hambantota_Southern,28.5,225.05290965944712,759.0,6.02,12.079854032953136
2026-09-29T12:45:00+05:30,Hambantota_Southern,28.3,235.3812503492573,715.0,5.95,14.959787759823499
2026-09-29T13:00:00+05:30,Hambantota_Southern,28.2,242.26838300572973,675.0,5.87,18.158347341307177
2026-09-29T13:15:00+05:30,Hambantota_Southern,28.0,247.08071970900133,649.0,5.89,21.534000457569988
2026-09-29T13:30:00+05:30,Hambantota_Southern,27.8,250.60260576167636,640.0,6.06,25.015138687512604
2026-09-29T13:45:00+05:30,Hambantota_Southern,27.6,253.28488345286007,632.0,6.44,28.563200666283926
2026-09-29T14:00:00+05:30,Hambantota_Southern,27.2,255.39675035973272,610.0,6.98,32.156020840948855
2026-09-29T14:15:00+05:30,Hambantota_Southern,26.9,257.106195502585,559.0,7.44,35.780097345518854
2026-09-29T14:30:00+05:30,Hambantota_Southern,26.8,258.5225062896589,479.0,7.57,39.426789056224166
2026-09-29T14:45:00+05:30,Hambantota_Southern,26.8,259.71946811598116,394.0,7.21,43.090331047566934
2026-09-29T15:00:00+05:30,Hambantota_Southern,27.0,260.7485436367516,325.0,6.49,46.76673881176381
2026-09-29T15:15:00+05:30,Hambantota_Southern,27.2,261.64666357221245,287.0,5.77,50.453173550734185
2026-09-29T15:30:00+05:30,Hambantota_Southern,27.3,262.44100524580404,270.0,5.44,54.147560072096304
2026-09-29T15:45:00+05:30,Hambantota_Southern,27.3,263.15202239204996,261.0,5.68,57.84834619668951
2026-09-29T16:00:00+05:30,Hambantota_Southern,27.2,263.79542499463923,248.0,6.31,61.554346831395634
2026-09-29T16:15:00+05:30,Hambantota_Southern,27.1,264.3835088107937,225.0,6.93,65.26464142792219
2026-09-29T16:30:00+05:30,Hambantota_Southern,27.0,264.9260701803082,197.0,7.14,68.9785027492158
2026-09-29T16:45:00+05:30,Hambantota_Southern,26.9,265.43105033862247,167.0,6.66,72.695346910346
2026-09-29T17:00:00+05:30,Hambantota_Southern,26.8,265.9049995323619,134.0,5.79,76.4146990592338
2026-09-29T17:15:00+05:30,Hambantota_Southern,26.6,266.35341847491395,100.0,4.92,80.13616715621228
2026-09-29T17:30:00+05:30,Hambantota_Southern,26.5,266.78101563893676,65.0,4.38,83.8594223725325
2026-09-29T17:45:00+05:30,Hambantota_Southern,26.4,267.191906451415,33.0,4.38,87.58418561956191
2026-09-29T18:00:00+05:30,Hambantota_Southern,26.4,267.5897721379827,6.0,4.74,91.31021585171958
2026-09-29T18:15:00+05:30,Hambantota_Southern,26.3,267.97799155740717,0.0,5.19,95.03730067675966
2026-09-29T18:30:00+05:30,Hambantota_Southern,26.3,268.35975623612194,0.0,5.41,98.76525008302332
2026-09-29T18:45:00+05:30,Hambantota_Southern,26.2,268.738176596518,0.0,5.39,102.4938897439703
2026-09-29T19:00:00+05:30,Hambantota_Southern,26.2,269.1163871398365,0.0,5.32,106.22305497302463
2026-09-29T19:15:00+05:30,Hambantota_Southern,26.1,269.4976585469087,0.0,5.17,109.95258644140971
2026-09-29T19:30:00+05:30,Hambantota_Southern,26.1,269.8855254714965,0.0,4.97,113.6823242730417
2026-09-29T19:45:00+05:30,Hambantota_Southern,26.1,270.2839418530035,0.0,4.73,117.4121015775789
2026-09-29T20:00:00+05:30,Hambantota_Southern,26.1,270.6974801586988,0.0,4.47,121.14173836348155
2026-09-29T20:15:00+05:30,Hambantota_Southern,26.1,271.1315982114999,0.0,4.16,124.8710320445107
2026-09-29T20:30:00+05:30,Hambantota_Southern,26.1,271.59301071034474,0.0,3.97,128.59974487466766
2026-09-29T20:45:00+05:30,Hambantota_Southern,26.1,272.0902248956821,0.0,3.83,132.32758795057
2026-09-29T21:00:00+05:30,Hambantota_Southern,26.1,272.63433860852604,0.0,3.7,136.05419572477285
2026-09-29T21:15:00+05:30,Hambantota_Southern,26.0,273.2402713559256,0.0,3.64,139.77908724470348
2026-09-29T21:30:00+05:30,Hambantota_Southern,26.0,273.92873622515714,0.0,3.63,143.50160607709927
2026-09-29T21:45:00+05:30,Hambantota_Southern,26.0,274.7295348155563,0.0,3.72,147.22081781080524
2026-09-29T22:00:00+05:30,Hambantota_Southern,26.0,275.68734322713203,0.0,3.89,150.93533020843205
2026-09-29T22:15:00+05:30,Hambantota_Southern,26.1,276.8724945630255,0.0,4.07,154.64295893962287
2026-09-29T22:30:00+05:30,Hambantota_Southern,26.1,278.4025906260144,0.0,4.24,158.3400515676637
2026-09-29T22:45:00+05:30,Hambantota_Southern,26.1,280.4899847648587,0.0,4.38,162.01999038522348
2026-09-29T23:00:00+05:30,Hambantota_Southern,26.2,283.5592846571292,0.0,4.48,165.6694371806846
2026-09-29T23:15:00+05:30,Hambantota_Southern,26.2,288.5880007109106,0.0,4.62,169.25715082700015
2026-09-29T23:30:00+05:30,Hambantota_Southern,26.2,298.3234055576063,0.0,4.69,172.69151609747175
2026-09-29T23:45:00+05:30,Hambantota_Southern,26.2,322.42681038192086,0.0,4.72,175.59755195945314
2026-09-30T00:00:00+05:30,Hambantota_Southern,26.2,16.964394854767306,0.0,4.71,176.35142699899825
2026-09-30T00:15:00+05:30,Hambantota_Southern,26.1,54.21997127922532,0.0,4.71,174.06659466634935
2026-09-30T00:30:00+05:30,Hambantota_Southern,26.1,68.18632200133459,0.0,4.78,170.77718843571807
2026-09-30T00:45:00+05:30,Hambantota_Southern,26.0,74.71867008968167,0.0,4.92,167.2377386022482
2026-09-30T01:00:00+05:30,Hambantota_Southern,26.0,78.46202677260595,0.0,5.13,163.6095111343625
2026-09-30T01:15:00+05:30,Hambantota_Southern,26.0,80.90418525454675,0.0,5.34,159.94069841930374
2026-09-30T01:30:00+05:30,Hambantota_Southern,25.9,82.64271669561174,0.0,5.45,156.25018326071398
2026-09-30T01:45:00+05:30,Hambantota_Southern,25.9,83.96039745675279,0.0,5.45,152.54680303511455
2026-09-30T02:00:00+05:30,Hambantota_Southern,25.8,85.00761492561162,0.0,5.32,148.8352340903616
2026-09-30T02:15:00+05:30,Hambantota_Southern,25.8,85.87157527808614,0.0,5.26,145.1181850005575
2026-09-30T02:30:00+05:30,Hambantota_Southern,25.7,86.6063365136032,0.0,5.21,141.39733879008946
2026-09-30T02:45:00+05:30,Hambantota_Southern,25.7,87.24724646720767,0.0,5.28,137.67380176922558
2026-09-30T03:00:00+05:30,Hambantota_Southern,25.8,87.81846371904999,0.0,5.43,133.9483374493053
2026-09-30T03:15:00+05:30,Hambantota_Southern,25.8,88.33713744318658,0.0,5.54,130.22149650950155
2026-09-30T03:30:00+05:30,Hambantota_Southern,25.8,88.8158582351627,0.0,5.65,126.4936917010172
2026-09-30T03:45:00+05:30,Hambantota_Southern,25.7,89.26416148764906,0.0,5.69,122.76524502745168
2026-09-30T04:00:00+05:30,Hambantota_Southern,25.6,89.68948688008953,0.0,5.72,119.03641822499364
2026-09-30T04:15:00+05:30,Hambantota_Southern,25.5,90.0978131753825,0.0,5.75,115.30743182578559
2026-09-30T04:30:00+05:30,Hambantota_Southern,25.4,90.49409241977486,0.0,5.75,111.57847967693809
2026-09-30T04:45:00+05:30,Hambantota_Southern,25.4,90.88255734651335,0.0,5.77,107.84973970385579
2026-09-30T05:00:00+05:30,Hambantota_Southern,25.4,91.26694731886971,0.0,5.78,104.12138084640499
2026-09-30T05:15:00+05:30,Hambantota_Southern,25.4,91.65068131499902,0.0,5.77,100.39357010028485
2026-09-30T05:30:00+05:30,Hambantota_Southern,25.4,92.03699728297079,0.0,5.76,96.66647881202881
2026-09-30T05:45:00+05:30,Hambantota_Southern,25.5,92.42907144576156,0.0,5.71,92.94028721923998
2026-09-30T06:00:00+05:30,Hambantota_Southern,25.6,92.83012734373892,1.0,5.58,89.2151906548163
2026-09-30T06:15:00+05:30,Hambantota_Southern,25.7,93.24354309589438,23.0,5.44,85.49140630582141
2026-09-30T06:30:00+05:30,Hambantota_Southern,25.8,93.67296476296076,61.0,5.38,81.76917946992296
2026-09-30T06:45:00+05:30,Hambantota_Southern,26.1,94.12243356821205,109.0,5.36,78.04879281631317
2026-09-30T07:00:00+05:30,Hambantota_Southern,26.4,94.5965365465878,164.0,5.41,74.33057781788705
2026-09-30T07:15:00+05:30,Hambantota_Southern,26.7,95.10059279541719,221.0,5.47,70.61492775844373
2026-09-30T07:30:00+05:30,Hambantota_Southern,27.0,95.64089113602927,281.0,5.49,66.90231657069768
2026-09-30T07:45:00+05:30,Hambantota_Southern,27.3,96.22500212208467,342.0,5.55,63.19332382654319
2026-09-30T08:00:00+05:30,Hambantota_Southern,27.7,96.86219781717398,404.0,5.59,59.488667084017294
2026-09-30T08:15:00+05:30,Hambantota_Southern,28.0,97.56402855351308,465.0,5.62,55.78924864787878
2026-09-30T08:30:00+05:30,Hambantota_Southern,28.3,98.3451330094648,524.0,5.68,52.09622157261926
2026-09-30T08:45:00+05:30,Hambantota_Southern,28.7,99.22440183207323,581.0,5.75,48.41108346271548
2026-09-30T09:00:00+05:30,Hambantota_Southern,29.1,100.2266879865432,633.0,5.83,44.7358174732297
2026-09-30T09:15:00+05:30,Hambantota_Southern,29.4,101.38538604881484,678.0,5.9,41.073106697730175
2026-09-30T09:30:00+05:30,Hambantota_Southern,29.8,102.74643278303762,713.0,5.96,37.426668760525324
2026-09-30T09:45:00+05:30,Hambantota_Southern,30.1,104.37470519477023,740.0,5.96,33.801801070319065
2026-09-30T10:00:00+05:30,Hambantota_Southern,30.4,106.36460583375145,763.0,5.93,30.20630067014673
2026-09-30T10:15:00+05:30,Hambantota_Southern,30.7,108.85822569972856,787.0,5.85,26.652085019195916
2026-09-30T10:30:00+05:30,Hambantota_Southern,30.9,112.07767833862704,809.0,5.86,23.158199657256205
2026-09-30T10:45:00+05:30,Hambantota_Southern,31.0,116.38448673653403,829.0,5.89,19.756707404358423
2026-09-30T11:00:00+05:30,Hambantota_Southern,31.0,122.38936945014899,846.0,5.95,16.504859934101347
2026-09-30T11:15:00+05:30,Hambantota_Southern,31.0,131.13860631098055,860.0,6.06,13.511169640444422
2026-09-30T11:30:00+05:30,Hambantota_Southern,30.9,144.29044985225585,871.0,6.21,10.98872049181584
2026-09-30T11:45:00+05:30,Hambantota_Southern,30.8,163.48174899565686,880.0,6.41,9.328001373478628
2026-09-30T12:00:00+05:30,Hambantota_Southern,30.7,187.06737105235007,886.0,6.69,9.018360169428135
2026-09-30T12:15:00+05:30,Hambantota_Southern,30.6,208.57701227292267,891.0,6.94,10.183793932188308
2026-09-30T12:30:00+05:30,Hambantota_Southern,30.5,224.05382662008506,895.0,7.06,12.415635450451106
2026-09-30T12:45:00+05:30,Hambantota_Southern,30.5,234.35269209473017,896.0,7.08,15.252723278519952
2026-09-30T13:00:00+05:30,Hambantota_Southern,30.5,241.30952493290428,892.0,7.04,18.417434147447125
2026-09-30T13:15:00+05:30,Hambantota_Southern,30.6,246.2099631932594,879.0,6.92,21.76732205346987
2026-09-30T13:30:00+05:30,Hambantota_Southern,30.6,249.81422343300747,859.0,6.88,25.2287147293312
2026-09-30T13:45:00+05:30,Hambantota_Southern,30.6,252.56759531591956,833.0,6.87,28.761364360930543
2026-09-30T14:00:00+05:30,Hambantota_Southern,30.6,254.7392928804901,802.0,6.86,32.34191127715137
2026-09-30T14:15:00+05:30,Hambantota_Southern,30.6,256.49876163510834,768.0,6.89,35.95603014274893
2026-09-30T14:30:00+05:30,Hambantota_Southern,30.6,257.9569123254446,731.0,6.93,39.59450834491414
2026-09-30T14:45:00+05:30,Hambantota_Southern,30.5,259.188962243433,690.0,6.94,43.25117766706179
2026-09-30T15:00:00+05:30,Hambantota_Southern,30.3,260.2475477243529,644.0,6.95,46.921763432934334
2026-09-30T15:15:00+05:30,Hambantota_Southern,30.1,261.1705355697735,592.0,6.99,50.60321402687628
2026-09-30T15:30:00+05:30,Hambantota_Southern,29.9,261.9858424117214,537.0,7.07,54.2932953627954
2026-09-30T15:45:00+05:30,Hambantota_Southern,29.7,262.7145043304813,479.0,7.21,57.99033471064164
2026-09-30T16:00:00+05:30,Hambantota_Southern,29.5,263.37268988489143,418.0,7.38,61.6930542239767
2026-09-30T16:15:00+05:30,Hambantota_Southern,29.2,263.9730557141007,355.0,7.55,65.40046112809577
2026-09-30T16:30:00+05:30,Hambantota_Southern,29.0,264.52568127822235,291.0,7.58,69.11177138991484
2026-09-30T16:45:00+05:30,Hambantota_Southern,28.8,265.0387281913139,230.0,7.44,72.82635613601322
2026-09-30T17:00:00+05:30,Hambantota_Southern,28.6,265.51891552580753,173.0,7.16,76.5437047206948
2026-09-30T17:15:00+05:30,Hambantota_Southern,28.5,265.97186946772354,123.0,6.88,80.26339660642446
2026-09-30T17:30:00+05:30,Hambantota_Southern,28.3,266.40238645493275,77.0,6.66,83.98508037498513
2026-09-30T17:45:00+05:30,Hambantota_Southern,28.2,266.81463630691474,38.0,6.55,87.70845924260497
2026-09-30T18:00:00+05:30,Hambantota_Southern,28.2,267.21232337996554,6.0,6.54,91.43327863881386
2026-09-30T18:15:00+05:30,Hambantota_Southern,28.2,267.5988192520972,0.0,6.51,95.15931631489968
2026-09-30T18:30:00+05:30,Hambantota_Southern,28.1,267.9772771893703,0.0,6.4,98.8863757528767
2026-09-30T18:45:00+05:30,Hambantota_Southern,28.1,268.3507363145177,0.0,6.16,102.61427932212145
2026-09-30T19:00:00+05:30,Hambantota_Southern,28.0,268.72222303381176,0.0,5.81,106.34286224372724
2026-09-30T19:15:00+05:30,Hambantota_Southern,28.0,269.0948573118584,0.0,5.57,110.0719684876505
2026-09-30T19:30:00+05:30,Hambantota_Southern,27.9,269.4719719784541,0.0,5.33,113.80144524417126
2026-09-30T19:45:00+05:30,Hambantota_Southern,27.8,269.85725597595217,0.0,5.17,117.53113707744356
2026-09-30T20:00:00+05:30,Hambantota_Southern,27.7,270.25493654542646,0.0,5.09,121.26088079249871
2026-09-30T20:15:00+05:30,Hambantota_Southern,27.6,270.6700218455424,0.0,5.0,124.99049735572825
2026-09-30T20:30:00+05:30,Hambantota_Southern,27.4,271.10863770941694,0.0,4.92,128.71978141811653
2026-09-30T20:45:00+05:30,Hambantota_Southern,27.3,271.57851253738977,0.0,4.91,132.44848843624354
2026-09-30T21:00:00+05:30,Hambantota_Southern,27.2,272.08969964022486,0.0,4.92,136.1763139132899
2026-09-30T21:15:00+05:30,Hambantota_Southern,27.1,272.6556924848113,0.0,4.89,139.90286198756718
2026-09-30T21:30:00+05:30,Hambantota_Southern,27.0,273.2952140916533,0.0,4.86,143.62759714281515
2026-09-30T21:45:00+05:30,Hambantota_Southern,26.9,274.0352143482772,0.0,4.73,147.3497613345446
2026-09-30T22:00:00+05:30,Hambantota_Southern,26.8,274.9161511552779,0.0,4.59,151.06822835259283
2026-09-30T22:15:00+05:30,Hambantota_Southern,26.8,276.00187738258734,0.0,4.44,154.78123257473183
2026-09-30T22:30:00+05:30,Hambantota_Southern,26.7,277.39958452773226,0.0,4.35,158.4858171493674
2026-09-30T22:45:00+05:30,Hambantota_Southern,26.7,279.3040299739706,0.0,4.38,162.17660285553836
2026-09-30T23:00:00+05:30,Hambantota_Southern,26.6,282.10858214672794,0.0,4.44,165.8426645126488
2026-09-30T23:15:00+05:30,Hambantota_Southern,26.5,286.7353414472374,0.0,4.56,169.4580428530037
2026-09-30T23:30:00+05:30,Hambantota_Southern,26.5,295.87678782778926,0.0,4.58,172.9442478783896
2026-09-30T23:45:00+05:30,Hambantota_Southern,26.4,320.0143744034146,0.0,4.57,175.95232085482087
2026-10-01T00:00:00+05:30,Hambantota_Southern,26.3,20.283822530886255,0.0,4.46,176.69340980036446
2026-10-01T00:15:00+05:30,Hambantota_Southern,26.3,57.81415577345632,0.0,4.34,174.2178845980888
2026-10-01T00:30:00+05:30,Hambantota_Southern,26.2,70.63752722154828,0.0,4.24,170.84136268818614
2026-10-01T00:45:00+05:30,Hambantota_Southern,26.2,76.51297376213427,0.0,4.07,167.26127596383873
2026-10-01T01:00:00+05:30,Hambantota_Southern,26.2,79.86789103986962,0.0,3.9,163.61056326296426
2026-10-01T01:15:00+05:30,Hambantota_Southern,26.2,82.05977092178733,0.0,3.75,159.92780801280674
2026-10-01T01:30:00+05:30,Hambantota_Southern,26.1,83.62568538403252,0.0,3.59,156.22798675041903
2026-10-01T01:45:00+05:30,Hambantota_Southern,26.1,84.81814215848783,0.0,3.48,152.518085455975
2026-10-01T02:00:00+05:30,Hambantota_Southern,26.0,85.7710198275455,0.0,3.37,148.80179831765776
2026-10-01T02:15:00+05:30,Hambantota_Southern,25.9,86.5618423276884,0.0,3.26,145.08126736080663
2026-10-01T02:30:00+05:30,Hambantota_Southern,25.9,87.23864570275987,0.0,3.21,141.35782727700862
2026-10-01T02:45:00+05:30,Hambantota_Southern,25.8,87.83285021046754,0.0,3.26,137.63235934083804
2026-10-01T03:00:00+05:30,Hambantota_Southern,25.8,88.3659517907106,0.0,3.32,133.9054759368254
2026-10-01T03:15:00+05:30,Hambantota_Southern,25.7,88.85323638623186,0.0,3.43,130.1776231441326
2026-10-01T03:30:00+05:30,Hambantota_Southern,25.7,89.30595643821817,0.0,3.43,126.44913965104445
2026-10-01T03:45:00+05:30,Hambantota_Southern,25.6,89.73266582098631,0.0,3.32,122.72029419785605
2026-10-01T04:00:00+05:30,Hambantota_Southern,25.6,90.14007222238081,0.0,3.16,118.9913099027393
2026-10-01T04:15:00+05:30,Hambantota_Southern,25.6,90.53360178067248,0.0,2.95,115.2623793432861
2026-10-01T04:30:00+05:30,Hambantota_Southern,25.5,90.91778619518857,0.0,2.8,111.53367643126698
2026-10-01T04:45:00+05:30,Hambantota_Southern,25.5,91.29653788780143,0.0,2.65,107.80536540559898
2026-10-01T05:00:00+05:30,Hambantota_Southern,25.4,91.67335355087562,0.0,2.51,104.07760658226387
2026-10-01T05:15:00+05:30,Hambantota_Southern,25.4,92.0514714725789,0.0,2.38,100.35056261751467
2026-10-01T05:30:00+05:30,Hambantota_Southern,25.4,92.43399997548948,0.0,2.29,96.62440432360653
2026-10-01T05:45:00+05:30,Hambantota_Southern,25.6,92.82402927223586,0.0,2.29,92.89931496667414
2026-10-01T06:00:00+05:30,Hambantota_Southern,25.8,93.22473571594281,1.0,2.29,89.17549641839697
2026-10-01T06:15:00+05:30,Hambantota_Southern,26.0,93.63948641922013,23.0,2.34,85.45317605354354
2026-10-01T06:30:00+05:30,Hambantota_Southern,26.3,94.071951853712,62.0,2.39,81.73261332360869
2026-10-01T06:45:00+05:30,Hambantota_Southern,26.6,94.52623409267505,112.0,2.44,78.01410954285029
2026-10-01T07:00:00+05:30,Hambantota_Southern,27.0,95.00702033732216,168.0,2.5,74.29802009089714
2026-10-01T07:15:00+05:30,Hambantota_Southern,27.3,95.51977414596456,226.0,2.61,70.5847685014589
2026-10-01T07:30:00+05:30,Hambantota_Southern,27.6,96.07098061411227,282.0,2.67,66.87486679374265
2026-10-01T07:45:00+05:30,Hambantota_Southern,27.9,96.66846914448797,336.0,2.74,63.168942510246836
2026-10-01T08:00:00+05:30,Hambantota_Southern,28.2,97.3218482936536,390.0,2.8,59.467773895345616
2026-10-01T08:15:00+05:30,Hambantota_Southern,28.5,98.04310346295154,447.0,2.89,55.77234060506597
2026-10-01T08:30:00+05:30,Hambantota_Southern,28.7,98.84743606941186,506.0,2.94,52.08389528609827
2026-10-01T08:45:00+05:30,Hambantota_Southern,28.8,99.7544677814331,565.0,3.02,48.4040653915938
2026-10-01T09:00:00+05:30,Hambantota_Southern,29.0,100.79000781672659,622.0,3.11,44.73500591403314
2026-10-01T09:15:00+05:30,Hambantota_Southern,29.1,101.98871227908421,672.0,3.27,41.07963131374273
2026-10-01T09:30:00+05:30,Hambantota_Southern,29.2,103.39819660717433,715.0,3.41,37.441976949545115
2026-10-01T09:45:00+05:30,Hambantota_Southern,29.2,105.08558595336365,753.0,3.61,33.82778637812385
2026-10-01T10:00:00+05:30,Hambantota_Southern,29.3,107.14829205635311,786.0,3.86,30.245498662288952
2026-10-01T10:15:00+05:30,Hambantota_Southern,29.3,109.73235845385301,816.0,4.1,26.707979503397382
2026-10-01T10:30:00+05:30,Hambantota_Southern,29.4,113.06473646846337,841.0,4.38,23.235710391349684
2026-10-01T10:45:00+05:30,Hambantota_Southern,29.4,117.51147488625787,862.0,4.63,19.862965506041775
2026-10-01T11:00:00+05:30,Hambantota_Southern,29.5,123.68188166496765,878.0,4.89,16.65035909507128
2026-10-01T11:15:00+05:30,Hambantota_Southern,29.5,132.59366315005036,887.0,5.06,13.710946596212693
2026-10-01T11:30:00+05:30,Hambantota_Southern,29.6,145.78499547830108,891.0,5.26,11.2607585935108
2026-10-01T11:45:00+05:30,Hambantota_Southern,29.6,164.60033018978777,888.0,5.4,9.678773638510293
2026-10-01T12:00:00+05:30,Hambantota_Southern,29.7,187.2718830640677,883.0,5.49,9.413402677034185
2026-10-01T12:15:00+05:30,Hambantota_Southern,29.8,207.9606844573534,876.0,5.57,10.564334889741204
2026-10-01T12:30:00+05:30,Hambantota_Southern,29.9,223.1040901208571,866.0,5.64,12.753728314194689
2026-10-01T12:45:00+05:30,Hambantota_Southern,30.0,233.36083118656072,854.0,5.69,15.54892624069349
2026-10-01T13:00:00+05:30,Hambantota_Southern,30.1,240.3758543803583,838.0,5.76,18.679916641910992
2026-10-01T13:15:00+05:30,Hambantota_Southern,30.1,245.35662198537247,818.0,5.77,22.00380708553527
2026-10-01T13:30:00+05:30,Hambantota_Southern,30.2,249.03823733174255,794.0,5.79,25.44509933190193
2026-10-01T13:45:00+05:30,Hambantota_Southern,30.2,251.85941677080996,767.0,5.78,28.961958027493402
2026-10-01T14:00:00+05:30,Hambantota_Southern,30.2,254.08872879073706,737.0,5.77,32.529866935492116
2026-10-01T14:15:00+05:30,Hambantota_Southern,30.2,255.89667836984682,702.0,5.76,36.13368950685219
2026-10-01T14:30:00+05:30,Hambantota_Southern,30.1,257.3955618546256,665.0,5.69,39.76364375573801
2026-10-01T14:45:00+05:30,Hambantota_Southern,29.9,258.6618830341658,624.0,5.59,43.41315641381485
2026-10-01T15:00:00+05:30,Hambantota_Southern,29.8,259.74936049647977,582.0,5.37,47.07765959897318
2026-10-01T15:15:00+05:30,Hambantota_Southern,29.5,260.6967379581991,537.0,5.2,50.753885622664015
2026-10-01T15:30:00+05:30,Hambantota_Southern,29.3,261.5326319943208,493.0,4.99,54.43943843688301
2026-10-01T15:45:00+05:30,Hambantota_Southern,29.1,262.2786341485703,446.0,4.74,58.132522016801246
2026-10-01T16:00:00+05:30,Hambantota_Southern,28.8,262.95135274120713,397.0,4.49,61.83176335089724
2026-10-01T16:15:00+05:30,Hambantota_Southern,28.5,263.56379181705665,345.0,4.17,65.53609533006805
2026-10-01T16:30:00+05:30,Hambantota_Southern,28.3,264.1263040828535,295.0,3.93,69.24467527695272
2026-10-01T16:45:00+05:30,Hambantota_Southern,28.0,264.64726413010663,242.0,3.72,72.95682769213187
2026-10-01T17:00:00+05:30,Hambantota_Southern,27.8,265.13355417373253,188.0,3.47,76.67200466280066
2026-10-01T17:15:00+05:30,Hambantota_Southern,27.6,265.5909213905664,131.0,3.29,80.38975580637143
2026-10-01T17:30:00+05:30,Hambantota_Southern,27.4,266.02424653802603,76.0,3.15,84.10970585229485
2026-10-01T17:45:00+05:30,Hambantota_Southern,27.3,266.43775075257145,32.0,3.04,87.83153911546023
2026-10-01T18:00:00+05:30,Hambantota_Southern,27.2,266.83515881025517,4.0,2.97,91.55498631098698
2026-10-01T18:15:00+05:30,Hambantota_Southern,27.2,267.21983249477137,0.0,2.97,95.27981413009395
2026-10-01T18:30:00+05:30,Hambantota_Southern,27.1,267.5948843464936,0.0,2.94,99.00581829784372
2026-10-01T18:45:00+05:30,Hambantota_Southern,27.1,267.963279624133,0.0,2.91,102.73281654151549
2026-10-01T19:00:00+05:30,Hambantota_Southern,27.1,268.32793381466126,0.0,2.95,106.46064252031064
2026-10-01T19:15:00+05:30,Hambantota_Southern,27.0,268.69181288829714,0.0,2.93,110.18914184808855
2026-10-01T19:30:00+05:30,Hambantota_Southern,27.0,269.0580438664078,0.0,2.98,113.91816687056686
2026-10-01T19:45:00+05:30,Hambantota_Southern,27.0,269.4300456564167,0.0,3.04,117.64757135791542
2026-10-01T20:00:00+05:30,Hambantota_Southern,27.0,269.811693678886,0.0,3.03,121.37720620125609
2026-10-01T20:15:00+05:30,Hambantota_Southern,27.0,270.20753752520295,0.0,3.09,125.10691258969482
2026-10-01T20:30:00+05:30,Hambantota_Southern,26.9,270.62310178415146,0.0,3.09,128.83651340019907
2026-10-01T20:45:00+05:30,Hambantota_Southern,26.9,271.06531829054467,0.0,3.09,132.56580311635378
2026-10-01T21:00:00+05:30,Hambantota_Southern,26.8,271.5431696423065,0.0,3.07,136.2945313304935
2026-10-01T21:15:00+05:30,Hambantota_Southern,26.7,272.0686832474934,0.0,3.08,140.0223779782119
2026-10-01T21:30:00+05:30,Hambantota_Southern,26.6,272.65852847161636,0.0,3.08,143.74891575212354
2026-10-01T21:45:00+05:30,Hambantota_Southern,26.5,273.33669776274166,0.0,3.09,147.47354512845772
2026-10-01T22:00:00+05:30,Hambantota_Southern,26.5,274.13924522819354,0.0,3.11,151.1953801034999
2026-10-01T22:15:00+05:30,Hambantota_Southern,26.4,275.12319535402685,0.0,3.13,154.91303517561545
2026-10-01T22:30:00+05:30,Hambantota_Southern,26.3,276.3846195914429,0.0,3.17,158.62418944674369
2026-10-01T22:45:00+05:30,Hambantota_Southern,26.2,278.0990690466557,0.0,3.21,162.32460749973762
2026-10-01T23:00:00+05:30,Hambantota_Southern,26.1,280.6244646232616,0.0,3.2,166.00562867695777
2026-10-01T23:15:00+05:30,Hambantota_Southern,26.0,284.8142151162803,0.0,3.25,169.64639654901765
2026-10-01T23:30:00+05:30,Hambantota_Southern,26.0,293.2538323364602,0.0,3.25,173.18195735924604
2026-10-01T23:45:00+05:30,Hambantota_Southern,25.9,317.13602390029433,0.0,3.25,176.29735838525883
2026-10-02T00:00:00+05:30,Hambantota_Southern,25.9,24.324424316018167,0.0,3.2,177.02188676836386
2026-10-02T00:15:00+05:30,Hambantota_Southern,25.9,61.574645608002925,0.0,3.2,174.34631021397195
2026-10-02T00:30:00+05:30,Hambantota_Southern,25.8,73.11317256308689,0.0,3.15,170.88991875127437
2026-10-02T00:45:00+05:30,Hambantota_Southern,25.8,78.30869571576778,0.0,3.1,167.27383291099278
2026-10-02T01:00:00+05:30,Hambantota_Southern,25.8,81.27066149357734,0.0,3.1,163.60345629368584
2026-10-02T01:15:00+05:30,Hambantota_Southern,25.7,83.21156873676489,0.0,3.06,159.90861261739008
2026-10-02T01:30:00+05:30,Hambantota_Southern,25.7,84.60507611771584,0.0,3.01,156.20079157730257
2026-10-02T01:45:00+05:30,Hambantota_Southern,25.7,85.67271079645423,0.0,2.97,152.48534133784267
2026-10-02T02:00:00+05:30,Hambantota_Southern,25.7,86.53165144031209,0.0,2.92,148.76509117328825
2026-10-02T02:15:00+05:30,Hambantota_Southern,25.7,87.24969122727714,0.0,2.83,145.04168552382126
2026-10-02T02:30:00+05:30,Hambantota_Southern,25.6,87.86883754993659,0.0,2.79,141.31615373449733
2026-10-02T02:45:00+05:30,Hambantota_Southern,25.6,88.41658830057668,0.0,2.74,137.5891801600011
2026-10-02T03:00:00+05:30,Hambantota_Southern,25.5,88.91178452341796,0.0,2.64,133.86124520496858
2026-10-02T03:15:00+05:30,Hambantota_Southern,25.5,89.36785631175314,0.0,2.59,130.13270384621796
2026-10-02T03:30:00+05:30,Hambantota_Southern,25.4,89.79472421349465,0.0,2.49,126.40383051387963
2026-10-02T03:45:00+05:30,Hambantota_Southern,25.4,90.19996566774773,0.0,2.39,122.67484799425314
2026-10-02T04:00:00+05:30,Hambantota_Southern,25.3,90.58956042361228,0.0,2.29,118.9459463812895
2026-10-02T04:15:00+05:30,Hambantota_Southern,25.3,90.9683852049809,0.0,2.2,115.21729467168345
2026-10-02T04:30:00+05:30,Hambantota_Southern,25.3,91.34055390036428,0.0,2.15,111.48905034168544
2026-10-02T04:45:00+05:30,Hambantota_Southern,25.3,91.70966062012155,0.0,2.1,107.76136680824538
2026-10-02T05:00:00+05:30,Hambantota_Southern,25.3,92.07896095617343,0.0,2.05,104.03439816322192
2026-10-02T05:15:00+05:30,Hambantota_Southern,25.4,92.45151372751866,0.0,2.01,100.30830478635532
2026-10-02T05:30:00+05:30,Hambantota_Southern,25.5,92.83029855995017,0.0,2.01,96.58325877560863
2026-10-02T05:45:00+05:30,Hambantota_Southern,25.6,93.21832033083194,0.0,2.01,92.85944807596218
2026-10-02T06:00:00+05:30,Hambantota_Southern,25.8,93.61870864790728,1.0,2.07,89.13708264766352
2026-10-02T06:15:00+05:30,Hambantota_Southern,26.1,94.03481983121412,21.0,2.17,85.41640154950055
2026-10-02T06:30:00+05:30,Hambantota_Southern,26.3,94.47034873506738,56.0,2.23,81.69767988426526
2026-10-02T06:45:00+05:30,Hambantota_Southern,26.6,94.9294579775542,101.0,2.34,77.98123915593966
2026-10-02T07:00:00+05:30,Hambantota_Southern,26.9,95.4169342800077,154.0,2.45,74.26746029577272
2026-10-02T07:15:00+05:30,Hambantota_Southern,27.2,95.93838456974527,207.0,2.56,70.5567988928069
2026-10-02T07:30:00+05:30,Hambantota_Southern,27.5,96.50048851445456,258.0,2.67,66.849807080036
2026-10-02T07:45:00+05:30,Hambantota_Southern,27.8,97.1113317943151,307.0,2.78,63.14716270934766
2026-10-02T08:00:00+05:30,Hambantota_Southern,28.1,97.78085560992633,357.0,2.86,59.44970746308066
2026-10-02T08:15:00+05:30,Hambantota_Southern,28.3,98.52147465310395,410.0,2.94,55.75850164391445
2026-10-02T08:30:00+05:30,Hambantota_Southern,28.5,99.34894430566192,465.0,3.03,52.07490150319892
2026-10-02T08:45:00+05:30,Hambantota_Southern,28.7,100.2836037080167,520.0,3.09,48.40066929445416
2026-10-02T09:00:00+05:30,Hambantota_Southern,28.9,101.35219694764226,573.0,3.11,44.738138022943694
2026-10-02T09:15:00+05:30,Hambantota_Southern,29.0,102.59060702217937,621.0,3.12,41.09046126829675
2026-10-02T09:30:00+05:30,Hambantota_Southern,29.2,104.04807023461376,664.0,3.19,37.462001835470616
2026-10-02T09:45:00+05:30,Hambantota_Southern,29.3,105.7938600232415,703.0,3.23,33.85896140278991
2026-10-02T10:00:00+05:30,Hambantota_Southern,29.4,107.92821812003751,738.0,3.36,30.290435058493877
2026-10-02T10:15:00+05:30,Hambantota_Southern,29.5,110.60080564565988,770.0,3.43,26.77025071305878
2026-10-02T10:30:00+05:30,Hambantota_Southern,29.6,114.04276011181935,797.0,3.51,23.320331866998615
2026-10-02T10:45:00+05:30,Hambantota_Southern,29.7,118.62335245965181,821.0,3.64,19.97713670328646
2026-10-02T11:00:00+05:30,Hambantota_Southern,29.8,124.94791817887943,842.0,3.7,16.804503873900046
2026-10-02T11:15:00+05:30,Hambantota_Southern,29.8,134.00147197801687,862.0,3.87,13.919572615018012
2026-10-02T11:30:00+05:30,Hambantota_Southern,29.8,147.20203404428622,882.0,3.97,11.540184356556097
2026-10-02T11:45:00+05:30,Hambantota_Southern,29.8,165.63289800534062,899.0,4.1,10.032729706129771
2026-10-02T12:00:00+05:30,Hambantota_Southern,29.8,187.45272793810742,910.0,4.25,9.807856720593506
2026-10-02T12:15:00+05:30,Hambantota_Southern,29.7,207.38185897342623,911.0,4.39,10.944907567518001
2026-10-02T12:30:00+05:30,Hambantota_Southern,29.7,222.2000416911548,903.0,4.54,13.093752474186047
2026-10-02T12:45:00+05:30,Hambantota_Southern,29.6,232.40395467953556,888.0,4.7,15.848022641991449
2026-10-02T13:00:00+05:30,Hambantota_Southern,29.5,239.46666012935364,869.0,4.81,18.945473530857015
2026-10-02T13:15:00+05:30,Hambantota_Southern,29.3,244.52042112959418,845.0,4.92,22.24318375283957
2026-10-02T13:30:00+05:30,Hambantota_Southern,29.2,248.27456184028608,818.0,4.99,25.66405824625666
2026-10-02T13:45:00+05:30,Hambantota_Southern,29.1,251.1603470929254,787.0,5.01,29.164774666007183
2026-10-02T14:00:00+05:30,Hambantota_Southern,29.0,253.44509668957556,750.0,5.04,32.71970062804355
2026-10-02T14:15:00+05:30,Hambantota_Southern,28.9,255.30000287848912,706.0,5.04,36.31290290662065
2026-10-02T14:30:00+05:30,Hambantota_Southern,28.8,256.8385207996023,655.0,4.94,39.934033832849146
2026-10-02T14:45:00+05:30,Hambantota_Southern,28.7,258.1383003886316,602.0,4.76,43.576114385286495
2026-10-02T15:00:00+05:30,Hambantota_Southern,28.6,259.2540534947029,549.0,4.53,47.234281147338045
2026-10-02T15:15:00+05:30,Hambantota_Southern,28.5,260.2253428047248,501.0,4.25,50.90504758378157
2026-10-02T15:30:00+05:30,Hambantota_Southern,28.4,261.08144610537306,456.0,4.0,54.58585295432937
2026-10-02T15:45:00+05:30,Hambantota_Southern,28.3,261.84448385857985,412.0,3.7,58.27477542624278
2026-10-02T16:00:00+05:30,Hambantota_Southern,28.2,262.5314855185892,365.0,3.5,61.9703445804692
2026-10-02T16:15:00+05:30,Hambantota_Southern,28.0,263.1557891659631,317.0,3.3,65.67141698882838
2026-10-02T16:30:00+05:30,Hambantota_Southern,27.9,263.7280109447183,269.0,3.19,69.37708957134447
2026-10-02T16:45:00+05:30,Hambantota_Southern,27.8,264.25673106564443,221.0,3.16,73.08663863134541
2026-10-02T17:00:00+05:30,Hambantota_Southern,27.7,264.7489892366857,170.0,3.15,76.7994775676595
2026-10-02T17:15:00+05:30,Hambantota_Southern,27.6,265.21064917430135,118.0,3.18,80.51512484074674
2026-10-02T17:30:00+05:30,Hambantota_Southern,27.5,265.6466723432284,68.0,3.18,84.23318009689069
2026-10-02T17:45:00+05:30,Hambantota_Southern,27.4,266.0613281591573,28.0,3.12,87.95330755923473
2026-10-02T18:00:00+05:30,Hambantota_Southern,27.2,266.45835915378814,3.0,3.04,91.67522205328797
2026-10-02T18:15:00+05:30,Hambantota_Southern,27.1,266.8411148612653,0.0,2.96,95.39867801507397
2026-10-02T18:30:00+05:30,Hambantota_Southern,27.0,267.21266470442004,0.0,2.8,99.1234621635832
2026-10-02T18:45:00+05:30,Hambantota_Southern,26.9,267.575897607233,0.0,2.64,102.84938624276388
2026-10-02T19:00:00+05:30,Hambantota_Southern,26.8,267.9336154330691,0.0,2.4,106.5762808695046
2026-10-02T19:15:00+05:30,Hambantota_Southern,26.7,268.28862703495156,0.0,2.17,110.30399162840452
2026-10-02T19:30:00+05:30,Hambantota_Southern,26.6,268.64384984522974,0.0,2.0,114.03237408777343
2026-10-02T19:45:00+05:30,Hambantota_Southern,26.5,269.0024279672544,0.0,1.83,117.76128893127805
2026-10-02T20:00:00+05:30,Hambantota_Southern,26.4,269.36787876871887,0.0,1.67,121.49059837150459
2026-10-02T20:15:00+05:30,Hambantota_Southern,26.4,269.7442848649001,0.0,1.56,125.2201604117919
2026-10-02T20:30:00+05:30,Hambantota_Southern,26.3,270.1365579096088,0.0,1.45,128.94982186945893
2026-10-02T20:45:00+05:30,Hambantota_Southern,26.2,270.55081642499243,0.0,1.4,132.67941075538835
2026-10-02T21:00:00+05:30,Hambantota_Southern,26.2,270.99494753910324,0.0,1.4,136.40872353774645
2026-10-02T21:15:00+05:30,Hambantota_Southern,26.1,271.47947471853195,0.0,1.4,140.1375062753214
2026-10-02T21:30:00+05:30,Hambantota_Southern,26.1,272.0189533842995,0.0,1.41,143.8654265509033
2026-10-02T21:45:00+05:30,Hambantota_Southern,26.0,272.634318087089,0.0,1.46,147.59202449935694
2026-10-02T22:00:00+05:30,Hambantota_Southern,26.0,273.35704227348896,0.0,1.53,151.316626732336
2026-10-02T22:15:00+05:30,Hambantota_Southern,26.0,274.2369888364438,0.0,1.59,155.0381859833745
2026-10-02T22:30:00+05:30,Hambantota_Southern,26.0,275.358425442952,0.0,1.65,158.75495102077696
2026-10-02T22:45:00+05:30,Hambantota_Southern,26.0,276.87612905564197,0.0,1.71,162.46372068464714
2026-10-02T23:00:00+05:30,Hambantota_Southern,25.9,279.10839790095565,0.0,1.76,166.15791245134807
2026-10-02T23:15:00+05:30,Hambantota_Southern,25.9,282.82626077072155,0.0,1.76,169.82147972795775
2026-10-02T23:30:00+05:30,Hambantota_Southern,25.9,290.4489753200439,0.0,1.81,173.40302328066173
2026-10-02T23:45:00+05:30,Hambantota_Southern,25.8,313.6687040399752,0.0,1.8,176.62979341671897
2026-10-03T00:00:00+05:30,Hambantota_Southern,25.8,29.301475075226335,0.0,1.83,177.33215708693334
2026-10-03T00:15:00+05:30,Hambantota_Southern,25.7,65.48031790075925,0.0,1.82,174.4504918153619
2026-10-03T00:30:00+05:30,Hambantota_Southern,25.7,75.60468911631534,0.0,1.82,170.9227738639592
2026-10-03T00:45:00+05:30,Hambantota_Southern,25.6,80.102438936878,0.0,1.81,167.27552549903228
2026-10-03T01:00:00+05:30,Hambantota_Southern,25.6,82.6686980813418,0.0,1.8,163.58833811066708
2026-10-03T01:15:00+05:30,Hambantota_Southern,25.5,84.35865153889415,0.0,1.8,159.88326011295345
2026-10-03T01:30:00+05:30,Hambantota_Southern,25.4,85.58029836143135,0.0,1.8,156.1687393317033
2026-10-03T01:45:00+05:30,Hambantota_Southern,25.4,86.52369127046279,0.0,1.8,152.44870543374054
2026-10-03T02:00:00+05:30,Hambantota_Southern,25.3,87.28920100262366,0.0,1.81,148.72524131532438
2026-10-03T02:15:00+05:30,Hambantota_Southern,25.3,87.93487733047402,0.0,1.76,144.9995629724368
2026-10-03T02:30:00+05:30,Hambantota_Southern,25.2,88.49670940265383,0.0,1.77,141.27243728900606
2026-10-03T02:45:00+05:30,Hambantota_Southern,25.2,88.9982867896307,0.0,1.78,137.54437966680464
2026-10-03T03:00:00+05:30,Hambantota_Southern,25.1,89.4558082523709,0.0,1.73,133.81575754058875
2026-10-03T03:15:00+05:30,Hambantota_Southern,25.0,89.88085824860241,0.0,1.73,130.08684816638575
2026-10-03T03:30:00+05:30,Hambantota_Southern,25.0,90.28203341690255,0.0,1.68,126.35787142972777
2026-10-03T03:45:00+05:30,Hambantota_Southern,24.9,90.66594093134808,0.0,1.63,122.62901140762838
2026-10-03T04:00:00+05:30,Hambantota_Southern,24.8,91.03783736352159,0.0,1.62,118.90043070425872
2026-10-03T04:15:00+05:30,Hambantota_Southern,24.8,91.40205370459455,0.0,1.57,115.17227906505977
2026-10-03T04:30:00+05:30,Hambantota_Southern,24.8,91.76228888717537,0.0,1.56,111.44470099410628
2026-10-03T04:45:00+05:30,Hambantota_Southern,24.8,92.12182092626722,0.0,1.56,107.71784192191663
2026-10-03T05:00:00+05:30,Hambantota_Southern,24.8,92.48366602877502,0.0,1.51,103.99185209151767
2026-10-03T05:15:00+05:30,Hambantota_Southern,24.9,92.85070485865532,0.0,1.5,100.26689164398384
2026-10-03T05:30:00+05:30,Hambantota_Southern,25.0,93.22578932665203,0.0,1.5,96.5431357627014
2026-10-03T05:45:00+05:30,Hambantota_Southern,25.2,93.61183966971726,0.0,1.5,92.82077870573715
2026-10-03T06:00:00+05:30,Hambantota_Southern,25.4,94.01193918319399,1.0,1.55,89.10004005026178
2026-10-03T06:15:00+05:30,Hambantota_Southern,25.7,94.42943357076751,25.0,1.55,85.3811720173231
2026-10-03T06:30:00+05:30,Hambantota_Southern,26.0,94.86804197448089,65.0,1.61,81.66446683359597
2026-10-03T06:45:00+05:30,Hambantota_Southern,26.3,95.33198715115475,117.0,1.66,77.9502677149629
2026-10-03T07:00:00+05:30,Hambantota_Southern,26.7,95.82615455499945,176.0,1.68,74.23898276092442
2026-10-03T07:15:00+05:30,Hambantota_Southern,27.1,96.3562931992351,236.0,1.74,70.53110138129932
2026-10-03T07:30:00+05:30,Hambantota_Southern,27.4,96.92927536340403,294.0,1.76,66.82721780903543
2026-10-03T07:45:00+05:30,Hambantota_Southern,27.8,97.55344008722466,350.0,1.79,63.1280624842658
2026-10-03T08:00:00+05:30,Hambantota_Southern,28.1,98.23905689849084,405.0,1.87,59.43454319931994
2026-10-03T08:15:00+05:30,Hambantota_Southern,28.4,98.99896336219427,462.0,1.86,55.74780409138031
2026-10-03T08:30:00+05:30,Hambantota_Southern,28.6,99.84945916919696,520.0,1.92,52.069308876558665
2026-10-03T08:45:00+05:30,Hambantota_Southern,28.8,100.81158614720096,577.0,1.98,48.40095934135603
2026-10-03T09:00:00+05:30,Hambantota_Southern,29.0,101.91300011466853,631.0,2.06,44.7452723546012
2026-10-03T09:15:00+05:30,Hambantota_Southern,29.1,103.19077380277201,681.0,2.12,41.10564786289643
2026-10-03T09:30:00+05:30,Hambantota_Southern,29.2,104.695702897481,726.0,2.24,37.48678504096
2026-10-03T09:45:00+05:30,Hambantota_Southern,29.3,106.4991039569569,765.0,2.39,33.8953543626082
2026-10-03T10:00:00+05:30,Hambantota_Southern,29.4,108.7038621226281,801.0,2.55,30.341118738728902
2026-10-03T10:15:00+05:30,Hambantota_Southern,29.5,111.46291220991009,835.0,2.71,26.83887837155006
2026-10-03T10:30:00+05:30,Hambantota_Southern,29.6,115.01092148534872,865.0,2.91,23.411997820969745
2026-10-03T10:45:00+05:30,Hambantota_Southern,29.6,119.71910602410406,891.0,3.07,20.099079339364238
2026-10-03T11:00:00+05:30,Hambantota_Southern,29.7,126.18643714436541,910.0,3.24,16.967027695941866
2026-10-03T11:15:00+05:30,Hambantota_Southern,29.7,135.3618083143735,920.0,3.36,14.13659149572527
2026-10-03T11:30:00+05:30,Hambantota_Southern,29.8,148.5446812693043,921.0,3.5,11.8263647011387
2026-10-03T11:45:00+05:30,Hambantota_Southern,29.9,166.58700626313066,914.0,3.66,10.389382893523972
2026-10-03T12:00:00+05:30,Hambantota_Southern,30.0,187.61219535057316,905.0,3.78,10.201589128054906
2026-10-03T12:15:00+05:30,Hambantota_Southern,30.2,206.83646708550174,898.0,3.89,11.325294010593439
2026-10-03T12:30:00+05:30,Hambantota_Southern,30.2,221.33832082503122,891.0,3.97,13.435352333895338
2026-10-03T12:45:00+05:30,Hambantota_Southern,30.2,231.48040952858884,882.0,3.99,16.149654747256108
2026-10-03T13:00:00+05:30,Hambantota_Southern,30.2,238.581227917289,869.0,3.97,19.213792427570667
2026-10-03T13:15:00+05:30,Hambantota_Southern,30.1,243.70107330198175,851.0,3.97,22.485185233335798
2026-10-03T13:30:00+05:30,Hambantota_Southern,30.0,247.52310115264586,829.0,3.96,25.885360355310723
2026-10-03T13:45:00+05:30,Hambantota_Southern,29.9,250.470378885184,803.0,3.97,29.36960960167142
2026-10-03T14:00:00+05:30,Hambantota_Southern,29.8,252.80843137514427,774.0,3.91,32.91122719254067
2026-10-03T14:15:00+05:30,Hambantota_Southern,29.7,254.70879060625373,741.0,3.89,36.49349978120307
2026-10-03T14:30:00+05:30,Hambantota_Southern,29.6,256.2858548175713,705.0,3.88,40.10551915933151
2026-10-03T14:45:00+05:30,Hambantota_Southern,29.5,257.61828497455065,665.0,3.87,43.73990084417181
2026-10-03T15:00:00+05:30,Hambantota_Southern,29.4,258.76169977122106,622.0,3.87,47.391484237763436
2026-10-03T15:15:00+05:30,Hambantota_Southern,29.3,259.75642423587254,577.0,3.85,51.05656165092384
2026-10-03T15:30:00+05:30,Hambantota_Southern,29.1,260.63235933142875,530.0,3.87,54.73240524292405
2026-10-03T15:45:00+05:30,Hambantota_Southern,29.0,261.4121282742897,480.0,3.89,58.41696509315291
2026-10-03T16:00:00+05:30,Hambantota_Southern,28.8,262.11316324031225,427.0,3.89,62.1086712984683
2026-10-03T16:15:00+05:30,Hambantota_Southern,28.7,262.7491231025544,371.0,3.89,65.80630224877439
2026-10-03T16:30:00+05:30,Hambantota_Southern,28.6,263.3308777120961,316.0,3.9,69.50889279385707
2026-10-03T16:45:00+05:30,Hambantota_Southern,28.5,263.86720559478437,259.0,3.87,73.21566953527464
2026-10-03T17:00:00+05:30,Hambantota_Southern,28.3,264.3652983442303,200.0,3.85,76.92600581361897
2026-10-03T17:15:00+05:30,Hambantota_Southern,28.2,264.83113180343906,139.0,3.83,80.63938766044046
2026-10-03T17:30:00+05:30,Hambantota_Southern,28.1,265.269744570724,80.0,3.77,84.3553884334644
2026-10-03T17:45:00+05:30,Hambantota_Southern,28.0,265.68545134748433,33.0,3.72,88.07365109710203
2026-10-03T18:00:00+05:30,Hambantota_Southern,27.9,266.0820098091804,3.0,3.62,91.79387342614338
2026-10-03T18:15:00+05:30,Hambantota_Southern,27.8,266.4627548494409,0.0,3.52,95.5157964156206
2026-10-03T18:30:00+05:30,Hambantota_Southern,27.7,266.8307104619429,0.0,3.43,99.2391965319946
2026-10-03T18:45:00+05:30,Hambantota_Southern,27.6,267.18868686680355,0.0,3.34,102.96387819185952
2026-10-03T19:00:00+05:30,Hambantota_Southern,27.4,267.5393697297488,0.0,3.2,106.68966748431501
2026-10-03T19:15:00+05:30,Hambantota_Southern,27.3,267.88540783190854,0.0,3.04,110.41640827686587
2026-10-03T19:30:00+05:30,Hambantota_Southern,27.2,268.2295054553802,0.0,2.91,114.14395739950189
2026-10-03T19:45:00+05:30,Hambantota_Southern,27.0,268.5745274222366,0.0,2.77,117.87218012727
2026-10-03T20:00:00+05:30,Hambantota_Southern,26.9,268.9236272069487,0.0,2.57,121.60094717736837
2026-10-03T20:15:00+05:30,Hambantota_Southern,26.8,269.28041257714057,0.0,2.42,125.33012988696363
2026-10-03T20:30:00+05:30,Hambantota_Southern,26.6,269.6491713114613,0.0,2.25,129.05959462211794
2026-10-03T20:45:00+05:30,Hambantota_Southern,26.5,270.0351929451341,0.0,2.07,132.78919726627663
2026-10-03T21:00:00+05:30,Hambantota_Southern,26.3,270.44524595358064,0.0,1.88,136.51877372259477
2026-10-03T21:15:00+05:30,Hambantota_Southern,26.2,270.88831435675485,0.0,1.76,140.2481261372633
2026-10-03T21:30:00+05:30,Hambantota_Southern,26.1,271.37678305811664,0.0,1.59,143.9770030938947
2026-10-03T21:45:00+05:30,Hambantota_Southern,26.0,271.92843428897305,0.0,1.47,147.70506457109073
2026-10-03T22:00:00+05:30,Hambantota_Southern,25.8,272.5699942063255,0.0,1.36,151.43182052812827
2026-10-03T22:15:00+05:30,Hambantota_Southern,25.7,273.34384911221133,0.0,1.25,155.1565169008676
2026-10-03T22:30:00+05:30,Hambantota_Southern,25.6,274.3218130765493,0.0,1.15,158.8778994225744
2026-10-03T22:45:00+05:30,Hambantota_Southern,25.5,275.63638563581594,0.0,1.06,162.59367709418865
2026-10-03T23:00:00+05:30,Hambantota_Southern,25.4,277.56217454785553,0.0,1.02,166.29912108912163
2026-10-03T23:15:00+05:30,Hambantota_Southern,25.4,280.77404193142144,0.0,0.98,169.98258104988292
2026-10-03T23:30:00+05:30,Hambantota_Southern,25.3,287.45983055685986,0.0,0.95,173.6057526452298
2026-10-03T23:45:00+05:30,Hambantota_Southern,25.2,309.45504364582575,0.0,0.97,176.94569784086784
2026-10-04T00:00:00+05:30,Hambantota_Southern,25.1,35.48699811778806,0.0,0.94,177.61749223095677
2026-10-04T00:15:00+05:30,Hambantota_Southern,25.0,69.50339664886235,0.0,0.98,174.52928084843276
2026-10-04T00:30:00+05:30,Hambantota_Southern,25.0,78.10323101028047,0.0,1.01,170.93993888155998
2026-10-04T00:45:00+05:30,Hambantota_Southern,24.9,81.89085620963567,0.0,1.07,167.2665058974137
2026-10-04T01:00:00+05:30,Hambantota_Southern,24.8,84.06040650751441,0.0,1.12,163.5653729130937
2026-10-04T01:15:00+05:30,Hambantota_Southern,24.8,85.50012057855048,0.0,1.19,159.85190641384713
2026-10-04T01:30:00+05:30,Hambantota_Southern,24.7,86.55077862880324,0.0,1.23,156.13197553857353
2026-10-04T01:45:00+05:30,Hambantota_Southern,24.7,87.37068171956918,0.0,1.27,152.40831411193935
2026-10-04T02:00:00+05:30,Hambantota_Southern,24.6,88.04336583770174,0.0,1.32,148.68237756242183
2026-10-04T02:15:00+05:30,Hambantota_Southern,24.6,88.6171594465099,0.0,1.41,144.95502235805432
2026-10-04T02:30:00+05:30,Hambantota_Southern,24.5,89.12206033588683,0.0,1.46,141.22679551439916
2026-10-04T02:45:00+05:30,Hambantota_Southern,24.5,89.57777228045472,0.0,1.5,137.49807119179573
2026-10-04T03:00:00+05:30,Hambantota_Southern,24.5,89.99786903566553,0.0,1.6,133.76912266917418
2026-10-04T03:15:00+05:30,Hambantota_Southern,24.4,90.39210234736237,0.0,1.63,130.04016271792185
2026-10-04T03:30:00+05:30,Hambantota_Southern,24.4,90.7677545760231,0.0,1.68,126.31136628012977
2026-10-04T03:45:00+05:30,Hambantota_Southern,24.4,91.1304698404677,0.0,1.71,122.5828858812593
2026-10-04T04:00:00+05:30,Hambantota_Southern,24.4,91.4847869717538,0.0,1.8,118.85486210525778
2026-10-04T04:15:00+05:30,Hambantota_Southern,24.4,91.83449535975114,0.0,1.83,115.12742972381204
2026-10-04T04:30:00+05:30,Hambantota_Southern,24.5,92.1828821394393,0.0,1.87,111.40072369304474
2026-10-04T04:45:00+05:30,Hambantota_Southern,24.5,92.53291165242342,0.0,1.92,107.67488425520308
2026-10-04T05:00:00+05:30,Hambantota_Southern,24.6,92.88736257308142,0.0,1.91,103.9500601509973
2026-10-04T05:15:00+05:30,Hambantota_Southern,24.7,93.24893881114838,0.0,1.96,100.2264132982366
2026-10-04T05:30:00+05:30,Hambantota_Southern,24.8,93.62036559240664,0.0,1.95,96.50412374157504
2026-10-04T05:45:00+05:30,Hambantota_Southern,24.9,94.0044792246714,0.0,1.95,92.78339366387823
2026-10-04T06:00:00+05:30,Hambantota_Southern,25.1,94.40431711149864,1.0,1.96,89.06445376643089
2026-10-04T06:15:00+05:30,Hambantota_Southern,25.2,94.82321447657375,27.0,1.97,85.34757088660197
2026-10-04T06:30:00+05:30,Hambantota_Southern,25.4,95.26491458468809,72.0,1.94,81.63305582815853
2026-10-04T06:45:00+05:30,Hambantota_Southern,25.6,95.733699823145,129.0,1.93,77.92127500885266
2026-10-04T07:00:00+05:30,Hambantota_Southern,25.9,96.23455344911213,195.0,1.95,74.21266528027797
2026-10-04T07:15:00+05:30,Hambantota_Southern,26.2,96.7733650853184,261.0,1.97,70.50775160182772
2026-10-04T07:30:00+05:30,Hambantota_Southern,26.4,97.35719740495642,324.0,2.02,66.8071722398985
2026-10-04T07:45:00+05:30,Hambantota_Southern,26.7,97.99463954395253,383.0,2.1,63.11171243704035
2026-10-04T08:00:00+05:30,Hambantota_Southern,27.0,98.69628457609053,441.0,2.19,59.42234868046792
2026-10-04T08:15:00+05:30,Hambantota_Southern,27.3,99.47538589182187,498.0,2.23,55.7403120124265
2026-10-04T08:30:00+05:30,Hambantota_Southern,27.6,100.34877697012399,552.0,2.35,52.06717730953831
2026-10-04T08:45:00+05:30,Hambantota_Southern,27.9,101.33818633946765,602.0,2.48,48.40499038515533
2026-10-04T09:00:00+05:30,Hambantota_Southern,28.2,102.4721567203108,650.0,2.58,44.75645746919055
2026-10-04T09:15:00+05:30,Hambantota_Southern,28.5,103.78891101386881,695.0,2.73,41.12523159476409
2026-10-04T09:30:00+05:30,Hambantota_Southern,28.7,105.34073938864805,737.0,2.84,37.51635639188701
2026-10-04T09:45:00+05:30,Hambantota_Southern,29.0,107.2008915627074,775.0,2.95,33.936980448842824
2026-10-04T10:00:00+05:30,Hambantota_Southern,29.2,109.47470319634056,809.0,3.07,30.3975440235901
2026-10-04T10:15:00+05:30,Hambantota_Southern,29.5,112.31803234018162,839.0,3.2,26.913825766864015
2026-10-04T10:30:00+05:30,Hambantota_Southern,29.7,115.96841998925618,866.0,3.34,23.51062344203028
2026-10-04T10:45:00+05:30,Hambantota_Southern,29.9,120.79778823572167,888.0,3.43,20.228631560621437
2026-10-04T11:00:00+05:30,Hambantota_Southern,30.0,127.39654114569436,905.0,3.53,17.13764535198159
2026-10-04T11:15:00+05:30,Hambantota_Southern,30.1,136.67469473299678,916.0,3.62,14.361541232923088
2026-10-04T11:30:00+05:30,Hambantota_Southern,30.2,149.8161318879496,920.0,3.68,12.118694308722567
2026-10-04T11:45:00+05:30,Hambantota_Southern,30.3,167.46942927890802,918.0,3.75,10.748287957228854
2026-10-04T12:00:00+05:30,Hambantota_Southern,30.3,187.75226300121125,913.0,3.76,10.594466994327775
2026-10-04T12:15:00+05:30,Hambantota_Southern,30.4,206.32097324834228,907.0,3.78,11.705288670117966
2026-10-04T12:30:00+05:30,Hambantota_Southern,30.4,220.5158454134274,900.0,3.82,13.778194831978084
2026-10-04T12:45:00+05:30,Hambantota_Southern,30.4,230.58860806297514,889.0,3.81,16.453480858316993
2026-10-04T13:00:00+05:30,Hambantota_Southern,30.3,237.71884592129453,874.0,3.8,19.484570424226504
2026-10-04T13:15:00+05:30,Hambantota_Southern,30.2,242.89828191802928,855.0,3.8,22.729550485200576
2026-10-04T13:30:00+05:30,Hambantota_Southern,30.2,246.78375086089432,832.0,3.8,26.10877852046007
2026-10-04T13:45:00+05:30,Hambantota_Southern,30.1,249.78949884438876,806.0,3.83,29.5762613279205
2026-10-04T14:00:00+05:30,Hambantota_Southern,30.0,252.17876416838652,776.0,3.8,33.10426431944822
2026-10-04T14:15:00+05:30,Hambantota_Southern,29.9,254.12309534923628,742.0,3.84,36.67531235425429
2026-10-04T14:30:00+05:30,Hambantota_Southern,29.8,255.7376292316743,705.0,3.85,40.27794315707088
2026-10-04T14:45:00+05:30,Hambantota_Southern,29.7,257.1019080701372,665.0,3.87,43.90436801387482
2026-10-04T15:00:00+05:30,Hambantota_Southern,29.6,258.27237367392337,622.0,3.86,47.54912814125653
2026-10-04T15:15:00+05:30,Hambantota_Southern,29.5,259.29005818175654,576.0,3.89,51.20829283962171
2026-10-04T15:30:00+05:30,Hambantota_Southern,29.4,260.1854484503539,529.0,3.89,54.87896507732611
2026-10-04T15:45:00+05:30,Hambantota_Southern,29.3,260.981644705995,479.0,3.9,58.55896479182675
2026-10-04T16:00:00+05:30,Hambantota_Southern,29.1,261.6964636756858,425.0,3.95,62.246620684065206
2026-10-04T16:15:00+05:30,Hambantota_Southern,29.0,262.34387192694714,369.0,4.0,65.94063121917264
2026-10-04T16:30:00+05:30,Hambantota_Southern,28.9,262.93498338024875,314.0,4.02,69.6399675983681
2026-10-04T16:45:00+05:30,Hambantota_Southern,28.8,263.4787676370454,257.0,4.05,73.34380528857406
2026-10-04T17:00:00+05:30,Hambantota_Southern,28.7,263.98256261870824,198.0,4.07,77.05147625067443
2026-10-04T17:15:00+05:30,Hambantota_Southern,28.6,264.45245192611003,137.0,4.06,80.76243285501108
2026-10-04T17:30:00+05:30,Hambantota_Southern,28.5,264.8935477621525,79.0,4.07,84.47622099612455
2026-10-04T17:45:00+05:30,Hambantota_Southern,28.4,265.31020716947245,33.0,4.09,88.19246123429622
2026-10-04T18:00:00+05:30,Hambantota_Southern,28.3,265.70620041302806,3.0,4.07,91.9108331488066
2026-10-04T18:15:00+05:30,Hambantota_Southern,28.2,266.08484542462253,0.0,4.09,95.63106311597654
2026-10-04T18:30:00+05:30,Hambantota_Southern,28.1,266.44911854416375,0.0,4.07,99.35291611166564
2026-10-04T18:45:00+05:30,Hambantota_Southern,28.0,266.8017490279809,0.0,4.05,103.0761878811702
2026-10-04T19:00:00+05:30,Hambantota_Southern,28.0,267.14530390924045,0.0,4.03,106.80069849216599
2026-10-04T19:15:00+05:30,Hambantota_Southern,27.9,267.48226912254506,0.0,4.01,110.52628839631271
2026-10-04T19:30:00+05:30,Hambantota_Southern,27.8,267.815132474107,0.0,3.99,114.2528137068322
2026-10-04T19:45:00+05:30,Hambantota_Southern,27.7,268.1464753395261,0.0,3.97,117.98014193458947
2026-10-04T20:00:00+05:30,Hambantota_Southern,27.6,268.47908188094704,0.0,3.9,121.70814944194215
2026-10-04T20:15:00+05:30,Hambantota_Southern,27.5,268.8160777246776,0.0,3.9,125.43671735241782
2026-10-04T20:30:00+05:30,Hambantota_Southern,27.4,269.16111664476665,0.0,3.83,129.16572709801335
2026-10-04T20:45:00+05:30,Hambantota_Southern,27.3,269.518644678566,0.0,3.77,132.89505664021786
2026-10-04T21:00:00+05:30,Hambantota_Southern,27.3,269.8942901815863,0.0,3.77,136.62457366208565
2026-09-27T21:15:00+05:30,Kandy_Central,23.0,275.64368423179275,0.0,0.16,138.9354860904644
2026-09-27T21:30:00+05:30,Kandy_Central,23.0,276.5998958748157,0.0,0.11,142.63540284010404
2026-09-27T21:45:00+05:30,Kandy_Central,22.9,277.71901778314077,0.0,0.15,146.32760205984542
2026-09-27T22:00:00+05:30,Kandy_Central,22.7,279.0624555382268,0.0,0.16,150.00909719431587
2026-09-27T22:15:00+05:30,Kandy_Central,22.6,280.724940398948,0.0,0.16,153.675265162794
2026-09-27T22:30:00+05:30,Kandy_Central,22.4,282.86041805407945,0.0,0.16,157.31854317008816
2026-09-27T22:45:00+05:30,Kandy_Central,22.3,285.7355601583621,0.0,0.16,160.92568223170298
2026-09-27T23:00:00+05:30,Kandy_Central,22.2,289.8504795902788,0.0,0.15,164.4713508400196
2026-09-27T23:15:00+05:30,Kandy_Central,22.2,296.2388892371849,0.0,0.11,167.9012564690697
2026-09-27T23:30:00+05:30,Kandy_Central,22.1,307.26987295575026,0.0,0.11,171.08070595897237
2026-09-27T23:45:00+05:30,Kandy_Central,22.0,328.37636270125245,0.0,0.11,173.62324325095594
2026-09-28T00:00:00+05:30,Kandy_Central,21.8,4.322648239925456,0.0,0.14,174.54950135349804
2026-09-28T00:15:00+05:30,Kandy_Central,21.7,37.55881383626445,0.0,0.14,173.16710536152596
2026-09-28T00:30:00+05:30,Kandy_Central,21.6,55.83607394927827,0.0,0.14,170.4290168259808
2026-09-28T00:45:00+05:30,Kandy_Central,21.5,65.54372794073316,0.0,0.14,167.17611100583298
2026-09-28T01:00:00+05:30,Kandy_Central,21.5,71.30741187123567,0.0,0.14,163.7140778232877
2026-09-28T01:15:00+05:30,Kandy_Central,21.4,75.09384748221026,0.0,0.18,160.15213147900818
2026-09-28T01:30:00+05:30,Kandy_Central,21.4,77.77896599217138,0.0,0.18,156.53581642298025
2026-09-28T01:45:00+05:30,Kandy_Central,21.3,79.7961365577919,0.0,0.18,152.88697155029644
2026-09-28T02:00:00+05:30,Kandy_Central,21.2,81.38078921023998,0.0,0.18,149.2172597832731
2026-09-28T02:15:00+05:30,Kandy_Central,21.1,82.67088703756917,0.0,0.22,145.53344799264005
2026-09-28T02:30:00+05:30,Kandy_Central,21.1,83.75236507143529,0.0,0.22,141.83972755598083
2026-09-28T02:45:00+05:30,Kandy_Central,21.0,84.68149130530281,0.0,0.22,138.1388349318851
2026-09-28T03:00:00+05:30,Kandy_Central,21.0,85.49667796288111,0.0,0.25,134.43263764666972
2026-09-28T03:15:00+05:30,Kandy_Central,21.0,86.22510133568619,0.0,0.25,130.72246030703417
2026-09-28T03:30:00+05:30,Kandy_Central,20.9,86.88660252538415,0.0,0.3,127.00927434784788
2026-09-28T03:45:00+05:30,Kandy_Central,20.9,87.4960861694019,0.0,0.36,123.29381543371102
2026-09-28T04:00:00+05:30,Kandy_Central,20.8,88.06505192416495,0.0,0.43,119.57665848964878
2026-09-28T04:15:00+05:30,Kandy_Central,20.7,88.60260577210687,0.0,0.49,115.85826595759953
2026-09-28T04:30:00+05:30,Kandy_Central,20.7,89.11614857448058,0.0,0.54,112.13902197738781
2026-09-28T04:45:00+05:30,Kandy_Central,20.6,89.61185940587535,0.0,0.54,108.41925673999033
2026-09-28T05:00:00+05:30,Kandy_Central,20.6,90.09504578585421,0.0,0.52,104.69926303027455
2026-09-28T05:15:00+05:30,Kandy_Central,20.5,90.57040605092249,0.0,0.46,100.9793102069757
2026-09-28T05:30:00+05:30,Kandy_Central,20.6,91.04223410641987,0.0,0.46,97.25965561089531
2026-09-28T05:45:00+05:30,Kandy_Central,20.8,91.5145873147925,0.0,0.46,93.54055295686018
2026-09-28T06:00:00+05:30,Kandy_Central,21.1,91.99143202817487,0.0,0.51,89.82226149492652
2026-09-28T06:15:00+05:30,Kandy_Central,21.4,92.47677854517718,17.0,0.57,86.10505510258261
2026-09-28T06:30:00+05:30,Kandy_Central,21.8,92.97481562758657,55.0,0.61,82.38923042807646
2026-09-28T06:45:00+05:30,Kandy_Central,22.4,93.49005377859783,103.0,0.65,78.67511773072401
2026-09-28T07:00:00+05:30,Kandy_Central,23.1,94.02748786245843,158.0,0.76,74.96309367901917
2026-09-28T07:15:00+05:30,Kandy_Central,23.8,94.59279179744584,217.0,0.84,71.25359560053862
2026-09-28T07:30:00+05:30,Kandy_Central,24.5,95.19256119767107,279.0,0.76,67.54714148991526
2026-09-28T07:45:00+05:30,Kandy_Central,25.1,95.83462655988689,343.0,0.54,63.84435615092733
2026-09-28T08:00:00+05:30,Kandy_Central,25.8,96.52846940171912,408.0,0.34,60.14600471078586
2026-09-28T08:15:00+05:30,Kandy_Central,26.4,97.28578842412094,472.0,0.35,56.45304057666778
2026-09-28T08:30:00+05:30,Kandy_Central,26.9,98.12128818396735,535.0,0.67,52.76667262080629
2026-09-28T08:45:00+05:30,Kandy_Central,27.4,99.0538034371184,595.0,1.05,49.08846002715255
2026-09-28T09:00:00+05:30,Kandy_Central,27.8,100.10793921520087,648.0,1.51,45.42045384069793
2026-09-28T09:15:00+05:30,Kandy_Central,28.2,101.31652419095172,689.0,1.99,41.76541057960018
2026-09-28T09:30:00+05:30,Kandy_Central,28.5,102.72438166580116,714.0,2.35,38.127122803907255
2026-09-28T09:45:00+05:30,Kandy_Central,28.8,104.39429754029106,727.0,2.59,34.51095259571706
2026-09-28T10:00:00+05:30,Kandy_Central,29.1,106.41677233596852,739.0,2.72,30.924721179997448
2026-09-28T10:15:00+05:30,Kandy_Central,29.3,108.92650590243949,759.0,2.86,27.38025461222408
2026-09-28T10:30:00+05:30,Kandy_Central,29.3,112.13121206865549,789.0,3.0,23.89620342675957
2026-09-28T10:45:00+05:30,Kandy_Central,29.2,116.36336758205994,819.0,3.15,20.50344763326818
2026-09-28T11:00:00+05:30,Kandy_Central,29.0,122.17334728021302,841.0,3.35,17.25597856956493
2026-09-28T11:15:00+05:30,Kandy_Central,28.7,130.48328214170306,841.0,3.5,14.25350603720186
2026-09-28T11:30:00+05:30,Kandy_Central,28.4,142.73611257996004,818.0,3.55,11.68646792541226
2026-09-28T11:45:00+05:30,Kandy_Central,28.1,160.46195265040933,784.0,3.51,9.899645721772899
2026-09-28T12:00:00+05:30,Kandy_Central,27.7,182.78587960851343,756.0,3.41,9.351542970394476
2026-09-28T12:15:00+05:30,Kandy_Central,27.4,204.32866370498814,750.0,3.27,10.242991648923834
2026-09-28T12:30:00+05:30,Kandy_Central,27.2,220.62444074223458,765.0,3.18,12.263990220729752
2026-09-28T12:45:00+05:30,Kandy_Central,27.2,231.7439962823376,786.0,3.18,14.963645041771727
2026-09-28T13:00:00+05:30,Kandy_Central,27.4,239.3232451428457,799.0,3.22,18.039782959650026
2026-09-28T13:15:00+05:30,Kandy_Central,27.6,244.67478330898115,793.0,3.27,21.330111512363317
2026-09-28T13:30:00+05:30,Kandy_Central,27.7,248.61167833812152,774.0,3.17,24.749321306047477
2026-09-28T13:45:00+05:30,Kandy_Central,27.8,251.6187202097954,746.0,2.93,28.25062294472749
2026-09-28T14:00:00+05:30,Kandy_Central,27.9,253.9909193427033,710.0,2.67,31.806883757039913
2026-09-28T14:15:00+05:30,Kandy_Central,27.9,255.91427986470697,666.0,2.36,35.401508438493906
2026-09-28T14:30:00+05:30,Kandy_Central,27.7,257.5105102434262,610.0,2.07,39.02385792842687
2026-09-28T14:45:00+05:30,Kandy_Central,27.4,258.86205439326653,551.0,1.83,42.66683061913131
2026-09-28T15:00:00+05:30,Kandy_Central,26.9,260.0265262104135,498.0,1.68,46.325518374213736
2026-09-28T15:15:00+05:30,Kandy_Central,26.5,261.04532164105007,459.0,1.55,49.99642531249066
2026-09-28T15:30:00+05:30,Kandy_Central,26.1,261.94893204470765,433.0,1.46,53.67699630751304
2026-09-28T15:45:00+05:30,Kandy_Central,25.8,262.76032597912473,408.0,1.46,57.36532010028165
2026-09-28T16:00:00+05:30,Kandy_Central,25.6,263.4971646966577,371.0,1.43,61.059936856806104
2026-09-28T16:15:00+05:30,Kandy_Central,25.5,264.17329264363275,316.0,1.5,64.75971128324676
2026-09-28T16:30:00+05:30,Kandy_Central,25.3,264.7997645543172,248.0,1.55,68.46374474395418
2026-09-28T16:45:00+05:30,Kandy_Central,25.1,265.38556993774597,183.0,1.64,72.17131363339595
2026-09-28T17:00:00+05:30,Kandy_Central,25.0,265.93815594959,129.0,1.72,75.88182667256385
2026-09-28T17:15:00+05:30,Kandy_Central,24.8,266.46381314642184,90.0,1.79,79.59479250633024
2026-09-28T17:30:00+05:30,Kandy_Central,24.6,266.9679674094914,60.0,1.77,83.30979541131005
2026-09-28T17:45:00+05:30,Kandy_Central,24.3,267.45540745590915,33.0,1.61,87.02647813663444
2026-09-28T18:00:00+05:30,Kandy_Central,24.1,267.9304680562674,8.0,1.4,90.74452718672842
2026-09-28T18:15:00+05:30,Kandy_Central,23.8,268.3971842327381,0.0,1.24,94.4636608272257
2026-09-28T18:30:00+05:30,Kandy_Central,23.6,268.85942830050067,0.0,1.12,98.1836204103408
2026-09-28T18:45:00+05:30,Kandy_Central,23.5,269.3210392311703,0.0,1.04,101.90416132739223
2026-09-28T19:00:00+05:30,Kandy_Central,23.3,269.785953775782,0.0,0.96,105.62504446997437
2026-09-28T19:15:00+05:30,Kandy_Central,23.2,270.25834930155247,0.0,0.9,109.34602912869498
2026-09-28T19:30:00+05:30,Kandy_Central,23.1,270.7428095608964,0.0,0.85,113.06686371232766
2026-09-28T19:45:00+05:30,Kandy_Central,23.1,271.2445286690929,0.0,0.8,116.78727503358266
2026-09-28T20:00:00+05:30,Kandy_Central,23.0,271.7695746056109,0.0,0.75,120.50695665650287
2026-09-28T20:15:00+05:30,Kandy_Central,23.0,272.32524295530726,0.0,0.7,124.22555187432386
2026-09-28T20:30:00+05:30,Kandy_Central,23.0,272.92054878908573,0.0,0.65,127.94263063653233
2026-09-28T20:45:00+05:30,Kandy_Central,22.9,273.56693283353377,0.0,0.65,131.65765848537995
2026-09-28T21:00:00+05:30,Kandy_Central,22.8,274.2793064219811,0.0,0.66,135.3699488392565
2026-09-28T21:15:00+05:30,Kandy_Central,22.7,275.07764857721196,0.0,0.68,139.0785904512581
2026-09-28T21:30:00+05:30,Kandy_Central,22.7,275.9895339639347,0.0,0.7,142.78233428650032
2026-09-28T21:45:00+05:30,Kandy_Central,22.6,277.0542934653437,0.0,0.65,146.47940463720536
2026-09-28T22:00:00+05:30,Kandy_Central,22.6,278.3301797067081,0.0,0.58,150.16717256637668
2026-09-28T22:15:00+05:30,Kandy_Central,22.6,279.9073844522116,0.0,0.5,153.8415601520636
2026-09-28T22:30:00+05:30,Kandy_Central,22.5,281.93324344923803,0.0,0.43,157.49587167373704
2026-09-28T22:45:00+05:30,Kandy_Central,22.5,284.66496266077405,0.0,0.36,161.11830734636825
2026-09-28T23:00:00+05:30,Kandy_Central,22.4,288.5907682606387,0.0,0.27,164.68609124942645
2026-09-28T23:15:00+05:30,Kandy_Central,22.3,294.740556527424,0.0,0.2,168.14961794257258
2026-09-28T23:30:00+05:30,Kandy_Central,22.3,305.5657973028817,0.0,0.21,171.38211119609628
2026-09-28T23:45:00+05:30,Kandy_Central,22.2,327.1304778516483,0.0,0.25,173.99777426878796
2026-09-29T00:00:00+05:30,Kandy_Central,22.1,5.603851369005042,0.0,0.35,174.92965528693998
2026-09-29T00:15:00+05:30,Kandy_Central,22.1,40.19813068081271,0.0,0.46,173.41874263379034
2026-09-29T00:30:00+05:30,Kandy_Central,22.0,58.08022205093209,0.0,0.51,170.5745323542892
2026-09-29T00:45:00+05:30,Kandy_Central,21.9,67.30086840241404,0.0,0.45,167.26084354444797
2026-09-29T01:00:00+05:30,Kandy_Central,21.8,72.71755876060979,0.0,0.4,163.76268749836805
2026-09-29T01:15:00+05:30,Kandy_Central,21.7,76.26394849228325,0.0,0.38,160.17757437496368
2026-09-29T01:30:00+05:30,Kandy_Central,21.7,78.77802568824899,0.0,0.36,156.54543999377498
2026-09-29T01:45:00+05:30,Kandy_Central,21.6,80.66903240063914,0.0,0.36,152.88527446505486
2026-09-29T02:00:00+05:30,Kandy_Central,21.6,82.1577639707312,0.0,0.41,149.2071774647314
2026-09-29T02:15:00+05:30,Kandy_Central,21.5,83.37310284372353,0.0,0.56,145.51699745383303
2026-09-29T02:30:00+05:30,Kandy_Central,21.5,84.39514692561119,0.0,0.63,141.8183549366633
2026-09-29T02:45:00+05:30,Kandy_Central,21.4,85.27627808732944,0.0,0.61,138.1136148083384
2026-09-29T03:00:00+05:30,Kandy_Central,21.4,86.05223843337774,0.0,0.72,134.40439352614217
2026-09-29T03:15:00+05:30,Kandy_Central,21.4,86.74831876577599,0.0,0.92,130.69184081134085
2026-09-29T03:30:00+05:30,Kandy_Central,21.4,87.38299743374535,0.0,1.04,126.97680328310867
2026-09-29T03:45:00+05:30,Kandy_Central,21.4,87.97017489680263,0.0,0.9,123.25992584043176
2026-09-29T04:00:00+05:30,Kandy_Central,21.4,88.52059925903626,0.0,0.61,119.54171652607633
2026-09-29T04:15:00+05:30,Kandy_Central,21.5,89.0428074150887,0.0,0.25,115.82258814517434
2026-09-29T04:30:00+05:30,Kandy_Central,21.5,89.54376611922191,0.0,0.07,112.10288801658548
2026-09-29T04:45:00+05:30,Kandy_Central,21.5,90.02932259379048,0.0,0.11,108.38291931278441
2026-09-29T05:00:00+05:30,Kandy_Central,21.5,90.50453190010086,0.0,0.22,104.66295554693579
2026-09-29T05:15:00+05:30,Kandy_Central,21.5,90.97390323873549,0.0,0.36,100.94325314442452
2026-09-29T05:30:00+05:30,Kandy_Central,21.5,91.44159342629956,0.0,0.4,97.2240619137443
2026-09-29T05:45:00+05:30,Kandy_Central,21.6,91.91156701898797,0.0,0.34,93.50563285283899
2026-09-29T06:00:00+05:30,Kandy_Central,21.6,92.38773676533589,0.0,0.52,89.78822700570086
2026-09-29T06:15:00+05:30,Kandy_Central,21.7,92.87409564501615,15.0,0.8,86.07212449182742
2026-09-29T06:30:00+05:30,Kandy_Central,21.9,93.37485033712545,49.0,0.92,82.3576328184825
2026-09-29T06:45:00+05:30,Kandy_Central,22.1,93.89456520659024,93.0,0.83,78.64509811941105
2026-09-29T07:00:00+05:30,Kandy_Central,22.4,94.43832742838981,146.0,0.64,74.93491862790346
2026-09-29T07:15:00+05:30,Kandy_Central,22.8,95.01194619218012,204.0,0.55,71.2275599197144
2026-09-29T07:30:00+05:30,Kandy_Central,23.2,95.62220224860698,268.0,0.54,67.5235763318244
2026-09-29T07:45:00+05:30,Kandy_Central,23.7,96.27717101922661,335.0,0.32,63.82363906953167
2026-09-29T08:00:00+05:30,Kandy_Central,24.2,96.9866526247688,402.0,0.18,60.12857245160312
2026-09-29T08:15:00+05:30,Kandy_Central,24.8,97.76275728056078,464.0,0.55,56.43940567840064
2026-09-29T08:30:00+05:30,Kandy_Central,25.3,98.62072055558559,514.0,0.96,52.75744539803219
2026-09-29T08:45:00+05:30,Kandy_Central,25.8,99.58006455726809,557.0,1.31,49.08437824910979
2026-09-29T09:00:00+05:30,Kandy_Central,26.2,100.66628916875487,597.0,1.61,45.422423622146766
2026-09-29T09:15:00+05:30,Kandy_Central,26.7,101.91339642677735,639.0,1.9,41.77456391163369
2026-09-29T09:30:00+05:30,Kandy_Central,27.1,103.36775911151273,682.0,2.15,38.14490031515449
2026-09-29T09:45:00+05:30,Kandy_Central,27.5,105.09421845378239,724.0,2.35,34.539225419116995
2026-09-29T10:00:00+05:30,Kandy_Central,27.9,107.18599282161506,762.0,2.47,30.965974723669106
2026-09-29T10:15:00+05:30,Kandy_Central,28.2,109.78129589708203,795.0,2.64,27.437871940959127
2026-09-29T10:30:00+05:30,Kandy_Central,28.5,113.09204972005358,825.0,2.76,23.974909127453174
2026-09-29T10:45:00+05:30,Kandy_Central,28.7,117.45452541032091,850.0,2.84,20.609999562995966
2026-09-29T11:00:00+05:30,Kandy_Central,29.0,123.4176919068243,868.0,2.98,17.400172847415263
2026-09-29T11:15:00+05:30,Kandy_Central,29.1,131.8799851959085,877.0,3.06,14.44920373077997
2026-09-29T11:30:00+05:30,Kandy_Central,29.1,144.18825466002852,878.0,3.15,11.950464905549211
2026-09-29T11:45:00+05:30,Kandy_Central,29.0,161.63287487546893,872.0,3.31,10.240564840285813
2026-09-29T12:00:00+05:30,Kandy_Central,28.7,183.17007090152077,854.0,3.54,9.744056869543812
2026-09-29T12:15:00+05:30,Kandy_Central,28.3,203.88200688259917,823.0,3.69,10.632319951663447
2026-09-29T12:30:00+05:30,Kandy_Central,28.0,219.76730929552653,778.0,3.76,12.616172499876868
2026-09-29T12:45:00+05:30,Kandy_Central,27.6,230.7933788983562,724.0,3.61,15.274520840015867
2026-09-29T13:00:00+05:30,Kandy_Central,27.2,238.40628837676257,667.0,3.36,18.31597807117214
2026-09-29T13:15:00+05:30,Kandy_Central,26.7,243.82725717552128,608.0,3.06,21.579133448832877
2026-09-29T13:30:00+05:30,Kandy_Central,26.4,247.83673135386766,546.0,2.78,24.977219926536165
2026-09-29T13:45:00+05:30,Kandy_Central,26.1,250.90954629773026,484.0,2.36,28.461920772346076
2026-09-29T14:00:00+05:30,Kandy_Central,25.8,253.33858219153277,426.0,1.87,32.00492573621644
2026-09-29T14:15:00+05:30,Kandy_Central,25.6,255.31023451991064,376.0,1.57,35.58879295126125
2026-09-29T14:30:00+05:30,Kandy_Central,25.4,256.94728636393364,328.0,1.43,39.202281905375614
2026-09-29T14:45:00+05:30,Kandy_Central,25.2,258.3333190962996,288.0,1.25,42.83786046354888
2026-09-29T15:00:00+05:30,Kandy_Central,25.1,259.52695615985823,257.0,1.31,46.49030792213919
2026-09-29T15:15:00+05:30,Kandy_Central,25.0,260.57043497074636,241.0,1.7,50.155897838036026
2026-09-29T15:30:00+05:30,Kandy_Central,24.9,261.49493011734126,241.0,2.02,53.83190233915674
2026-09-29T15:45:00+05:30,Kandy_Central,24.8,262.3239585468316,242.0,2.1,57.51627886810088
2026-09-29T16:00:00+05:30,Kandy_Central,24.7,263.07561925944543,233.0,2.13,61.207466525510824
2026-09-29T16:15:00+05:30,Kandy_Central,24.7,263.76410480264553,206.0,2.31,64.90425138962321
2026-09-29T16:30:00+05:30,Kandy_Central,24.6,264.4007453511991,167.0,2.35,68.60567314520326
2026-09-29T16:45:00+05:30,Kandy_Central,24.5,264.99474647362285,128.0,2.15,72.31095953552365
2026-09-29T17:00:00+05:30,Kandy_Central,24.4,265.55372215650664,93.0,1.71,76.01948082726898
2026-09-29T17:15:00+05:30,Kandy_Central,24.3,266.0840881493554,67.0,1.26,79.73071535522148
2026-09-29T17:30:00+05:30,Kandy_Central,24.2,266.5913593952462,44.0,0.98,83.4442237344084
2026-09-29T17:45:00+05:30,Kandy_Central,23.9,267.0803813219896,24.0,0.78,87.15963062021305
2026-09-29T18:00:00+05:30,Kandy_Central,23.6,267.5555153531368,5.0,0.65,90.87660923009972
2026-09-29T18:15:00+05:30,Kandy_Central,23.3,268.02079405682537,0.0,0.62,94.59486884016424
2026-09-29T18:30:00+05:30,Kandy_Central,23.0,268.48005783863005,0.0,0.6,98.31414582344249
2026-09-29T18:45:00+05:30,Kandy_Central,22.9,268.93708259905503,0.0,0.63,102.03419450313424
2026-09-29T19:00:00+05:30,Kandy_Central,22.8,269.39570762945766,0.0,0.67,105.75477871657407
2026-09-29T19:15:00+05:30,Kandy_Central,22.7,269.85997339047964,0.0,0.65,109.47566502588869
2026-09-29T19:30:00+05:30,Kandy_Central,22.7,270.33427990631617,0.0,0.64,113.19661400068857
2026-09-29T19:45:00+05:30,Kandy_Central,22.6,270.82358030171054,0.0,0.64,116.9173703853194
2026-09-29T20:00:00+05:30,Kandy_Central,22.5,271.33362965796664,0.0,0.6,120.63765275507548
2026-09-29T20:15:00+05:30,Kandy_Central,22.4,271.8713181950232,0.0,0.54,124.35713839864863
2026-09-29T20:30:00+05:30,Kandy_Central,22.3,272.4451340487892,0.0,0.51,128.07544302632505
2026-09-29T20:45:00+05:30,Kandy_Central,22.2,273.06582768805964,0.0,0.54,131.79209378563118
2026-09-29T21:00:00+05:30,Kandy_Central,22.2,273.74739598858014,0.0,0.59,135.50648765510442
2026-09-29T21:15:00+05:30,Kandy_Central,22.1,274.508588805659,0.0,0.59,139.217828249627
2026-09-29T21:30:00+05:30,Kandy_Central,22.0,275.3752994269686,0.0,0.57,142.92502741262928
2026-09-29T21:45:00+05:30,Kandy_Central,21.9,276.38451159258034,0.0,0.46,146.626540283416
2026-09-29T22:00:00+05:30,Kandy_Central,21.8,277.5911263905871,0.0,0.3,150.32007929826557
2026-09-29T22:15:00+05:30,Kandy_Central,21.6,279.08043584159486,0.0,0.18,154.002090329971
2026-09-29T22:30:00+05:30,Kandy_Central,21.4,280.9924668913793,0.0,0.16,157.66671822440105
2026-09-29T22:45:00+05:30,Kandy_Central,21.2,283.5734926000232,0.0,0.15,161.30358658958198
2026-09-29T23:00:00+05:30,Kandy_Central,21.1,287.29649018542113,0.0,0.2,164.89248270884343
2026-09-29T23:15:00+05:30,Kandy_Central,20.9,293.17929206776654,0.0,0.15,168.388684425618
2026-09-29T23:30:00+05:30,Kandy_Central,20.7,303.73845996536335,0.0,0.15,171.67442530096457
2026-09-29T23:45:00+05:30,Kandy_Central,20.5,325.7129096747315,0.0,0.16,174.3682704031659
2026-09-30T00:00:00+05:30,Kandy_Central,20.3,7.0779124459539275,0.0,0.14,175.3067103737544
2026-09-30T00:15:00+05:30,Kandy_Central,20.1,43.030879380333886,0.0,0.11,173.65596063371012
2026-09-30T00:30:00+05:30,Kandy_Central,19.9,60.38556736202412,0.0,0.16,170.70618691140658
2026-09-30T00:45:00+05:30,Kandy_Central,19.8,69.07641978520462,0.0,0.16,167.33471565468585
2026-09-30T01:00:00+05:30,Kandy_Central,19.7,74.1329647154343,0.0,0.15,163.80285897500227
2026-09-30T01:15:00+05:30,Kandy_Central,19.6,77.43484509665797,0.0,0.1,160.19633864348782
2026-09-30T01:30:00+05:30,Kandy_Central,19.5,79.7762751704376,0.0,0.1,156.54968036241667
2026-09-30T01:45:00+05:30,Kandy_Central,19.4,81.54055887063862,0.0,0.1,152.8791789927862
2026-09-30T02:00:00+05:30,Kandy_Central,19.4,82.93322201308592,0.0,0.15,149.19347010227256
2026-09-30T02:15:00+05:30,Kandy_Central,19.3,84.073821434146,0.0,0.2,145.49754703228461
2026-09-30T02:30:00+05:30,Kandy_Central,19.2,85.03651663932766,0.0,0.2,141.79450074530675
2026-09-30T02:45:00+05:30,Kandy_Central,19.2,85.86975967184583,0.0,0.2,138.086352392787
2026-09-30T03:00:00+05:30,Kandy_Central,19.1,86.60660338476362,0.0,0.2,134.3744866564424
2026-09-30T03:15:00+05:30,Kandy_Central,19.0,87.27044492885977,0.0,0.2,130.65989213614552
2026-09-30T03:30:00+05:30,Kandy_Central,19.0,87.87839677123384,0.0,0.2,126.94330071261108
2026-09-30T03:45:00+05:30,Kandy_Central,19.0,88.44335438571102,0.0,0.25,123.22527407573835
2026-09-30T04:00:00+05:30,Kandy_Central,19.0,88.97531456066031,0.0,0.25,119.50625918286708
2026-09-30T04:15:00+05:30,Kandy_Central,19.0,89.48224577016788,0.0,0.3,115.78662374501044
2026-09-30T04:30:00+05:30,Kandy_Central,19.1,89.97068146231538,0.0,0.35,112.06668189418428
2026-09-30T04:45:00+05:30,Kandy_Central,19.1,90.44613779769793,0.0,0.4,108.34671276102802
2026-09-30T05:00:00+05:30,Kandy_Central,19.1,90.91341809328316,0.0,0.4,104.62697307567029
2026-09-30T05:15:00+05:30,Kandy_Central,19.1,91.37684302006926,0.0,0.4,100.90770846346582
2026-09-30T05:30:00+05:30,Kandy_Central,19.1,91.84043279041816,0.0,0.45,97.18916307708615
2026-09-30T05:45:00+05:30,Kandy_Central,19.1,92.30805950784611,0.0,0.5,93.47158689457595
2026-09-30T06:00:00+05:30,Kandy_Central,19.1,92.7835825293264,0.0,0.61,89.7552443372119
2026-09-30T06:15:00+05:30,Kandy_Central,19.2,93.270977569786,17.0,0.71,86.0404232893818
2026-09-30T06:30:00+05:30,Kandy_Central,19.5,93.77446909521194,53.0,0.71,82.32744362807071
2026-09-30T06:45:00+05:30,Kandy_Central,20.1,94.29867497306009,99.0,0.65,78.616668916198
2026-09-30T07:00:00+05:30,Kandy_Central,20.9,94.84877403449343,155.0,0.6,74.90852059527339
2026-09-30T07:15:00+05:30,Kandy_Central,21.8,95.43070968674436,215.0,0.51,71.20349428077432
2026-09-30T07:30:00+05:30,Kandy_Central,22.6,96.05144620498015,281.0,0.38,67.50218265676719
2026-09-30T07:45:00+05:30,Kandy_Central,23.3,96.71930151971327,350.0,0.21,63.80530562663024
2026-09-30T08:00:00+05:30,Kandy_Central,24.0,97.44439075036229,419.0,0.18,60.11374938926585
2026-09-30T08:15:00+05:30,Kandy_Central,24.7,98.2392302223949,484.0,0.41,56.428622141442744
2026-09-30T08:30:00+05:30,Kandy_Central,25.3,99.11957832058613,542.0,0.75,52.75133218199915
2026-09-30T08:45:00+05:30,Kandy_Central,25.9,100.10563186412895,593.0,1.15,49.08369836127102
2026-09-30T09:00:00+05:30,Kandy_Central,26.5,101.22376568965689,639.0,1.68,45.42811430717288
2026-09-30T09:15:00+05:30,Kandy_Central,27.0,102.50912309430527,684.0,2.15,41.787795626768265
2026-09-30T09:30:00+05:30,Kandy_Central,27.4,104.00957305097478,724.0,2.51,38.167161266384085
2026-09-30T09:45:00+05:30,Kandy_Central,27.8,105.79192079614955,759.0,2.77,34.57244542057922
2026-09-30T10:00:00+05:30,Kandy_Central,28.1,107.95194038469452,790.0,2.92,31.012710666156373
2026-09-30T10:15:00+05:30,Kandy_Central,28.4,110.63106038900304,815.0,3.01,27.501590859037947
2026-09-30T10:30:00+05:30,Kandy_Central,28.7,114.04483976856471,836.0,3.06,24.060424597507478
2026-09-30T10:45:00+05:30,Kandy_Central,29.0,118.53222579735387,851.0,3.05,20.724133753867065
2026-09-30T11:00:00+05:30,Kandy_Central,29.4,124.63863550864528,862.0,3.04,17.552667020255328
2026-09-30T11:15:00+05:30,Kandy_Central,29.6,133.23538360812785,869.0,2.98,14.653480374199816
2026-09-30T11:30:00+05:30,Kandy_Central,29.8,145.57242777261132,872.0,2.92,12.221939260908925
2026-09-30T11:45:00+05:30,Kandy_Central,29.9,162.72234611411636,871.0,2.92,10.58540214326186
2026-09-30T12:00:00+05:30,Kandy_Central,29.9,183.51854511929878,867.0,2.96,10.136553564607269
2026-09-30T12:15:00+05:30,Kandy_Central,29.9,203.46191573746444,862.0,2.95,11.021473716941088
2026-09-30T12:30:00+05:30,Kandy_Central,29.8,218.95322735707936,857.0,3.0,12.969969486273925
2026-09-30T12:45:00+05:30,Kandy_Central,29.6,229.8782930974611,849.0,3.05,15.588168860548748
2026-09-30T13:00:00+05:30,Kandy_Central,29.5,237.51484903801162,836.0,3.1,18.59529283702453
2026-09-30T13:15:00+05:30,Kandy_Central,29.2,242.99773513230116,817.0,3.16,21.83119093356727
2026-09-30T13:30:00+05:30,Kandy_Central,29.1,247.07470649830927,792.0,3.26,25.207890501248258
2026-09-30T13:45:00+05:30,Kandy_Central,29.0,250.20988883651572,763.0,3.37,28.675667866245966
2026-09-30T14:00:00+05:30,Kandy_Central,28.9,252.69343714624137,729.0,3.47,32.20508713094765
2026-09-30T14:15:00+05:30,Kandy_Central,28.8,254.7117530956428,691.0,3.57,35.777880598004614
2026-09-30T14:30:00+05:30,Kandy_Central,28.6,256.3884545291063,650.0,3.67,39.38221331216433
2026-09-30T14:45:00+05:30,Kandy_Central,28.3,257.8081102683855,605.0,3.76,43.01012371871973
2026-09-30T15:00:00+05:30,Kandy_Central,27.9,259.0302576903046,557.0,3.86,46.65607723069309
2026-09-30T15:15:00+05:30,Kandy_Central,27.5,260.09791328122265,506.0,3.86,50.316114648511245
2026-09-30T15:30:00+05:30,Kandy_Central,27.1,261.0428931209338,452.0,3.8,53.98733296135675
2026-09-30T15:45:00+05:30,Kandy_Central,26.8,261.88923394811553,398.0,3.6,57.6675560047519
2026-09-30T16:00:00+05:30,Kandy_Central,26.5,262.65545245633064,346.0,3.31,61.35511969610471
2026-09-30T16:15:00+05:30,Kandy_Central,26.2,263.35607491152587,295.0,2.96,65.04872958313507
2026-09-30T16:30:00+05:30,Kandy_Central,26.0,264.00269638201735,247.0,2.57,68.74736196660427
2026-09-30T16:45:00+05:30,Kandy_Central,25.7,264.6047305840341,201.0,2.05,72.450194406803
2026-09-30T17:00:00+05:30,Kandy_Central,25.4,265.16995225452933,156.0,1.52,76.15655732742756
2026-09-30T17:15:00+05:30,Kandy_Central,25.2,265.7048975335242,111.0,1.13,79.86589747370282
2026-09-30T17:30:00+05:30,Kandy_Central,24.9,266.2151665108195,70.0,0.98,83.57775059893716
2026-09-30T17:45:00+05:30,Kandy_Central,24.5,266.705658010005,34.0,1.0,87.2917221125467
2026-09-30T18:00:00+05:30,Kandy_Central,24.1,267.1807571721153,7.0,1.01,91.00747081358209
2026-09-30T18:15:00+05:30,Kandy_Central,23.7,267.6444913737101,0.0,1.07,94.72469585107868
2026-09-30T18:30:00+05:30,Kandy_Central,23.4,268.1006664071574,0.0,1.08,98.44312743751712
2026-09-30T18:45:00+05:30,Kandy_Central,23.3,268.55299227131366,0.0,1.03,102.1625175755058
2026-09-30T19:00:00+05:30,Kandy_Central,23.3,269.00520766180705,0.0,0.96,105.88263168282234
2026-09-30T19:15:00+05:30,Kandy_Central,23.3,269.46121247585273,0.0,0.85,109.60324206911484
2026-09-30T19:30:00+05:30,Kandy_Central,23.3,269.9252185512581,0.0,0.75,113.32411972523305
2026-09-30T19:45:00+05:30,Kandy_Central,23.3,270.40193237569736,0.0,0.61,117.04502529716733
2026-09-30T20:00:00+05:30,Kandy_Central,23.2,270.89678874059217,0.0,0.46,120.76569995790969
2026-09-30T20:15:00+05:30,Kandy_Central,23.2,271.4162625326856,0.0,0.32,124.48585206996424
2026-09-30T20:30:00+05:30,Kandy_Central,23.1,271.96830112480274,0.0,0.22,128.2051394960412
2026-09-30T20:45:00+05:30,Kandy_Central,23.0,272.56294499861093,0.0,0.15,131.92314646240123
2026-09-30T21:00:00+05:30,Kandy_Central,22.9,273.2132475774803,0.0,0.11,135.6393477264156
2026-09-30T21:15:00+05:30,Kandy_Central,22.7,273.93668553883214,0.0,0.11,139.3530542535962
2026-09-30T21:30:00+05:30,Kandy_Central,22.6,274.7574015169706,0.0,0.15,143.06332884070446
2026-09-30T21:45:00+05:30,Kandy_Central,22.5,275.70991839634894,0.0,0.2,146.76884414891398
2026-09-30T22:00:00+05:30,Kandy_Central,22.3,276.84558967203895,0.0,0.25,150.4676358792278
2026-09-30T22:15:00+05:30,Kandy_Central,22.2,278.2444492043128,0.0,0.3,154.15664903254233
2026-09-30T22:30:00+05:30,Kandy_Central,22.1,280.03851198962775,0.0,0.35,157.83083627328375
2026-09-30T22:45:00+05:30,Kandy_Central,22.0,282.4616161819807,0.0,0.41,161.48120627481927
2026-09-30T23:00:00+05:30,Kandy_Central,21.9,285.9679459502607,0.0,0.52,165.09009052025863
2026-09-30T23:15:00+05:30,Kandy_Central,21.8,291.5540677573585,0.0,0.59,168.61779107039985
2026-09-30T23:30:00+05:30,Kandy_Central,21.7,301.7790886785255,0.0,0.63,171.95659572484175
2026-09-30T23:45:00+05:30,Kandy_Central,21.6,324.08962296542165,0.0,0.63,174.73386316125456
2026-10-01T00:00:00+05:30,Kandy_Central,21.5,8.791339833142274,0.0,0.57,175.67992762523852
2026-10-01T00:15:00+05:30,Kandy_Central,21.3,46.06443228523074,0.0,0.47,173.87719944434218
2026-10-01T00:30:00+05:30,Kandy_Central,21.2,62.747089391929535,0.0,0.41,170.82350456618894
2026-10-01T00:45:00+05:30,Kandy_Central,21.1,70.86724669021118,0.0,0.3,167.3976553762256
2026-10-01T01:00:00+05:30,Kandy_Central,20.9,75.55189739548013,0.0,0.21,163.8346462437285
2026-10-01T01:15:00+05:30,Kandy_Central,20.8,78.60551017500313,0.0,0.1,160.2085203083067
2026-10-01T01:30:00+05:30,Kandy_Central,20.6,80.77305125175201,0.0,0.05,156.54864803856935
2026-10-01T01:45:00+05:30,Kandy_Central,20.5,82.41025410174802,0.0,0.1,152.8688001722194
2026-10-01T02:00:00+05:30,Kandy_Central,20.4,83.70682064100492,0.0,0.25,149.17625342499707
2026-10-01T02:15:00+05:30,Kandy_Central,20.3,84.77277489482356,0.0,0.4,145.4752116394239
2026-10-01T02:30:00+05:30,Kandy_Central,20.3,85.67625556425111,0.0,0.5,141.7682785162312
2026-10-01T02:45:00+05:30,Kandy_Central,20.2,86.4617511857723,0.0,0.56,138.05715967770317
2026-10-01T03:00:00+05:30,Kandy_Central,20.2,87.15961185381263,0.0,0.67,134.34302749022208
2026-10-01T03:15:00+05:30,Kandy_Central,20.2,87.7913362164768,0.0,0.68,130.62672326181
2026-10-01T03:30:00+05:30,Kandy_Central,20.1,88.37266975881386,0.0,0.74,126.90887423122115
2026-10-01T03:45:00+05:30,Kandy_Central,20.0,88.91550344937275,0.0,0.74,123.18996643895107
2026-10-01T04:00:00+05:30,Kandy_Central,19.9,89.42908384046518,0.0,0.74,119.47039154120503
2026-10-01T04:15:00+05:30,Kandy_Central,19.8,89.92081221663454,0.0,0.7,115.75047668542034
2026-10-01T04:30:00+05:30,Kandy_Central,19.7,90.39678990372602,0.0,0.7,112.03050644089149
2026-10-01T04:45:00+05:30,Kandy_Central,19.6,90.8622030544156,0.0,0.74,108.3107388574926
2026-10-01T05:00:00+05:30,Kandy_Central,19.5,91.32160413471604,0.0,0.78,104.59141635848243
2026-10-01T05:15:00+05:30,Kandy_Central,19.5,91.77912601170073,0.0,0.82,100.87277588992237
2026-10-01T05:30:00+05:30,Kandy_Central,19.6,92.23865285172019,0.0,0.81,97.15505781196961
2026-10-01T05:45:00+05:30,Kandy_Central,19.8,92.70396469602474,0.0,0.76,93.43851276913882
2026-10-01T06:00:00+05:30,Kandy_Central,20.2,93.17886772800091,0.0,0.7,89.72341012627544
2026-10-01T06:15:00+05:30,Kandy_Central,20.6,93.66732042809349,19.0,0.6,86.01004704047219
2026-10-01T06:30:00+05:30,Kandy_Central,21.0,94.17356486435261,59.0,0.5,82.29875725514816
2026-10-01T06:45:00+05:30,Kandy_Central,21.5,94.70227196077633,111.0,0.43,78.5899232943972
2026-10-01T07:00:00+05:30,Kandy_Central,22.1,95.25871142418458,172.0,0.32,74.8839914271482
2026-10-01T07:15:00+05:30,Kandy_Central,22.6,95.84895965152958,233.0,0.34,71.18148906865228
2026-10-01T07:30:00+05:30,Kandy_Central,23.2,96.4801625940708,292.0,0.4,67.48304921586062
2026-10-01T07:45:00+05:30,Kandy_Central,23.7,97.16087795628329,349.0,0.46,63.78944271525631
2026-10-01T08:00:00+05:30,Kandy_Central,24.2,97.90153182053223,407.0,0.6,60.10162026093769
2026-10-01T08:15:00+05:30,Kandy_Central,24.7,98.7150406291234,467.0,0.69,56.42077215157782
2026-10-01T08:30:00+05:30,Kandy_Central,25.2,99.61767657314743,529.0,0.79,52.748412076720115
2026-10-01T08:45:00+05:30,Kandy_Central,25.6,100.63029740923707,591.0,0.89,49.0864956533684
2026-10-01T09:00:00+05:30,Kandy_Central,26.1,101.78013142336744,650.0,0.96,45.43759634002754
2026-10-01T09:15:00+05:30,Kandy_Central,26.5,103.10342876938057,702.0,1.03,41.805169835774265
2026-10-01T09:30:00+05:30,Kandy_Central,27.0,104.64949801039637,746.0,1.1,38.193961226000425
2026-10-01T09:45:00+05:30,Kandy_Central,27.4,106.48701231165688,783.0,1.17,34.610656240227485
2026-10-01T10:00:00+05:30,Kandy_Central,27.8,108.71413270935079,815.0,1.21,31.064955341937456
2026-10-01T10:15:00+05:30,Kandy_Central,28.2,111.47519588546828,843.0,1.29,27.57141156127709
2026-10-01T10:30:00+05:30,Kandy_Central,28.6,114.98882205228347,866.0,1.33,24.15270889784145
2026-10-01T10:45:00+05:30,Kandy_Central,28.9,119.59553759793852,884.0,1.37,20.845742267745706
2026-10-01T11:00:00+05:30,Kandy_Central,29.2,125.83519508236435,896.0,1.44,17.713243076359518
2026-10-01T11:15:00+05:30,Kandy_Central,29.4,134.54908833369313,903.0,1.48,14.86595041494374
2026-10-01T11:30:00+05:30,Kandy_Central,29.5,146.89080437310827,903.0,1.55,12.500333222903208
2026-10-01T11:45:00+05:30,Kandy_Central,29.6,163.73666300038212,898.0,1.58,10.933668920064733
2026-10-01T12:00:00+05:30,Kandy_Central,29.6,183.83475649071104,888.0,1.68,10.528873843942321
2026-10-01T12:15:00+05:30,Kandy_Central,29.5,203.06530412685353,876.0,1.74,11.410286565356174
2026-10-01T12:30:00+05:30,Kandy_Central,29.4,218.17876009565086,861.0,1.81,13.32506441750111
2026-10-01T12:45:00+05:30,Kandy_Central,29.2,228.9968606338693,842.0,1.87,15.904242041111289
2026-10-01T13:00:00+05:30,Kandy_Central,29.0,236.64806328707226,820.0,1.94,18.87741317626002
2026-10-01T13:15:00+05:30,Kandy_Central,28.8,242.18584423909965,794.0,2.02,22.086011686873846
2026-10-01T13:30:00+05:30,Kandy_Central,28.5,246.3254577375684,765.0,2.09,25.44109564584555
2026-10-01T13:45:00+05:30,Kandy_Central,28.3,249.51970852207484,733.0,2.13,28.891653285730555
2026-10-01T14:00:00+05:30,Kandy_Central,28.0,252.0554966899948,697.0,2.18,32.40717665134864
2026-10-01T14:15:00+05:30,Kandy_Central,27.8,254.11887391194165,655.0,2.18,35.968594775585885
2026-10-01T14:30:00+05:30,Kandy_Central,27.5,255.8340661870249,608.0,2.15,39.563486690650514
2026-10-01T14:45:00+05:30,Kandy_Central,27.3,257.28648606410053,559.0,2.08,43.183463533797045
2026-10-01T15:00:00+05:30,Kandy_Central,27.0,258.53649235117666,510.0,1.97,46.82267621349514
2026-10-01T15:15:00+05:30,Kandy_Central,26.7,259.62781980298604,466.0,1.86,50.47693106121716
2026-10-01T15:30:00+05:30,Kandy_Central,26.4,260.59288510224286,424.0,1.71,54.14314786902744
2026-10-01T15:45:00+05:30,Kandy_Central,26.1,261.45621664815417,383.0,1.56,57.81901479895383
2026-10-01T16:00:00+05:30,Kandy_Central,25.8,262.2367290365995,340.0,1.42,61.50276263915936
2026-10-01T16:15:00+05:30,Kandy_Central,25.5,262.94926802325244,296.0,1.2,65.19301462693755
2026-10-01T16:30:00+05:30,Kandy_Central,25.2,263.6056831176919,252.0,1.06,68.88868206774613
2026-10-01T16:45:00+05:30,Kandy_Central,24.9,264.21558833434636,207.0,0.93,72.58889087717479
2026-10-01T17:00:00+05:30,Kandy_Central,24.7,264.7869131245505,162.0,0.76,76.29293029686433
2026-10-01T17:15:00+05:30,Kandy_Central,24.4,265.3263092535728,115.0,0.65,80.00021424178125
2026-10-01T17:30:00+05:30,Kandy_Central,24.2,265.83945807751434,70.0,0.57,83.71025242864347
2026-10-01T17:45:00+05:30,Kandy_Central,24.0,266.33130853833916,33.0,0.5,87.42262989111175
2026-10-01T18:00:00+05:30,Kandy_Central,23.8,266.8062666014917,6.0,0.45,91.13698989055365
2026-10-01T18:15:00+05:30,Kandy_Central,23.6,267.2683517647775,0.0,0.4,94.85302031399286
2026-10-01T18:30:00+05:30,Kandy_Central,23.5,267.72133256652467,0.0,0.35,98.57044403404137
2026-10-01T18:45:00+05:30,Kandy_Central,23.3,268.16885035133475,0.0,0.3,102.2890094731094
2026-10-01T19:00:00+05:30,Kandy_Central,23.2,268.6145401816778,0.0,0.27,106.00848225045826
2026-10-01T19:15:00+05:30,Kandy_Central,23.1,269.06215786042833,0.0,0.27,109.72863887759532
2026-10-01T19:30:00+05:30,Kandy_Central,23.0,269.51572274284575,0.0,0.22,113.44925899189458
2026-10-01T19:45:00+05:30,Kandy_Central,22.9,269.97968924507535,0.0,0.18,117.17011706755602
2026-10-01T20:00:00+05:30,Kandy_Central,22.8,270.45916475611693,0.0,0.14,120.89097439574748
2026-10-01T20:15:00+05:30,Kandy_Central,22.7,270.96019923413303,0.0,0.16,124.61156739517804
2026-10-01T20:30:00+05:30,Kandy_Central,22.6,271.4901859671479,0.0,0.15,128.3315923427212
2026-10-01T20:45:00+05:30,Kandy_Central,22.5,272.0584364168651,0.0,0.21,132.05068582547892
2026-10-01T21:00:00+05:30,Kandy_Central,22.4,272.6770325325838,0.0,0.25,135.76839431682703
2026-10-01T21:15:00+05:30,Kandy_Central,22.3,273.362135181146,0.0,0.32,139.4841281933017
2026-10-01T21:30:00+05:30,Kandy_Central,22.2,274.13606903575,0.0,0.42,143.1970906098921
2026-10-01T21:45:00+05:30,Kandy_Central,22.1,275.0307852166493,0.0,0.53,146.90615733866508
2026-10-01T22:00:00+05:30,Kandy_Central,22.0,276.0938974130706,0.0,0.6,150.60966738428013
2026-10-01T22:15:00+05:30,Kandy_Central,21.9,277.39982740599197,0.0,0.71,154.30503687751303
2026-10-01T22:30:00+05:30,Kandy_Central,21.9,279.07187665518705,0.0,0.78,157.9879871859551
2026-10-01T22:45:00+05:30,Kandy_Central,21.8,281.32992539222397,0.0,0.85,161.65086059637122
2026-10-01T23:00:00+05:30,Kandy_Central,21.7,284.605672004967,0.0,0.89,165.2784846547027
2026-10-01T23:15:00+05:30,Kandy_Central,21.7,289.8643113234998,0.0,0.96,168.8362600813723
2026-10-01T23:30:00+05:30,Kandy_Central,21.6,299.6791341812102,0.0,1.0,172.22747618769847
2026-10-01T23:45:00+05:30,Kandy_Central,21.6,322.21819737542523,0.0,1.04,175.0934712525772
2026-10-02T00:00:00+05:30,Kandy_Central,21.5,10.806398201700574,0.0,1.07,176.0483371300873
2026-10-02T00:15:00+05:30,Kandy_Central,21.5,49.30304789699068,0.0,1.07,174.08081117644224
2026-10-02T00:30:00+05:30,Kandy_Central,21.5,65.15884713367973,0.0,1.07,170.9260655900929
2026-10-02T00:45:00+05:30,Kandy_Central,21.4,72.67007555658398,0.0,1.07,167.4496271898962
2026-10-02T01:00:00+05:30,Kandy_Central,21.4,76.97261554003546,0.0,1.07,163.8581234230719
2026-10-02T01:15:00+05:30,Kandy_Central,21.4,79.77492666326123,0.0,1.0,160.21422698739661
2026-10-02T01:30:00+05:30,Kandy_Central,21.3,81.76770087491826,0.0,1.0,156.54246053288065
2026-10-02T01:45:00+05:30,Kandy_Central,21.3,83.27766366844048,0.0,1.0,152.85425736219145
2026-10-02T02:00:00+05:30,Kandy_Central,21.3,84.47822208966659,0.0,0.96,149.15564579230673
2026-10-02T02:15:00+05:30,Kandy_Central,21.2,85.4696983203803,0.0,0.96,145.4501076747942
2026-10-02T02:30:00+05:30,Kandy_Central,21.2,86.31414664870806,0.0,0.96,141.73980244826646
2026-10-02T02:45:00+05:30,Kandy_Central,21.1,87.0520683166776,0.0,0.96,138.026148696088
2026-10-02T03:00:00+05:30,Kandy_Central,20.9,87.71110266783012,0.0,0.96,134.31012602571803
2026-10-02T03:15:00+05:30,Kandy_Central,20.8,88.31084822671852,0.0,0.96,130.59244230700978
2026-10-02T03:30:00+05:30,Kandy_Central,20.6,88.86568437033975,0.0,0.96,126.87363022915238
2026-10-02T03:45:00+05:30,Kandy_Central,20.5,89.38649929371167,0.0,0.96,123.15410771838779
2026-10-02T04:00:00+05:30,Kandy_Central,20.3,89.88179120748248,0.0,0.96,119.4342168987958
2026-10-02T04:15:00+05:30,Kandy_Central,20.1,90.35839598245764,0.0,0.92,115.71424886307773
2026-10-02T04:30:00+05:30,Kandy_Central,20.0,90.82198437600107,0.0,0.92,111.99446222140891
2026-10-02T04:45:00+05:30,Kandy_Central,20.0,91.27741383943953,0.0,0.92,108.27509688642554
2026-10-02T05:00:00+05:30,Kandy_Central,20.0,91.72898705298542,0.0,0.89,104.55638343342198
2026-10-02T05:15:00+05:30,Kandy_Central,20.0,92.18064991849934,0.0,0.85,100.83855223489266
2026-10-02T05:30:00+05:30,Kandy_Central,20.2,92.63615118321599,0.0,0.82,97.12184170730633
2026-10-02T05:45:00+05:30,Kandy_Central,20.5,93.09917925001474,0.0,0.79,93.40650482830337
2026-10-02T06:00:00+05:30,Kandy_Central,20.8,93.57348734813104,0.0,0.72,89.69281746053802
2026-10-02T06:15:00+05:30,Kandy_Central,21.3,94.0630167267413,17.0,0.69,85.98108752251989
2026-10-02T06:30:00+05:30,Kandy_Central,21.8,94.57202681410598,54.0,0.63,82.27166410086033
2026-10-02T06:45:00+05:30,Kandy_Central,22.3,95.10524105487133,102.0,0.6,78.56495018961537
2026-10-02T07:00:00+05:30,Kandy_Central,22.9,95.66801912234791,160.0,0.54,74.86141847561993
2026-10-02T07:15:00+05:30,Kandy_Central,23.6,96.26656899832477,218.0,0.51,71.16162990124053
2026-10-02T07:30:00+05:30,Kandy_Central,24.2,96.90821622380861,274.0,0.45,67.46625969416581
2026-10-02T07:45:00+05:30,Kandy_Central,24.7,97.60175522201007,327.0,0.4,63.776131830491444
2026-10-02T08:00:00+05:30,Kandy_Central,25.3,98.35791857055972,382.0,0.36,60.09226403886268
2026-10-02T08:15:00+05:30,Kandy_Central,25.8,99.19001625006877,445.0,0.29,56.41593171692729
2026-10-02T08:30:00+05:30,Kandy_Central,26.3,100.11482444644366,519.0,0.29,52.748757532896654
2026-10-02T08:45:00+05:30,Kandy_Central,26.7,101.15384696752864,597.0,0.35,49.09283820843003
2026-10-02T09:00:00+05:30,Kandy_Central,27.2,102.33514248662192,670.0,0.43,45.45093230414862
2026-10-02T09:15:00+05:30,Kandy_Central,27.6,103.6960314080244,729.0,0.61,41.826742004824645
2026-10-02T09:30:00+05:30,Kandy_Central,28.0,105.28720216893879,771.0,0.81,38.22534615844737
2026-10-02T09:45:00+05:30,Kandy_Central,28.4,107.17909545354524,801.0,1.06,34.6538907242226
2026-10-02T10:00:00+05:30,Kandy_Central,28.9,109.4720849143306,822.0,1.32,31.12272281433748
2026-10-02T10:15:00+05:30,Kandy_Central,29.2,112.31310266685614,839.0,1.58,27.647320153229302
2026-10-02T10:30:00+05:30,Kandy_Central,29.5,115.92325441079879,850.0,1.8,24.25170491266438
2026-10-02T10:45:00+05:30,Kandy_Central,29.7,120.6435788484128,852.0,1.98,20.974699179720858
2026-10-02T11:00:00+05:30,Kandy_Central,29.9,127.00649990598555,845.0,2.14,17.88166562875142
2026-10-02T11:15:00+05:30,Kandy_Central,30.0,135.8209109843587,826.0,2.29,15.086220243813628
2026-10-02T11:30:00+05:30,Kandy_Central,29.9,148.14567190192196,790.0,2.36,12.78510766970831
2026-10-02T11:45:00+05:30,Kandy_Central,29.6,164.68157129975793,746.0,2.39,11.284913823759453
2026-10-02T12:00:00+05:30,Kandy_Central,29.3,184.12169196025079,703.0,2.39,10.92086222710249
2026-10-02T12:15:00+05:30,Kandy_Central,28.8,202.68950016603816,669.0,2.37,11.798597302799422
2026-10-02T12:30:00+05:30,Kandy_Central,28.3,217.4407836243973,642.0,2.29,13.681159449485236
2026-10-02T12:45:00+05:30,Kandy_Central,27.7,228.14729329661554,617.0,2.21,16.22240853920013
2026-10-02T13:00:00+05:30,Kandy_Central,27.0,235.80507759675376,592.0,2.09,19.162033863216692
2026-10-02T13:15:00+05:30,Kandy_Central,26.2,241.39120366981481,563.0,1.98,22.343328235422902
2026-10-02T13:30:00+05:30,Kandy_Central,25.6,245.58882995756193,534.0,1.87,25.67660067889608
2026-10-02T13:45:00+05:30,Kandy_Central,25.0,248.8389593176566,504.0,1.77,29.10966778906021
2026-10-02T14:00:00+05:30,Kandy_Central,24.4,251.42476907417364,472.0,1.68,32.61100426712547
2026-10-02T14:15:00+05:30,Kandy_Central,23.9,253.53163305194457,438.0,1.55,36.16075999737011
2026-10-02T14:30:00+05:30,Kandy_Central,23.5,255.2841720276254,400.0,1.48,39.745937704735915
2026-10-02T14:45:00+05:30,Kandy_Central,23.2,256.76850496166594,363.0,1.37,43.35772426405725
2026-10-02T15:00:00+05:30,Kandy_Central,23.1,258.04572281309714,327.0,1.31,46.98995611456187
2026-10-02T15:15:00+05:30,Kandy_Central,22.9,259.1602194864878,295.0,1.22,50.6382038668626
2026-10-02T15:30:00+05:30,Kandy_Central,22.8,260.1449722905687,267.0,1.15,54.299208387858705
2026-10-02T15:45:00+05:30,Kandy_Central,22.8,261.02497366154023,239.0,1.1,57.9705203287211
2026-10-02T16:00:00+05:30,Kandy_Central,22.7,261.8195166004381,211.0,1.09,61.65026357225193
2026-10-02T16:15:00+05:30,Kandy_Central,22.7,262.5437522996104,182.0,1.05,65.33697739008721
2026-10-02T16:30:00+05:30,Kandy_Central,22.7,263.20977436757147,154.0,1.08,69.029506572481
2026-10-02T16:45:00+05:30,Kandy_Central,22.7,263.82738934080896,126.0,1.13,72.726923996181
2026-10-02T17:00:00+05:30,Kandy_Central,22.7,264.4046754033206,98.0,1.17,76.42847643497217
2026-10-02T17:15:00+05:30,Kandy_Central,22.7,264.9483952244021,70.0,1.18,80.13354376887399
2026-10-02T17:30:00+05:30,Kandy_Central,22.7,265.46430758811573,43.0,1.19,83.84160853555262
2026-10-02T17:45:00+05:30,Kandy_Central,22.7,265.9574083198829,20.0,1.17,87.55223427899155
2026-10-02T18:00:00+05:30,Kandy_Central,22.7,266.43212136503666,3.0,1.12,91.26504761764636
2026-10-02T18:15:00+05:30,Kandy_Central,22.7,266.89245571273204,0.0,1.05,94.97972404941007
2026-10-02T18:30:00+05:30,Kandy_Central,22.7,267.34214007594323,0.0,0.98,98.6959779281703
2026-10-02T18:45:00+05:30,Kandy_Central,22.7,267.78474447890204,0.0,0.87,102.41355283179556
2026-10-02T19:00:00+05:30,Kandy_Central,22.7,268.2237974222999,0.0,0.76,106.13221318913051
2026-10-02T19:15:00+05:30,Kandy_Central,22.7,268.66290722253194,0.0,0.65,109.85173814675649
2026-10-02T19:30:00+05:30,Kandy_Central,22.7,269.1058966360843,0.0,0.54,113.57191418822974
2026-10-02T19:45:00+05:30,Kandy_Central,22.7,269.5569628067634,0.0,0.43,117.29252749361488
2026-10-02T20:00:00+05:30,Kandy_Central,22.7,270.0208789191717,0.0,0.36,121.01335693211307
2026-10-02T20:15:00+05:30,Kandy_Central,22.7,270.50326082467564,0.0,0.3,124.73416387384016
2026-10-02T20:30:00+05:30,Kandy_Central,22.7,271.0109349744111,0.0,0.25,128.45467914535422
2026-10-02T20:45:00+05:30,Kandy_Central,22.7,271.5524655687691,0.0,0.25,132.1745867942622
2026-10-02T21:00:00+05:30,Kandy_Central,22.6,272.1389361813308,0.0,0.25,135.89349867386827
2026-10-02T21:15:00+05:30,Kandy_Central,22.6,272.7851508520717,0.0,0.27,139.6109162224218
2026-10-02T21:30:00+05:30,Kandy_Central,22.6,273.51155135735894,0.0,0.27,143.32617170811727
2026-10-02T21:45:00+05:30,Kandy_Central,22.5,274.3474096688911,0.0,0.27,147.03832853647305
2026-10-02T22:00:00+05:30,Kandy_Central,22.5,275.33641267684345,0.0,0.34,150.74600723065504
2026-10-02T22:15:00+05:30,Kandy_Central,22.5,276.5470234962943,0.0,0.38,154.44706374136715
2026-10-02T22:30:00+05:30,Kandy_Central,22.4,278.0931363745442,0.0,0.38,158.13794258619356
2026-10-02T22:45:00+05:30,Kandy_Central,22.4,280.1791452278544,0.0,0.38,161.81225464767112
2026-10-02T23:00:00+05:30,Kandy_Central,22.3,283.2104625815501,0.0,0.43,165.4572440757028
2026-10-02T23:15:00+05:30,Kandy_Central,22.3,288.1099950801622,0.0,0.43,169.04340712004011
2026-10-02T23:30:00+05:30,Kandy_Central,22.3,297.4306321572167,0.0,0.43,172.4858269311602
2026-10-02T23:45:00+05:30,Kandy_Central,22.2,320.0455426878095,0.0,0.43,175.44572973492697
2026-10-03T00:00:00+05:30,Kandy_Central,22.2,13.20780407925713,0.0,0.45,176.41063049989324
2026-10-03T00:15:00+05:30,Kandy_Central,22.2,52.746693516658866,0.0,0.4,174.26509094629057
2026-10-03T00:30:00+05:30,Kandy_Central,22.2,67.6140225949888,0.0,0.4,171.01351611215262
2026-10-03T00:45:00+05:30,Kandy_Central,22.2,74.48152685921809,0.0,0.4,167.49063231377184
2026-10-03T01:00:00+05:30,Kandy_Central,22.2,78.39337977825937,0.0,0.36,163.8733835791822
2026-10-03T01:15:00+05:30,Kandy_Central,22.1,80.9420911120601,0.0,0.36,160.21357653481903
2026-10-03T01:30:00+05:30,Kandy_Central,22.1,82.7595821972393,0.0,0.36,156.53124102163005
2026-10-03T01:45:00+05:30,Kandy_Central,22.1,84.14234075626712,0.0,0.36,152.8356729581392
2026-10-03T02:00:00+05:30,Kandy_Central,22.1,85.24709334283546,0.0,0.36,149.13176694819217
2026-10-03T02:15:00+05:30,Kandy_Central,22.0,86.16432949584674,0.0,0.36,145.42235180452326
2026-10-03T02:30:00+05:30,Kandy_Central,22.0,86.94997407400956,0.0,0.36,141.70918620116598
2026-10-03T02:45:00+05:30,Kandy_Central,21.9,87.64052694321964,0.0,0.36,137.99343032976603
2026-10-03T03:00:00+05:30,Kandy_Central,21.8,88.26091408625246,0.0,0.4,134.27589062491893
2026-10-03T03:15:00+05:30,Kandy_Central,21.7,88.82883542494233,0.0,0.4,130.5571553516229
2026-10-03T03:30:00+05:30,Kandy_Central,21.6,89.35730701662453,0.0,0.45,126.83767270828014
2026-10-03T03:45:00+05:30,Kandy_Central,21.5,89.85621722328835,0.0,0.49,123.11780001340799
2026-10-03T04:00:00+05:30,Kandy_Central,21.4,90.33331859661939,0.0,0.56,119.39783559185067
2026-10-03T04:15:00+05:30,Kandy_Central,21.3,90.7948838945266,0.0,0.56,115.67803896178428
2026-10-03T04:30:00+05:30,Kandy_Central,21.2,91.24615521546554,0.0,0.6,111.95864635177708
2026-10-03T04:45:00+05:30,Kandy_Central,21.2,91.69166285843369,0.0,0.6,108.23988245886355
2026-10-03T05:00:00+05:30,Kandy_Central,21.2,92.13546094697148,0.0,0.65,104.52196844965673
2026-10-03T05:15:00+05:30,Kandy_Central,21.2,92.58130936406701,0.0,0.63,100.8051302069947
2026-10-03T05:30:00+05:30,Kandy_Central,21.3,93.0328221288537,0.0,0.63,97.0896060343002
2026-10-03T05:45:00+05:30,Kandy_Central,21.4,93.49359645849103,0.0,0.63,93.37565289409149
2026-10-03T06:00:00+05:30,Kandy_Central,21.6,93.96733284653095,0.0,0.62,89.66355468006186
2026-10-03T06:15:00+05:30,Kandy_Central,21.9,94.45795528385236,19.0,0.57,85.95363154251143
2026-10-03T06:30:00+05:30,Kandy_Central,22.1,94.96974025801381,60.0,0.56,82.24624936221443
2026-10-03T06:45:00+05:30,Kandy_Central,22.4,95.50746310594877,112.0,0.51,78.54183308789743
2026-10-03T07:00:00+05:30,Kandy_Central,22.8,96.07657242757796,173.0,0.5,74.84088338418667
2026-10-03T07:15:00+05:30,Kandy_Central,23.1,96.68340620717544,235.0,0.45,71.14399640471255
2026-10-03T07:30:00+05:30,Kandy_Central,23.5,97.33546724942556,294.0,0.4,67.45189148032907
2026-10-03T07:45:00+05:30,Kandy_Central,23.8,98.04178332155027,351.0,0.35,63.76544783772415
2026-10-03T08:00:00+05:30,Kandy_Central,24.2,98.81338860063988,406.0,0.32,60.08575269260415
2026-10-03T08:15:00+05:30,Kandy_Central,24.6,99.66397944922687,462.0,0.25,56.41416942186587
2026-10-03T08:30:00+05:30,Kandy_Central,24.9,100.61082545033776,517.0,0.22,52.75243309631333
2026-10-03T08:45:00+05:30,Kandy_Central,25.3,101.67606049617615,569.0,0.3,49.10278564682374
2026-10-03T09:00:00+05:30,Kandy_Central,25.7,102.88854908718736,619.0,0.4,45.4681756664638
2026-10-03T09:15:00+05:30,Kandy_Central,26.1,104.28664318883091,666.0,0.57,41.85255769798197
2026-10-03T09:30:00+05:30,Kandy_Central,26.5,105.92234851031895,709.0,0.74,38.261351178548544
2026-10-03T09:45:00+05:30,Kandy_Central,26.9,107.86776897390666,747.0,0.92,34.70216971235958
2026-10-03T10:00:00+05:30,Kandy_Central,27.3,110.22531177717553,783.0,1.13,31.18601372332609
2026-10-03T10:15:00+05:30,Kandy_Central,27.7,113.14418789962394,817.0,1.35,27.729287627335516
2026-10-03T10:30:00+05:30,Kandy_Central,28.1,116.84741689601424,857.0,1.53,24.357338584253597
2026-10-03T10:45:00+05:30,Kandy_Central,28.4,121.6755216068575,890.0,1.71,21.11086031825762
2026-10-03T11:00:00+05:30,Kandy_Central,28.7,128.1517932736504,902.0,1.9,18.057682533841515
2026-10-03T11:15:00+05:30,Kandy_Central,29.0,137.05084911891174,875.0,2.01,15.313889674873366
2026-10-03T11:30:00+05:30,Kandy_Central,29.2,149.33939326626069,801.0,2.15,13.075741880900424
2026-10-03T11:45:00+05:30,Kandy_Central,29.4,165.56231370234104,704.0,2.21,11.638717764761381
2026-10-03T12:00:00+05:30,Kandy_Central,29.5,184.38195496262517,617.0,2.27,11.312365867604015
2026-10-03T12:15:00+05:30,Kandy_Central,29.6,202.33218700082023,566.0,2.3,12.18624899851298
2026-10-03T12:30:00+05:30,Kandy_Central,29.6,216.73646018589494,545.0,2.3,14.037973776394566
2026-10-03T12:45:00+05:30,Kandy_Central,29.5,227.32789617297135,537.0,2.26,16.542351213132974
2026-10-03T13:00:00+05:30,Kandy_Central,29.3,234.98505509244904,530.0,2.19,19.448858927971045
2026-10-03T13:15:00+05:30,Kandy_Central,29.0,240.61342931207395,512.0,2.12,22.60287868220621
2026-10-03T13:30:00+05:30,Kandy_Central,28.7,244.86466198470072,491.0,2.05,25.91417451961594
2026-10-03T13:45:00+05:30,Kandy_Central,28.4,248.1675904844106,469.0,1.98,29.329504771124434
2026-10-03T14:00:00+05:30,Kandy_Central,28.1,250.8012597588293,445.0,1.91,32.816382164459576
2026-10-03T14:15:00+05:30,Kandy_Central,27.8,252.95006543351946,421.0,1.81,36.35420285416821
2026-10-03T14:30:00+05:30,Kandy_Central,27.5,254.73882281614732,396.0,1.74,39.92940410741942
2026-10-03T14:45:00+05:30,Kandy_Central,27.1,256.25422643229365,370.0,1.63,43.53275244127882
2026-10-03T15:00:00+05:30,Kandy_Central,26.8,257.5580134202665,343.0,1.56,47.15777048438114
2026-10-03T15:15:00+05:30,Kandy_Central,26.4,258.6951794684243,315.0,1.46,50.799792316066835
2026-10-03T15:30:00+05:30,Kandy_Central,26.1,259.6992234951544,288.0,1.36,54.45537846215481
2026-10-03T15:45:00+05:30,Kandy_Central,25.7,260.59557489592214,259.0,1.26,58.121940455301704
2026-10-03T16:00:00+05:30,Kandy_Central,25.4,261.4038858990108,230.0,1.19,61.79749366216836
2026-10-03T16:15:00+05:30,Kandy_Central,25.1,262.13959927463947,199.0,1.05,65.48049185594
2026-10-03T16:30:00+05:30,Kandy_Central,24.8,262.8150425116444,169.0,0.99,69.16971188342887
2026-10-03T16:45:00+05:30,Kandy_Central,24.5,263.4402069761577,139.0,0.92,72.8641722560709
2026-10-03T17:00:00+05:30,Kandy_Central,24.3,264.0233136652275,108.0,0.85,76.56307604612815
2026-10-03T17:15:00+05:30,Kandy_Central,24.0,264.57123148237093,76.0,0.78,80.26576793441244
2026-10-03T17:30:00+05:30,Kandy_Central,23.8,265.0897928481216,46.0,0.72,83.97170216273065
2026-10-03T17:45:00+05:30,Kandy_Central,23.6,265.5840372854781,21.0,0.65,87.68041969476896
2026-10-03T18:00:00+05:30,Kandy_Central,23.5,266.05840392907,3.0,0.63,91.391529414485
2026-10-03T18:15:00+05:30,Kandy_Central,23.4,266.5168886927266,0.0,0.59,95.10469331202978
2026-10-03T18:30:00+05:30,Kandy_Central,23.2,266.9631779690969,0.0,0.52,98.8196160451289
2026-10-03T18:45:00+05:30,Kandy_Central,23.1,267.4007678903886,0.0,0.46,102.53603507822206
2026-10-03T19:00:00+05:30,Kandy_Central,23.0,267.8330775861341,0.0,0.41,106.25371225039694
2026-10-03T19:15:00+05:30,Kandy_Central,22.9,268.2635646458174,0.0,0.35,109.97242775868453
2026-10-03T19:30:00+05:30,Kandy_Central,22.8,268.6958513063116,0.0,0.3,113.69197310023091
2026-10-03T19:45:00+05:30,Kandy_Central,22.7,269.13387249559645,0.0,0.25,117.41214400344927
2026-10-03T20:00:00+05:30,Kandy_Central,22.6,269.5820607327116,0.0,0.21,121.13273431580086
2026-10-03T20:15:00+05:30,Kandy_Central,22.6,270.04558904456746,0.0,0.2,124.85352717211552
2026-10-03T20:30:00+05:30,Kandy_Central,22.5,270.5307049257419,0.0,0.15,128.57428396462208
2026-10-03T20:45:00+05:30,Kandy_Central,22.4,271.04520795992926,0.0,0.1,132.2947311273688
2026-10-03T21:00:00+05:30,Kandy_Central,22.3,271.5991577113,0.0,0.07,136.01453930384804
2026-10-03T21:15:00+05:30,Kandy_Central,22.3,272.2059622304876,0.0,0.11,139.7332922460401
2026-10-03T21:30:00+05:30,Kandy_Central,22.2,272.8841182396893,0.0,0.1,143.45043946695898
2026-10-03T21:45:00+05:30,Kandy_Central,22.2,273.6601154351237,0.0,0.11,147.16521550068012
2026-10-03T22:00:00+05:30,Kandy_Central,22.1,274.5735335466724,0.0,0.16,150.876498826162
2026-10-03T22:15:00+05:30,Kandy_Central,22.1,275.68654071680146,0.0,0.18,154.58255064423955
2026-10-03T22:30:00+05:30,Kandy_Central,22.0,277.10294497876725,0.0,0.18,158.28048664735476
2026-10-03T22:45:00+05:30,Kandy_Central,22.0,279.0101374485759,0.0,0.21,161.96510747519363
2026-10-03T23:00:00+05:30,Kandy_Central,21.9,281.7833865606684,0.0,0.25,165.62596136898242
2026-10-03T23:15:00+05:30,Kandy_Central,21.8,286.2917221798027,0.0,0.28,169.23854900352916
2026-10-03T23:30:00+05:30,Kandy_Central,21.8,295.0266646287604,0.0,0.32,172.73031923729087
2026-10-03T23:45:00+05:30,Kandy_Central,21.7,317.5051102589644,0.0,0.36,175.78889279407298
2026-10-04T00:00:00+05:30,Kandy_Central,21.6,16.11263047218938,0.0,0.39,176.7649921818413
2026-10-04T00:15:00+05:30,Kandy_Central,21.5,56.389809331547156,0.0,0.43,174.4283231973135
2026-10-04T00:30:00+05:30,Kandy_Central,21.4,70.10500196622161,0.0,0.47,171.08557748954206
2026-10-04T00:45:00+05:30,Kandy_Central,21.3,76.29815146578409,0.0,0.51,167.52070893869217
2026-10-04T01:00:00+05:30,Kandy_Central,21.2,79.81246465667641,0.0,0.58,163.88053776072042
2026-10-04T01:15:00+05:30,Kandy_Central,21.1,82.10601824716525,0.0,0.63,160.20669598490565
2026-10-04T01:30:00+05:30,Kandy_Central,21.0,83.74806664466098,0.0,0.67,156.5151173460345
2026-10-04T01:45:00+05:30,Kandy_Central,20.9,85.00384726546764,0.0,0.72,152.81317144090107
2026-10-04T02:00:00+05:30,Kandy_Central,20.8,86.01310683248653,0.0,0.78,149.1047371067687
2026-10-04T02:15:00+05:30,Kandy_Central,20.7,86.85640940865022,0.0,0.78,145.39206007109053
2026-10-04T02:30:00+05:30,Kandy_Central,20.6,87.58352367255134,0.0,0.83,141.67654202319534
2026-10-04T02:45:00+05:30,Kandy_Central,20.5,88.22694350451758,0.0,0.87,137.95911344694795
2026-10-04T03:00:00+05:30,Kandy_Central,20.5,88.80888414485463,0.0,0.92,134.24042715284145
2026-10-04T03:15:00+05:30,Kandy_Central,20.4,89.34515147449702,0.0,0.92,130.52096557993883
2026-10-04T03:30:00+05:30,Kandy_Central,20.4,89.84740286870829,0.0,0.97,126.80110243691098
2026-10-04T03:45:00+05:30,Kandy_Central,20.3,90.32453096369994,0.0,0.97,123.08114188824625
2026-10-04T04:00:00+05:30,Kandy_Central,20.3,90.78354609313453,0.0,1.01,119.36134414956925
2026-10-04T04:15:00+05:30,Kandy_Central,20.3,91.23016070775668,0.0,1.0,115.64194160716579
2026-10-04T04:30:00+05:30,Kandy_Central,20.4,91.66919049782445,0.0,1.0,111.92315165621403
2026-10-04T04:45:00+05:30,Kandy_Central,20.4,92.10484039159883,0.0,1.0,108.20518666912115
2026-10-04T05:00:00+05:30,Kandy_Central,20.5,92.54091734150455,0.0,0.98,104.4882608189072
2026-10-04T05:15:00+05:30,Kandy_Central,20.6,92.98099625915967,0.0,0.93,100.77259756328222
2026-10-04T05:30:00+05:30,Kandy_Central,20.8,93.42855718632143,0.0,0.87,97.0584369013542
2026-10-04T05:45:00+05:30,Kandy_Central,21.0,93.8871066328278,0.0,0.81,93.34604141083273
2026-10-04T06:00:00+05:30,Kandy_Central,21.2,94.36029257079832,0.0,0.71,89.63570452888186
2026-10-04T06:15:00+05:30,Kandy_Central,21.5,94.85202167370016,24.0,0.6,85.92776008351615
2026-10-04T06:30:00+05:30,Kandy_Central,21.8,95.36658712538116,73.0,0.5,82.22259218035964
2026-10-04T06:45:00+05:30,Kandy_Central,22.2,95.90881543374843,134.0,0.43,78.52064917378753
2026-10-04T07:00:00+05:30,Kandy_Central,22.6,96.48424295395415,206.0,0.32,74.82246123107416
2026-10-04T07:15:00+05:30,Kandy_Central,23.0,97.09933591165526,277.0,0.32,71.12866136155696
2026-10-04T07:30:00+05:30,Kandy_Central,23.4,97.7617718113803,343.0,0.4,67.44001481499402
2026-10-04T07:45:00+05:30,Kandy_Central,23.9,98.48080807289517,405.0,0.54,63.75745811976502
2026-10-04T08:00:00+05:30,Kandy_Central,24.4,99.2677751549333,464.0,0.72,60.08215033740447
2026-10-04T08:15:00+05:30,Kandy_Central,24.8,100.13674807946609,521.0,0.92,56.41554557873505
2026-10-04T08:30:00+05:30,Kandy_Central,25.3,101.10547846422594,573.0,1.1,52.75949456653955
2026-10-04T08:45:00+05:30,Kandy_Central,25.8,102.19671327854877,619.0,1.27,49.11638829479419
2026-10-04T09:00:00+05:30,Kandy_Central,26.3,103.44009686624645,661.0,1.49,45.48936995341484
2026-10-04T09:15:00+05:30,Kandy_Central,26.7,104.87497211441371,698.0,1.63,41.88265177728265
2026-10-04T09:30:00+05:30,Kandy_Central,27.1,106.55459677588055,730.0,1.81,38.3019997836217
2026-10-04T09:45:00+05:30,Kandy_Central,27.5,108.55263035986849,756.0,1.96,34.75550132226835
2026-10-04T10:00:00+05:30,Kandy_Central,27.9,110.97333083225186,777.0,2.14,31.254814663612677
2026-10-04T10:15:00+05:30,Kandy_Central,28.2,113.96786960897202,793.0,2.25,27.817269408351358
2026-10-04T10:30:00+05:30,Kandy_Central,28.5,117.76061671108079,809.0,2.36,24.469518764301725
2026-10-04T10:45:00+05:30,Kandy_Central,28.8,122.69059713281393,818.0,2.47,21.25406366039374
2026-10-04T11:00:00+05:30,Kandy_Central,29.0,129.27043387015726,812.0,2.51,18.24102613900709
2026-10-04T11:15:00+05:30,Kandy_Central,29.1,138.2390715967299,782.0,2.55,15.548553875511061
2026-10-04T11:30:00+05:30,Kandy_Central,29.2,150.4743740832077,719.0,2.55,13.371733625425577
2026-10-04T11:45:00+05:30,Kandy_Central,29.2,166.38367586309232,643.0,2.52,11.994690039094124
2026-10-04T12:00:00+05:30,Kandy_Central,29.2,184.61783124061512,575.0,2.52,11.703234197853803
2026-10-04T12:15:00+05:30,Kandy_Central,29.1,201.99135192363514,532.0,2.43,12.573088629251984
2026-10-04T12:30:00+05:30,Kandy_Central,28.9,216.06321298536145,511.0,2.36,14.395242232241387
2026-10-04T12:45:00+05:30,Kandy_Central,28.7,226.5370676018656,500.0,2.22,16.86376724598189
2026-10-04T13:00:00+05:30,Kandy_Central,28.5,234.18717936757764,490.0,2.13,19.73760204973955
2026-10-04T13:15:00+05:30,Kandy_Central,28.3,239.85213654109876,471.0,1.95,22.864407404902238
2026-10-04T13:30:00+05:30,Kandy_Central,28.0,244.15278817747918,450.0,1.79,26.153590483239327
2026-10-04T13:45:00+05:30,Kandy_Central,27.7,247.5055474192519,428.0,1.59,29.55096108270684
2026-10-04T14:00:00+05:30,Kandy_Central,27.3,250.18497180867152,406.0,1.46,33.023125563302244
2026-10-04T14:15:00+05:30,Kandy_Central,27.0,252.37420494739678,382.0,1.26,36.54875282589374
2026-10-04T14:30:00+05:30,Kandy_Central,26.6,254.19806937353957,358.0,1.08,40.11372654214235
2026-10-04T14:45:00+05:30,Kandy_Central,26.3,255.7437108239572,334.0,0.91,43.70839757287222
2026-10-04T15:00:00+05:30,Kandy_Central,25.9,257.07343000943985,309.0,0.75,47.32597597387228
2026-10-04T15:15:00+05:30,Kandy_Central,25.5,258.23276884495,283.0,0.67,50.96155890498169
2026-10-04T15:30:00+05:30,Kandy_Central,25.1,259.25570984719315,257.0,0.58,54.61152544019009
2026-10-04T15:45:00+05:30,Kandy_Central,24.8,260.1680928698991,231.0,0.57,58.273146606840356
2026-10-04T16:00:00+05:30,Kandy_Central,24.4,260.98991053324687,204.0,0.6,61.94432780776889
2026-10-04T16:15:00+05:30,Kandy_Central,24.1,261.73688353725936,177.0,0.71,65.6234359047644
2026-10-04T16:30:00+05:30,Kandy_Central,23.8,262.4215631684433,150.0,0.8,69.30917846268866
2026-10-04T16:45:00+05:30,Kandy_Central,23.5,263.05411802415153,123.0,0.91,73.00051837339036
2026-10-04T17:00:00+05:30,Kandy_Central,23.3,263.64290606384134,95.0,0.97,76.69661382281747
2026-10-04T17:15:00+05:30,Kandy_Central,23.1,264.1948978128877,67.0,1.04,80.39677316823874
2026-10-04T17:30:00+05:30,Kandy_Central,22.9,264.71599558988794,40.0,1.11,84.10042126956779
2026-10-04T17:45:00+05:30,Kandy_Central,22.7,265.2112794832727,17.0,1.17,87.80707544088203
2026-10-04T18:00:00+05:30,Kandy_Central,22.6,265.68520108572375,2.0,1.19,91.51632575575896
2026-10-04T18:15:00+05:30,Kandy_Central,22.5,266.1417407376674,0.0,1.19,95.22781958508301
2026-10-04T18:30:00+05:30,Kandy_Central,22.4,266.5845400997237,0.0,1.21,98.9412507199138
2026-10-04T18:45:00+05:30,Kandy_Central,22.3,267.01701894267126,0.0,1.21,102.65634924046981
2026-10-04T19:00:00+05:30,Kandy_Central,22.2,267.4424843436632,0.0,1.19,106.37287298592177
2026-10-04T19:15:00+05:30,Kandy_Central,22.2,267.8642400887832,0.0,1.14,110.09060160467081
2026-10-04T19:30:00+05:30,Kandy_Central,22.1,268.28570418661104,0.0,1.1,113.80932975263605
2026-10-04T19:45:00+05:30,Kandy_Central,22.1,268.7105446835067,0.0,1.05,117.52886050940381
2026-10-04T20:00:00+05:30,Kandy_Central,22.0,269.1428473425884,0.0,1.01,121.24900004998133
2026-10-04T20:15:00+05:30,Kandy_Central,22.0,269.587334150596,0.0,0.9,124.96955000887101
2026-10-04T20:30:00+05:30,Kandy_Central,22.0,270.04966221986837,0.0,0.86,128.69029825322716
2026-10-04T20:45:00+05:30,Kandy_Central,22.0,270.5368501398912,0.0,0.82,132.41100836800481
2026-10-04T21:00:00+05:30,Kandy_Central,21.9,271.0579092421747,0.0,0.74,136.13140295204428
2026-09-27T21:15:00+05:30,Kalutara_Western,27.5,274.6904911962607,0.0,2.28,138.33815158501113
2026-09-27T21:30:00+05:30,Kalutara_Western,27.5,275.51183262213465,0.0,2.28,142.0500508049743
2026-09-27T21:45:00+05:30,Kalutara_Western,27.4,276.4684295093153,0.0,2.28,145.75641923691103
2026-09-27T22:00:00+05:30,Kalutara_Western,27.4,277.6108602384113,0.0,2.23,149.45512791695194
2026-09-27T22:15:00+05:30,Kalutara_Western,27.3,279.01686980794284,0.0,2.17,153.14290028794673
2026-09-27T22:30:00+05:30,Kalutara_Western,27.3,280.8123860798618,0.0,2.12,156.81440790139402
2026-09-27T22:45:00+05:30,Kalutara_Western,27.3,283.2150732505494,0.0,2.12,160.4603714871825
2026-09-27T23:00:00+05:30,Kalutara_Western,27.3,286.63354403937427,0.0,2.07,164.06314224184828
2026-09-27T23:15:00+05:30,Kalutara_Western,27.3,291.9210364064284,0.0,2.07,167.58495158820415
2026-09-27T23:30:00+05:30,Kalutara_Western,27.2,301.11171332765235,0.0,2.07,170.93087357788016
2026-09-27T23:45:00+05:30,Kalutara_Western,27.1,319.6119634112665,0.0,2.07,173.80874630628244
2026-09-28T00:00:00+05:30,Kalutara_Western,27.0,356.86558594698363,0.0,2.03,175.26906074407054
2026-09-28T00:15:00+05:30,Kalutara_Western,26.8,36.56807383226419,0.0,2.03,174.13488656350552
2026-09-28T00:30:00+05:30,Kalutara_Western,26.7,57.17048814038458,0.0,2.01,171.37536707910735
2026-09-28T00:45:00+05:30,Kalutara_Western,26.6,67.22019256874921,0.0,2.04,168.0695886500182
2026-09-28T01:00:00+05:30,Kalutara_Western,26.6,72.89039143396468,0.0,2.07,164.564687825568
2026-09-28T01:15:00+05:30,Kalutara_Western,26.5,76.50523047262732,0.0,2.05,160.97044162082318
2026-09-28T01:30:00+05:30,Kalutara_Western,26.4,79.02063729478544,0.0,2.06,157.3293792712155
2026-09-28T01:45:00+05:30,Kalutara_Western,26.2,80.88660414046728,0.0,2.0,153.66098773347977
2026-09-28T02:00:00+05:30,Kalutara_Western,26.0,82.33965762403864,0.0,2.06,149.97536503088423
2026-09-28T02:15:00+05:30,Kalutara_Western,25.8,83.51522556728759,0.0,2.17,146.27824717307706
2026-09-28T02:30:00+05:30,Kalutara_Western,25.6,84.49623385606958,0.0,2.19,142.5731321028003
2026-09-28T02:45:00+05:30,Kalutara_Western,25.4,85.33627423883121,0.0,1.91,138.86227659004328
2026-09-28T03:00:00+05:30,Kalutara_Western,25.3,86.07155622791663,0.0,1.48,135.14720672642068
2026-09-28T03:15:00+05:30,Kalutara_Western,25.2,86.72748485802953,0.0,1.14,131.42899733932887
2026-09-28T03:30:00+05:30,Kalutara_Western,25.1,87.32248093546713,0.0,0.9,127.70843230127821
2026-09-28T03:45:00+05:30,Kalutara_Western,25.1,87.87030276132322,0.0,0.7,123.98610284167847
2026-09-28T04:00:00+05:30,Kalutara_Western,25.1,88.38151397389441,0.0,0.81,120.26246985963641
2026-09-28T04:15:00+05:30,Kalutara_Western,25.0,88.86444475882843,0.0,1.2,116.53790347548883
2026-09-28T04:30:00+05:30,Kalutara_Western,25.0,89.32584156492743,0.0,1.52,112.81271109345202
2026-09-28T04:45:00+05:30,Kalutara_Western,25.0,89.77132023032283,0.0,1.53,109.08715732752731
2026-09-28T05:00:00+05:30,Kalutara_Western,24.9,90.20569237189113,0.0,1.39,105.36147723369297
2026-09-28T05:15:00+05:30,Kalutara_Western,24.9,90.63320853059543,0.0,1.27,101.63588772282698
2026-09-28T05:30:00+05:30,Kalutara_Western,24.9,91.05774688420172,0.0,1.17,97.91059688356098
2026-09-28T05:45:00+05:30,Kalutara_Western,24.9,91.48296714645971,0.0,1.1,94.18581058179228
2026-09-28T06:00:00+05:30,Kalutara_Western,24.9,91.91244326787466,0.0,0.97,90.46173998315102
2026-09-28T06:15:00+05:30,Kalutara_Western,25.0,92.34978586890367,11.0,0.89,86.73860903689327
2026-09-28T06:30:00+05:30,Kalutara_Western,25.1,92.79876371287924,43.0,0.85,83.01666092496593
2026-09-28T06:45:00+05:30,Kalutara_Western,25.4,93.2634325856917,83.0,0.78,79.29616700591095
2026-09-28T07:00:00+05:30,Kalutara_Western,25.7,93.74828111271142,129.0,0.69,75.57743737001377
2026-09-28T07:15:00+05:30,Kalutara_Western,26.0,94.25840490929596,180.0,0.71,71.86083231488905
2026-09-28T07:30:00+05:30,Kalutara_Western,26.3,94.79972320911656,237.0,0.75,68.14677880564244
2026-09-28T07:45:00+05:30,Kalutara_Western,26.5,95.37925806141857,297.0,0.89,64.4357919431273
2026-09-28T08:00:00+05:30,Kalutara_Western,26.6,96.00550487478102,358.0,1.03,60.72850216190592
2026-09-28T08:15:00+05:30,Kalutara_Western,26.7,96.68893607494164,412.0,1.2,57.025694461955666
2026-09-28T08:30:00+05:30,Kalutara_Western,26.9,97.44270221587101,458.0,1.35,53.32836326641932
2026-09-28T08:45:00+05:30,Kalutara_Western,27.2,98.28363106549585,497.0,1.45,49.63778944698692
2026-09-28T09:00:00+05:30,Kalutara_Western,27.5,99.23368485571473,534.0,1.56,45.95565549880256
2026-09-28T09:15:00+05:30,Kalutara_Western,27.8,100.32214113946145,572.0,1.7,42.2842190952778
2026-09-28T09:30:00+05:30,Kalutara_Western,28.1,101.58894910909487,613.0,1.81,38.626581076943644
2026-09-28T09:45:00+05:30,Kalutara_Western,28.4,103.09005463144194,653.0,1.96,34.987118134003694
2026-09-28T10:00:00+05:30,Kalutara_Western,28.6,104.90614129572441,686.0,2.19,31.372204559161887
2026-09-28T10:15:00+05:30,Kalutara_Western,28.7,107.15752438083166,710.0,2.36,27.791468355320987
2026-09-28T10:30:00+05:30,Kalutara_Western,28.8,110.03055252938316,719.0,2.51,24.260093972365922
2026-09-28T10:45:00+05:30,Kalutara_Western,28.8,113.82624811716289,721.0,2.61,20.80328068614068
2026-09-28T11:00:00+05:30,Kalutara_Western,28.7,119.05232413493741,725.0,2.62,17.46540257741914
2026-09-28T11:15:00+05:30,Kalutara_Western,28.6,126.59347504760751,743.0,2.67,14.329858978114828
2026-09-28T11:30:00+05:30,Kalutara_Western,28.6,137.96200587447345,777.0,2.66,11.562492381117167
2026-09-28T11:45:00+05:30,Kalutara_Western,28.7,155.208807245991,813.0,2.66,9.49105610593071
2026-09-28T12:00:00+05:30,Kalutara_Western,28.8,178.56027920616748,839.0,2.67,8.632038639804378
2026-09-28T12:15:00+05:30,Kalutara_Western,29.0,202.34576470359966,840.0,2.65,9.326697877615103
2026-09-28T12:30:00+05:30,Kalutara_Western,29.1,220.33553076117482,816.0,2.7,11.291843182521617
2026-09-28T12:45:00+05:30,Kalutara_Western,29.1,232.25005309434928,781.0,2.76,14.002396159725322
2026-09-28T13:00:00+05:30,Kalutara_Western,29.2,240.12481336035643,749.0,2.93,17.107626171885116
2026-09-28T13:15:00+05:30,Kalutara_Western,29.2,245.55292185273626,733.0,3.04,20.428319730836733
2026-09-28T13:30:00+05:30,Kalutara_Western,29.1,249.47544977029838,738.0,3.11,23.874717907587993
2026-09-28T13:45:00+05:30,Kalutara_Western,29.1,252.4315298668678,742.0,3.11,27.399402059482775
2026-09-28T14:00:00+05:30,Kalutara_Western,29.0,254.7393811750323,726.0,3.11,30.97563307771734
2026-09-28T14:15:00+05:30,Kalutara_Western,28.8,256.5950481404232,671.0,3.11,34.58739725777998
2026-09-28T14:30:00+05:30,Kalutara_Western,28.7,258.1245381514753,581.0,3.06,38.224593460952725
2026-09-28T14:45:00+05:30,Kalutara_Western,28.5,259.4120132532755,481.0,2.99,41.880564810105504
2026-09-28T15:00:00+05:30,Kalutara_Western,28.3,260.515622792231,393.0,2.93,45.55075780431192
2026-09-28T15:15:00+05:30,Kalutara_Western,28.0,261.4767560710988,331.0,2.84,49.23195670854565
2026-09-28T15:30:00+05:30,Kalutara_Western,27.9,262.32565697849157,286.0,2.82,52.921828150851624
2026-09-28T15:45:00+05:30,Kalutara_Western,27.8,263.08494935114777,251.0,2.93,56.61863772389422
2026-09-28T16:00:00+05:30,Kalutara_Western,27.7,263.77192044678395,219.0,3.06,60.32106810448702
2026-09-28T16:15:00+05:30,Kalutara_Western,27.7,264.40004229602954,191.0,3.2,64.0281002413997
2026-09-28T16:30:00+05:30,Kalutara_Western,27.6,264.980011159421,166.0,3.24,67.73893160249305
2026-09-28T16:45:00+05:30,Kalutara_Western,27.5,265.52047504677506,143.0,3.11,71.45291922101741
2026-09-28T17:00:00+05:30,Kalutara_Western,27.3,266.02855486249484,118.0,2.87,75.16954059614392
2026-09-28T17:15:00+05:30,Kalutara_Western,27.2,266.51022599123377,90.0,2.62,78.88836410865713
2026-09-28T17:30:00+05:30,Kalutara_Western,27.0,266.9706046759744,62.0,2.47,82.6090269821678
2026-09-28T17:45:00+05:30,Kalutara_Western,26.7,267.4141690307612,35.0,2.48,86.3312199793217
2026-09-28T18:00:00+05:30,Kalutara_Western,26.3,267.8449349130044,11.0,2.67,90.05467426581563
2026-09-28T18:15:00+05:30,Kalutara_Western,25.9,268.26660174024164,0.0,2.8,93.77915083040311
2026-09-28T18:30:00+05:30,Kalutara_Western,25.6,268.6826797292175,0.0,2.76,97.50443315045132
2026-09-28T18:45:00+05:30,Kalutara_Western,25.5,269.09660750235463,0.0,2.46,101.23031949370579
2026-09-28T19:00:00+05:30,Kalutara_Western,25.5,269.51186866133787,0.0,2.04,104.95661583274402
2026-09-28T19:15:00+05:30,Kalutara_Western,25.5,269.93211608784276,0.0,1.66,108.68313041260572
2026-09-28T19:30:00+05:30,Kalutara_Western,25.5,270.3613135327279,0.0,1.45,112.40966649103387
2026-09-28T19:45:00+05:30,Kalutara_Western,25.4,270.80390726087467,0.0,1.4,116.13601419350113
2026-09-28T20:00:00+05:30,Kalutara_Western,25.4,271.26504529852565,0.0,1.41,119.86194226136662
2026-09-28T20:15:00+05:30,Kalutara_Western,25.3,271.7508692895194,0.0,1.4,123.58718568093191
2026-09-28T20:30:00+05:30,Kalutara_Western,25.3,272.2689177745524,0.0,1.36,127.3114291747291
2026-09-28T20:45:00+05:30,Kalutara_Western,25.2,272.8287023206293,0.0,1.33,131.0342856830436
2026-09-28T21:00:00+05:30,Kalutara_Western,25.1,273.44255652154,0.0,1.3,134.75526294229573
2026-09-28T21:15:00+05:30,Kalutara_Western,25.0,274.1269288393417,0.0,1.32,138.47371305707125
2026-09-28T21:30:00+05:30,Kalutara_Western,25.0,274.90442196982536,0.0,1.29,142.18875483134065
2026-09-28T21:45:00+05:30,Kalutara_Western,25.0,275.807138175882,0.0,1.18,145.89914406912055
2026-09-28T22:00:00+05:30,Kalutara_Western,25.1,276.88242273478096,0.0,1.01,149.6030506075926
2026-09-28T22:15:00+05:30,Kalutara_Western,25.2,278.2032695397687,0.0,0.83,153.29765430995698
2026-09-28T22:30:00+05:30,Kalutara_Western,25.2,279.8884344163004,0.0,0.68,156.97835587789172
2026-09-28T22:45:00+05:30,Kalutara_Western,25.2,282.14454078712106,0.0,0.61,160.63710644577142
2026-09-28T23:00:00+05:30,Kalutara_Western,25.3,285.3634743694266,0.0,0.6,164.25847407414642
2026-09-28T23:15:00+05:30,Kalutara_Western,25.2,290.3777869549374,0.0,0.61,167.80897891996003
2026-09-28T23:30:00+05:30,Kalutara_Western,25.2,299.2378856159022,0.0,0.62,171.2022796917082
2026-09-28T23:45:00+05:30,Kalutara_Western,25.2,317.78584141374677,0.0,0.62,174.15759324567676
2026-09-29T00:00:00+05:30,Kalutara_Western,25.2,357.69996345384493,0.0,0.61,175.6614286717935
2026-09-29T00:15:00+05:30,Kalutara_Western,25.1,39.62034709961722,0.0,0.56,174.3903354326182
2026-09-29T00:30:00+05:30,Kalutara_Western,25.0,59.68523251520912,0.0,0.54,171.51068803740503
2026-09-29T00:45:00+05:30,Kalutara_Western,24.9,69.1187085914944,0.0,0.68,168.141583847133
2026-09-29T01:00:00+05:30,Kalutara_Western,24.7,74.38069743155279,0.0,1.03,164.6010702609751
2026-09-29T01:15:00+05:30,Kalutara_Western,24.5,77.72506695121433,0.0,1.45,160.98472889638953
2026-09-29T01:30:00+05:30,Kalutara_Western,24.3,80.05281867677576,0.0,1.66,157.32889836940456
2026-09-29T01:45:00+05:30,Kalutara_Western,24.3,81.78276437662225,0.0,1.6,153.65009601039367
2026-09-29T02:00:00+05:30,Kalutara_Western,24.3,83.1336417731215,0.0,1.45,149.95684954257058
2026-09-29T02:15:00+05:30,Kalutara_Western,24.3,84.23026077854036,0.0,1.45,146.25399568039273
2026-09-29T02:30:00+05:30,Kalutara_Western,24.3,85.14890145852928,0.0,1.58,142.54448361998337
2026-09-29T02:45:00+05:30,Kalutara_Western,24.2,85.93881562554071,0.0,1.6,138.83021791242732
2026-09-29T03:00:00+05:30,Kalutara_Western,24.1,86.63327379399146,0.0,1.55,135.1124892170354
2026-09-29T03:15:00+05:30,Kalutara_Western,24.0,87.2556287082084,0.0,1.46,131.39220978077927
2026-09-29T03:30:00+05:30,Kalutara_Western,24.0,87.82283079123795,0.0,1.27,127.67004826070638
2026-09-29T03:45:00+05:30,Kalutara_Western,23.9,88.34756229903758,0.0,0.93,123.94651259639986
2026-09-29T04:00:00+05:30,Kalutara_Western,23.9,88.8395858557663,0.0,0.49,120.22200262429003
2026-09-29T04:15:00+05:30,Kalutara_Western,23.8,89.30662757252554,0.0,0.16,116.4968433502184
2026-09-29T04:30:00+05:30,Kalutara_Western,23.8,89.7549744048344,0.0,0.25,112.77130885126128
2026-09-29T04:45:00+05:30,Kalutara_Western,23.8,90.18989146103797,0.0,0.32,109.04563938695594
2026-09-29T05:00:00+05:30,Kalutara_Western,23.9,90.61592351307849,0.0,0.35,105.3200527208507
2026-09-29T05:15:00+05:30,Kalutara_Western,23.9,91.03712071718581,0.0,0.59,101.59475422851969
2026-09-29T05:30:00+05:30,Kalutara_Western,23.9,91.45721511968156,0.0,0.85,97.86994535403777
2026-09-29T05:45:00+05:30,Kalutara_Western,23.9,91.87976613159265,0.0,1.19,94.14582966811994
2026-09-29T06:00:00+05:30,Kalutara_Western,23.8,92.30828766797168,0.0,1.52,90.42262010717067
2026-09-29T06:15:00+05:30,Kalutara_Western,23.7,92.746367298895,8.0,1.86,86.70054639432479
2026-09-29T06:30:00+05:30,Kalutara_Western,23.7,93.19778638697869,32.0,2.09,82.97986163598584
2026-09-29T06:45:00+05:30,Kalutara_Western,23.8,93.66664943854528,62.0,2.22,79.26085161951205
2026-09-29T07:00:00+05:30,Kalutara_Western,24.0,94.1575322208073,97.0,2.31,75.54384597170181
2026-09-29T07:15:00+05:30,Kalutara_Western,24.3,94.67566024080736,139.0,2.4,71.82923052228719
2026-09-29T07:30:00+05:30,Kalutara_Western,24.6,95.22713211284861,188.0,2.33,68.11746502652053
2026-09-29T07:45:00+05:30,Kalutara_Western,24.9,95.81920853771874,245.0,2.1,64.40910639210271
2026-09-29T08:00:00+05:30,Kalutara_Western,25.4,96.46069664387392,306.0,1.72,60.704838321857316
2026-09-29T08:15:00+05:30,Kalutara_Western,25.8,97.16247289334649,370.0,1.42,57.005513959000986
2026-09-29T08:30:00+05:30,Kalutara_Western,26.2,97.938211031018,439.0,1.28,53.31221556812513
2026-09-29T08:45:00+05:30,Kalutara_Western,26.6,98.80541877509876,510.0,1.35,49.6263384673032
2026-09-29T09:00:00+05:30,Kalutara_Western,27.0,99.78694809079553,577.0,1.52,45.949716287642566
2026-09-29T09:15:00+05:30,Kalutara_Western,27.4,100.9132513012238,636.0,1.71,42.284809545034406
2026-09-29T09:30:00+05:30,Kalutara_Western,27.7,102.22584447671034,684.0,1.9,38.63499651781475
2026-09-29T09:45:00+05:30,Kalutara_Western,28.0,103.78278346304876,723.0,2.09,35.00504169643038
2026-09-29T10:00:00+05:30,Kalutara_Western,28.3,105.66761031713088,757.0,2.34,31.40187489445873
2026-09-29T10:15:00+05:30,Kalutara_Western,28.5,108.00449594430484,789.0,2.65,27.835941648636663
2026-09-29T10:30:00+05:30,Kalutara_Western,28.6,110.98482253519137,817.0,2.89,24.323663709922414
2026-09-29T10:45:00+05:30,Kalutara_Western,28.7,114.91542954188463,840.0,3.02,20.892160049245106
2026-09-29T11:00:00+05:30,Kalutara_Western,28.8,120.30764424477076,854.0,3.09,17.588810309866588
2026-09-29T11:15:00+05:30,Kalutara_Western,28.8,128.03443405082214,858.0,3.11,14.501497941712614
2026-09-29T11:30:00+05:30,Kalutara_Western,28.9,139.53346986971223,847.0,3.18,11.801052171598997
2026-09-29T11:45:00+05:30,Kalutara_Western,29.0,156.60705884550134,828.0,3.31,9.81229120476398
2026-09-29T12:00:00+05:30,Kalutara_Western,29.0,179.15707973221777,814.0,3.4,9.019009479480658
2026-09-29T12:15:00+05:30,Kalutara_Western,29.1,201.935465918949,816.0,3.54,9.718509811192007
2026-09-29T12:30:00+05:30,Kalutara_Western,29.2,219.41446533704183,836.0,3.68,11.644814763644575
2026-09-29T12:45:00+05:30,Kalutara_Western,29.2,231.22372415651327,860.0,3.81,14.310803322911838
2026-09-29T13:00:00+05:30,Kalutara_Western,29.3,239.14538953756008,871.0,3.98,17.379328570208443
2026-09-29T13:15:00+05:30,Kalutara_Western,29.3,244.65754707859185,857.0,4.14,20.671886248667732
2026-09-29T13:30:00+05:30,Kalutara_Western,29.2,248.66409123442247,821.0,4.25,24.09679597463881
2026-09-29T13:45:00+05:30,Kalutara_Western,29.1,251.69428834603644,774.0,4.3,27.60481667219603
2026-09-29T14:00:00+05:30,Kalutara_Western,28.9,254.0650203729353,724.0,4.32,31.1678741661485
2026-09-29T14:15:00+05:30,Kalutara_Western,28.7,255.9734110194936,674.0,4.28,34.769027234345174
2026-09-29T14:30:00+05:30,Kalutara_Western,28.6,257.54703212309664,623.0,4.26,38.397531876202834
2026-09-29T14:45:00+05:30,Kalutara_Western,28.5,258.8715159795118,570.0,4.18,42.04627955551311
2026-09-29T15:00:00+05:30,Kalutara_Western,28.4,260.0062464985991,518.0,4.05,45.710393572482936
2026-09-29T15:15:00+05:30,Kalutara_Western,28.3,260.9936081741909,469.0,3.92,49.38642249379129
2026-09-29T15:30:00+05:30,Kalutara_Western,28.2,261.8646348309562,425.0,3.79,53.071857951430054
2026-09-29T15:45:00+05:30,Kalutara_Western,28.0,262.64257410187815,380.0,3.76,56.76483348735828
2026-09-29T16:00:00+05:30,Kalutara_Western,27.8,263.34520525644325,332.0,3.71,60.4639307071768
2026-09-29T16:15:00+05:30,Kalutara_Western,27.6,263.9863881783564,278.0,3.7,64.16805225893383
2026-09-29T16:30:00+05:30,Kalutara_Western,27.4,264.57712419993936,219.0,3.62,67.8763343605956
2026-09-29T16:45:00+05:30,Kalutara_Western,27.3,265.12629985782917,164.0,3.33,71.58808579579562
2026-09-29T17:00:00+05:30,Kalutara_Western,27.2,265.64122021633915,119.0,2.88,75.3027459068435
2026-09-29T17:15:00+05:30,Kalutara_Western,27.1,266.12799945578894,84.0,2.48,79.01985291079636
2026-09-29T17:30:00+05:30,Kalutara_Western,27.0,266.59185376028586,56.0,2.12,82.73902033233588
2026-09-29T17:45:00+05:30,Kalutara_Western,26.9,267.0373268367668,32.0,1.94,86.45992059204693
2026-09-29T18:00:00+05:30,Kalutara_Western,26.8,267.46846861815305,9.0,1.8,90.18227108154106
2026-09-29T18:15:00+05:30,Kalutara_Western,26.6,267.88898243908767,0.0,1.74,93.90582304127331
2026-09-29T18:30:00+05:30,Kalutara_Western,26.5,268.3023522464076,0.0,1.65,97.63035389724335
2026-09-29T18:45:00+05:30,Kalutara_Western,26.4,268.7119587603615,0.0,1.53,101.35565940845531
2026-09-29T19:00:00+05:30,Kalutara_Western,26.4,269.1211930435401,0.0,1.43,105.08154661076235
2026-09-29T19:15:00+05:30,Kalutara_Western,26.3,269.53357594321847,0.0,1.3,108.80782859755689
2026-09-29T19:30:00+05:30,Kalutara_Western,26.3,269.9528924943594,0.0,1.21,112.5343176894956
2026-09-29T19:45:00+05:30,Kalutara_Western,26.3,270.3833533079796,0.0,1.14,116.26081798750099
2026-09-29T20:00:00+05:30,Kalutara_Western,26.3,270.829799353384,0.0,1.03,119.98711817551032
2026-09-29T20:15:00+05:30,Kalutara_Western,26.2,271.2979734186896,0.0,0.97,123.71298069711743
2026-09-29T20:30:00+05:30,Kalutara_Western,26.2,271.794894392759,0.0,0.85,127.43812751819581
2026-09-29T20:45:00+05:30,Kalutara_Western,26.0,272.3293915876757,0.0,0.74,131.16222194520395
2026-09-29T21:00:00+05:30,Kalutara_Western,25.9,272.91289239920843,0.0,0.62,134.88484020939438
2026-09-29T21:15:00+05:30,Kalutara_Western,25.7,273.5606231751943,0.0,0.51,138.6054287006209
2026-09-29T21:30:00+05:30,Kalutara_Western,25.5,274.2935071808643,0.0,0.45,142.32323837041284
2026-09-29T21:45:00+05:30,Kalutara_Western,25.5,275.14128641405483,0.0,0.4,146.037214710402
2026-09-29T22:00:00+05:30,Kalutara_Western,25.4,276.14790078637463,0.0,0.4,149.7458081969176
2026-09-29T22:15:00+05:30,Kalutara_Western,25.4,277.3812812982428,0.0,0.35,153.4466298249798
2026-09-29T22:30:00+05:30,Kalutara_Western,25.4,278.9524064592989,0.0,0.35,157.13577431846113
2026-09-29T22:45:00+05:30,Kalutara_Western,25.3,281.05557852700287,0.0,0.35,160.80637678045355
2026-09-29T23:00:00+05:30,Kalutara_Western,25.2,284.0629493329816,0.0,0.32,164.44517508259418
2026-09-29T23:15:00+05:30,Kalutara_Western,25.1,288.7784422886008,0.0,0.34,168.02301372576244
2026-09-29T23:30:00+05:30,Kalutara_Western,25.1,297.24641486600785,0.0,0.36,171.46276493748715
2026-09-29T23:45:00+05:30,Kalutara_Western,25.0,315.72523263306323,0.0,0.39,174.49884973231002
2026-09-30T00:00:00+05:30,Kalutara_Western,25.0,358.6842957333859,0.0,0.39,176.0523714681422
2026-09-30T00:15:00+05:30,Kalutara_Western,24.9,42.94189716374467,0.0,0.43,174.62899234975637
2026-09-30T00:30:00+05:30,Kalutara_Western,24.9,62.27045661524062,0.0,0.47,171.63018912675557
2026-09-30T00:45:00+05:30,Kalutara_Western,25.0,71.03485788325628,0.0,0.51,168.20168404327163
2026-09-30T01:00:00+05:30,Kalutara_Western,25.0,75.87476432485164,0.0,0.56,164.62843683102847
2026-09-30T01:15:00+05:30,Kalutara_Western,25.1,78.94453856798953,0.0,0.6,160.9919842616618
2026-09-30T01:30:00+05:30,Kalutara_Western,25.1,81.0833701697112,0.0,0.65,157.3228006116587
2026-09-30T01:45:00+05:30,Kalutara_Western,25.1,82.67697760266856,0.0,0.7,153.63464132350583
2026-09-30T02:00:00+05:30,Kalutara_Western,25.0,83.92569507494221,0.0,0.68,149.93458705422125
2026-09-30T02:15:00+05:30,Kalutara_Western,24.9,84.94349570246737,0.0,0.67,146.2266500926362
2026-09-30T02:30:00+05:30,Kalutara_Western,24.8,85.7999308077932,0.0,0.73,142.5132782093163
2026-09-30T02:45:00+05:30,Kalutara_Western,24.8,86.5398803039975,0.0,0.81,138.79605485809392
2026-09-30T03:00:00+05:30,Kalutara_Western,24.7,87.1936639967181,0.0,0.94,135.07605648060758
2026-09-30T03:15:00+05:30,Kalutara_Western,24.6,87.78257892478643,0.0,1.07,131.35404767755983
2026-09-30T03:30:00+05:30,Kalutara_Western,24.6,88.32210509488061,0.0,1.13,127.63059270865317
2026-09-30T03:45:00+05:30,Kalutara_Western,24.7,88.82384997549838,0.0,1.1,123.90612426502318
2026-09-30T04:00:00+05:30,Kalutara_Western,24.7,89.29677682262445,0.0,0.99,120.18098724358696
2026-09-30T04:15:00+05:30,Kalutara_Western,24.8,89.7480093238085,0.0,0.86,116.45546630326616
2026-09-30T04:30:00+05:30,Kalutara_Western,24.9,90.1833764448458,0.0,0.74,112.72980598614049
2026-09-30T04:45:00+05:30,Kalutara_Western,24.9,90.60779386932836,0.0,0.62,109.00422528670362
2026-09-30T05:00:00+05:30,Kalutara_Western,24.8,91.02554062536512,0.0,0.6,105.27892724604801
2026-09-30T05:15:00+05:30,Kalutara_Western,24.8,91.44046739175991,0.0,0.63,101.55410789670108
2026-09-30T05:30:00+05:30,Kalutara_Western,24.8,91.8561608113477,0.0,0.67,97.82996395729273
2026-09-30T05:45:00+05:30,Kalutara_Western,24.8,92.27608055294928,0.0,0.71,94.1066984307812
2026-09-30T06:00:00+05:30,Kalutara_Western,24.9,92.70368089499459,0.0,0.69,90.38452762880151
2026-09-30T06:15:00+05:30,Kalutara_Western,25.0,93.14252659189174,12.0,0.67,86.66368858502169
2026-09-30T06:30:00+05:30,Kalutara_Western,25.1,93.59641166255517,46.0,0.65,82.94444584889084
2026-09-30T06:45:00+05:30,Kalutara_Western,25.3,94.06948918312827,88.0,0.63,79.22710119443542
2026-09-30T07:00:00+05:30,Kalutara_Western,25.5,94.56642165468702,137.0,0.61,75.51200542765812
2026-09-30T07:15:00+05:30,Kalutara_Western,25.8,95.09256372875558,189.0,0.6,71.79957169837455
2026-09-30T07:30:00+05:30,Kalutara_Western,26.0,95.65419218537136,243.0,0.62,68.0902945515823
2026-09-30T07:45:00+05:30,Kalutara_Western,26.3,96.25880449280879,300.0,0.74,64.38477499368497
2026-09-30T08:00:00+05:30,Kalutara_Western,26.6,96.91551662765005,357.0,1.03,60.683752683480606
2026-09-30T08:15:00+05:30,Kalutara_Western,26.9,97.63560471941764,412.0,1.32,56.988152119670985
2026-09-30T08:30:00+05:30,Kalutara_Western,27.2,98.43325900677672,462.0,1.68,53.29914731310138
2026-09-30T08:45:00+05:30,Kalutara_Western,27.5,99.32665674233726,508.0,2.14,49.61825285667485
2026-09-30T09:00:00+05:30,Kalutara_Western,27.8,100.33952310795661,555.0,2.67,45.94745956085941
2026-09-30T09:15:00+05:30,Kalutara_Western,28.1,101.50345836761863,607.0,3.25,42.289438426690346
2026-09-30T09:30:00+05:30,Kalutara_Western,28.4,102.86150062760771,665.0,3.7,38.64785489101409
2026-09-30T09:45:00+05:30,Kalutara_Western,28.6,104.47373825165664,725.0,3.91,35.0278735634883
2026-09-30T10:00:00+05:30,Kalutara_Western,28.9,106.426432844278,781.0,4.01,31.436995039384215
2026-09-30T10:15:00+05:30,Kalutara_Western,29.2,108.84735123096328,826.0,4.01,27.886499973407865
2026-09-30T10:30:00+05:30,Kalutara_Western,29.3,111.93240194967291,861.0,4.07,24.394063294353415
2026-09-30T10:45:00+05:30,Kalutara_Western,29.4,115.99321101337205,887.0,4.22,20.988722595575922
2026-09-30T11:00:00+05:30,Kalutara_Western,29.4,121.54259295497366,908.0,4.38,17.72079443574988
2026-09-30T11:15:00+05:30,Kalutara_Western,29.4,129.43772541375466,923.0,4.54,14.682355089616465
2026-09-30T11:30:00+05:30,Kalutara_Western,29.4,141.0372791029248,931.0,4.65,12.04832936959248
2026-09-30T11:45:00+05:30,Kalutara_Western,29.4,157.9101758675024,933.0,4.64,10.138992643626395
2026-09-30T12:00:00+05:30,Kalutara_Western,29.4,179.69825445182823,933.0,4.57,9.406523612810872
2026-09-30T12:15:00+05:30,Kalutara_Western,29.4,201.5514763344595,935.0,4.51,10.110040588329554
2026-09-30T12:30:00+05:30,Kalutara_Western,29.4,218.54387607033644,941.0,4.46,11.999575125749473
2026-09-30T12:45:00+05:30,Kalutara_Western,29.4,230.23828742927518,945.0,4.46,14.622348072376397
2026-09-30T13:00:00+05:30,Kalutara_Western,29.4,238.19444242672557,938.0,4.46,17.654523890306763
2026-09-30T13:15:00+05:30,Kalutara_Western,29.4,243.78176118939913,916.0,4.46,20.91880895387085
2026-09-30T13:30:00+05:30,Kalutara_Western,29.4,247.86652999496698,877.0,4.46,24.321908433150284
2026-09-30T13:45:00+05:30,Kalutara_Western,29.4,250.96706952986827,830.0,4.4,27.81289378804992
2026-09-30T14:00:00+05:30,Kalutara_Western,29.4,253.3981592010675,786.0,4.35,31.362409231739726
2026-09-30T14:15:00+05:30,Kalutara_Western,29.3,255.3575338022631,751.0,4.3,34.9526050674165
2026-09-30T14:30:00+05:30,Kalutara_Western,29.3,256.9740490283916,724.0,4.26,38.57209940356946
2026-09-30T14:45:00+05:30,Kalutara_Western,29.2,258.3346367523256,697.0,4.26,42.21333145442362
2026-09-30T15:00:00+05:30,Kalutara_Western,29.1,259.4998089407436,664.0,4.36,45.871098721067696
2026-09-30T15:15:00+05:30,Kalutara_Western,29.1,260.5128769122899,619.0,4.36,49.54171093572052
2026-09-30T15:30:00+05:30,Kalutara_Western,29.0,261.40561930501696,569.0,4.35,53.222481655231334
2026-09-30T15:45:00+05:30,Kalutara_Western,28.9,262.20187696823393,513.0,4.25,56.911409560488806
2026-09-30T16:00:00+05:30,Kalutara_Western,28.8,262.91989993675514,455.0,4.16,60.60697269799634
2026-09-30T16:15:00+05:30,Kalutara_Western,28.7,263.5739208326015,393.0,3.96,64.30799323673978
2026-09-30T16:30:00+05:30,Kalutara_Western,28.6,264.1752350572595,331.0,3.76,68.01354423261219
2026-09-30T16:45:00+05:30,Kalutara_Western,28.5,264.7329594785185,270.0,3.51,71.72288452961116
2026-09-30T17:00:00+05:30,Kalutara_Western,28.3,265.2545770669268,210.0,3.2,75.43541380275057
2026-09-30T17:15:00+05:30,Kalutara_Western,28.2,265.74633589779637,152.0,2.9,79.15063873130373
2026-09-30T17:30:00+05:30,Kalutara_Western,28.0,266.21354813679415,97.0,2.65,82.86814786675349
2026-09-30T17:45:00+05:30,Kalutara_Western,27.8,266.6608197664216,50.0,2.45,86.58759407680652
2026-09-30T18:00:00+05:30,Kalutara_Western,27.6,267.09223189372466,13.0,2.3,90.30867980084655
2026-09-30T18:15:00+05:30,Kalutara_Western,27.4,267.5114891025808,0.0,2.15,94.03114535597821
2026-09-30T18:30:00+05:30,Kalutara_Western,27.2,267.9220464748278,0.0,2.0,97.7547609049361
2026-09-30T18:45:00+05:30,Kalutara_Western,27.1,268.32722415264436,0.0,1.9,101.47931842025933
2026-09-30T19:00:00+05:30,Kalutara_Western,27.1,268.7303177367358,0.0,1.85,105.20462461426018
2026-09-30T19:15:00+05:30,Kalutara_Western,27.1,269.13471267430555,0.0,1.8,108.93049588539327
2026-09-30T19:30:00+05:30,Kalutara_Western,27.0,269.54401122456807,0.0,1.7,112.65675185887322
2026-09-30T19:45:00+05:30,Kalutara_Western,27.0,269.9621832478646,0.0,1.56,116.38320856066768
2026-09-30T20:00:00+05:30,Kalutara_Western,26.9,270.3937560337443,0.0,1.43,120.10967217850168
2026-09-30T20:15:00+05:30,Kalutara_Western,26.8,270.8440646401806,0.0,1.31,123.83592965657505
2026-09-30T20:30:00+05:30,Kalutara_Western,26.7,271.31959606411317,0.0,1.21,127.56173654255997
2026-09-30T20:45:00+05:30,Kalutara_Western,26.7,271.82847999295075,0.0,1.12,131.2868018968109
2026-09-30T21:00:00+05:30,Kalutara_Western,26.6,272.3812122307501,0.0,1.07,135.01076451964164
2026-09-30T21:15:00+05:30,Kalutara_Western,26.5,272.99175866716587,0.0,0.96,138.7331573226974
2026-09-30T21:30:00+05:30,Kalutara_Western,26.4,273.67930309479135,0.0,0.92,142.45335302350213
2026-09-30T21:45:00+05:30,Kalutara_Western,26.3,274.4711292001118,0.0,0.85,146.17047261673008
2026-09-30T22:00:00+05:30,Kalutara_Western,26.2,275.40760330608555,0.0,0.85,149.8832274142306
2026-09-30T22:15:00+05:30,Kalutara_Western,26.1,276.5512872085385,0.0,0.82,153.58963133437786
2026-09-30T22:30:00+05:30,Kalutara_Western,26.0,278.0047822219792,0.0,0.76,157.286432423176
2026-09-30T22:45:00+05:30,Kalutara_Western,25.9,279.9487832787077,0.0,0.61,160.9678918857096
2026-09-30T23:00:00+05:30,Kalutara_Western,25.9,282.7326194614189,0.0,0.36,164.62284472287774
2026-09-30T23:15:00+05:30,Kalutara_Western,25.8,287.1230773855873,0.0,0.18,168.22643347047298
2026-09-30T23:30:00+05:30,Kalutara_Western,25.7,295.13213303039834,0.0,0.25,171.711238815037
2026-09-30T23:45:00+05:30,Kalutara_Western,25.6,313.3905547290001,0.0,0.4,174.83099317540592
2026-10-01T00:00:00+05:30,Kalutara_Western,25.4,359.86531787482465,0.0,0.59,176.44150503503184
2026-10-01T00:15:00+05:30,Kalutara_Western,25.2,46.54584789679427,0.0,0.76,174.8486597871245
2026-10-01T00:30:00+05:30,Kalutara_Western,25.1,64.91856194826534,0.0,0.86,171.7333175635709
2026-10-01T00:45:00+05:30,Kalutara_Western,24.9,72.96463344937564,0.0,0.91,168.2498340582179
2026-10-01T01:00:00+05:30,Kalutara_Western,24.8,77.37056774009369,0.0,0.86,164.6468622852397
2026-10-01T01:15:00+05:30,Kalutara_Western,24.7,80.16250665859707,0.0,0.81,160.99231943236327
2026-10-01T01:30:00+05:30,Kalutara_Western,24.6,82.11158079876566,0.0,0.76,157.3112078668301
2026-10-01T01:45:00+05:30,Kalutara_Western,24.5,83.56875968407974,0.0,0.78,153.6147471046648
2026-10-01T02:00:00+05:30,Kalutara_Western,24.4,84.71546388677285,0.0,0.84,149.90869970676601
2026-10-01T02:15:00+05:30,Kalutara_Western,24.4,85.654656933632,0.0,0.85,146.1963303893536
2026-10-01T02:30:00+05:30,Kalutara_Western,24.3,86.44910057277485,0.0,0.9,142.47963353954535
2026-10-01T02:45:00+05:30,Kalutara_Western,24.2,87.13928224539524,0.0,0.89,138.75990288895443
2026-10-01T03:00:00+05:30,Kalutara_Western,24.1,87.75256558669469,0.0,0.91,135.0380219550096
2026-10-01T03:15:00+05:30,Kalutara_Western,24.0,88.30819212946022,0.0,0.9,131.31462263606463
2026-10-01T03:30:00+05:30,Kalutara_Western,24.0,88.82017361715288,0.0,0.95,127.59017559571417
2026-10-01T03:45:00+05:30,Kalutara_Western,24.0,89.29904536111019,0.0,1.0,123.86504629721253
2026-10-01T04:00:00+05:30,Kalutara_Western,24.0,89.75297378546372,0.0,1.1,120.13953079234864
2026-10-01T04:15:00+05:30,Kalutara_Western,24.0,90.18848239663339,0.0,1.17,116.41387813737607
2026-10-01T04:30:00+05:30,Kalutara_Western,24.0,90.61094407418477,0.0,1.24,112.68830711373228
2026-10-01T04:45:00+05:30,Kalutara_Western,23.9,91.02492665591501,0.0,1.22,108.96301851922087
2026-10-01T05:00:00+05:30,Kalutara_Western,23.9,91.4344447137322,0.0,1.21,105.23820322614131
2026-10-01T05:15:00+05:30,Kalutara_Western,23.8,91.84315048067992,0.0,1.17,101.51405010104922
2026-10-01T05:30:00+05:30,Kalutara_Western,23.9,92.25448600172365,0.0,1.11,97.79075304139994
2026-10-01T05:45:00+05:30,Kalutara_Western,24.0,92.67181180425939,0.0,1.07,94.06851619830353
2026-10-01T06:00:00+05:30,Kalutara_Western,24.2,93.09852293808291,0.0,0.99,90.34756084576905
2026-10-01T06:15:00+05:30,Kalutara_Western,24.5,93.53816155615772,12.0,0.92,86.62813284996807
2026-10-01T06:30:00+05:30,Kalutara_Western,24.7,93.99453434022985,46.0,0.81,82.91050970902067
2026-10-01T06:45:00+05:30,Kalutara_Western,25.0,94.4718427034336,92.0,0.71,79.19501072047125
2026-10-01T07:00:00+05:30,Kalutara_Western,25.3,94.97483535236455,146.0,0.64,75.48200949060517
2026-10-01T07:15:00+05:30,Kalutara_Western,25.6,95.50899516872573,202.0,0.54,71.77194824949446
2026-10-01T07:30:00+05:30,Kalutara_Western,25.9,96.08077565571978,256.0,0.45,68.06535829769078
2026-10-01T07:45:00+05:30,Kalutara_Western,26.2,96.69790885689827,309.0,0.35,64.36288698774501
2026-10-01T08:00:00+05:30,Kalutara_Western,26.5,97.36981630755326,361.0,0.3,60.66533255851847
2026-10-01T08:15:00+05:30,Kalutara_Western,26.8,98.10816886360499,416.0,0.32,56.97369399262529
2026-10-01T08:30:00+05:30,Kalutara_Western,27.1,98.927665766892,472.0,0.45,53.28924083691126
2026-10-01T08:45:00+05:30,Kalutara_Western,27.4,99.84714227438246,527.0,0.62,49.613611614145036
2026-10-01T09:00:00+05:30,Kalutara_Western,27.7,100.89117867621155,580.0,0.86,45.948960101289536
2026-10-01T09:15:00+05:30,Kalutara_Western,27.9,102.09249403700647,630.0,1.1,42.29817503433628
2026-10-01T09:30:00+05:30,Kalutara_Western,28.2,103.49560025284615,675.0,1.35,38.665218106725504
2026-10-01T09:45:00+05:30,Kalutara_Western,28.4,105.16253568940658,716.0,1.6,35.05566534245196
2026-10-01T10:00:00+05:30,Kalutara_Western,28.7,107.18213513978367,754.0,1.91,31.477601627050284
2026-10-01T10:15:00+05:30,Kalutara_Western,29.0,109.68549127588625,789.0,2.21,27.943157222113257
2026-10-01T10:30:00+05:30,Kalutara_Western,29.2,112.87252025708779,819.0,2.47,24.471270422049315
2026-10-01T10:45:00+05:30,Kalutara_Western,29.4,117.0586051162922,845.0,2.72,21.092885737848107
2026-10-01T11:00:00+05:30,Kalutara_Western,29.6,122.75600021109034,870.0,2.93,17.86116887562467
2026-10-01T11:15:00+05:30,Kalutara_Western,29.8,130.8024569744096,898.0,3.14,14.872071402277868
2026-10-01T11:30:00+05:30,Kalutara_Western,29.9,142.47477008185217,931.0,3.3,12.303737693129122
2026-10-01T11:45:00+05:30,Kalutara_Western,30.0,159.12504195684505,961.0,3.4,10.47053850015861
2026-10-01T12:00:00+05:30,Kalutara_Western,30.0,180.18973955528173,983.0,3.51,9.794357168784614
2026-10-01T12:15:00+05:30,Kalutara_Western,30.0,201.19043002117576,988.0,3.52,10.501134371222165
2026-10-01T12:30:00+05:30,Kalutara_Western,30.0,217.71943732009828,979.0,3.58,12.355778262112523
2026-10-01T12:45:00+05:30,Kalutara_Western,30.0,229.29149175450658,959.0,3.59,14.936648271004145
2026-10-01T13:00:00+05:30,Kalutara_Western,30.0,237.27100370170248,933.0,3.65,17.93287407555077
2026-10-01T13:15:00+05:30,Kalutara_Western,29.9,242.92517404667197,903.0,3.61,21.168801224532146
2026-10-01T13:30:00+05:30,Kalutara_Western,29.8,247.0826267678081,871.0,3.63,24.549809549645587
2026-10-01T13:45:00+05:30,Kalutara_Western,29.8,250.24984568961082,832.0,3.59,28.023417610798376
2026-10-01T14:00:00+05:30,Kalutara_Western,29.7,252.7388212316498,786.0,3.54,31.55904417295669
2026-10-01T14:15:00+05:30,Kalutara_Western,29.6,254.74746422780987,729.0,3.51,35.137952568511956
2026-10-01T14:30:00+05:30,Kalutara_Western,29.5,256.4056480557796,658.0,3.46,38.74812975906004
2026-10-01T14:45:00+05:30,Kalutara_Western,29.4,257.8014400605704,585.0,3.42,42.38156331634382
2026-10-01T15:00:00+05:30,Kalutara_Western,29.3,258.9963768888477,519.0,3.32,46.032723145760144
2026-10-01T15:15:00+05:30,Kalutara_Western,29.1,260.03462986940536,467.0,3.26,49.69767755381833
2026-10-01T15:30:00+05:30,Kalutara_Western,29.0,260.94867812616235,425.0,3.16,53.37355931527097
2026-10-01T15:45:00+05:30,Kalutara_Western,28.9,261.7629255659952,387.0,3.07,57.05822970479328
2026-10-01T16:00:00+05:30,Kalutara_Western,28.8,262.4960719706197,348.0,2.96,60.750060908266846
2026-10-01T16:15:00+05:30,Kalutara_Western,28.6,263.1627077129518,306.0,2.86,64.44779256939972
2026-10-01T16:30:00+05:30,Kalutara_Western,28.5,263.774411335993,264.0,2.75,68.15043276930794
2026-10-01T16:45:00+05:30,Kalutara_Western,28.3,264.3405218907131,222.0,2.64,71.85718879683763
2026-10-01T17:00:00+05:30,Kalutara_Western,28.2,264.8686940340348,178.0,2.5,75.56741920211417
2026-10-01T17:15:00+05:30,Kalutara_Western,28.1,265.36530486471116,131.0,2.39,79.28059779382241
2026-10-01T17:30:00+05:30,Kalutara_Western,27.9,265.8357585991406,84.0,2.23,82.99628690327287
2026-10-01T17:45:00+05:30,Kalutara_Western,27.8,266.2847202111085,44.0,2.07,86.71411865872444
2026-10-01T18:00:00+05:30,Kalutara_Western,27.7,266.7162991195627,11.0,1.98,90.43377938311657
2026-10-01T18:15:00+05:30,Kalutara_Western,27.6,267.13419853788184,0.0,1.82,94.15499729953073
2026-10-01T18:30:00+05:30,Kalutara_Western,27.5,267.541842149129,0.0,1.66,97.87753409961947
2026-10-01T18:45:00+05:30,Kalutara_Western,27.4,267.9424869188429,0.0,1.5,101.60117668696275
2026-10-01T19:00:00+05:30,Kalutara_Western,27.3,268.33933016194845,0.0,1.35,105.3257300527437
2026-10-01T19:15:00+05:30,Kalutara_Western,27.2,268.7356186872013,0.0,1.23,109.0510123391745
2026-10-01T19:30:00+05:30,Kalutara_Western,27.1,269.134768083122,0.0,1.08,112.77684868728437
2026-10-01T19:45:00+05:30,Kalutara_Western,27.0,269.54050257969357,0.0,0.92,116.50306496052073
2026-10-01T20:00:00+05:30,Kalutara_Western,26.9,269.95702945171945,0.0,0.81,120.22948235414715
2026-10-01T20:15:00+05:30,Kalutara_Western,26.8,270.3892675401275,0.0,0.67,123.95590927209636
2026-10-01T20:30:00+05:30,Kalutara_Western,26.7,270.8431602410388,0.0,0.56,127.6821310690967
2026-10-01T20:45:00+05:30,Kalutara_Western,26.6,271.3261209874099,0.0,0.45,131.4078977799598
2026-10-01T21:00:00+05:30,Kalutara_Western,26.5,271.8476896496072,0.0,0.36,135.13290460279524
2026-10-01T21:15:00+05:30,Kalutara_Western,26.4,272.42053484111466,0.0,0.29,138.856762834328
2026-10-01T21:30:00+05:30,Kalutara_Western,26.2,273.06204310208136,0.0,0.21,142.5789559938294
2026-10-01T21:45:00+05:30,Kalutara_Western,26.1,273.796945182059,0.0,0.16,146.29876545222749
2026-10-01T22:00:00+05:30,Kalutara_Western,26.0,274.66187082563414,0.0,0.1,150.01514194576185
2026-10-01T22:15:00+05:30,Kalutara_Western,25.8,275.71371422067494,0.0,0.14,153.72647121129563
2026-10-01T22:30:00+05:30,Kalutara_Western,25.7,277.0461104454779,0.0,0.18,157.43010834775822
2026-10-01T22:45:00+05:30,Kalutara_Western,25.6,278.82486860723475,0.0,0.22,161.12137112630154
2026-10-01T23:00:00+05:30,Kalutara_Western,25.5,281.37336097544517,0.0,0.27,164.791091997685
2026-10-01T23:15:00+05:30,Kalutara_Western,25.4,285.4122651333355,0.0,0.32,168.4186158471703
2026-10-01T23:30:00+05:30,Kalutara_Western,25.3,292.8908253411031,0.0,0.36,171.94654863352798
2026-10-01T23:45:00+05:30,Kalutara_Western,25.2,310.7356194050484,0.0,0.36,175.15216406636802
2026-10-02T00:00:00+05:30,Kalutara_Western,25.2,1.311838284909868,0.0,0.43,176.82830868104497
2026-10-02T00:15:00+05:30,Kalutara_Western,25.1,50.43921650179385,0.0,0.43,175.04698232350734
2026-10-02T00:30:00+05:30,Kalutara_Western,25.0,67.62062153363502,0.0,0.45,171.81960529649191
2026-10-02T00:45:00+05:30,Kalutara_Western,25.0,74.90388954329848,0.0,0.47,168.28602479215513
2026-10-02T01:00:00+05:30,Kalutara_Western,24.9,78.86608860331,0.0,0.47,164.65644469909847
2026-10-02T01:15:00+05:30,Kalutara_Western,24.8,81.37785080734545,0.0,0.5,160.98585895488867
2026-10-02T01:30:00+05:30,Kalutara_Western,24.8,83.13675404300488,0.0,0.5,157.29424956494313
2026-10-02T01:45:00+05:30,Kalutara_Western,24.7,84.45763628548696,0.0,0.5,153.59054140120986
2026-10-02T02:00:00+05:30,Kalutara_Western,24.7,85.50260084933404,0.0,0.53,149.8793124514149
2026-10-02T02:15:00+05:30,Kalutara_Western,24.7,86.36347488727404,0.0,0.53,146.16315816329444
2026-10-02T02:30:00+05:30,Kalutara_Western,24.6,87.09619152637521,0.0,0.53,142.44366804098058
2026-10-02T02:45:00+05:30,Kalutara_Western,24.6,87.73683630869283,0.0,0.5,138.7218775893555
2026-10-02T03:00:00+05:30,Kalutara_Western,24.5,88.30981732103646,0.0,0.51,134.99849869707415
2026-10-02T03:15:00+05:30,Kalutara_Western,24.5,88.83232429539203,0.0,0.49,131.27404546946383
2026-10-02T03:30:00+05:30,Kalutara_Western,24.4,89.31690497974336,0.0,0.52,127.54890573348837
2026-10-02T03:45:00+05:30,Kalutara_Western,24.4,89.77302648504428,0.0,0.55,123.82338569577034
2026-10-02T04:00:00+05:30,Kalutara_Western,24.4,90.20806179671496,0.0,0.55,120.09773862541215
2026-10-02T04:15:00+05:30,Kalutara_Western,24.3,90.62793705157208,0.0,0.61,116.37218268712331
2026-10-02T04:30:00+05:30,Kalutara_Western,24.3,91.03757133089869,0.0,0.63,112.64691464759859
2026-10-02T04:45:00+05:30,Kalutara_Western,24.3,91.44118646761558,0.0,0.65,108.92212015322342
2026-10-02T05:00:00+05:30,Kalutara_Western,24.3,91.8425340429593,0.0,0.72,105.19798044005556
2026-10-02T05:15:00+05:30,Kalutara_Western,24.4,92.24506899333028,0.0,0.74,101.47467936813644
2026-10-02T05:30:00+05:30,Kalutara_Western,24.5,92.65208964356304,0.0,0.74,97.7524099018792
2026-10-02T05:45:00+05:30,Kalutara_Western,24.6,93.06685801685728,0.0,0.74,94.03137903585188
2026-10-02T06:00:00+05:30,Kalutara_Western,24.8,93.49271034681891,0.0,0.76,90.31181458133403
2026-10-02T06:15:00+05:30,Kalutara_Western,25.0,93.93316637525606,13.0,0.74,86.59397274029386
2026-10-02T06:30:00+05:30,Kalutara_Western,25.2,94.39204539981273,49.0,0.78,82.8781454462828
2026-10-02T06:45:00+05:30,Kalutara_Western,25.5,94.87359685209447,96.0,0.81,79.16467103582299
2026-10-02T07:00:00+05:30,Kalutara_Western,25.7,95.3826549923449,152.0,0.85,75.45394751055198
2026-10-02T07:15:00+05:30,Kalutara_Western,26.0,95.92482984745396,208.0,0.85,71.7464479120857
2026-10-02T07:30:00+05:30,Kalutara_Western,26.3,96.50674997105006,262.0,0.86,68.04274221967523
2026-10-02T07:45:00+05:30,Kalutara_Western,26.5,97.13637947911224,314.0,0.84,64.34352632823766
2026-10-02T08:00:00+05:30,Kalutara_Western,26.7,97.82344175596018,365.0,0.81,60.64965961518027
2026-10-02T08:15:00+05:30,Kalutara_Western,26.9,98.57999687112897,419.0,0.81,56.96221858114713
2026-10-02T08:30:00+05:30,Kalutara_Western,27.1,99.42124479142393,476.0,0.71,53.28257196673123
2026-10-02T08:45:00+05:30,Kalutara_Western,27.2,100.36666614817057,533.0,0.61,49.612486691485714
2026-10-02T09:00:00+05:30,Kalutara_Western,27.3,101.44167667362325,586.0,0.56,45.954285006620125
2026-10-02T09:15:00+05:30,Kalutara_Western,27.3,102.68008285466902,631.0,0.63,42.311080210271356
2026-10-02T09:30:00+05:30,Kalutara_Western,27.4,104.12781888509159,666.0,0.82,38.68713867947313
2026-10-02T09:45:00+05:30,Kalutara_Western,27.4,105.84878589941974,694.0,1.1,35.088458062052176
2026-10-02T10:00:00+05:30,Kalutara_Western,27.4,107.93423881782098,715.0,1.46,31.52371921653581
2026-10-02T10:15:00+05:30,Kalutara_Western,27.5,110.51831739331527,734.0,1.77,28.005913308049024
2026-10-02T10:30:00+05:30,Kalutara_Western,27.5,113.80441904283919,747.0,2.11,24.555246457003634
2026-10-02T10:45:00+05:30,Kalutara_Western,27.5,118.11066430444959,755.0,2.41,21.204548028357422
2026-10-02T11:00:00+05:30,Kalutara_Western,27.5,123.94679854268696,755.0,2.66,18.009727543127624
2026-10-02T11:15:00+05:30,Kalutara_Western,27.5,132.12795521316906,748.0,2.85,15.07027391717233
2026-10-02T11:30:00+05:30,Kalutara_Western,27.5,143.84752739974215,731.0,3.0,12.56670362462691
2026-10-02T11:45:00+05:30,Kalutara_Western,27.6,160.2580600830861,707.0,3.11,10.806355746276779
2026-10-02T12:00:00+05:30,Kalutara_Western,27.6,180.63662214159416,682.0,3.13,10.182299872377783
2026-10-02T12:15:00+05:30,Kalutara_Western,27.6,200.8494556818742,660.0,3.08,10.89163960742546
2026-10-02T12:30:00+05:30,Kalutara_Western,27.7,216.93724607060412,641.0,3.05,12.713101855844982
2026-10-02T12:45:00+05:30,Kalutara_Western,27.7,228.3811951656886,622.0,2.98,15.253340375250616
2026-10-02T13:00:00+05:30,Kalutara_Western,27.7,236.37411160119765,600.0,2.89,18.21405126333083
2026-10-02T13:15:00+05:30,Kalutara_Western,27.8,242.087382551642,576.0,2.77,21.421581644870344
2026-10-02T13:30:00+05:30,Kalutara_Western,27.8,246.3122297482819,551.0,2.64,24.780256352286287
2026-10-02T13:45:00+05:30,Kalutara_Western,27.8,249.54258025255237,524.0,2.51,28.236173994504433
2026-10-02T14:00:00+05:30,Kalutara_Western,27.8,252.08702450959038,495.0,2.38,31.757586075104214
2026-10-02T14:15:00+05:30,Kalutara_Western,27.7,254.14324697970807,463.0,2.25,35.32489259666496
2026-10-02T14:30:00+05:30,Kalutara_Western,27.7,255.84188709780818,429.0,2.05,38.92545772346913
2026-10-02T14:45:00+05:30,Kalutara_Western,27.6,257.27199034842073,393.0,1.86,42.55081911243976
2026-10-02T15:00:00+05:30,Kalutara_Western,27.4,258.49601797100905,359.0,1.64,46.1951180398306
2026-10-02T15:15:00+05:30,Kalutara_Western,27.3,259.55893615307565,326.0,1.35,49.85417931813339
2026-10-02T15:30:00+05:30,Kalutara_Western,27.1,260.49388104942966,295.0,1.1,53.52495260089053
2026-10-02T15:45:00+05:30,Kalutara_Western,26.9,261.3257899360392,265.0,0.81,57.20515946365642
2026-10-02T16:00:00+05:30,Kalutara_Western,26.7,262.0737915865536,234.0,0.56,60.89306411482967
2026-10-02T16:15:00+05:30,Kalutara_Western,26.5,262.7528192895908,203.0,0.35,64.58732176098637
2026-10-02T16:30:00+05:30,Kalutara_Western,26.3,263.37472389424715,173.0,0.36,68.28687379371141
2026-10-02T16:45:00+05:30,Kalutara_Western,26.1,263.9490585467686,142.0,0.56,71.99087440335418
2026-10-02T17:00:00+05:30,Kalutara_Western,26.0,264.4836434148311,111.0,0.75,75.69863961419033
2026-10-02T17:15:00+05:30,Kalutara_Western,25.8,264.9849797856168,79.0,0.91,79.4096090701141
2026-10-02T17:30:00+05:30,Kalutara_Western,25.7,265.4585600317635,49.0,1.07,83.12331766984276
2026-10-02T17:45:00+05:30,Kalutara_Western,25.6,265.9091048722828,24.0,1.18,86.83937563337095
2026-10-02T18:00:00+05:30,Kalutara_Western,25.5,266.34074922109755,5.0,1.23,90.55745201883808
2026-10-02T18:15:00+05:30,Kalutara_Western,25.4,266.7571923562307,0.0,1.27,94.27726179435008
2026-10-02T18:30:00+05:30,Kalutara_Western,25.3,267.16182409605267,0.0,1.27,97.998556975211
2026-10-02T18:45:00+05:30,Kalutara_Western,25.2,267.55783571638335,0.0,1.27,101.72111811126011
2026-10-02T19:00:00+05:30,Kalutara_Western,25.1,267.9483235310022,0.0,1.22,105.4447470650107
2026-10-02T19:15:00+05:30,Kalutara_Western,25.1,268.3363926111913,0.0,1.21,109.1692621437788
2026-10-02T19:30:00+05:30,Kalutara_Western,25.0,268.72526816141453,0.0,1.15,112.89449219493669
2026-10-02T19:45:00+05:30,Kalutara_Western,25.0,269.11842413878577,0.0,1.1,116.62027078942133
2026-10-02T20:00:00+05:30,Kalutara_Western,24.9,269.5197417851578,0.0,1.1,120.34643158197785
2026-10-02T20:15:00+05:30,Kalutara_Western,24.9,269.9337156656366,0.0,1.05,124.07280132042845
2026-10-02T20:30:00+05:30,Kalutara_Western,24.8,270.36573445560896,0.0,1.05,127.79919128293986
2026-10-02T20:45:00+05:30,Kalutara_Western,24.8,270.82247953006765,0.0,1.05,131.52538754213003
2026-10-02T21:00:00+05:30,Kalutara_Western,24.7,271.3125116682926,0.0,1.05,135.2511352871195
2026-10-02T21:15:00+05:30,Kalutara_Western,24.7,271.8471671302418,0.0,1.1,138.9761157114768
2026-10-02T21:30:00+05:30,Kalutara_Western,24.6,272.4419800472784,0.0,1.11,142.69991161490424
2026-10-02T21:45:00+05:30,Kalutara_Western,24.6,273.1190376699111,0.0,1.12,146.42194870540243
2026-10-02T22:00:00+05:30,Kalutara_Western,24.5,273.91107663439794,0.0,1.18,150.1413941755381
2026-10-02T22:15:00+05:30,Kalutara_Western,24.5,274.8690355583619,0.0,1.18,153.85697165003393
2026-10-02T22:30:00+05:30,Kalutara_Western,24.4,276.0770108245313,0.0,1.19,157.5665915013089
2026-10-02T22:45:00+05:30,Kalutara_Western,24.4,277.68466949044273,0.0,1.19,161.26654679213635
2026-10-02T23:00:00+05:30,Kalutara_Western,24.4,279.98629005448095,0.0,1.2,164.94953979166422
2026-10-02T23:15:00+05:30,Kalutara_Western,24.3,283.6471401285478,0.0,1.2,168.5989461890903
2026-10-02T23:30:00+05:30,Kalutara_Western,24.3,290.5196130104048,0.0,1.2,172.16748973363593
2026-10-02T23:45:00+05:30,Kalutara_Western,24.2,307.7074633379024,0.0,1.2,175.46008618351112
2026-10-03T00:00:00+05:30,Kalutara_Western,24.2,3.1291834824413627,0.0,1.2,177.21203483436676
2026-10-03T00:15:00+05:30,Kalutara_Western,24.1,54.620108675849224,0.0,1.14,175.2215098219997
2026-10-03T00:30:00+05:30,Kalutara_Western,24.1,70.36649904883325,0.0,1.14,171.88868320347842
2026-10-03T00:45:00+05:30,Kalutara_Western,24.0,76.84839148539561,0.0,1.14,168.31029336285968
2026-10-03T01:00:00+05:30,Kalutara_Western,24.0,80.35932716720015,0.0,1.13,164.65730406907807
2026-10-03T01:15:00+05:30,Kalutara_Western,24.0,82.58947301218552,0.0,1.08,160.97273873371512
2026-10-03T01:30:00+05:30,Kalutara_Western,23.9,84.15820899495947,0.0,1.07,157.27206130709192
2026-10-03T01:45:00+05:30,Kalutara_Western,23.9,85.34314300206881,0.0,1.06,153.5621555663375
2026-10-03T02:00:00+05:30,Kalutara_Western,23.9,86.28676464521163,0.0,1.01,149.84655179185353
2026-10-03T02:15:00+05:30,Kalutara_Western,23.8,87.06968342499266,0.0,1.0,146.1272553939738
2026-10-03T02:30:00+05:30,Kalutara_Western,23.8,87.74098613274663,0.0,1.0,142.40549970082736
2026-10-03T02:45:00+05:30,Kalutara_Western,23.7,88.3323578288717,0.0,1.0,138.68209347537936
2026-10-03T03:00:00+05:30,Kalutara_Western,23.6,88.86525756859305,0.0,1.0,134.9575982029186
2026-10-03T03:15:00+05:30,Kalutara_Western,23.5,89.35483037613284,0.0,1.0,131.23242502336694
2026-10-03T03:30:00+05:30,Kalutara_Western,23.5,89.81216631099454,0.0,1.0,127.50688961396494
2026-10-03T03:45:00+05:30,Kalutara_Western,23.4,90.24566951577015,0.0,1.0,123.78124684189093
2026-10-03T04:00:00+05:30,Kalutara_Western,23.3,90.6619237553038,0.0,1.05,120.05571320284372
2026-10-03T04:15:00+05:30,Kalutara_Western,23.3,91.06626115452696,0.0,1.05,116.33048064085627
2026-10-03T04:30:00+05:30,Kalutara_Western,23.2,91.46314965285075,0.0,1.05,112.60572761964582
2026-10-03T04:45:00+05:30,Kalutara_Western,23.2,91.85646716962037,0.0,1.05,108.8816276519598
2026-10-03T05:00:00+05:30,Kalutara_Western,23.2,92.24970393016912,0.0,1.05,105.1583548466686
2026-10-03T05:15:00+05:30,Kalutara_Western,23.3,92.64611883473009,0.0,1.0,101.43609019232048
2026-10-03T05:30:00+05:30,Kalutara_Western,23.4,93.04886743285437,0.0,1.0,97.71502758858756
2026-10-03T05:45:00+05:30,Kalutara_Western,23.6,93.46111391222217,0.0,1.0,93.99537855304006
2026-10-03T06:00:00+05:30,Kalutara_Western,23.9,93.8861361043156,0.0,0.95,90.27737898793357
2026-10-03T06:15:00+05:30,Kalutara_Western,24.2,94.3274315026743,13.0,0.95,86.561296916465
2026-10-03T06:30:00+05:30,Kalutara_Western,24.5,94.7888319180197,49.0,0.9,82.8474401697245
2026-10-03T06:45:00+05:30,Kalutara_Western,24.9,95.27463439327107,98.0,0.85,79.1361676164885
2026-10-03T07:00:00+05:30,Kalutara_Western,25.3,95.78975796433292,156.0,0.8,75.42790322100304
2026-10-03T07:15:00+05:30,Kalutara_Western,25.7,96.33993854633161,215.0,0.75,71.72315252843352
2026-10-03T07:30:00+05:30,Kalutara_Western,26.1,96.93197783768,272.0,0.7,68.02252607986173
2026-10-03T07:45:00+05:30,Kalutara_Western,26.5,97.5740692125139,327.0,0.6,64.32677045068472
2026-10-03T08:00:00+05:30,Kalutara_Western,26.9,98.27623377572536,381.0,0.55,60.63680863873626
2026-10-03T08:15:00+05:30,Kalutara_Western,27.2,99.05091472991,438.0,0.45,56.95379759426486
2026-10-03T08:30:00+05:30,Kalutara_Western,27.5,99.91380371138047,496.0,0.3,53.279208765413195
2026-10-03T08:45:00+05:30,Kalutara_Western,27.8,100.88501301823106,554.0,0.16,49.614941730775975
2026-10-03T09:00:00+05:30,Kalutara_Western,28.0,101.99077264584628,610.0,0.11,45.963492424208575
2026-10-03T09:15:00+05:30,Kalutara_Western,28.3,103.2659429807415,660.0,0.34,42.328205073548254
2026-10-03T09:30:00+05:30,Kalutara_Western,28.5,104.75782595982378,706.0,0.54,38.71365846183141
2026-10-03T09:45:00+05:30,Kalutara_Western,28.7,106.53209391882314,746.0,0.79,35.126280929098144
2026-10-03T10:00:00+05:30,Kalutara_Western,28.9,108.68226295331897,783.0,1.04,31.57535909321495
2026-10-03T10:15:00+05:30,Kalutara_Western,29.0,111.3452342086909,817.0,1.3,28.07475306773319
2026-10-03T10:30:00+05:30,Kalutara_Western,29.2,114.72735631002934,852.0,1.55,24.645935552192483
2026-10-03T10:45:00+05:30,Kalutara_Western,29.3,119.14848652124215,881.0,1.81,21.32358874125265
2026-10-03T11:00:00+05:30,Kalutara_Western,29.5,125.114027478879,899.0,2.01,18.166244837947943
2026-10-03T11:15:00+05:30,Kalutara_Western,29.6,133.41375535353978,898.0,2.22,15.276577531746469
2026-10-03T11:30:00+05:30,Kalutara_Western,29.7,145.15733279777857,876.0,2.33,12.836667572805553
2026-10-03T11:45:00+05:30,Kalutara_Western,29.8,161.3151655341269,842.0,2.34,11.145914473365707
2026-10-03T12:00:00+05:30,Kalutara_Western,29.9,181.0432928234839,809.0,2.29,10.570152086741984
2026-10-03T12:15:00+05:30,Kalutara_Western,30.0,200.5260977757408,789.0,2.26,11.281408116703162
2026-10-03T12:30:00+05:30,Kalutara_Western,30.0,216.19378328302847,777.0,2.17,13.071244605998828
2026-10-03T12:45:00+05:30,Kalutara_Western,29.9,227.50536916670683,768.0,2.12,15.572078628490118
2026-10-03T13:00:00+05:30,Kalutara_Western,29.9,235.50281894608815,757.0,2.02,18.49773817001514
2026-10-03T13:15:00+05:30,Kalutara_Western,29.7,241.26797606465342,739.0,1.98,21.67687481429003
2026-10-03T13:30:00+05:30,Kalutara_Western,29.6,245.55517798143052,718.0,1.88,25.013009565557184
2026-10-03T13:45:00+05:30,Kalutara_Western,29.5,248.84522998062315,694.0,1.79,28.45095140814901
2026-10-03T14:00:00+05:30,Kalutara_Western,29.4,251.44278305582182,666.0,1.68,31.957844185991178
2026-10-03T14:15:00+05:30,Kalutara_Western,29.2,253.5449247831989,637.0,1.54,35.51325003251828
2026-10-03T14:30:00+05:30,Kalutara_Western,29.1,255.28282359278876,605.0,1.43,39.10392011885113
2026-10-03T14:45:00+05:30,Kalutara_Western,28.9,256.7463526844487,570.0,1.32,42.72094495281311
2026-10-03T15:00:00+05:30,Kalutara_Western,28.7,257.99880122099114,534.0,1.19,46.358136875358426
2026-10-03T15:15:00+05:30,Kalutara_Western,28.5,259.08586685364213,495.0,1.07,50.01107563970703
2026-10-03T15:30:00+05:30,Kalutara_Western,28.3,260.0413002485425,455.0,0.92,53.67652578858687
2026-10-03T15:45:00+05:30,Kalutara_Western,28.1,260.89054287895823,413.0,0.76,57.35206715855925
2026-10-03T16:00:00+05:30,Kalutara_Western,28.0,261.65313204924576,368.0,0.68,61.03585404396918
2026-10-03T16:15:00+05:30,Kalutara_Western,27.8,262.3443293023027,322.0,0.53,64.72645543471447
2026-10-03T16:30:00+05:30,Kalutara_Western,27.6,262.97624706574095,276.0,0.46,68.422744416474
2026-10-03T16:45:00+05:30,Kalutara_Western,27.5,263.55864456477786,228.0,0.4,72.12382061015742
2026-10-03T17:00:00+05:30,Kalutara_Western,27.3,264.0995013550638,179.0,0.32,75.8289561688428
2026-10-03T17:15:00+05:30,Kalutara_Western,27.2,264.6054381215115,129.0,0.25,79.53755532055409
2026-10-03T17:30:00+05:30,Kalutara_Western,27.1,265.0820315399457,80.0,0.25,83.24912434686065
2026-10-03T17:45:00+05:30,Kalutara_Western,26.9,265.5340548733425,39.0,0.27,86.96325041594942
2026-10-03T18:00:00+05:30,Kalutara_Western,26.8,265.96566576433634,8.0,0.28,90.67958418833454
2026-10-03T18:15:00+05:30,Kalutara_Western,26.7,266.3805570514174,0.0,0.32,94.39782622665561
2026-10-03T18:30:00+05:30,Kalutara_Western,26.6,266.78208229676125,0.0,0.34,98.1177176681788
2026-10-03T18:45:00+05:30,Kalutara_Western,26.5,267.17336466644974,0.0,0.36,101.83903142220151
2026-10-03T19:00:00+05:30,Kalutara_Western,26.3,267.5573968760615,0.0,0.41,105.56156481066878
2026-10-03T19:15:00+05:30,Kalutara_Western,26.2,267.9371393117751,0.0,0.45,109.28513471338765
2026-10-03T19:30:00+05:30,Kalutara_Western,26.1,268.3156232765673,0.0,0.5,113.00957184737516
2026-10-03T19:45:00+05:30,Kalutara_Western,25.9,268.69606807109415,0.0,0.55,116.73471533258433
2026-10-03T20:00:00+05:30,Kalutara_Western,25.8,269.0820232305283,0.0,0.61,120.4604086846204
2026-10-03T20:15:00+05:30,Kalutara_Western,25.7,269.47755145300596,0.0,0.66,124.18649381005795
2026-10-03T20:30:00+05:30,Kalutara_Western,25.6,269.88747621907464,0.0,0.72,127.91280392526326
2026-10-03T20:45:00+05:30,Kalutara_Western,25.5,270.3177319535737,0.0,0.78,131.63915605642543
2026-10-03T21:00:00+05:30,Kalutara_Western,25.3,270.7758785041427,0.0,0.84,135.36533876247177
2026-10-03T21:15:00+05:30,Kalutara_Western,25.2,271.2718866516543,0.0,0.84,139.09109430770408
2026-10-03T21:30:00+05:30,Kalutara_Western,25.1,271.8193859450349,0.0,0.9,142.81609272528004
2026-10-03T21:45:00+05:30,Kalutara_Western,25.0,272.4377342816969,0.0,0.95,146.53988715729454
2026-10-03T22:00:00+05:30,Kalutara_Western,24.9,273.1556263560795,0.0,1.01,150.26183679455994
2026-10-03T22:15:00+05:30,Kalutara_Western,24.8,274.0177702727533,0.0,1.01,153.98096649273248
2026-10-03T22:30:00+05:30,Kalutara_Western,24.7,275.09817379116583,0.0,1.06,157.69568474783796
2026-10-03T22:45:00+05:30,Kalutara_Western,24.6,276.5291435089525,0.0,1.06,161.4031670150659
2026-10-03T23:00:00+05:30,Kalutara_Western,24.5,278.5727714879905,0.0,1.12,165.09782935769454
2026-10-03T23:15:00+05:30,Kalutara_Western,24.5,281.829453514264,0.0,1.12,168.76682580622156
2026-10-03T23:30:00+05:30,Kalutara_Western,24.4,288.01737799451155,0.0,1.12,172.37282079505525
2026-10-03T23:45:00+05:30,Kalutara_Western,24.3,304.24712722931747,0.0,1.12,175.75197700099977
2026-10-04T00:00:00+05:30,Kalutara_Western,24.2,5.48625275358944,0.0,1.12,177.59153751449298
2026-10-04T00:15:00+05:30,Kalutara_Western,24.2,59.07480655159611,0.0,1.15,175.36979705761954
2026-10-04T00:30:00+05:30,Kalutara_Western,24.1,73.14503556461125,0.0,1.15,171.94029385382032
2026-10-04T00:45:00+05:30,Kalutara_Western,24.0,78.79386968408267,0.0,1.15,168.32272292895584
2026-10-04T01:00:00+05:30,Kalutara_Western,23.9,81.84831799523067,0.0,1.19,164.64958106760497
2026-10-04T01:15:00+05:30,Kalutara_Western,23.8,83.79630279366631,0.0,1.19,160.95310484039325
2026-10-04T01:30:00+05:30,Kalutara_Western,23.7,85.17528249658477,0.0,1.18,157.2447837966127
2026-10-04T01:45:00+05:30,Kalutara_Western,23.7,86.22482644670345,0.0,1.17,153.5297232704825
2026-10-04T02:00:00+05:30,Kalutara_Western,23.6,87.06762066422937,0.0,1.17,149.81054484733494
2026-10-04T02:15:00+05:30,Kalutara_Western,23.5,87.77302033309189,0.0,1.11,146.08874354279664
2026-10-04T02:30:00+05:30,Kalutara_Western,23.5,88.38326893602175,0.0,1.1,142.36524518044948
2026-10-04T02:45:00+05:30,Kalutara_Western,23.4,88.92566296113148,0.0,1.1,138.6406631245809
2026-10-04T03:00:00+05:30,Kalutara_Western,23.4,89.4187246323163,0.0,1.1,134.91542954089184
2026-10-04T03:15:00+05:30,Kalutara_Western,23.3,89.87556461716753,0.0,1.05,131.18986731363447
2026-10-04T03:30:00+05:30,Kalutara_Western,23.3,90.30582355216268,0.0,1.05,127.46423055948968
2026-10-04T03:45:00+05:30,Kalutara_Western,23.3,90.71684906788812,0.0,1.01,123.73873064454503
2026-10-04T04:00:00+05:30,Kalutara_Western,23.3,91.1144407166438,0.0,1.02,120.01355324017888
2026-10-04T04:15:00+05:30,Kalutara_Western,23.3,91.50334049212358,0.0,0.97,116.28886869125564
2026-10-04T04:30:00+05:30,Kalutara_Western,23.3,91.88756820015738,0.0,0.93,112.5648408328571
2026-10-04T04:45:00+05:30,Kalutara_Western,23.4,92.27066017699576,0.0,0.9,108.84163402556365
2026-10-04T05:00:00+05:30,Kalutara_Western,23.4,92.65584708767011,0.0,0.87,105.11941773202014
2026-10-04T05:15:00+05:30,Kalutara_Western,23.5,93.04619316108881,0.0,0.83,101.39837218230866
2026-10-04T05:30:00+05:30,Kalutara_Western,23.6,93.44471217859996,0.0,0.76,97.67869405611019
2026-10-04T05:45:00+05:30,Kalutara_Western,23.8,93.85447118906222,0.0,0.71,93.96060105125848
2026-10-04T06:00:00+05:30,Kalutara_Western,23.9,94.27869003397666,0.0,0.67,90.24433869374482
2026-10-04T06:15:00+05:30,Kalutara_Western,24.1,94.72084409187875,14.0,0.61,86.53018828948177
2026-10-04T06:30:00+05:30,Kalutara_Western,24.3,95.18477752455999,53.0,0.59,82.81847501012024
2026-10-04T06:45:00+05:30,Kalutara_Western,24.6,95.67483448943392,105.0,0.6,79.10957971817561
2026-10-04T07:00:00+05:30,Kalutara_Western,24.8,96.1960178925774,166.0,0.61,75.40395387558299
2026-10-04T07:15:00+05:30,Kalutara_Western,25.1,96.75418810648,228.0,0.7,71.70213718735485
2026-10-04T07:30:00+05:30,Kalutara_Western,25.4,97.35631783654264,288.0,0.81,68.00478258833213
2026-10-04T07:45:00+05:30,Kalutara_Western,25.7,98.01082659052264,344.0,0.96,64.31268941013371
2026-10-04T08:00:00+05:30,Kalutara_Western,26.0,98.72802865036579,398.0,1.1,60.62684666946706
2026-10-04T08:15:00+05:30,Kalutara_Western,26.3,99.52074371149342,452.0,1.27,56.94849458645537
2026-10-04T08:30:00+05:30,Kalutara_Western,26.6,100.40514526278889,504.0,1.46,53.279210676094785
2026-10-04T08:45:00+05:30,Kalutara_Western,26.9,101.40196251496087,551.0,1.61,49.62103121607618
2026-10-04T09:00:00+05:30,Kalutara_Western,27.3,102.53821709400728,596.0,1.78,45.976630706419456
2026-10-04T09:15:00+05:30,Kalutara_Western,27.6,103.8497877268527,639.0,1.93,42.34959019404383
2026-10-04T09:30:00+05:30,Kalutara_Western,27.9,105.38528669217857,678.0,2.06,38.7448078427891
2026-10-04T09:45:00+05:30,Kalutara_Western,28.2,107.21206204979893,713.0,2.21,35.1691505673989
2026-10-04T10:00:00+05:30,Kalutara_Western,28.4,109.42572710091895,745.0,2.35,31.632518584098385
2026-10-04T10:15:00+05:30,Kalutara_Western,28.7,112.16565361171496,774.0,2.5,28.14964571718476
2026-10-04T10:30:00+05:30,Kalutara_Western,28.9,115.6406116280379,800.0,2.59,24.743264375070893
2026-10-04T10:45:00+05:30,Kalutara_Western,29.1,120.17122130576081,821.0,2.69,21.449868108851348
2026-10-04T11:00:00+05:30,Kalutara_Western,29.2,126.25683761113822,837.0,2.75,18.33047679456206
2026-10-04T11:15:00+05:30,Kalutara_Western,29.4,134.65959055698778,845.0,2.8,15.490587294333864
2026-10-04T11:30:00+05:30,Kalutara_Western,29.5,146.4061203934848,846.0,2.84,13.113085175677114
2026-10-04T11:45:00+05:30,Kalutara_Western,29.5,162.30184705467786,840.0,2.84,11.488723248546691
2026-10-04T12:00:00+05:30,Kalutara_Western,29.6,181.41356646782194,832.0,2.84,10.957723004853818
2026-10-04T12:15:00+05:30,Kalutara_Western,29.6,200.218250796839,825.0,2.82,11.670294774330884
2026-10-04T12:30:00+05:30,Kalutara_Western,29.6,215.48587630042368,817.0,2.78,13.429924166996173
2026-10-04T12:45:00+05:30,Kalutara_Western,29.6,226.66209899797383,808.0,2.71,15.892534404551313
2026-10-04T13:00:00+05:30,Kalutara_Western,29.5,234.65619829387003,796.0,2.67,18.78362844804016
2026-10-04T13:15:00+05:30,Kalutara_Western,29.5,240.46653987876402,779.0,2.55,21.934412066726026
2026-10-04T13:30:00+05:30,Kalutara_Western,29.4,244.81130325413943,759.0,2.44,25.24783442870809
2026-10-04T13:45:00+05:30,Kalutara_Western,29.3,248.1577459308652,735.0,2.33,28.66754177056439
2026-10-04T14:00:00+05:30,Kalutara_Western,29.2,250.80610731036626,709.0,2.22,32.1596307421854
2026-10-04T14:15:00+05:30,Kalutara_Western,29.1,252.95253855788727,679.0,2.06,35.702852594252576
2026-10-04T14:30:00+05:30,Kalutara_Western,29.0,254.72851450552292,646.0,1.95,39.283356611023116
2026-10-04T14:45:00+05:30,Kalutara_Western,28.9,256.2245926393142,610.0,1.84,42.891789884764464
2026-10-04T15:00:00+05:30,Kalutara_Western,28.7,257.5047968883769,572.0,1.68,46.52163619495943
2026-10-04T15:15:00+05:30,Kalutara_Western,28.6,258.6154948076314,531.0,1.57,50.168229153009975
2026-10-04T15:30:00+05:30,Kalutara_Western,28.5,259.5910100477688,488.0,1.41,53.8281465435202
2026-10-04T15:45:00+05:30,Kalutara_Western,28.3,260.45725966288734,444.0,1.25,57.49882466839694
2026-10-04T16:00:00+05:30,Kalutara_Western,28.2,261.2341693485189,396.0,1.14,61.178306149543985
2026-10-04T16:15:00+05:30,Kalutara_Western,28.1,261.9373144335715,346.0,1.01,64.8650721104966
2026-10-04T16:30:00+05:30,Kalutara_Western,27.9,262.57905831851156,296.0,0.89,68.55792581123521
2026-10-04T16:45:00+05:30,Kalutara_Western,27.8,263.169358374186,246.0,0.78,72.25591090934248
2026-10-04T17:00:00+05:30,Kalutara_Western,27.7,263.7163474819182,193.0,0.67,75.95825439380062
2026-10-04T17:15:00+05:30,Kalutara_Western,27.5,264.2267609844516,138.0,0.58,79.66432386838748
2026-10-04T17:30:00+05:30,Kalutara_Western,27.4,264.70625605561514,85.0,0.47,83.37359584603846
2026-10-04T17:45:00+05:30,Kalutara_Western,27.3,265.1596553507095,40.0,0.36,87.08563332293045
2026-10-04T18:00:00+05:30,Kalutara_Western,27.2,265.59113653085575,8.0,0.28,90.80006744677748
2026-10-04T18:15:00+05:30,Kalutara_Western,27.1,266.0043835567692,0.0,0.21,94.51658323335607
2026-10-04T18:30:00+05:30,Kalutara_Western,27.0,266.4027114239395,0.0,0.16,98.23490974936294
2026-10-04T18:45:00+05:30,Kalutara_Western,26.9,266.7891728690903,0.0,0.16,101.95481097743247
2026-10-04T19:00:00+05:30,Kalutara_Western,26.7,267.166654539206,0.0,0.18,105.67607827936885
2026-10-04T19:15:00+05:30,Kalutara_Western,26.6,267.5379693504518,0.0,0.22,109.3985255043703
2026-10-04T19:30:00+05:30,Kalutara_Western,26.5,267.90595139820084,0.0,0.32,113.12198338532015
2026-10-04T19:45:00+05:30,Kalutara_Western,26.3,268.2735612206114,0.0,0.41,116.84629439987599
2026-10-04T20:00:00+05:30,Kalutara_Western,26.2,268.64401134413106,0.0,0.51,120.5713092842228
2026-10-04T20:15:00+05:30,Kalutara_Western,26.1,269.0209255137436,0.0,0.56,124.29688185310033
2026-10-04T20:30:00+05:30,Kalutara_Western,25.9,269.4085522420313,0.0,0.66,128.02286318749447
2026-10-04T20:45:00+05:30,Kalutara_Western,25.8,269.8120651046216,0.0,0.76,131.7490960483482
2026-10-04T21:00:00+05:30,Kalutara_Western,25.7,270.2380026198589,0.0,0.81,135.47540553857706
2026-09-27T21:15:00+05:30,Moneragala_Uva,26.6,275.32737318575533,0.0,0.29,139.6829632633646
2026-09-27T21:30:00+05:30,Moneragala_Uva,26.5,276.2425721579102,0.0,0.25,143.38846151962014
2026-09-27T21:45:00+05:30,Moneragala_Uva,26.5,277.3182422698935,0.0,0.25,147.08695105701423
2026-09-27T22:00:00+05:30,Moneragala_Uva,26.5,278.6165133213252,0.0,0.21,150.7756480602623
2026-09-27T22:15:00+05:30,Moneragala_Uva,26.4,280.23442761633555,0.0,0.28,154.45019186271603
2026-09-27T22:30:00+05:30,Moneragala_Uva,26.3,282.33221246200384,0.0,0.25,158.10333913455005
2026-09-27T22:45:00+05:30,Moneragala_Uva,26.2,285.19334363136267,0.0,0.22,161.72213964657305
2026-09-27T23:00:00+05:30,Moneragala_Uva,26.0,289.36518841774165,0.0,0.25,165.28112240970677
2026-09-27T23:15:00+05:30,Moneragala_Uva,25.8,296.0275138807419,0.0,0.34,168.7233909519507
2026-09-27T23:30:00+05:30,Moneragala_Uva,25.6,308.0501516577382,0.0,0.5,171.89865886054193
2026-09-27T23:45:00+05:30,Moneragala_Uva,25.4,332.36619805147393,0.0,0.74,174.33820128570198
2026-09-28T00:00:00+05:30,Moneragala_Uva,25.3,12.667693893721662,0.0,1.06,174.85849405872554
2026-09-28T00:15:00+05:30,Moneragala_Uva,25.1,44.341850012331406,0.0,1.35,173.01652988364953
2026-09-28T00:30:00+05:30,Moneragala_Uva,24.9,60.1738287470846,0.0,1.52,170.04729407356226
2026-09-28T00:45:00+05:30,Moneragala_Uva,24.8,68.48471072248014,0.0,1.56,166.68474702009752
2026-09-28T01:00:00+05:30,Moneragala_Uva,24.7,73.45819845393902,0.0,1.54,163.16297776547435
2026-09-28T01:15:00+05:30,Moneragala_Uva,24.7,76.75832133034862,0.0,1.48,159.56421465852213
2026-09-28T01:30:00+05:30,Moneragala_Uva,24.6,79.11977489824523,0.0,1.39,155.92303822852375
2026-09-28T01:45:00+05:30,Moneragala_Uva,24.6,80.90760443607525,0.0,1.3,152.25622845526118
2026-09-28T02:00:00+05:30,Moneragala_Uva,24.5,82.32151527538457,0.0,1.16,148.5728462331844
2026-09-28T02:15:00+05:30,Moneragala_Uva,24.5,83.47937148100016,0.0,1.08,144.87819956338035
2026-09-28T02:30:00+05:30,Moneragala_Uva,24.5,84.45507341748396,0.0,0.95,141.17560388002204
2026-09-28T02:45:00+05:30,Moneragala_Uva,24.5,85.29729833841202,0.0,0.89,137.46723977603492
2026-09-28T03:00:00+05:30,Moneragala_Uva,24.5,86.0394575009447,0.0,0.78,133.75460556874037
2026-09-28T03:15:00+05:30,Moneragala_Uva,24.5,86.70530875675428,0.0,0.72,130.03877102982392
2026-09-28T03:30:00+05:30,Moneragala_Uva,24.5,87.31228157730845,0.0,0.67,126.32052578028546
2026-09-28T03:45:00+05:30,Moneragala_Uva,24.5,87.87353201472808,0.0,0.63,122.60047192037943
2026-09-28T04:00:00+05:30,Moneragala_Uva,24.4,88.39926096400228,0.0,0.65,118.87908361927569
2026-09-28T04:15:00+05:30,Moneragala_Uva,24.4,88.89758875362611,0.0,0.63,115.1567454050361
2026-09-28T04:30:00+05:30,Moneragala_Uva,24.3,89.37515347703226,0.0,0.68,111.43377971239607
2026-09-28T04:45:00+05:30,Moneragala_Uva,24.2,89.83753322827988,0.0,0.74,107.71046669263725
2026-09-28T05:00:00+05:30,Moneragala_Uva,24.1,90.28955399309393,0.0,0.88,103.98705755738601
2026-09-28T05:15:00+05:30,Moneragala_Uva,24.0,90.73552210546114,0.0,1.0,100.26378624660508
2026-09-28T05:30:00+05:30,Moneragala_Uva,24.0,91.17940748436371,0.0,1.15,96.5408791166108
2026-09-28T05:45:00+05:30,Moneragala_Uva,24.0,91.62499581917211,0.0,1.28,92.818562009874
2026-09-28T06:00:00+05:30,Moneragala_Uva,24.1,92.07602255266892,1.0,1.41,89.097068364523
2026-09-28T06:15:00+05:30,Moneragala_Uva,24.2,92.5362993279141,26.0,1.54,85.3766474329223
2026-09-28T06:30:00+05:30,Moneragala_Uva,24.4,93.00984232129349,64.0,1.61,81.65757166209539
2026-09-28T06:45:00+05:30,Moneragala_Uva,24.8,93.50101127191579,109.0,1.59,77.94014683415864
2026-09-28T07:00:00+05:30,Moneragala_Uva,25.3,94.01466960813235,161.0,1.51,74.22472418622175
2026-09-28T07:15:00+05:30,Moneragala_Uva,25.9,94.55637846932393,217.0,1.42,70.51171396895963
2026-09-28T07:30:00+05:30,Moneragala_Uva,26.4,95.13264088742193,279.0,1.34,66.80160472455866
2026-09-28T07:45:00+05:30,Moneragala_Uva,27.0,95.75121950169574,346.0,1.27,63.09498863678543
2026-09-28T08:00:00+05:30,Moneragala_Uva,27.6,96.4215616481157,414.0,1.2,59.39259417855142
2026-09-28T08:15:00+05:30,Moneragala_Uva,28.1,97.15538146210287,479.0,1.13,55.695333142107714
2026-09-28T08:30:00+05:30,Moneragala_Uva,28.7,97.96747595244756,538.0,1.1,52.00436690025492
2026-09-28T08:45:00+05:30,Moneragala_Uva,29.3,98.87689619069528,593.0,1.1,48.321200505119094
2026-09-28T09:00:00+05:30,Moneragala_Uva,29.9,99.90866827997172,645.0,1.11,44.647824090589666
2026-09-28T09:15:00+05:30,Moneragala_Uva,30.5,101.09638900778452,696.0,1.17,40.98692790422748
2026-09-28T09:30:00+05:30,Moneragala_Uva,31.0,102.48625354078581,744.0,1.25,37.34223805969873
2026-09-28T09:45:00+05:30,Moneragala_Uva,31.4,104.14350113411524,788.0,1.35,33.71906403499463
2026-09-28T10:00:00+05:30,Moneragala_Uva,31.8,106.16308868325257,828.0,1.44,30.125223122107485
2026-09-28T10:15:00+05:30,Moneragala_Uva,32.2,108.68802511298338,865.0,1.6,26.572671130388166
2026-09-28T10:30:00+05:30,Moneragala_Uva,32.5,111.94205370743236,898.0,1.7,23.080532550658305
2026-09-28T10:45:00+05:30,Moneragala_Uva,32.9,116.28976945311376,926.0,1.84,19.681043591755667
2026-09-28T11:00:00+05:30,Moneragala_Uva,33.2,122.34792402832926,948.0,1.96,16.431858703827515
2026-09-28T11:15:00+05:30,Moneragala_Uva,33.5,131.17445453469503,965.0,2.09,13.442463397065737
2026-09-28T11:30:00+05:30,Moneragala_Uva,33.8,144.44536021520395,976.0,2.25,10.92822183513374
2026-09-28T11:45:00+05:30,Moneragala_Uva,34.1,163.79553571971678,982.0,2.39,9.283605481903408
2026-09-28T12:00:00+05:30,Moneragala_Uva,34.5,187.49044782801786,981.0,2.55,8.998786072253708
2026-09-28T12:15:00+05:30,Moneragala_Uva,34.7,208.9836261346886,975.0,2.71,10.18845624950832
2026-09-28T12:30:00+05:30,Moneragala_Uva,34.5,224.39607014721855,971.0,2.94,12.436424885664962
2026-09-28T12:45:00+05:30,Moneragala_Uva,33.8,234.64624914432565,959.0,3.29,15.28259808852161
2026-09-28T13:00:00+05:30,Moneragala_Uva,32.7,241.57760403634626,927.0,3.78,18.45219084556382
2026-09-28T13:15:00+05:30,Moneragala_Uva,31.5,246.46929869958697,860.0,4.21,21.804593388062344
2026-09-28T13:30:00+05:30,Moneragala_Uva,30.7,250.07567231748766,748.0,4.42,25.267119822492575
2026-09-28T13:45:00+05:30,Moneragala_Uva,30.4,252.8382606677383,628.0,4.36,28.80004973006529
2026-09-28T14:00:00+05:30,Moneragala_Uva,30.3,255.02402105962665,535.0,4.18,32.38031664237416
2026-09-28T14:15:00+05:30,Moneragala_Uva,30.3,256.80104160146504,503.0,4.03,35.993765740542955
2026-09-28T14:30:00+05:30,Moneragala_Uva,30.3,258.2794060761902,523.0,3.94,39.63128757879943
2026-09-28T14:45:00+05:30,Moneragala_Uva,30.3,259.5338242791163,558.0,3.83,43.2867782348055
2026-09-28T15:00:00+05:30,Moneragala_Uva,30.3,260.6166242789799,576.0,3.75,46.9560037809281
2026-09-28T15:15:00+05:30,Moneragala_Uva,30.3,261.56549414883165,556.0,3.82,50.63593840265463
2026-09-28T15:30:00+05:30,Moneragala_Uva,30.2,262.4082601225723,512.0,3.97,54.324363875816864
2026-09-28T15:45:00+05:30,Moneragala_Uva,30.1,263.16593146523394,457.0,4.04,58.019616399037155
2026-09-28T16:00:00+05:30,Moneragala_Uva,30.1,263.8546986105961,398.0,4.07,61.720421954853684
2026-09-28T16:15:00+05:30,Moneragala_Uva,29.9,264.4872800302322,340.0,4.07,65.42578762498353
2026-09-28T16:30:00+05:30,Moneragala_Uva,29.8,265.0738522627778,281.0,4.01,69.13492593384964
2026-09-28T16:45:00+05:30,Moneragala_Uva,29.6,265.62270735954473,223.0,3.87,72.84720163396764
2026-09-28T17:00:00+05:30,Moneragala_Uva,29.3,266.1407284716928,169.0,3.62,76.56209492562789
2026-09-28T17:15:00+05:30,Moneragala_Uva,29.1,266.6337415972156,119.0,3.36,80.27917331260278
2026-09-28T17:30:00+05:30,Moneragala_Uva,28.8,267.1067825329237,74.0,3.08,83.99807044001112
2026-09-28T17:45:00+05:30,Moneragala_Uva,28.6,267.56430564049526,35.0,2.72,87.7184712907201
2026-09-28T18:00:00+05:30,Moneragala_Uva,28.3,268.01035267792395,5.0,2.33,91.44009928494066
2026-09-28T18:15:00+05:30,Moneragala_Uva,28.1,268.44869564587617,0.0,2.02,95.16270573244924
2026-09-28T18:30:00+05:30,Moneragala_Uva,27.8,268.8829645729165,0.0,1.81,98.88606235528815
2026-09-28T18:45:00+05:30,Moneragala_Uva,27.6,269.3167690658234,0.0,1.8,102.60995327702287
2026-09-28T19:00:00+05:30,Moneragala_Uva,27.4,269.7538225452927,0.0,1.91,106.3341674356269
2026-09-28T19:15:00+05:30,Moneragala_Uva,27.2,270.19807872396973,0.0,2.13,110.05849241603376
2026-09-28T19:30:00+05:30,Moneragala_Uva,27.0,270.65389127279093,0.0,2.28,113.78270614780251
2026-09-28T19:45:00+05:30,Moneragala_Uva,26.9,271.1262117361559,0.0,2.39,117.50656728780093
2026-09-28T20:00:00+05:30,Moneragala_Uva,26.7,271.6208469176724,0.0,2.57,121.22980487270529
2026-09-28T20:15:00+05:30,Moneragala_Uva,26.6,272.1448066156754,0.0,2.61,124.95210292378293
2026-09-28T20:30:00+05:30,Moneragala_Uva,26.5,272.7067901877649,0.0,2.57,128.6730794849275
2026-09-28T20:45:00+05:30,Moneragala_Uva,26.3,273.3178896288882,0.0,2.32,132.39225838597793
2026-09-28T21:00:00+05:30,Moneragala_Uva,26.2,273.99263732567647,0.0,1.92,136.10902540077234
2026-09-28T21:15:00+05:30,Moneragala_Uva,26.1,274.7506201727491,0.0,1.49,139.8225611181456
2026-09-28T21:30:00+05:30,Moneragala_Uva,25.9,275.6190580114234,0.0,1.2,143.53173546768826
2026-09-28T21:45:00+05:30,Moneragala_Uva,25.8,276.63709373895847,0.0,1.03,147.23492962644949
2026-09-28T22:00:00+05:30,Moneragala_Uva,25.7,277.86328006806457,0.0,0.92,150.92972425609594
2026-09-28T22:15:00+05:30,Moneragala_Uva,25.6,279.38940535459824,0.0,0.85,154.61232188380177
2026-09-28T22:30:00+05:30,Moneragala_Uva,25.5,281.367830598621,0.0,0.88,158.27639088363185
2026-09-28T22:45:00+05:30,Moneragala_Uva,25.4,284.07027905626114,0.0,1.0,161.91054129257117
2026-09-28T23:00:00+05:30,Moneragala_Uva,25.3,288.02813915353767,0.0,1.21,165.4921452192052
2026-09-28T23:15:00+05:30,Moneragala_Uva,25.1,294.4122596099805,0.0,1.43,168.969767387954
2026-09-28T23:30:00+05:30,Moneragala_Uva,25.0,306.1955458635479,0.0,1.57,172.20287880667246
2026-09-28T23:45:00+05:30,Moneragala_Uva,24.8,331.23308986012614,0.0,1.55,174.72114597009403
2026-09-29T00:00:00+05:30,Moneragala_Uva,24.7,14.671327877138879,0.0,1.49,175.21668255600673
2026-09-29T00:15:00+05:30,Moneragala_Uva,24.6,47.147824954545285,0.0,1.38,173.22974774246669
2026-09-29T00:30:00+05:30,Moneragala_Uva,24.5,62.38640296349871,0.0,1.28,170.16466303211598
2026-09-29T00:45:00+05:30,Moneragala_Uva,24.4,70.19316786501628,0.0,1.21,166.74968067477727
2026-09-29T01:00:00+05:30,Moneragala_Uva,24.3,74.82811197296405,0.0,1.14,163.19687326907012
2026-09-29T01:15:00+05:30,Moneragala_Uva,24.2,77.89744402430847,0.0,1.11,159.5781296958554
2026-09-29T01:30:00+05:30,Moneragala_Uva,24.1,80.0949657949534,0.0,1.06,155.92325027990495
2026-09-29T01:45:00+05:30,Moneragala_Uva,24.1,81.7618242483718,0.0,0.99,152.24660099799974
2026-09-29T02:00:00+05:30,Moneragala_Uva,24.0,83.08362219655714,0.0,0.96,148.55591513032144
2026-09-29T02:15:00+05:30,Moneragala_Uva,23.9,84.16956266359261,0.0,0.95,144.8557172769291
2026-09-29T02:30:00+05:30,Moneragala_Uva,23.9,85.08799852549782,0.0,0.97,141.14883363154487
2026-09-29T02:45:00+05:30,Moneragala_Uva,23.8,85.88391625821589,0.0,0.97,137.43712497013473
2026-09-29T03:00:00+05:30,Moneragala_Uva,23.8,86.58818964763066,0.0,0.98,133.72187269556434
2026-09-29T03:15:00+05:30,Moneragala_Uva,23.8,87.22278264195586,0.0,0.95,130.0039950265042
2026-09-29T03:30:00+05:30,Moneragala_Uva,23.8,87.80382646338353,0.0,0.94,126.2841731821063
2026-09-29T03:45:00+05:30,Moneragala_Uva,23.7,88.34351936421598,0.0,0.94,122.56293033677954
2026-09-29T04:00:00+05:30,Moneragala_Uva,23.7,88.85134473410437,0.0,1.0,118.84068250286742
2026-09-29T04:15:00+05:30,Moneragala_Uva,23.7,89.33487933881798,0.0,1.06,115.11777112088201
2026-09-29T04:30:00+05:30,Moneragala_Uva,23.7,89.80034672084287,0.0,1.06,111.39448679759968
2026-09-29T04:45:00+05:30,Moneragala_Uva,23.6,90.25300845711325,0.0,1.0,107.67108652256125
2026-09-29T05:00:00+05:30,Moneragala_Uva,23.6,90.69745041526596,0.0,0.86,103.94780524723811
2026-09-29T05:15:00+05:30,Moneragala_Uva,23.6,91.13780002207608,0.0,0.76,100.22486635029807
2026-09-29T05:30:00+05:30,Moneragala_Uva,23.6,91.57789888400572,0.0,0.76,96.50249053661081
2026-09-29T05:45:00+05:30,Moneragala_Uva,23.7,92.02144772177684,0.0,0.94,92.78090243044497
2026-09-29T06:00:00+05:30,Moneragala_Uva,23.8,92.47213569818058,1.0,1.26,89.06033846220849
2026-09-29T06:15:00+05:30,Moneragala_Uva,23.9,92.93376432497155,25.0,1.51,85.34105508747471
2026-09-29T06:30:00+05:30,Moneragala_Uva,24.2,93.41037511474389,62.0,1.61,81.6233363871147
2026-09-29T06:45:00+05:30,Moneragala_Uva,24.6,93.90638970877364,106.0,1.35,77.90750464941567
2026-09-29T07:00:00+05:30,Moneragala_Uva,25.1,94.42677295921254,157.0,0.92,74.19393320523255
2026-09-29T07:15:00+05:30,Moneragala_Uva,25.7,94.97723202116981,212.0,0.51,70.4830610216057
2026-09-29T07:30:00+05:30,Moneragala_Uva,26.3,95.56446816810143,273.0,0.35,66.7754134401307
2026-09-29T07:45:00+05:30,Moneragala_Uva,26.9,96.19650542121462,336.0,0.45,63.07162955755537
2026-09-29T08:00:00+05:30,Moneragala_Uva,27.5,96.88313091978034,400.0,0.68,59.3724976983282
2026-09-29T08:15:00+05:30,Moneragala_Uva,28.1,97.6364982583055,459.0,0.98,55.67900639976221
2026-09-29T08:30:00+05:30,Moneragala_Uva,28.6,98.47197309288674,514.0,1.21,51.99241628180961
2026-09-29T08:45:00+05:30,Moneragala_Uva,29.1,99.40934559981099,562.0,1.4,48.314362214264946
2026-09-29T09:00:00+05:30,Moneragala_Uva,29.5,100.4746093880861,603.0,1.59,44.64700655726419
2026-09-29T09:15:00+05:30,Moneragala_Uva,29.8,101.702638738784,633.0,1.73,40.9932719132224
2026-09-29T09:30:00+05:30,Moneragala_Uva,30.2,103.14133060196508,649.0,1.77,37.357204023755756
2026-09-29T09:45:00+05:30,Moneragala_Uva,30.5,104.85820649567933,654.0,1.63,33.74456186193901
2026-09-29T10:00:00+05:30,Moneragala_Uva,30.7,106.95128373302316,654.0,1.35,30.163810526055713
2026-09-29T10:15:00+05:30,Moneragala_Uva,30.9,109.56760127529458,657.0,0.99,26.627864126445232
2026-09-29T10:30:00+05:30,Moneragala_Uva,31.2,112.9358550589613,662.0,0.79,23.157300908798376
2026-09-29T10:45:00+05:30,Moneragala_Uva,31.4,117.42531835429105,665.0,0.78,19.786600494368216
2026-09-29T11:00:00+05:30,Moneragala_Uva,31.7,123.65144261692137,657.0,1.0,16.57683690849659
2026-09-29T11:15:00+05:30,Moneragala_Uva,31.9,132.64320451196147,631.0,1.29,13.642127476831561
2026-09-29T11:30:00+05:30,Moneragala_Uva,32.0,145.95403507130618,579.0,1.36,11.200840252619074
2026-09-29T11:45:00+05:30,Moneragala_Uva,32.0,164.92092796352085,519.0,1.08,9.635646588359691
2026-09-29T12:00:00+05:30,Moneragala_Uva,31.9,187.69153656446142,473.0,0.61,9.39513688324466
2026-09-29T12:15:00+05:30,Moneragala_Uva,31.6,208.36428242481657,463.0,0.43,10.570130926782426
2026-09-29T12:30:00+05:30,Moneragala_Uva,31.1,223.44697664405902,497.0,0.41,12.775865962806037
2026-09-29T12:45:00+05:30,Moneragala_Uva,30.4,233.65657775512133,541.0,0.16,15.580547171033587
2026-09-29T13:00:00+05:30,Moneragala_Uva,29.4,240.64633230198348,560.0,1.12,18.7168132569835
2026-09-29T13:15:00+05:30,Moneragala_Uva,28.3,245.6181329363234,517.0,2.01,22.04356540878831
2026-09-29T13:30:00+05:30,Moneragala_Uva,27.4,249.30156052023798,410.0,2.37,25.48629622857875
2026-09-29T13:45:00+05:30,Moneragala_Uva,26.7,252.1316839999509,287.0,2.02,29.003709501556756
2026-09-29T14:00:00+05:30,Moneragala_Uva,26.0,254.37483769663226,198.0,1.48,32.571592173364635
2026-09-29T14:15:00+05:30,Moneragala_Uva,25.4,256.20016684803835,182.0,1.48,36.17498548087428
2026-09-29T14:30:00+05:30,Moneragala_Uva,25.1,257.71913271611766,227.0,1.87,39.804215765739585
2026-09-29T14:45:00+05:30,Moneragala_Uva,25.0,259.007723455376,291.0,1.98,43.45277778077468
2026-09-29T15:00:00+05:30,Moneragala_Uva,25.2,260.119342682935,339.0,1.87,47.116147178355334
2026-09-29T15:15:00+05:30,Moneragala_Uva,25.4,261.0925502407067,348.0,1.7,50.79108425228298
2026-09-29T15:30:00+05:30,Moneragala_Uva,25.6,261.9558684885776,338.0,1.63,54.47521061690915
2026-09-29T15:45:00+05:30,Moneragala_Uva,25.8,262.7308593914354,314.0,1.7,58.16674074013028
2026-09-29T16:00:00+05:30,Moneragala_Uva,26.0,263.4341512023777,280.0,1.81,61.86430687559647
2026-09-29T16:15:00+05:30,Moneragala_Uva,26.1,264.0788085009033,237.0,1.98,65.56684315016844
2026-09-29T16:30:00+05:30,Moneragala_Uva,26.1,264.6752802948192,184.0,2.12,69.27350482781901
2026-09-29T16:45:00+05:30,Moneragala_Uva,25.8,265.2320712736291,133.0,2.34,72.98361147151338
2026-09-29T17:00:00+05:30,Moneragala_Uva,25.4,265.75622778233173,91.0,2.56,76.69660754728994
2026-09-29T17:15:00+05:30,Moneragala_Uva,24.9,266.2536972334741,61.0,2.71,80.412032385417
2026-09-29T17:30:00+05:30,Moneragala_Uva,24.6,266.7296005487022,38.0,2.75,84.1294976389136
2026-09-29T17:45:00+05:30,Moneragala_Uva,24.5,267.1884446285177,19.0,2.53,87.8486714850814
2026-09-29T18:00:00+05:30,Moneragala_Uva,24.4,267.63429335553434,3.0,2.09,91.5692650270055
2026-09-29T18:15:00+05:30,Moneragala_Uva,24.4,268.0709112259942,0.0,1.63,95.29102128204998
2026-09-29T18:30:00+05:30,Moneragala_Uva,24.4,268.50189056900507,0.0,1.2,99.01370744965955
2026-09-29T18:45:00+05:30,Moneragala_Uva,24.3,268.93077110585057,0.0,0.81,102.7371068226495
2026-09-29T19:00:00+05:30,Moneragala_Uva,24.2,269.3611605792687,0.0,0.39,106.46101131531077
2026-09-29T19:15:00+05:30,Moneragala_Uva,24.1,269.7968656587314,0.0,0.16,110.1852156127156
2026-09-29T19:30:00+05:30,Moneragala_Uva,24.0,270.24204352064515,0.0,0.21,113.90950943024112
2026-09-29T19:45:00+05:30,Moneragala_Uva,24.0,270.70138831840165,0.0,0.11,117.63366877065724
2026-09-29T20:00:00+05:30,Moneragala_Uva,24.0,271.1803724740343,0.0,0.22,121.35744687460085
2026-09-29T20:15:00+05:30,Moneragala_Uva,24.0,271.6855717189102,0.0,0.54,125.08056071849097
2026-09-29T20:30:00+05:30,Moneragala_Uva,24.0,272.2251193311118,0.0,0.76,128.8026728280958
2026-09-29T20:45:00+05:30,Moneragala_Uva,24.0,272.80936246781783,0.0,0.78,132.52336713480597
2026-09-29T21:00:00+05:30,Moneragala_Uva,24.0,273.45184108893073,0.0,0.76,136.2421113065036
2026-09-29T21:15:00+05:30,Moneragala_Uva,24.0,274.1707984884548,0.0,0.71,139.95819913928085
2026-09-29T21:30:00+05:30,Moneragala_Uva,24.0,274.99159997060883,0.0,0.74,143.6706602230056
2026-09-29T21:45:00+05:30,Moneragala_Uva,24.0,275.9507699779821,0.0,0.92,147.37810679572647
2026-09-29T22:00:00+05:30,Moneragala_Uva,24.0,277.1030673025361,0.0,1.21,151.07846486908892
2026-09-29T22:15:00+05:30,Moneragala_Uva,24.0,278.53462578858034,0.0,1.5,154.76847410647457
2026-09-29T22:30:00+05:30,Moneragala_Uva,24.0,280.3891440805484,0.0,1.72,158.44268027092482
2026-09-29T22:45:00+05:30,Moneragala_Uva,24.0,282.9248652106876,0.0,1.86,162.09121508428242
2026-09-29T23:00:00+05:30,Moneragala_Uva,23.9,286.6530467871247,0.0,1.96,165.69428414333834
2026-09-29T23:15:00+05:30,Moneragala_Uva,23.9,292.7246979836033,0.0,1.99,169.20611822740807
2026-09-29T23:30:00+05:30,Moneragala_Uva,23.9,304.1908285198355,0.0,1.99,172.49733995608824
2026-09-29T23:45:00+05:30,Moneragala_Uva,23.8,329.9148296836849,0.0,1.93,175.1009267129387
2026-09-30T00:00:00+05:30,Moneragala_Uva,23.8,16.980818703933323,0.0,1.78,175.56813369542687
2026-09-30T00:15:00+05:30,Moneragala_Uva,23.8,50.1197802045956,0.0,1.59,173.4264794171561
2026-09-30T00:30:00+05:30,Moneragala_Uva,23.7,64.64413069278532,0.0,1.48,170.26814469111085
2026-09-30T00:45:00+05:30,Moneragala_Uva,23.7,71.91388429431572,0.0,1.33,166.80405343439872
2026-09-30T01:00:00+05:30,Moneragala_Uva,23.6,76.20068714396342,0.0,1.19,163.22262343405077
2026-09-30T01:15:00+05:30,Moneragala_Uva,23.6,79.03612615326233,0.0,1.07,159.58560794537823
2026-09-30T01:30:00+05:30,Moneragala_Uva,23.5,81.06869777316217,0.0,1.0,155.91827436105547
2026-09-30T01:45:00+05:30,Moneragala_Uva,23.5,82.61430768702786,0.0,1.0,152.23273412947765
2026-09-30T02:00:00+05:30,Moneragala_Uva,23.4,83.84399258557664,0.0,1.0,148.53549058157842
2026-09-30T02:15:00+05:30,Moneragala_Uva,23.3,84.8581192454152,0.0,1.06,144.83034598688369
2026-09-30T02:30:00+05:30,Moneragala_Uva,23.3,85.71942297103567,0.0,1.07,141.11967683118135
2026-09-30T02:45:00+05:30,Moneragala_Uva,23.2,86.46917083378412,0.0,1.07,137.40505058960952
2026-09-30T03:00:00+05:30,Moneragala_Uva,23.2,87.13568779622739,0.0,1.02,133.68755012361447
2026-09-30T03:15:00+05:30,Moneragala_Uva,23.2,87.73913998305102,0.0,1.02,129.96795521302883
2026-09-30T03:30:00+05:30,Moneragala_Uva,23.2,88.29435966127136,0.0,0.98,126.2468482893265
2026-09-30T03:45:00+05:30,Moneragala_Uva,23.2,88.8125879181211,0.0,0.97,122.5246808236628
2026-09-30T04:00:00+05:30,Moneragala_Uva,23.2,89.3025917644872,0.0,0.92,118.80181622469696
2026-09-30T04:15:00+05:30,Moneragala_Uva,23.2,89.77140563782734,0.0,0.93,115.07855720843126
2026-09-30T04:30:00+05:30,Moneragala_Uva,23.2,90.22483970311987,0.0,0.92,111.35516605443058
2026-09-30T04:45:00+05:30,Moneragala_Uva,23.1,90.66784006295023,0.0,0.92,107.63187946792374
2026-09-30T05:00:00+05:30,Moneragala_Uva,23.1,91.10475335697993,0.0,0.9,103.90891855542304
2026-09-30T05:15:00+05:30,Moneragala_Uva,23.0,91.53952883848137,0.0,0.92,100.18649821416497
2026-09-30T05:30:00+05:30,Moneragala_Uva,23.0,91.9758803816951,0.0,0.94,96.46483533669064
2026-09-30T05:45:00+05:30,Moneragala_Uva,22.9,92.41742416776685,0.0,0.96,92.74415500219068
2026-09-30T06:00:00+05:30,Moneragala_Uva,22.9,92.86780335430001,1.0,0.99,89.024698204801
2026-09-30T06:15:00+05:30,Moneragala_Uva,23.0,93.33080943117938,24.0,1.04,85.30673012555314
2026-09-30T06:30:00+05:30,Moneragala_Uva,23.1,93.8105091681814,60.0,1.03,81.59054800059874
2026-09-30T06:45:00+05:30,Moneragala_Uva,23.5,94.31138579970116,105.0,0.92,77.87649220212798
2026-09-30T07:00:00+05:30,Moneragala_Uva,23.9,94.83850499758842,158.0,0.78,74.16495983520771
2026-09-30T07:15:00+05:30,Moneragala_Uva,24.4,95.39771893002631,214.0,0.69,70.45642042882741
2026-09-30T07:30:00+05:30,Moneragala_Uva,25.0,95.99592555038225,275.0,0.6,66.75143820419986
2026-09-30T07:45:00+05:30,Moneragala_Uva,25.5,96.64140789087384,339.0,0.65,63.05070157104137
2026-09-30T08:00:00+05:30,Moneragala_Uva,26.2,97.34428931813056,402.0,0.71,59.355061534833894
2026-09-30T08:15:00+05:30,Moneragala_Uva,26.8,98.11715747033412,462.0,0.82,55.66558677352113
2026-09-30T08:30:00+05:30,Moneragala_Uva,27.4,98.97593835618517,515.0,0.87,51.98364129338246
2026-09-30T08:45:00+05:30,Moneragala_Uva,27.9,99.94114833429381,561.0,0.76,48.31099490577188
2026-09-30T09:00:00+05:30,Moneragala_Uva,28.4,101.03972795439984,606.0,0.61,44.64998860395377
2026-09-30T09:15:00+05:30,Moneragala_Uva,28.9,102.3077954146126,654.0,0.42,41.003785412990645
2026-09-30T09:30:00+05:30,Moneragala_Uva,29.4,103.79489297260852,702.0,0.32,37.376760862733846
2026-09-30T09:45:00+05:30,Moneragala_Uva,29.8,105.57072614174967,749.0,0.35,33.775136033513284
2026-09-30T10:00:00+05:30,Moneragala_Uva,30.2,107.73619507205694,795.0,0.5,30.208038767727857
2026-09-30T10:15:00+05:30,Moneragala_Uva,30.5,110.44203453626164,837.0,0.68,26.689356806192173
2026-09-30T10:30:00+05:30,Moneragala_Uva,30.9,113.92123846367735,880.0,0.76,23.241130168421023
2026-09-30T10:45:00+05:30,Moneragala_Uva,31.2,118.54643931393969,919.0,0.85,19.90005706882812
2026-09-30T11:00:00+05:30,Moneragala_Uva,31.6,124.92917652891236,949.0,0.87,16.73049497146218
2026-09-30T11:15:00+05:30,Moneragala_Uva,31.9,134.0652318307,966.0,0.95,13.850730158818266
2026-09-30T11:30:00+05:30,Moneragala_Uva,32.2,147.38533826750336,969.0,0.93,11.480977699151865
2026-09-30T11:45:00+05:30,Moneragala_Uva,32.3,165.96061467279424,962.0,0.86,9.991014178539558
2026-09-30T12:00:00+05:30,Moneragala_Uva,32.4,187.87024316152795,949.0,0.8,9.791096780311847
2026-09-30T12:15:00+05:30,Moneragala_Uva,32.5,207.78331745211517,935.0,0.71,10.952102889642916
2026-09-30T12:30:00+05:30,Moneragala_Uva,32.5,222.54381000628996,913.0,0.62,13.117513174133038
2026-09-30T12:45:00+05:30,Moneragala_Uva,32.6,232.70189569459484,889.0,0.5,15.881655361067672
2026-09-30T13:00:00+05:30,Moneragala_Uva,32.6,239.7394704745801,867.0,0.43,18.98476778977799
2026-09-30T13:15:00+05:30,Moneragala_Uva,32.7,244.78401350740987,852.0,0.54,22.285681354587226
2026-09-30T13:30:00+05:30,Moneragala_Uva,32.7,248.53965074940032,847.0,0.61,25.708295226863427
2026-09-30T13:45:00+05:30,Moneragala_Uva,32.8,251.4340984843036,841.0,0.5,29.20983727124915
2026-09-30T14:00:00+05:30,Moneragala_Uva,33.0,253.73246248859346,826.0,0.34,32.76498795753668
2026-09-30T14:15:00+05:30,Moneragala_Uva,33.1,255.60457180842644,797.0,0.27,36.35799898096992
2026-09-30T14:30:00+05:30,Moneragala_Uva,33.1,257.1630376929177,760.0,0.29,39.97863609525004
2026-09-30T14:45:00+05:30,Moneragala_Uva,33.2,258.4849858367653,714.0,0.32,43.61999199016497
2026-09-30T15:00:00+05:30,Moneragala_Uva,33.4,259.6248060809813,658.0,0.47,47.277249548206875
2026-09-30T15:15:00+05:30,Moneragala_Uva,33.3,260.6218718491264,588.0,0.76,50.9469523819934
2026-09-30T15:30:00+05:30,Moneragala_Uva,32.9,261.5053627147841,507.0,1.03,54.62655919979717
2026-09-30T15:45:00+05:30,Moneragala_Uva,31.8,262.2973666588215,424.0,1.55,58.314160217105304
2026-09-30T16:00:00+05:30,Moneragala_Uva,30.3,263.01493101401513,347.0,2.43,62.0082917083255
2026-09-30T16:15:00+05:30,Moneragala_Uva,28.7,263.6714530021149,281.0,3.18,65.70781285798978
2026-09-30T16:30:00+05:30,Moneragala_Uva,27.5,264.2776442023603,221.0,3.48,69.4118199087238
2026-09-30T16:45:00+05:30,Moneragala_Uva,27.0,264.84221449692956,168.0,2.97,73.11958566255984
2026-09-30T17:00:00+05:30,Moneragala_Uva,26.7,265.3723676833446,123.0,1.95,76.83051743276062
2026-09-30T17:15:00+05:30,Moneragala_Uva,26.6,265.87416803591066,87.0,1.18,80.54412507193348
2026-09-30T17:30:00+05:30,Moneragala_Uva,26.5,266.35281787122227,57.0,1.25,84.25999701819855
2026-09-30T17:45:00+05:30,Moneragala_Uva,26.3,266.81287345165174,28.0,1.42,87.97778346810962
2026-09-30T18:00:00+05:30,Moneragala_Uva,26.1,267.258417951278,4.0,1.46,91.69718205100746
2026-09-30T18:15:00+05:30,Moneragala_Uva,25.9,267.6932056987345,0.0,1.42,95.41792632516143
2026-09-30T18:30:00+05:30,Moneragala_Uva,25.7,268.1207886712643,0.0,1.43,99.13977775097005
2026-09-30T18:45:00+05:30,Moneragala_Uva,25.6,268.5446339043609,0.0,1.54,102.86251749479652
2026-09-30T19:00:00+05:30,Moneragala_Uva,25.5,268.9682403359126,0.0,1.63,106.58593902771298
2026-09-30T19:15:00+05:30,Moneragala_Uva,25.4,269.39526392049027,0.0,1.72,110.30984254190447
2026-09-30T19:30:00+05:30,Moneragala_Uva,25.3,269.82966083613167,0.0,1.81,114.03402770996865
2026-09-30T19:45:00+05:30,Moneragala_Uva,25.3,270.2758621096956,0.0,1.82,117.75828573432537
2026-09-30T20:00:00+05:30,Moneragala_Uva,25.2,270.7389982355391,0.0,1.88,121.48239149201738
2026-09-30T20:15:00+05:30,Moneragala_Uva,25.2,271.2252006514581,0.0,1.9,125.20609178583692
2026-09-30T20:30:00+05:30,Moneragala_Uva,25.1,271.74202229742076,0.0,1.88,128.92908973165302
2026-09-30T20:45:00+05:30,Moneragala_Uva,25.0,272.2990450364733,0.0,1.83,132.65102444063265
2026-09-30T21:00:00+05:30,Moneragala_Uva,24.9,272.9087861493822,0.0,1.78,136.37143913013978
2026-09-30T21:15:00+05:30,Moneragala_Uva,24.8,273.58809907130956,0.0,1.69,140.08973246985096
2026-09-30T21:30:00+05:30,Moneragala_Uva,24.7,274.3604211072136,0.0,1.65,143.80508255021354
2026-09-30T21:45:00+05:30,Moneragala_Uva,24.7,275.25953633789084,0.0,1.61,147.51631743323645
2026-09-30T22:00:00+05:30,Moneragala_Uva,24.6,276.33619653071923,0.0,1.6,151.22168730843603
2026-09-30T22:15:00+05:30,Moneragala_Uva,24.5,277.6704844035183,0.0,1.57,154.91843921801126
2026-09-30T22:30:00+05:30,Moneragala_Uva,24.5,279.39663932193605,0.0,1.5,158.6019548194185
2026-09-30T22:45:00+05:30,Moneragala_Uva,24.4,281.7576643193501,0.0,1.43,162.26383397526746
2026-09-30T23:00:00+05:30,Moneragala_Uva,24.3,285.2403291650335,0.0,1.3,165.88707255624948
2026-09-30T23:15:00+05:30,Moneragala_Uva,24.3,290.9636384062135,0.0,1.18,169.43169629897525
2026-09-30T23:30:00+05:30,Moneragala_Uva,24.2,302.0237503351788,0.0,1.06,172.78079544268414
2026-09-30T23:45:00+05:30,Moneragala_Uva,24.1,328.3664660982287,0.0,0.96,175.4767519447854
2026-10-01T00:00:00+05:30,Moneragala_Uva,24.0,19.664684996221126,0.0,0.79,175.9112140630913
2026-10-01T00:15:00+05:30,Moneragala_Uva,23.9,53.256158827111165,0.0,0.7,173.60533215333345
2026-10-01T00:30:00+05:30,Moneragala_Uva,23.9,66.94138160040268,0.0,0.66,170.3574185208197
2026-10-01T00:45:00+05:30,Moneragala_Uva,23.8,73.64389117314249,0.0,0.65,166.84785699097284
2026-10-01T01:00:00+05:30,Moneragala_Uva,23.8,77.57432945337041,0.0,0.71,163.24031025167739
2026-10-01T01:15:00+05:30,Moneragala_Uva,23.7,80.17342325986732,0.0,0.76,159.58675943441733
2026-10-01T01:30:00+05:30,Moneragala_Uva,23.7,82.04035715147671,0.0,0.76,155.90822885061652
2026-10-01T01:45:00+05:30,Moneragala_Uva,23.6,83.46462385655678,0.0,0.76,152.21474776919064
2026-10-01T02:00:00+05:30,Moneragala_Uva,23.6,84.60230408968579,0.0,0.7,148.51169160571982
2026-10-01T02:15:00+05:30,Moneragala_Uva,23.5,85.54478729090283,0.0,0.71,144.8022029825106
2026-10-01T02:30:00+05:30,Moneragala_Uva,23.5,86.34913809678858,0.0,0.68,141.08824883581198
2026-10-01T02:45:00+05:30,Moneragala_Uva,23.4,87.05288457857961,0.0,0.65,137.37113009387627
2026-10-01T03:00:00+05:30,Moneragala_Uva,23.3,87.68179660338842,0.0,0.61,133.65174953505823
2026-10-01T03:15:00+05:30,Moneragala_Uva,23.2,88.25424155160044,0.0,0.57,129.93076163526928
2026-10-01T03:30:00+05:30,Moneragala_Uva,23.1,88.78375387446931,0.0,0.53,126.20865964593226
2026-10-01T03:45:00+05:30,Moneragala_Uva,23.0,89.28061930379698,0.0,0.53,122.48583054519608
2026-10-01T04:00:00+05:30,Moneragala_Uva,22.9,89.7528903692575,0.0,0.53,118.76259066898176
2026-10-01T04:15:00+05:30,Moneragala_Uva,22.8,90.20706093099147,0.0,0.54,115.03920835348504
2026-10-01T04:30:00+05:30,Moneragala_Uva,22.7,90.64852930119457,0.0,0.51,111.3159210377389
2026-10-01T04:45:00+05:30,Moneragala_Uva,22.5,91.08192739202718,0.0,0.51,107.59294800175745
2026-10-01T05:00:00+05:30,Moneragala_Uva,22.4,91.5113636687962,0.0,0.49,103.8704989079344
2026-10-01T05:15:00+05:30,Moneragala_Uva,22.3,91.94061005238188,0.0,0.45,100.14878223808857
2026-10-01T05:30:00+05:30,Moneragala_Uva,22.3,92.37325332951804,0.0,0.45,96.42801289751692
2026-10-01T05:45:00+05:30,Moneragala_Uva,22.6,92.81282559998175,0.0,0.45,92.70841808227968
2026-10-01T06:00:00+05:30,Moneragala_Uva,23.0,93.26292429004195,1.0,0.4,88.99024490427747
2026-10-01T06:15:00+05:30,Moneragala_Uva,23.4,93.72733094660242,26.0,0.4,85.27376877700347
2026-10-01T06:30:00+05:30,Moneragala_Uva,23.9,94.21013745625874,68.0,0.36,81.55930159928279
2026-10-01T06:45:00+05:30,Moneragala_Uva,24.5,94.71588824277399,121.0,0.32,77.84720338224274
2026-10-01T07:00:00+05:30,Moneragala_Uva,25.1,95.24974905800502,182.0,0.32,74.1378966615252
2026-10-01T07:15:00+05:30,Moneragala_Uva,25.7,95.81771589414694,243.0,0.28,70.43188334230746
2026-10-01T07:30:00+05:30,Moneragala_Uva,26.3,96.42688156989976,301.0,0.25,66.72976856680751
2026-10-01T07:45:00+05:30,Moneragala_Uva,26.9,97.08578541545876,357.0,0.22,63.032292406142844
2026-10-01T08:00:00+05:30,Moneragala_Uva,27.4,97.80488298473517,412.0,0.21,59.340371302445824
2026-10-01T08:15:00+05:30,Moneragala_Uva,28.0,98.59718990704715,469.0,0.16,55.65515737107311
2026-10-01T08:30:00+05:30,Moneragala_Uva,28.5,99.47918336365467,524.0,0.15,51.978122006462385
2026-10-01T08:45:00+05:30,Moneragala_Uva,28.9,100.4720917273641,578.0,0.11,48.31117487807453
2026-10-01T09:00:00+05:30,Moneragala_Uva,29.4,101.60378014201382,630.0,0.11,44.65684170984778
2026-10-01T09:15:00+05:30,Moneragala_Uva,29.8,102.91157456287982,677.0,0.07,41.01853353902718
2026-10-01T09:30:00+05:30,Moneragala_Uva,30.2,104.44660229595445,719.0,0.1,37.400965079602116
2026-10-01T09:45:00+05:30,Moneragala_Uva,30.6,106.28064905011638,757.0,0.16,33.81083086465048
2026-10-01T10:00:00+05:30,Moneragala_Uva,30.9,108.51731239452425,791.0,0.18,30.257934237844957
2026-10-01T10:15:00+05:30,Moneragala_Uva,31.3,111.3106788575763,822.0,0.28,26.75714803353093
2026-10-01T10:30:00+05:30,Moneragala_Uva,31.6,114.89737911557137,847.0,0.35,23.331975000267363
2026-10-01T10:45:00+05:30,Moneragala_Uva,31.8,119.65210929674504,868.0,0.42,20.02129429756077
2026-10-01T11:00:00+05:30,Moneragala_Uva,32.1,126.1800518720039,887.0,0.53,16.892589823311255
2026-10-01T11:15:00+05:30,Moneragala_Uva,32.3,135.44025453572584,907.0,0.67,14.067837244891166
2026-10-01T11:30:00+05:30,Moneragala_Uva,32.4,148.74234138748625,930.0,0.81,11.76801879844973
2026-10-01T11:45:00+05:30,Moneragala_Uva,32.4,166.92211006838068,951.0,1.03,10.349237066326708
2026-10-01T12:00:00+05:30,Moneragala_Uva,32.4,188.02866653056384,963.0,1.31,10.186540883605474
2026-10-01T12:15:00+05:30,Moneragala_Uva,32.3,207.23655356596146,960.0,1.59,11.334153109453979
2026-10-01T12:30:00+05:30,Moneragala_Uva,32.2,221.68319039748167,945.0,1.88,13.461009372424272
2026-10-01T12:45:00+05:30,Moneragala_Uva,32.1,231.78054750903277,921.0,2.2,16.185564067687977
2026-10-01T13:00:00+05:30,Moneragala_Uva,31.9,238.85630199756426,890.0,2.55,19.25574117769584
2026-10-01T13:15:00+05:30,Moneragala_Uva,31.6,243.96664922142142,856.0,2.88,22.530673147169836
2026-10-01T13:30:00+05:30,Moneragala_Uva,31.4,247.78984204472687,819.0,3.13,25.932883960002258
2026-10-01T13:45:00+05:30,Moneragala_Uva,31.1,250.7454906462176,778.0,3.35,29.418226119738698
2026-10-01T14:00:00+05:30,Moneragala_Uva,30.9,253.0969235009672,729.0,3.53,32.960316096395026
2026-10-01T14:15:00+05:30,Moneragala_Uva,30.6,255.01430472253605,672.0,3.64,36.54263247005976
2026-10-01T14:30:00+05:30,Moneragala_Uva,30.3,256.6111791112553,604.0,3.64,40.15438548906457
2026-10-01T14:45:00+05:30,Moneragala_Uva,30.0,257.9656742759457,535.0,3.54,43.78826603655083
2026-10-01T15:00:00+05:30,Moneragala_Uva,29.7,259.1330795015354,472.0,3.33,47.43916255131511
2026-10-01T15:15:00+05:30,Moneragala_Uva,29.3,260.15352490080056,420.0,3.05,51.10339963965395
2026-10-01T15:30:00+05:30,Moneragala_Uva,29.0,261.0568090290661,377.0,2.7,54.77827067963681
2026-10-01T15:45:00+05:30,Moneragala_Uva,28.6,261.86551956908147,337.0,2.32,58.46173934407166
2026-10-01T16:00:00+05:30,Moneragala_Uva,28.2,262.5971043994101,297.0,1.88,62.15224384151452
2026-10-01T16:15:00+05:30,Moneragala_Uva,27.8,263.26528003700986,256.0,1.43,65.84856654334605
2026-10-01T16:30:00+05:30,Moneragala_Uva,27.4,263.881010807449,216.0,1.04,69.54974299857591
2026-10-01T16:45:00+05:30,Moneragala_Uva,27.0,264.45320438841054,177.0,0.75,73.25499774362699
2026-10-01T17:00:00+05:30,Moneragala_Uva,26.7,264.98921632448025,136.0,0.49,76.96369956753708
2026-10-01T17:15:00+05:30,Moneragala_Uva,26.3,265.49522323075803,94.0,0.47,80.67532757793465
2026-10-01T17:30:00+05:30,Moneragala_Uva,26.1,265.97650512070663,55.0,0.55,84.3894457990214
2026-10-01T17:45:00+05:30,Moneragala_Uva,25.9,266.43766447804484,23.0,0.66,88.10568529271315
2026-10-01T18:00:00+05:30,Moneragala_Uva,25.7,266.88280097805136,2.0,0.68,91.82372906927628
2026-10-01T18:15:00+05:30,Moneragala_Uva,25.6,267.3156561709076,0.0,0.7,95.54330006305696
2026-10-01T18:30:00+05:30,Moneragala_Uva,25.4,267.7397390958425,0.0,0.67,99.2641527804343
2026-10-01T18:45:00+05:30,Moneragala_Uva,25.3,268.15844138554326,0.0,0.65,102.98606495796477
2026-10-01T19:00:00+05:30,Moneragala_Uva,25.2,268.5751501524627,0.0,0.57,106.70883018980385
2026-10-01T19:15:00+05:30,Moneragala_Uva,25.2,268.99336710129853,0.0,0.53,110.43225256001081
2026-10-01T19:30:00+05:30,Moneragala_Uva,25.1,269.41684308511856,0.0,0.46,114.15613983399643
2026-10-01T19:45:00+05:30,Moneragala_Uva,25.0,269.8497405023078,0.0,0.43,117.88029622316402
2026-10-01T20:00:00+05:30,Moneragala_Uva,24.9,270.2968406835382,0.0,0.38,121.60451560595342
2026-10-01T20:15:00+05:30,Moneragala_Uva,24.9,270.7638209645395,0.0,0.36,125.32857138439972
2026-10-01T20:30:00+05:30,Moneragala_Uva,24.8,271.25764026242877,0.0,0.35,129.05220323884674
2026-10-01T20:45:00+05:30,Moneragala_Uva,24.7,271.7870954896659,0.0,0.35,132.77510034031712
2026-10-01T21:00:00+05:30,Moneragala_Uva,24.6,272.36365213152357,0.0,0.35,136.49687481762447
2026-10-01T21:15:00+05:30,Moneragala_Uva,24.5,273.0027291488801,0.0,0.35,140.21702143019212
2026-10-01T21:30:00+05:30,Moneragala_Uva,24.4,273.7257648002451,0.0,0.35,143.93485489828794
2026-10-01T21:45:00+05:30,Moneragala_Uva,24.4,274.5636844813836,0.0,0.35,147.64940270432157
2026-10-01T22:00:00+05:30,Moneragala_Uva,24.3,275.56302508774513,0.0,0.36,151.35921602267283
2026-10-01T22:15:00+05:30,Moneragala_Uva,24.2,276.79742872423424,0.0,0.34,155.06201580960416
2026-10-01T22:30:00+05:30,Moneragala_Uva,24.2,278.39088493843,0.0,0.34,158.7539708431979
2026-10-01T22:45:00+05:30,Moneragala_Uva,24.1,280.5693830499856,0.0,0.34,162.4280800102839
2026-10-01T23:00:00+05:30,Moneragala_Uva,24.0,283.7906908545161,0.0,0.36,166.0700497267614
2026-10-01T23:15:00+05:30,Moneragala_Uva,24.0,289.12849245951384,0.0,0.36,169.64573880040075
2026-10-01T23:30:00+05:30,Moneragala_Uva,23.9,299.6822511806574,0.0,0.36,173.05186807568793
2026-10-01T23:45:00+05:30,Moneragala_Uva,23.8,326.5286413870639,0.0,0.36,175.84759229678673
2026-10-02T00:00:00+05:30,Moneragala_Uva,23.7,22.81000386493264,0.0,0.36,176.24378309991982
2026-10-02T00:15:00+05:30,Moneragala_Uva,23.7,56.5515586118687,0.0,0.38,173.76492207671018
2026-10-02T00:30:00+05:30,Moneragala_Uva,23.6,69.2718945710397,0.0,0.38,170.4322279201008
2026-10-02T00:45:00+05:30,Moneragala_Uva,23.5,75.38015061772052,0.0,0.38,166.88111744043283
2026-10-02T01:00:00+05:30,Moneragala_Uva,23.4,78.94745209918898,0.0,0.41,163.25003408465335
2026-10-02T01:15:00+05:30,Moneragala_Uva,23.3,81.30840543466059,0.0,0.45,159.58170470415075
2026-10-02T01:30:00+05:30,Moneragala_Uva,23.2,83.00934165859906,0.0,0.45,155.89323846628315
2026-10-02T01:45:00+05:30,Moneragala_Uva,23.2,84.31234963320196,0.0,0.45,152.19276573391974
2026-10-02T02:00:00+05:30,Moneragala_Uva,23.1,85.35823932104302,0.0,0.5,148.48463956895034
2026-10-02T02:15:00+05:30,Moneragala_Uva,23.0,86.22931581467361,0.0,0.5,144.77140684384946
2026-10-02T02:30:00+05:30,Moneragala_Uva,22.9,86.97693676028109,0.0,0.5,141.0546655240634
2026-10-02T02:45:00+05:30,Moneragala_Uva,22.8,87.63488048435204,0.0,0.5,137.335476876359
2026-10-02T03:00:00+05:30,Moneragala_Uva,22.7,88.22636044017725,0.0,0.51,133.61458207603638
2026-10-02T03:15:00+05:30,Moneragala_Uva,22.6,88.76794725693009,0.0,0.52,129.89252341343365
2026-10-02T03:30:00+05:30,Moneragala_Uva,22.5,89.27188049711577,0.0,0.54,126.16971454008002
2026-10-02T03:45:00+05:30,Moneragala_Uva,22.3,89.74749348408938,0.0,0.56,122.44648511283714
2026-10-02T04:00:00+05:30,Moneragala_Uva,22.2,90.20212690661066,0.0,0.57,118.72310990187859
2026-10-02T04:15:00+05:30,Moneragala_Uva,22.1,90.64173629618801,0.0,0.57,114.99982718104019
2026-10-02T04:30:00+05:30,Moneragala_Uva,22.0,91.07130997502378,0.0,0.6,111.27685301133904
2026-10-02T04:45:00+05:30,Moneragala_Uva,22.0,91.49516717944175,0.0,0.64,107.55439208669183
2026-10-02T05:00:00+05:30,Moneragala_Uva,22.0,91.91717940990935,0.0,0.64,103.83264500729871
2026-10-02T05:15:00+05:30,Moneragala_Uva,22.1,92.34094219721408,0.0,0.65,100.11181588943626
2026-10-02T05:30:00+05:30,Moneragala_Uva,22.2,92.76991594465812,0.0,0.65,96.39211946099327
2026-10-02T05:45:00+05:30,Moneragala_Uva,22.4,93.20754915456297,0.0,0.65,92.67378667662256
2026-10-02T06:00:00+05:30,Moneragala_Uva,22.7,93.65739379027707,1.0,0.63,88.95707230766294
2026-10-02T06:15:00+05:30,Moneragala_Uva,23.1,94.12322150082508,22.0,0.6,85.24226348778501
2026-10-02T06:30:00+05:30,Moneragala_Uva,23.5,94.60914908512797,56.0,0.56,81.52968826584335
2026-10-02T06:45:00+05:30,Moneragala_Uva,23.9,95.1197816545507,101.0,0.51,77.81972782370892
2026-10-02T07:00:00+05:30,Moneragala_Uva,24.4,95.66038416273545,153.0,0.45,74.11283175526387
2026-10-02T07:15:00+05:30,Moneragala_Uva,24.9,96.23709504711326,206.0,0.4,70.40953612339968
2026-10-02T07:30:00+05:30,Moneragala_Uva,25.4,96.85719992220203,257.0,0.36,66.71048898467346
2026-10-02T07:45:00+05:30,Moneragala_Uva,25.9,97.52949135939105,307.0,0.32,63.016484361175486
2026-10-02T08:00:00+05:30,Moneragala_Uva,26.4,98.26475259442407,359.0,0.25,59.32850681077317
2026-10-02T08:15:00+05:30,Moneragala_Uva,26.8,99.07642056119658,422.0,0.21,55.64779507284384
2026-10-02T08:30:00+05:30,Moneragala_Uva,27.3,99.98151355859318,497.0,0.18,51.97593177631684
2026-10-02T08:45:00+05:30,Moneragala_Uva,27.8,101.00195658223566,578.0,0.16,48.31497114159204
2026-10-02T09:00:00+05:30,Moneragala_Uva,28.4,102.16651529149567,655.0,0.15,44.66762938615695
2026-10-02T09:15:00+05:30,Moneragala_Uva,28.9,103.51368475863615,718.0,0.22,41.03757263807083
2026-10-02T09:30:00+05:30,Moneragala_Uva,29.5,105.09611351447711,764.0,0.25,37.429863375245425
2026-10-02T09:45:00+05:30,Moneragala_Uva,30.0,106.98755859635696,797.0,0.28,33.85167959810528
2026-10-02T10:00:00+05:30,Moneragala_Uva,30.6,109.29412274742901,823.0,0.36,30.313510657814568
2026-10-02T10:15:00+05:30,Moneragala_Uva,31.2,112.17289264429172,846.0,0.47,26.83122200794522
2026-10-02T10:30:00+05:30,Moneragala_Uva,31.6,115.86347306976086,861.0,0.51,23.42977308439589
2026-10-02T10:45:00+05:30,Moneragala_Uva,32.0,120.74136329811466,869.0,0.56,20.15017415308762
2026-10-02T11:00:00+05:30,Moneragala_Uva,32.2,127.40313011828658,871.0,0.67,17.06286034782532
2026-10-02T11:15:00+05:30,Moneragala_Uva,32.4,136.76823061387432,868.0,0.72,14.293008565484755
2026-10-02T11:30:00+05:30,Moneragala_Uva,32.3,150.02818949303662,861.0,0.78,12.061375306378864
2026-10-02T11:45:00+05:30,Moneragala_Uva,32.0,167.8121391971997,848.0,0.85,10.709884329185186
2026-10-02T12:00:00+05:30,Moneragala_Uva,31.6,188.1686126375033,828.0,0.85,10.58134352354024
2026-10-02T12:15:00+05:30,Moneragala_Uva,31.0,206.72035005226041,802.0,0.92,11.71607461410403
2026-10-02T12:30:00+05:30,Moneragala_Uva,30.3,220.8620090589265,769.0,0.94,13.806018993099443
2026-10-02T12:45:00+05:30,Moneragala_Uva,29.6,230.89093733583084,731.0,0.97,16.491929375125935
2026-10-02T13:00:00+05:30,Moneragala_Uva,28.7,237.99610906123868,690.0,1.04,19.5294281059696
2026-10-02T13:15:00+05:30,Moneragala_Uva,27.7,243.16573723387654,646.0,1.04,22.77827688378912
2026-10-02T13:30:00+05:30,Moneragala_Uva,26.9,247.05202324344293,601.0,1.07,26.159831899889305
2026-10-02T13:45:00+05:30,Moneragala_Uva,26.2,250.06584001118304,554.0,1.1,29.628670618730283
2026-10-02T14:00:00+05:30,Moneragala_Uva,25.5,252.46824456454078,503.0,1.1,33.15738984222607
2026-10-02T14:15:00+05:30,Moneragala_Uva,24.9,254.42941166064503,443.0,1.13,36.728713243894674
2026-10-02T14:30:00+05:30,Moneragala_Uva,24.4,256.0636143929485,375.0,1.1,40.33130197647177
2026-10-02T14:45:00+05:30,Moneragala_Uva,24.1,257.4498520145823,306.0,1.06,43.95744630707938
2026-10-02T15:00:00+05:30,Moneragala_Uva,24.0,258.6442291464127,248.0,1.03,47.6017392002859
2026-10-02T15:15:00+05:30,Moneragala_Uva,24.0,259.6875770827985,207.0,0.96,51.26028437701456
2026-10-02T15:30:00+05:30,Moneragala_Uva,24.0,260.61027587282166,179.0,0.92,54.93020777898615
2026-10-02T15:45:00+05:30,Moneragala_Uva,24.0,261.43538699730004,156.0,0.89,58.609344465376346
2026-10-02T16:00:00+05:30,Moneragala_Uva,24.2,262.1807405823924,136.0,0.82,62.29603265476487
2026-10-02T16:15:00+05:30,Moneragala_Uva,24.3,262.8603592332358,115.0,0.76,65.98897615365274
2026-10-02T16:30:00+05:30,Moneragala_Uva,24.5,263.48545028424985,95.0,0.69,69.68714823236452
2026-10-02T16:45:00+05:30,Moneragala_Uva,24.6,264.0651118706986,77.0,0.67,73.38972372144963
2026-10-02T17:00:00+05:30,Moneragala_Uva,24.7,264.6068456241117,58.0,0.6,77.0960315651477
2026-10-02T17:15:00+05:30,Moneragala_Uva,24.8,265.1169360180776,40.0,0.59,80.80551889298168
2026-10-02T17:30:00+05:30,Moneragala_Uva,24.8,265.6007371039452,23.0,0.52,84.51772414724398
2026-10-02T17:45:00+05:30,Moneragala_Uva,24.8,266.06289448771633,9.0,0.46,88.23225811612336
2026-10-02T18:00:00+05:30,Moneragala_Uva,24.8,266.5075216046745,1.0,0.4,91.9487880587104
2026-10-02T18:15:00+05:30,Moneragala_Uva,24.7,266.9383446750203,0.0,0.35,95.66702512780547
2026-10-02T18:30:00+05:30,Moneragala_Uva,24.6,267.3588272870046,0.0,0.3,99.38671566076223
2026-10-02T18:45:00+05:30,Moneragala_Uva,24.5,267.77228304555956,0.0,0.25,103.10763265584274
2026-10-02T19:00:00+05:30,Moneragala_Uva,24.5,268.18198433395423,0.0,0.21,106.82956838329743
2026-10-02T19:15:00+05:30,Moneragala_Uva,24.4,268.59127522213845,0.0,0.18,110.55232918234363
2026-10-02T19:30:00+05:30,Moneragala_Uva,24.3,269.0036971074335,0.0,0.14,114.27572902074272
2026-10-02T19:45:00+05:30,Moneragala_Uva,24.2,269.4231385141014,0.0,0.11,117.99958287867457
2026-10-02T20:00:00+05:30,Moneragala_Uva,24.1,269.85402471620586,0.0,0.11,121.72370093934211
2026-10-02T20:15:00+05:30,Moneragala_Uva,24.0,270.301569603792,0.0,0.11,125.44787988799226
2026-10-02T20:30:00+05:30,Moneragala_Uva,24.0,270.7721250276064,0.0,0.11,129.17189181460606
2026-10-02T20:45:00+05:30,Moneragala_Uva,23.9,271.27368419479984,0.0,0.14,132.8954706423508
2026-10-02T21:00:00+05:30,Moneragala_Uva,23.8,271.81663297382164,0.0,0.16,136.61829049045582
2026-10-02T21:15:00+05:30,Moneragala_Uva,23.8,272.4149131393938,0.0,0.21,140.33993299629648
2026-10-02T21:30:00+05:30,Moneragala_Uva,23.7,273.0878957181254,0.0,0.25,144.05983695396094
2026-10-02T21:45:00+05:30,Moneragala_Uva,23.7,273.8635334927979,0.0,0.35,147.77721172489768
2026-10-02T22:00:00+05:30,Moneragala_Uva,23.6,274.7839474799804,0.0,0.41,151.4908842991803
2026-10-02T22:15:00+05:30,Moneragala_Uva,23.5,275.9159601684944,0.0,0.52,155.19901242339247
2026-10-02T22:30:00+05:30,Moneragala_Uva,23.5,277.3725349486862,0.0,0.63,158.89849591999567
2026-10-02T22:45:00+05:30,Moneragala_Uva,23.4,279.3608801249852,0.0,0.74,162.58364761719704
2026-10-02T23:00:00+05:30,Moneragala_Uva,23.4,282.3051489678617,0.0,0.79,166.2427658150884
2026-10-02T23:15:00+05:30,Moneragala_Uva,23.3,287.2193954107479,0.0,0.85,169.8474753769095
2026-10-02T23:30:00+05:30,Moneragala_Uva,23.3,297.15503856762473,0.0,0.9,173.30904844639713
2026-10-02T23:45:00+05:30,Moneragala_Uva,23.2,324.3219148970038,0.0,0.9,176.21207658160614
2026-10-03T00:00:00+05:30,Moneragala_Uva,23.2,26.526654083018798,0.0,0.92,176.56300068981312
2026-10-03T00:15:00+05:30,Moneragala_Uva,23.2,59.99610761020199,0.0,0.92,173.9039170931922
2026-10-03T00:30:00+05:30,Moneragala_Uva,23.2,71.62885946343499,0.0,0.92,170.49238625214696
2026-10-03T00:45:00+05:30,Moneragala_Uva,23.2,77.11958499783702,0.0,0.92,166.90389470345087
2026-10-03T01:00:00+05:30,Moneragala_Uva,23.2,80.31848488843866,0.0,0.87,163.25191228238697
2026-10-03T01:15:00+05:30,Moneragala_Uva,23.3,82.44016006992496,0.0,0.85,159.5705734006009
2026-10-03T01:30:00+05:30,Moneragala_Uva,23.3,83.97506116470828,0.0,0.81,155.87343291806502
2026-10-03T01:45:00+05:30,Moneragala_Uva,23.3,85.15706966488324,0.0,0.81,152.16691445383447
2026-10-03T02:00:00+05:30,Moneragala_Uva,23.3,86.11148558279979,0.0,0.76,148.45445694178756
2026-10-03T02:15:00+05:30,Moneragala_Uva,23.3,86.91145640988253,0.0,0.74,144.73807622331512
2026-10-03T02:30:00+05:30,Moneragala_Uva,23.3,87.60261293605674,0.0,0.7,141.01904209566683
2026-10-03T02:45:00+05:30,Moneragala_Uva,23.2,88.21498162798144,0.0,0.65,137.29820307533814
2026-10-03T03:00:00+05:30,Moneragala_Uva,23.2,88.76922301622085,0.0,0.63,133.57615717697252
2026-10-03T03:15:00+05:30,Moneragala_Uva,23.1,89.28011579312454,0.0,0.59,129.853347566712
2026-10-03T03:30:00+05:30,Moneragala_Uva,23.0,89.75860928658977,0.0,0.52,126.13011782181283
2026-10-03T03:45:00+05:30,Moneragala_Uva,22.9,90.21308845346283,0.0,0.46,122.40674740847984
2026-10-03T04:00:00+05:30,Moneragala_Uva,22.8,90.65018549834559,0.0,0.46,118.68347499429379
2026-10-03T04:15:00+05:30,Moneragala_Uva,22.8,91.07532035104822,0.0,0.4,114.96051307463034
2026-10-03T04:30:00+05:30,Moneragala_Uva,22.7,91.4930735308975,0.0,0.35,111.23805976569702
2026-10-03T04:45:00+05:30,Moneragala_Uva,22.7,91.90745333354937,0.0,0.3,107.51630799038928
2026-10-03T05:00:00+05:30,Moneragala_Uva,22.7,92.32209565238617,0.0,0.27,103.79545164755933
2026-10-03T05:15:00+05:30,Moneragala_Uva,22.8,92.7404206662186,0.0,0.27,100.07569251500239
2026-10-03T05:30:00+05:30,Moneragala_Uva,22.9,93.16576315383816,0.0,0.25,96.35724693417181
2026-10-03T05:45:00+05:30,Moneragala_Uva,23.1,93.6014885250467,0.0,0.28,92.64035124467412
2026-10-03T06:00:00+05:30,Moneragala_Uva,23.4,94.0511035407232,1.0,0.25,88.92526939764579
2026-10-03T06:15:00+05:30,Moneragala_Uva,23.7,94.51836996006602,26.0,0.29,85.2123017161214
2026-10-03T06:30:00+05:30,Moneragala_Uva,24.0,95.00742922351094,67.0,0.29,81.50179386042905
2026-10-03T06:45:00+05:30,Moneragala_Uva,24.3,95.52294652751152,118.0,0.34,77.79414969082656
2026-10-03T07:00:00+05:30,Moneragala_Uva,24.7,96.0702850084387,177.0,0.34,74.08984745640547
2026-10-03T07:15:00+05:30,Moneragala_Uva,25.2,96.65572397968367,236.0,0.38,70.38945911593345
2026-10-03T07:30:00+05:30,Moneragala_Uva,25.6,97.28673952499264,292.0,0.38,66.69367758787872
2026-10-03T07:45:00+05:30,Moneragala_Uva,26.0,97.97237405670234,347.0,0.38,63.0033530686678
2026-10-03T08:00:00+05:30,Moneragala_Uva,26.4,98.72373352487358,401.0,0.38,59.31954082284416
2026-10-03T08:15:00+05:30,Moneragala_Uva,26.8,99.55466885433339,456.0,0.38,55.64356928117003
2026-10-03T08:30:00+05:30,Moneragala_Uva,27.2,100.48272854739315,512.0,0.38,51.97713598484861
2026-10-03T08:45:00+05:30,Moneragala_Uva,27.6,101.53051763970109,566.0,0.34,48.322444156329155
2026-10-03T09:00:00+05:30,Moneragala_Uva,28.0,102.72767655801454,617.0,0.29,44.68240591299086
2026-10-03T09:15:00+05:30,Moneragala_Uva,28.4,104.11382849835337,665.0,0.22,41.06094900220236
2026-10-03T09:30:00+05:30,Moneragala_Uva,28.9,105.74307607707891,708.0,0.14,37.4634913937981
2026-10-03T09:45:00+05:30,Moneragala_Uva,29.3,107.6910342405846,746.0,0.1,33.897703183579466
2026-10-03T10:00:00+05:30,Moneragala_Uva,29.8,110.0661129231085,780.0,0.14,30.374767922780244
2026-10-03T10:15:00+05:30,Moneragala_Uva,30.3,113.0280421454134,813.0,0.21,26.91154724805174
2026-10-03T10:30:00+05:30,Moneragala_Uva,30.7,116.81874190569124,849.0,0.3,23.53444438587023
2026-10-03T10:45:00+05:30,Moneragala_Uva,31.1,121.8132996568844,880.0,0.4,20.286539462346894
2026-10-03T11:00:00+05:30,Moneragala_Uva,31.4,128.59760902084497,894.0,0.45,17.241028288045513
2026-10-03T11:15:00+05:30,Moneragala_Uva,31.7,138.04933626590838,877.0,0.5,14.52579979826487
2026-10-03T11:30:00+05:30,Moneragala_Uva,31.9,151.2460532818996,823.0,0.55,12.36048511626393
2026-10-03T11:45:00+05:30,Moneragala_Uva,31.9,168.63672964171678,751.0,0.6,11.072559100880866
2026-10-03T12:00:00+05:30,Moneragala_Uva,31.8,188.29165212703148,686.0,0.6,10.97537796491332
2026-10-03T12:15:00+05:30,Moneragala_Uva,31.6,206.23152864246595,647.0,0.6,12.097670610782686
2026-10-03T12:30:00+05:30,Moneragala_Uva,31.4,220.07741254310798,629.0,0.6,14.152226160263268
2026-10-03T12:45:00+05:30,Moneragala_Uva,31.2,230.0315353378133,620.0,0.6,16.80042177800297
2026-10-03T13:00:00+05:30,Moneragala_Uva,30.9,237.1581793085358,611.0,0.65,19.80553176668667
2026-10-03T13:15:00+05:30,Moneragala_Uva,30.6,242.3809674791783,593.0,0.7,23.028233682498495
2026-10-03T13:30:00+05:30,Moneragala_Uva,30.3,246.32607581403116,571.0,0.7,26.388911782841035
2026-10-03T13:45:00+05:30,Moneragala_Uva,29.9,249.3951209988381,548.0,0.7,29.840967789344703
2026-10-03T14:00:00+05:30,Moneragala_Uva,29.5,251.84644662135548,523.0,0.7,33.356024567931
2026-10-03T14:15:00+05:30,Moneragala_Uva,29.1,253.84993752865284,496.0,0.76,36.9160706347878
2026-10-03T14:30:00+05:30,Moneragala_Uva,28.7,255.5204010619559,468.0,0.76,40.509225668380076
2026-10-03T14:45:00+05:30,Moneragala_Uva,28.2,256.93758331593256,438.0,0.76,44.127381378595196
2026-10-03T15:00:00+05:30,Moneragala_Uva,27.8,258.15832291422606,407.0,0.81,47.76483484049162
2026-10-03T15:15:00+05:30,Moneragala_Uva,27.4,259.2240982851489,375.0,0.86,51.41746744055262
2026-10-03T15:30:00+05:30,Moneragala_Uva,26.9,260.1658342785591,342.0,0.86,55.08223587953418
2026-10-03T15:45:00+05:30,Moneragala_Uva,26.5,261.00704071854784,308.0,0.86,58.756844753086426
2026-10-03T16:00:00+05:30,Moneragala_Uva,26.1,261.7659119417675,273.0,0.87,62.43953052427821
2026-10-03T16:15:00+05:30,Moneragala_Uva,25.7,262.456763592897,236.0,0.87,66.1289168002826
2026-10-03T16:30:00+05:30,Moneragala_Uva,25.4,263.09103637891366,201.0,0.87,69.82391307541512
2026-10-03T16:45:00+05:30,Moneragala_Uva,25.1,263.67801162418317,164.0,0.87,73.52364309878695
2026-10-03T17:00:00+05:30,Moneragala_Uva,24.8,264.2253314401434,126.0,0.87,77.22739469914606
2026-10-03T17:15:00+05:30,Moneragala_Uva,24.5,264.7393837224827,87.0,0.87,80.93458183350201
2026-10-03T17:30:00+05:30,Moneragala_Uva,24.3,265.2255929453554,49.0,0.87,84.6447162185996
2026-10-03T17:45:00+05:30,Moneragala_Uva,24.1,265.6886447859416,19.0,0.87,88.35738725213741
2026-10-03T18:00:00+05:30,Moneragala_Uva,24.0,266.13266375284417,2.0,0.82,92.07224532283931
2026-10-03T18:15:00+05:30,Moneragala_Uva,23.9,266.56135825010483,0.0,0.82,95.78898865230701
2026-10-03T18:30:00+05:30,Moneragala_Uva,23.8,266.97814398218895,0.0,0.78,99.50735419489264
2026-10-03T18:45:00+05:30,Moneragala_Uva,23.7,267.38625400158367,0.0,0.73,103.22710889725948
2026-10-03T19:00:00+05:30,Moneragala_Uva,23.6,267.78884318617594,0.0,0.73,106.94804225113612
2026-10-03T19:15:00+05:30,Moneragala_Uva,23.5,268.18909474975874,0.0,0.68,110.66996119619306
2026-10-03T19:30:00+05:30,Moneragala_Uva,23.5,268.59033671513066,0.0,0.63,114.39268397966273
2026-10-03T19:45:00+05:30,Moneragala_Uva,23.4,268.9961787676326,0.0,0.59,118.11603407486945
2026-10-03T20:00:00+05:30,Moneragala_Uva,23.4,269.410683606628,0.0,0.54,121.8398352130143
2026-10-03T20:15:00+05:30,Moneragala_Uva,23.4,269.8385928434393,0.0,0.49,125.56390396364029
2026-10-03T20:30:00+05:30,Moneragala_Uva,23.4,270.28563892668734,0.0,0.45,129.28804055004377
2026-10-03T20:45:00+05:30,Moneragala_Uva,23.4,270.75899360605024,0.0,0.4,133.01201816231008
2026-10-03T21:00:00+05:30,Moneragala_Uva,23.4,271.26793676587096,0.0,0.4,136.73556572803443
2026-10-03T21:15:00+05:30,Moneragala_Uva,23.4,271.82489244469434,0.0,0.36,140.45834213762922
2026-10-03T21:30:00+05:30,Moneragala_Uva,23.4,272.4470995609766,0.0,0.32,144.17989705059895
2026-10-03T21:45:00+05:30,Moneragala_Uva,23.4,273.15942957219636,0.0,0.28,147.89960307806757
2026-10-03T22:00:00+05:30,Moneragala_Uva,23.4,273.9993950631249,0.0,0.25,151.61653594627086
2026-10-03T22:15:00+05:30,Moneragala_Uva,23.4,275.02663384840474,0.0,0.22,155.32924949699787
2026-10-03T22:30:00+05:30,Moneragala_Uva,23.4,276.34232927010373,0.0,0.21,159.0353113008096
2026-10-03T22:45:00+05:30,Moneragala_Uva,23.4,278.1331699904593,0.0,0.2,162.73024693074507
2026-10-03T23:00:00+05:30,Moneragala_Uva,23.4,280.78505275056517,0.0,0.2,166.4047872253618
2026-10-03T23:15:00+05:30,Moneragala_Uva,23.3,285.2373245205182,0.0,0.21,170.03613794375522
2026-10-03T23:30:00+05:30,Moneragala_Uva,23.3,294.4323589363155,0.0,0.21,173.55069966878057
2026-10-03T23:45:00+05:30,Moneragala_Uva,23.3,321.6386355085951,0.0,0.21,176.56833245622306
2026-10-04T00:00:00+05:30,Moneragala_Uva,23.2,30.95051135511204,0.0,0.22,176.86506842112803
2026-10-04T00:15:00+05:30,Moneragala_Uva,23.2,63.575028131303384,0.0,0.22,174.02108811025641
2026-10-04T00:30:00+05:30,Moneragala_Uva,23.1,74.00502365998295,0.0,0.22,170.53778207905907
2026-10-04T00:45:00+05:30,Moneragala_Uva,23.0,78.85910858235673,0.0,0.22,166.91628192006397
2026-10-04T01:00:00+05:30,Moneragala_Uva,23.0,81.68588413486225,0.0,0.25,163.2460780269538
2026-10-04T01:15:00+05:30,Moneragala_Uva,22.9,83.56779559255654,0.0,0.25,159.55350316811115
2026-10-04T01:30:00+05:30,Moneragala_Uva,22.8,84.93693938214733,0.0,0.25,155.8489458911407
2026-10-04T01:45:00+05:30,Moneragala_Uva,22.7,85.99837730455482,0.0,0.25,152.1373220143384
2026-10-04T02:00:00+05:30,Moneragala_Uva,22.6,86.86173547683705,0.0,0.25,148.42126638043078
2026-10-04T02:15:00+05:30,Moneragala_Uva,22.5,87.5909637052763,0.0,0.21,144.702328952093
2026-10-04T02:30:00+05:30,Moneragala_Uva,22.5,88.22596209793153,0.0,0.21,140.98149219585486
2026-10-04T02:45:00+05:30,Moneragala_Uva,22.4,88.79301151560867,0.0,0.21,137.25941870831014
2026-10-04T03:00:00+05:30,Moneragala_Uva,22.4,89.31022770494127,0.0,0.21,133.5365816885801
2026-10-04T03:15:00+05:30,Moneragala_Uva,22.3,89.79060495482588,0.0,0.21,129.81333815314886
2026-10-04T03:30:00+05:30,Moneragala_Uva,22.3,90.24380867470404,0.0,0.21,126.08997105443784
2026-10-04T03:45:00+05:30,Moneragala_Uva,22.3,90.67728055022025,0.0,0.21,122.36671673483114
2026-10-04T04:00:00+05:30,Moneragala_Uva,22.4,91.09694834558928,0.0,0.21,118.64378317284891
2026-10-04T04:15:00+05:30,Moneragala_Uva,22.4,91.50769957441747,0.0,0.22,114.92136132744076
2026-10-04T04:30:00+05:30,Moneragala_Uva,22.5,91.91370945030718,0.0,0.22,111.19963477111912
2026-10-04T04:45:00+05:30,Moneragala_Uva,22.6,92.31867727434081,0.0,0.22,107.47878743830486
2026-10-04T05:00:00+05:30,Moneragala_Uva,22.7,92.72600483144112,0.0,0.21,103.75900886188803
2026-10-04T05:15:00+05:30,Moneragala_Uva,22.8,93.13893807606843,0.0,0.25,100.040500487997
2026-10-04T05:30:00+05:30,Moneragala_Uva,23.0,93.56068697191284,0.0,0.25,96.32348204011262
2026-10-04T05:45:00+05:30,Moneragala_Uva,23.2,93.99453435919423,0.0,0.25,92.60819684730467
2026-10-04T06:00:00+05:30,Moneragala_Uva,23.5,94.44394204555499,2.0,0.32,88.89491953978103
2026-10-04T06:15:00+05:30,Moneragala_Uva,23.8,94.91266186944205,29.0,0.34,85.1839650744694
2026-10-04T06:30:00+05:30,Moneragala_Uva,24.2,95.40485957258596,74.0,0.4,81.47569816417318
2026-10-04T06:45:00+05:30,Moneragala_Uva,24.6,95.92525973259467,132.0,0.47,77.77054682128485
2026-10-04T07:00:00+05:30,Moneragala_Uva,25.0,96.47932250769486,197.0,0.57,74.06901951183339
2026-10-04T07:15:00+05:30,Moneragala_Uva,25.5,97.07346632598842,263.0,0.64,70.37172578858429
2026-10-04T07:30:00+05:30,Moneragala_Uva,26.0,97.71535515842868,325.0,0.74,66.67940532221611
2026-10-04T07:45:00+05:30,Moneragala_Uva,26.5,98.41427751705135,383.0,0.85,62.9929666359526
2026-10-04T08:00:00+05:30,Moneragala_Uva,27.1,99.18165664249233,439.0,0.96,59.31353819640925
2026-10-04T08:15:00+05:30,Moneragala_Uva,27.6,100.03174952140716,495.0,1.03,55.64254106435044
2026-10-04T08:30:00+05:30,Moneragala_Uva,28.2,100.98262310787106,548.0,1.13,51.98179119095732
2026-10-04T08:45:00+05:30,Moneragala_Uva,28.7,102.05754474501066,596.0,1.24,48.333644991343
2026-10-04T09:00:00+05:30,Moneragala_Uva,29.2,103.28700228779962,642.0,1.31,44.70121550558655
2026-10-04T09:15:00+05:30,Moneragala_Uva,29.8,104.71170385279481,685.0,1.39,41.088698058600876
2026-10-04T09:30:00+05:30,Moneragala_Uva,30.2,106.38713597119988,724.0,1.46,37.5018729444779
2026-10-04T09:45:00+05:30,Moneragala_Uva,30.7,108.39065408763707,760.0,1.53,33.94890955323658
2026-10-04T10:00:00+05:30,Moneragala_Uva,31.1,110.83277275469305,792.0,1.6,30.441691476480074
2026-10-04T10:15:00+05:30,Moneragala_Uva,31.5,113.87550573760285,820.0,1.64,26.998076148586087
2026-10-04T10:30:00+05:30,Moneragala_Uva,31.8,117.76243811040075,845.0,1.71,23.645891054493546
2026-10-04T10:45:00+05:30,Moneragala_Uva,32.0,122.86708560016706,865.0,1.75,20.430214433829747
2026-10-04T11:00:00+05:30,Moneragala_Uva,32.3,129.76282290230108,879.0,1.78,17.4267997690294
2026-10-04T11:15:00+05:30,Moneragala_Uva,32.4,139.2839446034302,885.0,1.78,14.76576465416872
2026-10-04T11:30:00+05:30,Moneragala_Uva,32.5,152.3990913083835,879.0,1.78,12.664811589108822
2026-10-04T11:45:00+05:30,Moneragala_Uva,32.5,169.40129360247624,868.0,1.74,11.436893887793815
2026-10-04T12:00:00+05:30,Moneragala_Uva,32.5,188.39916414989324,854.0,1.74,11.368516691977817
2026-10-04T12:15:00+05:30,Moneragala_Uva,32.4,205.76730916255303,843.0,1.67,12.47875330295976
2026-10-04T12:30:00+05:30,Moneragala_Uva,32.2,219.32678481898438,833.0,1.59,14.499333204956471
2026-10-04T12:45:00+05:30,Moneragala_Uva,32.0,229.20088063481717,822.0,1.49,17.110725993606778
2026-10-04T13:00:00+05:30,Moneragala_Uva,31.8,236.34181012593262,808.0,1.38,20.08376437392043
2026-10-04T13:15:00+05:30,Moneragala_Uva,31.4,241.6120253667756,789.0,1.27,23.280290436180167
2026-10-04T13:30:00+05:30,Moneragala_Uva,31.1,245.61187531711892,766.0,1.17,26.619900428016287
2026-10-04T13:45:00+05:30,Moneragala_Uva,30.8,248.73330366079284,741.0,1.06,30.054917930203942
2026-10-04T14:00:00+05:30,Moneragala_Uva,30.4,251.23154805222913,712.0,0.93,33.55603858699538
2026-10-04T14:15:00+05:30,Moneragala_Uva,30.0,253.27592615944445,680.0,0.83,37.104536823268305
2026-10-04T14:30:00+05:30,Moneragala_Uva,29.6,254.981596692015,645.0,0.72,40.68799955745121
2026-10-04T14:45:00+05:30,Moneragala_Uva,29.2,256.4289333245726,608.0,0.62,44.297922815041375
2026-10-04T15:00:00+05:30,Moneragala_Uva,28.8,257.67543020102374,568.0,0.5,47.92830794206717
2026-10-04T15:15:00+05:30,Moneragala_Uva,28.3,258.7631603595449,525.0,0.46,51.574812955023916
2026-10-04T15:30:00+05:30,Moneragala_Uva,27.9,259.7235575998554,481.0,0.45,55.23422380536218
2026-10-04T15:45:00+05:30,Moneragala_Uva,27.5,260.5805551154189,434.0,0.46,58.90411298855853
2026-10-04T16:00:00+05:30,Moneragala_Uva,27.1,261.352693700888,385.0,0.54,62.582613603641846
2026-10-04T16:15:00+05:30,Moneragala_Uva,26.7,262.0545691667238,333.0,0.63,66.2682675391159
2026-10-04T16:30:00+05:30,Moneragala_Uva,26.4,262.6978460695284,283.0,0.7,69.95991910205252
2026-10-04T16:45:00+05:30,Moneragala_Uva,26.1,263.2919817338594,232.0,0.78,73.6566396539809
2026-10-04T17:00:00+05:30,Moneragala_Uva,25.8,263.8447532039474,177.0,0.82,77.35767468421962
2026-10-04T17:15:00+05:30,Moneragala_Uva,25.5,264.36264741310026,121.0,0.86,81.06240382117896
2026-10-04T17:30:00+05:30,Moneragala_Uva,25.3,264.8511556932756,68.0,0.91,84.7703109419856
2026-10-04T17:45:00+05:30,Moneragala_Uva,25.1,265.3150007944238,26.0,0.96,88.48096295749619
2026-10-04T18:00:00+05:30,Moneragala_Uva,24.9,265.75831567174373,2.0,0.96,92.1939922819325
2026-10-04T18:15:00+05:30,Moneragala_Uva,24.8,266.1847884977693,0.0,0.96,95.90908306268156
2026-10-04T18:30:00+05:30,Moneragala_Uva,24.7,266.59778474754467,0.0,0.96,99.62596166377223
2026-10-04T18:45:00+05:30,Moneragala_Uva,24.6,267.0004545046453,0.0,0.96,103.34438766491571
2026-10-04T19:00:00+05:30,Moneragala_Uva,24.5,267.39583250215287,0.0,0.97,107.06414631385069
2026-10-04T19:15:00+05:30,Moneragala_Uva,24.4,267.7869380523723,0.0,0.97,110.78504348160268
2026-10-04T19:30:00+05:30,Moneragala_Uva,24.3,268.1768821140827,0.0,0.93,114.50689974989164
2026-10-04T19:45:00+05:30,Moneragala_Uva,24.2,268.5689908710353,0.0,0.9,118.22954477001448
2026-10-04T20:00:00+05:30,Moneragala_Uva,24.2,268.96695833588853,0.0,0.85,121.95281301349895
2026-10-04T20:15:00+05:30,Moneragala_Uva,24.1,269.37504556223575,0.0,0.83,125.67653745668272
2026-10-04T20:30:00+05:30,Moneragala_Uva,24.1,269.7983540334436,0.0,0.81,129.40054207228224
2026-10-04T20:45:00+05:30,Moneragala_Uva,24.0,270.2432173896735,0.0,0.79,133.12463366847308
2026-10-04T21:00:00+05:30,Moneragala_Uva,24.0,270.7177847705896,0.0,0.82,136.84858854927506
2026-09-27T21:15:00+05:30,Galle_Southern,27.2,274.1382418952714,0.0,3.25,138.62252247021678
2026-09-27T21:30:00+05:30,Galle_Southern,27.2,274.88286465129096,0.0,3.23,142.3414037889915
2026-09-27T21:45:00+05:30,Galle_Southern,27.1,275.7505594737307,0.0,3.18,146.05583773247017
2026-09-27T22:00:00+05:30,Galle_Southern,27.0,276.7880074177684,0.0,3.12,149.76408477537896
2026-09-27T22:15:00+05:30,Galle_Southern,27.0,278.0674103639422,0.0,3.02,153.46345406815922
2026-09-27T22:30:00+05:30,Galle_Southern,26.9,279.70670443092916,0.0,2.97,157.1495382907796
2026-09-27T22:45:00+05:30,Galle_Southern,26.8,281.91216495260414,0.0,2.96,160.8145839468117
2026-09-27T23:00:00+05:30,Galle_Southern,26.8,285.0779029959467,0.0,2.9,164.4436202233176
2026-09-27T23:15:00+05:30,Galle_Southern,26.7,290.0505319092937,0.0,2.9,168.0038271564004
2026-09-27T23:30:00+05:30,Galle_Southern,26.6,298.9533086353057,0.0,2.9,171.4091038081502
2026-09-27T23:45:00+05:30,Galle_Southern,26.5,318.0216107170835,0.0,2.9,174.37078795523246
2026-09-28T00:00:00+05:30,Galle_Southern,26.3,359.82234988146837,0.0,2.87,175.809264772142
2026-09-28T00:15:00+05:30,Galle_Southern,26.0,41.83519567961412,0.0,2.83,174.39409756259784
2026-09-28T00:30:00+05:30,Galle_Southern,25.8,61.055656547191916,0.0,2.76,171.439681734493
2026-09-28T00:45:00+05:30,Galle_Southern,25.6,70.01453709112883,0.0,2.55,168.0367313283383
2026-09-28T01:00:00+05:30,Galle_Southern,25.4,75.01151526861645,0.0,2.33,164.47754497028907
2026-09-28T01:15:00+05:30,Galle_Southern,25.1,78.18996982763883,0.0,2.08,160.84909627644464
2026-09-28T01:30:00+05:30,Galle_Southern,25.0,80.40316204936033,0.0,2.01,157.18447233823127
2026-09-28T01:45:00+05:30,Galle_Southern,24.9,82.04779934188588,0.0,2.04,153.4987457687988
2026-09-28T02:00:00+05:30,Galle_Southern,24.8,83.33132429521328,0.0,2.19,149.79971479610143
2026-09-28T02:15:00+05:30,Galle_Southern,24.8,84.37225924918266,0.0,2.33,146.09180976316853
2026-09-28T02:30:00+05:30,Galle_Southern,24.8,85.24312871648107,0.0,2.51,142.37773519521153
2026-09-28T02:45:00+05:30,Galle_Southern,24.8,85.99080642193422,0.0,2.77,138.65923857424272
2026-09-28T03:00:00+05:30,Galle_Southern,24.8,86.64698048764245,0.0,3.14,134.93750397537246
2026-09-28T03:15:00+05:30,Galle_Southern,24.8,87.23390395107026,0.0,3.45,131.21336759179238
2026-09-28T03:30:00+05:30,Galle_Southern,24.8,87.76773215633312,0.0,3.54,127.48744116423813
2026-09-28T03:45:00+05:30,Galle_Southern,24.7,88.26055065496053,0.0,3.37,123.7601880052711
2026-09-28T04:00:00+05:30,Galle_Southern,24.5,88.7216575756155,0.0,3.06,120.03197129592304
2026-09-28T04:15:00+05:30,Galle_Southern,24.3,89.15840388883743,0.0,2.65,116.3030845060242
2026-09-28T04:30:00+05:30,Galle_Southern,24.2,89.57676195951194,0.0,2.26,112.57377331704222
2026-09-28T04:45:00+05:30,Galle_Southern,24.1,89.98172271914007,0.0,1.8,108.84425129054358
2026-09-28T05:00:00+05:30,Galle_Southern,24.0,90.37758247626454,0.0,1.39,105.11471005463802
2026-09-28T05:15:00+05:30,Galle_Southern,24.0,90.76815737951819,0.0,1.36,101.38532846743459
2026-09-28T05:30:00+05:30,Galle_Southern,24.0,91.1569507813623,0.0,1.61,97.65628021386726
2026-09-28T05:45:00+05:30,Galle_Southern,24.0,91.54729076544447,0.0,1.82,93.92773901889096
2026-09-28T06:00:00+05:30,Galle_Southern,24.0,91.9424498855426,0.0,2.01,90.199884997859
2026-09-28T06:15:00+05:30,Galle_Southern,24.0,92.34575690498156,14.0,2.1,86.47291108458434
2026-09-28T06:30:00+05:30,Galle_Southern,24.2,92.76070900108368,46.0,2.17,82.74702846057113
2026-09-28T06:45:00+05:30,Galle_Southern,24.4,93.19109218195666,82.0,2.09,79.02247444665369
2026-09-28T07:00:00+05:30,Galle_Southern,24.8,93.6411188897444,123.0,2.0,75.29952189914695
2026-09-28T07:15:00+05:30,Galle_Southern,25.2,94.11559367838356,171.0,2.1,71.57848933516487
2026-09-28T07:30:00+05:30,Galle_Southern,25.6,94.62012064674963,229.0,2.25,67.85975575170758
2026-09-28T07:45:00+05:30,Galle_Southern,25.9,95.16137218396716,295.0,2.27,64.14378002476278
2026-09-28T08:00:00+05:30,Galle_Southern,26.3,95.74744721301278,364.0,2.24,60.4311254201836
2026-09-28T08:15:00+05:30,Galle_Southern,26.7,96.38836009843556,430.0,2.21,56.72249525624643
2026-09-28T08:30:00+05:30,Galle_Southern,27.0,97.09672391323295,492.0,2.29,53.018782917144726
2026-09-28T08:45:00+05:30,Galle_Southern,27.4,97.8887281307928,550.0,2.47,49.32114217251476
2026-09-28T09:00:00+05:30,Galle_Southern,27.8,98.78557126623059,604.0,2.64,45.631092904614206
2026-09-28T09:15:00+05:30,Galle_Southern,28.2,99.81561634521461,656.0,2.82,41.950681113444716
2026-09-28T09:30:00+05:30,Galle_Southern,28.6,101.0177292373271,702.0,3.01,38.28272715155798
2026-09-28T09:45:00+05:30,Galle_Southern,28.9,102.44661646462328,743.0,3.15,34.63122923689757
2026-09-28T10:00:00+05:30,Galle_Southern,29.1,104.18167304384474,780.0,3.2,31.002041882697974
2026-09-28T10:15:00+05:30,Galle_Southern,29.3,106.34224918319416,814.0,3.3,27.40406847864908
2026-09-28T10:30:00+05:30,Galle_Southern,29.5,109.11517010741363,846.0,3.4,23.85147672623806
2026-09-28T10:45:00+05:30,Galle_Southern,29.6,112.80662888964036,873.0,3.55,20.368065004014312
2026-09-28T11:00:00+05:30,Galle_Southern,29.6,117.9437562582961,893.0,3.76,16.99645943047959
2026-09-28T11:15:00+05:30,Galle_Southern,29.6,125.47310252566467,903.0,3.92,13.818779419101531
2026-09-28T11:30:00+05:30,Galle_Southern,29.6,137.08645887460153,905.0,4.02,11.00436226557926
2026-09-28T11:45:00+05:30,Galle_Southern,29.6,155.22380362356603,899.0,4.02,8.904616435206151
2026-09-28T12:00:00+05:30,Galle_Southern,29.7,180.2082966141372,885.0,3.96,8.096150816256312
2026-09-28T12:15:00+05:30,Galle_Southern,29.6,205.09772797031226,861.0,3.85,8.93658495763286
2026-09-28T12:30:00+05:30,Galle_Southern,29.6,223.08130906474247,825.0,3.85,11.05607663356274
2026-09-28T12:45:00+05:30,Galle_Southern,29.4,234.58808994032074,784.0,3.96,13.880571074628719
2026-09-28T13:00:00+05:30,Galle_Southern,29.2,242.05448331601076,743.0,4.12,17.06348017282488
2026-09-28T13:15:00+05:30,Galle_Southern,29.0,247.15388221299423,711.0,4.24,20.43801530552794
2026-09-28T13:30:00+05:30,Galle_Southern,28.9,250.82141336826845,684.0,4.31,23.923204517408493
2026-09-28T13:45:00+05:30,Galle_Southern,28.8,253.5781648210164,659.0,4.21,27.476953276321282
2026-09-28T14:00:00+05:30,Galle_Southern,28.7,255.72711602628124,634.0,4.0,31.07572792231791
2026-09-28T14:15:00+05:30,Galle_Southern,28.7,257.45330800291686,605.0,3.8,34.70550157300579
2026-09-28T14:30:00+05:30,Galle_Southern,28.6,258.8750500251509,575.0,3.68,38.35745033142399
2026-09-28T14:45:00+05:30,Galle_Southern,28.5,260.07109995409655,544.0,3.67,42.025768244963196
2026-09-28T15:00:00+05:30,Galle_Southern,28.3,261.0957553686251,511.0,3.71,45.70648750752063
2026-09-28T15:15:00+05:30,Galle_Southern,28.2,261.98760752890223,478.0,3.8,49.39680745154557
2026-09-28T15:30:00+05:30,Galle_Southern,28.1,262.7748267585439,447.0,3.85,53.094696606465355
2026-09-28T15:45:00+05:30,Galle_Southern,28.0,263.47846948792653,413.0,3.9,56.798645337490214
2026-09-28T16:00:00+05:30,Galle_Southern,27.9,264.1146149663781,373.0,3.95,60.507507251769646
2026-09-28T16:15:00+05:30,Galle_Southern,27.8,264.69578622169064,325.0,3.96,64.22039585221347
2026-09-28T16:30:00+05:30,Galle_Southern,27.7,265.231919568265,273.0,3.91,67.93661331361403
2026-09-28T16:45:00+05:30,Galle_Southern,27.6,265.7310424021674,220.0,3.81,71.65560086822339
2026-09-28T17:00:00+05:30,Galle_Southern,27.5,266.1997582389354,169.0,3.66,75.37690493926951
2026-09-28T17:15:00+05:30,Galle_Southern,27.4,266.6436015031454,123.0,3.45,79.10015136781372
2026-09-28T17:30:00+05:30,Galle_Southern,27.2,267.0673034860657,79.0,3.25,82.82502621547827
2026-09-28T17:45:00+05:30,Galle_Southern,27.0,267.47499729243,42.0,3.06,86.55126263518898
2026-09-28T18:00:00+05:30,Galle_Southern,26.8,267.8703806042155,11.0,2.87,90.27862944679659
2026-09-28T18:15:00+05:30,Galle_Southern,26.5,268.2568502710969,0.0,2.69,94.00692195581455
2026-09-28T18:30:00+05:30,Galle_Southern,26.3,268.6376193563538,0.0,2.55,97.73595581696564
2026-09-28T18:45:00+05:30,Galle_Southern,26.0,269.01582489423197,0.0,2.53,101.46556041851933
2026-09-28T19:00:00+05:30,Galle_Southern,25.8,269.39463426054743,0.0,2.56,105.19557284287747
2026-09-28T19:15:00+05:30,Galle_Southern,25.6,269.77735817121334,0.0,2.6,108.92583352107954
2026-09-28T19:30:00+05:30,Galle_Southern,25.5,270.1675790313124,0.0,2.55,112.65618018139864
2026-09-28T19:45:00+05:30,Galle_Southern,25.4,270.5693062695827,0.0,2.32,116.38644113886393
2026-09-28T20:00:00+05:30,Galle_Southern,25.4,270.98717465272125,0.0,2.06,120.11642884430428
2026-09-28T20:15:00+05:30,Galle_Southern,25.4,271.42670841322473,0.0,1.87,123.8459298762946
2026-09-28T20:30:00+05:30,Galle_Southern,25.4,271.8946867200069,0.0,1.84,127.57469165713391
2026-09-28T20:45:00+05:30,Galle_Southern,25.4,272.3996669014426,0.0,1.81,131.3024054886997
2026-09-28T21:00:00+05:30,Galle_Southern,25.3,272.95275765213756,0.0,1.81,135.02867976495986
2026-09-28T21:15:00+05:30,Galle_Southern,25.3,273.5688006245779,0.0,1.77,138.75299952105516
2026-09-28T21:30:00+05:30,Galle_Southern,25.3,274.2682424666251,0.0,1.77,142.4746642791494
2026-09-28T21:45:00+05:30,Galle_Southern,25.3,275.0802223932104,0.0,1.84,146.19268336384982
2026-09-28T22:00:00+05:30,Galle_Southern,25.4,276.04790948000993,0.0,1.97,149.90559496385356
2026-09-28T22:15:00+05:30,Galle_Southern,25.4,277.2382581082551,0.0,2.15,153.61113614819567
2026-09-28T22:30:00+05:30,Galle_Southern,25.5,278.76108751905394,0.0,2.28,157.30559131213346
2026-09-28T22:45:00+05:30,Galle_Southern,25.5,280.8096811841943,0.0,2.37,160.98239395057087
2026-09-28T23:00:00+05:30,Galle_Southern,25.5,283.75698345658435,0.0,2.44,164.62876738569764
2026-09-28T23:15:00+05:30,Galle_Southern,25.5,288.417742290307,0.0,2.47,168.21632344920377
2026-09-28T23:30:00+05:30,Galle_Southern,25.4,296.9032728795662,0.0,2.48,171.66861994594456
2026-09-28T23:45:00+05:30,Galle_Southern,25.4,315.89640216642624,0.0,2.26,174.7135507851571
2026-09-29T00:00:00+05:30,Galle_Southern,25.3,1.0766071556752195,0.0,2.0,176.19743022856807
2026-09-29T00:15:00+05:30,Galle_Southern,25.2,45.26190015048576,0.0,1.82,174.6194052726761
2026-09-29T00:30:00+05:30,Galle_Southern,25.2,63.64231463049168,0.0,1.75,171.54898557360832
2026-09-29T00:45:00+05:30,Galle_Southern,25.1,71.92126870926256,0.0,1.81,168.08930044184427
2026-09-29T01:00:00+05:30,Galle_Southern,25.1,76.49703680994998,0.0,1.96,164.49889687938725
2026-09-29T01:15:00+05:30,Galle_Southern,25.1,79.40275563279073,0.0,2.2,160.85123158480098
2026-09-29T01:30:00+05:30,Galle_Southern,25.1,81.42855050962555,0.0,2.39,157.17381203150305
2026-09-29T01:45:00+05:30,Galle_Southern,25.0,82.93797665134082,0.0,2.53,153.47908934092146
2026-09-29T02:00:00+05:30,Galle_Southern,24.9,84.12016974754494,0.0,2.64,149.77348815917185
2026-09-29T02:15:00+05:30,Galle_Southern,24.8,85.08290372793005,0.0,2.68,146.0606556262907
2026-09-29T02:30:00+05:30,Galle_Southern,24.7,85.8920374792678,0.0,2.73,142.34281940634955
2026-09-29T02:45:00+05:30,Galle_Southern,24.6,86.5901158284803,0.0,2.63,138.62142125740505
2026-09-29T03:00:00+05:30,Galle_Southern,24.5,87.20590546743801,0.0,2.52,134.89744104686923
2026-09-29T03:15:00+05:30,Galle_Southern,24.4,87.75962395143085,0.0,2.45,131.17157403740612
2026-09-29T03:30:00+05:30,Galle_Southern,24.4,88.26597045525813,0.0,2.5,127.444332175343
2026-09-29T03:45:00+05:30,Galle_Southern,24.3,88.7359660027559,0.0,2.73,123.7161067180175
2026-09-29T04:00:00+05:30,Galle_Southern,24.2,89.17811691841973,0.0,3.08,119.9872081217907
2026-09-29T04:15:00+05:30,Galle_Southern,24.2,89.59917746873498,0.0,3.44,116.25789102256172
2026-09-29T04:30:00+05:30,Galle_Southern,24.1,90.00466647713802,0.0,3.59,112.52837255776042
2026-09-29T04:45:00+05:30,Galle_Southern,24.1,90.39922902510136,0.0,3.36,108.79884560207856
2026-09-29T05:00:00+05:30,Galle_Southern,24.0,90.7868986617882,0.0,2.98,105.06948730849392
2026-09-29T05:15:00+05:30,Galle_Southern,23.9,91.17129466536682,0.0,2.62,101.34046715332913
2026-09-29T05:30:00+05:30,Galle_Southern,23.9,91.55577738294954,0.0,2.38,97.61195379886053
2026-09-29T05:45:00+05:30,Galle_Southern,23.9,91.94357749033361,0.0,2.23,93.88411985869871
2026-09-29T06:00:00+05:30,Galle_Southern,24.0,92.33791031246483,0.0,2.07,90.15714802995957
2026-09-29T06:15:00+05:30,Galle_Southern,24.1,92.7420844213936,11.0,1.93,86.43123750215214
2026-09-29T06:30:00+05:30,Galle_Southern,24.2,93.1596126561326,32.0,1.86,82.70660956041438
2026-09-29T06:45:00+05:30,Galle_Southern,24.3,93.5943331859379,53.0,1.88,78.98351584297671
2026-09-29T07:00:00+05:30,Galle_Southern,24.4,94.05054963168521,73.0,1.95,75.26224833970448
2026-09-29T07:15:00+05:30,Galle_Southern,24.6,94.53320135842648,96.0,2.04,71.54315039182251
2026-09-29T07:30:00+05:30,Galle_Southern,24.8,95.04807804034732,121.0,2.06,67.82663274709759
2026-09-29T07:45:00+05:30,Galle_Southern,25.0,95.60209874504864,151.0,2.04,64.1131946775194
2026-09-29T08:00:00+05:30,Galle_Southern,25.2,96.20368478749083,188.0,2.0,60.40345087969979
2026-09-29T08:15:00+05:30,Galle_Southern,25.4,96.8632691030225,235.0,1.91,56.69817047962782
2026-09-29T08:30:00+05:30,Galle_Southern,25.7,97.59400822170545,301.0,1.85,52.998331782157635
2026-09-29T08:45:00+05:30,Galle_Southern,26.1,98.41280051053616,377.0,1.8,49.30519939875344
2026-09-29T09:00:00+05:30,Galle_Southern,26.5,99.34177660751584,456.0,1.79,45.620439965627305
2026-09-29T09:15:00+05:30,Galle_Southern,27.0,100.41053809332465,525.0,1.88,41.94629712033462
2026-09-29T09:30:00+05:30,Galle_Southern,27.4,101.65961656302949,585.0,2.03,38.28586273760761
2026-09-29T09:45:00+05:30,Galle_Southern,27.7,103.14598670685808,639.0,2.32,34.64351674983262
2026-09-29T10:00:00+05:30,Galle_Southern,28.0,104.95216410896478,691.0,2.75,31.02566457445402
2026-09-29T10:15:00+05:30,Galle_Southern,28.3,107.20180483363583,747.0,3.16,27.44202842147852
2026-09-29T10:30:00+05:30,Galle_Southern,28.6,110.08756740531794,808.0,3.47,23.908032118550864
2026-09-29T10:45:00+05:30,Galle_Southern,28.8,113.92290980234435,866.0,3.63,20.449460624966065
2026-09-29T11:00:00+05:30,Galle_Southern,29.0,119.24110741592563,912.0,3.68,17.112140327867266
2026-09-29T11:15:00+05:30,Galle_Southern,29.1,126.98033461405527,935.0,3.68,13.983190490193607
2026-09-29T11:30:00+05:30,Galle_Southern,29.2,138.7546812344737,937.0,3.73,11.238058339676186
2026-09-29T11:45:00+05:30,Galle_Southern,29.2,156.71050950515655,924.0,3.83,9.225988336601048
2026-09-29T12:00:00+05:30,Galle_Southern,29.1,180.76716531621972,900.0,4.0,8.485555076845145
2026-09-29T12:15:00+05:30,Galle_Southern,28.9,204.55439708512455,871.0,4.11,9.324775289197746
2026-09-29T12:30:00+05:30,Galle_Southern,28.8,222.05583468894787,831.0,4.23,11.399963491349368
2026-09-29T12:45:00+05:30,Galle_Southern,28.7,233.50132413015714,785.0,4.3,14.178420389455425
2026-09-29T13:00:00+05:30,Galle_Southern,28.6,241.0412598539366,736.0,4.37,17.325019744798183
2026-09-29T13:15:00+05:30,Galle_Southern,28.4,246.23887692664408,689.0,4.38,20.672316383425496
2026-09-29T13:30:00+05:30,Galle_Southern,28.3,249.99803853847925,639.0,4.33,24.136939882652996
2026-09-29T13:45:00+05:30,Galle_Southern,28.1,252.8331749791708,590.0,4.1,27.67484219763086
2026-09-29T14:00:00+05:30,Galle_Southern,27.9,255.04751087126394,547.0,3.81,31.26113438879726
2026-09-29T14:15:00+05:30,Galle_Southern,27.6,256.8279571208227,514.0,3.47,34.88087353959667
2026-09-29T14:30:00+05:30,Galle_Southern,27.4,258.2947985421182,492.0,3.36,38.52461093871366
2026-09-29T14:45:00+05:30,Galle_Southern,27.3,259.5284866986671,474.0,3.53,42.186106074471546
2026-09-29T15:00:00+05:30,Galle_Southern,27.1,260.58468043417815,449.0,3.87,45.86108226450799
2026-09-29T15:15:00+05:30,Galle_Southern,27.0,261.5030408274562,412.0,4.23,49.546514627355585
2026-09-29T15:30:00+05:30,Galle_Southern,26.8,262.31257358122946,367.0,4.26,53.24020575955651
2026-09-29T15:45:00+05:30,Galle_Southern,26.7,263.03498738938504,319.0,3.83,56.940521095073
2026-09-29T16:00:00+05:30,Galle_Southern,26.6,263.6868717635223,274.0,3.13,60.64621876215627
2026-09-29T16:15:00+05:30,Galle_Southern,26.4,264.28114948775647,235.0,2.38,64.35633836077776
2026-09-29T16:30:00+05:30,Galle_Southern,26.3,264.8280697855982,199.0,1.91,68.07012427492967
2026-09-29T16:45:00+05:30,Galle_Southern,26.2,265.33590373019103,165.0,1.81,71.7869722011718
2026-09-29T17:00:00+05:30,Galle_Southern,26.1,265.81144230945733,132.0,1.98,75.50639251962845
2026-09-29T17:15:00+05:30,Galle_Southern,26.0,266.26036074664694,99.0,2.21,79.22798252886467
2026-09-29T17:30:00+05:30,Galle_Southern,26.0,266.6874912946035,66.0,2.29,82.95140579913897
2026-09-29T17:45:00+05:30,Galle_Southern,25.9,267.0970328835911,37.0,2.23,86.67637799151497
2026-09-29T18:00:00+05:30,Galle_Southern,25.8,267.4927168185004,10.0,2.06,90.40265468262534
2026-09-29T18:15:00+05:30,Galle_Southern,25.8,267.87794276060083,0.0,1.92,94.13002166387356
2026-09-29T18:30:00+05:30,Galle_Southern,25.8,268.25589571647913,0.0,1.86,97.85828848500907
2026-09-29T18:45:00+05:30,Galle_Southern,25.8,268.6296522615971,0.0,1.93,101.58728167976301
2026-09-29T19:00:00+05:30,Galle_Southern,25.8,269.00228374873166,0.0,2.07,105.31683873762769
2026-09-29T19:15:00+05:30,Galle_Southern,25.9,269.3769642027496,0.0,2.18,109.04680393765113
2026-09-29T19:30:00+05:30,Galle_Southern,25.9,269.75709111733624,0.0,2.24,112.7770226740315
2026-09-29T19:45:00+05:30,Galle_Southern,26.0,270.14642999173606,0.0,2.19,116.5073353673474
2026-09-29T20:00:00+05:30,Galle_Southern,26.0,270.549297374787,0.0,2.11,120.23757196035692
2026-09-29T20:15:00+05:30,Galle_Southern,26.0,270.9708033816939,0.0,1.98,123.96754330654532
2026-09-29T20:30:00+05:30,Galle_Southern,26.0,271.41718629410286,0.0,1.94,127.69702994579748
2026-09-29T20:45:00+05:30,Galle_Southern,26.0,271.89629101464527,0.0,1.92,131.42576817814904
2026-09-29T21:00:00+05:30,Galle_Southern,26.0,272.41827610952146,0.0,1.91,135.1534278556698
2026-09-29T21:15:00+05:30,Galle_Southern,25.9,272.9966952911227,0.0,1.9,138.87957897707852
2026-09-29T21:30:00+05:30,Galle_Southern,25.8,273.65021376998175,0.0,1.9,142.6036407038026
2026-09-29T21:45:00+05:30,Galle_Southern,25.7,274.40544602204943,0.0,1.9,146.32479502300149
2026-09-29T22:00:00+05:30,Galle_Southern,25.6,275.301877706535,0.0,1.85,150.0418372641742
2026-09-29T22:15:00+05:30,Galle_Southern,25.5,276.40090259444577,0.0,1.85,153.75290287985536
2026-09-29T22:30:00+05:30,Galle_Southern,25.5,277.80360710250966,0.0,1.85,157.45492489603797
2026-09-29T22:45:00+05:30,Galle_Southern,25.5,279.68895318714794,0.0,1.97,161.1424613386855
2026-09-29T23:00:00+05:30,Galle_Southern,25.5,282.4054905274939,0.0,2.11,164.8048477214948
2026-09-29T23:15:00+05:30,Galle_Southern,25.5,286.7270470238497,0.0,2.26,168.41808332642375
2026-09-29T23:30:00+05:30,Galle_Southern,25.5,294.72402152652035,0.0,2.37,171.91586850515174
2026-09-29T23:45:00+05:30,Galle_Southern,25.4,313.4752418748835,0.0,2.36,175.04711274254083
2026-09-30T00:00:00+05:30,Galle_Southern,25.3,2.5965681178587943,0.0,2.31,176.58311290133338
2026-09-30T00:15:00+05:30,Galle_Southern,25.1,48.96236725107474,0.0,2.3,174.8245603737478
2026-09-30T00:30:00+05:30,Galle_Southern,25.0,66.28589239279319,0.0,2.33,171.64174029394889
2026-09-30T00:45:00+05:30,Galle_Southern,25.0,73.83966313018936,0.0,2.39,168.12988339366865
2026-09-30T01:00:00+05:30,Galle_Southern,24.9,77.98359466811428,0.0,2.44,164.5112778428413
2026-09-30T01:15:00+05:30,Galle_Southern,24.9,80.61378410532336,0.0,2.53,160.84640571221968
2026-09-30T01:30:00+05:30,Galle_Southern,24.9,82.451525569088,0.0,2.62,157.15760475160846
2026-09-30T01:45:00+05:30,Galle_Southern,24.9,83.82573205220882,0.0,2.71,153.4549328044111
2026-09-30T02:00:00+05:30,Galle_Southern,24.8,84.90677964838466,0.0,2.85,149.74356967528308
2026-09-30T02:15:00+05:30,Galle_Southern,24.8,85.7915436905945,0.0,3.0,146.0264556289253
2026-09-30T02:30:00+05:30,Galle_Southern,24.8,86.53916646197683,0.0,3.11,142.3053890668758
2026-09-30T02:45:00+05:30,Galle_Southern,24.8,87.1878479750182,0.0,3.17,138.58153707982154
2026-09-30T03:00:00+05:30,Galle_Southern,24.8,87.76343037863751,0.0,3.19,134.85569639455093
2026-09-30T03:15:00+05:30,Galle_Southern,24.8,88.28409719513286,0.0,3.16,131.12843612823195
2026-09-30T03:30:00+05:30,Galle_Southern,24.8,88.76309427920643,0.0,3.16,127.40017912267598
2026-09-30T03:45:00+05:30,Galle_Southern,24.8,89.21038116241556,0.0,3.19,123.67125251735959
2026-09-30T04:00:00+05:30,Galle_Southern,24.7,89.63367514700872,0.0,3.16,119.94192008481963
2026-09-30T04:15:00+05:30,Galle_Southern,24.7,90.03913619593453,0.0,3.2,116.21240233021156
2026-09-30T04:30:00+05:30,Galle_Southern,24.7,90.43183160444346,0.0,3.16,112.48289158907035
2026-09-30T04:45:00+05:30,Galle_Southern,24.7,90.81606226624922,0.0,3.02,108.75356310012455
2026-09-30T05:00:00+05:30,Galle_Southern,24.7,91.19560033062231,0.0,2.84,105.02458208192816
2026-09-30T05:15:00+05:30,Galle_Southern,24.7,91.5738693062745,0.0,2.67,101.29611079959392
2026-09-30T05:30:00+05:30,Galle_Southern,24.7,91.95408741440264,0.0,2.55,97.56831479658959
2026-09-30T05:45:00+05:30,Galle_Southern,24.7,92.33938860812356,0.0,2.45,93.84136729300843
2026-09-30T06:00:00+05:30,Galle_Southern,24.7,92.73293149137379,0.0,2.42,90.1154551678617
2026-09-30T06:15:00+05:30,Galle_Southern,24.7,93.13800478161909,14.0,2.44,86.39078540392354
2026-09-30T06:30:00+05:30,Galle_Southern,24.8,93.55813713892371,45.0,2.49,82.66759091502622
2026-09-30T06:45:00+05:30,Galle_Southern,25.1,93.99721885292564,81.0,2.62,78.94613922743525
2026-09-30T07:00:00+05:30,Galle_Southern,25.4,94.45964444007711,120.0,2.78,75.22674312763289
2026-09-30T07:15:00+05:30,Galle_Southern,25.7,94.9504874780182,164.0,2.98,71.50977259889312
2026-09-30T07:30:00+05:30,Galle_Southern,26.0,95.47572218500073,214.0,3.13,67.79567218194376
2026-09-30T07:45:00+05:30,Galle_Southern,26.3,96.04251265633616,269.0,3.32,64.08498389639617
2026-09-30T08:00:00+05:30,Galle_Southern,26.5,96.659600030035,326.0,3.54,60.37837664111667
2026-09-30T08:15:00+05:30,Galle_Southern,26.8,97.33783184305713,379.0,3.77,56.67668868029805
2026-09-30T08:30:00+05:30,Galle_Southern,27.1,98.0909019192564,425.0,4.02,52.98098731316844
2026-09-30T08:45:00+05:30,Galle_Southern,27.4,98.93640782195894,468.0,4.24,49.29265306670238
2026-09-30T09:00:00+05:30,Galle_Southern,27.8,99.89739676268186,512.0,4.42,45.61350573758533
2026-09-30T09:15:00+05:30,Galle_Southern,28.1,101.00468333219379,566.0,4.6,41.94599479361493
2026-09-30T09:30:00+05:30,Galle_Southern,28.4,102.30042164089139,631.0,4.8,38.293494206968
2026-09-30T09:45:00+05:30,Galle_Southern,28.7,103.84377890737267,699.0,4.95,34.66077930809351
2026-09-30T10:00:00+05:30,Galle_Southern,28.8,105.72025353157636,761.0,5.11,31.054823920875428
2026-09-30T10:15:00+05:30,Galle_Southern,29.0,108.05754509066225,805.0,5.22,27.48619043588051
2026-09-30T10:30:00+05:30,Galle_Southern,29.1,111.05362085425992,828.0,5.32,23.971581133286648
2026-09-30T10:45:00+05:30,Galle_Southern,29.2,115.02810372882612,840.0,5.37,20.53877723409373
2026-09-30T11:00:00+05:30,Galle_Southern,29.2,120.51803791386828,851.0,5.41,17.23675198108478
2026-09-30T11:15:00+05:30,Galle_Southern,29.3,128.44834113423508,871.0,5.45,14.15733789155307
2026-09-30T11:30:00+05:30,Galle_Southern,29.3,140.34911579156721,899.0,5.45,11.481104655894129
2026-09-30T11:45:00+05:30,Galle_Southern,29.4,158.09009881680527,928.0,5.45,9.553150150506298
2026-09-30T12:00:00+05:30,Galle_Southern,29.5,181.2700912234724,951.0,5.4,8.875314549451176
2026-09-30T12:15:00+05:30,Galle_Southern,29.6,204.0489358287782,961.0,5.3,9.712952269178558
2026-09-30T12:30:00+05:30,Galle_Southern,29.7,221.0868784787968,962.0,5.25,11.746203521799032
2026-09-30T12:45:00+05:30,Galle_Southern,29.7,232.4570645976129,955.0,5.15,14.479866515109094
2026-09-30T13:00:00+05:30,Galle_Southern,29.7,240.05665302139977,942.0,5.07,17.59035921679782
2026-09-30T13:15:00+05:30,Galle_Southern,29.7,245.3432361299152,924.0,4.99,20.9101729335391
2026-09-30T13:30:00+05:30,Galle_Southern,29.6,249.18819201658044,902.0,4.96,24.353841136584776
2026-09-30T13:45:00+05:30,Galle_Southern,29.6,252.09797340289035,874.0,5.02,27.8754827285071
2026-09-30T14:00:00+05:30,Galle_Southern,29.6,254.37521719579635,841.0,5.11,31.448896790258708
2026-09-30T14:15:00+05:30,Galle_Southern,29.5,256.2082189111078,804.0,5.2,35.058237371618524
2026-09-30T14:30:00+05:30,Galle_Southern,29.4,257.7189554457009,763.0,5.25,38.69343240728481
2026-09-30T14:45:00+05:30,Galle_Southern,29.3,258.9894022547776,718.0,5.25,42.347804167739326
2026-09-30T15:00:00+05:30,Galle_Southern,29.2,260.0764744891459,670.0,5.16,46.016763243592635
2026-09-30T15:15:00+05:30,Galle_Southern,29.1,261.02083609369646,617.0,5.12,49.69705662494004
2026-09-30T15:30:00+05:30,Galle_Southern,29.0,261.852284143667,563.0,5.03,53.38631739762563
2026-09-30T15:45:00+05:30,Galle_Southern,28.9,262.59314985548923,506.0,4.98,57.082782925384734
2026-09-30T16:00:00+05:30,Galle_Southern,28.7,263.26051237738056,447.0,4.93,60.785113147261356
2026-09-30T16:15:00+05:30,Galle_Southern,28.6,263.8676795939689,385.0,4.88,64.49227142738123
2026-09-30T16:30:00+05:30,Galle_Southern,28.4,264.42520297700605,323.0,4.74,68.20344233643388
2026-09-30T16:45:00+05:30,Galle_Southern,28.2,264.9415893386607,262.0,4.54,71.91797426425319
2026-09-30T17:00:00+05:30,Galle_Southern,28.0,265.4238110830163,203.0,4.24,75.63533997601762
2026-09-30T17:15:00+05:30,Galle_Southern,27.8,265.877679485983,146.0,3.93,79.35510680543679
2026-09-30T17:30:00+05:30,Galle_Southern,27.5,266.3081239269407,93.0,3.69,83.07691451743622
2026-09-30T17:45:00+05:30,Galle_Southern,27.3,266.71940594821126,48.0,3.44,86.80046003603945
2026-09-30T18:00:00+05:30,Galle_Southern,27.1,267.1152876666741,11.0,3.21,90.52548448498683
2026-09-30T18:15:00+05:30,Galle_Southern,26.9,267.4991689703106,0.0,3.02,94.25176293572557
2026-09-30T18:30:00+05:30,Galle_Southern,26.7,267.8742042947098,0.0,2.83,97.97909758913742
2026-09-30T18:45:00+05:30,Galle_Southern,26.6,268.2434071641711,0.0,2.66,101.7073108115152
2026-09-30T19:00:00+05:30,Galle_Southern,26.6,268.60975007720623,0.0,2.52,105.43623907200354
2026-09-30T19:15:00+05:30,Galle_Southern,26.6,268.97626710770913,0.0,2.45,109.16572890549942
2026-09-30T19:30:00+05:30,Galle_Southern,26.6,269.3461669057051,0.0,2.38,112.89563155295386
2026-09-30T19:45:00+05:30,Galle_Southern,26.6,269.72296610371427,0.0,2.38,116.62579741220142
2026-09-30T20:00:00+05:30,Galle_Southern,26.6,270.110656615338,0.0,2.38,120.35607137682754
2026-09-30T20:15:00+05:30,Galle_Southern,26.6,270.5139258348998,0.0,2.44,124.08628548091879
2026-09-30T20:30:00+05:30,Galle_Southern,26.6,270.938459281004,0.0,2.45,127.81624953086643
2026-09-30T20:45:00+05:30,Galle_Southern,26.6,271.39137255892376,0.0,2.43,131.54573994507527
2026-09-30T21:00:00+05:30,Galle_Southern,26.5,271.88184940273896,0.0,2.45,135.27448172021525
2026-09-30T21:15:00+05:30,Galle_Southern,26.5,272.42211820309745,0.0,2.39,139.0021214762491
2026-09-30T21:30:00+05:30,Galle_Southern,26.5,273.0290040265801,0.0,2.38,142.72818673847505
2026-09-30T21:45:00+05:30,Galle_Southern,26.4,273.726500356099,0.0,2.3,146.45201653684222
2026-09-30T22:00:00+05:30,Galle_Southern,26.4,274.55024334611676,0.0,2.19,150.172641125165
2026-09-30T22:15:00+05:30,Galle_Southern,26.3,275.5557612584148,0.0,2.06,153.88856184595375
2026-09-30T22:30:00+05:30,Galle_Southern,26.2,276.83480332493275,0.0,2.08,157.59731152696747
2026-09-30T22:45:00+05:30,Galle_Southern,25.9,278.55068978667236,0.0,2.28,161.29449816303344
2026-09-30T23:00:00+05:30,Galle_Southern,25.6,281.0243056670819,0.0,2.59,164.97145916540018
2026-09-30T23:15:00+05:30,Galle_Southern,25.3,284.9790292145035,0.0,2.87,168.6084624933804
2026-09-30T23:30:00+05:30,Galle_Southern,25.1,292.4110009808888,0.0,2.93,172.14963530127736
2026-09-30T23:45:00+05:30,Galle_Southern,24.9,310.70522849156964,0.0,2.59,175.36947953762262
2026-10-01T00:00:00+05:30,Galle_Southern,24.8,4.478394595520854,0.0,2.0,176.96549054624307
2026-10-01T00:15:00+05:30,Galle_Southern,24.7,52.93759757279827,0.0,1.54,175.00723400365882
2026-10-01T00:30:00+05:30,Galle_Southern,24.6,68.97707339061299,0.0,1.35,171.71753190664617
2026-10-01T00:45:00+05:30,Galle_Southern,24.6,75.76559585350532,0.0,1.35,168.15848964243168
2026-10-01T01:00:00+05:30,Galle_Southern,24.5,79.46919761119932,0.0,1.4,164.5147931493546
2026-10-01T01:15:00+05:30,Galle_Southern,24.5,81.82195208668236,0.0,1.45,160.83474670114393
2026-10-01T01:30:00+05:30,Galle_Southern,24.4,83.4714016502395,0.0,1.5,157.135982132273
2026-10-01T01:45:00+05:30,Galle_Southern,24.4,84.71059888948508,0.0,1.6,153.42640599195448
2026-10-01T02:00:00+05:30,Galle_Southern,24.3,85.69081261499332,0.0,1.7,149.71008600385352
2026-10-01T02:15:00+05:30,Galle_Southern,24.3,86.49791460464644,0.0,1.75,145.98933313845743
2026-10-01T02:30:00+05:30,Galle_Southern,24.3,87.18430096693612,0.0,1.81,142.26556451419458
2026-10-01T02:45:00+05:30,Galle_Southern,24.4,87.7838219442425,0.0,1.78,138.53970369288942
2026-10-01T03:00:00+05:30,Galle_Southern,24.4,88.31939801925864,0.0,1.74,134.81238531435307
2026-10-01T03:15:00+05:30,Galle_Southern,24.5,88.80718358699562,0.0,1.74,131.08406709258315
2026-10-01T03:30:00+05:30,Galle_Southern,24.5,89.25897611933323,0.0,1.72,127.35509340661716
2026-10-01T03:45:00+05:30,Galle_Southern,24.5,89.68367800107421,0.0,1.7,123.62573517523865
2026-10-01T04:00:00+05:30,Galle_Southern,24.5,90.08822114354717,0.0,1.7,119.89621548679912
2026-10-01T04:15:00+05:30,Galle_Southern,24.4,90.47817417070263,0.0,1.75,116.16672538738874
2026-10-01T04:30:00+05:30,Galle_Southern,24.3,90.8581552440188,0.0,1.85,112.43743612949902
2026-10-01T04:45:00+05:30,Galle_Southern,24.2,91.23212299237701,0.0,1.96,108.70850834198164
2026-10-01T05:00:00+05:30,Galle_Southern,24.1,91.60358970163821,0.0,2.0,104.98009783078948
2026-10-01T05:15:00+05:30,Galle_Southern,24.1,91.97578432936501,0.0,2.1,101.25236180347525
2026-10-01T05:30:00+05:30,Galle_Southern,24.1,92.35178392253596,0.0,2.1,97.52546457256828
2026-10-01T05:45:00+05:30,Galle_Southern,24.3,92.73462643276116,0.0,2.11,93.79958167028305
2026-10-01T06:00:00+05:30,Galle_Southern,24.5,93.12741425633237,0.0,2.02,90.07490574005419
2026-10-01T06:15:00+05:30,Galle_Southern,24.8,93.53341656911653,15.0,2.0,86.35165308084962
2026-10-01T06:30:00+05:30,Galle_Southern,25.1,93.9561779579978,51.0,1.94,82.63006974766436
2026-10-01T06:45:00+05:30,Galle_Southern,25.5,94.39964070661773,98.0,1.92,78.91044070513217
2026-10-01T07:00:00+05:30,Galle_Southern,25.8,94.8682898195226,154.0,1.93,75.19310117887775
2026-10-01T07:15:00+05:30,Galle_Southern,26.2,95.36733231624976,211.0,1.92,71.47844958587612
2026-10-01T07:30:00+05:30,Galle_Southern,26.6,95.90292569333184,265.0,1.98,67.76696627026973
2026-10-01T07:45:00+05:30,Galle_Southern,26.9,96.48247710505495,318.0,2.06,64.05923830923517
2026-10-01T08:00:00+05:30,Galle_Southern,27.2,97.11504451125109,370.0,2.16,60.3559915153848
2026-10-01T08:15:00+05:30,Galle_Southern,27.5,97.81188548657997,422.0,2.21,56.658136542578504
2026-10-01T08:30:00+05:30,Galle_Southern,27.8,98.5872241564287,472.0,2.35,52.966833649405096
2026-10-01T08:45:00+05:30,Galle_Southern,28.1,99.45934641094641,520.0,2.45,49.28358418694265
2026-10-01T09:00:00+05:30,Galle_Southern,28.3,100.45219879621675,565.0,2.6,45.61036727340928
2026-10-01T09:15:00+05:30,Galle_Southern,28.5,101.59778088664245,609.0,2.72,41.949846020250355
2026-10-01T09:30:00+05:30,Galle_Southern,28.7,102.93982238522972,650.0,2.84,38.305686465353105
2026-10-01T09:45:00+05:30,Galle_Southern,28.9,104.5396017649386,688.0,2.98,34.683072010607304
2026-10-01T10:00:00+05:30,Galle_Southern,29.1,106.48545392024312,723.0,3.11,31.089560633294454
2026-10-01T10:15:00+05:30,Galle_Southern,29.2,108.90884694926228,756.0,3.25,27.536573103244216
2026-10-01T10:30:00+05:30,Galle_Southern,29.4,112.01251612315195,784.0,3.35,24.042106514847035
2026-10-01T10:45:00+05:30,Galle_Southern,29.5,116.121141280026,810.0,3.45,20.63593646143873
2026-10-01T11:00:00+05:30,Galle_Southern,29.6,121.77322766823869,833.0,3.6,17.37010756645354
2026-10-01T11:15:00+05:30,Galle_Southern,29.7,129.8760136116644,856.0,3.66,14.340844837706427
2026-10-01T11:30:00+05:30,Galle_Southern,29.8,141.87117332257685,878.0,3.76,11.732858302810982
2026-10-01T11:45:00+05:30,Galle_Southern,29.9,159.37090502720628,898.0,3.81,9.8854123839714
2026-10-01T12:00:00+05:30,Galle_Southern,29.9,181.72346947661495,912.0,3.87,9.265218198387203
2026-10-01T12:15:00+05:30,Galle_Southern,30.0,203.5765755309597,917.0,3.87,10.1009248397786
2026-10-01T12:30:00+05:30,Galle_Southern,30.0,220.16974027498858,913.0,3.87,12.09440033330256
2026-10-01T12:45:00+05:30,Galle_Southern,30.0,231.45312361174587,903.0,3.87,14.78450320461927
2026-10-01T13:00:00+05:30,Galle_Southern,30.0,239.09978877672785,887.0,3.83,17.859152488901273
2026-10-01T13:15:00+05:30,Galle_Southern,30.0,244.46663368270572,868.0,3.78,21.15129677142771
2026-10-01T13:30:00+05:30,Galle_Southern,29.9,248.39177396161242,846.0,3.73,24.57366330098006
2026-10-01T13:45:00+05:30,Galle_Southern,29.9,251.37255691734427,819.0,3.68,28.07866056601182
2026-10-01T14:00:00+05:30,Galle_Southern,29.8,253.7102744524951,786.0,3.68,31.638822677418332
2026-10-01T14:15:00+05:30,Galle_Southern,29.8,255.59415185627387,746.0,3.62,35.23741648826503
2026-10-01T14:30:00+05:30,Galle_Southern,29.7,257.14758752466906,700.0,3.57,38.86374995413712
2026-10-01T14:45:00+05:30,Galle_Southern,29.6,258.45391671871266,651.0,3.52,42.51070671926444
2026-10-01T15:00:00+05:30,Galle_Southern,29.5,259.57120860369105,601.0,3.52,46.173381618814
2026-10-01T15:15:00+05:30,Galle_Southern,29.3,260.5410643271993,555.0,3.47,49.84829015028433
2026-10-01T15:30:00+05:30,Galle_Southern,29.2,261.3940289727857,510.0,3.42,53.53289268357059
2026-10-01T15:45:00+05:30,Galle_Southern,29.0,262.15302686780177,465.0,3.36,57.22529563713563
2026-10-01T16:00:00+05:30,Galle_Southern,28.8,262.8356063427033,417.0,3.31,60.92405823514514
2026-10-01T16:15:00+05:30,Galle_Southern,28.7,263.45544581816426,367.0,3.21,64.62806540344715
2026-10-01T16:30:00+05:30,Galle_Southern,28.5,264.02338840488216,316.0,3.16,68.33643997499692
2026-10-01T16:45:00+05:30,Galle_Southern,28.3,264.54816874824587,264.0,3.1,72.04848133524823
2026-10-01T17:00:00+05:30,Galle_Southern,28.1,265.03693463584784,209.0,3.0,75.76362311456819
2026-10-01T17:15:00+05:30,Galle_Southern,28.0,265.495628672581,151.0,2.9,79.48140130008049
2026-10-01T17:30:00+05:30,Galle_Southern,27.8,265.92927355375673,95.0,2.8,83.20143056429004
2026-10-01T17:45:00+05:30,Galle_Southern,27.7,266.34219025080074,47.0,2.65,86.9233878730329
2026-10-01T18:00:00+05:30,Galle_Southern,27.5,266.7381689198003,10.0,2.5,90.6469987013686
2026-10-01T18:15:00+05:30,Galle_Southern,27.4,267.12060713902497,0.0,2.35,94.3720261994548
2026-10-01T18:30:00+05:30,Galle_Southern,27.2,267.4926263216511,0.0,2.21,98.09826397981846
2026-10-01T18:45:00+05:30,Galle_Southern,27.1,267.8571744288157,0.0,2.07,101.82552892417036
2026-10-01T19:00:00+05:30,Galle_Southern,26.9,268.21712237725467,0.0,1.88,105.55365504386259
2026-10-01T19:15:00+05:30,Galle_Southern,26.8,268.57536116440133,0.0,1.71,109.2824895205204
2026-10-01T19:30:00+05:30,Galle_Southern,26.6,268.93490683966286,0.0,1.58,113.01188759369529
2026-10-01T19:45:00+05:30,Galle_Southern,26.5,269.29902246372797,0.0,1.46,116.74170747490001
2026-10-01T20:00:00+05:30,Galle_Southern,26.4,269.67136920740563,0.0,1.34,120.47180641246456
2026-10-01T20:15:00+05:30,Galle_Southern,26.2,270.0562035608493,0.0,1.28,124.20203444586937
2026-10-01T20:30:00+05:30,Galle_Southern,26.1,270.4586469848875,0.0,1.22,127.932226688121
2026-10-01T20:45:00+05:30,Galle_Southern,26.0,270.88506973391475,0.0,1.18,131.6621946349221
2026-10-01T21:00:00+05:30,Galle_Southern,26.0,271.34365718431445,0.0,1.14,135.39171187644484
2026-10-01T21:15:00+05:30,Galle_Southern,25.9,271.84527676199303,0.0,1.1,139.12049294889002
2026-10-01T21:30:00+05:30,Galle_Southern,25.9,272.4048573193012,0.0,1.1,142.84816189715596
2026-10-01T21:45:00+05:30,Galle_Southern,25.8,273.04367920597355,0.0,1.1,146.57419824878585
2026-10-01T22:00:00+05:30,Galle_Southern,25.8,273.79336958325604,0.0,1.07,150.29784337366087
2026-10-01T22:15:00+05:30,Galle_Southern,25.8,274.7032971109503,0.0,1.11,154.01792911066985
2026-10-01T22:30:00+05:30,Galle_Southern,25.7,275.85528701326103,0.0,1.08,157.73253359437393
2026-10-01T22:45:00+05:30,Galle_Southern,25.7,277.39572239408767,0.0,1.05,161.43822806200427
2026-10-01T23:00:00+05:30,Galle_Southern,25.7,279.61455687498983,0.0,1.1,165.12821223234613
2026-10-01T23:15:00+05:30,Galle_Southern,25.6,283.17486433751594,0.0,1.07,168.78682280243737
2026-10-01T23:30:00+05:30,Galle_Southern,25.6,289.9611299303933,0.0,1.07,172.36864785439454
2026-10-01T23:45:00+05:30,Galle_Southern,25.5,307.5250018220314,0.0,1.07,175.67817810341563
2026-10-02T00:00:00+05:30,Galle_Southern,25.5,6.870124349407547,0.0,1.07,177.34333726936666
2026-10-02T00:15:00+05:30,Galle_Southern,25.4,57.178747919877424,0.0,1.07,175.16506880972327
2026-10-02T00:30:00+05:30,Galle_Southern,25.4,71.70547653309472,0.0,1.07,171.77605098606182
2026-10-02T00:45:00+05:30,Galle_Southern,25.3,77.69488175269112,0.0,1.07,168.1751756862051
2026-10-02T01:00:00+05:30,Galle_Southern,25.3,80.95188072452197,0.0,1.12,164.50957079060493
2026-10-02T01:15:00+05:30,Galle_Southern,25.2,83.02618137185829,0.0,1.12,160.81639488408172
2026-10-02T01:30:00+05:30,Galle_Southern,25.1,84.48751011885582,0.0,1.12,157.10908300445837
2026-10-02T01:45:00+05:30,Galle_Southern,25.1,85.59212134324468,0.0,1.12,153.39364311280568
2026-10-02T02:00:00+05:30,Galle_Southern,25.0,86.47193401489989,0.0,1.12,149.67316645585282
2026-10-02T02:15:00+05:30,Galle_Southern,25.0,87.20175597856326,0.0,1.1,145.94941302833385
2026-10-02T02:30:00+05:30,Galle_Southern,24.9,87.82722850496293,0.0,1.1,142.22346677416735
2026-10-02T02:45:00+05:30,Galle_Southern,24.9,88.37785775298426,0.0,1.05,138.4960388204829
2026-10-02T03:00:00+05:30,Galle_Southern,24.8,88.87365120931764,0.0,1.08,134.7676226874304
2026-10-02T03:15:00+05:30,Galle_Southern,24.7,89.32874238149634,0.0,1.04,131.03857934349082
2026-10-02T03:30:00+05:30,Galle_Southern,24.7,89.75348730575172,0.0,1.03,127.30918527513077
2026-10-02T03:45:00+05:30,Galle_Southern,24.6,90.15573682617764,0.0,1.03,123.57966300984586
2026-10-02T04:00:00+05:30,Galle_Southern,24.6,90.54164190878436,0.0,0.99,119.85020090770085
2026-10-02T04:15:00+05:30,Galle_Southern,24.5,90.9161833437804,0.0,0.96,116.12096518650257
2026-10-02T04:30:00+05:30,Galle_Southern,24.5,91.2835329183439,0.0,0.97,112.39210970087512
2026-10-02T04:45:00+05:30,Galle_Southern,24.5,91.64730916783549,0.0,0.94,108.6637834692418
2026-10-02T05:00:00+05:30,Galle_Southern,24.5,92.01076621931367,0.0,0.99,104.93613538323417
2026-10-02T05:15:00+05:30,Galle_Southern,24.6,92.37693980773037,0.0,0.99,101.20931972723714
2026-10-02T05:30:00+05:30,Galle_Southern,24.7,92.74876682414146,0.0,0.99,97.48350145350851
2026-10-02T05:45:00+05:30,Galle_Southern,24.8,93.12918997181367,0.0,1.01,93.75886009079798
2026-10-02T06:00:00+05:30,Galle_Southern,25.0,93.52125595352175,0.0,0.97,90.0355956169926
2026-10-02T06:15:00+05:30,Galle_Southern,25.2,93.92821468918459,14.0,0.99,86.31393515157244
2026-10-02T06:30:00+05:30,Galle_Southern,25.5,94.35362674145551,48.0,0.99,82.59413938467233
2026-10-02T06:45:00+05:30,Galle_Southern,25.7,94.80148617227314,94.0,1.03,78.8765122489325
2026-10-02T07:00:00+05:30,Galle_Southern,26.0,95.2763679389418,148.0,1.08,75.16141302668268
2026-10-02T07:15:00+05:30,Galle_Southern,26.3,95.78361155600754,204.0,1.12,71.4492703328307
2026-10-02T07:30:00+05:30,Galle_Southern,26.6,96.32955629478022,258.0,1.19,67.74060228468893
2026-10-02T07:45:00+05:30,Galle_Southern,26.9,96.92185007843597,310.0,1.26,64.03604327832369
2026-10-02T08:00:00+05:30,Galle_Southern,27.2,97.56986425132874,363.0,1.33,60.33637868940402
2026-10-02T08:15:00+05:30,Galle_Southern,27.4,98.28526126603117,421.0,1.42,56.6425947230805
2026-10-02T08:30:00+05:30,Galle_Southern,27.7,99.08278773155445,486.0,1.51,52.955948436099334
2026-10-02T08:45:00+05:30,Galle_Southern,27.9,99.98140583374129,554.0,1.6,49.2780667315907
2026-10-02T09:00:00+05:30,Galle_Southern,28.1,101.00594255340513,618.0,1.7,45.61109394036084
2026-10-02T09:15:00+05:30,Galle_Southern,28.3,102.18955200594343,673.0,1.81,41.95791421939946
2026-10-02T09:30:00+05:30,Galle_Southern,28.5,103.5774889999372,716.0,1.92,38.3224949807245
2026-10-02T09:45:00+05:30,Galle_Southern,28.7,105.23305668181865,752.0,2.05,34.71043929097982
2026-10-02T10:00:00+05:30,Galle_Southern,28.8,107.24727228622152,781.0,2.17,31.12990318380818
2026-10-02T10:15:00+05:30,Galle_Southern,29.0,109.75508652439123,807.0,2.31,27.593180719231803
2026-10-02T10:30:00+05:30,Galle_Southern,29.1,112.96344992355364,829.0,2.44,24.11957410939526
2026-10-02T10:45:00+05:30,Galle_Southern,29.2,117.20099354599506,844.0,2.56,20.740840044064413
2026-10-02T11:00:00+05:30,Galle_Southern,29.3,123.00546773536223,851.0,2.65,17.511998507448865
2026-10-02T11:15:00+05:30,Galle_Southern,29.4,131.26249795135436,848.0,2.71,14.533318617250245
2026-10-02T11:30:00+05:30,Galle_Southern,29.4,143.32258106939616,831.0,2.76,11.992691435650698
2026-10-02T11:45:00+05:30,Galle_Southern,29.4,160.56062817995155,807.0,2.79,10.222145605802453
2026-10-02T12:00:00+05:30,Galle_Southern,29.4,182.13271293209863,782.0,2.82,9.655067770563264
2026-10-02T12:15:00+05:30,Galle_Southern,29.3,203.1332553487501,764.0,2.83,10.488511730355611
2026-10-02T12:30:00+05:30,Galle_Southern,29.3,219.3001544105707,751.0,2.8,12.444186254780988
2026-10-02T12:45:00+05:30,Galle_Southern,29.2,230.48739865696805,738.0,2.77,15.091943626055496
2026-10-02T13:00:00+05:30,Galle_Southern,29.1,238.16978703414537,724.0,2.74,18.131063298182553
2026-10-02T13:15:00+05:30,Galle_Southern,29.0,243.608725273968,706.0,2.72,21.39540449032937
2026-10-02T13:30:00+05:30,Galle_Southern,28.8,247.6086698683693,686.0,2.7,24.79616385141388
2026-10-02T13:45:00+05:30,Galle_Southern,28.7,250.65691257430626,663.0,2.65,28.284162860583827
2026-10-02T14:00:00+05:30,Galle_Southern,28.6,253.0527161349093,639.0,2.65,31.830720667862998
2026-10-02T14:15:00+05:30,Galle_Southern,28.4,254.98581116652065,613.0,2.61,35.41823528673781
2026-10-02T14:30:00+05:30,Galle_Southern,28.3,256.5807601533047,586.0,2.52,39.035399824547255
2026-10-02T14:45:00+05:30,Galle_Southern,28.1,257.922100070651,558.0,2.44,42.674659070649376
2026-10-02T15:00:00+05:30,Galle_Southern,28.0,259.06895465824186,526.0,2.3,46.33078986220185
2026-10-02T15:15:00+05:30,Galle_Southern,27.9,260.06379801595364,490.0,2.18,50.00007337084288
2026-10-02T15:30:00+05:30,Galle_Southern,27.7,260.9378805967358,450.0,2.06,53.67979441511712
2026-10-02T15:45:00+05:30,Galle_Southern,27.6,261.71469080853376,408.0,1.93,57.36792584508993
2026-10-02T16:00:00+05:30,Galle_Southern,27.5,262.4122259177064,364.0,1.79,61.06292382796727
2026-10-02T16:15:00+05:30,Galle_Southern,27.3,263.04452043339535,318.0,1.64,64.76359278203108
2026-10-02T16:30:00+05:30,Galle_Southern,27.2,263.62269856516883,273.0,1.54,68.46899197490899
2026-10-02T16:45:00+05:30,Galle_Southern,27.0,264.1557149306821,226.0,1.45,72.17837016126978
2026-10-02T17:00:00+05:30,Galle_Southern,26.9,264.65088670245365,177.0,1.38,75.89112037272879
2026-10-02T17:15:00+05:30,Galle_Southern,26.7,265.11428312052914,127.0,1.28,79.60674590618613
2026-10-02T17:30:00+05:30,Galle_Southern,26.6,265.5510164175479,78.0,1.23,83.32483508888035
2026-10-02T17:45:00+05:30,Galle_Southern,26.4,265.9654638468709,37.0,1.19,87.0450437249257
2026-10-02T18:00:00+05:30,Galle_Southern,26.3,266.3614408752816,7.0,1.19,90.76708046081556
2026-10-02T18:15:00+05:30,Galle_Southern,26.1,266.7423402900706,0.0,1.17,94.49069533402754
2026-10-02T18:30:00+05:30,Galle_Southern,26.0,267.1112481000381,0.0,1.15,98.21567213221117
2026-10-02T18:45:00+05:30,Galle_Southern,25.8,267.4710442796828,0.0,1.14,101.94182093370006
2026-10-02T19:00:00+05:30,Galle_Southern,25.7,267.8244955498008,0.0,1.14,105.66897184555215
2026-10-02T19:15:00+05:30,Galle_Southern,25.5,268.1743468523705,0.0,1.08,109.39697107086667
2026-10-02T19:30:00+05:30,Galle_Southern,25.4,268.52341807111844,0.0,1.08,113.12567598054878
2026-10-02T19:45:00+05:30,Galle_Southern,25.2,268.8747142420495,0.0,1.07,116.85495039594585
2026-10-02T20:00:00+05:30,Galle_Southern,25.1,269.2315600244117,0.0,1.02,120.58466127512696
2026-10-02T20:15:00+05:30,Galle_Southern,25.0,269.597773281839,0.0,1.01,124.3146734166515
2026-10-02T20:30:00+05:30,Galle_Southern,24.9,269.9779007617146,0.0,1.0,128.04484317659777
2026-10-02T20:45:00+05:30,Galle_Southern,24.8,270.377552218904,0.0,1.0,131.77501193681917
2026-10-02T21:00:00+05:30,Galle_Southern,24.7,270.8038924587301,0.0,1.0,135.50499510423117
2026-10-02T21:15:00+05:30,Galle_Southern,24.6,271.2663942553102,0.0,1.0,139.23456608848878
2026-10-02T21:30:00+05:30,Galle_Southern,24.5,271.7780371805362,0.0,1.0,142.96343307195343
2026-10-02T21:45:00+05:30,Galle_Southern,24.5,272.35730108421654,0.0,1.01,146.69119864860141
2026-10-02T22:00:00+05:30,Galle_Southern,24.4,273.03165251723556,0.0,1.08,150.41728997330208
2026-10-02T22:15:00+05:30,Galle_Southern,24.3,273.8440199169425,0.0,1.09,154.1408311958568
2026-10-02T22:30:00+05:30,Galle_Southern,24.3,274.865741402926,0.0,1.11,157.86038573912612
2026-10-02T22:45:00+05:30,Galle_Southern,24.2,276.2250086420752,0.0,1.12,161.57338932686798
2026-10-02T23:00:00+05:30,Galle_Southern,24.2,278.1776308582336,0.0,1.14,165.27473468726123
2026-10-02T23:15:00+05:30,Galle_Southern,24.1,281.3163833953494,0.0,1.14,168.9525410085097
2026-10-02T23:30:00+05:30,Galle_Southern,24.1,287.37328713103045,0.0,1.16,172.57159204114396
2026-10-02T23:45:00+05:30,Galle_Southern,24.0,303.8655701429381,0.0,1.19,175.97014467310458
2026-10-03T00:00:00+05:30,Galle_Southern,24.0,10.00991609931782,0.0,1.19,177.71470915394738
2026-10-03T00:15:00+05:30,Galle_Southern,24.0,61.66477438986533,0.0,1.17,175.29579170060936
2026-10-03T00:30:00+05:30,Galle_Southern,23.9,74.4598642932699,0.0,1.17,171.81710321255733
2026-10-03T00:45:00+05:30,Galle_Southern,23.9,79.62332665979147,0.0,1.17,168.1800441580678
2026-10-03T01:00:00+05:30,Galle_Southern,23.9,82.42971837231272,0.0,1.15,164.49575978682793
2026-10-03T01:15:00+05:30,Galle_Southern,23.8,84.22542228396674,0.0,1.15,160.79150133074558
2026-10-03T01:30:00+05:30,Galle_Southern,23.8,85.49920014824306,0.0,1.11,157.0770519803213
2026-10-03T01:45:00+05:30,Galle_Southern,23.8,86.46985440132812,0.0,1.07,153.35678143529594
2026-10-03T02:00:00+05:30,Galle_Southern,23.8,87.24981563040001,0.0,1.07,149.63294173478533
2026-10-03T02:15:00+05:30,Galle_Southern,23.8,87.90281092662065,0.0,1.03,145.90682045297734
2026-10-03T02:30:00+05:30,Galle_Southern,23.7,88.4677383399769,0.0,1.03,142.17921635876934
2026-10-03T02:45:00+05:30,Galle_Southern,23.7,88.96977590856818,0.0,1.03,138.45065907088048
2026-10-03T03:00:00+05:30,Galle_Southern,23.6,89.42603237090964,0.0,1.03,134.7215218031195
2026-10-03T03:15:00+05:30,Galle_Southern,23.5,89.84863179096249,0.0,1.03,130.99208330688336
2026-10-03T03:30:00+05:30,Galle_Southern,23.4,90.24649764539811,0.0,1.03,127.26256264547774
2026-10-03T03:45:00+05:30,Galle_Southern,23.3,90.62643605035868,0.0,1.03,123.53314171300678
2026-10-03T04:00:00+05:30,Galle_Southern,23.3,90.99382225299917,0.0,1.03,119.80398003281587
2026-10-03T04:15:00+05:30,Galle_Southern,23.2,91.35305323208712,0.0,1.0,116.07522357761216
2026-10-03T04:30:00+05:30,Galle_Southern,23.2,91.7078575086062,0.0,1.0,112.34701245026174
2026-10-03T04:45:00+05:30,Galle_Southern,23.2,92.0615159322495,0.0,0.97,108.61948702736152
2026-10-03T05:00:00+05:30,Galle_Southern,23.2,92.41702633518003,0.0,0.97,104.89279175871516
2026-10-03T05:15:00+05:30,Galle_Southern,23.3,92.77723266224552,0.0,0.9,101.16708011395062
2026-10-03T05:30:00+05:30,Galle_Southern,23.4,93.14493272833425,0.0,0.87,97.44251953489689
2026-10-03T05:45:00+05:30,Galle_Southern,23.7,93.52297476847252,0.0,0.81,93.71929521492228
2026-10-03T06:00:00+05:30,Galle_Southern,24.0,93.91435030377801,0.0,0.72,89.99761601497994
2026-10-03T06:15:00+05:30,Galle_Southern,24.3,94.32229025293543,14.0,0.63,86.27772136160368
2026-10-03T06:30:00+05:30,Galle_Southern,24.7,94.7503711438427,48.0,0.56,82.5598880497674
2026-10-03T06:45:00+05:30,Galle_Southern,25.1,95.20263850850336,94.0,0.5,78.84444048825355
2026-10-03T07:00:00+05:30,Galle_Southern,25.6,95.6837565908661,149.0,0.43,75.1317636068626
2026-10-03T07:15:00+05:30,Galle_Southern,26.0,96.19919627560176,205.0,0.43,71.42231794478273
2026-10-03T07:30:00+05:30,Galle_Southern,26.5,96.75547686427984,260.0,0.47,67.7166613241177
2026-10-03T07:45:00+05:30,Galle_Southern,26.9,97.36048443587993,312.0,0.57,64.01547766549882
2026-10-03T08:00:00+05:30,Galle_Southern,27.3,98.02389984616644,365.0,0.66,60.31961448355051
2026-10-03T08:15:00+05:30,Galle_Southern,27.6,98.7577846722175,422.0,0.8,56.63013659790373
2026-10-03T08:30:00+05:30,Galle_Southern,27.9,99.57739937109261,483.0,0.91,52.94840156355102
2026-10-03T08:45:00+05:30,Galle_Southern,28.2,100.5023692506017,545.0,1.02,49.27616636550782
2026-10-03T09:00:00+05:30,Galle_Southern,28.4,101.55838120586861,605.0,1.19,45.615746146719985
2026-10-03T09:15:00+05:30,Galle_Southern,28.6,102.77971112196514,659.0,1.33,41.97025306047194
2026-10-03T09:30:00+05:30,Galle_Southern,28.8,104.21308503772832,706.0,1.46,38.34396450343732
2026-10-03T09:45:00+05:30,Galle_Southern,28.9,105.92373926249724,747.0,1.66,34.74291365657364
2026-10-03T10:00:00+05:30,Galle_Southern,29.1,108.00521220728922,785.0,1.79,31.17586658318021
2026-10-03T10:15:00+05:30,Galle_Southern,29.2,110.59564222426951,819.0,1.99,27.656002169100567
2026-10-03T10:30:00+05:30,Galle_Southern,29.3,113.90563465832156,852.0,2.13,24.203931959857485
2026-10-03T10:45:00+05:30,Galle_Southern,29.4,118.26667843126569,879.0,2.26,20.853369407492096
2026-10-03T11:00:00+05:30,Galle_Southern,29.4,124.21366585841264,899.0,2.4,17.6621950801176
2026-10-03T11:15:00+05:30,Galle_Southern,29.5,132.60718347007605,909.0,2.5,14.73435282561681
2026-10-03T11:30:00+05:30,Galle_Southern,29.6,144.70531642082062,907.0,2.57,12.25999293236245
2026-10-03T11:45:00+05:30,Galle_Southern,29.8,161.66635571074517,898.0,2.59,10.562772995009311
2026-10-03T12:00:00+05:30,Galle_Southern,30.0,182.50244077545165,886.0,2.55,10.044674823459204
2026-10-03T12:15:00+05:30,Galle_Southern,30.2,202.7155055333327,878.0,2.47,10.875539587910552
2026-10-03T12:30:00+05:30,Galle_Southern,30.3,218.47425499281655,870.0,2.43,12.795219206953533
2026-10-03T12:45:00+05:30,Galle_Southern,30.3,229.5578808318038,862.0,2.36,15.401819690589818
2026-10-03T13:00:00+05:30,Galle_Southern,30.2,237.26577072945707,850.0,2.33,18.405765743121606
2026-10-03T13:15:00+05:30,Galle_Southern,30.1,242.76915398845665,833.0,2.3,21.642218349348028
2026-10-03T13:30:00+05:30,Galle_Southern,30.0,246.83875389828086,812.0,2.23,25.021103694778887
2026-10-03T13:45:00+05:30,Galle_Southern,29.9,249.95101976871297,787.0,2.16,28.491779205309342
2026-10-03T14:00:00+05:30,Galle_Southern,29.7,252.4025712269812,759.0,2.11,32.02440143726649
2026-10-03T14:15:00+05:30,Galle_Southern,29.6,254.383249834274,727.0,2.04,35.60052012699321
2026-10-03T14:30:00+05:30,Galle_Southern,29.4,256.0185380992328,692.0,1.95,39.20822027639004
2026-10-03T14:45:00+05:30,Galle_Southern,29.3,257.3940228164133,654.0,1.86,42.83950869397618
2026-10-03T15:00:00+05:30,Galle_Southern,29.1,258.5697858685061,613.0,1.77,46.48884272994968
2026-10-03T15:15:00+05:30,Galle_Southern,28.9,259.589111576132,569.0,1.63,50.152266910102796
2026-10-03T15:30:00+05:30,Galle_Southern,28.8,260.48391391703296,524.0,1.55,53.826888019162524
2026-10-03T15:45:00+05:30,Galle_Southern,28.6,261.2782167799726,476.0,1.47,57.510542969328455
2026-10-03T16:00:00+05:30,Galle_Southern,28.4,261.990446360761,425.0,1.39,61.20158270857765
2026-10-03T16:15:00+05:30,Galle_Southern,28.2,262.63497894868624,371.0,1.29,64.898729209829
2026-10-03T16:30:00+05:30,Galle_Southern,28.1,263.2232093973842,319.0,1.22,68.60097644533282
2026-10-03T16:45:00+05:30,Galle_Southern,27.9,263.76430449245925,264.0,1.15,72.30752098424551
2026-10-03T17:00:00+05:30,Galle_Southern,27.8,264.2657448356065,207.0,1.1,76.01771385053812
2026-10-03T17:15:00+05:30,Galle_Southern,27.6,264.73372164586056,147.0,1.0,79.7310243499802
2026-10-03T17:30:00+05:30,Galle_Southern,27.5,265.17343295181183,89.0,0.96,83.44701323933668
2026-10-03T17:45:00+05:30,Galle_Southern,27.3,265.58930918390035,42.0,0.91,87.16531398268853
2026-10-03T18:00:00+05:30,Galle_Southern,27.2,265.98518844075113,8.0,0.87,90.88561723372665
2026-10-03T18:15:00+05:30,Galle_Southern,27.1,266.36445629836373,0.0,0.79,94.60765873662231
2026-10-03T18:30:00+05:30,Galle_Southern,26.9,266.7301610551913,0.0,0.76,98.33121122170697
2026-10-03T18:45:00+05:30,Galle_Southern,26.8,267.0851123716901,0.0,0.69,102.05607664386166
2026-10-03T19:00:00+05:30,Galle_Southern,26.6,267.43197028159494,0.0,0.68,105.78207975601813
2026-10-03T19:15:00+05:30,Galle_Southern,26.5,267.7733308508998,0.0,0.64,109.50906414492002
2026-10-03T19:30:00+05:30,Galle_Southern,26.3,268.111814438846,0.0,0.61,113.23688742019192
2026-10-03T19:45:00+05:30,Galle_Southern,26.2,268.45016387769095,0.0,0.6,116.96541678315043
2026-10-03T20:00:00+05:30,Galle_Southern,26.0,268.79136191273216,0.0,0.63,120.69452620931868
2026-10-03T20:15:00+05:30,Galle_Southern,25.9,269.13878055902035,0.0,0.62,124.42409194516443
2026-10-03T20:30:00+05:30,Galle_Southern,25.7,269.4963818905682,0.0,0.65,128.1539874307355
2026-10-03T20:45:00+05:30,Galle_Southern,25.6,269.86900100390653,0.0,0.7,131.88407860370978
2026-10-03T21:00:00+05:30,Galle_Southern,25.4,270.2627613644495,0.0,0.72,135.6142157084167
2026-10-03T21:15:00+05:30,Galle_Southern,25.3,270.68570957563696,0.0,0.78,139.3442216642804
2026-10-03T21:30:00+05:30,Galle_Southern,25.2,271.14882622915763,0.0,0.85,143.0738759080513
2026-10-03T21:45:00+05:30,Galle_Southern,25.0,271.6677087359736,0.0,0.92,146.80288584156068
2026-10-03T22:00:00+05:30,Galle_Southern,24.9,272.2655205581568,0.0,1.01,150.53083763679783
2026-10-03T22:15:00+05:30,Galle_Southern,24.8,272.97848544066346,0.0,1.03,154.25710691631846
2026-10-03T22:30:00+05:30,Galle_Southern,24.7,273.8669213355405,0.0,1.1,157.9806770794478
2026-10-03T22:45:00+05:30,Galle_Southern,24.6,275.0396323171797,0.0,1.17,161.69973789464657
2026-10-03T23:00:00+05:30,Galle_Southern,24.5,276.71517870244253,0.0,1.19,165.4106763111189
2026-10-03T23:15:00+05:30,Galle_Southern,24.4,279.4061226495143,0.0,1.26,169.10501842024007
2026-10-03T23:30:00+05:30,Galle_Southern,24.3,284.6488256079041,0.0,1.29,172.75713537603855
2026-10-03T23:45:00+05:30,Galle_Southern,24.2,299.65349026351697,0.0,1.32,176.24161059905683
2026-10-04T00:00:00+05:30,Galle_Southern,24.1,14.300346468202122,0.0,1.36,178.07630046055078
2026-10-04T00:15:00+05:30,Galle_Southern,24.0,66.36087560818788,0.0,1.43,175.39735652476259
2026-10-04T00:30:00+05:30,Galle_Southern,24.0,77.22840384840833,0.0,1.43,171.84061727564568
2026-10-04T00:45:00+05:30,Galle_Southern,23.9,81.54678067049247,0.0,1.5,168.17324258563718
2026-10-04T01:00:00+05:30,Galle_Southern,23.8,83.90083779475196,0.0,1.5,164.4735286765944
2026-10-04T01:15:00+05:30,Galle_Southern,23.7,85.41865815494691,0.0,1.57,160.7602265728192
2026-10-04T01:30:00+05:30,Galle_Southern,23.7,86.50584056451379,0.0,1.57,157.04003835106604
2026-10-04T01:45:00+05:30,Galle_Southern,23.6,87.34336479695935,0.0,1.57,153.3159602820341
2026-10-04T02:00:00+05:30,Galle_Southern,23.6,88.02413623825453,0.0,1.61,149.5895429902708
2026-10-04T02:15:00+05:30,Galle_Southern,23.5,88.60082659313747,0.0,1.61,145.86167993630994
2026-10-04T02:30:00+05:30,Galle_Southern,23.5,89.10562184066077,0.0,1.61,142.13293237814634
2026-10-04T02:45:00+05:30,Galle_Southern,23.4,89.55939772576232,0.0,1.61,138.40367906200999
2026-10-04T03:00:00+05:30,Galle_Southern,23.4,89.97638382930324,0.0,1.65,134.67419348777494
2026-10-04T03:15:00+05:30,Galle_Southern,23.4,90.36670927980902,0.0,1.62,130.94468655550043
2026-10-04T03:30:00+05:30,Galle_Southern,23.4,90.73787571383104,0.0,1.62,127.21533025041056
2026-10-04T03:45:00+05:30,Galle_Southern,23.4,91.09565248568634,0.0,1.6,123.48627349584237
2026-10-04T04:00:00+05:30,Galle_Southern,23.5,91.44464509480622,0.0,1.6,119.75765279928147
2026-10-04T04:15:00+05:30,Galle_Southern,23.5,91.78867122397332,0.0,1.57,116.02959841525005
2026-10-04T04:30:00+05:30,Galle_Southern,23.5,92.13101956782157,0.0,1.5,112.30224029890692
2026-10-04T04:45:00+05:30,Galle_Southern,23.6,92.47463592331894,0.0,1.43,108.5757131141598
2026-10-04T05:00:00+05:30,Galle_Southern,23.6,92.82226384239499,0.0,1.36,104.85015931123684
2026-10-04T05:15:00+05:30,Galle_Southern,23.7,93.17655700922609,0.0,1.3,101.12573362998573
2026-10-04T05:30:00+05:30,Galle_Southern,23.8,93.54017529876273,0.0,1.23,97.402607827173
2026-10-04T05:45:00+05:30,Galle_Southern,24.0,93.91587328126388,0.0,1.1,93.68097440606118
2026-10-04T06:00:00+05:30,Galle_Southern,24.1,94.30658780213923,0.0,1.01,89.96105263814187
2026-10-04T06:15:00+05:30,Galle_Southern,24.3,94.71553100020844,17.0,0.84,86.24309571969367
2026-10-04T06:30:00+05:30,Galle_Southern,24.5,95.14629529519146,58.0,0.72,82.52739800152057
2026-10-04T06:45:00+05:30,Galle_Southern,24.8,95.60297728705768,110.0,0.55,78.8143058455454
2026-10-04T07:00:00+05:30,Galle_Southern,25.0,96.0903297077736,172.0,0.41,75.1042313885999
2026-10-04T07:15:00+05:30,Galle_Southern,25.3,96.61395350690748,234.0,0.35,71.39766878612859
2026-10-04T07:30:00+05:30,Galle_Southern,25.6,97.18054603083795,294.0,0.41,67.69521744720352
2026-10-04T07:45:00+05:30,Galle_Southern,25.9,97.79822857860427,351.0,0.55,63.99761296261394
2026-10-04T08:00:00+05:30,Galle_Southern,26.3,98.47698721104268,406.0,0.73,60.305767481332765
2026-10-04T08:15:00+05:30,Galle_Southern,26.6,99.22927628924663,460.0,0.98,56.62082739306711
2026-10-04T08:30:00+05:30,Galle_Southern,26.9,100.07086067871899,512.0,1.19,52.9442543012573
2026-10-04T08:45:00+05:30,Galle_Southern,27.2,101.02201452095119,561.0,1.39,49.277939585977954
2026-10-04T09:00:00+05:30,Galle_Southern,27.5,102.10926253963567,606.0,1.66,45.624374483192064
2026-10-04T09:15:00+05:30,Galle_Southern,27.8,103.36796739236888,649.0,1.87,41.986905620835
2026-10-04T09:30:00+05:30,Galle_Southern,28.1,104.84626929549063,688.0,2.08,38.370128245137764
2026-10-04T09:45:00+05:30,Galle_Southern,28.4,106.61124170645633,724.0,2.29,34.780514904131884
2026-10-04T10:00:00+05:30,Galle_Southern,28.7,108.7587769350016,756.0,2.5,31.22745166862174
2026-10-04T10:15:00+05:30,Galle_Southern,29.0,111.42989888717523,785.0,2.68,27.725010353314254
2026-10-04T10:30:00+05:30,Galle_Southern,29.2,114.83830394802305,811.0,2.82,24.295110004920645
2026-10-04T10:45:00+05:30,Galle_Southern,29.4,119.317267486518,832.0,2.96,20.973385907498923
2026-10-04T11:00:00+05:30,Galle_Southern,29.5,125.39685148362753,848.0,3.07,17.820447685659715
2026-10-04T11:15:00+05:30,Galle_Southern,29.6,133.90969047030296,856.0,3.14,14.943530060885053
2026-10-04T11:30:00+05:30,Galle_Southern,29.7,146.021548579541,857.0,3.21,12.534170024536337
2026-10-04T11:45:00+05:30,Galle_Southern,29.8,162.69459435528108,851.0,3.25,10.906764232764885
2026-10-04T12:00:00+05:30,Galle_Southern,29.8,182.83662514998545,843.0,3.25,10.433858939598252
2026-10-04T12:15:00+05:30,Galle_Southern,29.8,202.32035130894639,836.0,3.26,11.261841883358343
2026-10-04T12:30:00+05:30,Galle_Southern,29.8,217.68854057516708,828.0,3.23,13.147180194134023
2026-10-04T12:45:00+05:30,Galle_Southern,29.8,228.66265866125266,819.0,3.2,15.713781470807461
2026-10-04T13:00:00+05:30,Galle_Southern,29.7,236.38687199965528,806.0,3.15,18.68294474488667
2026-10-04T13:15:00+05:30,Galle_Southern,29.6,241.94755396612874,789.0,3.1,21.891467051124167
2026-10-04T13:30:00+05:30,Galle_Southern,29.5,246.08189076204206,768.0,3.0,25.248248015708825
2026-10-04T13:45:00+05:30,Galle_Southern,29.4,249.2548511569513,744.0,2.91,28.701302483482486
2026-10-04T14:00:00+05:30,Galle_Southern,29.3,251.75986460646294,717.0,2.8,32.21967855074062
2026-10-04T14:15:00+05:30,Galle_Southern,29.2,253.78651875491653,686.0,2.71,35.78410014900076
2026-10-04T14:30:00+05:30,Galle_Southern,29.0,255.46098547903512,653.0,2.6,39.38205238198753
2026-10-04T14:45:00+05:30,Galle_Southern,28.9,256.8697558449768,617.0,2.5,43.00510598835489
2026-10-04T15:00:00+05:30,Galle_Southern,28.7,258.0737765790622,578.0,2.42,46.6473980518094
2026-10-04T15:15:00+05:30,Galle_Southern,28.6,259.1170811015626,536.0,2.28,50.30473462730521
2026-10-04T15:30:00+05:30,Galle_Southern,28.4,260.03220592830354,493.0,2.2,53.974042330340176
2026-10-04T15:45:00+05:30,Galle_Southern,28.3,260.84368230152216,448.0,2.12,57.65302001146474
2026-10-04T16:00:00+05:30,Galle_Southern,28.1,261.5703456095233,399.0,2.01,61.3399114154317
2026-10-04T16:15:00+05:30,Galle_Southern,27.9,262.22689977298455,349.0,1.9,65.03335426142469
2026-10-04T16:30:00+05:30,Galle_Southern,27.8,262.8249999346834,299.0,1.85,68.73227559227668
2026-10-04T16:45:00+05:30,Galle_Southern,27.6,263.3740173120984,247.0,1.81,72.43581831342868
2026-10-04T17:00:00+05:30,Galle_Southern,27.5,263.88159003103715,193.0,1.77,76.14329008433477
2026-10-04T17:15:00+05:30,Galle_Southern,27.4,264.3540266776207,137.0,1.68,79.85412496114475
2026-10-04T17:30:00+05:30,Galle_Southern,27.2,264.79660737867965,83.0,1.65,83.56785493787889
2026-10-04T17:45:00+05:30,Galle_Southern,27.1,265.21381268406986,38.0,1.61,87.28408998363919
2026-10-04T18:00:00+05:30,Galle_Southern,27.0,265.6095007004255,7.0,1.55,91.00250161292449
2026-10-04T18:15:00+05:30,Galle_Southern,26.9,265.98704743835987,0.0,1.52,94.72281010544633
2026-10-04T18:30:00+05:30,Galle_Southern,26.7,266.3494612625184,0.0,1.45,98.44477591153031
2026-10-04T18:45:00+05:30,Galle_Southern,26.6,266.6994792952537,0.0,1.39,102.16819154405262
2026-10-04T19:00:00+05:30,Galle_Southern,26.4,267.03965252348047,0.0,1.33,105.89287494546183
2026-10-04T19:15:00+05:30,Galle_Southern,26.3,267.3724254863415,0.0,1.25,109.61866543937374
2026-10-04T19:30:00+05:30,Galle_Southern,26.1,267.70021588119477,0.0,1.2,113.34541896647542
2026-10-04T19:45:00+05:30,Galle_Southern,26.0,268.0255004497719,0.0,1.17,117.07300384808892
2026-10-04T20:00:00+05:30,Galle_Southern,25.8,268.3509150142782,0.0,1.14,120.80129834693274
2026-10-04T20:15:00+05:30,Galle_Southern,25.7,268.67937905637234,0.0,1.08,124.53018678576348
2026-10-04T20:30:00+05:30,Galle_Southern,25.5,269.0142607670753,0.0,1.07,128.2595554480507
2026-10-04T20:45:00+05:30,Galle_Southern,25.4,269.3596074966765,0.0,1.08,131.98928937205275
2026-10-04T21:00:00+05:30,Galle_Southern,25.2,269.72048217159596,0.0,1.04,135.7192664693866
2026-09-27T21:15:00+05:30,Badulla_Uva,24.4,275.3906855680857,0.0,0.29,139.38232490134578
2026-09-27T21:30:00+05:30,Badulla_Uva,24.3,276.31342775038706,0.0,0.14,143.08651142319536
2026-09-27T21:45:00+05:30,Badulla_Uva,24.2,277.396022924727,0.0,0.05,146.78355967056726
2026-09-27T22:00:00+05:30,Badulla_Uva,24.1,278.69973532907994,0.0,0.11,150.47066206267573
2026-09-27T22:15:00+05:30,Badulla_Uva,23.9,280.3198066476966,0.0,0.25,154.1434410213705
2026-09-27T22:30:00+05:30,Badulla_Uva,23.8,282.41255500657,0.0,0.36,157.79466788660878
2026-09-27T22:45:00+05:30,Badulla_Uva,23.6,285.25238220490854,0.0,0.4,161.4115187812904
2026-09-27T23:00:00+05:30,Badulla_Uva,23.5,289.3635312998803,0.0,0.51,164.96903929904727
2026-09-27T23:15:00+05:30,Badulla_Uva,23.4,295.8593273615443,0.0,0.54,168.41233550988028
2026-09-27T23:30:00+05:30,Badulla_Uva,23.2,307.3955716477327,0.0,0.59,171.59963079807494
2026-09-27T23:45:00+05:30,Badulla_Uva,23.0,330.3343703189553,0.0,0.62,174.10019201809564
2026-09-28T00:00:00+05:30,Badulla_Uva,22.8,9.233372579673926,0.0,0.72,174.8039342240976
2026-09-28T00:15:00+05:30,Badulla_Uva,22.6,41.924818948855886,0.0,0.76,173.13413334309138
2026-09-28T00:30:00+05:30,Badulla_Uva,22.3,58.73081095757624,0.0,0.8,170.24141795247806
2026-09-28T00:45:00+05:30,Badulla_Uva,22.1,67.54158311821885,0.0,0.85,166.91310226690325
2026-09-28T01:00:00+05:30,Badulla_Uva,21.8,72.78423193514544,0.0,0.9,163.40937987025515
2026-09-28T01:15:00+05:30,Badulla_Uva,21.5,76.24492138123031,0.0,0.9,159.82149261566053
2026-09-28T01:30:00+05:30,Badulla_Uva,21.3,78.71079978780415,0.0,0.9,156.1875363840594
2026-09-28T01:45:00+05:30,Badulla_Uva,21.1,80.57125508920205,0.0,0.85,152.52587288170784
2026-09-28T02:00:00+05:30,Badulla_Uva,20.9,82.03838510789973,0.0,0.75,148.84636198644253
2026-09-28T02:15:00+05:30,Badulla_Uva,20.7,83.23689009783749,0.0,0.7,145.15475337056037
2026-09-28T02:30:00+05:30,Badulla_Uva,20.5,84.24469988375267,0.0,0.65,141.45462457977845
2026-09-28T02:45:00+05:30,Badulla_Uva,20.4,85.11299987388406,0.0,0.65,137.74832088170544
2026-09-28T03:00:00+05:30,Badulla_Uva,20.3,85.87683476737038,0.0,0.7,134.03744900337364
2026-09-28T03:15:00+05:30,Badulla_Uva,20.1,86.56106736579648,0.0,0.8,130.3231529355636
2026-09-28T03:30:00+05:30,Badulla_Uva,20.0,87.18389910063775,0.0,0.85,126.60627484282338
2026-09-28T03:45:00+05:30,Badulla_Uva,19.9,87.75904050254303,0.0,0.95,122.88745513014517
2026-09-28T04:00:00+05:30,Badulla_Uva,19.8,88.2971004299161,0.0,1.05,119.16719663387344
2026-09-28T04:15:00+05:30,Badulla_Uva,19.6,88.80650576146678,0.0,1.2,115.44590586038599
2026-09-28T04:30:00+05:30,Badulla_Uva,19.5,89.29412923709452,0.0,1.25,111.72392248218262
2026-09-28T04:45:00+05:30,Badulla_Uva,19.4,89.76573150141132,0.0,1.25,108.00154047159786
2026-09-28T05:00:00+05:30,Badulla_Uva,19.3,90.22628258569085,0.0,1.25,104.27902236772651
2026-09-28T05:15:00+05:30,Badulla_Uva,19.2,90.68020385160844,0.0,1.2,100.55661160323845
2026-09-28T05:30:00+05:30,Badulla_Uva,19.2,91.13155793986903,0.0,1.2,96.83454267396002
2026-09-28T05:45:00+05:30,Badulla_Uva,19.2,91.584205735713,0.0,1.2,93.11304856930197
2026-09-28T06:00:00+05:30,Badulla_Uva,19.2,92.04194373226272,0.0,1.25,89.39236915775338
2026-09-28T06:15:00+05:30,Badulla_Uva,19.5,92.50863280167948,22.0,1.2,85.67275962194337
2026-09-28T06:30:00+05:30,Badulla_Uva,20.1,92.98832800063144,63.0,1.15,81.95449801295106
2026-09-28T06:45:00+05:30,Badulla_Uva,21.3,93.48541831002774,113.0,1.0,78.2378955321416
2026-09-28T07:00:00+05:30,Badulla_Uva,22.9,94.00478671217434,171.0,0.8,74.52330876638047
2026-09-28T07:15:00+05:30,Badulla_Uva,24.5,94.552003301696,232.0,0.56,70.81115333769216
2026-09-28T07:30:00+05:30,Badulla_Uva,25.8,95.13356745359573,295.0,0.32,67.10192324344315
2026-09-28T07:45:00+05:30,Badulla_Uva,26.5,95.75722199551024,360.0,0.05,63.39621622811107
2026-09-28T08:00:00+05:30,Badulla_Uva,27.0,96.43237249443644,424.0,0.22,59.69476638716799
2026-09-28T08:15:00+05:30,Badulla_Uva,27.3,97.17066005455115,488.0,0.51,55.998491038998644
2026-09-28T08:30:00+05:30,Badulla_Uva,27.7,97.98676247680032,549.0,0.74,52.3085566222559
2026-09-28T08:45:00+05:30,Badulla_Uva,28.2,98.89954126149075,606.0,0.89,48.62647205316296
2026-09-28T09:00:00+05:30,Badulla_Uva,28.6,99.93372258452848,660.0,1.01,44.95422867678372
2026-09-28T09:15:00+05:30,Badulla_Uva,29.1,101.12242516724001,711.0,1.11,41.2945124861308
2026-09-28T09:30:00+05:30,Badulla_Uva,29.5,102.51106964178638,756.0,1.19,37.65103437551221
2026-09-28T09:45:00+05:30,Badulla_Uva,29.9,104.1636105699576,797.0,1.27,34.029066658076395
2026-09-28T10:00:00+05:30,Badulla_Uva,30.3,106.17280922200109,834.0,1.41,30.43634490163859
2026-09-28T10:15:00+05:30,Badulla_Uva,30.6,108.67778509184899,868.0,1.51,26.884650168813153
2026-09-28T10:30:00+05:30,Badulla_Uva,31.0,111.89510597399146,899.0,1.66,23.392730257487813
2026-09-28T10:45:00+05:30,Badulla_Uva,31.3,116.1755662211014,925.0,1.81,19.991984781515214
2026-09-28T11:00:00+05:30,Badulla_Uva,31.7,122.10854895087994,946.0,2.01,16.738131162309557
2026-09-28T11:15:00+05:30,Badulla_Uva,32.1,130.69880591684876,960.0,2.21,13.736010119671121
2026-09-28T11:30:00+05:30,Badulla_Uva,32.4,143.54026981930792,967.0,2.35,11.190146073157067
2026-09-28T11:45:00+05:30,Badulla_Uva,32.7,162.27008532676882,969.0,2.45,9.475758135800461
2026-09-28T12:00:00+05:30,Badulla_Uva,33.0,185.55435771769305,964.0,2.6,9.076911245066043
2026-09-28T12:15:00+05:30,Badulla_Uva,33.3,207.22073488603837,956.0,2.66,10.149902616914318
2026-09-28T12:30:00+05:30,Badulla_Uva,33.2,223.04799040417652,953.0,2.74,12.31586332199926
2026-09-28T12:45:00+05:30,Badulla_Uva,32.9,233.64830825117747,941.0,2.86,15.111909442299066
2026-09-28T13:00:00+05:30,Badulla_Uva,32.4,240.82312109678915,904.0,3.07,18.250691953572684
2026-09-28T13:15:00+05:30,Badulla_Uva,31.7,245.88048792465764,821.0,3.34,21.583172237219642
2026-09-28T13:30:00+05:30,Badulla_Uva,30.9,249.60243327477522,681.0,3.47,25.032083077081666
2026-09-28T13:45:00+05:30,Badulla_Uva,29.8,252.44851781819273,530.0,3.3,28.555238741798433
2026-09-28T14:00:00+05:30,Badulla_Uva,28.6,254.6967236325272,414.0,3.0,32.12819250626873
2026-09-28T14:15:00+05:30,Badulla_Uva,27.4,256.5219293919663,372.0,2.77,35.73597773877909
2026-09-28T14:30:00+05:30,Badulla_Uva,26.7,258.0385133037596,393.0,2.57,39.368984328079755
2026-09-28T14:45:00+05:30,Badulla_Uva,26.6,259.32398628447754,436.0,2.3,43.020786161685656
2026-09-28T15:00:00+05:30,Badulla_Uva,27.0,260.4325599723112,463.0,2.02,46.68693409257901
2026-09-28T15:15:00+05:30,Badulla_Uva,27.5,261.40322543600644,448.0,1.7,50.36425377900575
2026-09-28T15:30:00+05:30,Badulla_Uva,27.8,262.2647339123789,406.0,1.47,54.0504215228462
2026-09-28T15:45:00+05:30,Badulla_Uva,27.9,263.0387669416566,356.0,1.29,57.743696706570155
2026-09-28T16:00:00+05:30,Badulla_Uva,27.8,263.7420141274684,309.0,1.15,61.44274809088169
2026-09-28T16:15:00+05:30,Badulla_Uva,27.7,264.3875719467184,271.0,1.17,65.14653925040415
2026-09-28T16:30:00+05:30,Badulla_Uva,27.5,264.9859084758923,240.0,1.23,68.85424900036858
2026-09-28T16:45:00+05:30,Badulla_Uva,27.1,265.54554453915955,207.0,1.31,72.56521550769764
2026-09-28T17:00:00+05:30,Badulla_Uva,26.6,266.07354582813014,169.0,1.5,76.2788976426557
2026-09-28T17:15:00+05:30,Badulla_Uva,26.0,266.5758863977716,125.0,1.66,79.99484550245691
2026-09-28T17:30:00+05:30,Badulla_Uva,25.5,267.05772412418725,79.0,1.71,83.71267827887137
2026-09-28T17:45:00+05:30,Badulla_Uva,25.1,267.523615739723,38.0,1.41,87.43206873237376
2026-09-28T18:00:00+05:30,Badulla_Uva,24.6,267.97769035714504,7.0,0.89,91.1527297423455
2026-09-28T18:15:00+05:30,Badulla_Uva,24.1,268.4237958874885,0.0,0.51,94.87440333000042
2026-09-28T18:30:00+05:30,Badulla_Uva,23.8,268.8656295852022,0.0,0.54,98.59685283460755
2026-09-28T18:45:00+05:30,Badulla_Uva,23.6,269.30686174790856,0.0,0.57,102.31985461277729
2026-09-28T19:00:00+05:30,Badulla_Uva,23.6,269.7512616287056,0.0,0.42,106.04319019664933
2026-09-28T19:15:00+05:30,Badulla_Uva,23.5,270.2028351942103,0.0,0.28,109.76663988961798
2026-09-28T19:30:00+05:30,Badulla_Uva,23.5,270.66598568119247,0.0,0.18,113.48997423057965
2026-09-28T19:45:00+05:30,Badulla_Uva,23.4,271.14571195272333,0.0,0.18,117.21294413147804
2026-09-28T20:00:00+05:30,Badulla_Uva,23.4,271.6478657028973,0.0,0.21,120.93527025697097
2026-09-28T20:15:00+05:30,Badulla_Uva,23.3,272.17949801674183,0.0,0.28,124.65662731182839
2026-09-28T20:30:00+05:30,Badulla_Uva,23.3,272.74934305309114,0.0,0.35,128.3766226966141
2026-09-28T20:45:00+05:30,Badulla_Uva,23.2,273.36851516004964,0.0,0.39,132.09476780144294
2026-09-28T21:00:00+05:30,Badulla_Uva,23.1,274.0515448807637,0.0,0.4,135.81043358922943
2026-09-28T21:15:00+05:30,Badulla_Uva,23.0,274.81797010110773,0.0,0.47,139.52278278680544
2026-09-28T21:30:00+05:30,Badulla_Uva,22.9,275.6948689246993,0.0,0.47,143.23066369340674
2026-09-28T21:45:00+05:30,Badulla_Uva,22.9,276.7210566508319,0.0,0.43,146.93243161072874
2026-09-28T22:00:00+05:30,Badulla_Uva,22.9,277.9543738260078,0.0,0.4,150.62563775070979
2026-09-28T22:15:00+05:30,Badulla_Uva,22.9,279.48506329923873,0.0,0.32,154.3064562879642
2026-09-28T22:30:00+05:30,Badulla_Uva,22.8,281.4620168466864,0.0,0.32,157.96854626102515
2026-09-28T22:45:00+05:30,Badulla_Uva,22.8,284.1486570986249,0.0,0.34,161.60059079086824
2026-09-28T23:00:00+05:30,Badulla_Uva,22.7,288.05451912670776,0.0,0.41,165.18035234785813
2026-09-28T23:15:00+05:30,Badulla_Uva,22.6,294.2849048099773,0.0,0.46,168.6580853461727
2026-09-28T23:30:00+05:30,Badulla_Uva,22.5,305.58585497190563,0.0,0.51,171.90113369688441
2026-09-28T23:45:00+05:30,Badulla_Uva,22.4,329.11171059441835,0.0,0.52,174.4790285148705
2026-09-29T00:00:00+05:30,Badulla_Uva,22.3,10.959500123727878,0.0,0.6,175.17215667718818
2026-09-29T00:15:00+05:30,Badulla_Uva,22.3,44.70346748338011,0.0,0.63,173.36130512946883
2026-09-29T00:30:00+05:30,Badulla_Uva,22.2,60.97041757471112,0.0,0.65,170.36813900448723
2026-09-29T00:45:00+05:30,Badulla_Uva,22.2,69.27496893790004,0.0,0.69,166.98432685930482
2026-09-29T01:00:00+05:30,Badulla_Uva,22.1,74.17266007747986,0.0,0.74,163.44781877618598
2026-09-29T01:15:00+05:30,Badulla_Uva,22.0,77.39765390109557,0.0,0.76,159.8388934495712
2026-09-29T01:30:00+05:30,Badulla_Uva,21.9,79.69620796242094,0.0,0.74,156.19054773646755
2026-09-29T01:45:00+05:30,Badulla_Uva,21.8,81.43333595178535,0.0,0.68,152.51857225526697
2026-09-29T02:00:00+05:30,Badulla_Uva,21.7,82.80667546017719,0.0,0.57,148.83141709314717
2026-09-29T02:15:00+05:30,Badulla_Uva,21.7,83.93203632442066,0.0,0.46,145.1340025464473
2026-09-29T02:30:00+05:30,Badulla_Uva,21.6,84.88165623225069,0.0,0.4,141.42938961216242
2026-09-29T02:45:00+05:30,Badulla_Uva,21.5,85.70293711135662,0.0,0.4,137.71958667268154
2026-09-29T03:00:00+05:30,Badulla_Uva,21.4,86.4283252786417,0.0,0.4,134.00597240411827
2026-09-29T03:15:00+05:30,Badulla_Uva,21.3,87.08084853579646,0.0,0.46,130.2895317089483
2026-09-29T03:30:00+05:30,Badulla_Uva,21.3,87.67738161330772,0.0,0.51,126.5709930907457
2026-09-29T03:45:00+05:30,Badulla_Uva,21.2,88.23065705614454,0.0,0.56,122.85091425913731
2026-09-29T04:00:00+05:30,Badulla_Uva,21.2,88.75055155754,0.0,0.62,119.12973712878782
2026-09-29T04:15:00+05:30,Badulla_Uva,21.1,89.24493754196556,0.0,0.67,115.40782304924598
2026-09-29T04:30:00+05:30,Badulla_Uva,21.0,89.7202649193199,0.0,0.73,111.6854782884761
2026-09-29T04:45:00+05:30,Badulla_Uva,20.9,90.18197137119557,0.0,0.84,107.96297243644744
2026-09-29T05:00:00+05:30,Badulla_Uva,20.8,90.63478165877399,0.0,0.93,104.24055081293798
2026-09-29T05:15:00+05:30,Badulla_Uva,20.7,91.08293399455806,0.0,1.04,100.5184455248043
2026-09-29T05:30:00+05:30,Badulla_Uva,20.7,91.53035909205067,0.0,1.14,96.79688479812752
2026-09-29T05:45:00+05:30,Badulla_Uva,20.7,91.98082966288507,0.0,1.23,93.07609989597034
2026-09-29T06:00:00+05:30,Badulla_Uva,20.8,92.43809294793522,0.0,1.27,89.3563332533423
2026-09-29T06:15:00+05:30,Badulla_Uva,20.9,92.90599679363731,22.0,1.31,85.63784689034341
2026-09-29T06:30:00+05:30,Badulla_Uva,21.2,93.38861862863394,60.0,1.31,81.92093016700996
2026-09-29T06:45:00+05:30,Badulla_Uva,21.8,93.8904061478878,105.0,1.24,78.20591048901153
2026-09-29T07:00:00+05:30,Badulla_Uva,22.5,94.41634017033067,156.0,1.12,74.49316623981525
2026-09-29T07:15:00+05:30,Badulla_Uva,23.3,94.97213260607157,210.0,1.03,70.78314144455751
2026-09-29T07:30:00+05:30,Badulla_Uva,24.0,95.56447598207899,270.0,0.93,67.07636654461632
2026-09-29T07:45:00+05:30,Badulla_Uva,24.6,96.20136815718087,333.0,0.67,63.37348576483964
2026-09-29T08:00:00+05:30,Badulla_Uva,25.1,96.89254637277998,396.0,0.32,59.67529249244646
2026-09-29T08:15:00+05:30,Badulla_Uva,25.6,97.65008054801507,452.0,0.16,55.98278002968786
2026-09-29T08:30:00+05:30,Badulla_Uva,26.1,98.48920289760252,498.0,0.38,52.29721298578433
2026-09-29T08:45:00+05:30,Badulla_Uva,26.6,99.42949460764538,536.0,0.47,48.620228522525714
2026-09-29T09:00:00+05:30,Badulla_Uva,27.1,100.49662234434305,571.0,0.55,44.953987851148725
2026-09-29T09:15:00+05:30,Badulla_Uva,27.6,101.72494401868119,611.0,0.61,41.301405683581535
2026-09-29T09:30:00+05:30,Badulla_Uva,28.1,103.16152676692639,654.0,0.72,37.66650679325733
2026-09-29T09:45:00+05:30,Badulla_Uva,28.5,104.87252648602094,696.0,0.86,34.05500364902169
2026-09-29T10:00:00+05:30,Badulla_Uva,28.8,106.95364572066785,734.0,1.06,30.475264013008406
2026-09-29T10:15:00+05:30,Badulla_Uva,29.2,109.5478615588807,763.0,1.25,26.940000386732798
2026-09-29T10:30:00+05:30,Badulla_Uva,29.5,112.8764649497474,788.0,1.35,23.4693669339389
2026-09-29T10:45:00+05:30,Badulla_Uva,29.8,117.29471972984743,805.0,1.44,20.09692236744351
2026-09-29T11:00:00+05:30,Badulla_Uva,30.0,123.39098734740134,808.0,1.64,16.881660830487405
2026-09-29T11:15:00+05:30,Badulla_Uva,30.2,132.1438577749355,789.0,1.84,13.932873947831595
2026-09-29T11:30:00+05:30,Badulla_Uva,30.3,145.03624558522762,754.0,1.95,11.458218177844557
2026-09-29T11:45:00+05:30,Badulla_Uva,30.5,163.42796000202497,701.0,1.83,9.82285627133004
2026-09-29T12:00:00+05:30,Badulla_Uva,30.7,185.83459041778477,631.0,1.61,9.47199053404384
2026-09-29T12:15:00+05:30,Badulla_Uva,30.6,206.66346311472682,541.0,1.25,10.53476142563251
2026-09-29T12:30:00+05:30,Badulla_Uva,30.1,222.12676549142193,411.0,0.87,12.66002194333359
2026-09-29T12:45:00+05:30,Badulla_Uva,28.8,232.66775168534264,276.0,0.43,15.414379168760107
2026-09-29T13:00:00+05:30,Badulla_Uva,27.0,239.89326934686852,171.0,0.56,18.519214769735143
2026-09-29T13:15:00+05:30,Badulla_Uva,25.2,245.0279034836988,130.0,1.17,21.825441836182847
2026-09-29T13:30:00+05:30,Badulla_Uva,23.9,248.82600041007154,147.0,1.45,25.254062222173744
2026-09-29T13:45:00+05:30,Badulla_Uva,23.4,251.73947518797377,191.0,1.24,28.761311311845716
2026-09-29T14:00:00+05:30,Badulla_Uva,23.3,254.04521697458785,232.0,0.82,32.321574895554754
2026-09-29T14:15:00+05:30,Badulla_Uva,23.5,255.9189714995815,249.0,0.75,35.91906244415982
2026-09-29T14:30:00+05:30,Badulla_Uva,23.7,257.4764172484119,256.0,0.83,39.5435840302359
2026-09-29T14:45:00+05:30,Badulla_Uva,23.9,258.7963131527787,258.0,0.61,43.188300661381895
2026-09-29T15:00:00+05:30,Badulla_Uva,24.1,259.9339359020443,253.0,0.28,46.84846432019214
2026-09-29T15:15:00+05:30,Badulla_Uva,24.4,260.92914625132977,240.0,0.51,50.52068057426417
2026-09-29T15:30:00+05:30,Badulla_Uva,24.5,261.81139293124164,219.0,0.85,54.202460974226966
2026-09-29T15:45:00+05:30,Badulla_Uva,24.4,262.6029128184507,195.0,1.0,57.89193973424224
2026-09-29T16:00:00+05:30,Badulla_Uva,24.2,263.32083629253987,174.0,1.05,61.587689280792404
2026-09-29T16:15:00+05:30,Badulla_Uva,23.9,263.97860882347214,157.0,1.09,65.28859823666275
2026-09-29T16:30:00+05:30,Badulla_Uva,23.7,264.58697363303446,146.0,1.02,68.99378661032944
2026-09-29T16:45:00+05:30,Badulla_Uva,23.6,265.154666628643,131.0,0.82,72.70254617140202
2026-09-29T17:00:00+05:30,Badulla_Uva,23.5,265.6889189391674,110.0,0.54,76.41429910605407
2026-09-29T17:15:00+05:30,Badulla_Uva,23.5,266.1958281276958,81.0,0.36,80.12856658752177
2026-09-29T17:30:00+05:30,Badulla_Uva,23.4,266.6806392006272,49.0,0.36,83.84494522138438
2026-09-29T17:45:00+05:30,Badulla_Uva,23.2,267.14796341409885,22.0,0.25,87.56309049300071
2026-09-29T18:00:00+05:30,Badulla_Uva,23.1,267.60195404359126,3.0,0.1,91.28270259585095
2026-09-29T18:15:00+05:30,Badulla_Uva,22.9,268.046453669529,0.0,0.25,95.00351497286191
2026-09-29T18:30:00+05:30,Badulla_Uva,22.8,268.48512425320985,0.0,0.35,98.72528622417524
2026-09-29T18:45:00+05:30,Badulla_Uva,22.8,268.921568963979,0.0,0.38,102.44779171807042
2026-09-29T19:00:00+05:30,Badulla_Uva,22.7,269.3594546361616,0.0,0.35,106.17081585618374
2026-09-29T19:15:00+05:30,Badulla_Uva,22.7,269.80264415396744,0.0,0.36,109.89414597916655
2026-09-29T19:30:00+05:30,Badulla_Uva,22.7,270.255349193652,0.0,0.4,113.61756438644062
2026-09-29T19:45:00+05:30,Badulla_Uva,22.6,270.72231751422385,0.0,0.41,117.34083934111662
2026-09-29T20:00:00+05:30,Badulla_Uva,22.5,271.2090746118745,0.0,0.43,121.06371573820323
2026-09-29T20:15:00+05:30,Badulla_Uva,22.4,271.72224838239424,0.0,0.43,124.78590127045454
2026-09-29T20:30:00+05:30,Badulla_Uva,22.4,272.27002167484954,0.0,0.46,128.50704783462444
2026-09-29T20:45:00+05:30,Badulla_Uva,22.3,272.862784508305,0.0,0.47,132.22672687370257
2026-09-29T21:00:00+05:30,Badulla_Uva,22.3,273.51410417476677,0.0,0.49,135.9443910513359
2026-09-29T21:15:00+05:30,Badulla_Uva,22.3,274.2422175883014,0.0,0.47,139.65931580995047
2026-09-29T21:30:00+05:30,Badulla_Uva,22.2,275.07241249299875,0.0,0.46,143.3705080214072
2026-09-29T21:45:00+05:30,Badulla_Uva,22.2,276.0409856750419,0.0,0.45,147.0765517683124
2026-09-29T22:00:00+05:30,Badulla_Uva,22.2,277.20214546193944,0.0,0.4,150.77533889278305
2026-09-29T22:15:00+05:30,Badulla_Uva,22.1,278.6407532095515,0.0,0.36,154.46357079650076
2026-09-29T22:30:00+05:30,Badulla_Uva,22.1,280.4975204506294,0.0,0.36,158.13576234325092
2026-09-29T22:45:00+05:30,Badulla_Uva,22.0,283.0232732934397,0.0,0.4,161.78206871287023
2026-09-29T23:00:00+05:30,Badulla_Uva,21.9,286.70901302627976,0.0,0.45,165.38296299444852
2026-09-29T23:15:00+05:30,Badulla_Uva,21.8,292.6421618053747,0.0,0.56,168.89403960244027
2026-09-29T23:30:00+05:30,Badulla_Uva,21.7,303.63666915921226,0.0,0.62,172.19300925324066
2026-09-29T23:45:00+05:30,Badulla_Uva,21.6,327.70197623882245,0.0,0.62,174.85418008408362
2026-09-30T00:00:00+05:30,Badulla_Uva,21.4,12.953575715228055,0.0,0.61,175.53524505227367
2026-09-30T00:15:00+05:30,Badulla_Uva,21.1,47.66219770588822,0.0,0.55,173.5725123674184
2026-09-30T00:30:00+05:30,Badulla_Uva,20.9,63.26104793485638,0.0,0.55,170.48085738452716
2026-09-30T00:45:00+05:30,Badulla_Uva,20.7,71.0226488944752,0.0,0.5,167.04482491183745
2026-09-30T01:00:00+05:30,Badulla_Uva,20.5,75.56455522028529,0.0,0.5,163.47797654631427
2026-09-30T01:15:00+05:30,Badulla_Uva,20.3,78.55030841961377,0.0,0.45,159.8497524355388
2026-09-30T01:30:00+05:30,Badulla_Uva,20.1,80.68033745532301,0.0,0.45,156.18828912863103
2026-09-30T01:45:00+05:30,Badulla_Uva,19.9,82.29377683043992,0.0,0.5,152.50696681124072
2026-09-30T02:00:00+05:30,Badulla_Uva,19.7,83.57328359033852,0.0,0.55,148.81292534374063
2026-09-30T02:15:00+05:30,Badulla_Uva,19.5,84.62557962496686,0.0,0.6,145.1103181438854
2026-09-30T02:30:00+05:30,Badulla_Uva,19.4,85.51713071644872,0.0,0.65,141.40173015496217
2026-09-30T02:45:00+05:30,Badulla_Uva,19.2,86.29152213212194,0.0,0.7,137.68886002948105
2026-09-30T03:00:00+05:30,Badulla_Uva,19.1,86.97858816798424,0.0,0.8,133.9728771943554
2026-09-30T03:15:00+05:30,Badulla_Uva,19.0,87.59951649189844,0.0,0.9,130.25462087048692
2026-09-30T03:30:00+05:30,Badulla_Uva,18.9,88.16985375211732,0.0,0.95,126.53471571813319
2026-09-30T03:45:00+05:30,Badulla_Uva,18.8,88.70135475147742,0.0,1.0,122.81364411827236
2026-09-30T04:00:00+05:30,Badulla_Uva,18.6,89.20316490985635,0.0,1.0,119.0917927207615
2026-09-30T04:15:00+05:30,Badulla_Uva,18.5,89.68260328649433,0.0,1.05,115.3694821570056
2026-09-30T04:30:00+05:30,Badulla_Uva,18.4,90.14569804198646,0.0,1.05,111.64698884686722
2026-09-30T04:45:00+05:30,Badulla_Uva,18.2,90.59756487680102,0.0,1.05,107.92456091654833
2026-09-30T05:00:00+05:30,Badulla_Uva,18.1,91.04268413099408,0.0,1.05,104.20242891205055
2026-09-30T05:15:00+05:30,Badulla_Uva,17.9,91.48511157288931,0.0,1.0,100.480815716319
2026-09-30T05:30:00+05:30,Badulla_Uva,17.8,91.92864654831226,0.0,1.0,96.75994514024501
2026-09-30T05:45:00+05:30,Badulla_Uva,17.7,92.37697400871616,0.0,1.0,93.04004840363207
2026-09-30T06:00:00+05:30,Badulla_Uva,17.6,92.83379220523705,1.0,1.05,89.32137208464279
2026-09-30T06:15:00+05:30,Badulla_Uva,17.7,93.30293605799591,26.0,1.1,85.60418656384034
2026-09-30T06:30:00+05:30,Badulla_Uva,18.1,93.7885052802435,71.0,1.1,81.88879402798358
2026-09-30T06:45:00+05:30,Badulla_Uva,19.1,94.29500596514407,125.0,1.15,78.17553965641874
2026-09-30T07:00:00+05:30,Badulla_Uva,20.5,94.82751615926281,186.0,1.2,74.46482529601339
2026-09-30T07:15:00+05:30,Badulla_Uva,22.0,95.39188858363383,249.0,1.2,70.75712520059416
2026-09-30T07:30:00+05:30,Badulla_Uva,23.1,95.99500735887636,314.0,1.11,67.05300830785413
2026-09-30T07:45:00+05:30,Badulla_Uva,23.9,96.64512301676285,379.0,0.92,63.353167684904804
2026-09-30T08:00:00+05:30,Badulla_Uva,24.4,97.35230092692825,443.0,0.63,59.65845878860617
2026-09-30T08:15:00+05:30,Badulla_Uva,24.8,98.12903446913731,507.0,0.4,55.96995423073672
2026-09-30T08:30:00+05:30,Badulla_Uva,25.3,98.99110209611615,569.0,0.46,52.289020835085395
2026-09-30T08:45:00+05:30,Badulla_Uva,26.0,99.95879198472045,627.0,0.65,48.61742900233154
2026-09-30T09:00:00+05:30,Badulla_Uva,26.8,101.05869116086342,683.0,0.88,44.957516036078125
2026-09-30T09:15:00+05:30,Badulla_Uva,27.5,102.32636398906533,736.0,1.1,41.312433183024595
2026-09-30T09:30:00+05:30,Badulla_Uva,28.2,103.81046929354102,786.0,1.29,37.68652890371041
2026-09-30T09:45:00+05:30,Badulla_Uva,28.7,105.57926941121929,831.0,1.39,34.08596794667846
2026-09-30T10:00:00+05:30,Badulla_Uva,29.0,107.73123767630744,873.0,1.5,30.519764556020654
2026-09-30T10:15:00+05:30,Badulla_Uva,29.4,110.41289006504189,909.0,1.58,27.001577242001282
2026-09-30T10:30:00+05:30,Badulla_Uva,29.7,113.84962123457211,940.0,1.7,23.552974078175254
2026-09-30T10:45:00+05:30,Badulla_Uva,30.0,118.39992676916586,965.0,1.87,20.209649545811814
2026-09-30T11:00:00+05:30,Badulla_Uva,30.2,124.64871254127337,987.0,2.01,17.033747933675627
2026-09-30T11:15:00+05:30,Badulla_Uva,30.5,133.54443314899027,1005.0,2.2,14.138584751077033
2026-09-30T11:30:00+05:30,Badulla_Uva,30.7,146.4583112928974,1022.0,2.4,11.733874308713553
2026-09-30T11:45:00+05:30,Badulla_Uva,31.0,164.5005327487503,1034.0,2.62,10.173584861592957
2026-09-30T12:00:00+05:30,Badulla_Uva,31.4,186.08629330977476,1034.0,2.78,9.866812287720336
2026-09-30T12:15:00+05:30,Badulla_Uva,31.6,206.14057675237623,1016.0,2.99,10.919723947920517
2026-09-30T12:30:00+05:30,Badulla_Uva,31.6,221.25097960623256,978.0,3.11,13.006184878330174
2026-09-30T12:45:00+05:30,Badulla_Uva,31.1,231.7226989137563,930.0,3.22,15.719892792618367
2026-09-30T13:00:00+05:30,Badulla_Uva,30.3,238.98838380257274,883.0,3.28,18.791016309428983
2026-09-30T13:15:00+05:30,Badulla_Uva,29.5,244.19278872501613,846.0,3.28,22.07083532610241
2026-09-30T13:30:00+05:30,Badulla_Uva,29.0,248.06207004480493,815.0,3.27,25.47886081761223
2026-09-30T13:45:00+05:30,Badulla_Uva,29.1,251.03963577896056,785.0,3.19,28.969857154890228
2026-09-30T14:00:00+05:30,Badulla_Uva,29.6,253.40067023638116,756.0,3.11,32.51708694018371
2026-09-30T14:15:00+05:30,Badulla_Uva,30.1,255.3214040737447,726.0,3.05,36.103952250523406
2026-09-30T14:30:00+05:30,Badulla_Uva,30.4,256.91858201216843,699.0,3.05,39.719688029270586
2026-09-30T14:45:00+05:30,Badulla_Uva,30.4,258.27206584978137,670.0,3.1,43.35704221454098
2026-09-30T15:00:00+05:30,Badulla_Uva,30.4,259.43810521818256,633.0,3.25,47.01096585846595
2026-09-30T15:15:00+05:30,Badulla_Uva,30.3,260.45737057765075,585.0,3.36,50.6778418046604
2026-09-30T15:30:00+05:30,Badulla_Uva,30.1,261.3599680694338,530.0,3.42,54.355014193340274
2026-09-30T15:45:00+05:30,Badulla_Uva,29.8,262.1686624455128,471.0,3.41,58.04048959591741
2026-09-30T16:00:00+05:30,Badulla_Uva,29.4,262.9010055964314,410.0,3.45,61.7327418806255
2026-09-30T16:15:00+05:30,Badulla_Uva,28.9,263.57077815813363,348.0,3.35,65.43058274577541
2026-09-30T16:30:00+05:30,Badulla_Uva,28.4,264.18898834722495,286.0,3.2,69.13307164080479
2026-09-30T16:45:00+05:30,Badulla_Uva,27.8,264.7645795295064,226.0,2.85,72.83945237203922
2026-09-30T17:00:00+05:30,Badulla_Uva,27.1,265.30494240100063,171.0,2.41,76.54910902703529
2026-09-30T17:15:00+05:30,Badulla_Uva,26.4,265.8162933868597,121.0,1.96,80.26153255458665
2026-09-30T17:30:00+05:30,Badulla_Uva,25.9,266.3039608261945,77.0,1.63,83.97629575541015
2026-09-30T17:45:00+05:30,Badulla_Uva,25.5,266.7726072732048,38.0,1.46,87.69303566968269
2026-09-30T18:00:00+05:30,Badulla_Uva,25.2,267.226407298714,6.0,1.32,91.41143865495485
2026-09-30T18:15:00+05:30,Badulla_Uva,24.9,267.66919546696073,0.0,1.2,95.13122841774353
2026-09-30T18:30:00+05:30,Badulla_Uva,24.6,268.1045957816325,0.0,1.17,98.85215761372184
2026-09-30T18:45:00+05:30,Badulla_Uva,24.4,268.5361414814428,0.0,1.21,102.57399934151371
2026-09-30T19:00:00+05:30,Badulla_Uva,24.1,268.96739386376447,0.0,1.35,106.296539471323
2026-09-30T19:15:00+05:30,Badulla_Uva,23.9,269.40206908033076,0.0,1.5,110.01957081217009
2026-09-30T19:30:00+05:30,Badulla_Uva,23.7,269.84418278176094,0.0,1.57,113.74288562688284
2026-09-30T19:45:00+05:30,Badulla_Uva,23.5,270.29822595030777,0.0,1.5,117.46626742486346
2026-09-30T20:00:00+05:30,Badulla_Uva,23.3,270.76939043697837,0.0,1.37,121.18948281887418
2026-09-30T20:15:00+05:30,Badulla_Uva,23.1,271.2638708765943,0.0,1.24,124.91226943481396
2026-09-30T20:30:00+05:30,Badulla_Uva,23.0,271.7892847953585,0.0,1.1,128.6343198748525
2026-09-30T20:45:00+05:30,Badulla_Uva,22.9,272.3552778244987,0.0,0.86,132.35526085350398
2026-09-30T21:00:00+05:30,Badulla_Uva,22.9,272.97442441514556,0.0,0.61,136.07462058981537
2026-09-30T21:15:00+05:30,Badulla_Uva,22.9,273.6636153962526,0.0,0.29,139.7917791973663
2026-09-30T21:30:00+05:30,Badulla_Uva,22.8,274.4462767558245,0.0,0.1,143.50589139183893
2026-09-30T21:45:00+05:30,Badulla_Uva,22.7,275.3560687846462,0.0,0.15,147.2157554603196
2026-09-30T22:00:00+05:30,Badulla_Uva,22.6,276.44336242417,0.0,0.25,150.9195837474395
2026-09-30T22:15:00+05:30,Badulla_Uva,22.5,277.78725823100706,0.0,0.36,154.6145768266631
2026-09-30T22:30:00+05:30,Badulla_Uva,22.4,279.5195319791017,0.0,0.41,158.29606672625025
2026-09-30T22:45:00+05:30,Badulla_Uva,22.2,281.8767644947718,0.0,0.46,161.95563177371656
2026-09-30T23:00:00+05:30,Badulla_Uva,22.1,285.3274076582753,0.0,0.45,165.57641855486952
2026-09-30T23:15:00+05:30,Badulla_Uva,21.9,290.93004459528936,0.0,0.45,169.11948479986665
2026-09-30T23:30:00+05:30,Badulla_Uva,21.7,301.5374178671708,0.0,0.5,172.47408128950883
2026-09-30T23:45:00+05:30,Badulla_Uva,21.5,326.0632235046289,0.0,0.55,175.22477469322308
2026-10-01T00:00:00+05:30,Badulla_Uva,21.2,15.279264612473185,0.0,0.65,175.89193157855897
2026-10-01T00:15:00+05:30,Badulla_Uva,20.9,50.80248555483206,0.0,0.75,173.7662579098527
2026-10-01T00:30:00+05:30,Badulla_Uva,20.6,65.59710355242191,0.0,0.91,170.57919567310282
2026-10-01T00:45:00+05:30,Badulla_Uva,20.3,72.78154724396495,0.0,1.06,167.09456741509655
2026-10-01T01:00:00+05:30,Badulla_Uva,19.9,76.95825945074768,0.0,1.27,163.49992670657463
2026-10-01T01:15:00+05:30,Badulla_Uva,19.6,79.7019058708309,0.0,1.47,159.85417561638684
2026-10-01T01:30:00+05:30,Badulla_Uva,19.3,81.6625548143499,0.0,1.62,156.18087681973648
2026-10-01T01:45:00+05:30,Badulla_Uva,19.1,83.15213482799902,0.0,1.66,152.49117521811473
2026-10-01T02:00:00+05:30,Badulla_Uva,18.9,84.337879434836,0.0,1.71,148.79100494934403
2026-10-01T02:15:00+05:30,Badulla_Uva,18.7,85.31726086005261,0.0,1.7,145.0838168885743
2026-10-01T02:30:00+05:30,Badulla_Uva,18.6,86.15091101749192,0.0,1.7,141.37176114451162
2026-10-01T02:45:00+05:30,Badulla_Uva,18.4,86.87857478157616,0.0,1.7,137.65625407927257
2026-10-01T03:00:00+05:30,Badulla_Uva,18.2,87.52746609050064,0.0,1.7,133.93827478095864
2026-10-01T03:15:00+05:30,Badulla_Uva,18.1,88.11693046780357,0.0,1.71,130.21853022885927
2026-10-01T03:30:00+05:30,Badulla_Uva,17.9,88.66118701608355,0.0,1.71,126.49755105803862
2026-10-01T03:45:00+05:30,Badulla_Uva,17.8,89.17101425849756,0.0,1.71,122.77575167929709
2026-10-01T04:00:00+05:30,Badulla_Uva,17.6,89.65482803207016,0.0,1.77,119.05346911485003
2026-10-01T04:15:00+05:30,Badulla_Uva,17.4,90.11939565440224,0.0,1.77,115.33098769986505
2026-10-01T04:30:00+05:30,Badulla_Uva,17.3,90.57032498083873,0.0,1.77,111.6085575494711
2026-10-01T04:45:00+05:30,Badulla_Uva,17.0,91.01241096214261,0.0,1.77,107.88640822702934
2026-10-01T05:00:00+05:30,Badulla_Uva,16.7,91.44989053572039,0.0,1.76,104.1647579363949
2026-10-01T05:15:00+05:30,Badulla_Uva,16.6,91.88663784259217,0.0,1.71,100.44382242495531
2026-10-01T05:30:00+05:30,Badulla_Uva,16.6,92.32632148836313,0.0,1.66,96.72382292914338
2026-10-01T05:45:00+05:30,Badulla_Uva,17.0,92.77253910979584,0.0,1.56,93.00499229756223
2026-10-01T06:00:00+05:30,Badulla_Uva,17.7,93.22894023248614,1.0,1.45,89.28758281085497
2026-10-01T06:15:00+05:30,Badulla_Uva,18.4,93.69934692166959,24.0,1.35,85.57187471787641
2026-10-01T06:30:00+05:30,Badulla_Uva,19.3,94.1878810292202,67.0,1.2,81.85818453590228
2026-10-01T06:45:00+05:30,Badulla_Uva,20.2,94.69910663907285,122.0,1.05,78.14687676470459
2026-10-01T07:00:00+05:30,Badulla_Uva,21.2,95.23819828465508,186.0,0.9,74.438378357343
2026-10-01T07:15:00+05:30,Badulla_Uva,22.2,95.8111483118575,250.0,0.76,70.73319559071338
2026-10-01T07:30:00+05:30,Badulla_Uva,23.2,96.42503063021468,312.0,0.62,67.03193791254378
2026-10-01T07:45:00+05:30,Badulla_Uva,24.1,97.08834575312852,371.0,0.49,63.33534954294304
2026-10-01T08:00:00+05:30,Badulla_Uva,25.0,97.81148318098178,429.0,0.39,59.644350713100124
2026-10-01T08:15:00+05:30,Badulla_Uva,25.8,98.60735378134484,490.0,0.27,55.96009657234722
2026-10-01T08:30:00+05:30,Badulla_Uva,26.6,99.49227321159645,553.0,0.3,52.284060067695094
2026-10-01T08:45:00+05:30,Badulla_Uva,27.2,100.48722274086509,615.0,0.43,48.618149628197095
2026-10-01T09:00:00+05:30,Badulla_Uva,27.7,101.61968790854968,673.0,0.57,44.96488457295687
2026-10-01T09:15:00+05:30,Badulla_Uva,28.2,102.9264043179104,725.0,0.75,41.32766003252929
2026-10-01T09:30:00+05:30,Badulla_Uva,28.7,104.45756405053686,769.0,0.94,37.71115721977147
2026-10-01T09:45:00+05:30,Badulla_Uva,29.1,106.28343573018799,807.0,1.14,34.12200406218031
2026-10-01T10:00:00+05:30,Badulla_Uva,29.5,108.50508559091708,839.0,1.34,30.56987347689053
2026-10-01T10:15:00+05:30,Badulla_Uva,29.9,111.27224056041814,868.0,1.54,27.069380860347003
2026-10-01T10:30:00+05:30,Badulla_Uva,30.2,114.81377336821527,891.0,1.7,23.643509042617765
2026-10-01T10:45:00+05:30,Badulla_Uva,30.4,119.49019497316255,909.0,1.84,20.33005286415417
2026-10-01T11:00:00+05:30,Badulla_Uva,30.7,125.88067214367737,922.0,1.93,17.194160564135515
2026-10-01T11:15:00+05:30,Badulla_Uva,30.8,134.9001738797005,932.0,1.96,14.35272781169644
2026-10-01T11:30:00+05:30,Badulla_Uva,30.9,147.80914166321003,938.0,1.98,12.016517564525017
2026-10-01T11:45:00+05:30,Badulla_Uva,31.0,165.494947071591,940.0,1.94,10.527456775865431
2026-10-01T12:00:00+05:30,Badulla_Uva,31.0,186.3122371462896,935.0,1.81,10.261239117114599
2026-10-01T12:15:00+05:30,Badulla_Uva,30.9,205.6482325259779,924.0,1.7,11.30459202737029
2026-10-01T12:30:00+05:30,Badulla_Uva,30.8,220.41717315979258,906.0,1.63,13.354007180693841
2026-10-01T12:45:00+05:30,Badulla_Uva,30.6,230.81139578149717,883.0,1.57,16.02809351468393
2026-10-01T13:00:00+05:30,Badulla_Uva,30.4,238.1076914099977,855.0,1.54,19.06578156521583
2026-10-01T13:15:00+05:30,Badulla_Uva,30.1,243.37482334043992,823.0,1.67,22.319082308214817
2026-10-01T13:30:00+05:30,Badulla_Uva,29.9,247.31052599645545,790.0,1.75,25.706243928433736
2026-10-01T13:45:00+05:30,Badulla_Uva,29.6,250.3489777749342,752.0,1.9,29.18066765320244
2026-10-01T14:00:00+05:30,Badulla_Uva,29.3,252.76310665127573,709.0,2.03,32.71453938068982
2026-10-01T14:15:00+05:30,Badulla_Uva,29.0,254.72927239245945,659.0,2.14,36.29047229171398
2026-10-01T14:30:00+05:30,Badulla_Uva,28.6,256.36506378049074,601.0,2.16,39.89713235335708
2026-10-01T14:45:00+05:30,Badulla_Uva,28.2,257.75130591513306,541.0,2.1,43.52685525361309
2026-10-01T15:00:00+05:30,Badulla_Uva,27.8,258.9451320016202,485.0,2.0,47.17428974286646
2026-10-01T15:15:00+05:30,Badulla_Uva,27.4,259.9879636211615,436.0,1.87,50.83559378148789
2026-10-01T15:30:00+05:30,Badulla_Uva,26.9,260.91052497832845,394.0,1.7,54.50794176767135
2026-10-01T15:45:00+05:30,Badulla_Uva,26.4,261.7360816403443,354.0,1.5,58.18921039213241
2026-10-01T16:00:00+05:30,Badulla_Uva,25.9,262.48258796765424,313.0,1.35,61.877772908228366
2026-10-01T16:15:00+05:30,Badulla_Uva,25.4,263.1641460645945,271.0,1.2,65.57236223645384
2026-10-01T16:30:00+05:30,Badulla_Uva,24.9,263.7920190713661,230.0,1.17,69.2719756054851
2026-10-01T16:45:00+05:30,Badulla_Uva,24.4,264.37535023971157,189.0,1.15,72.97580736052838
2026-10-01T17:00:00+05:30,Badulla_Uva,24.0,264.92168400101525,146.0,1.21,76.6832021241454
2026-10-01T17:15:00+05:30,Badulla_Uva,23.7,265.4373510296824,102.0,1.25,80.39361935787853
2026-10-01T17:30:00+05:30,Badulla_Uva,23.4,265.9277592324239,61.0,1.32,84.10660686332366
2026-10-01T17:45:00+05:30,Badulla_Uva,23.2,266.3976192723134,26.0,1.29,87.8217820872037
2026-10-01T18:00:00+05:30,Badulla_Uva,23.1,266.8511241906511,4.0,1.24,91.53881641281131
2026-10-01T18:15:00+05:30,Badulla_Uva,23.0,267.2920979013906,0.0,1.14,95.25742265433641
2026-10-01T18:30:00+05:30,Badulla_Uva,22.9,267.72412385103564,0.0,1.04,98.97734631943398
2026-10-01T18:45:00+05:30,Badulla_Uva,22.9,268.1506626265883,0.0,0.93,102.69835694840759
2026-10-01T19:00:00+05:30,Badulla_Uva,22.9,268.57516697378276,0.0,0.78,106.42024046527155
2026-10-01T19:15:00+05:30,Badulla_Uva,23.0,269.00120279465773,0.0,0.62,110.14279355670739
2026-10-01T19:30:00+05:30,Badulla_Uva,23.0,269.4325854208658,0.0,0.46,113.86581661652487
2026-10-01T19:45:00+05:30,Badulla_Uva,23.0,269.87354361114933,0.0,0.35,117.589106251819
2026-10-01T20:00:00+05:30,Badulla_Uva,23.0,270.32892842321553,0.0,0.2,121.31244821405511
2026-10-01T20:15:00+05:30,Badulla_Uva,23.0,270.80449156139576,0.0,0.11,125.03560691059337
2026-10-01T20:30:00+05:30,Badulla_Uva,23.0,271.3072717661868,0.0,0.07,128.75831172674978
2026-10-01T20:45:00+05:30,Badulla_Uva,22.9,271.84615098613784,0.0,0.07,132.48023967287213
2026-10-01T21:00:00+05:30,Badulla_Uva,22.8,272.43268232158186,0.0,0.07,136.2009880909618
2026-10-01T21:15:00+05:30,Badulla_Uva,22.7,273.0823669552214,0.0,0.1,139.92003328216623
2026-10-01T21:30:00+05:30,Badulla_Uva,22.6,273.8166999867111,0.0,0.15,143.63666638605025
2026-10-01T21:45:00+05:30,Badulla_Uva,22.5,274.6665905544643,0.0,0.2,147.3498841890932
2026-10-01T22:00:00+05:30,Badulla_Uva,22.4,275.6783718477648,0.0,0.3,151.05819746617803
2026-10-01T22:15:00+05:30,Badulla_Uva,22.3,276.9250106403506,0.0,0.41,154.75927436492748
2026-10-01T22:30:00+05:30,Badulla_Uva,22.1,278.5285965020174,0.0,0.51,158.44921852683828
2026-10-01T22:45:00+05:30,Badulla_Uva,22.0,280.70980122480614,0.0,0.56,162.12096795791973
2026-10-01T23:00:00+05:30,Badulla_Uva,21.9,283.91036418330566,0.0,0.67,165.76027206871746
2026-10-01T23:15:00+05:30,Badulla_Uva,21.8,289.14804729512826,0.0,0.72,169.33369372026576
2026-10-01T23:30:00+05:30,Badulla_Uva,21.6,299.27777728460364,0.0,0.76,172.74305991857923
2026-10-01T23:45:00+05:30,Badulla_Uva,21.5,324.1414189274659,0.0,0.81,175.58969633908734
2026-10-02T00:00:00+05:30,Badulla_Uva,21.3,18.020005566267002,0.0,0.81,176.24053647648768
2026-10-02T00:15:00+05:30,Badulla_Uva,21.1,54.12192485455205,0.0,0.86,173.94101911113881
2026-10-02T00:30:00+05:30,Badulla_Uva,21.0,67.97224001848002,0.0,0.86,170.66283976545202
2026-10-02T00:45:00+05:30,Badulla_Uva,20.8,74.54849676984617,0.0,0.91,167.1335610330222
2026-10-02T01:00:00+05:30,Badulla_Uva,20.6,78.35211786314858,0.0,0.9,163.51376193982253
2026-10-02T01:15:00+05:30,Badulla_Uva,20.5,80.85148068666757,0.0,0.95,159.85227999146696
2026-10-02T01:30:00+05:30,Badulla_Uva,20.3,82.64223780420923,0.0,0.95,156.1684336691476
2026-10-02T01:45:00+05:30,Badulla_Uva,20.2,84.00797483718713,0.0,0.95,152.47132020553516
2026-10-02T02:00:00+05:30,Badulla_Uva,20.0,85.10013795886613,0.0,0.95,148.76577657747134
2026-10-02T02:15:00+05:30,Badulla_Uva,19.9,86.00682390594034,0.0,0.95,145.05461687313579
2026-10-02T02:30:00+05:30,Badulla_Uva,19.8,86.78278638812287,0.0,0.95,141.33959809443223
2026-10-02T02:45:00+05:30,Badulla_Uva,19.6,87.46391543044354,0.0,0.95,137.6218819252457
2026-10-02T03:00:00+05:30,Badulla_Uva,19.5,88.07480145448369,0.0,0.96,133.90227606757554
2026-10-02T03:15:00+05:30,Badulla_Uva,19.3,88.63294886731967,0.0,0.96,130.18136869341123
2026-10-02T03:30:00+05:30,Badulla_Uva,19.2,89.15125162237177,0.0,0.96,126.45960620935166
2026-10-02T03:45:00+05:30,Badulla_Uva,19.1,89.6395146066593,0.0,0.96,122.73734237949326
2026-10-02T04:00:00+05:30,Badulla_Uva,19.0,90.10542653499954,0.0,0.96,119.01487021374123
2026-10-02T04:15:00+05:30,Badulla_Uva,18.9,90.55520512242384,0.0,0.96,115.29244214699845
2026-10-02T04:30:00+05:30,Badulla_Uva,18.9,90.99403971306486,0.0,0.96,111.57028550970799
2026-10-02T04:45:00+05:30,Badulla_Uva,18.9,91.4264059783136,0.0,0.96,107.84861418389143
2026-10-02T05:00:00+05:30,Badulla_Uva,18.9,91.85629863321935,0.0,0.91,104.12763644434139
2026-10-02T05:15:00+05:30,Badulla_Uva,19.0,92.28741111399165,0.0,0.86,100.40756297535796
2026-10-02T05:30:00+05:30,Badulla_Uva,19.2,92.72328197631623,0.0,0.81,96.68861426457595
2026-10-02T05:45:00+05:30,Badulla_Uva,19.5,93.16742201638868,0.0,0.76,92.97102644136288
2026-10-02T06:00:00+05:30,Badulla_Uva,19.9,93.62343229565465,1.0,0.71,89.25505903590623
2026-10-02T06:15:00+05:30,Badulla_Uva,20.4,94.09512206469924,23.0,0.65,85.5410036539786
2026-10-02T06:30:00+05:30,Badulla_Uva,20.9,94.58663510666736,64.0,0.55,81.82919262721668
2026-10-02T06:45:00+05:30,Badulla_Uva,21.4,95.10259299399388,117.0,0.45,78.12001129944201
2026-10-02T07:00:00+05:30,Badulla_Uva,22.1,95.64826587155278,178.0,0.35,74.41391334414014
2026-10-02T07:15:00+05:30,Badulla_Uva,22.7,96.22978433929501,240.0,0.25,70.7114388231507
2026-10-02T07:30:00+05:30,Badulla_Uva,23.3,96.85441004266289,297.0,0.16,67.01323966022892
2026-10-02T07:45:00+05:30,Badulla_Uva,23.9,97.53089045078644,352.0,0.07,63.32011348087822
2026-10-02T08:00:00+05:30,Badulla_Uva,24.5,98.2699347448845,408.0,0.11,59.633047919626364
2026-10-02T08:15:00+05:30,Badulla_Uva,25.0,99.0848646922235,473.0,0.18,55.95328378262675
2026-10-02T08:30:00+05:30,Badulla_Uva,25.5,99.99252327429485,549.0,0.32,52.282403895649004
2026-10-02T08:45:00+05:30,Badulla_Uva,26.0,101.01456977262842,629.0,0.51,48.62245928597041
2026-10-02T09:00:00+05:30,Badulla_Uva,26.6,102.17936472648711,703.0,0.71,44.97615688379818
2026-10-02T09:15:00+05:30,Badulla_Uva,27.0,103.52477738398318,759.0,0.9,41.347142554531366
2026-10-02T09:30:00+05:30,Badulla_Uva,27.5,105.10247124968231,795.0,1.15,37.7404385360676
2026-10-02T09:45:00+05:30,Badulla_Uva,28.0,106.98461626610685,816.0,1.4,34.16314554817575
2026-10-02T10:00:00+05:30,Badulla_Uva,28.5,109.2746872271278,827.0,1.65,30.62560520942045
2026-10-02T10:15:00+05:30,Badulla_Uva,29.0,112.12528697982407,833.0,1.9,27.143396920374904
2026-10-02T10:30:00+05:30,Badulla_Uva,29.3,115.76813932032155,831.0,2.05,23.74091247890385
2026-10-02T10:45:00+05:30,Badulla_Uva,29.6,120.56458609235585,820.0,2.15,20.458000182624517
2026-10-02T11:00:00+05:30,Badulla_Uva,29.8,127.08593980804466,798.0,2.25,17.36264884086694
2026-10-02T11:15:00+05:30,Badulla_Uva,29.9,136.21094854242097,762.0,2.25,14.574881253916686
2026-10-02T11:30:00+05:30,Badulla_Uva,29.8,149.09151218826435,709.0,2.15,12.305574690110731
2026-10-02T11:45:00+05:30,Badulla_Uva,29.5,166.4176458064794,647.0,1.85,10.884025191514297
2026-10-02T12:00:00+05:30,Badulla_Uva,29.1,186.51480585447874,588.0,1.45,10.655134556004356
2026-10-02T12:15:00+05:30,Badulla_Uva,28.5,205.18309217029213,541.0,0.96,11.68917694140056
2026-10-02T12:30:00+05:30,Badulla_Uva,27.9,219.62217858560592,504.0,0.47,13.70316491535219
2026-10-02T12:45:00+05:30,Badulla_Uva,27.1,229.9321590452345,472.0,0.29,16.338639619419936
2026-10-02T13:00:00+05:30,Badulla_Uva,26.3,237.25042151868084,441.0,0.87,19.3432038755042
2026-10-02T13:15:00+05:30,Badulla_Uva,25.4,242.57367634920277,407.0,1.55,22.56991680152359
2026-10-02T13:30:00+05:30,Badulla_Uva,24.7,246.57124206643533,375.0,2.11,25.935979082107465
2026-10-02T13:45:00+05:30,Badulla_Uva,24.0,249.66747233246792,344.0,2.61,29.39353574966909
2026-10-02T14:00:00+05:30,Badulla_Uva,23.3,252.1325451466247,312.0,3.06,32.91374414207258
2026-10-02T14:15:00+05:30,Badulla_Uva,22.8,254.14261949542754,277.0,3.41,36.478448781461765
2026-10-02T14:30:00+05:30,Badulla_Uva,22.3,255.81591800019913,241.0,3.62,40.07575413982058
2026-10-02T14:45:00+05:30,Badulla_Uva,22.1,257.23409523451335,205.0,3.62,43.69758541922906
2026-10-02T15:00:00+05:30,Badulla_Uva,21.9,258.4550814740363,175.0,3.47,47.338288350984676
2026-10-02T15:15:00+05:30,Badulla_Uva,21.9,259.5209923235703,150.0,3.28,50.99379430761411
2026-10-02T15:30:00+05:30,Badulla_Uva,21.9,260.46313150364176,131.0,2.98,54.66110593808443
2026-10-02T15:45:00+05:30,Badulla_Uva,21.9,261.3052387786661,115.0,2.64,58.33796803849258
2026-10-02T16:00:00+05:30,Badulla_Uva,22.0,262.0656521922315,100.0,2.21,62.02265135659927
2026-10-02T16:15:00+05:30,Badulla_Uva,22.2,262.7587817706673,85.0,1.77,65.71380830333561
2026-10-02T16:30:00+05:30,Badulla_Uva,22.3,263.3961356010111,70.0,1.41,69.41037231393408
2026-10-02T16:45:00+05:30,Badulla_Uva,22.4,263.9870493119636,57.0,1.08,73.11148684042807
2026-10-02T17:00:00+05:30,Badulla_Uva,22.5,264.53921528639046,44.0,0.81,76.81645572590992
2026-10-02T17:15:00+05:30,Badulla_Uva,22.5,265.05907387526423,31.0,0.6,80.52470571683821
2026-10-02T17:30:00+05:30,Badulla_Uva,22.6,265.5521088275972,18.0,0.5,84.23575845306321
2026-10-02T17:45:00+05:30,Badulla_Uva,22.6,266.0230757677094,8.0,0.45,87.94921065486193
2026-10-02T18:00:00+05:30,Badulla_Uva,22.5,266.47618343118404,1.0,0.41,91.66471760655381
2026-10-02T18:15:00+05:30,Badulla_Uva,22.4,266.91524250600867,0.0,0.36,95.38198008161366
2026-10-02T18:30:00+05:30,Badulla_Uva,22.4,267.3437933536657,0.0,0.32,99.10073523638277
2026-10-02T18:45:00+05:30,Badulla_Uva,22.3,267.7652212783241,0.0,0.25,102.82074775931738
2026-10-02T19:00:00+05:30,Badulla_Uva,22.3,268.1828675732614,0.0,0.15,106.54180220047837
2026-10-02T19:15:00+05:30,Badulla_Uva,22.2,268.6001445195683,0.0,0.11,110.26369751235362
2026-10-02T19:30:00+05:30,Badulla_Uva,22.1,269.0206630266685,0.0,0.15,113.986240361672
2026-10-02T19:45:00+05:30,Badulla_Uva,22.1,269.44838443118493,0.0,0.21,117.70923825565836
2026-10-02T20:00:00+05:30,Badulla_Uva,22.0,269.88781218084324,0.0,0.32,121.43249344464579
2026-10-02T20:15:00+05:30,Badulla_Uva,21.9,270.3442458278212,0.0,0.38,125.15579387815475
2026-10-02T20:30:00+05:30,Badulla_Uva,21.8,270.8241324798581,0.0,0.45,128.87890167519947
2026-10-02T20:45:00+05:30,Badulla_Uva,21.8,271.3355719707498,0.0,0.49,132.601538981807
2026-10-02T21:00:00+05:30,Badulla_Uva,21.7,271.889068773649,0.0,0.51,136.3233655531202
2026-10-02T21:15:00+05:30,Badulla_Uva,21.6,272.4986926672437,0.0,0.56,140.043944976205
2026-10-02T21:30:00+05:30,Badulla_Uva,21.6,273.1839414230418,0.0,0.56,143.762692727459
2026-10-02T21:45:00+05:30,Badulla_Uva,21.5,273.97286246819857,0.0,0.56,147.4787872847794
2026-10-02T22:00:00+05:30,Badulla_Uva,21.5,274.9075571716148,0.0,0.6,151.19101387626552
2026-10-02T22:15:00+05:30,Badulla_Uva,21.4,276.05449500214684,0.0,0.6,154.8974731241418
2026-10-02T22:30:00+05:30,Badulla_Uva,21.4,277.52534116730624,0.0,0.6,158.59498780755462
2026-10-02T22:45:00+05:30,Badulla_Uva,21.3,279.5231981353178,0.0,0.6,162.27777719298285
2026-10-02T23:00:00+05:30,Badulla_Uva,21.3,282.4588340750596,0.0,0.6,165.93408703862184
2026-10-02T23:15:00+05:30,Badulla_Uva,21.2,287.2963184961586,0.0,0.59,169.5359329012012
2026-10-02T23:30:00+05:30,Badulla_Uva,21.1,296.84818974631554,0.0,0.59,172.99854140006659
2026-10-02T23:45:00+05:30,Badulla_Uva,21.1,321.8663516214665,0.0,0.59,175.94748937323274
2026-10-03T00:00:00+05:30,Badulla_Uva,21.0,21.28567683894005,0.0,0.57,176.57879016825854
2026-10-03T00:15:00+05:30,Badulla_Uva,20.9,57.61334685854581,0.0,0.52,174.09529015287148
2026-10-03T00:30:00+05:30,Badulla_Uva,20.9,70.3794421674948,0.0,0.52,170.7315463327006
2026-10-03T00:45:00+05:30,Badulla_Uva,20.8,76.32027005802001,0.0,0.52,167.16184779951092
2026-10-03T01:00:00+05:30,Badulla_Uva,20.8,79.74448827174598,0.0,0.47,163.51959275595536
2026-10-03T01:15:00+05:30,Badulla_Uva,20.7,81.99808385524841,0.0,0.43,159.84419211812673
2026-10-03T01:30:00+05:30,Badulla_Uva,20.6,83.61877626235321,0.0,0.43,156.1510877903278
2026-10-03T01:45:00+05:30,Badulla_Uva,20.6,84.86086959707285,0.0,0.43,152.44752727898054
2026-10-03T02:00:00+05:30,Badulla_Uva,20.5,85.85973891078243,0.0,0.38,148.7373621072569
2026-10-03T02:15:00+05:30,Badulla_Uva,20.5,86.69401529851007,0.0,0.36,145.0228363372966
2026-10-03T02:30:00+05:30,Badulla_Uva,20.4,87.41254726417799,0.0,0.36,141.30535589385832
2026-10-03T02:45:00+05:30,Badulla_Uva,20.3,88.04736458765058,0.0,0.36,137.58585545658684
2026-10-03T03:00:00+05:30,Badulla_Uva,20.1,88.62043604977526,0.0,0.41,133.8649902742767
2026-10-03T03:15:00+05:30,Badulla_Uva,20.0,89.14742891450766,0.0,0.46,130.14324309831133
2026-10-03T03:30:00+05:30,Badulla_Uva,19.9,89.63991618144689,0.0,0.51,126.42098585417091
2026-10-03T03:45:00+05:30,Badulla_Uva,19.7,90.10673288317764,0.0,0.56,122.69851894459312
2026-10-03T04:00:00+05:30,Badulla_Uva,19.6,90.55484381646761,0.0,0.61,118.97609694043751
2026-10-03T04:15:00+05:30,Badulla_Uva,19.5,90.98991972860517,0.0,0.66,115.25394473985374
2026-10-03T04:30:00+05:30,Badulla_Uva,19.4,91.41673358259743,0.0,0.71,111.532270380029
2026-10-03T04:45:00+05:30,Badulla_Uva,19.4,91.83944346948977,0.0,0.76,107.81127491955316
2026-10-03T05:00:00+05:30,Badulla_Uva,19.4,92.26180321633183,0.0,0.76,104.09115909646277
2026-10-03T05:15:00+05:30,Badulla_Uva,19.4,92.68732657720625,0.0,0.76,100.37213058183212
2026-10-03T05:30:00+05:30,Badulla_Uva,19.6,93.11942280647588,0.0,0.76,96.65441092144462
2026-10-03T05:45:00+05:30,Badulla_Uva,19.8,93.56151635781555,0.0,0.71,92.93824116214883
2026-10-03T06:00:00+05:30,Badulla_Uva,20.1,94.01716008459141,1.0,0.65,89.22388960952152
2026-10-03T06:15:00+05:30,Badulla_Uva,20.5,94.49015042852864,24.0,0.6,85.51166069644286
2026-10-03T06:30:00+05:30,Badulla_Uva,20.9,94.98465283317114,67.0,0.5,81.80190402694615
2026-10-03T06:45:00+05:30,Badulla_Uva,21.3,95.50534575965412,121.0,0.4,78.09502728849462
2026-10-03T07:00:00+05:30,Badulla_Uva,21.8,96.05759395198902,184.0,0.32,74.39151245872198
2026-10-03T07:15:00+05:30,Badulla_Uva,22.3,96.64766470795848,247.0,0.22,70.6919351031972
2026-10-03T07:30:00+05:30,Badulla_Uva,22.8,97.28300510556477,307.0,0.18,66.99699154235029
2026-10-03T07:45:00+05:30,Badulla_Uva,23.3,97.97260620954762,364.0,0.15,63.30753499392257
2026-10-03T08:00:00+05:30,Badulla_Uva,23.8,98.72749198298749,419.0,0.22,59.624623037685794
2026-10-03T08:15:00+05:30,Badulla_Uva,24.2,99.56138789635406,475.0,0.32,55.94958513831933
2026-10-03T08:30:00+05:30,Badulla_Uva,24.7,100.49165354292222,527.0,0.4,52.28411759010239
2026-10-03T08:45:00+05:30,Badulla_Uva,25.1,101.54060998649413,576.0,0.49,48.63041835130611
2026-10-03T09:00:00+05:30,Badulla_Uva,25.5,102.73746764571592,622.0,0.62,44.991387210286405
2026-10-03T09:15:00+05:30,Badulla_Uva,25.9,104.12118956347751,667.0,0.71,41.37092708219689
2026-10-03T09:30:00+05:30,Badulla_Uva,26.3,105.74484566719633,708.0,0.85,37.77440867639708
2026-10-03T09:45:00+05:30,Badulla_Uva,26.7,107.68239792555585,745.0,1.0,34.20941377927067
2026-10-03T10:00:00+05:30,Badulla_Uva,27.1,110.03953993171609,779.0,1.1,30.686960517020935
2026-10-03T10:15:00+05:30,Badulla_Uva,27.5,112.97141053189597,813.0,1.26,27.223595629999863
2026-10-03T10:30:00+05:30,Badulla_Uva,27.8,116.71196099236317,855.0,1.36,23.845107591511336
2026-10-03T10:45:00+05:30,Badulla_Uva,28.1,121.62222118440263,891.0,1.47,20.59334048224909
2026-10-03T11:00:00+05:30,Badulla_Uva,28.4,128.2637166587649,900.0,1.58,17.538945700972278
2026-10-03T11:15:00+05:30,Badulla_Uva,28.7,137.4768337527209,858.0,1.69,14.804617764972392
2026-10-03T11:30:00+05:30,Badulla_Uva,28.9,150.308253112689,756.0,1.74,12.600495473980317
2026-10-03T11:45:00+05:30,Badulla_Uva,29.0,167.27444420662414,626.0,1.74,11.2428776706586
2026-10-03T12:00:00+05:30,Badulla_Uva,29.1,186.6960697749793,510.0,1.73,11.048362458970672
2026-10-03T12:15:00+05:30,Badulla_Uva,29.0,204.74225078570538,444.0,1.72,12.073297870708785
2026-10-03T12:30:00+05:30,Badulla_Uva,29.0,218.86310068571677,418.0,1.66,14.053353208130602
2026-10-03T12:45:00+05:30,Badulla_Uva,28.8,229.0833818478869,411.0,1.61,16.651204104247782
2026-10-03T13:00:00+05:30,Badulla_Uva,28.6,236.41581257292208,406.0,1.5,19.622985425782787
2026-10-03T13:15:00+05:30,Badulla_Uva,28.3,241.7890106366499,389.0,1.35,22.823078064334283
2026-10-03T13:30:00+05:30,Badulla_Uva,28.0,245.8440849585918,369.0,1.25,26.167837192805656
2026-10-03T13:45:00+05:30,Badulla_Uva,27.6,248.9950855307871,348.0,1.1,29.60825690039011
2026-10-03T14:00:00+05:30,Badulla_Uva,27.3,251.50900172621834,327.0,1.0,33.11451530011672
2026-10-03T14:15:00+05:30,Badulla_Uva,26.9,253.5614872140104,306.0,0.85,36.667709980935285
2026-10-03T14:30:00+05:30,Badulla_Uva,26.5,255.27120018198724,285.0,0.7,40.25539260723645
2026-10-03T14:45:00+05:30,Badulla_Uva,26.1,256.7204966852038,264.0,0.56,43.86908053466362
2026-10-03T15:00:00+05:30,Badulla_Uva,25.7,257.9680205313161,242.0,0.43,47.5028163820638
2026-10-03T15:15:00+05:30,Badulla_Uva,25.4,259.0565258127416,221.0,0.34,51.152303666995884
2026-10-03T15:30:00+05:30,Badulla_Uva,25.0,260.0178580696252,199.0,0.25,54.81437158933072
2026-10-03T15:45:00+05:30,Badulla_Uva,24.6,260.87620512659953,178.0,0.25,58.486631262017134
2026-10-03T16:00:00+05:30,Badulla_Uva,24.2,261.65027020359736,156.0,0.27,62.167249198289454
2026-10-03T16:15:00+05:30,Badulla_Uva,23.9,262.35475787233065,135.0,0.39,65.85479568740925
2026-10-03T16:30:00+05:30,Badulla_Uva,23.6,263.0014112981056,114.0,0.46,69.54813888797813
2026-10-03T16:45:00+05:30,Badulla_Uva,23.3,263.59975105137397,93.0,0.54,73.24636999280972
2026-10-03T17:00:00+05:30,Badulla_Uva,23.0,264.1576117383338,72.0,0.65,76.94875080191912
2026-10-03T17:15:00+05:30,Badulla_Uva,22.8,264.6815388612825,50.0,0.69,80.65467415831789
2026-10-03T17:30:00+05:30,Badulla_Uva,22.6,265.1770883308546,30.0,0.74,84.3636344024183
2026-10-03T17:45:00+05:30,Badulla_Uva,22.5,265.64905763306683,13.0,0.78,88.07520641783613
2026-10-03T18:00:00+05:30,Badulla_Uva,22.3,266.1016684756803,1.0,0.78,91.78902827847388
2026-10-03T18:15:00+05:30,Badulla_Uva,22.2,266.5387158094451,0.0,0.81,95.50478757696759
2026-10-03T18:30:00+05:30,Badulla_Uva,22.1,266.9636944616245,0.0,0.81,99.22221191633041
2026-10-03T18:45:00+05:30,Badulla_Uva,22.0,267.3799119204773,0.0,0.81,102.94105983505924
2026-10-03T19:00:00+05:30,Badulla_Uva,22.0,267.79059525044914,0.0,0.81,106.66111307410027
2026-10-03T19:15:00+05:30,Badulla_Uva,21.9,268.19899989955354,0.0,0.79,110.38217122216285
2026-10-03T19:30:00+05:30,Badulla_Uva,21.9,268.60852845764026,0.0,0.79,114.10404532874321
2026-10-03T19:45:00+05:30,Badulla_Uva,21.8,269.02286991287735,0.0,0.79,117.8265515686592
2026-10-03T20:00:00+05:30,Badulla_Uva,21.8,269.44617364881486,0.0,0.73,121.5495059918124
2026-10-03T20:15:00+05:30,Badulla_Uva,21.8,269.88327833630706,0.0,0.73,125.27271676873823
2026-10-03T20:30:00+05:30,Badulla_Uva,21.7,270.3400272839061,0.0,0.67,128.9959745828935
2026-10-03T20:45:00+05:30,Badulla_Uva,21.7,270.82372073930094,0.0,0.61,132.71904138111717
2026-10-03T21:00:00+05:30,Badulla_Uva,21.7,271.3437886596458,0.0,0.61,136.44163236569005
2026-10-03T21:15:00+05:30,Badulla_Uva,21.7,271.9128297142678,0.0,0.55,140.16338910345155
2026-10-03T21:30:00+05:30,Badulla_Uva,21.7,272.54828102865235,0.0,0.55,143.88383868423116
2026-10-03T21:45:00+05:30,Badulla_Uva,21.7,273.2752226404955,0.0,0.55,147.6023234127682
2026-10-03T22:00:00+05:30,Badulla_Uva,21.6,274.1313378555449,0.0,0.5,151.31787714824202
2026-10-03T22:15:00+05:30,Badulla_Uva,21.6,275.1762480220725,0.0,0.51,155.02899446271584
2026-10-03T22:30:00+05:30,Badulla_Uva,21.6,276.51047574359256,0.0,0.51,158.7331579370021
2026-10-03T22:45:00+05:30,Badulla_Uva,21.5,278.31791755561767,0.0,0.51,162.42577456321112
2026-10-03T23:00:00+05:30,Badulla_Uva,21.5,280.9740771225087,0.0,0.47,166.09744249668898
2026-10-03T23:15:00+05:30,Badulla_Uva,21.4,285.37576443773037,0.0,0.47,169.7254716706088
2026-10-03T23:30:00+05:30,Badulla_Uva,21.4,294.2405047132295,0.0,0.47,173.23901377068523
2026-10-03T23:45:00+05:30,Badulla_Uva,21.3,319.14619811819455,0.0,0.47,176.2962189524884
2026-10-04T00:00:00+05:30,Badulla_Uva,21.2,25.22066032460782,0.0,0.49,176.90357215834482
2026-10-04T00:15:00+05:30,Badulla_Uva,21.1,61.26407280550683,0.0,0.54,174.22763607563485
2026-10-04T00:30:00+05:30,Badulla_Uva,20.9,72.81112954897407,0.0,0.54,170.7851495638319
2026-10-04T00:45:00+05:30,Badulla_Uva,20.8,78.0936136796962,0.0,0.59,167.179504763095
2026-10-04T01:00:00+05:30,Badulla_Uva,20.6,81.13375197810535,0.0,0.59,163.5175463848314
2026-10-04T01:15:00+05:30,Badulla_Uva,20.4,83.14078696231985,0.0,0.63,159.83004701472413
2026-10-04T01:30:00+05:30,Badulla_Uva,20.2,84.5915739244627,0.0,0.68,156.12897153553493
2026-10-04T01:45:00+05:30,Badulla_Uva,20.0,85.71040068406819,0.0,0.73,152.41992376195537
2026-10-04T02:00:00+05:30,Badulla_Uva,19.9,86.61636745982088,0.0,0.73,148.7058837110589
2026-10-04T02:15:00+05:30,Badulla_Uva,19.7,87.37858470765934,0.0,0.78,144.98859277467983
2026-10-04T02:30:00+05:30,Badulla_Uva,19.5,88.03998565782763,0.0,0.82,141.26914793240877
2026-10-04T02:45:00+05:30,Badulla_Uva,19.4,88.6287432519905,0.0,0.87,137.54828448355553
2026-10-04T03:00:00+05:30,Badulla_Uva,19.2,89.16421137852882,0.0,0.92,133.82652407438516
2026-10-04T03:15:00+05:30,Badulla_Uva,19.1,89.66022697373853,0.0,0.91,130.10425734332313
2026-10-04T03:30:00+05:30,Badulla_Uva,19.0,90.12704801164068,0.0,0.96,126.38179141013396
2026-10-04T03:45:00+05:30,Badulla_Uva,18.9,90.57254454803149,0.0,0.96,122.65938054015314
2026-10-04T04:00:00+05:30,Badulla_Uva,18.8,91.00296137936499,0.0,1.01,118.93724639024987
2026-10-04T04:15:00+05:30,Badulla_Uva,18.7,91.42342539575105,0.0,1.0,115.21559064432685
2026-10-04T04:30:00+05:30,Badulla_Uva,18.7,91.83829563067547,0.0,1.0,111.49460550619001
2026-10-04T04:45:00+05:30,Badulla_Uva,18.7,92.2514145127522,0.0,1.0,107.77448203672427
2026-10-04T05:00:00+05:30,Badulla_Uva,18.7,92.66629646197845,0.0,0.96,104.0554158042875
2026-10-04T05:15:00+05:30,Badulla_Uva,18.8,93.08627666679371,0.0,0.95,100.33761349650587
2026-10-04T05:30:00+05:30,Badulla_Uva,18.9,93.5146358827302,0.0,0.9,96.62129950186836
2026-10-04T05:45:00+05:30,Badulla_Uva,19.0,93.95471273987266,0.0,0.85,92.90672139966738
2026-10-04T06:00:00+05:30,Badulla_Uva,19.2,94.41001213099202,1.0,0.8,89.19415777572148
2026-10-04T06:15:00+05:30,Badulla_Uva,19.5,94.88431765838095,28.0,0.7,85.4839273356499
2026-10-04T06:30:00+05:30,Badulla_Uva,19.8,95.38181608850664,76.0,0.61,81.77639839359729
2026-10-04T06:45:00+05:30,Badulla_Uva,20.1,95.90724207324087,137.0,0.52,78.0720024465292
2026-10-04T07:00:00+05:30,Badulla_Uva,20.5,96.46605380558941,206.0,0.38,74.37125132494023
2026-10-04T07:15:00+05:30,Badulla_Uva,20.9,97.06465353806539,274.0,0.32,70.67475777721252
2026-10-04T07:30:00+05:30,Badulla_Uva,21.3,97.71067122923478,338.0,0.27,66.9832643843393
2026-10-04T07:45:00+05:30,Badulla_Uva,21.8,98.41333784759303,397.0,0.3,63.29768207302399
2026-10-04T08:00:00+05:30,Badulla_Uva,22.2,99.18398679585232,452.0,0.38,59.61914081586681
2026-10-04T08:15:00+05:30,Badulla_Uva,22.7,100.03673945428062,506.0,0.54,55.949061610971576
2026-10-04T08:30:00+05:30,Badulla_Uva,23.1,100.98946050517833,554.0,0.67,52.289257633938156
2026-10-04T08:45:00+05:30,Badulla_Uva,23.6,102.0651154548438,596.0,0.81,48.642077851492054
2026-10-04T09:00:00+05:30,Badulla_Uva,24.0,103.29373795017403,633.0,0.96,45.010619782417535
2026-10-04T09:15:00+05:30,Badulla_Uva,24.5,104.7153428603853,665.0,1.07,41.39904915148645
2026-10-04T09:30:00+05:30,Badulla_Uva,24.9,106.38433864249095,693.0,1.22,37.81309171741628
2026-10-04T09:45:00+05:30,Badulla_Uva,25.3,108.37636620813998,714.0,1.33,34.26081722814496
2026-10-04T10:00:00+05:30,Badulla_Uva,25.7,110.79914385353715,729.0,1.44,30.753925865136857
2026-10-04T10:15:00+05:30,Badulla_Uva,26.1,113.81000386650726,741.0,1.53,27.309931273935028
2026-10-04T10:30:00+05:30,Badulla_Uva,26.4,117.64450944950681,752.0,1.64,23.956000012021036
2026-10-04T10:45:00+05:30,Badulla_Uva,26.6,122.66228608731177,756.0,1.68,20.73590433329528
2026-10-04T11:00:00+05:30,Badulla_Uva,26.8,129.4133321910969,745.0,1.79,17.722768314647794
2026-10-04T11:15:00+05:30,Badulla_Uva,27.0,138.69809566491034,706.0,1.84,15.041506717448485
2026-10-04T11:30:00+05:30,Badulla_Uva,27.1,151.4622122271292,633.0,1.84,12.900752454391423
2026-10-04T11:45:00+05:30,Badulla_Uva,27.2,168.07059722199472,546.0,1.84,11.603631660925814
2026-10-04T12:00:00+05:30,Badulla_Uva,27.2,186.8578422066338,467.0,1.84,11.440787035801321
2026-10-04T12:15:00+05:30,Badulla_Uva,27.1,204.32317529116168,420.0,1.77,12.456781020802211
2026-10-04T12:30:00+05:30,Badulla_Uva,27.1,218.13729550448113,397.0,1.72,14.404284741829045
2026-10-04T12:45:00+05:30,Badulla_Uva,27.0,228.2635357036718,387.0,1.68,16.965474408984534
2026-10-04T13:00:00+05:30,Badulla_Uva,26.8,235.6031163302653,379.0,1.57,19.90483771992416
2026-10-04T13:15:00+05:30,Badulla_Uva,26.7,241.0204857194468,362.0,1.53,23.078311330457396
2026-10-04T13:30:00+05:30,Badulla_Uva,26.5,245.128915802605,343.0,1.42,26.401593373254748
2026-10-04T13:45:00+05:30,Badulla_Uva,26.3,248.33177915122997,324.0,1.3,29.824629900646535
2026-10-04T14:00:00+05:30,Badulla_Uva,26.0,250.89248982429797,305.0,1.19,33.3166699009789
2026-10-04T14:15:00+05:30,Badulla_Uva,25.8,252.9859162797748,285.0,1.04,36.858087010673536
2026-10-04T14:30:00+05:30,Badulla_Uva,25.5,254.73096585959973,265.0,0.93,40.435889856086916
2026-10-04T14:45:00+05:30,Badulla_Uva,25.3,256.21057400396796,245.0,0.82,44.04119140382643
2026-10-04T15:00:00+05:30,Badulla_Uva,25.0,257.4840175502012,225.0,0.67,47.66773164959124
2026-10-04T15:15:00+05:30,Badulla_Uva,24.7,258.5946351660185,205.0,0.53,51.31098540881087
2026-10-04T15:30:00+05:30,Badulla_Uva,24.4,259.5747774127633,185.0,0.43,54.96760703386125
2026-10-04T15:45:00+05:30,Badulla_Uva,24.2,260.44905455135495,165.0,0.34,58.635072383232334
2026-10-04T16:00:00+05:30,Badulla_Uva,23.9,261.23651677493194,146.0,0.25,62.31144216668632
2026-10-04T16:15:00+05:30,Badulla_Uva,23.6,261.952150010412,125.0,0.25,65.9952030570381
2026-10-04T16:30:00+05:30,Badulla_Uva,23.4,262.60792275329493,105.0,0.25,69.68515654082091
2026-10-04T16:45:00+05:30,Badulla_Uva,23.2,263.21353316458635,86.0,0.29,73.38034025624863
2026-10-04T17:00:00+05:30,Badulla_Uva,23.0,263.7769524082857,66.0,0.32,77.07997274434982
2026-10-04T17:15:00+05:30,Badulla_Uva,22.8,264.30482666624476,47.0,0.41,80.78341179536524
2026-10-04T17:30:00+05:30,Badulla_Uva,22.6,264.80278038086885,28.0,0.45,84.49012334269497
2026-10-04T17:45:00+05:30,Badulla_Uva,22.5,265.2756498531281,12.0,0.5,88.19965934391661
2026-10-04T18:00:00+05:30,Badulla_Uva,22.4,265.7276671003821,1.0,0.55,91.9116395664599
2026-10-04T18:15:00+05:30,Badulla_Uva,22.2,266.1626088947175,0.0,0.55,95.6257372889003
2026-10-04T18:30:00+05:30,Badulla_Uva,22.1,266.5839221655826,0.0,0.6,99.34166936578042
2026-10-04T18:45:00+05:30,Badulla_Uva,22.0,266.99483415817065,0.0,0.6,103.05918688566221
2026-10-04T19:00:00+05:30,Badulla_Uva,21.9,267.39845506524426,0.0,0.66,106.77806733454237
2026-10-04T19:15:00+05:30,Badulla_Uva,21.8,267.7978804611592,0.0,0.66,110.49810929356036
2026-10-04T19:30:00+05:30,Badulla_Uva,21.7,268.19630094178103,0.0,0.66,114.2191262829541
2026-10-04T19:45:00+05:30,Badulla_Uva,21.6,268.5971285136118,0.0,0.66,117.94094087337665
2026-10-04T20:00:00+05:30,Badulla_Uva,21.6,269.0041524349586,0.0,0.67,121.66338016457743
2026-10-04T20:15:00+05:30,Badulla_Uva,21.5,269.42174230114483,0.0,0.67,125.38626914915197
2026-10-04T20:30:00+05:30,Badulla_Uva,21.4,269.8551261990226,0.0,0.67,129.1094227994684
2026-10-04T20:45:00+05:30,Badulla_Uva,21.3,270.310788374451,0.0,0.67,132.83263736693698
2026-10-04T21:00:00+05:30,Badulla_Uva,21.3,270.79705991530875,0.0,0.67,136.55567628902745
2026-09-27T21:15:00+05:30,Jaffna_Northern,28.9,278.13035506511324,0.0,5.1,138.02792372652135
2026-09-27T21:30:00+05:30,Jaffna_Northern,28.8,279.4234413656707,0.0,5.3,141.68311128322568
2026-09-27T21:45:00+05:30,Jaffna_Northern,28.8,280.93015948653505,0.0,5.54,145.32354144246983
2026-09-27T22:00:00+05:30,Jaffna_Northern,28.7,282.7264690815249,0.0,5.83,148.9438051196155
2026-09-27T22:15:00+05:30,Jaffna_Northern,28.6,284.92632128291234,0.0,6.08,152.5357144810161
2026-09-27T22:30:00+05:30,Jaffna_Northern,28.6,287.7079424625545,0.0,6.27,156.0862828916815
2026-09-27T22:45:00+05:30,Jaffna_Northern,28.5,291.36368466226395,0.0,6.37,159.57373812680777
2026-09-27T23:00:00+05:30,Jaffna_Northern,28.5,296.3987951827558,0.0,6.45,162.9590890973946
2026-09-27T23:15:00+05:30,Jaffna_Northern,28.4,303.7298856464426,0.0,6.45,166.16697400946947
2026-09-27T23:30:00+05:30,Jaffna_Northern,28.4,315.038569267147,0.0,6.45,169.04025241551545
2026-09-27T23:45:00+05:30,Jaffna_Northern,28.4,332.93660688803124,0.0,6.42,171.24296159173207
2026-09-28T00:00:00+05:30,Jaffna_Northern,28.3,358.3584231215353,0.0,6.38,172.18571656333762
2026-09-28T00:15:00+05:30,Jaffna_Northern,28.3,24.406898048622452,0.0,6.34,171.44148356377013
2026-09-28T00:30:00+05:30,Jaffna_Northern,28.3,43.28934619198128,0.0,6.26,169.35855970579001
2026-09-28T00:45:00+05:30,Jaffna_Northern,28.3,55.258843185882824,0.0,6.17,166.54500339711177
2026-09-28T01:00:00+05:30,Jaffna_Northern,28.3,62.970851812384865,0.0,6.09,163.36765979985768
2026-09-28T01:15:00+05:30,Jaffna_Northern,28.2,68.22938201779522,0.0,6.0,159.9992783910805
2026-09-28T01:30:00+05:30,Jaffna_Northern,28.2,72.02331561021549,0.0,5.91,156.5220712890106
2026-09-28T01:45:00+05:30,Jaffna_Northern,28.2,74.8952142795822,0.0,5.87,152.97815851129053
2026-09-28T02:00:00+05:30,Jaffna_Northern,28.2,77.15698953806009,0.0,5.82,149.3908503662667
2026-09-28T02:15:00+05:30,Jaffna_Northern,28.2,78.997607325344,0.0,5.82,145.77394742116323
2026-09-28T02:30:00+05:30,Jaffna_Northern,28.2,80.5372191915522,0.0,5.77,142.13609724969547
2026-09-28T02:45:00+05:30,Jaffna_Northern,28.2,81.85553614479176,0.0,5.69,138.4829824058002
2026-09-28T03:00:00+05:30,Jaffna_Northern,28.2,83.00743339228097,0.0,5.66,134.81849212089793
2026-09-28T03:15:00+05:30,Jaffna_Northern,28.2,84.03193656363345,0.0,5.58,131.14538460808953
2026-09-28T03:30:00+05:30,Jaffna_Northern,28.2,84.95761742871582,0.0,5.51,127.46567811041578
2026-09-28T03:45:00+05:30,Jaffna_Northern,28.2,85.80595648744708,0.0,5.46,123.78089337478353
2026-09-28T04:00:00+05:30,Jaffna_Northern,28.2,86.59351030159519,0.0,5.44,120.09220906440999
2026-09-28T04:15:00+05:30,Jaffna_Northern,28.2,87.33335207775508,0.0,5.38,116.40056329420759
2026-09-28T04:30:00+05:30,Jaffna_Northern,28.1,88.0360564756188,0.0,5.31,112.70672413335066
2026-09-28T04:45:00+05:30,Jaffna_Northern,28.1,88.71039199250276,0.0,5.2,109.01133942098389
2026-09-28T05:00:00+05:30,Jaffna_Northern,28.0,89.36382204156592,0.0,5.03,105.31497167634191
2026-09-28T05:15:00+05:30,Jaffna_Northern,28.0,90.00287855373602,0.0,4.87,101.61812572021185
2026-09-28T05:30:00+05:30,Jaffna_Northern,28.0,90.63345083607146,0.0,4.81,97.92127057790343
2026-09-28T05:45:00+05:30,Jaffna_Northern,28.0,91.26101891627593,0.0,4.84,94.22485629341975
2026-09-28T06:00:00+05:30,Jaffna_Northern,28.1,91.89085161478039,0.0,4.93,90.52933017797217
2026-09-28T06:15:00+05:30,Jaffna_Northern,28.1,92.52818541342583,12.0,5.08,86.83515223219963
2026-09-28T06:30:00+05:30,Jaffna_Northern,28.3,93.17839747767425,47.0,5.22,83.14280933274543
2026-09-28T06:45:00+05:30,Jaffna_Northern,28.5,93.84718441033044,91.0,5.32,79.45283222457107
2026-09-28T07:00:00+05:30,Jaffna_Northern,28.7,94.54075948204621,142.0,5.46,75.76581500300846
2026-09-28T07:15:00+05:30,Jaffna_Northern,29.0,95.26608303122322,196.0,5.57,72.08243705154874
2026-09-28T07:30:00+05:30,Jaffna_Northern,29.2,96.03114361158794,254.0,5.67,68.40349228452135
2026-09-28T07:45:00+05:30,Jaffna_Northern,29.4,96.845314360685,314.0,5.76,64.72992680891696
2026-09-28T08:00:00+05:30,Jaffna_Northern,29.5,97.71981885008478,375.0,5.87,61.06288724607498
2026-09-28T08:15:00+05:30,Jaffna_Northern,29.7,98.66835488002494,435.0,5.98,57.40378814769754
2026-09-28T08:30:00+05:30,Jaffna_Northern,29.9,99.70794936239844,495.0,6.08,53.75440528358302
2026-09-28T08:45:00+05:30,Jaffna_Northern,30.0,100.86015558347526,552.0,6.13,50.11700612558868
2026-09-28T09:00:00+05:30,Jaffna_Northern,30.2,102.15276439043919,606.0,6.17,46.494540748484745
2026-09-28T09:15:00+05:30,Jaffna_Northern,30.4,103.62230310371643,656.0,6.22,42.89092466434892
2026-09-28T09:30:00+05:30,Jaffna_Northern,30.5,105.31776600252704,701.0,6.27,39.311467331018406
2026-09-28T09:45:00+05:30,Jaffna_Northern,30.7,107.30630678463552,741.0,6.33,35.763544232923735
2026-09-28T10:00:00+05:30,Jaffna_Northern,30.8,109.68211620006593,776.0,6.41,32.257679484663164
2026-09-28T10:15:00+05:30,Jaffna_Northern,30.9,112.58053188289267,807.0,6.48,28.809345030729915
2026-09-28T10:30:00+05:30,Jaffna_Northern,31.0,116.20069965434391,833.0,6.51,25.44205445502189
2026-09-28T10:45:00+05:30,Jaffna_Northern,31.1,120.84156382891837,854.0,6.55,22.192836529277315
2026-09-28T11:00:00+05:30,Jaffna_Northern,31.1,126.95507386678764,871.0,6.55,19.122078974777608
2026-09-28T11:15:00+05:30,Jaffna_Northern,31.2,135.20486542850819,885.0,6.56,16.330863292705217
2026-09-28T11:30:00+05:30,Jaffna_Northern,31.3,146.44380744638698,894.0,6.5,13.987640979729875
2026-09-28T11:45:00+05:30,Jaffna_Northern,31.4,161.3129975385525,900.0,6.29,12.350172320345507
2026-09-28T12:00:00+05:30,Jaffna_Northern,31.5,179.10956511315612,903.0,6.04,11.71820166306324
2026-09-28T12:15:00+05:30,Jaffna_Northern,31.6,197.0572331576193,906.0,5.79,12.248392720495843
2026-09-28T12:30:00+05:30,Jaffna_Northern,31.6,212.24862640050486,908.0,5.64,13.807508092316397
2026-09-28T12:45:00+05:30,Jaffna_Northern,31.5,223.79631283727213,907.0,5.67,16.09931625513235
2026-09-28T13:00:00+05:30,Jaffna_Northern,31.3,232.27725534471637,901.0,5.84,18.8585218781988
2026-09-28T13:15:00+05:30,Jaffna_Northern,31.2,238.55102554429493,887.0,6.03,21.909195058111237
2026-09-28T13:30:00+05:30,Jaffna_Northern,31.1,243.30178238976038,868.0,6.1,25.145421146808403
2026-09-28T13:45:00+05:30,Jaffna_Northern,31.1,246.99826844004133,843.0,6.05,28.504008846549773
2026-09-28T14:00:00+05:30,Jaffna_Northern,31.1,249.95071806149684,811.0,5.96,31.946323484128477
2026-09-28T14:15:00+05:30,Jaffna_Northern,31.1,252.3655118168768,771.0,5.81,35.44791117576814
2026-09-28T14:30:00+05:30,Jaffna_Northern,31.1,254.3826150943578,722.0,5.7,38.99273140241158
2026-09-28T14:45:00+05:30,Jaffna_Northern,31.0,256.0992228618667,669.0,5.61,42.56990577713363
2026-09-28T15:00:00+05:30,Jaffna_Northern,30.8,257.58447750242453,614.0,5.55,46.171830366239284
2026-09-28T15:15:00+05:30,Jaffna_Northern,30.6,258.88871663889825,560.0,5.48,49.79304405013304
2026-09-28T15:30:00+05:30,Jaffna_Northern,30.4,260.0493922364486,506.0,5.44,53.42952945609519
2026-09-28T15:45:00+05:30,Jaffna_Northern,30.3,261.0949408342337,452.0,5.46,57.07826599042275
2026-09-28T16:00:00+05:30,Jaffna_Northern,30.1,262.0473712416115,398.0,5.46,60.736936535725505
2026-09-28T16:15:00+05:30,Jaffna_Northern,29.9,262.9240332186448,342.0,5.55,64.40373142997876
2026-09-28T16:30:00+05:30,Jaffna_Northern,29.8,263.7388517065121,288.0,5.63,68.0772122753693
2026-09-28T16:45:00+05:30,Jaffna_Northern,29.6,264.50320651491114,235.0,5.74,71.75621587534316
2026-09-28T17:00:00+05:30,Jaffna_Northern,29.5,265.226572911565,184.0,5.92,75.43978648311554
2026-09-28T17:15:00+05:30,Jaffna_Northern,29.3,265.91699804955977,134.0,6.06,79.12712481405323
2026-09-28T17:30:00+05:30,Jaffna_Northern,29.2,266.5814643488338,86.0,6.16,82.81754963536362
2026-09-28T17:45:00+05:30,Jaffna_Northern,29.1,267.2261750262353,46.0,6.17,86.51046958261041
2026-09-28T18:00:00+05:30,Jaffna_Northern,29.0,267.8567860821944,13.0,6.17,90.20535956631913
2026-09-28T18:15:00+05:30,Jaffna_Northern,28.9,268.47860348234815,0.0,6.1,93.90174132788553
2026-09-28T18:30:00+05:30,Jaffna_Northern,28.9,269.0967602872318,0.0,6.04,97.59916818118747
2026-09-28T18:45:00+05:30,Jaffna_Northern,28.9,269.71638564443134,0.0,5.96,101.29720980499249
2026-09-28T19:00:00+05:30,Jaffna_Northern,28.9,270.34277769243334,0.0,5.87,104.99543753296213
2026-09-28T19:15:00+05:30,Jaffna_Northern,28.9,270.9815932035757,0.0,5.82,108.69341062196574
2026-09-28T19:30:00+05:30,Jaffna_Northern,28.9,271.639068437372,0.0,5.76,112.3906593919059
2026-09-28T19:45:00+05:30,Jaffna_Northern,28.9,272.32229089522764,0.0,5.71,116.0866653299359
2026-09-28T20:00:00+05:30,Jaffna_Northern,28.9,273.0395492694565,0.0,5.76,119.78083776472096
2026-09-28T20:15:00+05:30,Jaffna_Northern,28.9,273.8008004514547,0.0,5.75,123.47248143368498
2026-09-28T20:30:00+05:30,Jaffna_Northern,28.9,274.6183134805053,0.0,5.82,127.16075236112945
2026-09-28T20:45:00+05:30,Jaffna_Northern,28.9,275.50758413051096,0.0,5.93,130.84459716833743
2026-09-28T21:00:00+05:30,Jaffna_Northern,28.8,276.4886702658177,0.0,6.05,134.52266250852176
2026-09-28T21:15:00+05:30,Jaffna_Northern,28.8,277.5881994969828,0.0,6.19,138.19315878473844
2026-09-28T21:30:00+05:30,Jaffna_Northern,28.8,278.8424831432126,0.0,6.26,141.85364940767093
2026-09-28T21:45:00+05:30,Jaffna_Northern,28.8,280.30251227439794,0.0,6.28,145.50070777478396
2026-09-28T22:00:00+05:30,Jaffna_Northern,28.7,282.04228581653615,0.0,6.23,149.1293391573417
2026-09-28T22:15:00+05:30,Jaffna_Northern,28.7,284.17330408137866,0.0,6.12,152.7319599311912
2026-09-28T22:30:00+05:30,Jaffna_Northern,28.7,286.87103688027696,0.0,6.07,156.29648643515299
2026-09-28T22:45:00+05:30,Jaffna_Northern,28.6,290.4258657841676,0.0,5.98,159.80252231043397
2026-09-28T23:00:00+05:30,Jaffna_Northern,28.6,295.34628622256963,0.0,5.93,163.21316594301186
2026-09-28T23:15:00+05:30,Jaffna_Northern,28.6,302.5740693409509,0.0,5.82,166.4559505867116
2026-09-28T23:30:00+05:30,Jaffna_Northern,28.5,313.8969046213457,0.0,5.72,169.37584058735686
2026-09-28T23:45:00+05:30,Jaffna_Northern,28.5,332.2561846581144,0.0,5.61,171.62771783886276
2026-09-29T00:00:00+05:30,Jaffna_Northern,28.4,358.9261723778099,0.0,5.5,172.57640045683917
2026-09-29T00:15:00+05:30,Jaffna_Northern,28.4,26.050084518870108,0.0,5.39,171.758814382143
2026-09-29T00:30:00+05:30,Jaffna_Northern,28.3,45.08757017400933,0.0,5.35,169.58290130704972
2026-09-29T00:45:00+05:30,Jaffna_Northern,28.3,56.8435461521309,0.0,5.31,166.69947971494457
2026-09-29T01:00:00+05:30,Jaffna_Northern,28.2,64.31354753192909,0.0,5.33,163.47495641290305
2026-09-29T01:15:00+05:30,Jaffna_Northern,28.2,69.3737199080366,0.0,5.34,160.07437626266153
2026-09-29T01:30:00+05:30,Jaffna_Northern,28.2,73.01428049512828,0.0,5.33,156.5744264626017
2026-09-29T01:45:00+05:30,Jaffna_Northern,28.1,75.76786041892751,0.0,5.32,153.01389329762424
2026-09-29T02:00:00+05:30,Jaffna_Northern,28.1,77.93723965480808,0.0,5.4,149.41408693932894
2026-09-29T02:15:00+05:30,Jaffna_Northern,28.1,79.70461136580951,0.0,5.41,145.78757087558378
2026-09-29T02:30:00+05:30,Jaffna_Northern,28.1,81.18532671696823,0.0,5.37,142.14219881732518
2026-09-29T02:45:00+05:30,Jaffna_Northern,28.1,82.4557029626634,0.0,5.28,138.48312567233512
2026-09-29T03:00:00+05:30,Jaffna_Northern,28.1,83.56818919178573,0.0,5.17,134.81387889922388
2026-09-29T03:15:00+05:30,Jaffna_Northern,28.1,84.56005008725845,0.0,5.07,131.13696197398093
2026-09-29T03:30:00+05:30,Jaffna_Northern,28.1,85.45855920604947,0.0,4.9,127.45420974109054
2026-09-29T03:45:00+05:30,Jaffna_Northern,28.1,86.28422618754155,0.0,4.73,123.76700852800401
2026-09-29T04:00:00+05:30,Jaffna_Northern,28.0,87.05287263996576,0.0,4.58,120.07643714447022
2026-09-29T04:15:00+05:30,Jaffna_Northern,28.0,87.77701011115221,0.0,4.38,116.38335889148253
2026-09-29T04:30:00+05:30,Jaffna_Northern,28.0,88.46678143726194,0.0,4.19,112.688485638877
2026-09-29T04:45:00+05:30,Jaffna_Northern,28.0,89.13062257516657,0.0,4.04,108.99242322899053
2026-09-29T05:00:00+05:30,Jaffna_Northern,28.0,89.775741988091,0.0,3.85,105.29570333849631
2026-09-29T05:15:00+05:30,Jaffna_Northern,28.0,90.40847877830441,0.0,3.67,101.59880898125404
2026-09-29T05:30:00+05:30,Jaffna_Northern,28.0,91.03458053746351,0.0,3.52,97.90219496385652
2026-09-29T05:45:00+05:30,Jaffna_Northern,28.0,91.65942897908309,0.0,3.37,94.20630374934099
2026-09-29T06:00:00+05:30,Jaffna_Northern,28.1,92.28823282798982,0.0,3.23,90.51158114495249
2026-09-29T06:15:00+05:30,Jaffna_Northern,28.1,92.92620353333541,11.0,3.08,86.81849148925282
2026-09-29T06:30:00+05:30,Jaffna_Northern,28.3,93.57872686294274,45.0,2.97,83.12753190268026
2026-09-29T06:45:00+05:30,Jaffna_Northern,28.5,94.25154181350103,88.0,2.9,79.43924963036744
2026-09-29T07:00:00+05:30,Jaffna_Northern,28.9,94.95093956183632,139.0,2.8,75.7542622018581
2026-09-29T07:15:00+05:30,Jaffna_Northern,29.2,95.68399726416806,194.0,2.7,72.07328041222422
2026-09-29T07:30:00+05:30,Jaffna_Northern,29.6,96.4588645142577,250.0,2.59,68.39713907197213
2026-09-29T07:45:00+05:30,Jaffna_Northern,29.9,97.28512731778494,307.0,2.45,64.72683677549404
2026-09-29T08:00:00+05:30,Jaffna_Northern,30.2,98.17428440598337,364.0,2.28,61.06358713755378
2026-09-29T08:15:00+05:30,Jaffna_Northern,30.5,99.14038510183099,421.0,2.15,57.40889023664167
2026-09-29T08:30:00+05:30,Jaffna_Northern,30.8,100.20090285702406,476.0,2.09,53.76463150362599
2026-09-29T08:45:00+05:30,Jaffna_Northern,31.1,101.3779569018929,528.0,2.17,50.133220059232706
2026-09-29T09:00:00+05:30,Jaffna_Northern,31.4,102.70005459290547,579.0,2.3,46.51779076859723
2026-09-29T09:15:00+05:30,Jaffna_Northern,31.7,104.20462846409038,629.0,2.52,42.92250310158688
2026-09-29T09:30:00+05:30,Jaffna_Northern,31.9,105.94180900511071,677.0,2.7,39.35299294981014
2026-09-29T09:45:00+05:30,Jaffna_Northern,32.1,107.98015179866866,723.0,2.88,35.817078905331485
2026-09-29T10:00:00+05:30,Jaffna_Northern,32.2,110.41550598606318,765.0,3.0,32.32589508816984
2026-09-29T10:15:00+05:30,Jaffna_Northern,32.3,113.38496884644962,804.0,3.15,28.895762836871242
2026-09-29T10:30:00+05:30,Jaffna_Northern,32.4,117.08896670391647,841.0,3.31,25.551382538693346
2026-09-29T10:45:00+05:30,Jaffna_Northern,32.4,121.82549535342696,873.0,3.49,22.331413108774882
2026-09-29T11:00:00+05:30,Jaffna_Northern,32.4,128.03852107272462,894.0,3.64,19.29832476031764
2026-09-29T11:15:00+05:30,Jaffna_Northern,32.4,136.36478772797534,900.0,3.73,16.555243612067457
2026-09-29T11:30:00+05:30,Jaffna_Northern,32.4,147.5889957124499,888.0,3.73,14.270479574359314
2026-09-29T11:45:00+05:30,Jaffna_Northern,32.4,162.2342594484918,864.0,3.58,12.694034173735517
2026-09-29T12:00:00+05:30,Jaffna_Northern,32.5,179.53785974158836,840.0,3.26,12.105904016568317
2026-09-29T12:15:00+05:30,Jaffna_Northern,32.5,196.91015968783958,820.0,2.95,12.64477318479804
2026-09-29T12:30:00+05:30,Jaffna_Northern,32.5,211.70457991622715,803.0,2.78,14.182754187666731
2026-09-29T12:45:00+05:30,Jaffna_Northern,32.5,223.0751825268385,785.0,2.75,16.441803112865685
2026-09-29T13:00:00+05:30,Jaffna_Northern,32.4,231.51327304245038,768.0,2.82,19.16862266644989
2026-09-29T13:15:00+05:30,Jaffna_Northern,32.3,237.80486846792155,752.0,2.98,22.191399567022927
2026-09-29T13:30:00+05:30,Jaffna_Northern,32.2,242.59564939486245,740.0,3.08,25.404659091942932
2026-09-29T13:45:00+05:30,Jaffna_Northern,32.1,246.33736839473295,726.0,3.08,28.744535727739496
2026-09-29T14:00:00+05:30,Jaffna_Northern,32.0,249.33341415161644,707.0,3.12,32.171558912061315
2026-09-29T14:15:00+05:30,Jaffna_Northern,31.9,251.7877300962582,678.0,3.13,35.66054779777677
2026-09-29T14:30:00+05:30,Jaffna_Northern,31.8,253.83968837551393,644.0,3.23,39.19488824378494
2026-09-29T14:45:00+05:30,Jaffna_Northern,31.6,255.58662529133454,605.0,3.49,42.76326329037671
2026-09-29T15:00:00+05:30,Jaffna_Northern,31.4,257.09808403325945,557.0,3.9,46.35773611363097
2026-09-29T15:15:00+05:30,Jaffna_Northern,31.1,258.42486203144404,496.0,4.3,49.97259220239865
2026-09-29T15:30:00+05:30,Jaffna_Northern,30.9,259.60484908808064,424.0,4.55,53.60361994429884
2026-09-29T15:45:00+05:30,Jaffna_Northern,30.6,260.66686864152746,350.0,4.44,57.247648596029954
2026-09-29T16:00:00+05:30,Jaffna_Northern,30.3,261.63325876573356,286.0,4.15,60.90224401210256
2026-09-29T16:15:00+05:30,Jaffna_Northern,30.0,262.521643184768,237.0,3.81,64.56550465759794
2026-09-29T16:30:00+05:30,Jaffna_Northern,29.8,263.34617096118393,199.0,3.62,68.23591962295191
2026-09-29T16:45:00+05:30,Jaffna_Northern,29.7,264.11840219420077,165.0,3.67,71.91226832126553
2026-09-29T17:00:00+05:30,Jaffna_Northern,29.6,264.8479541006768,132.0,3.81,75.59354961826325
2026-09-29T17:15:00+05:30,Jaffna_Northern,29.6,265.54298201133906,99.0,4.05,79.27892855389497
2026-09-29T17:30:00+05:30,Jaffna_Northern,29.5,266.210546297295,66.0,4.2,82.96769624952728
2026-09-29T17:45:00+05:30,Jaffna_Northern,29.3,266.85690042872807,37.0,4.31,86.65924050599968
2026-09-29T18:00:00+05:30,Jaffna_Northern,29.1,267.4877245037725,10.0,4.35,90.35302135722013
2026-09-29T18:15:00+05:30,Jaffna_Northern,29.0,268.1083230074511,0.0,4.46,94.04855106789257
2026-09-29T18:30:00+05:30,Jaffna_Northern,28.8,268.7238015358037,0.0,4.53,97.74537858143064
2026-09-29T18:45:00+05:30,Jaffna_Northern,28.8,269.33923432544714,0.0,4.64,101.44307424994882
2026-09-29T19:00:00+05:30,Jaffna_Northern,28.8,269.9598345021712,0.0,4.68,105.1412153111053
2026-09-29T19:15:00+05:30,Jaffna_Northern,28.8,270.5911396413174,0.0,4.79,108.83937260675387
2026-09-29T19:30:00+05:30,Jaffna_Northern,28.8,271.2392267657284,0.0,4.86,112.5370944900535
2026-09-29T19:45:00+05:30,Jaffna_Northern,28.7,271.9109759583179,0.0,4.92,116.23388809658216
2026-09-29T20:00:00+05:30,Jaffna_Northern,28.7,272.6144091325148,0.0,4.93,119.92919771798103
2026-09-29T20:15:00+05:30,Jaffna_Northern,28.7,273.35914176065205,0.0,4.95,123.62237480159223
2026-09-29T20:30:00+05:30,Jaffna_Northern,28.6,274.157005903196,0.0,4.96,127.31263731863385
2026-09-29T20:45:00+05:30,Jaffna_Northern,28.6,275.0229360250927,0.0,5.0,130.99901410114282
2026-09-29T21:00:00+05:30,Jaffna_Northern,28.6,275.976264646787,0.0,5.05,134.68026164173293
2026-09-29T21:15:00+05:30,Jaffna_Northern,28.6,277.0426751429178,0.0,5.11,138.35473878408078
2026-09-29T21:30:00+05:30,Jaffna_Northern,28.6,278.25724048617565,0.0,5.15,142.02021269745762
2026-09-29T21:45:00+05:30,Jaffna_Northern,28.5,279.66931914747715,0.0,5.19,145.6735419494359
2026-09-29T22:00:00+05:30,Jaffna_Northern,28.5,281.35076103582406,0.0,5.21,149.3101402028875
2026-09-29T22:15:00+05:30,Jaffna_Northern,28.5,283.4102925041668,0.0,5.25,152.9230241602961
2026-09-29T22:30:00+05:30,Jaffna_Northern,28.4,286.02004899277256,0.0,5.3,156.50101748094716
2026-09-29T22:45:00+05:30,Jaffna_Northern,28.4,289.46737314410166,0.0,5.3,160.02512968024445
2026-09-29T23:00:00+05:30,Jaffna_Northern,28.4,294.26203874360874,0.0,5.33,163.460654030356
2026-09-29T23:15:00+05:30,Jaffna_Northern,28.3,301.3679164819523,0.0,5.37,166.7383371238883
2026-09-29T23:30:00+05:30,Jaffna_Northern,28.3,312.6792776542877,0.0,5.38,169.70606414651732
2026-09-29T23:45:00+05:30,Jaffna_Northern,28.2,331.5050863429556,0.0,5.41,172.01043195142822
2026-09-30T00:00:00+05:30,Jaffna_Northern,28.2,359.54788457085897,0.0,5.45,172.96597303404008
2026-09-30T00:15:00+05:30,Jaffna_Northern,28.1,27.81450590697068,0.0,5.45,172.06915343894258
2026-09-30T00:30:00+05:30,Jaffna_Northern,28.1,46.956769117347335,0.0,5.52,169.7973344273717
2026-09-30T00:45:00+05:30,Jaffna_Northern,28.0,58.459940600061486,0.0,5.64,166.84465402365117
2026-09-30T01:00:00+05:30,Jaffna_Northern,28.0,65.66997645008269,0.0,5.73,163.57439383625888
2026-09-30T01:15:00+05:30,Jaffna_Northern,27.9,70.52395686131757,0.0,5.85,160.14298290339985
2026-09-30T01:30:00+05:30,Jaffna_Northern,27.9,74.00759169859435,0.0,5.91,156.6214228551259
2026-09-30T01:45:00+05:30,Jaffna_Northern,27.9,76.64116943879179,0.0,5.9,153.04518457731749
2026-09-30T02:00:00+05:30,Jaffna_Northern,27.9,78.71733236482748,0.0,5.86,149.43362429624068
2026-09-30T02:15:00+05:30,Jaffna_Northern,27.9,80.41105760350604,0.0,5.78,145.7981095711322
2026-09-30T02:30:00+05:30,Jaffna_Northern,27.9,81.83268892115109,0.0,5.67,142.14573174228485
2026-09-30T02:45:00+05:30,Jaffna_Northern,27.9,83.05504796899652,0.0,5.56,138.48114129660013
2026-09-30T03:00:00+05:30,Jaffna_Northern,27.9,84.12810537933052,0.0,5.46,134.80752098846887
2026-09-30T03:15:00+05:30,Jaffna_Northern,27.9,85.08733703519624,0.0,5.32,131.1271322188919
2026-09-30T03:30:00+05:30,Jaffna_Northern,27.9,85.958703055505,0.0,5.22,127.44163596159626
2026-09-30T03:45:00+05:30,Jaffna_Northern,27.9,86.76173373760679,0.0,5.15,123.75229141085089
2026-09-30T04:00:00+05:30,Jaffna_Northern,27.8,87.51151095730995,0.0,5.11,120.06008319263148
2026-09-30T04:15:00+05:30,Jaffna_Northern,27.8,88.21998190042382,0.0,5.04,116.36580428277125
2026-09-30T04:30:00+05:30,Jaffna_Northern,27.8,88.89685605399143,0.0,5.0,112.6701139682643
2026-09-30T04:45:00+05:30,Jaffna_Northern,27.8,89.55023597499894,0.0,4.92,108.9735790699553
2026-09-30T05:00:00+05:30,Jaffna_Northern,27.8,90.1870746866249,0.0,4.85,105.27670291446135
2026-09-30T05:15:00+05:30,Jaffna_Northern,27.8,90.81351816107792,0.0,4.81,101.57994884456686
2026-09-30T05:30:00+05:30,Jaffna_Northern,27.8,91.43517204788634,0.0,4.67,97.88375932175462
2026-09-30T05:45:00+05:30,Jaffna_Northern,27.8,92.05731951612688,0.0,4.45,94.18857091377248
2026-09-30T06:00:00+05:30,Jaffna_Northern,27.8,92.68510890028136,0.0,4.24,90.49482948476508
2026-09-30T06:15:00+05:30,Jaffna_Northern,27.9,93.32372620235458,10.0,4.0,86.80300519743328
2026-09-30T06:30:00+05:30,Jaffna_Northern,28.0,93.97856519873562,41.0,3.79,83.1136068720932
2026-09-30T06:45:00+05:30,Jaffna_Northern,28.2,94.65540643161881,80.0,3.66,79.42719973106408
2026-09-30T07:00:00+05:30,Jaffna_Northern,28.5,95.36061778280396,127.0,3.56,75.74442627360384
2026-09-30T07:15:00+05:30,Jaffna_Northern,28.8,96.10139153198816,177.0,3.5,72.0660303496688
2026-09-30T07:30:00+05:30,Jaffna_Northern,29.1,96.88603592247284,231.0,3.4,68.39288946753527
2026-09-30T07:45:00+05:30,Jaffna_Northern,29.4,97.72434643999355,287.0,3.29,64.72605672619828
2026-09-30T08:00:00+05:30,Jaffna_Northern,29.7,98.62809213287409,344.0,3.24,61.066815035228004
2026-09-30T08:15:00+05:30,Jaffna_Northern,30.0,99.61166684585055,397.0,3.16,57.41675266047196
2026-09-30T08:30:00+05:30,Jaffna_Northern,30.2,100.6929803035822,445.0,3.12,53.777867797639225
2026-09-30T08:45:00+05:30,Jaffna_Northern,30.4,101.89470236584668,489.0,3.11,50.15271485988818
2026-09-30T09:00:00+05:30,Jaffna_Northern,30.6,103.24603361393957,530.0,3.11,46.5446177576362
2026-09-30T09:15:00+05:30,Jaffna_Northern,30.8,104.78527563081354,571.0,3.11,42.957984801412536
2026-09-30T09:30:00+05:30,Jaffna_Northern,30.9,106.56363763213369,609.0,3.08,39.39878367705443
2026-09-30T09:45:00+05:30,Jaffna_Northern,31.1,108.6509834707835,645.0,3.01,35.87528134458924
2026-09-30T10:00:00+05:30,Jaffna_Northern,31.3,111.14466453702352,682.0,2.87,32.399225492966345
2026-09-30T10:15:00+05:30,Jaffna_Northern,31.5,114.18327201028666,724.0,2.76,28.98778469709803
2026-09-30T10:30:00+05:30,Jaffna_Northern,31.7,117.96805642856214,776.0,2.65,25.66682860083
2026-09-30T10:45:00+05:30,Jaffna_Northern,32.0,122.79529871828822,829.0,2.58,22.476590809461825
2026-09-30T11:00:00+05:30,Jaffna_Northern,32.2,129.09983122584265,874.0,2.58,19.48148175978413
2026-09-30T11:15:00+05:30,Jaffna_Northern,32.5,137.49046156609006,900.0,2.58,16.786357272288527
2026-09-30T11:30:00+05:30,Jaffna_Northern,32.7,148.68566671078906,911.0,2.58,14.558853955254364
2026-09-30T11:45:00+05:30,Jaffna_Northern,32.8,163.1023167692549,911.0,2.65,13.040896015263328
2026-09-30T12:00:00+05:30,Jaffna_Northern,32.9,179.9347635041654,900.0,2.72,12.493877564617506
2026-09-30T12:15:00+05:30,Jaffna_Northern,32.9,196.767566857794,883.0,2.86,13.040577649362262
2026-09-30T12:30:00+05:30,Jaffna_Northern,32.9,211.18493562518952,856.0,2.94,14.558293147180308
2026-09-30T12:45:00+05:30,Jaffna_Northern,32.7,222.38068554285246,822.0,3.02,16.78564861636525
2026-09-30T13:00:00+05:30,Jaffna_Northern,32.5,230.7714604911559,780.0,3.14,19.480701286944154
2026-09-30T13:15:00+05:30,Jaffna_Northern,32.2,237.07573189341997,730.0,3.24,22.475792933500372
2026-09-30T13:30:00+05:30,Jaffna_Northern,32.0,241.9023569633597,667.0,3.32,25.666052575897552
2026-09-30T13:45:00+05:30,Jaffna_Northern,31.7,245.68621243813385,600.0,3.36,28.987060411349518
2026-09-30T14:00:00+05:30,Jaffna_Northern,31.4,248.72360883428755,546.0,3.38,32.39857841174126
2026-09-30T14:15:00+05:30,Jaffna_Northern,31.1,251.21581192589463,514.0,3.41,35.87473453879889
2026-09-30T14:30:00+05:30,Jaffna_Northern,30.8,253.30141795809482,506.0,3.53,39.39835884247512
2026-09-30T14:45:00+05:30,Jaffna_Northern,30.7,255.07777684405912,503.0,3.75,42.957704175248914
2026-09-30T15:00:00+05:30,Jaffna_Northern,30.5,256.61474521376397,490.0,4.04,46.54450434070012
2026-09-30T15:15:00+05:30,Jaffna_Northern,30.4,257.9635204951351,453.0,4.33,50.15279246990228
2026-09-30T15:30:00+05:30,Jaffna_Northern,30.3,259.16238894883327,402.0,4.5,53.778162503414215
2026-09-30T15:45:00+05:30,Jaffna_Northern,30.2,260.2405318548529,345.0,4.6,57.41729274524081
2026-09-30T16:00:00+05:30,Jaffna_Northern,30.0,261.22059579841743,292.0,4.61,61.06763096081597
2026-09-30T16:15:00+05:30,Jaffna_Northern,29.8,262.12046337539533,246.0,4.57,64.72718259660978
2026-09-30T16:30:00+05:30,Jaffna_Northern,29.7,262.95449658241614,204.0,4.54,68.39436308051904
2026-09-30T16:45:00+05:30,Jaffna_Northern,29.5,263.73442734405654,165.0,4.57,72.06789331788164
2026-09-30T17:00:00+05:30,Jaffna_Northern,29.4,264.4700082756646,129.0,4.57,75.74672571651222
2026-09-30T17:15:00+05:30,Jaffna_Northern,29.3,265.1694976810506,94.0,4.57,79.42998861346301
2026-09-30T17:30:00+05:30,Jaffna_Northern,29.2,265.8400296169606,63.0,4.55,83.11694449101876
2026-09-30T17:45:00+05:30,Jaffna_Northern,29.1,266.4879041772586,34.0,4.48,86.80695934052603
2026-09-30T18:00:00+05:30,Jaffna_Northern,29.0,267.1188223282712,9.0,4.29,90.49947734799665
2026-09-30T18:15:00+05:30,Jaffna_Northern,28.9,267.7380840491243,0.0,4.15,94.19400031698046
2026-09-30T18:30:00+05:30,Jaffna_Northern,28.9,268.35076447142586,0.0,4.03,97.89007179436179
2026-09-30T18:45:00+05:30,Jaffna_Northern,28.9,268.96187977000466,0.0,3.92,101.5872617201076
2026-09-30T19:00:00+05:30,Jaffna_Northern,28.9,269.5765545597547,0.0,3.86,105.28515205986517
2026-09-30T19:15:00+05:30,Jaffna_Northern,28.9,270.20020313677924,0.0,3.76,108.98332394108043
2026-09-30T19:30:00+05:30,Jaffna_Northern,28.9,270.83873831369397,0.0,3.66,112.68134228752317
2026-09-30T19:45:00+05:30,Jaffna_Northern,28.9,271.4988264685517,0.0,3.57,116.3787382059614
2026-09-30T20:00:00+05:30,Jaffna_Northern,28.9,272.1882145354301,0.0,3.43,120.07498899954048
2026-09-30T20:15:00+05:30,Jaffna_Northern,28.8,272.91616556452055,0.0,3.35,123.76949052478
2026-09-30T20:30:00+05:30,Jaffna_Northern,28.8,273.6940594772957,0.0,3.32,127.46151994641293
2026-09-30T20:45:00+05:30,Jaffna_Northern,28.7,274.5362479923634,0.0,3.4,131.15018498722924
2026-09-30T21:00:00+05:30,Jaffna_Northern,28.7,275.4613071456613,0.0,3.62,134.83434794516168
2026-09-30T21:15:00+05:30,Jaffna_Northern,28.6,276.49392952140573,0.0,3.81,138.51251119524474
2026-09-30T21:30:00+05:30,Jaffna_Northern,28.6,277.6678779205548,0.0,3.92,142.18263973632168
2026-09-30T21:45:00+05:30,Jaffna_Northern,28.5,279.03076345045685,0.0,3.97,145.84187033270794
2026-09-30T22:00:00+05:30,Jaffna_Northern,28.5,280.6520963096456,0.0,3.95,149.48601742256133
2026-09-30T22:15:00+05:30,Jaffna_Northern,28.4,282.637498014582,0.0,3.89,153.1086914478351
2026-09-30T22:30:00+05:30,Jaffna_Northern,28.3,285.1551685117548,0.0,3.91,156.69962319335013
2026-09-30T22:45:00+05:30,Jaffna_Northern,28.3,288.48827226030187,0.0,3.97,160.24125055779214
2026-09-30T23:00:00+05:30,Jaffna_Northern,28.2,293.1456686822697,0.0,4.07,163.70115622778013
2026-09-30T23:15:00+05:30,Jaffna_Northern,28.1,300.1095615806025,0.0,4.16,167.013613510898
2026-09-30T23:30:00+05:30,Jaffna_Northern,28.1,311.3795715696267,0.0,4.24,170.0303132161538
2026-09-30T23:45:00+05:30,Jaffna_Northern,28.0,330.6727592734411,0.0,4.24,172.3907480665847
2026-10-01T00:00:00+05:30,Jaffna_Northern,28.0,0.2318771045096355,0.0,4.16,173.35424425687143
2026-10-01T00:15:00+05:30,Jaffna_Northern,28.0,29.71058524608702,0.0,4.14,172.37170393147338
2026-10-01T00:30:00+05:30,Jaffna_Northern,28.0,48.89704835248472,0.0,4.05,170.00130394626905
2026-10-01T00:45:00+05:30,Jaffna_Northern,28.0,60.106293569725096,0.0,3.98,166.9803083023882
2026-10-01T01:00:00+05:30,Jaffna_Northern,28.0,67.03873453148316,0.0,3.94,163.66592638184642
2026-10-01T01:15:00+05:30,Jaffna_Northern,28.0,71.67912310751143,0.0,3.88,160.20513085985232
2026-10-01T01:30:00+05:30,Jaffna_Northern,27.9,75.00257568867158,0.0,3.82,156.66312916809903
2026-10-01T01:45:00+05:30,Jaffna_Northern,27.9,77.51465464231643,0.0,3.79,153.07211838163872
2026-10-01T02:00:00+05:30,Jaffna_Northern,27.9,79.49689983378539,0.0,3.76,149.44955697408085
2026-10-01T02:15:00+05:30,Jaffna_Northern,27.9,81.11665607634194,0.0,3.69,145.80566220007233
2026-10-01T02:30:00+05:30,Jaffna_Northern,27.8,82.47906855519142,0.0,3.67,142.1467966317115
2026-10-01T02:45:00+05:30,Jaffna_Northern,27.7,83.65337070505996,0.0,3.64,138.47713060105406
2026-10-01T03:00:00+05:30,Jaffna_Northern,27.6,84.68700786258336,0.0,3.58,134.79951976594728
2026-10-01T03:15:00+05:30,Jaffna_Northern,27.5,85.61364262651341,0.0,3.58,131.11599640265283
2026-10-01T03:30:00+05:30,Jaffna_Northern,27.5,86.45790857723398,0.0,3.51,127.42805729899334
2026-10-01T03:45:00+05:30,Jaffna_Northern,27.4,87.23834956473127,0.0,3.39,123.7368418934254
2026-10-01T04:00:00+05:30,Jaffna_Northern,27.4,87.96930386851369,0.0,3.21,120.04324634304784
2026-10-01T04:15:00+05:30,Jaffna_Northern,27.5,88.66215222850974,0.0,3.03,116.34799781389287
2026-10-01T04:30:00+05:30,Jaffna_Northern,27.5,89.32616968251449,0.0,2.85,112.65170664307824
2026-10-01T04:45:00+05:30,Jaffna_Northern,27.5,89.96912482411636,0.0,2.67,108.95490360802398
2026-10-01T05:00:00+05:30,Jaffna_Northern,27.5,90.59771495075353,0.0,2.45,105.25806617803569
2026-10-01T05:15:00+05:30,Jaffna_Northern,27.5,91.2178927420452,0.0,2.27,101.56164015687055
2026-10-01T05:30:00+05:30,Jaffna_Northern,27.6,91.83512176814173,0.0,2.13,97.86605752720013
2026-10-01T05:45:00+05:30,Jaffna_Northern,27.7,92.45458647329201,0.0,2.09,94.17175064015525
2026-10-01T06:00:00+05:30,Jaffna_Northern,27.9,93.0813745245232,0.0,2.05,90.47916696239866
2026-10-01T06:15:00+05:30,Jaffna_Northern,28.0,93.72064604923685,10.0,2.09,86.78878395213415
2026-10-01T06:30:00+05:30,Jaffna_Northern,28.2,94.37780219532772,43.0,2.12,83.10112357034791
2026-10-01T06:45:00+05:30,Jaffna_Northern,28.4,95.05866412816846,86.0,2.16,79.41677046804375
2026-10-01T07:00:00+05:30,Jaffna_Northern,28.7,95.7696751229991,139.0,2.23,75.73639362105449
2026-10-01T07:15:00+05:30,Jaffna_Northern,28.9,96.51814073530056,193.0,2.26,72.06077153973985
2026-10-01T07:30:00+05:30,Jaffna_Northern,29.1,97.31252525979608,246.0,2.33,68.39082618426036
2026-10-01T07:45:00+05:30,Jaffna_Northern,29.3,98.16282999692453,298.0,2.41,64.72766711258673
2026-10-01T08:00:00+05:30,Jaffna_Northern,29.5,99.08108910134558,351.0,2.44,61.07264874226789
2026-10-01T08:15:00+05:30,Jaffna_Northern,29.7,100.08203344700473,408.0,2.51,57.42745007039023
2026-10-01T08:30:00+05:30,Jaffna_Northern,29.9,101.18399810621202,470.0,2.58,53.794185002240596
2026-10-01T08:45:00+05:30,Jaffna_Northern,30.1,102.41018737161733,532.0,2.65,50.17555665488107
2026-10-01T09:00:00+05:30,Jaffna_Northern,30.2,103.79047058148893,593.0,2.73,46.575081904706714
2026-10-01T09:15:00+05:30,Jaffna_Northern,30.4,105.36398063003656,646.0,2.84,42.99742229138287
2026-10-01T09:30:00+05:30,Jaffna_Northern,30.5,107.18294594320793,692.0,2.92,39.448881907161876
2026-10-01T09:45:00+05:30,Jaffna_Northern,30.6,109.31844260652832,732.0,3.04,35.93818018190984
2026-10-01T10:00:00+05:30,Jaffna_Northern,30.7,111.86916587005555,767.0,3.16,32.47768010780403
2026-10-01T10:15:00+05:30,Jaffna_Northern,30.8,114.97493514390885,799.0,3.22,29.08539244777085
2026-10-01T10:30:00+05:30,Jaffna_Northern,30.9,118.83737823415294,826.0,3.34,25.7883340482784
2026-10-01T10:45:00+05:30,Jaffna_Northern,31.0,123.75033394741945,849.0,3.43,22.628251324196697
2026-10-01T11:00:00+05:30,Jaffna_Northern,31.1,130.13847247336963,867.0,3.49,19.671346193155756
2026-10-01T11:15:00+05:30,Jaffna_Northern,31.2,138.58192492916214,878.0,3.56,17.023893661090796
2026-10-01T11:30:00+05:30,Jaffna_Northern,31.2,149.7353116318368,884.0,3.58,14.852372538577654
2026-10-01T11:45:00+05:30,Jaffna_Northern,31.3,163.9203842611323,884.0,3.53,13.390417645090636
2026-10-01T12:00:00+05:30,Jaffna_Northern,31.3,180.30262559591878,880.0,3.49,12.8819549676207
2026-10-01T12:15:00+05:30,Jaffna_Northern,31.4,196.62870210115761,874.0,3.34,13.435689864636998
2026-10-01T12:30:00+05:30,Jaffna_Northern,31.4,210.68765300768956,866.0,3.26,14.933925342545422
2026-10-01T12:45:00+05:30,Jaffna_Northern,31.4,221.7112035294198,855.0,3.13,17.130592531661577
2026-10-01T13:00:00+05:30,Jaffna_Northern,31.4,230.050859388883,839.0,2.99,19.794489320018798
2026-10-01T13:15:00+05:30,Jaffna_Northern,31.4,236.3631042764096,820.0,2.8,22.762123247092077
2026-10-01T13:30:00+05:30,Jaffna_Northern,31.4,241.22164651747389,798.0,2.68,25.929371666770024
2026-10-01T13:45:00+05:30,Jaffna_Northern,31.3,245.04467951615052,773.0,2.56,29.231373169514846
2026-10-01T14:00:00+05:30,Jaffna_Northern,31.3,248.12125622078497,743.0,2.49,32.627188956505506
2026-10-01T14:15:00+05:30,Jaffna_Northern,31.3,250.64975337571542,708.0,2.43,36.09029170027335
2026-10-01T14:30:00+05:30,Jaffna_Northern,31.2,252.76782394286047,667.0,2.42,39.602974056507165
2026-10-01T14:45:00+05:30,Jaffna_Northern,31.1,254.57271174709388,623.0,2.42,43.15306768178448
2026-10-01T15:00:00+05:30,Jaffna_Northern,30.9,256.1345037951664,578.0,2.47,46.73198102477548
2026-10-01T15:15:00+05:30,Jaffna_Northern,30.8,257.50474007405313,535.0,2.58,50.33349627726943
2026-10-01T15:30:00+05:30,Jaffna_Northern,30.6,258.7220632680443,494.0,2.64,53.95301301093942
2026-10-01T15:45:00+05:30,Jaffna_Northern,30.4,259.81598422723266,452.0,2.76,57.587057991236954
2026-10-01T16:00:00+05:30,Jaffna_Northern,30.3,260.8094377662671,406.0,2.86,61.2329599927705
2026-10-01T16:15:00+05:30,Jaffna_Northern,30.1,261.72055055206215,358.0,2.98,64.88863041409847
2026-10-01T16:30:00+05:30,Jaffna_Northern,29.9,262.56388651520444,309.0,3.1,68.55240995986048
2026-10-01T16:45:00+05:30,Jaffna_Northern,29.7,263.3513410665256,259.0,3.21,72.22295997883307
2026-10-01T17:00:00+05:30,Jaffna_Northern,29.6,264.09279575643836,205.0,3.29,75.89918539942873
2026-10-01T17:15:00+05:30,Jaffna_Northern,29.4,264.7966067233012,149.0,3.39,79.58017686662501
2026-10-01T17:30:00+05:30,Jaffna_Northern,29.3,265.4699774973657,94.0,3.45,83.26516725517403
2026-10-01T17:45:00+05:30,Jaffna_Northern,29.2,266.11925121536956,46.0,3.5,86.95349979388756
2026-10-01T18:00:00+05:30,Jaffna_Northern,29.1,266.7501465296763,10.0,3.5,90.6446018607883
2026-10-01T18:15:00+05:30,Jaffna_Northern,29.0,267.3679559378169,0.0,3.54,94.33796381499
2026-10-01T18:30:00+05:30,Jaffna_Northern,28.9,267.97772116364564,0.0,3.53,98.03312278090685
2026-10-01T18:45:00+05:30,Jaffna_Northern,28.9,268.58439723480336,0.0,3.52,101.72964719118876
2026-10-01T19:00:00+05:30,Jaffna_Northern,28.8,269.1930168356058,0.0,3.55,105.42712254649535
2026-10-01T19:15:00+05:30,Jaffna_Northern,28.8,269.8088669965344,0.0,3.54,109.1251389345642
2026-10-01T19:30:00+05:30,Jaffna_Northern,28.7,270.4376914643852,0.0,3.53,112.82327634663177
2026-10-01T19:45:00+05:30,Jaffna_Northern,28.7,271.0859367743134,0.0,3.52,116.52108813312282
2026-10-01T20:00:00+05:30,Jaffna_Northern,28.6,271.7610668660727,0.0,3.5,120.21808258264711
2026-10-01T20:15:00+05:30,Jaffna_Northern,28.5,272.47198159780015,0.0,3.44,123.91369755346761
2026-10-01T20:30:00+05:30,Jaffna_Northern,28.5,273.22959388591187,0.0,3.43,127.60726650730655
2026-10-01T20:45:00+05:30,Jaffna_Northern,28.4,274.0476516301135,0.0,3.37,131.2979725305828
2026-10-01T21:00:00+05:30,Jaffna_Northern,28.3,274.94394368052895,0.0,3.36,134.98477939343275
2026-10-01T21:15:00+05:30,Jaffna_Northern,28.2,275.94212576466435,0.0,3.3,138.66632764852696
2026-10-01T21:30:00+05:30,Jaffna_Northern,28.1,277.07457911415037,0.0,3.25,142.3407735204257
2026-10-01T21:45:00+05:30,Jaffna_Northern,28.0,278.3870527241262,0.0,3.21,146.00552394508227
2026-10-01T22:00:00+05:30,Jaffna_Northern,27.8,279.94652494175654,0.0,3.13,149.656784816677
2026-10-01T22:15:00+05:30,Jaffna_Northern,27.7,281.85517552710326,0.0,3.11,153.2887508841206
2026-10-01T22:30:00+05:30,Jaffna_Northern,27.6,284.2766475059427,0.0,3.04,156.89205499099882
2026-10-01T22:45:00+05:30,Jaffna_Northern,27.5,287.488721645053,0.0,3.04,160.45057751570542
2026-10-01T23:00:00+05:30,Jaffna_Northern,27.4,291.99692787621166,0.0,3.02,163.9342717007098
2026-10-01T23:15:00+05:30,Jaffna_Northern,27.3,298.79727439964716,0.0,2.96,167.28123958568844
2026-10-01T23:30:00+05:30,Jaffna_Northern,27.3,309.9913327383141,0.0,2.95,170.34792335361064
2026-10-01T23:45:00+05:30,Jaffna_Northern,27.2,329.7467148722528,0.0,2.93,172.7682590224881
2026-10-02T00:00:00+05:30,Jaffna_Northern,27.2,0.9884315522273255,0.0,2.89,173.74100078794748
2026-10-02T00:15:00+05:30,Jaffna_Northern,27.1,31.749371686246548,0.0,2.84,172.66557907671017
2026-10-02T00:30:00+05:30,Jaffna_Northern,27.1,50.90794147046279,0.0,2.78,170.19425344398456
2026-10-02T00:45:00+05:30,Jaffna_Northern,27.0,61.780642537598055,0.0,2.72,167.1062447584332
2026-10-02T01:00:00+05:30,Jaffna_Northern,27.0,68.41835266711576,0.0,2.68,163.74952491647338
2026-10-02T01:15:00+05:30,Jaffna_Northern,27.0,72.83823359470301,0.0,2.59,160.26086381323756
2026-10-02T01:30:00+05:30,Jaffna_Northern,26.9,75.9985574949784,0.0,2.55,156.6996213485283
2026-10-02T01:45:00+05:30,Jaffna_Northern,26.9,78.38783118734437,0.0,2.51,153.09478540502147
2026-10-02T02:00:00+05:30,Jaffna_Northern,26.9,80.27557630537905,0.0,2.44,149.46198243646057
2026-10-02T02:15:00+05:30,Jaffna_Northern,26.8,81.82111830583722,0.0,2.37,145.81032916797716
2026-10-02T02:30:00+05:30,Jaffna_Northern,26.8,83.12422912791612,0.0,2.27,142.14549491789887
2026-10-02T02:45:00+05:30,Jaffna_Northern,26.7,84.25047080780058,0.0,2.18,138.4711950569447
2026-10-02T03:00:00+05:30,Jaffna_Northern,26.7,85.24472208884731,0.0,2.1,134.78997622172827
2026-10-02T03:15:00+05:30,Jaffna_Northern,26.6,86.13881116409914,0.0,1.99,131.10365475854547
2026-10-02T03:30:00+05:30,Jaffna_Northern,26.5,86.95603408149452,0.0,1.93,127.41357308569675
2026-10-02T03:45:00+05:30,Jaffna_Northern,26.5,87.7139424986052,0.0,1.82,123.72075832496972
2026-10-02T04:00:00+05:30,Jaffna_Northern,26.4,88.4261281321734,0.0,1.78,120.02602392056207
2026-10-02T04:15:00+05:30,Jaffna_Northern,26.4,89.10340379948013,0.0,1.7,116.33003576014265
2026-10-02T04:30:00+05:30,Jaffna_Northern,26.3,89.75460940529013,0.0,1.7,112.633358869173
2026-10-02T04:45:00+05:30,Jaffna_Northern,26.3,90.3871793039375,0.0,1.71,108.93649095997223
2026-10-02T05:00:00+05:30,Jaffna_Northern,26.3,91.00755497987257,0.0,1.74,105.23988613236449
2026-10-02T05:15:00+05:30,Jaffna_Northern,26.3,91.6214957913619,0.0,1.81,101.54397477659901
2026-10-02T05:30:00+05:30,Jaffna_Northern,26.4,92.23432317720062,0.0,1.83,97.84918025399685
2026-10-02T05:45:00+05:30,Jaffna_Northern,26.6,92.85112272400221,0.0,1.85,94.15593236152623
2026-10-02T06:00:00+05:30,Jaffna_Northern,26.8,93.47692116785163,0.0,1.9,90.46468170361786
2026-10-02T06:15:00+05:30,Jaffna_Northern,27.0,94.11685231887367,10.0,1.9,86.77591448640392
2026-10-02T06:30:00+05:30,Jaffna_Northern,27.2,94.7763240146291,42.0,1.94,83.09016723110088
2026-10-02T06:45:00+05:30,Jaffna_Northern,27.5,95.46119704535835,85.0,1.98,79.40804544295611
2026-10-02T07:00:00+05:30,Jaffna_Northern,27.8,96.17798865677173,135.0,2.01,75.73024604823968
2026-10-02T07:15:00+05:30,Jaffna_Northern,28.1,96.93411567797193,187.0,2.05,72.05758378445094
2026-10-02T07:30:00+05:30,Jaffna_Northern,28.4,97.738195650676,237.0,2.09,68.39102676167548
2026-10-02T07:45:00+05:30,Jaffna_Northern,28.6,98.6004317499378,286.0,2.13,64.73174288204024
2026-10-02T08:00:00+05:30,Jaffna_Northern,28.9,99.53311766185107,335.0,2.18,61.081160194761424
2026-10-02T08:15:00+05:30,Jaffna_Northern,29.1,100.55131331608436,386.0,2.27,57.44105084617305
2026-10-02T08:30:00+05:30,Jaffna_Northern,29.2,101.67376756955179,439.0,2.32,53.81364722216378
2026-10-02T08:45:00+05:30,Jaffna_Northern,29.3,102.92420210465866,492.0,2.43,50.20180431214595
2026-10-02T09:00:00+05:30,Jaffna_Northern,29.4,104.33312943087697,543.0,2.47,46.609235528476304
2026-10-02T09:15:00+05:30,Jaffna_Northern,29.5,105.94047456165254,588.0,2.59,43.04085951596966
2026-10-02T09:30:00+05:30,Jaffna_Northern,29.5,107.799423809362,628.0,2.7,39.50332061016806
2026-10-02T09:45:00+05:30,Jaffna_Northern,29.6,109.98216744817842,661.0,2.81,36.005793632033246
2026-10-02T10:00:00+05:30,Jaffna_Northern,29.6,112.58858473479864,691.0,2.93,32.56125678295861
2026-10-02T10:15:00+05:30,Jaffna_Northern,29.6,115.7594592058415,718.0,3.04,29.18855511922191
2026-10-02T10:30:00+05:30,Jaffna_Northern,29.6,119.69636101413818,741.0,3.17,25.91582634601852
2026-10-02T10:45:00+05:30,Jaffna_Northern,29.6,124.69000273512069,760.0,3.23,22.78626203225444
2026-10-02T11:00:00+05:30,Jaffna_Northern,29.6,131.15398862233917,774.0,3.3,19.86770199046113
2026-10-02T11:15:00+05:30,Jaffna_Northern,29.6,139.63931699298348,783.0,3.35,17.267537283961857
2026-10-02T11:30:00+05:30,Jaffna_Northern,29.6,150.73944847683265,786.0,3.37,15.150652627236937
2026-10-02T11:45:00+05:30,Jaffna_Northern,29.6,164.69145465365978,785.0,3.32,13.742274975968641
2026-10-02T12:00:00+05:30,Jaffna_Northern,29.6,180.6435488107992,780.0,3.27,13.269971868175304
2026-10-02T12:15:00+05:30,Jaffna_Northern,29.7,196.49291253819547,774.0,3.23,13.829991683481083
2026-10-02T12:30:00+05:30,Jaffna_Northern,29.7,210.21088927498815,765.0,3.11,15.309457876030422
2026-10-02T12:45:00+05:30,Jaffna_Northern,29.8,221.0652265464212,753.0,3.0,17.47638437197935
2026-10-02T13:00:00+05:30,Jaffna_Northern,29.8,229.3505501696565,738.0,2.85,20.109726078409608
2026-10-02T13:15:00+05:30,Jaffna_Northern,29.8,235.6664835883662,719.0,2.69,23.05014370828495
2026-10-02T13:30:00+05:30,Jaffna_Northern,29.8,240.55325963016048,698.0,2.58,26.194389694674236
2026-10-02T13:45:00+05:30,Jaffna_Northern,29.8,244.41264669038492,674.0,2.47,29.47726645229934
2026-10-02T14:00:00+05:30,Jaffna_Northern,29.8,247.52630882267442,646.0,2.4,32.857199119603926
2026-10-02T14:15:00+05:30,Jaffna_Northern,29.8,250.0895497812284,614.0,2.29,36.30704091683301
2026-10-02T14:30:00+05:30,Jaffna_Northern,29.8,252.2389265806011,577.0,2.28,39.80856598687476
2026-10-02T14:45:00+05:30,Jaffna_Northern,29.8,254.0714651345525,538.0,2.27,43.34919431582181
2026-10-02T15:00:00+05:30,Jaffna_Northern,29.7,255.65740404869416,499.0,2.35,46.92001347061375
2026-10-02T15:15:00+05:30,Jaffna_Northern,29.7,257.04857082192666,460.0,2.39,50.51455648030857
2026-10-02T15:30:00+05:30,Jaffna_Northern,29.6,258.283925900897,422.0,2.48,54.12802890303835
2026-10-02T15:45:00+05:30,Jaffna_Northern,29.5,259.39328224241524,384.0,2.57,57.756805581145194
2026-10-02T16:00:00+05:30,Jaffna_Northern,29.4,260.3998431008211,343.0,2.72,61.398095551896716
2026-10-02T16:15:00+05:30,Jaffna_Northern,29.2,261.3219647212038,300.0,2.86,65.04971525359119
2026-10-02T16:30:00+05:30,Jaffna_Northern,29.1,262.1744021671132,258.0,2.96,68.70992969421468
2026-10-02T16:45:00+05:30,Jaffna_Northern,29.0,262.9692061306253,215.0,3.05,72.37733968257069
2026-10-02T17:00:00+05:30,Jaffna_Northern,28.9,263.7163807296555,169.0,3.1,76.05080169813628
2026-10-02T17:15:00+05:30,Jaffna_Northern,28.8,264.4243748705961,121.0,3.15,79.72936773974325
2026-10-02T17:30:00+05:30,Jaffna_Northern,28.7,265.1004574056793,75.0,3.15,83.41224013765893
2026-10-02T17:45:00+05:30,Jaffna_Northern,28.6,265.75101098691323,36.0,3.11,87.09873841997228
2026-10-02T18:00:00+05:30,Jaffna_Northern,28.6,266.38176882391093,7.0,3.03,90.78827220931116
2026-10-02T18:15:00+05:30,Jaffna_Northern,28.5,266.99801301347907,0.0,2.96,94.48031944312439
2026-10-02T18:30:00+05:30,Jaffna_Northern,28.4,267.6047489915916,0.0,2.85,98.17440979555516
2026-10-02T18:45:00+05:30,Jaffna_Northern,28.3,268.20686762730224,0.0,2.77,101.870109089015
2026-10-02T19:00:00+05:30,Jaffna_Northern,28.2,268.80930634332026,0.0,2.66,105.56700514938704
2026-10-02T19:15:00+05:30,Jaffna_Northern,28.2,269.41722102672844,0.0,2.62,109.26469567332195
2026-10-02T19:30:00+05:30,Jaffna_Northern,28.1,270.0361816390499,0.0,2.58,112.96277418437984
2026-10-02T19:45:00+05:30,Jaffna_Northern,28.0,270.6724089038081,0.0,2.59,116.66081449213345
2026-10-02T20:00:00+05:30,Jaffna_Northern,27.9,271.3330759678945,0.0,2.55,120.35835377363664
2026-10-02T20:15:00+05:30,Jaffna_Northern,27.9,272.026709004021,0.0,2.55,124.05486938105187
2026-10-02T20:30:00+05:30,Jaffna_Northern,27.8,272.7637394123666,0.0,2.51,127.74974803353703
2026-10-02T20:45:00+05:30,Jaffna_Northern,27.8,273.5572906560479,0.0,2.47,131.44224445044614
2026-10-02T21:00:00+05:30,Jaffna_Northern,27.7,274.4243342734864,0.0,2.44,135.1314192419967
2026-10-02T21:15:00+05:30,Jaffna_Northern,27.6,275.38744377306364,0.0,2.42,138.81604534582902
2026-10-02T21:30:00+05:30,Jaffna_Northern,27.6,276.47754819746,0.0,2.39,142.49446293182208
2026-10-02T21:45:00+05:30,Jaffna_Northern,27.5,277.7384202889727,0.0,2.37,146.16434001221754
2026-10-02T22:00:00+05:30,Jaffna_Northern,27.5,279.2343140044376,0.0,2.41,149.82226287511747
2026-10-02T22:15:00+05:30,Jaffna_Northern,27.4,281.0636263129335,0.0,2.46,153.46299818992262
2026-10-02T22:30:00+05:30,Jaffna_Northern,27.4,283.3848051672807,0.0,2.57,157.07807060420026
2026-10-02T22:45:00+05:30,Jaffna_Northern,27.3,286.46898205771663,0.0,2.65,160.65280777606682
2026-10-02T23:00:00+05:30,Jaffna_Northern,27.3,290.81572516136714,0.0,2.75,164.1595986594772
2026-10-02T23:15:00+05:30,Jaffna_Northern,27.2,297.42951020345294,0.0,2.85,167.5406573110891
2026-10-02T23:30:00+05:30,Jaffna_Northern,27.2,308.5078217236028,0.0,2.91,170.65817170494944
2026-10-02T23:45:00+05:30,Jaffna_Northern,27.1,328.7121042820821,0.0,2.92,173.14249457158223
2026-10-03T00:00:00+05:30,Jaffna_Northern,27.1,1.8304041806367763,0.0,2.91,174.1259990806633
2026-10-03T00:15:00+05:30,Jaffna_Northern,27.1,33.94239375006936,0.0,2.91,172.94979281560552
2026-10-03T00:30:00+05:30,Jaffna_Northern,27.0,52.98833028879784,0.0,2.85,170.37563051982494
2026-10-03T00:45:00+05:30,Jaffna_Northern,27.0,63.48079988897513,0.0,2.8,167.2222874709164
2026-10-03T01:00:00+05:30,Jaffna_Northern,26.9,69.8073040099984,0.0,2.75,163.82517647789967
2026-10-03T01:15:00+05:30,Jaffna_Northern,26.9,74.00029172017366,0.0,2.66,160.31023556868797
2026-10-03T01:30:00+05:30,Jaffna_Northern,26.9,76.99486232550578,0.0,2.62,156.73098140276431
2026-10-03T01:45:00+05:30,Jaffna_Northern,26.9,79.2602166909042,0.0,2.57,153.11327978557776
2026-10-03T02:00:00+05:30,Jaffna_Northern,26.8,81.05299823537746,0.0,2.54,149.47099985384634
2026-10-03T02:15:00+05:30,Jaffna_Northern,26.8,82.52415721177954,0.0,2.44,145.81221138052882
2026-10-03T02:30:00+05:30,Jaffna_Northern,26.8,83.76793471870309,0.0,2.39,142.1419276545033
2026-10-03T02:45:00+05:30,Jaffna_Northern,26.7,84.84614777911258,0.0,2.33,138.46343508828295
2026-10-03T03:00:00+05:30,Jaffna_Northern,26.7,85.80107279962476,0.0,2.27,134.77898977057492
2026-10-03T03:15:00+05:30,Jaffna_Northern,26.6,86.66268579040366,0.0,2.16,131.09020550924512
2026-10-03T03:30:00+05:30,Jaffna_Northern,26.5,87.45293635549956,0.0,2.1,127.39828026882981
2026-10-03T03:45:00+05:30,Jaffna_Northern,26.5,88.18837955051083,0.0,2.06,123.70413634917398
2026-10-03T04:00:00+05:30,Jaffna_Northern,26.4,88.88185844488157,0.0,1.98,120.00851025641438
2026-10-03T04:15:00+05:30,Jaffna_Northern,26.3,89.54361704964128,0.0,1.98,116.31201113937904
2026-10-03T04:30:00+05:30,Jaffna_Northern,26.3,90.18205985860573,0.0,2.0,112.61516234901282
2026-10-03T04:45:00+05:30,Jaffna_Northern,26.3,90.80428699057899,0.0,2.01,108.91843150620343
2026-10-03T05:00:00+05:30,Jaffna_Northern,26.3,91.41648422183727,0.0,2.04,105.2222518214376
2026-10-03T05:15:00+05:30,Jaffna_Northern,26.4,92.02421769009226,0.0,2.05,101.52704038336594
2026-10-03T05:30:00+05:30,Jaffna_Northern,26.5,92.63266673239787,0.0,2.11,97.83321377667896
2026-10-03T05:45:00+05:30,Jaffna_Northern,26.6,93.24681798821149,0.0,2.14,94.14120089504041
2026-10-03T06:00:00+05:30,Jaffna_Northern,26.9,93.87163701139201,0.0,2.21,90.451456996515
2026-10-03T06:15:00+05:30,Jaffna_Northern,27.1,94.51223083437503,11.0,2.21,86.76447846936894
2026-10-03T06:30:00+05:30,Jaffna_Northern,27.4,95.1740132568143,46.0,2.25,83.08081778758539
2026-10-03T06:45:00+05:30,Jaffna_Northern,27.7,95.86288361805475,91.0,2.29,79.40110270948223
2026-10-03T07:00:00+05:30,Jaffna_Northern,28.0,96.58543159923425,146.0,2.3,75.72605955090884
2026-10-03T07:15:00+05:30,Jaffna_Northern,28.3,97.34918314823909,201.0,2.32,72.05654079430816
2026-10-03T07:30:00+05:30,Jaffna_Northern,28.6,98.16290604352213,254.0,2.33,68.39356234458349
2026-10-03T07:45:00+05:30,Jaffna_Northern,28.9,99.03700112419165,306.0,2.35,64.7383522577022
2026-10-03T08:00:00+05:30,Jaffna_Northern,29.1,99.98401567743656,355.0,2.39,61.09241423873772
2026-10-03T08:15:00+05:30,Jaffna_Northern,29.3,101.01933024798586,405.0,2.42,57.45761586870965
2026-10-03T08:30:00+05:30,Jaffna_Northern,29.4,102.162095301107,451.0,2.42,53.83631060203486
2026-10-03T08:45:00+05:30,Jaffna_Northern,29.5,103.43653206220648,495.0,2.42,50.231508213647466
2026-10-03T09:00:00+05:30,Jaffna_Northern,29.5,104.87376958257926,536.0,2.42,46.64712185843609
2026-10-03T09:15:00+05:30,Jaffna_Northern,29.4,106.51448448471638,575.0,2.37,43.088330625754516
2026-10-03T09:30:00+05:30,Jaffna_Northern,29.4,108.41275807258955,612.0,2.37,39.56212214494382
2026-10-03T09:45:00+05:30,Jaffna_Northern,29.3,110.64179519686422,646.0,2.37,36.07812835415601
2026-10-03T10:00:00+05:30,Jaffna_Northern,29.2,113.3024986131204,677.0,2.39,32.64994074641775
2026-10-03T10:15:00+05:30,Jaffna_Northern,29.0,116.53635491473841,704.0,2.35,29.297228007776575
2026-10-03T10:30:00+05:30,Jaffna_Northern,28.9,120.54445622475299,728.0,2.35,26.049218321899815
2026-10-03T10:45:00+05:30,Jaffna_Northern,28.8,125.6137513233586,749.0,2.31,22.950475677815163
2026-10-03T11:00:00+05:30,Jaffna_Northern,28.6,132.1459993498155,767.0,2.31,20.070320962524946
2026-10-03T11:15:00+05:30,Jaffna_Northern,28.5,140.66287086454753,783.0,2.26,17.516968176587113
2026-10-03T11:30:00+05:30,Jaffna_Northern,28.6,151.69961038359332,800.0,2.26,15.45331988038022
2026-10-03T11:45:00+05:30,Jaffna_Northern,28.9,165.41831640343003,813.0,2.24,14.096157911020242
2026-10-03T12:00:00+05:30,Jaffna_Northern,29.3,180.95942653146966,822.0,2.26,13.657766055637993
2026-10-03T12:15:00+05:30,Jaffna_Northern,29.8,196.35963541486032,823.0,2.28,14.223363161336607
2026-10-03T12:30:00+05:30,Jaffna_Northern,30.1,209.7529819606415,818.0,2.3,15.684703952690597
2026-10-03T12:45:00+05:30,Jaffna_Northern,30.2,220.4413497412035,808.0,2.28,17.822782984710187
2026-10-03T13:00:00+05:30,Jaffna_Northern,30.1,228.66965469413947,794.0,2.31,20.42615876496535
2026-10-03T13:15:00+05:30,Jaffna_Northern,30.0,234.9853806790508,778.0,2.28,23.33961317311089
2026-10-03T13:30:00+05:30,Jaffna_Northern,30.0,239.89694074597878,758.0,2.26,26.46088399316111
2026-10-03T13:45:00+05:30,Jaffna_Northern,29.9,243.78999117128686,735.0,2.25,29.724535721227547
2026-10-03T14:00:00+05:30,Jaffna_Northern,29.9,246.9387190804973,708.0,2.23,33.088419959566295
2026-10-03T14:15:00+05:30,Jaffna_Northern,29.8,249.53519691857218,679.0,2.21,36.524806065949555
2026-10-03T14:30:00+05:30,Jaffna_Northern,29.8,251.714747204286,646.0,2.2,40.01496890595719
2026-10-03T14:45:00+05:30,Jaffna_Northern,29.7,253.57407380593406,611.0,2.19,43.545926779113294
2026-10-03T15:00:00+05:30,Jaffna_Northern,29.6,255.18349239749563,573.0,2.17,47.10845126192274
2026-10-03T15:15:00+05:30,Jaffna_Northern,29.6,256.59506534020767,532.0,2.21,50.69582833200543
2026-10-03T15:30:00+05:30,Jaffna_Northern,29.5,257.8480335706628,489.0,2.21,54.30307014500328
2026-10-03T15:45:00+05:30,Jaffna_Northern,29.4,258.97248551811145,445.0,2.2,57.926399434969035
2026-10-03T16:00:00+05:30,Jaffna_Northern,29.3,259.9918735942268,397.0,2.2,61.56290490421905
2026-10-03T16:15:00+05:30,Jaffna_Northern,29.2,260.92476945000925,347.0,2.25,65.21030723186269
2026-10-03T16:30:00+05:30,Jaffna_Northern,29.2,261.786108690478,298.0,2.25,68.86679484247068
2026-10-03T16:45:00+05:30,Jaffna_Northern,29.1,262.58808922630817,247.0,2.25,72.53090708623267
2026-10-03T17:00:00+05:30,Jaffna_Northern,29.0,263.34083147770394,193.0,2.31,76.20145107445296
2026-10-03T17:15:00+05:30,Jaffna_Northern,29.0,264.0528721313301,137.0,2.31,79.87743924479766
2026-10-03T17:30:00+05:30,Jaffna_Northern,28.9,264.73154127441785,83.0,2.36,83.55804247051972
2026-10-03T17:45:00+05:30,Jaffna_Northern,28.9,265.3832576063792,38.0,2.41,87.24255566269835
2026-10-03T18:00:00+05:30,Jaffna_Northern,28.8,266.01376582381016,7.0,2.42,90.9303697531286
2026-10-03T18:15:00+05:30,Jaffna_Northern,28.7,266.6283347660899,0.0,2.47,94.62094928674917
2026-10-03T18:30:00+05:30,Jaffna_Northern,28.7,267.23193077120493,0.0,2.52,98.3138154583406
2026-10-03T18:45:00+05:30,Jaffna_Northern,28.6,267.8293776202164,0.0,2.57,102.00853036914407
2026-10-03T19:00:00+05:30,Jaffna_Northern,28.5,268.4255142425839,0.0,2.62,105.70468294858067
2026-10-03T19:15:00+05:30,Jaffna_Northern,28.5,269.0253616260028,0.0,2.67,109.40187712730955
2026-10-03T19:30:00+05:30,Jaffna_Northern,28.4,269.63431137865643,0.0,2.72,113.09971838656199
2026-10-03T19:45:00+05:30,Jaffna_Northern,28.3,270.25835263738657,0.0,2.77,116.79779916597057
2026-10-03T20:00:00+05:30,Jaffna_Northern,28.2,270.9043602043611,0.0,2.82,120.49568336227934
2026-10-03T20:15:00+05:30,Jaffna_Northern,28.2,271.580476393287,0.0,2.87,124.19288521608544
2026-10-03T20:30:00+05:30,Jaffna_Northern,28.1,272.29663699371673,0.0,2.92,127.88884152443791
2026-10-03T20:45:00+05:30,Jaffna_Northern,28.0,273.06532096119565,0.0,2.97,131.58287470859267
2026-10-03T21:00:00+05:30,Jaffna_Northern,27.9,273.90265311368023,0.0,3.01,135.2741372987365
2026-10-03T21:15:00+05:30,Jaffna_Northern,27.8,274.8300803022739,0.0,3.06,138.96152838325207
2026-10-03T21:30:00+05:30,Jaffna_Northern,27.8,275.8770099044864,0.0,3.11,142.64356412397115
2026-10-03T21:45:00+05:30,Jaffna_Northern,27.7,277.08512550586966,0.0,3.16,146.3181634425367
2026-10-03T22:00:00+05:30,Jaffna_Northern,27.6,278.5157648655321,0.0,3.21,149.98228018842462
2026-10-03T22:15:00+05:30,Jaffna_Northern,27.6,280.2631991388839,0.0,3.21,153.63123751961263
2026-10-03T22:30:00+05:30,Jaffna_Northern,27.5,282.4800304692696,0.0,3.25,157.257436171633
2026-10-03T22:45:00+05:30,Jaffna_Northern,27.5,285.4294232776869,0.0,3.3,160.84764575150376
2026-10-03T23:00:00+05:30,Jaffna_Northern,27.4,289.6021452419742,0.0,3.3,164.37673747576133
2026-10-03T23:15:00+05:30,Jaffna_Northern,27.4,296.00496291658027,0.0,3.35,167.79129373564282
2026-10-03T23:30:00+05:30,Jaffna_Northern,27.3,306.922088363666,0.0,3.35,170.96027371374043
2026-10-03T23:45:00+05:30,Jaffna_Northern,27.3,327.5511838954366,0.0,3.35,173.51290659058742
2026-10-04T00:00:00+05:30,Jaffna_Northern,27.2,2.7740676386171685,0.0,3.35,174.5089564147654
2026-10-04T00:15:00+05:30,Jaffna_Northern,27.2,36.301417143847175,0.0,3.35,173.22325194558
2026-10-04T00:30:00+05:30,Jaffna_Northern,27.1,55.13636998964148,0.0,3.35,170.54489360631544
2026-10-04T00:45:00+05:30,Jaffna_Northern,27.1,65.20436266060437,0.0,3.3,167.32828441895253
2026-10-04T01:00:00+05:30,Jaffna_Northern,27.0,71.20401325943828,0.0,3.3,163.89288420697784
2026-10-04T01:15:00+05:30,Jaffna_Northern,27.0,75.16429421862529,0.0,3.25,160.3533093944045
2026-10-04T01:30:00+05:30,Jaffna_Northern,27.0,77.99081814445043,0.0,3.21,156.75729658415057
2026-10-04T01:45:00+05:30,Jaffna_Northern,26.9,80.13133272573953,0.0,3.16,153.1276982551373
2026-10-04T02:00:00+05:30,Jaffna_Northern,26.9,81.82880526486883,0.0,3.16,149.47670925068763
2026-10-04T02:15:00+05:30,Jaffna_Northern,26.9,83.22548781837611,0.0,3.12,145.81140939538955
2026-10-04T02:30:00+05:30,Jaffna_Northern,26.8,84.40995053876532,0.0,3.08,142.13619467593384
2026-10-04T02:45:00+05:30,Jaffna_Northern,26.8,85.44020146560678,0.0,3.03,138.45394923545717
2026-10-04T03:00:00+05:30,Jaffna_Northern,26.8,86.35588446377392,0.0,3.04,134.76665741393958
2026-10-04T03:15:00+05:30,Jaffna_Northern,26.7,87.18510889205294,0.0,2.99,131.07574403070456
2026-10-04T03:30:00+05:30,Jaffna_Northern,26.7,87.9484710492855,0.0,2.95,127.38227258434242
2026-10-04T03:45:00+05:30,Jaffna_Northern,26.7,88.66152629074645,0.0,2.91,123.68706807663057
2026-10-04T04:00:00+05:30,Jaffna_Northern,26.7,89.33636781498103,0.0,2.87,119.99079586093491
2026-10-04T04:15:00+05:30,Jaffna_Northern,26.7,89.98267052157149,0.0,2.89,116.29401288476377
2026-10-04T04:30:00+05:30,Jaffna_Northern,26.7,90.60840360967393,0.0,2.85,112.5972044565619
2026-10-04T04:45:00+05:30,Jaffna_Northern,26.7,91.2203332381647,0.0,2.86,108.90081106546947
2026-10-04T05:00:00+05:30,Jaffna_Northern,26.8,91.82438976579772,0.0,2.83,105.20524750010121
2026-10-04T05:15:00+05:30,Jaffna_Northern,26.8,92.42594633430303,0.0,2.83,101.51091964791149
2026-10-04T05:30:00+05:30,Jaffna_Northern,26.9,93.03004028659007,0.0,2.85,97.818239145004
2026-10-04T05:45:00+05:30,Jaffna_Northern,26.9,93.64155926656053,0.0,2.86,94.1276356143559
2026-10-04T06:00:00+05:30,Jaffna_Northern,27.0,94.26540740409115,0.0,2.88,90.4395704642695
2026-10-04T06:15:00+05:30,Jaffna_Northern,27.1,94.90666447484898,11.0,2.9,86.7545516750256
2026-10-04T06:30:00+05:30,Jaffna_Northern,27.2,95.57074946482027,46.0,2.92,83.07314904438955
2026-10-04T06:45:00+05:30,Jaffna_Northern,27.4,96.26359911016061,93.0,2.93,79.3960139463617
2026-10-04T07:00:00+05:30,Jaffna_Northern,27.5,96.99187388103451,149.0,2.95,75.7239034865878
2026-10-04T07:15:00+05:30,Jaffna_Northern,27.7,97.76320653689186,206.0,3.02,72.0577093651064
2026-10-04T07:30:00+05:30,Jaffna_Northern,27.8,98.58651188155608,260.0,3.04,68.39849686269172
2026-10-04T07:45:00+05:30,Jaffna_Northern,28.0,99.47238394315826,312.0,3.06,64.74755591977534
2026-10-04T08:00:00+05:30,Jaffna_Northern,28.2,100.43361733472386,362.0,3.09,61.10646781627088
2026-10-04T08:15:00+05:30,Jaffna_Northern,28.4,101.48590432583444,412.0,3.15,57.47719771378747
2026-10-04T08:30:00+05:30,Jaffna_Northern,28.5,102.64878422983946,460.0,3.18,53.862222532428305
2026-10-04T08:45:00+05:30,Jaffna_Northern,28.7,103.9469592150283,505.0,3.2,50.264709477788436
2026-10-04T09:00:00+05:30,Jaffna_Northern,28.9,105.41214728801594,548.0,3.22,46.68877427295829
2026-10-04T09:15:00+05:30,Jaffna_Northern,29.0,107.08573499466837,589.0,3.29,43.13985924945029
2026-10-04T09:30:00+05:30,Jaffna_Northern,29.2,109.02263442363181,627.0,3.32,39.6252975752325
2026-10-04T09:45:00+05:30,Jaffna_Northern,29.3,111.29696427737247,661.0,3.34,36.15517883354476
2026-10-04T10:00:00+05:30,Jaffna_Northern,29.5,114.01049046334845,693.0,3.39,32.74370409143948
2026-10-04T10:15:00+05:30,Jaffna_Northern,29.6,117.30514602796956,722.0,3.41,29.411352331738236
2026-10-04T10:30:00+05:30,Jaffna_Northern,29.7,121.38114154684149,747.0,3.46,26.188408090768796
2026-10-04T10:45:00+05:30,Jaffna_Northern,29.8,126.52107372141364,769.0,3.5,23.120730690877792
2026-10-04T11:00:00+05:30,Jaffna_Northern,29.9,133.11420049178912,787.0,3.52,20.27896359511672
2026-10-04T11:15:00+05:30,Jaffna_Northern,30.0,141.65290675662027,801.0,3.57,17.771862878635346
2026-10-04T11:30:00+05:30,Jaffna_Northern,30.1,152.61733597991156,811.0,3.57,15.760008352349871
2026-10-04T11:45:00+05:30,Jaffna_Northern,30.1,166.1035703126504,817.0,3.57,14.451769042262342
2026-10-04T12:00:00+05:30,Jaffna_Northern,30.2,181.2519727416696,819.0,3.58,14.045177304011972
2026-10-04T12:15:00+05:30,Jaffna_Northern,30.2,196.22838835634516,818.0,3.58,14.615683083415092
2026-10-04T12:30:00+05:30,Jaffna_Northern,30.2,209.3124316586642,814.0,3.6,16.05948265997273
2026-10-04T12:45:00+05:30,Jaffna_Northern,30.2,219.83826811621944,806.0,3.62,18.169556387795822
2026-10-04T13:00:00+05:30,Jaffna_Northern,30.1,228.00733682617835,794.0,3.62,20.743542733203512
2026-10-04T13:15:00+05:30,Jaffna_Northern,30.1,234.31932086400542,779.0,3.64,23.630296708961524
2026-10-04T13:30:00+05:30,Jaffna_Northern,30.1,239.25243844642608,760.0,3.67,26.72863660208744
2026-10-04T13:45:00+05:30,Jaffna_Northern,30.0,243.1765911241108,737.0,3.69,29.972980216835225
2026-10-04T14:00:00+05:30,Jaffna_Northern,30.0,246.35843981628477,711.0,3.72,33.32066581154351
2026-10-04T14:15:00+05:30,Jaffna_Northern,29.9,248.98669121938872,682.0,3.68,36.743414068884974
2026-10-04T14:30:00+05:30,Jaffna_Northern,29.8,251.19530828457766,650.0,3.7,40.22202005729556
2026-10-04T14:45:00+05:30,Jaffna_Northern,29.8,253.08057617847132,615.0,3.73,43.74311077229848
2026-10-04T15:00:00+05:30,Jaffna_Northern,29.7,254.71281729669693,577.0,3.75,47.297147062605035
2026-10-04T15:15:00+05:30,Jaffna_Northern,29.6,256.14427860549324,536.0,3.72,50.877170277716644
2026-10-04T15:30:00+05:30,Jaffna_Northern,29.6,257.41444565978867,493.0,3.75,54.47800002764459
2026-10-04T15:45:00+05:30,Jaffna_Northern,29.5,258.55365656880247,448.0,3.78,58.09570694134264
2026-10-04T16:00:00+05:30,Jaffna_Northern,29.4,259.58559413974484,399.0,3.77,61.72725893359464
2026-10-04T16:15:00+05:30,Jaffna_Northern,29.3,260.529031588365,349.0,3.81,65.37028023504574
2026-10-04T16:30:00+05:30,Jaffna_Northern,29.3,261.39907468779165,299.0,3.8,69.0228818839206
2026-10-04T16:45:00+05:30,Jaffna_Northern,29.2,262.20806065533066,247.0,3.79,72.68354092174901
2026-10-04T17:00:00+05:30,Jaffna_Northern,29.1,262.96622005594133,193.0,3.82,76.35101421897866
2026-10-04T17:15:00+05:30,Jaffna_Northern,29.1,263.6821724526896,137.0,3.81,80.02427377523027
2026-10-04T17:30:00+05:30,Jaffna_Northern,29.0,264.36330515127344,83.0,3.81,83.70245812336344
2026-10-04T17:45:00+05:30,Jaffna_Northern,29.0,265.01606949464923,38.0,3.8,87.38483666076615
2026-10-04T18:00:00+05:30,Jaffna_Northern,28.9,265.64621865997105,6.0,3.79,91.0707807066619
2026-10-04T18:15:00+05:30,Jaffna_Northern,28.8,266.2590054401639,0.0,3.79,94.75974044727275
2026-10-04T18:30:00+05:30,Jaffna_Northern,28.8,266.8593543423275,0.0,3.78,98.45122757274842
2026-10-04T18:45:00+05:30,Jaffna_Northern,28.7,267.4520192201466,0.0,3.78,102.14479934640138
2026-10-04T19:00:00+05:30,Jaffna_Northern,28.7,268.0417373865638,0.0,3.78,105.84004456370411
2026-10-04T19:15:00+05:30,Jaffna_Northern,28.6,268.63339130837426,0.0,3.78,109.5365719935653
2026-10-04T19:30:00+05:30,Jaffna_Northern,28.5,269.2321898413946,0.0,3.77,113.23399746977611
2026-10-04T19:45:00+05:30,Jaffna_Northern,28.5,269.8438849751029,0.0,3.77,116.93193018266105
2026-10-04T20:00:00+05:30,Jaffna_Northern,28.4,270.4750458927747,0.0,3.76,120.62995851508103
2026-10-04T20:15:00+05:30,Jaffna_Northern,28.3,271.1334212374661,0.0,3.71,124.32763089405022
2026-10-04T20:30:00+05:30,Jaffna_Northern,28.2,271.8284375731017,0.0,3.71,128.0244308840874
2026-10-04T20:45:00+05:30,Jaffna_Northern,28.1,272.5719099154171,0.0,3.71,131.71974448369951
2026-10-04T21:00:00+05:30,Jaffna_Northern,28.1,273.3790878099465,0.0,3.66,135.41281093492358
2026-09-27T21:15:00+05:30,Colombo_Western,27.6,275.05474962250105,0.0,2.19,138.1934569353282
2026-09-27T21:30:00+05:30,Colombo_Western,27.6,275.92650313236425,0.0,2.23,141.90039081038876
2026-09-27T21:45:00+05:30,Colombo_Western,27.5,276.94155225265,0.0,2.19,145.6010181390037
2026-09-27T22:00:00+05:30,Colombo_Western,27.5,278.1530462807996,0.0,2.16,149.29293284417992
2026-09-27T22:15:00+05:30,Colombo_Western,27.4,279.6423863127968,0.0,2.12,152.9724425447178
2026-09-27T22:30:00+05:30,Colombo_Western,27.3,281.540771317079,0.0,2.05,156.6335670157419
2026-09-27T22:45:00+05:30,Colombo_Western,27.3,284.0733868984048,0.0,2.02,160.2659527191627
2026-09-27T23:00:00+05:30,Colombo_Western,27.2,287.65851823284174,0.0,1.98,163.85007953526573
2026-09-27T23:15:00+05:30,Colombo_Western,27.2,293.1547390153389,0.0,1.94,167.34476052574797
2026-09-27T23:30:00+05:30,Colombo_Western,27.1,302.54689711899323,0.0,1.84,170.64904809133265
2026-09-27T23:45:00+05:30,Colombo_Western,26.9,320.8009813015983,0.0,1.7,173.467233280074
2026-09-28T00:00:00+05:30,Colombo_Western,26.8,355.76977079447437,0.0,1.46,174.91413153838505
2026-09-28T00:15:00+05:30,Colombo_Western,26.6,33.73570638186379,0.0,1.26,173.91662885778948
2026-09-28T00:30:00+05:30,Colombo_Western,26.5,54.84084370597395,0.0,1.1,171.2764440495601
2026-09-28T00:45:00+05:30,Colombo_Western,26.4,65.47998061754515,0.0,0.99,168.0357292214435
2026-09-28T01:00:00+05:30,Colombo_Western,26.5,71.54783554218375,0.0,0.93,164.5683650630719
2026-09-28T01:15:00+05:30,Colombo_Western,26.5,75.43001975794613,0.0,0.88,160.9980963158862
2026-09-28T01:30:00+05:30,Colombo_Western,26.5,78.13410577446314,0.0,0.92,157.3736630179817
2026-09-28T01:45:00+05:30,Colombo_Western,26.4,80.1398175725534,0.0,1.03,153.7175488765057
2026-09-28T02:00:00+05:30,Colombo_Western,26.3,81.70070205665417,0.0,1.24,150.0414396018975
2026-09-28T02:15:00+05:30,Colombo_Western,26.2,82.96235049661055,0.0,1.41,146.35198166604624
2026-09-28T02:30:00+05:30,Colombo_Western,26.1,84.01404994433273,0.0,1.48,142.65322986632265
2026-09-28T02:45:00+05:30,Colombo_Western,26.1,84.91354922448181,0.0,1.34,138.947799991286
2026-09-28T03:00:00+05:30,Colombo_Western,26.1,85.6998796257111,0.0,1.13,135.23745998393213
2026-09-28T03:15:00+05:30,Colombo_Western,26.1,86.40042611731991,0.0,0.92,131.52345379306612
2026-09-28T03:30:00+05:30,Colombo_Western,26.0,87.03503986627777,0.0,0.82,127.80668747425253
2026-09-28T03:45:00+05:30,Colombo_Western,25.9,87.6185397509854,0.0,1.01,124.08784315188501
2026-09-28T04:00:00+05:30,Colombo_Western,25.7,88.16229465376512,0.0,1.41,120.367451204907
2026-09-28T04:15:00+05:30,Colombo_Western,25.6,88.67525980786371,0.0,1.83,116.64593626589794
2026-09-28T04:30:00+05:30,Colombo_Western,25.5,89.16467721708733,0.0,2.07,112.92364962712173
2026-09-28T04:45:00+05:30,Colombo_Western,25.4,89.63656390531389,0.0,2.11,109.20089218238965
2026-09-28T05:00:00+05:30,Colombo_Western,25.4,90.09606325882658,0.0,1.96,105.47792981883906
2026-09-28T05:15:00+05:30,Colombo_Western,25.4,90.54770633023043,0.0,1.8,101.75500642553908
2026-09-28T05:30:00+05:30,Colombo_Western,25.4,90.99561412605692,0.0,1.65,98.03235444058109
2026-09-28T05:45:00+05:30,Colombo_Western,25.4,91.44366196736524,0.0,1.51,94.31020243313
2026-09-28T06:00:00+05:30,Colombo_Western,25.5,91.89562052141542,0.0,1.38,90.5887834554445
2026-09-28T06:15:00+05:30,Colombo_Western,25.5,92.35528515775889,10.0,1.31,86.86834327257952
2026-09-28T06:30:00+05:30,Colombo_Western,25.6,92.8266034746942,37.0,1.26,83.14914753018837
2026-09-28T06:45:00+05:30,Colombo_Western,25.6,93.31380976454852,68.0,1.32,79.43149143837196
2026-09-28T07:00:00+05:30,Colombo_Western,25.6,93.82157631585756,102.0,1.5,75.7157111402875
2026-09-28T07:15:00+05:30,Colombo_Western,25.7,94.35519329304287,142.0,1.73,72.00219613415064
2026-09-28T07:30:00+05:30,Colombo_Western,25.8,94.92079166254712,188.0,1.87,68.29140688272666
2026-09-28T07:45:00+05:30,Colombo_Western,26.0,95.525629641975,240.0,1.83,64.58389773029421
2026-09-28T08:00:00+05:30,Colombo_Western,26.3,96.17847189437481,298.0,1.69,60.88034598216096
2026-09-28T08:15:00+05:30,Colombo_Western,26.6,96.8901037211441,359.0,1.53,57.181593636712506
2026-09-28T08:30:00+05:30,Colombo_Western,26.9,97.67404516514944,427.0,1.39,53.4887056393499
2026-09-28T08:45:00+05:30,Colombo_Western,27.2,98.547566096705,497.0,1.4,49.80305161418072
2026-09-28T09:00:00+05:30,Colombo_Western,27.6,99.53316269114885,566.0,1.49,46.12642767907018
2026-09-28T09:15:00+05:30,Colombo_Western,27.9,100.6607599378055,629.0,1.74,42.46123954212405
2026-09-28T09:30:00+05:30,Colombo_Western,28.2,101.97108817606079,685.0,1.98,38.81078443948471
2026-09-28T09:45:00+05:30,Colombo_Western,28.4,103.52101462643787,734.0,2.11,35.17970450077103
2026-09-28T10:00:00+05:30,Colombo_Western,28.6,105.39224224625491,775.0,2.14,31.57473943004394
2026-09-28T10:15:00+05:30,Colombo_Western,28.7,107.70601531050471,806.0,2.21,28.00602854812746
2026-09-28T10:30:00+05:30,Colombo_Western,28.8,110.6489112579763,826.0,2.24,24.48947853928412
2026-09-28T10:45:00+05:30,Colombo_Western,28.9,114.51965139753321,835.0,2.34,21.051297826028502
2026-09-28T11:00:00+05:30,Colombo_Western,29.0,119.81569541898159,837.0,2.41,17.737169824885996
2026-09-28T11:15:00+05:30,Colombo_Western,29.1,127.38764620782263,834.0,2.48,14.631684872276253
2026-09-28T11:30:00+05:30,Colombo_Western,29.1,138.64835657002038,821.0,2.58,11.899384103403492
2026-09-28T11:45:00+05:30,Colombo_Western,29.1,155.43224087556644,804.0,2.65,9.855732650339434
2026-09-28T12:00:00+05:30,Colombo_Western,29.0,177.87125198630997,787.0,2.76,8.983714908099046
2026-09-28T12:15:00+05:30,Colombo_Western,29.0,200.91810774671845,778.0,2.87,9.60784120154365
2026-09-28T12:30:00+05:30,Colombo_Western,28.9,218.77862480672152,778.0,2.94,11.486769732777177
2026-09-28T12:45:00+05:30,Colombo_Western,28.9,230.86096639940558,779.0,2.97,14.128433187665763
2026-09-28T13:00:00+05:30,Colombo_Western,29.0,238.94831307394193,772.0,2.97,17.18459308546447
2026-09-28T13:15:00+05:30,Colombo_Western,29.0,244.5617262760731,751.0,2.97,20.470413447172447
2026-09-28T13:30:00+05:30,Colombo_Western,29.0,248.63396098572636,719.0,3.01,23.89129942061365
2026-09-28T13:45:00+05:30,Colombo_Western,28.8,251.7099586558836,680.0,3.04,27.396674756572743
2026-09-28T14:00:00+05:30,Colombo_Western,28.7,254.11496800733596,634.0,3.11,30.957822561376624
2026-09-28T14:15:00+05:30,Colombo_Western,28.4,256.0507189470784,579.0,3.19,34.55747334002311
2026-09-28T14:30:00+05:30,Colombo_Western,28.3,257.6474309962014,515.0,3.22,38.184705624836006
2026-09-28T14:45:00+05:30,Colombo_Western,28.2,258.99232818760737,449.0,3.22,41.83230979522738
2026-09-28T15:00:00+05:30,Colombo_Western,28.1,260.1457943940641,386.0,3.18,45.49534868682692
2026-09-28T15:15:00+05:30,Colombo_Western,28.0,261.15087016443636,332.0,3.15,49.17033290456886
2026-09-28T15:30:00+05:30,Colombo_Western,27.9,262.0390391710961,281.0,3.15,52.85472899468424
2026-09-28T15:45:00+05:30,Colombo_Western,27.8,262.8338721836849,236.0,3.18,56.546652944358186
2026-09-28T16:00:00+05:30,Colombo_Western,27.7,263.55339253983436,197.0,3.18,60.24467324266091
2026-09-28T16:15:00+05:30,Colombo_Western,27.5,264.2116547645996,165.0,3.25,63.947681996926434
2026-09-28T16:30:00+05:30,Colombo_Western,27.4,264.8198245769246,139.0,3.22,67.65480628383213
2026-09-28T16:45:00+05:30,Colombo_Western,27.4,265.386935615448,115.0,3.11,71.36534636496914
2026-09-28T17:00:00+05:30,Colombo_Western,27.4,265.92043203130976,94.0,2.98,75.07873312773087
2026-09-28T17:15:00+05:30,Colombo_Western,27.4,266.42656614939466,73.0,2.84,78.79449597089938
2026-09-28T17:30:00+05:30,Colombo_Western,27.4,266.91069721280223,53.0,2.71,82.51223887153617
2026-09-28T17:45:00+05:30,Colombo_Western,27.4,267.3775222166843,32.0,2.61,86.23162362486677
2026-09-28T18:00:00+05:30,Colombo_Western,27.3,267.83125987096446,11.0,2.54,89.95235555599247
2026-09-28T18:15:00+05:30,Colombo_Western,27.2,268.275803416209,0.0,2.47,93.67417199227809
2026-09-28T18:30:00+05:30,Colombo_Western,27.1,268.7148542843056,0.0,2.44,97.39683411111359
2026-09-28T18:45:00+05:30,Colombo_Western,26.8,269.15204597250306,0.0,2.44,101.12011849622544
2026-09-28T19:00:00+05:30,Colombo_Western,26.5,269.5910671688739,0.0,2.55,104.84380932503086
2026-09-28T19:15:00+05:30,Colombo_Western,26.2,270.03579336496,0.0,2.62,108.56769217401502
2026-09-28T19:30:00+05:30,Colombo_Western,26.0,270.4904370582236,0.0,2.59,112.29154590490442
2026-09-28T19:45:00+05:30,Colombo_Western,25.9,270.95973004795303,0.0,2.49,116.01513349972186
2026-09-28T20:00:00+05:30,Colombo_Western,25.9,271.449156385275,0.0,2.33,119.73819252324047
2026-09-28T20:15:00+05:30,Colombo_Western,25.9,271.96526240500174,0.0,2.18,123.46042106099364
2026-09-28T20:30:00+05:30,Colombo_Western,25.9,272.5160848030229,0.0,2.06,127.18145890014884
2026-09-28T20:45:00+05:30,Colombo_Western,25.9,273.11176146808884,0.0,1.92,130.9008627474505
2026-09-28T21:00:00+05:30,Colombo_Western,25.9,273.7654301772285,0.0,1.71,134.61806805642604
2026-09-28T21:15:00+05:30,Colombo_Western,25.9,274.4945943197903,0.0,1.55,138.33233146278477
2026-09-28T21:30:00+05:30,Colombo_Western,25.8,275.3232717430954,0.0,1.45,142.0426420380969
2026-09-28T21:45:00+05:30,Colombo_Western,25.7,276.2855084193502,0.0,1.41,145.74757377436762
2026-09-28T22:00:00+05:30,Colombo_Western,25.6,277.43138641942915,0.0,1.42,149.44503278437872
2026-09-28T22:15:00+05:30,Colombo_Western,25.5,278.83785129630786,0.0,1.52,153.1318009923957
2026-09-28T22:30:00+05:30,Colombo_Western,25.4,280.6294920958678,0.0,1.62,156.80265032507657
2026-09-28T22:45:00+05:30,Colombo_Western,25.4,283.0216094515614,0.0,1.65,160.4484830194302
2026-09-28T23:00:00+05:30,Colombo_Western,25.4,286.4183624370704,0.0,1.69,164.05200452309788
2026-09-28T23:15:00+05:30,Colombo_Western,25.3,291.6640187853393,0.0,1.66,167.5762132735313
2026-09-28T23:30:00+05:30,Colombo_Western,25.3,300.77473597998346,0.0,1.57,170.92806745915803
2026-09-28T23:45:00+05:30,Colombo_Western,25.3,319.1436370937424,0.0,1.36,173.82030833432222
2026-09-29T00:00:00+05:30,Colombo_Western,25.3,356.4502102657374,0.0,1.08,175.30775415939593
2026-09-29T00:15:00+05:30,Colombo_Western,25.2,36.54935069880969,0.0,0.82,174.18744889609715
2026-09-29T00:30:00+05:30,Colombo_Western,25.2,57.28981504478145,0.0,0.72,171.42715876184954
2026-09-29T00:45:00+05:30,Colombo_Western,25.1,67.36244207584332,0.0,0.83,168.11979561053755
2026-09-29T01:00:00+05:30,Colombo_Western,25.0,73.03520826602943,0.0,1.18,164.614278772587
2026-09-29T01:15:00+05:30,Colombo_Western,24.8,76.65071342076868,0.0,1.56,161.0201685118387
2026-09-29T01:30:00+05:30,Colombo_Western,24.7,79.16822298430242,0.0,1.77,157.37974191033325
2026-09-29T01:45:00+05:30,Colombo_Western,24.6,81.03811762985436,0.0,1.84,153.71232662281463
2026-09-29T02:00:00+05:30,Colombo_Western,24.5,82.49673729165329,0.0,1.99,150.02792509426786
2026-09-29T02:15:00+05:30,Colombo_Western,24.4,83.67925747025481,0.0,2.2,146.3322153735502
2026-09-29T02:30:00+05:30,Colombo_Western,24.3,84.66839301553432,0.0,2.29,142.6286597630849
2026-09-29T02:45:00+05:30,Colombo_Western,24.3,85.51757931998037,0.0,2.14,138.9194931282386
2026-09-29T03:00:00+05:30,Colombo_Western,24.3,86.26291703562953,0.0,1.71,135.20622850944838
2026-09-29T03:15:00+05:30,Colombo_Western,24.3,86.92974011235901,0.0,1.3,131.4899336771079
2026-09-29T03:30:00+05:30,Colombo_Western,24.3,87.53642793281159,0.0,1.11,127.77138973317737
2026-09-29T03:45:00+05:30,Colombo_Western,24.3,88.09672106438529,0.0,1.13,124.05118838877459
2026-09-29T04:00:00+05:30,Colombo_Western,24.2,88.6211849769486,0.0,1.31,120.32979365707263
2026-09-29T04:15:00+05:30,Colombo_Western,24.1,89.11816857544216,0.0,1.49,116.60758105263064
2026-09-29T04:30:00+05:30,Colombo_Western,24.0,89.59445234327558,0.0,1.63,112.88486548700757
2026-09-29T04:45:00+05:30,Colombo_Western,24.0,90.05570077368543,0.0,1.74,109.16192115637796
2026-09-29T05:00:00+05:30,Colombo_Western,23.9,90.50678879942211,0.0,1.84,105.43899485573843
2026-09-29T05:15:00+05:30,Colombo_Western,23.8,90.9520456255355,0.0,1.94,101.7163175649471
2026-09-29T05:30:00+05:30,Colombo_Western,23.8,91.39544475914727,0.0,2.02,97.99411404597511
2026-09-29T05:45:00+05:30,Colombo_Western,23.8,91.84075989222583,0.0,2.13,94.27260982455748
2026-09-29T06:00:00+05:30,Colombo_Western,23.8,92.29170031524723,0.0,2.26,90.55203921781249
2026-09-29T06:15:00+05:30,Colombo_Western,23.8,92.75203692822686,7.0,2.39,86.83265347391728
2026-09-29T06:30:00+05:30,Colombo_Western,23.9,93.22572835787918,26.0,2.39,83.11472807131419
2026-09-29T06:45:00+05:30,Colombo_Western,24.0,93.71705580279308,47.0,2.26,79.39857274975962
2026-09-29T07:00:00+05:30,Colombo_Western,24.2,94.2307765166571,69.0,2.02,75.68454348432735
2026-09-29T07:15:00+05:30,Colombo_Western,24.4,94.77230785510955,93.0,1.84,71.97305580586327
2026-09-29T07:30:00+05:30,Colombo_Western,24.7,95.34795671570845,115.0,1.76,68.26460369229105
2026-09-29T07:45:00+05:30,Colombo_Western,24.9,95.96521544562091,139.0,1.84,64.55978427332164
2026-09-29T08:00:00+05:30,Colombo_Western,25.1,96.6331543573375,172.0,2.07,60.85932939466234
2026-09-29T08:15:00+05:30,Colombo_Western,25.4,97.36295445245764,222.0,2.25,57.16415081573391
2026-09-29T08:30:00+05:30,Colombo_Western,25.7,98.168647256145,301.0,2.31,53.475403351680356
2026-09-29T08:45:00+05:30,Colombo_Western,26.2,99.06816575654,397.0,2.22,49.79457358767356
2026-09-29T09:00:00+05:30,Colombo_Western,26.7,100.08487106065593,492.0,2.13,46.12361185724029
2026-09-29T09:15:00+05:30,Colombo_Western,27.2,101.24982540138751,565.0,2.11,42.465130412610506
2026-09-29T09:30:00+05:30,Colombo_Western,27.6,102.60526755066621,613.0,2.18,38.82270822230742
2026-09-29T09:45:00+05:30,Colombo_Western,27.9,104.21008077227054,647.0,2.33,35.20137982646232
2026-09-29T10:00:00+05:30,Colombo_Western,28.1,106.14867032260042,677.0,2.48,31.60844444401131
2026-09-29T10:15:00+05:30,Colombo_Western,28.3,108.54586727345969,717.0,2.7,28.05485968835734
2026-09-29T10:30:00+05:30,Colombo_Western,28.5,111.5928049423701,763.0,2.86,24.557760085452955
2026-09-29T10:45:00+05:30,Colombo_Western,28.7,115.59315877319125,807.0,3.02,21.145235692577756
2026-09-29T11:00:00+05:30,Colombo_Western,28.8,121.04650059077642,847.0,3.18,17.865861083824328
2026-09-29T11:15:00+05:30,Colombo_Western,28.9,128.7897013569161,875.0,3.29,14.808405978334065
2026-09-29T11:30:00+05:30,Colombo_Western,29.1,140.16233067437224,894.0,3.36,12.141734308780642
2026-09-29T11:45:00+05:30,Colombo_Western,29.2,156.77318824188342,905.0,3.38,10.177829263901074
2026-09-29T12:00:00+05:30,Colombo_Western,29.4,178.4741864949815,911.0,3.27,9.36957078268469
2026-09-29T12:15:00+05:30,Colombo_Western,29.6,200.57582300707864,913.0,3.21,10.001193642137295
2026-09-29T12:30:00+05:30,Colombo_Western,29.6,217.9202689047591,911.0,3.23,11.844543728021833
2026-09-29T12:45:00+05:30,Colombo_Western,29.6,229.87452113989042,903.0,3.38,14.442873053006267
2026-09-29T13:00:00+05:30,Colombo_Western,29.4,237.99268404853115,892.0,3.64,17.46234233923792
2026-09-29T13:15:00+05:30,Colombo_Western,29.2,243.68088915895123,876.0,3.85,20.71962451325318
2026-09-29T13:30:00+05:30,Colombo_Western,29.1,247.83189624932317,857.0,4.01,24.118536509554716
2026-09-29T13:45:00+05:30,Colombo_Western,29.1,250.9789472930735,834.0,4.03,27.606790592792954
2026-09-29T14:00:00+05:30,Colombo_Western,29.1,253.4449733947137,806.0,4.0,31.15436422606365
2026-09-29T14:15:00+05:30,Colombo_Western,29.1,255.43226857749795,774.0,3.91,34.74306241197235
2026-09-29T14:30:00+05:30,Colombo_Western,29.1,257.0723391117656,740.0,3.82,38.3613146225152
2026-09-29T14:45:00+05:30,Colombo_Western,29.1,258.45372392143753,701.0,3.76,42.00145177700761
2026-09-29T15:00:00+05:30,Colombo_Western,29.1,259.6379511433635,655.0,3.67,45.658206252033
2026-09-29T15:15:00+05:30,Colombo_Western,29.1,260.6690021222635,600.0,3.57,49.327846798003115
2026-09-29T15:30:00+05:30,Colombo_Western,29.0,261.57911662877166,540.0,3.47,53.00765993495011
2026-09-29T15:45:00+05:30,Colombo_Western,28.9,262.3924675780392,476.0,3.4,56.69562555375801
2026-09-29T16:00:00+05:30,Colombo_Western,28.7,263.1275561310049,411.0,3.34,60.39020784063613
2026-09-29T16:15:00+05:30,Colombo_Western,28.5,263.79881518669026,347.0,3.29,64.09021802946589
2026-09-29T16:30:00+05:30,Colombo_Western,28.4,264.4177091158547,284.0,3.18,67.79471990529342
2026-09-29T16:45:00+05:30,Colombo_Western,28.2,264.99350570914856,225.0,3.01,71.5029638682542
2026-09-29T17:00:00+05:30,Colombo_Western,28.1,265.53383031240884,170.0,2.8,75.21434138894249
2026-09-29T17:15:00+05:30,Colombo_Western,28.0,266.0450720870151,120.0,2.56,78.9283507353397
2026-09-29T17:30:00+05:30,Colombo_Western,27.8,266.53268900732445,76.0,2.43,82.64457146759975
2026-09-29T17:45:00+05:30,Colombo_Western,27.7,267.0014430407255,40.0,2.37,86.36264653863115
2026-09-29T18:00:00+05:30,Colombo_Western,27.5,267.45558684813875,11.0,2.39,90.08226719589011
2026-09-29T18:15:00+05:30,Colombo_Western,27.4,267.89901791590137,0.0,2.44,93.80316089950229
2026-09-29T18:30:00+05:30,Colombo_Western,27.3,268.3354121866769,0.0,2.42,97.52508283730467
2026-09-29T18:45:00+05:30,Colombo_Western,27.2,268.76834652677974,0.0,2.33,101.24780733108616
2026-09-29T19:00:00+05:30,Colombo_Western,27.2,269.2014189291618,0.0,2.21,104.9711200661316
2026-09-29T19:15:00+05:30,Colombo_Western,27.2,269.63837540377386,0.0,2.08,108.69481213224812
2026-09-29T19:30:00+05:30,Colombo_Western,27.1,270.083253202745,0.0,2.0,112.41867237387069
2026-09-29T19:45:00+05:30,Colombo_Western,27.1,270.540553173302,0.0,1.93,116.14247897266735
2026-09-29T20:00:00+05:30,Colombo_Western,27.0,271.0154587131171,0.0,1.93,119.8659910342598
2026-09-29T20:15:00+05:30,Colombo_Western,27.0,271.5141261205943,0.0,1.93,123.58893617092295
2026-09-29T20:30:00+05:30,Colombo_Western,26.9,272.04408478011686,0.0,1.87,127.3109940893274
2026-09-29T20:45:00+05:30,Colombo_Western,26.9,272.6148079396106,0.0,1.8,131.03177533580688
2026-09-29T21:00:00+05:30,Colombo_Western,26.8,273.2385529284577,0.0,1.72,134.75078839978255
2026-09-29T21:15:00+05:30,Colombo_Western,26.7,273.93163974626935,0.0,1.66,138.46739019894804
2026-09-29T21:30:00+05:30,Colombo_Western,26.6,274.71646701670784,0.0,1.6,142.18070996711765
2026-09-29T21:45:00+05:30,Colombo_Western,26.5,275.6248178073128,0.0,1.5,145.8895222346097
2026-09-29T22:00:00+05:30,Colombo_Western,26.4,276.70353380558686,0.0,1.41,149.59202861656664
2026-09-29T22:15:00+05:30,Colombo_Western,26.2,278.0247934122084,0.0,1.33,153.28546264506917
2026-09-29T22:30:00+05:30,Colombo_Western,26.1,279.70597593298857,0.0,1.33,156.9653180998033
2026-09-29T22:45:00+05:30,Colombo_Western,26.0,281.9512447516561,0.0,1.42,160.62371618246516
2026-09-29T23:00:00+05:30,Colombo_Western,25.9,285.14775526629364,0.0,1.55,164.24556137259515
2026-09-29T23:15:00+05:30,Colombo_Western,25.8,290.11816771120704,0.0,1.7,167.79811793850146
2026-09-29T23:30:00+05:30,Colombo_Western,25.7,298.8912513395845,0.0,1.81,171.19694812250577
2026-09-29T23:45:00+05:30,Colombo_Western,25.7,317.2822882130896,0.0,1.88,174.16669687282376
2026-09-30T00:00:00+05:30,Colombo_Western,25.6,357.2408340203011,0.0,1.95,175.70024445926828
2026-09-30T00:15:00+05:30,Colombo_Western,25.6,39.61830402692726,0.0,1.97,174.44345650534632
2026-09-30T00:30:00+05:30,Colombo_Western,25.6,59.81555493780712,0.0,1.93,171.56267416756896
2026-09-30T00:45:00+05:30,Colombo_Western,25.6,69.26602973969659,0.0,1.83,168.19211483773066
2026-09-30T01:00:00+05:30,Colombo_Western,25.6,74.52805612333816,0.0,1.67,164.65119721515777
2026-09-30T01:15:00+05:30,Colombo_Western,25.7,77.87194909261683,0.0,1.49,161.03519328157194
2026-09-30T01:30:00+05:30,Colombo_Western,25.7,80.20123093197776,0.0,1.38,157.38017874941266
2026-09-30T01:45:00+05:30,Colombo_Western,25.7,81.93479049688636,0.0,1.31,153.70251489643098
2026-09-30T02:00:00+05:30,Colombo_Western,25.7,83.29104893618342,0.0,1.35,150.0106384545163
2026-09-30T02:15:00+05:30,Colombo_Western,25.6,84.39450420108784,0.0,1.36,146.30933197630455
2026-09-30T02:30:00+05:30,Colombo_Western,25.6,85.32119557951455,0.0,1.36,142.601511901927
2026-09-30T02:45:00+05:30,Colombo_Western,25.6,86.12020263123304,0.0,1.36,138.88906305994652
2026-09-30T03:00:00+05:30,Colombo_Western,25.6,86.82467800107747,0.0,1.39,135.17326473809862
2026-09-30T03:15:00+05:30,Colombo_Western,25.6,87.45789797319526,0.0,1.35,131.45502346176073
2026-09-30T03:30:00+05:30,Colombo_Western,25.6,88.03676818438277,0.0,1.35,127.73500621885151
2026-09-30T03:45:00+05:30,Colombo_Western,25.6,88.57395095242208,0.0,1.32,124.01372237558036
2026-09-30T04:00:00+05:30,Colombo_Western,25.6,89.07920921263161,0.0,1.26,120.29157572855885
2026-09-30T04:15:00+05:30,Colombo_Western,25.5,89.56028668387972,0.0,1.28,116.56889746472406
2026-09-30T04:30:00+05:30,Colombo_Western,25.5,90.02350348567813,0.0,1.19,112.84596992611253
2026-09-30T04:45:00+05:30,Colombo_Western,25.5,90.47417264184764,0.0,1.12,109.12304371603865
2026-09-30T05:00:00+05:30,Colombo_Western,25.4,90.91690155611946,0.0,1.01,105.40034911932699
2026-09-30T05:15:00+05:30,Colombo_Western,25.4,91.35581836088966,0.0,0.83,101.67810640784191
2026-09-30T05:30:00+05:30,Colombo_Western,25.5,91.7947496884143,0.0,0.72,97.95653459273667
2026-09-30T05:45:00+05:30,Colombo_Western,25.5,92.23736807723537,0.0,0.54,94.2358578873195
2026-09-30T06:00:00+05:30,Colombo_Western,25.6,92.6873217660193,0.0,0.32,90.51631347901937
2026-09-30T06:15:00+05:30,Colombo_Western,25.7,93.14835735125058,10.0,0.16,86.79815963408424
2026-09-30T06:30:00+05:30,Colombo_Western,25.8,93.6244444765324,40.0,0.05,83.08168317763263
2026-09-30T06:45:00+05:30,Colombo_Western,26.0,94.11991102293621,78.0,0.05,79.36720992870247
2026-09-30T07:00:00+05:30,Colombo_Western,26.2,94.63959871852,122.0,0.11,75.65511732439931
2026-09-30T07:15:00+05:30,Colombo_Western,26.4,95.18905126455763,172.0,0.25,71.9458486979851
2026-09-30T07:30:00+05:30,Colombo_Western,26.6,95.77475015343083,227.0,0.45,68.23993351648099
2026-09-30T07:45:00+05:30,Colombo_Western,26.8,96.40441982356884,287.0,0.74,64.53801395095226
2026-09-30T08:00:00+05:30,Colombo_Western,27.1,97.08743316465439,348.0,1.09,60.8408790248038
2026-09-30T08:15:00+05:30,Colombo_Western,27.3,97.83536224441889,402.0,1.5,57.14951339941772
2026-09-30T08:30:00+05:30,Colombo_Western,27.6,98.66274301747848,445.0,1.9,53.46516556228358
2026-09-30T08:45:00+05:30,Colombo_Western,27.8,99.58816069247968,481.0,2.3,49.7894437391578
2026-09-30T09:00:00+05:30,Colombo_Western,28.1,100.63582413816147,517.0,2.72,46.12445830129727
2026-09-30T09:15:00+05:30,Colombo_Western,28.4,101.8379051229964,563.0,3.07,42.473035351275364
2026-09-30T09:30:00+05:30,Colombo_Western,28.6,103.23810486661404,617.0,3.32,38.83904478631678
2026-09-30T09:45:00+05:30,Colombo_Western,28.8,104.89724386783894,674.0,3.46,35.22792503651963
2026-09-30T10:00:00+05:30,Colombo_Western,28.9,106.90228965234769,731.0,3.44,31.64754871548083
2026-09-30T10:15:00+05:30,Colombo_Western,29.0,109.3814012716586,780.0,3.44,28.10970698624977
2026-09-30T10:30:00+05:30,Colombo_Western,29.1,112.52976982405255,825.0,3.48,24.63277412510871
2026-09-30T10:45:00+05:30,Colombo_Western,29.1,116.65503297458775,865.0,3.59,21.246714158517122
2026-09-30T11:00:00+05:30,Colombo_Western,29.1,122.25688705464148,898.0,3.7,18.00291484147762
2026-09-30T11:15:00+05:30,Colombo_Western,29.0,130.1548600039032,922.0,3.87,14.994030474329762
2026-09-30T11:30:00+05:30,Colombo_Western,29.0,141.6119097337442,937.0,3.93,12.39240846261771
2026-09-30T11:45:00+05:30,Colombo_Western,29.1,158.02568906800843,944.0,3.93,10.505146246391476
2026-09-30T12:00:00+05:30,Colombo_Western,29.1,179.0231433106503,946.0,3.92,9.756038447155845
2026-09-30T12:15:00+05:30,Colombo_Western,29.2,200.2540346601669,945.0,3.86,10.394158153114034
2026-09-30T12:30:00+05:30,Colombo_Western,29.2,217.10845574980465,941.0,3.85,12.203800392463549
2026-09-30T12:45:00+05:30,Colombo_Western,29.2,228.92759778769224,932.0,3.89,14.760171138459825
2026-09-30T13:00:00+05:30,Colombo_Western,29.2,237.0652124476929,917.0,3.99,17.743384887878747
2026-09-30T13:15:00+05:30,Colombo_Western,29.2,242.8196515749577,896.0,4.03,20.972056135363218
2026-09-30T13:30:00+05:30,Colombo_Western,29.1,247.04372386969857,867.0,4.07,24.348715249969004
2026-09-30T13:45:00+05:30,Colombo_Western,29.1,250.25806216626245,834.0,4.02,27.819504099263035
2026-09-30T14:00:00+05:30,Colombo_Western,29.1,252.7825694297186,799.0,3.91,31.353153422533616
2026-09-30T14:15:00+05:30,Colombo_Western,29.1,254.81965290796103,764.0,3.81,34.930565321881424
2026-09-30T14:30:00+05:30,Colombo_Western,29.0,256.50183009878657,728.0,3.71,38.53952735460618
2026-09-30T14:45:00+05:30,Colombo_Western,29.0,257.9187852736622,691.0,3.71,42.17191171437427
2026-09-30T15:00:00+05:30,Colombo_Western,28.9,259.1330842412843,650.0,3.72,45.822118539498334
2026-09-30T15:15:00+05:30,Colombo_Western,28.8,260.18958037796324,603.0,3.78,49.48617211066575
2026-09-30T15:30:00+05:30,Colombo_Western,28.8,261.1212240100709,553.0,3.75,53.16117618171289
2026-09-30T15:45:00+05:30,Colombo_Western,28.7,261.9527592585589,501.0,3.66,56.8449719632503
2026-09-30T16:00:00+05:30,Colombo_Western,28.7,262.70314357391965,445.0,3.56,60.53591700568545
2026-09-30T16:15:00+05:30,Colombo_Western,28.6,263.3871728909012,387.0,3.36,64.23273959976785
2026-09-30T16:30:00+05:30,Colombo_Western,28.5,264.01659905671227,327.0,3.22,67.93443840484046
2026-09-30T16:45:00+05:30,Colombo_Western,28.4,264.60091568419153,268.0,3.02,71.64021232717715
2026-09-30T17:00:00+05:30,Colombo_Western,28.2,265.1479229546823,210.0,2.84,75.34941195386152
2026-09-30T17:15:00+05:30,Colombo_Western,28.1,265.66414188069973,153.0,2.64,79.06150308230477
2026-09-30T17:30:00+05:30,Colombo_Western,27.9,266.1551251384053,100.0,2.47,82.77603960943419
2026-09-30T17:45:00+05:30,Colombo_Western,27.8,266.62569629025785,53.0,2.29,86.49264445888662
2026-09-30T18:00:00+05:30,Colombo_Western,27.7,267.0801389931688,14.0,2.15,90.21099364382131
2026-09-30T18:15:00+05:30,Colombo_Western,27.6,267.5223522606985,0.0,1.99,93.93080360260508
2026-09-30T18:30:00+05:30,Colombo_Western,27.5,267.95598390037406,0.0,1.9,97.6518223424816
2026-09-30T18:45:00+05:30,Colombo_Western,27.4,268.38455141767963,0.0,1.88,101.37382066804189
2026-09-30T19:00:00+05:30,Colombo_Western,27.5,268.81155912704133,0.0,1.88,105.09658441112688
2026-09-30T19:15:00+05:30,Colombo_Western,27.5,269.24062011981596,0.0,1.92,108.81990866187277
2026-09-30T19:30:00+05:30,Colombo_Western,27.4,269.6755922556325,0.0,1.88,112.54359052644512
2026-09-30T19:45:00+05:30,Colombo_Western,27.3,270.12074022246196,0.0,1.77,116.26742138336067
2026-09-30T20:00:00+05:30,Colombo_Western,27.2,270.5809399984384,0.0,1.59,119.99117950264609
2026-09-30T20:15:00+05:30,Colombo_Western,27.1,271.06194878104475,0.0,1.41,123.71461915038316
2026-09-30T20:30:00+05:30,Colombo_Western,27.0,271.57077614592043,0.0,1.23,127.43745640653236
2026-09-30T20:45:00+05:30,Colombo_Western,26.9,272.11621297683064,0.0,1.07,131.15935120760912
2026-09-30T21:00:00+05:30,Colombo_Western,26.8,272.7096102689313,0.0,0.99,134.87987938945744
2026-09-30T21:15:00+05:30,Colombo_Western,26.7,273.3660655949029,0.0,0.83,138.59849074146203
2026-09-30T21:30:00+05:30,Colombo_Western,26.7,274.1062973383236,0.0,0.75,142.31444482403623
2026-09-30T21:45:00+05:30,Colombo_Western,26.6,274.9597262778793,0.0,0.67,146.02670339833574
2026-09-30T22:00:00+05:30,Colombo_Western,26.6,275.96978381222596,0.0,0.64,149.7337452524846
2026-09-30T22:15:00+05:30,Colombo_Western,26.5,277.2035734209963,0.0,0.61,153.43322993153603
2026-09-30T22:30:00+05:30,Colombo_Western,26.4,278.77066659965544,0.0,0.58,157.12133730441184
2026-09-30T22:45:00+05:30,Colombo_Western,26.2,280.86282264595616,0.0,0.54,160.79135971397739
2026-09-30T23:00:00+05:30,Colombo_Western,26.0,283.84721170143865,0.0,0.53,164.43035017714482
2026-09-30T23:15:00+05:30,Colombo_Western,25.8,288.5169754078284,0.0,0.54,168.00986469940327
2026-09-30T23:30:00+05:30,Colombo_Western,25.7,296.8909898034191,0.0,0.47,171.4546689981551
2026-09-30T23:45:00+05:30,Colombo_Western,25.5,315.1834277650811,0.0,0.35,174.50510855595536
2026-10-01T00:00:00+05:30,Colombo_Western,25.4,358.1727359890748,0.0,0.3,176.0913282470059
2026-10-01T00:15:00+05:30,Colombo_Western,25.3,42.95993560498857,0.0,0.4,174.68263620558793
2026-10-01T00:30:00+05:30,Colombo_Western,25.2,62.411780704800776,0.0,0.6,171.68237454210305
2026-10-01T00:45:00+05:30,Colombo_Western,25.1,71.1869068341033,0.0,0.76,168.25259354420223
2026-10-01T01:00:00+05:30,Colombo_Western,25.1,76.02436472815589,0.0,0.98,164.6791756511662
2026-10-01T01:15:00+05:30,Colombo_Western,25.0,79.09257721348024,0.0,1.17,161.04327155540122
2026-10-01T01:30:00+05:30,Colombo_Western,25.0,81.23240758598712,0.0,1.26,157.3750888363058
2026-10-01T01:45:00+05:30,Colombo_Western,24.9,82.82934342697388,0.0,1.28,153.68823278153258
2026-10-01T02:00:00+05:30,Colombo_Western,24.8,84.08327690273376,0.0,1.21,149.9896987385521
2026-10-01T02:15:00+05:30,Colombo_Western,24.7,85.10781242682327,0.0,1.07,146.2834491355128
2026-10-01T02:30:00+05:30,Colombo_Western,24.7,85.97223257075098,0.0,1.01,142.5719021246274
2026-10-01T02:45:00+05:30,Colombo_Western,24.6,86.72123019072313,0.0,0.97,138.85662375055114
2026-10-01T03:00:00+05:30,Colombo_Western,24.6,87.38499890668595,0.0,0.97,135.13868083862548
2026-10-01T03:15:00+05:30,Colombo_Western,24.6,87.98475437563474,0.0,0.97,131.41883364773545
2026-10-01T03:30:00+05:30,Colombo_Western,24.6,88.53592875995412,0.0,0.97,127.69764589566374
2026-10-01T03:45:00+05:30,Colombo_Western,24.6,89.05010759288785,0.0,0.96,123.97555266449558
2026-10-01T04:00:00+05:30,Colombo_Western,24.5,89.53625306449936,0.0,0.92,120.2529036632346
2026-10-01T04:15:00+05:30,Colombo_Western,24.5,90.00150545566254,0.0,0.89,116.52999052390408
2026-10-01T04:30:00+05:30,Colombo_Western,24.5,90.45172608848935,0.0,0.9,112.80706681621368
2026-10-01T04:45:00+05:30,Colombo_Western,24.5,90.8918778597544,0.0,0.92,109.08436263693346
2026-10-01T05:00:00+05:30,Colombo_Western,24.5,91.32630176045797,0.0,1.01,105.36209432816337
2026-10-01T05:15:00+05:30,Colombo_Western,24.5,91.75892575351384,0.0,1.05,101.64047364102983
2026-10-01T05:30:00+05:30,Colombo_Western,24.6,92.19343030152072,0.0,1.08,97.91971574713249
2026-10-01T05:45:00+05:30,Colombo_Western,24.7,92.63338730789451,0.0,1.04,94.20004526732068
2026-10-01T06:00:00+05:30,Colombo_Western,24.9,93.08238429563914,0.0,1.02,90.48170384769439
2026-10-01T06:15:00+05:30,Colombo_Western,25.1,93.54414370500172,10.0,0.96,86.7649582928278
2026-10-01T06:30:00+05:30,Colombo_Western,25.4,94.02264613617166,43.0,0.95,83.0501082752094
2026-10-01T06:45:00+05:30,Colombo_Western,25.7,94.52226584856407,89.0,0.97,79.33749722132944
2026-10-01T07:00:00+05:30,Colombo_Western,26.0,95.04792843562365,143.0,0.97,75.62752563812442
2026-10-01T07:15:00+05:30,Colombo_Western,26.3,95.60530293436011,199.0,1.05,71.92066640226358
2026-10-01T07:30:00+05:30,Colombo_Western,26.6,96.20104387181294,253.0,1.1,68.21748640865034
2026-10-01T07:45:00+05:30,Colombo_Western,26.9,96.84310543669449,306.0,1.17,64.51867507938866
2026-10-01T08:00:00+05:30,Colombo_Western,27.1,97.54115961420791,358.0,1.28,60.825081186827035
2026-10-01T08:15:00+05:30,Colombo_Western,27.4,98.30716434462073,413.0,1.37,57.13776534819084
2026-10-01T08:30:00+05:30,Colombo_Western,27.6,99.15615218604933,471.0,1.5,53.458073406577945
2026-10-01T08:45:00+05:30,Colombo_Western,27.8,100.10734858977958,529.0,1.63,49.78773972878631
2026-10-01T09:00:00+05:30,Colombo_Western,28.0,101.18579148167134,585.0,1.75,46.12904028219815
2026-10-01T09:15:00+05:30,Colombo_Western,28.2,102.42473224696306,635.0,1.93,42.48502192365473
2026-10-01T09:30:00+05:30,Colombo_Western,28.4,103.86928534577629,679.0,2.07,38.859854041560304
2026-10-01T09:45:00+05:30,Colombo_Western,28.6,105.5821249912837,718.0,2.21,35.25938940080861
2026-10-01T10:00:00+05:30,Colombo_Western,28.8,107.65263417872757,753.0,2.39,31.692086135269278
2026-10-01T10:15:00+05:30,Colombo_Western,29.0,110.21203210198058,784.0,2.53,28.170581153874636
2026-10-01T10:30:00+05:30,Colombo_Western,29.1,113.45906075392696,811.0,2.68,24.714494859658387
2026-10-01T10:45:00+05:30,Colombo_Western,29.3,117.70433429830263,833.0,2.83,21.355647493850554
2026-10-01T11:00:00+05:30,Colombo_Western,29.4,123.44577213328392,854.0,2.92,18.148144587767533
2026-10-01T11:15:00+05:30,Colombo_Western,29.5,131.4823574630829,874.0,3.02,15.188208450925742
2026-10-01T11:30:00+05:30,Colombo_Western,29.6,142.99841561045906,895.0,3.12,12.65085127121273
2026-10-01T11:45:00+05:30,Colombo_Western,29.6,159.19590581390366,914.0,3.17,10.837102359429437
2026-10-01T12:00:00+05:30,Colombo_Western,29.6,179.52363438366,925.0,3.28,10.14289223559733
2026-10-01T12:15:00+05:30,Colombo_Western,29.6,199.95007845507436,923.0,3.28,10.786593076734249
2026-10-01T12:30:00+05:30,Colombo_Western,29.6,216.33915184642532,911.0,3.34,12.564222304233724
2026-10-01T12:45:00+05:30,Colombo_Western,29.6,228.0179486866814,890.0,3.35,15.07996172428021
2026-10-01T13:00:00+05:30,Colombo_Western,29.5,236.16488664633306,863.0,3.4,18.027389318512462
2026-10-01T13:15:00+05:30,Colombo_Western,29.5,241.97758824285359,833.0,3.36,21.227423788269917
2026-10-01T13:30:00+05:30,Colombo_Western,29.4,246.26928123677874,801.0,3.36,24.5815901444997
2026-10-01T13:45:00+05:30,Colombo_Western,29.4,249.54726041035656,764.0,3.31,28.034598993679708
2026-10-01T14:00:00+05:30,Colombo_Western,29.3,252.12776963375387,719.0,3.32,31.55399530575749
2026-10-01T14:15:00+05:30,Colombo_Western,29.2,254.21291275609013,663.0,3.28,35.119803068749874
2026-10-01T14:30:00+05:30,Colombo_Western,29.1,255.93595818868596,596.0,3.18,38.71917673022686
2026-10-01T14:45:00+05:30,Colombo_Western,29.0,257.3875730449889,526.0,3.08,42.34353164271884
2026-10-01T15:00:00+05:30,Colombo_Western,29.0,258.6312576141068,463.0,2.93,45.98693471075986
2026-10-01T15:15:00+05:30,Colombo_Western,28.9,259.71267024921116,415.0,2.72,49.64516366679223
2026-10-01T15:30:00+05:30,Colombo_Western,28.8,260.6654271790657,378.0,2.56,53.3151371274359
2026-10-01T15:45:00+05:30,Colombo_Western,28.7,261.51481326936175,345.0,2.36,56.994555303300515
2026-10-01T16:00:00+05:30,Colombo_Western,28.5,262.280220990413,312.0,2.15,60.68166696235776
2026-10-01T16:15:00+05:30,Colombo_Western,28.4,262.97679412488617,275.0,1.94,64.37511551496755
2026-10-01T16:30:00+05:30,Colombo_Western,28.3,263.6165609112001,239.0,1.74,68.07383276055727
2026-10-01T16:45:00+05:30,Colombo_Western,28.2,264.2092325123475,202.0,1.53,71.77696455400184
2026-10-01T17:00:00+05:30,Colombo_Western,28.0,264.7627776265591,162.0,1.38,75.48381918530595
2026-10-01T17:15:00+05:30,Colombo_Western,27.9,265.28384416577626,120.0,1.19,79.19382868301048
2026-10-01T17:30:00+05:30,Colombo_Western,27.8,265.77807551017133,77.0,1.03,82.9065200619244
2026-10-01T17:45:00+05:30,Colombo_Western,27.7,266.25035347492997,40.0,0.89,86.62149505374082
2026-10-01T18:00:00+05:30,Colombo_Western,27.6,266.7049897979224,10.0,0.78,90.33841329454077
2026-10-01T18:15:00+05:30,Colombo_Western,27.5,267.14588234947826,0.0,0.65,94.05697905063839
2026-10-01T18:30:00+05:30,Colombo_Western,27.4,267.57664821656584,0.0,0.57,97.77693196145793
2026-10-01T18:45:00+05:30,Colombo_Western,27.3,268.00074288952413,0.0,0.49,101.49803805397025
2026-10-01T19:00:00+05:30,Colombo_Western,27.2,268.4215741169173,0.0,0.47,105.2200819339471
2026-10-01T19:15:00+05:30,Colombo_Western,27.1,268.8426187575575,0.0,0.45,108.94286116011867
2026-10-01T19:30:00+05:30,Colombo_Western,27.0,269.2675512900938,0.0,0.41,112.66617934805244
2026-10-01T19:45:00+05:30,Colombo_Western,26.9,269.7003952441706,0.0,0.4,116.38983903188418
2026-10-01T20:00:00+05:30,Colombo_Western,26.8,270.1457126868885,0.0,0.4,120.11363521046655
2026-10-01T20:15:00+05:30,Colombo_Western,26.7,270.6088530180454,0.0,0.43,123.83734584435106
2026-10-01T20:30:00+05:30,Colombo_Western,26.6,271.0962940083996,0.0,0.4,127.56071972441728
2026-10-01T20:45:00+05:30,Colombo_Western,26.5,271.61612714699726,0.0,0.39,131.2834615568345
2026-10-01T21:00:00+05:30,Colombo_Western,26.4,272.17877218348855,0.0,0.39,135.00520858358476
2026-10-01T21:15:00+05:30,Colombo_Western,26.3,272.7980666238797,0.0,0.4,138.72549567510103
2026-10-01T21:30:00+05:30,Colombo_Western,26.2,273.4929896316396,0.0,0.43,142.44370229076404
2026-10-01T21:45:00+05:30,Colombo_Western,26.1,274.2905033153423,0.0,0.41,146.1589631615421
2026-10-01T22:00:00+05:30,Colombo_Western,25.9,275.23046329187173,0.0,0.45,149.87001430093403
2026-10-01T22:15:00+05:30,Colombo_Western,25.8,276.3745965298848,0.0,0.45,153.5749127776287
2026-10-01T22:30:00+05:30,Colombo_Western,25.7,277.8240755279205,0.0,0.45,157.2704832792462
2026-10-01T22:45:00+05:30,Colombo_Western,25.6,279.756986419237,0.0,0.46,160.95113011480845
2026-10-01T23:00:00+05:30,Colombo_Western,25.5,282.51746041788397,0.0,0.52,164.60597879220717
2026-10-01T23:15:00+05:30,Colombo_Western,25.4,286.8606767328987,0.0,0.52,168.2108406863593
2026-10-01T23:30:00+05:30,Colombo_Western,25.3,294.7691950374033,0.0,0.57,171.70014556758645
2026-10-01T23:45:00+05:30,Colombo_Western,25.2,312.8078255341628,0.0,0.61,174.8339801491071
2026-10-02T00:00:00+05:30,Colombo_Western,25.2,359.290401806829,0.0,0.6,176.48065501535328
2026-10-02T00:15:00+05:30,Colombo_Western,25.1,46.58787138183783,0.0,0.65,174.90277676941764
2026-10-02T00:30:00+05:30,Colombo_Western,25.1,65.07081687186064,0.0,0.66,171.78571358249638
2026-10-02T00:45:00+05:30,Colombo_Western,25.0,73.12105392065416,0.0,0.73,168.30118266072486
2026-10-02T01:00:00+05:30,Colombo_Western,25.0,77.52211127126492,0.0,0.76,164.69829268342818
2026-10-02T01:15:00+05:30,Colombo_Western,25.0,80.3114617632728,0.0,0.85,161.04451729537493
2026-10-02T01:30:00+05:30,Colombo_Western,25.0,82.26104352956372,0.0,0.9,157.36459520136654
2026-10-02T01:45:00+05:30,Colombo_Western,25.0,83.72129267232629,0.0,0.96,153.6696040973216
2026-10-02T02:00:00+05:30,Colombo_Western,24.9,84.87306700936438,0.0,1.03,149.9652278948295
2026-10-02T02:15:00+05:30,Colombo_Western,24.9,85.81890751711234,0.0,1.1,146.2546861818223
2026-10-02T02:30:00+05:30,Colombo_Western,24.9,86.62128093071954,0.0,1.13,142.53994707277954
2026-10-02T02:45:00+05:30,Colombo_Western,24.8,87.32047386924756,0.0,1.17,138.8222893122762
2026-10-02T03:00:00+05:30,Colombo_Western,24.7,87.94371612023326,0.0,1.2,135.10258861536565
2026-10-02T03:15:00+05:30,Colombo_Western,24.7,88.51016333864072,0.0,1.24,131.3814739525602
2026-10-02T03:30:00+05:30,Colombo_Western,24.6,89.03377665022265,0.0,1.27,127.65941659411425
2026-10-02T03:45:00+05:30,Colombo_Western,24.5,89.52506762903806,0.0,1.35,123.93678536219227
2026-10-02T04:00:00+05:30,Colombo_Western,24.4,89.99220038837052,0.0,1.35,120.21388198338026
2026-10-02T04:15:00+05:30,Colombo_Western,24.3,90.44171410351487,0.0,1.42,116.49096327977296
2026-10-02T04:30:00+05:30,Colombo_Western,24.3,90.87901326070619,0.0,1.42,112.76825782113859
2026-10-02T04:45:00+05:30,Colombo_Western,24.3,91.30871224149337,0.0,1.42,109.04597826342753
2026-10-02T05:00:00+05:30,Colombo_Western,24.3,91.7348869237747,0.0,1.42,105.32432955406112
2026-10-02T05:15:00+05:30,Colombo_Western,24.3,92.16126612565148,0.0,1.38,101.60351709422719
2026-10-02T05:30:00+05:30,Colombo_Western,24.4,92.59138492050215,0.0,1.38,97.88375411185719
2026-10-02T05:45:00+05:30,Colombo_Western,24.5,93.02871513387765,0.0,1.38,94.16526733516025
2026-10-02T06:00:00+05:30,Colombo_Western,24.7,93.47678391579211,0.0,1.35,90.44830444521665
2026-10-02T06:15:00+05:30,Colombo_Western,24.9,93.93928967551648,11.0,1.35,86.73314228648348
2026-10-02T06:30:00+05:30,Colombo_Western,25.2,94.42022385792114,46.0,1.32,83.02009486041254
2026-10-02T06:45:00+05:30,Colombo_Western,25.5,94.92400671295286,92.0,1.29,79.3095247072759
2026-10-02T07:00:00+05:30,Colombo_Western,25.8,95.45564696933013,147.0,1.26,75.60185698493716
2026-10-02T07:15:00+05:30,Colombo_Western,26.1,96.02093782227053,202.0,1.19,71.8975958246027
2026-10-02T07:30:00+05:30,Colombo_Western,26.4,96.62670504736269,255.0,1.17,68.19734744386051
2026-10-02T07:45:00+05:30,Colombo_Western,26.6,97.28112993802341,304.0,1.07,64.50185067255588
2026-10-02T08:00:00+05:30,Colombo_Western,26.9,97.99417968202602,352.0,1.05,60.812016535302654
2026-10-02T08:15:00+05:30,Colombo_Western,27.1,98.778192340761,400.0,0.97,57.12898456170522
2026-10-02T08:30:00+05:30,Colombo_Western,27.2,99.64868848429944,444.0,0.87,53.454201497759904
2026-10-02T08:45:00+05:30,Colombo_Western,27.3,100.62552076465181,484.0,0.8,49.78953215849053
2026-10-02T09:00:00+05:30,Colombo_Western,27.4,101.73453596283889,522.0,0.72,46.137423379861346
2026-10-02T09:15:00+05:30,Colombo_Western,27.4,103.01003302879826,558.0,0.69,42.50114924631215
2026-10-02T09:30:00+05:30,Colombo_Western,27.4,104.49848739840348,592.0,0.74,38.88518652024682
2026-10-02T09:45:00+05:30,Colombo_Western,27.4,106.26433911123695,623.0,0.89,35.29581165462276
2026-10-02T10:00:00+05:30,Colombo_Western,27.3,108.39923380091409,651.0,1.09,31.742078610566054
2026-10-02T10:15:00+05:30,Colombo_Western,27.3,111.03717559182257,675.0,1.32,28.237479098794424
2026-10-02T10:30:00+05:30,Colombo_Western,27.2,114.37994541643968,694.0,1.5,24.802880487719605
2026-10-02T10:45:00+05:30,Colombo_Western,27.2,118.7401627528713,710.0,1.7,21.471931715962725
2026-10-02T11:00:00+05:30,Colombo_Western,27.2,124.61217123248167,726.0,1.9,18.301344837840134
2026-10-02T11:15:00+05:30,Colombo_Western,27.2,132.77162857887743,747.0,2.05,15.390577262797734
2026-10-02T11:30:00+05:30,Colombo_Western,27.2,144.3233809899075,776.0,2.2,12.916519217143403
2026-10-02T11:45:00+05:30,Colombo_Western,27.2,160.28958542526425,805.0,2.3,11.17315934601939
2026-10-02T12:00:00+05:30,Colombo_Western,27.3,179.98041692454012,824.0,2.35,10.529919632187301
2026-10-02T12:15:00+05:30,Colombo_Western,27.4,199.661677858636,823.0,2.4,11.178358836031464
2026-10-02T12:30:00+05:30,Colombo_Western,27.5,215.60872619862633,805.0,2.45,12.925512656429092
2026-10-02T12:45:00+05:30,Colombo_Western,27.6,227.14344593317668,776.0,2.51,15.401896854780759
2026-10-02T13:00:00+05:30,Colombo_Western,27.7,235.2907089623054,740.0,2.51,18.314034461447704
2026-10-02T13:15:00+05:30,Colombo_Western,27.8,241.1542643515052,702.0,2.52,21.485448349908893
2026-10-02T13:30:00+05:30,Colombo_Western,27.9,245.50839474779136,662.0,2.49,24.816918623642138
2026-10-02T13:45:00+05:30,Colombo_Western,27.9,248.84649102358156,617.0,2.46,28.251860758486266
2026-10-02T14:00:00+05:30,Colombo_Western,28.0,251.48058234962213,566.0,2.44,31.756696290667747
2026-10-02T14:15:00+05:30,Colombo_Western,28.0,253.61208606887516,504.0,2.36,35.31059774323885
2026-10-02T14:30:00+05:30,Colombo_Western,28.0,255.37477642288582,429.0,2.25,38.9000967476841
2026-10-02T14:45:00+05:30,Colombo_Western,28.0,256.8601480571907,353.0,2.13,42.51615476997473
2026-10-02T15:00:00+05:30,Colombo_Western,27.9,258.132536090354,289.0,1.95,46.15250522639544
2026-10-02T15:15:00+05:30,Colombo_Western,27.8,259.23833860956375,244.0,1.8,49.80467773593132
2026-10-02T15:30:00+05:30,Colombo_Western,27.6,260.2117940548069,214.0,1.63,53.46940377072857
2026-10-02T15:45:00+05:30,Colombo_Western,27.5,261.07869810090176,191.0,1.49,57.14424047234837
2026-10-02T16:00:00+05:30,Colombo_Western,27.3,261.8588572665607,170.0,1.39,60.82732586390787
2026-10-02T16:15:00+05:30,Colombo_Western,27.1,262.56774816927555,147.0,1.31,64.51721667250865
2026-10-02T16:30:00+05:30,Colombo_Western,27.0,263.21766446045365,125.0,1.31,68.21277620160211
2026-10-02T16:45:00+05:30,Colombo_Western,26.8,263.8185266511478,104.0,1.35,71.91309576953319
2026-10-02T17:00:00+05:30,Colombo_Western,26.7,264.3784656887571,83.0,1.39,75.61744001249332
2026-10-02T17:15:00+05:30,Colombo_Western,26.5,264.90425147391494,61.0,1.46,79.32520593059925
2026-10-02T17:30:00+05:30,Colombo_Western,26.4,265.40161413227,40.0,1.52,83.03589247226539
2026-10-02T17:45:00+05:30,Colombo_Western,26.3,265.87549042932295,21.0,1.53,86.74907903230945
2026-10-02T18:00:00+05:30,Colombo_Western,26.2,266.33021731497325,5.0,1.54,90.46440774270492
2026-10-02T18:15:00+05:30,Colombo_Western,26.1,266.76968890072635,0.0,1.5,94.18156955693118
2026-10-02T18:30:00+05:30,Colombo_Western,26.0,267.1974890345897,0.0,1.45,97.90029456159407
2026-10-02T18:45:00+05:30,Colombo_Western,25.9,267.6170086212119,0.0,1.38,101.62034274287615
2026-10-02T19:00:00+05:30,Colombo_Western,25.8,268.03155606167786,0.0,1.31,105.3414960972799
2026-10-02T19:15:00+05:30,Colombo_Western,25.7,268.4444688034311,0.0,1.17,109.06355310221352
2026-10-02T19:30:00+05:30,Colombo_Western,25.6,268.85923413110964,0.0,1.11,112.78632210848815
2026-10-02T19:45:00+05:30,Colombo_Western,25.5,269.2796296451161,0.0,1.05,116.50961472075599
2026-10-02T20:00:00+05:30,Colombo_Western,25.5,269.7098973136224,0.0,0.96,120.23324017738359
2026-10-02T20:15:00+05:30,Colombo_Western,25.4,270.15497045040377,0.0,0.94,123.9569970965115
2026-10-02T20:30:00+05:30,Colombo_Western,25.3,270.62078358406774,0.0,0.92,127.68066320522273
2026-10-02T20:45:00+05:30,Colombo_Western,25.3,271.11471255734637,0.0,0.9,131.4039831968687
2026-10-02T21:00:00+05:30,Colombo_Western,25.2,271.64622207083164,0.0,0.9,135.12664953724334
2026-10-02T21:15:00+05:30,Colombo_Western,25.2,272.2278535350708,0.0,0.9,138.84827402659482
2026-10-02T21:30:00+05:30,Colombo_Western,25.1,272.8767903077519,0.0,0.9,142.56834502596718
2026-10-02T21:45:00+05:30,Colombo_Western,25.1,273.6174430827742,0.0,0.9,146.28615504552272
2026-10-02T22:00:00+05:30,Colombo_Western,25.0,274.4859318159616,0.0,0.92,150.00067579776004
2026-10-02T22:15:00+05:30,Colombo_Western,25.0,275.53831400893705,0.0,0.87,153.71033053929185
2026-10-02T22:30:00+05:30,Colombo_Western,25.0,276.8667843405254,0.0,0.89,157.41254200878834
2026-10-02T22:45:00+05:30,Colombo_Western,24.9,278.6344980501164,0.0,0.89,161.10275576852314
2026-10-02T23:00:00+05:30,Colombo_Western,24.9,281.1594591957572,0.0,0.92,164.77206697129822
2026-10-02T23:15:00+05:30,Colombo_Western,24.9,285.1500153019217,0.0,0.92,168.40043663363574
2026-10-02T23:30:00+05:30,Colombo_Western,24.8,292.52213443472,0.0,0.94,171.93223698788165
2026-10-02T23:45:00+05:30,Colombo_Western,24.8,310.11008195325377,0.0,0.97,175.15141048683807
2026-10-03T00:00:00+05:30,Colombo_Western,24.7,0.6596686656714041,0.0,1.01,176.86775304132033
2026-10-03T00:15:00+05:30,Colombo_Western,24.7,50.509534922839634,0.0,1.04,175.10150450939824
2026-10-03T00:30:00+05:30,Colombo_Western,24.7,67.78365080494552,0.0,1.11,171.87222956474756
2026-10-03T00:45:00+05:30,Colombo_Western,24.6,75.06431487422435,0.0,1.18,168.33787814883618
2026-10-03T01:00:00+05:30,Colombo_Western,24.6,79.01927873535828,0.0,1.25,164.70864903448145
2026-10-03T01:15:00+05:30,Colombo_Western,24.6,81.52748469793426,0.0,1.29,161.0390560819112
2026-10-03T01:30:00+05:30,Colombo_Western,24.6,83.28644328235464,0.0,1.36,157.3488272349624
2026-10-03T01:45:00+05:30,Colombo_Western,24.6,84.61016370990137,0.0,1.4,153.64675609570435
2026-10-03T02:00:00+05:30,Colombo_Western,24.5,85.66007079673807,0.0,1.43,149.93734950860204
2026-10-03T02:15:00+05:30,Colombo_Western,24.5,86.5275181383983,0.0,1.44,146.2231628887701
2026-10-03T02:30:00+05:30,Colombo_Western,24.5,87.26811922314658,0.0,1.44,142.5057629820871
2026-10-03T02:45:00+05:30,Colombo_Western,24.4,87.91774598537768,0.0,1.42,138.78617281332464
2026-10-03T03:00:00+05:30,Colombo_Western,24.4,88.50066561470607,0.0,1.39,135.06509832705675
2026-10-03T03:15:00+05:30,Colombo_Western,24.3,89.03397786721018,0.0,1.32,131.34305213473837
2026-10-03T03:30:00+05:30,Colombo_Western,24.2,89.5301773653863,0.0,1.27,127.62042382877357
2026-10-03T03:45:00+05:30,Colombo_Western,24.2,89.99870586068755,0.0,1.23,123.89752395374259
2026-10-03T04:00:00+05:30,Colombo_Western,24.1,90.44693290677651,0.0,1.2,120.17461231368067
2026-10-03T04:15:00+05:30,Colombo_Western,24.0,90.88079946788025,0.0,1.14,116.45191563065075
2026-10-03T04:30:00+05:30,Colombo_Western,24.0,91.30525553531066,0.0,1.12,112.72964121621098
2026-10-03T04:45:00+05:30,Colombo_Western,24.0,91.72456884532761,0.0,1.06,109.00798732610097
2026-10-03T05:00:00+05:30,Colombo_Western,24.0,92.14255163719338,0.0,1.05,105.28715003924009
2026-10-03T05:15:00+05:30,Colombo_Western,24.1,92.56273472441501,0.0,1.0,101.56733055434525
2026-10-03T05:30:00+05:30,Colombo_Western,24.2,92.98850864190558,0.0,0.95,97.84874203245171
2026-10-03T05:45:00+05:30,Colombo_Western,24.3,93.42324572861963,0.0,0.9,94.13161499360476
2026-10-03T06:00:00+05:30,Colombo_Western,24.6,93.87041310808263,0.0,0.9,90.41620470916538
2026-10-03T06:15:00+05:30,Colombo_Western,24.8,94.3336852584423,11.0,0.85,86.7027995471313
2026-10-03T06:30:00+05:30,Colombo_Western,25.1,94.81706430347595,46.0,0.86,82.99172929462529
2026-10-03T06:45:00+05:30,Colombo_Western,25.4,95.32501600938878,92.0,0.86,79.28337708939927
2026-10-03T07:00:00+05:30,Colombo_Western,25.7,95.86263138655761,147.0,0.82,75.57819429285088
2026-10-03T07:15:00+05:30,Colombo_Western,26.1,96.43582644232225,204.0,0.85,71.87671796163073
2026-10-03T07:30:00+05:30,Colombo_Western,26.4,97.05159618639448,259.0,0.83,68.17959548953041
2026-10-03T07:45:00+05:30,Colombo_Western,26.7,97.7183460664939,312.0,0.81,64.48761721106261
2026-10-03T08:00:00+05:30,Colombo_Western,27.0,98.44633417101875,365.0,0.79,60.80175882764797
2026-10-03T08:15:00+05:30,Colombo_Western,27.3,99.24827237823865,422.0,0.74,57.123241632434194
2026-10-03T08:30:00+05:30,Colombo_Western,27.5,100.14015992490363,480.0,0.71,53.45361667403068
2026-10-03T08:45:00+05:30,Colombo_Western,27.8,101.14246258232521,537.0,0.67,49.794883313609255
2026-10-03T09:00:00+05:30,Colombo_Western,28.0,102.28181433536417,593.0,0.62,46.14966422318228
2026-10-03T09:15:00+05:30,Colombo_Western,28.2,103.5935276114995,643.0,0.65,42.52146672210153
2026-10-03T09:30:00+05:30,Colombo_Western,28.4,105.1253836886143,689.0,0.7,38.915082119176546
2026-10-03T09:45:00+05:30,Colombo_Western,28.6,106.94349656439005,729.0,0.82,35.33721876663107
2026-10-03T10:00:00+05:30,Colombo_Western,28.8,109.14161645575757,765.0,1.03,31.79753487983165
2026-10-03T10:15:00+05:30,Colombo_Western,28.9,111.85625155406461,799.0,1.22,28.310382844302033
2026-10-03T10:30:00+05:30,Colombo_Western,29.1,115.29170845965513,835.0,1.39,24.897872344683165
2026-10-03T10:45:00+05:30,Colombo_Western,29.2,119.76166327502256,865.0,1.57,21.59544417643393
2026-10-03T11:00:00+05:30,Colombo_Western,29.4,125.75520161565464,881.0,1.75,18.46229156711709
2026-10-03T11:15:00+05:30,Colombo_Western,29.5,134.02229830504547,876.0,1.88,15.600763101003594
2026-10-03T11:30:00+05:30,Colombo_Western,29.5,145.5885060276202,845.0,1.98,13.188881437484355
2026-10-03T11:45:00+05:30,Colombo_Western,29.5,161.31207096254673,800.0,1.98,11.51281694135723
2026-10-03T12:00:00+05:30,Colombo_Western,29.5,180.39762400322593,757.0,2.0,10.916918490380624
2026-10-03T12:15:00+05:30,Colombo_Western,29.4,199.38688430969475,732.0,1.9,11.569317396222502
2026-10-03T12:30:00+05:30,Colombo_Western,29.3,214.9139117661474,719.0,1.86,13.28739290946443
2026-10-03T12:45:00+05:30,Colombo_Western,29.3,226.3020833827677,712.0,1.81,15.725645498941006
2026-10-03T13:00:00+05:30,Colombo_Western,29.2,234.44170291245607,702.0,1.72,18.603009701503737
2026-10-03T13:15:00+05:30,Colombo_Western,29.2,240.34924081455017,686.0,1.66,21.745856862378332
2026-10-03T13:30:00+05:30,Colombo_Western,29.1,244.76088316850723,666.0,1.57,25.05446195266228
2026-10-03T13:45:00+05:30,Colombo_Western,29.0,248.15569706968736,643.0,1.48,28.471077588954053
2026-10-03T14:00:00+05:30,Colombo_Western,28.9,250.84101227133743,617.0,1.39,31.961065017249076
2026-10-03T14:15:00+05:30,Colombo_Western,28.8,253.01720904286074,589.0,1.3,35.50277349449924
2026-10-03T14:30:00+05:30,Colombo_Western,28.7,254.81833751362632,559.0,1.22,39.082123465612106
2026-10-03T14:45:00+05:30,Colombo_Western,28.6,256.3365718381766,527.0,1.14,42.689626449776036
2026-10-03T15:00:00+05:30,Colombo_Western,28.5,257.63698596213305,493.0,1.03,46.318682823946425
2026-10-03T15:15:00+05:30,Colombo_Western,28.3,258.7666543595706,457.0,0.88,49.96457302062597
2026-10-03T15:30:00+05:30,Colombo_Western,28.2,259.7603950108937,420.0,0.82,53.62383970485761
2026-10-03T15:45:00+05:30,Colombo_Western,28.0,260.6444850339983,381.0,0.76,57.29389513103393
2026-10-03T16:00:00+05:30,Colombo_Western,27.9,261.4391243518887,340.0,0.72,60.97276479448389
2026-10-03T16:15:00+05:30,Colombo_Western,27.8,262.1601075993462,298.0,0.63,64.65891706827213
2026-10-03T16:30:00+05:30,Colombo_Western,27.7,262.81998298478373,255.0,0.61,68.35114522222352
2026-10-03T16:45:00+05:30,Colombo_Western,27.6,263.4288722464602,212.0,0.6,72.04848462553808
2026-10-03T17:00:00+05:30,Colombo_Western,27.4,263.99506237257935,167.0,0.61,75.75015495958402
2026-10-03T17:15:00+05:30,Colombo_Western,27.3,264.5254403904247,120.0,0.57,79.45551697969228
2026-10-03T17:30:00+05:30,Colombo_Western,27.2,265.0258192568544,74.0,0.6,83.16404041148387
2026-10-03T17:45:00+05:30,Colombo_Western,27.1,265.5011874317937,36.0,0.63,86.8752811931711
2026-10-03T18:00:00+05:30,Colombo_Western,27.0,265.9559042596964,8.0,0.68,90.58886284096421
2026-10-03T18:15:00+05:30,Colombo_Western,26.9,266.39385753831624,0.0,0.67,94.30446186492738
2026-10-03T18:30:00+05:30,Colombo_Western,26.8,266.8185954318931,0.0,0.71,98.02179761704781
2026-10-03T18:45:00+05:30,Colombo_Western,26.7,267.233441780198,0.0,0.74,101.74062277700813
2026-10-03T19:00:00+05:30,Colombo_Western,26.6,267.6416029707859,0.0,0.78,105.46071534377697
2026-10-03T19:15:00+05:30,Colombo_Western,26.5,268.0462740081506,0.0,0.79,109.18187314863319
2026-10-03T19:30:00+05:30,Colombo_Western,26.4,268.45075135970427,0.0,0.83,112.90390747501698
2026-10-03T19:45:00+05:30,Colombo_Western,26.3,268.85856217577896,0.0,0.87,116.62663688287601
2026-10-03T20:00:00+05:30,Colombo_Western,26.2,269.2736224691373,0.0,0.89,120.34988230804223
2026-10-03T20:15:00+05:30,Colombo_Western,26.1,269.700441627307,0.0,0.92,124.07345991714539
2026-10-03T20:30:00+05:30,Colombo_Western,26.0,270.14440011540063,0.0,0.97,127.7971724931501
2026-10-03T20:45:00+05:30,Colombo_Western,25.9,270.6121427425053,0.0,1.01,131.5207997810229
2026-10-03T21:00:00+05:30,Colombo_Western,25.8,271.1121565968668,0.0,1.04,135.24408306588276
2026-10-03T21:15:00+05:30,Colombo_Western,25.7,271.6556527867291,0.0,1.04,138.96670257764777
2026-10-03T21:30:00+05:30,Colombo_Western,25.6,272.2579650306865,0.0,1.09,142.6882440400904
2026-10-03T21:45:00+05:30,Colombo_Western,25.5,272.9408641398437,0.0,1.14,146.40814166489557
2026-10-03T22:00:00+05:30,Colombo_Western,25.5,273.73658136320154,0.0,1.19,150.1255798137597
2026-10-03T22:15:00+05:30,Colombo_Western,25.4,274.69522293364514,0.0,1.19,153.8393138247745
2026-10-03T22:30:00+05:30,Colombo_Western,25.3,275.899444987587,0.0,1.24,157.5473123091718
2026-10-03T22:45:00+05:30,Colombo_Western,25.2,277.49624013662407,0.0,1.24,161.24597981281113
2026-10-03T23:00:00+05:30,Colombo_Western,25.2,279.77440520429934,0.0,1.29,164.92825068493562
2026-10-03T23:15:00+05:30,Colombo_Western,25.1,283.38630031637246,0.0,1.29,168.57805446299602
2026-10-03T23:30:00+05:30,Colombo_Western,25.0,290.14747181361093,0.0,1.29,172.14975746666926
2026-10-03T23:45:00+05:30,Colombo_Western,25.0,307.0386882141606,0.0,1.29,175.45508463804347
2026-10-04T00:00:00+05:30,Colombo_Western,24.9,2.381979403585092,0.0,1.35,177.25194879177442
2026-10-04T00:15:00+05:30,Colombo_Western,24.8,54.723241029608005,0.0,1.35,175.27634773143637
2026-10-04T00:30:00+05:30,Colombo_Western,24.8,70.54005597947418,0.0,1.36,171.94155996423336
2026-10-04T00:45:00+05:30,Colombo_Western,24.7,77.01244846276956,0.0,1.36,168.36272148273315
2026-10-04T01:00:00+05:30,Colombo_Western,24.6,80.51387129690636,0.0,1.38,164.71036648795425
2026-10-04T01:15:00+05:30,Colombo_Western,24.5,82.7395513623917,0.0,1.38,161.02702398592095
2026-10-04T01:30:00+05:30,Colombo_Western,24.5,84.30792759733322,0.0,1.39,157.32791964455353
2026-10-04T01:45:00+05:30,Colombo_Western,24.4,85.49549241694353,0.0,1.41,153.61981848542393
2026-10-04T02:00:00+05:30,Colombo_Western,24.4,86.44394624608373,0.0,1.43,149.90618787244154
2026-10-04T02:15:00+05:30,Colombo_Western,24.3,87.23337676626397,0.0,1.41,146.18899857293272
2026-10-04T02:30:00+05:30,Colombo_Western,24.3,87.91252804638748,0.0,1.43,142.46946480346475
2026-10-04T02:45:00+05:30,Colombo_Western,24.2,88.51285966720974,0.0,1.46,138.74838541082522
2026-10-04T03:00:00+05:30,Colombo_Western,24.2,89.05568330445931,0.0,1.44,135.02631782264848
2026-10-04T03:15:00+05:30,Colombo_Western,24.2,89.55605027518965,0.0,1.44,131.30367313422133
2026-10-04T03:30:00+05:30,Colombo_Western,24.2,90.02499525084812,0.0,1.43,127.58076995078707
2026-10-04T03:45:00+05:30,Colombo_Western,24.2,90.47089555928255,0.0,1.42,123.85786845448077
2026-10-04T04:00:00+05:30,Colombo_Western,24.2,90.90033052629485,0.0,1.45,120.13519253391794
2026-10-04T04:15:00+05:30,Colombo_Western,24.2,91.31864633898215,0.0,1.42,116.41294347658723
2026-10-04T04:30:00+05:30,Colombo_Western,24.2,91.73034119784882,0.0,1.41,112.69131104345612
2026-10-04T04:45:00+05:30,Colombo_Western,24.2,92.13933831095181,0.0,1.38,108.97048209661357
2026-10-04T05:00:00+05:30,Colombo_Western,24.3,92.5491879199522,0.0,1.38,105.25064634610735
2026-10-04T05:15:00+05:30,Colombo_Western,24.3,92.96322408259903,0.0,1.35,101.53200291469904
2026-10-04T05:30:00+05:30,Colombo_Western,24.4,93.38469371162819,0.0,1.32,97.8147667504265
2026-10-04T05:45:00+05:30,Colombo_Western,24.5,93.8168702813536,0.0,1.26,94.09917382775937
2026-10-04T06:00:00+05:30,Colombo_Western,24.7,94.26316123566892,0.0,1.21,90.38548854285402
2026-10-04T06:15:00+05:30,Colombo_Western,24.8,94.727217193949,14.0,1.16,86.67401224692284
2026-10-04T06:30:00+05:30,Colombo_Western,25.0,95.21305073601889,53.0,1.12,82.96509195014029
2026-10-04T06:45:00+05:30,Colombo_Western,25.2,95.72517258279157,106.0,1.08,79.2591328392139
2026-10-04T07:00:00+05:30,Colombo_Western,25.4,96.26875504802467,168.0,1.06,75.55661399885496
2026-10-04T07:15:00+05:30,Colombo_Western,25.7,96.84983543481678,231.0,1.0,71.85810704545341
2026-10-04T07:30:00+05:30,Colombo_Western,25.9,97.4755757454385,291.0,1.01,68.16430235011816
2026-10-04T07:45:00+05:30,Colombo_Western,26.2,98.15460232836546,348.0,1.04,64.47604378501393
2026-10-04T08:00:00+05:30,Colombo_Western,26.5,98.89745946611731,403.0,1.05,60.794374067449056
2026-10-04T08:15:00+05:30,Colombo_Western,26.7,99.71722600586696,457.0,1.12,57.120598991386906
2026-10-04T08:30:00+05:30,Colombo_Western,27.0,100.63036976920847,509.0,1.17,53.456377150006354
2026-10-04T08:45:00+05:30,Colombo_Western,27.3,101.6579545588088,557.0,1.27,49.803846322350516
2026-10-04T09:00:00+05:30,Colombo_Western,27.6,102.82737852468881,601.0,1.35,46.16580965442325
2026-10-04T09:15:00+05:30,Colombo_Western,27.8,104.17493156058538,643.0,1.4,42.546013224887375
2026-10-04T09:30:00+05:30,Colombo_Western,28.1,105.7496430030082,682.0,1.53,38.94956931080093
2026-10-04T09:45:00+05:30,Colombo_Western,28.3,107.61920538515574,716.0,1.63,35.383625193048154
2026-10-04T10:00:00+05:30,Colombo_Western,28.5,109.87931108858345,747.0,1.72,31.85844984630109
2026-10-04T10:15:00+05:30,Colombo_Western,28.7,112.66868763678036,774.0,1.79,28.389259006242092
2026-10-04T10:30:00+05:30,Colombo_Western,28.9,116.19365642829797,799.0,1.88,24.999394647092515
2026-10-04T10:45:00+05:30,Colombo_Western,29.1,120.76803142044633,819.0,1.93,21.726043798868844
2026-10-04T11:00:00+05:30,Colombo_Western,29.2,126.87408591327608,832.0,1.96,18.6307432960089
2026-10-04T11:15:00+05:30,Colombo_Western,29.3,135.2341716558608,835.0,2.01,15.818383065582069
2026-10-04T11:30:00+05:30,Colombo_Western,29.4,146.79562033769923,826.0,2.01,13.467420826711049
2026-10-04T11:45:00+05:30,Colombo_Western,29.5,162.26831958974003,810.0,2.01,11.855608931984506
2026-10-04T12:00:00+05:30,Colombo_Western,29.5,180.77886881876154,793.0,1.96,11.303695346239891
2026-10-04T12:15:00+05:30,Colombo_Western,29.5,199.12402681278988,781.0,1.9,11.959332254968274
2026-10-04T12:30:00+05:30,Colombo_Western,29.5,214.25176851502223,771.0,1.85,13.649601035303391
2026-10-04T12:45:00+05:30,Colombo_Western,29.4,225.49197502991802,762.0,1.76,16.050892891429115
2026-10-04T13:00:00+05:30,Colombo_Western,29.4,233.61691765593696,750.0,1.64,18.894015283235987
2026-10-04T13:15:00+05:30,Colombo_Western,29.3,239.56207756842093,733.0,1.53,22.008383216783457
2026-10-04T13:30:00+05:30,Colombo_Western,29.2,244.0265595027293,713.0,1.39,25.293986031973873
2026-10-04T13:45:00+05:30,Colombo_Western,29.1,247.47481665199953,689.0,1.25,28.692041219393367
2026-10-04T14:00:00+05:30,Colombo_Western,29.0,250.20906090620105,663.0,1.14,32.166913172966176
2026-10-04T14:15:00+05:30,Colombo_Western,28.9,252.42831629416662,634.0,1.01,35.69615734483818
2026-10-04T14:30:00+05:30,Colombo_Western,28.8,254.26669383916845,603.0,0.87,39.2650958056147
2026-10-04T14:45:00+05:30,Colombo_Western,28.6,255.81690651176376,569.0,0.75,42.863794980634744
2026-10-04T15:00:00+05:30,Colombo_Western,28.5,257.1446748054582,532.0,0.64,46.48532331102245
2026-10-04T15:15:00+05:30,Colombo_Western,28.4,258.29768819884544,494.0,0.5,50.1247114405206
2026-10-04T15:30:00+05:30,Colombo_Western,28.2,259.31130261498976,454.0,0.43,53.778311901105525
2026-10-04T15:45:00+05:30,Colombo_Western,28.1,260.2122478545379,412.0,0.4,57.44339048349239
2026-10-04T16:00:00+05:30,Colombo_Western,27.9,261.0210969546337,368.0,0.38,61.11785854932744
2026-10-04T16:15:00+05:30,Colombo_Western,27.8,261.7539479639982,322.0,0.43,64.80009457627517
2026-10-04T16:30:00+05:30,Colombo_Western,27.6,262.4235929279458,276.0,0.53,68.48882035933508
2026-10-04T16:45:00+05:30,Colombo_Western,27.5,263.0403467834689,228.0,0.61,72.18301398299397
2026-10-04T17:00:00+05:30,Colombo_Western,27.4,263.61264641802296,179.0,0.69,75.88184892526506
2026-10-04T17:15:00+05:30,Colombo_Western,27.3,264.1474911785796,129.0,0.78,79.58464852303771
2026-10-04T17:30:00+05:30,Colombo_Western,27.2,264.6507729896123,80.0,0.87,83.29085215575938
2026-10-04T17:45:00+05:30,Colombo_Western,27.1,265.12752880088465,39.0,0.92,86.99999120852924
2026-10-04T18:00:00+05:30,Colombo_Western,27.0,265.58213759076,8.0,0.97,90.71166948758349
2026-10-04T18:15:00+05:30,Colombo_Western,26.9,266.0184783542294,0.0,1.01,94.42554793777713
2026-10-04T18:30:00+05:30,Colombo_Western,26.8,266.4400612072022,0.0,1.06,98.14133400339995
2026-10-04T18:45:00+05:30,Colombo_Western,26.7,266.8501405441365,0.0,1.11,101.85877179201542
2026-10-04T19:00:00+05:30,Colombo_Western,26.6,267.25181819695734,0.0,1.15,105.57763390833945
2026-10-04T19:15:00+05:30,Colombo_Western,26.4,267.64814385429304,0.0,1.17,109.29771596119387
2026-10-04T19:30:00+05:30,Colombo_Western,26.3,268.0422197484922,0.0,1.22,113.01883034558945
2026-10-04T19:45:00+05:30,Colombo_Western,26.2,268.43731832782174,0.0,1.22,116.74080042690616
2026-10-04T20:00:00+05:30,Colombo_Western,26.1,268.8370241520487,0.0,1.28,120.4634562523156
2026-10-04T20:15:00+05:30,Colombo_Western,26.0,269.2454153279952,0.0,1.28,124.18662835911728
2026-10-04T20:30:00+05:30,Colombo_Western,25.9,269.6673081075335,0.0,1.28,127.91014061299825
2026-10-04T20:45:00+05:30,Colombo_Western,25.8,270.10860182550834,0.0,1.28,131.63380273411053
2026-10-04T21:00:00+05:30,Colombo_Western,25.7,270.57678476164097,0.0,1.33,135.35739820885343
2026-09-27T21:15:00+05:30,Polonnaruwa_NorthCentral,28.9,276.4818080809963,0.0,4.23,139.2306529668461
2026-09-27T21:30:00+05:30,Polonnaruwa_NorthCentral,28.9,277.55599871656693,0.0,4.32,142.9184048102134
2026-09-27T21:45:00+05:30,Polonnaruwa_NorthCentral,28.8,278.81630067517204,0.0,4.24,146.59623556925186
2026-09-27T22:00:00+05:30,Polonnaruwa_NorthCentral,28.8,280.3328456248795,0.0,4.1,150.2603079630381
2026-09-27T22:15:00+05:30,Polonnaruwa_NorthCentral,28.8,282.21375925677245,0.0,3.98,153.90467433742913
2026-09-27T22:30:00+05:30,Polonnaruwa_NorthCentral,28.7,284.63439860535226,0.0,3.88,157.51960030343474
2026-09-27T22:45:00+05:30,Polonnaruwa_NorthCentral,28.6,287.8970989998568,0.0,3.76,161.08804905025136
2026-09-27T23:00:00+05:30,Polonnaruwa_NorthCentral,28.5,292.5630488990285,0.0,3.62,164.57757961522248
2026-09-27T23:15:00+05:30,Polonnaruwa_NorthCentral,28.4,299.76555275862626,0.0,3.49,167.9194645092531
2026-09-27T23:30:00+05:30,Polonnaruwa_NorthCentral,28.3,311.95704557824376,0.0,3.41,170.948519742482
2026-09-27T23:45:00+05:30,Polonnaruwa_NorthCentral,28.3,333.9255549103664,0.0,3.4,173.23076521187784
2026-09-28T00:00:00+05:30,Polonnaruwa_NorthCentral,28.2,7.310625432373968,0.0,3.45,173.86650148187243
2026-09-28T00:15:00+05:30,Polonnaruwa_NorthCentral,28.2,36.809385036664594,0.0,3.52,172.4289405410628
2026-09-28T00:30:00+05:30,Polonnaruwa_NorthCentral,28.1,54.04588088497303,0.0,3.59,169.75671325810345
2026-09-28T00:45:00+05:30,Polonnaruwa_NorthCentral,28.1,63.74916517189001,0.0,3.62,166.56758265367228
2026-09-28T01:00:00+05:30,Polonnaruwa_NorthCentral,28.0,69.70968760990138,0.0,3.65,163.15266075430566
2026-09-28T01:15:00+05:30,Polonnaruwa_NorthCentral,27.9,73.7041026808788,0.0,3.64,159.62525691593578
2026-09-28T01:30:00+05:30,Polonnaruwa_NorthCentral,27.8,76.57195012264697,0.0,3.69,156.0350879045793
2026-09-28T01:45:00+05:30,Polonnaruwa_NorthCentral,27.8,78.74393061523847,0.0,3.75,152.4067480578206
2026-09-28T02:00:00+05:30,Polonnaruwa_NorthCentral,27.7,80.45962921230307,0.0,3.77,148.75364332429746
2026-09-28T02:15:00+05:30,Polonnaruwa_NorthCentral,27.7,81.86176494298718,0.0,3.83,145.08366332839128
2026-09-28T02:30:00+05:30,Polonnaruwa_NorthCentral,27.6,83.0403007082125,0.0,3.86,141.40174553542371
2026-09-28T02:45:00+05:30,Polonnaruwa_NorthCentral,27.6,84.05467377377755,0.0,3.87,137.71113856885253
2026-09-28T03:00:00+05:30,Polonnaruwa_NorthCentral,27.5,84.94574437848684,0.0,3.83,134.01407252762272
2026-09-28T03:15:00+05:30,Polonnaruwa_NorthCentral,27.5,85.74258173744192,0.0,3.85,130.31213612098495
2026-09-28T03:30:00+05:30,Polonnaruwa_NorthCentral,27.5,86.46650436691374,0.0,3.8,126.60649834992422
2026-09-28T03:45:00+05:30,Polonnaruwa_NorthCentral,27.4,87.13358540340772,0.0,3.74,122.89804645657534
2026-09-28T04:00:00+05:30,Polonnaruwa_NorthCentral,27.4,87.7562631136181,0.0,3.67,119.18747456432769
2026-09-28T04:15:00+05:30,Polonnaruwa_NorthCentral,27.4,88.34441049349067,0.0,3.6,115.47534120383003
2026-09-28T04:30:00+05:30,Polonnaruwa_NorthCentral,27.3,88.90606705442218,0.0,3.54,111.76210997901241
2026-09-28T04:45:00+05:30,Polonnaruwa_NorthCentral,27.3,89.44795466814878,0.0,3.53,108.04817858958586
2026-09-28T05:00:00+05:30,Polonnaruwa_NorthCentral,27.2,89.97585273262348,0.0,3.52,104.33389884396155
2026-09-28T05:15:00+05:30,Polonnaruwa_NorthCentral,27.2,90.49488012328032,0.0,3.51,100.61959330905675
2026-09-28T05:30:00+05:30,Polonnaruwa_NorthCentral,27.2,91.00971583925468,0.0,3.51,96.90556886501523
2026-09-28T05:45:00+05:30,Polonnaruwa_NorthCentral,27.3,91.52478035279364,0.0,3.47,93.19212691793884
2026-09-28T06:00:00+05:30,Polonnaruwa_NorthCentral,27.3,92.04439310282106,0.0,3.43,89.47957419960274
2026-09-28T06:15:00+05:30,Polonnaruwa_NorthCentral,27.4,92.5729187398357,21.0,3.4,85.76823344007255
2026-09-28T06:30:00+05:30,Polonnaruwa_NorthCentral,27.7,93.11491301349355,60.0,3.32,82.05845314740851
2026-09-28T06:45:00+05:30,Polonnaruwa_NorthCentral,28.1,93.67527821671672,107.0,3.26,78.35062025078994
2026-09-28T07:00:00+05:30,Polonnaruwa_NorthCentral,28.7,94.25943961703638,163.0,3.2,74.64517500222283
2026-09-28T07:15:00+05:30,Polonnaruwa_NorthCentral,29.4,94.87355664265908,221.0,3.16,70.94262779936756
2026-09-28T07:30:00+05:30,Polonnaruwa_NorthCentral,30.0,95.52478598606592,282.0,3.11,67.24358245264432
2026-09-28T07:45:00+05:30,Polonnaruwa_NorthCentral,30.5,96.22162104223185,344.0,3.11,63.548766585520255
2026-09-28T08:00:00+05:30,Polonnaruwa_NorthCentral,31.1,96.97434265630284,407.0,3.18,59.85907085955537
2026-09-28T08:15:00+05:30,Polonnaruwa_NorthCentral,31.6,97.79563189208312,469.0,3.19,56.17560475873451
2026-09-28T08:30:00+05:30,Polonnaruwa_NorthCentral,32.1,98.70142274240561,530.0,3.24,52.49977474485424
2026-09-28T08:45:00+05:30,Polonnaruwa_NorthCentral,32.7,99.71211606471331,587.0,3.27,48.83339482069772
2026-09-28T09:00:00+05:30,Polonnaruwa_NorthCentral,33.2,100.85434694927505,640.0,3.29,45.17885109462906
2026-09-28T09:15:00+05:30,Polonnaruwa_NorthCentral,33.7,102.16362146980947,685.0,3.29,41.53934990891674
2026-09-28T09:30:00+05:30,Polonnaruwa_NorthCentral,34.1,103.68835441336671,720.0,3.25,37.91930149483298
2026-09-28T09:45:00+05:30,Polonnaruwa_NorthCentral,34.4,105.49622528278837,747.0,3.18,34.324937263547895
2026-09-28T10:00:00+05:30,Polonnaruwa_NorthCentral,34.7,107.68448341614078,772.0,3.09,30.765335341173888
2026-09-28T10:15:00+05:30,Polonnaruwa_NorthCentral,34.8,110.39716339285644,802.0,2.97,27.254192180050786
2026-09-28T10:30:00+05:30,Polonnaruwa_NorthCentral,35.1,113.8546239285638,836.0,2.89,23.813023807733217
2026-09-28T10:45:00+05:30,Polonnaruwa_NorthCentral,35.4,118.4049764809887,870.0,2.8,20.47720881469141
2026-09-28T11:00:00+05:30,Polonnaruwa_NorthCentral,35.7,124.6114658959234,900.0,2.67,17.30783927790776
2026-09-28T11:15:00+05:30,Polonnaruwa_NorthCentral,36.0,133.37881252012835,921.0,2.59,14.415189237994284
2026-09-28T11:30:00+05:30,Polonnaruwa_NorthCentral,36.3,146.00630272037023,934.0,2.58,12.001112980149742
2026-09-28T11:45:00+05:30,Polonnaruwa_NorthCentral,36.5,163.57335155509372,941.0,2.6,10.40429965525118
2026-09-28T12:00:00+05:30,Polonnaruwa_NorthCentral,36.8,184.7240159161925,943.0,2.62,10.023300095509
2026-09-28T12:15:00+05:30,Polonnaruwa_NorthCentral,37.0,204.7157764957478,942.0,2.72,10.985364712821067
2026-09-28T12:30:00+05:30,Polonnaruwa_NorthCentral,37.0,220.04276217307063,939.0,2.97,12.995552026460516
2026-09-28T12:45:00+05:30,Polonnaruwa_NorthCentral,36.6,230.77946086035604,930.0,3.43,15.65517146022718
2026-09-28T13:00:00+05:30,Polonnaruwa_NorthCentral,36.1,238.27049200771393,909.0,4.06,18.688962718286902
2026-09-28T13:15:00+05:30,Polonnaruwa_NorthCentral,35.5,243.6526722717254,868.0,4.7,21.94223766911901
2026-09-28T13:30:00+05:30,Polonnaruwa_NorthCentral,35.0,247.66258324841664,806.0,5.07,25.330534657447842
2026-09-28T13:45:00+05:30,Polonnaruwa_NorthCentral,34.6,250.7543029903515,736.0,5.06,28.80620809348447
2026-09-28T14:00:00+05:30,Polonnaruwa_NorthCentral,34.4,253.21092238478084,673.0,4.8,32.341057140986095
2026-09-28T14:15:00+05:30,Polonnaruwa_NorthCentral,34.1,255.2141414443379,629.0,4.47,35.91756964723477
2026-09-28T14:30:00+05:30,Polonnaruwa_NorthCentral,33.8,256.88446410792875,604.0,4.36,39.524388823992524
2026-09-28T14:45:00+05:30,Polonnaruwa_NorthCentral,33.4,258.3043753521472,582.0,4.51,43.15386562054301
2026-09-28T15:00:00+05:30,Polonnaruwa_NorthCentral,32.9,259.5319992127859,547.0,4.8,46.80067544793034
2026-09-28T15:15:00+05:30,Polonnaruwa_NorthCentral,32.4,260.6093831978467,489.0,5.11,50.4610034137545
2026-09-28T15:30:00+05:30,Polonnaruwa_NorthCentral,32.0,261.5676761877469,411.0,5.21,54.13204727843338
2026-09-28T15:45:00+05:30,Polonnaruwa_NorthCentral,31.7,262.43045853321416,332.0,5.01,57.811701845150345
2026-09-28T16:00:00+05:30,Polonnaruwa_NorthCentral,31.5,263.2159425362959,266.0,4.67,61.498352924489936
2026-09-28T16:15:00+05:30,Polonnaruwa_NorthCentral,31.3,263.9384636677103,221.0,4.35,65.19074055327474
2026-09-28T16:30:00+05:30,Polonnaruwa_NorthCentral,31.2,264.6095146631393,193.0,4.1,68.88786384889865
2026-09-28T16:45:00+05:30,Polonnaruwa_NorthCentral,31.1,265.23847913536224,167.0,4.0,72.58891397940003
2026-09-28T17:00:00+05:30,Polonnaruwa_NorthCentral,31.1,265.8331639343106,138.0,3.96,76.29322737625479
2026-09-28T17:15:00+05:30,Polonnaruwa_NorthCentral,31.0,266.4001940655741,103.0,3.99,80.00025018903727
2026-09-28T17:30:00+05:30,Polonnaruwa_NorthCentral,30.9,266.9453133535295,67.0,4.06,83.70951151465391
2026-09-28T17:45:00+05:30,Polonnaruwa_NorthCentral,30.7,267.4736204201721,33.0,4.14,87.42060422172418
2026-09-28T18:00:00+05:30,Polonnaruwa_NorthCentral,30.3,267.98976034077606,6.0,4.31,91.13316853338118
2026-09-28T18:15:00+05:30,Polonnaruwa_NorthCentral,30.0,268.49808763659655,0.0,4.5,94.84687852793536
2026-09-28T18:30:00+05:30,Polonnaruwa_NorthCentral,29.7,269.0028129472106,0.0,4.61,98.56143205047222
2026-09-28T18:45:00+05:30,Polonnaruwa_NorthCentral,29.4,269.50814341477076,0.0,4.62,102.27654025301133
2026-09-28T19:00:00+05:30,Polonnaruwa_NorthCentral,29.2,270.0184269994694,0.0,4.58,105.99191754421494
2026-09-28T19:15:00+05:30,Polonnaruwa_NorthCentral,29.0,270.53831173715525,0.0,4.5,109.7072727613415
2026-09-28T19:30:00+05:30,Polonnaruwa_NorthCentral,28.8,271.0729325772309,0.0,4.41,113.422297806498
2026-09-28T19:45:00+05:30,Polonnaruwa_NorthCentral,28.6,271.6281431917269,0.0,4.29,117.13665429300727
2026-09-28T20:00:00+05:30,Polonnaruwa_NorthCentral,28.6,272.21081720425167,0.0,4.22,120.84995840868713
2026-09-28T20:15:00+05:30,Polonnaruwa_NorthCentral,28.5,272.8292542460004,0.0,4.11,124.56175914059375
2026-09-28T20:30:00+05:30,Polonnaruwa_NorthCentral,28.4,273.4937461333216,0.0,4.05,128.27150851151603
2026-09-28T20:45:00+05:30,Polonnaruwa_NorthCentral,28.4,274.21739116628066,0.0,4.05,131.97852081580277
2026-09-28T21:00:00+05:30,Polonnaruwa_NorthCentral,28.4,275.0173004749688,0.0,4.06,135.6819104233175
2026-09-28T21:15:00+05:30,Polonnaruwa_NorthCentral,28.3,275.916442912533,0.0,4.12,139.38049693006056
2026-09-28T21:30:00+05:30,Polonnaruwa_NorthCentral,28.3,276.94656557137847,0.0,4.13,143.07265645026334
2026-09-28T21:45:00+05:30,Polonnaruwa_NorthCentral,28.2,278.15299807454755,0.0,4.13,146.7560737116817
2026-09-28T22:00:00+05:30,Polonnaruwa_NorthCentral,28.1,279.60291535287126,0.0,4.13,150.42731308685583
2026-09-28T22:15:00+05:30,Polonnaruwa_NorthCentral,28.0,281.4003065198261,0.0,4.12,154.08103550748007
2026-09-28T22:30:00+05:30,Polonnaruwa_NorthCentral,27.9,283.7148062404014,0.0,4.12,157.70846510156593
2026-09-28T22:45:00+05:30,Polonnaruwa_NorthCentral,27.8,286.8414147060744,0.0,4.12,161.2941400189569
2026-09-28T23:00:00+05:30,Polonnaruwa_NorthCentral,27.7,291.3350922492022,0.0,4.12,164.80830729404195
2026-09-28T23:15:00+05:30,Polonnaruwa_NorthCentral,27.6,298.34193829623644,0.0,4.12,168.18681891737998
2026-09-28T23:30:00+05:30,Polonnaruwa_NorthCentral,27.6,310.44490351385775,0.0,4.08,171.27056253708164
2026-09-28T23:45:00+05:30,Polonnaruwa_NorthCentral,27.5,333.08551467934205,0.0,3.99,173.61683892723917
2026-09-29T00:00:00+05:30,Polonnaruwa_NorthCentral,27.5,8.633247023719605,0.0,3.9,174.24005044430868
2026-09-29T00:15:00+05:30,Polonnaruwa_NorthCentral,27.5,39.156463381998265,0.0,3.78,172.68564944348827
2026-09-29T00:30:00+05:30,Polonnaruwa_NorthCentral,27.5,56.1150028054152,0.0,3.69,169.91477629568334
2026-09-29T00:45:00+05:30,Polonnaruwa_NorthCentral,27.4,65.41526335137524,0.0,3.59,166.66542163665017
2026-09-29T01:00:00+05:30,Polonnaruwa_NorthCentral,27.4,71.0687923642713,0.0,3.42,163.21326775345204
2026-09-29T01:15:00+05:30,Polonnaruwa_NorthCentral,27.3,74.84305697803927,0.0,3.36,159.66141969901145
2026-09-29T01:30:00+05:30,Polonnaruwa_NorthCentral,27.2,77.55065165969324,0.0,3.3,156.05430663568092
2026-09-29T01:45:00+05:30,Polonnaruwa_NorthCentral,27.2,79.60279821143615,0.0,3.33,152.41371348119716
2026-09-29T02:00:00+05:30,Polonnaruwa_NorthCentral,27.1,81.22654043522226,0.0,3.46,148.75146019683208
2026-09-29T02:15:00+05:30,Polonnaruwa_NorthCentral,27.0,82.55653701615836,0.0,3.61,145.0744866354325
2026-09-29T02:30:00+05:30,Polonnaruwa_NorthCentral,27.0,83.67744824263178,0.0,3.7,141.38713179929422
2026-09-29T02:45:00+05:30,Polonnaruwa_NorthCentral,26.9,84.64512324652264,0.0,3.8,137.6922508324615
2026-09-29T03:00:00+05:30,Polonnaruwa_NorthCentral,26.9,85.49792730340221,0.0,3.91,133.99180588069805
2026-09-29T03:15:00+05:30,Polonnaruwa_NorthCentral,26.9,86.26315185132967,0.0,3.96,130.2871978525027
2026-09-29T03:30:00+05:30,Polonnaruwa_NorthCentral,26.8,86.96082151818666,0.0,4.02,126.57946103825422
2026-09-29T03:45:00+05:30,Polonnaruwa_NorthCentral,26.8,87.60605080542689,0.0,4.02,122.8693843010264
2026-09-29T04:00:00+05:30,Polonnaruwa_NorthCentral,26.8,88.21055746066088,0.0,3.93,119.15758900001161
2026-09-29T04:15:00+05:30,Polonnaruwa_NorthCentral,26.8,88.78366711345063,0.0,3.88,115.44457947595022
2026-09-29T04:30:00+05:30,Polonnaruwa_NorthCentral,26.7,89.33300074999931,0.0,3.84,111.73077899436635
2026-09-29T04:45:00+05:30,Polonnaruwa_NorthCentral,26.7,89.86495982794315,0.0,3.84,108.01655554162825
2026-09-29T05:00:00+05:30,Polonnaruwa_NorthCentral,26.6,90.38507987184886,0.0,3.84,104.30223962794534
2026-09-29T05:15:00+05:30,Polonnaruwa_NorthCentral,26.5,90.89829720779034,0.0,3.84,100.58813941837322
2026-09-29T05:30:00+05:30,Polonnaruwa_NorthCentral,26.5,91.4091589134751,0.0,3.84,96.8745532733082
2026-09-29T05:45:00+05:30,Polonnaruwa_NorthCentral,26.5,91.92199680279907,0.0,3.8,93.16177932512615
2026-09-29T06:00:00+05:30,Polonnaruwa_NorthCentral,26.6,92.44108011971434,0.0,3.81,89.45012594481868
2026-09-29T06:15:00+05:30,Polonnaruwa_NorthCentral,26.8,92.97075906271402,21.0,3.79,85.73992234283854
2026-09-29T06:30:00+05:30,Polonnaruwa_NorthCentral,27.1,93.5156097616325,58.0,3.77,82.0315285273146
2026-09-29T06:45:00+05:30,Polonnaruwa_NorthCentral,27.5,94.08059052008258,102.0,3.78,78.32534837444211
2026-09-29T07:00:00+05:30,Polonnaruwa_NorthCentral,28.1,94.67122079812123,152.0,3.83,74.62184525552323
2026-09-29T07:15:00+05:30,Polonnaruwa_NorthCentral,28.7,95.29379690930784,206.0,3.89,70.92155992892441
2026-09-29T07:30:00+05:30,Polonnaruwa_NorthCentral,29.3,95.95566196538772,263.0,3.94,67.22513532625283
2026-09-29T07:45:00+05:30,Polonnaruwa_NorthCentral,29.9,96.66555507957662,324.0,3.9,63.53334906773435
2026-09-29T08:00:00+05:30,Polonnaruwa_NorthCentral,30.4,97.43407569112662,385.0,3.8,59.84715562403436
2026-09-29T08:15:00+05:30,Polonnaruwa_NorthCentral,30.9,98.2743149863453,446.0,3.74,56.1677461936534
2026-09-29T08:30:00+05:30,Polonnaruwa_NorthCentral,31.4,99.20273413897968,506.0,3.7,52.49663262437998
2026-09-29T08:45:00+05:30,Polonnaruwa_NorthCentral,31.9,100.24041315966969,562.0,3.74,48.83576619973279
2026-09-29T09:00:00+05:30,Polonnaruwa_NorthCentral,32.4,101.4148658563422,615.0,3.9,45.18771413521088
2026-09-29T09:15:00+05:30,Polonnaruwa_NorthCentral,32.9,102.76274085117586,665.0,4.0,41.555925317266265
2026-09-29T09:30:00+05:30,Polonnaruwa_NorthCentral,33.3,104.33394381187674,707.0,4.06,37.945140455051494
2026-09-29T09:45:00+05:30,Polonnaruwa_NorthCentral,33.8,106.1980969408819,744.0,4.03,34.3620499850501
2026-09-29T10:00:00+05:30,Polonnaruwa_NorthCentral,34.2,108.45494632171301,778.0,4.0,30.816382838756667
2026-09-29T10:15:00+05:30,Polonnaruwa_NorthCentral,34.5,111.25159389752065,813.0,3.95,27.322777168197177
2026-09-29T10:30:00+05:30,Polonnaruwa_NorthCentral,34.9,114.81167648166007,847.0,3.92,23.904134191971806
2026-09-29T10:45:00+05:30,Polonnaruwa_NorthCentral,35.2,119.48511344870565,879.0,3.94,20.59787586484927
2026-09-29T11:00:00+05:30,Polonnaruwa_NorthCentral,35.6,125.82953129641311,907.0,3.92,17.46799539484205
2026-09-29T11:15:00+05:30,Polonnaruwa_NorthCentral,35.9,134.71807917559187,930.0,3.98,14.628208096873252
2026-09-29T11:30:00+05:30,Polonnaruwa_NorthCentral,35.8,147.34727703322523,953.0,4.07,12.281475939719769
2026-09-29T11:45:00+05:30,Polonnaruwa_NorthCentral,35.1,164.58861490760387,970.0,4.24,10.755572366878823
2026-09-29T12:00:00+05:30,Polonnaruwa_NorthCentral,34.1,185.010854849826,969.0,4.44,10.417681895498148
2026-09-29T12:15:00+05:30,Polonnaruwa_NorthCentral,33.1,204.28606719112713,941.0,4.64,11.374186910235593
2026-09-29T12:30:00+05:30,Polonnaruwa_NorthCentral,32.5,219.24913284982705,887.0,4.62,13.3496915550744
2026-09-29T12:45:00+05:30,Polonnaruwa_NorthCentral,32.8,229.89000015525647,816.0,4.25,15.970409430716273
2026-09-29T13:00:00+05:30,Polonnaruwa_NorthCentral,33.6,237.40133981634,739.0,3.6,18.970776353757643
2026-09-29T13:15:00+05:30,Polonnaruwa_NorthCentral,34.3,242.8409156302657,662.0,3.08,22.19734485362045
2026-09-29T13:30:00+05:30,Polonnaruwa_NorthCentral,34.3,246.91448882288768,578.0,2.8,25.564577047605567
2026-09-29T13:45:00+05:30,Polonnaruwa_NorthCentral,33.3,250.0656391207301,493.0,3.01,29.023519789079785
2026-09-29T14:00:00+05:30,Polonnaruwa_NorthCentral,31.7,252.5745738238208,416.0,3.49,32.54490613990235
2026-09-29T14:15:00+05:30,Polonnaruwa_NorthCentral,29.9,254.62280919752573,352.0,4.04,36.110431799534595
2026-09-29T14:30:00+05:30,Polonnaruwa_NorthCentral,28.8,256.33153237501034,294.0,4.23,39.708164472268564
2026-09-29T14:45:00+05:30,Polonnaruwa_NorthCentral,28.4,257.7841060214773,246.0,3.82,43.33003644378323
2026-09-29T15:00:00+05:30,Polonnaruwa_NorthCentral,28.5,259.03949071224713,213.0,3.15,46.97041545758158
2026-09-29T15:15:00+05:30,Polonnaruwa_NorthCentral,28.8,260.14045856322554,202.0,2.75,50.62525753958703
2026-09-29T15:30:00+05:30,Polonnaruwa_NorthCentral,28.9,261.1187613207332,213.0,2.57,54.291587554063035
2026-09-29T15:45:00+05:30,Polonnaruwa_NorthCentral,29.0,261.99847141319134,227.0,2.21,57.96716813740755
2026-09-29T16:00:00+05:30,Polonnaruwa_NorthCentral,29.0,262.79819869756585,231.0,1.7,61.65028291697131
2026-09-29T16:15:00+05:30,Polonnaruwa_NorthCentral,29.1,263.532597549455,214.0,1.43,65.33959217374588
2026-09-29T16:30:00+05:30,Polonnaruwa_NorthCentral,29.1,264.21341458460324,187.0,1.42,69.03403232827355
2026-09-29T16:45:00+05:30,Polonnaruwa_NorthCentral,29.1,264.85023330732815,154.0,1.44,72.73274505002084
2026-09-29T17:00:00+05:30,Polonnaruwa_NorthCentral,29.0,265.4510151002106,121.0,1.48,76.43502766699103
2026-09-29T17:15:00+05:30,Polonnaruwa_NorthCentral,29.0,266.0225006832067,89.0,1.63,80.1402955817306
2026-09-29T17:30:00+05:30,Polonnaruwa_NorthCentral,28.9,266.5705155490613,58.0,1.67,83.84805401379953
2026-09-29T17:45:00+05:30,Polonnaruwa_NorthCentral,28.8,267.1002092018881,29.0,1.59,87.55787775284077
2026-09-29T18:00:00+05:30,Polonnaruwa_NorthCentral,28.7,267.6162487349593,5.0,1.42,91.26939399365213
2026-09-29T18:15:00+05:30,Polonnaruwa_NorthCentral,28.5,268.1229825089182,0.0,1.23,94.9822683475061
2026-09-29T18:30:00+05:30,Polonnaruwa_NorthCentral,28.4,268.6245862888318,0.0,1.17,98.69619449603316
2026-09-29T18:45:00+05:30,Polonnaruwa_NorthCentral,28.3,269.12520179751425,0.0,1.23,102.41088367378913
2026-09-29T19:00:00+05:30,Polonnaruwa_NorthCentral,28.3,269.629077732508,0.0,1.31,106.12605477871215
2026-09-29T19:15:00+05:30,Polonnaruwa_NorthCentral,28.2,270.14072394714924,0.0,1.4,109.84142593564559
2026-09-29T19:30:00+05:30,Polonnaruwa_NorthCentral,28.1,270.6650909579999,0.0,1.45,113.55670380508715
2026-09-29T19:45:00+05:30,Polonnaruwa_NorthCentral,27.9,271.20779144249775,0.0,1.45,117.27157126045532
2026-09-29T20:00:00+05:30,Polonnaruwa_NorthCentral,27.8,271.7753870811082,0.0,1.37,120.98567376659221
2026-09-29T20:15:00+05:30,Polonnaruwa_NorthCentral,27.6,272.37577452491087,0.0,1.3,124.69859979709867
2026-09-29T20:30:00+05:30,Polonnaruwa_NorthCentral,27.5,273.01872330775296,0.0,1.25,128.4098542593517
2026-09-29T20:45:00+05:30,Polonnaruwa_NorthCentral,27.4,273.7166498924555,0.0,1.13,132.11882239521861
2026-09-29T21:00:00+05:30,Polonnaruwa_NorthCentral,27.2,274.4857658849837,0.0,1.0,135.82471455276897
2026-09-29T21:15:00+05:30,Polonnaruwa_NorthCentral,27.1,275.34783759758153,0.0,0.96,139.52648196390774
2026-09-29T21:30:00+05:30,Polonnaruwa_NorthCentral,27.0,276.3329792360422,0.0,1.06,143.22268470345472
2026-09-29T21:45:00+05:30,Polonnaruwa_NorthCentral,26.9,277.4842645834648,0.0,1.3,146.91127077283375
2026-09-29T22:00:00+05:30,Polonnaruwa_NorthCentral,26.8,278.8656968454344,0.0,1.62,150.58919248379624
2026-09-29T22:15:00+05:30,Polonnaruwa_NorthCentral,26.6,280.5767404704887,0.0,1.93,154.25170284105667
2026-09-29T22:30:00+05:30,Polonnaruwa_NorthCentral,26.5,282.7805624627416,0.0,2.18,157.89096791890665
2026-09-29T22:45:00+05:30,Polonnaruwa_NorthCentral,26.3,285.7632949036821,0.0,2.34,161.49309696313497
2026-09-29T23:00:00+05:30,Polonnaruwa_NorthCentral,26.1,290.0703088345997,0.0,2.48,165.03108479657052
2026-09-29T23:15:00+05:30,Polonnaruwa_NorthCentral,26.0,296.8531327258531,0.0,2.62,168.4456858979227
2026-09-29T23:30:00+05:30,Polonnaruwa_NorthCentral,25.9,308.8160333082676,0.0,2.71,171.5851548250918
2026-09-29T23:45:00+05:30,Polonnaruwa_NorthCentral,25.8,332.13034515054375,0.0,2.79,174.00061734544113
2026-09-30T00:00:00+05:30,Polonnaruwa_NorthCentral,25.8,10.126010591097497,0.0,2.91,174.6100181879716
2026-09-30T00:15:00+05:30,Polonnaruwa_NorthCentral,25.8,41.66068142843312,0.0,3.0,172.92982680137874
2026-09-30T00:30:00+05:30,Polonnaruwa_NorthCentral,25.8,58.24171702411701,0.0,3.14,170.06029659445642
2026-09-30T00:45:00+05:30,Polonnaruwa_NorthCentral,25.9,67.10105170400703,0.0,3.34,166.75308644580826
2026-09-30T01:00:00+05:30,Polonnaruwa_NorthCentral,25.9,72.43453337846597,0.0,3.59,163.26581117107744
2026-09-30T01:15:00+05:30,Polonnaruwa_NorthCentral,26.0,75.98380414004885,0.0,3.84,159.69112589442182
2026-09-30T01:30:00+05:30,Polonnaruwa_NorthCentral,26.0,78.52923129483764,0.0,4.04,156.0682838941812
2026-09-30T01:45:00+05:30,Polonnaruwa_NorthCentral,26.1,80.460775657476,0.0,4.19,152.41637673713015
2026-09-30T02:00:00+05:30,Polonnaruwa_NorthCentral,26.1,81.99227565698726,0.0,4.24,148.74572077561814
2026-09-30T02:15:00+05:30,Polonnaruwa_NorthCentral,26.1,83.25005950406126,0.0,4.34,145.0623613444503
2026-09-30T02:30:00+05:30,Polonnaruwa_NorthCentral,26.2,84.31336719672925,0.0,4.34,141.3700761880373
2026-09-30T02:45:00+05:30,Polonnaruwa_NorthCentral,26.2,85.23440584244884,0.0,4.34,137.67135254014127
2026-09-30T03:00:00+05:30,Polonnaruwa_NorthCentral,26.2,86.04902028260233,0.0,4.25,133.96790259361458
2026-09-30T03:15:00+05:30,Polonnaruwa_NorthCentral,26.2,86.78271200040314,0.0,4.21,130.26095244330673
2026-09-30T03:30:00+05:30,Polonnaruwa_NorthCentral,26.2,87.45420600254704,0.0,4.12,126.55141126123752
2026-09-30T03:45:00+05:30,Polonnaruwa_NorthCentral,26.2,88.07765561952124,0.0,4.04,122.83997677505282
2026-09-30T04:00:00+05:30,Polonnaruwa_NorthCentral,26.2,88.66405714152239,0.0,4.01,119.12720316887489
2026-09-30T04:15:00+05:30,Polonnaruwa_NorthCentral,26.1,89.22218868103164,0.0,3.94,115.41354499489924
2026-09-30T04:30:00+05:30,Polonnaruwa_NorthCentral,26.1,89.7592529166659,0.0,3.87,111.69938871613282
2026-09-30T04:45:00+05:30,Polonnaruwa_NorthCentral,26.1,90.28133125579643,0.0,3.79,107.9850755127027
2026-09-30T05:00:00+05:30,Polonnaruwa_NorthCentral,26.0,90.79371574242003,0.0,3.67,104.27091703522271
2026-09-30T05:15:00+05:30,Polonnaruwa_NorthCentral,26.0,91.30116050957469,0.0,3.59,100.55720914365801
2026-09-30T05:30:00+05:30,Polonnaruwa_NorthCentral,26.0,91.80808099511682,0.0,3.52,96.84424352808402
2026-09-30T05:45:00+05:30,Polonnaruwa_NorthCentral,26.0,92.31872053484204,0.0,3.47,93.1323167237877
2026-09-30T06:00:00+05:30,Polonnaruwa_NorthCentral,26.0,92.83729823237968,0.0,3.49,89.42174030868436
2026-09-30T06:15:00+05:30,Polonnaruwa_NorthCentral,26.1,93.36814973538571,22.0,3.54,85.71285148402885
2026-09-30T06:30:00+05:30,Polonnaruwa_NorthCentral,26.4,93.91587126382774,62.0,3.54,82.00602325815439
2026-09-30T06:45:00+05:30,Polonnaruwa_NorthCentral,26.8,94.48547659477293,110.0,3.54,78.30167799910771
2026-09-30T07:00:00+05:30,Polonnaruwa_NorthCentral,27.4,95.0825785159941,166.0,3.6,74.60030383031483
2026-09-30T07:15:00+05:30,Polonnaruwa_NorthCentral,28.0,95.71360891216938,225.0,3.67,70.90247364939077
2026-09-30T07:30:00+05:30,Polonnaruwa_NorthCentral,28.6,96.38609536720611,286.0,3.72,67.20887149603467
2026-09-30T07:45:00+05:30,Polonnaruwa_NorthCentral,29.2,97.10901985202861,348.0,3.83,63.52032725747739
2026-09-30T08:00:00+05:30,Polonnaruwa_NorthCentral,29.7,97.89329618983032,410.0,3.97,59.837861861506056
2026-09-30T08:15:00+05:30,Polonnaruwa_NorthCentral,30.2,98.75241944076964,472.0,4.1,56.1627513601635
2026-09-30T08:30:00+05:30,Polonnaruwa_NorthCentral,30.6,99.70336856048937,532.0,4.24,52.4966167585582
2026-09-30T08:45:00+05:30,Polonnaruwa_NorthCentral,31.1,100.76788832394612,589.0,4.37,48.841551208201366
2026-09-30T09:00:00+05:30,Polonnaruwa_NorthCentral,31.5,101.97434876331204,644.0,4.52,45.200308640135255
2026-09-30T09:15:00+05:30,Polonnaruwa_NorthCentral,31.9,103.36050502012682,695.0,4.68,41.57658733842261
2026-09-30T09:30:00+05:30,Polonnaruwa_NorthCentral,32.3,104.9776943212263,742.0,4.75,37.975466759727425
2026-09-30T09:45:00+05:30,Polonnaruwa_NorthCentral,32.6,106.8973808755294,784.0,4.78,34.404105963826645
2026-09-30T10:00:00+05:30,Polonnaruwa_NorthCentral,32.9,109.2216309187445,821.0,4.8,30.872894716564844
2026-09-30T10:15:00+05:30,Polonnaruwa_NorthCentral,33.2,112.10029373648024,854.0,4.73,27.3974201048133
2026-09-30T10:30:00+05:30,Polonnaruwa_NorthCentral,33.5,115.75968813976493,884.0,4.71,24.00196338732607
2026-09-30T10:45:00+05:30,Polonnaruwa_NorthCentral,33.7,120.55042278330615,907.0,4.65,20.7259455438047
2026-09-30T11:00:00+05:30,Polonnaruwa_NorthCentral,34.0,127.02252356115355,924.0,4.6,17.63610665762262
2026-09-30T11:15:00+05:30,Polonnaruwa_NorthCentral,34.3,136.01500432805966,932.0,4.54,14.849178557123864
2026-09-30T11:30:00+05:30,Polonnaruwa_NorthCentral,34.5,148.6234449540363,931.0,4.43,12.568354893250913
2026-09-30T11:45:00+05:30,Polonnaruwa_NorthCentral,34.8,165.53405979398008,923.0,4.28,11.109878807330745
2026-09-30T12:00:00+05:30,Polonnaruwa_NorthCentral,35.1,185.27121364345084,911.0,4.07,10.811853765013424
2026-09-30T12:15:00+05:30,Polonnaruwa_NorthCentral,35.3,203.88007671537557,900.0,3.87,11.762823855321315
2026-09-30T12:30:00+05:30,Polonnaruwa_NorthCentral,35.5,218.49310960041683,886.0,3.81,13.705209188428725
2026-09-30T12:45:00+05:30,Polonnaruwa_NorthCentral,35.7,229.03255670337768,870.0,3.91,16.288090041496787
2026-09-30T13:00:00+05:30,Polonnaruwa_NorthCentral,35.7,236.5558426536418,854.0,4.1,19.255402499657905
2026-09-30T13:15:00+05:30,Polonnaruwa_NorthCentral,35.8,242.04620125606826,839.0,4.3,22.455233557717136
2026-09-30T13:30:00+05:30,Polonnaruwa_NorthCentral,35.7,246.17880774970916,828.0,4.4,25.801188022609807
2026-09-30T13:45:00+05:30,Polonnaruwa_NorthCentral,35.7,249.3862121613592,814.0,4.35,29.2431181788574
2026-09-30T14:00:00+05:30,Polonnaruwa_NorthCentral,35.7,251.9452572946756,793.0,4.2,32.75074329144863
2026-09-30T14:15:00+05:30,Polonnaruwa_NorthCentral,35.5,254.0369451769908,760.0,4.05,36.30498962570826
2026-09-30T14:30:00+05:30,Polonnaruwa_NorthCentral,35.1,255.78293274663923,719.0,3.96,39.89335828336198
2026-09-30T14:45:00+05:30,Polonnaruwa_NorthCentral,34.3,257.2673235434089,672.0,3.95,43.50736547122894
2026-09-30T15:00:00+05:30,Polonnaruwa_NorthCentral,33.3,258.54982588516333,621.0,4.05,47.14107103073149
2026-09-30T15:15:00+05:30,Polonnaruwa_NorthCentral,32.2,259.67387774001855,568.0,4.23,50.790200489576954
2026-09-30T15:30:00+05:30,Polonnaruwa_NorthCentral,31.5,260.67179399316086,512.0,4.37,54.45160398230398
2026-09-30T15:45:00+05:30,Polonnaruwa_NorthCentral,31.2,261.56811169212517,455.0,4.47,58.12291007531162
2026-09-30T16:00:00+05:30,Polonnaruwa_NorthCentral,31.1,262.381818853837,396.0,4.55,61.802298391935466
2026-09-30T16:15:00+05:30,Polonnaruwa_NorthCentral,31.2,263.12787476301503,335.0,4.62,65.48834777519336
2026-09-30T16:30:00+05:30,Polonnaruwa_NorthCentral,31.2,263.8182695954639,274.0,4.52,69.1799304101494
2026-09-30T16:45:00+05:30,Polonnaruwa_NorthCentral,31.1,264.4627789652104,216.0,4.22,72.87613706232989
2026-09-30T17:00:00+05:30,Polonnaruwa_NorthCentral,31.0,265.0695127755632,162.0,3.73,76.57622466537006
2026-09-30T17:15:00+05:30,Polonnaruwa_NorthCentral,30.8,265.6453226860432,114.0,3.09,80.27957667213225
2026-09-30T17:30:00+05:30,Polonnaruwa_NorthCentral,30.4,266.19611194055807,71.0,2.29,83.98567328607741
2026-09-30T17:45:00+05:30,Polonnaruwa_NorthCentral,29.6,266.7270775842943,34.0,1.24,87.69407011570576
2026-09-30T18:00:00+05:30,Polonnaruwa_NorthCentral,28.6,267.2429057448678,5.0,0.97,91.40438023788045
2026-09-30T18:15:00+05:30,Polonnaruwa_NorthCentral,27.5,267.7479358136279,0.0,2.17,95.1162596954522
2026-09-30T18:30:00+05:30,Polonnaruwa_NorthCentral,26.7,268.2463058797917,0.0,3.08,98.82939685775804
2026-09-30T18:45:00+05:30,Polonnaruwa_NorthCentral,26.1,268.74208928560927,0.0,3.45,102.54350182027675
2026-09-30T19:00:00+05:30,Polonnaruwa_NorthCentral,25.7,269.23943215623655,0.0,3.4,106.2582966360839
2026-09-30T19:15:00+05:30,Polonnaruwa_NorthCentral,25.5,269.74270227401524,0.0,3.18,109.97350722731632
2026-09-30T19:30:00+05:30,Polonnaruwa_NorthCentral,25.3,270.2566609527842,0.0,2.84,113.68885331236218
2026-09-30T19:45:00+05:30,Polonnaruwa_NorthCentral,25.2,270.78667380401953,0.0,2.27,117.40403704313933
2026-09-30T20:00:00+05:30,Polonnaruwa_NorthCentral,25.2,271.3389825854699,0.0,1.52,121.11873081135346
2026-09-30T20:15:00+05:30,Polonnaruwa_NorthCentral,25.2,271.9210701720715,0.0,0.93,124.8325597426433
2026-09-30T20:30:00+05:30,Polonnaruwa_NorthCentral,25.3,272.54216879821485,0.0,0.81,128.54507814544397
2026-09-30T20:45:00+05:30,Polonnaruwa_NorthCentral,25.3,273.2139916147903,0.0,0.79,132.25573786823537
2026-09-30T21:00:00+05:30,Polonnaruwa_NorthCentral,25.3,273.95181908288066,0.0,0.69,135.96383974202206
2026-09-30T21:15:00+05:30,Polonnaruwa_NorthCentral,25.2,274.77616690362544,0.0,0.54,139.66845958057255
2026-09-30T21:30:00+05:30,Polonnaruwa_NorthCentral,25.2,275.71544065247986,0.0,0.36,143.368332254106
2026-09-30T21:45:00+05:30,Polonnaruwa_NorthCentral,25.2,276.8103339182778,0.0,0.14,147.06165703238048
2026-09-30T22:00:00+05:30,Polonnaruwa_NorthCentral,25.2,278.1214640224372,0.0,0.25,150.745758470353
2026-09-30T22:15:00+05:30,Polonnaruwa_NorthCentral,25.2,279.74338061917274,0.0,0.47,154.41646166032112
2026-09-30T22:30:00+05:30,Polonnaruwa_NorthCentral,25.2,281.8320238068999,0.0,0.68,158.06685162286675
2026-09-30T22:45:00+05:30,Polonnaruwa_NorthCentral,25.2,284.66306325435573,0.0,0.74,161.68459241372386
2026-09-30T23:00:00+05:30,Polonnaruwa_NorthCentral,25.2,288.7686587625815,0.0,0.72,165.24546211660737
2026-09-30T23:15:00+05:30,Polonnaruwa_NorthCentral,25.1,295.2972307299284,0.0,0.69,168.6954013251438
2026-09-30T23:30:00+05:30,Polonnaruwa_NorthCentral,25.1,307.0602102150955,0.0,0.68,171.8913665663867
2026-09-30T23:45:00+05:30,Polonnaruwa_NorthCentral,25.1,331.0368925104684,0.0,0.71,174.3816112739991
2026-10-01T00:00:00+05:30,Polonnaruwa_NorthCentral,25.1,11.822738255011586,0.0,0.79,174.97567221967904
2026-10-01T00:15:00+05:30,Polonnaruwa_NorthCentral,25.1,44.32827538057154,0.0,0.89,173.1602315851427
2026-10-01T00:30:00+05:30,Polonnaruwa_NorthCentral,25.0,60.422484160720614,0.0,0.97,170.19282659573423
2026-10-01T00:45:00+05:30,Polonnaruwa_NorthCentral,25.0,68.80391448445016,0.0,1.0,166.83048611123536
2026-10-01T01:00:00+05:30,Polonnaruwa_NorthCentral,24.9,73.80535398071004,0.0,1.0,163.31032664793713
2026-10-01T01:15:00+05:30,Polonnaruwa_NorthCentral,24.9,77.12538238788818,0.0,0.95,159.71445809916355
2026-10-01T01:30:00+05:30,Polonnaruwa_NorthCentral,24.9,79.5070522281382,0.0,0.89,156.0771205454932
2026-10-01T01:45:00+05:30,Polonnaruwa_NorthCentral,24.9,81.31741221039289,0.0,0.78,152.41484574788353
2026-10-01T02:00:00+05:30,Polonnaruwa_NorthCentral,24.9,82.75649678527589,0.0,0.67,148.7365353472301
2026-10-01T02:15:00+05:30,Polonnaruwa_NorthCentral,24.9,83.94206612267698,0.0,0.55,145.04739805508382
2026-10-01T02:30:00+05:30,Polonnaruwa_NorthCentral,24.9,84.94783912976379,0.0,0.5,141.3506887081731
2026-10-01T02:45:00+05:30,Polonnaruwa_NorthCentral,24.9,85.82233619523282,0.0,0.5,137.64855271417326
2026-10-01T03:00:00+05:30,Polonnaruwa_NorthCentral,24.9,86.59886151007913,0.0,0.56,133.94247055446118
2026-10-01T03:15:00+05:30,Polonnaruwa_NorthCentral,24.9,87.30111756037627,0.0,0.62,130.23350660982206
2026-10-01T03:30:00+05:30,Polonnaruwa_NorthCentral,24.9,87.94652594212454,0.0,0.62,126.5224545758147
2026-10-01T03:45:00+05:30,Polonnaruwa_NorthCentral,24.9,88.54827752261531,0.0,0.62,122.80992831155683
2026-10-01T04:00:00+05:30,Polonnaruwa_NorthCentral,24.9,89.1166470158023,0.0,0.62,119.09642041629243
2026-10-01T04:15:00+05:30,Polonnaruwa_NorthCentral,24.9,89.65986541727739,0.0,0.56,115.38234005224344
2026-10-01T04:30:00+05:30,Polonnaruwa_NorthCentral,24.8,90.18471769154024,0.0,0.5,111.66804041229621
2026-10-01T04:45:00+05:30,Polonnaruwa_NorthCentral,24.8,90.69696581873598,0.0,0.4,107.95383876640129
2026-10-01T05:00:00+05:30,Polonnaruwa_NorthCentral,24.7,91.20165893200664,0.0,0.3,104.2400303348538
2026-10-01T05:15:00+05:30,Polonnaruwa_NorthCentral,24.6,91.70336944529436,0.0,0.25,100.52690075886684
2026-10-01T05:30:00+05:30,Polonnaruwa_NorthCentral,24.6,92.20638151063929,0.0,0.22,96.81473689581392
2026-10-01T05:45:00+05:30,Polonnaruwa_NorthCentral,24.7,92.71485020165926,0.0,0.25,93.10383535064327
2026-10-01T06:00:00+05:30,Polonnaruwa_NorthCentral,24.9,93.232944541128,0.0,0.3,89.39451245901762
2026-10-01T06:15:00+05:30,Polonnaruwa_NorthCentral,25.2,93.76498550181384,19.0,0.41,85.68711490799788
2026-10-01T06:30:00+05:30,Polonnaruwa_NorthCentral,25.4,94.31558904781821,55.0,0.46,81.98203019137345
2026-10-01T06:45:00+05:30,Polonnaruwa_NorthCentral,25.7,94.88982380388217,102.0,0.56,78.27970068965395
2026-10-01T07:00:00+05:30,Polonnaruwa_NorthCentral,26.0,95.49339489258887,158.0,0.66,74.58064088480103
2026-10-01T07:15:00+05:30,Polonnaruwa_NorthCentral,26.3,96.13286827901663,214.0,0.71,70.88545755764204
2026-10-01T07:30:00+05:30,Polonnaruwa_NorthCentral,26.7,96.81595383301556,269.0,0.81,67.19487779968355
2026-10-01T07:45:00+05:30,Polonnaruwa_NorthCentral,27.0,97.55187320082769,322.0,0.86,63.50978597804932
2026-10-01T08:00:00+05:30,Polonnaruwa_NorthCentral,27.4,98.35184994602616,375.0,0.96,59.83127204415736
2026-10-01T08:15:00+05:30,Polonnaruwa_NorthCentral,27.8,99.22977616472485,435.0,1.0,56.16069993382835
2026-10-01T08:30:00+05:30,Polonnaruwa_NorthCentral,28.2,100.20313838689333,500.0,1.05,52.49980343043965
2026-10-01T08:45:00+05:30,Polonnaruwa_NorthCentral,28.7,101.29433064424563,568.0,1.1,48.850821916668146
2026-10-01T09:00:00+05:30,Polonnaruwa_NorthCentral,29.2,102.5325551343833,633.0,1.1,45.21670131726527
2026-10-01T09:15:00+05:30,Polonnaruwa_NorthCentral,29.8,103.95663528498983,688.0,1.11,41.60139566471348
2026-10-01T09:30:00+05:30,Polonnaruwa_NorthCentral,30.3,105.61927746438346,734.0,1.11,38.01033064510373
2026-10-01T09:45:00+05:30,Polonnaruwa_NorthCentral,30.9,107.59368294913924,772.0,1.11,34.451142266087544
2026-10-01T10:00:00+05:30,Polonnaruwa_NorthCentral,31.5,109.9840561718633,805.0,1.07,30.934889033526666
2026-10-01T10:15:00+05:30,Polonnaruwa_NorthCentral,32.1,112.94266872779878,834.0,1.07,27.47811059767053
2026-10-01T10:30:00+05:30,Polonnaruwa_NorthCentral,32.7,116.69792780083787,857.0,1.02,24.106456903152818
2026-10-01T10:45:00+05:30,Polonnaruwa_NorthCentral,33.2,121.60005004795516,874.0,0.97,20.861293350586593
2026-10-01T11:00:00+05:30,Polonnaruwa_NorthCentral,33.6,128.1896438175434,889.0,0.96,17.81193865327296
2026-10-01T11:15:00+05:30,Polonnaruwa_NorthCentral,34.0,137.269561116121,905.0,0.91,15.077713053542823
2026-10-01T11:30:00+05:30,Polonnaruwa_NorthCentral,34.3,149.83726702766455,923.0,0.85,12.861237574772716
2026-10-01T11:45:00+05:30,Polonnaruwa_NorthCentral,34.5,166.41506129930224,939.0,0.84,11.466816743493851
2026-10-01T12:00:00+05:30,Polonnaruwa_NorthCentral,34.7,185.50739806914953,945.0,0.94,11.205677743626609
2026-10-01T12:15:00+05:30,Polonnaruwa_NorthCentral,34.8,203.49518758302855,934.0,1.1,12.151112282981074
2026-10-01T12:30:00+05:30,Polonnaruwa_NorthCentral,34.9,217.77179762405325,910.0,1.3,14.061815158588104
2026-10-01T12:45:00+05:30,Polonnaruwa_NorthCentral,34.9,228.20545343726607,876.0,1.59,16.607891923199503
2026-10-01T13:00:00+05:30,Polonnaruwa_NorthCentral,34.9,235.73318265152545,836.0,1.94,19.5425436024083
2026-10-01T13:15:00+05:30,Polonnaruwa_NorthCentral,34.8,241.26815498056078,793.0,2.27,22.715641004446468
2026-10-01T13:30:00+05:30,Polonnaruwa_NorthCentral,34.7,245.4553819203773,747.0,2.55,26.040135477785604
2026-10-01T13:45:00+05:30,Polonnaruwa_NorthCentral,34.6,248.7159701995315,697.0,2.79,29.46479519019556
2026-10-01T14:00:00+05:30,Polonnaruwa_NorthCentral,34.4,251.32297453922448,640.0,2.97,32.95837879040099
2026-10-01T14:15:00+05:30,Polonnaruwa_NorthCentral,34.1,253.45657902062595,574.0,3.06,36.50106719510742
2026-10-01T14:30:00+05:30,Polonnaruwa_NorthCentral,33.7,255.2387097150607,495.0,3.05,40.07980498076442
2026-10-01T14:45:00+05:30,Polonnaruwa_NorthCentral,33.2,256.7540804583117,416.0,2.9,43.685695727797736
2026-10-01T15:00:00+05:30,Polonnaruwa_NorthCentral,32.6,258.06306168640674,347.0,2.66,47.31249176009146
2026-10-01T15:15:00+05:30,Polonnaruwa_NorthCentral,32.0,259.20970013731323,297.0,2.34,50.955687129380884
2026-10-01T15:30:00+05:30,Polonnaruwa_NorthCentral,31.3,260.2268350199738,260.0,2.01,54.61195571622339
2026-10-01T15:45:00+05:30,Polonnaruwa_NorthCentral,30.5,261.1394410570896,230.0,1.71,58.27879034068973
2026-10-01T16:00:00+05:30,Polonnaruwa_NorthCentral,29.6,261.9668653287581,201.0,1.46,61.95426496360865
2026-10-01T16:15:00+05:30,Polonnaruwa_NorthCentral,28.8,262.7243582118709,172.0,1.5,65.63687542442558
2026-10-01T16:30:00+05:30,Polonnaruwa_NorthCentral,28.0,263.4241432349081,144.0,1.65,69.32542822313633
2026-10-01T16:45:00+05:30,Polonnaruwa_NorthCentral,27.3,264.0761804149847,117.0,1.92,73.01896188320043
2026-10-01T17:00:00+05:30,Polonnaruwa_NorthCentral,26.7,264.68872221811546,91.0,2.19,76.71669170055402
2026-10-01T17:15:00+05:30,Polonnaruwa_NorthCentral,26.1,265.2687265124743,64.0,2.49,80.41796801289091
2026-10-01T17:30:00+05:30,Polonnaruwa_NorthCentral,25.6,265.82217041537535,38.0,2.66,84.1222448927487
2026-10-01T17:45:00+05:30,Polonnaruwa_NorthCentral,25.3,266.35429521288086,17.0,2.75,87.82905768652476
2026-10-01T18:00:00+05:30,Polonnaruwa_NorthCentral,25.1,266.86980312778434,2.0,2.67,91.53800427451723
2026-10-01T18:15:00+05:30,Polonnaruwa_NorthCentral,25.0,267.3730218248147,0.0,2.59,95.24873003104236
2026-10-01T18:30:00+05:30,Polonnaruwa_NorthCentral,24.9,267.86804897879625,0.0,2.45,98.96091686487425
2026-10-01T18:45:00+05:30,Polonnaruwa_NorthCentral,24.9,268.3588866670166,0.0,2.27,102.67427250188956
2026-10-01T19:00:00+05:30,Polonnaruwa_NorthCentral,24.9,268.84957522871827,0.0,1.98,106.38852080030225
2026-10-01T19:15:00+05:30,Polonnaruwa_NorthCentral,25.0,269.3443366085704,0.0,1.73,110.10339396479878
2026-10-01T19:30:00+05:30,Polonnaruwa_NorthCentral,25.1,269.84773830321274,0.0,1.48,113.81862303243399
2026-10-01T19:45:00+05:30,Polonnaruwa_NorthCentral,25.1,270.36489298872414,0.0,1.24,117.53392740381263
2026-10-01T20:00:00+05:30,Polonnaruwa_NorthCentral,25.2,270.90171478394774,0.0,1.06,121.24900397496765
2026-10-01T20:15:00+05:30,Polonnaruwa_NorthCentral,25.2,271.4652623396412,0.0,0.85,124.9635115843312
2026-10-01T20:30:00+05:30,Polonnaruwa_NorthCentral,25.3,272.06421604017527,0.0,0.68,128.6770503157211
2026-10-01T20:45:00+05:30,Polonnaruwa_NorthCentral,25.3,272.70956487991117,0.0,0.54,132.38913407450133
2026-10-01T21:00:00+05:30,Polonnaruwa_NorthCentral,25.3,273.4156274131207,0.0,0.45,136.09914837237608
2026-10-01T21:15:00+05:30,Polonnaruwa_NorthCentral,25.2,274.2016218320708,0.0,0.38,139.80628608455999
2026-10-01T21:30:00+05:30,Polonnaruwa_NorthCentral,25.2,275.0941709191928,0.0,0.32,143.5094469835054
2026-10-01T21:45:00+05:30,Polonnaruwa_NorthCentral,25.2,276.1314657433003,0.0,0.25,147.20706842605193
2026-10-01T22:00:00+05:30,Polonnaruwa_NorthCentral,25.2,277.3705257645173,0.0,0.2,150.89682951954052
2026-10-01T22:15:00+05:30,Polonnaruwa_NorthCentral,25.2,278.90059635376866,0.0,0.15,154.57510390517604
2026-10-01T22:30:00+05:30,Polonnaruwa_NorthCentral,25.2,280.8696231748097,0.0,0.11,158.2358658718357
2026-10-01T22:45:00+05:30,Polonnaruwa_NorthCentral,25.2,283.54117016831333,0.0,0.07,161.8683046707511
2026-10-01T23:00:00+05:30,Polonnaruwa_NorthCentral,25.2,287.43032662885696,0.0,0.11,165.4509895033411
2026-10-01T23:15:00+05:30,Polonnaruwa_NorthCentral,25.1,293.67268079111597,0.0,0.1,168.9352787481842
2026-10-01T23:30:00+05:30,Polonnaruwa_NorthCentral,25.1,305.166804374806,0.0,0.1,172.18816846508503
2026-10-01T23:45:00+05:30,Polonnaruwa_NorthCentral,25.1,329.7759513564264,0.0,0.1,174.7592234388663
2026-10-02T00:00:00+05:30,Polonnaruwa_NorthCentral,25.1,13.766381646296963,0.0,0.11,175.3360928494735
2026-10-02T00:15:00+05:30,Polonnaruwa_NorthCentral,25.1,47.163710706310155,0.0,0.11,173.37555186476715
2026-10-02T00:30:00+05:30,Polonnaruwa_NorthCentral,25.0,62.65303185739873,0.0,0.14,170.3119583863162
2026-10-02T00:45:00+05:30,Polonnaruwa_NorthCentral,25.0,70.52109369347608,0.0,0.18,166.89756026139867
2026-10-02T01:00:00+05:30,Polonnaruwa_NorthCentral,25.0,75.17967826673049,0.0,0.21,163.34686800392979
2026-10-02T01:15:00+05:30,Polonnaruwa_NorthCentral,24.9,78.26683413860042,0.0,0.3,159.73150977600054
2026-10-02T01:30:00+05:30,Polonnaruwa_NorthCentral,24.9,80.48348469368523,0.0,0.35,156.08092414437917
2026-10-02T01:45:00+05:30,Polonnaruwa_NorthCentral,24.9,82.17226288190739,0.0,0.4,152.40923260133636
2026-10-02T02:00:00+05:30,Polonnaruwa_NorthCentral,24.8,83.51886969787631,0.0,0.45,148.72401673824243
2026-10-02T02:15:00+05:30,Polonnaruwa_NorthCentral,24.8,84.63229302413203,0.0,0.5,145.02970879256875
2026-10-02T02:30:00+05:30,Polonnaruwa_NorthCentral,24.8,85.58064684439756,0.0,0.5,141.32907998064803
2026-10-02T02:45:00+05:30,Polonnaruwa_NorthCentral,24.7,86.40872927531314,0.0,0.5,137.62396037283722
2026-10-02T03:00:00+05:30,Polonnaruwa_NorthCentral,24.7,87.14728882605039,0.0,0.45,133.91561715469948
2026-10-02T03:15:00+05:30,Polonnaruwa_NorthCentral,24.6,87.8182230199991,0.0,0.45,130.20496616530352
2026-10-02T03:30:00+05:30,Polonnaruwa_NorthCentral,24.5,88.43764815188717,0.0,0.4,126.49269529269557
2026-10-02T03:45:00+05:30,Polonnaruwa_NorthCentral,24.5,89.0177925471358,0.0,0.36,122.779341790333
2026-10-02T04:00:00+05:30,Polonnaruwa_NorthCentral,24.4,89.56821001955427,0.0,0.38,119.06534226125801
2026-10-02T04:15:00+05:30,Polonnaruwa_NorthCentral,24.3,90.09658538234629,0.0,0.34,115.35106486402515
2026-10-02T04:30:00+05:30,Polonnaruwa_NorthCentral,24.3,90.60928684347164,0.0,0.32,111.63683303982413
2026-10-02T04:45:00+05:30,Polonnaruwa_NorthCentral,24.3,91.11175782840837,0.0,0.32,107.92294303151732
2026-10-02T05:00:00+05:30,Polonnaruwa_NorthCentral,24.4,91.60880529905035,0.0,0.29,104.20967604426237
2026-10-02T05:15:00+05:30,Polonnaruwa_NorthCentral,24.4,92.10482053600356,0.0,0.34,100.4973095739857
2026-10-02T05:30:00+05:30,Polonnaruwa_NorthCentral,24.6,92.60395682725391,0.0,0.32,96.78612746984204
2026-10-02T05:45:00+05:30,Polonnaruwa_NorthCentral,24.8,93.11028123285365,0.0,0.32,93.07642805419137
2026-10-02T06:00:00+05:30,Polonnaruwa_NorthCentral,25.0,93.62791275471017,0.0,0.32,89.3685339593669
2026-10-02T06:15:00+05:30,Polonnaruwa_NorthCentral,25.3,94.16115753860026,20.0,0.27,85.66280283375652
2026-10-02T06:30:00+05:30,Polonnaruwa_NorthCentral,25.6,94.71465088852761,58.0,0.27,81.95963812098373
2026-10-02T06:45:00+05:30,Polonnaruwa_NorthCentral,25.9,95.293515559794,106.0,0.22,78.25950370989534
2026-10-02T07:00:00+05:30,Polonnaruwa_NorthCentral,26.3,95.90354788661335,162.0,0.25,74.56294201644891
2026-10-02T07:15:00+05:30,Polonnaruwa_NorthCentral,26.7,96.55144624488526,219.0,0.21,70.8705954128013
2026-10-02T07:30:00+05:30,Polonnaruwa_NorthCentral,27.0,97.24510036451056,273.0,0.18,67.18323593374373
2026-10-02T07:45:00+05:30,Polonnaruwa_NorthCentral,27.4,97.99396806301206,325.0,0.16,63.501804574803344
2026-10-02T08:00:00+05:30,Polonnaruwa_NorthCentral,27.7,98.80957756858731,378.0,0.16,59.827462793811044
2026-10-02T08:15:00+05:30,Polonnaruwa_NorthCentral,28.1,99.70621059288283,435.0,0.15,56.161665321143275
2026-10-02T08:30:00+05:30,Polonnaruwa_NorthCentral,28.5,100.70185023974193,497.0,0.16,52.506262172041815
2026-10-02T08:45:00+05:30,Polonnaruwa_NorthCentral,28.9,101.81952320106069,560.0,0.18,48.86364308498648
2026-10-02T09:00:00+05:30,Polonnaruwa_NorthCentral,29.3,103.08923827536597,620.0,0.21,45.236950904268625
2026-10-02T09:15:00+05:30,Polonnaruwa_NorthCentral,29.7,104.55084685563827,671.0,0.22,41.63040123192029
2026-10-02T09:30:00+05:30,Polonnaruwa_NorthCentral,30.1,106.25835917271081,713.0,0.27,38.04977263586152
2026-10-02T09:45:00+05:30,Polonnaruwa_NorthCentral,30.5,108.28660485876685,748.0,0.32,34.503185076571185
2026-10-02T10:00:00+05:30,Polonnaruwa_NorthCentral,31.0,110.74174019568363,777.0,0.41,31.002371545002525
2026-10-02T10:15:00+05:30,Polonnaruwa_NorthCentral,31.4,113.77813109148894,802.0,0.45,27.56482426585952
2026-10-02T10:30:00+05:30,Polonnaruwa_NorthCentral,31.7,117.62568621206611,821.0,0.5,24.217544478036217
2026-10-02T10:45:00+05:30,Polonnaruwa_NorthCentral,32.0,122.63319441505507,835.0,0.56,21.00377787270122
2026-10-02T11:00:00+05:30,Polonnaruwa_NorthCentral,32.3,129.3302045095263,845.0,0.62,17.9952419558674
2026-10-02T11:15:00+05:30,Polonnaruwa_NorthCentral,32.4,138.48189275316878,853.0,0.72,15.313419707516758
2026-10-02T11:30:00+05:30,Polonnaruwa_NorthCentral,32.5,150.9912335649651,861.0,0.82,13.159630959453338
2026-10-02T11:45:00+05:30,Polonnaruwa_NorthCentral,32.5,167.23649937030132,864.0,1.03,11.826011813026795
2026-10-02T12:00:00+05:30,Polonnaruwa_NorthCentral,32.4,185.72142321703944,860.0,1.25,11.599016443162753
2026-10-02T12:15:00+05:30,Polonnaruwa_NorthCentral,32.2,203.12911392441003,846.0,1.62,12.538893281812648
2026-10-02T12:30:00+05:30,Polonnaruwa_NorthCentral,32.0,217.08255564363012,822.0,1.98,14.419235130406676
2026-10-02T12:45:00+05:30,Polonnaruwa_NorthCentral,31.7,227.40709654733723,792.0,2.4,16.929506834424515
2026-10-02T13:00:00+05:30,Polonnaruwa_NorthCentral,31.4,234.93255636608205,757.0,2.84,19.83191019879743
2026-10-02T13:15:00+05:30,Polonnaruwa_NorthCentral,31.0,240.50639867327595,719.0,3.27,22.978309035101447
2026-10-02T13:30:00+05:30,Polonnaruwa_NorthCentral,30.7,244.74404666976403,680.0,3.67,26.281190019937732
2026-10-02T13:45:00+05:30,Polonnaruwa_NorthCentral,30.3,248.0548561110765,636.0,3.96,29.68834451046201
2026-10-02T14:00:00+05:30,Polonnaruwa_NorthCentral,30.0,250.70772399323045,588.0,4.21,33.16762415578545
2026-10-02T14:15:00+05:30,Polonnaruwa_NorthCentral,29.6,252.88173871189633,531.0,4.41,36.698489747375696
2026-10-02T14:30:00+05:30,Polonnaruwa_NorthCentral,29.3,254.6989073964795,464.0,4.4,40.26734045023482
2026-10-02T14:45:00+05:30,Polonnaruwa_NorthCentral,28.9,256.24442989224667,397.0,4.25,43.864871472182905
2026-10-02T15:00:00+05:30,Polonnaruwa_NorthCentral,28.6,257.579256380046,338.0,3.96,47.48452858574741
2026-10-02T15:15:00+05:30,Polonnaruwa_NorthCentral,28.3,258.74798702519644,293.0,3.56,51.121573806234764
2026-10-02T15:30:00+05:30,Polonnaruwa_NorthCentral,28.0,259.783947509357,259.0,3.11,54.772503540588325
2026-10-02T15:45:00+05:30,Polonnaruwa_NorthCentral,27.6,260.712523835267,229.0,2.56,58.43467339959813
2026-10-02T16:00:00+05:30,Polonnaruwa_NorthCentral,27.3,261.5534033743047,201.0,1.96,62.10605018312921
2026-10-02T16:15:00+05:30,Polonnaruwa_NorthCentral,26.9,262.3221139770475,172.0,1.32,65.78504527975322
2026-10-02T16:30:00+05:30,Polonnaruwa_NorthCentral,26.6,263.031102443795,144.0,0.79,69.47039814193694
2026-10-02T16:45:00+05:30,Polonnaruwa_NorthCentral,26.3,263.6905055735651,118.0,0.35,73.16109377755298
2026-10-02T17:00:00+05:30,Polonnaruwa_NorthCentral,26.1,264.30871250014394,91.0,0.39,76.85630465259354
2026-10-02T17:15:00+05:30,Polonnaruwa_NorthCentral,25.9,264.89278261987084,64.0,0.72,80.55534685842194
2026-10-02T17:30:00+05:30,Polonnaruwa_NorthCentral,25.7,265.44876309244376,38.0,1.0,84.25764725280834
2026-10-02T17:45:00+05:30,Polonnaruwa_NorthCentral,25.5,265.98193619026256,17.0,1.19,87.96271985365999
2026-10-02T18:00:00+05:30,Polonnaruwa_NorthCentral,25.4,266.4970173427821,2.0,1.3,91.6701462788255
2026-10-02T18:15:00+05:30,Polonnaruwa_NorthCentral,25.4,266.9983197891808,0.0,1.3,95.37956014041976
2026-10-02T18:30:00+05:30,Polonnaruwa_NorthCentral,25.3,267.48989812102474,0.0,1.3,99.0906357372681
2026-10-02T18:45:00+05:30,Polonnaruwa_NorthCentral,25.3,267.97568035189727,0.0,1.25,102.80307718850351
2026-10-02T19:00:00+05:30,Polonnaruwa_NorthCentral,25.3,268.45959792835765,0.0,1.15,106.51660879222081
2026-10-02T19:15:00+05:30,Polonnaruwa_NorthCentral,25.3,268.9457233258768,0.0,1.06,110.23096749685317
2026-10-02T19:30:00+05:30,Polonnaruwa_NorthCentral,25.3,269.43842578359596,0.0,0.97,113.94589388945406
2026-10-02T19:45:00+05:30,Polonnaruwa_NorthCentral,25.3,269.94255939722837,0.0,0.87,117.66112253556403
2026-10-02T20:00:00+05:30,Polonnaruwa_NorthCentral,25.4,270.4637032268539,0.0,0.83,121.37637234559448
2026-10-02T20:15:00+05:30,Polonnaruwa_NorthCentral,25.4,271.0084816456188,0.0,0.74,125.09133283500631
2026-10-02T20:30:00+05:30,Polonnaruwa_NorthCentral,25.4,271.58500917032984,0.0,0.69,128.8056460980232
2026-10-02T20:45:00+05:30,Polonnaruwa_NorthCentral,25.4,272.2035305245497,0.0,0.69,132.51888334596757
2026-10-02T21:00:00+05:30,Polonnaruwa_NorthCentral,25.3,272.8773726077808,0.0,0.69,136.23050866823732
2026-10-02T21:15:00+05:30,Polonnaruwa_NorthCentral,25.3,273.62441063018974,0.0,0.67,139.93982402991008
2026-10-02T21:30:00+05:30,Polonnaruwa_NorthCentral,25.3,274.4694124249536,0.0,0.67,143.6458834984388
2026-10-02T21:45:00+05:30,Polonnaruwa_NorthCentral,25.3,275.4479470001883,0.0,0.65,147.3473481679805
2026-10-02T22:00:00+05:30,Polonnaruwa_NorthCentral,25.3,276.61322759402395,0.0,0.7,151.04223201693802
2026-10-02T22:15:00+05:30,Polonnaruwa_NorthCentral,25.2,278.0488093551361,0.0,0.68,154.7274301104403
2026-10-02T22:30:00+05:30,Polonnaruwa_NorthCentral,25.2,279.8938740268745,0.0,0.67,158.39776945260905
2026-10-02T22:45:00+05:30,Polonnaruwa_NorthCentral,25.2,282.3982021178957,0.0,0.67,162.04392077151437
2026-10-02T23:00:00+05:30,Polonnaruwa_NorthCentral,25.2,286.0557485041321,0.0,0.66,165.64722149497288
2026-10-02T23:15:00+05:30,Polonnaruwa_NorthCentral,25.2,291.9783806053963,0.0,0.66,169.1646141718972
2026-10-02T23:30:00+05:30,Polonnaruwa_NorthCentral,25.1,303.12500408886206,0.0,0.66,172.47442534346467
2026-10-02T23:45:00+05:30,Polonnaruwa_NorthCentral,25.1,328.3102940640282,0.0,0.66,175.13271117681222
2026-10-03T00:00:00+05:30,Polonnaruwa_NorthCentral,25.1,16.011943378161163,0.0,0.61,175.6901044267684
2026-10-03T00:15:00+05:30,Polonnaruwa_NorthCentral,25.1,50.1689988130812,0.0,0.61,173.57442110844596
2026-10-03T00:30:00+05:30,Polonnaruwa_NorthCentral,25.0,64.92836369728343,0.0,0.56,170.41733123078467
2026-10-03T00:45:00+05:30,Polonnaruwa_NorthCentral,25.0,72.24971193468701,0.0,0.51,166.9542795615996
2026-10-03T01:00:00+05:30,Polonnaruwa_NorthCentral,25.0,76.55592013670412,0.0,0.47,163.37550621672068
2026-10-03T01:15:00+05:30,Polonnaruwa_NorthCentral,25.0,79.40720926392356,0.0,0.43,159.74238397680767
2026-10-03T01:30:00+05:30,Polonnaruwa_NorthCentral,24.9,81.4579070425441,0.0,0.38,156.07980763868994
2026-10-03T01:45:00+05:30,Polonnaruwa_NorthCentral,24.9,83.02488866306874,0.0,0.34,152.39965228594232
2026-10-03T02:00:00+05:30,Polonnaruwa_NorthCentral,24.9,84.27906411748859,0.0,0.34,148.7082790778215
2026-10-03T02:15:00+05:30,Polonnaruwa_NorthCentral,24.8,85.32047852923677,0.0,0.29,145.00940578931943
2026-10-03T02:30:00+05:30,Polonnaruwa_NorthCentral,24.8,86.21157406594631,0.0,0.29,141.3053600376137
2026-10-03T02:45:00+05:30,Polonnaruwa_NorthCentral,24.7,86.99340005664135,0.0,0.29,137.59768333759624
2026-10-03T03:00:00+05:30,Polonnaruwa_NorthCentral,24.6,87.69413938962168,0.0,0.27,133.88744810542872
2026-10-03T03:15:00+05:30,Polonnaruwa_NorthCentral,24.6,88.33388166882202,0.0,0.32,130.1754348404194
2026-10-03T03:30:00+05:30,Polonnaruwa_NorthCentral,24.5,88.9274378478193,0.0,0.3,126.46223529020548
2026-10-03T03:45:00+05:30,Polonnaruwa_NorthCentral,24.4,89.48607480861216,0.0,0.3,122.74831735758832
2026-10-03T04:00:00+05:30,Polonnaruwa_NorthCentral,24.3,90.01862691335162,0.0,0.35,119.03406721587797
2026-10-03T04:15:00+05:30,Polonnaruwa_NorthCentral,24.2,90.53223424415245,0.0,0.35,115.31981638712693
2026-10-03T04:30:00+05:30,Polonnaruwa_NorthCentral,24.2,91.03284956154636,0.0,0.4,111.60586205972717
2026-10-03T04:45:00+05:30,Polonnaruwa_NorthCentral,24.2,91.52559884907163,0.0,0.46,107.89248231521273
2026-10-03T05:00:00+05:30,Polonnaruwa_NorthCentral,24.2,92.01504779969042,0.0,0.46,104.17994674231751
2026-10-03T05:15:00+05:30,Polonnaruwa_NorthCentral,24.2,92.50540725332496,0.0,0.52,100.46852674545492
2026-10-03T05:30:00+05:30,Polonnaruwa_NorthCentral,24.3,93.00070011920786,0.0,0.54,96.75850497319081
2026-10-03T05:45:00+05:30,Polonnaruwa_NorthCentral,24.5,93.50490572060369,0.0,0.56,93.05018309882264
2026-10-03T06:00:00+05:30,Polonnaruwa_NorthCentral,24.7,94.02209309698043,0.0,0.58,89.34389156939334
2026-10-03T06:15:00+05:30,Polonnaruwa_NorthCentral,24.9,94.55655338400987,21.0,0.58,85.64000045139261
2026-10-03T06:30:00+05:30,Polonnaruwa_NorthCentral,25.1,95.11294076145123,58.0,0.61,81.93893057591998
2026-10-03T06:45:00+05:30,Polonnaruwa_NorthCentral,25.4,95.6964313045209,107.0,0.64,78.24116881039524
2026-10-03T07:00:00+05:30,Polonnaruwa_NorthCentral,25.7,96.3129113040157,163.0,0.67,74.54728704735717
2026-10-03T07:15:00+05:30,Polonnaruwa_NorthCentral,26.0,96.96920969853761,221.0,0.67,70.85796491205994
2026-10-03T07:30:00+05:30,Polonnaruwa_NorthCentral,26.3,97.67339341151387,276.0,0.71,67.17402122430276
2026-10-03T07:45:00+05:30,Polonnaruwa_NorthCentral,26.6,98.43515260816696,329.0,0.71,63.49645568513263
2026-10-03T08:00:00+05:30,Polonnaruwa_NorthCentral,27.0,99.2663146792321,382.0,0.71,59.826503646759846
2026-10-03T08:15:00+05:30,Polonnaruwa_NorthCentral,27.3,100.18154295929054,439.0,0.67,56.165713417172306
2026-10-03T08:30:00+05:30,Polonnaruwa_NorthCentral,27.7,101.19930535313108,497.0,0.64,52.51605451794747
2026-10-03T08:45:00+05:30,Polonnaruwa_NorthCentral,28.1,102.34324356570835,556.0,0.57,48.880070913547286
2026-10-03T09:00:00+05:30,Polonnaruwa_NorthCentral,28.5,103.64414599743515,612.0,0.5,45.26110692288159
2026-10-03T09:15:00+05:30,Polonnaruwa_NorthCentral,28.9,105.14284973644868,662.0,0.4,41.66364497566137
2026-10-03T09:30:00+05:30,Polonnaruwa_NorthCentral,29.3,106.89460099376856,707.0,0.29,38.093822319021676
2026-10-03T09:45:00+05:30,Polonnaruwa_NorthCentral,29.8,108.9757457825134,747.0,0.18,34.56024851399881
2026-10-03T10:00:00+05:30,Polonnaruwa_NorthCentral,30.3,111.49420251842872,782.0,0.05,31.07533459070317
2026-10-03T10:15:00+05:30,Polonnaruwa_NorthCentral,30.7,114.60610253203492,816.0,0.11,27.657521773300246
2026-10-03T10:30:00+05:30,Polonnaruwa_NorthCentral,31.1,118.54227993460893,848.0,0.21,24.335139391835796
2026-10-03T10:45:00+05:30,Polonnaruwa_NorthCentral,31.5,123.64911269285432,875.0,0.32,21.153240606488765
2026-10-03T11:00:00+05:30,Polonnaruwa_NorthCentral,31.9,130.44362929296392,893.0,0.46,18.185752728262614
2026-10-03T11:15:00+05:30,Polonnaruwa_NorthCentral,32.2,139.6522970661827,898.0,0.53,15.555903404857872
2026-10-03T11:30:00+05:30,Polonnaruwa_NorthCentral,32.4,152.08783803136885,886.0,0.57,13.463060330074555
2026-10-03T11:45:00+05:30,Polonnaruwa_NorthCentral,32.4,168.00281049556384,866.0,0.54,12.187113494059744
2026-10-03T12:00:00+05:30,Polonnaruwa_NorthCentral,32.3,185.91506505114205,844.0,0.47,11.99173254219653
2026-10-03T12:15:00+05:30,Polonnaruwa_NorthCentral,32.2,202.77985794701374,830.0,0.4,12.926011577189016
2026-10-03T12:30:00+05:30,Polonnaruwa_NorthCentral,32.0,216.4229769043001,820.0,0.36,14.77720879422634
2026-10-03T12:45:00+05:30,Polonnaruwa_NorthCentral,31.8,226.63597764341267,811.0,0.35,17.252639278360547
2026-10-03T13:00:00+05:30,Polonnaruwa_NorthCentral,31.5,234.15318003105824,798.0,0.36,20.12322130245569
2026-10-03T13:15:00+05:30,Polonnaruwa_NorthCentral,31.2,239.7605543365737,781.0,0.45,23.24298484088932
2026-10-03T13:30:00+05:30,Polonnaruwa_NorthCentral,30.9,244.04463359113595,759.0,0.5,26.524125833002238
2026-10-03T13:45:00+05:30,Polonnaruwa_NorthCentral,30.5,247.40280951093362,734.0,0.57,29.913562501630125
2026-10-03T14:00:00+05:30,Polonnaruwa_NorthCentral,30.2,250.09950219866505,706.0,0.71,33.37829317148536
2026-10-03T14:15:00+05:30,Polonnaruwa_NorthCentral,29.8,252.31245164513638,675.0,0.82,36.897084641720355
2026-10-03T14:30:00+05:30,Polonnaruwa_NorthCentral,29.4,254.16357036771268,641.0,0.94,40.45580269823289
2026-10-03T14:45:00+05:30,Polonnaruwa_NorthCentral,29.0,255.738426233726,605.0,1.07,44.04473916069434
2026-10-03T15:00:00+05:30,Polonnaruwa_NorthCentral,28.6,257.098470101031,565.0,1.19,47.65703476614664
2026-10-03T15:15:00+05:30,Polonnaruwa_NorthCentral,28.2,258.2888020112397,523.0,1.32,51.287719331407544
2026-10-03T15:30:00+05:30,Polonnaruwa_NorthCentral,27.8,259.34319727056265,480.0,1.41,54.93311085645921
2026-10-03T15:45:00+05:30,Polonnaruwa_NorthCentral,27.4,260.2874273480994,435.0,1.5,58.590426493627845
2026-10-03T16:00:00+05:30,Polonnaruwa_NorthCentral,27.0,261.1415014813911,386.0,1.6,62.2575245386073
2026-10-03T16:15:00+05:30,Polonnaruwa_NorthCentral,26.7,261.9212115910725,336.0,1.69,65.93273059765147
2026-10-03T16:30:00+05:30,Polonnaruwa_NorthCentral,26.4,262.6392178073686,286.0,1.74,69.61471580046408
2026-10-03T16:45:00+05:30,Polonnaruwa_NorthCentral,26.1,263.3058261849678,235.0,1.79,73.30241043037499
2026-10-03T17:00:00+05:30,Polonnaruwa_NorthCentral,25.8,263.92955670087986,181.0,1.88,76.9949429810345
2026-10-03T17:15:00+05:30,Polonnaruwa_NorthCentral,25.6,264.5175656566322,125.0,1.88,80.69159420495133
2026-10-03T17:30:00+05:30,Polonnaruwa_NorthCentral,25.4,265.07596647452334,72.0,1.93,84.39176268543957
2026-10-03T17:45:00+05:30,Polonnaruwa_NorthCentral,25.3,265.6100792109592,29.0,1.93,88.09494006745216
2026-10-03T18:00:00+05:30,Polonnaruwa_NorthCentral,25.2,266.1246296695697,3.0,1.92,91.800690652784
2026-10-03T18:15:00+05:30,Polonnaruwa_NorthCentral,25.1,266.6239140294825,0.0,1.92,95.50863520473152
2026-10-03T18:30:00+05:30,Polonnaruwa_NorthCentral,25.0,267.1119412068247,0.0,1.86,99.21843926254778
2026-10-03T18:45:00+05:30,Polonnaruwa_NorthCentral,24.9,267.5925624466278,0.0,1.81,102.92980209496831
2026-10-03T19:00:00+05:30,Polonnaruwa_NorthCentral,24.9,268.06959731364736,0.0,1.75,106.64244706483876
2026-10-03T19:15:00+05:30,Polonnaruwa_NorthCentral,24.8,268.54696533132324,0.0,1.7,110.35611430461537
2026-10-03T19:30:00+05:30,Polonnaruwa_NorthCentral,24.8,269.0288332313421,0.0,1.64,114.07055214644392
2026-10-03T19:45:00+05:30,Polonnaruwa_NorthCentral,24.8,269.5197911335574,0.0,1.58,117.78550819658128
2026-10-03T20:00:00+05:30,Polonnaruwa_NorthCentral,24.8,270.02507594770015,0.0,1.53,121.50072082309582
2026-10-03T20:15:00+05:30,Polonnaruwa_NorthCentral,24.9,270.55086815642625,0.0,1.42,125.21590709097102
2026-10-03T20:30:00+05:30,Polonnaruwa_NorthCentral,24.9,271.1047029911135,0.0,1.36,128.9307472064655
2026-10-03T20:45:00+05:30,Polonnaruwa_NorthCentral,24.9,271.696061621068,0.0,1.26,132.64486474224015
2026-10-03T21:00:00+05:30,Polonnaruwa_NorthCentral,24.9,272.33725071471747,0.0,1.2,136.3577959792063
2026-10-03T21:15:00+05:30,Polonnaruwa_NorthCentral,25.0,273.044758704551,0.0,1.1,140.06894355723824
2026-10-03T21:30:00+05:30,Polonnaruwa_NorthCentral,25.0,273.8414287580319,0.0,1.0,143.77750453799166
2026-10-03T21:45:00+05:30,Polonnaruwa_NorthCentral,25.1,274.760091847221,0.0,0.95,147.48234826210015
2026-10-03T22:00:00+05:30,Polonnaruwa_NorthCentral,25.1,275.84995173867725,0.0,0.86,151.1818019299685
2026-10-03T22:15:00+05:30,Polonnaruwa_NorthCentral,25.1,277.18849405377705,0.0,0.81,154.87325131824366
2026-10-03T22:30:00+05:30,Polonnaruwa_NorthCentral,25.1,278.9053720860545,0.0,0.76,158.5523326036136
2026-10-03T22:45:00+05:30,Polonnaruwa_NorthCentral,25.1,281.23488763539297,0.0,0.73,162.21113955481576
2026-10-03T23:00:00+05:30,Polonnaruwa_NorthCentral,25.1,284.6456348862381,0.0,0.68,165.8337213633376
2026-10-03T23:15:00+05:30,Polonnaruwa_NorthCentral,25.1,290.2137761918399,0.0,0.65,169.382692210306
2026-10-03T23:30:00+05:30,Polonnaruwa_NorthCentral,25.1,300.9241388536244,0.0,0.6,172.74889168908874
2026-10-03T23:45:00+05:30,Polonnaruwa_NorthCentral,25.1,326.59194684720626,0.0,0.58,175.5011333884715
2026-10-04T00:00:00+05:30,Polonnaruwa_NorthCentral,25.0,18.63033007239153,0.0,0.58,176.0361775974776
2026-10-04T00:15:00+05:30,Polonnaruwa_NorthCentral,25.0,53.34294782141052,0.0,0.57,173.75544339107125
2026-10-04T00:30:00+05:30,Polonnaruwa_NorthCentral,24.9,67.24279318446298,0.0,0.57,170.50863934951428
2026-10-04T00:45:00+05:30,Polonnaruwa_NorthCentral,24.9,73.98679936256752,0.0,0.57,167.0006462345591
2026-10-04T01:00:00+05:30,Polonnaruwa_NorthCentral,24.8,77.93249368614806,0.0,0.6,163.3963286519737
2026-10-04T01:15:00+05:30,Polonnaruwa_NorthCentral,24.7,80.54556937871706,0.0,0.6,159.74719238431226
2026-10-04T01:30:00+05:30,Polonnaruwa_NorthCentral,24.6,82.42970778490326,0.0,0.6,156.07388841921752
2026-10-04T01:45:00+05:30,Polonnaruwa_NorthCentral,24.5,83.87485766353302,0.0,0.6,152.38622176807246
2026-10-04T02:00:00+05:30,Polonnaruwa_NorthCentral,24.4,85.03675435032164,0.0,0.64,148.68943690092118
2026-10-04T02:15:00+05:30,Polonnaruwa_NorthCentral,24.4,86.00636367333533,0.0,0.64,144.98660060663187
2026-10-04T02:30:00+05:30,Polonnaruwa_NorthCentral,24.3,86.84040588865093,0.0,0.64,141.27963745876104
2026-10-04T02:45:00+05:30,Polonnaruwa_NorthCentral,24.2,87.57616390962892,0.0,0.64,137.56982737754743
2026-10-04T03:00:00+05:30,Polonnaruwa_NorthCentral,24.2,88.23925004316584,0.0,0.67,133.85806658243547
2026-10-04T03:15:00+05:30,Polonnaruwa_NorthCentral,24.1,88.84794594547503,0.0,0.67,130.14501343154006
2026-10-04T03:30:00+05:30,Polonnaruwa_NorthCentral,24.1,89.41575898564798,0.0,0.67,126.4311731736855
2026-10-04T03:45:00+05:30,Polonnaruwa_NorthCentral,24.1,89.95299684213546,0.0,0.67,122.71695158414802
2026-10-04T04:00:00+05:30,Polonnaruwa_NorthCentral,24.0,90.46777661976125,0.0,0.71,119.00268994407705
2026-10-04T04:15:00+05:30,Polonnaruwa_NorthCentral,24.0,90.96669561969657,0.0,0.71,115.28868747812425
2026-10-04T04:30:00+05:30,Polonnaruwa_NorthCentral,24.1,91.45529280234183,0.0,0.71,111.57521859804459
2026-10-04T04:45:00+05:30,Polonnaruwa_NorthCentral,24.1,91.93837805325859,0.0,0.71,107.86254606369968
2026-10-04T05:00:00+05:30,Polonnaruwa_NorthCentral,24.2,92.42027685457072,0.0,0.71,104.1509302250543
2026-10-04T05:15:00+05:30,Polonnaruwa_NorthCentral,24.3,92.90502039896307,0.0,0.74,100.44063843149958
2026-10-04T05:30:00+05:30,Polonnaruwa_NorthCentral,24.5,93.39650176169602,0.0,0.74,96.73195391803993
2026-10-04T05:45:00+05:30,Polonnaruwa_NorthCentral,24.7,93.89861283151401,0.0,0.74,93.02518332166345
2026-10-04T06:00:00+05:30,Polonnaruwa_NorthCentral,24.9,94.41537273929907,1.0,0.78,89.32066640146441
2026-10-04T06:15:00+05:30,Polonnaruwa_NorthCentral,25.2,94.95105739497944,27.0,0.78,85.61878707393247
2026-10-04T06:30:00+05:30,Polonnaruwa_NorthCentral,25.5,95.51033932719997,73.0,0.78,81.91998497402066
2026-10-04T06:45:00+05:30,Polonnaruwa_NorthCentral,25.8,96.09844702691123,133.0,0.78,78.22477138265862
2026-10-04T07:00:00+05:30,Polonnaruwa_NorthCentral,26.2,96.72135535433415,201.0,0.85,74.53374917423379
2026-10-04T07:15:00+05:30,Polonnaruwa_NorthCentral,26.6,97.38602178344729,269.0,0.85,70.8476368459799
2026-10-04T07:30:00+05:30,Polonnaruwa_NorthCentral,27.0,98.1006875270823,333.0,0.85,67.1673017834266
2026-10-04T07:45:00+05:30,Polonnaruwa_NorthCentral,27.5,98.8752709591833,393.0,0.85,63.493804394541726
2026-10-04T08:00:00+05:30,Polonnaruwa_NorthCentral,27.9,99.72189271276596,450.0,0.85,59.828456212240255
2026-10-04T08:15:00+05:30,Polonnaruwa_NorthCentral,28.4,100.65558919537551,506.0,0.89,56.17290176883669
2026-10-04T08:30:00+05:30,Polonnaruwa_NorthCentral,28.9,101.6953005934281,557.0,0.89,52.52923317745353
2026-10-04T08:45:00+05:30,Polonnaruwa_NorthCentral,29.3,102.86526497471903,604.0,0.89,48.90015222771786
2026-10-04T09:00:00+05:30,Polonnaruwa_NorthCentral,29.8,104.19702199393089,646.0,0.89,45.289208874150404
2026-10-04T09:15:00+05:30,Polonnaruwa_NorthCentral,30.2,105.73235036547715,685.0,0.9,41.701157055177276
2026-10-04T09:30:00+05:30,Polonnaruwa_NorthCentral,30.6,107.52766208307969,719.0,0.9,38.142497606036734
2026-10-04T09:45:00+05:30,Polonnaruwa_NorthCentral,30.9,109.66070484754061,748.0,0.9,34.62233395412533
2026-10-04T10:00:00+05:30,Polonnaruwa_NorthCentral,31.3,112.24096718265253,772.0,0.9,31.15375652404549
2026-10-04T10:15:00+05:30,Polonnaruwa_NorthCentral,31.6,115.42601812541989,792.0,0.94,27.75614844173232
2026-10-04T10:30:00+05:30,Polonnaruwa_NorthCentral,31.9,119.44705595874387,811.0,0.94,24.45913840073338
2026-10-04T10:45:00+05:30,Polonnaruwa_NorthCentral,32.1,124.64712362058657,824.0,0.94,21.30950642937465
2026-10-04T11:00:00+05:30,Polonnaruwa_NorthCentral,32.3,131.52945268626974,824.0,0.96,18.38319393595971
2026-10-04T11:15:00+05:30,Polonnaruwa_NorthCentral,32.4,140.78121171127253,806.0,0.96,15.80476733282164
2026-10-04T11:30:00+05:30,Polonnaruwa_NorthCentral,32.4,153.1295559639292,763.0,0.98,13.7710688258707
2026-10-04T11:45:00+05:30,Polonnaruwa_NorthCentral,32.4,168.71803447446143,709.0,1.01,12.549792207136349
2026-10-04T12:00:00+05:30,Polonnaruwa_NorthCentral,32.3,186.08990071476006,658.0,1.01,12.383688891654842
2026-10-04T12:15:00+05:30,Polonnaruwa_NorthCentral,32.2,202.4456715783865,626.0,1.04,13.312315330599333
2026-10-04T12:30:00+05:30,Polonnaruwa_NorthCentral,32.0,215.79086948105166,609.0,1.08,15.135488880065807
2026-10-04T12:45:00+05:30,Polonnaruwa_NorthCentral,31.8,225.89067304652897,597.0,1.12,17.577006270399608
2026-10-04T13:00:00+05:30,Polonnaruwa_NorthCentral,31.5,233.3942924814947,585.0,1.11,20.416204803367634
2026-10-04T13:15:00+05:30,Polonnaruwa_NorthCentral,31.2,239.03024644208233,566.0,1.15,23.509421639749448
2026-10-04T13:30:00+05:30,Polonnaruwa_NorthCentral,30.9,243.3569719482223,545.0,1.2,26.768721454578547
2026-10-04T13:45:00+05:30,Polonnaruwa_NorthCentral,30.5,246.7597675237118,522.0,1.25,30.140249007528524
2026-10-04T14:00:00+05:30,Polonnaruwa_NorthCentral,30.1,249.49830417882913,497.0,1.3,33.590202696987305
2026-10-04T14:15:00+05:30,Polonnaruwa_NorthCentral,29.7,251.7487447620428,471.0,1.36,37.09668216570676
2026-10-04T14:30:00+05:30,Polonnaruwa_NorthCentral,29.3,253.6327436527991,444.0,1.41,40.64503265281969
2026-10-04T14:45:00+05:30,Polonnaruwa_NorthCentral,28.9,255.23612502686134,415.0,1.47,44.225148247497984
2026-10-04T15:00:00+05:30,Polonnaruwa_NorthCentral,28.5,256.62076468457917,385.0,1.53,47.82986667421638
2026-10-04T15:15:00+05:30,Polonnaruwa_NorthCentral,28.1,257.8322108241971,355.0,1.54,51.453985768714745
2026-10-04T15:30:00+05:30,Polonnaruwa_NorthCentral,27.7,258.9046525662134,324.0,1.6,55.09364446994286
2026-10-04T15:45:00+05:30,Polonnaruwa_NorthCentral,27.3,259.86422163912295,292.0,1.66,58.74592042734815
2026-10-04T16:00:00+05:30,Polonnaruwa_NorthCentral,26.9,260.73123108821807,258.0,1.68,62.408562242070175
2026-10-04T16:15:00+05:30,Polonnaruwa_NorthCentral,26.6,261.52172372980993,223.0,1.72,66.07980851970316
2026-10-04T16:30:00+05:30,Polonnaruwa_NorthCentral,26.2,262.24856323204466,189.0,1.74,69.75826087710621
2026-10-04T16:45:00+05:30,Polonnaruwa_NorthCentral,25.9,262.92221748349067,154.0,1.76,73.44279373307153
2026-10-04T17:00:00+05:30,Polonnaruwa_NorthCentral,25.7,263.55133155652356,119.0,1.76,77.1324905130055
2026-10-04T17:15:00+05:30,Polonnaruwa_NorthCentral,25.4,264.1431540980921,82.0,1.77,80.82659557609107
2026-10-04T17:30:00+05:30,Polonnaruwa_NorthCentral,25.2,264.7038610706564,47.0,1.77,84.52447820069155
2026-10-04T17:45:00+05:30,Polonnaruwa_NorthCentral,25.1,265.23880716910423,19.0,1.77,88.22560663421052
2026-10-04T18:00:00+05:30,Polonnaruwa_NorthCentral,24.9,265.75272580023693,2.0,1.73,91.92952682305881
2026-10-04T18:15:00+05:30,Polonnaruwa_NorthCentral,24.9,266.24989351852116,0.0,1.73,95.63584560066292
2026-10-04T18:30:00+05:30,Polonnaruwa_NorthCentral,24.8,266.73427105631856,0.0,1.68,99.34421860228298
2026-10-04T18:45:00+05:30,Polonnaruwa_NorthCentral,24.7,267.20963028727044,0.0,1.63,103.05433899864451
2026-10-04T19:00:00+05:30,Polonnaruwa_NorthCentral,24.7,267.6796760321649,0.0,1.57,106.76592782886817
2026-10-04T19:15:00+05:30,Polonnaruwa_NorthCentral,24.6,268.1481715411566,0.0,1.52,110.47872683204676
2026-10-04T19:30:00+05:30,Polonnaruwa_NorthCentral,24.6,268.61907699664215,0.0,1.46,114.19249025412304
2026-10-04T19:45:00+05:30,Polonnaruwa_NorthCentral,24.6,269.09671341816437,0.0,1.39,117.90697657267822
2026-10-04T20:00:00+05:30,Polonnaruwa_NorthCentral,24.6,269.5859688337412,0.0,1.28,121.62194099830786
2026-10-04T20:15:00+05:30,Polonnaruwa_NorthCentral,24.6,270.09257070738283,0.0,1.17,125.33712492935278
2026-10-04T20:30:00+05:30,Polonnaruwa_NorthCentral,24.6,270.6234622328017,0.0,1.11,129.0522426644311
2026-10-04T20:45:00+05:30,Polonnaruwa_NorthCentral,24.6,271.18734267108204,0.0,1.04,132.76696501037165
2026-10-04T21:00:00+05:30,Polonnaruwa_NorthCentral,24.7,271.7954712081634,0.0,0.93,136.48089377700103
2026-09-27T21:15:00+05:30,Matara_Southern,26.7,274.08752778445086,0.0,3.59,138.95187847272803
2026-09-27T21:30:00+05:30,Matara_Southern,26.7,274.8257184192045,0.0,3.5,142.67169120811204
2026-09-27T21:45:00+05:30,Matara_Southern,26.6,275.68749612128147,0.0,3.45,146.38714176463407
2026-09-27T22:00:00+05:30,Matara_Southern,26.5,276.72023053729424,0.0,3.43,150.09650659520807
2026-09-27T22:15:00+05:30,Matara_Southern,26.4,277.9975434473805,0.0,3.48,153.79710676323603
2026-09-27T22:30:00+05:30,Matara_Southern,26.4,279.640427483164,0.0,3.47,157.48452773853484
2026-09-27T22:45:00+05:30,Matara_Southern,26.3,281.8622045729421,0.0,3.46,161.15094116536085
2026-09-27T23:00:00+05:30,Matara_Southern,26.3,285.07492310832197,0.0,3.46,164.78106522365835
2026-09-27T23:15:00+05:30,Matara_Southern,26.3,290.1776302232089,0.0,3.44,168.3408611354057
2026-09-27T23:30:00+05:30,Matara_Southern,26.2,299.47717753116024,0.0,3.44,171.73881215584674
2026-09-27T23:45:00+05:30,Matara_Southern,26.2,319.9272301808677,0.0,3.44,174.65658504463363
2026-09-28T00:00:00+05:30,Matara_Southern,26.2,4.360105324300548,0.0,3.4,175.89505961894943
2026-09-28T00:15:00+05:30,Matara_Southern,26.2,44.904601212286366,0.0,3.36,174.24304996309542
2026-09-28T00:30:00+05:30,Matara_Southern,26.2,62.65195662034847,0.0,3.36,171.20072500813728
2026-09-28T00:45:00+05:30,Matara_Southern,26.1,70.98092274227719,0.0,3.31,167.76465661344304
2026-09-28T01:00:00+05:30,Matara_Southern,26.0,75.67369870450028,0.0,3.32,164.18956521084365
2026-09-28T01:15:00+05:30,Matara_Southern,25.9,78.68194912466168,0.0,3.32,160.55203015550507
2026-09-28T01:30:00+05:30,Matara_Southern,25.8,80.78889504228243,0.0,3.32,156.88157254322084
2026-09-28T01:45:00+05:30,Matara_Southern,25.7,82.36169623745604,0.0,3.35,153.19178023393158
2026-09-28T02:00:00+05:30,Matara_Southern,25.7,83.59365401575639,0.0,3.42,149.48973871066397
2026-09-28T02:15:00+05:30,Matara_Southern,25.7,84.59581769544377,0.0,3.5,145.77949815251736
2026-09-28T02:30:00+05:30,Matara_Southern,25.7,85.43644347126127,0.0,3.59,142.0635433486498
2026-09-28T02:45:00+05:30,Matara_Southern,25.6,86.15981136993952,0.0,3.63,138.34348649708357
2026-09-28T03:00:00+05:30,Matara_Southern,25.5,86.79595213784853,0.0,3.63,134.62042403059067
2026-09-28T03:15:00+05:30,Matara_Southern,25.4,87.36601483351228,0.0,3.64,130.89513292127577
2026-09-28T03:30:00+05:30,Matara_Southern,25.3,87.8853933699013,0.0,3.65,127.16818344071137
2026-09-28T03:45:00+05:30,Matara_Southern,25.3,88.36563235673736,0.0,3.66,123.44000895269073
2026-09-28T04:00:00+05:30,Matara_Southern,25.2,88.81563573731745,0.0,3.63,119.71095040954293
2026-09-28T04:15:00+05:30,Matara_Southern,25.2,89.24246085781124,0.0,3.6,115.9812843669154
2026-09-28T04:30:00+05:30,Matara_Southern,25.1,89.65185716293172,0.0,3.53,112.25124333429416
2026-09-28T04:45:00+05:30,Matara_Southern,25.0,90.04864354182672,0.0,3.43,108.52103038557408
2026-09-28T05:00:00+05:30,Matara_Southern,24.8,90.43698166641138,0.0,3.32,104.79082861475307
2026-09-28T05:15:00+05:30,Matara_Southern,24.7,90.82058113451069,0.0,3.15,101.0608097828395
2026-09-28T05:30:00+05:30,Matara_Southern,24.6,91.20286029835523,0.0,3.1,97.33114154113363
2026-09-28T05:45:00+05:30,Matara_Southern,24.5,91.58707918166397,0.0,3.06,93.60199236833661
2026-09-28T06:00:00+05:30,Matara_Southern,24.6,91.97645599459969,0.0,3.02,89.8735377132869
2026-09-28T06:15:00+05:30,Matara_Southern,24.6,92.37427669089209,17.0,2.98,86.14596626414885
2026-09-28T06:30:00+05:30,Matara_Southern,24.8,92.7840058281837,54.0,2.94,82.41948525471288
2026-09-28T06:45:00+05:30,Matara_Southern,25.2,93.20940638835066,99.0,2.79,78.69432826185907
2026-09-28T07:00:00+05:30,Matara_Southern,25.6,93.65467752806057,150.0,2.61,74.9707645324853
2026-09-28T07:15:00+05:30,Matara_Southern,26.1,94.12462124427435,205.0,2.47,71.2491090648575
2026-09-28T07:30:00+05:30,Matara_Southern,26.6,94.62485186391075,261.0,2.43,67.52973741510351
2026-09-28T07:45:00+05:30,Matara_Southern,27.1,95.16206831783302,319.0,2.57,63.81310512795668
2026-09-28T08:00:00+05:30,Matara_Southern,27.5,95.74441807300894,377.0,2.96,60.09977234846641
2026-09-28T08:15:00+05:30,Matara_Southern,28.0,96.38199504965911,437.0,3.39,56.39043970131593
2026-09-28T08:30:00+05:30,Matara_Southern,28.4,97.08753717824897,498.0,3.76,52.685998720881244
2026-09-28T08:45:00+05:30,Matara_Southern,28.7,97.87742705260553,557.0,3.95,48.987602941637576
2026-09-28T09:00:00+05:30,Matara_Southern,29.0,98.77316222449315,614.0,4.0,45.296775042150124
2026-09-28T09:15:00+05:30,Matara_Southern,29.3,99.80357403267487,666.0,4.06,41.61556947559776
2026-09-28T09:30:00+05:30,Matara_Southern,29.5,101.008275899387,711.0,4.12,37.946825664998435
2026-09-28T09:45:00+05:30,Matara_Southern,29.7,102.44319894069486,751.0,4.24,34.29458116054766
2026-09-28T10:00:00+05:30,Matara_Southern,29.8,104.18981044106687,787.0,4.36,30.664769527184013
2026-09-28T10:15:00+05:30,Matara_Southern,30.0,106.371107551671,819.0,4.43,27.066454018353376
2026-09-28T10:30:00+05:30,Matara_Southern,30.1,109.18063549201457,846.0,4.56,23.514134685306345
2026-09-28T10:45:00+05:30,Matara_Southern,30.2,112.93762251163793,869.0,4.64,20.03233263392856
2026-09-28T11:00:00+05:30,Matara_Southern,30.4,118.19579482977531,887.0,4.72,16.665341233860232
2026-09-28T11:15:00+05:30,Matara_Southern,30.4,125.95739009443923,899.0,4.79,13.499379674946994
2026-09-28T11:30:00+05:30,Matara_Southern,30.4,138.02034572174244,907.0,4.84,10.714199996898202
2026-09-28T11:45:00+05:30,Matara_Southern,30.2,156.91147316495108,909.0,4.85,8.684275135169571
2026-09-28T12:00:00+05:30,Matara_Southern,29.9,182.54327226866494,904.0,4.88,8.006326013083893
2026-09-28T12:15:00+05:30,Matara_Southern,29.6,207.24363222410017,890.0,4.89,8.991556636071039
2026-09-28T12:30:00+05:30,Matara_Southern,29.4,224.6431764517899,863.0,4.93,11.20968689806439
2026-09-28T12:45:00+05:30,Matara_Southern,29.3,235.68541617530332,832.0,4.94,14.089995472970031
2026-09-28T13:00:00+05:30,Matara_Southern,29.3,242.85161329995532,804.0,4.98,17.304921337681336
2026-09-28T13:15:00+05:30,Matara_Southern,29.4,247.7582748057842,788.0,5.04,20.69911617347684
2026-09-28T13:30:00+05:30,Matara_Southern,29.4,251.29709047726448,786.0,5.08,24.197240142709077
2026-09-28T13:45:00+05:30,Matara_Southern,29.5,253.96387561615708,784.0,5.06,27.76001185235313
2026-09-28T14:00:00+05:30,Matara_Southern,29.7,256.04725641596684,773.0,5.06,31.36538826272306
2026-09-28T14:15:00+05:30,Matara_Southern,29.8,257.72388981332085,744.0,5.01,35.000183600974545
2026-09-28T14:30:00+05:30,Matara_Southern,29.7,259.1069898694094,701.0,4.94,38.65607632392211
2026-09-28T14:45:00+05:30,Matara_Southern,29.3,260.2720924481496,651.0,4.77,42.327575618983225
2026-09-28T15:00:00+05:30,Matara_Southern,28.8,261.27138175110355,597.0,4.6,46.010919866809246
2026-09-28T15:15:00+05:30,Matara_Southern,28.2,262.1420166571998,544.0,4.4,49.7034482567112
2026-09-28T15:30:00+05:30,Matara_Southern,27.8,262.91116796885336,488.0,4.3,53.403227187005584
2026-09-28T15:45:00+05:30,Matara_Southern,27.7,263.5991763232161,433.0,4.3,57.10881739725731
2026-09-28T16:00:00+05:30,Matara_Southern,27.7,264.22159630894237,378.0,4.4,60.81912432797749
2026-09-28T16:15:00+05:30,Matara_Southern,27.7,264.7905582036749,327.0,4.5,64.5333004888446
2026-09-28T16:30:00+05:30,Matara_Southern,27.7,265.3156985838361,278.0,4.5,68.25067798802131
2026-09-28T16:45:00+05:30,Matara_Southern,27.6,265.80481193607335,230.0,4.4,71.97072144808011
2026-09-28T17:00:00+05:30,Matara_Southern,27.5,266.26431766971075,182.0,4.2,75.69299588661616
2026-09-28T17:15:00+05:30,Matara_Southern,27.4,266.69960224623406,134.0,4.01,79.41714217547417
2026-09-28T17:30:00+05:30,Matara_Southern,27.3,267.1152760705394,88.0,3.81,83.14285873144341
2026-09-28T17:45:00+05:30,Matara_Southern,27.1,267.51537182376944,46.0,3.66,86.86988904050622
2026-09-28T18:00:00+05:30,Matara_Southern,27.0,267.9035023237868,11.0,3.5,90.59801072435884
2026-09-28T18:15:00+05:30,Matara_Southern,26.9,268.28299141855445,0.0,3.4,94.32702673704337
2026-09-28T18:30:00+05:30,Matara_Southern,26.8,268.65698820019963,0.0,3.35,98.05675952787526
2026-09-28T18:45:00+05:30,Matara_Southern,26.7,269.02857257239486,0.0,3.35,101.78704467063989
2026-09-28T19:00:00+05:30,Matara_Southern,26.7,269.4008599185533,0.0,3.45,105.51772503323639
2026-09-28T19:15:00+05:30,Matara_Southern,26.6,269.77711279303475,0.0,3.5,109.24864662022617
2026-09-28T19:30:00+05:30,Matara_Southern,26.6,270.1608683296836,0.0,3.56,112.97965270026154
2026-09-28T19:45:00+05:30,Matara_Southern,26.4,270.5560930309594,0.0,3.57,116.71057727694699
2026-09-28T20:00:00+05:30,Matara_Southern,26.3,270.967381051986,0.0,3.54,120.44123883356875
2026-09-28T20:15:00+05:30,Matara_Southern,26.1,271.4002190903433,0.0,3.49,124.17143054716276
2026-09-28T20:30:00+05:30,Matara_Southern,26.0,271.86135394746316,0.0,3.43,127.90090726757019
2026-09-28T20:45:00+05:30,Matara_Southern,25.9,272.35932021300835,0.0,3.27,131.62936887339617
2026-09-28T21:00:00+05:30,Matara_Southern,25.8,272.9052223521677,0.0,3.07,135.35643387604992
2026-09-28T21:15:00+05:30,Matara_Southern,25.7,273.51393369654,0.0,2.84,139.0815994374512
2026-09-28T21:30:00+05:30,Matara_Southern,25.6,274.2060029415093,0.0,2.73,142.8041797311522
2026-09-28T21:45:00+05:30,Matara_Southern,25.5,275.0108118950078,0.0,2.68,146.52320167321608
2026-09-28T22:00:00+05:30,Matara_Southern,25.5,275.9720617689166,0.0,2.68,150.23722380318927
2026-09-28T22:15:00+05:30,Matara_Southern,25.4,277.15786328763545,0.0,2.71,153.94400393871052
2026-09-28T22:30:00+05:30,Matara_Southern,25.3,278.68062525277605,0.0,2.71,157.63983791674156
2026-09-28T22:45:00+05:30,Matara_Southern,25.3,280.7398057339969,0.0,2.68,161.31812629024603
2026-09-28T23:00:00+05:30,Matara_Southern,25.2,283.7245977000145,0.0,2.66,164.96588379977513
2026-09-28T23:15:00+05:30,Matara_Southern,25.2,288.499180655042,0.0,2.64,168.55378018854907
2026-09-28T23:30:00+05:30,Matara_Southern,25.2,297.3591117386341,0.0,2.64,172.00074852293292
2026-09-28T23:45:00+05:30,Matara_Southern,25.2,317.8097927586175,0.0,2.71,175.0058071638981
2026-09-29T00:00:00+05:30,Matara_Southern,25.2,6.107966905070384,0.0,2.78,176.27464916490376
2026-09-29T00:15:00+05:30,Matara_Southern,25.3,48.35196978658246,0.0,2.88,174.4505198864741
2026-09-29T00:30:00+05:30,Matara_Southern,25.3,65.18551470129444,0.0,2.97,171.2996147031763
2026-09-29T00:45:00+05:30,Matara_Southern,25.3,72.84910211513363,0.0,2.98,167.81079051750345
2026-09-29T01:00:00+05:30,Matara_Southern,25.3,77.13339798949272,0.0,2.99,164.20648463250498
2026-09-29T01:15:00+05:30,Matara_Southern,25.3,79.87682333347334,0.0,2.97,160.55086147055567
2026-09-29T01:30:00+05:30,Matara_Southern,25.3,81.80132140977173,0.0,3.01,156.86830920076187
2026-09-29T01:45:00+05:30,Matara_Southern,25.3,83.24214751254249,0.0,3.11,153.1699893336266
2026-09-29T02:00:00+05:30,Matara_Southern,25.2,84.3749859513149,0.0,3.22,149.46170859904745
2026-09-29T02:15:00+05:30,Matara_Southern,25.2,85.30052217850312,0.0,3.3,145.7467844623963
2026-09-29T02:30:00+05:30,Matara_Southern,25.1,86.08056982220506,0.0,3.37,142.02725379878822
2026-09-29T02:45:00+05:30,Matara_Southern,25.1,86.75521513534,0.0,3.37,138.3044407033072
2026-09-29T03:00:00+05:30,Matara_Southern,25.1,87.35165266396115,0.0,3.4,134.5792486664363
2026-09-29T03:15:00+05:30,Matara_Southern,25.1,87.8890517247433,0.0,3.38,130.85232123073646
2026-09-29T03:30:00+05:30,Matara_Southern,25.0,88.38138770934484,0.0,3.4,127.12413404143777
2026-09-29T03:45:00+05:30,Matara_Southern,24.8,88.83916687405986,0.0,3.33,123.39505207286241
2026-09-29T04:00:00+05:30,Matara_Southern,24.5,89.27052004272156,0.0,3.29,119.66536621877941
2026-09-29T04:15:00+05:30,Matara_Southern,24.2,89.6819215309406,0.0,3.18,115.93531618288696
2026-09-29T04:30:00+05:30,Matara_Southern,24.0,90.07867749295633,0.0,3.16,112.20510743293214
2026-09-29T04:45:00+05:30,Matara_Southern,23.8,90.4652688441733,0.0,3.13,108.47492351488948
2026-09-29T05:00:00+05:30,Matara_Southern,23.7,90.84560070949482,0.0,3.25,104.74493395659533
2026-09-29T05:15:00+05:30,Matara_Southern,23.7,91.22319086103255,0.0,3.36,101.01530186179728
2026-09-29T05:30:00+05:30,Matara_Southern,23.6,91.60131888113347,0.0,3.44,97.28619044644937
2026-09-29T05:45:00+05:30,Matara_Southern,23.5,91.98315108139133,0.0,3.47,93.55776756305313
2026-09-29T06:00:00+05:30,Matara_Southern,23.4,92.37185181274913,0.0,3.43,89.83021165212071
2026-09-29T06:15:00+05:30,Matara_Southern,23.4,92.77069006244835,14.0,3.3,86.10371801390853
2026-09-29T06:30:00+05:30,Matara_Southern,23.4,93.18314929705753,46.0,3.12,82.37850430739142
2026-09-29T06:45:00+05:30,Matara_Southern,23.6,93.61304809842557,87.0,2.84,78.65481873098496
2026-09-29T07:00:00+05:30,Matara_Southern,24.0,94.06468061965137,132.0,2.55,74.93294996982623
2026-09-29T07:15:00+05:30,Matara_Southern,24.3,94.54298808971907,174.0,2.3,71.2132381719972
2026-09-29T07:30:00+05:30,Matara_Southern,24.7,95.05377572074428,202.0,2.15,67.49609101662182
2026-09-29T07:45:00+05:30,Matara_Southern,25.0,95.6039957025746,222.0,2.15,63.78200489736692
2026-09-29T08:00:00+05:30,Matara_Southern,25.3,96.202126273658,243.0,2.26,60.0715919720236
2026-09-29T08:15:00+05:30,Matara_Southern,25.6,96.8586908559754,283.0,2.37,56.365619455289355
2026-09-29T08:30:00+05:30,Matara_Southern,25.9,97.58698541770212,346.0,2.47,52.66506489343289
2026-09-29T08:45:00+05:30,Matara_Southern,26.4,98.40412131534947,424.0,2.62,48.97119423336511
2026-09-29T09:00:00+05:30,Matara_Southern,26.8,99.33255587684977,501.0,2.78,45.2856792327117
2026-09-29T09:15:00+05:30,Matara_Southern,27.3,100.40239830719565,560.0,2.94,41.610775518858595
2026-09-29T09:30:00+05:30,Matara_Southern,27.7,101.65498483061083,600.0,3.11,37.949599567940275
2026-09-29T09:45:00+05:30,Matara_Southern,28.1,103.14859927716418,629.0,3.25,34.30657955442964
2026-09-29T10:00:00+05:30,Matara_Southern,28.4,104.96795675897903,660.0,3.41,30.688214770050337
2026-09-29T10:15:00+05:30,Matara_Southern,28.7,107.24055269922172,705.0,3.59,27.104412817743608
2026-09-29T10:30:00+05:30,Matara_Southern,28.9,110.16604824958523,766.0,3.78,23.57097542046641
2026-09-29T10:45:00+05:30,Matara_Southern,29.1,114.07129567159762,830.0,4.04,20.114493898925346
2026-09-29T11:00:00+05:30,Matara_Southern,29.3,119.5163223588732,879.0,4.35,16.78261540424073
2026-09-29T11:15:00+05:30,Matara_Southern,29.4,127.49331341678646,898.0,4.63,13.666809009374106
2026-09-29T11:30:00+05:30,Matara_Southern,29.5,139.7119275562693,886.0,4.85,10.953081335478956
2026-09-29T11:45:00+05:30,Matara_Southern,29.6,158.37312687115582,856.0,4.9,9.012303037357043
2026-09-29T12:00:00+05:30,Matara_Southern,29.8,182.99942043086105,822.0,4.88,8.398618731992613
2026-09-29T12:15:00+05:30,Matara_Southern,29.8,206.61483591842418,799.0,4.81,9.37633544520449
2026-09-29T12:30:00+05:30,Matara_Southern,29.6,223.58460799529354,780.0,4.74,11.548079485112751
2026-09-29T12:45:00+05:30,Matara_Southern,28.9,234.591222201524,762.0,4.79,14.382766391003386
2026-09-29T13:00:00+05:30,Matara_Southern,28.0,241.8397842830419,738.0,4.87,17.562252628564934
2026-09-29T13:15:00+05:30,Matara_Southern,27.1,246.84718600927278,704.0,4.97,20.92997314746853
2026-09-29T13:30:00+05:30,Matara_Southern,26.6,250.47802013108975,657.0,4.95,24.40812068333807
2026-09-29T13:45:00+05:30,Matara_Southern,26.6,253.22289322909344,609.0,4.71,27.95549056041714
2026-09-29T14:00:00+05:30,Matara_Southern,27.0,255.37117777350517,571.0,4.28,31.548722406663657
2026-09-29T14:15:00+05:30,Matara_Southern,27.5,257.10157280885045,556.0,3.86,35.17374400954546
2026-09-29T14:30:00+05:30,Matara_Southern,27.7,258.5293229333362,570.0,3.61,38.821630017851724
2026-09-29T14:45:00+05:30,Matara_Southern,27.5,259.7316703199466,585.0,3.61,42.48646969618504
2026-09-29T15:00:00+05:30,Matara_Southern,27.1,260.7621581168977,576.0,3.82,46.16420280094625
2026-09-29T15:15:00+05:30,Matara_Southern,26.7,261.6590080911968,525.0,4.04,49.8519515873984
2026-09-29T15:30:00+05:30,Matara_Southern,26.4,262.45021872822656,440.0,4.15,53.54762177512188
2026-09-29T15:45:00+05:30,Matara_Southern,26.1,263.1567758106046,348.0,4.14,57.24965302741702
2026-09-29T16:00:00+05:30,Matara_Southern,25.9,263.79473801795683,269.0,4.07,60.95685817867554
2026-09-29T16:15:00+05:30,Matara_Southern,25.7,264.3766301591761,216.0,3.96,64.66831800708134
2026-09-29T16:30:00+05:30,Matara_Southern,25.5,264.91239731427197,179.0,3.85,68.3833084920652
2026-09-29T16:45:00+05:30,Matara_Southern,25.5,265.4100739038951,148.0,3.7,72.10125000644074
2026-09-29T17:00:00+05:30,Matara_Southern,25.5,265.87626357681677,119.0,3.45,75.82167252838363
2026-09-29T17:15:00+05:30,Matara_Southern,25.5,266.3164907332551,89.0,3.25,79.54418917574071
2026-09-29T17:30:00+05:30,Matara_Southern,25.5,266.7354641308108,60.0,3.05,83.2684764957774
2026-09-29T17:45:00+05:30,Matara_Southern,25.5,267.1372798076465,33.0,2.9,86.99426097331468
2026-09-29T18:00:00+05:30,Matara_Southern,25.5,267.5255817713983,8.0,2.8,90.72130737262417
2026-09-29T18:15:00+05:30,Matara_Southern,25.4,267.90369417799445,0.0,2.71,94.44940943406314
2026-09-29T18:30:00+05:30,Matara_Southern,25.4,268.2747353743489,0.0,2.61,98.17838373169711
2026-09-29T18:45:00+05:30,Matara_Southern,25.4,268.6417217998344,0.0,2.55,101.90806315488724
2026-09-29T19:00:00+05:30,Matara_Southern,25.4,269.00766933032213,0.0,2.55,105.63829109766228
2026-09-29T19:15:00+05:30,Matara_Southern,25.4,269.37569965697685,0.0,2.55,109.36891748736193
2026-09-29T19:30:00+05:30,Matara_Southern,25.4,269.7491598630347,0.0,2.55,113.0997932949449
2026-09-29T19:45:00+05:30,Matara_Southern,25.4,270.13176602862893,0.0,2.5,116.83076463345938
2026-09-29T20:00:00+05:30,Matara_Southern,25.4,270.52778569446286,0.0,2.45,120.56166745677282
2026-09-29T20:15:00+05:30,Matara_Southern,25.3,270.9422803372766,0.0,2.41,124.29231918095475
2026-09-29T20:30:00+05:30,Matara_Southern,25.3,271.38144085696587,0.0,2.33,128.02250774091345
2026-09-29T20:45:00+05:30,Matara_Southern,25.3,271.85306863917674,0.0,2.21,131.7519780160892
2026-09-29T21:00:00+05:30,Matara_Southern,25.3,272.36728854110424,0.0,2.09,135.48041007261705
2026-09-29T21:15:00+05:30,Matara_Southern,25.2,272.9376429652,0.0,1.96,139.20738633788758
2026-09-29T21:30:00+05:30,Matara_Southern,25.2,273.5828345094232,0.0,1.93,142.9323413487027
2026-09-29T21:45:00+05:30,Matara_Southern,25.2,274.3296194763481,0.0,1.98,146.6544762665328
2026-09-29T22:00:00+05:30,Matara_Southern,25.1,275.2178520296596,0.0,2.02,150.3726101315563
2026-09-29T22:15:00+05:30,Matara_Southern,25.1,276.3098034645716,0.0,2.17,154.08490631881736
2026-09-29T22:30:00+05:30,Matara_Southern,25.0,277.70864723176794,0.0,2.31,157.7883251244029
2026-09-29T22:45:00+05:30,Matara_Southern,25.0,279.59855487292754,0.0,2.5,161.4774286545922
2026-09-29T23:00:00+05:30,Matara_Southern,25.0,282.3423547445558,0.0,2.74,165.14143823116916
2026-09-29T23:15:00+05:30,Matara_Southern,25.0,286.75928985455204,0.0,2.93,168.75568095527325
2026-09-29T23:30:00+05:30,Matara_Southern,25.0,295.1004721831825,0.0,3.08,172.2500910129315
2026-09-29T23:45:00+05:30,Matara_Southern,24.9,315.3719573636856,0.0,3.15,175.34627311825125
2026-09-30T00:00:00+05:30,Matara_Southern,24.9,8.230503445812985,0.0,3.18,176.6498536520457
2026-09-30T00:15:00+05:30,Matara_Southern,24.9,52.042150787495245,0.0,3.16,174.6371774572396
2026-09-30T00:30:00+05:30,Matara_Southern,24.8,67.76716796118143,0.0,3.13,171.382255332488
2026-09-30T00:45:00+05:30,Matara_Southern,24.8,74.7265303494728,0.0,3.07,167.8452073924087
2026-09-30T01:00:00+05:30,Matara_Southern,24.8,78.5933131613341,0.0,2.96,164.21462450643958
2026-09-30T01:15:00+05:30,Matara_Southern,24.8,81.06961132988198,0.0,2.83,160.54286915508277
2026-09-30T01:30:00+05:30,Matara_Southern,24.7,82.81118693230178,0.0,2.8,156.84960149485025
2026-09-30T01:45:00+05:30,Matara_Southern,24.7,84.12010588591113,0.0,2.89,153.1437777378499
2026-09-30T02:00:00+05:30,Matara_Southern,24.6,85.15404686198963,0.0,3.02,149.43005010071812
2026-09-30T02:15:00+05:30,Matara_Southern,24.6,86.00320442487066,0.0,3.16,145.71107702495507
2026-09-30T02:30:00+05:30,Matara_Southern,24.5,86.72290804798246,0.0,3.35,141.98849350095713
2026-09-30T02:45:00+05:30,Matara_Southern,24.5,87.34903845810567,0.0,3.52,138.2633656133105
2026-09-30T03:00:00+05:30,Matara_Southern,24.6,87.90595287295116,0.0,3.71,134.53642436433685
2026-09-30T03:15:00+05:30,Matara_Southern,24.6,88.41084331958075,0.0,3.9,130.80819424979336
2026-09-30T03:30:00+05:30,Matara_Southern,24.7,88.87627004963758,0.0,4.0,127.07906670682152
2026-09-30T03:45:00+05:30,Matara_Southern,24.7,89.3117042953237,0.0,4.05,123.34934606963353
2026-09-30T04:00:00+05:30,Matara_Southern,24.7,89.72450671101154,0.0,4.1,119.6192790814152
2026-09-30T04:15:00+05:30,Matara_Southern,24.8,90.12057108135542,0.0,4.05,115.88907320157786
2026-09-30T04:30:00+05:30,Matara_Southern,24.8,90.5047623434586,0.0,3.95,112.15891052870589
2026-09-30T04:45:00+05:30,Matara_Southern,24.8,90.88122513873105,0.0,3.76,108.42895808070952
2026-09-30T05:00:00+05:30,Matara_Southern,24.8,91.25360942867553,0.0,3.54,104.69937432246431
2026-09-30T05:15:00+05:30,Matara_Southern,24.7,91.62524227684304,0.0,3.36,100.97031584373676
2026-09-30T05:30:00+05:30,Matara_Southern,24.7,91.99926538648367,0.0,3.2,97.2419433096446
2026-09-30T05:45:00+05:30,Matara_Southern,24.7,92.37875205072265,0.0,3.09,93.51442565143613
2026-09-30T06:00:00+05:30,Matara_Southern,24.7,92.76681327589051,0.0,3.07,89.7879458940669
2026-09-30T06:15:00+05:30,Matara_Southern,24.7,93.16670142518115,14.0,3.02,86.06270748508811
2026-09-30T06:30:00+05:30,Matara_Southern,24.8,93.58191903847114,46.0,3.0,82.33894003619967
2026-09-30T06:45:00+05:30,Matara_Southern,25.0,94.0163402610898,87.0,3.03,78.61690794550952
2026-09-30T07:00:00+05:30,Matara_Southern,25.3,94.474353962507,137.0,3.0,74.8969210125741
2026-09-30T07:15:00+05:30,Matara_Southern,25.6,94.96104000611138,189.0,3.02,71.1793463729281
2026-09-30T07:30:00+05:30,Matara_Southern,26.0,95.48239345471927,243.0,3.1,67.46462589871182
2026-09-30T07:45:00+05:30,Matara_Southern,26.4,96.04561809532453,298.0,3.24,63.75329922238939
2026-09-30T08:00:00+05:30,Matara_Southern,26.8,96.65952034333299,354.0,3.48,60.04603333800081
2026-09-30T08:15:00+05:30,Matara_Southern,27.2,97.33504910086879,410.0,3.74,56.34366545141237
2026-09-30T08:30:00+05:30,Matara_Southern,27.5,98.08605210828597,465.0,3.99,52.647263290965334
2026-09-30T08:45:00+05:30,Matara_Southern,27.7,98.93035959164308,518.0,4.17,48.95821042251624
2026-09-30T09:00:00+05:30,Matara_Southern,27.8,99.89137273067684,570.0,4.27,45.27833427412964
2026-09-30T09:15:00+05:30,Matara_Southern,27.9,101.00045232518494,619.0,4.4,41.610100100275154
2026-09-30T09:30:00+05:30,Matara_Southern,28.0,102.30061275308901,668.0,4.48,37.956912375191024
2026-09-30T09:45:00+05:30,Matara_Southern,28.2,103.85241198482032,713.0,4.61,34.323604108412205
2026-09-30T10:00:00+05:30,Matara_Southern,28.4,105.74366899157201,752.0,4.75,30.7172585628145
2026-09-30T10:15:00+05:30,Matara_Southern,28.6,108.10610134596811,778.0,4.91,27.148650037998678
2026-09-30T10:30:00+05:30,Matara_Southern,28.8,111.1449295026539,788.0,5.09,23.634905314261886
2026-09-30T10:45:00+05:30,Matara_Southern,29.0,115.19345172844908,790.0,5.31,20.204695646065815
2026-09-30T11:00:00+05:30,Matara_Southern,29.2,120.81542911488424,794.0,5.54,16.908962735378353
2026-09-30T11:15:00+05:30,Matara_Southern,29.3,128.9877073721023,812.0,5.71,13.844108917083744
2026-09-30T11:30:00+05:30,Matara_Southern,29.5,141.32526515492538,844.0,5.81,11.201307008229733
2026-09-30T11:45:00+05:30,Matara_Southern,29.7,159.72494520148143,881.0,5.81,9.345757467060253
2026-09-30T12:00:00+05:30,Matara_Southern,30.0,183.4079394322935,910.0,5.73,8.79097762983011
2026-09-30T12:15:00+05:30,Matara_Southern,30.2,206.03020398204424,924.0,5.61,9.761334925881698
2026-09-30T12:30:00+05:30,Matara_Southern,30.3,222.5829413905916,926.0,5.54,11.889079193412655
2026-09-30T12:45:00+05:30,Matara_Southern,30.4,233.53857824137197,919.0,5.54,14.679260014723994
2026-09-30T13:00:00+05:30,Matara_Southern,30.4,240.85572404635758,908.0,5.53,17.82342995072564
2026-09-30T13:15:00+05:30,Matara_Southern,30.5,245.95487444126536,895.0,5.53,21.164394123947716
2026-09-30T13:30:00+05:30,Matara_Southern,30.5,249.67208556087354,880.0,5.52,24.62215909185656
2026-09-30T13:45:00+05:30,Matara_Southern,30.5,252.49143337669062,860.0,5.47,28.153705919256332
2026-09-30T14:00:00+05:30,Matara_Southern,30.6,254.7022261142225,834.0,5.42,31.734394943810806
2026-09-30T14:15:00+05:30,Matara_Southern,30.7,256.4847368483483,799.0,5.37,35.349278132576345
2026-09-30T14:30:00+05:30,Matara_Southern,30.6,257.95596802600977,757.0,5.37,38.98882668852819
2026-09-30T14:45:00+05:30,Matara_Southern,30.5,259.19470480323355,710.0,5.43,42.6467067772674
2026-09-30T15:00:00+05:30,Matara_Southern,30.3,260.2557482398122,659.0,5.48,46.31855543309749
2026-09-30T15:15:00+05:30,Matara_Southern,30.1,261.1783184564073,606.0,5.54,50.00127394495281
2026-09-30T15:30:00+05:30,Matara_Southern,29.8,261.9911991406989,552.0,5.54,53.6926037212491
2026-09-30T15:45:00+05:30,Matara_Southern,29.6,262.7159924661602,495.0,5.53,57.390860186544074
2026-09-30T16:00:00+05:30,Matara_Southern,29.4,263.36924123018,436.0,5.48,61.09476085050164
2026-09-30T16:15:00+05:30,Matara_Southern,29.2,263.9638505579823,375.0,5.37,64.80331242572075
2026-09-30T16:30:00+05:30,Matara_Southern,28.9,264.5100636760425,314.0,5.26,68.51573274215352
2026-09-30T16:45:00+05:30,Matara_Southern,28.7,265.0161472137794,253.0,5.06,72.23139615432758
2026-09-30T17:00:00+05:30,Matara_Southern,28.5,265.48888315438245,195.0,4.86,75.94979603124452
2026-09-30T17:15:00+05:30,Matara_Southern,28.2,265.93392919928937,140.0,4.6,79.6705163154056
2026-09-30T17:30:00+05:30,Matara_Southern,28.0,266.3560887019595,89.0,4.4,83.39321037011256
2026-09-30T17:45:00+05:30,Matara_Southern,27.7,266.75951790016745,45.0,4.3,87.11758643158278
2026-09-30T18:00:00+05:30,Matara_Southern,27.4,267.14788921969296,9.0,4.25,90.84339519262662
2026-09-30T18:15:00+05:30,Matara_Southern,27.1,267.5245245654693,0.0,4.2,94.57041996724705
2026-09-30T18:30:00+05:30,Matara_Southern,26.9,267.8925090393888,0.0,4.16,98.2984702006019
2026-09-30T18:45:00+05:30,Matara_Southern,26.8,268.25479302791206,0.0,4.07,102.02737477137464
2026-09-30T19:00:00+05:30,Matara_Southern,26.7,268.6142900606939,0.0,4.03,105.75697615443706
2026-09-30T19:15:00+05:30,Matara_Southern,26.6,268.97397768525457,0.0,3.89,109.48712658414271
2026-09-30T19:30:00+05:30,Matara_Southern,26.5,269.33700896466456,0.0,3.81,113.21768288344049
2026-09-30T19:45:00+05:30,Matara_Southern,26.4,269.7068445590203,0.0,3.67,116.94850110530557
2026-09-30T20:00:00+05:30,Matara_Southern,26.3,270.0874188828036,0.0,3.47,120.6794320781052
2026-09-30T20:15:00+05:30,Matara_Southern,26.3,270.48335944191706,0.0,3.29,124.41031428848625
2026-09-30T20:30:00+05:30,Matara_Southern,26.2,270.90028912977897,0.0,3.14,128.1409648039053
2026-09-30T20:45:00+05:30,Matara_Southern,26.1,271.34525889045443,0.0,3.06,131.87116848363894
2026-09-30T21:00:00+05:30,Matara_Southern,26.0,271.82738866854083,0.0,2.96,135.60066043439664
2026-09-30T21:15:00+05:30,Matara_Southern,25.9,272.35885153380065,0.0,2.88,139.32909971469627
2026-09-30T21:30:00+05:30,Matara_Southern,25.9,272.9564434665949,0.0,2.8,143.0560295122856
2026-09-30T21:45:00+05:30,Matara_Southern,25.8,273.64419562202283,0.0,2.67,146.78080893932113
2026-09-30T22:00:00+05:30,Matara_Southern,25.8,274.4579422919469,0.0,2.51,150.50249423839554
2026-09-30T22:15:00+05:30,Matara_Southern,25.7,275.4537959947211,0.0,2.39,154.21962004109457
2026-09-30T22:30:00+05:30,Matara_Southern,25.7,276.72505639022035,0.0,2.31,157.92975911457958
2026-09-30T22:45:00+05:30,Matara_Southern,25.6,278.4391976040473,0.0,2.27,161.62855480006755
2026-09-30T23:00:00+05:30,Matara_Southern,25.5,280.9291312353733,0.0,2.36,165.30731415344303
2026-09-30T23:15:00+05:30,Matara_Southern,25.4,284.9585602738113,0.0,2.41,168.94588757478726
2026-09-30T23:30:00+05:30,Matara_Southern,25.3,292.69576632301516,0.0,2.52,172.48553421480608
2026-09-30T23:45:00+05:30,Matara_Southern,25.3,312.5494407593859,0.0,2.66,175.67591827155078
2026-10-01T00:00:00+05:30,Matara_Southern,25.2,10.859432387556694,0.0,2.84,177.01915814030474
2026-10-01T00:15:00+05:30,Matara_Southern,25.2,55.969234930045104,0.0,2.98,174.80093867413746
2026-10-01T00:30:00+05:30,Matara_Southern,25.1,70.38789736537387,0.0,3.02,171.4483184004286
2026-10-01T00:45:00+05:30,Matara_Southern,25.0,76.60931519544613,0.0,2.95,167.86794058309522
2026-10-01T01:00:00+05:30,Matara_Southern,24.9,80.05155690347885,0.0,2.77,164.21409836463795
2026-10-01T01:15:00+05:30,Matara_Southern,24.7,82.25925959757006,0.0,2.59,160.5281846674684
2026-10-01T01:30:00+05:30,Matara_Southern,24.6,83.81783220251117,0.0,2.48,156.82558269522585
2026-10-01T01:45:00+05:30,Matara_Southern,24.5,84.99511975154962,0.0,2.45,153.11327616333364
2026-10-01T02:00:00+05:30,Matara_Southern,24.4,85.93050466190869,0.0,2.45,149.39489040659478
2026-10-01T02:15:00+05:30,Matara_Southern,24.4,86.70360599154748,0.0,2.49,145.67249955974123
2026-10-01T02:30:00+05:30,Matara_Southern,24.3,87.36324763520975,0.0,2.49,141.94738304730825
2026-10-01T02:45:00+05:30,Matara_Southern,24.3,87.94110341108302,0.0,2.45,138.2203790773965
2026-10-01T03:00:00+05:30,Matara_Southern,24.3,88.45869776927174,0.0,2.37,134.49206658566806
2026-10-01T03:15:00+05:30,Matara_Southern,24.2,88.931251193805,0.0,2.33,130.76286535140412
2026-10-01T03:30:00+05:30,Matara_Southern,24.2,89.369914173663,0.0,2.33,127.03309296859737
2026-10-01T03:45:00+05:30,Matara_Southern,24.2,89.78312750187217,0.0,2.4,123.30300083765066
2026-10-01T04:00:00+05:30,Matara_Southern,24.2,90.1774854291163,0.0,2.58,119.5727974162841
2026-10-01T04:15:00+05:30,Matara_Southern,24.2,90.55830425123605,0.0,2.73,115.8426624947949
2026-10-01T04:30:00+05:30,Matara_Southern,24.2,90.93001012849902,0.0,2.82,112.11275845129262
2026-10-01T04:45:00+05:30,Matara_Southern,24.2,91.29641337902422,0.0,2.79,108.38323875028061
2026-10-01T05:00:00+05:30,Matara_Southern,24.1,91.66091035465945,0.0,2.73,104.654253277754
2026-10-01T05:15:00+05:30,Matara_Southern,24.1,92.02663863979137,0.0,2.59,100.92595423569952
2026-10-01T05:30:00+05:30,Matara_Southern,24.2,92.39660301771124,0.0,2.54,97.19850160683025
2026-10-01T05:45:00+05:30,Matara_Southern,24.4,92.77378448952464,0.0,2.56,93.47206709383589
2026-10-01T06:00:00+05:30,Matara_Southern,24.7,93.16124123425038,0.0,2.57,89.7468398812324
2026-10-01T06:15:00+05:30,Matara_Southern,25.1,93.5622093070391,18.0,2.64,86.02303308439127
2026-10-01T06:30:00+05:30,Matara_Southern,25.4,93.98021042900774,57.0,2.66,82.30088978264739
2026-10-01T06:45:00+05:30,Matara_Southern,25.8,94.41917418361908,108.0,2.69,78.58069213160118
2026-10-01T07:00:00+05:30,Matara_Southern,26.2,94.88358374840448,167.0,2.76,74.86277270078796
2026-10-01T07:15:00+05:30,Matara_Southern,26.7,95.37865684637,227.0,2.77,71.14752742441502
2026-10-01T07:30:00+05:30,Matara_Southern,27.1,95.91057711534006,285.0,2.85,67.43543440570039
2026-10-01T07:45:00+05:30,Matara_Southern,27.5,96.48679795049469,340.0,2.91,63.72707886372474
2026-10-01T08:00:00+05:30,Matara_Southern,27.8,97.11645090443017,393.0,2.95,60.023185391658046
2026-10-01T08:15:00+05:30,Matara_Southern,28.2,97.81090572427951,449.0,3.01,56.32466450760464
2026-10-01T08:30:00+05:30,Matara_Southern,28.5,98.58455480008968,506.0,3.09,52.632678181618935
2026-10-01T08:45:00+05:30,Matara_Southern,28.8,99.4559361194253,561.0,3.17,48.948732636762095
2026-10-01T09:00:00+05:30,Matara_Southern,29.0,100.4493770331103,614.0,3.26,45.2748173118336
2026-10-01T09:15:00+05:30,Matara_Southern,29.2,101.59746107564268,660.0,3.3,41.613615151733555
2026-10-01T09:30:00+05:30,Matara_Southern,29.4,102.94483224170051,700.0,3.41,37.96882894754489
2026-10-01T09:45:00+05:30,Matara_Southern,29.6,104.55423813944367,735.0,3.52,34.34570970697331
2026-10-01T10:00:00+05:30,Matara_Southern,29.8,106.51644856577838,765.0,3.66,30.75194107743082
2026-10-01T10:15:00+05:30,Matara_Southern,29.9,108.96711367292642,791.0,3.75,27.199183081196814
2026-10-01T10:30:00+05:30,Matara_Southern,30.1,112.11643935081582,813.0,3.89,23.705904627449513
2026-10-01T10:45:00+05:30,Matara_Southern,30.2,116.30298390264858,830.0,4.0,20.30285427586483
2026-10-01T11:00:00+05:30,Matara_Southern,30.3,122.09175285377245,841.0,4.14,17.04418537329137
2026-10-01T11:15:00+05:30,Matara_Southern,30.4,130.43948876352624,843.0,4.24,14.030880744689327
2026-10-01T11:30:00+05:30,Matara_Southern,30.4,142.86216948200865,836.0,4.35,11.458204088574547
2026-10-01T11:45:00+05:30,Matara_Southern,30.4,160.97606698664265,822.0,4.43,9.68395811378359
2026-10-01T12:00:00+05:30,Matara_Southern,30.4,183.77431292292144,807.0,4.45,9.183223669173216
2026-10-01T12:15:00+05:30,Matara_Southern,30.4,205.484348784807,796.0,4.52,10.146335643367408
2026-10-01T12:30:00+05:30,Matara_Southern,30.3,221.63363421753556,786.0,4.54,12.232273755132411
2026-10-01T12:45:00+05:30,Matara_Southern,30.2,232.52545384626742,777.0,4.54,14.979069733888394
2026-10-01T13:00:00+05:30,Matara_Southern,30.1,239.8986367783786,765.0,4.59,18.088110782991023
2026-10-01T13:15:00+05:30,Matara_Southern,30.0,245.08105014101363,748.0,4.59,21.40209452802057
2026-10-01T13:30:00+05:30,Matara_Southern,29.9,248.87920426670738,729.0,4.59,24.839113282658147
2026-10-01T13:45:00+05:30,Matara_Southern,29.8,251.76950171861438,707.0,4.59,28.354445835650523
2026-10-01T14:00:00+05:30,Matara_Southern,29.6,254.04044569272506,684.0,4.54,31.922215113030134
2026-10-01T14:15:00+05:30,Matara_Southern,29.5,255.8734431950145,658.0,4.52,35.52661069943203
2026-10-01T14:30:00+05:30,Matara_Southern,29.4,257.3869936486399,631.0,4.47,39.157502591045464
2026-10-01T14:45:00+05:30,Matara_Southern,29.3,258.6612671152093,602.0,4.43,42.80813189715724
2026-10-01T15:00:00+05:30,Matara_Southern,29.2,259.75222397040193,569.0,4.38,46.47382963196238
2026-10-01T15:15:00+05:30,Matara_Southern,29.1,260.7000193308543,531.0,4.27,50.15127262072846
2026-10-01T15:30:00+05:30,Matara_Southern,29.0,261.53418018969126,490.0,4.23,53.83803469035986
2026-10-01T15:45:00+05:30,Matara_Southern,28.9,262.276896654147,446.0,4.16,57.532304120960866
2026-10-01T16:00:00+05:30,Matara_Southern,28.8,262.945175819561,398.0,4.05,61.232700558532414
2026-10-01T16:15:00+05:30,Matara_Southern,28.7,263.55228899358167,348.0,3.98,64.93815444298254
2026-10-01T16:30:00+05:30,Matara_Southern,28.6,264.10876723750016,298.0,3.87,68.64782352961747
2026-10-01T16:45:00+05:30,Matara_Southern,28.5,264.6231016928988,247.0,3.76,72.36103445772345
2026-10-01T17:00:00+05:30,Matara_Southern,28.4,265.102246793837,193.0,3.62,76.07724246801399
2026-10-01T17:15:00+05:30,Matara_Southern,28.3,265.55198892667715,137.0,3.49,79.79600094592502
2026-10-01T17:30:00+05:30,Matara_Southern,28.1,265.977222307897,83.0,3.36,83.51693878246896
2026-10-01T17:45:00+05:30,Matara_Southern,28.0,266.38216024807383,38.0,3.21,87.23974474124834
2026-10-01T18:00:00+05:30,Matara_Southern,27.8,266.77050085818473,7.0,3.05,90.96415424297729
2026-10-01T18:15:00+05:30,Matara_Southern,27.6,267.1455612826621,0.0,2.9,94.68993896674075
2026-10-01T18:30:00+05:30,Matara_Southern,27.5,267.5103909429464,0.0,2.76,98.41689997917874
2026-10-01T18:45:00+05:30,Matara_Southern,27.3,267.8678716664616,0.0,2.62,102.14486081745632
2026-10-01T19:00:00+05:30,Matara_Southern,27.1,268.2208119046031,0.0,2.5,105.87366158163935
2026-10-01T19:15:00+05:30,Matara_Southern,26.9,268.5720419192483,0.0,2.35,109.60315517996372
2026-10-01T19:30:00+05:30,Matara_Southern,26.8,268.9245169646174,0.0,2.29,113.3332024075694
2026-10-01T19:45:00+05:30,Matara_Southern,26.6,269.2814375229841,0.0,2.23,117.06366705188765
2026-10-01T20:00:00+05:30,Matara_Southern,26.4,269.64639869176654,0.0,2.2,120.79441216377546
2026-10-01T20:15:00+05:30,Matara_Southern,26.3,270.02358569254176,0.0,2.19,124.52529404970234
2026-10-01T20:30:00+05:30,Matara_Southern,26.1,270.41804191247024,0.0,2.18,128.25615484619328
2026-10-01T20:45:00+05:30,Matara_Southern,26.0,270.8360514714303,0.0,2.19,131.9868142066628
2026-10-01T21:00:00+05:30,Matara_Southern,25.9,271.28570533297284,0.0,2.17,135.71705552102222
2026-10-01T21:15:00+05:30,Matara_Southern,25.8,271.7777706636747,0.0,2.16,139.44660547228116
2026-10-01T21:30:00+05:30,Matara_Southern,25.7,272.32707910190896,0.0,2.16,143.17510360078884
2026-10-01T21:45:00+05:30,Matara_Southern,25.6,272.95484140787414,0.0,2.16,146.9020497170392
2026-10-01T22:00:00+05:30,Matara_Southern,25.5,273.69270629533474,0.0,2.12,150.62671231194776
2026-10-01T22:15:00+05:30,Matara_Southern,25.4,274.59031996365235,0.0,2.09,154.34795993537458
2026-10-01T22:30:00+05:30,Matara_Southern,25.3,275.73048937968935,0.0,2.05,158.06391984950858
2026-10-01T22:45:00+05:30,Matara_Southern,25.2,277.26260905909265,0.0,2.02,161.77122330154356
2026-10-01T23:00:00+05:30,Matara_Southern,25.2,279.48612988329455,0.0,1.98,165.46311036712467
2026-10-01T23:15:00+05:30,Matara_Southern,25.1,283.09825152437395,0.0,2.02,169.12373021203558
2026-10-01T23:30:00+05:30,Matara_Southern,25.0,290.14116533441296,0.0,1.99,172.7057030186806
2026-10-01T23:45:00+05:30,Matara_Southern,25.0,309.2651957914454,0.0,1.96,175.99211783978765
2026-10-02T00:00:00+05:30,Matara_Southern,24.9,14.191885166105067,0.0,2.0,177.38028710280634
2026-10-02T00:15:00+05:30,Matara_Southern,24.9,60.118147938192294,0.0,1.97,174.93977149860015
2026-10-02T00:30:00+05:30,Matara_Southern,24.8,73.03785703418487,0.0,1.98,171.4975768325897
2026-10-02T00:45:00+05:30,Matara_Southern,24.8,78.49353302868332,0.0,2.0,167.87906776332073
2026-10-02T01:00:00+05:30,Matara_Southern,24.7,81.50627240994248,0.0,1.97,164.20504119479375
2026-10-02T01:15:00+05:30,Matara_Southern,24.7,83.44474002999829,0.0,2.02,160.5069511420491
2026-10-02T01:30:00+05:30,Matara_Southern,24.6,84.8206146097499,0.0,1.99,156.79639293355132
2026-10-02T01:45:00+05:30,Matara_Southern,24.6,85.86674813423963,0.0,1.97,153.0786195028077
2026-10-02T02:00:00+05:30,Matara_Southern,24.6,86.70403384642071,0.0,1.97,149.35635922982783
2026-10-02T02:15:00+05:30,Matara_Southern,24.6,87.4014723488653,0.0,1.95,145.63117720371315
2026-10-02T02:30:00+05:30,Matara_Southern,24.5,88.00138018387776,0.0,1.95,141.90404365452957
2026-10-02T02:45:00+05:30,Matara_Southern,24.5,88.53123292963568,0.0,1.95,138.17559897026922
2026-10-02T03:00:00+05:30,Matara_Southern,24.4,89.00973232431306,0.0,1.95,134.4462903395456
2026-10-02T03:15:00+05:30,Matara_Southern,24.3,89.45013622941678,0.0,1.9,130.71644706310457
2026-10-02T03:30:00+05:30,Matara_Southern,24.3,89.86219266800413,0.0,1.9,126.98632318117443
2026-10-02T03:45:00+05:30,Matara_Southern,24.2,90.25331778582336,0.0,1.9,123.2561247967072
2026-10-02T04:00:00+05:30,Matara_Southern,24.1,90.6293439770044,0.0,1.92,119.5260279021152
2026-10-02T04:15:00+05:30,Matara_Southern,24.1,90.99501361041536,0.0,1.88,115.79618915215353
2026-10-02T04:30:00+05:30,Matara_Southern,24.1,91.3543168609686,0.0,1.9,112.06675481905367
2026-10-02T04:45:00+05:30,Matara_Southern,24.1,91.71073191309995,0.0,1.89,108.33786776168186
2026-10-02T05:00:00+05:30,Matara_Southern,24.1,92.06740322415328,0.0,1.84,104.6096717475363
2026-10-02T05:15:00+05:30,Matara_Southern,24.2,92.42728023401781,0.0,1.83,100.88231669767191
2026-10-02T05:30:00+05:30,Matara_Southern,24.3,92.79323182790995,0.0,1.82,97.15596376356326
2026-10-02T05:45:00+05:30,Matara_Southern,24.5,93.16814747016139,0.0,1.81,93.43078909076472
2026-10-02T06:00:00+05:30,Matara_Southern,24.8,93.55503302771314,0.0,1.8,89.70698958593304
2026-10-02T06:15:00+05:30,Matara_Southern,25.1,93.95710853359162,17.0,1.84,85.98478953413452
2026-10-02T06:30:00+05:30,Matara_Southern,25.4,94.37791493837437,53.0,1.85,82.26444697870365
2026-10-02T06:45:00+05:30,Matara_Southern,25.8,94.82143704568836,100.0,1.87,78.54626336975853
2026-10-02T07:00:00+05:30,Matara_Southern,26.2,95.29225180096694,154.0,1.9,74.83059567728797
2026-10-02T07:15:00+05:30,Matara_Southern,26.6,95.79571383074881,210.0,1.95,71.11787041777822
2026-10-02T07:30:00+05:30,Matara_Southern,27.0,96.33819382767382,264.0,2.0,67.40860392257757
2026-10-02T07:45:00+05:30,Matara_Southern,27.3,96.9273924755015,316.0,2.04,63.70342929608661
2026-10-02T08:00:00+05:30,Matara_Southern,27.6,97.57276297507406,368.0,2.11,60.003131430500005
2026-10-02T08:15:00+05:30,Matara_Southern,27.9,98.28609066857632,423.0,2.13,56.30869738606783
2026-10-02T08:30:00+05:30,Matara_Southern,28.2,99.08230461956941,479.0,2.16,52.621387305804745
2026-10-02T08:45:00+05:30,Matara_Southern,28.4,99.98063826496559,535.0,2.15,48.94283492384826
2026-10-02T09:00:00+05:30,Matara_Southern,28.5,101.00632571914991,589.0,2.22,45.275197753522306
2026-10-02T09:15:00+05:30,Matara_Southern,28.7,102.19314187042784,637.0,2.23,41.62138407038077
2026-10-02T09:30:00+05:30,Matara_Southern,28.8,103.58730805971084,680.0,2.31,37.9854046198519
2026-10-02T09:45:00+05:30,Matara_Southern,28.9,105.25367144633822,717.0,2.44,34.372940450041284
2026-10-02T10:00:00+05:30,Matara_Southern,28.9,107.28579133787889,750.0,2.55,30.79229008141028
2026-10-02T10:15:00+05:30,Matara_Southern,29.0,109.82294930758303,781.0,2.7,27.256014830642258
2026-10-02T10:30:00+05:30,Matara_Southern,29.0,113.07975011163808,807.0,2.86,23.783936395604286
2026-10-02T10:45:00+05:30,Matara_Southern,29.1,117.3988294385253,828.0,3.04,20.40886587477948
2026-10-02T11:00:00+05:30,Matara_Southern,29.1,123.34405223641,847.0,3.19,17.188063381141774
2026-10-02T11:15:00+05:30,Matara_Southern,29.1,131.8478494613227,863.0,3.31,14.226710669232219
2026-10-02T11:30:00+05:30,Matara_Southern,29.2,144.32476274286324,879.0,3.39,11.72311904864712
2026-10-02T11:45:00+05:30,Matara_Southern,29.2,162.1348387833234,890.0,3.42,10.02628753256701
2026-10-02T12:00:00+05:30,Matara_Southern,29.3,184.1031637375187,896.0,3.45,9.575185824250866
2026-10-02T12:15:00+05:30,Matara_Southern,29.4,204.9726629660524,893.0,3.44,10.531131983820742
2026-10-02T12:30:00+05:30,Matara_Southern,29.4,220.73253893344673,882.0,3.4,12.577280281658474
2026-10-02T12:45:00+05:30,Matara_Southern,29.5,231.54988617067164,864.0,3.36,15.281807560183779
2026-10-02T13:00:00+05:30,Matara_Southern,29.5,238.96771612778198,842.0,3.29,18.35596183323743
2026-10-02T13:15:00+05:30,Matara_Southern,29.5,244.2254041517865,816.0,3.27,21.642794232137746
2026-10-02T13:30:00+05:30,Matara_Southern,29.5,248.09927911394652,787.0,3.19,25.058743457514097
2026-10-02T13:45:00+05:30,Matara_Southern,29.5,251.05709431957945,754.0,3.15,28.557499588878592
2026-10-02T14:00:00+05:30,Matara_Southern,29.5,253.38587497130612,716.0,3.09,32.111993183545415
2026-10-02T14:15:00+05:30,Matara_Southern,29.4,255.26774996814493,670.0,3.0,35.70556740455356
2026-10-02T14:30:00+05:30,Matara_Southern,29.3,256.8224669818845,617.0,2.93,39.327495008756436
2026-10-02T14:45:00+05:30,Matara_Southern,29.2,258.13142842501986,562.0,2.83,42.97059124514799
2026-10-02T15:00:00+05:30,Matara_Southern,29.0,259.25165801913204,509.0,2.74,46.6298785757017
2026-10-02T15:15:00+05:30,Matara_Southern,28.8,260.2241838177663,462.0,2.6,50.301806381509245
2026-10-02T15:30:00+05:30,Matara_Southern,28.5,261.0792348876913,419.0,2.46,53.98377799772783
2026-10-02T15:45:00+05:30,Matara_Southern,28.3,261.8395611611499,378.0,2.33,57.673851899464275
2026-10-02T16:00:00+05:30,Matara_Southern,28.0,262.52261440096794,336.0,2.16,61.37054750899091
2026-10-02T16:15:00+05:30,Matara_Southern,27.7,263.14201806930697,292.0,2.0,65.07271691622049
2026-10-02T16:30:00+05:30,Matara_Southern,27.4,263.7085808133779,249.0,1.9,68.77945597108376
2026-10-02T16:45:00+05:30,Matara_Southern,27.1,264.23101063131287,205.0,1.81,72.49004197016986
2026-10-02T17:00:00+05:30,Matara_Southern,26.9,264.7164285562984,160.0,1.73,76.20389056142368
2026-10-02T17:15:00+05:30,Matara_Southern,26.6,265.17074507196145,114.0,1.66,79.92052322861673
2026-10-02T17:30:00+05:30,Matara_Southern,26.4,265.5989415564543,70.0,1.6,83.63954313564787
2026-10-02T17:45:00+05:30,Matara_Southern,26.2,266.00528530220384,33.0,1.59,87.36061836652877
2026-10-02T18:00:00+05:30,Matara_Southern,26.1,266.3934974172496,6.0,1.57,91.08346788468513
2026-10-02T18:15:00+05:30,Matara_Southern,26.0,266.766887832194,0.0,1.57,94.80785053528335
2026-10-02T18:30:00+05:30,Matara_Southern,25.8,267.12846792360546,0.0,1.55,98.53355775947082
2026-10-02T18:45:00+05:30,Matara_Southern,25.7,267.4810485444814,0.0,1.54,102.26040642009782
2026-10-02T19:00:00+05:30,Matara_Southern,25.6,267.82733045232936,0.0,1.57,105.98823277741158
2026-10-02T19:15:00+05:30,Matara_Southern,25.5,268.1699936321164,0.0,1.53,109.71688876392432
2026-10-02T19:30:00+05:30,Matara_Southern,25.4,268.51179193829705,0.0,1.56,113.44623724765754
2026-10-02T19:45:00+05:30,Matara_Southern,25.3,268.85566117807707,0.0,1.59,117.17614750420682
2026-10-02T20:00:00+05:30,Matara_Southern,25.2,269.2048512915916,0.0,1.59,120.90649210520169
2026-10-02T20:15:00+05:30,Matara_Southern,25.2,269.56309738082444,0.0,1.59,124.63714185390052
2026-10-02T20:30:00+05:30,Matara_Southern,25.1,269.93485249179673,0.0,1.59,128.36795978694664
2026-10-02T20:45:00+05:30,Matara_Southern,25.0,270.32561848213675,0.0,1.59,132.09879501319318
2026-10-02T21:00:00+05:30,Matara_Southern,24.9,270.74243464095366,0.0,1.63,135.82947221784417
2026-10-02T21:15:00+05:30,Matara_Southern,24.8,271.1946277201711,0.0,1.6,139.5597763555572
2026-10-02T21:30:00+05:30,Matara_Southern,24.8,271.6950104718796,0.0,1.61,143.28943046785088
2026-10-02T21:45:00+05:30,Matara_Southern,24.7,272.26188310213917,0.0,1.62,147.01805689635097
2026-10-02T22:00:00+05:30,Matara_Southern,24.7,272.9225515048062,0.0,1.6,150.74510984512295
2026-10-02T22:15:00+05:30,Matara_Southern,24.7,273.71990267537774,0.0,1.64,154.46975152564187
2026-10-02T22:30:00+05:30,Matara_Southern,24.6,274.7256582273726,0.0,1.61,158.19059989377627
2026-10-02T22:45:00+05:30,Matara_Southern,24.6,276.06979757849956,0.0,1.63,161.90516793279576
2026-10-02T23:00:00+05:30,Matara_Southern,24.5,278.01483216160153,0.0,1.63,165.6084437613447
2026-10-02T23:15:00+05:30,Matara_Southern,24.5,281.18035251629993,0.0,1.66,169.2885545967621
2026-10-02T23:30:00+05:30,Matara_Southern,24.4,287.4351041366462,0.0,1.66,172.9091710176437
2026-10-02T23:45:00+05:30,Matara_Southern,24.4,305.4292808911471,0.0,1.63,176.29152766936744
2026-10-03T00:00:00+05:30,Matara_Southern,24.3,18.53076658303371,0.0,1.68,177.72966120536572
2026-10-03T00:15:00+05:30,Matara_Southern,24.3,64.46334028821445,0.0,1.66,175.0518021391012
2026-10-03T00:30:00+05:30,Matara_Southern,24.3,75.70657567085482,0.0,1.66,171.52991262265715
2026-10-03T00:45:00+05:30,Matara_Southern,24.2,80.3752749861149,0.0,1.66,167.87870969559737
2026-10-03T01:00:00+05:30,Matara_Southern,24.2,82.95564489863824,0.0,1.69,164.18760772523032
2026-10-03T01:15:00+05:30,Matara_Southern,24.2,84.62505306399055,0.0,1.69,160.47932183589518
2026-10-03T01:30:00+05:30,Matara_Southern,24.1,85.81890904642887,0.0,1.69,156.7621777919942
2026-10-03T01:45:00+05:30,Matara_Southern,24.1,86.73456059763504,0.0,1.69,153.03994551168407
2026-10-03T02:00:00+05:30,Matara_Southern,24.1,87.47431512708135,0.0,1.68,149.31458754989654
2026-10-03T02:15:00+05:30,Matara_Southern,24.0,88.09655243047303,0.0,1.68,145.5872352883846
2026-10-03T02:30:00+05:30,Matara_Southern,24.0,88.63709894390263,0.0,1.68,141.85859596308893
2026-10-03T02:45:00+05:30,Matara_Southern,23.9,89.11925036324078,0.0,1.68,138.12914200408787
2026-10-03T03:00:00+05:30,Matara_Southern,23.8,89.55890105343656,0.0,1.68,134.39920900658345
2026-10-03T03:15:00+05:30,Matara_Southern,23.8,89.9673582207023,0.0,1.68,130.66904989573874
2026-10-03T03:30:00+05:30,Matara_Southern,23.7,90.35297655916133,0.0,1.68,126.93886534371113
2026-10-03T03:45:00+05:30,Matara_Southern,23.6,90.72215451360671,0.0,1.68,123.20882371934616
2026-10-03T04:00:00+05:30,Matara_Southern,23.5,91.07996791745671,0.0,1.63,119.47907430477042
2026-10-03T04:15:00+05:30,Matara_Southern,23.4,91.43058927100338,0.0,1.64,115.7497551047349
2026-10-03T04:30:00+05:30,Matara_Southern,23.4,91.7775758903868,0.0,1.6,112.02099986088366
2026-10-03T04:45:00+05:30,Matara_Southern,23.4,92.12407624326187,0.0,1.55,108.29294374323709
2026-10-03T05:00:00+05:30,Matara_Southern,23.4,92.47298476035814,0.0,1.57,104.56572683531945
2026-10-03T05:15:00+05:30,Matara_Southern,23.5,92.82706417083693,0.0,1.52,100.83949885807621
2026-10-03T05:30:00+05:30,Matara_Southern,23.6,93.18904854139237,0.0,1.5,97.11442396205508
2026-10-03T05:45:00+05:30,Matara_Southern,23.9,93.56173657862178,0.0,1.45,93.39068439074242
2026-10-03T06:00:00+05:30,Matara_Southern,24.2,93.94808234752418,0.0,1.39,89.66848631406823
2026-10-03T06:15:00+05:30,Matara_Southern,24.5,94.35129011123206,18.0,1.35,85.9480666708441
2026-10-03T06:30:00+05:30,Matara_Southern,24.9,94.77492003560462,57.0,1.29,82.22969994042039
2026-10-03T06:45:00+05:30,Matara_Southern,25.3,95.22301183060586,108.0,1.24,78.51370838284747
2026-10-03T07:00:00+05:30,Matara_Southern,25.8,95.7002355345785,168.0,1.17,74.80047497207639
2026-10-03T07:15:00+05:30,Matara_Southern,26.2,96.21208153833106,229.0,1.13,71.09045855233424
2026-10-03T07:30:00+05:30,Matara_Southern,26.7,96.76510582124786,287.0,1.11,67.38421564161621
2026-10-03T07:45:00+05:30,Matara_Southern,27.1,97.36725370366094,343.0,1.1,63.682429472068804
2026-10-03T08:00:00+05:30,Matara_Southern,27.5,98.02829609670357,398.0,1.03,59.985947860401424
2026-10-03T08:15:00+05:30,Matara_Southern,27.8,98.76042807505166,455.0,1.03,56.29583753889469
2026-10-03T08:30:00+05:30,Matara_Southern,28.1,99.57910655400428,513.0,1.05,52.61346061347077
2026-10-03T08:45:00+05:30,Matara_Southern,28.4,100.50424692305558,570.0,1.1,48.94058298078502
2026-10-03T09:00:00+05:30,Matara_Southern,28.6,101.56196896748781,625.0,1.14,45.27953599360558
2026-10-03T09:15:00+05:30,Matara_Southern,28.8,102.78720511869216,675.0,1.27,41.63346043429094
2026-10-03T09:30:00+05:30,Matara_Southern,28.9,104.22769824417298,720.0,1.44,38.00668391881231
2026-10-03T09:45:00+05:30,Matara_Southern,29.1,105.9502997818679,761.0,1.63,34.40532839028045
2026-10-03T10:00:00+05:30,Matara_Southern,29.2,108.05118982885813,797.0,1.87,30.83831971579992
2026-10-03T10:15:00+05:30,Matara_Southern,29.3,110.67297061775048,831.0,2.13,27.319132531445582
2026-10-03T10:30:00+05:30,Matara_Southern,29.4,114.03405116459305,862.0,2.36,23.86894554295671
2026-10-03T10:45:00+05:30,Matara_Southern,29.5,118.47997618483248,888.0,2.59,20.522605849793592
2026-10-03T11:00:00+05:30,Matara_Southern,29.5,124.5712122221376,908.0,2.79,17.340355474101983
2026-10-03T11:15:00+05:30,Matara_Southern,29.6,133.2122424625698,918.0,2.96,14.431172135743395
2026-10-03T11:30:00+05:30,Matara_Southern,29.7,145.715404427671,917.0,3.09,11.995419141066336
2026-10-03T11:45:00+05:30,Matara_Southern,29.8,163.20886328772178,909.0,3.11,10.372182699963844
2026-10-03T12:00:00+05:30,Matara_Southern,30.0,184.39842461153324,899.0,3.06,9.966699003048845
2026-10-03T12:15:00+05:30,Matara_Southern,30.2,204.49119368473515,891.0,3.0,10.915529657936474
2026-10-03T12:30:00+05:30,Matara_Southern,30.3,219.87587586409575,883.0,2.93,12.923742252283333
2026-10-03T12:45:00+05:30,Matara_Southern,30.3,230.60998976730133,874.0,2.84,15.587103626691118
2026-10-03T13:00:00+05:30,Matara_Southern,30.2,238.06215415404594,861.0,2.77,18.6266596344812
2026-10-03T13:15:00+05:30,Matara_Southern,30.1,243.38761388766392,843.0,2.71,21.886218470229565
2026-10-03T13:30:00+05:30,Matara_Southern,30.0,247.33220153554623,821.0,2.61,25.280813093054917
2026-10-03T13:45:00+05:30,Matara_Southern,29.9,250.3541996902103,796.0,2.51,28.76265882448994
2026-10-03T14:00:00+05:30,Matara_Southern,29.7,252.73854802343357,767.0,2.38,32.303541448724495
2026-10-03T14:15:00+05:30,Matara_Southern,29.6,254.66771316820203,734.0,2.3,35.88597589402514
2026-10-03T14:30:00+05:30,Matara_Southern,29.4,256.26245467362986,699.0,2.19,39.49864323909428
2026-10-03T14:45:00+05:30,Matara_Southern,29.3,257.60526048112285,660.0,2.1,43.13393314960829
2026-10-03T15:00:00+05:30,Matara_Southern,29.1,258.75412447056897,619.0,1.98,46.78655773934307
2026-10-03T15:15:00+05:30,Matara_Southern,28.9,259.75088697684924,574.0,1.92,50.4527364652325
2026-10-03T15:30:00+05:30,Matara_Southern,28.7,260.6264386415369,528.0,1.84,54.12969960436732
2026-10-03T15:45:00+05:30,Matara_Southern,28.5,261.4040615097837,479.0,1.77,57.815373413632784
2026-10-03T16:00:00+05:30,Matara_Southern,28.3,262.10163260198277,427.0,1.78,61.50817490683957
2026-10-03T16:15:00+05:30,Matara_Southern,28.1,262.7331136348109,373.0,1.76,65.20687587489545
2026-10-03T16:30:00+05:30,Matara_Southern,28.0,263.30958067099573,319.0,1.75,68.91050852686124
2026-10-03T16:45:00+05:30,Matara_Southern,27.8,263.8399509621744,264.0,1.76,72.61829925916149
2026-10-03T17:00:00+05:30,Matara_Southern,27.7,264.3315063293525,205.0,1.78,76.32962271628824
2026-10-03T17:15:00+05:30,Matara_Southern,27.5,264.7902768021183,145.0,1.8,80.04396717754013
2026-10-03T17:30:00+05:30,Matara_Southern,27.4,265.2213272556452,87.0,1.82,83.76090885180056
2026-10-03T17:45:00+05:30,Matara_Southern,27.2,265.62897591560625,39.0,1.85,87.48009396118425
2026-10-03T18:00:00+05:30,Matara_Southern,27.1,266.01696424917816,6.0,1.82,91.20122384184941
2026-10-03T18:15:00+05:30,Matara_Southern,27.0,266.38859258181543,0.0,1.81,94.9240433164551
2026-10-03T18:30:00+05:30,Matara_Southern,26.8,266.74683195840765,0.0,1.79,98.64833295746705
2026-10-03T18:45:00+05:30,Matara_Southern,26.7,267.0944199405187,0.0,1.77,102.3739016190804
2026-10-03T19:00:00+05:30,Matara_Southern,26.5,267.433947102387,0.0,1.75,106.10058025312651
2026-10-03T19:15:00+05:30,Matara_Southern,26.4,267.76794032370697,0.0,1.69,109.82821815394082
2026-10-03T19:30:00+05:30,Matara_Southern,26.2,268.0989486807015,0.0,1.68,113.55667833740324
2026-10-03T19:45:00+05:30,Matara_Southern,26.1,268.4296390907569,0.0,1.63,117.28583329453267
2026-10-03T20:00:00+05:30,Matara_Southern,25.9,268.76291087538436,0.0,1.59,121.01556236812235
2026-10-03T20:15:00+05:30,Matara_Southern,25.8,269.1020417002866,0.0,1.56,124.74574746940668
2026-10-03T20:30:00+05:30,Matara_Southern,25.6,269.45088415864853,0.0,1.49,128.476268269179
2026-10-03T20:45:00+05:30,Matara_Southern,25.5,269.81414343995266,0.0,1.46,132.20699785146473
2026-10-03T21:00:00+05:30,Matara_Southern,25.3,270.1977859773689,0.0,1.43,135.93779500223647
2026-10-03T21:15:00+05:30,Matara_Southern,25.2,270.60966587619635,0.0,1.42,139.66849326694177
2026-10-03T21:30:00+05:30,Matara_Southern,25.1,271.06052601630745,0.0,1.39,143.3988858228684
2026-10-03T21:45:00+05:30,Matara_Southern,24.9,271.5656716656149,0.0,1.34,147.12869852305988
2026-10-03T22:00:00+05:30,Matara_Southern,24.8,272.14791846119476,0.0,1.37,150.85754326144632
2026-10-03T22:15:00+05:30,Matara_Southern,24.7,272.84311882693333,0.0,1.33,154.58483288858343
2026-10-03T22:30:00+05:30,Matara_Southern,24.6,273.7113494252875,0.0,1.31,158.30960668466346
2026-10-03T22:45:00+05:30,Matara_Southern,24.5,274.86190452090284,0.0,1.3,162.0301407578454
2026-10-03T23:00:00+05:30,Matara_Southern,24.4,276.51700432794735,0.0,1.33,165.7429543458074
2026-10-03T23:15:00+05:30,Matara_Southern,24.3,279.20763842976913,0.0,1.33,169.43973258732507
2026-10-03T23:30:00+05:30,Matara_Southern,24.2,284.5789225487888,0.0,1.37,173.09448701532722
2026-10-03T23:45:00+05:30,Matara_Southern,24.1,300.94176213850983,0.0,1.42,176.56990575457198
2026-10-04T00:00:00+05:30,Matara_Southern,24.0,24.349792474576475,0.0,1.41,178.0613807354224
2026-10-04T00:15:00+05:30,Matara_Southern,23.9,68.96836921170973,0.0,1.46,175.13543703863303
2026-10-04T00:30:00+05:30,Matara_Southern,23.8,78.38319558176318,0.0,1.51,171.54532198113242
2026-10-04T00:45:00+05:30,Matara_Southern,23.7,82.2506940937144,0.0,1.56,167.86702872992063
2026-10-04T01:00:00+05:30,Matara_Southern,23.6,84.39791373983445,0.0,1.61,164.1619708905111
2026-10-04T01:15:00+05:30,Matara_Southern,23.6,85.79923172724239,0.0,1.67,160.44545885608795
2026-10-04T01:30:00+05:30,Matara_Southern,23.5,86.81210959774404,0.0,1.72,156.7230872051441
2026-10-04T01:45:00+05:30,Matara_Southern,23.4,87.59813811603635,0.0,1.77,152.99739380596372
2026-10-04T02:00:00+05:30,Matara_Southern,23.3,88.24103597935391,0.0,1.82,149.2697066676526
2026-10-04T02:15:00+05:30,Matara_Southern,23.2,88.78859904005782,0.0,1.87,145.5407984289609
2026-10-04T02:30:00+05:30,Matara_Southern,23.2,89.27019915615432,0.0,1.92,141.81115914935518
2026-10-04T02:45:00+05:30,Matara_Southern,23.1,89.70497978538697,0.0,1.98,138.08112285342358
2026-10-04T03:00:00+05:30,Matara_Southern,23.1,90.10604831202369,0.0,2.03,134.35093346720979
2026-10-04T03:15:00+05:30,Matara_Southern,23.0,90.48277616465941,0.0,2.09,130.62078147669988
2026-10-04T03:30:00+05:30,Matara_Southern,23.0,90.84213560237816,0.0,2.1,126.89082424553429
2026-10-04T03:45:00+05:30,Matara_Southern,23.0,91.18951541779086,0.0,2.11,123.1611998756697
2026-10-04T04:00:00+05:30,Matara_Southern,23.0,91.52924089286779,0.0,2.11,119.43203662286467
2026-10-04T04:15:00+05:30,Matara_Southern,23.0,91.86491919096147,0.0,2.11,115.70345827095909
2026-10-04T04:30:00+05:30,Matara_Southern,23.1,92.19967821461893,0.0,2.07,111.97558956417423
2026-10-04T04:45:00+05:30,Matara_Southern,23.1,92.53633934770392,0.0,2.04,108.24856086099204
2026-10-04T05:00:00+05:30,Matara_Southern,23.2,92.87754900658405,0.0,2.04,104.52251096524819
2026-10-04T05:15:00+05:30,Matara_Southern,23.3,93.22588473564588,0.0,2.01,100.79759145517397
2026-10-04T05:30:00+05:30,Matara_Southern,23.4,93.58394691536819,0.0,1.93,97.07397128622759
2026-10-04T05:45:00+05:30,Matara_Southern,23.5,93.9544442939129,0.0,1.86,93.35184043207676
2026-10-04T06:00:00+05:30,Matara_Southern,23.7,94.34027963575681,0.0,1.72,89.63141584588864
2026-10-04T06:15:00+05:30,Matara_Southern,23.9,94.74464165026791,22.0,1.61,85.9129485803676
2026-10-04T06:30:00+05:30,Matara_Southern,24.1,95.1711096385834,65.0,1.51,82.19673100409929
2026-10-04T06:45:00+05:30,Matara_Southern,24.4,95.62377780594011,121.0,1.38,78.48310767120262
2026-10-04T07:00:00+05:30,Matara_Southern,24.7,96.10740847199014,186.0,1.27,74.77248913167982
2026-10-04T07:15:00+05:30,Matara_Southern,25.0,96.62762646698297,251.0,1.19,71.06536826826257
2026-10-04T07:30:00+05:30,Matara_Southern,25.3,97.19117104112058,313.0,1.12,67.36234369416856
2026-10-04T07:45:00+05:30,Matara_Southern,25.7,97.80622916720682,372.0,1.11,63.664150950872
2026-10-04T08:00:00+05:30,Matara_Southern,26.0,98.48288508228177,430.0,1.15,59.9717033234038
2026-10-04T08:15:00+05:30,Matara_Southern,26.4,99.23373712497994,487.0,1.26,56.28615023651087
2026-10-04T08:30:00+05:30,Matara_Southern,26.7,100.07476040891959,540.0,1.41,52.60895939611083
2026-10-04T08:45:00+05:30,Matara_Southern,27.1,101.02653762365185,590.0,1.58,48.942033291284275
2026-10-04T09:00:00+05:30,Matara_Southern,27.4,102.11605150472803,637.0,1.77,45.28788255229794
2026-10-04T09:15:00+05:30,Matara_Southern,27.8,103.37935589329766,682.0,1.98,41.64988715791101
2026-10-04T09:30:00+05:30,Matara_Southern,28.1,104.86565603558358,723.0,2.16,38.032699739962894
2026-10-04T09:45:00+05:30,Matara_Southern,28.4,106.6437076384126,760.0,2.34,34.44289274783191
2026-10-04T10:00:00+05:30,Matara_Southern,28.7,108.81213641307875,793.0,2.53,30.89002978468458
2026-10-04T10:15:00+05:30,Matara_Southern,29.0,111.51654697638583,823.0,2.65,27.388507224155752
2026-10-04T10:30:00+05:30,Matara_Southern,29.2,114.97855466761553,849.0,2.8,23.96085860448227
2026-10-04T10:45:00+05:30,Matara_Southern,29.4,119.54546962327777,871.0,2.91,20.643929228344362
2026-10-04T11:00:00+05:30,Matara_Southern,29.5,125.77224878341849,887.0,3.06,17.500800419357873
2026-10-04T11:15:00+05:30,Matara_Southern,29.7,134.5323664720642,895.0,3.11,14.643828718948313
2026-10-04T11:30:00+05:30,Matara_Southern,29.8,147.0366274277785,893.0,3.18,12.274493710593802
2026-10-04T11:45:00+05:30,Matara_Southern,29.8,164.2050548208615,885.0,3.2,10.721128164560582
2026-10-04T12:00:00+05:30,Matara_Southern,29.8,184.6634694454383,875.0,3.2,10.357602961655601
2026-10-04T12:15:00+05:30,Matara_Southern,29.8,204.03653842767477,866.0,3.19,11.299344081047053
2026-10-04T12:30:00+05:30,Matara_Southern,29.7,219.06020420429655,858.0,3.11,13.271327064847895
2026-10-04T12:45:00+05:30,Matara_Southern,29.6,229.7039618218668,848.0,3.03,15.894605745287052
2026-10-04T13:00:00+05:30,Matara_Southern,29.5,237.1811474971138,835.0,2.94,18.899891067080176
2026-10-04T13:15:00+05:30,Matara_Southern,29.4,242.5673466480737,816.0,2.83,22.132098636025674
2026-10-04T13:30:00+05:30,Matara_Southern,29.3,246.57785331485402,794.0,2.72,25.505089793267487
2026-10-04T13:45:00+05:30,Matara_Southern,29.1,249.66079964675748,769.0,2.58,28.969718403070786
2026-10-04T14:00:00+05:30,Matara_Southern,29.0,252.09849490293834,740.0,2.49,32.496675057084296
2026-10-04T14:15:00+05:30,Matara_Southern,28.8,254.07338677674866,708.0,2.37,36.06766658205891
2026-10-04T14:30:00+05:30,Matara_Southern,28.6,255.70702278136315,673.0,2.26,39.6707893945848
2026-10-04T14:45:00+05:30,Matara_Southern,28.4,257.0828354598685,635.0,2.17,43.2980088737539
2026-10-04T15:00:00+05:30,Matara_Southern,28.2,258.2596985706423,595.0,2.12,46.94372568347982
2026-10-04T15:15:00+05:30,Matara_Southern,27.9,259.28020556906387,552.0,2.06,50.60392736009021
2026-10-04T15:30:00+05:30,Matara_Southern,27.7,260.1758689684708,507.0,2.02,54.275668895048085
2026-10-04T15:45:00+05:30,Matara_Southern,27.5,260.97047565269713,460.0,2.0,57.95674215354984
2026-10-04T16:00:00+05:30,Matara_Southern,27.3,261.6823087394141,409.0,2.0,61.64545973024987
2026-10-04T16:15:00+05:30,Matara_Southern,27.1,262.32565444766516,357.0,2.02,65.34051129441704
2026-10-04T16:30:00+05:30,Matara_Southern,26.9,262.9118461781304,305.0,2.05,69.04086377254173
2026-10-04T16:45:00+05:30,Matara_Southern,26.7,263.4500028968872,251.0,2.09,72.74569117831497
2026-10-04T17:00:00+05:30,Matara_Southern,26.6,263.94756144963026,195.0,2.14,76.45432579290073
2026-10-04T17:15:00+05:30,Matara_Southern,26.4,264.410666903482,137.0,2.15,80.16622142982689
2026-10-04T17:30:00+05:30,Matara_Southern,26.3,264.84446400906035,81.0,2.19,83.88092614730733
2026-10-04T17:45:00+05:30,Matara_Southern,26.2,265.2533189239008,36.0,2.24,87.59806314609035
2026-10-04T18:00:00+05:30,Matara_Southern,26.0,265.64099089197214,5.0,2.22,91.31731498252469
2026-10-04T18:15:00+05:30,Matara_Southern,25.9,266.0107683095709,0.0,2.27,95.03841127732184
2026-10-04T18:30:00+05:30,Matara_Southern,25.8,266.3655796872796,0.0,2.26,98.76112050056881
2026-10-04T18:45:00+05:30,Matara_Southern,25.7,266.70808708396055,0.0,2.25,102.48524216476774
2026-10-04T19:00:00+05:30,Matara_Southern,25.6,267.04076853590647,0.0,2.28,106.21060043801201
2026-10-04T19:15:00+05:30,Matara_Southern,25.5,267.365995163464,0.0,2.27,109.93704030486472
2026-10-04T19:30:00+05:30,Matara_Southern,25.4,267.68610811401146,0.0,2.27,113.66442298879093
2026-10-04T19:45:00+05:30,Matara_Southern,25.3,268.0035015017651,0.0,2.26,117.39262189309646
2026-10-04T20:00:00+05:30,Matara_Southern,25.2,268.3207189746062,0.0,2.3,121.12152034372954
2026-10-04T20:15:00+05:30,Matara_Southern,25.1,268.6405740017387,0.0,2.26,124.85100790997723
2026-10-04T20:30:00+05:30,Matara_Southern,25.0,268.9663093910124,0.0,2.26,128.58097654829683
2026-10-04T20:45:00+05:30,Matara_Southern,24.9,269.3018203735051,0.0,2.23,132.31131771089184
2026-10-04T21:00:00+05:30,Matara_Southern,24.9,269.65198098629025,0.0,2.23,136.04191689603286
2026-09-27T21:15:00+05:30,Gampaha_Western,26.7,275.26958236629906,0.0,1.23,138.32812238863343
2026-09-27T21:30:00+05:30,Gampaha_Western,26.6,276.1715845399354,0.0,1.25,142.03232759960395
2026-09-27T21:45:00+05:30,Gampaha_Western,26.5,277.222990233346,0.0,1.23,145.72973624771487
2026-09-27T22:00:00+05:30,Gampaha_Western,26.4,278.47930880041486,0.0,1.19,149.41775245746697
2026-09-27T22:15:00+05:30,Gampaha_Western,26.3,280.0256230782432,0.0,1.17,153.09238751019996
2026-09-27T22:30:00+05:30,Gampaha_Western,26.2,281.99916293727324,0.0,1.12,156.7471728766585
2026-09-27T22:45:00+05:30,Gampaha_Western,26.1,284.63557311022026,0.0,1.08,160.37089512863366
2026-09-27T23:00:00+05:30,Gampaha_Western,26.1,288.3724660364404,0.0,1.03,163.9423889906593
2026-09-27T23:15:00+05:30,Gampaha_Western,26.0,294.1061361341915,0.0,0.99,167.41698090643118
2026-09-27T23:30:00+05:30,Gampaha_Western,25.9,303.8917250245812,0.0,0.96,170.68546674489497
2026-09-27T23:45:00+05:30,Gampaha_Western,25.8,322.7202160278289,0.0,0.96,173.43243946347067
2026-09-28T00:00:00+05:30,Gampaha_Western,25.7,357.54914955667687,0.0,0.94,174.76071602398292
2026-09-28T00:15:00+05:30,Gampaha_Western,25.6,34.06583898811965,0.0,0.96,173.69823052144125
2026-09-28T00:30:00+05:30,Gampaha_Western,25.5,54.563576481916186,0.0,0.98,171.06027071531324
2026-09-28T00:45:00+05:30,Gampaha_Western,25.5,65.1013231272085,0.0,1.01,167.83167835119582
2026-09-28T01:00:00+05:30,Gampaha_Western,25.5,71.1847665006469,0.0,0.99,164.37444451713145
2026-09-28T01:15:00+05:30,Gampaha_Western,25.5,75.10484105224396,0.0,0.97,160.8118371114514
2026-09-28T01:30:00+05:30,Gampaha_Western,25.4,77.84758413214678,0.0,0.99,157.19326612820024
2026-09-28T01:45:00+05:30,Gampaha_Western,25.3,79.88804342846964,0.0,1.03,153.54177129839246
2026-09-28T02:00:00+05:30,Gampaha_Western,25.2,81.47925852466665,0.0,1.04,149.8694127021667
2026-09-28T02:15:00+05:30,Gampaha_Western,25.1,82.76732362433074,0.0,1.05,146.18308395659037
2026-09-28T02:30:00+05:30,Gampaha_Western,25.0,83.84219343936036,0.0,1.14,142.4870059885439
2026-09-28T02:45:00+05:30,Gampaha_Western,25.0,84.76222646920326,0.0,1.21,138.78390931335224
2026-09-28T03:00:00+05:30,Gampaha_Western,24.9,85.56696088403447,0.0,1.33,135.07564336870902
2026-09-28T03:15:00+05:30,Gampaha_Western,24.9,86.2841910571077,0.0,1.46,131.36351159323505
2026-09-28T03:30:00+05:30,Gampaha_Western,24.9,86.93409706304794,0.0,1.56,127.64846461532089
2026-09-28T03:45:00+05:30,Gampaha_Western,24.9,87.53176339769993,0.0,1.7,123.93121880497597
2026-09-28T04:00:00+05:30,Gampaha_Western,24.8,88.08877577952023,0.0,1.88,120.21233151189774
2026-09-28T04:15:00+05:30,Gampaha_Western,24.8,88.6142690219545,0.0,1.98,116.49224914952721
2026-09-28T04:30:00+05:30,Gampaha_Western,24.8,89.11563642725673,0.0,2.02,112.77134106316456
2026-09-28T04:45:00+05:30,Gampaha_Western,24.8,89.59902502922597,0.0,1.87,109.0499235269549
2026-09-28T05:00:00+05:30,Gampaha_Western,24.8,90.0696924557684,0.0,1.65,105.32827592200864
2026-09-28T05:15:00+05:30,Gampaha_Western,24.7,90.53227267887684,0.0,1.43,101.60665435221735
2026-09-28T05:30:00+05:30,Gampaha_Western,24.7,90.9909820016893,0.0,1.38,97.8853026820112
2026-09-28T05:45:00+05:30,Gampaha_Western,24.7,91.44978663317994,0.0,1.41,94.16446053742519
2026-09-28T06:00:00+05:30,Gampaha_Western,24.7,91.91254665319826,0.0,1.5,90.44437203834556
2026-09-28T06:15:00+05:30,Gampaha_Western,24.8,92.38314821471852,9.0,1.64,86.72529439842134
2026-09-28T06:30:00+05:30,Gampaha_Western,24.9,92.86563401653314,39.0,1.74,83.00750547987401
2026-09-28T06:45:00+05:30,Gampaha_Western,25.2,93.36434100165638,78.0,1.76,79.2913139075711
2026-09-28T07:00:00+05:30,Gampaha_Western,25.5,93.88405541275796,126.0,1.81,75.57707094358841
2026-09-28T07:15:00+05:30,Gampaha_Western,25.9,94.43019724003676,179.0,1.85,71.86518353215835
2026-09-28T07:30:00+05:30,Gampaha_Western,26.2,95.00904891011845,237.0,1.88,68.15613270278618
2026-09-28T07:45:00+05:30,Gampaha_Western,26.6,95.62804924011363,298.0,1.85,64.45049752941951
2026-09-28T08:00:00+05:30,Gampaha_Western,27.0,96.29618266930737,359.0,1.82,60.74898561446577
2026-09-28T08:15:00+05:30,Gampaha_Western,27.4,97.0245071727212,415.0,1.83,57.0524767556577
2026-09-28T08:30:00+05:30,Gampaha_Western,27.7,97.82688753021284,462.0,1.92,53.362083926307385
2026-09-28T08:45:00+05:30,Gampaha_Western,28.1,98.72103774787462,502.0,2.02,49.679238937183804
2026-09-28T09:00:00+05:30,Gampaha_Western,28.4,99.73003730649117,542.0,2.11,46.00582005004927
2026-09-28T09:15:00+05:30,Gampaha_Western,28.8,100.8845927428249,590.0,2.21,42.34434385083888
2026-09-28T09:30:00+05:30,Gampaha_Western,29.1,102.22650372980524,648.0,2.33,38.69826084659743
2026-09-28T09:45:00+05:30,Gampaha_Western,29.4,103.81413286065663,707.0,2.42,35.07243073672242
2026-09-28T10:00:00+05:30,Gampaha_Western,29.6,105.73132092949709,758.0,2.55,31.473911397722837
2026-09-28T10:15:00+05:30,Gampaha_Western,29.8,108.10243158471923,785.0,2.69,27.913323209062867
2026-09-28T10:30:00+05:30,Gampaha_Western,30.0,111.11865615577642,787.0,2.76,24.40732732078635
2026-09-28T10:45:00+05:30,Gampaha_Western,30.0,115.08548955503244,775.0,2.79,20.98336126708614
2026-09-28T11:00:00+05:30,Gampaha_Western,29.9,120.50961471841242,763.0,2.8,17.689177138843718
2026-09-28T11:15:00+05:30,Gampaha_Western,29.9,128.25016314716203,764.0,2.8,14.612864041211552
2026-09-28T11:30:00+05:30,Gampaha_Western,29.8,139.70785737823815,776.0,2.84,11.924307198511428
2026-09-28T11:45:00+05:30,Gampaha_Western,29.9,156.6136903462732,791.0,2.97,9.943228732397884
2026-09-28T12:00:00+05:30,Gampaha_Western,30.0,178.85811804755735,801.0,3.11,9.141797462314926
2026-09-28T12:15:00+05:30,Gampaha_Western,30.1,201.4107244131771,800.0,3.29,9.813427682296947
2026-09-28T12:30:00+05:30,Gampaha_Western,30.1,218.86991940478885,790.0,3.41,11.707282609416666
2026-09-28T12:45:00+05:30,Gampaha_Western,29.9,230.75658626546303,774.0,3.44,14.347244757498217
2026-09-28T13:00:00+05:30,Gampaha_Western,29.5,238.76918656814334,753.0,3.41,17.396884901122846
2026-09-28T13:15:00+05:30,Gampaha_Western,29.2,244.36187128956905,728.0,3.34,20.675686686905237
2026-09-28T13:30:00+05:30,Gampaha_Western,28.9,248.43599290547118,699.0,3.3,24.09023449877347
2026-09-28T13:45:00+05:30,Gampaha_Western,28.9,251.52305456672724,667.0,3.26,27.59014498923385
2026-09-28T14:00:00+05:30,Gampaha_Western,29.0,253.94255162871036,629.0,3.22,31.146623502583722
2026-09-28T14:15:00+05:30,Gampaha_Western,29.1,255.89371937247108,585.0,3.18,34.74226854342081
2026-09-28T14:30:00+05:30,Gampaha_Western,29.1,257.5057033144607,535.0,3.16,38.3660335810577
2026-09-28T14:45:00+05:30,Gampaha_Western,28.8,258.8652918481175,484.0,3.13,42.010604757588005
2026-09-28T15:00:00+05:30,Gampaha_Western,28.3,260.03272597518986,433.0,3.15,45.67096153174852
2026-09-28T15:15:00+05:30,Gampaha_Western,27.9,261.05103799111674,386.0,3.13,49.34354857818382
2026-09-28T15:30:00+05:30,Gampaha_Western,27.6,261.95176358833504,342.0,3.11,53.02578025390517
2026-09-28T15:45:00+05:30,Gampaha_Western,27.5,262.7585503633754,299.0,3.0,56.71573094533372
2026-09-28T16:00:00+05:30,Gampaha_Western,27.5,263.4895064341599,259.0,2.91,60.41193564536565
2026-09-28T16:15:00+05:30,Gampaha_Western,27.6,264.1587713388319,219.0,2.75,64.11325916624429
2026-09-28T16:30:00+05:30,Gampaha_Western,27.6,264.77759287060366,181.0,2.58,67.81880604402721
2026-09-28T16:45:00+05:30,Gampaha_Western,27.6,265.3550829287595,145.0,2.33,71.52785765091767
2026-09-28T17:00:00+05:30,Gampaha_Western,27.5,265.89876040862634,113.0,2.09,75.23982878611385
2026-09-28T17:15:00+05:30,Gampaha_Western,27.3,266.4149497608254,84.0,1.93,78.95423489752929
2026-09-28T17:30:00+05:30,Gampaha_Western,27.2,266.90908096894213,58.0,1.85,82.67066761890715
2026-09-28T17:45:00+05:30,Gampaha_Western,27.0,267.3859218422269,34.0,1.86,86.38877757463314
2026-09-28T18:00:00+05:30,Gampaha_Western,26.8,267.84976363094125,11.0,1.92,90.10825972195555
2026-09-28T18:15:00+05:30,Gampaha_Western,26.6,268.3045757263501,0.0,1.99,93.82884149439515
2026-09-28T18:30:00+05:30,Gampaha_Western,26.4,268.7541415200644,0.0,2.01,97.55027433935639
2026-09-28T18:45:00+05:30,Gampaha_Western,26.3,269.20218490775596,0.0,1.99,101.27232496398794
2026-09-28T19:00:00+05:30,Gampaha_Western,26.2,269.6524966595997,0.0,1.93,104.9947671900865
2026-09-28T19:15:00+05:30,Gampaha_Western,26.2,270.1090701558285,0.0,1.92,108.71737537976088
2026-09-28T19:30:00+05:30,Gampaha_Western,26.1,270.5762569533946,0.0,1.9,112.43991586396456
2026-09-28T19:45:00+05:30,Gampaha_Western,25.9,271.0589562370278,0.0,1.95,116.16213719818018
2026-09-28T20:00:00+05:30,Gampaha_Western,25.7,271.5628575386669,0.0,2.02,119.8837598607322
2026-09-28T20:15:00+05:30,Gampaha_Western,25.6,272.0947643964156,0.0,2.04,123.60446114909035
2026-09-28T20:30:00+05:30,Gampaha_Western,25.4,272.66304189007315,0.0,2.04,127.32385489514712
2026-09-28T20:45:00+05:30,Gampaha_Western,25.4,273.27825594890714,0.0,1.9,131.04146455872328
2026-09-28T21:00:00+05:30,Gampaha_Western,25.3,273.9541148167277,0.0,1.75,134.7566818837911
2026-09-28T21:15:00+05:30,Gampaha_Western,25.3,274.7089009374407,0.0,1.63,138.4687044466869
2026-09-28T21:30:00+05:30,Gampaha_Western,25.3,275.5677255997877,0.0,1.57,142.17643910717453
2026-09-28T21:45:00+05:30,Gampaha_Western,25.2,276.56621825955955,0.0,1.56,145.87834153126911
2026-09-28T22:00:00+05:30,Gampaha_Western,25.2,277.7568391124031,0.0,1.56,149.57214083674143
2026-09-28T22:15:00+05:30,Gampaha_Western,25.1,279.22026194565234,0.0,1.62,153.2543418259508
2026-09-28T22:30:00+05:30,Gampaha_Western,25.1,281.0872276974562,0.0,1.66,156.91925780472002
2026-09-28T22:45:00+05:30,Gampaha_Western,25.0,283.58382854190586,0.0,1.68,160.55697789709203
2026-09-28T23:00:00+05:30,Gampaha_Western,25.0,287.134550707878,0.0,1.66,164.14863450280035
2026-09-28T23:15:00+05:30,Gampaha_Western,24.9,292.6247840020694,0.0,1.7,167.65382624590643
2026-09-28T23:30:00+05:30,Gampaha_Western,24.9,302.1540321571867,0.0,1.7,170.97114515332873
2026-09-28T23:45:00+05:30,Gampaha_Western,24.9,321.18126037386935,0.0,1.6,173.79161511641854
2026-09-29T00:00:00+05:30,Gampaha_Western,24.8,358.3513493801804,0.0,1.54,175.15229026025267
2026-09-29T00:15:00+05:30,Gampaha_Western,24.8,36.791693896377296,0.0,1.5,173.96767177807547
2026-09-29T00:30:00+05:30,Gampaha_Western,24.8,56.9478550881945,0.0,1.51,171.2131145637461
2026-09-29T00:45:00+05:30,Gampaha_Western,24.8,66.94977591893178,0.0,1.47,167.9186158547571
2026-09-29T01:00:00+05:30,Gampaha_Western,24.8,72.65298525915131,0.0,1.39,164.42315641132407
2026-09-29T01:15:00+05:30,Gampaha_Western,24.8,76.31373678274923,0.0,1.3,160.8364729582696
2026-09-29T01:30:00+05:30,Gampaha_Western,24.7,78.87389224362767,0.0,1.3,157.20166956159483
2026-09-29T01:45:00+05:30,Gampaha_Western,24.6,80.78088507761788,0.0,1.36,153.53866423676953
2026-09-29T02:00:00+05:30,Gampaha_Western,24.5,82.27131825069148,0.0,1.55,149.8578374051535
2026-09-29T02:15:00+05:30,Gampaha_Western,24.3,83.48124345869729,0.0,1.73,146.16511049232437
2026-09-29T02:30:00+05:30,Gampaha_Western,24.2,84.4942384240224,0.0,1.77,142.46410703337318
2026-09-29T02:45:00+05:30,Gampaha_Western,24.2,85.36445717735972,0.0,1.7,138.75717221729087
2026-09-29T03:00:00+05:30,Gampaha_Western,24.1,86.1285715057166,0.0,1.68,135.04589698014124
2026-09-29T03:15:00+05:30,Gampaha_Western,24.1,86.81236445565645,0.0,1.88,131.3314057348077
2026-09-29T03:30:00+05:30,Gampaha_Western,24.0,87.43456983401961,0.0,2.14,127.61452192831709
2026-09-29T03:45:00+05:30,Gampaha_Western,23.9,88.00921080610874,0.0,2.32,123.8958697796803
2026-09-29T04:00:00+05:30,Gampaha_Western,23.8,88.54708132838698,0.0,2.44,120.17593891841624
2026-09-29T04:15:00+05:30,Gampaha_Western,23.6,89.05671810296838,0.0,2.53,116.45512558620686
2026-09-29T04:30:00+05:30,Gampaha_Western,23.5,89.54505885709204,0.0,2.57,112.73376193232758
2026-09-29T04:45:00+05:30,Gampaha_Western,23.5,90.01790250237036,0.0,2.51,109.01213691018586
2026-09-29T05:00:00+05:30,Gampaha_Western,23.5,90.48024156278001,0.0,2.37,105.29051034403335
2026-09-29T05:15:00+05:30,Gampaha_Western,23.5,90.93651077311586,0.0,2.21,101.56912509795718
2026-09-29T05:30:00+05:30,Gampaha_Western,23.5,91.39078102761795,0.0,2.13,97.84821714706959
2026-09-29T05:45:00+05:30,Gampaha_Western,23.5,91.84691863164284,0.0,2.21,94.12802296758936
2026-09-29T06:00:00+05:30,Gampaha_Western,23.5,92.30872376116804,0.0,2.32,90.4087879393901
2026-09-29T06:15:00+05:30,Gampaha_Western,23.5,92.78005940453943,7.0,2.45,86.69077485543662
2026-09-29T06:30:00+05:30,Gampaha_Western,23.6,93.26498049197943,30.0,2.55,82.97427161237734
2026-09-29T06:45:00+05:30,Gampaha_Western,23.8,93.76787202785988,60.0,2.55,79.2596016813924
2026-09-29T07:00:00+05:30,Gampaha_Western,24.0,94.29360637318791,96.0,2.48,75.5471366037356
2026-09-29T07:15:00+05:30,Gampaha_Western,24.3,94.84773190128135,137.0,2.34,71.83730995713711
2026-09-29T07:30:00+05:30,Gampaha_Western,24.6,95.4367082364904,184.0,2.31,68.1306370732681
2026-09-29T07:45:00+05:30,Gampaha_Western,25.0,96.0682096966745,235.0,2.36,64.42774082991282
2026-09-29T08:00:00+05:30,Gampaha_Western,25.4,96.75152786460501,290.0,2.47,60.72938468239852
2026-09-29T08:15:00+05:30,Gampaha_Western,25.9,97.49811802592774,349.0,2.55,57.03651988323966
2026-09-29T08:30:00+05:30,Gampaha_Western,26.4,98.32235810994882,414.0,2.55,53.35035147230414
2026-09-29T08:45:00+05:30,Gampaha_Western,27.0,99.24262679163246,481.0,2.43,49.67243109329853
2026-09-29T09:00:00+05:30,Gampaha_Western,27.5,100.28286950473989,540.0,2.3,46.004795015542726
2026-09-29T09:15:00+05:30,Gampaha_Western,28.1,101.47492959189441,580.0,2.25,42.35017143254232
2026-09-29T09:30:00+05:30,Gampaha_Western,28.5,102.86211120909172,590.0,2.26,38.712299424165174
2026-09-29T09:45:00+05:30,Gampaha_Western,28.7,104.50478096691484,586.0,2.32,35.09644043596311
2026-09-29T10:00:00+05:30,Gampaha_Western,28.8,106.48945148971563,589.0,2.48,31.510224665732657
2026-09-29T10:15:00+05:30,Gampaha_Western,28.9,108.9440000292488,625.0,2.69,27.965108206831594
2026-09-29T10:30:00+05:30,Gampaha_Western,29.1,112.06399892526474,696.0,2.95,24.47900271266697
2026-09-29T10:45:00+05:30,Gampaha_Western,29.3,116.1594730093596,782.0,3.2,21.0812523403974
2026-09-29T11:00:00+05:30,Gampaha_Western,29.6,121.73817353623792,857.0,3.38,17.822509519588166
2026-09-29T11:15:00+05:30,Gampaha_Western,29.8,129.64301522353406,897.0,3.56,14.79496148767322
2026-09-29T11:30:00+05:30,Gampaha_Western,30.0,141.19682573350627,902.0,3.65,12.172403377885658
2026-09-29T11:45:00+05:30,Gampaha_Western,30.2,157.9055334651141,891.0,3.58,10.26996489913968
2026-09-29T12:00:00+05:30,Gampaha_Western,30.2,179.41111579381027,879.0,3.45,9.529202955923125
2026-09-29T12:15:00+05:30,Gampaha_Western,30.3,201.0566278364114,884.0,3.29,10.206283109363511
2026-09-29T12:30:00+05:30,Gampaha_Western,30.3,218.02479587418537,901.0,3.24,12.064809963508651
2026-09-29T12:45:00+05:30,Gampaha_Western,30.4,229.78731284427283,920.0,3.34,14.662184512160849
2026-09-29T13:00:00+05:30,Gampaha_Western,30.4,237.82801079173865,929.0,3.55,17.67562289485653
2026-09-29T13:15:00+05:30,Gampaha_Western,30.4,243.49216404156226,921.0,3.76,20.92612528633481
2026-09-29T13:30:00+05:30,Gampaha_Western,30.4,247.64240378292686,900.0,3.91,24.318793207898324
2026-09-29T13:45:00+05:30,Gampaha_Western,30.4,250.7985710114686,869.0,3.94,27.801602412346675
2026-09-29T14:00:00+05:30,Gampaha_Western,30.3,253.27767228729542,833.0,3.97,31.344490834680094
2026-09-29T14:15:00+05:30,Gampaha_Western,30.3,255.27934914295832,793.0,3.89,34.92915124504861
2026-09-29T14:30:00+05:30,Gampaha_Western,30.2,256.9339195822308,751.0,3.87,38.54389819793339
2026-09-29T14:45:00+05:30,Gampaha_Western,30.0,258.3294088246624,704.0,3.76,42.1809635708562
2026-09-29T15:00:00+05:30,Gampaha_Western,29.9,259.52714926369595,651.0,3.64,45.83499899209854
2026-09-29T15:15:00+05:30,Gampaha_Western,29.7,260.57107787101967,591.0,3.51,49.50220856500947
2026-09-29T15:30:00+05:30,Gampaha_Western,29.5,261.49346138473413,524.0,3.38,53.17982719532059
2026-09-29T15:45:00+05:30,Gampaha_Western,29.4,262.31853186413485,456.0,3.3,56.86579337858583
2026-09-29T16:00:00+05:30,Gampaha_Western,29.2,263.06486254342775,389.0,3.26,60.55853782430404
2026-09-29T16:15:00+05:30,Gampaha_Western,29.1,263.7469620400443,326.0,3.22,64.2568444057201
2026-09-29T16:30:00+05:30,Gampaha_Western,28.9,264.3763698818371,264.0,3.1,67.95975427303591
2026-09-29T16:45:00+05:30,Gampaha_Western,28.6,264.9624268843112,208.0,2.87,71.6664988460067
2026-09-29T17:00:00+05:30,Gampaha_Western,28.4,265.5128291067714,157.0,2.58,75.37645343781423
2026-09-29T17:15:00+05:30,Gampaha_Western,28.1,266.03403467913864,112.0,2.3,79.08910232950463
2026-09-29T17:30:00+05:30,Gampaha_Western,27.8,266.531569797565,72.0,2.04,82.80401274278215
2026-09-29T17:45:00+05:30,Gampaha_Western,27.5,267.01026519352865,38.0,1.79,86.52081651187663
2026-09-29T18:00:00+05:30,Gampaha_Western,27.2,267.4744443616943,11.0,1.52,90.23919462218899
2026-09-29T18:15:00+05:30,Gampaha_Western,26.9,267.9280794811934,0.0,1.3,93.95886480680284
2026-09-29T18:30:00+05:30,Gampaha_Western,26.7,268.3749271714257,0.0,1.15,97.67957276068168
2026-09-29T18:45:00+05:30,Gampaha_Western,26.5,268.81865352950274,0.0,1.16,101.40108324865957
2026-09-29T19:00:00+05:30,Gampaha_Western,26.5,269.2629575280433,0.0,1.25,105.12317201878331
2026-09-29T19:15:00+05:30,Gampaha_Western,26.4,269.71170198409925,0.0,1.37,108.84561948547857
2026-09-29T19:30:00+05:30,Gampaha_Western,26.3,270.1690621076216,0.0,1.43,112.56820265160565
2026-09-29T19:45:00+05:30,Gampaha_Western,26.2,270.63970497064815,0.0,1.51,116.29068615214219
2026-09-29T20:00:00+05:30,Gampaha_Western,26.1,271.1290181954725,0.0,1.53,120.01281313269952
2026-09-29T20:15:00+05:30,Gampaha_Western,26.0,271.643413901107,0.0,1.56,123.7342918689088
2026-09-29T20:30:00+05:30,Gampaha_Western,25.9,272.19074833122534,0.0,1.59,127.45477800024629
2026-09-29T20:45:00+05:30,Gampaha_Western,25.8,272.7809211317219,0.0,1.6,131.1738513130383
2026-09-29T21:00:00+05:30,Gampaha_Western,25.7,273.42675845824215,0.0,1.58,134.89097991343792
2026-09-29T21:15:00+05:30,Gampaha_Western,25.6,274.14535807438284,0.0,1.57,138.60546619099443
2026-09-29T21:30:00+05:30,Gampaha_Western,25.5,274.96021199648396,0.0,1.54,142.31636347483862
2026-09-29T21:45:00+05:30,Gampaha_Western,25.4,275.90469018997004,0.0,1.54,146.02233697102372
2026-09-29T22:00:00+05:30,Gampaha_Western,25.2,277.0280249499582,0.0,1.5,149.7214245227347
2026-09-29T22:15:00+05:30,Gampaha_Western,25.1,278.4061592022789,0.0,1.44,153.4106026054851
2026-09-29T22:30:00+05:30,Gampaha_Western,25.0,280.1627256203018,0.0,1.47,157.08493790527714
2026-09-29T22:45:00+05:30,Gampaha_Western,24.9,282.51297298909793,0.0,1.57,160.73578963694004
2026-09-29T23:00:00+05:30,Gampaha_Western,24.8,285.8653108942395,0.0,1.74,164.3465726702958
2026-09-29T23:15:00+05:30,Gampaha_Western,24.8,291.08685395850017,0.0,1.91,167.8812709518118
2026-09-29T23:30:00+05:30,Gampaha_Western,24.7,300.3036466393816,0.0,1.98,171.24706540012772
2026-09-29T23:45:00+05:30,Gampaha_Western,24.7,319.44944945549946,0.0,1.91,174.14488837690612
2026-09-30T00:00:00+05:30,Gampaha_Western,24.7,359.28029764233867,0.0,1.77,175.5424372122237
2026-09-30T00:15:00+05:30,Gampaha_Western,24.7,39.75397308877956,0.0,1.64,174.222762056164
2026-09-30T00:30:00+05:30,Gampaha_Western,24.7,59.406127554119166,0.0,1.57,171.3512241278736
2026-09-30T00:45:00+05:30,Gampaha_Western,24.6,68.81943400330397,0.0,1.59,167.99405563557025
2026-09-30T01:00:00+05:30,Gampaha_Western,24.6,74.12701137814389,0.0,1.7,164.46301158331653
2026-09-30T01:15:00+05:30,Gampaha_Western,24.5,77.52344268531459,0.0,1.81,160.85414544906052
2026-09-30T01:30:00+05:30,Gampaha_Western,24.4,79.8992823174541,0.0,1.86,157.2044861400185
2026-09-30T01:45:00+05:30,Gampaha_Western,24.4,81.6722345916117,0.0,1.84,153.53100633653472
2026-09-30T02:00:00+05:30,Gampaha_Western,24.3,83.06175120265101,0.0,1.75,149.84251844935886
2026-09-30T02:15:00+05:30,Gampaha_Western,24.3,84.19357384211003,0.0,1.66,146.14404181570336
2026-09-30T02:30:00+05:30,Gampaha_Western,24.2,85.14479566082434,0.0,1.61,142.43864775886846
2026-09-30T02:45:00+05:30,Gampaha_Western,24.2,85.96532107866653,0.0,1.61,138.72832623124816
2026-09-30T03:00:00+05:30,Gampaha_Western,24.1,86.68893638671841,0.0,1.61,135.01443035578288
2026-09-30T03:15:00+05:30,Gampaha_Western,24.1,87.3394055422408,0.0,1.61,131.29792017319764
2026-09-30T03:30:00+05:30,Gampaha_Western,24.0,87.93401339437241,0.0,1.61,127.57950261220194
2026-09-30T03:45:00+05:30,Gampaha_Western,24.0,88.48572135369363,0.0,1.59,123.85971769403389
2026-09-30T04:00:00+05:30,Gampaha_Western,24.0,89.00453216159485,0.0,1.52,120.13899339996354
2026-09-30T04:15:00+05:30,Gampaha_Western,24.0,89.49838532036063,0.0,1.5,116.41768053718178
2026-09-30T04:30:00+05:30,Gampaha_Western,24.0,89.97376397414735,0.0,1.49,112.69607783285966
2026-09-30T04:45:00+05:30,Gampaha_Western,24.0,90.43611985333399,0.0,1.47,108.97444999789175
2026-09-30T05:00:00+05:30,Gampaha_Western,24.0,90.89018121218965,0.0,1.47,105.25303986250432
2026-09-30T05:15:00+05:30,Gampaha_Western,24.0,91.34018425322887,0.0,1.47,101.53207923832277
2026-09-30T05:30:00+05:30,Gampaha_Western,24.0,91.79005502993715,0.0,1.52,97.81179812638963
2026-09-30T05:45:00+05:30,Gampaha_Western,24.0,92.24356037200289,0.0,1.68,94.09243157690007
2026-09-30T06:00:00+05:30,Gampaha_Western,24.0,92.70444083368392,0.0,1.83,90.3742278301209
2026-09-30T06:15:00+05:30,Gampaha_Western,24.1,93.17653636358273,12.0,2.04,86.65745678992872
2026-09-30T06:30:00+05:30,Gampaha_Western,24.2,93.66391406941113,46.0,2.1,82.94241789928071
2026-09-30T06:45:00+05:30,Gampaha_Western,24.5,94.17100674621037,89.0,2.06,79.22945102437212
2026-09-30T07:00:00+05:30,Gampaha_Western,25.0,94.70277232739386,138.0,1.98,75.51894961568446
2026-09-30T07:15:00+05:30,Gampaha_Western,25.5,95.26488665555951,190.0,1.79,71.81137565478754
2026-09-30T07:30:00+05:30,Gampaha_Western,25.9,95.8639851284272,244.0,1.59,68.10728075033602
2026-09-30T07:45:00+05:30,Gampaha_Western,26.3,96.50797540877954,300.0,1.35,64.40733384061637
2026-09-30T08:00:00+05:30,Gampaha_Western,26.7,97.20645298921806,356.0,1.12,60.712356871009106
2026-09-30T08:15:00+05:30,Gampaha_Western,27.1,97.97126560454137,411.0,1.05,57.02337568731147
2026-09-30T08:30:00+05:30,Gampaha_Western,27.4,98.81729695244519,463.0,1.23,53.34169119141459
2026-09-30T08:45:00+05:30,Gampaha_Western,27.8,99.7635789941973,511.0,1.59,49.668979523124804
2026-09-30T09:00:00+05:30,Gampaha_Western,28.2,100.83490521146359,558.0,2.04,46.00744074734523
2026-09-30T09:15:00+05:30,Gampaha_Western,28.6,102.06422690266675,607.0,2.55,42.360021903411265
2026-09-30T09:30:00+05:30,Gampaha_Western,28.9,103.49630490163787,657.0,2.95,38.730759706507264
2026-09-30T09:45:00+05:30,Gampaha_Western,29.2,105.19342805371423,705.0,3.17,35.125328563322
2026-09-30T10:00:00+05:30,Gampaha_Western,29.5,107.24463582285864,751.0,3.24,31.551944341894384
2026-09-30T10:15:00+05:30,Gampaha_Western,29.8,109.78105191102225,794.0,3.27,28.022913015481734
2026-09-30T10:30:00+05:30,Gampaha_Western,30.0,113.00211798332487,834.0,3.35,24.557406344593886
2026-09-30T10:45:00+05:30,Gampaha_Western,30.0,117.22137807599972,869.0,3.51,21.18666246981968
2026-09-30T11:00:00+05:30,Gampaha_Western,30.0,122.94565782154967,898.0,3.67,17.964145573580453
2026-09-30T11:15:00+05:30,Gampaha_Western,30.0,130.99816430257283,918.0,3.78,14.985826524699675
2026-09-30T11:30:00+05:30,Gampaha_Western,29.9,142.62120627372764,928.0,3.89,12.428557010227436
2026-09-30T11:45:00+05:30,Gampaha_Western,29.9,159.1116387254874,931.0,3.94,10.601570593919888
2026-09-30T12:00:00+05:30,Gampaha_Western,30.0,179.91474812837248,929.0,3.89,9.917067591454355
2026-09-30T12:15:00+05:30,Gampaha_Western,30.0,200.72348769956565,926.0,3.89,10.598773280333162
2026-09-30T12:30:00+05:30,Gampaha_Western,30.0,217.22458263858812,919.0,3.87,12.423788401656694
2026-09-30T12:45:00+05:30,Gampaha_Western,30.0,228.85629559300708,909.0,3.91,14.979902493996661
2026-09-30T13:00:00+05:30,Gampaha_Western,30.0,236.91428154049612,895.0,3.99,17.957569312725283
2026-09-30T13:15:00+05:30,Gampaha_Western,29.9,242.6416745742356,877.0,4.06,21.179710626486894
2026-09-30T13:30:00+05:30,Gampaha_Western,29.9,246.86249666022306,857.0,4.1,24.550232903439962
2026-09-30T13:45:00+05:30,Gampaha_Western,29.9,250.08409248604045,832.0,4.08,28.015608171133792
2026-09-30T14:00:00+05:30,Gampaha_Western,29.9,252.62031030436896,803.0,4.06,31.544565331793244
2026-09-30T14:15:00+05:30,Gampaha_Western,29.9,254.67076713432587,768.0,4.0,35.11791435382569
2026-09-30T14:30:00+05:30,Gampaha_Western,29.9,256.3666878365874,728.0,3.94,38.72333847722453
2026-09-30T14:45:00+05:30,Gampaha_Western,29.9,257.79716992285466,684.0,3.84,42.352616439191
2026-09-30T15:00:00+05:30,Gampaha_Western,29.8,259.0245332203381,638.0,3.74,46.00007055621898
2026-09-30T15:15:00+05:30,Gampaha_Western,29.7,260.0935520513953,590.0,3.64,49.66166196457844
2026-09-30T15:30:00+05:30,Gampaha_Western,29.6,261.0371794712048,541.0,3.54,53.33444353887716
2026-09-30T15:45:00+05:30,Gampaha_Western,29.4,261.8802015373744,491.0,3.44,57.01621541702898
2026-09-30T16:00:00+05:30,Gampaha_Western,29.3,262.64163535177045,437.0,3.34,60.70530177863229
2026-09-30T16:15:00+05:30,Gampaha_Western,29.1,263.33634344767967,381.0,3.24,64.4004035526486
2026-09-30T16:30:00+05:30,Gampaha_Western,28.9,263.9761460209145,324.0,3.09,68.10049671784657
2026-09-30T16:45:00+05:30,Gampaha_Western,28.7,264.57060454111706,266.0,2.84,71.80476114604426
2026-09-30T17:00:00+05:30,Gampaha_Western,28.5,265.12758591382226,209.0,2.55,75.51253122609053
2026-09-30T17:15:00+05:30,Gampaha_Western,28.4,265.6536769866598,152.0,2.26,79.2232587544517
2026-09-30T17:30:00+05:30,Gampaha_Western,28.1,266.1544961500555,98.0,1.98,82.93648531176508
2026-09-30T17:45:00+05:30,Gampaha_Western,27.8,266.634933681949,51.0,1.73,86.65182276882527
2026-09-30T18:00:00+05:30,Gampaha_Western,27.5,267.0993423594303,13.0,1.46,90.36893699344517
2026-09-30T18:15:00+05:30,Gampaha_Western,27.1,267.55169441591295,0.0,1.27,94.08753487254256
2026-09-30T18:30:00+05:30,Gampaha_Western,26.8,267.9957170289251,0.0,1.18,97.80735516477532
2026-09-30T18:45:00+05:30,Gampaha_Western,26.7,268.43501573310914,0.0,1.12,101.5281594433708
2026-09-30T19:00:00+05:30,Gampaha_Western,26.6,268.87319467314177,0.0,1.06,105.2497240264379
2026-09-30T19:15:00+05:30,Gampaha_Western,26.5,269.31398260174353,0.0,0.98,108.97183387235685
2026-09-30T19:30:00+05:30,Gampaha_Western,26.4,269.76137414702447,0.0,0.91,112.69427493945105
2026-09-30T19:45:00+05:30,Gampaha_Western,26.3,270.21979894031233,0.0,0.8,116.41682594434282
2026-09-30T20:00:00+05:30,Gampaha_Western,26.3,270.69433575949256,0.0,0.74,120.13925032957468
2026-09-30T20:15:00+05:30,Gampaha_Western,26.2,271.19099600054597,0.0,0.68,123.86128448437273
2026-09-30T20:30:00+05:30,Gampaha_Western,26.1,271.7171142271099,0.0,0.71,127.58262232211658
2026-09-30T20:45:00+05:30,Gampaha_Western,26.0,272.28190556482014,0.0,0.74,131.3028955261737
2026-09-30T21:00:00+05:30,Gampaha_Western,25.9,272.89728741357857,0.0,0.85,135.02164290859187
2026-09-30T21:15:00+05:30,Gampaha_Western,25.7,273.5791325955848,0.0,0.92,138.7382643191353
2026-09-30T21:30:00+05:30,Gampaha_Western,25.6,274.3492508534311,0.0,0.96,142.45194982320723
2026-09-30T21:45:00+05:30,Gampaha_Western,25.5,275.23864992967435,0.0,0.96,146.16156105038414
2026-09-30T22:00:00+05:30,Gampaha_Western,25.4,276.2931584052783,0.0,0.9,149.86542661244582
2026-09-30T22:15:00+05:30,Gampaha_Western,25.3,277.5836696063715,0.0,0.83,153.56096983255165
2026-09-30T22:30:00+05:30,Gampaha_Western,25.2,279.2260883467516,0.0,0.85,157.2439767176907
2026-09-30T22:45:00+05:30,Gampaha_Western,25.1,281.42350872049064,0.0,0.85,160.90703287375143
2026-09-30T23:00:00+05:30,Gampaha_Western,24.9,284.5651893144105,0.0,0.87,164.5357962661651
2026-09-30T23:15:00+05:30,Gampaha_Western,24.8,289.49191354519655,0.0,0.87,168.09869599015337
2026-09-30T23:30:00+05:30,Gampaha_Western,24.7,298.3343913247555,0.0,0.94,171.5122116427076
2026-09-30T23:45:00+05:30,Gampaha_Western,24.7,317.4917809859868,0.0,1.05,174.4910983735242
2026-10-01T00:00:00+05:30,Gampaha_Western,24.6,0.3701488486889275,0.0,1.21,175.9308110463941
2026-10-01T00:15:00+05:30,Gampaha_Western,24.6,42.9678007899239,0.0,1.32,174.46163773291568
2026-10-01T00:30:00+05:30,Gampaha_Western,24.5,61.93271063053896,0.0,1.48,171.47400758272016
2026-10-01T00:45:00+05:30,Gampaha_Western,24.5,70.70667956476132,0.0,1.63,168.0579014329548
2026-10-01T01:00:00+05:30,Gampaha_Western,24.5,75.60490388746342,0.0,1.74,164.4940606089994
2026-10-01T01:15:00+05:30,Gampaha_Western,24.5,78.73283701199477,0.0,1.86,160.86495187222516
2026-10-01T01:30:00+05:30,Gampaha_Western,24.5,80.92304414030565,0.0,1.92,157.20182851345623
2026-10-01T01:45:00+05:30,Gampaha_Western,24.4,82.56160469574723,0.0,1.9,153.51891472294318
2026-10-01T02:00:00+05:30,Gampaha_Western,24.3,83.8501999719141,0.0,1.78,149.82357339666794
2026-10-01T02:15:00+05:30,Gampaha_Western,24.3,84.90403785481408,0.0,1.69,146.11999440952303
2026-10-01T02:30:00+05:30,Gampaha_Western,24.2,85.7936407428881,0.0,1.61,142.41074304758985
2026-10-01T02:45:00+05:30,Gampaha_Western,24.1,86.56462949444585,0.0,1.58,138.6974845160899
2026-10-01T03:00:00+05:30,Gampaha_Western,24.0,87.24789199099746,0.0,1.55,134.9813549745212
2026-10-01T03:15:00+05:30,Gampaha_Western,24.0,87.86516894822626,0.0,1.57,131.26316480330695
2026-10-01T03:30:00+05:30,Gampaha_Western,23.9,88.43229576244812,0.0,1.61,127.54351508875453
2026-10-01T03:45:00+05:30,Gampaha_Western,23.9,88.96117304854192,0.0,1.64,123.82286960562055
2026-10-01T04:00:00+05:30,Gampaha_Western,23.9,89.46101377970297,0.0,1.66,120.10160074242503
2026-10-01T04:15:00+05:30,Gampaha_Western,23.8,89.93916176907868,0.0,1.72,116.3800185940766
2026-10-01T04:30:00+05:30,Gampaha_Western,23.8,90.40164697565024,0.0,1.75,112.6583922274079
2026-10-01T04:45:00+05:30,Gampaha_Western,23.8,90.853575168146,0.0,1.74,108.93696517185134
2026-10-01T05:00:00+05:30,Gampaha_Western,23.7,91.2994113554521,0.0,1.74,105.21596581281901
2026-10-01T05:15:00+05:30,Gampaha_Western,23.7,91.74319403981224,0.0,1.73,101.49561708346934
2026-10-01T05:30:00+05:30,Gampaha_Western,23.7,92.18870508185717,0.0,1.7,97.77614491238323
2026-10-01T05:45:00+05:30,Gampaha_Western,23.9,92.63961230541219,0.0,1.67,94.0577846367084
2026-10-01T06:00:00+05:30,Gampaha_Western,24.1,93.09959693561439,0.0,1.58,90.34078894049185
2026-10-01T06:15:00+05:30,Gampaha_Western,24.4,93.5724759867307,11.0,1.5,86.62543635535026
2026-10-01T06:30:00+05:30,Gampaha_Western,24.8,94.06232864037821,46.0,1.48,82.91203936901874
2026-10-01T06:45:00+05:30,Gampaha_Western,25.1,94.5736351302171,92.0,1.47,79.20095576957428
2026-10-01T07:00:00+05:30,Gampaha_Western,25.6,95.11143829670891,146.0,1.47,75.49260252388552
2026-10-01T07:15:00+05:30,Gampaha_Western,26.0,95.68154037205937,202.0,1.45,71.78747175809507
2026-10-01T07:30:00+05:30,Gampaha_Western,26.4,96.29075087723015,256.0,1.5,68.08615329636878
2026-10-01T07:45:00+05:30,Gampaha_Western,26.7,96.94720835904587,308.0,1.53,64.38936434635109
2026-10-01T08:00:00+05:30,Gampaha_Western,27.1,97.66080857391921,360.0,1.57,60.69798791238081
2026-10-01T08:15:00+05:30,Gampaha_Western,27.4,98.44378628120921,413.0,1.63,57.01312748193962
2026-10-01T08:30:00+05:30,Gampaha_Western,27.8,99.31152278864909,466.0,1.72,53.33618349072631
2026-10-01T08:45:00+05:30,Gampaha_Western,28.1,100.28369087641289,518.0,1.79,49.668961052471545
2026-10-01T09:00:00+05:30,Gampaha_Western,28.4,101.38591263142382,567.0,1.88,46.01382954277408
2026-10-01T09:15:00+05:30,Gampaha_Western,28.7,102.65221624960083,613.0,1.94,42.37396166888684
2026-10-01T09:30:00+05:30,Gampaha_Western,28.9,104.12876823408368,655.0,2.06,38.75370018872689
2026-10-01T09:45:00+05:30,Gampaha_Western,29.2,105.87969323449295,693.0,2.16,35.159142617512856
2026-10-01T10:00:00+05:30,Gampaha_Western,29.4,107.99640598228814,728.0,2.31,31.599102037041447
2026-10-01T10:15:00+05:30,Gampaha_Western,29.7,110.61300098403916,759.0,2.44,28.086745328342005
2026-10-01T10:30:00+05:30,Gampaha_Western,29.9,113.93227023458667,786.0,2.53,24.64250832906275
2026-10-01T10:45:00+05:30,Gampaha_Western,30.1,118.27027659187127,809.0,2.66,21.299500376408673
2026-10-01T11:00:00+05:30,Gampaha_Western,30.2,124.13102333891129,830.0,2.74,18.113891755462987
2026-10-01T11:15:00+05:30,Gampaha_Western,30.4,132.3149499395377,851.0,2.82,15.18510303565948
2026-10-01T11:30:00+05:30,Gampaha_Western,30.5,143.98250496602316,874.0,2.9,12.692217534559603
2026-10-01T11:45:00+05:30,Gampaha_Western,30.5,160.23809207040654,895.0,2.95,10.937492866435377
2026-10-01T12:00:00+05:30,Gampaha_Western,30.6,180.37396665437137,908.0,3.0,10.305183259387022
2026-10-01T12:15:00+05:30,Gampaha_Western,30.6,200.40864693533996,909.0,3.0,10.990753891863747
2026-10-01T12:30:00+05:30,Gampaha_Western,30.5,216.465451807341,900.0,3.01,12.78390630676904
2026-10-01T12:45:00+05:30,Gampaha_Western,30.5,227.96138030349255,882.0,3.02,15.300040976376238
2026-10-01T13:00:00+05:30,Gampaha_Western,30.4,236.02701461145617,859.0,2.99,18.242398398182885
2026-10-01T13:15:00+05:30,Gampaha_Western,30.3,241.8099827247441,833.0,2.94,21.436161603687935
2026-10-01T13:30:00+05:30,Gampaha_Western,30.2,246.09610774418067,804.0,2.91,24.78431008699323
2026-10-01T13:45:00+05:30,Gampaha_Western,30.1,249.37957357003785,769.0,2.82,28.23194714745447
2026-10-01T14:00:00+05:30,Gampaha_Western,29.9,251.9704766733694,728.0,2.79,31.746652824215943
2026-10-01T14:15:00+05:30,Gampaha_Western,29.8,254.0680119946969,677.0,2.63,35.30837925116832
2026-10-01T14:30:00+05:30,Gampaha_Western,29.6,255.80406051931243,614.0,2.49,38.90418752947465
2026-10-01T14:45:00+05:30,Gampaha_Western,29.4,257.2686344770551,550.0,2.28,42.52540548386089
2026-10-01T15:00:00+05:30,Gampaha_Western,29.2,258.5249405627191,490.0,2.08,46.16602539529391
2026-10-01T15:15:00+05:30,Gampaha_Western,29.0,259.61852484245946,443.0,1.77,49.821763558789065
2026-10-01T15:30:00+05:30,Gampaha_Western,28.8,260.58298286106077,405.0,1.5,53.48948859800926
2026-10-01T15:45:00+05:30,Gampaha_Western,28.5,261.4436246991021,370.0,1.19,57.16686008521853
2026-10-01T16:00:00+05:30,Gampaha_Western,28.2,262.2198903497041,333.0,0.85,60.85209360646539
2026-10-01T16:15:00+05:30,Gampaha_Western,27.9,262.92698125517063,294.0,0.47,64.54380527132251
2026-10-01T16:30:00+05:30,Gampaha_Western,27.7,263.57698730730203,256.0,0.18,68.24090419990323
2026-10-01T16:45:00+05:30,Gampaha_Western,27.4,264.17968242897507,216.0,0.16,71.94251719442181
2026-10-01T17:00:00+05:30,Gampaha_Western,27.2,264.74309809728555,173.0,0.45,75.64793633346459
2026-10-01T17:15:00+05:30,Gampaha_Western,27.0,265.27394495149986,127.0,0.65,79.35657965209464
2026-10-01T17:30:00+05:30,Gampaha_Western,26.8,265.7779295910677,81.0,0.86,83.06796188781031
2026-10-01T17:45:00+05:30,Gampaha_Western,26.6,266.25999850048595,41.0,1.0,86.78167379855758
2026-10-01T18:00:00+05:30,Gampaha_Western,26.4,266.7245308180172,10.0,1.1,90.49736500229452
2026-10-01T18:15:00+05:30,Gampaha_Western,26.3,267.17549614638267,0.0,1.15,94.21473039786206
2026-10-01T18:30:00+05:30,Gampaha_Western,26.2,267.6165896124031,0.0,1.2,97.93350062710923
2026-10-01T18:45:00+05:30,Gampaha_Western,26.0,268.0513535000619,0.0,1.26,101.65343281667563
2026-10-01T19:00:00+05:30,Gampaha_Western,25.9,268.4832941917112,0.0,1.32,105.37430248658748
2026-10-01T19:15:00+05:30,Gampaha_Western,25.8,268.91600299732676,0.0,1.35,109.09589761126628
2026-10-01T19:30:00+05:30,Gampaha_Western,25.7,269.3532898863584,0.0,1.38,112.81801135565937
2026-10-01T19:45:00+05:30,Gampaha_Western,25.6,269.7993419283723,0.0,1.39,116.54043448036525
2026-10-01T20:00:00+05:30,Gampaha_Western,25.5,270.25892239470284,0.0,1.43,120.2629482934972
2026-10-01T20:15:00+05:30,Gampaha_Western,25.5,270.73763301880007,0.0,1.41,123.98531434432607
2026-10-01T20:30:00+05:30,Gampaha_Western,25.4,271.2422743358748,0.0,1.41,127.70726116665105
2026-10-01T20:45:00+05:30,Gampaha_Western,25.3,271.78135939748984,0.0,1.36,131.42846773502862
2026-10-01T21:00:00+05:30,Gampaha_Western,25.2,272.3658711380971,0.0,1.34,135.14853765248648
2026-10-01T21:15:00+05:30,Gampaha_Western,25.1,273.01041854225144,0.0,1.27,138.8669604837304
2026-10-01T21:30:00+05:30,Gampaha_Western,25.1,273.7350680498044,0.0,1.21,142.58305268656406
2026-10-01T21:45:00+05:30,Gampaha_Western,25.0,274.5683653176393,0.0,1.14,146.29585821335928
2026-10-01T22:00:00+05:30,Gampaha_Western,24.9,275.55256351445985,0.0,1.06,150.0039768174734
2026-10-01T22:15:00+05:30,Gampaha_Western,24.9,276.7531930879123,0.0,0.93,153.70525085818804
2026-10-01T22:30:00+05:30,Gampaha_Western,24.8,278.27781635412873,0.0,0.87,157.39614593130807
2026-10-01T22:45:00+05:30,Gampaha_Western,24.8,280.3160533287087,0.0,0.81,161.07041868284716
2026-10-01T23:00:00+05:30,Gampaha_Western,24.7,283.2348445647161,0.0,0.76,164.71590480796323
2026-10-01T23:15:00+05:30,Gampaha_Western,24.7,287.8399682309584,0.0,0.75,168.30547658998353
2026-10-01T23:30:00+05:30,Gampaha_Western,24.6,296.24065462721705,0.0,0.7,171.76549800259278
2026-10-01T23:45:00+05:30,Gampaha_Western,24.6,315.2690032376603,0.0,0.7,174.82883108977782
2026-10-02T00:00:00+05:30,Gampaha_Western,24.5,1.6688648374720287,0.0,0.65,176.31696415904494
2026-10-02T00:15:00+05:30,Gampaha_Western,24.5,46.445052263362754,0.0,0.65,174.6822649569206
2026-10-02T00:30:00+05:30,Gampaha_Western,24.4,64.5206507135851,0.0,0.65,171.58093593243444
2026-10-02T00:45:00+05:30,Gampaha_Western,24.4,72.60771483966352,0.0,0.66,168.11009884451664
2026-10-02T01:00:00+05:30,Gampaha_Western,24.3,77.08471024217215,0.0,0.67,164.51637659930893
2026-10-02T01:15:00+05:30,Gampaha_Western,24.3,79.94080961763444,0.0,0.73,160.86900223919832
2026-10-02T01:30:00+05:30,Gampaha_Western,24.3,81.94447908030668,0.0,0.74,157.19381692324876
2026-10-02T01:45:00+05:30,Gampaha_Western,24.2,83.4485165504214,0.0,0.76,153.50251118466005
2026-10-02T02:00:00+05:30,Gampaha_Western,24.2,84.63631273301775,0.0,0.78,149.80112265854956
2026-10-02T02:15:00+05:30,Gampaha_Western,24.2,85.61236201591186,0.0,0.85,146.09308639658707
2026-10-02T02:30:00+05:30,Gampaha_Western,24.1,86.44055115004562,0.0,0.87,142.380508559339
2026-10-02T02:45:00+05:30,Gampaha_Western,24.1,87.16219450696576,0.0,0.9,138.66476036187754
2026-10-02T03:00:00+05:30,Gampaha_Western,24.0,87.80527471468088,0.0,0.97,134.94678193401774
2026-10-02T03:15:00+05:30,Gampaha_Western,23.9,88.38950861398922,0.0,0.97,131.2272487212231
2026-10-02T03:30:00+05:30,Gampaha_Western,23.9,88.9292837852488,0.0,1.0,127.5066666309119
2026-10-02T03:45:00+05:30,Gampaha_Western,23.8,89.4354423486609,0.0,1.03,123.78543111191908
2026-10-02T04:00:00+05:30,Gampaha_Western,23.7,89.91640982509489,0.0,1.06,120.06386499567705
2026-10-02T04:15:00+05:30,Gampaha_Western,23.7,90.37893642773031,0.0,1.1,116.34224236198904
2026-10-02T04:30:00+05:30,Gampaha_Western,23.7,90.82860071979383,0.0,1.13,112.62080635617268
2026-10-02T04:45:00+05:30,Gampaha_Western,23.7,91.27016399519505,0.0,1.17,108.89978236796216
2026-10-02T05:00:00+05:30,Gampaha_Western,23.7,91.7078292236543,0.0,1.17,105.17938686867224
2026-10-02T05:15:00+05:30,Gampaha_Western,23.8,92.1454381596219,0.0,1.17,101.4598360711507
2026-10-02T05:30:00+05:30,Gampaha_Western,23.9,92.58662919320471,0.0,1.17,97.74135371814005
2026-10-02T05:45:00+05:30,Gampaha_Western,24.1,93.03497165045519,0.0,1.14,94.02417712678775
2026-10-02T06:00:00+05:30,Gampaha_Western,24.3,93.49408772584178,0.0,1.11,90.30856499631561
2026-10-02T06:15:00+05:30,Gampaha_Western,24.6,93.96777158197926,12.0,1.08,86.59480598412735
2026-10-02T06:30:00+05:30,Gampaha_Western,24.9,94.46011431841862,49.0,1.05,82.88322710187069
2026-10-02T06:45:00+05:30,Gampaha_Western,25.3,94.9756431707907,97.0,1.03,79.17420556413344
2026-10-02T07:00:00+05:30,Gampaha_Western,25.6,95.51948509900149,153.0,0.98,75.46818343403363
2026-10-02T07:15:00+05:30,Gampaha_Western,26.0,96.09756747618576,211.0,0.97,71.76568469231472
2026-10-02T07:30:00+05:30,Gampaha_Western,26.4,96.71687206879966,265.0,0.93,68.06733927203499
2026-10-02T07:45:00+05:30,Gampaha_Western,26.7,97.38576554015941,317.0,0.91,64.3739148044656
2026-10-02T08:00:00+05:30,Gampaha_Western,27.0,98.11443985068559,368.0,0.9,60.68635785166042
2026-10-02T08:15:00+05:30,Gampaha_Western,27.3,98.91551079900103,421.0,0.9,57.00585249074062
2026-10-02T08:30:00+05:30,Gampaha_Western,27.5,99.80484837588676,474.0,0.92,53.33390222264045
2026-10-02T08:45:00+05:30,Gampaha_Western,27.7,100.8027526465213,525.0,0.98,49.67244541326693
2026-10-02T09:00:00+05:30,Gampaha_Western,27.8,101.93565336324451,573.0,1.12,46.02402596888135
2026-10-02T09:15:00+05:30,Gampaha_Western,27.9,103.23862243580646,615.0,1.24,42.392048642450284
2026-10-02T09:30:00+05:30,Gampaha_Western,27.9,104.75917799916806,649.0,1.45,38.781169941696504
2026-10-02T09:45:00+05:30,Gampaha_Western,28.0,106.56318979141065,678.0,1.67,35.1979195146736
2026-10-02T10:00:00+05:30,Gampaha_Western,28.0,108.74429042788279,701.0,1.94,31.65171733415722
2026-10-02T10:15:00+05:30,Gampaha_Western,28.0,111.43926278378245,721.0,2.18,28.156599008265353
2026-10-02T10:30:00+05:30,Gampaha_Western,28.0,114.85372667953959,737.0,2.42,24.734262805397776
2026-10-02T10:45:00+05:30,Gampaha_Western,28.0,119.30528210496647,747.0,2.62,21.419656707710487
2026-10-02T11:00:00+05:30,Gampaha_Western,28.0,125.29332613873407,753.0,2.8,18.271536090563416
2026-10-02T11:15:00+05:30,Gampaha_Western,28.0,133.592908218787,754.0,2.91,15.392423412298257
2026-10-02T11:30:00+05:30,Gampaha_Western,28.1,145.2824119845236,751.0,3.0,12.962847573910636
2026-10-02T11:45:00+05:30,Gampaha_Western,28.2,161.29054113815232,743.0,3.04,11.277219610054857
2026-10-02T12:00:00+05:30,Gampaha_Western,28.3,180.79305130496618,731.0,3.02,10.69335237340563
2026-10-02T12:15:00+05:30,Gampaha_Western,28.4,200.10982726453392,716.0,2.97,11.382083017242053
2026-10-02T12:30:00+05:30,Gampaha_Western,28.5,215.74395071540084,697.0,2.89,13.14487167137851
2026-10-02T12:45:00+05:30,Gampaha_Western,28.6,227.10052695084124,674.0,2.8,15.622259187652702
2026-10-02T13:00:00+05:30,Gampaha_Western,28.7,235.16524036218362,649.0,2.69,18.529794301046948
2026-10-02T13:15:00+05:30,Gampaha_Western,28.8,240.99665995100614,620.0,2.52,21.695202412175377
2026-10-02T13:30:00+05:30,Gampaha_Western,28.8,245.34306305694537,591.0,2.4,25.02078416912947
2026-10-02T13:45:00+05:30,Gampaha_Western,28.9,248.68496120660208,559.0,2.28,28.450405997017185
2026-10-02T14:00:00+05:30,Gampaha_Western,28.9,251.32817751643069,523.0,2.09,31.950560418146196
2026-10-02T14:15:00+05:30,Gampaha_Western,28.9,253.47111969539446,482.0,1.98,35.50036842574149
2026-10-02T14:30:00+05:30,Gampaha_Western,28.8,255.24608900913807,434.0,1.8,39.08627956750315
2026-10-02T14:45:00+05:30,Gampaha_Western,28.7,256.74386192934116,386.0,1.63,42.69917400889428
2026-10-02T15:00:00+05:30,Gampaha_Western,28.5,258.02843497239,341.0,1.4,46.33271398711302
2026-10-02T15:15:00+05:30,Gampaha_Western,28.3,259.1460621561612,304.0,1.23,49.98236958012828
2026-10-02T15:30:00+05:30,Gampaha_Western,28.0,260.1309386581663,274.0,1.04,53.64482329564002
2026-10-02T15:45:00+05:30,Gampaha_Western,27.7,261.00886914045003,245.0,0.9,57.31759217740611
2026-10-02T16:00:00+05:30,Gampaha_Western,27.4,261.7996958162681,217.0,0.84,60.99878133497852
2026-10-02T16:15:00+05:30,Gampaha_Western,27.1,262.51894421024866,188.0,0.86,64.68692031552769
2026-10-02T16:30:00+05:30,Gampaha_Western,26.8,263.1789630493406,160.0,0.96,68.38084978989276
2026-10-02T16:45:00+05:30,Gampaha_Western,26.5,263.78973058178644,132.0,1.07,72.07964204034222
2026-10-02T17:00:00+05:30,Gampaha_Western,26.2,264.3594366348053,104.0,1.22,75.7825455053146
2026-10-02T17:15:00+05:30,Gampaha_Western,26.0,264.8949107559498,75.0,1.39,79.48894321978959
2026-10-02T17:30:00+05:30,Gampaha_Western,25.8,265.40194380903785,47.0,1.47,83.1983219101741
2026-10-02T17:45:00+05:30,Gampaha_Western,25.6,265.88553518613946,23.0,1.51,86.91025008945905
2026-10-02T18:00:00+05:30,Gampaha_Western,25.5,266.35008751229304,5.0,1.56,90.62436000881856
2026-10-02T18:15:00+05:30,Gampaha_Western,25.4,266.79956512996654,0.0,1.55,94.34033344619061
2026-10-02T18:30:00+05:30,Gampaha_Western,25.3,267.23762857383645,0.0,1.5,98.05789174786962
2026-10-02T18:45:00+05:30,Gampaha_Western,25.2,267.66775427303116,0.0,1.45,101.77678633563326
2026-10-02T19:00:00+05:30,Gampaha_Western,25.2,268.09334801896904,0.0,1.35,105.49679055204031
2026-10-02T19:15:00+05:30,Gampaha_Western,25.1,268.5178604354504,0.0,1.25,109.21769384062307
2026-10-02T19:30:00+05:30,Gampaha_Western,25.1,268.9449129314999,0.0,1.15,112.93929480120035
2026-10-02T19:45:00+05:30,Gampaha_Western,25.0,269.3784451212023,0.0,1.1,116.6613941553761
2026-10-02T20:00:00+05:30,Gampaha_Western,25.0,269.8228984093568,0.0,1.0,120.38378858980172
2026-10-02T20:15:00+05:30,Gampaha_Western,24.9,270.283456333296,0.0,0.95,124.1062617800194
2026-10-02T20:30:00+05:30,Gampaha_Western,24.9,270.7663736058822,0.0,0.9,127.82857311062654
2026-10-02T20:45:00+05:30,Gampaha_Western,24.8,271.2794444219137,0.0,0.85,131.55044407407343
2026-10-02T21:00:00+05:30,Gampaha_Western,24.8,271.8326926339939,0.0,0.85,135.27153689922054
2026-10-02T21:15:00+05:30,Gampaha_Western,24.7,272.43942607623694,0.0,0.86,138.99142274727396
2026-10-02T21:30:00+05:30,Gampaha_Western,24.7,273.117909195974,0.0,0.87,142.70953353492362
2026-10-02T21:45:00+05:30,Gampaha_Western,24.6,273.89412922129196,0.0,0.89,146.42508047407503
2026-10-02T22:00:00+05:30,Gampaha_Western,24.6,274.80659755822535,0.0,0.87,150.1369131971747
2026-10-02T22:15:00+05:30,Gampaha_Western,24.5,275.91517647342886,0.0,0.92,153.8432623394752
2026-10-02T22:30:00+05:30,Gampaha_Western,24.5,277.3184817067287,0.0,0.94,157.5412276631969
2026-10-02T22:45:00+05:30,Gampaha_Western,24.4,279.19134551719276,0.0,0.97,161.22566958986286
2026-10-02T23:00:00+05:30,Gampaha_Western,24.4,281.87516806369683,0.0,1.03,164.8865086923443
2026-10-02T23:15:00+05:30,Gampaha_Western,24.4,286.13152986294244,0.0,1.06,168.50098870777398
2026-10-02T23:30:00+05:30,Gampaha_Western,24.3,294.0177170856094,0.0,1.1,172.00577382230279
2026-10-02T23:45:00+05:30,Gampaha_Western,24.3,312.7347485451479,0.0,1.1,175.15635341790767
2026-10-03T00:00:00+05:30,Gampaha_Western,24.2,3.245802038755869,0.0,1.13,176.7002908711399
2026-10-03T00:15:00+05:30,Gampaha_Western,24.2,50.192350465582706,0.0,1.1,174.88246838636195
2026-10-03T00:30:00+05:30,Gampaha_Western,24.2,67.16176426914348,0.0,1.1,171.67155676803856
2026-10-03T00:45:00+05:30,Gampaha_Western,24.1,74.51860345863463,0.0,1.06,168.1506360747369
2026-10-03T01:00:00+05:30,Gampaha_Western,24.1,78.56447967286482,0.0,1.1,164.53005402893254
2026-10-03T01:15:00+05:30,Gampaha_Western,24.1,81.14626622947577,0.0,1.07,160.86641789853033
2026-10-03T01:30:00+05:30,Gampaha_Western,24.0,82.96290138495289,0.0,1.04,157.18057784611295
2026-10-03T01:45:00+05:30,Gampaha_Western,24.0,84.3324999842605,0.0,1.01,153.48192087781274
2026-10-03T02:00:00+05:30,Gampaha_Western,24.0,85.41974307372999,0.0,1.01,149.77528824328948
2026-10-03T02:15:00+05:30,Gampaha_Western,23.9,86.31827596100908,0.0,0.99,146.06343631439702
2026-10-03T02:30:00+05:30,Gampaha_Western,23.9,87.08530587536671,0.0,0.96,142.34805952577506
2026-10-03T02:45:00+05:30,Gampaha_Western,23.8,87.75782857861884,0.0,0.94,138.6302659955814
2026-10-03T03:00:00+05:30,Gampaha_Western,23.7,88.36092051650968,0.0,0.92,134.9108207690532
2026-10-03T03:15:00+05:30,Gampaha_Western,23.7,88.91227743911412,0.0,0.9,131.19027904776365
2026-10-03T03:30:00+05:30,Gampaha_Western,23.6,89.42484281272539,0.0,0.89,127.46906218004179
2026-10-03T03:45:00+05:30,Gampaha_Western,23.5,89.90840385891755,0.0,0.87,123.74750517350355
2026-10-03T04:00:00+05:30,Gampaha_Western,23.4,90.370601801887,0.0,0.86,120.02588729685272
2026-10-03T04:15:00+05:30,Gampaha_Western,23.3,90.81759590100188,0.0,0.86,116.3044512796149
2026-10-03T04:30:00+05:30,Gampaha_Western,23.3,91.25451548954709,0.0,0.85,112.58341805565738
2026-10-03T04:45:00+05:30,Gampaha_Western,23.3,91.68577912966828,0.0,0.85,108.86299789298323
2026-10-03T05:00:00+05:30,Gampaha_Western,23.3,92.11532913172795,0.0,0.85,105.14339785857177
2026-10-03T05:15:00+05:30,Gampaha_Western,23.4,92.54681156953649,0.0,0.8,101.42482958040459
2026-10-03T05:30:00+05:30,Gampaha_Western,23.5,92.98372215463598,0.0,0.8,97.70751648329114
2026-10-03T05:45:00+05:30,Gampaha_Western,23.7,93.42953225679292,0.0,0.8,93.99169954229303
2026-10-03T06:00:00+05:30,Gampaha_Western,23.9,93.88780534150783,0.0,0.81,90.27764502224899
2026-10-03T06:15:00+05:30,Gampaha_Western,24.2,94.36231277638848,13.0,0.76,86.56565318640419
2026-10-03T06:30:00+05:30,Gampaha_Western,24.6,94.85715736838256,49.0,0.78,82.85606702432491
2026-10-03T06:45:00+05:30,Gampaha_Western,24.9,95.37691283114475,96.0,0.76,79.14928465869261
2026-10-03T07:00:00+05:30,Gampaha_Western,25.3,95.92678933191769,152.0,0.81,75.4457747996358
2026-10-03T07:15:00+05:30,Gampaha_Western,25.8,96.51283796633459,209.0,0.79,71.74609495144342
2026-10-03T07:30:00+05:30,Gampaha_Western,26.2,97.14221063880683,265.0,0.81,68.0509170069709
2026-10-03T07:45:00+05:30,Gampaha_Western,26.6,97.82349905503355,319.0,0.81,64.36106111397376
2026-10-03T08:00:00+05:30,Gampaha_Western,26.9,98.56718690864744,374.0,0.86,60.6775398099459
2026-10-03T08:15:00+05:30,Gampaha_Western,27.3,99.38626449727604,431.0,0.81,57.001620601103674
2026-10-03T08:30:00+05:30,Gampaha_Western,27.7,100.29708081217598,490.0,0.81,53.334913433067385
2026-10-03T08:45:00+05:30,Gampaha_Western,28.0,101.32054862959001,548.0,0.76,49.67949398662874
2026-10-03T09:00:00+05:30,Gampaha_Western,28.3,102.48388298141413,603.0,0.75,46.038085604577816
2026-10-03T09:15:00+05:30,Gampaha_Western,28.7,103.8231642858517,655.0,0.76,42.414330983972725
2026-10-03T09:30:00+05:30,Gampaha_Western,29.0,105.38720544120088,700.0,0.78,38.813207359037904
2026-10-03T09:45:00+05:30,Gampaha_Western,29.3,107.24352667652244,740.0,0.85,35.24168436311134
2026-10-03T10:00:00+05:30,Gampaha_Western,29.6,109.48781613333529,777.0,1.03,31.709796613639355
2026-10-03T10:15:00+05:30,Gampaha_Western,29.9,112.25925760112557,812.0,1.21,28.23245302388974
2026-10-03T10:30:00+05:30,Gampaha_Western,30.2,115.76577652597189,851.0,1.37,24.832607103887057
2026-10-03T10:45:00+05:30,Gampaha_Western,30.4,120.32555493553497,884.0,1.53,21.54700365906919
2026-10-03T11:00:00+05:30,Gampaha_Western,30.7,126.43172578694265,899.0,1.71,18.436848639926964
2026-10-03T11:15:00+05:30,Gampaha_Western,30.9,134.8317612756615,882.0,1.86,15.607410069877375
2026-10-03T11:30:00+05:30,Gampaha_Western,31.0,146.52276021573363,825.0,1.9,13.239923518413462
2026-10-03T11:45:00+05:30,Gampaha_Western,31.0,162.27421519038137,751.0,1.88,11.620274631455686
2026-10-03T12:00:00+05:30,Gampaha_Western,31.0,181.17572667728578,683.0,1.82,11.081385570035522
2026-10-03T12:15:00+05:30,Gampaha_Western,30.9,199.8250721597239,643.0,1.79,11.77262054213881
2026-10-03T12:30:00+05:30,Gampaha_Western,30.8,215.05696704817,625.0,1.68,13.506409926839993
2026-10-03T12:45:00+05:30,Gampaha_Western,30.6,226.271811606382,618.0,1.6,15.94623254704301
2026-10-03T13:00:00+05:30,Gampaha_Western,30.5,234.32801057872487,610.0,1.42,18.819451395859943
2026-10-03T13:15:00+05:30,Gampaha_Western,30.2,240.20127438697227,593.0,1.26,21.956563296833565
2026-10-03T13:30:00+05:30,Gampaha_Western,30.0,244.60318171114395,573.0,1.08,25.259418367842088
2026-10-03T13:45:00+05:30,Gampaha_Western,29.8,248.00019686804637,550.0,0.93,28.670774091165974
2026-10-03T14:00:00+05:30,Gampaha_Western,29.5,250.69341559860965,526.0,0.78,32.15609745636372
2026-10-03T14:15:00+05:30,Gampaha_Western,29.3,252.8801246447385,500.0,0.57,35.693706437191445
2026-10-03T14:30:00+05:30,Gampaha_Western,29.0,254.69282448043106,473.0,0.43,39.26945087532624
2026-10-03T14:45:00+05:30,Gampaha_Western,28.7,256.2229125145113,445.0,0.32,42.87376747261565
2026-10-03T15:00:00+05:30,Gampaha_Western,28.4,257.5350816571852,415.0,0.22,46.499989092780105
2026-10-03T15:15:00+05:30,Gampaha_Western,28.1,258.67623197886866,383.0,0.32,50.14333869842763
2026-10-03T15:30:00+05:30,Gampaha_Western,27.8,259.68111645837814,351.0,0.45,53.800311151987216
2026-10-03T15:45:00+05:30,Gampaha_Western,27.5,260.5760054737562,318.0,0.6,57.46827925122609
2026-10-03T16:00:00+05:30,Gampaha_Western,27.2,261.38112312040664,283.0,0.75,61.14523592218519
2026-10-03T16:15:00+05:30,Gampaha_Western,27.0,262.11230437886206,247.0,0.91,64.82962253637092
2026-10-03T16:30:00+05:30,Gampaha_Western,26.7,262.782146076294,211.0,1.01,68.52020982155189
2026-10-03T16:45:00+05:30,Gampaha_Western,26.5,263.4008227424952,175.0,1.12,72.21601416111142
2026-10-03T17:00:00+05:30,Gampaha_Western,26.3,263.9766763948768,137.0,1.22,75.9162390783639
2026-10-03T17:15:00+05:30,Gampaha_Western,26.1,264.51665065626736,99.0,1.32,79.62023141208974
2026-10-03T17:30:00+05:30,Gampaha_Western,25.9,265.026616755719,62.0,1.37,83.32744873701738
2026-10-03T17:45:00+05:30,Gampaha_Western,25.8,265.5116237413931,31.0,1.42,87.03743621382533
2026-10-03T18:00:00+05:30,Gampaha_Western,25.7,265.97609490291336,7.0,1.47,90.74980762491812
2026-10-03T18:15:00+05:30,Gampaha_Western,25.6,266.4239867541804,0.0,1.46,94.46423050426478
2026-10-03T18:30:00+05:30,Gampaha_Western,25.5,266.8589227703216,0.0,1.46,98.18041572657272
2026-10-03T18:45:00+05:30,Gampaha_Western,25.4,267.28431101308297,0.0,1.46,101.89810774737575
2026-10-03T19:00:00+05:30,Gampaha_Western,25.3,267.70345397010334,0.0,1.41,105.6170763466301
2026-10-03T19:15:00+05:30,Gampaha_Western,25.2,268.1196584828691,0.0,1.41,109.33711087429559
2026-10-03T19:30:00+05:30,Gampaha_Western,25.1,268.5363536878767,0.0,1.35,113.05801356374235
2026-10-03T19:45:00+05:30,Gampaha_Western,25.1,268.9572270996912,0.0,1.3,116.7795929830146
2026-10-03T20:00:00+05:30,Gampaha_Western,25.0,269.38639222712084,0.0,1.3,120.50165865553737
2026-10-03T20:15:00+05:30,Gampaha_Western,24.9,269.8286063242349,0.0,1.25,124.2240132743652
2026-10-03T20:30:00+05:30,Gampaha_Western,24.9,270.2895671004358,0.0,1.2,127.9464431957465
2026-10-03T20:45:00+05:30,Gampaha_Western,24.8,270.77633396951535,0.0,1.16,131.66870749793196
2026-10-03T21:00:00+05:30,Gampaha_Western,24.8,271.29794831502204,0.0,1.12,135.39052063977863
2026-10-03T21:15:00+05:30,Gampaha_Western,24.7,271.8663813078471,0.0,1.03,139.1115268984854
2026-10-03T21:30:00+05:30,Gampaha_Western,24.7,272.4980394201978,0.0,1.0,142.8312621534513
2026-10-03T21:45:00+05:30,Gampaha_Western,24.6,273.2162592862435,0.0,0.97,146.5490888907846
2026-10-03T22:00:00+05:30,Gampaha_Western,24.6,274.0556508029632,0.0,0.94,150.26408377502628
2026-10-03T22:15:00+05:30,Gampaha_Western,24.6,275.07011332593305,0.0,0.92,153.9748320741832
2026-10-03T22:30:00+05:30,Gampaha_Western,24.5,276.34872839997024,0.0,0.9,157.6790166646782
2026-10-03T22:45:00+05:30,Gampaha_Western,24.5,278.050247552266,0.0,0.89,161.37252247088014
2026-10-03T23:00:00+05:30,Gampaha_Western,24.4,280.48729597650447,0.0,0.89,165.04723354471506
2026-10-03T23:15:00+05:30,Gampaha_Western,24.4,284.36767960571706,0.0,0.88,168.6846164977691
2026-10-03T23:30:00+05:30,Gampaha_Western,24.3,291.6621346934246,0.0,0.88,172.231833090269
2026-10-03T23:45:00+05:30,Gampaha_Western,24.3,309.8349461462384,0.0,0.88,175.47153236093607
2026-10-04T00:00:00+05:30,Gampaha_Western,24.2,5.204727395020768,0.0,0.92,177.07992991029664
2026-10-04T00:15:00+05:30,Gampaha_Western,24.1,54.208714129843486,0.0,0.92,175.05998528157386
2026-10-04T00:30:00+05:30,Gampaha_Western,24.0,69.84673655012949,0.0,0.92,171.74550772911073
2026-10-04T00:45:00+05:30,Gampaha_Western,23.9,76.43531726862443,0.0,0.92,168.17954449119253
2026-10-04T01:00:00+05:30,Gampaha_Western,23.9,80.04227778287691,0.0,0.92,164.53520774353123
2026-10-04T01:15:00+05:30,Gampaha_Western,23.8,82.34813370884444,0.0,0.96,160.85733044057298
2026-10-04T01:30:00+05:30,Gampaha_Western,23.7,83.97764045328398,0.0,0.96,157.1622429676445
2026-10-04T01:45:00+05:30,Gampaha_Western,23.6,85.21309467190304,0.0,0.96,153.4572713591051
2026-10-04T02:00:00+05:30,Gampaha_Western,23.5,86.20015072047465,0.0,0.99,149.7461928318674
2026-10-04T02:15:00+05:30,Gampaha_Western,23.4,87.02151296219796,0.0,1.0,146.03116221877713
2026-10-04T02:30:00+05:30,Gampaha_Western,23.3,87.72768584427865,0.0,1.0,142.31350987395166
2026-10-04T02:45:00+05:30,Gampaha_Western,23.3,88.35134491946985,0.0,1.0,138.5941117158647
2026-10-04T03:00:00+05:30,Gampaha_Western,23.2,88.91466525903036,0.0,1.04,134.8735785888177
2026-10-04T03:15:00+05:30,Gampaha_Western,23.2,89.43332760962437,0.0,1.04,131.1523600702065
2026-10-04T03:30:00+05:30,Gampaha_Western,23.1,89.91883701739158,0.0,1.04,127.43080349956217
2026-10-04T03:45:00+05:30,Gampaha_Western,23.1,90.37993064968407,0.0,1.04,123.70919126693514
2026-10-04T04:00:00+05:30,Gampaha_Western,23.1,90.82346939658152,0.0,1.04,119.98776502401375
2026-10-04T04:15:00+05:30,Gampaha_Western,23.1,91.25502474485688,0.0,1.01,116.2667407732138
2026-10-04T04:30:00+05:30,Gampaha_Western,23.1,91.67927932424197,0.0,1.01,112.546320914819
2026-10-04T04:45:00+05:30,Gampaha_Western,23.2,92.10031095374245,0.0,1.01,108.82670358035097
2026-10-04T05:00:00+05:30,Gampaha_Western,23.2,92.52180282969664,0.0,0.97,105.10808891658897
2026-10-04T05:15:00+05:30,Gampaha_Western,23.3,92.9472065202973,0.0,0.93,101.39068608176042
2026-10-04T05:30:00+05:30,Gampaha_Western,23.4,93.37987591543458,0.0,0.89,97.67472002816544
2026-10-04T05:45:00+05:30,Gampaha_Western,23.6,93.82318500024832,0.0,0.81,93.96043704501521
2026-10-04T06:00:00+05:30,Gampaha_Western,23.8,94.28063881281571,0.0,0.78,90.24811249247006
2026-10-04T06:15:00+05:30,Gampaha_Western,24.0,94.75598595433672,14.0,0.68,86.53805969558627
2026-10-04T06:30:00+05:30,Gampaha_Western,24.3,95.253340670895,53.0,0.63,82.83063905627142
2026-10-04T06:45:00+05:30,Gampaha_Western,24.6,95.77732254222798,106.0,0.59,79.126271054239
2026-10-04T07:00:00+05:30,Gampaha_Western,24.9,96.33322390527769,169.0,0.6,75.42545256393463
2026-10-04T07:15:00+05:30,Gampaha_Western,25.3,96.9272179884232,233.0,0.61,71.72877624464469
2026-10-04T07:30:00+05:30,Gampaha_Western,25.6,97.5666244981478,293.0,0.65,68.0369577463137
2026-10-04T07:45:00+05:30,Gampaha_Western,26.0,98.26025680389483,350.0,0.72,64.3508717604437
2026-10-04T08:00:00+05:30,Gampaha_Western,26.4,99.01888545568414,404.0,0.85,60.67159912996631
2026-10-04T08:15:00+05:30,Gampaha_Western,26.8,99.85586816482328,458.0,1.0,57.000493512619386
2026-10-04T08:30:00+05:30,Gampaha_Western,27.2,100.78802250329977,509.0,1.12,53.339274516014406
2026-10-04T08:45:00+05:30,Gampaha_Western,27.6,101.8368583794246,555.0,1.25,49.690158966118815
2026-10-04T09:00:00+05:30,Gampaha_Western,28.0,103.0303523380577,598.0,1.41,46.056054209660054
2026-10-04T09:15:00+05:30,Gampaha_Western,28.3,104.40555619512293,638.0,1.54,42.440846290245595
2026-10-04T09:30:00+05:30,Gampaha_Western,28.7,106.01251814150123,675.0,1.68,38.849839375684205
2026-10-04T09:45:00+05:30,Gampaha_Western,29.0,107.92031086025833,707.0,1.82,35.29044972748876
2026-10-04T10:00:00+05:30,Gampaha_Western,29.3,110.2265115746822,734.0,1.91,31.773332400606108
2026-10-04T10:15:00+05:30,Gampaha_Western,29.6,113.07241433772754,759.0,2.01,28.314270945967742
2026-10-04T10:30:00+05:30,Gampaha_Western,29.8,116.66773208098834,782.0,2.1,24.937461517642006
2026-10-04T10:45:00+05:30,Gampaha_Western,30.0,121.33030767962981,800.0,2.15,21.68139524652358
2026-10-04T11:00:00+05:30,Gampaha_Western,30.2,127.5454883211857,809.0,2.2,18.609582609761347
2026-10-04T11:15:00+05:30,Gampaha_Western,30.3,136.03140637463366,805.0,2.2,15.829677453546267
2026-10-04T11:30:00+05:30,Gampaha_Western,30.4,147.70548931941198,786.0,2.2,13.52293636830369
2026-10-04T11:45:00+05:30,Gampaha_Western,30.4,163.19394930817214,758.0,2.15,11.96621380742502
2026-10-04T12:00:00+05:30,Gampaha_Western,30.4,181.52525473970687,730.0,2.1,11.469100401105038
2026-10-04T12:15:00+05:30,Gampaha_Western,30.3,199.55269841847803,712.0,1.99,12.162228128223802
2026-10-04T12:30:00+05:30,Gampaha_Western,30.2,214.40169511451973,701.0,1.9,13.868262333091963
2026-10-04T12:45:00+05:30,Gampaha_Western,30.0,225.47342487547846,691.0,1.76,16.271652077461894
2026-10-04T13:00:00+05:30,Gampaha_Western,29.8,233.51440261428945,680.0,1.6,19.111074598657453
2026-10-04T13:15:00+05:30,Gampaha_Western,29.6,239.42339397135422,663.0,1.46,22.219981233977833
2026-10-04T13:30:00+05:30,Gampaha_Western,29.4,243.87627770538148,642.0,1.25,25.499980503684867
2026-10-04T13:45:00+05:30,Gampaha_Western,29.1,247.32521749945852,619.0,1.07,28.892844339411198
2026-10-04T14:00:00+05:30,Gampaha_Western,28.9,250.06619077812343,594.0,0.87,32.36307633851351
2026-10-04T14:15:00+05:30,Gampaha_Western,28.6,252.29505985425203,567.0,0.67,35.888220729763596
2026-10-04T14:30:00+05:30,Gampaha_Western,28.3,254.14431789809976,538.0,0.5,39.45354061048376
2026-10-04T14:45:00+05:30,Gampaha_Western,28.0,255.70584715114398,507.0,0.36,43.04903428698376
2026-10-04T15:00:00+05:30,Gampaha_Western,27.7,257.0449471735159,474.0,0.38,46.66770655030143
2026-10-04T15:15:00+05:30,Gampaha_Western,27.3,258.20910414566794,439.0,0.46,50.30453280567838
2026-10-04T15:30:00+05:30,Gampaha_Western,27.0,259.23358809137505,403.0,0.63,53.95581906878453
2026-10-04T15:45:00+05:30,Gampaha_Western,26.7,260.1451068495693,365.0,0.81,57.618792409969565
2026-10-04T16:00:00+05:30,Gampaha_Western,26.4,260.96424641847835,325.0,0.98,61.29133203820744
2026-10-04T16:15:00+05:30,Gampaha_Western,26.2,261.7071368263352,284.0,1.13,64.97178966312316
2026-10-04T16:30:00+05:30,Gampaha_Western,25.9,262.3866124047268,244.0,1.27,68.65886467045286
2026-10-04T16:45:00+05:30,Gampaha_Western,25.7,263.0130360161141,202.0,1.42,72.35151624165815
2026-10-04T17:00:00+05:30,Gampaha_Western,25.5,263.5948957769476,159.0,1.52,76.04890176159456
2026-10-04T17:15:00+05:30,Gampaha_Western,25.3,264.13924460894066,114.0,1.62,79.75033071878558
2026-10-04T17:30:00+05:30,Gampaha_Western,25.1,264.6520302591239,69.0,1.72,83.45523042818155
2026-10-04T17:45:00+05:30,Gampaha_Western,25.0,265.13834823252034,33.0,1.77,87.16312161354726
2026-10-04T18:00:00+05:30,Gampaha_Western,24.9,265.6026397187379,6.0,1.82,90.87359850353309
2026-10-04T18:15:00+05:30,Gampaha_Western,24.8,266.04885090131864,0.0,1.82,94.58631327340517
2026-10-04T18:30:00+05:30,Gampaha_Western,24.7,266.48056580918706,0.0,1.83,98.30096515847325
2026-10-04T18:45:00+05:30,Gampaha_Western,24.6,266.90112172333914,0.0,1.84,102.01729038615919
2026-10-04T19:00:00+05:30,Gampaha_Western,24.5,267.3137152390609,0.0,1.84,105.73505377952658
2026-10-04T19:15:00+05:30,Gampaha_Western,24.5,267.72150647829966,0.0,1.86,109.45404301987772
2026-10-04T19:30:00+05:30,Gampaha_Western,24.4,268.1277287984479,0.0,1.82,113.17406215323062
2026-10-04T19:45:00+05:30,Gampaha_Western,24.4,268.53581323932156,0.0,1.79,116.89492544335573
2026-10-04T20:00:00+05:30,Gampaha_Western,24.3,268.94953974289774,0.0,1.76,120.61645266256565
2026-10-04T20:15:00+05:30,Gampaha_Western,24.3,269.3732316778092,0.0,1.75,124.33846234111527
2026-10-04T20:30:00+05:30,Gampaha_Western,24.3,269.8120192387555,0.0,1.72,128.06076383089015
2026-10-04T20:45:00+05:30,Gampaha_Western,24.2,270.2722120773722,0.0,1.7,131.7831487171162
2026-10-04T21:00:00+05:30,Gampaha_Western,24.2,270.7618470805013,0.0,1.68,135.50537707044748
2026-09-27T21:15:00+05:30,Kurunegala_NorthWestern,25.6,275.79856384196046,0.0,3.02,138.6526730435073
2026-09-27T21:30:00+05:30,Kurunegala_NorthWestern,25.6,276.77517741175654,0.0,3.01,142.3498358582441
2026-09-27T21:45:00+05:30,Kurunegala_NorthWestern,25.5,277.91640835672035,0.0,3.01,146.03891746732168
2026-09-27T22:00:00+05:30,Kurunegala_NorthWestern,25.5,279.28366420000395,0.0,2.96,149.7168219480284
2026-09-27T22:15:00+05:30,Kurunegala_NorthWestern,25.5,280.9712290172695,0.0,2.96,153.37877838822448
2026-09-27T22:30:00+05:30,Kurunegala_NorthWestern,25.4,283.1313862453042,0.0,2.91,157.0170272254892
2026-09-27T22:45:00+05:30,Kurunegala_NorthWestern,25.4,286.02578720706225,0.0,2.91,160.61807925799835
2026-09-27T23:00:00+05:30,Kurunegala_NorthWestern,25.3,290.13962716583126,0.0,2.85,164.15641859112228
2026-09-27T23:15:00+05:30,Kurunegala_NorthWestern,25.2,296.4596280961895,0.0,2.85,167.57820544673564
2026-09-27T23:30:00+05:30,Kurunegala_NorthWestern,25.2,307.1945081279206,0.0,2.8,170.75300030174452
2026-09-27T23:45:00+05:30,Kurunegala_NorthWestern,25.1,327.28107725600614,0.0,2.76,173.31877827079816
2026-09-28T00:00:00+05:30,Kurunegala_NorthWestern,25.1,1.4602736394591034,0.0,2.77,174.3699984334699
2026-09-28T00:15:00+05:30,Kurunegala_NorthWestern,25.0,34.78869298444755,0.0,2.74,173.16760914848695
2026-09-28T00:30:00+05:30,Kurunegala_NorthWestern,25.0,53.95114695596226,0.0,2.76,170.5347030603902
2026-09-28T00:45:00+05:30,Kurunegala_NorthWestern,24.9,64.23954019793774,0.0,2.77,167.33405579457528
2026-09-28T01:00:00+05:30,Kurunegala_NorthWestern,24.9,70.34552381335368,0.0,2.78,163.900869589154
2026-09-28T01:15:00+05:30,Kurunegala_NorthWestern,24.8,74.34620211127748,0.0,2.79,160.35677934264868
2026-09-28T01:30:00+05:30,Kurunegala_NorthWestern,24.8,77.17518128431766,0.0,2.79,156.7525420079934
2026-09-28T01:45:00+05:30,Kurunegala_NorthWestern,24.7,79.2948645406808,0.0,2.78,153.1124305835486
2026-09-28T02:00:00+05:30,Kurunegala_NorthWestern,24.7,80.95615044819345,0.0,2.77,149.44936649242078
2026-09-28T02:15:00+05:30,Kurunegala_NorthWestern,24.6,82.30579676208987,0.0,2.71,145.77082400678228
2026-09-28T02:30:00+05:30,Kurunegala_NorthWestern,24.5,83.4350397127813,0.0,2.7,142.0814198346667
2026-09-28T02:45:00+05:30,Kurunegala_NorthWestern,24.5,84.40350659452025,0.0,2.64,138.3841605690137
2026-09-28T03:00:00+05:30,Kurunegala_NorthWestern,24.4,85.25183065765765,0.0,2.58,134.68109325987245
2026-09-28T03:15:00+05:30,Kurunegala_NorthWestern,24.4,86.00871076517222,0.0,2.52,130.97366647638617
2026-09-28T03:30:00+05:30,Kurunegala_NorthWestern,24.3,86.69506485422016,0.0,2.52,127.26294012769701
2026-09-28T03:45:00+05:30,Kurunegala_NorthWestern,24.3,87.32658016272626,0.0,2.51,123.54971489765992
2026-09-28T04:00:00+05:30,Kurunegala_NorthWestern,24.2,87.91533898017747,0.0,2.56,119.83461478034329
2026-09-28T04:15:00+05:30,Kurunegala_NorthWestern,24.2,88.47089056216078,0.0,2.61,116.11814018288536
2026-09-28T04:30:00+05:30,Kurunegala_NorthWestern,24.2,89.00097977823833,0.0,2.6,112.40070533364204
2026-09-28T04:45:00+05:30,Kurunegala_NorthWestern,24.1,89.51205766772318,0.0,2.6,108.6826648474107
2026-09-28T05:00:00+05:30,Kurunegala_NorthWestern,24.0,90.00965058982473,0.0,2.55,104.9643318271659
2026-09-28T05:15:00+05:30,Kurunegala_NorthWestern,24.0,90.49863601193715,0.0,2.55,101.24599297261598
2026-09-28T05:30:00+05:30,Kurunegala_NorthWestern,24.0,90.98345696198095,0.0,2.55,97.52792083032737
2026-09-28T05:45:00+05:30,Kurunegala_NorthWestern,24.0,91.46829705501426,0.0,2.6,93.81038283557955
2026-09-28T06:00:00+05:30,Kurunegala_NorthWestern,24.0,91.95723134665195,0.0,2.76,90.0936509940406
2026-09-28T06:15:00+05:30,Kurunegala_NorthWestern,24.1,92.4543653003708,14.0,2.88,86.37801141076213
2026-09-28T06:30:00+05:30,Kurunegala_NorthWestern,24.3,92.9639723389754,49.0,2.89,82.66377282056563
2026-09-28T06:45:00+05:30,Kurunegala_NorthWestern,24.6,93.49063937992457,91.0,2.8,78.9512777906005
2026-09-28T07:00:00+05:30,Kurunegala_NorthWestern,25.1,94.03943104970568,142.0,2.57,75.24091587858908
2026-09-28T07:15:00+05:30,Kurunegala_NorthWestern,25.6,94.61608533222852,196.0,2.44,71.53313826156835
2026-09-28T07:30:00+05:30,Kurunegala_NorthWestern,26.0,95.22725643152125,257.0,2.42,67.82847815982868
2026-09-28T07:45:00+05:30,Kurunegala_NorthWestern,26.5,95.88082721959859,321.0,2.7,64.1275774528497
2026-09-28T08:00:00+05:30,Kurunegala_NorthWestern,27.0,96.58632322685344,385.0,3.17,60.431220746644655
2026-09-28T08:15:00+05:30,Kurunegala_NorthWestern,27.5,97.3554744092533,443.0,3.61,56.740383980139484
2026-09-28T08:30:00+05:30,Kurunegala_NorthWestern,28.0,98.20299569102923,489.0,3.92,53.05630236889102
2026-09-28T08:45:00+05:30,Kurunegala_NorthWestern,28.3,99.14769674619276,527.0,4.03,49.380566108332154
2026-09-28T09:00:00+05:30,Kurunegala_NorthWestern,28.6,100.21409608697627,565.0,4.0,45.71526280354632
2026-09-28T09:15:00+05:30,Kurunegala_NorthWestern,28.8,101.43482758214384,609.0,3.94,42.06319176443275
2026-09-28T09:30:00+05:30,Kurunegala_NorthWestern,29.0,102.85432533316975,663.0,3.94,38.42819447664018
2026-09-28T09:45:00+05:30,Kurunegala_NorthWestern,29.2,104.53462908749236,718.0,3.94,34.815685730919746
2026-09-28T10:00:00+05:30,Kurunegala_NorthWestern,29.4,106.56481937525047,766.0,3.99,31.23353496288434
2026-09-28T10:15:00+05:30,Kurunegala_NorthWestern,29.6,109.0768615061736,797.0,4.04,27.69358836547695
2026-09-28T10:30:00+05:30,Kurunegala_NorthWestern,29.7,112.27307436202034,808.0,4.07,24.214425065302578
2026-09-28T10:45:00+05:30,Kurunegala_NorthWestern,29.8,116.47495867682517,809.0,4.14,20.826591757128043
2026-09-28T11:00:00+05:30,Kurunegala_NorthWestern,29.9,122.20995574690568,809.0,4.26,17.58302012783045
2026-09-28T11:15:00+05:30,Kurunegala_NorthWestern,30.0,130.35261527825662,820.0,4.31,14.58036802998862
2026-09-28T11:30:00+05:30,Kurunegala_NorthWestern,30.1,142.2601055264854,843.0,4.36,12.00091206285606
2026-09-28T11:45:00+05:30,Kurunegala_NorthWestern,30.4,159.39601676731058,867.0,4.35,10.171914766994973
2026-09-28T12:00:00+05:30,Kurunegala_NorthWestern,30.7,181.12017981625934,878.0,4.26,9.535493439648832
2026-09-28T12:15:00+05:30,Kurunegala_NorthWestern,30.9,202.53061946581806,862.0,4.17,10.314820368546293
2026-09-28T12:30:00+05:30,Kurunegala_NorthWestern,30.9,219.08397051135518,816.0,4.21,12.242443599421165
2026-09-28T12:45:00+05:30,Kurunegala_NorthWestern,30.6,230.52166860109236,758.0,4.35,14.878539336459369
2026-09-28T13:00:00+05:30,Kurunegala_NorthWestern,29.9,238.35723877731274,707.0,4.53,17.9129913434992
2026-09-28T13:15:00+05:30,Kurunegala_NorthWestern,29.2,243.8976558749567,680.0,4.78,21.17520413357599
2026-09-28T13:30:00+05:30,Kurunegala_NorthWestern,28.7,247.9732468901189,674.0,4.85,24.574610216323734
2026-09-28T13:45:00+05:30,Kurunegala_NorthWestern,28.4,251.084298951049,674.0,4.82,28.061360331711235
2026-09-28T14:00:00+05:30,Kurunegala_NorthWestern,28.2,253.53661330234235,662.0,4.72,31.606524749243952
2026-09-28T14:15:00+05:30,Kurunegala_NorthWestern,28.1,255.523339886021,627.0,4.6,35.19241591584772
2026-09-28T14:30:00+05:30,Kurunegala_NorthWestern,28.0,257.17092591608866,571.0,4.45,38.80770444923514
2026-09-28T14:45:00+05:30,Kurunegala_NorthWestern,27.8,258.56501437127474,509.0,4.26,42.444835800490914
2026-09-28T15:00:00+05:30,Kurunegala_NorthWestern,27.7,259.76542862400584,452.0,4.11,46.09859437234129
2026-09-28T15:15:00+05:30,Kurunegala_NorthWestern,27.6,260.81512703750917,408.0,3.93,49.76526915348948
2026-09-28T15:30:00+05:30,Kurunegala_NorthWestern,27.5,261.7457313082627,373.0,3.81,53.44215037485258
2026-09-28T15:45:00+05:30,Kurunegala_NorthWestern,27.3,262.58104553714406,341.0,3.66,57.12721290046426
2026-09-28T16:00:00+05:30,Kurunegala_NorthWestern,27.0,263.33936124933814,307.0,3.49,60.818911189064075
2026-09-28T16:15:00+05:30,Kurunegala_NorthWestern,26.8,264.0350075497407,268.0,3.43,64.51604413506065
2026-09-28T16:30:00+05:30,Kurunegala_NorthWestern,26.6,264.6794188101298,227.0,3.43,68.21766161214657
2026-09-28T16:45:00+05:30,Kurunegala_NorthWestern,26.4,265.28188735983485,186.0,3.45,71.92299899889623
2026-09-28T17:00:00+05:30,Kurunegala_NorthWestern,26.2,265.85010635840126,146.0,3.56,75.63143176061325
2026-09-28T17:15:00+05:30,Kurunegala_NorthWestern,26.0,266.39057001091334,107.0,3.72,79.34244109040995
2026-09-28T17:30:00+05:30,Kurunegala_NorthWestern,25.8,266.9088761714206,71.0,3.78,83.05558817538717
2026-09-28T17:45:00+05:30,Kurunegala_NorthWestern,25.6,267.4099619250779,38.0,3.75,86.77049594906788
2026-09-28T18:00:00+05:30,Kurunegala_NorthWestern,25.4,267.89829305276965,10.0,3.62,90.48683353159386
2026-09-28T18:15:00+05:30,Kurunegala_NorthWestern,25.2,268.3780232153277,0.0,3.53,94.20430356155889
2026-09-28T18:30:00+05:30,Kurunegala_NorthWestern,25.1,268.85313512526767,0.0,3.42,97.92263295967433
2026-09-28T18:45:00+05:30,Kurunegala_NorthWestern,25.0,269.3275734723891,0.0,3.32,101.64156339083362
2026-09-28T19:00:00+05:30,Kurunegala_NorthWestern,24.9,269.8053792784889,0.0,3.24,105.3608422704086
2026-09-28T19:15:00+05:30,Kurunegala_NorthWestern,24.9,270.29083583088754,0.0,3.21,109.0802152114538
2026-09-28T19:30:00+05:30,Kurunegala_NorthWestern,24.8,270.7886375673393,0.0,3.17,112.79941626494006
2026-09-28T19:45:00+05:30,Kurunegala_NorthWestern,24.8,271.30409734000904,0.0,3.17,116.51815666231187
2026-09-28T20:00:00+05:30,Kurunegala_NorthWestern,24.8,271.8434135053268,0.0,3.24,120.23611250948449
2026-09-28T20:15:00+05:30,Kurunegala_NorthWestern,24.7,272.4140276315068,0.0,3.27,123.95290694179366
2026-09-28T20:30:00+05:30,Kurunegala_NorthWestern,24.7,273.02512071644105,0.0,3.32,127.66808597251509
2026-09-28T20:45:00+05:30,Kurunegala_NorthWestern,24.7,273.6883238199502,0.0,3.32,131.38108596946026
2026-09-28T21:00:00+05:30,Kurunegala_NorthWestern,24.8,274.4187667597154,0.0,3.37,135.09118391134166
2026-09-28T21:15:00+05:30,Kurunegala_NorthWestern,24.8,275.23667600737576,0.0,3.32,138.7974219670174
2026-09-28T21:30:00+05:30,Kurunegala_NorthWestern,24.8,276.16989494710754,0.0,3.34,142.49849020554106
2026-09-28T21:45:00+05:30,Kurunegala_NorthWestern,24.8,277.2580142583805,0.0,3.31,146.19253160607354
2026-09-28T22:00:00+05:30,Kurunegala_NorthWestern,24.7,278.55944891776943,0.0,3.3,149.87680655198315
2026-09-28T22:15:00+05:30,Kurunegala_NorthWestern,24.7,280.1642126256052,0.0,3.27,153.54708435079309
2026-09-28T22:30:00+05:30,Kurunegala_NorthWestern,24.6,282.21844988338495,0.0,3.24,157.1964585821113
2026-09-28T22:45:00+05:30,Kurunegala_NorthWestern,24.6,284.97520008344344,0.0,3.27,160.81285235113097
2026-09-28T23:00:00+05:30,Kurunegala_NorthWestern,24.6,288.90930612544145,0.0,3.31,164.3732069906854
2026-09-28T23:15:00+05:30,Kurunegala_NorthWestern,24.5,295.0057763978234,0.0,3.31,167.82810173793513
2026-09-28T23:30:00+05:30,Kurunegala_NorthWestern,24.5,305.5509812879752,0.0,3.31,171.054353836344
2026-09-28T23:45:00+05:30,Kurunegala_NorthWestern,24.4,326.03204178751645,0.0,3.27,173.69073788026787
2026-09-29T00:00:00+05:30,Kurunegala_NorthWestern,24.4,2.4906759777304615,0.0,3.15,174.75571342857245
2026-09-29T00:15:00+05:30,Kurunegala_NorthWestern,24.4,37.322270222425004,0.0,3.06,173.43404171685617
2026-09-29T00:30:00+05:30,Kurunegala_NorthWestern,24.3,56.19130462025237,0.0,3.02,170.69227801973585
2026-09-29T00:45:00+05:30,Kurunegala_NorthWestern,24.3,66.00969161800839,0.0,3.02,167.4275532478706
2026-09-29T01:00:00+05:30,Kurunegala_NorthWestern,24.3,71.76876470455608,0.0,3.04,163.95608128532058
2026-09-29T01:15:00+05:30,Kurunegala_NorthWestern,24.3,75.52706783633465,0.0,3.09,160.38743166456607
2026-09-29T01:30:00+05:30,Kurunegala_NorthWestern,24.3,78.18280030496209,0.0,3.11,156.76643816001132
2026-09-29T01:45:00+05:30,Kurunegala_NorthWestern,24.2,80.17458002715262,0.0,3.13,153.11434574473884
2026-09-29T02:00:00+05:30,Kurunegala_NorthWestern,24.2,81.73861840791932,0.0,3.11,149.4424120960706
2026-09-29T02:15:00+05:30,Kurunegala_NorthWestern,24.2,83.01249242999666,0.0,3.14,145.75713446770934
2026-09-29T02:30:00+05:30,Kurunegala_NorthWestern,24.1,84.08151719401837,0.0,3.11,142.06252288259137
2026-09-29T02:45:00+05:30,Kurunegala_NorthWestern,23.9,85.00137209482125,0.0,3.11,138.3611895136557
2026-09-29T03:00:00+05:30,Kurunegala_NorthWestern,23.8,85.80997623688336,0.0,3.18,134.65491518423016
2026-09-29T03:15:00+05:30,Kurunegala_NorthWestern,23.6,86.53411165284575,0.0,3.15,130.94496318786472
2026-09-29T03:30:00+05:30,Kurunegala_NorthWestern,23.4,87.19331098837836,0.0,3.13,127.2322612906244
2026-09-29T03:45:00+05:30,Kurunegala_NorthWestern,23.3,87.80224085102725,0.0,2.96,123.51751411604047
2026-09-29T04:00:00+05:30,Kurunegala_NorthWestern,23.2,88.37221976120236,0.0,2.76,119.80127486964027
2026-09-29T04:15:00+05:30,Kurunegala_NorthWestern,23.1,88.9122186455881,0.0,2.55,116.08399138847076
2026-09-29T04:30:00+05:30,Kurunegala_NorthWestern,23.1,89.42954113542288,0.0,2.52,112.36603884445792
2026-09-29T04:45:00+05:30,Kurunegala_NorthWestern,23.0,89.930300792097,0.0,2.57,108.64774310952367
2026-09-29T05:00:00+05:30,Kurunegala_NorthWestern,23.0,90.41976696644917,0.0,2.7,104.92939667219525
2026-09-29T05:15:00+05:30,Kurunegala_NorthWestern,23.0,90.9026242016264,0.0,2.85,101.21127224626998
2026-09-29T05:30:00+05:30,Kurunegala_NorthWestern,23.1,91.38317517366016,0.0,3.0,97.49363401789333
2026-09-29T05:45:00+05:30,Kurunegala_NorthWestern,23.1,91.86550776695674,0.0,3.1,93.77674605376349
2026-09-29T06:00:00+05:30,Kurunegala_NorthWestern,23.2,92.35364069233617,0.0,3.26,90.06088164254885
2026-09-29T06:15:00+05:30,Kurunegala_NorthWestern,23.3,92.85165939655536,14.0,3.4,86.34633273415257
2026-09-29T06:30:00+05:30,Kurunegala_NorthWestern,23.5,93.36385242837474,50.0,3.43,82.63341861805507
2026-09-29T06:45:00+05:30,Kurunegala_NorthWestern,23.9,93.89485753543414,94.0,3.35,78.92249750728081
2026-09-29T07:00:00+05:30,Kurunegala_NorthWestern,24.4,94.44982821278018,145.0,3.09,75.21398035680492
2026-09-29T07:15:00+05:30,Kurunegala_NorthWestern,25.0,95.03463365102539,200.0,2.87,71.50834647097788
2026-09-29T07:30:00+05:30,Kurunegala_NorthWestern,25.5,95.65610822618214,255.0,2.8,67.80616532230438
2026-09-29T07:45:00+05:30,Kurunegala_NorthWestern,25.9,96.32237349287112,311.0,2.92,64.10812511194578
2026-09-29T08:00:00+05:30,Kurunegala_NorthWestern,26.3,97.04326553406185,367.0,3.2,60.41506953863909
2026-09-29T08:15:00+05:30,Kurunegala_NorthWestern,26.7,97.83091519673741,423.0,3.45,56.72805017138277
2026-09-29T08:30:00+05:30,Kurunegala_NorthWestern,27.1,98.70055409453857,479.0,3.62,53.04839970078115
2026-09-29T08:45:00+05:30,Kurunegala_NorthWestern,27.5,99.67165953596367,532.0,3.63,49.3778352154667
2026-09-29T09:00:00+05:30,Kurunegala_NorthWestern,27.9,100.76961717243421,583.0,3.62,45.71861163293705
2026-09-29T09:15:00+05:30,Kurunegala_NorthWestern,28.2,102.02819446577325,629.0,3.65,42.07375226392074
2026-09-29T09:30:00+05:30,Kurunegala_NorthWestern,28.5,103.49331672588636,669.0,3.69,38.4474038465259
2026-09-29T09:45:00+05:30,Kurunegala_NorthWestern,28.8,105.22899198963086,705.0,3.72,34.845405549605694
2026-09-29T10:00:00+05:30,Kurunegala_NorthWestern,29.1,107.32688667056527,740.0,3.75,31.276229883122625
2026-09-29T10:15:00+05:30,Kurunegala_NorthWestern,29.3,109.92227932263535,778.0,3.72,27.752599893185888
2026-09-29T10:30:00+05:30,Kurunegala_NorthWestern,29.6,113.22140155013687,819.0,3.74,24.294396918284008
2026-09-29T10:45:00+05:30,Kurunegala_NorthWestern,29.8,117.54917129807518,860.0,3.76,20.934125958442962
2026-09-29T11:00:00+05:30,Kurunegala_NorthWestern,30.0,123.4314313663632,895.0,3.81,17.727617639005345
2026-09-29T11:15:00+05:30,Kurunegala_NorthWestern,30.2,131.72044625190364,921.0,3.86,14.775373357394642
2026-09-29T11:30:00+05:30,Kurunegala_NorthWestern,30.3,143.68544509514675,939.0,3.87,12.262484691271368
2026-09-29T11:45:00+05:30,Kurunegala_NorthWestern,30.4,160.5711254423096,949.0,3.93,10.509039330093657
2026-09-29T12:00:00+05:30,Kurunegala_NorthWestern,30.4,181.56291908180685,952.0,3.94,9.926043037254459
2026-09-29T12:15:00+05:30,Kurunegala_NorthWestern,30.4,202.1527355846472,948.0,4.01,10.706447753879672
2026-09-29T12:30:00+05:30,Kurunegala_NorthWestern,30.5,218.26928746374813,939.0,4.05,12.59940053102855
2026-09-29T12:45:00+05:30,Kurunegala_NorthWestern,30.6,229.59167869512322,922.0,4.09,15.194621980503044
2026-09-29T13:00:00+05:30,Kurunegala_NorthWestern,30.8,237.4494825079442,897.0,4.14,18.194016063932466
2026-09-29T13:15:00+05:30,Kurunegala_NorthWestern,31.0,243.05393782447732,862.0,4.16,21.42850658799388
2026-09-29T13:30:00+05:30,Kurunegala_NorthWestern,31.1,247.19959973830342,820.0,4.14,24.806272996026834
2026-09-29T13:45:00+05:30,Kurunegala_NorthWestern,31.0,250.37526224187883,770.0,4.11,28.27598499422345
2026-09-29T14:00:00+05:30,Kurunegala_NorthWestern,30.9,252.88389058811478,712.0,3.99,31.807534366404987
2026-09-29T14:15:00+05:30,Kurunegala_NorthWestern,30.6,254.9186984019734,644.0,3.89,35.38237482774527
2026-09-29T14:30:00+05:30,Kurunegala_NorthWestern,30.2,256.60705061355145,563.0,3.76,38.98856270726917
2026-09-29T14:45:00+05:30,Kurunegala_NorthWestern,29.6,258.03565010466434,481.0,3.5,42.61810208124106
2026-09-29T15:00:00+05:30,Kurunegala_NorthWestern,28.9,259.265290452323,408.0,3.23,46.26545621934939
2026-09-29T15:15:00+05:30,Kurunegala_NorthWestern,28.1,260.33975121115134,352.0,2.98,49.92667693550574
2026-09-29T15:30:00+05:30,Kurunegala_NorthWestern,27.6,261.29132684115393,308.0,2.83,53.598876635787086
2026-09-29T15:45:00+05:30,Kurunegala_NorthWestern,27.5,262.1443645555225,271.0,2.84,57.27989497556544
2026-09-29T16:00:00+05:30,Kurunegala_NorthWestern,27.6,262.9175911552302,238.0,2.95,60.96808232186212
2026-09-29T16:15:00+05:30,Kurunegala_NorthWestern,27.8,263.6256829210183,207.0,3.08,64.66215658467486
2026-09-29T16:30:00+05:30,Kurunegala_NorthWestern,27.8,264.2803496109614,180.0,3.15,68.36110411317235
2026-09-29T16:45:00+05:30,Kurunegala_NorthWestern,27.7,264.89110006582143,153.0,3.11,72.06411018466855
2026-09-29T17:00:00+05:30,Kurunegala_NorthWestern,27.5,265.4657950399974,125.0,3.02,75.77051066889037
2026-09-29T17:15:00+05:30,Kurunegala_NorthWestern,27.3,266.0110549102528,93.0,2.91,79.47975555277336
2026-09-29T17:30:00+05:30,Kurunegala_NorthWestern,27.1,266.5325677465995,61.0,2.82,83.19138166384494
2026-09-29T17:45:00+05:30,Kurunegala_NorthWestern,26.8,267.035328672127,32.0,2.68,86.90499330722118
2026-09-29T18:00:00+05:30,Kurunegala_NorthWestern,26.5,267.5238316456468,8.0,2.49,90.62024591931703
2026-09-29T18:15:00+05:30,Kurunegala_NorthWestern,26.2,268.00222964453894,0.0,2.32,94.33683287209487
2026-09-29T18:30:00+05:30,Kurunegala_NorthWestern,25.9,268.4744755599746,0.0,2.25,98.05447593718401
2026-09-29T18:45:00+05:30,Kurunegala_NorthWestern,25.7,268.9444535175044,0.0,2.25,101.77291564091666
2026-09-29T19:00:00+05:30,Kurunegala_NorthWestern,25.6,269.4161101437452,0.0,2.31,105.49190236977006
2026-09-29T19:15:00+05:30,Kurunegala_NorthWestern,25.4,269.89359563360426,0.0,2.39,109.211189129519
2026-09-29T19:30:00+05:30,Kurunegala_NorthWestern,25.3,270.3814255285706,0.0,2.42,112.93052235248487
2026-09-29T19:45:00+05:30,Kurunegala_NorthWestern,25.2,270.88467792040217,0.0,2.42,116.6496315283416
2026-09-29T20:00:00+05:30,Kurunegala_NorthWestern,25.1,271.40924644539007,0.0,2.35,120.36821821678095
2026-09-29T20:15:00+05:30,Kurunegala_NorthWestern,25.0,271.9621782433702,0.0,2.31,124.08594011939712
2026-09-29T20:30:00+05:30,Kurunegala_NorthWestern,24.9,272.55214229501576,0.0,2.33,127.8023897226623
2026-09-29T20:45:00+05:30,Kurunegala_NorthWestern,24.8,273.19010019225476,0.0,2.46,131.5170658642388
2026-09-29T21:00:00+05:30,Kurunegala_NorthWestern,24.7,273.890296962961,0.0,2.68,135.22933009880927
2026-09-29T21:15:00+05:30,Kurunegala_NorthWestern,24.6,274.67177338435533,0.0,2.91,138.93834059153687
2026-09-29T21:30:00+05:30,Kurunegala_NorthWestern,24.5,275.5607571027842,0.0,3.07,142.64294943248655
2026-09-29T21:45:00+05:30,Kurunegala_NorthWestern,24.4,276.59459420150455,0.0,3.1,146.3415313010964
2026-09-29T22:00:00+05:30,Kurunegala_NorthWestern,24.3,277.82851469304194,0.0,3.07,150.03168776703674
2026-09-29T22:15:00+05:30,Kurunegala_NorthWestern,24.2,279.34791533435344,0.0,2.99,153.7097088225604
2026-09-29T22:30:00+05:30,Kurunegala_NorthWestern,24.1,281.29213581013255,0.0,2.96,157.36951772133108
2026-09-29T22:45:00+05:30,Kurunegala_NorthWestern,24.0,283.90422416524933,0.0,3.0,161.00042907572953
2026-09-29T23:00:00+05:30,Kurunegala_NorthWestern,23.9,287.64557061436017,0.0,3.03,164.58185615628108
2026-09-29T23:15:00+05:30,Kurunegala_NorthWestern,23.8,293.49208694531137,0.0,3.07,168.06899366648122
2026-09-29T23:30:00+05:30,Kurunegala_NorthWestern,23.8,303.79301002211184,0.0,3.07,171.34692263959067
2026-09-29T23:45:00+05:30,Kurunegala_NorthWestern,23.7,324.6212035192707,0.0,3.08,174.05849523298872
2026-09-30T00:00:00+05:30,Kurunegala_NorthWestern,23.7,3.670969709145311,0.0,3.06,175.13924083560454
2026-09-30T00:15:00+05:30,Kurunegala_NorthWestern,23.7,40.05414097685559,0.0,3.07,173.6871404388749
2026-09-30T00:30:00+05:30,Kurunegala_NorthWestern,23.7,58.49915895991762,0.0,3.04,170.83615020436662
2026-09-30T00:45:00+05:30,Kurunegala_NorthWestern,23.7,67.80103347799911,0.0,2.99,167.51012796691072
2026-09-30T01:00:00+05:30,Kurunegala_NorthWestern,23.7,73.19848800410563,0.0,2.97,164.00276314384575
2026-09-30T01:15:00+05:30,Kurunegala_NorthWestern,23.7,76.70932596767295,0.0,2.91,160.41132174450757
2026-09-30T01:30:00+05:30,Kurunegala_NorthWestern,23.6,79.18992854191714,0.0,2.9,156.7748806323291
2026-09-30T01:45:00+05:30,Kurunegala_NorthWestern,23.6,81.05311021977747,0.0,2.89,153.11180378544302
2026-09-30T02:00:00+05:30,Kurunegala_NorthWestern,23.5,82.51968199415825,0.0,2.86,149.43178335410005
2026-09-30T02:15:00+05:30,Kurunegala_NorthWestern,23.5,83.71776253111909,0.0,2.84,145.7404031300088
2026-09-30T02:30:00+05:30,Kurunegala_NorthWestern,23.4,84.72662976040476,0.0,2.84,142.04110821847786
2026-09-30T02:45:00+05:30,Kurunegala_NorthWestern,23.3,85.59796425678735,0.0,2.88,138.3361445728727
2026-09-30T03:00:00+05:30,Kurunegala_NorthWestern,23.2,86.36694808850734,0.0,2.92,134.62704637639393
2026-09-30T03:15:00+05:30,Kurunegala_NorthWestern,23.1,87.05843622947827,0.0,2.97,130.91490562859403
2026-09-30T03:30:00+05:30,Kurunegala_NorthWestern,23.1,87.6905717135395,0.0,3.01,127.20052818977796
2026-09-30T03:45:00+05:30,Kurunegala_NorthWestern,23.1,88.27699899576288,0.0,3.06,123.48453029771179
2026-09-30T04:00:00+05:30,Kurunegala_NorthWestern,23.1,88.82827261995618,0.0,3.11,119.76740025374653
2026-09-30T04:15:00+05:30,Kurunegala_NorthWestern,23.1,89.35278556591516,0.0,3.16,116.0495379328383
2026-09-30T04:30:00+05:30,Kurunegala_NorthWestern,23.1,89.85740083859935,0.0,3.16,112.33128313354537
2026-09-30T04:45:00+05:30,Kurunegala_NorthWestern,23.1,90.3478951832654,0.0,3.15,108.61293599825905
2026-09-30T05:00:00+05:30,Kurunegala_NorthWestern,23.1,90.82928156588213,0.0,3.1,104.89477091703041
2026-09-30T05:15:00+05:30,Kurunegala_NorthWestern,23.1,91.30605214600155,0.0,3.05,101.17704877101305
2026-09-30T05:30:00+05:30,Kurunegala_NorthWestern,23.1,91.78236968267419,0.0,3.0,97.46002727639299
2026-09-30T05:45:00+05:30,Kurunegala_NorthWestern,23.2,92.26222664407419,0.0,2.95,93.74396883719191
2026-09-30T06:00:00+05:30,Kurunegala_NorthWestern,23.3,92.74958557567408,0.0,2.95,90.02914961283608
2026-09-30T06:15:00+05:30,Kurunegala_NorthWestern,23.4,93.24851193295638,14.0,2.9,86.3158689210887
2026-09-30T06:30:00+05:30,Kurunegala_NorthWestern,23.6,93.76330923331989,48.0,2.9,82.60445811257944
2026-09-30T06:45:00+05:30,Kurunegala_NorthWestern,24.0,94.29866566878604,89.0,2.9,78.89529259202419
2026-09-30T07:00:00+05:30,Kurunegala_NorthWestern,24.5,94.85982292097572,137.0,2.85,75.18880634071581
2026-09-30T07:15:00+05:30,Kurunegala_NorthWestern,25.0,95.4527803043124,191.0,2.85,71.48550856091832
2026-09-30T07:30:00+05:30,Kurunegala_NorthWestern,25.5,96.08455072374721,253.0,2.9,67.78600695281054
2026-09-30T07:45:00+05:30,Kurunegala_NorthWestern,26.0,96.76349196832672,320.0,3.03,64.09103829561715
2026-09-30T08:00:00+05:30,Kurunegala_NorthWestern,26.6,97.49974703802434,388.0,3.34,60.40150801454557
2026-09-30T08:15:00+05:30,Kurunegala_NorthWestern,27.1,98.30584224286542,447.0,3.67,56.718546436898116
2026-09-30T08:30:00+05:30,Kurunegala_NorthWestern,27.6,99.19751768725064,495.0,3.89,53.043587499900696
2026-09-30T08:45:00+05:30,Kurunegala_NorthWestern,28.0,100.19490572355369,533.0,3.91,49.378479798737
2026-09-30T09:00:00+05:30,Kurunegala_NorthWestern,28.3,101.32423940951247,567.0,3.83,45.72565125279176
2026-09-30T09:15:00+05:30,Kurunegala_NorthWestern,28.6,102.62038811653838,603.0,3.66,42.088356221164226
2026-09-30T09:30:00+05:30,Kurunegala_NorthWestern,28.9,104.13071605770955,639.0,3.58,38.47105538924381
2026-09-30T09:45:00+05:30,Kurunegala_NorthWestern,29.1,105.92111046716172,673.0,3.5,34.880022803838585
2026-09-30T10:00:00+05:30,Kurunegala_NorthWestern,29.3,108.08566658073124,703.0,3.47,31.324345981747648
2026-09-30T10:15:00+05:30,Kurunegala_NorthWestern,29.5,110.7626891209029,729.0,3.43,27.81763611346966
2026-09-30T10:30:00+05:30,Kurunegala_NorthWestern,29.6,114.16177944223108,749.0,3.39,24.38108036686542
2026-09-30T10:45:00+05:30,Kurunegala_NorthWestern,29.7,118.61022315878478,765.0,3.39,21.04911674546645
2026-09-30T11:00:00+05:30,Kurunegala_NorthWestern,29.7,124.63027976064234,780.0,3.4,17.880360136702365
2026-09-30T11:15:00+05:30,Kurunegala_NorthWestern,29.7,133.048801742016,798.0,3.42,14.978796287726638
2026-09-30T11:30:00+05:30,Kurunegala_NorthWestern,29.8,145.04623462707337,819.0,3.48,12.531462956103738
2026-09-30T11:45:00+05:30,Kurunegala_NorthWestern,29.9,161.667348523447,839.0,3.58,10.850240068803075
2026-09-30T12:00:00+05:30,Kurunegala_NorthWestern,30.1,181.96626094144378,855.0,3.65,10.316745661370717
2026-09-30T12:15:00+05:30,Kurunegala_NorthWestern,30.2,201.79649140878212,862.0,3.76,11.097762679051556
2026-09-30T12:30:00+05:30,Kurunegala_NorthWestern,30.3,217.49588286378759,864.0,3.82,12.957734608051425
2026-09-30T12:45:00+05:30,Kurunegala_NorthWestern,30.3,228.69710458169388,859.0,3.87,15.513300731708412
2026-09-30T13:00:00+05:30,Kurunegala_NorthWestern,30.3,236.56754415338835,845.0,3.92,18.47805420611887
2026-09-30T13:15:00+05:30,Kurunegala_NorthWestern,30.3,242.2285467853834,820.0,3.93,21.684784405332366
2026-09-30T13:30:00+05:30,Kurunegala_NorthWestern,30.2,246.43913640320216,780.0,3.99,25.040674714585748
2026-09-30T13:45:00+05:30,Kurunegala_NorthWestern,30.0,249.67594005649255,734.0,4.1,28.493041717862717
2026-09-30T14:00:00+05:30,Kurunegala_NorthWestern,29.8,252.23850784421603,689.0,4.22,32.01065553280386
2026-09-30T14:15:00+05:30,Kurunegala_NorthWestern,29.6,254.3197317243525,653.0,4.31,35.574134653701634
2026-09-30T14:30:00+05:30,Kurunegala_NorthWestern,29.5,256.04765142719685,622.0,4.39,39.17092967538595
2026-09-30T14:45:00+05:30,Kurunegala_NorthWestern,29.4,257.5098768644442,591.0,4.39,42.79260527774381
2026-09-30T15:00:00+05:30,Kurunegala_NorthWestern,29.4,258.76807405853685,557.0,4.4,46.43330278335873
2026-09-30T15:15:00+05:30,Kurunegala_NorthWestern,29.4,259.86677984561794,517.0,4.31,50.088834933982305
2026-09-30T15:30:00+05:30,Kurunegala_NorthWestern,29.4,260.8389186676545,472.0,4.22,53.75613409843726
2026-09-30T15:45:00+05:30,Kurunegala_NorthWestern,29.4,261.70935152993036,426.0,4.03,57.4329025275794
2026-09-30T16:00:00+05:30,Kurunegala_NorthWestern,29.3,262.4972199509581,378.0,3.81,61.117384451212175
2026-09-30T16:15:00+05:30,Kurunegala_NorthWestern,29.2,263.2175326492811,328.0,3.53,64.80821494011099
2026-09-30T16:30:00+05:30,Kurunegala_NorthWestern,29.0,263.88226396828566,279.0,3.32,68.50431514712984
2026-09-30T16:45:00+05:30,Kurunegala_NorthWestern,28.8,264.5011311643942,230.0,3.15,72.20481873976723
2026-09-30T17:00:00+05:30,Kurunegala_NorthWestern,28.6,265.08215637129945,181.0,3.04,75.90902062094769
2026-09-30T17:15:00+05:30,Kurunegala_NorthWestern,28.3,265.63208123475664,132.0,2.89,79.6163383060033
2026-09-30T17:30:00+05:30,Kurunegala_NorthWestern,28.0,266.15668005035445,85.0,2.79,83.32628307499353
2026-09-30T17:45:00+05:30,Kurunegala_NorthWestern,27.6,266.6610026071829,44.0,2.66,87.03843946401724
2026-09-30T18:00:00+05:30,Kurunegala_NorthWestern,27.2,267.14956806313177,10.0,2.47,90.75244810622915
2026-09-30T18:15:00+05:30,Kurunegala_NorthWestern,26.8,267.6265259416974,0.0,2.35,94.46799198250709
2026-09-30T18:30:00+05:30,Kurunegala_NorthWestern,26.4,268.0957965846077,0.0,2.2,98.18478654909379
2026-09-30T18:45:00+05:30,Kurunegala_NorthWestern,26.2,268.56120070536696,0.0,2.09,101.90256995931665
2026-09-30T19:00:00+05:30,Kurunegala_NorthWestern,26.0,269.0265873889801,0.0,1.98,105.62109422762107
2026-09-30T19:15:00+05:30,Kurunegala_NorthWestern,25.8,269.49597007817306,0.0,1.91,109.3401182563193
2026-09-30T19:30:00+05:30,Kurunegala_NorthWestern,25.7,269.9736809663616,0.0,1.84,113.05939915501814
2026-09-30T19:45:00+05:30,Kurunegala_NorthWestern,25.5,270.4645577576696,0.0,1.84,116.77868268776038
2026-09-30T20:00:00+05:30,Kurunegala_NorthWestern,25.4,270.97418201553796,0.0,1.89,120.49769351530769
2026-09-30T20:15:00+05:30,Kurunegala_NorthWestern,25.2,271.5091965539797,0.0,1.96,124.2161210654653
2026-09-30T20:30:00+05:30,Kurunegala_NorthWestern,25.1,272.07774463291344,0.0,2.01,127.93360080091475
2026-09-30T20:45:00+05:30,Kurunegala_NorthWestern,25.0,272.69009886588265,0.0,2.02,131.6496896576825
2026-09-30T21:00:00+05:30,Kurunegala_NorthWestern,24.9,273.35959088666215,0.0,2.11,135.3638282056858
2026-09-30T21:15:00+05:30,Kurunegala_NorthWestern,24.8,274.10403248336985,0.0,2.16,139.0752834167552
2026-09-30T21:30:00+05:30,Kurunegala_NorthWestern,24.7,274.94796764846154,0.0,2.25,142.78305995861194
2026-09-30T21:45:00+05:30,Kurunegala_NorthWestern,24.7,275.92638686289155,0.0,2.35,146.48575162962763
2026-09-30T22:00:00+05:30,Kurunegala_NorthWestern,24.6,277.09114481734565,0.0,2.45,150.18128426554284
2026-09-30T22:15:00+05:30,Kurunegala_NorthWestern,24.6,278.5226757695134,0.0,2.5,153.8664458440829
2026-09-30T22:30:00+05:30,Kurunegala_NorthWestern,24.5,280.3528430654521,0.0,2.55,157.5359599123707
2026-09-30T22:45:00+05:30,Kurunegala_NorthWestern,24.4,282.8132878295913,0.0,2.5,161.18050011127139
2026-09-30T23:00:00+05:30,Kurunegala_NorthWestern,24.4,286.34867163415623,0.0,2.4,164.78194210925182
2026-09-30T23:15:00+05:30,Kurunegala_NorthWestern,24.3,291.91755558639915,0.0,2.25,168.30024414496532
2026-09-30T23:30:00+05:30,Kurunegala_NorthWestern,24.2,301.91276459573504,0.0,2.2,171.62972114602923
2026-09-30T23:45:00+05:30,Kurunegala_NorthWestern,24.1,323.0187381212447,0.0,2.2,174.42119521313558
2026-10-01T00:00:00+05:30,Kurunegala_NorthWestern,24.0,5.036858648879047,0.0,2.21,175.52007852896162
2026-10-01T00:15:00+05:30,Kurunegala_NorthWestern,23.9,42.99530541350225,0.0,2.26,173.925348126736
2026-10-01T00:30:00+05:30,Kurunegala_NorthWestern,23.8,60.87020819665872,0.0,2.28,170.96578245870256
2026-10-01T00:45:00+05:30,Kurunegala_NorthWestern,23.8,69.61041999529289,0.0,2.29,167.581679166711
2026-10-01T01:00:00+05:30,Kurunegala_NorthWestern,23.7,74.63291899616866,0.0,2.34,164.04095584642334
2026-10-01T01:15:00+05:30,Kurunegala_NorthWestern,23.7,77.89191968718382,0.0,2.34,160.42853877698747
2026-10-01T01:30:00+05:30,Kurunegala_NorthWestern,23.7,80.19588396012927,0.0,2.33,156.77797603177723
2026-10-01T01:45:00+05:30,Kurunegala_NorthWestern,23.6,81.92998110655373,0.0,2.26,153.10491729483127
2026-10-01T02:00:00+05:30,Kurunegala_NorthWestern,23.5,83.29899038710766,0.0,2.2,149.4175943313676
2026-10-01T02:15:00+05:30,Kurunegala_NorthWestern,23.4,84.42133349963945,0.0,2.18,145.72074369650767
2026-10-01T02:30:00+05:30,Kurunegala_NorthWestern,23.3,85.3701546852576,0.0,2.16,142.01728844852587
2026-10-01T02:45:00+05:30,Kurunegala_NorthWestern,23.3,86.19309516792396,0.0,2.17,138.3091369923788
2026-10-01T03:00:00+05:30,Kurunegala_NorthWestern,23.2,86.9225829200073,0.0,2.11,134.59759666439507
2026-10-01T03:15:00+05:30,Kurunegala_NorthWestern,23.1,87.58153905839174,0.0,2.09,130.88360223934797
2026-10-01T03:30:00+05:30,Kurunegala_NorthWestern,23.1,88.18671478652595,0.0,2.08,127.16784794122131
2026-10-01T03:45:00+05:30,Kurunegala_NorthWestern,23.0,88.75073221781611,0.0,2.02,123.45086930751475
2026-10-01T04:00:00+05:30,Kurunegala_NorthWestern,22.9,89.28338258364374,0.0,1.96,119.73309561211072
2026-10-01T04:15:00+05:30,Kurunegala_NorthWestern,22.8,89.79248188158158,0.0,1.9,116.01488336688432
2026-10-01T04:30:00+05:30,Kurunegala_NorthWestern,22.8,90.28445349827518,0.0,1.85,112.29654067217609
2026-10-01T04:45:00+05:30,Kurunegala_NorthWestern,22.7,90.76473829694658,0.0,1.85,108.57834494000404
2026-10-01T05:00:00+05:30,Kurunegala_NorthWestern,22.6,91.23809366808985,0.0,1.92,104.86055496637633
2026-10-01T05:15:00+05:30,Kurunegala_NorthWestern,22.6,91.70882005242936,0.0,1.93,101.14342194114559
2026-10-01T05:30:00+05:30,Kurunegala_NorthWestern,22.6,92.18094080441915,0.0,1.99,97.42719898826994
2026-10-01T05:45:00+05:30,Kurunegala_NorthWestern,22.8,92.65835333032118,0.0,2.03,93.71214854467623
2026-10-01T06:00:00+05:30,Kurunegala_NorthWestern,23.2,93.14496419835496,0.0,2.02,89.99855121142015
2026-10-01T06:15:00+05:30,Kurunegala_NorthWestern,23.6,93.64481887681501,15.0,2.06,86.28671518215316
2026-10-01T06:30:00+05:30,Kurunegala_NorthWestern,24.0,94.16223564266431,51.0,2.1,82.57698536116013
2026-10-01T06:45:00+05:30,Kurunegala_NorthWestern,24.4,94.70195266272253,100.0,2.15,78.86975586786677
2026-10-01T07:00:00+05:30,Kurunegala_NorthWestern,24.9,95.2692990008307,157.0,2.26,75.16548531461791
2026-10-01T07:15:00+05:30,Kurunegala_NorthWestern,25.5,95.87040284289407,215.0,2.33,71.46471454054434
2026-10-01T07:30:00+05:30,Kurunegala_NorthWestern,26.0,96.5124537495102,272.0,2.39,67.76809140983733
2026-10-01T07:45:00+05:30,Kurunegala_NorthWestern,26.4,97.20404298537505,326.0,2.46,64.07640348444797
2026-10-01T08:00:00+05:30,Kurunegala_NorthWestern,26.9,97.9556164127867,381.0,2.5,60.390620476154936
2026-10-01T08:15:00+05:30,Kurunegala_NorthWestern,27.3,98.78008980568183,439.0,2.53,56.711954501107904
2026-10-01T08:30:00+05:30,Kurunegala_NorthWestern,27.8,99.69370277433592,501.0,2.56,53.041944380268234
2026-10-01T08:45:00+05:30,Kurunegala_NorthWestern,28.2,100.71722903137959,563.0,2.55,49.3825746278461
2026-10-01T09:00:00+05:30,Kurunegala_NorthWestern,28.6,101.87772776746397,622.0,2.62,45.73645155884678
2026-10-01T09:15:00+05:30,Kurunegala_NorthWestern,29.0,103.21113638609677,674.0,2.57,42.10706717796672
2026-10-01T09:30:00+05:30,Kurunegala_NorthWestern,29.3,104.76620255711094,718.0,2.58,38.49920410569148
2026-10-01T09:45:00+05:30,Kurunegala_NorthWestern,29.7,106.61059916149185,755.0,2.55,34.91958061924679
2026-10-01T10:00:00+05:30,Kurunegala_NorthWestern,30.1,108.8406871416384,787.0,2.57,31.377909247379023
2026-10-01T10:15:00+05:30,Kurunegala_NorthWestern,30.4,111.5975032519683,816.0,2.55,27.888697300554895
2026-10-01T10:30:00+05:30,Kurunegala_NorthWestern,30.7,115.09347221450179,839.0,2.55,24.474435547848856
2026-10-01T10:45:00+05:30,Kurunegala_NorthWestern,31.0,119.6572186796501,857.0,2.51,21.171459514509365
2026-10-01T11:00:00+05:30,Kurunegala_NorthWestern,31.1,125.80555784979975,871.0,2.48,18.041037806053296
2026-10-01T11:15:00+05:30,Kurunegala_NorthWestern,31.3,134.33727811927747,883.0,2.45,15.19026819469083
2026-10-01T11:30:00+05:30,Kurunegala_NorthWestern,31.3,146.34437799389747,895.0,2.39,12.807312257641144
2026-10-01T11:45:00+05:30,Kurunegala_NorthWestern,31.2,162.69047976936963,902.0,2.29,11.195030091787487
2026-10-01T12:00:00+05:30,Kurunegala_NorthWestern,31.0,182.33396273425143,902.0,2.19,10.707427191779871
2026-10-01T12:15:00+05:30,Kurunegala_NorthWestern,30.7,201.45929181687717,892.0,2.07,11.488615089945952
2026-10-01T12:30:00+05:30,Kurunegala_NorthWestern,30.4,216.76037256974428,874.0,1.93,13.317147259944448
2026-10-01T12:45:00+05:30,Kurunegala_NorthWestern,30.1,227.83599844054405,848.0,1.79,15.834235694595776
2026-10-01T13:00:00+05:30,Kurunegala_NorthWestern,29.6,235.7105028341709,818.0,1.61,18.764792863303953
2026-10-01T13:15:00+05:30,Kurunegala_NorthWestern,29.1,241.42107559206724,785.0,1.43,21.943764395112083
2026-10-01T13:30:00+05:30,Kurunegala_NorthWestern,28.7,245.69169117065542,750.0,1.3,25.27757656606593
2026-10-01T13:45:00+05:30,Kurunegala_NorthWestern,28.3,248.98628149928055,712.0,1.16,28.712318151674495
2026-10-01T14:00:00+05:30,Kurunegala_NorthWestern,28.0,251.60047041882387,665.0,1.05,32.21569570220576
2026-10-01T14:15:00+05:30,Kurunegala_NorthWestern,27.6,253.7264735593127,606.0,0.94,35.76751770543045
2026-10-01T14:30:00+05:30,Kurunegala_NorthWestern,27.3,255.4927766707194,531.0,0.87,39.35463896205703
2026-10-01T14:45:00+05:30,Kurunegala_NorthWestern,27.1,256.9877505724377,455.0,0.83,42.968187730955286
2026-10-01T15:00:00+05:30,Kurunegala_NorthWestern,26.9,258.27383932843605,391.0,0.85,46.601983270405235
2026-10-01T15:15:00+05:30,Kurunegala_NorthWestern,26.7,259.39627487824333,347.0,0.9,50.25159783884691
2026-10-01T15:30:00+05:30,Kurunegala_NorthWestern,26.6,260.3885697886605,318.0,0.93,53.9137818942637
2026-10-01T15:45:00+05:30,Kurunegala_NorthWestern,26.4,261.27607004790013,295.0,0.99,57.58609833283638
2026-10-01T16:00:00+05:30,Kurunegala_NorthWestern,26.3,262.0783116237428,271.0,1.1,61.26668337622259
2026-10-01T16:15:00+05:30,Kurunegala_NorthWestern,26.2,262.8106211047028,244.0,1.17,64.9540875259377
2026-10-01T16:30:00+05:30,Kurunegala_NorthWestern,26.1,263.4852267234603,216.0,1.24,68.64716516144198
2026-10-01T16:45:00+05:30,Kurunegala_NorthWestern,26.0,264.11204612517133,186.0,1.32,72.34499690314158
2026-10-01T17:00:00+05:30,Kurunegala_NorthWestern,25.9,264.69925665604046,152.0,1.36,76.04683536647072
2026-10-01T17:15:00+05:30,Kurunegala_NorthWestern,25.8,265.25371636791436,114.0,1.4,79.75206436920038
2026-10-01T17:30:00+05:30,Kurunegala_NorthWestern,25.7,265.78128182777857,75.0,1.42,83.46016848182559
2026-10-01T17:45:00+05:30,Kurunegala_NorthWestern,25.6,266.28705415702154,39.0,1.39,87.17071135365752
2026-10-01T18:00:00+05:30,Kurunegala_NorthWestern,25.4,266.7755747761865,8.0,1.32,90.88331770755451
2026-10-01T18:15:00+05:30,Kurunegala_NorthWestern,25.3,267.25098703420394,0.0,1.19,94.59765901166912
2026-10-01T18:30:00+05:30,Kurunegala_NorthWestern,25.2,267.71717605677884,0.0,1.1,98.3134432427998
2026-10-01T18:45:00+05:30,Kurunegala_NorthWestern,25.1,268.1778963734925,0.0,0.97,102.03040493983761
2026-10-01T19:00:00+05:30,Kurunegala_NorthWestern,25.0,268.6368964769845,0.0,0.84,105.74829638852147
2026-10-01T19:15:00+05:30,Kurunegala_NorthWestern,25.0,269.09804951978055,0.0,0.71,109.4668808699775
2026-10-01T19:30:00+05:30,Kurunegala_NorthWestern,24.9,269.56550005150035,0.0,0.6,113.18592443206813
2026-10-01T19:45:00+05:30,Kurunegala_NorthWestern,24.8,270.04383996510023,0.0,0.56,116.90518708612171
2026-10-01T20:00:00+05:30,Kurunegala_NorthWestern,24.7,270.5383316655885,0.0,0.49,120.624414175663
2026-10-01T20:15:00+05:30,Kurunegala_NorthWestern,24.6,271.05520409899236,0.0,0.5,124.3433239193366
2026-10-01T20:30:00+05:30,Kurunegala_NorthWestern,24.6,271.60206158107405,0.0,0.53,128.06159113029304
2026-10-01T20:45:00+05:30,Kurunegala_NorthWestern,24.5,272.18846889287676,0.0,0.57,131.7788262821281
2026-10-01T21:00:00+05:30,Kurunegala_NorthWestern,24.5,272.8268165798302,0.0,0.64,135.49454312149305
2026-10-01T21:15:00+05:30,Kurunegala_NorthWestern,24.5,273.5336454217522,0.0,0.67,139.20810981583605
2026-10-01T21:30:00+05:30,Kurunegala_NorthWestern,24.4,274.3317496382451,0.0,0.74,142.9186735106618
2026-10-01T21:45:00+05:30,Kurunegala_NorthWestern,24.4,275.25365560744774,0.0,0.78,146.62503348349844
2026-10-01T22:00:00+05:30,Kurunegala_NorthWestern,24.4,276.34765564535434,0.0,0.89,150.32542112112594
2026-10-01T22:15:00+05:30,Kurunegala_NorthWestern,24.3,277.6888794548387,0.0,0.97,154.017096485631
2026-10-01T22:30:00+05:30,Kurunegala_NorthWestern,24.3,279.4010422496694,0.0,1.01,157.69554798442348
2026-10-01T22:45:00+05:30,Kurunegala_NorthWestern,24.3,281.702938838495,0.0,1.05,161.35276352375922
2026-10-01T23:00:00+05:30,Kurunegala_NorthWestern,24.3,285.0190790152304,0.0,1.17,164.97304498544617
2026-10-01T23:15:00+05:30,Kurunegala_NorthWestern,24.3,290.28158611120375,0.0,1.21,168.521203679135
2026-10-01T23:30:00+05:30,Kurunegala_NorthWestern,24.2,299.90261479507376,0.0,1.25,171.9016803440234
2026-10-01T23:45:00+05:30,Kurunegala_NorthWestern,24.2,321.1881331594202,0.0,1.3,174.77778926366284
2026-10-02T00:00:00+05:30,Kurunegala_NorthWestern,24.1,6.63635271730044,0.0,1.3,175.89757959159414
2026-10-02T00:15:00+05:30,Kurunegala_NorthWestern,24.0,46.1544139351214,0.0,1.34,174.1469843621976
2026-10-02T00:30:00+05:30,Kurunegala_NorthWestern,24.0,63.29893060430118,0.0,1.34,171.08068751382285
2026-10-02T00:45:00+05:30,Kurunegala_NorthWestern,23.9,71.43453489046146,0.0,1.39,167.64214264406115
2026-10-02T01:00:00+05:30,Kurunegala_NorthWestern,23.9,76.07026542654614,0.0,1.37,164.0707207577995
2026-10-02T01:15:00+05:30,Kurunegala_NorthWestern,23.8,79.07379969327076,0.0,1.39,160.43918394609034
2026-10-02T01:30:00+05:30,Kurunegala_NorthWestern,23.7,81.1999938329082,0.0,1.39,156.77583822090196
2026-10-02T01:45:00+05:30,Kurunegala_NorthWestern,23.7,82.80472584044207,0.0,1.39,153.0938033483904
2026-10-02T02:00:00+05:30,Kurunegala_NorthWestern,23.6,84.07619761251095,0.0,1.39,149.39996183513134
2026-10-02T02:15:00+05:30,Kurunegala_NorthWestern,23.5,85.12293476211306,0.0,1.44,145.69827143640487
2026-10-02T02:30:00+05:30,Kurunegala_NorthWestern,23.5,86.01187084830724,0.0,1.44,141.99117689980508
2026-10-02T02:45:00+05:30,Kurunegala_NorthWestern,23.4,86.7865774953882,0.0,1.44,138.28027810010713
2026-10-02T03:00:00+05:30,Kurunegala_NorthWestern,23.3,87.47671725108768,0.0,1.5,134.56667545339616
2026-10-02T03:15:00+05:30,Kurunegala_NorthWestern,23.2,88.10327393134764,0.0,1.55,130.85116062354683
2026-10-02T03:30:00+05:30,Kurunegala_NorthWestern,23.1,88.68160673828248,0.0,1.57,127.13432647544221
2026-10-02T03:45:00+05:30,Kurunegala_NorthWestern,23.0,89.22331655123247,0.0,1.59,123.41663551446061
2026-10-02T04:00:00+05:30,Kurunegala_NorthWestern,22.9,89.73743279694435,0.0,1.63,119.69846385292584
2026-10-02T04:15:00+05:30,Kurunegala_NorthWestern,22.8,90.23119601921496,0.0,1.66,115.98012921983182
2026-10-02T04:30:00+05:30,Kurunegala_NorthWestern,22.8,90.7105913769933,0.0,1.66,112.26191167384327
2026-10-02T04:45:00+05:30,Kurunegala_NorthWestern,22.8,91.18072504723591,0.0,1.66,108.54406887950799
2026-10-02T05:00:00+05:30,Kurunegala_NorthWestern,22.8,91.6460998325623,0.0,1.7,104.82684652684179
2026-10-02T05:15:00+05:30,Kurunegala_NorthWestern,22.8,92.11082523748632,0.0,1.7,101.11048824133056
2026-10-02T05:30:00+05:30,Kurunegala_NorthWestern,23.0,92.57878579665532,0.0,1.7,97.3952444183614
2026-10-02T05:45:00+05:30,Kurunegala_NorthWestern,23.2,93.05378424532796,0.0,1.68,93.68137920390664
2026-10-02T06:00:00+05:30,Kurunegala_NorthWestern,23.5,93.539671366746,0.0,1.71,89.96917919964135
2026-10-02T06:15:00+05:30,Kurunegala_NorthWestern,23.8,94.04047262167722,16.0,1.69,86.25896296411544
2026-10-02T06:30:00+05:30,Kurunegala_NorthWestern,24.1,94.56052078328042,54.0,1.66,82.55109042784086
2026-10-02T06:45:00+05:30,Kurunegala_NorthWestern,24.5,95.10460343676709,102.0,1.64,78.84597592472842
2026-10-02T07:00:00+05:30,Kurunegala_NorthWestern,25.0,95.6781360989379,159.0,1.62,75.14410427412483
2026-10-02T07:15:00+05:30,Kurunegala_NorthWestern,25.4,96.28737440258783,217.0,1.6,71.44604965817415
2026-10-02T07:30:00+05:30,Kurunegala_NorthWestern,25.8,96.93968245913112,273.0,1.6,67.7525019933743
2026-10-02T07:45:00+05:30,Kurunegala_NorthWestern,26.2,97.64388193870434,327.0,1.6,64.06430177048662
2026-10-02T08:00:00+05:30,Kurunegala_NorthWestern,26.6,98.41071709182472,381.0,1.61,60.38248547229739
2026-10-02T08:15:00+05:30,Kurunegala_NorthWestern,27.0,99.25348659025497,441.0,1.58,56.70834992621561
2026-10-02T08:30:00+05:30,Kurunegala_NorthWestern,27.4,100.18891979055985,507.0,1.57,53.043542322844104
2026-10-02T08:45:00+05:30,Kurunegala_NorthWestern,27.7,101.23841701191714,574.0,1.52,49.39018729276324
2026-10-02T09:00:00+05:30,Kurunegala_NorthWestern,28.1,102.42984081207192,637.0,1.5,45.751074622518345
2026-10-02T09:15:00+05:30,Kurunegala_NorthWestern,28.4,103.80016065126398,689.0,1.53,42.12994008176502
2026-10-02T09:30:00+05:30,Kurunegala_NorthWestern,28.8,105.39944926641203,729.0,1.52,38.531895463232
2026-10-02T09:45:00+05:30,Kurunegala_NorthWestern,29.1,107.2970675814488,759.0,1.54,34.964111428136356
2026-10-02T10:00:00+05:30,Kurunegala_NorthWestern,29.5,109.59147392078711,782.0,1.63,31.436933543814334
2026-10-02T10:15:00+05:30,Kurunegala_NorthWestern,29.8,112.42613770446849,801.0,1.73,27.9657698542337
2026-10-02T10:30:00+05:30,Kurunegala_NorthWestern,30.1,116.01576119807146,814.0,1.82,24.57440673209051
2026-10-02T10:45:00+05:30,Kurunegala_NorthWestern,30.3,120.68930862355205,821.0,1.89,21.301032085151377
2026-10-02T11:00:00+05:30,Kurunegala_NorthWestern,30.4,126.95642710927348,820.0,1.97,18.209423807307033
2026-10-02T11:15:00+05:30,Kurunegala_NorthWestern,30.5,135.58565783440707,812.0,2.01,15.40941192507863
2026-10-02T11:30:00+05:30,Kurunegala_NorthWestern,30.5,147.58189899484665,796.0,2.01,13.089513893992418
2026-10-02T11:45:00+05:30,Kurunegala_NorthWestern,30.3,163.64584368585975,773.0,1.91,11.542957794625977
2026-10-02T12:00:00+05:30,Kurunegala_NorthWestern,30.1,182.6692863232016,748.0,1.81,11.097919047572745
2026-10-02T12:15:00+05:30,Kurunegala_NorthWestern,29.8,201.1388941787655,722.0,1.62,11.878857890335127
2026-10-02T12:30:00+05:30,Kurunegala_NorthWestern,29.4,216.0596906132135,696.0,1.43,13.677357334038618
2026-10-02T12:45:00+05:30,Kurunegala_NorthWestern,29.0,227.0065144135078,668.0,1.22,16.157102153400984
2026-10-02T13:00:00+05:30,Kurunegala_NorthWestern,28.5,234.87745335070412,637.0,1.03,19.053928270036593
2026-10-02T13:15:00+05:30,Kurunegala_NorthWestern,28.0,240.63111117050815,604.0,0.85,22.205178413693403
2026-10-02T13:30:00+05:30,Kurunegala_NorthWestern,27.5,244.9570899377307,570.0,0.78,25.516742601535086
2026-10-02T13:45:00+05:30,Kurunegala_NorthWestern,27.1,248.30622917323694,534.0,0.81,28.933603734018554
2026-10-02T14:00:00+05:30,Kurunegala_NorthWestern,26.7,250.96977949624818,495.0,0.86,32.42246363781662
2026-10-02T14:15:00+05:30,Kurunegala_NorthWestern,26.3,253.13895538722875,450.0,1.0,35.962347436001664
2026-10-02T14:30:00+05:30,Kurunegala_NorthWestern,26.0,254.9424738925817,400.0,1.1,39.53952530714416
2026-10-02T14:45:00+05:30,Kurunegala_NorthWestern,25.7,256.46932746277685,350.0,1.21,43.14469298749219
2026-10-02T15:00:00+05:30,Kurunegala_NorthWestern,25.6,257.78264725820816,304.0,1.26,46.77134821010216
2026-10-02T15:15:00+05:30,Kurunegala_NorthWestern,25.4,258.92829995738686,268.0,1.33,50.41482180238149
2026-10-02T15:30:00+05:30,Kurunegala_NorthWestern,25.3,259.9403453807126,238.0,1.39,54.071680771532336
2026-10-02T15:45:00+05:30,Kurunegala_NorthWestern,25.2,260.84458624116576,212.0,1.42,57.73934694091357
2026-10-02T16:00:00+05:30,Kurunegala_NorthWestern,25.2,261.6609330077516,187.0,1.52,61.41584682540912
2026-10-02T16:15:00+05:30,Kurunegala_NorthWestern,25.1,262.4050157631774,161.0,1.52,65.09964475380625
2026-10-02T16:30:00+05:30,Kurunegala_NorthWestern,25.1,263.08930605369824,136.0,1.56,68.78952684795314
2026-10-02T16:45:00+05:30,Kurunegala_NorthWestern,25.0,263.7239139662734,112.0,1.56,72.48451931258667
2026-10-02T17:00:00+05:30,Kurunegala_NorthWestern,25.0,264.3171659513582,87.0,1.52,76.18383120908511
2026-10-02T17:15:00+05:30,Kurunegala_NorthWestern,24.9,264.8760316506907,61.0,1.52,79.88681146836834
2026-10-02T17:30:00+05:30,Kurunegala_NorthWestern,24.9,265.4064459921176,37.0,1.45,83.59291682217447
2026-10-02T17:45:00+05:30,Kurunegala_NorthWestern,24.8,265.9135581387988,17.0,1.38,87.30168893149951
2026-10-02T18:00:00+05:30,Kurunegala_NorthWestern,24.8,266.4019288860674,3.0,1.24,91.01273551618706
2026-10-02T18:15:00+05:30,Kurunegala_NorthWestern,24.7,266.8756927442491,0.0,1.1,94.72571541805793
2026-10-02T18:30:00+05:30,Kurunegala_NorthWestern,24.7,267.33869702465205,0.0,0.96,98.44032797100867
2026-10-02T18:45:00+05:30,Kurunegala_NorthWestern,24.6,267.7946273854649,0.0,0.79,102.15630285342169
2026-10-02T19:00:00+05:30,Kurunegala_NorthWestern,24.6,268.2471287819517,0.0,0.58,105.87339125277673
2026-10-02T19:15:00+05:30,Kurunegala_NorthWestern,24.6,268.69993067283394,0.0,0.43,109.5913592902119
2026-10-02T19:30:00+05:30,Kurunegala_NorthWestern,24.5,269.15698584200203,0.0,0.3,113.30998018723342
2026-10-02T19:45:00+05:30,Kurunegala_NorthWestern,24.5,269.6226351725835,0.0,0.22,117.02902612654735
2026-10-02T20:00:00+05:30,Kurunegala_NorthWestern,24.5,270.10181512353273,0.0,0.29,120.7482606556882
2026-10-02T20:15:00+05:30,Kurunegala_NorthWestern,24.4,270.6003316294276,0.0,0.36,124.46742776194384
2026-10-02T20:30:00+05:30,Kurunegala_NorthWestern,24.4,271.12523738043495,0.0,0.41,128.186237857719
2026-10-02T20:45:00+05:30,Kurunegala_NorthWestern,24.3,271.6853712199701,0.0,0.47,131.90435021240927
2026-10-02T21:00:00+05:30,Kurunegala_NorthWestern,24.3,272.2921559636705,0.0,0.45,135.62134564053156
2026-10-02T21:15:00+05:30,Kurunegala_NorthWestern,24.2,272.96082087032823,0.0,0.47,139.33668549006475
2026-10-02T21:30:00+05:30,Kurunegala_NorthWestern,24.2,273.7123464531312,0.0,0.49,143.04964864589806
2026-10-02T21:45:00+05:30,Kurunegala_NorthWestern,24.1,274.57668968108004,0.0,0.54,146.7592251821184
2026-10-02T22:00:00+05:30,Kurunegala_NorthWestern,24.1,275.59839805239284,0.0,0.59,150.46393154880477
2026-10-02T22:15:00+05:30,Kurunegala_NorthWestern,24.0,276.84696081597264,0.0,0.72,154.1614707982219
2026-10-02T22:30:00+05:30,Kurunegala_NorthWestern,24.0,278.4372788435029,0.0,0.8,157.8480546236775
2026-10-02T22:45:00+05:30,Kurunegala_NorthWestern,23.9,280.57385148813484,0.0,0.9,161.51692768693238
2026-10-02T23:00:00+05:30,Kurunegala_NorthWestern,23.9,283.6575021948214,0.0,1.0,165.15475312672373
2026-10-02T23:15:00+05:30,Kurunegala_NorthWestern,23.8,288.58406960714626,0.0,1.06,168.73121620791267
2026-10-02T23:30:00+05:30,Kurunegala_NorthWestern,23.8,297.7554311288237,0.0,1.12,172.16164823578507
2026-10-02T23:45:00+05:30,Kurunegala_NorthWestern,23.7,319.0845964669472,0.0,1.18,175.12697695321367
2026-10-03T00:00:00+05:30,Kurunegala_NorthWestern,23.7,8.535300206529598,0.0,1.18,176.2708842873895
2026-10-03T00:15:00+05:30,Kurunegala_NorthWestern,23.6,49.536511968074876,0.0,1.19,174.35026606538986
2026-10-03T00:30:00+05:30,Kurunegala_NorthWestern,23.6,65.77880058687424,0.0,1.19,171.18043886052897
2026-10-03T00:45:00+05:30,Kurunegala_NorthWestern,23.5,73.26992337283173,0.0,1.19,167.69149149105226
2026-10-03T01:00:00+05:30,Kurunegala_NorthWestern,23.5,77.5087289466307,0.0,1.2,164.09213885516579
2026-10-03T01:15:00+05:30,Kurunegala_NorthWestern,23.4,80.25392807915699,0.0,1.15,160.44336909808368
2026-10-03T01:30:00+05:30,Kurunegala_NorthWestern,23.3,82.2015959774447,0.0,1.15,156.76858699138336
2026-10-03T01:45:00+05:30,Kurunegala_NorthWestern,23.3,83.67688498569856,0.0,1.15,153.07858222640664
2026-10-03T02:00:00+05:30,Kurunegala_NorthWestern,23.2,84.85096240048023,0.0,1.12,149.37900416913652
2026-10-03T02:15:00+05:30,Kurunegala_NorthWestern,23.2,85.82229844437484,0.0,1.12,145.67310196286243
2026-10-03T02:30:00+05:30,Kurunegala_NorthWestern,23.1,86.65155838845857,0.0,1.08,141.96288641563868
2026-10-03T02:45:00+05:30,Kurunegala_NorthWestern,23.1,87.3782241280071,0.0,1.08,138.24967811351337
2026-10-03T03:00:00+05:30,Kurunegala_NorthWestern,23.0,88.02918706396372,0.0,1.05,134.53439054296882
2026-10-03T03:15:00+05:30,Kurunegala_NorthWestern,22.9,88.62349353615707,0.0,1.05,130.8176863693774
2026-10-03T03:30:00+05:30,Kurunegala_NorthWestern,22.8,89.17511256373348,0.0,1.01,127.10006735302346
2026-10-03T03:45:00+05:30,Kurunegala_NorthWestern,22.7,89.6946261541541,0.0,0.96,123.38193061324345
2026-10-03T04:00:00+05:30,Kurunegala_NorthWestern,22.6,90.19030425471328,0.0,0.94,119.66360493468835
2026-10-03T04:15:00+05:30,Kurunegala_NorthWestern,22.6,90.66881402792336,0.0,0.9,115.94537381767412
2026-10-03T04:30:00+05:30,Kurunegala_NorthWestern,22.5,91.13570416429559,0.0,0.86,112.227492911379
2026-10-03T04:45:00+05:30,Kurunegala_NorthWestern,22.5,91.5957476016568,0.0,0.82,108.51020309505967
2026-10-03T05:00:00+05:30,Kurunegala_NorthWestern,22.6,92.05319371273629,0.0,0.82,104.79373942196501
2026-10-03T05:15:00+05:30,Kurunegala_NorthWestern,22.6,92.51196196088347,0.0,0.82,101.07834005887919
2026-10-03T05:30:00+05:30,Kurunegala_NorthWestern,22.8,92.97579871359625,0.0,0.82,97.36425451846445
2026-10-03T05:45:00+05:30,Kurunegala_NorthWestern,23.0,93.44841245788984,0.0,0.82,93.65175031721965
2026-10-03T06:00:00+05:30,Kurunegala_NorthWestern,23.2,93.9335983861074,0.0,0.83,89.94112159557636
2026-10-03T06:15:00+05:30,Kurunegala_NorthWestern,23.5,94.43536190356667,16.0,0.83,86.23269874773955
2026-10-03T06:30:00+05:30,Kurunegala_NorthWestern,23.8,94.95804995999754,54.0,0.85,82.52685817726669
2026-10-03T06:45:00+05:30,Kurunegala_NorthWestern,24.2,95.50649891329067,104.0,0.87,78.82403590824194
2026-10-03T07:00:00+05:30,Kurunegala_NorthWestern,24.6,96.08620967706793,163.0,0.9,75.12474451233142
2026-10-03T07:15:00+05:30,Kurunegala_NorthWestern,25.0,96.70356373387267,223.0,0.93,71.4295931776115
2026-10-03T07:30:00+05:30,Kurunegala_NorthWestern,25.4,97.36609740791027,281.0,0.97,67.73931571574275
2026-10-03T07:45:00+05:30,Kurunegala_NorthWestern,25.8,98.08285939406704,336.0,1.01,64.0548076269154
2026-10-03T08:00:00+05:30,Kurunegala_NorthWestern,26.2,98.86488744161943,390.0,1.0,60.37717456275302
2026-10-03T08:15:00+05:30,Kurunegala_NorthWestern,26.5,99.72585599475599,445.0,1.0,56.707800868098616
2026-10-03T08:30:00+05:30,Kurunegala_NorthWestern,26.9,100.68297363809296,500.0,1.0,53.048445426261544
2026-10-03T08:45:00+05:30,Kurunegala_NorthWestern,27.3,101.75825150484741,552.0,0.97,49.401376950523066
2026-10-03T09:00:00+05:30,Kurunegala_NorthWestern,27.7,102.98033132073465,603.0,0.97,45.76957343843352
2026-10-03T09:15:00+05:30,Kurunegala_NorthWestern,28.1,104.38717664676125,650.0,0.99,42.15702003185049
2026-10-03T09:30:00+05:30,Kurunegala_NorthWestern,28.4,106.03012417520966,692.0,0.99,38.56916415420831
2026-10-03T09:45:00+05:30,Kurunegala_NorthWestern,28.8,107.980121660147,731.0,1.03,35.01363576137456
2026-10-03T10:00:00+05:30,Kurunegala_NorthWestern,29.2,110.33755218253589,766.0,1.17,31.501419461229382
2026-10-03T10:15:00+05:30,Kurunegala_NorthWestern,29.5,113.24801511458287,800.0,1.3,28.048825275760578
2026-10-03T10:30:00+05:30,Kurunegala_NorthWestern,29.9,116.92794892221417,840.0,1.41,24.68092154815602
2026-10-03T10:45:00+05:30,Kurunegala_NorthWestern,30.2,121.70569473646611,874.0,1.53,21.43769440118878
2026-10-03T11:00:00+05:30,Kurunegala_NorthWestern,30.5,128.08215545891449,886.0,1.67,18.385274796907808
2026-10-03T11:15:00+05:30,Kurunegala_NorthWestern,30.8,136.79389679666974,855.0,1.81,15.6358431401802
2026-10-03T11:30:00+05:30,Kurunegala_NorthWestern,30.9,148.76090562713676,775.0,1.86,13.377564981636723
2026-10-03T11:45:00+05:30,Kurunegala_NorthWestern,30.9,164.53833086487975,671.0,1.86,11.893602252889082
2026-10-03T12:00:00+05:30,Kurunegala_NorthWestern,30.8,182.97508400116547,578.0,1.83,11.48805679342506
2026-10-03T12:15:00+05:30,Kurunegala_NorthWestern,30.6,200.83335823021918,524.0,1.77,12.26834634172559
2026-10-03T12:30:00+05:30,Kurunegala_NorthWestern,30.4,215.39106172384953,502.0,1.71,14.038099299664779
2026-10-03T12:45:00+05:30,Kurunegala_NorthWestern,30.2,226.20691035157358,494.0,1.66,16.481589971072978
2026-10-03T13:00:00+05:30,Kurunegala_NorthWestern,29.9,234.06751222836897,488.0,1.63,19.34516613825133
2026-10-03T13:15:00+05:30,Kurunegala_NorthWestern,29.7,239.85823915370673,471.0,1.57,22.468764099811537
2026-10-03T13:30:00+05:30,Kurunegala_NorthWestern,29.4,244.23515329221323,450.0,1.54,25.757940608822196
2026-10-03T13:45:00+05:30,Kurunegala_NorthWestern,29.1,247.6357212604156,429.0,1.52,29.156690620104534
2026-10-03T14:00:00+05:30,Kurunegala_NorthWestern,28.7,250.3464335740931,406.0,1.49,32.630770362793655
2026-10-03T14:15:00+05:30,Kurunegala_NorthWestern,28.4,252.55720756094507,384.0,1.5,36.158449396355714
2026-10-03T14:30:00+05:30,Kurunegala_NorthWestern,28.0,254.3967907292918,360.0,1.5,39.72542554559978
2026-10-03T14:45:00+05:30,Kurunegala_NorthWestern,27.7,255.95466476650142,336.0,1.52,43.32196676731585
2026-10-03T15:00:00+05:30,Kurunegala_NorthWestern,27.3,257.29456051897506,312.0,1.57,46.94125042944887
2026-10-03T15:15:00+05:30,Kurunegala_NorthWestern,26.9,258.4629209187659,286.0,1.64,50.57836542375619
2026-10-03T15:30:00+05:30,Kurunegala_NorthWestern,26.6,259.49431320184476,260.0,1.71,54.22969408141544
2026-10-03T15:45:00+05:30,Kurunegala_NorthWestern,26.2,260.41496913662206,234.0,1.8,57.89251566700914
2026-10-03T16:00:00+05:30,Kurunegala_NorthWestern,25.9,261.2451540906667,207.0,1.85,61.56474545747224
2026-10-03T16:15:00+05:30,Kurunegala_NorthWestern,25.6,262.0007874756266,180.0,1.95,65.24476012953573
2026-10-03T16:30:00+05:30,Kurunegala_NorthWestern,25.3,262.6945737096621,153.0,2.01,68.93127615621484
2026-10-03T16:45:00+05:30,Kurunegala_NorthWestern,25.0,263.33680746496645,126.0,2.07,72.62326402670622
2026-10-03T17:00:00+05:30,Kurunegala_NorthWestern,24.8,263.9359582543548,98.0,2.13,76.3198880346939
2026-10-03T17:15:00+05:30,Kurunegala_NorthWestern,24.6,264.4991025473465,70.0,2.2,80.020461075989
2026-10-03T17:30:00+05:30,Kurunegala_NorthWestern,24.4,265.03224977049604,43.0,2.21,83.72441094049294
2026-10-03T17:45:00+05:30,Kurunegala_NorthWestern,24.2,265.54059388794735,20.0,2.22,87.43125622299726
2026-10-03T18:00:00+05:30,Kurunegala_NorthWestern,24.1,266.02871223587357,4.0,2.22,91.14058656149905
2026-10-03T18:15:00+05:30,Kurunegala_NorthWestern,24.0,266.5007278845063,0.0,2.18,94.85204706655303
2026-10-03T18:30:00+05:30,Kurunegala_NorthWestern,24.0,266.9604478073625,0.0,2.18,98.56532726721426
2026-10-03T18:45:00+05:30,Kurunegala_NorthWestern,23.9,267.4114861960649,0.0,2.14,102.28015073078542
2026-10-03T19:00:00+05:30,Kurunegala_NorthWestern,23.9,267.85738163957774,0.0,2.14,105.99626616949183
2026-10-03T19:15:00+05:30,Kurunegala_NorthWestern,23.8,268.30171664641335,0.0,2.09,109.71344098780435
2026-10-03T19:30:00+05:30,Kurunegala_NorthWestern,23.8,268.7482483017867,0.0,2.04,113.4314537839511
2026-10-03T19:45:00+05:30,Kurunegala_NorthWestern,23.8,269.20106152859046,0.0,1.99,117.15008680087043
2026-10-03T20:00:00+05:30,Kurunegala_NorthWestern,23.8,269.66476037979766,0.0,1.93,120.86911925169525
2026-10-03T20:15:00+05:30,Kurunegala_NorthWestern,23.8,270.14471907637,0.0,1.83,124.58831778834626
2026-10-03T20:30:00+05:30,Kurunegala_NorthWestern,23.8,270.64742660490396,0.0,1.77,128.30742455206172
2026-10-03T20:45:00+05:30,Kurunegala_NorthWestern,23.8,271.1809786073422,0.0,1.72,132.02614269339432
2026-10-03T21:00:00+05:30,Kurunegala_NorthWestern,23.8,271.75580472497006,0.0,1.61,135.74411373412667
2026-10-03T21:15:00+05:30,Kurunegala_NorthWestern,23.9,272.38578391948766,0.0,1.57,139.46088379319318
2026-10-03T21:30:00+05:30,Kurunegala_NorthWestern,23.9,273.09002164168464,0.0,1.5,143.17585214205312
2026-10-03T21:45:00+05:30,Kurunegala_NorthWestern,23.9,273.8958040424115,0.0,1.44,146.88818396077727
2026-10-03T22:00:00+05:30,Kurunegala_NorthWestern,23.9,274.84375731188015,0.0,1.39,150.59665854141252
2026-10-03T22:15:00+05:30,Kurunegala_NorthWestern,23.9,275.99740327419966,0.0,1.33,154.29938967743425
2026-10-03T22:30:00+05:30,Kurunegala_NorthWestern,23.9,277.46217409540793,0.0,1.29,157.99326462310046
2026-10-03T22:45:00+05:30,Kurunegala_NorthWestern,23.9,279.4268304360743,0.0,1.24,161.6727142425116
2026-10-03T23:00:00+05:30,Kurunegala_NorthWestern,23.9,282.26490633622916,0.0,1.18,165.3266674661489
2026-10-03T23:15:00+05:30,Kurunegala_NorthWestern,23.9,286.8254616578985,0.0,1.18,168.92962610841928
2026-10-03T23:30:00+05:30,Kurunegala_NorthWestern,23.8,295.4649644246426,0.0,1.13,172.40839387417037
2026-10-03T23:45:00+05:30,Kurunegala_NorthWestern,23.8,316.6532098745836,0.0,1.13,175.4671284038634
2026-10-04T00:00:00+05:30,Kurunegala_NorthWestern,23.7,10.825961612707886,0.0,1.08,176.63881176817875
2026-10-04T00:15:00+05:30,Kurunegala_NorthWestern,23.6,53.141588546269986,0.0,1.09,174.53334396929648
2026-10-04T00:30:00+05:30,Kurunegala_NorthWestern,23.5,68.30234564971317,0.0,1.09,171.26468171974946
2026-10-04T00:45:00+05:30,Kurunegala_NorthWestern,23.4,75.11302918723158,0.0,1.11,167.72973675383543
2026-10-04T01:00:00+05:30,Kurunegala_NorthWestern,23.3,78.94651790365731,0.0,1.11,164.10530986881616
2026-10-04T01:15:00+05:30,Kurunegala_NorthWestern,23.2,81.43128323030862,0.0,1.17,160.44121571683695
2026-10-04T01:30:00+05:30,Kurunegala_NorthWestern,23.1,83.20004096020091,0.0,1.19,156.75634707450672
2026-10-04T01:45:00+05:30,Kurunegala_NorthWestern,23.0,84.54600769640058,0.0,1.21,153.05937646776357
2026-10-04T02:00:00+05:30,Kurunegala_NorthWestern,22.8,85.6229489262576,0.0,1.27,149.35484022203138
2026-10-04T02:15:00+05:30,Kurunegala_NorthWestern,22.7,86.51915990841945,0.0,1.32,145.64535034486576
2026-10-04T02:30:00+05:30,Kurunegala_NorthWestern,22.6,87.28899913827308,0.0,1.34,141.9325284849719
2026-10-04T02:45:00+05:30,Kurunegala_NorthWestern,22.5,87.96784855725849,0.0,1.36,138.21744527879008
2026-10-04T03:00:00+05:30,Kurunegala_NorthWestern,22.4,88.57982815633966,0.0,1.41,134.5008472679715
2026-10-04T03:15:00+05:30,Kurunegala_NorthWestern,22.3,89.14204979433458,0.0,1.43,130.78328219458453
2026-10-04T03:30:00+05:30,Kurunegala_NorthWestern,22.3,89.66709605068178,0.0,1.43,127.06517092098564
2026-10-04T03:45:00+05:30,Kurunegala_NorthWestern,22.2,90.16453363598742,0.0,1.43,123.34685277965382
2026-10-04T04:00:00+05:30,Kurunegala_NorthWestern,22.2,90.64187613057982,0.0,1.48,119.62861502227342
2026-10-04T04:15:00+05:30,Kurunegala_NorthWestern,22.2,91.10521991202722,0.0,1.48,115.91071143948194
2026-10-04T04:30:00+05:30,Kurunegala_NorthWestern,22.2,91.55967931554977,0.0,1.48,112.1933768754258
2026-10-04T04:45:00+05:30,Kurunegala_NorthWestern,22.2,92.0096957284311,0.0,1.48,108.47683835663976
2026-10-04T05:00:00+05:30,Kurunegala_NorthWestern,22.3,92.45926641429492,0.0,1.45,104.76132274535092
2026-10-04T05:15:00+05:30,Kurunegala_NorthWestern,22.4,92.91212179629031,0.0,1.45,101.04706483641503
2026-10-04T05:30:00+05:30,Kurunegala_NorthWestern,22.5,93.37187079087522,0.0,1.43,97.33431508404006
2026-10-04T05:45:00+05:30,Kurunegala_NorthWestern,22.7,93.84212808844438,0.0,1.41,93.62334601552084
2026-10-04T06:00:00+05:30,Kurunegala_NorthWestern,22.9,94.32663348308614,0.0,1.33,89.9144608275297
2026-10-04T06:15:00+05:30,Kurunegala_NorthWestern,23.2,94.82937224736429,19.0,1.3,86.20800319632258
2026-10-04T06:30:00+05:30,Kurunegala_NorthWestern,23.5,95.35470512868852,65.0,1.23,82.50436742508238
2026-10-04T06:45:00+05:30,Kurunegala_NorthWestern,23.9,95.90751652221348,123.0,1.16,78.80401267004781
2026-10-04T07:00:00+05:30,Kurunegala_NorthWestern,24.3,96.4933915546751,192.0,1.15,75.10748076550534
2026-10-04T07:15:00+05:30,Kurunegala_NorthWestern,24.7,97.11883578748461,260.0,1.1,71.41541752870353
2026-10-04T07:30:00+05:30,Kurunegala_NorthWestern,25.1,97.79155518853435,325.0,1.08,67.72860245271272
2026-10-04T07:45:00+05:30,Kurunegala_NorthWestern,25.6,98.52082178919795,385.0,1.08,64.0479880580842
2026-10-04T08:00:00+05:30,Kurunegala_NorthWestern,26.0,99.31796153897824,442.0,1.14,60.374751469776896
2026-10-04T08:15:00+05:30,Kurunegala_NorthWestern,26.5,100.19701698167353,498.0,1.18,56.71036723147375
2026-10-04T08:30:00+05:30,Kurunegala_NorthWestern,27.0,101.17566467456788,550.0,1.24,53.056709069307985
2026-10-04T08:45:00+05:30,Kurunegala_NorthWestern,27.4,102.27650977357587,597.0,1.31,49.41619349790911
2026-10-04T09:00:00+05:30,Kurunegala_NorthWestern,27.9,103.52894761340445,639.0,1.4,45.7919911049988
2026-10-04T09:15:00+05:30,Kurunegala_NorthWestern,28.3,104.97189604893663,678.0,1.5,42.18834148436257
2026-10-04T09:30:00+05:30,Kurunegala_NorthWestern,28.7,106.6578921456724,712.0,1.61,38.61103333318221
2026-10-04T09:45:00+05:30,Kurunegala_NorthWestern,29.1,108.65936614691958,741.0,1.68,35.068161537461634
2026-10-04T10:00:00+05:30,Kurunegala_NorthWestern,29.5,111.07844991469636,765.0,1.82,31.57135369763821
2026-10-04T10:15:00+05:30,Kurunegala_NorthWestern,29.8,114.06256862423902,785.0,1.85,28.137819712004486
2026-10-04T10:30:00+05:30,Kurunegala_NorthWestern,30.1,117.82936388370865,804.0,1.94,24.79389082020208
2026-10-04T10:45:00+05:30,Kurunegala_NorthWestern,30.4,122.70563475811645,817.0,1.99,21.581288883685104
2026-10-04T11:00:00+05:30,Kurunegala_NorthWestern,30.6,129.18211888220765,818.0,2.07,18.568332080100532
2026-10-04T11:15:00+05:30,Kurunegala_NorthWestern,30.7,137.96211176442534,798.0,2.12,15.869172133090089
2026-10-04T11:30:00+05:30,Kurunegala_NorthWestern,30.8,149.88356006596007,752.0,2.12,13.670978728055744
2026-10-04T11:45:00+05:30,Kurunegala_NorthWestern,30.8,165.372433285233,695.0,2.12,12.24656974522641
2026-10-04T12:00:00+05:30,Kurunegala_NorthWestern,30.7,183.25386664071073,642.0,2.07,11.877679546641545
2026-10-04T12:15:00+05:30,Kurunegala_NorthWestern,30.7,200.54100283575903,609.0,2.04,12.656937983694604
2026-10-04T12:30:00+05:30,Kurunegala_NorthWestern,30.5,214.7519741539456,591.0,1.99,14.39912194841017
2026-10-04T12:45:00+05:30,Kurunegala_NorthWestern,30.4,225.43554640318993,580.0,1.96,16.80740315786869
2026-10-04T13:00:00+05:30,Kurunegala_NorthWestern,30.1,233.27982121489111,569.0,1.87,19.63822200154678
2026-10-04T13:15:00+05:30,Kurunegala_NorthWestern,29.9,239.10204663963543,551.0,1.79,22.734265547659646
2026-10-04T13:30:00+05:30,Kurunegala_NorthWestern,29.6,243.52569814136098,530.0,1.72,26.000942896487565
2026-10-04T13:45:00+05:30,Kurunegala_NorthWestern,29.3,246.974692395354,507.0,1.66,29.381374496450647
2026-10-04T14:00:00+05:30,Kurunegala_NorthWestern,29.0,249.73042888566306,483.0,1.53,32.84042997576971
2026-10-04T14:15:00+05:30,Kurunegala_NorthWestern,28.7,251.98125946278674,457.0,1.47,36.3556520465996
2026-10-04T14:30:00+05:30,Kurunegala_NorthWestern,28.3,253.85577489943577,431.0,1.38,39.91217940913436
2026-10-04T14:45:00+05:30,Kurunegala_NorthWestern,28.0,255.4438206055512,403.0,1.31,43.49985776350917
2026-10-04T15:00:00+05:30,Kurunegala_NorthWestern,27.6,256.80964328369816,375.0,1.25,47.111545847606514
2026-10-04T15:15:00+05:30,Kurunegala_NorthWestern,27.2,258.00020556502267,345.0,1.23,50.742090535557985
2026-10-04T15:30:00+05:30,Kurunegala_NorthWestern,26.9,259.0505433389203,315.0,1.21,54.38768856429461
2026-10-04T15:45:00+05:30,Kurunegala_NorthWestern,26.5,259.98729037883027,284.0,1.22,58.04547537657564
2026-10-04T16:00:00+05:30,Kurunegala_NorthWestern,26.2,260.83104771659015,252.0,1.23,61.71325364514355
2026-10-04T16:15:00+05:30,Kurunegala_NorthWestern,25.8,261.5980101544085,219.0,1.26,65.38931103671332
2026-10-04T16:30:00+05:30,Kurunegala_NorthWestern,25.5,262.3011046869243,186.0,1.3,69.07229307518898
2026-10-04T16:45:00+05:30,Kurunegala_NorthWestern,25.3,262.9508028156274,153.0,1.35,72.76111330749679
2026-10-04T17:00:00+05:30,Kurunegala_NorthWestern,25.0,263.555711147018,119.0,1.36,76.45489009559876
2026-10-04T17:15:00+05:30,Kurunegala_NorthWestern,24.8,264.1230082763995,85.0,1.42,80.15289919242215
2026-10-04T17:30:00+05:30,Kurunegala_NorthWestern,24.6,264.6587743215078,52.0,1.43,83.85453837414153
2026-10-04T17:45:00+05:30,Kurunegala_NorthWestern,24.5,265.16824486110056,24.0,1.44,87.55930211306656
2026-10-04T18:00:00+05:30,Kurunegala_NorthWestern,24.3,265.6560109975587,4.0,1.5,91.26676090242671
2026-10-04T18:15:00+05:30,Kurunegala_NorthWestern,24.2,266.12618182742034,0.0,1.5,94.97654502379088
2026-10-04T18:30:00+05:30,Kurunegala_NorthWestern,24.1,266.5825215448931,0.0,1.52,98.68833304642155
2026-10-04T18:45:00+05:30,Kurunegala_NorthWestern,24.0,267.02857037989133,0.0,1.52,102.40184117405752
2026-10-04T19:00:00+05:30,Kurunegala_NorthWestern,24.0,267.4677578510541,0.0,1.58,106.11681425578857
2026-10-04T19:15:00+05:30,Kurunegala_NorthWestern,23.9,267.9035164195938,0.0,1.58,109.83301940816054
2026-10-04T19:30:00+05:30,Kurunegala_NorthWestern,23.8,268.339403744707,0.0,1.58,113.55023878680235
2026-10-04T19:45:00+05:30,Kurunegala_NorthWestern,23.8,268.7792441069656,0.0,1.58,117.26826254386503
2026-10-04T20:00:00+05:30,Kurunegala_NorthWestern,23.7,269.2273030507135,0.0,1.64,120.98688296848822
2026-10-04T20:15:00+05:30,Kurunegala_NorthWestern,23.7,269.6885148631242,0.0,1.64,124.70588619464937
2026-10-04T20:30:00+05:30,Kurunegala_NorthWestern,23.6,270.16879341318753,0.0,1.64,128.42504211516143
2026-10-04T20:45:00+05:30,Kurunegala_NorthWestern,23.6,270.67547480881314,0.0,1.64,132.14409268582392
2026-10-04T21:00:00+05:30,Kurunegala_NorthWestern,23.6,271.2179714082893,0.0,1.69,135.8627335309207
2026-09-27T21:15:00+05:30,Kilinochchi_Northern,29.7,277.9441936853959,0.0,3.32,138.45829385748158
2026-09-27T21:30:00+05:30,Kilinochchi_Northern,29.6,279.2146495292333,0.0,3.55,142.11841331470114
2026-09-27T21:45:00+05:30,Kilinochchi_Northern,29.5,280.6987809391276,0.0,3.66,145.7643221073493
2026-09-27T22:00:00+05:30,Kilinochchi_Northern,29.3,282.47376396836137,0.0,3.68,149.39073421385837
2026-09-27T22:15:00+05:30,Kilinochchi_Northern,29.2,284.6561901438706,0.0,3.72,152.98959465887717
2026-09-27T22:30:00+05:30,Kilinochchi_Northern,29.1,287.43003305341375,0.0,3.8,156.54801986943193
2026-09-27T22:45:00+05:30,Kilinochchi_Northern,28.9,291.10052154531394,0.0,3.98,160.04417455759938
2026-09-27T23:00:00+05:30,Kilinochchi_Northern,28.8,296.2030669039787,0.0,4.2,163.43838678617962
2026-09-27T23:15:00+05:30,Kilinochchi_Northern,28.7,303.72799459120995,0.0,4.41,166.65247307565056
2026-09-27T23:30:00+05:30,Kilinochchi_Northern,28.5,315.53335424008674,0.0,4.52,169.51921022862814
2026-09-27T23:45:00+05:30,Kilinochchi_Northern,28.4,334.524058045522,0.0,4.52,171.671681205747
2026-09-28T00:00:00+05:30,Kilinochchi_Northern,28.2,1.3491177749667713,0.0,4.43,172.4700905087235
2026-09-28T00:15:00+05:30,Kilinochchi_Northern,28.1,27.67132073766811,0.0,4.32,171.52279769913463
2026-09-28T00:30:00+05:30,Kilinochchi_Northern,28.0,45.9006561611796,0.0,4.27,169.2831876265675
2026-09-28T00:45:00+05:30,Kilinochchi_Northern,27.9,57.213766351816616,0.0,4.23,166.37434045667607
2026-09-28T01:00:00+05:30,Kilinochchi_Northern,27.8,64.46196065132222,0.0,4.25,163.13924465422687
2026-09-28T01:15:00+05:30,Kilinochchi_Northern,27.7,69.40505842748746,0.0,4.27,159.73365431427058
2026-09-28T01:30:00+05:30,Kilinochchi_Northern,27.7,72.97854030825516,0.0,4.23,156.23086735397695
2026-09-28T01:45:00+05:30,Kilinochchi_Northern,27.6,75.69024701605434,0.0,4.19,152.66836373978293
2026-09-28T02:00:00+05:30,Kilinochchi_Northern,27.5,77.83118011672343,0.0,4.12,149.06691257878862
2026-09-28T02:15:00+05:30,Kilinochchi_Northern,27.5,79.57758222038439,0.0,4.07,145.43883906030538
2026-09-28T02:30:00+05:30,Kilinochchi_Northern,27.4,81.04161802022969,0.0,4.01,141.7918868601899
2026-09-28T02:45:00+05:30,Kilinochchi_Northern,27.4,82.29780744246898,0.0,3.98,138.131158144776
2026-09-28T03:00:00+05:30,Kilinochchi_Northern,27.4,83.39753758107776,0.0,3.96,134.4601540850865
2026-09-28T03:15:00+05:30,Kilinochchi_Northern,27.4,84.37741804856148,0.0,3.94,130.78136416763067
2026-09-28T03:30:00+05:30,Kilinochchi_Northern,27.3,85.26430096115394,0.0,3.91,127.09661473713598
2026-09-28T03:45:00+05:30,Kilinochchi_Northern,27.3,86.07841260596905,0.0,3.85,123.40728570373699
2026-09-28T04:00:00+05:30,Kilinochchi_Northern,27.3,86.83537453259373,0.0,3.78,119.71444976631503
2026-09-28T04:15:00+05:30,Kilinochchi_Northern,27.2,87.54754892790572,0.0,3.69,116.01896344586268
2026-09-28T04:30:00+05:30,Kilinochchi_Northern,27.2,88.22495988468455,0.0,3.62,112.32153057920652
2026-09-28T04:45:00+05:30,Kilinochchi_Northern,27.1,88.87594239994564,0.0,3.56,108.62274733088887
2026-09-28T05:00:00+05:30,Kilinochchi_Northern,27.0,89.50761321041165,0.0,3.51,104.92313372639693
2026-09-28T05:15:00+05:30,Kilinochchi_Northern,27.0,90.12622294504683,0.0,3.49,101.22315884328478
2026-09-28T05:30:00+05:30,Kilinochchi_Northern,27.0,90.737429528892,0.0,3.49,97.52326091994782
2026-09-28T05:45:00+05:30,Kilinochchi_Northern,27.0,91.34652025263995,0.0,3.51,93.82386280816655
2026-09-28T06:00:00+05:30,Kilinochchi_Northern,27.0,91.95860157799746,0.0,3.54,90.12538715887237
2026-09-28T06:15:00+05:30,Kilinochchi_Northern,27.1,92.57877195889193,15.0,3.63,86.42827098515797
2026-09-28T06:30:00+05:30,Kilinochchi_Northern,27.3,93.2122905299849,52.0,3.72,82.73297912534453
2026-09-28T06:45:00+05:30,Kilinochchi_Northern,27.6,93.86475296353603,98.0,3.93,79.04002060116912
2026-09-28T07:00:00+05:30,Kilinochchi_Northern,28.0,94.54228711508426,151.0,4.22,75.34996751757203
2026-09-28T07:15:00+05:30,Kilinochchi_Northern,28.5,95.25178319932047,208.0,4.48,71.66347644167128
2026-09-28T07:30:00+05:30,Kilinochchi_Northern,29.1,96.00117634645534,267.0,4.66,67.98131709336637
2026-09-28T07:45:00+05:30,Kilinochchi_Northern,29.6,96.79980654691383,329.0,4.68,64.3044094512494
2026-09-28T08:00:00+05:30,Kilinochchi_Northern,30.2,97.65889121301899,390.0,4.66,60.63387151876694
2026-09-28T08:15:00+05:30,Kilinochchi_Northern,30.9,98.59216051314235,452.0,4.56,56.97108622068249
2026-09-28T08:30:00+05:30,Kilinochchi_Northern,31.5,99.61673149789016,511.0,4.43,53.31779429247482
2026-09-28T08:45:00+05:30,Kilinochchi_Northern,32.1,100.75433729699353,567.0,4.27,49.67622467852637
2026-09-28T09:00:00+05:30,Kilinochchi_Northern,32.7,102.03309174891405,619.0,4.09,46.049286072433844
2026-09-28T09:15:00+05:30,Kilinochchi_Northern,33.3,103.49007913177468,667.0,3.85,42.4408519731005
2026-09-28T09:30:00+05:30,Kilinochchi_Northern,33.9,105.17524215222932,710.0,3.6,38.85619480104121
2026-09-28T09:45:00+05:30,Kilinochchi_Northern,34.3,107.15735408781114,747.0,3.32,35.30267083532138
2026-09-28T10:00:00+05:30,Kilinochchi_Northern,34.7,109.53340561994997,778.0,3.01,31.790831346234086
2026-09-28T10:15:00+05:30,Kilinochchi_Northern,35.1,112.44366385078888,801.0,2.7,28.336284862560852
2026-09-28T10:30:00+05:30,Kilinochchi_Northern,35.4,116.09613133690573,812.0,2.4,24.962931825934334
2026-09-28T10:45:00+05:30,Kilinochchi_Northern,35.7,120.80591750050638,816.0,2.16,21.708756802067697
2026-09-28T11:00:00+05:30,Kilinochchi_Northern,36.0,127.05435169107494,822.0,1.92,18.636392840979838
2026-09-28T11:15:00+05:30,Kilinochchi_Northern,36.2,135.55509158590354,839.0,1.76,15.852001652714321
2026-09-28T11:30:00+05:30,Kilinochchi_Northern,36.4,147.2262231619793,870.0,1.61,13.534580672626078
2026-09-28T11:45:00+05:30,Kilinochchi_Northern,36.7,162.7160135707876,905.0,1.55,11.958827005668553
2026-09-28T12:00:00+05:30,Kilinochchi_Northern,36.9,181.10508778715555,928.0,1.74,11.435602712810308
2026-09-28T12:15:00+05:30,Kilinochchi_Northern,37.0,199.27099123634366,928.0,2.19,12.102219523031494
2026-09-28T12:30:00+05:30,Kilinochchi_Northern,36.7,214.29151889828643,905.0,2.77,13.787150353660195
2026-09-28T12:45:00+05:30,Kilinochchi_Northern,35.8,225.52104786425136,871.0,3.58,16.175217398036835
2026-09-28T13:00:00+05:30,Kilinochchi_Northern,34.4,233.6957990837126,839.0,4.52,19.003125740785748
2026-09-28T13:15:00+05:30,Kilinochchi_Northern,33.0,239.71995696950367,823.0,5.37,22.1026454724218
2026-09-28T13:30:00+05:30,Kilinochchi_Northern,32.1,244.2761286865403,825.0,5.76,25.374386721901786
2026-09-28T13:45:00+05:30,Kilinochchi_Northern,32.0,247.82130763927586,826.0,5.51,28.759575587069676
2026-09-28T14:00:00+05:30,Kilinochchi_Northern,32.4,250.65458273620646,806.0,4.79,32.22241480571304
2026-09-28T14:15:00+05:30,Kilinochchi_Northern,32.9,252.9738133887979,749.0,3.95,35.740274995011504
2026-09-28T14:30:00+05:30,Kilinochchi_Northern,33.1,254.91282332031352,656.0,3.36,39.29831215512888
2026-09-28T14:45:00+05:30,Kilinochchi_Northern,32.9,256.564434386678,553.0,3.07,42.88645286460658
2026-09-28T15:00:00+05:30,Kilinochchi_Northern,32.5,257.9946577472508,465.0,2.93,46.49764918427566
2026-09-28T15:15:00+05:30,Kilinochchi_Northern,32.0,259.2515602124833,409.0,2.79,50.12683383652574
2026-09-28T15:30:00+05:30,Kilinochchi_Northern,31.6,260.37092107804165,375.0,2.67,53.77027506583717
2026-09-28T15:45:00+05:30,Kilinochchi_Northern,31.3,261.3799244113408,349.0,2.48,57.4251639545841
2026-09-28T16:00:00+05:30,Kilinochchi_Northern,31.0,262.29962564898364,322.0,2.31,61.089343444899555
2026-09-28T16:15:00+05:30,Kilinochchi_Northern,30.8,263.1466370243782,289.0,2.2,64.76112719839989
2026-09-28T16:30:00+05:30,Kilinochchi_Northern,30.7,263.93430382039037,257.0,2.24,68.43917354266607
2026-09-28T16:45:00+05:30,Kilinochchi_Northern,30.7,264.6735430733495,222.0,2.36,72.12239646335814
2026-09-28T17:00:00+05:30,Kilinochchi_Northern,30.8,265.3734547363066,180.0,2.56,75.80990286454558
2026-09-28T17:15:00+05:30,Kilinochchi_Northern,30.8,266.0417766615552,133.0,2.79,79.50094521042158
2026-09-28T17:30:00+05:30,Kilinochchi_Northern,30.8,266.68523209529553,84.0,2.88,83.19488579843288
2026-09-28T17:45:00+05:30,Kilinochchi_Northern,30.6,267.30980323520095,42.0,2.85,86.8911706048633
2026-09-28T18:00:00+05:30,Kilinochchi_Northern,30.4,267.9209540510492,10.0,2.72,90.58930726166277
2026-09-28T18:15:00+05:30,Kilinochchi_Northern,30.1,268.5238203136989,0.0,2.58,94.2888468646177
2026-09-28T18:30:00+05:30,Kilinochchi_Northern,29.8,269.12338102893847,0.0,2.49,97.98936975127363
2026-09-28T18:45:00+05:30,Kilinochchi_Northern,29.6,269.7246228210474,0.0,2.44,101.69047118735064
2026-09-28T19:00:00+05:30,Kilinochchi_Northern,29.5,270.33270904502916,0.0,2.44,105.39174747087432
2026-09-28T19:15:00+05:30,Kilinochchi_Northern,29.3,270.95316628816346,0.0,2.5,109.09278298871618
2026-09-28T19:30:00+05:30,Kilinochchi_Northern,29.2,271.5921026894599,0.0,2.58,112.7931341663914
2026-09-28T19:45:00+05:30,Kilinochchi_Northern,29.1,272.2564778307648,0.0,2.69,116.4923104574998
2026-09-28T20:00:00+05:30,Kilinochchi_Northern,29.0,272.9544517470592,0.0,2.79,120.18975203910287
2026-09-28T20:15:00+05:30,Kilinochchi_Northern,28.9,273.6958525247603,0.0,2.87,123.88479860509577
2026-09-28T20:30:00+05:30,Kilinochchi_Northern,28.9,274.49282354871474,0.0,2.93,127.5766467655812
2026-09-28T20:45:00+05:30,Kilinochchi_Northern,28.8,275.36074641250343,0.0,2.95,131.26429128481004
2026-09-28T21:00:00+05:30,Kilinochchi_Northern,28.7,276.3195942180657,0.0,2.93,134.94643697555148
2026-09-28T21:15:00+05:30,Kilinochchi_Northern,28.6,277.39597597883767,0.0,2.89,138.6213655286235
2026-09-28T21:30:00+05:30,Kilinochchi_Northern,28.5,278.62632511523066,0.0,2.87,142.28672855327363
2026-09-28T21:45:00+05:30,Kilinochchi_Northern,28.4,280.06204856211883,0.0,2.88,145.93920862629173
2026-09-28T22:00:00+05:30,Kilinochchi_Northern,28.3,281.77817779651673,0.0,2.96,149.57394386912796
2026-09-28T22:15:00+05:30,Kilinochchi_Northern,28.2,283.88857091149083,0.0,2.97,153.18350280874017
2026-09-28T22:30:00+05:30,Kilinochchi_Northern,28.2,286.5740157279834,0.0,3.01,156.7559434169826
2026-09-28T22:45:00+05:30,Kilinochchi_Northern,28.1,290.1371769831406,0.0,3.04,160.27088473411115
2026-09-28T23:00:00+05:30,Kilinochchi_Northern,28.0,295.11624312657943,0.0,3.03,163.6909039264982
2026-09-28T23:15:00+05:30,Kilinochchi_Northern,28.0,302.52845117506234,0.0,3.03,166.94100880804433
2026-09-28T23:30:00+05:30,Kilinochchi_Northern,27.9,314.35284104772086,0.0,3.03,169.8563435127092
2026-09-28T23:45:00+05:30,Kilinochchi_Northern,27.8,333.88207155221403,0.0,3.04,172.05904791815686
2026-09-29T00:00:00+05:30,Kilinochchi_Northern,27.7,2.100088842089633,0.0,3.12,172.8562328475444
2026-09-29T00:15:00+05:30,Kilinochchi_Northern,27.6,29.45252380923347,0.0,3.15,171.82577893224587
2026-09-29T00:30:00+05:30,Kilinochchi_Northern,27.5,47.73858541523316,0.0,3.18,169.4923373417068
2026-09-29T00:45:00+05:30,Kilinochchi_Northern,27.4,58.79960767076324,0.0,3.21,166.51629781687996
2026-09-29T01:00:00+05:30,Kilinochchi_Northern,27.3,65.79569945807259,0.0,3.2,163.23659020578287
2026-09-29T01:15:00+05:30,Kilinochchi_Northern,27.2,70.53899027717625,0.0,3.2,159.8007185461042
2026-09-29T01:30:00+05:30,Kilinochchi_Northern,27.1,73.9599634129782,0.0,3.2,156.2765733519762
2026-09-29T01:45:00+05:30,Kilinochchi_Northern,27.0,76.55468159929643,0.0,3.18,152.6984621639952
2026-09-29T02:00:00+05:30,Kilinochchi_Northern,27.0,78.60449517014996,0.0,3.22,149.08527121724418
2026-09-29T02:15:00+05:30,Kilinochchi_Northern,26.9,80.2787502573733,0.0,3.21,145.44816614204922
2026-09-29T02:30:00+05:30,Kilinochchi_Northern,26.8,81.68480485566147,0.0,3.21,141.79414760932315
2026-09-29T02:45:00+05:30,Kilinochchi_Northern,26.8,82.89381009588578,0.0,3.21,138.1278240540905
2026-09-29T03:00:00+05:30,Kilinochchi_Northern,26.7,83.95475644674968,0.0,3.22,134.452358016566
2026-09-29T03:15:00+05:30,Kilinochchi_Northern,26.6,84.9025188941095,0.0,3.27,130.77000041801261
2026-09-29T03:30:00+05:30,Kilinochchi_Northern,26.6,85.76267293250226,0.0,3.24,127.08240576390646
2026-09-29T03:45:00+05:30,Kilinochchi_Northern,26.5,86.55449118193303,0.0,3.24,123.39082797949317
2026-09-29T04:00:00+05:30,Kilinochchi_Northern,26.5,87.29287382610329,0.0,3.2,119.69624617960653
2026-09-29T04:15:00+05:30,Kilinochchi_Northern,26.5,87.9896321693044,0.0,3.16,115.99944680849316
2026-09-29T04:30:00+05:30,Kilinochchi_Northern,26.5,88.65436711664813,0.0,3.09,112.30108113501792
2026-09-29T04:45:00+05:30,Kilinochchi_Northern,26.4,89.29508815501441,0.0,3.02,108.60170614582147
2026-09-29T05:00:00+05:30,Kilinochchi_Northern,26.4,89.91866291458143,0.0,2.95,104.90181323599141
2026-09-29T05:15:00+05:30,Kilinochchi_Northern,26.4,90.53115418085537,0.0,2.91,101.2018514284755
2026-09-29T05:30:00+05:30,Kilinochchi_Northern,26.4,91.13808255402415,0.0,2.88,97.50224614230262
2026-09-29T05:45:00+05:30,Kilinochchi_Northern,26.4,91.74464102556442,0.0,2.91,93.80341377394504
2026-09-29T06:00:00+05:30,Kilinochchi_Northern,26.5,92.35587979275994,0.0,2.98,90.10577638244938
2026-09-29T06:15:00+05:30,Kilinochchi_Northern,26.6,92.97687610395099,14.0,3.1,86.40977606431079
2026-09-29T06:30:00+05:30,Kilinochchi_Northern,26.9,93.61290170122186,50.0,3.21,82.7158885188188
2026-09-29T06:45:00+05:30,Kilinochchi_Northern,27.3,94.26959903294483,95.0,3.41,79.02463978992346
2026-09-29T07:00:00+05:30,Kilinochchi_Northern,27.7,94.9531788542754,148.0,3.62,75.33662587503348
2026-09-29T07:15:00+05:30,Kilinochchi_Northern,28.3,95.67065409360976,201.0,3.85,71.65253518026776
2026-09-29T07:30:00+05:30,Kilinochchi_Northern,28.8,96.43012809813865,253.0,3.98,67.97317875703479
2026-09-29T07:45:00+05:30,Kilinochchi_Northern,29.4,97.24116269342096,304.0,3.97,64.29952956493084
2026-09-29T08:00:00+05:30,Kilinochchi_Northern,29.9,98.11526191061819,355.0,3.86,60.63277322333684
2026-09-29T08:15:00+05:30,Kilinochchi_Northern,30.4,99.06652238011623,408.0,3.75,56.97437903980413
2026-09-29T08:30:00+05:30,Kilinochchi_Northern,31.0,100.11252752464111,465.0,3.62,53.326198661231295
2026-09-29T08:45:00+05:30,Kilinochchi_Northern,31.5,101.27560319001486,521.0,3.55,49.69060458013261
2026-09-29T09:00:00+05:30,Kilinochchi_Northern,32.1,102.58461642377506,575.0,3.44,46.07069324111905
2026-09-29T09:15:00+05:30,Kilinochchi_Northern,32.6,104.07760770891127,623.0,3.3,42.47058680545307
2026-09-29T09:30:00+05:30,Kilinochchi_Northern,33.0,105.80572752321336,667.0,3.26,38.89589172740952
2026-09-29T09:45:00+05:30,Kilinochchi_Northern,33.2,107.83925174884928,705.0,3.29,35.35441986485202
2026-09-29T10:00:00+05:30,Kilinochchi_Northern,33.4,110.27696943517918,736.0,3.36,31.857353263745658
2026-09-29T10:15:00+05:30,Kilinochchi_Northern,33.5,113.2610922801282,756.0,3.47,28.42118484718737
2026-09-29T10:30:00+05:30,Kilinochchi_Northern,33.5,117.00111026777313,761.0,3.47,25.071060966841202
2026-09-29T10:45:00+05:30,Kilinochchi_Northern,33.3,121.811274989678,757.0,3.37,21.846693756353673
2026-09-29T11:00:00+05:30,Kilinochchi_Northern,33.0,128.16437714174856,758.0,3.21,18.812943949683387
2026-09-29T11:15:00+05:30,Kilinochchi_Northern,32.7,136.7443513320713,776.0,3.04,16.07816171212484
2026-09-29T11:30:00+05:30,Kilinochchi_Northern,32.6,148.39270507033655,816.0,2.93,13.821049033996957
2026-09-29T11:45:00+05:30,Kilinochchi_Northern,33.0,163.62716132087246,861.0,2.85,12.307343238797742
2026-09-29T12:00:00+05:30,Kilinochchi_Northern,33.7,181.47815203164194,892.0,2.79,11.826078278221885
2026-09-29T12:15:00+05:30,Kilinochchi_Northern,34.3,199.05210472882837,890.0,2.78,12.497122538242067
2026-09-29T12:30:00+05:30,Kilinochchi_Northern,34.6,213.69246528711844,859.0,2.87,14.157555010141863
2026-09-29T12:45:00+05:30,Kilinochchi_Northern,34.4,224.76702528038896,812.0,3.03,16.511519944794884
2026-09-29T13:00:00+05:30,Kilinochchi_Northern,33.9,232.9140378981241,763.0,3.34,19.306956550481345
2026-09-29T13:15:00+05:30,Kilinochchi_Northern,33.2,238.96460361564422,724.0,3.59,22.378993746030176
2026-09-29T13:30:00+05:30,Kilinochchi_Northern,32.7,243.565419047602,691.0,3.69,25.628309167904106
2026-09-29T13:45:00+05:30,Kilinochchi_Northern,32.3,247.15829049848145,658.0,3.63,28.99531190038624
2026-09-29T14:00:00+05:30,Kilinochchi_Northern,31.9,250.0364668815248,617.0,3.61,32.443324529059794
2026-09-29T14:15:00+05:30,Kilinochchi_Northern,31.6,252.39590211974476,563.0,3.62,35.94898366664779
2026-09-29T14:30:00+05:30,Kilinochchi_Northern,31.3,254.3701074438152,494.0,3.62,39.496877192232674
2026-09-29T14:45:00+05:30,Kilinochchi_Northern,31.1,256.0521967826163,423.0,3.29,43.07650182136793
2026-09-29T15:00:00+05:30,Kilinochchi_Northern,31.0,257.5086647661688,363.0,2.82,46.68048532971327
2026-09-29T15:15:00+05:30,Kilinochchi_Northern,30.9,258.7880842555727,324.0,2.41,50.303514531709695
2026-09-29T15:30:00+05:30,Kilinochchi_Northern,30.7,259.92669865296716,303.0,2.26,53.94166962403456
2026-09-29T15:45:00+05:30,Kilinochchi_Northern,30.5,260.95209396492555,287.0,2.37,57.59199655527182
2026-09-29T16:00:00+05:30,Kilinochchi_Northern,30.2,261.885663466336,264.0,2.82,61.252225268467996
2026-09-29T16:15:00+05:30,Kilinochchi_Northern,29.9,262.74429811630426,229.0,3.43,64.92058078090207
2026-09-29T16:30:00+05:30,Kilinochchi_Northern,29.5,263.541569776857,186.0,3.79,68.59565149618852
2026-09-29T16:45:00+05:30,Kilinochchi_Northern,29.1,264.28857679668147,144.0,3.69,72.27629608598649
2026-09-29T17:00:00+05:30,Kilinochchi_Northern,28.7,264.9945611688165,108.0,3.36,75.96157773380381
2026-09-29T17:15:00+05:30,Kilinochchi_Northern,28.3,265.66736836932694,80.0,3.0,79.6507145653396
2026-09-29T17:30:00+05:30,Kilinochchi_Northern,27.9,266.3137985523784,55.0,2.7,83.34304230056227
2026-09-29T17:45:00+05:30,Kilinochchi_Northern,27.7,266.9398827067411,32.0,2.57,87.03798692824948
2026-09-29T18:00:00+05:30,Kilinochchi_Northern,27.6,267.5511070294292,8.0,2.56,90.73504186629287
2026-09-29T18:15:00+05:30,Kilinochchi_Northern,27.5,268.15260349568814,0.0,2.49,94.43374923974488
2026-09-29T18:30:00+05:30,Kilinochchi_Northern,27.4,268.74932080733316,0.0,2.45,98.13368538663183
2026-09-29T18:45:00+05:30,Kilinochchi_Northern,27.4,269.3461871868679,0.0,2.33,101.83444649862525
2026-09-29T19:00:00+05:30,Kilinochchi_Northern,27.5,269.9482766502938,0.0,2.19,105.53563492518572
2026-09-29T19:15:00+05:30,Kilinochchi_Northern,27.5,270.5609911661087,0.0,2.11,109.23684669147967
2026-09-29T19:30:00+05:30,Kilinochchi_Northern,27.6,271.19027275411497,0.0,2.05,112.93765622596251
2026-09-29T19:45:00+05:30,Kilinochchi_Northern,27.6,271.842864717601,0.0,2.06,116.63759852889446
2026-09-29T20:00:00+05:30,Kilinochchi_Northern,27.5,272.5266487346659,0.0,2.19,120.33614858436135
2026-09-29T20:15:00+05:30,Kilinochchi_Northern,27.5,273.2510960994556,0.0,2.27,124.03269261412645
2026-09-29T20:30:00+05:30,Kilinochchi_Northern,27.5,274.02789245343627,0.0,2.4,127.72648901606013
2026-09-29T20:45:00+05:30,Kilinochchi_Northern,27.5,274.8718295130186,0.0,2.5,131.4166147171158
2026-09-29T21:00:00+05:30,Kilinochchi_Northern,27.4,275.8021149409912,0.0,2.67,135.1018845942006
2026-09-29T21:15:00+05:30,Kilinochchi_Northern,27.4,276.8443560171805,0.0,2.77,138.78072957738058
2026-09-29T21:30:00+05:30,Kilinochchi_Northern,27.4,278.0336634384114,0.0,2.91,142.4510069783605
2026-09-29T21:45:00+05:30,Kilinochchi_Northern,27.3,279.4196847016141,0.0,3.02,146.10968874346594
2026-09-29T22:00:00+05:30,Kilinochchi_Northern,27.2,281.07510706578853,0.0,3.13,149.75233006192383
2026-09-29T22:15:00+05:30,Kilinochchi_Northern,27.1,283.11070863096984,0.0,3.24,153.37211753459744
2026-09-29T22:30:00+05:30,Kilinochchi_Northern,27.1,285.7034624538195,0.0,3.29,156.95805310708303
2026-09-29T22:45:00+05:30,Kilinochchi_Northern,27.0,289.1522825733228,0.0,3.33,160.49123882518325
2026-09-29T23:00:00+05:30,Kilinochchi_Northern,27.0,293.995885836685,0.0,3.31,163.93661057939394
2026-09-29T23:15:00+05:30,Kilinochchi_Northern,27.0,301.27478627594985,0.0,3.31,167.22271628875106
2026-09-29T23:30:00+05:30,Kilinochchi_Northern,27.0,313.08955352364273,0.0,3.27,170.1879997871675
2026-09-29T23:45:00+05:30,Kilinochchi_Northern,26.9,333.16856334918,0.0,3.24,172.44458596806163
2026-09-30T00:00:00+05:30,Kilinochchi_Northern,26.8,2.927090082758127,0.0,3.13,173.2407741360982
2026-09-30T00:15:00+05:30,Kilinochchi_Northern,26.7,31.360100192909727,0.0,3.1,172.12066364931596
2026-09-30T00:30:00+05:30,Kilinochchi_Northern,26.7,49.64311581593739,0.0,3.11,169.69110027130915
2026-09-30T00:45:00+05:30,Kilinochchi_Northern,26.6,60.413858924939916,0.0,3.16,166.64886024622928
2026-09-30T01:00:00+05:30,Kilinochchi_Northern,26.6,67.1413749012222,0.0,3.29,163.32611311405827
2026-09-30T01:15:00+05:30,Kilinochchi_Northern,26.5,71.6778462077072,0.0,3.39,159.861362362966
2026-09-30T01:30:00+05:30,Kilinochchi_Northern,26.5,74.94317958797404,0.0,3.49,156.3169951534886
2026-09-30T01:45:00+05:30,Kilinochchi_Northern,26.5,77.4194488395558,0.0,3.49,152.72418640600824
2026-09-30T02:00:00+05:30,Kilinochchi_Northern,26.6,79.37744655665932,0.0,3.53,149.09999268724567
2026-09-30T02:15:00+05:30,Kilinochchi_Northern,26.6,80.97922667771786,0.0,3.5,145.45446346467162
2026-09-30T02:30:00+05:30,Kilinochchi_Northern,26.6,82.32715687221554,0.0,3.5,141.7938885324127
2026-09-30T02:45:00+05:30,Kilinochchi_Northern,26.5,83.48892966730494,0.0,3.5,138.12240591006213
2026-09-30T03:00:00+05:30,Kilinochchi_Northern,26.5,84.51109306373962,0.0,3.5,134.442856492406
2026-09-30T03:15:00+05:30,Kilinochchi_Northern,26.5,85.42676322770478,0.0,3.46,130.75726517229683
2026-09-30T03:30:00+05:30,Kilinochchi_Northern,26.4,86.26022595236844,0.0,3.46,127.06712402175013
2026-09-30T03:45:00+05:30,Kilinochchi_Northern,26.4,87.02979301214384,0.0,3.46,123.3735681623085
2026-09-30T04:00:00+05:30,Kilinochchi_Northern,26.4,87.74963926300785,0.0,3.43,119.67748870844405
2026-09-30T04:15:00+05:30,Kilinochchi_Northern,26.4,88.43102295082531,0.0,3.4,115.97960644779059
2026-09-30T04:30:00+05:30,Kilinochchi_Northern,26.4,89.0831206171705,0.0,3.4,112.28052364385557
2026-09-30T04:45:00+05:30,Kilinochchi_Northern,26.4,89.7136156172732,0.0,3.36,108.5807610389789
2026-09-30T05:00:00+05:30,Kilinochchi_Northern,26.4,90.32912615061605,0.0,3.28,104.880783858665
2026-09-30T05:15:00+05:30,Kilinochchi_Northern,26.4,90.9355269766391,0.0,3.2,101.18102318377844
2026-09-30T05:30:00+05:30,Kilinochchi_Northern,26.4,91.53820123134545,0.0,3.23,97.48189347140195
2026-09-30T05:45:00+05:30,Kilinochchi_Northern,26.5,92.14224744299554,0.0,3.3,93.78380633851374
2026-09-30T06:00:00+05:30,Kilinochchi_Northern,26.6,92.75265930160595,0.0,3.48,90.08718480914729
2026-09-30T06:15:00+05:30,Kilinochchi_Northern,26.7,93.37449247752392,13.0,3.63,86.39247755117414
2026-09-30T06:30:00+05:30,Kilinochchi_Northern,26.9,94.01303076161616,43.0,3.84,82.70017258866898
2026-09-30T06:45:00+05:30,Kilinochchi_Northern,27.3,94.6739625600328,78.0,4.08,79.01081447912904
2026-09-30T07:00:00+05:30,Kilinochchi_Northern,27.7,95.36358035189949,119.0,4.4,75.32502466988564
2026-09-30T07:15:00+05:30,Kilinochchi_Northern,28.2,96.08901810542227,166.0,4.64,71.64352508055754
2026-09-30T07:30:00+05:30,Kilinochchi_Northern,28.7,96.85854500713737,223.0,4.85,67.96716993844814
2026-09-30T07:45:00+05:30,Kilinochchi_Northern,29.2,97.6819413294611,287.0,4.88,64.29698725910997
2026-09-30T08:00:00+05:30,Kilinochchi_Northern,29.8,98.57099285585974,355.0,4.84,60.63423265670728
2026-09-30T08:15:00+05:30,Kilinochchi_Northern,30.4,99.54015560976916,420.0,4.74,56.98046458605538
2026-09-30T08:30:00+05:30,Kilinochchi_Northern,30.9,100.60746896913429,483.0,4.67,53.33764884905919
2026-09-30T08:45:00+05:30,Kilinochchi_Northern,31.3,101.7958358770864,543.0,4.61,49.708305318931686
2026-09-30T09:00:00+05:30,Kilinochchi_Northern,31.7,103.13485270890595,597.0,4.55,46.095722702700954
2026-09-30T09:15:00+05:30,Kilinochchi_Northern,32.1,104.66347882629873,644.0,4.47,42.50427705503993
2026-09-30T09:30:00+05:30,Kilinochchi_Northern,32.4,106.43401272195035,683.0,4.42,38.93991469318973
2026-09-30T09:45:00+05:30,Kilinochchi_Northern,32.8,108.51813476447523,712.0,4.34,35.410908927783694
2026-09-30T10:00:00+05:30,Kilinochchi_Northern,33.1,111.01626714301153,734.0,4.26,31.929076887593233
2026-09-30T10:15:00+05:30,Kilinochchi_Northern,33.4,114.07228176732764,748.0,4.19,28.511794439704992
2026-09-30T10:30:00+05:30,Kilinochchi_Northern,33.6,117.89666130275168,751.0,4.07,25.18543631469801
2026-09-30T10:45:00+05:30,Kilinochchi_Northern,33.9,122.80195612137447,746.0,3.89,21.991383991004923
2026-09-30T11:00:00+05:30,Kilinochchi_Northern,34.2,129.25113341720612,737.0,3.65,18.996572284551817
2026-09-30T11:15:00+05:30,Kilinochchi_Northern,34.4,137.89724525959724,727.0,3.44,16.311193156619836
2026-09-30T11:30:00+05:30,Kilinochchi_Northern,34.4,149.50762931517858,712.0,3.32,14.113067301025438
2026-09-30T11:45:00+05:30,Kilinochchi_Northern,33.9,164.48334891123375,696.0,3.42,12.658675114558378
2026-09-30T12:00:00+05:30,Kilinochchi_Northern,33.2,181.82245024301312,682.0,3.7,12.216629005494738
2026-09-30T12:15:00+05:30,Kilinochchi_Northern,32.5,198.84216316147896,676.0,3.92,12.891505115114356
2026-09-30T12:30:00+05:30,Kilinochchi_Northern,32.0,213.12039277871006,677.0,3.92,14.52847255936517
2026-09-30T12:45:00+05:30,Kilinochchi_Northern,31.8,224.04040668200423,681.0,3.58,16.849396790830852
2026-09-30T13:00:00+05:30,Kilinochchi_Northern,31.7,232.1544314545691,682.0,3.02,19.612920894096263
2026-09-30T13:15:00+05:30,Kilinochchi_Northern,31.7,238.22602913374234,677.0,2.47,22.657631568905273
2026-09-30T13:30:00+05:30,Kilinochchi_Northern,31.8,242.86728576696225,670.0,2.19,25.884449225415608
2026-09-30T13:45:00+05:30,Kilinochchi_Northern,32.1,246.50478869090088,659.0,2.2,29.233082953423896
2026-09-30T14:00:00+05:30,Kilinochchi_Northern,32.4,249.42566518989142,640.0,2.4,32.66603916327538
2026-09-30T14:15:00+05:30,Kilinochchi_Northern,32.7,251.82370911585133,608.0,2.62,36.15925291977388
2026-09-30T14:30:00+05:30,Kilinochchi_Northern,32.8,253.83193394205148,567.0,2.8,39.69675965564718
2026-09-30T14:45:00+05:30,Kilinochchi_Northern,32.4,255.5436186726182,519.0,2.87,43.26763328287587
2026-09-30T15:00:00+05:30,Kilinochchi_Northern,31.8,257.0256554619213,470.0,2.94,46.86417999119657
2026-09-30T15:15:00+05:30,Kilinochchi_Northern,31.2,258.32706474493585,422.0,2.97,50.48084121020632
2026-09-30T15:30:00+05:30,Kilinochchi_Northern,30.7,259.4845137198241,373.0,2.97,54.11350855742191
2026-09-30T15:45:00+05:30,Kilinochchi_Northern,30.4,260.52596208375553,324.0,2.88,57.75908183497172
2026-09-30T16:00:00+05:30,Kilinochchi_Northern,30.2,261.4731207963691,279.0,2.77,61.41517678732795
2026-09-30T16:15:00+05:30,Kilinochchi_Northern,30.1,262.3431448922231,238.0,2.66,65.07992854797621
2026-09-30T16:30:00+05:30,Kilinochchi_Northern,30.0,263.14982195128385,199.0,2.58,68.75185438058091
2026-09-30T16:45:00+05:30,Kilinochchi_Northern,29.9,263.9044234120936,164.0,2.58,72.42975647851733
2026-09-30T17:00:00+05:30,Kilinochchi_Northern,29.8,264.61632693713005,130.0,2.58,76.11265319920108
2026-09-30T17:15:00+05:30,Kilinochchi_Northern,29.7,265.293480556559,97.0,2.62,79.7997272746319
2026-09-30T17:30:00+05:30,Kilinochchi_Northern,29.6,265.9427571682321,66.0,2.62,83.49028683072378
2026-09-30T17:45:00+05:30,Kilinochchi_Northern,29.5,266.57023299811357,36.0,2.58,87.18373687285941
2026-09-30T18:00:00+05:30,Kilinochchi_Northern,29.3,267.1814132967688,8.0,2.51,90.87955561300248
2026-09-30T18:15:00+05:30,Kilinochchi_Northern,29.1,267.7814232580892,0.0,2.4,94.57727519950467
2026-09-30T18:30:00+05:30,Kilinochchi_Northern,29.0,268.37517830532994,0.0,2.25,98.27646692100723
2026-09-30T18:45:00+05:30,Kilinochchi_Northern,28.8,268.96754512011927,0.0,2.03,101.97672678208089
2026-09-30T19:00:00+05:30,Kilinochchi_Northern,28.7,269.5635048783838,0.0,1.84,105.67766197458629
2026-09-30T19:15:00+05:30,Kilinochchi_Northern,28.6,270.1683308271897,0.0,1.63,109.37887882195464
2026-09-30T19:30:00+05:30,Kilinochchi_Northern,28.5,270.78779384990355,0.0,1.49,113.07996824187754
2026-09-30T19:45:00+05:30,Kilinochchi_Northern,28.4,271.42841460792226,0.0,1.47,116.78048903873717
2026-09-30T20:00:00+05:30,Kilinochchi_Northern,28.4,272.0977880946136,0.0,1.54,120.47994896729298
2026-09-30T20:15:00+05:30,Kilinochchi_Northern,28.3,272.80501760172166,0.0,1.66,124.17777836437821
2026-09-30T20:30:00+05:30,Kilinochchi_Northern,28.2,273.5613155296987,0.0,1.82,127.87329451194735
2026-09-30T20:45:00+05:30,Kilinochchi_Northern,28.1,274.3808617221164,0.0,2.01,131.5656529748265
2026-09-30T21:00:00+05:30,Kilinochchi_Northern,28.0,275.28206631690824,0.0,2.26,135.25377437607705
2026-09-30T21:15:00+05:30,Kilinochchi_Northern,27.9,276.28948665774067,0.0,2.47,138.93623357544476
2026-09-30T21:30:00+05:30,Kilinochchi_Northern,27.8,277.43683591391215,0.0,2.58,142.61108708411516
2026-09-30T21:45:00+05:30,Kilinochchi_Northern,27.7,278.77188176359556,0.0,2.61,146.2755884097627
2026-09-30T22:00:00+05:30,Kilinochchi_Northern,27.6,280.36476543146387,0.0,2.55,149.92570097014476
2026-09-30T22:15:00+05:30,Kilinochchi_Northern,27.4,282.32283083942997,0.0,2.5,153.5552210836982
2026-09-30T22:30:00+05:30,Kilinochchi_Northern,27.3,284.8185831526169,0.0,2.44,157.15409209166438
2026-09-30T22:45:00+05:30,Kilinochchi_Northern,27.2,288.1459227857574,0.0,2.42,160.7049192333272
2026-09-30T23:00:00+05:30,Kilinochchi_Northern,27.1,292.84159542753133,0.0,2.37,164.17509387533562
2026-09-30T23:15:00+05:30,Kilinochchi_Northern,27.1,299.96492349384334,0.0,2.33,167.49704565113524
2026-09-30T23:30:00+05:30,Kilinochchi_Northern,27.0,311.73640408366765,0.0,2.33,170.51353097714554
2026-09-30T23:45:00+05:30,Kilinochchi_Northern,26.9,332.372015774995,0.0,2.37,172.82795919056434
2026-10-01T00:00:00+05:30,Kilinochchi_Northern,26.8,3.8423920777735248,0.0,2.42,173.62344089373397
2026-10-01T00:15:00+05:30,Kilinochchi_Northern,26.7,33.403537756331616,0.0,2.5,172.40657423653923
2026-10-01T00:30:00+05:30,Kilinochchi_Northern,26.6,51.613537154400206,0.0,2.52,169.87895252248268
2026-10-01T00:45:00+05:30,Kilinochchi_Northern,26.6,62.05462048222273,0.0,2.49,166.7718420911504
2026-10-01T01:00:00+05:30,Kilinochchi_Northern,26.5,68.49757532287202,0.0,2.53,163.40778717682582
2026-10-01T01:15:00+05:30,Kilinochchi_Northern,26.5,72.82067472223406,0.0,2.51,159.91562960144665
2026-10-01T01:30:00+05:30,Kilinochchi_Northern,26.4,75.92753319641594,0.0,2.52,156.35220830801802
2026-10-01T01:45:00+05:30,Kilinochchi_Northern,26.3,78.28407581882607,0.0,2.46,152.7456269155468
2026-10-01T02:00:00+05:30,Kilinochchi_Northern,26.2,80.14967658650994,0.0,2.43,149.1111745557344
2026-10-01T02:15:00+05:30,Kilinochchi_Northern,26.1,81.67872900145284,0.0,2.34,145.4578319165143
2026-10-01T02:30:00+05:30,Kilinochchi_Northern,26.1,82.96844242846822,0.0,2.31,141.79121190819055
2026-10-01T02:45:00+05:30,Kilinochchi_Northern,26.0,84.08296998507319,0.0,2.31,138.1150063628443
2026-10-01T03:00:00+05:30,Kilinochchi_Northern,26.0,85.0663766833976,0.0,2.4,134.43175198384068
2026-10-01T03:15:00+05:30,Kilinochchi_Northern,26.0,85.9499989248589,0.0,2.45,130.74326042035406
2026-10-01T03:30:00+05:30,Kilinochchi_Northern,26.0,86.75682176600395,0.0,2.4,127.05087084989543
2026-10-01T03:45:00+05:30,Kilinochchi_Northern,25.9,87.50419028002744,0.0,2.28,123.3556068478998
2026-10-01T04:00:00+05:30,Kilinochchi_Northern,25.9,88.20555091244415,0.0,2.08,119.65827714803478
2026-10-01T04:15:00+05:30,Kilinochchi_Northern,25.8,88.87160726970427,0.0,1.88,115.95954132196908
2026-10-01T04:30:00+05:30,Kilinochchi_Northern,25.8,89.51111076231268,0.0,1.75,112.25995620285946
2026-10-01T04:45:00+05:30,Kilinochchi_Northern,25.7,90.13141827599259,0.0,1.66,108.56000922231779
2026-10-01T05:00:00+05:30,Kilinochchi_Northern,25.6,90.7388984508014,0.0,1.61,104.86014189539218
2026-10-01T05:15:00+05:30,Kilinochchi_Northern,25.6,91.33923796954639,0.0,1.55,101.16076946822871
2026-10-01T05:30:00+05:30,Kilinochchi_Northern,25.6,91.93768244878373,0.0,1.58,97.46229728511477
2026-10-01T05:45:00+05:30,Kilinochchi_Northern,25.8,92.53923583491991,0.0,1.64,93.76513385166429
2026-10-01T06:00:00+05:30,Kilinochchi_Northern,26.1,93.14883508145903,0.0,1.66,90.06970469803836
2026-10-01T06:15:00+05:30,Kilinochchi_Northern,26.5,93.77151389149293,14.0,1.77,86.3764665362668
2026-10-01T06:30:00+05:30,Kilinochchi_Northern,26.8,94.41256749875981,52.0,1.86,82.68592116350177
2026-10-01T06:45:00+05:30,Kilinochchi_Northern,27.2,95.07772937037225,100.0,1.97,78.99863311643392
2026-10-01T07:00:00+05:30,Kilinochchi_Northern,27.7,95.77337241801649,158.0,2.09,75.31525082098798
2026-10-01T07:15:00+05:30,Kilinochchi_Northern,28.1,96.50674981557017,217.0,2.22,71.63653134684411
2026-10-01T07:30:00+05:30,Kilinochchi_Northern,28.6,97.28629399455986,273.0,2.32,67.96337389387647
2026-10-01T07:45:00+05:30,Kilinochchi_Northern,29.0,98.12199999628831,327.0,2.38,64.29686354530588
2026-10-01T08:00:00+05:30,Kilinochchi_Northern,29.4,99.02593010437766,382.0,2.48,60.63832819995915
2026-10-01T08:15:00+05:30,Kilinochchi_Northern,29.9,100.01289214979738,440.0,2.48,56.98941810629684
2026-10-01T08:30:00+05:30,Kilinochchi_Northern,30.3,101.1013703537975,501.0,2.44,53.35221630320914
2026-10-01T08:45:00+05:30,Kilinochchi_Northern,30.8,102.31482820163819,562.0,2.3,49.72939364037928
2026-10-01T09:00:00+05:30,Kilinochchi_Northern,31.2,103.68356624938292,620.0,2.16,46.12443525583588
2026-10-01T09:15:00+05:30,Kilinochchi_Northern,31.7,105.24742371295548,671.0,1.88,42.54197581848276
2026-10-01T09:30:00+05:30,Kilinochchi_Northern,32.1,107.05978512171072,714.0,1.67,38.98830655994985
2026-10-01T09:45:00+05:30,Kilinochchi_Northern,32.6,109.19363450745362,750.0,1.4,35.4721669033533
2026-10-01T10:00:00+05:30,Kilinochchi_Northern,33.1,111.7508593440777,780.0,1.14,32.00601143127119
2026-10-01T10:15:00+05:30,Kilinochchi_Northern,33.5,114.8767070894798,807.0,0.9,28.608094408086103
2026-10-01T10:30:00+05:30,Kilinochchi_Northern,33.9,118.78216803037486,831.0,0.7,25.305996517700905
2026-10-01T10:45:00+05:30,Kilinochchi_Northern,34.3,123.77729075771231,849.0,0.62,22.142703271349006
2026-10-01T11:00:00+05:30,Kilinochchi_Northern,34.6,130.31407252432194,859.0,0.61,19.187062730063957
2026-10-01T11:15:00+05:30,Kilinochchi_Northern,34.8,139.01387367968294,860.0,0.68,16.550767253230674
2026-10-01T11:30:00+05:30,Kilinochchi_Northern,34.9,150.57274178835445,850.0,0.74,14.410225582198834
2026-10-01T11:45:00+05:30,Kilinochchi_Northern,35.0,165.28811809634635,832.0,0.78,13.012483020245568
2026-10-01T12:00:00+05:30,Kilinochchi_Northern,34.9,182.1401834215494,814.0,0.76,12.607100541296262
2026-10-01T12:15:00+05:30,Kilinochchi_Northern,34.8,198.64001950906746,800.0,0.75,13.285243211133746
2026-10-01T12:30:00+05:30,Kilinochchi_Northern,34.7,212.57311708699444,790.0,0.78,14.899685560601384
2026-10-01T12:45:00+05:30,Kilinochchi_Northern,34.5,223.3395944208031,781.0,0.79,17.188576248681045
2026-10-01T13:00:00+05:30,Kilinochchi_Northern,34.2,231.4160718111422,769.0,0.83,19.92074581834416
2026-10-01T13:15:00+05:30,Kilinochchi_Northern,33.9,237.50376196391727,754.0,0.93,22.9383061852634
2026-10-01T13:30:00+05:30,Kilinochchi_Northern,33.6,242.18149685528874,735.0,1.01,26.142577655059064
2026-10-01T13:45:00+05:30,Kilinochchi_Northern,33.3,245.86069824534684,713.0,1.1,29.472680233070612
2026-10-01T14:00:00+05:30,Kilinochchi_Northern,33.0,248.8221428782943,690.0,1.2,32.890366996727685
2026-10-01T14:15:00+05:30,Kilinochchi_Northern,32.8,251.25723788093404,666.0,1.3,36.37090431236662
2026-10-01T14:30:00+05:30,Kilinochchi_Northern,32.5,253.29832807297942,641.0,1.36,39.897791552122406
2026-10-01T14:45:00+05:30,Kilinochchi_Northern,32.3,255.03873799924273,614.0,1.41,43.4596875340594
2026-10-01T15:00:00+05:30,Kilinochchi_Northern,32.1,256.5456753657239,582.0,1.4,47.04858007680319
2026-10-01T15:15:00+05:30,Kilinochchi_Northern,31.9,257.8685518829222,544.0,1.4,50.6586661373723
2026-10-01T15:30:00+05:30,Kilinochchi_Northern,31.7,259.04441946427585,502.0,1.4,54.28564850838429
2026-10-01T15:45:00+05:30,Kilinochchi_Northern,31.5,260.1015839660059,456.0,1.41,57.92628004861005
2026-10-01T16:00:00+05:30,Kilinochchi_Northern,31.3,261.0620543078204,408.0,1.43,61.57806126184663
2026-10-01T16:15:00+05:30,Kilinochchi_Northern,31.0,261.94323521407057,357.0,1.46,65.23903627299018
2026-10-01T16:30:00+05:30,Kilinochchi_Northern,30.8,262.75911929133906,306.0,1.44,68.90765007832134
2026-10-01T16:45:00+05:30,Kilinochchi_Northern,30.6,263.52114295933865,254.0,1.41,72.58264729600666
2026-10-01T17:00:00+05:30,Kilinochchi_Northern,30.4,264.23881325933775,199.0,1.43,76.26300039973138
2026-10-01T17:15:00+05:30,Kilinochchi_Northern,30.2,264.92017576723043,141.0,1.34,79.94785571006017
2026-10-01T17:30:00+05:30,Kilinochchi_Northern,29.9,265.57217201079055,85.0,1.27,83.63649276638589
2026-10-01T17:45:00+05:30,Kilinochchi_Northern,29.7,266.2009199465591,39.0,1.14,87.32829461598179
2026-10-01T18:00:00+05:30,Kilinochchi_Northern,29.4,266.8119407518669,7.0,0.98,91.02272328373354
2026-10-01T18:15:00+05:30,Kilinochchi_Northern,29.2,267.41034990361254,0.0,0.85,94.71929993609871
2026-10-01T18:30:00+05:30,Kilinochchi_Northern,28.9,268.00102662995965,0.0,0.72,98.41758976222182
2026-10-01T18:45:00+05:30,Kilinochchi_Northern,28.7,268.5887730004819,0.0,0.68,102.1171874564743
2026-10-01T19:00:00+05:30,Kilinochchi_Northern,28.4,269.17847393223605,0.0,0.81,105.8177038267032
2026-10-01T19:15:00+05:30,Kilinochchi_Northern,28.1,269.7752699494441,0.0,1.04,109.51875412816675
2026-10-01T19:30:00+05:30,Kilinochchi_Northern,27.8,270.3847559073532,0.0,1.26,113.21994421292001
2026-10-01T19:45:00+05:30,Kilinochchi_Northern,27.6,271.01322362107084,0.0,1.5,116.92085489568123
2026-10-01T20:00:00+05:30,Kilinochchi_Northern,27.4,271.66797327187476,0.0,1.7,120.62102458953527
2026-10-01T20:15:00+05:30,Kilinochchi_Northern,27.2,272.35772919357726,0.0,1.86,124.31992522467604
2026-10-01T20:30:00+05:30,Kilinochchi_Northern,27.0,273.09321537311035,0.0,2.02,128.0169299167951
2026-10-01T20:45:00+05:30,Kilinochchi_Northern,26.9,273.88797819601757,0.0,2.12,131.71126913083097
2026-10-01T21:00:00+05:30,Kilinochchi_Northern,26.8,274.75959869723346,0.0,2.18,135.40196460919873
2026-10-01T21:15:00+05:30,Kilinochchi_Northern,26.7,275.73153667334816,0.0,2.18,139.08772937031708
2026-10-01T21:30:00+05:30,Kilinochchi_Northern,26.6,276.8360335473368,0.0,2.18,142.76681191657542
2026-10-01T21:45:00+05:30,Kilinochchi_Northern,26.6,278.11885705009297,0.0,2.18,146.4367384003153
2026-10-01T22:00:00+05:30,Kilinochchi_Northern,26.5,279.6473994375175,0.0,2.12,150.09386981522027
2026-10-01T22:15:00+05:30,Kilinochchi_Northern,26.5,281.5252105578457,0.0,2.07,153.73260077037367
2026-10-01T22:30:00+05:30,Kilinochchi_Northern,26.4,283.9196539312025,0.0,2.02,157.3438080704957
2026-10-01T22:45:00+05:30,Kilinochchi_Northern,26.4,287.11828271206844,0.0,1.97,160.911610852788
2026-10-01T23:00:00+05:30,Kilinochchi_Northern,26.4,291.6531231004331,0.0,1.91,164.4059370018088
2026-10-01T23:15:00+05:30,Kilinochchi_Northern,26.3,298.5969384251728,0.0,1.91,167.76342457903058
2026-10-01T23:30:00+05:30,Kilinochchi_Northern,26.3,310.2858621973076,0.0,1.86,170.83222632487633
2026-10-01T23:45:00+05:30,Kilinochchi_Northern,26.2,331.4785911694265,0.0,1.81,173.20878016279403
2026-10-02T00:00:00+05:30,Kilinochchi_Northern,26.2,4.861178458564439,0.0,1.81,174.00391554667672
2026-10-02T00:15:00+05:30,Kilinochchi_Northern,26.1,35.592507425505005,0.0,1.81,172.6825452052422
2026-10-02T00:30:00+05:30,Kilinochchi_Northern,26.0,53.64853555269519,0.0,1.76,170.05537776379282
2026-10-02T00:45:00+05:30,Kilinochchi_Northern,26.0,63.719787543197185,0.0,1.71,166.88507993739108
2026-10-02T01:00:00+05:30,Kilinochchi_Northern,25.9,69.86283579413055,0.0,1.71,163.48160281819753
2026-10-02T01:15:00+05:30,Kilinochchi_Northern,25.9,73.96651366221732,0.0,1.66,159.96357497529112
2026-10-02T01:30:00+05:30,Kilinochchi_Northern,25.8,76.91236899011824,0.0,1.61,156.3822953601852
2026-10-02T01:45:00+05:30,Kilinochchi_Northern,25.8,79.14809222473923,0.0,1.56,152.76287861176445
2026-10-02T02:00:00+05:30,Kilinochchi_Northern,25.7,80.92082996401564,0.0,1.56,149.11891717295316
2026-10-02T02:15:00+05:30,Kilinochchi_Northern,25.7,82.37697636286589,0.0,1.51,145.45837399347573
2026-10-02T02:30:00+05:30,Kilinochchi_Northern,25.6,83.60843068861237,0.0,1.51,141.78622076149819
2026-10-02T02:45:00+05:30,Kilinochchi_Northern,25.6,84.67573498287913,0.0,1.5,138.10572815133403
2026-10-02T03:00:00+05:30,Kilinochchi_Northern,25.5,85.62043608831681,0.0,1.45,134.4191465284871
2026-10-02T03:15:00+05:30,Kilinochchi_Northern,25.4,86.47207292788016,0.0,1.45,130.72808728912372
2026-10-02T03:30:00+05:30,Kilinochchi_Northern,25.3,87.25232080760225,0.0,1.45,127.03374636395894
2026-10-02T03:45:00+05:30,Kilinochchi_Northern,25.2,87.97755354833964,0.0,1.45,123.33704308773115
2026-10-02T04:00:00+05:30,Kilinochchi_Northern,25.2,88.66048696283019,0.0,1.45,119.6387094651239
2026-10-02T04:15:00+05:30,Kilinochchi_Northern,25.1,89.31126901906725,0.0,1.45,115.93934830282365
2026-10-02T04:30:00+05:30,Kilinochchi_Northern,25.1,89.9382256278443,0.0,1.46,112.23947458006525
2026-10-02T04:45:00+05:30,Kilinochchi_Northern,25.1,90.54838714276013,0.0,1.46,108.53954534894987
2026-10-02T05:00:00+05:30,Kilinochchi_Northern,25.1,91.14787270506378,0.0,1.47,104.83998086646983
2026-10-02T05:15:00+05:30,Kilinochchi_Northern,25.2,91.7421809972376,0.0,1.48,101.14118264361242
2026-10-02T05:30:00+05:30,Kilinochchi_Northern,25.3,92.33642014094681,0.0,1.49,97.44354875127766
2026-10-02T05:45:00+05:30,Kilinochchi_Northern,25.5,92.93549942510782,0.0,1.55,93.74748623497416
2026-10-02T06:00:00+05:30,Kilinochchi_Northern,25.8,93.5442988470366,0.0,1.57,90.05342466129736
2026-10-02T06:15:00+05:30,Kilinochchi_Northern,26.1,94.16782973415405,14.0,1.63,86.36183023993944
2026-10-02T06:30:00+05:30,Kilinochchi_Northern,26.5,94.81139810827369,51.0,1.69,82.6732199679348
2026-10-02T06:45:00+05:30,Kilinochchi_Northern,26.9,95.4807815200461,99.0,1.76,78.98817980066733
2026-10-02T07:00:00+05:30,Kilinochchi_Northern,27.3,96.18243190530848,155.0,1.82,75.30738663813015
2026-10-02T07:15:00+05:30,Kilinochchi_Northern,27.7,96.92371964797314,212.0,1.88,71.63163429760218
2026-10-02T07:30:00+05:30,Kilinochchi_Northern,28.2,97.71323761460053,266.0,1.9,67.96186869177185
2026-10-02T07:45:00+05:30,Kilinochchi_Northern,28.6,98.56119165005452,319.0,1.9,64.29923391345882
2026-10-02T08:00:00+05:30,Kilinochchi_Northern,29.0,99.4799149042235,372.0,1.92,60.6451323455334
2026-10-02T08:15:00+05:30,Kilinochchi_Northern,29.4,100.48455892406105,432.0,1.88,57.00130854884154
2026-10-02T08:30:00+05:30,Kilinochchi_Northern,29.9,101.59404098803748,499.0,1.81,53.36996570442222
2026-10-02T08:45:00+05:30,Kilinochchi_Northern,30.4,102.83236766808454,568.0,1.7,49.75392898571044
2026-10-02T09:00:00+05:30,Kilinochchi_Northern,30.9,104.23051735597079,633.0,1.52,46.156883769896176
2026-10-02T09:15:00+05:30,Kilinochchi_Northern,31.4,105.82916852272115,685.0,1.3,42.58372753101933
2026-10-02T09:30:00+05:30,Kilinochchi_Northern,31.9,107.6827277693717,725.0,1.08,39.04110065937808
2026-10-02T09:45:00+05:30,Kilinochchi_Northern,32.4,109.86537970713897,754.0,0.85,35.53821211077257
2026-10-02T10:00:00+05:30,Kilinochchi_Northern,32.9,112.48030746102654,776.0,0.57,32.08815435406882
2026-10-02T10:15:00+05:30,Kilinochchi_Northern,33.4,115.67385073344866,794.0,0.3,28.710052451742513
2026-10-02T10:30:00+05:30,Kilinochchi_Northern,33.8,119.65703506597481,807.0,0.14,25.432665952067822
2026-10-02T10:45:00+05:30,Kilinochchi_Northern,34.2,124.7366541606919,814.0,0.21,22.300512715584063
2026-10-02T11:00:00+05:30,Kilinochchi_Northern,34.4,131.35272950799896,809.0,0.32,19.38418781399116
2026-10-02T11:15:00+05:30,Kilinochchi_Northern,34.6,140.09444632802524,788.0,0.42,16.79655126170482
2026-10-02T11:30:00+05:30,Kilinochchi_Northern,34.6,151.5898030427573,748.0,0.46,14.712125145859119
2026-10-02T11:45:00+05:30,Kilinochchi_Northern,34.4,166.04474147974713,697.0,0.4,13.368444668169047
2026-10-02T12:00:00+05:30,Kilinochchi_Northern,34.1,182.4333131284528,651.0,0.3,12.997340322129773
2026-10-02T12:15:00+05:30,Kilinochchi_Northern,33.7,198.44467180725184,621.0,0.18,13.678211902461896
2026-10-02T12:30:00+05:30,Kilinochchi_Northern,33.2,212.0486589914052,604.0,0.3,15.270984959438806
2026-10-02T12:45:00+05:30,Kilinochchi_Northern,32.6,222.6630913053247,594.0,0.51,17.528796944701753
2026-10-02T13:00:00+05:30,Kilinochchi_Northern,31.9,230.69808357000906,584.0,0.81,20.230166059155195
2026-10-02T13:15:00+05:30,Kilinochchi_Northern,31.2,236.79733696069613,570.0,1.12,23.22076976996206
2026-10-02T13:30:00+05:30,Kilinochchi_Northern,30.5,241.50781908680088,554.0,1.39,26.402468321756068
2026-10-02T13:45:00+05:30,Kilinochchi_Northern,29.9,245.22591270300893,537.0,1.62,29.713897296388737
2026-10-02T14:00:00+05:30,Kilinochchi_Northern,29.3,248.22586330296747,522.0,1.83,33.11611785232588
2026-10-02T14:15:00+05:30,Kilinochchi_Northern,28.8,250.69649107211708,508.0,2.03,36.58376070052964
2026-10-02T14:30:00+05:30,Kilinochchi_Northern,28.4,252.76931519746233,499.0,2.13,40.099806116878476
2026-10-02T14:45:00+05:30,Kilinochchi_Northern,28.1,254.5375935935425,488.0,2.19,43.65250611497356
2026-10-02T15:00:00+05:30,Kilinochchi_Northern,27.8,256.06877152258954,471.0,2.18,47.23353383070812
2026-10-02T15:15:00+05:30,Kilinochchi_Northern,27.7,257.41259788050536,445.0,2.21,50.83684302483608
2026-10-02T15:30:00+05:30,Kilinochchi_Northern,27.5,258.60647147877256,412.0,2.25,54.45794769758196
2026-10-02T15:45:00+05:30,Kilinochchi_Northern,27.4,259.6790175422066,375.0,2.3,58.09345316793414
2026-10-02T16:00:00+05:30,Kilinochchi_Northern,27.3,260.65252367623503,335.0,2.45,61.74074381074368
2026-10-02T16:15:00+05:30,Kilinochchi_Northern,27.2,261.5446301907185,293.0,2.61,65.39777173300934
2026-10-02T16:30:00+05:30,Kilinochchi_Northern,27.2,262.3695242095713,252.0,2.8,69.0629086221927
2026-10-02T16:45:00+05:30,Kilinochchi_Northern,27.1,263.1387991479412,209.0,2.95,72.73484048858494
2026-10-02T17:00:00+05:30,Kilinochchi_Northern,27.0,263.8620852238015,163.0,3.16,76.41249291553365
2026-10-02T17:15:00+05:30,Kilinochchi_Northern,27.0,264.5475206177467,115.0,3.28,80.09497482877637
2026-10-02T17:30:00+05:30,Kilinochchi_Northern,26.9,265.2021114314279,69.0,3.38,83.78153621960499
2026-10-02T17:45:00+05:30,Kilinochchi_Northern,26.9,265.8320138970696,31.0,3.4,87.47153721681696
2026-10-02T18:00:00+05:30,Kilinochchi_Northern,26.8,266.44276204494076,5.0,3.31,91.16442268934394
2026-10-02T18:15:00+05:30,Kilinochchi_Northern,26.7,267.03945875645195,0.0,3.2,94.85970182225894
2026-10-02T18:30:00+05:30,Kilinochchi_Northern,26.6,267.62694421290377,0.0,3.07,98.55693265292399
2026-10-02T18:45:00+05:30,Kilinochchi_Northern,26.6,268.2099528772909,0.0,2.89,102.25570743435757
2026-10-02T19:00:00+05:30,Kilinochchi_Northern,26.5,268.7932700816439,0.0,2.69,105.95563934684007
2026-10-02T19:15:00+05:30,Kilinochchi_Northern,26.4,269.38189974023663,0.0,2.48,109.65635118454279
2026-10-02T19:30:00+05:30,Kilinochchi_Northern,26.4,269.9812559326505,0.0,2.29,113.35746214648275
2026-10-02T19:45:00+05:30,Kilinochchi_Northern,26.3,270.59739560392654,0.0,2.11,117.05857320616903
2026-10-02T20:00:00+05:30,Kilinochchi_Northern,26.3,271.2373162283339,0.0,1.93,120.75925125049211
2026-10-02T20:15:00+05:30,Kilinochchi_Northern,26.2,271.9093525257563,0.0,1.81,124.45900717899067
2026-10-02T20:30:00+05:30,Kilinochchi_Northern,26.1,272.6237252855384,0.0,1.7,128.15726674462158
2026-10-02T20:45:00+05:30,Kilinochchi_Northern,26.1,273.39332635473556,0.0,1.65,131.85333136592436
2026-10-02T21:00:00+05:30,Kilinochchi_Northern,26.0,274.23487673806835,0.0,1.6,135.5463189699672
2026-10-02T21:15:00+05:30,Kilinochchi_Northern,25.9,275.17069189443015,0.0,1.61,139.23507450820108
2026-10-02T21:30:00+05:30,Kilinochchi_Northern,25.9,276.23146824181117,0.0,1.61,142.91803056077853
2026-10-02T21:45:00+05:30,Kilinochchi_Northern,25.8,277.46085432891516,0.0,1.63,146.59297588353877
2026-10-02T22:00:00+05:30,Kilinochchi_Northern,25.8,278.9232905439594,0.0,1.64,150.25665654318234
2026-10-02T22:15:00+05:30,Kilinochchi_Northern,25.7,280.7181692178988,0.0,1.71,153.9040508345582
2026-10-02T22:30:00+05:30,Kilinochchi_Northern,25.7,283.00702198268,0.0,1.72,157.5269554125775
2026-10-02T22:45:00+05:30,Kilinochchi_Northern,25.6,286.0696578961922,0.0,1.74,161.11100358007144
2026-10-02T23:00:00+05:30,Kilinochchi_Northern,25.6,290.4303943081737,0.0,1.8,164.62872213871404
2026-10-02T23:15:00+05:30,Kilinochchi_Northern,25.5,297.16911742659715,0.0,1.82,168.02126061077763
2026-10-02T23:30:00+05:30,Kilinochchi_Northern,25.5,308.730008576793,0.0,1.82,171.1433072370412
2026-10-02T23:45:00+05:30,Kilinochchi_Northern,25.4,330.47155805621264,0.0,1.82,173.58659720820583
2026-10-03T00:00:00+05:30,Kilinochchi_Northern,25.4,6.002439257441779,0.0,1.82,174.38182279656445
2026-10-03T00:15:00+05:30,Kilinochchi_Northern,25.3,37.936603851963014,0.0,1.77,172.94751793426593
2026-10-03T00:30:00+05:30,Kilinochchi_Northern,25.2,55.746132667746224,0.0,1.77,170.21987306479176
2026-10-03T00:45:00+05:30,Kilinochchi_Northern,25.2,65.40705885800907,0.0,1.77,166.98843394264352
2026-10-03T01:00:00+05:30,Kilinochchi_Northern,25.1,71.23564568801157,0.0,1.71,163.54756654527318
2026-10-03T01:15:00+05:30,Kilinochchi_Northern,25.0,75.11439374417938,0.0,1.71,160.00526300171325
2026-10-03T01:30:00+05:30,Kilinochchi_Northern,25.0,77.89703356939299,0.0,1.69,156.40734463910144
2026-10-03T01:45:00+05:30,Kilinochchi_Northern,24.9,80.01103085703005,0.0,1.68,152.77603965424544
2026-10-03T02:00:00+05:30,Kilinochchi_Northern,24.9,81.6905538610012,0.0,1.68,149.1233224492664
2026-10-03T02:15:00+05:30,Kilinochchi_Northern,24.8,83.07368938610688,0.0,1.66,145.45619258480193
2026-10-03T02:30:00+05:30,Kilinochchi_Northern,24.8,84.24689140873613,0.0,1.66,141.77901765952979
2026-10-03T02:45:00+05:30,Kilinochchi_Northern,24.7,85.26702844996015,0.0,1.66,138.09467290759883
2026-10-03T03:00:00+05:30,Kilinochchi_Northern,24.6,86.17309933249919,0.0,1.71,134.40514054286893
2026-10-03T03:15:00+05:30,Kilinochchi_Northern,24.6,86.99283099019794,0.0,1.71,130.7118448591395
2026-10-03T03:30:00+05:30,Kilinochchi_Northern,24.5,87.74658195764084,0.0,1.76,127.01584826580736
2026-10-03T03:45:00+05:30,Kilinochchi_Northern,24.4,88.44975153007272,0.0,1.81,123.31797320474249
2026-10-03T04:00:00+05:30,Kilinochchi_Northern,24.3,89.1143235090463,0.0,1.81,119.61888061401999
2026-10-03T04:15:00+05:30,Kilinochchi_Northern,24.2,89.7498897926265,0.0,1.86,115.91912098902115
2026-10-03T04:30:00+05:30,Kilinochchi_Northern,24.2,90.36435081143935,0.0,1.86,112.21917102681674
2026-10-03T04:45:00+05:30,Kilinochchi_Northern,24.2,90.96441059139522,0.0,1.86,108.51946032411664
2026-10-03T05:00:00+05:30,Kilinochchi_Northern,24.2,91.55593901845941,0.0,1.92,104.82039032287543
2026-10-03T05:15:00+05:30,Kilinochchi_Northern,24.3,92.14424697370595,0.0,1.92,101.12235088367403
2026-10-03T05:30:00+05:30,Kilinochchi_Northern,24.5,92.73430518456689,0.0,1.93,97.4257346298365
2026-10-03T05:45:00+05:30,Kilinochchi_Northern,24.7,93.33092824553717,0.0,1.94,93.73094878581301
2026-10-03T06:00:00+05:30,Kilinochchi_Northern,25.0,93.9389389861422,0.0,1.91,90.03842846510003
2026-10-03T06:15:00+05:30,Kilinochchi_Northern,25.4,94.56332592799976,15.0,1.88,86.34865080999259
2026-10-03T06:30:00+05:30,Kilinochchi_Northern,25.8,95.20940517627798,52.0,1.86,82.66214941691095
2026-10-03T06:45:00+05:30,Kilinochchi_Northern,26.2,95.88299730558293,100.0,1.83,78.97953307245575
2026-10-03T07:00:00+05:30,Kilinochchi_Northern,26.7,96.59063174975603,158.0,1.84,75.30150861118182
2026-10-03T07:15:00+05:30,Kilinochchi_Northern,27.2,97.33979394725026,216.0,1.78,71.62890814623658
2026-10-03T07:30:00+05:30,Kilinochchi_Northern,27.6,98.13923417447796,273.0,1.76,67.96272598973319
2026-10-03T07:45:00+05:30,Kilinochchi_Northern,28.1,98.99936483131347,326.0,1.75,64.30416710975018
2026-10-03T08:00:00+05:30,Kilinochchi_Northern,28.5,99.93278392689149,379.0,1.7,60.65471047181076
2026-10-03T08:15:00+05:30,Kilinochchi_Northern,28.9,100.95497814037589,433.0,1.7,57.01619733318003
2026-10-03T08:30:00+05:30,Kilinochchi_Northern,29.3,102.0852853720927,487.0,1.63,53.390953735486576
2026-10-03T08:45:00+05:30,Kilinochchi_Northern,29.7,103.348236968886,538.0,1.56,49.78196226171081
2026-10-03T09:00:00+05:30,Kilinochchi_Northern,30.1,104.77546169198689,587.0,1.45,46.19311196216761
2026-10-03T09:15:00+05:30,Kilinochchi_Northern,30.4,106.40843523604849,633.0,1.36,42.629566751324774
2026-10-03T09:30:00+05:30,Kilinochchi_Northern,30.8,108.30252057293467,675.0,1.26,39.09831960214425
2026-10-03T09:45:00+05:30,Kilinochchi_Northern,31.1,110.53299801791718,712.0,1.17,35.60905116666101
2026-10-03T10:00:00+05:30,Kilinochchi_Northern,31.4,113.20417581257306,746.0,1.05,32.175490296483
2026-10-03T10:15:00+05:30,Kilinochchi_Northern,31.7,116.46320557920257,778.0,0.9,28.817622279627088
2026-10-03T10:30:00+05:30,Kilinochchi_Northern,32.0,120.52069126845402,807.0,0.82,25.565354048136328
2026-10-03T10:45:00+05:30,Kilinochchi_Northern,32.3,125.6794699371701,833.0,0.76,22.46465852409061
2026-10-03T11:00:00+05:30,Kilinochchi_Northern,32.5,132.36672224344238,851.0,0.75,19.5877079672086
2026-10-03T11:15:00+05:30,Kilinochchi_Northern,32.7,141.1392734505365,859.0,0.7,17.04820891254576
2026-10-03T11:30:00+05:30,Kilinochchi_Northern,32.9,152.56057558613213,854.0,0.67,15.018377720169127
2026-10-03T11:45:00+05:30,Kilinochchi_Northern,33.3,166.75624679253224,842.0,0.6,13.72625272311744
2026-10-03T12:00:00+05:30,Kilinochchi_Northern,33.7,182.7035990894735,828.0,0.57,13.387196908133632
2026-10-03T12:15:00+05:30,Kilinochchi_Northern,34.0,198.2552473315768,818.0,0.54,14.070285376126947
2026-10-03T12:30:00+05:30,Kilinochchi_Northern,34.2,211.545227033608,809.0,0.54,15.642169327735274
2026-10-03T12:45:00+05:30,Kilinochchi_Northern,34.2,222.0094985858446,800.0,0.51,17.869807430715127
2026-10-03T13:00:00+05:30,Kilinochchi_Northern,33.9,229.99962710892572,788.0,0.4,20.540924258880068
2026-10-03T13:15:00+05:30,Kilinochchi_Northern,33.6,236.10629886855153,771.0,0.3,23.504780017819073
2026-10-03T13:30:00+05:30,Kilinochchi_Northern,33.3,240.84602070280806,750.0,0.21,26.66389896429201
2026-10-03T13:45:00+05:30,Kilinochchi_Northern,33.0,244.6003251076354,726.0,0.14,29.95653062176138
2026-10-03T14:00:00+05:30,Kilinochchi_Northern,32.7,247.6367894471664,699.0,0.21,33.34310398454252
2026-10-03T14:15:00+05:30,Kilinochchi_Northern,32.3,250.1414716414072,668.0,0.34,36.79764715636763
2026-10-03T14:30:00+05:30,Kilinochchi_Northern,32.0,252.24492168472443,635.0,0.46,40.3026387482327
2026-10-03T14:45:00+05:30,Kilinochchi_Northern,31.6,254.0402259120086,599.0,0.6,43.84593276584425
2026-10-03T15:00:00+05:30,Kilinochchi_Northern,31.2,255.59499310578306,561.0,0.74,47.41889178879912
2026-10-03T15:15:00+05:30,Kilinochchi_Northern,30.8,256.95925748072455,520.0,0.89,51.015228000004655
2026-10-03T15:30:00+05:30,Kilinochchi_Northern,30.5,258.1707282123605,477.0,1.0,54.63026689748232
2026-10-03T15:45:00+05:30,Kilinochchi_Northern,30.1,259.2583238676563,433.0,1.11,58.26046586318432
2026-10-03T16:00:00+05:30,Kilinochchi_Northern,29.8,260.2445919300221,386.0,1.26,61.90309240264419
2026-10-03T16:15:00+05:30,Kilinochchi_Northern,29.4,261.1473944851482,336.0,1.37,65.55600570788121
2026-10-03T16:30:00+05:30,Kilinochchi_Northern,29.1,261.98110285765057,287.0,1.48,69.21750320159794
2026-10-03T16:45:00+05:30,Kilinochchi_Northern,28.8,262.75745960373104,237.0,1.6,72.88621131731747
2026-10-03T17:00:00+05:30,Kilinochchi_Northern,28.6,263.48621201111473,184.0,1.68,76.56100779090202
2026-10-03T17:15:00+05:30,Kilinochchi_Northern,28.3,264.1755859981743,130.0,1.75,80.24096320823683
2026-10-03T17:30:00+05:30,Kilinochchi_Northern,28.1,264.83264824613514,78.0,1.84,83.92529707479588
2026-10-03T17:45:00+05:30,Kilinochchi_Northern,27.9,265.4635898662796,35.0,1.88,87.61334566198872
2026-10-03T18:00:00+05:30,Kilinochchi_Northern,27.8,266.0739547261672,5.0,1.97,91.3045357255221
2026-10-03T18:15:00+05:30,Kilinochchi_Northern,27.7,266.668830296308,0.0,1.99,94.99836347567972
2026-10-03T18:30:00+05:30,Kilinochchi_Northern,27.5,267.2530149310629,0.0,2.04,98.69437874420991
2026-10-03T18:45:00+05:30,Kilinochchi_Northern,27.4,267.8311725771239,0.0,2.06,102.39217020338023
2026-10-03T19:00:00+05:30,Kilinochchi_Northern,27.3,268.4079857588974,0.0,2.11,106.09135215021513
2026-10-03T19:15:00+05:30,Kilinochchi_Northern,27.2,268.9883180213817,0.0,2.09,109.79155350107166
2026-10-03T19:30:00+05:30,Kilinochchi_Northern,27.1,269.57739808080646,0.0,2.12,113.49240517462025
2026-10-03T19:45:00+05:30,Kilinochchi_Northern,27.0,270.18104219394996,0.0,2.15,117.19352640645042
2026-10-03T20:00:00+05:30,Kilinochchi_Northern,27.0,270.8059374968136,0.0,2.18,120.8945103000618
2026-10-03T20:15:00+05:30,Kilinochchi_Northern,26.9,271.46001878363876,0.0,2.16,124.59490400115382
2026-10-03T20:30:00+05:30,Kilinochchi_Northern,26.8,272.1529893148868,0.0,2.2,128.2941825608763
2026-10-03T20:45:00+05:30,Kilinochchi_Northern,26.8,272.89706591927285,0.0,2.24,131.99171420003472
2026-10-03T21:00:00+05:30,Kilinochchi_Northern,26.7,273.70807944371904,0.0,2.22,135.68670779978848
2026-10-03T21:15:00+05:30,Kilinochchi_Northern,26.7,274.60715527233117,0.0,2.26,139.37813356321868
2026-10-03T21:30:00+05:30,Kilinochchi_Northern,26.6,275.6233729095147,0.0,2.26,143.06459953543362
2026-10-03T21:45:00+05:30,Kilinochchi_Northern,26.6,276.7981440588406,0.0,2.3,146.74414591207739
2026-10-03T22:00:00+05:30,Kilinochchi_Northern,26.5,278.1927556143297,0.0,2.3,150.4138894564786
2026-10-03T22:15:00+05:30,Kilinochchi_Northern,26.5,279.90207777254886,0.0,2.35,154.06937427933565
2026-10-03T22:30:00+05:30,Kilinochchi_Northern,26.4,282.08110829803576,0.0,2.35,157.70329731424778
2026-10-03T22:45:00+05:30,Kilinochchi_Northern,26.4,285.0004615537953,0.0,2.35,161.30279497156408
2026-10-03T23:00:00+05:30,Kilinochchi_Northern,26.3,289.173529878217,0.0,2.4,164.84303379256843
2026-10-03T23:15:00+05:30,Kilinochchi_Northern,26.2,295.6800205239363,0.0,2.4,168.26994433086105
2026-10-03T23:30:00+05:30,Kilinochchi_Northern,26.2,307.06062107453533,0.0,2.41,171.44592263188926
2026-10-03T23:45:00+05:30,Kilinochchi_Northern,26.1,329.33054522770414,0.0,2.41,173.9608776076189
2026-10-04T00:00:00+05:30,Kilinochchi_Northern,26.0,7.290193089531385,0.0,2.41,174.7567113048115
2026-10-04T00:15:00+05:30,Kilinochchi_Northern,25.9,40.44498139129121,0.0,2.42,173.20033832217302
2026-10-04T00:30:00+05:30,Kilinochchi_Northern,25.8,57.90363503880246,0.0,2.42,170.37195598385455
2026-10-04T00:45:00+05:30,Kilinochchi_Northern,25.7,67.1139504093789,0.0,2.42,167.08178948564404
2026-10-04T01:00:00+05:30,Kilinochchi_Northern,25.6,72.61445803483628,0.0,2.43,163.6057007096126
2026-10-04T01:15:00+05:30,Kilinochchi_Northern,25.5,76.26334321365283,0.0,2.43,160.04076727312201
2026-10-04T01:30:00+05:30,Kilinochchi_Northern,25.4,78.88087779728124,0.0,2.43,156.42744941720775
2026-10-04T01:45:00+05:30,Kilinochchi_Northern,25.3,80.87242902618482,0.0,2.43,152.7852105789565
2026-10-04T02:00:00+05:30,Kilinochchi_Northern,25.2,82.45849883067558,0.0,2.43,149.12449299423986
2026-10-04T02:15:00+05:30,Kilinochchi_Northern,25.2,83.76859085338856,0.0,2.43,145.4513901195864
2026-10-04T02:30:00+05:30,Kilinochchi_Northern,25.1,84.88359547239634,0.0,2.43,141.769703867135
2026-10-04T02:45:00+05:30,Kilinochchi_Northern,25.0,85.85665449241151,0.0,2.43,138.08194031705943
2026-10-04T03:00:00+05:30,Kilinochchi_Northern,24.9,86.72419416052162,0.0,2.38,134.3898319813331
2026-10-04T03:15:00+05:30,Kilinochchi_Northern,24.8,87.51211806995855,0.0,2.39,130.69462932553955
2026-10-04T03:30:00+05:30,Kilinochchi_Northern,24.8,88.23946291985169,0.0,2.34,126.99727101493622
2026-10-04T03:45:00+05:30,Kilinochchi_Northern,24.7,88.9206514584057,0.0,2.35,123.29848996313365
2026-10-04T04:00:00+05:30,Kilinochchi_Northern,24.7,89.56693491978842,0.0,2.3,119.59888170665663
2026-10-04T04:15:00+05:30,Kilinochchi_Northern,24.7,90.18734925314084,0.0,2.32,115.8989488762264
2026-10-04T04:30:00+05:30,Kilinochchi_Northern,24.7,90.78936980487009,0.0,2.28,112.19913345004204
2026-10-04T04:45:00+05:30,Kilinochchi_Northern,24.7,91.37937473689698,0.0,2.25,108.49984047727854
2026-10-04T05:00:00+05:30,Kilinochchi_Northern,24.8,91.96298510008438,0.0,2.26,104.80145501361326
2026-10-04T05:15:00+05:30,Kilinochchi_Northern,24.8,92.54532428985715,0.0,2.23,101.10435734135152
2026-10-04T05:30:00+05:30,Kilinochchi_Northern,24.9,93.13122581254243,0.0,2.22,97.40893644457313
2026-10-04T05:45:00+05:30,Kilinochchi_Northern,25.1,93.72540956778266,0.0,2.21,93.71560134688697
2026-10-04T06:00:00+05:30,Kilinochchi_Northern,25.2,94.33264101109148,0.0,2.21,90.0247941994513
2026-10-04T06:15:00+05:30,Kilinochchi_Northern,25.4,94.95788540544925,16.0,2.21,86.33700448742945
2026-10-04T06:30:00+05:30,Kilinochchi_Northern,25.6,95.60646818226121,55.0,2.25,82.65278378431587
2026-10-04T06:45:00+05:30,Kilinochchi_Northern,25.9,96.28425179917411,108.0,2.27,78.97276508394391
2026-10-04T07:00:00+05:30,Kilinochchi_Northern,26.1,96.99784154478311,169.0,2.37,75.29768657667259
2026-10-04T07:15:00+05:30,Kilinochchi_Northern,26.4,97.75483559697011,231.0,2.45,71.62842017421232
2026-10-04T07:30:00+05:30,Kilinochchi_Northern,26.7,98.56413840620598,288.0,2.55,67.96601021024912
2026-10-04T07:45:00+05:30,Kilinochchi_Northern,27.0,99.43636440155535,342.0,2.67,64.31172431376264
2026-10-04T08:00:00+05:30,Kilinochchi_Northern,27.4,100.38437008179466,392.0,2.8,60.66712002479771
2026-10-04T08:15:00+05:30,Kilinochchi_Northern,27.7,101.42396820014915,442.0,2.93,57.03413753903917
2026-10-04T08:30:00+05:30,Kilinochchi_Northern,28.0,102.57490422396279,487.0,3.08,53.4152282822452
2026-10-04T08:45:00+05:30,Kilinochchi_Northern,28.3,103.86221515867544,528.0,3.24,49.81353505776363
2026-10-04T09:00:00+05:30,Kilinochchi_Northern,28.7,105.31815163733529,565.0,3.36,46.23315363029198
2026-10-04T09:15:00+05:30,Kilinochchi_Northern,29.0,106.98494326421655,599.0,3.54,42.679517427866664
2026-10-04T09:30:00+05:30,Kilinochchi_Northern,29.3,108.91884221942166,628.0,3.67,39.1599745886676
2026-10-04T09:45:00+05:30,Kilinochchi_Northern,29.6,111.19611834376474,652.0,3.81,35.68467836277927
2026-10-04T10:00:00+05:30,Kilinochchi_Northern,29.8,113.92203444566621,672.0,3.94,32.26799056741497
2026-10-04T10:15:00+05:30,Kilinochchi_Northern,30.1,117.24427830080248,688.0,4.08,28.930743273736674
2026-10-04T10:30:00+05:30,Kilinochchi_Northern,30.3,121.372593541784,703.0,4.17,25.70395523819677
2026-10-04T10:45:00+05:30,Kilinochchi_Northern,30.5,126.60521329836581,713.0,4.27,22.634972352707436
2026-10-04T11:00:00+05:30,Kilinochchi_Northern,30.7,133.35575126624911,711.0,4.32,19.79737240194204
2026-10-04T11:15:00+05:30,Kilinochchi_Northern,30.8,142.1487574460068,690.0,4.31,17.305401429158152
2026-10-04T11:30:00+05:30,Kilinochchi_Northern,30.9,153.48681362969717,644.0,4.31,15.328605364330798
2026-10-04T11:45:00+05:30,Kilinochchi_Northern,31.0,167.42543913012514,586.0,4.26,14.085613295955781
2026-10-04T12:00:00+05:30,Kilinochchi_Northern,31.0,182.95262936349843,534.0,4.22,13.776519958569352
2026-10-04T12:15:00+05:30,Kilinochchi_Northern,31.0,198.07098752484194,501.0,4.07,14.46133735249083
2026-10-04T12:30:00+05:30,Kilinochchi_Northern,31.0,211.061200164804,484.0,3.98,16.013044507512234
2026-10-04T12:45:00+05:30,Kilinochchi_Northern,31.0,221.3775118416096,474.0,3.83,18.211366021180936
2026-10-04T13:00:00+05:30,Kilinochchi_Northern,30.9,229.31989967292208,465.0,3.69,20.852771265760637
2026-10-04T13:15:00+05:30,Kilinochchi_Northern,30.8,235.43020404270013,449.0,3.5,23.790100729582747
2026-10-04T13:30:00+05:30,Kilinochchi_Northern,30.7,240.19587268224177,430.0,3.32,26.926651915536503
2026-10-04T13:45:00+05:30,Kilinochchi_Northern,30.6,243.98382878619353,411.0,3.15,30.200380385434556
2026-10-04T14:00:00+05:30,Kilinochchi_Northern,30.5,247.05488434646202,391.0,2.94,33.57114087507689
2026-10-04T14:15:00+05:30,Kilinochchi_Northern,30.4,249.5921830277341,369.0,2.74,37.01239177076547
2026-10-04T14:30:00+05:30,Kilinochchi_Northern,30.2,251.7251749498576,347.0,2.55,40.50612780784621
2026-10-04T14:45:00+05:30,Kilinochchi_Northern,30.1,253.54667697464765,324.0,2.38,44.03981422978786
2026-10-04T15:00:00+05:30,Kilinochchi_Northern,29.9,255.1243912854232,300.0,2.22,47.60450757925121
2026-10-04T15:15:00+05:30,Kilinochchi_Northern,29.8,256.5085877767291,276.0,2.09,51.193680400338245
2026-10-04T15:30:00+05:30,Kilinochchi_Northern,29.6,257.7372507538047,251.0,1.98,54.802470227695615
2026-10-04T15:45:00+05:30,Kilinochchi_Northern,29.5,258.8395668782927,227.0,1.9,58.427186297709646
2026-10-04T16:00:00+05:30,Kilinochchi_Northern,29.3,259.83832518474946,201.0,1.88,62.06497865062926
2026-10-04T16:15:00+05:30,Kilinochchi_Northern,29.1,260.7515960306922,174.0,1.84,65.71361277512564
2026-10-04T16:30:00+05:30,Kilinochchi_Northern,29.0,261.59392482641044,148.0,1.87,69.37131095607108
2026-10-04T16:45:00+05:30,Kilinochchi_Northern,28.8,262.3771955545785,121.0,1.88,73.03663914905543
2026-10-04T17:00:00+05:30,Kilinochchi_Northern,28.7,263.1112665663114,94.0,1.96,76.70842633111391
2026-10-04T17:15:00+05:30,Kilinochchi_Northern,28.6,263.80444673015137,66.0,2.0,80.38570384078028
2026-10-04T17:30:00+05:30,Kilinochchi_Northern,28.5,264.46385938027163,39.0,2.05,84.06765978864823
2026-10-04T17:45:00+05:30,Kilinochchi_Northern,28.4,265.0957271729937,17.0,2.11,87.75360566903701
2026-10-04T18:00:00+05:30,Kilinochchi_Northern,28.3,265.7056008610739,2.0,2.11,91.44294918054558
2026-10-04T18:15:00+05:30,Kilinochchi_Northern,28.1,266.29854975713096,0.0,2.16,95.13517256965638
2026-10-04T18:30:00+05:30,Kilinochchi_Northern,28.0,266.8793276874672,0.0,2.16,98.82981641230663
2026-10-04T18:45:00+05:30,Kilinochchi_Northern,27.9,267.45252526570516,0.0,2.17,102.52646465462735
2026-10-04T19:00:00+05:30,Kilinochchi_Northern,27.8,268.0227190987915,0.0,2.22,106.22473143874348
2026-10-04T19:15:00+05:30,Kilinochchi_Northern,27.7,268.5946287438458,0.0,2.22,109.92425036544297
2026-10-04T19:30:00+05:30,Kilinochchi_Northern,27.5,269.1732931439203,0.0,2.22,113.62466241503958
2026-10-04T19:45:00+05:30,Kilinochchi_Northern,27.4,269.7642822762156,0.0,2.22,117.32560313781728
2026-10-04T20:00:00+05:30,Kilinochchi_Northern,27.3,270.3739656027381,0.0,2.26,121.02668953120059
2026-10-04T20:15:00+05:30,Kilinochchi_Northern,27.2,271.00986806820015,0.0,2.26,124.72750216613551
2026-10-04T20:30:00+05:30,Kilinochchi_Northern,27.0,271.6811615904775,0.0,2.26,128.42756191993976
2026-10-04T20:45:00+05:30,Kilinochchi_Northern,26.9,272.39936819653485,0.0,2.25,132.12629946701372
2026-10-04T21:00:00+05:30,Kilinochchi_Northern,26.8,273.1793993939507,0.0,2.25,135.8230091172877
